"xpath","count_occurrences","count_filings","schema_versions"
"/Return/ReturnData/IRS990/Form990PartVIISectionA",570622,33311,"2009v1.0, 2009v1.1, 2009v1.2, 2009v1.3, 2009v1.4, 2009v1.7"
"/Return/ReturnData/IRS990/Form990PartVIISectionA/NamePerson",569189,33201,"2009v1.0, 2009v1.1, 2009v1.2, 2009v1.3, 2009v1.4, 2009v1.7"
"/Return/ReturnData/IRS990/Form990PartVIISectionA/Title",568200,33311,"2009v1.0, 2009v1.1, 2009v1.2, 2009v1.3, 2009v1.4, 2009v1.7"
"/Return/ReturnData/IRS990/Form990PartVIISectionA/ReportableCompFromOrganization",560054,33056,"2009v1.0, 2009v1.1, 2009v1.2, 2009v1.3, 2009v1.4, 2009v1.7"
"/Return/ReturnData/IRS990/Form990PartVIISectionA/OtherCompensation",559014,33072,"2009v1.0, 2009v1.1, 2009v1.2, 2009v1.3, 2009v1.4, 2009v1.7"
"/Return/ReturnData/IRS990/Form990PartVIISectionA/ReportableCompFromRelatedOrgs",557678,33060,"2009v1.0, 2009v1.1, 2009v1.2, 2009v1.3, 2009v1.4, 2009v1.7"
"/Return/ReturnData/IRS990/Form990PartVIISectionA/AverageHoursPerWeek",535541,32206,"2009v1.0, 2009v1.1, 2009v1.2, 2009v1.3, 2009v1.4, 2009v1.7"
"/Return/ReturnData/IRS990/Form990PartVIISectionA/IndividualTrusteeOrDirector",446453,30878,"2009v1.0, 2009v1.1, 2009v1.2, 2009v1.3, 2009v1.4, 2009v1.7"
"/Return/ReturnData/IRS990ScheduleO/GeneralExplanation",182924,33311,"2009v1.0, 2009v1.1, 2009v1.2, 2009v1.3, 2009v1.4, 2009v1.7"
"/Return/ReturnData/IRS990ScheduleO/GeneralExplanation/Explanation",182924,33311,"2009v1.0, 2009v1.1, 2009v1.2, 2009v1.3, 2009v1.4, 2009v1.7"
"/Return/ReturnData/IRS990ScheduleO/GeneralExplanation/Identifier",170351,33029,"2009v1.2, 2009v1.3, 2009v1.4, 2009v1.7"
"/Return/ReturnData/IRS990/Form990PartVIISectionA/Officer",148978,30115,"2009v1.0, 2009v1.1, 2009v1.2, 2009v1.3, 2009v1.4, 2009v1.7"
"/Return/ReturnData/IRS990/OtherExpenses",136032,31725,"2009v1.0, 2009v1.1, 2009v1.2, 2009v1.3, 2009v1.4, 2009v1.7"
"/Return/ReturnData/IRS990/OtherExpenses/Total",135878,31700,"2009v1.0, 2009v1.1, 2009v1.2, 2009v1.3, 2009v1.4, 2009v1.7"
"/Return/ReturnData/IRS990/OtherExpenses/Description",135492,31665,"2009v1.0, 2009v1.1, 2009v1.2, 2009v1.3, 2009v1.4, 2009v1.7"
"/Return/ReturnData/IRS990EZ/OfficerDirectorTrusteeKeyEmpl",134483,15470,"2009v1.0, 2009v1.1, 2009v1.2, 2009v1.3, 2009v1.4, 2009v1.7"
"/Return/ReturnData/IRS990EZ/OfficerDirectorTrusteeKeyEmpl/AvgHoursPerWkDevotedToPosition",134483,15470,"2009v1.0, 2009v1.1, 2009v1.2, 2009v1.3, 2009v1.4, 2009v1.7"
"/Return/ReturnData/IRS990EZ/OfficerDirectorTrusteeKeyEmpl/Compensation",134483,15470,"2009v1.0, 2009v1.1, 2009v1.2, 2009v1.3, 2009v1.4, 2009v1.7"
"/Return/ReturnData/IRS990EZ/OfficerDirectorTrusteeKeyEmpl/Title",134483,15470,"2009v1.0, 2009v1.1, 2009v1.2, 2009v1.3, 2009v1.4, 2009v1.7"
"/Return/ReturnData/IRS990EZ/OfficerDirectorTrusteeKeyEmpl/AddressUS",134288,15469,"2009v1.0, 2009v1.1, 2009v1.2, 2009v1.3, 2009v1.4, 2009v1.7"
"/Return/ReturnData/IRS990EZ/OfficerDirectorTrusteeKeyEmpl/AddressUS/AddressLine1",134288,15469,"2009v1.0, 2009v1.1, 2009v1.2, 2009v1.3, 2009v1.4, 2009v1.7"
"/Return/ReturnData/IRS990EZ/OfficerDirectorTrusteeKeyEmpl/AddressUS/City",134288,15469,"2009v1.0, 2009v1.1, 2009v1.2, 2009v1.3, 2009v1.4, 2009v1.7"
"/Return/ReturnData/IRS990EZ/OfficerDirectorTrusteeKeyEmpl/AddressUS/State",134288,15469,"2009v1.0, 2009v1.1, 2009v1.2, 2009v1.3, 2009v1.4, 2009v1.7"
"/Return/ReturnData/IRS990EZ/OfficerDirectorTrusteeKeyEmpl/AddressUS/ZIPCode",134288,15469,"2009v1.0, 2009v1.1, 2009v1.2, 2009v1.3, 2009v1.4, 2009v1.7"
"/Return/ReturnData/IRS990EZ/OfficerDirectorTrusteeKeyEmpl/PersonName",133474,15367,"2009v1.1, 2009v1.2, 2009v1.3, 2009v1.4, 2009v1.7"
"/Return/ReturnData/IRS990/OtherExpenses/ProgramServices",107350,27330,"2009v1.0, 2009v1.1, 2009v1.2, 2009v1.3, 2009v1.4, 2009v1.7"
"/Return/ReturnData/IRS990ScheduleR/Form990ScheduleRPartII",92013,13459,"2009v1.0, 2009v1.1, 2009v1.2, 2009v1.3, 2009v1.4, 2009v1.7"
"/Return/ReturnData/IRS990ScheduleR/Form990ScheduleRPartII/NameOfDisregardedEntity",91984,13448,"2009v1.0, 2009v1.1, 2009v1.2, 2009v1.3, 2009v1.4, 2009v1.7"
"/Return/ReturnData/IRS990ScheduleR/Form990ScheduleRPartII/NameOfDisregardedEntity/BusinessNameLine1",91984,13448,"2009v1.0, 2009v1.1, 2009v1.2, 2009v1.3, 2009v1.4, 2009v1.7"
"/Return/ReturnData/IRS990ScheduleR/Form990ScheduleRPartII/PrimaryActivities",91656,13257,"2009v1.0, 2009v1.1, 2009v1.2, 2009v1.3, 2009v1.4, 2009v1.7"
"/Return/ReturnData/IRS990ScheduleR/Form990ScheduleRPartII/LegalDomicileState",91354,13263,"2009v1.0, 2009v1.1, 2009v1.2, 2009v1.3, 2009v1.4, 2009v1.7"
"/Return/ReturnData/IRS990ScheduleR/Form990ScheduleRPartII/AddressUS",91169,13294,"2009v1.0, 2009v1.1, 2009v1.2, 2009v1.3, 2009v1.4, 2009v1.7"
"/Return/ReturnData/IRS990ScheduleR/Form990ScheduleRPartII/AddressUS/AddressLine1",91169,13294,"2009v1.0, 2009v1.1, 2009v1.2, 2009v1.3, 2009v1.4, 2009v1.7"
"/Return/ReturnData/IRS990ScheduleR/Form990ScheduleRPartII/AddressUS/City",91169,13294,"2009v1.0, 2009v1.1, 2009v1.2, 2009v1.3, 2009v1.4, 2009v1.7"
"/Return/ReturnData/IRS990ScheduleR/Form990ScheduleRPartII/AddressUS/State",91169,13294,"2009v1.0, 2009v1.1, 2009v1.2, 2009v1.3, 2009v1.4, 2009v1.7"
"/Return/ReturnData/IRS990ScheduleR/Form990ScheduleRPartII/AddressUS/ZIPCode",91169,13294,"2009v1.0, 2009v1.1, 2009v1.2, 2009v1.3, 2009v1.4, 2009v1.7"
"/Return/ReturnData/IRS990ScheduleR/Form990ScheduleRPartII/ExemptCodeSection",90646,13056,"2009v1.0, 2009v1.1, 2009v1.2, 2009v1.3, 2009v1.4, 2009v1.7"
"/Return/ReturnData/IRS990ScheduleR/Form990ScheduleRPartII/EIN",90477,12982,"2009v1.0, 2009v1.1, 2009v1.2, 2009v1.3, 2009v1.4, 2009v1.7"
"/Return/ReturnData/IRS990ScheduleR/Form990ScheduleRPartII/PublicCharityStatus",86742,11726,"2009v1.0, 2009v1.1, 2009v1.2, 2009v1.3, 2009v1.4, 2009v1.7"
"/Return/ReturnData/IRS990ScheduleI/RecipientTable",83445,5521,"2009v1.0, 2009v1.1, 2009v1.2, 2009v1.3, 2009v1.4, 2009v1.7"
"/Return/ReturnData/IRS990ScheduleI/RecipientTable/RecipientNameBusiness",83267,5511,"2009v1.0, 2009v1.1, 2009v1.2, 2009v1.3, 2009v1.4, 2009v1.7"
"/Return/ReturnData/IRS990ScheduleI/RecipientTable/RecipientNameBusiness/BusinessNameLine1",83267,5511,"2009v1.0, 2009v1.1, 2009v1.2, 2009v1.3, 2009v1.4, 2009v1.7"
"/Return/ReturnData/IRS990ScheduleI/RecipientTable/PurposeOfGrant",81580,5254,"2009v1.0, 2009v1.1, 2009v1.2, 2009v1.3, 2009v1.4, 2009v1.7"
"/Return/ReturnData/IRS990ScheduleI/RecipientTable/AddressUS",80797,5375,"2009v1.0, 2009v1.1, 2009v1.2, 2009v1.3, 2009v1.4, 2009v1.7"
"/Return/ReturnData/IRS990ScheduleI/RecipientTable/AddressUS/AddressLine1",80797,5375,"2009v1.0, 2009v1.1, 2009v1.2, 2009v1.3, 2009v1.4, 2009v1.7"
"/Return/ReturnData/IRS990ScheduleI/RecipientTable/AddressUS/City",80797,5375,"2009v1.0, 2009v1.1, 2009v1.2, 2009v1.3, 2009v1.4, 2009v1.7"
"/Return/ReturnData/IRS990ScheduleI/RecipientTable/AddressUS/State",80797,5375,"2009v1.0, 2009v1.1, 2009v1.2, 2009v1.3, 2009v1.4, 2009v1.7"
"/Return/ReturnData/IRS990ScheduleI/RecipientTable/AddressUS/ZIPCode",80797,5375,"2009v1.0, 2009v1.1, 2009v1.2, 2009v1.3, 2009v1.4, 2009v1.7"
"/Return/ReturnData/IRS990ScheduleI/RecipientTable/AmountOfCashGrant",78764,5403,"2009v1.0, 2009v1.1, 2009v1.2, 2009v1.3, 2009v1.4, 2009v1.7"
"/Return/ReturnData/IRS990ScheduleI/RecipientTable/EINOfRecipient",76198,5012,"2009v1.1, 2009v1.2, 2009v1.3, 2009v1.4, 2009v1.7"
"/Return/ReturnData/IRS990ScheduleI/RecipientTable/IRCSection",71737,4567,"2009v1.0, 2009v1.1, 2009v1.2, 2009v1.3, 2009v1.4, 2009v1.7"
"/Return/ReturnData/IRS990/OtherExpenses/ManagementAndGeneral",68769,23563,"2009v1.0, 2009v1.1, 2009v1.2, 2009v1.3, 2009v1.4, 2009v1.7"
"/Return/ReturnData/IRS990ScheduleO/GeneralExplanation/ReturnReference",68682,17643,"2009v1.2, 2009v1.3, 2009v1.4, 2009v1.7"
"/Return/ReturnData/IRS990EZ/OfficerDirectorTrusteeKeyEmpl/ContriToEmplBenefitPlansEtc",68141,7817,"2009v1.1, 2009v1.2, 2009v1.3, 2009v1.4, 2009v1.7"
"/Return/ReturnData/IRS990EZ/OfficerDirectorTrusteeKeyEmpl/ExpenseAccountOtherAllowances",67743,7612,"2009v1.1, 2009v1.2, 2009v1.3, 2009v1.4, 2009v1.7"
"/Return/ReturnData/IRS990ScheduleJ/Form990ScheduleJPartII",64753,13674,"2009v1.0, 2009v1.1, 2009v1.2, 2009v1.3, 2009v1.4, 2009v1.7"
"/Return/ReturnData/IRS990/ProgramServiceRevenue",62698,25918,"2009v1.0, 2009v1.1, 2009v1.2, 2009v1.3, 2009v1.4, 2009v1.7"
"/Return/ReturnData/IRS990/ProgramServiceRevenue/TotalRevenueColumn",62525,25886,"2009v1.0, 2009v1.1, 2009v1.2, 2009v1.3, 2009v1.4, 2009v1.7"
"/Return/ReturnData/IRS990/ProgramServiceRevenue/Description",62108,25837,"2009v1.0, 2009v1.1, 2009v1.2, 2009v1.3, 2009v1.4, 2009v1.7"
"/Return/ReturnData/IRS990ScheduleJ/Form990ScheduleJPartII/TotalCompensationFilingOrg",60980,12991,"2009v1.0, 2009v1.1, 2009v1.2, 2009v1.3, 2009v1.4, 2009v1.7"
"/Return/ReturnData/IRS990ScheduleJ/Form990ScheduleJPartII/BaseCompensationFilingOrg",60957,12982,"2009v1.0, 2009v1.1, 2009v1.2, 2009v1.3, 2009v1.4, 2009v1.7"
"/Return/ReturnData/IRS990ScheduleJ/Form990ScheduleJPartII/NontaxableBenefitsFilingOrg",59210,12276,"2009v1.0, 2009v1.2, 2009v1.3, 2009v1.4, 2009v1.7"
"/Return/ReturnData/IRS990/ProgramServiceRevenue/RelatedOrExemptFunctionIncome",58832,25063,"2009v1.0, 2009v1.1, 2009v1.2, 2009v1.3, 2009v1.4, 2009v1.7"
"/Return/ReturnData/IRS990ScheduleJ/Form990ScheduleJPartII/DeferredCompFilingOrg",57813,11935,"2009v1.0, 2009v1.1, 2009v1.2, 2009v1.3, 2009v1.4, 2009v1.7"
"/Return/ReturnData/IRS990ScheduleJ/Form990ScheduleJPartII/TotalCompensationRelatedOrgs",57316,11996,"2009v1.0, 2009v1.2, 2009v1.3, 2009v1.4, 2009v1.7"
"/Return/ReturnData/IRS990ScheduleJ/Form990ScheduleJPartII/CompBasedOnRelatedOrgs",57267,11983,"2009v1.0, 2009v1.2, 2009v1.3, 2009v1.4, 2009v1.7"
"/Return/ReturnData/IRS990ScheduleJ/Form990ScheduleJPartII/OtherCompensationFilingOrg",56918,11610,"2009v1.0, 2009v1.2, 2009v1.3, 2009v1.4, 2009v1.7"
"/Return/ReturnData/IRS990ScheduleJ/Form990ScheduleJPartII/NontaxableBenefitsRelatedOrgs",56390,11732,"2009v1.0, 2009v1.2, 2009v1.3, 2009v1.4, 2009v1.7"
"/Return/ReturnData/IRS990ScheduleJ/Form990ScheduleJPartII/BonusFilingOrg",56113,11540,"2009v1.0, 2009v1.2, 2009v1.3, 2009v1.4, 2009v1.7"
"/Return/ReturnData/IRS990ScheduleJ/Form990ScheduleJPartII/DeferredCompRelatedOrgs",56029,11624,"2009v1.0, 2009v1.2, 2009v1.3, 2009v1.4, 2009v1.7"
"/Return/ReturnData/IRS990ScheduleR/Form990ScheduleRPartII/DirectControllingEntityName",55852,5563,"2009v1.0, 2009v1.1, 2009v1.2, 2009v1.3, 2009v1.4, 2009v1.7"
"/Return/ReturnData/IRS990ScheduleR/Form990ScheduleRPartII/DirectControllingEntityName/BusinessNameLine1",55852,5563,"2009v1.0, 2009v1.1, 2009v1.2, 2009v1.3, 2009v1.4, 2009v1.7"
"/Return/ReturnData/IRS990ScheduleJ/Form990ScheduleJPartII/OtherCompensationRelatedOrgs",55514,11510,"2009v1.0, 2009v1.2, 2009v1.3, 2009v1.4, 2009v1.7"
"/Return/ReturnData/IRS990ScheduleJ/Form990ScheduleJPartII/BonusRelatedOrgs",54814,11400,"2009v1.0, 2009v1.2, 2009v1.3, 2009v1.4, 2009v1.7"
"/Return/ReturnData/IRS990ScheduleJ/Form990ScheduleJPartII/CompReportPrior990FilingOrg",52894,11178,"2009v1.0, 2009v1.1, 2009v1.2, 2009v1.3, 2009v1.4, 2009v1.7"
"/Return/ReturnData/IRS990ScheduleJ/Form990ScheduleJPartII/CompReportPrior990RelatedOrgs",52090,10939,"2009v1.0, 2009v1.2, 2009v1.3, 2009v1.4, 2009v1.7"
"/Return",48781,48781,"2009v1.0, 2009v1.1, 2009v1.2, 2009v1.3, 2009v1.4, 2009v1.7"
"/Return/ReturnData",48781,48781,"2009v1.0, 2009v1.1, 2009v1.2, 2009v1.3, 2009v1.4, 2009v1.7"
"/Return/ReturnHeader",48781,48781,"2009v1.0, 2009v1.1, 2009v1.2, 2009v1.3, 2009v1.4, 2009v1.7"
"/Return/ReturnHeader/BuildTS",48781,48781,"2009v1.0, 2009v1.1, 2009v1.2, 2009v1.3, 2009v1.4, 2009v1.7"
"/Return/ReturnHeader/Filer",48781,48781,"2009v1.0, 2009v1.1, 2009v1.2, 2009v1.3, 2009v1.4, 2009v1.7"
"/Return/ReturnHeader/Filer/EIN",48781,48781,"2009v1.0, 2009v1.1, 2009v1.2, 2009v1.3, 2009v1.4, 2009v1.7"
"/Return/ReturnHeader/Filer/Name",48781,48781,"2009v1.0, 2009v1.1, 2009v1.2, 2009v1.3, 2009v1.4, 2009v1.7"
"/Return/ReturnHeader/Filer/Name/BusinessNameLine1",48781,48781,"2009v1.0, 2009v1.1, 2009v1.2, 2009v1.3, 2009v1.4, 2009v1.7"
"/Return/ReturnHeader/Filer/NameControl",48781,48781,"2009v1.0, 2009v1.1, 2009v1.2, 2009v1.3, 2009v1.4, 2009v1.7"
"/Return/ReturnHeader/Officer",48781,48781,"2009v1.0, 2009v1.1, 2009v1.2, 2009v1.3, 2009v1.4, 2009v1.7"
"/Return/ReturnHeader/Officer/DateSigned",48781,48781,"2009v1.0, 2009v1.1, 2009v1.2, 2009v1.3, 2009v1.4, 2009v1.7"
"/Return/ReturnHeader/Officer/Name",48781,48781,"2009v1.0, 2009v1.1, 2009v1.2, 2009v1.3, 2009v1.4, 2009v1.7"
"/Return/ReturnHeader/Officer/Title",48781,48781,"2009v1.0, 2009v1.1, 2009v1.2, 2009v1.3, 2009v1.4, 2009v1.7"
"/Return/ReturnHeader/ReturnType",48781,48781,"2009v1.0, 2009v1.1, 2009v1.2, 2009v1.3, 2009v1.4, 2009v1.7"
"/Return/ReturnHeader/TaxPeriodBeginDate",48781,48781,"2009v1.0, 2009v1.1, 2009v1.2, 2009v1.3, 2009v1.4, 2009v1.7"
"/Return/ReturnHeader/TaxPeriodEndDate",48781,48781,"2009v1.0, 2009v1.1, 2009v1.2, 2009v1.3, 2009v1.4, 2009v1.7"
"/Return/ReturnHeader/TaxYear",48781,48781,"2009v1.0, 2009v1.1, 2009v1.2, 2009v1.3, 2009v1.4, 2009v1.7"
"/Return/ReturnHeader/Timestamp",48781,48781,"2009v1.0, 2009v1.1, 2009v1.2, 2009v1.3, 2009v1.4, 2009v1.7"
"/Return/ReturnHeader/Filer/USAddress",48747,48747,"2009v1.0, 2009v1.1, 2009v1.2, 2009v1.3, 2009v1.4, 2009v1.7"
"/Return/ReturnHeader/Filer/USAddress/AddressLine1",48747,48747,"2009v1.0, 2009v1.1, 2009v1.2, 2009v1.3, 2009v1.4, 2009v1.7"
"/Return/ReturnHeader/Filer/USAddress/City",48747,48747,"2009v1.0, 2009v1.1, 2009v1.2, 2009v1.3, 2009v1.4, 2009v1.7"
"/Return/ReturnHeader/Filer/USAddress/State",48747,48747,"2009v1.0, 2009v1.1, 2009v1.2, 2009v1.3, 2009v1.4, 2009v1.7"
"/Return/ReturnHeader/Filer/USAddress/ZIPCode",48747,48747,"2009v1.0, 2009v1.1, 2009v1.2, 2009v1.3, 2009v1.4, 2009v1.7"
"/Return/ReturnData/IRS990ScheduleD/Form990ScheduleDPartXIV",47882,18573,"2009v1.0, 2009v1.1, 2009v1.2, 2009v1.3, 2009v1.4, 2009v1.7"
"/Return/ReturnData/IRS990/ProgramServiceRevenue/BusinessCode",47785,20107,"2009v1.0, 2009v1.1, 2009v1.2, 2009v1.3, 2009v1.4, 2009v1.7"
"/Return/ReturnData/IRS990ScheduleD/Form990ScheduleDPartXIV/Explanation",47776,18545,"2009v1.0, 2009v1.1, 2009v1.2, 2009v1.3, 2009v1.4, 2009v1.7"
"/Return/ReturnHeader/Filer/Phone",45587,45587,"2009v1.1, 2009v1.2, 2009v1.3, 2009v1.4, 2009v1.7"
"/Return/ReturnData/IRS990ScheduleD/Form990ScheduleDPartXIV/Identifier",45303,17444,"2009v1.2, 2009v1.3, 2009v1.4, 2009v1.7"
"/Return/ReturnHeader/PreparerFirm",44976,44976,"2009v1.0, 2009v1.1, 2009v1.2, 2009v1.3, 2009v1.4, 2009v1.7"
"/Return/ReturnHeader/PreparerFirm/PreparerFirmBusinessName",44976,44976,"2009v1.0, 2009v1.1, 2009v1.2, 2009v1.3, 2009v1.4, 2009v1.7"
"/Return/ReturnHeader/PreparerFirm/PreparerFirmBusinessName/BusinessNameLine1",44976,44976,"2009v1.0, 2009v1.1, 2009v1.2, 2009v1.3, 2009v1.4, 2009v1.7"
"/Return/ReturnHeader/PreparerFirm/PreparerFirmUSAddress",44970,44970,"2009v1.0, 2009v1.1, 2009v1.2, 2009v1.3, 2009v1.4, 2009v1.7"
"/Return/ReturnHeader/PreparerFirm/PreparerFirmUSAddress/AddressLine1",44970,44970,"2009v1.0, 2009v1.1, 2009v1.2, 2009v1.3, 2009v1.4, 2009v1.7"
"/Return/ReturnHeader/PreparerFirm/PreparerFirmUSAddress/City",44970,44970,"2009v1.0, 2009v1.1, 2009v1.2, 2009v1.3, 2009v1.4, 2009v1.7"
"/Return/ReturnHeader/PreparerFirm/PreparerFirmUSAddress/State",44970,44970,"2009v1.0, 2009v1.1, 2009v1.2, 2009v1.3, 2009v1.4, 2009v1.7"
"/Return/ReturnHeader/PreparerFirm/PreparerFirmUSAddress/ZIPCode",44970,44970,"2009v1.0, 2009v1.1, 2009v1.2, 2009v1.3, 2009v1.4, 2009v1.7"
"/Return/ReturnHeader/Preparer",44873,44873,"2009v1.1, 2009v1.2, 2009v1.3, 2009v1.4, 2009v1.7"
"/Return/ReturnHeader/Preparer/Phone",43849,43849,"2009v1.1, 2009v1.2, 2009v1.3, 2009v1.4, 2009v1.7"
"/Return/ReturnData/IRS990ScheduleA",39838,39838,"2009v1.0, 2009v1.1, 2009v1.2, 2009v1.3, 2009v1.4, 2009v1.7"
"/Return/ReturnHeader/Preparer/Name",38823,38823,"2009v1.1, 2009v1.2, 2009v1.3, 2009v1.4, 2009v1.7"
"/Return/ReturnData/IRS990ScheduleD/OtherLiabilities",38599,18264,"2009v1.0, 2009v1.1, 2009v1.2, 2009v1.3, 2009v1.4, 2009v1.7"
"/Return/ReturnData/IRS990ScheduleD/OtherLiabilities/Description",38578,18249,"2009v1.0, 2009v1.1, 2009v1.2, 2009v1.3, 2009v1.4, 2009v1.7"
"/Return/ReturnData/IRS990ScheduleD/OtherLiabilities/Amount",37708,18179,"2009v1.0, 2009v1.1, 2009v1.2, 2009v1.3, 2009v1.4, 2009v1.7"
"/Return/ReturnHeader/Officer/Phone",36733,36733,"2009v1.0, 2009v1.2, 2009v1.3, 2009v1.4, 2009v1.7"
"/Return/ReturnData/IRS990/StatesWhereCopyOfReturnIsFiled",33971,19598,"2009v1.0, 2009v1.1, 2009v1.2, 2009v1.3, 2009v1.4, 2009v1.7"
"/Return/ReturnData/IRS990ScheduleR/TransactionsRelatedOrgsTable",33715,8677,"2009v1.0, 2009v1.1, 2009v1.2, 2009v1.3, 2009v1.4, 2009v1.7"
"/Return/ReturnData/IRS990ScheduleR/TransactionsRelatedOrgsTable/NameOfOtherOrganization",33677,8665,"2009v1.0, 2009v1.1, 2009v1.2, 2009v1.3, 2009v1.4, 2009v1.7"
"/Return/ReturnData/IRS990ScheduleR/TransactionsRelatedOrgsTable/NameOfOtherOrganization/BusinessNameLine1",33677,8665,"2009v1.0, 2009v1.1, 2009v1.2, 2009v1.3, 2009v1.4, 2009v1.7"
"/Return/ReturnData/IRS990/OtherExpenses/Fundraising",33577,11877,"2009v1.0, 2009v1.1, 2009v1.2, 2009v1.3, 2009v1.4, 2009v1.7"
"/Return/ReturnData/IRS990",33311,33311,"2009v1.0, 2009v1.1, 2009v1.2, 2009v1.3, 2009v1.4, 2009v1.7"
"/Return/ReturnData/IRS990/AccountantCompileOrReview",33311,33311,"2009v1.0, 2009v1.1, 2009v1.2, 2009v1.3, 2009v1.4, 2009v1.7"
"/Return/ReturnData/IRS990/ActivitiesConductedPartnership",33311,33311,"2009v1.0, 2009v1.1, 2009v1.2, 2009v1.3, 2009v1.4, 2009v1.7"
"/Return/ReturnData/IRS990/ActivityOrMissionDescription",33311,33311,"2009v1.0, 2009v1.1, 2009v1.2, 2009v1.3, 2009v1.4, 2009v1.7"
"/Return/ReturnData/IRS990/BalanceSheetAmountsReported",33311,33311,"2009v1.0, 2009v1.1, 2009v1.2, 2009v1.3, 2009v1.4, 2009v1.7"
"/Return/ReturnData/IRS990/BenefitsPaidToMembersCY",33311,33311,"2009v1.0, 2009v1.1, 2009v1.2, 2009v1.3, 2009v1.4, 2009v1.7"
"/Return/ReturnData/IRS990/BsnssRltnshpThruFamilyMember",33311,33311,"2009v1.0, 2009v1.1, 2009v1.2, 2009v1.3, 2009v1.4, 2009v1.7"
"/Return/ReturnData/IRS990/BsnssRltnshpWithOrganization",33311,33311,"2009v1.0, 2009v1.1, 2009v1.2, 2009v1.3, 2009v1.4, 2009v1.7"
"/Return/ReturnData/IRS990/ChangesToOrganizingDocs",33311,33311,"2009v1.0, 2009v1.1, 2009v1.2, 2009v1.3, 2009v1.4, 2009v1.7"
"/Return/ReturnData/IRS990/CollectionsOfArt",33311,33311,"2009v1.0, 2009v1.1, 2009v1.2, 2009v1.3, 2009v1.4, 2009v1.7"
"/Return/ReturnData/IRS990/CompensationFromOtherSources",33311,33311,"2009v1.0, 2009v1.1, 2009v1.2, 2009v1.3, 2009v1.4, 2009v1.7"
"/Return/ReturnData/IRS990/ConflictOfInterestPolicy",33311,33311,"2009v1.0, 2009v1.1, 2009v1.2, 2009v1.3, 2009v1.4, 2009v1.7"
"/Return/ReturnData/IRS990/ConservationEasements",33311,33311,"2009v1.0, 2009v1.1, 2009v1.2, 2009v1.3, 2009v1.4, 2009v1.7"
"/Return/ReturnData/IRS990/ConsolidatedAuditFinancialStmt",33311,33311,"2009v1.0, 2009v1.1, 2009v1.2, 2009v1.3, 2009v1.4, 2009v1.7"
"/Return/ReturnData/IRS990/ContributionsGrantsCurrentYear",33311,33311,"2009v1.0, 2009v1.1, 2009v1.2, 2009v1.3, 2009v1.4, 2009v1.7"
"/Return/ReturnData/IRS990/CreditCounseling",33311,33311,"2009v1.0, 2009v1.1, 2009v1.2, 2009v1.3, 2009v1.4, 2009v1.7"
"/Return/ReturnData/IRS990/DecisionsSubjectToApproval",33311,33311,"2009v1.0, 2009v1.1, 2009v1.2, 2009v1.3, 2009v1.4, 2009v1.7"
"/Return/ReturnData/IRS990/DeductibleContributionsOfArt",33311,33311,"2009v1.0, 2009v1.1, 2009v1.2, 2009v1.3, 2009v1.4, 2009v1.7"
"/Return/ReturnData/IRS990/DeductibleNonCashContributions",33311,33311,"2009v1.0, 2009v1.1, 2009v1.2, 2009v1.3, 2009v1.4, 2009v1.7"
"/Return/ReturnData/IRS990/DelegationOfManagementDuties",33311,33311,"2009v1.0, 2009v1.1, 2009v1.2, 2009v1.3, 2009v1.4, 2009v1.7"
"/Return/ReturnData/IRS990/DescribedIn501C3",33311,33311,"2009v1.0, 2009v1.1, 2009v1.2, 2009v1.3, 2009v1.4, 2009v1.7"
"/Return/ReturnData/IRS990/Description",33311,33311,"2009v1.0, 2009v1.1, 2009v1.2, 2009v1.3, 2009v1.4, 2009v1.7"
"/Return/ReturnData/IRS990/DisregardedEntity",33311,33311,"2009v1.0, 2009v1.1, 2009v1.2, 2009v1.3, 2009v1.4, 2009v1.7"
"/Return/ReturnData/IRS990/DocumentRetentionPolicy",33311,33311,"2009v1.0, 2009v1.1, 2009v1.2, 2009v1.3, 2009v1.4, 2009v1.7"
"/Return/ReturnData/IRS990/DonorAdvisedFunds",33311,33311,"2009v1.0, 2009v1.1, 2009v1.2, 2009v1.3, 2009v1.4, 2009v1.7"
"/Return/ReturnData/IRS990/ElectionOfBoardMembers",33311,33311,"2009v1.0, 2009v1.1, 2009v1.2, 2009v1.3, 2009v1.4, 2009v1.7"
"/Return/ReturnData/IRS990/FSAudited",33311,33311,"2009v1.0, 2009v1.1, 2009v1.2, 2009v1.3, 2009v1.4, 2009v1.7"
"/Return/ReturnData/IRS990/FamilyOrBusinessRelationship",33311,33311,"2009v1.0, 2009v1.1, 2009v1.2, 2009v1.3, 2009v1.4, 2009v1.7"
"/Return/ReturnData/IRS990/ForeignActivities",33311,33311,"2009v1.0, 2009v1.1, 2009v1.2, 2009v1.3, 2009v1.4, 2009v1.7"
"/Return/ReturnData/IRS990/ForeignFinancialAccount",33311,33311,"2009v1.0, 2009v1.1, 2009v1.2, 2009v1.3, 2009v1.4, 2009v1.7"
"/Return/ReturnData/IRS990/ForeignOffice",33311,33311,"2009v1.0, 2009v1.1, 2009v1.2, 2009v1.3, 2009v1.4, 2009v1.7"
"/Return/ReturnData/IRS990/Form990ProvidedToGoverningBody",33311,33311,"2009v1.0, 2009v1.1, 2009v1.2, 2009v1.3, 2009v1.4, 2009v1.7"
"/Return/ReturnData/IRS990/FormersListed",33311,33311,"2009v1.0, 2009v1.1, 2009v1.2, 2009v1.3, 2009v1.4, 2009v1.7"
"/Return/ReturnData/IRS990/FundraisingActivities",33311,33311,"2009v1.0, 2009v1.1, 2009v1.2, 2009v1.3, 2009v1.4, 2009v1.7"
"/Return/ReturnData/IRS990/Gaming",33311,33311,"2009v1.0, 2009v1.1, 2009v1.2, 2009v1.3, 2009v1.4, 2009v1.7"
"/Return/ReturnData/IRS990/GrantToRelatedPerson",33311,33311,"2009v1.0, 2009v1.1, 2009v1.2, 2009v1.3, 2009v1.4, 2009v1.7"
"/Return/ReturnData/IRS990/GrantsAndSimilarAmntsCY",33311,33311,"2009v1.0, 2009v1.1, 2009v1.2, 2009v1.3, 2009v1.4, 2009v1.7"
"/Return/ReturnData/IRS990/GrantsToIndividuals",33311,33311,"2009v1.0, 2009v1.1, 2009v1.2, 2009v1.3, 2009v1.4, 2009v1.7"
"/Return/ReturnData/IRS990/GrantsToOrganizations",33311,33311,"2009v1.0, 2009v1.1, 2009v1.2, 2009v1.3, 2009v1.4, 2009v1.7"
"/Return/ReturnData/IRS990/GrossReceipts",33311,33311,"2009v1.0, 2009v1.1, 2009v1.2, 2009v1.3, 2009v1.4, 2009v1.7"
"/Return/ReturnData/IRS990/GroupReturnForAffiliates",33311,33311,"2009v1.0, 2009v1.1, 2009v1.2, 2009v1.3, 2009v1.4, 2009v1.7"
"/Return/ReturnData/IRS990/Hospital",33311,33311,"2009v1.0, 2009v1.1, 2009v1.2, 2009v1.3, 2009v1.4, 2009v1.7"
"/Return/ReturnData/IRS990/IndependentAuditFinancialStmt",33311,33311,"2009v1.0, 2009v1.1, 2009v1.2, 2009v1.3, 2009v1.4, 2009v1.7"
"/Return/ReturnData/IRS990/InvestmentInJointVenture",33311,33311,"2009v1.0, 2009v1.1, 2009v1.2, 2009v1.3, 2009v1.4, 2009v1.7"
"/Return/ReturnData/IRS990/InvestmentIncomeCurrentYear",33311,33311,"2009v1.0, 2009v1.1, 2009v1.2, 2009v1.3, 2009v1.4, 2009v1.7"
"/Return/ReturnData/IRS990/LoanToOfficerOrDQP",33311,33311,"2009v1.0, 2009v1.1, 2009v1.2, 2009v1.3, 2009v1.4, 2009v1.7"
"/Return/ReturnData/IRS990/LocalChapters",33311,33311,"2009v1.0, 2009v1.1, 2009v1.2, 2009v1.3, 2009v1.4, 2009v1.7"
"/Return/ReturnData/IRS990/MaterialDiversionOrMisuse",33311,33311,"2009v1.0, 2009v1.1, 2009v1.2, 2009v1.3, 2009v1.4, 2009v1.7"
"/Return/ReturnData/IRS990/MembersOrStockholders",33311,33311,"2009v1.0, 2009v1.1, 2009v1.2, 2009v1.3, 2009v1.4, 2009v1.7"
"/Return/ReturnData/IRS990/MinutesOfGoverningBody",33311,33311,"2009v1.0, 2009v1.1, 2009v1.2, 2009v1.3, 2009v1.4, 2009v1.7"
"/Return/ReturnData/IRS990/MoreThan5000KToIndividuals",33311,33311,"2009v1.0, 2009v1.1, 2009v1.2, 2009v1.3, 2009v1.4, 2009v1.7"
"/Return/ReturnData/IRS990/MoreThan5000KToOrganizations",33311,33311,"2009v1.0, 2009v1.1, 2009v1.2, 2009v1.3, 2009v1.4, 2009v1.7"
"/Return/ReturnData/IRS990/NbrIndependentVotingMembers",33311,33311,"2009v1.0, 2009v1.1, 2009v1.2, 2009v1.3, 2009v1.4, 2009v1.7"
"/Return/ReturnData/IRS990/NbrVotingGoverningBodyMembers",33311,33311,"2009v1.0, 2009v1.1, 2009v1.2, 2009v1.3, 2009v1.4, 2009v1.7"
"/Return/ReturnData/IRS990/NbrVotingMembersGoverningBody",33311,33311,"2009v1.0, 2009v1.1, 2009v1.2, 2009v1.3, 2009v1.4, 2009v1.7"
"/Return/ReturnData/IRS990/NetAssetsOrFundBalancesEOY",33311,33311,"2009v1.0, 2009v1.1, 2009v1.2, 2009v1.3, 2009v1.4, 2009v1.7"
"/Return/ReturnData/IRS990/NonDeductibleContributions",33311,33311,"2009v1.0, 2009v1.1, 2009v1.2, 2009v1.3, 2009v1.4, 2009v1.7"
"/Return/ReturnData/IRS990/NumberFormsTransmittedWith1096",33311,33311,"2009v1.0, 2009v1.1, 2009v1.2, 2009v1.3, 2009v1.4, 2009v1.7"
"/Return/ReturnData/IRS990/NumberIndependentVotingMembers",33311,33311,"2009v1.0, 2009v1.1, 2009v1.2, 2009v1.3, 2009v1.4, 2009v1.7"
"/Return/ReturnData/IRS990/NumberOfEmployees",33311,33311,"2009v1.0, 2009v1.1, 2009v1.2, 2009v1.3, 2009v1.4, 2009v1.7"
"/Return/ReturnData/IRS990/NumberW2GIncluded",33311,33311,"2009v1.0, 2009v1.1, 2009v1.2, 2009v1.3, 2009v1.4, 2009v1.7"
"/Return/ReturnData/IRS990/OfficerEntityWithBsnssRltnshp",33311,33311,"2009v1.0, 2009v1.1, 2009v1.2, 2009v1.3, 2009v1.4, 2009v1.7"
"/Return/ReturnData/IRS990/OfficerMailingAddress",33311,33311,"2009v1.0, 2009v1.1, 2009v1.2, 2009v1.3, 2009v1.4, 2009v1.7"
"/Return/ReturnData/IRS990/OtherExpensesCurrentYear",33311,33311,"2009v1.0, 2009v1.1, 2009v1.2, 2009v1.3, 2009v1.4, 2009v1.7"
"/Return/ReturnData/IRS990/OtherRevenueCurrentYear",33311,33311,"2009v1.0, 2009v1.1, 2009v1.2, 2009v1.3, 2009v1.4, 2009v1.7"
"/Return/ReturnData/IRS990/PartialLiquidation",33311,33311,"2009v1.0, 2009v1.1, 2009v1.2, 2009v1.3, 2009v1.4, 2009v1.7"
"/Return/ReturnData/IRS990/PoliticalActivities",33311,33311,"2009v1.0, 2009v1.1, 2009v1.2, 2009v1.3, 2009v1.4, 2009v1.7"
"/Return/ReturnData/IRS990/ProfessionalFundraising",33311,33311,"2009v1.0, 2009v1.1, 2009v1.2, 2009v1.3, 2009v1.4, 2009v1.7"
"/Return/ReturnData/IRS990/ProgramServiceRevenueCY",33311,33311,"2009v1.0, 2009v1.1, 2009v1.2, 2009v1.3, 2009v1.4, 2009v1.7"
"/Return/ReturnData/IRS990/ProhibitedTaxShelterTrans",33311,33311,"2009v1.0, 2009v1.1, 2009v1.2, 2009v1.3, 2009v1.4, 2009v1.7"
"/Return/ReturnData/IRS990/RelatedEntity",33311,33311,"2009v1.0, 2009v1.1, 2009v1.2, 2009v1.3, 2009v1.4, 2009v1.7"
"/Return/ReturnData/IRS990/RelatedOrgControlledEntity",33311,33311,"2009v1.0, 2009v1.1, 2009v1.2, 2009v1.3, 2009v1.4, 2009v1.7"
"/Return/ReturnData/IRS990/RevenuesLessExpensesCY",33311,33311,"2009v1.0, 2009v1.1, 2009v1.2, 2009v1.3, 2009v1.4, 2009v1.7"
"/Return/ReturnData/IRS990/SalariesEtcCurrentYear",33311,33311,"2009v1.0, 2009v1.1, 2009v1.2, 2009v1.3, 2009v1.4, 2009v1.7"
"/Return/ReturnData/IRS990/ScheduleBRequired",33311,33311,"2009v1.0, 2009v1.1, 2009v1.2, 2009v1.3, 2009v1.4, 2009v1.7"
"/Return/ReturnData/IRS990/ScheduleJRequired",33311,33311,"2009v1.0, 2009v1.1, 2009v1.2, 2009v1.3, 2009v1.4, 2009v1.7"
"/Return/ReturnData/IRS990/ScheduleORequired",33311,33311,"2009v1.0, 2009v1.1, 2009v1.2, 2009v1.3, 2009v1.4, 2009v1.7"
"/Return/ReturnData/IRS990/School",33311,33311,"2009v1.0, 2009v1.1, 2009v1.2, 2009v1.3, 2009v1.4, 2009v1.7"
"/Return/ReturnData/IRS990/TaxExemptBonds",33311,33311,"2009v1.0, 2009v1.1, 2009v1.2, 2009v1.3, 2009v1.4, 2009v1.7"
"/Return/ReturnData/IRS990/TaxablePartyNotification",33311,33311,"2009v1.0, 2009v1.1, 2009v1.2, 2009v1.3, 2009v1.4, 2009v1.7"
"/Return/ReturnData/IRS990/TermOrPermanentEndowments",33311,33311,"2009v1.0, 2009v1.1, 2009v1.2, 2009v1.3, 2009v1.4, 2009v1.7"
"/Return/ReturnData/IRS990/Terminated",33311,33311,"2009v1.0, 2009v1.1, 2009v1.2, 2009v1.3, 2009v1.4, 2009v1.7"
"/Return/ReturnData/IRS990/TheBooksAreInCareOf",33311,33311,"2009v1.0, 2009v1.1, 2009v1.2, 2009v1.3, 2009v1.4, 2009v1.7"
"/Return/ReturnData/IRS990/TheBooksAreInCareOf/TelephoneNumber",33311,33311,"2009v1.0, 2009v1.1, 2009v1.2, 2009v1.3, 2009v1.4, 2009v1.7"
"/Return/ReturnData/IRS990/TotalAssets",33311,33311,"2009v1.0, 2009v1.1, 2009v1.2, 2009v1.3, 2009v1.4, 2009v1.7"
"/Return/ReturnData/IRS990/TotalAssets/BOY",33311,33311,"2009v1.0, 2009v1.1, 2009v1.2, 2009v1.3, 2009v1.4, 2009v1.7"
"/Return/ReturnData/IRS990/TotalAssets/EOY",33311,33311,"2009v1.0, 2009v1.1, 2009v1.2, 2009v1.3, 2009v1.4, 2009v1.7"
"/Return/ReturnData/IRS990/TotalAssetsEOY",33311,33311,"2009v1.0, 2009v1.1, 2009v1.2, 2009v1.3, 2009v1.4, 2009v1.7"
"/Return/ReturnData/IRS990/TotalCompGT150K",33311,33311,"2009v1.0, 2009v1.1, 2009v1.2, 2009v1.3, 2009v1.4, 2009v1.7"
"/Return/ReturnData/IRS990/TotalExpensesCurrentYear",33311,33311,"2009v1.0, 2009v1.1, 2009v1.2, 2009v1.3, 2009v1.4, 2009v1.7"
"/Return/ReturnData/IRS990/TotalFunctionalExpenses",33311,33311,"2009v1.0, 2009v1.1, 2009v1.2, 2009v1.3, 2009v1.4, 2009v1.7"
"/Return/ReturnData/IRS990/TotalFunctionalExpenses/Total",33311,33311,"2009v1.0, 2009v1.1, 2009v1.2, 2009v1.3, 2009v1.4, 2009v1.7"
"/Return/ReturnData/IRS990/TotalFundrsngExpCurrentYear",33311,33311,"2009v1.0, 2009v1.1, 2009v1.2, 2009v1.3, 2009v1.4, 2009v1.7"
"/Return/ReturnData/IRS990/TotalGrossUBI",33311,33311,"2009v1.0, 2009v1.1, 2009v1.2, 2009v1.3, 2009v1.4, 2009v1.7"
"/Return/ReturnData/IRS990/TotalLiabNetAssetsFundBalances",33311,33311,"2009v1.0, 2009v1.1, 2009v1.2, 2009v1.3, 2009v1.4, 2009v1.7"
"/Return/ReturnData/IRS990/TotalLiabNetAssetsFundBalances/BOY",33311,33311,"2009v1.0, 2009v1.1, 2009v1.2, 2009v1.3, 2009v1.4, 2009v1.7"
"/Return/ReturnData/IRS990/TotalLiabNetAssetsFundBalances/EOY",33311,33311,"2009v1.0, 2009v1.1, 2009v1.2, 2009v1.3, 2009v1.4, 2009v1.7"
"/Return/ReturnData/IRS990/TotalLiabilities",33311,33311,"2009v1.0, 2009v1.1, 2009v1.2, 2009v1.3, 2009v1.4, 2009v1.7"
"/Return/ReturnData/IRS990/TotalLiabilities/BOY",33311,33311,"2009v1.0, 2009v1.1, 2009v1.2, 2009v1.3, 2009v1.4, 2009v1.7"
"/Return/ReturnData/IRS990/TotalLiabilities/EOY",33311,33311,"2009v1.0, 2009v1.1, 2009v1.2, 2009v1.3, 2009v1.4, 2009v1.7"
"/Return/ReturnData/IRS990/TotalLiabilitiesEOY",33311,33311,"2009v1.0, 2009v1.1, 2009v1.2, 2009v1.3, 2009v1.4, 2009v1.7"
"/Return/ReturnData/IRS990/TotalNbrEmployees",33311,33311,"2009v1.0, 2009v1.1, 2009v1.2, 2009v1.3, 2009v1.4, 2009v1.7"
"/Return/ReturnData/IRS990/TotalNetAssetsFundBalances",33311,33311,"2009v1.0, 2009v1.1, 2009v1.2, 2009v1.3, 2009v1.4, 2009v1.7"
"/Return/ReturnData/IRS990/TotalNetAssetsFundBalances/BOY",33311,33311,"2009v1.0, 2009v1.1, 2009v1.2, 2009v1.3, 2009v1.4, 2009v1.7"
"/Return/ReturnData/IRS990/TotalNetAssetsFundBalances/EOY",33311,33311,"2009v1.0, 2009v1.1, 2009v1.2, 2009v1.3, 2009v1.4, 2009v1.7"
"/Return/ReturnData/IRS990/TotalProfFundrsngExpCY",33311,33311,"2009v1.0, 2009v1.1, 2009v1.2, 2009v1.3, 2009v1.4, 2009v1.7"
"/Return/ReturnData/IRS990/TotalRevenue",33311,33311,"2009v1.0, 2009v1.1, 2009v1.2, 2009v1.3, 2009v1.4, 2009v1.7"
"/Return/ReturnData/IRS990/TotalRevenue/TotalRevenueColumn",33311,33311,"2009v1.0, 2009v1.1, 2009v1.2, 2009v1.3, 2009v1.4, 2009v1.7"
"/Return/ReturnData/IRS990/TotalRevenueCurrentYear",33311,33311,"2009v1.0, 2009v1.1, 2009v1.2, 2009v1.3, 2009v1.4, 2009v1.7"
"/Return/ReturnData/IRS990/UnrelatedBusinessIncome",33311,33311,"2009v1.0, 2009v1.1, 2009v1.2, 2009v1.3, 2009v1.4, 2009v1.7"
"/Return/ReturnData/IRS990/WhistleblowerPolicy",33311,33311,"2009v1.0, 2009v1.1, 2009v1.2, 2009v1.3, 2009v1.4, 2009v1.7"
"/Return/ReturnData/IRS990ScheduleO",33311,33311,"2009v1.0, 2009v1.1, 2009v1.2, 2009v1.3, 2009v1.4, 2009v1.7"
"/Return/ReturnData/IRS990/Organization501c",33304,33304,"2009v1.0, 2009v1.1, 2009v1.2, 2009v1.3, 2009v1.4, 2009v1.7"
"/Return/ReturnData/IRS990/TheBooksAreInCareOf/AddressUS",33256,33256,"2009v1.0, 2009v1.1, 2009v1.2, 2009v1.3, 2009v1.4, 2009v1.7"
"/Return/ReturnData/IRS990/TheBooksAreInCareOf/AddressUS/AddressLine1",33256,33256,"2009v1.0, 2009v1.1, 2009v1.2, 2009v1.3, 2009v1.4, 2009v1.7"
"/Return/ReturnData/IRS990/TheBooksAreInCareOf/AddressUS/City",33256,33256,"2009v1.0, 2009v1.1, 2009v1.2, 2009v1.3, 2009v1.4, 2009v1.7"
"/Return/ReturnData/IRS990/TheBooksAreInCareOf/AddressUS/State",33256,33256,"2009v1.0, 2009v1.1, 2009v1.2, 2009v1.3, 2009v1.4, 2009v1.7"
"/Return/ReturnData/IRS990/TheBooksAreInCareOf/AddressUS/ZIPCode",33256,33256,"2009v1.0, 2009v1.1, 2009v1.2, 2009v1.3, 2009v1.4, 2009v1.7"
"/Return/ReturnData/IRS990/SignificantChange",33239,33239,"2009v1.0, 2009v1.1, 2009v1.2, 2009v1.3, 2009v1.4, 2009v1.7"
"/Return/ReturnData/IRS990/SignificantNewProgramServices",33237,33237,"2009v1.0, 2009v1.1, 2009v1.2, 2009v1.3, 2009v1.4, 2009v1.7"
"/Return/ReturnData/IRS990/MinutesOfCommittees",33172,33172,"2009v1.0, 2009v1.1, 2009v1.2, 2009v1.3, 2009v1.4, 2009v1.7"
"/Return/ReturnData/IRS990/TotalAssetsBOY",33052,33052,"2009v1.0, 2009v1.1, 2009v1.2, 2009v1.3, 2009v1.4, 2009v1.7"
"/Return/ReturnData/IRS990/CompensationProcessCEO",33034,33034,"2009v1.0, 2009v1.1, 2009v1.2, 2009v1.3, 2009v1.4, 2009v1.7"
"/Return/ReturnData/IRS990/NetAssetsOrFundBalancesBOY",33012,33012,"2009v1.0, 2009v1.1, 2009v1.2, 2009v1.3, 2009v1.4, 2009v1.7"
"/Return/ReturnData/IRS990/CompensationProcessOther",32942,32942,"2009v1.0, 2009v1.1, 2009v1.2, 2009v1.3, 2009v1.4, 2009v1.7"
"/Return/ReturnData/IRS990/MissionDescription",32718,32718,"2009v1.0, 2009v1.1, 2009v1.2, 2009v1.3, 2009v1.4, 2009v1.7"
"/Return/ReturnData/IRS990ScheduleR/TransactionsRelatedOrgsTable/TransactionType",32660,8440,"2009v1.0, 2009v1.1, 2009v1.2, 2009v1.3, 2009v1.4, 2009v1.7"
"/Return/ReturnData/IRS990/TotalRevenuePriorYear",32427,32427,"2009v1.0, 2009v1.1, 2009v1.2, 2009v1.3, 2009v1.4, 2009v1.7"
"/Return/ReturnData/IRS990/RevenuesLessExpensesPriorYear",32422,32422,"2009v1.0, 2009v1.1, 2009v1.2, 2009v1.3, 2009v1.4, 2009v1.7"
"/Return/ReturnData/IRS990ScheduleJ/Form990ScheduleJPartII/NameBusiness",32408,7950,"2009v1.2, 2009v1.3, 2009v1.4, 2009v1.7"
"/Return/ReturnData/IRS990ScheduleJ/Form990ScheduleJPartII/NameBusiness/BusinessNameLine1",32408,7950,"2009v1.2, 2009v1.3, 2009v1.4, 2009v1.7"
"/Return/ReturnData/IRS990ScheduleJ/Form990ScheduleJPartII/NamePerson",32345,5729,"2009v1.0, 2009v1.1, 2009v1.2, 2009v1.3, 2009v1.4, 2009v1.7"
"/Return/ReturnData/IRS990/TotalExpensesPriorYear",32299,32299,"2009v1.0, 2009v1.1, 2009v1.2, 2009v1.3, 2009v1.4, 2009v1.7"
"/Return/ReturnData/IRS990ScheduleR/TransactionsRelatedOrgsTable/AmountInvolved",32275,8276,"2009v1.0, 2009v1.1, 2009v1.2, 2009v1.3, 2009v1.4, 2009v1.7"
"/Return/ReturnData/IRS990/OtherExpensePriorYear",32152,32152,"2009v1.0, 2009v1.1, 2009v1.2, 2009v1.3, 2009v1.4, 2009v1.7"
"/Return/ReturnData/IRS990/Form990PartVIISectionA/HighestCompensatedEmployee",31877,9778,"2009v1.0, 2009v1.1, 2009v1.2, 2009v1.3, 2009v1.4, 2009v1.7"
"/Return/ReturnData/IRS990/FederalGrantAuditRequired",31693,31693,"2009v1.0, 2009v1.1, 2009v1.2, 2009v1.3, 2009v1.4, 2009v1.7"
"/Return/ReturnData/IRS990ScheduleD",31588,31588,"2009v1.0, 2009v1.1, 2009v1.2, 2009v1.3, 2009v1.4, 2009v1.7"
"/Return/ReturnData/IRS990/UponRequest",31534,31534,"2009v1.0, 2009v1.1, 2009v1.2, 2009v1.3, 2009v1.4, 2009v1.7"
"/Return/ReturnData/IRS990/WebSite",31432,31432,"2009v1.0, 2009v1.1, 2009v1.2, 2009v1.3, 2009v1.4, 2009v1.7"
"/Return/ReturnData/IRS990/TotalRevenue/RelatedOrExemptFunctionIncome",31364,31364,"2009v1.0, 2009v1.1, 2009v1.2, 2009v1.3, 2009v1.4, 2009v1.7"
"/Return/ReturnData/IRS990/TotalFunctionalExpenses/ProgramServices",31346,31346,"2009v1.0, 2009v1.1, 2009v1.2, 2009v1.3, 2009v1.4, 2009v1.7"
"/Return/ReturnData/IRS990/StateLegalDomicile",31310,31310,"2009v1.0, 2009v1.1, 2009v1.2, 2009v1.3, 2009v1.4, 2009v1.7"
"/Return/ReturnData/IRS990/TotalFunctionalExpenses/ManagementAndGeneral",31273,31273,"2009v1.0, 2009v1.1, 2009v1.2, 2009v1.3, 2009v1.4, 2009v1.7"
"/Return/ReturnData/IRS990/TotalFunctionalExpenses/Fundraising",31128,31128,"2009v1.0, 2009v1.1, 2009v1.2, 2009v1.3, 2009v1.4, 2009v1.7"
"/Return/ReturnData/IRS990/YearFormation",30951,30951,"2009v1.0, 2009v1.1, 2009v1.2, 2009v1.3, 2009v1.4, 2009v1.7"
"/Return/ReturnHeader/Officer/AuthorizeThirdParty",30820,30820,"2009v1.1, 2009v1.2, 2009v1.3, 2009v1.4, 2009v1.7"
"/Return/ReturnData/IRS990/ContractorCompensation",30624,9858,"2009v1.0, 2009v1.1, 2009v1.2, 2009v1.3, 2009v1.4, 2009v1.7"
"/Return/ReturnData/IRS990/ContractorCompensation/NameOfContractor",30597,9849,"2009v1.0, 2009v1.1, 2009v1.2, 2009v1.3, 2009v1.4, 2009v1.7"
"/Return/ReturnData/IRS990/ContractorCompensation/AddressOfContractor",30519,9804,"2009v1.0, 2009v1.1, 2009v1.2, 2009v1.3, 2009v1.4, 2009v1.7"
"/Return/ReturnData/IRS990/TotalProgramServiceExpense",30359,30359,"2009v1.0, 2009v1.1, 2009v1.2, 2009v1.3, 2009v1.4, 2009v1.7"
"/Return/ReturnData/IRS990/ContractorCompensation/Compensation",30346,9592,"2009v1.0, 2009v1.1, 2009v1.2, 2009v1.3, 2009v1.4, 2009v1.7"
"/Return/ReturnData/IRS990/TotalLiabilitiesBOY",30256,30256,"2009v1.0, 2009v1.1, 2009v1.2, 2009v1.3, 2009v1.4, 2009v1.7"
"/Return/ReturnData/IRS990/ContractorCompensation/DescriptionOfServices",30253,9549,"2009v1.0, 2009v1.1, 2009v1.2, 2009v1.3, 2009v1.4, 2009v1.7"
"/Return/ReturnData/IRS990/Expense",30060,30060,"2009v1.0, 2009v1.1, 2009v1.2, 2009v1.3, 2009v1.4, 2009v1.7"
"/Return/ReturnData/IRS990/TypeOfOrganizationCorporation",30028,30028,"2009v1.0, 2009v1.1, 2009v1.2, 2009v1.3, 2009v1.4, 2009v1.7"
"/Return/ReturnData/IRS990/InvestmentIncome",29910,29910,"2009v1.0, 2009v1.1, 2009v1.2, 2009v1.3, 2009v1.4, 2009v1.7"
"/Return/ReturnData/IRS990/InvestmentIncome/TotalRevenueColumn",29910,29910,"2009v1.0, 2009v1.1, 2009v1.2, 2009v1.3, 2009v1.4, 2009v1.7"
"/Return/ReturnData/IRS990/ExcessBenefitTransaction",29598,29598,"2009v1.0, 2009v1.1, 2009v1.2, 2009v1.3, 2009v1.4, 2009v1.7"
"/Return/ReturnData/IRS990/PriorExcessBenefitTransaction",29595,29595,"2009v1.0, 2009v1.1, 2009v1.2, 2009v1.3, 2009v1.4, 2009v1.7"
"/Return/ReturnData/IRS990/ContractorCompensation/AddressOfContractor/AddressUS",29461,9378,"2009v1.0, 2009v1.1, 2009v1.2, 2009v1.3, 2009v1.4, 2009v1.7"
"/Return/ReturnData/IRS990/ContractorCompensation/AddressOfContractor/AddressUS/AddressLine1",29461,9378,"2009v1.0, 2009v1.1, 2009v1.2, 2009v1.3, 2009v1.4, 2009v1.7"
"/Return/ReturnData/IRS990/ContractorCompensation/AddressOfContractor/AddressUS/City",29461,9378,"2009v1.0, 2009v1.1, 2009v1.2, 2009v1.3, 2009v1.4, 2009v1.7"
"/Return/ReturnData/IRS990/ContractorCompensation/AddressOfContractor/AddressUS/State",29461,9378,"2009v1.0, 2009v1.1, 2009v1.2, 2009v1.3, 2009v1.4, 2009v1.7"
"/Return/ReturnData/IRS990/ContractorCompensation/AddressOfContractor/AddressUS/ZIPCode",29461,9378,"2009v1.0, 2009v1.1, 2009v1.2, 2009v1.3, 2009v1.4, 2009v1.7"
"/Return/ReturnData/IRS990ScheduleD/TotalOfBookValueLandBuildings",29461,29461,"2009v1.0, 2009v1.1, 2009v1.2, 2009v1.3, 2009v1.4, 2009v1.7"
"/Return/ReturnData/IRS990/InvestmentIncomePriorYear",29408,29408,"2009v1.0, 2009v1.1, 2009v1.2, 2009v1.3, 2009v1.4, 2009v1.7"
"/Return/ReturnData/IRS990/FollowSFAS117",29160,29160,"2009v1.0, 2009v1.1, 2009v1.2, 2009v1.3, 2009v1.4, 2009v1.7"
"/Return/ReturnData/IRS990/MethodOfAccountingAccrual",29084,29084,"2009v1.0, 2009v1.1, 2009v1.2, 2009v1.3, 2009v1.4, 2009v1.7"
"/Return/ReturnData/IRS990/AddressPrincipalOfficerUS",29043,29043,"2009v1.0, 2009v1.1, 2009v1.2, 2009v1.3, 2009v1.4, 2009v1.7"
"/Return/ReturnData/IRS990/AddressPrincipalOfficerUS/AddressLine1",29043,29043,"2009v1.0, 2009v1.1, 2009v1.2, 2009v1.3, 2009v1.4, 2009v1.7"
"/Return/ReturnData/IRS990/AddressPrincipalOfficerUS/City",29043,29043,"2009v1.0, 2009v1.1, 2009v1.2, 2009v1.3, 2009v1.4, 2009v1.7"
"/Return/ReturnData/IRS990/AddressPrincipalOfficerUS/State",29043,29043,"2009v1.0, 2009v1.1, 2009v1.2, 2009v1.3, 2009v1.4, 2009v1.7"
"/Return/ReturnData/IRS990/AddressPrincipalOfficerUS/ZIPCode",29043,29043,"2009v1.0, 2009v1.1, 2009v1.2, 2009v1.3, 2009v1.4, 2009v1.7"
"/Return/ReturnData/IRS990/LobbyingActivities",29014,29014,"2009v1.0, 2009v1.1, 2009v1.2, 2009v1.3, 2009v1.4, 2009v1.7"
"/Return/ReturnData/IRS990/TransfersToExemptNonChrtblOrg",29013,29013,"2009v1.0, 2009v1.1, 2009v1.2, 2009v1.3, 2009v1.4, 2009v1.7"
"/Return/ReturnData/IRS990/NameOfPrincipalOfficerPerson",28915,28915,"2009v1.0, 2009v1.1, 2009v1.2, 2009v1.3, 2009v1.4, 2009v1.7"
"/Return/ReturnData/IRS990/UnrestrictedNetAssets",28866,28866,"2009v1.0, 2009v1.1, 2009v1.2, 2009v1.3, 2009v1.4, 2009v1.7"
"/Return/ReturnData/IRS990/AccountsPayableAccruedExpenses",28831,28831,"2009v1.0, 2009v1.1, 2009v1.2, 2009v1.3, 2009v1.4, 2009v1.7"
"/Return/ReturnData/IRS990/CashNonInterestBearing",28819,28819,"2009v1.0, 2009v1.1, 2009v1.2, 2009v1.3, 2009v1.4, 2009v1.7"
"/Return/ReturnData/IRS990/UnrestrictedNetAssets/EOY",28808,28808,"2009v1.0, 2009v1.1, 2009v1.2, 2009v1.3, 2009v1.4, 2009v1.7"
"/Return/ReturnData/IRS990/TotalRevenue/ExclusionAmount",28798,28798,"2009v1.0, 2009v1.1, 2009v1.2, 2009v1.3, 2009v1.4, 2009v1.7"
"/Return/ReturnData/IRS990/UnrestrictedNetAssets/BOY",28686,28686,"2009v1.0, 2009v1.1, 2009v1.2, 2009v1.3, 2009v1.4, 2009v1.7"
"/Return/ReturnData/IRS990/TotalReportableCompFromOrg",28595,28595,"2009v1.0, 2009v1.1, 2009v1.2, 2009v1.3, 2009v1.4, 2009v1.7"
"/Return/ReturnData/IRS990/TotalContributions",28365,28365,"2009v1.0, 2009v1.1, 2009v1.2, 2009v1.3, 2009v1.4, 2009v1.7"
"/Return/ReturnData/IRS990/CashNonInterestBearing/EOY",28360,28360,"2009v1.0, 2009v1.1, 2009v1.2, 2009v1.3, 2009v1.4, 2009v1.7"
"/Return/ReturnData/IRS990/LandBuildingsEquipmentBasisNet",28312,28312,"2009v1.0, 2009v1.1, 2009v1.2, 2009v1.3, 2009v1.4, 2009v1.7"
"/Return/ReturnData/IRS990/AccountsPayableAccruedExpenses/EOY",28251,28251,"2009v1.0, 2009v1.1, 2009v1.2, 2009v1.3, 2009v1.4, 2009v1.7"
"/Return/ReturnData/IRS990/AuditCommittee",28169,28169,"2009v1.0, 2009v1.1, 2009v1.2, 2009v1.3, 2009v1.4, 2009v1.7"
"/Return/ReturnData/IRS990/AccountsPayableAccruedExpenses/BOY",28083,28083,"2009v1.0, 2009v1.1, 2009v1.2, 2009v1.3, 2009v1.4, 2009v1.7"
"/Return/ReturnData/IRS990/OtherRevenueMisc",28062,17121,"2009v1.0, 2009v1.1, 2009v1.2, 2009v1.3, 2009v1.4, 2009v1.7"
"/Return/ReturnData/IRS990/LandBuildingsEquipmentBasisNet/EOY",28030,28030,"2009v1.0, 2009v1.1, 2009v1.2, 2009v1.3, 2009v1.4, 2009v1.7"
"/Return/ReturnData/IRS990/OtherRevenueMisc/TotalRevenueColumn",27928,17038,"2009v1.0, 2009v1.1, 2009v1.2, 2009v1.3, 2009v1.4, 2009v1.7"
"/Return/ReturnData/IRS990/DepreciationDepletion",27764,27764,"2009v1.0, 2009v1.1, 2009v1.2, 2009v1.3, 2009v1.4, 2009v1.7"
"/Return/ReturnData/IRS990/DepreciationDepletion/Total",27764,27764,"2009v1.0, 2009v1.1, 2009v1.2, 2009v1.3, 2009v1.4, 2009v1.7"
"/Return/ReturnData/IRS990/OtherRevenueMisc/Description",27744,17054,"2009v1.0, 2009v1.1, 2009v1.2, 2009v1.3, 2009v1.4, 2009v1.7"
"/Return/ReturnData/IRS990/NumberIndividualsGT100K",27727,27727,"2009v1.0, 2009v1.2, 2009v1.3, 2009v1.4, 2009v1.7"
"/Return/ReturnData/IRS990/OfficeExpenses",27724,27724,"2009v1.0, 2009v1.1, 2009v1.2, 2009v1.3, 2009v1.4, 2009v1.7"
"/Return/ReturnData/IRS990/OfficeExpenses/Total",27724,27724,"2009v1.0, 2009v1.1, 2009v1.2, 2009v1.3, 2009v1.4, 2009v1.7"
"/Return/ReturnData/IRS990/TotalProgramServiceRevenue",27712,27712,"2009v1.0, 2009v1.1, 2009v1.2, 2009v1.3, 2009v1.4, 2009v1.7"
"/Return/ReturnData/IRS990/LandBuildingsEquipmentBasis",27684,27684,"2009v1.0, 2009v1.1, 2009v1.2, 2009v1.3, 2009v1.4, 2009v1.7"
"/Return/ReturnData/IRS990/CashNonInterestBearing/BOY",27589,27589,"2009v1.0, 2009v1.1, 2009v1.2, 2009v1.3, 2009v1.4, 2009v1.7"
"/Return/ReturnData/IRS990/TotalNbrVolunteers",27468,27468,"2009v1.0, 2009v1.1, 2009v1.2, 2009v1.3, 2009v1.4, 2009v1.7"
"/Return/ReturnData/IRS990/LandBuildingsEquipmentBasisNet/BOY",27423,27423,"2009v1.0, 2009v1.1, 2009v1.2, 2009v1.3, 2009v1.4, 2009v1.7"
"/Return/ReturnData/IRS990/QuidProQuoContributions",27364,27364,"2009v1.0, 2009v1.1, 2009v1.2, 2009v1.3, 2009v1.4, 2009v1.7"
"/Return/ReturnData/IRS990/Form8282PropertyDisposedOf",27293,27293,"2009v1.0, 2009v1.1, 2009v1.2, 2009v1.3, 2009v1.4, 2009v1.7"
"/Return/ReturnData/IRS990/FeesForServicesAccounting",27159,27159,"2009v1.0, 2009v1.1, 2009v1.2, 2009v1.3, 2009v1.4, 2009v1.7"
"/Return/ReturnData/IRS990/FeesForServicesAccounting/Total",27159,27159,"2009v1.0, 2009v1.1, 2009v1.2, 2009v1.3, 2009v1.4, 2009v1.7"
"/Return/ReturnData/IRS990/LandBldgEquipmentAccumDeprec",27042,27042,"2009v1.0, 2009v1.1, 2009v1.2, 2009v1.3, 2009v1.4, 2009v1.7"
"/Return/ReturnData/IRS990/OtherSalariesAndWages",27024,27024,"2009v1.0, 2009v1.1, 2009v1.2, 2009v1.3, 2009v1.4, 2009v1.7"
"/Return/ReturnData/IRS990/OtherSalariesAndWages/Total",27024,27024,"2009v1.0, 2009v1.1, 2009v1.2, 2009v1.3, 2009v1.4, 2009v1.7"
"/Return/ReturnData/IRS990/ContributionsGrantsPriorYear",26866,26866,"2009v1.0, 2009v1.1, 2009v1.2, 2009v1.3, 2009v1.4, 2009v1.7"
"/Return/ReturnData/IRS990/AnnualDisclosureCoveredPersons",26862,26862,"2009v1.0, 2009v1.1, 2009v1.2, 2009v1.3, 2009v1.4, 2009v1.7"
"/Return/ReturnData/IRS990/RegularMonitoringEnforcement",26842,26842,"2009v1.0, 2009v1.1, 2009v1.2, 2009v1.3, 2009v1.4, 2009v1.7"
"/Return/ReturnData/IRS990/SalariesEtcPriorYear",26797,26797,"2009v1.0, 2009v1.1, 2009v1.2, 2009v1.3, 2009v1.4, 2009v1.7"
"/Return/ReturnData/IRS990/NumberOfContractorsGT100K",26435,26435,"2009v1.0, 2009v1.1, 2009v1.2, 2009v1.3, 2009v1.4, 2009v1.7"
"/Return/ReturnData/IRS990/Occupancy",26429,26429,"2009v1.0, 2009v1.1, 2009v1.2, 2009v1.3, 2009v1.4, 2009v1.7"
"/Return/ReturnData/IRS990/Occupancy/Total",26428,26428,"2009v1.0, 2009v1.1, 2009v1.2, 2009v1.3, 2009v1.4, 2009v1.7"
"/Return/ReturnData/IRS990/ProgramServiceRevenuePriorYear",26141,26141,"2009v1.0, 2009v1.1, 2009v1.2, 2009v1.3, 2009v1.4, 2009v1.7"
"/Return/ReturnData/IRS990/PayrollTaxes",26049,26049,"2009v1.0, 2009v1.1, 2009v1.2, 2009v1.3, 2009v1.4, 2009v1.7"
"/Return/ReturnData/IRS990/PayrollTaxes/Total",26049,26049,"2009v1.0, 2009v1.1, 2009v1.2, 2009v1.3, 2009v1.4, 2009v1.7"
"/Return/ReturnData/CompensationExplanation/Compensation",25775,3021,"2009v1.2, 2009v1.3, 2009v1.4, 2009v1.7"
"/Return/ReturnData/IRS990/EmploymentTaxReturnsFiled",25596,25596,"2009v1.0, 2009v1.1, 2009v1.2, 2009v1.3, 2009v1.4, 2009v1.7"
"/Return/ReturnData/IRS990/Insurance",25544,25544,"2009v1.0, 2009v1.1, 2009v1.2, 2009v1.3, 2009v1.4, 2009v1.7"
"/Return/ReturnData/IRS990/Insurance/Total",25544,25544,"2009v1.0, 2009v1.1, 2009v1.2, 2009v1.3, 2009v1.4, 2009v1.7"
"/Return/ReturnData/IRS990/TotalOtherCompensation",25468,25468,"2009v1.0, 2009v1.1, 2009v1.2, 2009v1.3, 2009v1.4, 2009v1.7"
"/Return/ReturnData/CompensationExplanation/Compensation/PersonName",25047,2951,"2009v1.2, 2009v1.3, 2009v1.4, 2009v1.7"
"/Return/ReturnData/IRS990ScheduleD/Form990ScheduleDPartXIV/ReturnReference",24935,13588,"2009v1.2, 2009v1.3, 2009v1.4, 2009v1.7"
"/Return/ReturnData/IRS990/AccountsReceivable",24855,24855,"2009v1.0, 2009v1.1, 2009v1.2, 2009v1.3, 2009v1.4, 2009v1.7"
"/Return/ReturnData/IRS990/OtherEmployeeBenefits",24444,24444,"2009v1.0, 2009v1.1, 2009v1.2, 2009v1.3, 2009v1.4, 2009v1.7"
"/Return/ReturnData/IRS990/OtherEmployeeBenefits/Total",24444,24444,"2009v1.0, 2009v1.1, 2009v1.2, 2009v1.3, 2009v1.4, 2009v1.7"
"/Return/ReturnData/IRS990EZ/ProgramServiceAccomplishment",24320,15470,"2009v1.0, 2009v1.1, 2009v1.2, 2009v1.3, 2009v1.4, 2009v1.7"
"/Return/ReturnData/IRS990EZ/ProgramServiceAccomplishment/DescriptionProgramServiceAccom",24320,15470,"2009v1.0, 2009v1.1, 2009v1.2, 2009v1.3, 2009v1.4, 2009v1.7"
"/Return/ReturnData/IRS990/Travel",24061,24061,"2009v1.0, 2009v1.1, 2009v1.2, 2009v1.3, 2009v1.4, 2009v1.7"
"/Return/ReturnData/IRS990/Travel/Total",24061,24061,"2009v1.0, 2009v1.1, 2009v1.2, 2009v1.3, 2009v1.4, 2009v1.7"
"/Return/ReturnData/IRS990/SavingsAndTempCashInvestments",24040,24040,"2009v1.0, 2009v1.1, 2009v1.2, 2009v1.3, 2009v1.4, 2009v1.7"
"/Return/ReturnData/IRS990/OtherRevenuePriorYear",23989,23989,"2009v1.0, 2009v1.1, 2009v1.2, 2009v1.3, 2009v1.4, 2009v1.7"
"/Return/ReturnData/IRS990/PrepaidExpensesDeferredCharges",23855,23855,"2009v1.0, 2009v1.1, 2009v1.2, 2009v1.3, 2009v1.4, 2009v1.7"
"/Return/ReturnData/IRS990/AccountsReceivable/EOY",23749,23749,"2009v1.0, 2009v1.1, 2009v1.2, 2009v1.3, 2009v1.4, 2009v1.7"
"/Return/ReturnData/IRS990ScheduleB",23733,23733,"2009v1.0, 2009v1.1, 2009v1.2, 2009v1.3, 2009v1.4, 2009v1.7"
"/Return/ReturnData/IRS990ScheduleB/ContributorInfo",23733,23733,"2009v1.0, 2009v1.1, 2009v1.2, 2009v1.3, 2009v1.4, 2009v1.7"
"/Return/ReturnData/IRS990ScheduleB/ContributorInfo/AggregateContributions",23733,23733,"2009v1.0, 2009v1.1, 2009v1.2, 2009v1.3, 2009v1.4, 2009v1.7"
"/Return/ReturnData/IRS990ScheduleB/ContributorInfo/ContributorAddressUS",23733,23733,"2009v1.0, 2009v1.1, 2009v1.2, 2009v1.3, 2009v1.4, 2009v1.7"
"/Return/ReturnData/IRS990ScheduleB/ContributorInfo/ContributorAddressUS/AddressLine1",23733,23733,"2009v1.0, 2009v1.1, 2009v1.2, 2009v1.3, 2009v1.4, 2009v1.7"
"/Return/ReturnData/IRS990ScheduleB/ContributorInfo/ContributorAddressUS/AddressLine2",23733,23733,"2009v1.0, 2009v1.1, 2009v1.2, 2009v1.3, 2009v1.4, 2009v1.7"
"/Return/ReturnData/IRS990ScheduleB/ContributorInfo/ContributorAddressUS/City",23733,23733,"2009v1.0, 2009v1.1, 2009v1.2, 2009v1.3, 2009v1.4, 2009v1.7"
"/Return/ReturnData/IRS990ScheduleB/ContributorInfo/ContributorAddressUS/State",23733,23733,"2009v1.0, 2009v1.1, 2009v1.2, 2009v1.3, 2009v1.4, 2009v1.7"
"/Return/ReturnData/IRS990ScheduleB/ContributorInfo/ContributorAddressUS/ZIPCode",23733,23733,"2009v1.0, 2009v1.1, 2009v1.2, 2009v1.3, 2009v1.4, 2009v1.7"
"/Return/ReturnData/IRS990ScheduleB/ContributorInfo/ContributorNameBusiness",23733,23733,"2009v1.0, 2009v1.1, 2009v1.2, 2009v1.3, 2009v1.4, 2009v1.7"
"/Return/ReturnData/IRS990ScheduleB/ContributorInfo/ContributorNameBusiness/BusinessNameLine1",23733,23733,"2009v1.0, 2009v1.1, 2009v1.2, 2009v1.3, 2009v1.4, 2009v1.7"
"/Return/ReturnData/IRS990ScheduleB/ContributorInfo/ContributorNumber",23733,23733,"2009v1.0, 2009v1.1, 2009v1.2, 2009v1.3, 2009v1.4, 2009v1.7"
"/Return/ReturnData/IRS990ScheduleD/TotalRevenue",23581,23581,"2009v1.0, 2009v1.1, 2009v1.2, 2009v1.3, 2009v1.4, 2009v1.7"
"/Return/ReturnData/IRS990ScheduleD/TotalExpenses",23547,23547,"2009v1.0, 2009v1.1, 2009v1.2, 2009v1.3, 2009v1.4, 2009v1.7"
"/Return/ReturnData/IRS990ScheduleD/ExcessOrDeficitForYear",23530,23530,"2009v1.0, 2009v1.1, 2009v1.2, 2009v1.3, 2009v1.4, 2009v1.7"
"/Return/ReturnData/IRS990ScheduleD/ExcessOrDeficitPerFS",23527,23527,"2009v1.0, 2009v1.1, 2009v1.2, 2009v1.3, 2009v1.4, 2009v1.7"
"/Return/ReturnData/IRS990/SavingsAndTempCashInvestments/EOY",23405,23405,"2009v1.0, 2009v1.1, 2009v1.2, 2009v1.3, 2009v1.4, 2009v1.7"
"/Return/ReturnData/IRS990/FundsToPayPremiums",23311,23311,"2009v1.0, 2009v1.1, 2009v1.2, 2009v1.3, 2009v1.4, 2009v1.7"
"/Return/ReturnData/IRS990/TotalReportableCompFrmRltdOrgs",23289,23289,"2009v1.0, 2009v1.2, 2009v1.3, 2009v1.4, 2009v1.7"
"/Return/ReturnData/IRS990/InvestmentIncome/ExclusionAmount",23261,23261,"2009v1.0, 2009v1.1, 2009v1.2, 2009v1.3, 2009v1.4, 2009v1.7"
"/Return/ReturnData/IRS990/PremiumsPaid",23214,23214,"2009v1.0, 2009v1.1, 2009v1.2, 2009v1.3, 2009v1.4, 2009v1.7"
"/Return/ReturnData/IRS990/PrepaidExpensesDeferredCharges/EOY",23125,23125,"2009v1.0, 2009v1.1, 2009v1.2, 2009v1.3, 2009v1.4, 2009v1.7"
"/Return/ReturnData/IRS990ScheduleD/Equipment",23090,23090,"2009v1.0, 2009v1.1, 2009v1.2, 2009v1.3, 2009v1.4, 2009v1.7"
"/Return/ReturnData/IRS990/AllOtherContributions",22944,22944,"2009v1.0, 2009v1.1, 2009v1.2, 2009v1.3, 2009v1.4, 2009v1.7"
"/Return/ReturnData/IRS990/OtherSalariesAndWages/ProgramServices",22571,22571,"2009v1.0, 2009v1.1, 2009v1.2, 2009v1.3, 2009v1.4, 2009v1.7"
"/Return/ReturnData/IRS990/CompCurrentOfficersDirectors",22470,22470,"2009v1.0, 2009v1.1, 2009v1.2, 2009v1.3, 2009v1.4, 2009v1.7"
"/Return/ReturnData/IRS990/CompCurrentOfficersDirectors/Total",22469,22469,"2009v1.0, 2009v1.1, 2009v1.2, 2009v1.3, 2009v1.4, 2009v1.7"
"/Return/ReturnData/IRS990/AccountsReceivable/BOY",22254,22254,"2009v1.0, 2009v1.1, 2009v1.2, 2009v1.3, 2009v1.4, 2009v1.7"
"/Return/ReturnData/IRS990ScheduleD/Equipment/BookValue",22000,22000,"2009v1.0, 2009v1.1, 2009v1.2, 2009v1.3, 2009v1.4, 2009v1.7"
"/Return/ReturnData/IRS990/ContractorCompensation/NameOfContractor/NameBusiness",21933,7276,"2009v1.1, 2009v1.2, 2009v1.3, 2009v1.4, 2009v1.7"
"/Return/ReturnData/IRS990/ContractorCompensation/NameOfContractor/NameBusiness/BusinessNameLine1",21933,7276,"2009v1.1, 2009v1.2, 2009v1.3, 2009v1.4, 2009v1.7"
"/Return/ReturnData/IRS990/SavingsAndTempCashInvestments/BOY",21928,21928,"2009v1.0, 2009v1.1, 2009v1.2, 2009v1.3, 2009v1.4, 2009v1.7"
"/Return/ReturnData/IRS990/TotalRevenue/UnrelatedBusinessRevenue",21850,21850,"2009v1.0, 2009v1.1, 2009v1.2, 2009v1.3, 2009v1.4, 2009v1.7"
"/Return/ReturnData/IRS990/NetUnrelatedBusinessTxblIncome",21826,21826,"2009v1.0, 2009v1.1, 2009v1.2, 2009v1.3, 2009v1.4, 2009v1.7"
"/Return/ReturnData/IRS990ScheduleD/TotRevenueEtcAuditedFinclStmt",21815,21815,"2009v1.0, 2009v1.1, 2009v1.2, 2009v1.3, 2009v1.4, 2009v1.7"
"/Return/ReturnData/IRS990ScheduleD/Equipment/Depreciation",21801,21801,"2009v1.0, 2009v1.1, 2009v1.2, 2009v1.3, 2009v1.4, 2009v1.7"
"/Return/ReturnData/IRS990ScheduleD/TotExpensesEtcAuditedFinclStmt",21793,21793,"2009v1.0, 2009v1.1, 2009v1.2, 2009v1.3, 2009v1.4, 2009v1.7"
"/Return/ReturnData/IRS990/FeesForServicesOther",21762,21762,"2009v1.0, 2009v1.1, 2009v1.2, 2009v1.3, 2009v1.4, 2009v1.7"
"/Return/ReturnData/IRS990/FeesForServicesOther/Total",21762,21762,"2009v1.0, 2009v1.1, 2009v1.2, 2009v1.3, 2009v1.4, 2009v1.7"
"/Return/ReturnData/IRS990ScheduleD/TotalRevenuePerForm990",21748,21748,"2009v1.0, 2009v1.1, 2009v1.2, 2009v1.3, 2009v1.4, 2009v1.7"
"/Return/ReturnData/IRS990ScheduleD/RevenueSubtotal",21744,21744,"2009v1.0, 2009v1.1, 2009v1.2, 2009v1.3, 2009v1.4, 2009v1.7"
"/Return/ReturnData/IRS990ScheduleD/TotalExpensesPerForm990",21727,21727,"2009v1.0, 2009v1.1, 2009v1.2, 2009v1.3, 2009v1.4, 2009v1.7"
"/Return/ReturnData/IRS990ScheduleD/ExpensesSubtotal",21719,21719,"2009v1.0, 2009v1.1, 2009v1.2, 2009v1.3, 2009v1.4, 2009v1.7"
"/Return/ReturnData/IRS990/PrepaidExpensesDeferredCharges/BOY",21426,21426,"2009v1.0, 2009v1.1, 2009v1.2, 2009v1.3, 2009v1.4, 2009v1.7"
"/Return/ReturnData/IRS990/ComplianceWithBackupWitholding",21408,21408,"2009v1.0, 2009v1.1, 2009v1.2, 2009v1.3, 2009v1.4, 2009v1.7"
"/Return/ReturnData/IRS990/OtherRevenueMisc/BusinessCode",21404,13254,"2009v1.0, 2009v1.1, 2009v1.2, 2009v1.3, 2009v1.4, 2009v1.7"
"/Return/ReturnData/IRS990ScheduleR/Form990ScheduleRPartIV",21274,4294,"2009v1.0, 2009v1.1, 2009v1.2, 2009v1.3, 2009v1.4, 2009v1.7"
"/Return/ReturnData/IRS990ScheduleR/Form990ScheduleRPartIV/NameOfRelatedOrg",21270,4290,"2009v1.0, 2009v1.1, 2009v1.2, 2009v1.3, 2009v1.4, 2009v1.7"
"/Return/ReturnData/IRS990ScheduleR/Form990ScheduleRPartIV/NameOfRelatedOrg/BusinessNameLine1",21270,4290,"2009v1.0, 2009v1.1, 2009v1.2, 2009v1.3, 2009v1.4, 2009v1.7"
"/Return/ReturnData/IRS990/PayrollTaxes/ProgramServices",21249,21249,"2009v1.0, 2009v1.1, 2009v1.2, 2009v1.3, 2009v1.4, 2009v1.7"
"/Return/ReturnData/IRS990/TotalOtherRevenue",21235,21235,"2009v1.0, 2009v1.1, 2009v1.2, 2009v1.3, 2009v1.4, 2009v1.7"
"/Return/ReturnData/IRS990ScheduleR/Form990ScheduleRPartIV/PrimaryActivity",21224,4262,"2009v1.0, 2009v1.2, 2009v1.3, 2009v1.4, 2009v1.7"
"/Return/ReturnData/IRS990/OtherAssetsTotal",21092,21092,"2009v1.0, 2009v1.1, 2009v1.2, 2009v1.3, 2009v1.4, 2009v1.7"
"/Return/ReturnData/IRS990/Advertising",21030,21030,"2009v1.0, 2009v1.1, 2009v1.2, 2009v1.3, 2009v1.4, 2009v1.7"
"/Return/ReturnData/IRS990/Advertising/Total",21030,21030,"2009v1.0, 2009v1.1, 2009v1.2, 2009v1.3, 2009v1.4, 2009v1.7"
"/Return/ReturnData/IRS990/AllOtherExpenses",20783,20783,"2009v1.0, 2009v1.1, 2009v1.2, 2009v1.3, 2009v1.4, 2009v1.7"
"/Return/ReturnData/IRS990/DepreciationDepletion/ProgramServices",20773,20773,"2009v1.0, 2009v1.1, 2009v1.2, 2009v1.3, 2009v1.4, 2009v1.7"
"/Return/ReturnData/IRS990/AllOtherExpenses/Total",20768,20768,"2009v1.0, 2009v1.1, 2009v1.2, 2009v1.3, 2009v1.4, 2009v1.7"
"/Return/ReturnData/IRS990/FeesForServicesAccounting/ManagementAndGeneral",20758,20758,"2009v1.0, 2009v1.1, 2009v1.2, 2009v1.3, 2009v1.4, 2009v1.7"
"/Return/ReturnData/IRS990/Occupancy/ProgramServices",20730,20730,"2009v1.0, 2009v1.1, 2009v1.2, 2009v1.3, 2009v1.4, 2009v1.7"
"/Return/ReturnData/IRS990ScheduleR/Form990ScheduleRPartIV/TypeOfEntity",20715,4109,"2009v1.0, 2009v1.2, 2009v1.3, 2009v1.4, 2009v1.7"
"/Return/ReturnData/IRS990/OfficeExpenses/ManagementAndGeneral",20696,20696,"2009v1.0, 2009v1.1, 2009v1.2, 2009v1.3, 2009v1.4, 2009v1.7"
"/Return/ReturnData/IRS990/OtherAssetsTotal/EOY",20615,20615,"2009v1.0, 2009v1.1, 2009v1.2, 2009v1.3, 2009v1.4, 2009v1.7"
"/Return/ReturnData/IRS990ScheduleD/Equipment/OtherCostOrOtherBasis",20546,20546,"2009v1.0, 2009v1.1, 2009v1.2, 2009v1.3, 2009v1.4, 2009v1.7"
"/Return/ReturnData/IRS990/Revenue",20446,20446,"2009v1.0, 2009v1.1, 2009v1.2, 2009v1.3, 2009v1.4, 2009v1.7"
"/Return/ReturnData/IRS990ScheduleR/Form990ScheduleRPartII/DirectControllingEntityNA",20314,6551,"2009v1.0, 2009v1.2, 2009v1.3, 2009v1.4, 2009v1.7"
"/Return/ReturnData/IRS990/ConferencesMeetings",20283,20283,"2009v1.0, 2009v1.1, 2009v1.2, 2009v1.3, 2009v1.4, 2009v1.7"
"/Return/ReturnData/IRS990/OtherSalariesAndWages/ManagementAndGeneral",20283,20283,"2009v1.0, 2009v1.1, 2009v1.2, 2009v1.3, 2009v1.4, 2009v1.7"
"/Return/ReturnData/IRS990/ConferencesMeetings/Total",20282,20282,"2009v1.0, 2009v1.1, 2009v1.2, 2009v1.3, 2009v1.4, 2009v1.7"
"/Return/ReturnData/IRS990/OfficeExpenses/ProgramServices",19836,19836,"2009v1.0, 2009v1.1, 2009v1.2, 2009v1.3, 2009v1.4, 2009v1.7"
"/Return/ReturnData/IRS990ScheduleR/Form990ScheduleRPartIII",19706,2479,"2009v1.0, 2009v1.1, 2009v1.2, 2009v1.3, 2009v1.4, 2009v1.7"
"/Return/ReturnData/IRS990/OtherEmployeeBenefits/ProgramServices",19703,19703,"2009v1.0, 2009v1.1, 2009v1.2, 2009v1.3, 2009v1.4, 2009v1.7"
"/Return/ReturnData/IRS990ScheduleR/Form990ScheduleRPartIII/NameOfRelatedOrg",19686,2460,"2009v1.0, 2009v1.1, 2009v1.2, 2009v1.3, 2009v1.4, 2009v1.7"
"/Return/ReturnData/IRS990ScheduleR/Form990ScheduleRPartIII/NameOfRelatedOrg/BusinessNameLine1",19686,2460,"2009v1.0, 2009v1.1, 2009v1.2, 2009v1.3, 2009v1.4, 2009v1.7"
"/Return/ReturnData/IRS990ScheduleR/Form990ScheduleRPartIII/PrimaryActivity",19648,2439,"2009v1.0, 2009v1.2, 2009v1.3, 2009v1.4, 2009v1.7"
"/Return/ReturnData/IRS990/OtherLiabilities",19586,19586,"2009v1.0, 2009v1.1, 2009v1.2, 2009v1.3, 2009v1.4, 2009v1.7"
"/Return/ReturnData/IRS990ScheduleR/Form990ScheduleRPartIII/LegalDomicileState",19530,2439,"2009v1.2, 2009v1.3, 2009v1.4, 2009v1.7"
"/Return/ReturnData/IRS990/PayrollTaxes/ManagementAndGeneral",19461,19461,"2009v1.0, 2009v1.1, 2009v1.2, 2009v1.3, 2009v1.4, 2009v1.7"
"/Return/ReturnData/IRS990ScheduleR/Form990ScheduleRPartIV/EIN",19453,4163,"2009v1.0, 2009v1.2, 2009v1.3, 2009v1.4, 2009v1.7"
"/Return/ReturnData/IRS990ScheduleD/OtherAssets",19442,7537,"2009v1.0, 2009v1.1, 2009v1.2, 2009v1.3, 2009v1.4, 2009v1.7"
"/Return/ReturnData/IRS990ScheduleR/Form990ScheduleRPartIII/AddressUS",19431,2408,"2009v1.0, 2009v1.2, 2009v1.3, 2009v1.4, 2009v1.7"
"/Return/ReturnData/IRS990ScheduleR/Form990ScheduleRPartIII/AddressUS/AddressLine1",19431,2408,"2009v1.0, 2009v1.2, 2009v1.3, 2009v1.4, 2009v1.7"
"/Return/ReturnData/IRS990ScheduleR/Form990ScheduleRPartIII/AddressUS/City",19431,2408,"2009v1.0, 2009v1.2, 2009v1.3, 2009v1.4, 2009v1.7"
"/Return/ReturnData/IRS990ScheduleR/Form990ScheduleRPartIII/AddressUS/State",19431,2408,"2009v1.0, 2009v1.2, 2009v1.3, 2009v1.4, 2009v1.7"
"/Return/ReturnData/IRS990ScheduleR/Form990ScheduleRPartIII/AddressUS/ZIPCode",19431,2408,"2009v1.0, 2009v1.2, 2009v1.3, 2009v1.4, 2009v1.7"
"/Return/ReturnData/IRS990ScheduleD/OtherAssets/Description",19430,7528,"2009v1.0, 2009v1.1, 2009v1.2, 2009v1.3, 2009v1.4, 2009v1.7"
"/Return/ReturnData/IRS990/FeesForServicesLegal",19420,19420,"2009v1.0, 2009v1.1, 2009v1.2, 2009v1.3, 2009v1.4, 2009v1.7"
"/Return/ReturnData/IRS990/FeesForServicesLegal/Total",19420,19420,"2009v1.0, 2009v1.1, 2009v1.2, 2009v1.3, 2009v1.4, 2009v1.7"
"/Return/ReturnData/IRS990ScheduleR/Form990ScheduleRPartIII/EIN",19402,2393,"2009v1.0, 2009v1.2, 2009v1.3, 2009v1.4, 2009v1.7"
"/Return/ReturnData/IRS990/Interest",19302,19302,"2009v1.0, 2009v1.1, 2009v1.2, 2009v1.3, 2009v1.4, 2009v1.7"
"/Return/ReturnData/IRS990/Interest/Total",19302,19302,"2009v1.0, 2009v1.1, 2009v1.2, 2009v1.3, 2009v1.4, 2009v1.7"
"/Return/ReturnData/IRS990/OtherLiabilities/EOY",19029,19029,"2009v1.0, 2009v1.1, 2009v1.2, 2009v1.3, 2009v1.4, 2009v1.7"
"/Return/ReturnData/IRS990ScheduleD/OtherAssets/BookValue",19027,7489,"2009v1.0, 2009v1.1, 2009v1.2, 2009v1.3, 2009v1.4, 2009v1.7"
"/Return/ReturnData/IRS990/OtherLiabilities/BOY",19022,19022,"2009v1.0, 2009v1.1, 2009v1.2, 2009v1.3, 2009v1.4, 2009v1.7"
"/Return/ReturnData/IRS990/OtherAssetsTotal/BOY",19015,19015,"2009v1.0, 2009v1.1, 2009v1.2, 2009v1.3, 2009v1.4, 2009v1.7"
"/Return/ReturnData/IRS990ScheduleI/RecipientTable/AmountOfNonCashAssistance",18963,1251,"2009v1.1, 2009v1.2, 2009v1.3, 2009v1.4, 2009v1.7"
"/Return/ReturnHeader/Preparer/DatePrepared",18849,18849,"2009v1.1, 2009v1.2, 2009v1.3, 2009v1.4, 2009v1.7"
"/Return/ReturnData/IRS990ScheduleR/Form990ScheduleRPartIV/AddressUS",18707,4167,"2009v1.0, 2009v1.2, 2009v1.3, 2009v1.4, 2009v1.7"
"/Return/ReturnData/IRS990ScheduleR/Form990ScheduleRPartIV/AddressUS/AddressLine1",18707,4167,"2009v1.0, 2009v1.2, 2009v1.3, 2009v1.4, 2009v1.7"
"/Return/ReturnData/IRS990ScheduleR/Form990ScheduleRPartIV/AddressUS/City",18707,4167,"2009v1.0, 2009v1.2, 2009v1.3, 2009v1.4, 2009v1.7"
"/Return/ReturnData/IRS990ScheduleR/Form990ScheduleRPartIV/AddressUS/State",18707,4167,"2009v1.0, 2009v1.2, 2009v1.3, 2009v1.4, 2009v1.7"
"/Return/ReturnData/IRS990ScheduleR/Form990ScheduleRPartIV/AddressUS/ZIPCode",18707,4167,"2009v1.0, 2009v1.2, 2009v1.3, 2009v1.4, 2009v1.7"
"/Return/ReturnData/IRS990ScheduleR/Form990ScheduleRPartIV/LegalDomicileState",18656,4162,"2009v1.0, 2009v1.2, 2009v1.3, 2009v1.4, 2009v1.7"
"/Return/ReturnData/IRS990/PensionPlanContributions",18521,18521,"2009v1.0, 2009v1.1, 2009v1.2, 2009v1.3, 2009v1.4, 2009v1.7"
"/Return/ReturnData/IRS990/PensionPlanContributions/Total",18521,18521,"2009v1.0, 2009v1.1, 2009v1.2, 2009v1.3, 2009v1.4, 2009v1.7"
"/Return/ReturnData/IRS990EZ/ProgramServiceAccomplishment/ProgramServiceExpenses",18499,11785,"2009v1.0, 2009v1.1, 2009v1.2, 2009v1.3, 2009v1.4, 2009v1.7"
"/Return/ReturnData/IRS990ScheduleD/TotalOfAmounts",18450,18450,"2009v1.0, 2009v1.1, 2009v1.2, 2009v1.3, 2009v1.4, 2009v1.7"
"/Return/ReturnData/IRS990/Travel/ProgramServices",18069,18069,"2009v1.0, 2009v1.1, 2009v1.2, 2009v1.3, 2009v1.4, 2009v1.7"
"/Return/ReturnData/IRS990ScheduleD/RevenueNotRptdF990",18048,18048,"2009v1.0, 2009v1.1, 2009v1.2, 2009v1.3, 2009v1.4, 2009v1.7"
"/Return/ReturnData/IRS990ScheduleD/Buildings",18041,18041,"2009v1.0, 2009v1.1, 2009v1.2, 2009v1.3, 2009v1.4, 2009v1.7"
"/Return/ReturnData/IRS990ScheduleD/TotalAdjustments",18027,18027,"2009v1.0, 2009v1.1, 2009v1.2, 2009v1.3, 2009v1.4, 2009v1.7"
"/Return/ReturnData/IRS990/OtherEmployeeBenefits/ManagementAndGeneral",17983,17983,"2009v1.0, 2009v1.1, 2009v1.2, 2009v1.3, 2009v1.4, 2009v1.7"
"/Return/ReturnData/IRS990/Occupancy/ManagementAndGeneral",17487,17487,"2009v1.0, 2009v1.1, 2009v1.2, 2009v1.3, 2009v1.4, 2009v1.7"
"/Return/ReturnData/IRS990/TheBooksAreInCareOf/NameBusiness",17440,17440,"2009v1.2, 2009v1.3, 2009v1.4, 2009v1.7"
"/Return/ReturnData/IRS990/TheBooksAreInCareOf/NameBusiness/BusinessNameLine1",17440,17440,"2009v1.2, 2009v1.3, 2009v1.4, 2009v1.7"
"/Return/ReturnData/IRS990ScheduleD/OtherLandBuildings",17417,17417,"2009v1.0, 2009v1.1, 2009v1.2, 2009v1.3, 2009v1.4, 2009v1.7"
"/Return/ReturnData/IRS990/DepreciationDepletion/ManagementAndGeneral",17279,17279,"2009v1.0, 2009v1.1, 2009v1.2, 2009v1.3, 2009v1.4, 2009v1.7"
"/Return/ReturnData/IRS990/Insurance/ManagementAndGeneral",17267,17267,"2009v1.0, 2009v1.1, 2009v1.2, 2009v1.3, 2009v1.4, 2009v1.7"
"/Return/ReturnData/IRS990/Insurance/ProgramServices",17235,17235,"2009v1.0, 2009v1.1, 2009v1.2, 2009v1.3, 2009v1.4, 2009v1.7"
"/Return/ReturnData/IRS990ScheduleA/PublicSupportTotal170",17225,17225,"2009v1.0, 2009v1.1, 2009v1.2, 2009v1.3, 2009v1.4, 2009v1.7"
"/Return/ReturnData/IRS990ScheduleA/PublicSupportPertcentage170",17175,17175,"2009v1.0, 2009v1.1, 2009v1.2, 2009v1.3, 2009v1.4, 2009v1.7"
"/Return/ReturnData/IRS990ScheduleD/ExpensesNotRptdF990",16911,16911,"2009v1.0, 2009v1.1, 2009v1.2, 2009v1.3, 2009v1.4, 2009v1.7"
"/Return/ReturnData/IRS990/NetGainOrLossInvestments",16815,16815,"2009v1.0, 2009v1.1, 2009v1.2, 2009v1.3, 2009v1.4, 2009v1.7"
"/Return/ReturnData/IRS990/NetGainOrLossInvestments/TotalRevenueColumn",16815,16815,"2009v1.0, 2009v1.1, 2009v1.2, 2009v1.3, 2009v1.4, 2009v1.7"
"/Return/ReturnData/IRS990ScheduleD/Buildings/BookValue",16815,16815,"2009v1.0, 2009v1.1, 2009v1.2, 2009v1.3, 2009v1.4, 2009v1.7"
"/Return/ReturnData/IRS990ScheduleD/Land",16746,16746,"2009v1.0, 2009v1.1, 2009v1.2, 2009v1.3, 2009v1.4, 2009v1.7"
"/Return/ReturnData/IRS990/CompCurrentOfficersDirectors/ManagementAndGeneral",16669,16669,"2009v1.0, 2009v1.1, 2009v1.2, 2009v1.3, 2009v1.4, 2009v1.7"
"/Return/ReturnData/IRS990/TemporarilyRestrictedNetAssets",16464,16464,"2009v1.0, 2009v1.1, 2009v1.2, 2009v1.3, 2009v1.4, 2009v1.7"
"/Return/ReturnData/IRS990/AllOtherExpenses/ProgramServices",16331,16331,"2009v1.0, 2009v1.1, 2009v1.2, 2009v1.3, 2009v1.4, 2009v1.7"
"/Return/ReturnData/IRS990ScheduleD/Buildings/Depreciation",16263,16263,"2009v1.0, 2009v1.1, 2009v1.2, 2009v1.3, 2009v1.4, 2009v1.7"
"/Return/ReturnData/IRS990/OtherRevenueMisc/RelatedOrExemptFunctionIncome",16148,10734,"2009v1.0, 2009v1.1, 2009v1.2, 2009v1.3, 2009v1.4, 2009v1.7"
"/Return/ReturnData/IRS990/Form990PartVIISectionA/KeyEmployee",16137,6684,"2009v1.0, 2009v1.1, 2009v1.2, 2009v1.3, 2009v1.4, 2009v1.7"
"/Return/ReturnData/IRS990/TemporarilyRestrictedNetAssets/EOY",16127,16127,"2009v1.0, 2009v1.1, 2009v1.2, 2009v1.3, 2009v1.4, 2009v1.7"
"/Return/ReturnData/IRS990ScheduleI/RecipientTable/MethodOfValuation",16062,1184,"2009v1.0, 2009v1.1, 2009v1.2, 2009v1.3, 2009v1.4, 2009v1.7"
"/Return/ReturnData/IRS990ScheduleD/OtherLandBuildings/BookValue",15875,15875,"2009v1.0, 2009v1.1, 2009v1.2, 2009v1.3, 2009v1.4, 2009v1.7"
"/Return/ReturnData/IRS990/TheBooksAreInCareOf/NamePerson",15871,15871,"2009v1.0, 2009v1.1, 2009v1.2, 2009v1.3, 2009v1.4, 2009v1.7"
"/Return/ReturnData/IRS990ScheduleA/TotalSupport",15837,15837,"2009v1.0, 2009v1.1, 2009v1.2, 2009v1.3, 2009v1.4, 2009v1.7"
"/Return/ReturnData/IRS990/Travel/ManagementAndGeneral",15824,15824,"2009v1.0, 2009v1.1, 2009v1.2, 2009v1.3, 2009v1.4, 2009v1.7"
"/Return/ReturnData/IRS990ScheduleA/GiftsGrantsContribReceived170",15767,15767,"2009v1.0, 2009v1.1, 2009v1.2, 2009v1.3, 2009v1.4, 2009v1.7"
"/Return/ReturnData/IRS990ScheduleA/GiftsGrantsContribReceived170/Total",15767,15767,"2009v1.0, 2009v1.1, 2009v1.2, 2009v1.3, 2009v1.4, 2009v1.7"
"/Return/ReturnData/IRS990ScheduleA/Total170",15763,15763,"2009v1.0, 2009v1.1, 2009v1.2, 2009v1.3, 2009v1.4, 2009v1.7"
"/Return/ReturnData/IRS990ScheduleA/Total170/Total",15762,15762,"2009v1.0, 2009v1.1, 2009v1.2, 2009v1.3, 2009v1.4, 2009v1.7"
"/Return/ReturnData/IRS990/TemporarilyRestrictedNetAssets/BOY",15718,15718,"2009v1.0, 2009v1.1, 2009v1.2, 2009v1.3, 2009v1.4, 2009v1.7"
"/Return/ReturnData/IRS990ScheduleA/GrossInvestmentIncome170",15668,15668,"2009v1.0, 2009v1.1, 2009v1.2, 2009v1.3, 2009v1.4, 2009v1.7"
"/Return/ReturnData/IRS990ScheduleA/GrossInvestmentIncome170/Total",15668,15668,"2009v1.0, 2009v1.1, 2009v1.2, 2009v1.3, 2009v1.4, 2009v1.7"
"/Return/ReturnData/IRS990/InformationTechnology",15591,15591,"2009v1.0, 2009v1.1, 2009v1.2, 2009v1.3, 2009v1.4, 2009v1.7"
"/Return/ReturnData/IRS990/InformationTechnology/Total",15591,15591,"2009v1.0, 2009v1.1, 2009v1.2, 2009v1.3, 2009v1.4, 2009v1.7"
"/Return/ReturnData/IRS990EZ",15470,15470,"2009v1.0, 2009v1.1, 2009v1.2, 2009v1.3, 2009v1.4, 2009v1.7"
"/Return/ReturnData/IRS990EZ/ActivitiesNotPreviouslyRpt",15470,15470,"2009v1.0, 2009v1.1, 2009v1.2, 2009v1.3, 2009v1.4, 2009v1.7"
"/Return/ReturnData/IRS990EZ/MadeChangesToOrgnzngEtcDoc",15470,15470,"2009v1.0, 2009v1.1, 2009v1.2, 2009v1.3, 2009v1.4, 2009v1.7"
"/Return/ReturnData/IRS990EZ/MadeLoansToFromOfficers",15470,15470,"2009v1.0, 2009v1.1, 2009v1.2, 2009v1.3, 2009v1.4, 2009v1.7"
"/Return/ReturnData/IRS990EZ/MaintainAnyDonorAdvisedFunds",15470,15470,"2009v1.0, 2009v1.1, 2009v1.2, 2009v1.3, 2009v1.4, 2009v1.7"
"/Return/ReturnData/IRS990EZ/NetAssetsOrFundBalances",15470,15470,"2009v1.0, 2009v1.1, 2009v1.2, 2009v1.3, 2009v1.4, 2009v1.7"
"/Return/ReturnData/IRS990EZ/NetAssetsOrFundBalances/BOY",15470,15470,"2009v1.0, 2009v1.1, 2009v1.2, 2009v1.3, 2009v1.4, 2009v1.7"
"/Return/ReturnData/IRS990EZ/NetAssetsOrFundBalances/EOY",15470,15470,"2009v1.0, 2009v1.1, 2009v1.2, 2009v1.3, 2009v1.4, 2009v1.7"
"/Return/ReturnData/IRS990EZ/OrganizationDissolvedEtc",15470,15470,"2009v1.0, 2009v1.1, 2009v1.2, 2009v1.3, 2009v1.4, 2009v1.7"
"/Return/ReturnData/IRS990EZ/OrganizationHadUBI",15470,15470,"2009v1.0, 2009v1.1, 2009v1.2, 2009v1.3, 2009v1.4, 2009v1.7"
"/Return/ReturnData/IRS990EZ/PrimaryExemptPurpose",15470,15470,"2009v1.0, 2009v1.1, 2009v1.2, 2009v1.3, 2009v1.4, 2009v1.7"
"/Return/ReturnData/IRS990EZ/RelatedOrgControlledEntity",15470,15470,"2009v1.0, 2009v1.1, 2009v1.2, 2009v1.3, 2009v1.4, 2009v1.7"
"/Return/ReturnData/IRS990EZ/TheBooksAreInCareOf",15470,15470,"2009v1.0, 2009v1.1, 2009v1.2, 2009v1.3, 2009v1.4, 2009v1.7"
"/Return/ReturnData/IRS990EZ/TheBooksAreInCareOf/TelephoneNumber",15470,15470,"2009v1.0, 2009v1.1, 2009v1.2, 2009v1.3, 2009v1.4, 2009v1.7"
"/Return/ReturnData/IRS990EZ/TotalAssets",15470,15470,"2009v1.0, 2009v1.1, 2009v1.2, 2009v1.3, 2009v1.4, 2009v1.7"
"/Return/ReturnData/IRS990EZ/TotalAssets/BOY",15470,15470,"2009v1.0, 2009v1.1, 2009v1.2, 2009v1.3, 2009v1.4, 2009v1.7"
"/Return/ReturnData/IRS990EZ/TotalAssets/EOY",15470,15470,"2009v1.0, 2009v1.1, 2009v1.2, 2009v1.3, 2009v1.4, 2009v1.7"
"/Return/ReturnData/IRS990ScheduleA/Total170/CurrentTaxYear",15466,15466,"2009v1.0, 2009v1.1, 2009v1.2, 2009v1.3, 2009v1.4, 2009v1.7"
"/Return/ReturnData/IRS990EZ/Organization501c",15464,15464,"2009v1.0, 2009v1.1, 2009v1.2, 2009v1.3, 2009v1.4, 2009v1.7"
"/Return/ReturnData/IRS990EZ/TheBooksAreInCareOf/AddressUS",15455,15455,"2009v1.0, 2009v1.1, 2009v1.2, 2009v1.3, 2009v1.4, 2009v1.7"
"/Return/ReturnData/IRS990EZ/TheBooksAreInCareOf/AddressUS/AddressLine1",15455,15455,"2009v1.0, 2009v1.1, 2009v1.2, 2009v1.3, 2009v1.4, 2009v1.7"
"/Return/ReturnData/IRS990EZ/TheBooksAreInCareOf/AddressUS/City",15455,15455,"2009v1.0, 2009v1.1, 2009v1.2, 2009v1.3, 2009v1.4, 2009v1.7"
"/Return/ReturnData/IRS990EZ/TheBooksAreInCareOf/AddressUS/State",15455,15455,"2009v1.0, 2009v1.1, 2009v1.2, 2009v1.3, 2009v1.4, 2009v1.7"
"/Return/ReturnData/IRS990EZ/TheBooksAreInCareOf/AddressUS/ZIPCode",15455,15455,"2009v1.0, 2009v1.1, 2009v1.2, 2009v1.3, 2009v1.4, 2009v1.7"
"/Return/ReturnData/IRS990ScheduleD/Buildings/OtherCostOrOtherBasis",15450,15450,"2009v1.0, 2009v1.1, 2009v1.2, 2009v1.3, 2009v1.4, 2009v1.7"
"/Return/ReturnData/IRS990ScheduleA/GiftsGrantsContribReceived170/CurrentTaxYear",15439,15439,"2009v1.0, 2009v1.1, 2009v1.2, 2009v1.3, 2009v1.4, 2009v1.7"
"/Return/ReturnData/IRS990EZ/ForeignFinancialAccount",15424,15424,"2009v1.0, 2009v1.1, 2009v1.2, 2009v1.3, 2009v1.4, 2009v1.7"
"/Return/ReturnData/IRS990EZ/ForeignOffice",15422,15422,"2009v1.0, 2009v1.1, 2009v1.2, 2009v1.3, 2009v1.4, 2009v1.7"
"/Return/ReturnData/IRS990ScheduleD/Land/BookValue",15370,15370,"2009v1.0, 2009v1.1, 2009v1.2, 2009v1.3, 2009v1.4, 2009v1.7"
"/Return/ReturnData/IRS990EZ/GrossReceipts",15355,15355,"2009v1.0, 2009v1.1, 2009v1.2, 2009v1.3, 2009v1.4, 2009v1.7"
"/Return/ReturnData/IRS990EZ/TotalRevenue",15342,15342,"2009v1.0, 2009v1.1, 2009v1.2, 2009v1.3, 2009v1.4, 2009v1.7"
"/Return/ReturnData/IRS990EZ/ExcessOrDeficitForYear",15333,15333,"2009v1.0, 2009v1.1, 2009v1.2, 2009v1.3, 2009v1.4, 2009v1.7"
"/Return/ReturnData/IRS990EZ/ProhibitedTaxShelterTrans",15313,15313,"2009v1.0, 2009v1.1, 2009v1.2, 2009v1.3, 2009v1.4, 2009v1.7"
"/Return/ReturnData/IRS990EZ/NetAssetsOrFundBalancesEOY",15310,15310,"2009v1.0, 2009v1.1, 2009v1.2, 2009v1.3, 2009v1.4, 2009v1.7"
"/Return/ReturnData/IRS990EZ/TotalExpenses",15302,15302,"2009v1.0, 2009v1.1, 2009v1.2, 2009v1.3, 2009v1.4, 2009v1.7"
"/Return/ReturnData/IRS990ScheduleA/PubliclySupportedOrg170b1Avi",15284,15284,"2009v1.0, 2009v1.1, 2009v1.2, 2009v1.3, 2009v1.4, 2009v1.7"
"/Return/ReturnData/IRS990ScheduleD/RevenueNotRptdOnFinStmt",15277,15277,"2009v1.0, 2009v1.1, 2009v1.2, 2009v1.3, 2009v1.4, 2009v1.7"
"/Return/ReturnData/IRS990ScheduleA/Total170/CurrentTaxYearMinus1Year",15254,15254,"2009v1.0, 2009v1.1, 2009v1.2, 2009v1.3, 2009v1.4, 2009v1.7"
"/Return/ReturnData/IRS990EZ/NetAssetsOrFundBalancesBOY",15233,15233,"2009v1.0, 2009v1.1, 2009v1.2, 2009v1.3, 2009v1.4, 2009v1.7"
"/Return/ReturnData/IRS990EZ/CashSavingsAndInvestments",15228,15228,"2009v1.0, 2009v1.1, 2009v1.2, 2009v1.3, 2009v1.4, 2009v1.7"
"/Return/ReturnData/IRS990ScheduleA/GiftsGrantsContribReceived170/CurrentTaxYearMinus1Year",15206,15206,"2009v1.0, 2009v1.1, 2009v1.2, 2009v1.3, 2009v1.4, 2009v1.7"
"/Return/ReturnData/IRS990/FinancialStatementSeparate",15147,15147,"2009v1.0, 2009v1.1, 2009v1.2, 2009v1.3, 2009v1.4, 2009v1.7"
"/Return/ReturnData/IRS990ScheduleD/ExpensesNotRptdOnFinStmt",15114,15114,"2009v1.0, 2009v1.1, 2009v1.2, 2009v1.3, 2009v1.4, 2009v1.7"
"/Return/ReturnData/IRS990EZ/ProgramServiceAccomplishment/GrantsAndAllocations",15105,9510,"2009v1.0, 2009v1.1, 2009v1.2, 2009v1.3, 2009v1.4, 2009v1.7"
"/Return/ReturnData/IRS990EZ/CashSavingsAndInvestments/EOY",15092,15092,"2009v1.0, 2009v1.1, 2009v1.2, 2009v1.3, 2009v1.4, 2009v1.7"
"/Return/ReturnData/IRS990EZ/CashSavingsAndInvestments/BOY",15043,15043,"2009v1.0, 2009v1.1, 2009v1.2, 2009v1.3, 2009v1.4, 2009v1.7"
"/Return/ReturnData/IRS990ScheduleA/PublicSupportTotal509",14979,14979,"2009v1.0, 2009v1.1, 2009v1.2, 2009v1.3, 2009v1.4, 2009v1.7"
"/Return/ReturnData/IRS990ScheduleA/PublicSupportPercentage509",14975,14975,"2009v1.0, 2009v1.1, 2009v1.2, 2009v1.3, 2009v1.4, 2009v1.7"
"/Return/ReturnData/IRS990ScheduleD/OtherLandBuildings/OtherCostOrOtherBasis",14955,14955,"2009v1.0, 2009v1.1, 2009v1.2, 2009v1.3, 2009v1.4, 2009v1.7"
"/Return/ReturnData/IRS990ScheduleA/Total170/CurrentTaxYearMinus2Years",14942,14942,"2009v1.0, 2009v1.1, 2009v1.2, 2009v1.3, 2009v1.4, 2009v1.7"
"/Return/ReturnData/IRS990ScheduleA/InvestmentIncomePercentage",14916,14916,"2009v1.0, 2009v1.1, 2009v1.2, 2009v1.3, 2009v1.4, 2009v1.7"
"/Return/ReturnData/IRS990ScheduleA/GiftsGrantsContribReceived170/CurrentTaxYearMinus2Years",14874,14874,"2009v1.0, 2009v1.1, 2009v1.2, 2009v1.3, 2009v1.4, 2009v1.7"
"/Return/ReturnData/IRS990EZ/OtherExpensesTotal",14842,14842,"2009v1.0, 2009v1.1, 2009v1.2, 2009v1.3, 2009v1.4, 2009v1.7"
"/Return/ReturnData/IRS990/AllOtherExpenses/ManagementAndGeneral",14819,14819,"2009v1.0, 2009v1.1, 2009v1.2, 2009v1.3, 2009v1.4, 2009v1.7"
"/Return/ReturnData/IRS990/PledgesAndGrantsReceivable",14812,14812,"2009v1.0, 2009v1.1, 2009v1.2, 2009v1.3, 2009v1.4, 2009v1.7"
"/Return/ReturnData/IRS990/FeesForServicesOther/ProgramServices",14731,14731,"2009v1.0, 2009v1.1, 2009v1.2, 2009v1.3, 2009v1.4, 2009v1.7"
"/Return/ReturnData/IRS990/NetIncomeFromFundraisingEvents",14726,14726,"2009v1.0, 2009v1.1, 2009v1.2, 2009v1.3, 2009v1.4, 2009v1.7"
"/Return/ReturnData/IRS990/NetIncomeFromFundraisingEvents/TotalRevenueColumn",14725,14725,"2009v1.0, 2009v1.1, 2009v1.2, 2009v1.3, 2009v1.4, 2009v1.7"
"/Return/ReturnData/IRS990ScheduleA/Total170/CurrentTaxYearMinus3Years",14722,14722,"2009v1.0, 2009v1.1, 2009v1.2, 2009v1.3, 2009v1.4, 2009v1.7"
"/Return/ReturnData/IRS990ScheduleA/GiftsGrantsContribReceived170/CurrentTaxYearMinus3Years",14646,14646,"2009v1.0, 2009v1.1, 2009v1.2, 2009v1.3, 2009v1.4, 2009v1.7"
"/Return/ReturnData/IRS990ScheduleR",14637,14637,"2009v1.0, 2009v1.1, 2009v1.2, 2009v1.3, 2009v1.4, 2009v1.7"
"/Return/ReturnData/IRS990ScheduleF/GrantsToOrgsOutsideUS",14563,567,"2009v1.2, 2009v1.3, 2009v1.4, 2009v1.7"
"/Return/ReturnData/IRS990ScheduleF/GrantsToOrgsOutsideUS/Region",14549,558,"2009v1.2, 2009v1.3, 2009v1.4, 2009v1.7"
"/Return/ReturnData/IRS990ScheduleR/Form990ScheduleRPartIII/GeneralOrManagingPartner",14427,1877,"2009v1.0, 2009v1.2, 2009v1.3, 2009v1.4, 2009v1.7"
"/Return/ReturnData/IRS990ScheduleR/Form990ScheduleRPartIII/DisproportionateAllocations",14413,1876,"2009v1.0, 2009v1.2, 2009v1.3, 2009v1.4, 2009v1.7"
"/Return/ReturnData/IRS990ScheduleA/Total170/CurrentTaxYearMinus4Years",14403,14403,"2009v1.0, 2009v1.1, 2009v1.2, 2009v1.3, 2009v1.4, 2009v1.7"
"/Return/ReturnData/IRS990ScheduleA/ThirtyThreePercntTestsCY170",14389,14389,"2009v1.0, 2009v1.1, 2009v1.2, 2009v1.3, 2009v1.4, 2009v1.7"
"/Return/ReturnData/IRS990ScheduleA/GiftsGrantsContribReceived170/CurrentTaxYearMinus4Years",14317,14317,"2009v1.0, 2009v1.1, 2009v1.2, 2009v1.3, 2009v1.4, 2009v1.7"
"/Return/ReturnData/IRS990/InvestmentsPubTradedSecurities",14270,14270,"2009v1.0, 2009v1.1, 2009v1.2, 2009v1.3, 2009v1.4, 2009v1.7"
"/Return/ReturnData/IRS990EZ/WebSite",14265,14265,"2009v1.0, 2009v1.1, 2009v1.2, 2009v1.3, 2009v1.4, 2009v1.7"
"/Return/ReturnData/IRS990/PledgesAndGrantsReceivable/EOY",14243,14243,"2009v1.0, 2009v1.1, 2009v1.2, 2009v1.3, 2009v1.4, 2009v1.7"
"/Return/ReturnData/IRS990ScheduleR/GiftGrantOrCapContrFrOtherOrg",14224,14224,"2009v1.0, 2009v1.2, 2009v1.3, 2009v1.4, 2009v1.7"
"/Return/ReturnData/IRS990ScheduleR/GiftGrantOrCapContrToOtherOrg",14222,14222,"2009v1.0, 2009v1.2, 2009v1.3, 2009v1.4, 2009v1.7"
"/Return/ReturnData/IRS990ScheduleR/SharingOfPaidEmployees",14222,14222,"2009v1.0, 2009v1.2, 2009v1.3, 2009v1.4, 2009v1.7"
"/Return/ReturnData/IRS990ScheduleR/SharingOfFacilities",14221,14221,"2009v1.0, 2009v1.2, 2009v1.3, 2009v1.4, 2009v1.7"
"/Return/ReturnData/IRS990ScheduleR/ReimbursementPaidToOtherOrg",14219,14219,"2009v1.0, 2009v1.2, 2009v1.3, 2009v1.4, 2009v1.7"
"/Return/ReturnData/IRS990ScheduleR/LoansOrGuaranteesFromOtherOrg",14218,14218,"2009v1.0, 2009v1.1, 2009v1.2, 2009v1.3, 2009v1.4, 2009v1.7"
"/Return/ReturnData/IRS990ScheduleR/PerformOfServicesByOtherOrgs",14218,14218,"2009v1.0, 2009v1.2, 2009v1.3, 2009v1.4, 2009v1.7"
"/Return/ReturnData/IRS990ScheduleR/RentalOfFacilitiesToOtherOrgs",14218,14218,"2009v1.0, 2009v1.2, 2009v1.3, 2009v1.4, 2009v1.7"
"/Return/ReturnData/IRS990ScheduleR/LoansOrGuaranteesToOtherOrg",14217,14217,"2009v1.0, 2009v1.2, 2009v1.3, 2009v1.4, 2009v1.7"
"/Return/ReturnData/IRS990ScheduleR/OtherTransferToOtherOrg",14216,14216,"2009v1.0, 2009v1.2, 2009v1.3, 2009v1.4, 2009v1.7"
"/Return/ReturnData/IRS990ScheduleR/PerformOfServicesForOtherOrgs",14216,14216,"2009v1.0, 2009v1.2, 2009v1.3, 2009v1.4, 2009v1.7"
"/Return/ReturnData/IRS990ScheduleR/ReimbursementPaidByOtherOrg",14216,14216,"2009v1.0, 2009v1.2, 2009v1.3, 2009v1.4, 2009v1.7"
"/Return/ReturnData/IRS990ScheduleR/RentalOfFacilitiesFrOtherOrgs",14216,14216,"2009v1.0, 2009v1.2, 2009v1.3, 2009v1.4, 2009v1.7"
"/Return/ReturnData/IRS990ScheduleR/SaleOfAssetsToOtherOrg",14215,14215,"2009v1.0, 2009v1.2, 2009v1.3, 2009v1.4, 2009v1.7"
"/Return/ReturnData/IRS990ScheduleR/ExchangeOfAssets",14214,14214,"2009v1.0, 2009v1.2, 2009v1.3, 2009v1.4, 2009v1.7"
"/Return/ReturnData/IRS990ScheduleR/ReceiptOfIntAnnRentsRoyalties",14212,14212,"2009v1.0, 2009v1.2, 2009v1.3, 2009v1.4, 2009v1.7"
"/Return/ReturnData/IRS990ScheduleR/PurchaseOfAssetsFromOtherOrg",14208,14208,"2009v1.2, 2009v1.3, 2009v1.4, 2009v1.7"
"/Return/ReturnData/IRS990ScheduleR/OtherTransferFromOtherOrg",14205,14205,"2009v1.0, 2009v1.2, 2009v1.3, 2009v1.4, 2009v1.7"
"/Return/ReturnData/IRS990ScheduleJ",14083,14083,"2009v1.0, 2009v1.1, 2009v1.2, 2009v1.3, 2009v1.4, 2009v1.7"
"/Return/ReturnData/IRS990ScheduleD/Land/OtherCostOrOtherBasis",14074,14074,"2009v1.0, 2009v1.1, 2009v1.2, 2009v1.3, 2009v1.4, 2009v1.7"
"/Return/ReturnData/IRS990ScheduleJ/SupplementalNonqualRetirePlan",14004,14004,"2009v1.0, 2009v1.1, 2009v1.2, 2009v1.3, 2009v1.4, 2009v1.7"
"/Return/ReturnData/IRS990ScheduleJ/SeverancePayment",13998,13998,"2009v1.0, 2009v1.1, 2009v1.2, 2009v1.3, 2009v1.4, 2009v1.7"
"/Return/ReturnData/IRS990ScheduleJ/EquityBasedCompArrangement",13991,13991,"2009v1.0, 2009v1.1, 2009v1.2, 2009v1.3, 2009v1.4, 2009v1.7"
"/Return/ReturnData/IRS990ScheduleD/OtherLandBuildings/Depreciation",13967,13967,"2009v1.0, 2009v1.1, 2009v1.2, 2009v1.3, 2009v1.4, 2009v1.7"
"/Return/ReturnData/IRS990ScheduleF/GrantsToOrgsOutsideUS/PurposeOfGrant",13953,543,"2009v1.2, 2009v1.3, 2009v1.4, 2009v1.7"
"/Return/ReturnData/IRS990/InvestmentsPubTradedSecurities/EOY",13892,13892,"2009v1.0, 2009v1.1, 2009v1.2, 2009v1.3, 2009v1.4, 2009v1.7"
"/Return/ReturnData/IRS990/FeesForServicesOther/ManagementAndGeneral",13729,13729,"2009v1.0, 2009v1.1, 2009v1.2, 2009v1.3, 2009v1.4, 2009v1.7"
"/Return/ReturnData/IRS990/CompCurrentOfficersDirectors/ProgramServices",13628,13628,"2009v1.0, 2009v1.1, 2009v1.2, 2009v1.3, 2009v1.4, 2009v1.7"
"/Return/ReturnData/IRS990ScheduleA/PublicSupportPertcentPriorYear",13603,13603,"2009v1.0, 2009v1.1, 2009v1.2, 2009v1.3, 2009v1.4, 2009v1.7"
"/Return/ReturnData/IRS990/GovernmentGrants",13582,13582,"2009v1.0, 2009v1.1, 2009v1.2, 2009v1.3, 2009v1.4, 2009v1.7"
"/Return/ReturnData/IRS990ScheduleA/TotalSupportTotal",13493,13493,"2009v1.0, 2009v1.1, 2009v1.2, 2009v1.3, 2009v1.4, 2009v1.7"
"/Return/ReturnData/IRS990ScheduleA/TotalSupportTotal/Total",13493,13493,"2009v1.0, 2009v1.1, 2009v1.2, 2009v1.3, 2009v1.4, 2009v1.7"
"/Return/ReturnData/IRS990ScheduleA/PubliclySupportedOrg509a2",13475,13475,"2009v1.0, 2009v1.1, 2009v1.2, 2009v1.3, 2009v1.4, 2009v1.7"
"/Return/ReturnData/IRS990ScheduleA/Total509",13460,13460,"2009v1.0, 2009v1.1, 2009v1.2, 2009v1.3, 2009v1.4, 2009v1.7"
"/Return/ReturnData/IRS990ScheduleA/Total509/Total",13460,13460,"2009v1.0, 2009v1.1, 2009v1.2, 2009v1.3, 2009v1.4, 2009v1.7"
"/Return/ReturnData/IRS990ScheduleF/GrantsToOrgsOutsideUS/AmountOfCashGrant",13447,544,"2009v1.2, 2009v1.3, 2009v1.4, 2009v1.7"
"/Return/ReturnData/IRS990/DeferredRevenue",13292,13292,"2009v1.0, 2009v1.1, 2009v1.2, 2009v1.3, 2009v1.4, 2009v1.7"
"/Return/ReturnData/IRS990/GainOrLoss",13233,13233,"2009v1.0, 2009v1.1, 2009v1.2, 2009v1.3, 2009v1.4, 2009v1.7"
"/Return/ReturnData/IRS990ScheduleA/Total509/CurrentTaxYear",13223,13223,"2009v1.0, 2009v1.1, 2009v1.2, 2009v1.3, 2009v1.4, 2009v1.7"
"/Return/ReturnData/IRS990ScheduleI/RecipientTable/DescriptionOfNonCashAssistance",13186,857,"2009v1.1, 2009v1.2, 2009v1.3, 2009v1.4, 2009v1.7"
"/Return/ReturnData/IRS990ScheduleI/Form990ScheduleIPartIII",13143,5372,"2009v1.0, 2009v1.1, 2009v1.2, 2009v1.3, 2009v1.4, 2009v1.7"
"/Return/ReturnData/IRS990ScheduleI/Form990ScheduleIPartIII/TypeOfGrant",13094,5358,"2009v1.0, 2009v1.1, 2009v1.2, 2009v1.3, 2009v1.4, 2009v1.7"
"/Return/ReturnData/IRS990ScheduleG",12956,12956,"2009v1.0, 2009v1.1, 2009v1.2, 2009v1.3, 2009v1.4, 2009v1.7"
"/Return/ReturnData/IRS990ScheduleA/Total509/CurrentTaxYearMinus1Year",12946,12946,"2009v1.0, 2009v1.1, 2009v1.2, 2009v1.3, 2009v1.4, 2009v1.7"
"/Return/ReturnData/IRS990/Advertising/ProgramServices",12925,12925,"2009v1.0, 2009v1.1, 2009v1.2, 2009v1.3, 2009v1.4, 2009v1.7"
"/Return/ReturnData/IRS990/GrantsToDomesticOrgs",12921,12921,"2009v1.0, 2009v1.1, 2009v1.2, 2009v1.3, 2009v1.4, 2009v1.7"
"/Return/ReturnData/IRS990/GrantsToDomesticOrgs/Total",12921,12921,"2009v1.0, 2009v1.1, 2009v1.2, 2009v1.3, 2009v1.4, 2009v1.7"
"/Return/ReturnData/IRS990ScheduleA/GrossInvestmentIncome170/CurrentTaxYearMinus1Year",12812,12812,"2009v1.0, 2009v1.1, 2009v1.2, 2009v1.3, 2009v1.4, 2009v1.7"
"/Return/ReturnData/IRS990/GrantsToDomesticIndividuals",12751,12751,"2009v1.0, 2009v1.1, 2009v1.2, 2009v1.3, 2009v1.4, 2009v1.7"
"/Return/ReturnData/IRS990/GrantsToDomesticIndividuals/Total",12751,12751,"2009v1.0, 2009v1.1, 2009v1.2, 2009v1.3, 2009v1.4, 2009v1.7"
"/Return/ReturnData/IRS990ScheduleJ/CompBasedOnRevenueOfFilingOrg",12742,12742,"2009v1.0, 2009v1.1, 2009v1.2, 2009v1.3, 2009v1.4, 2009v1.7"
"/Return/ReturnData/IRS990ScheduleJ/CompBasedNetEarningsFilingOrg",12741,12741,"2009v1.0, 2009v1.1, 2009v1.2, 2009v1.3, 2009v1.4, 2009v1.7"
"/Return/ReturnData/IRS990ScheduleJ/CompBasedNetEarningsRelateOrgs",12740,12740,"2009v1.0, 2009v1.1, 2009v1.2, 2009v1.3, 2009v1.4, 2009v1.7"
"/Return/ReturnData/IRS990ScheduleJ/CompBasedOnRevenueRelatedOrgs",12736,12736,"2009v1.0, 2009v1.1, 2009v1.2, 2009v1.3, 2009v1.4, 2009v1.7"
"/Return/ReturnData/IRS990ScheduleJ/AnyNonFixedPayments",12709,12709,"2009v1.0, 2009v1.1, 2009v1.2, 2009v1.3, 2009v1.4, 2009v1.7"
"/Return/ReturnData/IRS990ScheduleJ/InitialContractException",12698,12698,"2009v1.0, 2009v1.1, 2009v1.2, 2009v1.3, 2009v1.4, 2009v1.7"
"/Return/ReturnData/IRS990ScheduleA/GrossInvestmentIncome170/CurrentTaxYear",12667,12667,"2009v1.0, 2009v1.1, 2009v1.2, 2009v1.3, 2009v1.4, 2009v1.7"
"/Return/ReturnData/IRS990ScheduleA/Total509/CurrentTaxYearMinus2Years",12646,12646,"2009v1.0, 2009v1.1, 2009v1.2, 2009v1.3, 2009v1.4, 2009v1.7"
"/Return/ReturnData/IRS990ScheduleF/GrantsToOrgsOutsideUS/MannerOfCashDisbursement",12644,495,"2009v1.2, 2009v1.3, 2009v1.4, 2009v1.7"
"/Return/ReturnData/IRS990EZ/EngagedInExcessBenefitTrans",12633,12633,"2009v1.0, 2009v1.1, 2009v1.2, 2009v1.3, 2009v1.4, 2009v1.7"
"/Return/ReturnData/IRS990ScheduleA/GrossInvestmentIncome170/CurrentTaxYearMinus2Years",12629,12629,"2009v1.0, 2009v1.1, 2009v1.2, 2009v1.3, 2009v1.4, 2009v1.7"
"/Return/ReturnData/IRS990EZ/TotalProgramServiceExpenses",12594,12594,"2009v1.0, 2009v1.1, 2009v1.2, 2009v1.3, 2009v1.4, 2009v1.7"
"/Return/ReturnData/IRS990/ConferencesMeetings/ProgramServices",12564,12564,"2009v1.0, 2009v1.1, 2009v1.2, 2009v1.3, 2009v1.4, 2009v1.7"
"/Return/ReturnData/IRS990/PensionPlanContributions/ProgramServices",12508,12508,"2009v1.0, 2009v1.1, 2009v1.2, 2009v1.3, 2009v1.4, 2009v1.7"
"/Return/ReturnData/IRS990ScheduleA/GrossInvestmentIncome170/CurrentTaxYearMinus3Years",12425,12425,"2009v1.0, 2009v1.1, 2009v1.2, 2009v1.3, 2009v1.4, 2009v1.7"
"/Return/ReturnData/IRS990/DeferredRevenue/EOY",12409,12409,"2009v1.0, 2009v1.1, 2009v1.2, 2009v1.3, 2009v1.4, 2009v1.7"
"/Return/ReturnData/IRS990/Activity2",12366,12366,"2009v1.0, 2009v1.1, 2009v1.2, 2009v1.3, 2009v1.4, 2009v1.7"
"/Return/ReturnData/IRS990/GrantsAndSimilarAmntsPriorYear",12361,12361,"2009v1.0, 2009v1.1, 2009v1.2, 2009v1.3, 2009v1.4, 2009v1.7"
"/Return/ReturnData/IRS990EZ/PartVIOfCompOfHighestPaidEmpl",12336,12336,"2009v1.0, 2009v1.1, 2009v1.2, 2009v1.3, 2009v1.4, 2009v1.7"
"/Return/ReturnData/IRS990ScheduleA/Total509/CurrentTaxYearMinus3Years",12333,12333,"2009v1.0, 2009v1.1, 2009v1.2, 2009v1.3, 2009v1.4, 2009v1.7"
"/Return/ReturnData/IRS990/Activity2/Description",12321,12321,"2009v1.0, 2009v1.1, 2009v1.2, 2009v1.3, 2009v1.4, 2009v1.7"
"/Return/ReturnData/IRS990ScheduleI/Form990ScheduleIPartIII/NumberOfRecipients",12264,5107,"2009v1.0, 2009v1.1, 2009v1.2, 2009v1.3, 2009v1.4, 2009v1.7"
"/Return/ReturnData/IRS990/FeesForServicesManagement",12235,12235,"2009v1.0, 2009v1.1, 2009v1.2, 2009v1.3, 2009v1.4, 2009v1.7"
"/Return/ReturnData/IRS990/FeesForServicesManagement/Total",12235,12235,"2009v1.0, 2009v1.1, 2009v1.2, 2009v1.3, 2009v1.4, 2009v1.7"
"/Return/ReturnData/IRS990/DeferredRevenue/BOY",12222,12222,"2009v1.0, 2009v1.1, 2009v1.2, 2009v1.3, 2009v1.4, 2009v1.7"
"/Return/ReturnData/IRS990/FeesForServicesLegal/ManagementAndGeneral",12220,12220,"2009v1.0, 2009v1.1, 2009v1.2, 2009v1.3, 2009v1.4, 2009v1.7"
"/Return/ReturnData/IRS990ScheduleA/ThirtyThreePercntTestsCY509",12217,12217,"2009v1.0, 2009v1.1, 2009v1.2, 2009v1.3, 2009v1.4, 2009v1.7"
"/Return/ReturnData/IRS990ScheduleA/GiftsGrantsContribReceived509",12211,12211,"2009v1.0, 2009v1.1, 2009v1.2, 2009v1.3, 2009v1.4, 2009v1.7"
"/Return/ReturnData/IRS990ScheduleA/GiftsGrantsContribReceived509/Total",12210,12210,"2009v1.0, 2009v1.1, 2009v1.2, 2009v1.3, 2009v1.4, 2009v1.7"
"/Return/ReturnData/IRS990ScheduleA/GrossInvestmentIncome170/CurrentTaxYearMinus4Years",12134,12134,"2009v1.0, 2009v1.1, 2009v1.2, 2009v1.3, 2009v1.4, 2009v1.7"
"/Return/ReturnData/IRS990ScheduleL/Form990ScheduleLPartIV",12023,4919,"2009v1.0, 2009v1.1, 2009v1.2, 2009v1.3, 2009v1.4, 2009v1.7"
"/Return/ReturnData/IRS990ScheduleA/GrossReceiptsFromAdmissions",12011,12011,"2009v1.0, 2009v1.1, 2009v1.2, 2009v1.3, 2009v1.4, 2009v1.7"
"/Return/ReturnData/IRS990ScheduleA/GrossReceiptsFromAdmissions/Total",12010,12010,"2009v1.0, 2009v1.1, 2009v1.2, 2009v1.3, 2009v1.4, 2009v1.7"
"/Return/ReturnData/IRS990ScheduleD/LeaseholdImprovements",12001,12001,"2009v1.0, 2009v1.1, 2009v1.2, 2009v1.3, 2009v1.4, 2009v1.7"
"/Return/ReturnData/IRS990ScheduleA/Total509/CurrentTaxYearMinus4Years",11993,11993,"2009v1.0, 2009v1.1, 2009v1.2, 2009v1.3, 2009v1.4, 2009v1.7"
"/Return/ReturnData/IRS990/InventoriesForSaleOrUse",11990,11990,"2009v1.0, 2009v1.1, 2009v1.2, 2009v1.3, 2009v1.4, 2009v1.7"
"/Return/ReturnData/IRS990EZ/PartVIAHghstPaidCntrctProfSer",11963,11963,"2009v1.0, 2009v1.1, 2009v1.2, 2009v1.3, 2009v1.4, 2009v1.7"
"/Return/ReturnData/IRS990/MortNotesPyblSecuredInvestProp",11952,11952,"2009v1.0, 2009v1.1, 2009v1.2, 2009v1.3, 2009v1.4, 2009v1.7"
"/Return/ReturnData/IRS990/FeesForServicesInvstMgmntFees",11947,11947,"2009v1.0, 2009v1.1, 2009v1.2, 2009v1.3, 2009v1.4, 2009v1.7"
"/Return/ReturnData/IRS990/FeesForServicesInvstMgmntFees/Total",11947,11947,"2009v1.0, 2009v1.1, 2009v1.2, 2009v1.3, 2009v1.4, 2009v1.7"
"/Return/ReturnData/IRS990ScheduleL/Form990ScheduleLPartIV/SharingOfRevenues",11864,4870,"2009v1.0, 2009v1.2, 2009v1.3, 2009v1.4, 2009v1.7"
"/Return/ReturnData/IRS990ScheduleG/EventsInformation",11776,11776,"2009v1.0, 2009v1.1, 2009v1.2, 2009v1.3, 2009v1.4, 2009v1.7"
"/Return/ReturnData/IRS990/InventoriesForSaleOrUse/EOY",11762,11762,"2009v1.0, 2009v1.1, 2009v1.2, 2009v1.3, 2009v1.4, 2009v1.7"
"/Return/ReturnData/IRS990ScheduleL/Form990ScheduleLPartIV/NameOfInterestedPerson",11756,4913,"2009v1.0, 2009v1.1, 2009v1.2, 2009v1.3, 2009v1.4, 2009v1.7"
"/Return/ReturnData/IRS990/PledgesAndGrantsReceivable/BOY",11748,11748,"2009v1.0, 2009v1.1, 2009v1.2, 2009v1.3, 2009v1.4, 2009v1.7"
"/Return/ReturnData/IRS990ScheduleA/GrossInvestmentIncome509",11730,11730,"2009v1.0, 2009v1.1, 2009v1.2, 2009v1.3, 2009v1.4, 2009v1.7"
"/Return/ReturnData/IRS990ScheduleA/GrossInvestmentIncome509/Total",11729,11729,"2009v1.0, 2009v1.1, 2009v1.2, 2009v1.3, 2009v1.4, 2009v1.7"
"/Return/ReturnData/IRS990ScheduleG/EventsInformation/NameOfEvent1",11705,11705,"2009v1.0, 2009v1.1, 2009v1.2, 2009v1.3, 2009v1.4, 2009v1.7"
"/Return/ReturnData/IRS990ScheduleL/Form990ScheduleLPartIV/Relationship",11696,4839,"2009v1.0, 2009v1.1, 2009v1.2, 2009v1.3, 2009v1.4, 2009v1.7"
"/Return/ReturnData/IRS990/OtherRevenueMisc/ExclusionAmount",11677,7487,"2009v1.0, 2009v1.1, 2009v1.2, 2009v1.3, 2009v1.4, 2009v1.7"
"/Return/ReturnData/IRS990ScheduleG/EventsInformation/GrossReceiptsTotal",11661,11661,"2009v1.0, 2009v1.1, 2009v1.2, 2009v1.3, 2009v1.4, 2009v1.7"
"/Return/ReturnData/IRS990ScheduleI/Form990ScheduleIPartIII/AmountOfCashGrant",11660,4840,"2009v1.0, 2009v1.1, 2009v1.2, 2009v1.3, 2009v1.4, 2009v1.7"
"/Return/ReturnData/IRS990ScheduleG/EventsInformation/GrossReceiptsEvent1",11636,11636,"2009v1.0, 2009v1.1, 2009v1.2, 2009v1.3, 2009v1.4, 2009v1.7"
"/Return/ReturnData/IRS990ScheduleD/EndowmentsHeldByUnrelatedOrgs",11632,11632,"2009v1.0, 2009v1.1, 2009v1.2, 2009v1.3, 2009v1.4, 2009v1.7"
"/Return/ReturnData/IRS990ScheduleD/EndowmentsHeldByRelatedOrgs",11613,11613,"2009v1.0, 2009v1.1, 2009v1.2, 2009v1.3, 2009v1.4, 2009v1.7"
"/Return/ReturnData/IRS990/NoListedPersonsCompensated",11578,11578,"2009v1.0, 2009v1.1, 2009v1.2, 2009v1.3, 2009v1.4, 2009v1.7"
"/Return/ReturnData/IRS990EZ/ContributionsGiftsGrantsEtc",11558,11558,"2009v1.0, 2009v1.1, 2009v1.2, 2009v1.3, 2009v1.4, 2009v1.7"
"/Return/ReturnData/IRS990/PensionPlanContributions/ManagementAndGeneral",11525,11525,"2009v1.0, 2009v1.1, 2009v1.2, 2009v1.3, 2009v1.4, 2009v1.7"
"/Return/ReturnData/IRS990/GrossAmountSalesAssets",11473,11473,"2009v1.0, 2009v1.1, 2009v1.2, 2009v1.3, 2009v1.4, 2009v1.7"
"/Return/ReturnData/IRS990/LessCostOthBasisSalesExpenses",11420,11420,"2009v1.0, 2009v1.1, 2009v1.2, 2009v1.3, 2009v1.4, 2009v1.7"
"/Return/ReturnData/IRS990/MortNotesPyblSecuredInvestProp/BOY",11394,11394,"2009v1.0, 2009v1.1, 2009v1.2, 2009v1.3, 2009v1.4, 2009v1.7"
"/Return/ReturnData/IRS990EZ/OperatingSchool",11374,11374,"2009v1.0, 2009v1.1, 2009v1.2, 2009v1.3, 2009v1.4, 2009v1.7"
"/Return/ReturnData/IRS990EZ/TrnsfrsExemptNonCharRelatedOrg",11337,11337,"2009v1.0, 2009v1.1, 2009v1.2, 2009v1.3, 2009v1.4, 2009v1.7"
"/Return/ReturnData/IRS990EZ/EngageInLobbyingActivities",11330,11330,"2009v1.0, 2009v1.1, 2009v1.2, 2009v1.3, 2009v1.4, 2009v1.7"
"/Return/ReturnData/IRS990EZ/EngagePoliticalCmpgnActivities",11323,11323,"2009v1.0, 2009v1.1, 2009v1.2, 2009v1.3, 2009v1.4, 2009v1.7"
"/Return/ReturnData/IRS990/Activity2/Expense",11315,11315,"2009v1.0, 2009v1.1, 2009v1.2, 2009v1.3, 2009v1.4, 2009v1.7"
"/Return/ReturnData/IRS990ScheduleA/GiftsGrantsContribReceived509/CurrentTaxYear",11291,11291,"2009v1.0, 2009v1.1, 2009v1.2, 2009v1.3, 2009v1.4, 2009v1.7"
"/Return/ReturnData/IRS990/MortNotesPyblSecuredInvestProp/EOY",11282,11282,"2009v1.0, 2009v1.1, 2009v1.2, 2009v1.3, 2009v1.4, 2009v1.7"
"/Return/ReturnData/IRS990/InvestmentsPubTradedSecurities/BOY",11280,11280,"2009v1.0, 2009v1.1, 2009v1.2, 2009v1.3, 2009v1.4, 2009v1.7"
"/Return/ReturnData/IRS990ScheduleG/EventsInformation/NetIncomeSummary",11229,11229,"2009v1.0, 2009v1.1, 2009v1.2, 2009v1.3, 2009v1.4, 2009v1.7"
"/Return/ReturnData/IRS990ScheduleG/EventsInformation/GrossRevenueTotalEvents",11179,11179,"2009v1.1, 2009v1.2, 2009v1.3, 2009v1.4, 2009v1.7"
"/Return/ReturnData/IRS990/ConferencesMeetings/ManagementAndGeneral",11162,11162,"2009v1.0, 2009v1.1, 2009v1.2, 2009v1.3, 2009v1.4, 2009v1.7"
"/Return/ReturnData/IRS990ScheduleA/InvestmentIncomeAndUBTI",11157,11157,"2009v1.0, 2009v1.1, 2009v1.2, 2009v1.3, 2009v1.4, 2009v1.7"
"/Return/ReturnData/IRS990ScheduleA/InvestmentIncomeAndUBTI/Total",11156,11156,"2009v1.0, 2009v1.1, 2009v1.2, 2009v1.3, 2009v1.4, 2009v1.7"
"/Return/ReturnData/IRS990EZ/FeesAndOthPymtToIndContractors",11151,11151,"2009v1.0, 2009v1.1, 2009v1.2, 2009v1.3, 2009v1.4, 2009v1.7"
"/Return/ReturnData/IRS990EZ/ScheduleBNotRequired",11146,11146,"2009v1.0, 2009v1.1, 2009v1.2, 2009v1.3, 2009v1.4, 2009v1.7"
"/Return/ReturnData/IRS990/InvestmentsOtherSecurities",11087,11087,"2009v1.0, 2009v1.1, 2009v1.2, 2009v1.3, 2009v1.4, 2009v1.7"
"/Return/ReturnData/IRS990ScheduleA/GrossReceiptsFromAdmissions/CurrentTaxYear",11052,11052,"2009v1.0, 2009v1.1, 2009v1.2, 2009v1.3, 2009v1.4, 2009v1.7"
"/Return/ReturnData/IRS990EZ/InvestmentIncome",11044,11044,"2009v1.0, 2009v1.1, 2009v1.2, 2009v1.3, 2009v1.4, 2009v1.7"
"/Return/ReturnData/IRS990ScheduleA/PriorYearSupportPercentage",11015,11015,"2009v1.0, 2009v1.1, 2009v1.2, 2009v1.3, 2009v1.4, 2009v1.7"
"/Return/ReturnData/IRS990ScheduleG/EventsInformation/GrossRevenueEvent1",11007,11007,"2009v1.0, 2009v1.1, 2009v1.2, 2009v1.3, 2009v1.4, 2009v1.7"
"/Return/ReturnData/IRS990ScheduleJ/Form990ScheduleJPartIII",10983,6532,"2009v1.2, 2009v1.3, 2009v1.4, 2009v1.7"
"/Return/ReturnData/IRS990ScheduleG/EventsInformation/DirectExpenseSummaryEvents",10965,10965,"2009v1.0, 2009v1.1, 2009v1.2, 2009v1.3, 2009v1.4, 2009v1.7"
"/Return/ReturnData/IRS990ScheduleA/GiftsGrantsContribReceived509/CurrentTaxYearMinus1Year",10940,10940,"2009v1.0, 2009v1.1, 2009v1.2, 2009v1.3, 2009v1.4, 2009v1.7"
"/Return/ReturnData/IRS990ScheduleG/LicensedStates",10936,1615,"2009v1.0, 2009v1.1, 2009v1.2, 2009v1.3, 2009v1.4, 2009v1.7"
"/Return/ReturnData/IRS990/Advertising/ManagementAndGeneral",10933,10933,"2009v1.0, 2009v1.1, 2009v1.2, 2009v1.3, 2009v1.4, 2009v1.7"
"/Return/ReturnData/IRS990ScheduleR/Form990ScheduleRPartIII/PredominantIncomeType",10928,1627,"2009v1.0, 2009v1.2, 2009v1.3, 2009v1.4, 2009v1.7"
"/Return/ReturnData/IRS990ScheduleJ/Form990ScheduleJPartIII/Explanation",10841,6453,"2009v1.2, 2009v1.3, 2009v1.4, 2009v1.7"
"/Return/ReturnData/IRS990EZ/SumOfTotalLiabilities",10827,10827,"2009v1.0, 2009v1.1, 2009v1.2, 2009v1.3, 2009v1.4, 2009v1.7"
"/Return/ReturnData/IRS990ScheduleD/OtherSecurities",10775,4206,"2009v1.0, 2009v1.1, 2009v1.2, 2009v1.3, 2009v1.4, 2009v1.7"
"/Return/ReturnData/IRS990ScheduleD/OtherSecurities/Description",10762,4193,"2009v1.0, 2009v1.1, 2009v1.2, 2009v1.3, 2009v1.4, 2009v1.7"
"/Return/ReturnData/IRS990ScheduleA/GrossReceiptsFromAdmissions/CurrentTaxYearMinus1Year",10760,10760,"2009v1.0, 2009v1.1, 2009v1.2, 2009v1.3, 2009v1.4, 2009v1.7"
"/Return/ReturnData/IRS990ScheduleD/OtherSecurities/BookValue",10745,4203,"2009v1.0, 2009v1.1, 2009v1.2, 2009v1.3, 2009v1.4, 2009v1.7"
"/Return/ReturnData/IRS990/NetIncomeOrLoss",10740,10740,"2009v1.0, 2009v1.1, 2009v1.2, 2009v1.3, 2009v1.4, 2009v1.7"
"/Return/ReturnData/IRS990/NetIncomeOrLoss/TotalRevenueColumn",10740,10740,"2009v1.0, 2009v1.1, 2009v1.2, 2009v1.3, 2009v1.4, 2009v1.7"
"/Return/ReturnData/IRS990/OtherSalariesAndWages/Fundraising",10704,10704,"2009v1.0, 2009v1.1, 2009v1.2, 2009v1.3, 2009v1.4, 2009v1.7"
"/Return/ReturnData/IRS990ScheduleD/OtherSecurities/MethodOfValuation",10673,4164,"2009v1.0, 2009v1.1, 2009v1.2, 2009v1.3, 2009v1.4, 2009v1.7"
"/Return/ReturnData/IRS990/InvestmentsOtherSecurities/EOY",10604,10604,"2009v1.0, 2009v1.1, 2009v1.2, 2009v1.3, 2009v1.4, 2009v1.7"
"/Return/ReturnData/IRS990/Interest/ProgramServices",10546,10546,"2009v1.0, 2009v1.1, 2009v1.2, 2009v1.3, 2009v1.4, 2009v1.7"
"/Return/ReturnData/IRS990ScheduleA/GiftsGrantsContribReceived509/CurrentTaxYearMinus2Years",10540,10540,"2009v1.0, 2009v1.1, 2009v1.2, 2009v1.3, 2009v1.4, 2009v1.7"
"/Return/ReturnData/IRS990ScheduleG/EventsInformation/OtherDirectExpensesTotalEvents",10488,10488,"2009v1.0, 2009v1.1, 2009v1.2, 2009v1.3, 2009v1.4, 2009v1.7"
"/Return/ReturnData/IRS990ScheduleA/GrossReceiptsFromAdmissions/CurrentTaxYearMinus2Years",10472,10472,"2009v1.0, 2009v1.1, 2009v1.2, 2009v1.3, 2009v1.4, 2009v1.7"
"/Return/ReturnData/IRS990EZ/SumOfTotalLiabilities/EOY",10442,10442,"2009v1.0, 2009v1.1, 2009v1.2, 2009v1.3, 2009v1.4, 2009v1.7"
"/Return/ReturnData/IRS990EZ/DidOrgFileForm1120POLThisYear",10414,10414,"2009v1.0, 2009v1.1, 2009v1.2, 2009v1.3, 2009v1.4, 2009v1.7"
"/Return/ReturnData/IRS990/NetRentalIncomeOrLoss",10406,10406,"2009v1.0, 2009v1.1, 2009v1.2, 2009v1.3, 2009v1.4, 2009v1.7"
"/Return/ReturnData/IRS990/NetRentalIncomeOrLoss/TotalRevenueColumn",10406,10406,"2009v1.0, 2009v1.1, 2009v1.2, 2009v1.3, 2009v1.4, 2009v1.7"
"/Return/ReturnData/IRS990/FederalGrantAuditPerformed",10394,10394,"2009v1.0, 2009v1.1, 2009v1.2, 2009v1.3, 2009v1.4, 2009v1.7"
"/Return/ReturnData/IRS990ScheduleR/Form990ScheduleRPartIV/DirectControllingEntityName",10390,2139,"2009v1.0, 2009v1.2, 2009v1.3, 2009v1.4, 2009v1.7"
"/Return/ReturnData/IRS990ScheduleR/Form990ScheduleRPartIV/DirectControllingEntityName/BusinessNameLine1",10390,2139,"2009v1.0, 2009v1.2, 2009v1.3, 2009v1.4, 2009v1.7"
"/Return/ReturnData/IRS990EZ/SumOfTotalLiabilities/BOY",10364,10364,"2009v1.0, 2009v1.1, 2009v1.2, 2009v1.3, 2009v1.4, 2009v1.7"
"/Return/ReturnData/IRS990ScheduleA/InvestmentIncomeAndUBTI/CurrentTaxYearMinus1Year",10361,10361,"2009v1.0, 2009v1.1, 2009v1.2, 2009v1.3, 2009v1.4, 2009v1.7"
"/Return/ReturnData/IRS990EZ/TheBooksAreInCareOf/NamePerson",10359,10359,"2009v1.0, 2009v1.1, 2009v1.2, 2009v1.3, 2009v1.4, 2009v1.7"
"/Return/ReturnData/IRS990ScheduleA/GrossReceiptsFromAdmissions/CurrentTaxYearMinus3Years",10269,10269,"2009v1.0, 2009v1.1, 2009v1.2, 2009v1.3, 2009v1.4, 2009v1.7"
"/Return/ReturnData/IRS990ScheduleA/GrossInvestmentIncome509/CurrentTaxYearMinus1Year",10267,10267,"2009v1.0, 2009v1.1, 2009v1.2, 2009v1.3, 2009v1.4, 2009v1.7"
"/Return/ReturnData/IRS990/PayrollTaxes/Fundraising",10224,10224,"2009v1.0, 2009v1.1, 2009v1.2, 2009v1.3, 2009v1.4, 2009v1.7"
"/Return/ReturnData/IRS990/ActivityOther",10184,5801,"2009v1.0, 2009v1.2, 2009v1.3, 2009v1.4, 2009v1.7"
"/Return/ReturnData/IRS990ScheduleL/Form990ScheduleLPartIV/DescriptionOfTransaction",10171,4736,"2009v1.0, 2009v1.1, 2009v1.2, 2009v1.3, 2009v1.4, 2009v1.7"
"/Return/ReturnData/IRS990ScheduleA/GiftsGrantsContribReceived509/CurrentTaxYearMinus3Years",10169,10169,"2009v1.0, 2009v1.1, 2009v1.2, 2009v1.3, 2009v1.4, 2009v1.7"
"/Return/ReturnData/IRS990ScheduleG/EventsInformation/OtherDirectExpensesEvent1",10169,10169,"2009v1.0, 2009v1.1, 2009v1.2, 2009v1.3, 2009v1.4, 2009v1.7"
"/Return/ReturnData/IRS990ScheduleJ/BoardOrCommitteeApproval",10167,10167,"2009v1.0, 2009v1.1, 2009v1.2, 2009v1.3, 2009v1.4, 2009v1.7"
"/Return/ReturnData/IRS990ScheduleA/InvestmentIncomeAndUBTI/CurrentTaxYearMinus2Years",10166,10166,"2009v1.0, 2009v1.1, 2009v1.2, 2009v1.3, 2009v1.4, 2009v1.7"
"/Return/ReturnData/IRS990ScheduleA/InvestmentIncomeAndUBTI/CurrentTaxYear",10161,10161,"2009v1.0, 2009v1.1, 2009v1.2, 2009v1.3, 2009v1.4, 2009v1.7"
"/Return/ReturnData/IRS990ScheduleL/Form990ScheduleLPartIV/AmountOfTransaction",10101,4516,"2009v1.0, 2009v1.1, 2009v1.2, 2009v1.3, 2009v1.4, 2009v1.7"
"/Return/ReturnData/IRS990ScheduleA/GrossInvestmentIncome509/CurrentTaxYear",10069,10069,"2009v1.0, 2009v1.1, 2009v1.2, 2009v1.3, 2009v1.4, 2009v1.7"
"/Return/ReturnData/IRS990ScheduleD/LeaseholdImprovements/BookValue",10055,10055,"2009v1.0, 2009v1.1, 2009v1.2, 2009v1.3, 2009v1.4, 2009v1.7"
"/Return/ReturnData/IRS990ScheduleA/GrossInvestmentIncome509/CurrentTaxYearMinus2Years",10026,10026,"2009v1.0, 2009v1.1, 2009v1.2, 2009v1.3, 2009v1.4, 2009v1.7"
"/Return/ReturnData/IRS990/GrossIncomeFundraisingEvents",10014,10014,"2009v1.0, 2009v1.1, 2009v1.2, 2009v1.3, 2009v1.4, 2009v1.7"
"/Return/ReturnData/IRS990/GainOrLoss/Securities",9995,9995,"2009v1.0, 2009v1.1, 2009v1.2, 2009v1.3, 2009v1.4, 2009v1.7"
"/Return/ReturnData/IRS990ScheduleJ/Form990ScheduleJPartIII/ReturnReference",9971,5954,"2009v1.2, 2009v1.3, 2009v1.4, 2009v1.7"
"/Return/ReturnData/IRS990ScheduleA/GrossReceiptsFromAdmissions/CurrentTaxYearMinus4Years",9953,9953,"2009v1.0, 2009v1.1, 2009v1.2, 2009v1.3, 2009v1.4, 2009v1.7"
"/Return/ReturnData/IRS990ScheduleA/TotalSupportTotal/CurrentTaxYear",9902,9902,"2009v1.0, 2009v1.1, 2009v1.2, 2009v1.3, 2009v1.4, 2009v1.7"
"/Return/ReturnData/IRS990ScheduleA/GiftsGrantsContribReceived509/CurrentTaxYearMinus4Years",9892,9892,"2009v1.0, 2009v1.1, 2009v1.2, 2009v1.3, 2009v1.4, 2009v1.7"
"/Return/ReturnData/IRS990ScheduleA/InvestmentIncomeAndUBTI/CurrentTaxYearMinus3Years",9884,9884,"2009v1.0, 2009v1.1, 2009v1.2, 2009v1.3, 2009v1.4, 2009v1.7"
"/Return/ReturnData/IRS990ScheduleD/LeaseholdImprovements/Depreciation",9875,9875,"2009v1.0, 2009v1.1, 2009v1.2, 2009v1.3, 2009v1.4, 2009v1.7"
"/Return/ReturnData/IRS990EZ/OtherAssetsTotal",9872,9872,"2009v1.0, 2009v1.1, 2009v1.2, 2009v1.3, 2009v1.4, 2009v1.7"
"/Return/ReturnData/IRS990/Interest/ManagementAndGeneral",9845,9845,"2009v1.0, 2009v1.1, 2009v1.2, 2009v1.3, 2009v1.4, 2009v1.7"
"/Return/ReturnData/IRS990ScheduleI",9841,9841,"2009v1.0, 2009v1.1, 2009v1.2, 2009v1.3, 2009v1.4, 2009v1.7"
"/Return/ReturnData/IRS990/ActivityOther/Description",9828,5457,"2009v1.2, 2009v1.3, 2009v1.4, 2009v1.7"
"/Return/ReturnData/IRS990/OfficeExpenses/Fundraising",9818,9818,"2009v1.0, 2009v1.1, 2009v1.2, 2009v1.3, 2009v1.4, 2009v1.7"
"/Return/ReturnData/IRS990ScheduleD/NetUnrealizedGLOnInvestments",9810,9810,"2009v1.0, 2009v1.1, 2009v1.2, 2009v1.3, 2009v1.4, 2009v1.7"
"/Return/ReturnData/IRS990ScheduleA/TotalSupportTotal/CurrentTaxYearMinus1Year",9737,9737,"2009v1.0, 2009v1.1, 2009v1.2, 2009v1.3, 2009v1.4, 2009v1.7"
"/Return/ReturnData/IRS990ScheduleA/GrossInvestmentIncome509/CurrentTaxYearMinus3Years",9726,9726,"2009v1.0, 2009v1.1, 2009v1.2, 2009v1.3, 2009v1.4, 2009v1.7"
"/Return/ReturnData/IRS990/FeesForServicesProfFundraising",9588,9588,"2009v1.0, 2009v1.1, 2009v1.2, 2009v1.3, 2009v1.4, 2009v1.7"
"/Return/ReturnData/IRS990ScheduleI/RecordsMaintained",9573,9573,"2009v1.0, 2009v1.1, 2009v1.2, 2009v1.3, 2009v1.4, 2009v1.7"
"/Return/ReturnData/IRS990ScheduleA/InvestmentIncomeAndUBTI/CurrentTaxYearMinus4Years",9557,9557,"2009v1.0, 2009v1.1, 2009v1.2, 2009v1.3, 2009v1.4, 2009v1.7"
"/Return/ReturnData/IRS990ScheduleA/TotalSupportTotal/CurrentTaxYearMinus2Years",9530,9530,"2009v1.0, 2009v1.1, 2009v1.2, 2009v1.3, 2009v1.4, 2009v1.7"
"/Return/ReturnData/IRS990ScheduleD/LeaseholdImprovements/OtherCostOrOtherBasis",9528,9528,"2009v1.0, 2009v1.1, 2009v1.2, 2009v1.3, 2009v1.4, 2009v1.7"
"/Return/ReturnData/IRS990EZ/OtherAssetsTotal/EOY",9519,9519,"2009v1.0, 2009v1.1, 2009v1.2, 2009v1.3, 2009v1.4, 2009v1.7"
"/Return/ReturnData/IRS990/PaymentsToAffiliates",9505,9505,"2009v1.0, 2009v1.1, 2009v1.2, 2009v1.3, 2009v1.4, 2009v1.7"
"/Return/ReturnData/IRS990/PaymentsToAffiliates/Total",9505,9505,"2009v1.0, 2009v1.1, 2009v1.2, 2009v1.3, 2009v1.4, 2009v1.7"
"/Return/ReturnData/IRS990/FeesForServicesLobbying",9462,9462,"2009v1.0, 2009v1.1, 2009v1.2, 2009v1.3, 2009v1.4, 2009v1.7"
"/Return/ReturnData/IRS990/FeesForServicesLobbying/Total",9462,9462,"2009v1.0, 2009v1.1, 2009v1.2, 2009v1.3, 2009v1.4, 2009v1.7"
"/Return/ReturnData/IRS990EZ/OtherAssetsTotal/BOY",9462,9462,"2009v1.0, 2009v1.1, 2009v1.2, 2009v1.3, 2009v1.4, 2009v1.7"
"/Return/ReturnData/IRS990/OtherEmployeeBenefits/Fundraising",9395,9395,"2009v1.0, 2009v1.1, 2009v1.2, 2009v1.3, 2009v1.4, 2009v1.7"
"/Return/ReturnData/IRS990/Activity3",9389,9389,"2009v1.0, 2009v1.1, 2009v1.2, 2009v1.3, 2009v1.4, 2009v1.7"
"/Return/ReturnData/IRS990ScheduleA/GrossInvestmentIncome509/CurrentTaxYearMinus4Years",9373,9373,"2009v1.0, 2009v1.1, 2009v1.2, 2009v1.3, 2009v1.4, 2009v1.7"
"/Return/ReturnData/IRS990ScheduleR/Form990ScheduleRPartIII/DirectControllingEntityNA",9366,1112,"2009v1.2, 2009v1.3, 2009v1.4, 2009v1.7"
"/Return/ReturnData/IRS990/Activity3/Description",9361,9361,"2009v1.0, 2009v1.1, 2009v1.2, 2009v1.3, 2009v1.4, 2009v1.7"
"/Return/ReturnData/IRS990ScheduleA/TotalSupportTotal/CurrentTaxYearMinus3Years",9304,9304,"2009v1.0, 2009v1.1, 2009v1.2, 2009v1.3, 2009v1.4, 2009v1.7"
"/Return/ReturnData/IRS990/BenefitsToMembers",9303,9303,"2009v1.1, 2009v1.2, 2009v1.3, 2009v1.4, 2009v1.7"
"/Return/ReturnData/IRS990/BenefitsToMembers/Total",9303,9303,"2009v1.1, 2009v1.2, 2009v1.3, 2009v1.4, 2009v1.7"
"/Return/ReturnData/IRS990ScheduleA/OtherIncome170",9271,9271,"2009v1.0, 2009v1.1, 2009v1.2, 2009v1.3, 2009v1.4, 2009v1.7"
"/Return/ReturnData/IRS990ScheduleA/OtherIncome170/Total",9271,9271,"2009v1.0, 2009v1.1, 2009v1.2, 2009v1.3, 2009v1.4, 2009v1.7"
"/Return/ReturnData/IRS990/NetGainOrLossInvestments/ExclusionAmount",9258,9258,"2009v1.0, 2009v1.1, 2009v1.2, 2009v1.3, 2009v1.4, 2009v1.7"
"/Return/ReturnData/IRS990ScheduleR/Form990ScheduleRPartIV/DirectControllingEntityNA",9223,1920,"2009v1.2, 2009v1.3, 2009v1.4, 2009v1.7"
"/Return/ReturnData/IRS990EZ/SpecialEventsNetIncomeLoss",9215,9215,"2009v1.0, 2009v1.1, 2009v1.2, 2009v1.3, 2009v1.4, 2009v1.7"
"/Return/ReturnData/IRS990/Grants",9192,9192,"2009v1.0, 2009v1.1, 2009v1.2, 2009v1.3, 2009v1.4, 2009v1.7"
"/Return/ReturnData/IRS990ScheduleR/Form990ScheduleRPartIV/PercentageOwnership",9190,2170,"2009v1.2, 2009v1.3, 2009v1.4, 2009v1.7"
"/Return/ReturnData/IRS990EZ/SpecialEventsGrossRevenue",9176,9176,"2009v1.0, 2009v1.1, 2009v1.2, 2009v1.3, 2009v1.4, 2009v1.7"
"/Return/ReturnData/IRS990EZ/MethodOfAccountingCash",9173,9173,"2009v1.0, 2009v1.1, 2009v1.2, 2009v1.3, 2009v1.4, 2009v1.7"
"/Return/ReturnData/IRS990/FundraisingDirectExpenses",9159,9159,"2009v1.0, 2009v1.1, 2009v1.2, 2009v1.3, 2009v1.4, 2009v1.7"
"/Return/ReturnData/IRS990ScheduleD/NetUnrealizedGainsInvestments",9155,9155,"2009v1.0, 2009v1.1, 2009v1.2, 2009v1.3, 2009v1.4, 2009v1.7"
"/Return/ReturnData/IRS990/CompDisqualPersons",9150,9150,"2009v1.0, 2009v1.1, 2009v1.2, 2009v1.3, 2009v1.4, 2009v1.7"
"/Return/ReturnData/IRS990/CompDisqualPersons/Total",9150,9150,"2009v1.0, 2009v1.1, 2009v1.2, 2009v1.3, 2009v1.4, 2009v1.7"
"/Return/ReturnData/IRS990/GrossAmountSalesAssets/Securities",9113,9113,"2009v1.0, 2009v1.1, 2009v1.2, 2009v1.3, 2009v1.4, 2009v1.7"
"/Return/ReturnData/IRS990ScheduleA/TotalSupportTotal/CurrentTaxYearMinus4Years",9060,9060,"2009v1.0, 2009v1.1, 2009v1.2, 2009v1.3, 2009v1.4, 2009v1.7"
"/Return/ReturnData/IRS990ScheduleA/GrossReceiptsFromAdmissionsEtc",9012,9012,"2009v1.0, 2009v1.1, 2009v1.2, 2009v1.3, 2009v1.4, 2009v1.7"
"/Return/ReturnData/IRS990/FinancialStatementConsolidated",8990,8990,"2009v1.0, 2009v1.1, 2009v1.2, 2009v1.3, 2009v1.4, 2009v1.7"
"/Return/ReturnData/IRS990ScheduleA/PriorYrInvestIncomePercentage",8976,8976,"2009v1.0, 2009v1.1, 2009v1.2, 2009v1.3, 2009v1.4, 2009v1.7"
"/Return/ReturnData/IRS990/FeesForServicesProfFundraising/Total",8952,8952,"2009v1.0, 2009v1.1, 2009v1.2, 2009v1.3, 2009v1.4, 2009v1.7"
"/Return/ReturnData/IRS990/ForeignGrants",8921,8921,"2009v1.1, 2009v1.2, 2009v1.3, 2009v1.4, 2009v1.7"
"/Return/ReturnData/IRS990/ForeignGrants/Total",8921,8921,"2009v1.1, 2009v1.2, 2009v1.3, 2009v1.4, 2009v1.7"
"/Return/ReturnData/IRS990ScheduleA/AmtsFromSubstContributors",8914,8914,"2009v1.0, 2009v1.1, 2009v1.2, 2009v1.3, 2009v1.4, 2009v1.7"
"/Return/ReturnData/IRS990ScheduleA/AmtsFromSubstContributors/Total",8914,8914,"2009v1.0, 2009v1.1, 2009v1.2, 2009v1.3, 2009v1.4, 2009v1.7"
"/Return/ReturnData/IRS990EZ/ProgramServiceRevenue",8898,8898,"2009v1.0, 2009v1.1, 2009v1.2, 2009v1.3, 2009v1.4, 2009v1.7"
"/Return/ReturnData/IRS990EZ/SpecialEventsDirectExpenses",8896,8896,"2009v1.0, 2009v1.1, 2009v1.2, 2009v1.3, 2009v1.4, 2009v1.7"
"/Return/ReturnData/IRS990/ActivityOther/Expense",8871,5046,"2009v1.0, 2009v1.2, 2009v1.3, 2009v1.4, 2009v1.7"
"/Return/ReturnData/IRS990/PermanentlyRestrictedNetAssets",8860,8860,"2009v1.0, 2009v1.1, 2009v1.2, 2009v1.3, 2009v1.4, 2009v1.7"
"/Return/ReturnData/IRS990/PermanentlyRestrictedNetAssets/EOY",8788,8788,"2009v1.0, 2009v1.1, 2009v1.2, 2009v1.3, 2009v1.4, 2009v1.7"
"/Return/ReturnHeader/Filer/Name/BusinessNameLine2",8780,8780,"2009v1.0, 2009v1.1, 2009v1.2, 2009v1.3, 2009v1.4, 2009v1.7"
"/Return/ReturnData/IRS990/RoyaltiesRevenue",8764,8764,"2009v1.1, 2009v1.2, 2009v1.3, 2009v1.4, 2009v1.7"
"/Return/ReturnData/IRS990/RoyaltiesRevenue/TotalRevenueColumn",8764,8764,"2009v1.1, 2009v1.2, 2009v1.3, 2009v1.4, 2009v1.7"
"/Return/ReturnData/IRS990ScheduleL/Form990ScheduleLPartIV/NameOfInterestedPerson/NamePerson",8758,3820,"2009v1.0, 2009v1.1, 2009v1.2, 2009v1.3, 2009v1.4, 2009v1.7"
"/Return/ReturnData/IRS990/InventoriesForSaleOrUse/BOY",8753,8753,"2009v1.0, 2009v1.1, 2009v1.2, 2009v1.3, 2009v1.4, 2009v1.7"
"/Return/ReturnData/IRS990/Royalties",8730,8730,"2009v1.1, 2009v1.2, 2009v1.3, 2009v1.4, 2009v1.7"
"/Return/ReturnData/IRS990/Royalties/Total",8730,8730,"2009v1.1, 2009v1.2, 2009v1.3, 2009v1.4, 2009v1.7"
"/Return/ReturnData/IRS990ScheduleA/AmtsRecdFromDisqualPersons",8721,8721,"2009v1.0, 2009v1.1, 2009v1.2, 2009v1.3, 2009v1.4, 2009v1.7"
"/Return/ReturnData/IRS990ScheduleA/AmtsRecdFromDisqualPersons/Total",8721,8721,"2009v1.0, 2009v1.1, 2009v1.2, 2009v1.3, 2009v1.4, 2009v1.7"
"/Return/ReturnData/IRS990/LessCostOthBasisSalesExpenses/Securities",8717,8717,"2009v1.0, 2009v1.1, 2009v1.2, 2009v1.3, 2009v1.4, 2009v1.7"
"/Return/ReturnData/IRS990/PermanentlyRestrictedNetAssets/BOY",8684,8684,"2009v1.0, 2009v1.1, 2009v1.2, 2009v1.3, 2009v1.4, 2009v1.7"
"/Return/ReturnData/IRS990/ContractorCompensation/NameOfContractor/NamePerson",8664,3026,"2009v1.0, 2009v1.1, 2009v1.2, 2009v1.3, 2009v1.4, 2009v1.7"
"/Return/ReturnData/IRS990/Form1098CFiled",8660,8660,"2009v1.0, 2009v1.1, 2009v1.2, 2009v1.3, 2009v1.4, 2009v1.7"
"/Return/ReturnData/IRS990/Form990-TFiled",8654,8654,"2009v1.0, 2009v1.1, 2009v1.2, 2009v1.3, 2009v1.4, 2009v1.7"
"/Return/ReturnData/IRS990/Activity3/Expense",8622,8622,"2009v1.0, 2009v1.1, 2009v1.2, 2009v1.3, 2009v1.4, 2009v1.7"
"/Return/ReturnData/IRS990EZ/OccupancyRentUtilitiesAndMaint",8619,8619,"2009v1.0, 2009v1.1, 2009v1.2, 2009v1.3, 2009v1.4, 2009v1.7"
"/Return/ReturnData/IRS990/FeesForServicesAccounting/ProgramServices",8590,8590,"2009v1.0, 2009v1.1, 2009v1.2, 2009v1.3, 2009v1.4, 2009v1.7"
"/Return/ReturnData/IRS990/Form8899Filed",8567,8567,"2009v1.0, 2009v1.1, 2009v1.2, 2009v1.3, 2009v1.4, 2009v1.7"
"/Return/ReturnData/IRS990EZ/PrintingPublicationsPostage",8516,8516,"2009v1.0, 2009v1.1, 2009v1.2, 2009v1.3, 2009v1.4, 2009v1.7"
"/Return/ReturnData/IRS990/OtherNotesLoansReceivableNet",8497,8497,"2009v1.0, 2009v1.1, 2009v1.2, 2009v1.3, 2009v1.4, 2009v1.7"
"/Return/ReturnData/IRS990/TravelEntrtnmntPublicOfficials",8443,8443,"2009v1.1, 2009v1.2, 2009v1.3, 2009v1.4, 2009v1.7"
"/Return/ReturnData/IRS990/TravelEntrtnmntPublicOfficials/Total",8443,8443,"2009v1.1, 2009v1.2, 2009v1.3, 2009v1.4, 2009v1.7"
"/Return/ReturnData/IRS990ScheduleF/AcctsActvsOutUSTable",8238,1651,"2009v1.0, 2009v1.1, 2009v1.2, 2009v1.3, 2009v1.4, 2009v1.7"
"/Return/ReturnData/IRS990ScheduleF/AcctsActvsOutUSTable/Region",8226,1650,"2009v1.0, 2009v1.1, 2009v1.2, 2009v1.3, 2009v1.4, 2009v1.7"
"/Return/ReturnData/IRS990ScheduleF/AcctsActvsOutUSTable/TypeOfActivitiesConducted",8192,1644,"2009v1.0, 2009v1.1, 2009v1.2, 2009v1.3, 2009v1.4, 2009v1.7"
"/Return/ReturnData/IRS990/IncomeFromInvestBondProceeds",8174,8174,"2009v1.1, 2009v1.2, 2009v1.3, 2009v1.4, 2009v1.7"
"/Return/ReturnData/IRS990/IncomeFromInvestBondProceeds/TotalRevenueColumn",8174,8174,"2009v1.1, 2009v1.2, 2009v1.3, 2009v1.4, 2009v1.7"
"/Return/ReturnData/IRS990ScheduleD/OtherExpensesIncluded",8150,8150,"2009v1.0, 2009v1.1, 2009v1.2, 2009v1.3, 2009v1.4, 2009v1.7"
"/Return/ReturnData/IRS990/OtherNotesLoansReceivableNet/EOY",8136,8136,"2009v1.0, 2009v1.1, 2009v1.2, 2009v1.3, 2009v1.4, 2009v1.7"
"/Return/ReturnData/IRS990/NetIncomeFromGaming",8110,8110,"2009v1.0, 2009v1.1, 2009v1.2, 2009v1.3, 2009v1.4, 2009v1.7"
"/Return/ReturnData/IRS990/NetIncomeFromGaming/TotalRevenueColumn",8110,8110,"2009v1.0, 2009v1.1, 2009v1.2, 2009v1.3, 2009v1.4, 2009v1.7"
"/Return/ReturnData/IRS990ScheduleD/OtherRevenues",8046,8046,"2009v1.0, 2009v1.1, 2009v1.2, 2009v1.3, 2009v1.4, 2009v1.7"
"/Return/ReturnData/IRS990/InformationTechnology/ManagementAndGeneral",7997,7997,"2009v1.0, 2009v1.1, 2009v1.2, 2009v1.3, 2009v1.4, 2009v1.7"
"/Return/ReturnData/IRS990/ExcessBusinessHoldings",7977,7977,"2009v1.0, 2009v1.1, 2009v1.2, 2009v1.3, 2009v1.4, 2009v1.7"
"/Return/ReturnData/IRS990/QuidProQuoDisclosure",7954,7954,"2009v1.0, 2009v1.1, 2009v1.2, 2009v1.3, 2009v1.4, 2009v1.7"
"/Return/ReturnData/IRS990/InformationTechnology/ProgramServices",7922,7922,"2009v1.0, 2009v1.1, 2009v1.2, 2009v1.3, 2009v1.4, 2009v1.7"
"/Return/ReturnData/IRS990/RentalIncomeOrLoss",7861,7861,"2009v1.0, 2009v1.1, 2009v1.2, 2009v1.3, 2009v1.4, 2009v1.7"
"/Return/ReturnData/IRS990ScheduleI/Form990ScheduleIPartIV",7776,7445,"2009v1.0, 2009v1.1, 2009v1.2, 2009v1.3, 2009v1.4, 2009v1.7"
"/Return/ReturnData/IRS990/CompCurrentOfficersDirectors/Fundraising",7770,7770,"2009v1.0, 2009v1.1, 2009v1.2, 2009v1.3, 2009v1.4, 2009v1.7"
"/Return/ReturnData/IRS990ScheduleI/Form990ScheduleIPartIV/Explanation",7770,7440,"2009v1.0, 2009v1.1, 2009v1.2, 2009v1.3, 2009v1.4, 2009v1.7"
"/Return/ReturnData/IRS990ScheduleI/Form990ScheduleIPartIV/Identifier",7748,7423,"2009v1.2, 2009v1.3, 2009v1.4, 2009v1.7"
"/Return/ReturnData/IRS990ScheduleJ/CompensationSurvey",7720,7720,"2009v1.0, 2009v1.1, 2009v1.2, 2009v1.3, 2009v1.4, 2009v1.7"
"/Return/ReturnData/IRS990ScheduleD/CurrentYear",7715,7715,"2009v1.0, 2009v1.1, 2009v1.2, 2009v1.3, 2009v1.4, 2009v1.7"
"/Return/ReturnData/IRS990/NoncashContributions",7673,7673,"2009v1.0, 2009v1.1, 2009v1.2, 2009v1.3, 2009v1.4, 2009v1.7"
"/Return/ReturnData/IRS990/RentalIncomeOrLoss/Real",7664,7664,"2009v1.0, 2009v1.1, 2009v1.2, 2009v1.3, 2009v1.4, 2009v1.7"
"/Return/ReturnData/IRS990ScheduleD/CurrentYear/EndOfYearBalance",7653,7653,"2009v1.0, 2009v1.1, 2009v1.2, 2009v1.3, 2009v1.4, 2009v1.7"
"/Return/ReturnData/IRS990ScheduleD/CurrentYear/BeginningOfYearBalance",7632,7632,"2009v1.0, 2009v1.1, 2009v1.2, 2009v1.3, 2009v1.4, 2009v1.7"
"/Return/ReturnData/IRS990ScheduleD/TotalBookValueOtherAssets",7602,7602,"2009v1.0, 2009v1.1, 2009v1.2, 2009v1.3, 2009v1.4, 2009v1.7"
"/Return/ReturnData/IRS990ScheduleA/SupportFromDQPsEtc",7581,7581,"2009v1.0, 2009v1.1, 2009v1.2, 2009v1.3, 2009v1.4, 2009v1.7"
"/Return/ReturnData/IRS990ScheduleA/SupportFromDQPsEtc/Total",7581,7581,"2009v1.0, 2009v1.1, 2009v1.2, 2009v1.3, 2009v1.4, 2009v1.7"
"/Return/ReturnData/IRS990ScheduleR/Form990ScheduleRPartIV/ShareOfEOYAssets",7572,1840,"2009v1.2, 2009v1.3, 2009v1.4, 2009v1.7"
"/Return/ReturnData/IRS990/Travel/Fundraising",7571,7571,"2009v1.0, 2009v1.1, 2009v1.2, 2009v1.3, 2009v1.4, 2009v1.7"
"/Return/ReturnData/IRS990/TaxableDistributions",7559,7559,"2009v1.0, 2009v1.1, 2009v1.2, 2009v1.3, 2009v1.4, 2009v1.7"
"/Return/ReturnData/IRS990/DistributionToDonor",7538,7538,"2009v1.0, 2009v1.1, 2009v1.2, 2009v1.3, 2009v1.4, 2009v1.7"
"/Return/ReturnData/IRS990EZ/MembershipDues",7503,7503,"2009v1.0, 2009v1.1, 2009v1.2, 2009v1.3, 2009v1.4, 2009v1.7"
"/Return/ReturnData/IRS990ScheduleM/OtherNonCashContributionsTable",7401,3252,"2009v1.0, 2009v1.1, 2009v1.2, 2009v1.3, 2009v1.4, 2009v1.7"
"/Return/ReturnData/IRS990ScheduleD/CurrentYearMinus1Year",7373,7373,"2009v1.0, 2009v1.2, 2009v1.3, 2009v1.4, 2009v1.7"
"/Return/ReturnData/IRS990ScheduleD/CurrentYearMinus1Year/EndOfYearBalance",7347,7347,"2009v1.0, 2009v1.2, 2009v1.3, 2009v1.4, 2009v1.7"
"/Return/ReturnData/IRS990/InvestmentsOtherSecurities/BOY",7336,7336,"2009v1.0, 2009v1.1, 2009v1.2, 2009v1.3, 2009v1.4, 2009v1.7"
"/Return/ReturnData/IRS990/Occupancy/Fundraising",7313,7313,"2009v1.0, 2009v1.1, 2009v1.2, 2009v1.3, 2009v1.4, 2009v1.7"
"/Return/ReturnData/IRS990/FundraisingEvents",7279,7279,"2009v1.0, 2009v1.1, 2009v1.2, 2009v1.3, 2009v1.4, 2009v1.7"
"/Return/ReturnData/IRS990ScheduleM/OtherNonCashContributionsTable/Description",7272,3138,"2009v1.0, 2009v1.1, 2009v1.2, 2009v1.3, 2009v1.4, 2009v1.7"
"/Return/ReturnData/IRS990ScheduleD/CurrentYearMinus1Year/BeginningOfYearBalance",7260,7260,"2009v1.0, 2009v1.2, 2009v1.3, 2009v1.4, 2009v1.7"
"/Return/ReturnData/IRS990/GrossRents",7254,7254,"2009v1.0, 2009v1.1, 2009v1.2, 2009v1.3, 2009v1.4, 2009v1.7"
"/Return/ReturnData/IRS990ScheduleF/AcctsActvsOutUSTable/TotalExpenditures",7244,1488,"2009v1.0, 2009v1.1, 2009v1.2, 2009v1.3, 2009v1.4, 2009v1.7"
"/Return/ReturnData/IRS990ScheduleM/OtherNonCashContributionsTable/NoncashContribsRptdF990",7236,3197,"2009v1.0, 2009v1.1, 2009v1.2, 2009v1.3, 2009v1.4, 2009v1.7"
"/Return/ReturnData/IRS990ScheduleA/OtherIncome509",7228,7228,"2009v1.0, 2009v1.1, 2009v1.2, 2009v1.3, 2009v1.4, 2009v1.7"
"/Return/ReturnData/IRS990ScheduleA/OtherIncome509/Total",7228,7228,"2009v1.0, 2009v1.1, 2009v1.2, 2009v1.3, 2009v1.4, 2009v1.7"
"/Return/ReturnData/IRS990ScheduleM/OtherNonCashContributionsTable/NonCashCheckbox",7225,3170,"2009v1.0, 2009v1.1, 2009v1.2, 2009v1.3, 2009v1.4, 2009v1.7"
"/Return/ReturnData/IRS990/NetIncomeFromFundraisingEvents/ExclusionAmount",7223,7223,"2009v1.2, 2009v1.3, 2009v1.4, 2009v1.7"
"/Return/ReturnData/IRS990EZ/StatesWhereCopyOfReturnIsFiled",7215,6851,"2009v1.0, 2009v1.1, 2009v1.2, 2009v1.3, 2009v1.4, 2009v1.7"
"/Return/ReturnData/IRS990/Activity2/Revenue",7178,7178,"2009v1.0, 2009v1.1, 2009v1.2, 2009v1.3, 2009v1.4, 2009v1.7"
"/Return/ReturnData/IRS990EZ/SalariesOtherCompEmplBenefits",7132,7132,"2009v1.0, 2009v1.1, 2009v1.2, 2009v1.3, 2009v1.4, 2009v1.7"
"/Return/ReturnData/IRS990ScheduleM/OtherNonCashContributionsTable/NumberOfContributions",7094,3128,"2009v1.0, 2009v1.2, 2009v1.3, 2009v1.4, 2009v1.7"
"/Return/ReturnData/IRS990/AllOtherExpenses/Fundraising",7092,7092,"2009v1.0, 2009v1.1, 2009v1.2, 2009v1.3, 2009v1.4, 2009v1.7"
"/Return/ReturnData/IRS990/InvestTaxExemptBonds",7087,7087,"2009v1.0, 2009v1.1, 2009v1.2, 2009v1.3, 2009v1.4, 2009v1.7"
"/Return/ReturnData/IRS990/EscrowAccount",7082,7082,"2009v1.0, 2009v1.1, 2009v1.2, 2009v1.3, 2009v1.4, 2009v1.7"
"/Return/ReturnData/IRS990/OnBehalfOfIssuer",7077,7077,"2009v1.0, 2009v1.1, 2009v1.2, 2009v1.3, 2009v1.4, 2009v1.7"
"/Return/ReturnData/IRS990/GrossRents/Real",7057,7057,"2009v1.0, 2009v1.1, 2009v1.2, 2009v1.3, 2009v1.4, 2009v1.7"
"/Return/ReturnData/IRS990ScheduleR/Form990ScheduleRPartIII/DirectControllingEntityName",6999,1258,"2009v1.0, 2009v1.2, 2009v1.3, 2009v1.4, 2009v1.7"
"/Return/ReturnData/IRS990ScheduleR/Form990ScheduleRPartIII/DirectControllingEntityName/BusinessNameLine1",6999,1258,"2009v1.0, 2009v1.2, 2009v1.3, 2009v1.4, 2009v1.7"
"/Return/ReturnData/IRS990/TotalOfOtherProgramServiceExp",6945,6945,"2009v1.1, 2009v1.2, 2009v1.3, 2009v1.4, 2009v1.7"
"/Return/ReturnData/IRS990ScheduleA/SupportedOrgInformation",6869,3980,"2009v1.0, 2009v1.1, 2009v1.2, 2009v1.3, 2009v1.4, 2009v1.7"
"/Return/ReturnData/IRS990ScheduleA/SupportedOrgInformation/Amount",6869,3980,"2009v1.0, 2009v1.1, 2009v1.2, 2009v1.3, 2009v1.4, 2009v1.7"
"/Return/ReturnData/IRS990ScheduleA/SupportedOrgInformation/EIN",6869,3980,"2009v1.0, 2009v1.1, 2009v1.2, 2009v1.3, 2009v1.4, 2009v1.7"
"/Return/ReturnData/IRS990ScheduleA/SupportedOrgInformation/ListedInGoverningDoc",6869,3980,"2009v1.0, 2009v1.1, 2009v1.2, 2009v1.3, 2009v1.4, 2009v1.7"
"/Return/ReturnData/IRS990ScheduleA/SupportedOrgInformation/Name",6869,3980,"2009v1.0, 2009v1.1, 2009v1.2, 2009v1.3, 2009v1.4, 2009v1.7"
"/Return/ReturnData/IRS990ScheduleA/SupportedOrgInformation/Name/BusinessNameLine1",6869,3980,"2009v1.0, 2009v1.1, 2009v1.2, 2009v1.3, 2009v1.4, 2009v1.7"
"/Return/ReturnData/IRS990ScheduleA/SupportedOrgInformation/TypeOfOrganization",6869,3980,"2009v1.0, 2009v1.1, 2009v1.2, 2009v1.3, 2009v1.4, 2009v1.7"
"/Return/ReturnData/IRS990/GainOrLoss/Other",6790,6790,"2009v1.0, 2009v1.1, 2009v1.2, 2009v1.3, 2009v1.4, 2009v1.7"
"/Return/ReturnData/IRS990ScheduleD/OtherAmount",6777,6777,"2009v1.0, 2009v1.2, 2009v1.3, 2009v1.4, 2009v1.7"
"/Return/ReturnData/IRS990ScheduleG/EventsInformation/NameOfEvent2",6774,6774,"2009v1.0, 2009v1.1, 2009v1.2, 2009v1.3, 2009v1.4, 2009v1.7"
"/Return/ReturnData/IRS990EZ/CostOfGoodsSold",6769,6769,"2009v1.1, 2009v1.2, 2009v1.3, 2009v1.4, 2009v1.7"
"/Return/ReturnData/IRS990/GrantsToDomesticOrgs/ProgramServices",6764,6764,"2009v1.0, 2009v1.1, 2009v1.2, 2009v1.3, 2009v1.4, 2009v1.7"
"/Return/ReturnData/IRS990ScheduleM/OtherNonCashContributionsTable/MethodOfDeterminingRevenues",6764,2900,"2009v1.0, 2009v1.1, 2009v1.2, 2009v1.3, 2009v1.4, 2009v1.7"
"/Return/ReturnData/IRS990/CntrbtnsRprtdFundraisingEvents",6750,6750,"2009v1.0, 2009v1.1, 2009v1.2, 2009v1.3, 2009v1.4, 2009v1.7"
"/Return/ReturnData/IRS990ScheduleJ/Form990ScheduleJPartIII/Identifier",6747,4242,"2009v1.2, 2009v1.3, 2009v1.4, 2009v1.7"
"/Return/ReturnData/IRS990ScheduleR/Form990ScheduleRPartIV/ShareOfTotalIncome",6703,1791,"2009v1.2, 2009v1.3, 2009v1.4, 2009v1.7"
"/Return/ReturnData/IRS990ScheduleG/EventsInformation/GrossReceiptsEvent2",6663,6663,"2009v1.0, 2009v1.1, 2009v1.2, 2009v1.3, 2009v1.4, 2009v1.7"
"/Return/ReturnData/IRS990ScheduleH/Form990ScheduleHPartV",6650,1525,"2009v1.2, 2009v1.3, 2009v1.4, 2009v1.7"
"/Return/ReturnData/IRS990ScheduleH/Form990ScheduleHPartV/Name",6644,1525,"2009v1.2, 2009v1.3, 2009v1.4, 2009v1.7"
"/Return/ReturnData/IRS990ScheduleH/Form990ScheduleHPartV/Name/BusinessNameLine1",6644,1525,"2009v1.2, 2009v1.3, 2009v1.4, 2009v1.7"
"/Return/ReturnData/IRS990ScheduleH/Form990ScheduleHPartV/Address",6634,1521,"2009v1.2, 2009v1.3, 2009v1.4, 2009v1.7"
"/Return/ReturnData/IRS990ScheduleH/Form990ScheduleHPartV/Address/AddressLine1",6634,1521,"2009v1.2, 2009v1.3, 2009v1.4, 2009v1.7"
"/Return/ReturnData/IRS990ScheduleH/Form990ScheduleHPartV/Address/City",6634,1521,"2009v1.2, 2009v1.3, 2009v1.4, 2009v1.7"
"/Return/ReturnData/IRS990ScheduleH/Form990ScheduleHPartV/Address/State",6634,1521,"2009v1.2, 2009v1.3, 2009v1.4, 2009v1.7"
"/Return/ReturnData/IRS990ScheduleH/Form990ScheduleHPartV/Address/ZIPCode",6634,1521,"2009v1.2, 2009v1.3, 2009v1.4, 2009v1.7"
"/Return/ReturnData/IRS990/SubjectToProxyTax",6612,6612,"2009v1.0, 2009v1.1, 2009v1.2, 2009v1.3, 2009v1.4, 2009v1.7"
"/Return/ReturnData/IRS990/GrantsToDomesticIndividuals/ProgramServices",6556,6556,"2009v1.0, 2009v1.1, 2009v1.2, 2009v1.3, 2009v1.4, 2009v1.7"
"/Return/ReturnData/IRS990/OtherWebsite",6523,6523,"2009v1.0, 2009v1.1, 2009v1.2, 2009v1.3, 2009v1.4, 2009v1.7"
"/Return/ReturnData/IRS990ScheduleI/Form990ScheduleIPartIV/ReturnReference",6500,6243,"2009v1.2, 2009v1.3, 2009v1.4, 2009v1.7"
"/Return/ReturnData/IRS990ScheduleA/AmountsSubstContributorsTotal",6497,6497,"2009v1.0, 2009v1.1, 2009v1.2, 2009v1.3, 2009v1.4, 2009v1.7"
"/Return/ReturnData/IRS990/FeesForServicesLegal/ProgramServices",6491,6491,"2009v1.0, 2009v1.1, 2009v1.2, 2009v1.3, 2009v1.4, 2009v1.7"
"/Return/ReturnData/IRS990ScheduleD/CurrentYear/InvestmentEarningsOrLosses",6445,6445,"2009v1.0, 2009v1.1, 2009v1.2, 2009v1.3, 2009v1.4, 2009v1.7"
"/Return/ReturnData/IRS990/InvestmentIncome/RelatedOrExemptFunctionIncome",6429,6429,"2009v1.0, 2009v1.1, 2009v1.2, 2009v1.3, 2009v1.4, 2009v1.7"
"/Return/ReturnData/IRS990ScheduleA/OtherIncome170/CurrentTaxYear",6410,6410,"2009v1.0, 2009v1.1, 2009v1.2, 2009v1.3, 2009v1.4, 2009v1.7"
"/Return/ReturnData/IRS990EZ/DirectIndirectPoliticalExpend",6398,6398,"2009v1.2, 2009v1.3, 2009v1.4, 2009v1.7"
"/Return/ReturnData/IRS990ScheduleF/AcctsActvsOutUSTable/SpecificServicesProvided",6379,1390,"2009v1.0, 2009v1.1, 2009v1.2, 2009v1.3, 2009v1.4, 2009v1.7"
"/Return/ReturnData/IRS990ScheduleA/SupportedOrgInformation/OrganizedInUS",6350,3704,"2009v1.0, 2009v1.1, 2009v1.2, 2009v1.3, 2009v1.4, 2009v1.7"
"/Return/ReturnData/IRS990/DepreciationDepletion/Fundraising",6336,6336,"2009v1.0, 2009v1.1, 2009v1.2, 2009v1.3, 2009v1.4, 2009v1.7"
"/Return/ReturnData/IRS990ScheduleL",6334,6334,"2009v1.0, 2009v1.1, 2009v1.2, 2009v1.3, 2009v1.4, 2009v1.7"
"/Return/ReturnData/IRS990EZ/CostOtherBasisAndSalesExpenses",6314,6314,"2009v1.1, 2009v1.2, 2009v1.3, 2009v1.4, 2009v1.7"
"/Return/ReturnData/IRS990ScheduleG/EventsInformation/CharitableContributionsTotal",6310,6310,"2009v1.0, 2009v1.1, 2009v1.2, 2009v1.3, 2009v1.4, 2009v1.7"
"/Return/ReturnData/IRS990ScheduleD/PermanentEndowmentEOYBalance",6276,6276,"2009v1.0, 2009v1.1, 2009v1.2, 2009v1.3, 2009v1.4, 2009v1.7"
"/Return/ReturnData/IRS990ScheduleA/OtherIncome170/CurrentTaxYearMinus1Year",6258,6258,"2009v1.0, 2009v1.1, 2009v1.2, 2009v1.3, 2009v1.4, 2009v1.7"
"/Return/ReturnData/IRS990ScheduleJ/CompensationCommittee",6251,6251,"2009v1.0, 2009v1.2, 2009v1.3, 2009v1.4, 2009v1.7"
"/Return/ReturnData/IRS990ScheduleG/EventsInformation/GrossRevenueEvent2",6213,6213,"2009v1.0, 2009v1.1, 2009v1.2, 2009v1.3, 2009v1.4, 2009v1.7"
"/Return/ReturnData/IRS990ScheduleA/SupportedOrgInformation/SupportedOrganizationNotified",6201,3628,"2009v1.0, 2009v1.1, 2009v1.2, 2009v1.3, 2009v1.4, 2009v1.7"
"/Return/ReturnData/IRS990ScheduleG/EventsInformation/CharitableContributionsEvent1",6162,6162,"2009v1.0, 2009v1.1, 2009v1.2, 2009v1.3, 2009v1.4, 2009v1.7"
"/Return/ReturnData/IRS990ScheduleD/CurrentYearMinus1Year/InvestmentEarningsOrLosses",6138,6138,"2009v1.0, 2009v1.2, 2009v1.3, 2009v1.4, 2009v1.7"
"/Return/ReturnData/IRS990/FeesForServicesOther/Fundraising",6133,6133,"2009v1.0, 2009v1.1, 2009v1.2, 2009v1.3, 2009v1.4, 2009v1.7"
"/Return/ReturnData/IRS990EZ/MethodOfAccountingAccrual",6082,6082,"2009v1.0, 2009v1.1, 2009v1.2, 2009v1.3, 2009v1.4, 2009v1.7"
"/Return/ReturnData/IRS990ScheduleD/IncludedOnFS",6032,6032,"2009v1.0, 2009v1.1, 2009v1.2, 2009v1.3, 2009v1.4, 2009v1.7"
"/Return/ReturnData/IRS990/Advertising/Fundraising",6015,6015,"2009v1.0, 2009v1.1, 2009v1.2, 2009v1.3, 2009v1.4, 2009v1.7"
"/Return/ReturnData/IRS990ScheduleA/OtherIncome170/CurrentTaxYearMinus2Years",5956,5956,"2009v1.0, 2009v1.1, 2009v1.2, 2009v1.3, 2009v1.4, 2009v1.7"
"/Return/ReturnData/IRS990/PensionPlanContributions/Fundraising",5946,5946,"2009v1.0, 2009v1.1, 2009v1.2, 2009v1.3, 2009v1.4, 2009v1.7"
"/Return/ReturnData/IRS990ScheduleK/Form990ScheduleKPartI",5867,2971,"2009v1.0, 2009v1.1, 2009v1.2, 2009v1.3, 2009v1.4, 2009v1.7"
"/Return/ReturnData/IRS990/PoliciesReferenceChapters",5863,5863,"2009v1.0, 2009v1.1, 2009v1.2, 2009v1.3, 2009v1.4, 2009v1.7"
"/Return/ReturnData/IRS990ScheduleA/OtherIncome170/CurrentTaxYearMinus3Years",5862,5862,"2009v1.0, 2009v1.1, 2009v1.2, 2009v1.3, 2009v1.4, 2009v1.7"
"/Return/ReturnData/IRS990ScheduleK/Form990ScheduleKPartI/IssuerName",5860,2970,"2009v1.0, 2009v1.1, 2009v1.2, 2009v1.3, 2009v1.4, 2009v1.7"
"/Return/ReturnData/IRS990ScheduleK/Form990ScheduleKPartI/IssuerName/BusinessNameLine1",5860,2970,"2009v1.0, 2009v1.1, 2009v1.2, 2009v1.3, 2009v1.4, 2009v1.7"
"/Return/ReturnData/IRS990ScheduleK/Form990ScheduleKPartI/DateIssued",5834,2964,"2009v1.0, 2009v1.1, 2009v1.2, 2009v1.3, 2009v1.4, 2009v1.7"
"/Return/ReturnData/IRS990ScheduleK/Form990ScheduleKPartI/IssuePrice",5833,2961,"2009v1.0, 2009v1.1, 2009v1.2, 2009v1.3, 2009v1.4, 2009v1.7"
"/Return/ReturnData/IRS990ScheduleK/Form990ScheduleKPartI/Defeased",5824,2956,"2009v1.0, 2009v1.2, 2009v1.3, 2009v1.4, 2009v1.7"
"/Return/ReturnData/IRS990ScheduleK/Form990ScheduleKPartI/OnBehalfOfIssuer",5812,2948,"2009v1.0, 2009v1.2, 2009v1.3, 2009v1.4, 2009v1.7"
"/Return/ReturnData/IRS990EZ/OtherRevenueTotal",5811,5811,"2009v1.0, 2009v1.1, 2009v1.2, 2009v1.3, 2009v1.4, 2009v1.7"
"/Return/ReturnData/IRS990ScheduleK/Form990ScheduleKPartI/DescriptionOfPurpose",5805,2944,"2009v1.0, 2009v1.1, 2009v1.2, 2009v1.3, 2009v1.4, 2009v1.7"
"/Return/ReturnData/IRS990ScheduleD/AreRelatedOrgsListedScheduleR",5754,5754,"2009v1.0, 2009v1.2, 2009v1.3, 2009v1.4, 2009v1.7"
"/Return/ReturnData/IRS990ScheduleR/Form990ScheduleRPartIII/ShareOfEOYAssets",5740,1129,"2009v1.2, 2009v1.3, 2009v1.4, 2009v1.7"
"/Return/ReturnData/IRS990/TotalProfFundrsngExpPriorYear",5732,5732,"2009v1.0, 2009v1.1, 2009v1.2, 2009v1.3, 2009v1.4, 2009v1.7"
"/Return/ReturnData/IRS990/IntangibleAssets",5723,5723,"2009v1.0, 2009v1.1, 2009v1.2, 2009v1.3, 2009v1.4, 2009v1.7"
"/Return/ReturnData/IRS990ScheduleG/EventsInformation/OtherDirectExpensesEvent2",5709,5709,"2009v1.0, 2009v1.1, 2009v1.2, 2009v1.3, 2009v1.4, 2009v1.7"
"/Return/ReturnData/IRS990ScheduleD/SolicitedAssetsForSale",5692,5692,"2009v1.0, 2009v1.2, 2009v1.3, 2009v1.4, 2009v1.7"
"/Return/ReturnData/IRS990ScheduleM",5684,5684,"2009v1.0, 2009v1.1, 2009v1.2, 2009v1.3, 2009v1.4, 2009v1.7"
"/Return/ReturnData/IRS990ScheduleD/OtherRevenuesNotIncluded",5681,5681,"2009v1.0, 2009v1.1, 2009v1.2, 2009v1.3, 2009v1.4, 2009v1.7"
"/Return/ReturnData/IRS990ScheduleM/ReviewProcessUnusualNCGifts",5677,5677,"2009v1.0, 2009v1.2, 2009v1.3, 2009v1.4, 2009v1.7"
"/Return/ReturnData/IRS990ScheduleM/ThirdPartiesUsed",5677,5677,"2009v1.0, 2009v1.2, 2009v1.3, 2009v1.4, 2009v1.7"
"/Return/ReturnData/IRS990ScheduleM/AnyPropertyThatMustBeHeld",5673,5673,"2009v1.0, 2009v1.2, 2009v1.3, 2009v1.4, 2009v1.7"
"/Return/ReturnData/IRS990ScheduleK/Form990ScheduleKPartII",5658,2869,"2009v1.0, 2009v1.2, 2009v1.3, 2009v1.4, 2009v1.7"
"/Return/ReturnData/IRS990/ProgramServiceRevenue/ExclusionAmount",5635,2592,"2009v1.1, 2009v1.2, 2009v1.3, 2009v1.4, 2009v1.7"
"/Return/ReturnData/IRS990/InvestmentsProgramRelated",5633,5633,"2009v1.0, 2009v1.1, 2009v1.2, 2009v1.3, 2009v1.4, 2009v1.7"
"/Return/ReturnData/IRS990ScheduleK/Form990ScheduleKPartII/CurrentRefunding",5631,2864,"2009v1.0, 2009v1.2, 2009v1.3, 2009v1.4, 2009v1.7"
"/Return/ReturnData/IRS990ScheduleK/Form990ScheduleKPartII/AdvanceRefunding",5627,2861,"2009v1.0, 2009v1.2, 2009v1.3, 2009v1.4, 2009v1.7"
"/Return/ReturnData/IRS990ScheduleR/Form990ScheduleRPartIII/ShareOfTotalIncome",5618,1114,"2009v1.2, 2009v1.3, 2009v1.4, 2009v1.7"
"/Return/ReturnData/IRS990ScheduleA/OtherIncome170/CurrentTaxYearMinus4Years",5613,5613,"2009v1.0, 2009v1.1, 2009v1.2, 2009v1.3, 2009v1.4, 2009v1.7"
"/Return/ReturnData/IRS990ScheduleK/Form990ScheduleKPartII/AdequateBooksAndRecdsMaintaind",5606,2859,"2009v1.0, 2009v1.2, 2009v1.3, 2009v1.4, 2009v1.7"
"/Return/ReturnData/IRS990ScheduleK/Form990ScheduleKPartII/FinalAllocationMade",5606,2858,"2009v1.0, 2009v1.2, 2009v1.3, 2009v1.4, 2009v1.7"
"/Return/ReturnData/IRS990/Insurance/Fundraising",5563,5563,"2009v1.0, 2009v1.1, 2009v1.2, 2009v1.3, 2009v1.4, 2009v1.7"
"/Return/ReturnHeader/Preparer/SelfEmployed",5553,5553,"2009v1.1, 2009v1.2, 2009v1.3, 2009v1.4, 2009v1.7"
"/Return/ReturnData/IRS990/ProgramServiceRevenue/UnrelatedBusinessRevenue",5550,2851,"2009v1.1, 2009v1.2, 2009v1.3, 2009v1.4, 2009v1.7"
"/Return/ReturnData/IRS990/IntangibleAssets/EOY",5546,5546,"2009v1.0, 2009v1.1, 2009v1.2, 2009v1.3, 2009v1.4, 2009v1.7"
"/Return/ReturnData/IRS990ScheduleD/AgentTrusteeEtc",5491,5491,"2009v1.0, 2009v1.2, 2009v1.3, 2009v1.4, 2009v1.7"
"/Return/ReturnData/IRS990/Activity3/Revenue",5440,5440,"2009v1.0, 2009v1.1, 2009v1.2, 2009v1.3, 2009v1.4, 2009v1.7"
"/Return/ReturnData/IRS990ScheduleK/Form990ScheduleKPartI/IssuerEIN",5423,2726,"2009v1.0, 2009v1.2, 2009v1.3, 2009v1.4, 2009v1.7"
"/Return/ReturnData/IRS990ScheduleK/Form990ScheduleKPartIV",5419,2740,"2009v1.0, 2009v1.2, 2009v1.3, 2009v1.4, 2009v1.7"
"/Return/ReturnData/IRS990ScheduleK/Form990ScheduleKPartIV/VariableRateIssue",5404,2732,"2009v1.0, 2009v1.2, 2009v1.3, 2009v1.4, 2009v1.7"
"/Return/ReturnData/IRS990ScheduleK/Form990ScheduleKPartII/TotalProceeds",5403,2751,"2009v1.0, 2009v1.2, 2009v1.3, 2009v1.4, 2009v1.7"
"/Return/ReturnData/IRS990ScheduleK/Form990ScheduleKPartIV/HedgeIdentifiedInBooksAndRecds",5400,2730,"2009v1.0, 2009v1.2, 2009v1.3, 2009v1.4, 2009v1.7"
"/Return/ReturnData/IRS990ScheduleK/Form990ScheduleKPartIV/Form8038TFiled",5387,2726,"2009v1.0, 2009v1.2, 2009v1.3, 2009v1.4, 2009v1.7"
"/Return/ReturnData/IRS990EZ/AmountOfTaxImposedOnOrgMgr",5381,5381,"2009v1.2, 2009v1.3, 2009v1.4, 2009v1.7"
"/Return/ReturnData/IRS990ScheduleJ/WrittenEmploymentContract",5380,5380,"2009v1.0, 2009v1.1, 2009v1.2, 2009v1.3, 2009v1.4, 2009v1.7"
"/Return/ReturnData/IRS990EZ/AmountOfTaxReimbursedByOrg",5376,5376,"2009v1.2, 2009v1.3, 2009v1.4, 2009v1.7"
"/Return/ReturnData/IRS990ScheduleD/CurrentYear/Contributions",5368,5368,"2009v1.0, 2009v1.1, 2009v1.2, 2009v1.3, 2009v1.4, 2009v1.7"
"/Return/ReturnData/IRS990/InvestmentsProgramRelated/EOY",5347,5347,"2009v1.0, 2009v1.1, 2009v1.2, 2009v1.3, 2009v1.4, 2009v1.7"
"/Return/ReturnData/IRS990/Form990PartVIISectionA/Former",5346,2731,"2009v1.0, 2009v1.1, 2009v1.2, 2009v1.3, 2009v1.4, 2009v1.7"
"/Return/ReturnData/IRS990ScheduleK/Form990ScheduleKPartIV/GrossProceedsInvestedInGIC",5337,2709,"2009v1.0, 2009v1.2, 2009v1.3, 2009v1.4, 2009v1.7"
"/Return/ReturnData/IRS990ScheduleK/Form990ScheduleKPartIV/GrossProceedsInvested",5322,2697,"2009v1.0, 2009v1.2, 2009v1.3, 2009v1.4, 2009v1.7"
"/Return/ReturnData/IRS990EZ/TaxImposedUnderIRC4911",5318,5318,"2009v1.0, 2009v1.2, 2009v1.3, 2009v1.4, 2009v1.7"
"/Return/ReturnData/IRS990EZ/TaxImposedUnderIRC4912",5315,5315,"2009v1.2, 2009v1.3, 2009v1.4, 2009v1.7"
"/Return/ReturnData/IRS990EZ/TaxImposedUnderIRC4955",5314,5314,"2009v1.2, 2009v1.3, 2009v1.4, 2009v1.7"
"/Return/ReturnData/IRS990ScheduleK/Form990ScheduleKPartIV/ExceptionToRebate",5307,2695,"2009v1.0, 2009v1.2, 2009v1.3, 2009v1.4, 2009v1.7"
"/Return/ReturnData/IRS990ScheduleF/AcctsActvsOutUSTable/NumberOfEmployees",5305,1252,"2009v1.0, 2009v1.1, 2009v1.2, 2009v1.3, 2009v1.4, 2009v1.7"
"/Return/ReturnData/IRS990/ReceivablesFromOfficersEtc",5250,5250,"2009v1.1, 2009v1.2, 2009v1.3, 2009v1.4, 2009v1.7"
"/Return/ReturnData/IRS990/WrittenPolicyOrProcedure",5241,5241,"2009v1.0, 2009v1.1, 2009v1.2, 2009v1.3, 2009v1.4, 2009v1.7"
"/Return/ReturnData/IRS990/ConferencesMeetings/Fundraising",5201,5201,"2009v1.0, 2009v1.1, 2009v1.2, 2009v1.3, 2009v1.4, 2009v1.7"
"/Return/ReturnData/IRS990/BenefitsPaidToMembersPriorYear",5187,5187,"2009v1.1, 2009v1.2, 2009v1.3, 2009v1.4, 2009v1.7"
"/Return/ReturnData/IRS990/ActivityOther/Revenue",5172,3073,"2009v1.0, 2009v1.2, 2009v1.3, 2009v1.4, 2009v1.7"
"/Return/ReturnData/IRS990ScheduleD/CurrentYearMinus1Year/Contributions",5159,5159,"2009v1.0, 2009v1.2, 2009v1.3, 2009v1.4, 2009v1.7"
"/Return/ReturnData/IRS990/LessCostOthBasisSalesExpenses/Other",5118,5118,"2009v1.0, 2009v1.1, 2009v1.2, 2009v1.3, 2009v1.4, 2009v1.7"
"/Return/ReturnData/IRS990EZ/TheBooksAreInCareOf/NameBusiness",5111,5111,"2009v1.2, 2009v1.3, 2009v1.4, 2009v1.7"
"/Return/ReturnData/IRS990EZ/TheBooksAreInCareOf/NameBusiness/BusinessNameLine1",5111,5111,"2009v1.2, 2009v1.3, 2009v1.4, 2009v1.7"
"/Return/ReturnData/IRS990EZ/GrantsAndSimilarAmountsPaid",5078,5078,"2009v1.0, 2009v1.1, 2009v1.2, 2009v1.3, 2009v1.4, 2009v1.7"
"/Return/ReturnData/IRS990/ReceivablesFromOfficersEtc/EOY",5076,5076,"2009v1.1, 2009v1.2, 2009v1.3, 2009v1.4, 2009v1.7"
"/Return/ReturnData/IRS990ScheduleK/Form990ScheduleKPartIII",5061,2626,"2009v1.0, 2009v1.2, 2009v1.3, 2009v1.4, 2009v1.7"
"/Return/ReturnData/IRS990ScheduleF/AcctsActvsOutUSTable/NumberOfOffices",5044,1204,"2009v1.0, 2009v1.1, 2009v1.2, 2009v1.3, 2009v1.4, 2009v1.7"
"/Return/ReturnData/IRS990ScheduleK/Form990ScheduleKPartIII/OwningBondFinancedProperty",5041,2619,"2009v1.0, 2009v1.2, 2009v1.3, 2009v1.4, 2009v1.7"
"/Return/ReturnData/IRS990ScheduleK/Form990ScheduleKPartIII/AnyLeaseArrangements",5034,2617,"2009v1.0, 2009v1.2, 2009v1.3, 2009v1.4, 2009v1.7"
"/Return/ReturnData/IRS990ScheduleK/Form990ScheduleKPartIII/PostIssuanceComplianceProcdrs",5027,2605,"2009v1.0, 2009v1.2, 2009v1.3, 2009v1.4, 2009v1.7"
"/Return/ReturnData/IRS990ScheduleK/Form990ScheduleKPartIII/AnyResearchAgreements",5026,2613,"2009v1.0, 2009v1.2, 2009v1.3, 2009v1.4, 2009v1.7"
"/Return/ReturnData/IRS990ScheduleK/Form990ScheduleKPartIII/MngmentCntrctBondFinancdPrprty",5023,2614,"2009v1.0, 2009v1.2, 2009v1.3, 2009v1.4, 2009v1.7"
"/Return/ReturnData/IRS990ScheduleD/DonatedSrvcAndUseOfFacilities",4995,4995,"2009v1.0, 2009v1.1, 2009v1.2, 2009v1.3, 2009v1.4, 2009v1.7"
"/Return/ReturnData/IRS990/NetRentalIncomeOrLoss/ExclusionAmount",4927,4927,"2009v1.0, 2009v1.1, 2009v1.2, 2009v1.3, 2009v1.4, 2009v1.7"
"/Return/ReturnData/IRS990ScheduleD/DisclosedOrgsLegalControl",4894,4894,"2009v1.1, 2009v1.2, 2009v1.3, 2009v1.4, 2009v1.7"
"/Return/ReturnData/IRS990ScheduleD/DisclosedForCharitablePurposes",4893,4893,"2009v1.1, 2009v1.2, 2009v1.3, 2009v1.4, 2009v1.7"
"/Return/ReturnData/IRS990ScheduleK/Form990ScheduleKPartIII/BondCounselRoutinelyEngaged",4891,2540,"2009v1.0, 2009v1.2, 2009v1.3, 2009v1.4, 2009v1.7"
"/Return/ReturnData/IRS990ScheduleD/TotalOfBookValueSecurities",4874,4874,"2009v1.0, 2009v1.1, 2009v1.2, 2009v1.3, 2009v1.4, 2009v1.7"
"/Return/ReturnData/IRS990/NonDeductibleDisclosure",4835,4835,"2009v1.0, 2009v1.1, 2009v1.2, 2009v1.3, 2009v1.4, 2009v1.7"
"/Return/ReturnData/IRS990ScheduleC",4821,4821,"2009v1.0, 2009v1.1, 2009v1.2, 2009v1.3, 2009v1.4, 2009v1.7"
"/Return/ReturnData/IRS990/GrossAmountSalesAssets/Other",4815,4815,"2009v1.0, 2009v1.1, 2009v1.2, 2009v1.3, 2009v1.4, 2009v1.7"
"/Return/ReturnData/IRS990/OtherNotesLoansReceivableNet/BOY",4796,4796,"2009v1.0, 2009v1.1, 2009v1.2, 2009v1.3, 2009v1.4, 2009v1.7"
"/Return/ReturnData/IRS990ScheduleD/DonatedServicesUseOfFacilities",4785,4785,"2009v1.0, 2009v1.1, 2009v1.2, 2009v1.3, 2009v1.4, 2009v1.7"
"/Return/ReturnData/IRS990ScheduleG/EventsInformation/TotalNumberOfOtherEvents",4756,4756,"2009v1.0, 2009v1.1, 2009v1.2, 2009v1.3, 2009v1.4, 2009v1.7"
"/Return/ReturnData/IRS990/GrossSalesOfInventory",4736,4736,"2009v1.0, 2009v1.1, 2009v1.2, 2009v1.3, 2009v1.4, 2009v1.7"
"/Return/ReturnData/IRS990ScheduleD/WrittenPolicyMonitoring",4725,4725,"2009v1.2, 2009v1.3, 2009v1.4, 2009v1.7"
"/Return/ReturnData/IRS990ScheduleD/Sect170hRequirementsSatisfied",4704,4704,"2009v1.2, 2009v1.3, 2009v1.4, 2009v1.7"
"/Return/ReturnData/IRS990EZ/LandAndBuildings",4665,4665,"2009v1.0, 2009v1.1, 2009v1.2, 2009v1.3, 2009v1.4, 2009v1.7"
"/Return/ReturnData/IRS990/ReceivablesFromDisqualPersons",4662,4662,"2009v1.1, 2009v1.2, 2009v1.3, 2009v1.4, 2009v1.7"
"/Return/ReturnData/IRS990ScheduleI/TotalNbrOf501C3AndGovtGrants",4653,4653,"2009v1.0, 2009v1.1, 2009v1.2, 2009v1.3, 2009v1.4, 2009v1.7"
"/Return/ReturnData/IRS990ScheduleR/Form990ScheduleRPartI",4648,1679,"2009v1.1, 2009v1.2, 2009v1.3, 2009v1.4, 2009v1.7"
"/Return/ReturnData/TransferPrsnlBnftContractsDecl",4645,4645,"2009v1.3, 2009v1.4, 2009v1.7"
"/Return/ReturnData/TransferPrsnlBnftContractsDecl/Declaration",4645,4645,"2009v1.3, 2009v1.4, 2009v1.7"
"/Return/ReturnData/IRS990ScheduleD/OtherExpensesNotIncluded",4642,4642,"2009v1.0, 2009v1.1, 2009v1.2, 2009v1.3, 2009v1.4, 2009v1.7"
"/Return/ReturnData/IRS990ScheduleR/Form990ScheduleRPartI/NameOfDisregardedEntity",4642,1679,"2009v1.1, 2009v1.2, 2009v1.3, 2009v1.4, 2009v1.7"
"/Return/ReturnData/IRS990ScheduleR/Form990ScheduleRPartI/NameOfDisregardedEntity/BusinessNameLine1",4642,1679,"2009v1.1, 2009v1.2, 2009v1.3, 2009v1.4, 2009v1.7"
"/Return/ReturnData/IRS990/FeesForServicesManagement/ManagementAndGeneral",4639,4639,"2009v1.0, 2009v1.1, 2009v1.2, 2009v1.3, 2009v1.4, 2009v1.7"
"/Return/ReturnData/IRS990ScheduleK/Form990ScheduleKPartI/CUSIPNumber",4632,2291,"2009v1.0, 2009v1.2, 2009v1.3, 2009v1.4, 2009v1.7"
"/Return/ReturnData/IRS990/FeesForServicesInvstMgmntFees/ManagementAndGeneral",4598,4598,"2009v1.0, 2009v1.1, 2009v1.2, 2009v1.3, 2009v1.4, 2009v1.7"
"/Return/ReturnData/IRS990ScheduleR/Form990ScheduleRPartI/PrimaryActivities",4592,1658,"2009v1.1, 2009v1.2, 2009v1.3, 2009v1.4, 2009v1.7"
"/Return/ReturnData/IRS990/ReceivablesFromDisqualPersons/EOY",4586,4586,"2009v1.2, 2009v1.3, 2009v1.4, 2009v1.7"
"/Return/ReturnData/IRS990EZ/LandAndBuildings/EOY",4585,4585,"2009v1.0, 2009v1.1, 2009v1.2, 2009v1.3, 2009v1.4, 2009v1.7"
"/Return/ReturnData/IRS990ScheduleK/Form990ScheduleKPartII/IssuanceCostsFromProceeds",4575,2388,"2009v1.0, 2009v1.2, 2009v1.3, 2009v1.4, 2009v1.7"
"/Return/ReturnData/IRS990EZ/LandAndBuildings/BOY",4557,4557,"2009v1.0, 2009v1.1, 2009v1.2, 2009v1.3, 2009v1.4, 2009v1.7"
"/Return/ReturnData/IRS990ScheduleR/Form990ScheduleRPartI/LegalDomicileState",4538,1648,"2009v1.1, 2009v1.2, 2009v1.3, 2009v1.4, 2009v1.7"
"/Return/ReturnData/IRS990ScheduleD/BoardDesignatedEOYBalance",4534,4534,"2009v1.0, 2009v1.1, 2009v1.2, 2009v1.3, 2009v1.4, 2009v1.7"
"/Return/ReturnData/IRS990ScheduleR/Form990ScheduleRPartI/AddressUS",4512,1642,"2009v1.1, 2009v1.2, 2009v1.3, 2009v1.4, 2009v1.7"
"/Return/ReturnData/IRS990ScheduleR/Form990ScheduleRPartI/AddressUS/AddressLine1",4512,1642,"2009v1.1, 2009v1.2, 2009v1.3, 2009v1.4, 2009v1.7"
"/Return/ReturnData/IRS990ScheduleR/Form990ScheduleRPartI/AddressUS/City",4512,1642,"2009v1.1, 2009v1.2, 2009v1.3, 2009v1.4, 2009v1.7"
"/Return/ReturnData/IRS990ScheduleR/Form990ScheduleRPartI/AddressUS/State",4512,1642,"2009v1.1, 2009v1.2, 2009v1.3, 2009v1.4, 2009v1.7"
"/Return/ReturnData/IRS990ScheduleR/Form990ScheduleRPartI/AddressUS/ZIPCode",4512,1642,"2009v1.1, 2009v1.2, 2009v1.3, 2009v1.4, 2009v1.7"
"/Return/ReturnData/IRS990EZ/OfficerDirectorTrusteeKeyEmpl/AddressUS/AddressLine2",4500,624,"2009v1.2, 2009v1.3, 2009v1.7"
"/Return/ReturnData/IRS990/MembershipDues",4477,4477,"2009v1.0, 2009v1.1, 2009v1.2, 2009v1.3, 2009v1.4, 2009v1.7"
"/Return/ReturnData/IRS990/TotalOfOtherProgramServiceRev",4409,4409,"2009v1.1, 2009v1.2, 2009v1.3, 2009v1.4, 2009v1.7"
"/Return/ReturnData/IRS990/CostOfGoodsSold",4385,4385,"2009v1.0, 2009v1.1, 2009v1.2, 2009v1.3, 2009v1.4, 2009v1.7"
"/Return/ReturnData/IRS990ScheduleK/Form990ScheduleKPartII/YearOfSubstCompletion",4350,2333,"2009v1.0, 2009v1.2, 2009v1.3, 2009v1.4, 2009v1.7"
"/Return/ReturnData/IRS990ScheduleH/Form990ScheduleHPartV/Other",4332,709,"2009v1.2, 2009v1.3, 2009v1.4, 2009v1.7"
"/Return/ReturnData/IRS990ScheduleA/School170b1Aii",4296,4296,"2009v1.0, 2009v1.1, 2009v1.2, 2009v1.3, 2009v1.4, 2009v1.7"
"/Return/ReturnData/IRS990EZ/GroProfitLossSalesOfInventory",4295,4295,"2009v1.0, 2009v1.1, 2009v1.2, 2009v1.3, 2009v1.4, 2009v1.7"
"/Return/ReturnData/IRS990ScheduleG/EventsInformation/RentFacilityCostsTotalEvents",4292,4292,"2009v1.0, 2009v1.1, 2009v1.2, 2009v1.3, 2009v1.4, 2009v1.7"
"/Return/ReturnData/IRS990ScheduleE",4269,4269,"2009v1.0, 2009v1.1, 2009v1.2, 2009v1.3, 2009v1.4, 2009v1.7"
"/Return/ReturnData/IRS990ScheduleE/MaintRacialCompositionRecords",4266,4266,"2009v1.0, 2009v1.1, 2009v1.2, 2009v1.3, 2009v1.4, 2009v1.7"
"/Return/ReturnData/IRS990ScheduleE/NondiscriminatoryPolicyStmt",4266,4266,"2009v1.0, 2009v1.1, 2009v1.2, 2009v1.3, 2009v1.4, 2009v1.7"
"/Return/ReturnData/IRS990ScheduleE/PolicyStatementInBrochuresEtc",4265,4265,"2009v1.0, 2009v1.1, 2009v1.2, 2009v1.3, 2009v1.4, 2009v1.7"
"/Return/ReturnData/IRS990ScheduleE/MaintCopiesOfAllSolicitations",4264,4264,"2009v1.0, 2009v1.1, 2009v1.2, 2009v1.3, 2009v1.4, 2009v1.7"
"/Return/ReturnData/IRS990ScheduleE/MaintCopiesOfBrochuresEtc",4264,4264,"2009v1.0, 2009v1.1, 2009v1.2, 2009v1.3, 2009v1.4, 2009v1.7"
"/Return/ReturnData/IRS990ScheduleE/PolicyPublViaBroadcastMedia",4264,4264,"2009v1.0, 2009v1.1, 2009v1.2, 2009v1.3, 2009v1.4, 2009v1.7"
"/Return/ReturnData/IRS990ScheduleE/MaintScholarshipsRecords",4262,4262,"2009v1.0, 2009v1.1, 2009v1.2, 2009v1.3, 2009v1.4, 2009v1.7"
"/Return/ReturnData/IRS990ScheduleE/DiscriminateRaceAdmissPolicies",4257,4257,"2009v1.0, 2009v1.2, 2009v1.3, 2009v1.4, 2009v1.7"
"/Return/ReturnData/IRS990ScheduleE/DiscriminateRaceEmplmnFaculty",4257,4257,"2009v1.0, 2009v1.2, 2009v1.3, 2009v1.4, 2009v1.7"
"/Return/ReturnData/IRS990ScheduleE/DiscriminateRaceStudentsRights",4257,4257,"2009v1.0, 2009v1.2, 2009v1.3, 2009v1.4, 2009v1.7"
"/Return/ReturnData/IRS990ScheduleE/DiscriminateRaceEducPolicies",4256,4256,"2009v1.0, 2009v1.2, 2009v1.3, 2009v1.4, 2009v1.7"
"/Return/ReturnData/IRS990ScheduleE/DiscriminateRaceOtherActy",4256,4256,"2009v1.0, 2009v1.2, 2009v1.3, 2009v1.4, 2009v1.7"
"/Return/ReturnData/IRS990ScheduleE/DiscriminateRaceScholarships",4256,4256,"2009v1.0, 2009v1.2, 2009v1.3, 2009v1.4, 2009v1.7"
"/Return/ReturnData/IRS990ScheduleE/DiscriminateRaceUseOfFclts",4256,4256,"2009v1.0, 2009v1.2, 2009v1.3, 2009v1.4, 2009v1.7"
"/Return/ReturnData/IRS990ScheduleE/ComplianceWithRevProc7550",4255,4255,"2009v1.0, 2009v1.1, 2009v1.2, 2009v1.3, 2009v1.4, 2009v1.7"
"/Return/ReturnData/IRS990ScheduleE/DiscriminateRaceAthleticProg",4255,4255,"2009v1.0, 2009v1.2, 2009v1.3, 2009v1.4, 2009v1.7"
"/Return/ReturnData/IRS990ScheduleE/GovernmentFinancialAidReceived",4254,4254,"2009v1.0, 2009v1.1, 2009v1.2, 2009v1.3, 2009v1.4, 2009v1.7"
"/Return/ReturnData/IRS990ScheduleA/OtherIncome509/CurrentTaxYearMinus1Year",4251,4251,"2009v1.0, 2009v1.1, 2009v1.2, 2009v1.3, 2009v1.4, 2009v1.7"
"/Return/ReturnData/IRS990ScheduleA/ContribByControllingIndividual",4247,4247,"2009v1.0, 2009v1.2, 2009v1.3, 2009v1.4, 2009v1.7"
"/Return/ReturnData/IRS990ScheduleA/ContributionByRelatedParty",4247,4247,"2009v1.0, 2009v1.2, 2009v1.3, 2009v1.4, 2009v1.7"
"/Return/ReturnData/IRS990ScheduleA/ContribBy35ControlledEntity",4245,4245,"2009v1.0, 2009v1.2, 2009v1.3, 2009v1.4, 2009v1.7"
"/Return/ReturnData/IRS990ScheduleE/GovernmentFinancialAidRevoked",4230,4230,"2009v1.0, 2009v1.2, 2009v1.3, 2009v1.4, 2009v1.7"
"/Return/ReturnData/IRS990ScheduleA/OtherIncome509/CurrentTaxYear",4212,4212,"2009v1.0, 2009v1.1, 2009v1.2, 2009v1.3, 2009v1.4, 2009v1.7"
"/Return/ReturnData/IRS990ScheduleD/CurrentYear/OtherExpenditures",4212,4212,"2009v1.0, 2009v1.1, 2009v1.2, 2009v1.3, 2009v1.4, 2009v1.7"
"/Return/ReturnData/IRS990ScheduleK/Form990ScheduleKPartII/CapitalExpenditures",4197,2299,"2009v1.0, 2009v1.2, 2009v1.3, 2009v1.4, 2009v1.7"
"/Return/ReturnData/IRS990ScheduleG/EventsInformation/GrossReceiptsOtherEvents",4174,4174,"2009v1.0, 2009v1.1, 2009v1.2, 2009v1.3, 2009v1.4, 2009v1.7"
"/Return/ReturnData/IRS990/FiledLieu1041",4167,4167,"2009v1.0, 2009v1.1, 2009v1.2, 2009v1.3, 2009v1.4, 2009v1.7"
"/Return/ReturnData/IRS990/Form8886TFiled",4138,4138,"2009v1.0, 2009v1.1, 2009v1.2, 2009v1.3, 2009v1.4, 2009v1.7"
"/Return/ReturnData/IRS990/NetGainOrLossInvestments/RelatedOrExemptFunctionIncome",4128,4128,"2009v1.0, 2009v1.1, 2009v1.2, 2009v1.3, 2009v1.4, 2009v1.7"
"/Return/ReturnData/IRS990/TaxExemptBondLiabilities",4115,4115,"2009v1.0, 2009v1.1, 2009v1.2, 2009v1.3, 2009v1.4, 2009v1.7"
"/Return/ReturnData/IRS990/AllAffiliatesIncluded",4113,4113,"2009v1.0, 2009v1.2, 2009v1.3, 2009v1.4, 2009v1.7"
"/Return/ReturnData/IRS990ScheduleA/OtherIncome509/CurrentTaxYearMinus2Years",4111,4111,"2009v1.0, 2009v1.1, 2009v1.2, 2009v1.3, 2009v1.4, 2009v1.7"
"/Return/ReturnData/IRS990ScheduleA/OtherIncome509/CurrentTaxYearMinus3Years",4099,4099,"2009v1.0, 2009v1.1, 2009v1.2, 2009v1.3, 2009v1.4, 2009v1.7"
"/Return/ReturnData/IRS990ScheduleA/TotalNumberOfSupportedOrgs",4089,4089,"2009v1.0, 2009v1.2, 2009v1.3, 2009v1.4, 2009v1.7"
"/Return/ReturnData/IRS990/DoNotFollowSFAS117",4088,4088,"2009v1.0, 2009v1.1, 2009v1.2, 2009v1.3, 2009v1.4, 2009v1.7"
"/Return/ReturnData/IRS990/RetainedEarningsEndowmentEtc",4050,4050,"2009v1.0, 2009v1.1, 2009v1.2, 2009v1.3, 2009v1.4, 2009v1.7"
"/Return/ReturnData/IRS990/TaxExemptBondLiabilities/BOY",4048,4048,"2009v1.0, 2009v1.1, 2009v1.2, 2009v1.3, 2009v1.4, 2009v1.7"
"/Return/ReturnData/IRS990ScheduleI/RecipientTable/AddressUS/AddressLine2",4037,517,"2009v1.2, 2009v1.3, 2009v1.4, 2009v1.7"
"/Return/ReturnData/IRS990/RetainedEarningsEndowmentEtc/EOY",4031,4031,"2009v1.0, 2009v1.1, 2009v1.2, 2009v1.3, 2009v1.4, 2009v1.7"
"/Return/ReturnData/IRS990/RetainedEarningsEndowmentEtc/BOY",4023,4023,"2009v1.0, 2009v1.1, 2009v1.2, 2009v1.3, 2009v1.4, 2009v1.7"
"/Return/ReturnData/IRS990ScheduleR/Form990ScheduleRPartI/EIN",4018,1506,"2009v1.1, 2009v1.2, 2009v1.3, 2009v1.4, 2009v1.7"
"/Return/ReturnData/IRS990/TaxExemptBondLiabilities/EOY",3983,3983,"2009v1.0, 2009v1.1, 2009v1.2, 2009v1.3, 2009v1.4, 2009v1.7"
"/Return/ReturnData/IRS990ScheduleA/SupportingOrganization509a3",3972,3972,"2009v1.0, 2009v1.1, 2009v1.2, 2009v1.3, 2009v1.4, 2009v1.7"
"/Return/ReturnData/IRS990ScheduleD/CurrentYearMinus1Year/OtherExpenditures",3967,3967,"2009v1.0, 2009v1.2, 2009v1.3, 2009v1.4, 2009v1.7"
"/Return/ReturnData/IRS990ScheduleG/EventsInformation/GrossRevenueOtherEvents",3919,3919,"2009v1.0, 2009v1.1, 2009v1.2, 2009v1.3, 2009v1.4, 2009v1.7"
"/Return/ReturnData/IRS990EZ/OtherChangesInNetAssets",3910,3910,"2009v1.0, 2009v1.1, 2009v1.2, 2009v1.3, 2009v1.4, 2009v1.7"
"/Return/ReturnData/IRS990ScheduleG/EventsInformation/FoodAndBeverageTotalEvents",3898,3898,"2009v1.0, 2009v1.1, 2009v1.2, 2009v1.3, 2009v1.4, 2009v1.7"
"/Return/ReturnData/IRS990ScheduleA/OtherIncome509/CurrentTaxYearMinus4Years",3893,3893,"2009v1.0, 2009v1.1, 2009v1.2, 2009v1.3, 2009v1.4, 2009v1.7"
"/Return/ReturnData/IRS990ScheduleG/EventsInformation/RentFacilityCostsEvent1",3878,3878,"2009v1.0, 2009v1.1, 2009v1.2, 2009v1.3, 2009v1.4, 2009v1.7"
"/Return/ReturnData/IRS990ScheduleE/PubViaBroadcastMediaExpln",3876,3876,"2009v1.0, 2009v1.1, 2009v1.2, 2009v1.3, 2009v1.4, 2009v1.7"
"/Return/ReturnData/IRS990/RelatedOrganizations",3851,3851,"2009v1.1, 2009v1.2, 2009v1.3, 2009v1.4, 2009v1.7"
"/Return/ReturnData/IRS990ScheduleJ/SubstantiationRequired",3838,3838,"2009v1.0, 2009v1.1, 2009v1.2, 2009v1.3, 2009v1.4, 2009v1.7"
"/Return/ReturnData/IRS990/MethodOfAccountingCash",3833,3833,"2009v1.0, 2009v1.1, 2009v1.2, 2009v1.3, 2009v1.4, 2009v1.7"
"/Return/ReturnData/IRS990EZ/GrossReceiptsForPublicUse",3813,3813,"2009v1.0, 2009v1.1, 2009v1.2, 2009v1.3, 2009v1.4, 2009v1.7"
"/Return/ReturnData/IRS990EZ/InitiationFeesAndCapitalContri",3813,3813,"2009v1.0, 2009v1.1, 2009v1.2, 2009v1.3, 2009v1.4, 2009v1.7"
"/Return/ReturnData/IRS990/InformationTechnology/Fundraising",3719,3719,"2009v1.0, 2009v1.1, 2009v1.2, 2009v1.3, 2009v1.4, 2009v1.7"
"/Return/ReturnData/IRS990/LessRentalExpenses",3714,3714,"2009v1.0, 2009v1.1, 2009v1.2, 2009v1.3, 2009v1.4, 2009v1.7"
"/Return/ReturnData/IRS990ScheduleJ/IndependentConsultant",3708,3708,"2009v1.0, 2009v1.2, 2009v1.3, 2009v1.4, 2009v1.7"
"/Return/ReturnData/IRS990EZ/GainOrLossFromSaleOfAssets",3656,3656,"2009v1.1, 2009v1.2, 2009v1.3, 2009v1.4, 2009v1.7"
"/Return/ReturnData/IRS990ScheduleA/SumOfAmounts",3655,3655,"2009v1.1, 2009v1.2, 2009v1.3, 2009v1.4, 2009v1.7"
"/Return/ReturnData/IRS990ScheduleI/Form990ScheduleIPartIII/MethodOfValuation",3646,1760,"2009v1.0, 2009v1.1, 2009v1.2, 2009v1.3, 2009v1.4, 2009v1.7"
"/Return/ReturnData/IRS990ScheduleG/EventsInformation/OtherDirectExpensesOtherEvents",3639,3639,"2009v1.0, 2009v1.1, 2009v1.2, 2009v1.3, 2009v1.4, 2009v1.7"
"/Return/ReturnData/IRS990/LessRentalExpenses/Real",3629,3629,"2009v1.0, 2009v1.1, 2009v1.2, 2009v1.3, 2009v1.4, 2009v1.7"
"/Return/ReturnData/IRS990/TotalOthProgramServiceRevenue",3625,3625,"2009v1.1, 2009v1.2, 2009v1.3, 2009v1.4, 2009v1.7"
"/Return/ReturnData/IRS990/TotalOthProgramServiceRevenue/TotalRevenueColumn",3625,3625,"2009v1.1, 2009v1.2, 2009v1.3, 2009v1.4, 2009v1.7"
"/Return/ReturnData/IRS990/FeesForServicesAccounting/Fundraising",3608,3608,"2009v1.1, 2009v1.2, 2009v1.3, 2009v1.4, 2009v1.7"
"/Return/ReturnData/IRS990ScheduleA/GrossReceiptsFromNonUBI",3590,3590,"2009v1.0, 2009v1.1, 2009v1.2, 2009v1.3, 2009v1.4, 2009v1.7"
"/Return/ReturnData/IRS990ScheduleA/GrossReceiptsFromNonUBI/Total",3590,3590,"2009v1.0, 2009v1.1, 2009v1.2, 2009v1.3, 2009v1.4, 2009v1.7"
"/Return/ReturnData/IRS990/NameOfForeignCountry",3589,1157,"2009v1.0, 2009v1.2, 2009v1.3, 2009v1.4, 2009v1.7"
"/Return/ReturnData/IRS990ScheduleG/EventsInformation/FoodAndBeverageEvent1",3571,3571,"2009v1.0, 2009v1.1, 2009v1.2, 2009v1.3, 2009v1.4, 2009v1.7"
"/Return/ReturnData/IRS990/OtherRevenueMisc/UnrelatedBusinessRevenue",3561,2319,"2009v1.0, 2009v1.1, 2009v1.2, 2009v1.3, 2009v1.4, 2009v1.7"
"/Return/ReturnData/IRS990ScheduleA/NetUBI",3547,3547,"2009v1.1, 2009v1.2, 2009v1.3, 2009v1.4, 2009v1.7"
"/Return/ReturnData/IRS990ScheduleA/NetUBI/Total",3547,3547,"2009v1.1, 2009v1.2, 2009v1.3, 2009v1.4, 2009v1.7"
"/Return/ReturnData/IRS990/NumberOf8282Filed",3503,3503,"2009v1.0, 2009v1.2, 2009v1.3, 2009v1.4, 2009v1.7"
"/Return/ReturnData/IRS990ScheduleD/ArtPublicExhibitionAmts",3501,3501,"2009v1.2, 2009v1.3, 2009v1.4, 2009v1.7"
"/Return/ReturnData/IRS990ScheduleD/TermEndowmentEOYBalance",3492,3492,"2009v1.0, 2009v1.1, 2009v1.2, 2009v1.3, 2009v1.4, 2009v1.7"
"/Return/ReturnData/IRS990ScheduleA/NetIncomeFromOtherUBI",3490,3490,"2009v1.1, 2009v1.2, 2009v1.3, 2009v1.4, 2009v1.7"
"/Return/ReturnData/IRS990ScheduleA/NetIncomeFromOtherUBI/Total",3489,3489,"2009v1.1, 2009v1.2, 2009v1.3, 2009v1.4, 2009v1.7"
"/Return/ReturnData/IRS990ScheduleJ/WrittenPolicyReTAndEExpenses",3446,3446,"2009v1.0, 2009v1.2, 2009v1.3, 2009v1.4, 2009v1.7"
"/Return/ReturnData/IRS990/TotalOthProgramServiceRevenue/RelatedOrExemptFunctionIncome",3443,3443,"2009v1.1, 2009v1.2, 2009v1.3, 2009v1.4, 2009v1.7"
"/Return/ReturnData/IRS990ScheduleR/Form990ScheduleRPartI/EOYAssets",3388,1317,"2009v1.1, 2009v1.2, 2009v1.3, 2009v1.4, 2009v1.7"
"/Return/ReturnData/IRS990ScheduleR/Form990ScheduleRPartI/TotalIncome",3309,1331,"2009v1.1, 2009v1.2, 2009v1.3, 2009v1.4, 2009v1.7"
"/Return/ReturnData/IRS990ScheduleG/EventsInformation/CharitableContributionsEvent2",3307,3307,"2009v1.0, 2009v1.2, 2009v1.3, 2009v1.4, 2009v1.7"
"/Return/ReturnData/IRS990ScheduleF/GrantsToOrgsOutsideUS/AmountOfNonCashAssistance",3305,151,"2009v1.2, 2009v1.3, 2009v1.4, 2009v1.7"
"/Return/ReturnData/IRS990/FederatedCampaigns",3300,3300,"2009v1.0, 2009v1.1, 2009v1.2, 2009v1.3, 2009v1.4, 2009v1.7"
"/Return/ReturnData/IRS990ScheduleI/TotalNbrOfOtherOrganizations",3295,3295,"2009v1.0, 2009v1.1, 2009v1.2, 2009v1.3, 2009v1.4, 2009v1.7"
"/Return/ReturnData/IRS990/FeesForServicesManagement/ProgramServices",3265,3265,"2009v1.0, 2009v1.1, 2009v1.2, 2009v1.3, 2009v1.4, 2009v1.7"
"/Return/ReturnData/IRS990ScheduleA/ValueSrvcFcltsFurnishedByGovt",3215,3215,"2009v1.0, 2009v1.1, 2009v1.2, 2009v1.3, 2009v1.4, 2009v1.7"
"/Return/ReturnData/IRS990ScheduleA/ValueSrvcFcltsFurnishedByGovt/Total",3215,3215,"2009v1.0, 2009v1.1, 2009v1.2, 2009v1.3, 2009v1.4, 2009v1.7"
"/Return/ReturnData/IRS990ScheduleD/HeldWorksOfArtAmts",3214,3214,"2009v1.0, 2009v1.2, 2009v1.3, 2009v1.4, 2009v1.7"
"/Return/ReturnData/IRS990ScheduleD/Equipment/InvestmentCostOrOtherBasis",3184,3184,"2009v1.0, 2009v1.1, 2009v1.2, 2009v1.3, 2009v1.4, 2009v1.7"
"/Return/ReturnData/IRS990ScheduleA/Post1975UBTI",3145,3145,"2009v1.2, 2009v1.3, 2009v1.4, 2009v1.7"
"/Return/ReturnData/IRS990ScheduleA/Post1975UBTI/Total",3145,3145,"2009v1.2, 2009v1.3, 2009v1.4, 2009v1.7"
"/Return/ReturnData/CompensationExplanation",3122,3021,"2009v1.2, 2009v1.3, 2009v1.4, 2009v1.7"
"/Return/ReturnData/IRS990ScheduleK",3120,2974,"2009v1.0, 2009v1.1, 2009v1.2, 2009v1.3, 2009v1.4, 2009v1.7"
"/Return/ReturnData/IRS990ScheduleG/AgreementRefFundraising",3119,3119,"2009v1.0, 2009v1.2, 2009v1.3, 2009v1.4, 2009v1.7"
"/Return/ReturnData/IRS990EZ/GrossSalesOfInventory",3103,3103,"2009v1.0, 2009v1.1, 2009v1.2, 2009v1.3, 2009v1.4, 2009v1.7"
"/Return/ReturnData/IRS990ScheduleR/Form990ScheduleRPartI/DirectControllingEntityName",3053,1027,"2009v1.1, 2009v1.2, 2009v1.3, 2009v1.4, 2009v1.7"
"/Return/ReturnData/IRS990ScheduleR/Form990ScheduleRPartI/DirectControllingEntityName/BusinessNameLine1",3053,1027,"2009v1.1, 2009v1.2, 2009v1.3, 2009v1.4, 2009v1.7"
"/Return/ReturnData/IRS990/NetIncomeOrLoss/RelatedOrExemptFunctionIncome",3044,3044,"2009v1.0, 2009v1.1, 2009v1.2, 2009v1.3, 2009v1.4, 2009v1.7"
"/Return/ReturnData/IRS990/Activity2/Grants",3014,3014,"2009v1.0, 2009v1.1, 2009v1.2, 2009v1.3, 2009v1.4, 2009v1.7"
"/Return/ReturnData/IRS990ScheduleJ/Form990OfOtherOrganizations",3007,3007,"2009v1.0, 2009v1.2, 2009v1.3, 2009v1.4, 2009v1.7"
"/Return/ReturnData/IRS990ScheduleI/Form990ScheduleIPartIII/AmountOfNonCashAssistance",3004,1474,"2009v1.0, 2009v1.1, 2009v1.2, 2009v1.3, 2009v1.4, 2009v1.7"
"/Return/ReturnData/IRS990ScheduleD/FederalIncomeTaxLiability",2999,2999,"2009v1.2, 2009v1.3, 2009v1.4, 2009v1.7"
"/Return/ReturnData/IRS990ScheduleL/Form990ScheduleLPartIV/NameOfInterestedPerson/NameBusiness",2998,1374,"2009v1.0, 2009v1.2, 2009v1.3, 2009v1.4, 2009v1.7"
"/Return/ReturnData/IRS990ScheduleL/Form990ScheduleLPartIV/NameOfInterestedPerson/NameBusiness/BusinessNameLine1",2998,1374,"2009v1.0, 2009v1.2, 2009v1.3, 2009v1.4, 2009v1.7"
"/Return/ReturnData/IRS990ScheduleK/Form990ScheduleKPartIII/TotalPrivateBusinessUse",2979,1497,"2009v1.2, 2009v1.3, 2009v1.4, 2009v1.7"
"/Return/ReturnData/IRS990/MiscellaneousRevenue",2949,2949,"2009v1.0, 2009v1.2, 2009v1.3, 2009v1.4, 2009v1.7"
"/Return/ReturnData/IRS990/MiscellaneousRevenue/TotalRevenueColumn",2949,2949,"2009v1.0, 2009v1.2, 2009v1.3, 2009v1.4, 2009v1.7"
"/Return/ReturnData/IRS990ScheduleF/GrantsToOrgsOutsideUS/MethodOfValuation",2937,189,"2009v1.2, 2009v1.3, 2009v1.4, 2009v1.7"
"/Return/ReturnData/IRS990ScheduleL/LoanTable",2920,1559,"2009v1.0, 2009v1.2, 2009v1.3, 2009v1.4, 2009v1.7"
"/Return/ReturnData/IRS990ScheduleL/LoanTable/WrittenAgreement",2917,1559,"2009v1.0, 2009v1.2, 2009v1.3, 2009v1.4, 2009v1.7"
"/Return/ReturnData/IRS990ScheduleL/LoanTable/Default",2916,1558,"2009v1.0, 2009v1.2, 2009v1.3, 2009v1.4, 2009v1.7"
"/Return/ReturnData/IRS990ScheduleA/TaxRevLeviedForOrgBenefit170",2908,2908,"2009v1.1, 2009v1.2, 2009v1.3, 2009v1.4, 2009v1.7"
"/Return/ReturnData/IRS990ScheduleA/TaxRevLeviedForOrgBenefit170/Total",2908,2908,"2009v1.1, 2009v1.2, 2009v1.3, 2009v1.4, 2009v1.7"
"/Return/ReturnData/IRS990ScheduleL/LoanTable/ApprovedByBoard",2906,1558,"2009v1.0, 2009v1.2, 2009v1.3, 2009v1.4, 2009v1.7"
"/Return/ReturnData/IRS990ScheduleA/ValueOfSvcsFcltsFurnishdByGovt",2897,2897,"2009v1.1, 2009v1.2, 2009v1.3, 2009v1.4, 2009v1.7"
"/Return/ReturnData/IRS990ScheduleA/ValueOfSvcsFcltsFurnishdByGovt/Total",2897,2897,"2009v1.1, 2009v1.2, 2009v1.3, 2009v1.4, 2009v1.7"
"/Return/ReturnData/IRS990ScheduleK/Form990ScheduleKPartIII/PrcntgePrvtBusinessUseByOthers",2892,1456,"2009v1.2, 2009v1.3, 2009v1.4, 2009v1.7"
"/Return/ReturnData/IRS990ScheduleD/Buildings/InvestmentCostOrOtherBasis",2891,2891,"2009v1.0, 2009v1.1, 2009v1.2, 2009v1.3, 2009v1.4, 2009v1.7"
"/Return/ReturnData/IRS990ScheduleD/Land/InvestmentCostOrOtherBasis",2887,2887,"2009v1.0, 2009v1.1, 2009v1.2, 2009v1.3, 2009v1.4, 2009v1.7"
"/Return/ReturnData/IRS990ScheduleC/DirectContactLegislators",2877,2877,"2009v1.0, 2009v1.1, 2009v1.2, 2009v1.3, 2009v1.4, 2009v1.7"
"/Return/ReturnData/IRS990ScheduleC/PaidStaffOrManagement",2871,2871,"2009v1.0, 2009v1.2, 2009v1.3, 2009v1.4, 2009v1.7"
"/Return/ReturnData/IRS990ScheduleC/Volunteers",2869,2869,"2009v1.0, 2009v1.2, 2009v1.3, 2009v1.4, 2009v1.7"
"/Return/ReturnData/IRS990/UnsecuredNotesLoansPayable",2868,2868,"2009v1.0, 2009v1.1, 2009v1.2, 2009v1.3, 2009v1.4, 2009v1.7"
"/Return/ReturnData/IRS990ScheduleC/GrantsOtherOrganizations",2866,2866,"2009v1.0, 2009v1.2, 2009v1.3, 2009v1.4, 2009v1.7"
"/Return/ReturnData/IRS990ScheduleC/MailingsMembers",2865,2865,"2009v1.0, 2009v1.2, 2009v1.3, 2009v1.4, 2009v1.7"
"/Return/ReturnData/IRS990ScheduleC/PublicationsOrBroadcast",2863,2863,"2009v1.0, 2009v1.2, 2009v1.3, 2009v1.4, 2009v1.7"
"/Return/ReturnData/IRS990ScheduleC/MediaAdvertisements",2861,2861,"2009v1.0, 2009v1.2, 2009v1.3, 2009v1.4, 2009v1.7"
"/Return/ReturnData/IRS990ScheduleC/RalliesDemonstrations",2861,2861,"2009v1.0, 2009v1.2, 2009v1.3, 2009v1.4, 2009v1.7"
"/Return/ReturnData/IRS990/Interest/Fundraising",2845,2845,"2009v1.0, 2009v1.1, 2009v1.2, 2009v1.3, 2009v1.4, 2009v1.7"
"/Return/ReturnData/IRS990ScheduleL/LoanTable/BalanceDue",2835,1512,"2009v1.0, 2009v1.2, 2009v1.3, 2009v1.4, 2009v1.7"
"/Return/ReturnData/IRS990ScheduleL/LoanTable/OriginalPrincipalAmount",2823,1515,"2009v1.0, 2009v1.2, 2009v1.3, 2009v1.4, 2009v1.7"
"/Return/ReturnData/IRS990ScheduleK/Form990ScheduleKPartIII/PercentageOfPrvtBusinessReUBI",2816,1419,"2009v1.2, 2009v1.3, 2009v1.4, 2009v1.7"
"/Return/ReturnData/IRS990ScheduleI/Form990ScheduleIPartIII/DescriptionOfNonCashAssistance",2813,1422,"2009v1.0, 2009v1.1, 2009v1.2, 2009v1.3, 2009v1.4, 2009v1.7"
"/Return/ReturnData/IRS990ScheduleC/OtherActivities",2810,2810,"2009v1.0, 2009v1.2, 2009v1.3, 2009v1.4, 2009v1.7"
"/Return/ReturnData/IRS990ScheduleA/TaxRevLeviedForOrgBenefit509",2805,2805,"2009v1.2, 2009v1.3, 2009v1.4, 2009v1.7"
"/Return/ReturnData/IRS990ScheduleA/TaxRevLeviedForOrgBenefit509/Total",2805,2805,"2009v1.2, 2009v1.3, 2009v1.4, 2009v1.7"
"/Return/ReturnData/IRS990ScheduleC/NotDescribedIn501c3",2744,2744,"2009v1.0, 2009v1.2, 2009v1.3, 2009v1.4, 2009v1.7"
"/Return/ReturnData/IRS990ScheduleF/GrantsToOrgsOutsideUS/DescriptionOfNonCashAssistance",2742,145,"2009v1.2, 2009v1.3, 2009v1.4, 2009v1.7"
"/Return/ReturnData/IRS990EZ/RelatedOrgSection527Org",2736,2736,"2009v1.0, 2009v1.1, 2009v1.2, 2009v1.3, 2009v1.4, 2009v1.7"
"/Return/ReturnData/IRS990ScheduleA/SupportFromDQPsEtc/CurrentTaxYearMinus1Year",2689,2689,"2009v1.0, 2009v1.2, 2009v1.3, 2009v1.4, 2009v1.7"
"/Return/ReturnData/IRS990ScheduleM/SecuritiesPubliclyTraded",2621,2621,"2009v1.0, 2009v1.2, 2009v1.3, 2009v1.4, 2009v1.7"
"/Return/ReturnData/IRS990ScheduleA/SupportFromDQPsEtc/CurrentTaxYearMinus2Years",2607,2607,"2009v1.0, 2009v1.1, 2009v1.2, 2009v1.3, 2009v1.4, 2009v1.7"
"/Return/ReturnData/IRS990ScheduleA/SupportFromDQPsEtc/CurrentTaxYearMinus3Years",2599,2599,"2009v1.0, 2009v1.2, 2009v1.3, 2009v1.4, 2009v1.7"
"/Return/ReturnData/IRS990ScheduleK/Form990ScheduleKPartII/AmountInReserveFund",2575,1382,"2009v1.2, 2009v1.3, 2009v1.4, 2009v1.7"
"/Return/ReturnData/IRS990ScheduleR/Form990ScheduleRPartIV/LegalDomicileForeignCountry",2570,794,"2009v1.2, 2009v1.3, 2009v1.4, 2009v1.7"
"/Return/ReturnData/IRS990ScheduleL/LoanTable/PurposeOfLoan",2567,1377,"2009v1.0, 2009v1.2, 2009v1.3, 2009v1.4, 2009v1.7"
"/Return/ReturnData/IRS990/FeesForServicesProfFundraising/Fundraising",2556,2556,"2009v1.0, 2009v1.1, 2009v1.2, 2009v1.3, 2009v1.4, 2009v1.7"
"/Return/ReturnData/IRS990ScheduleA/SupportFromDQPsEtc/CurrentTaxYearMinus4Years",2536,2536,"2009v1.0, 2009v1.1, 2009v1.2, 2009v1.3, 2009v1.4, 2009v1.7"
"/Return/ReturnData/IRS990ScheduleL/LoanTable/NamePerson",2532,1369,"2009v1.0, 2009v1.2, 2009v1.3, 2009v1.4, 2009v1.7"
"/Return/ReturnData/IRS990/FeesForServicesLegal/Fundraising",2530,2530,"2009v1.1, 2009v1.2, 2009v1.3, 2009v1.4, 2009v1.7"
"/Return/ReturnData/IRS990/CapStckTrstPrinCurrentFunds",2529,2529,"2009v1.0, 2009v1.1, 2009v1.2, 2009v1.3, 2009v1.4, 2009v1.7"
"/Return/ReturnData/IRS990/CapStckTrstPrinCurrentFunds/BOY",2526,2526,"2009v1.0, 2009v1.1, 2009v1.2, 2009v1.3, 2009v1.4, 2009v1.7"
"/Return/ReturnData/IRS990ScheduleA/SupportFromDQPsEtc/CurrentTaxYear",2521,2521,"2009v1.0, 2009v1.1, 2009v1.2, 2009v1.3, 2009v1.4, 2009v1.7"
"/Return/ReturnData/IRS990ScheduleA/CertificationCheckbox",2520,2520,"2009v1.0, 2009v1.1, 2009v1.2, 2009v1.3, 2009v1.4, 2009v1.7"
"/Return/ReturnData/IRS990/CapStckTrstPrinCurrentFunds/EOY",2515,2515,"2009v1.1, 2009v1.2, 2009v1.3, 2009v1.4, 2009v1.7"
"/Return/ReturnData/IRS990/UnsecuredNotesLoansPayable/EOY",2506,2506,"2009v1.0, 2009v1.1, 2009v1.2, 2009v1.3, 2009v1.4, 2009v1.7"
"/Return/ReturnData/IRS990ScheduleC/Form990ScheduleCPartIV",2502,2407,"2009v1.0, 2009v1.2, 2009v1.3, 2009v1.4, 2009v1.7"
"/Return/ReturnData/IRS990ScheduleC/Form990ScheduleCPartIV/Explanation",2493,2403,"2009v1.0, 2009v1.2, 2009v1.3, 2009v1.4, 2009v1.7"
"/Return/ReturnData/IRS990/UnsecuredNotesLoansPayable/BOY",2476,2476,"2009v1.0, 2009v1.1, 2009v1.2, 2009v1.3, 2009v1.4, 2009v1.7"
"/Return/ReturnData/IRS990ScheduleG/EventsInformation/EntertainmentTotalEvents",2454,2454,"2009v1.1, 2009v1.2, 2009v1.3, 2009v1.4, 2009v1.7"
"/Return/ReturnData/IRS990/TotalOfOtherProgramServiceGrnt",2451,2451,"2009v1.2, 2009v1.3, 2009v1.4, 2009v1.7"
"/Return/ReturnData/IRS990ScheduleD/InvestmentExpensesNotIncluded2",2445,2445,"2009v1.0, 2009v1.2, 2009v1.3, 2009v1.4, 2009v1.7"
"/Return/ReturnData/IRS990/InvestmentIncome/UnrelatedBusinessRevenue",2442,2442,"2009v1.0, 2009v1.1, 2009v1.2, 2009v1.3, 2009v1.4, 2009v1.7"
"/Return/ReturnData/IRS990ScheduleC/TotalLobbyingExpendituresIIB",2436,2436,"2009v1.0, 2009v1.1, 2009v1.2, 2009v1.3, 2009v1.4, 2009v1.7"
"/Return/ReturnData/IRS990ScheduleD/InvestmentExpensesNotIncluded",2433,2433,"2009v1.2, 2009v1.3, 2009v1.4, 2009v1.7"
"/Return/ReturnData/IRS990/PaidInCapSrplsLandBldgEqpFund",2416,2416,"2009v1.0, 2009v1.1, 2009v1.2, 2009v1.3, 2009v1.4, 2009v1.7"
"/Return/ReturnData/IRS990/PaidInCapSrplsLandBldgEqpFund/BOY",2413,2413,"2009v1.0, 2009v1.1, 2009v1.2, 2009v1.3, 2009v1.4, 2009v1.7"
"/Return/ReturnData/IRS990/PaidInCapSrplsLandBldgEqpFund/EOY",2403,2403,"2009v1.0, 2009v1.1, 2009v1.2, 2009v1.3, 2009v1.4, 2009v1.7"
"/Return/ReturnData/IRS990ScheduleC/Form990ScheduleCPartIV/Identifier",2381,2300,"2009v1.2, 2009v1.3, 2009v1.4, 2009v1.7"
"/Return/ReturnData/IRS990ScheduleD/CurrentYear/AdministrativeExpenses",2373,2373,"2009v1.0, 2009v1.1, 2009v1.2, 2009v1.3, 2009v1.4, 2009v1.7"
"/Return/ReturnData/IRS990ScheduleF/GrantsToIndOutsideUS",2338,412,"2009v1.2, 2009v1.3, 2009v1.4, 2009v1.7"
"/Return/ReturnData/IRS990/ActivityOther/Grants",2329,1395,"2009v1.0, 2009v1.2, 2009v1.3, 2009v1.4, 2009v1.7"
"/Return/ReturnData/IRS990ScheduleG/EventsInformation/NonCashPrizesTotalEvents",2327,2327,"2009v1.0, 2009v1.1, 2009v1.2, 2009v1.3, 2009v1.4, 2009v1.7"
"/Return/ReturnData/IRS990ScheduleF/GrantsToIndOutsideUS/Region",2322,409,"2009v1.2, 2009v1.3, 2009v1.4, 2009v1.7"
"/Return/ReturnData/IRS990ScheduleF/GrantsToIndOutsideUS/TypeOfAssistance",2317,409,"2009v1.2, 2009v1.3, 2009v1.4, 2009v1.7"
"/Return/ReturnData/IRS990ScheduleD/OtherLandBuildings/InvestmentCostOrOtherBasis",2310,2310,"2009v1.0, 2009v1.1, 2009v1.2, 2009v1.3, 2009v1.4, 2009v1.7"
"/Return/ReturnData/IRS990/NetIncomeFromFundraisingEvents/RelatedOrExemptFunctionIncome",2291,2291,"2009v1.0, 2009v1.1, 2009v1.2, 2009v1.3, 2009v1.4, 2009v1.7"
"/Return/ReturnData/IRS990ScheduleM/SecuritiesPubliclyTraded/NonCashCheckbox",2283,2283,"2009v1.0, 2009v1.2, 2009v1.3, 2009v1.4, 2009v1.7"
"/Return/ReturnData/IRS990ScheduleD/CurrentYearMinus1Year/AdministrativeExpenses",2278,2278,"2009v1.0, 2009v1.2, 2009v1.3, 2009v1.4, 2009v1.7"
"/Return/ReturnData/IRS990ScheduleM/SecuritiesPubliclyTraded/NoncashContribsRptdF990",2269,2269,"2009v1.0, 2009v1.2, 2009v1.3, 2009v1.4, 2009v1.7"
"/Return/ReturnData/IRS990ScheduleF/GrantsToIndOutsideUS/NumberOfRecipients",2267,398,"2009v1.2, 2009v1.3, 2009v1.4, 2009v1.7"
"/Return/ReturnData/IRS990ScheduleM/SecuritiesPubliclyTraded/NumberOfContributions",2266,2266,"2009v1.0, 2009v1.2, 2009v1.3, 2009v1.4, 2009v1.7"
"/Return/ReturnData/IRS990ScheduleR/Form990ScheduleRPartIII/CodeVAmount",2248,434,"2009v1.2, 2009v1.3, 2009v1.4, 2009v1.7"
"/Return/ReturnData/IRS990ScheduleG/FundraiserActivityInformation",2242,1335,"2009v1.0, 2009v1.2, 2009v1.3, 2009v1.4, 2009v1.7"
"/Return/ReturnData/IRS990ScheduleG/FundraiserActivityInformation/FundraiserControlOfFunds",2242,1335,"2009v1.0, 2009v1.2, 2009v1.3, 2009v1.4, 2009v1.7"
"/Return/ReturnData/IRS990ScheduleA/GeneralExplanation",2237,2170,"2009v1.1, 2009v1.2, 2009v1.3, 2009v1.4, 2009v1.7"
"/Return/ReturnData/IRS990ScheduleA/SupportingOrg509a3Type1",2236,2236,"2009v1.0, 2009v1.2, 2009v1.3, 2009v1.4, 2009v1.7"
"/Return/ReturnData/IRS990/NetRentalIncomeOrLoss/RelatedOrExemptFunctionIncome",2231,2231,"2009v1.0, 2009v1.1, 2009v1.2, 2009v1.3, 2009v1.4, 2009v1.7"
"/Return/ReturnData/IRS990/OwnWebsite",2214,2214,"2009v1.0, 2009v1.1, 2009v1.2, 2009v1.3, 2009v1.4, 2009v1.7"
"/Return/ReturnData/IRS990/GrantsPayable",2209,2209,"2009v1.0, 2009v1.1, 2009v1.2, 2009v1.3, 2009v1.4, 2009v1.7"
"/Return/ReturnData/IRS990EZ/GrossAmountFromSaleOfAssets",2206,2206,"2009v1.1, 2009v1.2, 2009v1.3, 2009v1.4, 2009v1.7"
"/Return/ReturnData/IRS990ScheduleG/EventsInformation/EntertainmentEvent1",2202,2202,"2009v1.1, 2009v1.2, 2009v1.3, 2009v1.4, 2009v1.7"
"/Return/ReturnData/IRS990ScheduleG/FundraiserActivityInformation/AmountRetainedByContractor",2195,1310,"2009v1.0, 2009v1.2, 2009v1.3, 2009v1.4, 2009v1.7"
"/Return/ReturnData/IRS990ScheduleR/Form990ScheduleRPartIV/AddressForeign",2195,592,"2009v1.2, 2009v1.3, 2009v1.4, 2009v1.7"
"/Return/ReturnData/IRS990ScheduleR/Form990ScheduleRPartIV/AddressForeign/AddressLine1",2195,592,"2009v1.2, 2009v1.3, 2009v1.4, 2009v1.7"
"/Return/ReturnData/IRS990ScheduleR/Form990ScheduleRPartIV/AddressForeign/Country",2195,592,"2009v1.2, 2009v1.3, 2009v1.4, 2009v1.7"
"/Return/ReturnData/IRS990/Activity3/Grants",2193,2193,"2009v1.0, 2009v1.1, 2009v1.2, 2009v1.3, 2009v1.4, 2009v1.7"
"/Return/ReturnData/IRS990ScheduleM/SecuritiesPubliclyTraded/MethodOfDeterminingRevenues",2187,2187,"2009v1.0, 2009v1.2, 2009v1.3, 2009v1.4, 2009v1.7"
"/Return/ReturnData/IRS990ScheduleG/FundraiserActivityInformation/Activity",2183,1302,"2009v1.0, 2009v1.2, 2009v1.3, 2009v1.4, 2009v1.7"
"/Return/ReturnData/IRS990ScheduleD/CurrentYear/GrantsOrScholarships",2161,2161,"2009v1.0, 2009v1.1, 2009v1.2, 2009v1.3, 2009v1.4, 2009v1.7"
"/Return/ReturnData/IRS990ScheduleC/Form990ScheduleCPartIV/ReturnReference",2160,2102,"2009v1.2, 2009v1.3, 2009v1.4, 2009v1.7"
"/Return/ReturnData/IRS990ScheduleM/Form990ScheduleMPartII",2138,1710,"2009v1.2, 2009v1.3, 2009v1.4, 2009v1.7"
"/Return/ReturnData/IRS990ScheduleM/Form990ScheduleMPartII/Explanation",2130,1708,"2009v1.2, 2009v1.3, 2009v1.4, 2009v1.7"
"/Return/ReturnData/IRS990ScheduleD/CurrentYearMinus1Year/GrantsOrScholarships",2096,2096,"2009v1.0, 2009v1.2, 2009v1.3, 2009v1.4, 2009v1.7"
"/Return/ReturnData/IRS990ScheduleK/Form990ScheduleKPartII/AmountDefeased",2095,1169,"2009v1.2, 2009v1.3, 2009v1.4, 2009v1.7"
"/Return/ReturnData/IRS990ScheduleF/GrantsToIndOutsideUS/AmountOfCashGrant",2086,370,"2009v1.2, 2009v1.3, 2009v1.4, 2009v1.7"
"/Return/ReturnData/IRS990ScheduleM/Form990ScheduleMPartII/Identifier",2085,1700,"2009v1.2, 2009v1.3, 2009v1.4, 2009v1.7"
"/Return/ReturnData/IRS990ScheduleG/FundraiserActivityInformation/NetToOrganization",2077,1261,"2009v1.0, 2009v1.2, 2009v1.3, 2009v1.4, 2009v1.7"
"/Return/ReturnData/IRS990/GrantsPayable/BOY",2059,2059,"2009v1.0, 2009v1.1, 2009v1.2, 2009v1.3, 2009v1.4, 2009v1.7"
"/Return/ReturnData/IRS990ScheduleG/EventsInformation/NonCashPrizesEvent1",2056,2056,"2009v1.0, 2009v1.1, 2009v1.2, 2009v1.3, 2009v1.4, 2009v1.7"
"/Return/ReturnData/IRS990ScheduleG/FundraiserActivityInformation/GrossReceipts",2052,1250,"2009v1.0, 2009v1.2, 2009v1.3, 2009v1.4, 2009v1.7"
"/Return/ReturnData/IRS990/RoyaltiesRevenue/ExclusionAmount",2047,2047,"2009v1.2, 2009v1.3, 2009v1.4, 2009v1.7"
"/Return/ReturnData/IRS990/MiscellaneousRevenue/RelatedOrExemptFunctionIncome",2042,2042,"2009v1.0, 2009v1.2, 2009v1.3, 2009v1.4, 2009v1.7"
"/Return/ReturnData/IRS990/Form990PartVIISectionA/InstitutionalTrustee",2031,394,"2009v1.1, 2009v1.2, 2009v1.3, 2009v1.4, 2009v1.7"
"/Return/ReturnData/IRS990ScheduleG/EventsInformation/CharitableContribOtherEvents",2005,2005,"2009v1.0, 2009v1.2, 2009v1.3, 2009v1.4, 2009v1.7"
"/Return/ReturnData/IRS990ScheduleR/Form990ScheduleRPartIV/AddressForeign/City",1973,523,"2009v1.2, 2009v1.3, 2009v1.4, 2009v1.7"
"/Return/ReturnData/IRS990/GrantsPayable/EOY",1968,1968,"2009v1.0, 2009v1.1, 2009v1.2, 2009v1.3, 2009v1.4, 2009v1.7"
"/Return/ReturnData/IRS990ScheduleE/GovtFinancialAidExplanation",1966,1966,"2009v1.0, 2009v1.2, 2009v1.3, 2009v1.4, 2009v1.7"
"/Return/ReturnData/IRS990ScheduleG/SpecialFundraisingEvents",1966,1966,"2009v1.0, 2009v1.1, 2009v1.2, 2009v1.3, 2009v1.4, 2009v1.7"
"/Return/ReturnData/IRS990EZ/BenefitsPaidToOrForMembers",1944,1944,"2009v1.0, 2009v1.1, 2009v1.2, 2009v1.3, 2009v1.4, 2009v1.7"
"/Return/ReturnData/IRS990ScheduleA/Hospital170b1Aiii",1928,1928,"2009v1.1, 2009v1.2, 2009v1.3, 2009v1.4, 2009v1.7"
"/Return/ReturnData/IRS990ScheduleD/LeaseholdImprovements/InvestmentCostOrOtherBasis",1912,1912,"2009v1.1, 2009v1.2, 2009v1.3, 2009v1.4, 2009v1.7"
"/Return/ReturnData/IRS990ScheduleH/Form990ScheduleHPartV/LicensedHospital",1896,1381,"2009v1.2, 2009v1.3, 2009v1.4, 2009v1.7"
"/Return/ReturnData/IRS990ScheduleM/Form990ScheduleMPartII/ReturnReference",1895,1519,"2009v1.2, 2009v1.3, 2009v1.4, 2009v1.7"
"/Return/ReturnData/IRS990/IntangibleAssets/BOY",1893,1893,"2009v1.0, 2009v1.1, 2009v1.2, 2009v1.3, 2009v1.4, 2009v1.7"
"/Return/ReturnData/IRS990/NetIncomeOrLoss/ExclusionAmount",1890,1890,"2009v1.2, 2009v1.3, 2009v1.4, 2009v1.7"
"/Return/ReturnData/IRS990/PaymentsToAffiliates/ProgramServices",1880,1880,"2009v1.0, 2009v1.1, 2009v1.2, 2009v1.3, 2009v1.4, 2009v1.7"
"/Return/ReturnData/IRS990ScheduleG/EventsInformation/RentFacilityCostsEvent2",1879,1879,"2009v1.1, 2009v1.2, 2009v1.3, 2009v1.4, 2009v1.7"
"/Return/ReturnData/IRS990ScheduleD/PriorPeriodAdjustments",1869,1869,"2009v1.1, 2009v1.2, 2009v1.3, 2009v1.4, 2009v1.7"
"/Return/ReturnData/IRS990ScheduleF/GrantsToIndOutsideUS/MannerOfCashDisbursement",1865,330,"2009v1.2, 2009v1.3, 2009v1.4, 2009v1.7"
"/Return/ReturnData/IRS990/FeesForServicesInvstMgmntFees/ProgramServices",1824,1824,"2009v1.0, 2009v1.1, 2009v1.2, 2009v1.3, 2009v1.4, 2009v1.7"
"/Return/ReturnData/IRS990ScheduleF",1820,1820,"2009v1.0, 2009v1.1, 2009v1.2, 2009v1.3, 2009v1.4, 2009v1.7"
"/Return/ReturnData/IRS990/InvestmentsProgramRelated/BOY",1805,1805,"2009v1.0, 2009v1.1, 2009v1.2, 2009v1.3, 2009v1.4, 2009v1.7"
"/Return/ReturnData/IRS990/MiscellaneousRevenue/ExclusionAmount",1793,1793,"2009v1.0, 2009v1.2, 2009v1.3, 2009v1.4, 2009v1.7"
"/Return/ReturnData/IRS990ScheduleC/GrassrootsNontaxableAmount",1778,1778,"2009v1.2, 2009v1.3, 2009v1.4, 2009v1.7"
"/Return/ReturnData/IRS990ScheduleC/LobbyingNontaxableAmount",1778,1778,"2009v1.2, 2009v1.3, 2009v1.4, 2009v1.7"
"/Return/ReturnData/IRS990ScheduleC/TotalExemptPurposeExpenditures",1778,1778,"2009v1.2, 2009v1.3, 2009v1.4, 2009v1.7"
"/Return/ReturnData/IRS990ScheduleH/Form990ScheduleHPartV/GeneralMedicalAndSurgical",1774,1136,"2009v1.2, 2009v1.3, 2009v1.4, 2009v1.7"
"/Return/ReturnData/IRS990ScheduleA/AmtsRecdFromDisqualPersons/CurrentTaxYearMinus1Year",1761,1761,"2009v1.2, 2009v1.3, 2009v1.4, 2009v1.7"
"/Return/ReturnData/IRS990ScheduleC/OtherExemptPurposeExpenditures",1761,1761,"2009v1.2, 2009v1.3, 2009v1.4, 2009v1.7"
"/Return/ReturnData/IRS990ScheduleM/ClothingAndHouseholdGoods",1751,1751,"2009v1.0, 2009v1.1, 2009v1.2, 2009v1.3, 2009v1.4, 2009v1.7"
"/Return/ReturnData/IRS990ScheduleC/TotalLobbyingExpenditures",1741,1741,"2009v1.2, 2009v1.3, 2009v1.4, 2009v1.7"
"/Return/ReturnData/IRS990/FeesForServicesLobbying/ManagementAndGeneral",1721,1721,"2009v1.2, 2009v1.3, 2009v1.4, 2009v1.7"
"/Return/ReturnData/IRS990/NetRentalIncomeOrLoss/UnrelatedBusinessRevenue",1720,1720,"2009v1.0, 2009v1.1, 2009v1.2, 2009v1.3, 2009v1.4, 2009v1.7"
"/Return/ReturnData/IRS990ScheduleG/EventsInformation/FoodAndBeverageEvent2",1708,1708,"2009v1.0, 2009v1.1, 2009v1.2, 2009v1.3, 2009v1.4, 2009v1.7"
"/Return/ReturnData/IRS990ScheduleK/Form990ScheduleKPartII/AmountUnspent",1705,945,"2009v1.2, 2009v1.3, 2009v1.4, 2009v1.7"
"/Return/ReturnData/IRS990/ForeignGrants/ProgramServices",1701,1701,"2009v1.1, 2009v1.2, 2009v1.3, 2009v1.4, 2009v1.7"
"/Return/ReturnData/IRS990ScheduleA/AmtsRecdFromDisqualPersons/CurrentTaxYear",1693,1693,"2009v1.0, 2009v1.2, 2009v1.3, 2009v1.4, 2009v1.7"
"/Return/ReturnData/IRS990ScheduleC/TotalDirectLobbying",1691,1691,"2009v1.2, 2009v1.3, 2009v1.4, 2009v1.7"
"/Return/ReturnData/IRS990ScheduleA/AmtsRecdFromDisqualPersons/CurrentTaxYearMinus2Years",1686,1686,"2009v1.2, 2009v1.3, 2009v1.4, 2009v1.7"
"/Return/ReturnData/IRS990ScheduleA/AmtsRecdFromDisqualPersons/CurrentTaxYearMinus3Years",1684,1684,"2009v1.2, 2009v1.3, 2009v1.4, 2009v1.7"
"/Return/ReturnData/IRS990ScheduleG/MailSolicitations",1673,1673,"2009v1.0, 2009v1.1, 2009v1.2, 2009v1.3, 2009v1.4, 2009v1.7"
"/Return/ReturnData/IRS990ScheduleL/TotalBalanceDue",1670,1670,"2009v1.2, 2009v1.3, 2009v1.4, 2009v1.7"
"/Return/ReturnData/IRS990ScheduleF/TotalAmountSpent",1666,1666,"2009v1.0, 2009v1.1, 2009v1.2, 2009v1.3, 2009v1.4, 2009v1.7"
"/Return/ReturnData/IRS990/CompDisqualPersons/ProgramServices",1664,1664,"2009v1.0, 2009v1.1, 2009v1.2, 2009v1.3, 2009v1.4, 2009v1.7"
"/Return/ReturnData/IRS990/FinancialStatementBoth",1658,1658,"2009v1.0, 2009v1.1, 2009v1.2, 2009v1.3, 2009v1.4, 2009v1.7"
"/Return/ReturnData/IRS990ScheduleA/AmtsRecdFromDisqualPersons/CurrentTaxYearMinus4Years",1646,1646,"2009v1.1, 2009v1.2, 2009v1.3, 2009v1.4, 2009v1.7"
"/Return/ReturnData/IRS990ScheduleA/AmtsFromSubstContributors/CurrentTaxYearMinus1Year",1645,1645,"2009v1.0, 2009v1.2, 2009v1.3, 2009v1.4, 2009v1.7"
"/Return/ReturnData/IRS990/RentalIncomeOrLoss/Personal",1627,1627,"2009v1.1, 2009v1.2, 2009v1.3, 2009v1.4, 2009v1.7"
"/Return/ReturnData/IRS990ScheduleH",1612,1612,"2009v1.1, 2009v1.2, 2009v1.3, 2009v1.4, 2009v1.7"
"/Return/ReturnData/IRS990ScheduleF/TotalNumberOfEmployees",1610,1610,"2009v1.0, 2009v1.1, 2009v1.2, 2009v1.3, 2009v1.4, 2009v1.7"
"/Return/ReturnHeader/Filer/USAddress/AddressLine2",1602,1602,"2009v1.2, 2009v1.3, 2009v1.4, 2009v1.7"
"/Return/ReturnData/IRS990ScheduleA/AmtsFromSubstContributors/CurrentTaxYearMinus2Years",1581,1581,"2009v1.0, 2009v1.1, 2009v1.2, 2009v1.3, 2009v1.4, 2009v1.7"
"/Return/ReturnData/IRS990ScheduleF/TotalNumberOfOffices",1580,1580,"2009v1.0, 2009v1.1, 2009v1.2, 2009v1.3, 2009v1.4, 2009v1.7"
"/Return/ReturnData/IRS990ScheduleM/FoodInventory",1579,1579,"2009v1.0, 2009v1.2, 2009v1.3, 2009v1.4, 2009v1.7"
"/Return/ReturnData/IRS990/EscrowAccountLiability",1573,1573,"2009v1.1, 2009v1.2, 2009v1.3, 2009v1.4, 2009v1.7"
"/Return/ReturnData/IRS990/FeesForServicesManagement/Fundraising",1567,1567,"2009v1.1, 2009v1.2, 2009v1.3, 2009v1.4, 2009v1.7"
"/Return/ReturnData/IRS990ScheduleJ/ClubDuesOrFees",1567,1567,"2009v1.0, 2009v1.2, 2009v1.3, 2009v1.4, 2009v1.7"
"/Return/ReturnData/IRS990ScheduleM/NumberOf8283Received",1566,1566,"2009v1.0, 2009v1.2, 2009v1.3, 2009v1.4, 2009v1.7"
"/Return/ReturnData/IRS990ScheduleC/TotLobbyExpendMnsLobbyingNontx",1564,1564,"2009v1.2, 2009v1.3, 2009v1.4, 2009v1.7"
"/Return/ReturnData/IRS990ScheduleA/AmtsFromSubstContributors/CurrentTaxYearMinus3Years",1561,1561,"2009v1.0, 2009v1.2, 2009v1.3, 2009v1.4, 2009v1.7"
"/Return/ReturnData/IRS990ScheduleC/TotLobbyingGrassrootMinusNonTx",1560,1560,"2009v1.2, 2009v1.3, 2009v1.4, 2009v1.7"
"/Return/ReturnData/IRS990/CompDisqualPersons/ManagementAndGeneral",1559,1559,"2009v1.0, 2009v1.2, 2009v1.3, 2009v1.4, 2009v1.7"
"/Return/ReturnData/IRS990/PaymentsToAffiliates/ManagementAndGeneral",1553,1553,"2009v1.0, 2009v1.1, 2009v1.2, 2009v1.3, 2009v1.4, 2009v1.7"
"/Return/ReturnData/IRS990/DoingBusinessAs",1543,1543,"2009v1.0, 2009v1.2, 2009v1.3, 2009v1.4, 2009v1.7"
"/Return/ReturnData/IRS990/DoingBusinessAs/BusinessNameLine1",1543,1543,"2009v1.0, 2009v1.2, 2009v1.3, 2009v1.4, 2009v1.7"
"/Return/ReturnData/IRS990ScheduleJ/HousingAllowanceOrResidence",1541,1541,"2009v1.0, 2009v1.2, 2009v1.3, 2009v1.4, 2009v1.7"
"/Return/ReturnData/IRS990ScheduleK/Form990ScheduleKPartII/WorkingCapitalExpenditures",1528,791,"2009v1.0, 2009v1.2, 2009v1.3, 2009v1.4, 2009v1.7"
"/Return/ReturnData/IRS990ScheduleG/EventsInformation/CashPrizesTotalEvents",1527,1527,"2009v1.1, 2009v1.2, 2009v1.3, 2009v1.4, 2009v1.7"
"/Return/ReturnData/IRS990/LoansFromOfficersDirectors",1521,1521,"2009v1.1, 2009v1.2, 2009v1.3, 2009v1.4, 2009v1.7"
"/Return/ReturnData/IRS990ScheduleA/AmtsFromSubstContributors/CurrentTaxYearMinus4Years",1512,1512,"2009v1.0, 2009v1.1, 2009v1.2, 2009v1.3, 2009v1.4, 2009v1.7"
"/Return/ReturnData/IRS990ScheduleH/CharityCarePolicy",1508,1508,"2009v1.2, 2009v1.3, 2009v1.4, 2009v1.7"
"/Return/ReturnData/IRS990/FeesForServicesLobbying/ProgramServices",1506,1506,"2009v1.2, 2009v1.3, 2009v1.4, 2009v1.7"
"/Return/ReturnData/IRS990ScheduleG/GamingWithNonmembers",1503,1503,"2009v1.0, 2009v1.1, 2009v1.2, 2009v1.3, 2009v1.4, 2009v1.7"
"/Return/ReturnData/IRS990ScheduleD/InvestmentsProgramRelated",1501,725,"2009v1.0, 2009v1.2, 2009v1.3, 2009v1.4, 2009v1.7"
"/Return/ReturnData/IRS990EZ/GroupExemptionNumber",1499,1499,"2009v1.0, 2009v1.1, 2009v1.2, 2009v1.3, 2009v1.4, 2009v1.7"
"/Return/ReturnData/IRS990ScheduleD/InvestmentsProgramRelated/Description",1498,722,"2009v1.0, 2009v1.2, 2009v1.3, 2009v1.4, 2009v1.7"
"/Return/ReturnData/IRS990ScheduleG/Licensed",1498,1498,"2009v1.0, 2009v1.1, 2009v1.2, 2009v1.3, 2009v1.4, 2009v1.7"
"/Return/ReturnData/IRS990ScheduleH/WrittenDebtCollectionPolicy",1494,1494,"2009v1.2, 2009v1.3, 2009v1.4, 2009v1.7"
"/Return/ReturnData/IRS990ScheduleG/MemberOfOtherEntity",1493,1493,"2009v1.0, 2009v1.2, 2009v1.3, 2009v1.4, 2009v1.7"
"/Return/ReturnData/IRS990ScheduleH/TotalCommunityBenefits",1493,1493,"2009v1.2, 2009v1.3, 2009v1.4, 2009v1.7"
"/Return/ReturnData/IRS990ScheduleH/AnnualCommunityBenefitReport",1492,1492,"2009v1.2, 2009v1.3, 2009v1.4, 2009v1.7"
"/Return/ReturnData/IRS990ScheduleH/Form990ScheduleHPartV/Er24Hours",1492,1157,"2009v1.2, 2009v1.3, 2009v1.4, 2009v1.7"
"/Return/ReturnData/IRS990ScheduleH/Form990ScheduleHPartVI",1492,1492,"2009v1.2, 2009v1.3, 2009v1.4, 2009v1.7"
"/Return/ReturnData/IRS990ScheduleH/TotalCommunityBenefits/NetCommunityBenefitExpense",1492,1492,"2009v1.2, 2009v1.3, 2009v1.4, 2009v1.7"
"/Return/ReturnData/IRS990ScheduleH/FreeDiscCareMedicallyIndigent",1491,1491,"2009v1.2, 2009v1.3, 2009v1.4, 2009v1.7"
"/Return/ReturnData/IRS990ScheduleH/AmountsBudgetedForCharityCare",1490,1490,"2009v1.2, 2009v1.3, 2009v1.4, 2009v1.7"
"/Return/ReturnData/IRS990ScheduleH/FPGReferenceFreeCare",1490,1490,"2009v1.2, 2009v1.3, 2009v1.4, 2009v1.7"
"/Return/ReturnData/IRS990ScheduleH/TotalCommunityBenefits/TotalCommunityBenefitExpense",1490,1490,"2009v1.2, 2009v1.3, 2009v1.4, 2009v1.7"
"/Return/ReturnData/IRS990ScheduleH/WrittenPolicy",1490,1490,"2009v1.2, 2009v1.3, 2009v1.4, 2009v1.7"
"/Return/ReturnData/IRS990ScheduleH/BadDebtExpenseAmount",1489,1489,"2009v1.2, 2009v1.3, 2009v1.4, 2009v1.7"
"/Return/ReturnData/IRS990ScheduleH/FPGReferenceDiscountedCare",1487,1487,"2009v1.2, 2009v1.3, 2009v1.4, 2009v1.7"
"/Return/ReturnData/IRS990ScheduleH/TotalCharityCare",1486,1486,"2009v1.2, 2009v1.3, 2009v1.4, 2009v1.7"
"/Return/ReturnData/IRS990ScheduleH/TotalCharityCare/TotalCommunityBenefitExpense",1485,1485,"2009v1.2, 2009v1.3, 2009v1.4, 2009v1.7"
"/Return/ReturnData/IRS990ScheduleH/TotalCharityCare/NetCommunityBenefitExpense",1484,1484,"2009v1.2, 2009v1.3, 2009v1.4, 2009v1.7"
"/Return/ReturnData/IRS990/EscrowAccountLiability/EOY",1483,1483,"2009v1.1, 2009v1.2, 2009v1.3, 2009v1.4, 2009v1.7"
"/Return/ReturnData/IRS990ScheduleH/TotalCommunityBenefits/PercentOfTotalExpense",1483,1483,"2009v1.2, 2009v1.3, 2009v1.4, 2009v1.7"
"/Return/ReturnData/IRS990ScheduleG/GamingInformation",1482,1482,"2009v1.0, 2009v1.1, 2009v1.2, 2009v1.3, 2009v1.4, 2009v1.7"
"/Return/ReturnData/IRS990ScheduleD/InvestmentsProgramRelated/BookValue",1478,720,"2009v1.0, 2009v1.2, 2009v1.3, 2009v1.4, 2009v1.7"
"/Return/ReturnData/IRS990ScheduleG/ContractWith3rdPartyForGamRev",1478,1478,"2009v1.0, 2009v1.2, 2009v1.3, 2009v1.4, 2009v1.7"
"/Return/ReturnData/IRS990ScheduleL/LoanTable/LoanFromOrganization",1478,811,"2009v1.2, 2009v1.3, 2009v1.4, 2009v1.7"
"/Return/ReturnData/IRS990ScheduleG/InPersonSolicitations",1472,1472,"2009v1.0, 2009v1.1, 2009v1.2, 2009v1.3, 2009v1.4, 2009v1.7"
"/Return/ReturnData/IRS990ScheduleH/CharityCareAtCost",1471,1471,"2009v1.2, 2009v1.3, 2009v1.4, 2009v1.7"
"/Return/ReturnData/IRS990ScheduleH/AmountReimbursedByMedicare",1470,1470,"2009v1.2, 2009v1.3, 2009v1.4, 2009v1.7"
"/Return/ReturnData/IRS990ScheduleH/CharityCareAtCost/TotalCommunityBenefitExpense",1470,1470,"2009v1.2, 2009v1.3, 2009v1.4, 2009v1.7"
"/Return/ReturnData/IRS990ScheduleH/TotalCharityCare/PercentOfTotalExpense",1470,1470,"2009v1.2, 2009v1.3, 2009v1.4, 2009v1.7"
"/Return/ReturnData/IRS990ScheduleH/CharityCareAtCost/NetCommunityBenefitExpense",1467,1467,"2009v1.2, 2009v1.3, 2009v1.4, 2009v1.7"
"/Return/ReturnData/IRS990/EscrowAccountLiability/BOY",1465,1465,"2009v1.1, 2009v1.2, 2009v1.3, 2009v1.4, 2009v1.7"
"/Return/ReturnData/IRS990ScheduleD/InvestmentsProgramRelated/MethodOfValuation",1465,710,"2009v1.0, 2009v1.2, 2009v1.3, 2009v1.4, 2009v1.7"
"/Return/ReturnData/IRS990ScheduleA/GrossReceiptsFromNonUBI/CurrentTaxYear",1464,1464,"2009v1.0, 2009v1.1, 2009v1.2, 2009v1.3, 2009v1.4, 2009v1.7"
"/Return/ReturnData/IRS990ScheduleH/BadDebtExpenseReported",1463,1463,"2009v1.2, 2009v1.3, 2009v1.4, 2009v1.7"
"/Return/ReturnData/IRS990ScheduleH/CharityCareAtCost/PercentOfTotalExpense",1463,1463,"2009v1.2, 2009v1.3, 2009v1.4, 2009v1.7"
"/Return/ReturnData/IRS990ScheduleH/CostOfCareReimbursedByMedicare",1462,1462,"2009v1.2, 2009v1.3, 2009v1.4, 2009v1.7"
"/Return/ReturnData/IRS990/GroupExemptionNumber",1458,1458,"2009v1.0, 2009v1.1, 2009v1.2, 2009v1.3, 2009v1.4, 2009v1.7"
"/Return/ReturnData/IRS990ScheduleA/AmtsFromSubstContributors/CurrentTaxYear",1457,1457,"2009v1.0, 2009v1.1, 2009v1.2, 2009v1.3, 2009v1.4, 2009v1.7"
"/Return/ReturnData/IRS990ScheduleG/LicenseSuspendedEtc",1457,1457,"2009v1.0, 2009v1.2, 2009v1.3, 2009v1.4, 2009v1.7"
"/Return/ReturnData/IRS990/GrossIncomeGaming",1447,1447,"2009v1.0, 2009v1.1, 2009v1.2, 2009v1.3, 2009v1.4, 2009v1.7"
"/Return/ReturnData/IRS990ScheduleH/CostingMethodologyUsed",1443,1443,"2009v1.2, 2009v1.3, 2009v1.4, 2009v1.7"
"/Return/ReturnData/IRS990ScheduleH/ExpensesExceededBudget",1441,1441,"2009v1.2, 2009v1.3, 2009v1.4, 2009v1.7"
"/Return/ReturnData/IRS990/IncomeFromInvestBondProceeds/ExclusionAmount",1440,1440,"2009v1.2, 2009v1.3, 2009v1.4, 2009v1.7"
"/Return/ReturnData/IRS990/Form990PartVIISectionA/NameBusiness",1433,185,"2009v1.2, 2009v1.3, 2009v1.4, 2009v1.7"
"/Return/ReturnData/IRS990/Form990PartVIISectionA/NameBusiness/BusinessNameLine1",1433,185,"2009v1.2, 2009v1.3, 2009v1.4, 2009v1.7"
"/Return/ReturnData/IRS990ScheduleG/CharitableDistribRequired",1431,1431,"2009v1.0, 2009v1.1, 2009v1.2, 2009v1.3, 2009v1.4, 2009v1.7"
"/Return/ReturnData/IRS990ScheduleH/MedicareSurplusOrShortfall",1430,1430,"2009v1.2, 2009v1.3, 2009v1.4, 2009v1.7"
"/Return/ReturnData/IRS990ScheduleH/ProvisionForCharityCare",1412,1412,"2009v1.2, 2009v1.3, 2009v1.4, 2009v1.7"
"/Return/ReturnData/IRS990/ReceivablesFromOfficersEtc/BOY",1403,1403,"2009v1.1, 2009v1.2, 2009v1.3, 2009v1.4, 2009v1.7"
"/Return/ReturnData/IRS990ScheduleG/EventsInformation/CashPrizesEvent1",1401,1401,"2009v1.1, 2009v1.2, 2009v1.3, 2009v1.4, 2009v1.7"
"/Return/ReturnData/IRS990ScheduleG/FundraiserActivityInformation/NameOfOrganization",1398,866,"2009v1.0, 2009v1.2, 2009v1.3, 2009v1.4, 2009v1.7"
"/Return/ReturnData/IRS990ScheduleG/FundraiserActivityInformation/NameOfOrganization/BusinessNameLine1",1398,866,"2009v1.0, 2009v1.2, 2009v1.3, 2009v1.4, 2009v1.7"
"/Return/ReturnData/IRS990ScheduleD/DonatedServicesAndFacilities",1389,1389,"2009v1.0, 2009v1.2, 2009v1.3, 2009v1.4, 2009v1.7"
"/Return/ReturnData/IRS990/BenefitsToMembers/ProgramServices",1386,1386,"2009v1.1, 2009v1.2, 2009v1.3, 2009v1.4, 2009v1.7"
"/Return/ReturnData/IRS990ScheduleG/TotalRetainedByContractors",1380,1380,"2009v1.0, 2009v1.2, 2009v1.3, 2009v1.4, 2009v1.7"
"/Return/ReturnData/IRS990ScheduleH/Form990ScheduleHPartVI/CommunityInformation",1379,1379,"2009v1.2, 2009v1.3, 2009v1.4, 2009v1.7"
"/Return/ReturnData/IRS990ScheduleL/LoanTable/LoanToOrganization",1378,771,"2009v1.0, 2009v1.2, 2009v1.3, 2009v1.4, 2009v1.7"
"/Return/ReturnData/IRS990ScheduleH/Form990ScheduleHPartVI/NeedsAssessment",1377,1377,"2009v1.2, 2009v1.3, 2009v1.4, 2009v1.7"
"/Return/ReturnData/IRS990ScheduleH/Form990ScheduleHPartVI/PatientEducationAssistance",1374,1374,"2009v1.2, 2009v1.3, 2009v1.4, 2009v1.7"
"/Return/ReturnData/IRS990ScheduleH/TotalOtherBenefits",1373,1373,"2009v1.2, 2009v1.3, 2009v1.4, 2009v1.7"
"/Return/ReturnData/IRS990ScheduleH/TotalCommunityBenefits/DirectOffsettingRevenue",1372,1372,"2009v1.2, 2009v1.3, 2009v1.4, 2009v1.7"
"/Return/ReturnData/IRS990ScheduleH/TotalOtherBenefits/NetCommunityBenefitExpense",1371,1371,"2009v1.2, 2009v1.3, 2009v1.4, 2009v1.7"
"/Return/ReturnData/IRS990ScheduleH/TotalOtherBenefits/TotalCommunityBenefitExpense",1368,1368,"2009v1.2, 2009v1.3, 2009v1.4, 2009v1.7"
"/Return/ReturnData/IRS990ScheduleH/UnreimbursedMedicaid",1364,1364,"2009v1.2, 2009v1.3, 2009v1.4, 2009v1.7"
"/Return/ReturnData/IRS990ScheduleM/WorksOfArt",1364,1364,"2009v1.0, 2009v1.2, 2009v1.3, 2009v1.4, 2009v1.7"
"/Return/ReturnData/IRS990ScheduleH/UnreimbursedMedicaid/TotalCommunityBenefitExpense",1362,1362,"2009v1.2, 2009v1.3, 2009v1.4, 2009v1.7"
"/Return/ReturnData/IRS990ScheduleH/TotalOtherBenefits/PercentOfTotalExpense",1359,1359,"2009v1.2, 2009v1.3, 2009v1.4, 2009v1.7"
"/Return/ReturnData/IRS990ScheduleH/Form990ScheduleHPartVI/BadDebtFootnote",1350,1350,"2009v1.2, 2009v1.3, 2009v1.4, 2009v1.7"
"/Return/ReturnData/IRS990/LoansFromOfficersDirectors/EOY",1347,1347,"2009v1.1, 2009v1.2, 2009v1.3, 2009v1.4, 2009v1.7"
"/Return/ReturnData/IRS990/AddressChange",1342,1342,"2009v1.0, 2009v1.1, 2009v1.2, 2009v1.3, 2009v1.4, 2009v1.7"
"/Return/ReturnData/IRS990/Royalties/ProgramServices",1342,1342,"2009v1.2, 2009v1.3, 2009v1.4, 2009v1.7"
"/Return/ReturnData/IRS990ScheduleG/AddressOfGamingRecKeeperUS",1340,1340,"2009v1.0, 2009v1.1, 2009v1.2, 2009v1.3, 2009v1.4, 2009v1.7"
"/Return/ReturnData/IRS990ScheduleG/AddressOfGamingRecKeeperUS/AddressLine1",1340,1340,"2009v1.0, 2009v1.1, 2009v1.2, 2009v1.3, 2009v1.4, 2009v1.7"
"/Return/ReturnData/IRS990ScheduleG/AddressOfGamingRecKeeperUS/City",1340,1340,"2009v1.0, 2009v1.1, 2009v1.2, 2009v1.3, 2009v1.4, 2009v1.7"
"/Return/ReturnData/IRS990ScheduleG/AddressOfGamingRecKeeperUS/State",1340,1340,"2009v1.0, 2009v1.1, 2009v1.2, 2009v1.3, 2009v1.4, 2009v1.7"
"/Return/ReturnData/IRS990ScheduleG/AddressOfGamingRecKeeperUS/ZIPCode",1340,1340,"2009v1.0, 2009v1.1, 2009v1.2, 2009v1.3, 2009v1.4, 2009v1.7"
"/Return/ReturnData/IRS990ScheduleH/UnreimbursedMedicaid/NetCommunityBenefitExpense",1336,1336,"2009v1.2, 2009v1.3, 2009v1.4, 2009v1.7"
"/Return/ReturnData/IRS990ScheduleH/UnreimbursedMedicaid/PercentOfTotalExpense",1327,1327,"2009v1.2, 2009v1.3, 2009v1.4, 2009v1.7"
"/Return/ReturnData/IRS990ScheduleC/TotalGrassrootsLobbying",1324,1324,"2009v1.2, 2009v1.3, 2009v1.4, 2009v1.7"
"/Return/ReturnData/IRS990/LoansFromOfficersDirectors/BOY",1311,1311,"2009v1.1, 2009v1.2, 2009v1.3, 2009v1.4, 2009v1.7"
"/Return/ReturnData/IRS990ScheduleG/SolicitationOfNonGovtGrants",1311,1311,"2009v1.0, 2009v1.1, 2009v1.2, 2009v1.3, 2009v1.4, 2009v1.7"
"/Return/ReturnData/IRS990/GamingDirectExpenses",1306,1306,"2009v1.0, 2009v1.1, 2009v1.2, 2009v1.3, 2009v1.4, 2009v1.7"
"/Return/ReturnData/IRS990ScheduleM/BooksAndPublications",1295,1295,"2009v1.2, 2009v1.3, 2009v1.4, 2009v1.7"
"/Return/ReturnData/IRS990/TotalOthProgramServiceRevenue/UnrelatedBusinessRevenue",1281,1281,"2009v1.2, 2009v1.3, 2009v1.4, 2009v1.7"
"/Return/ReturnData/IRS990ScheduleG/TotalNetToOrganization",1279,1279,"2009v1.0, 2009v1.2, 2009v1.3, 2009v1.4, 2009v1.7"
"/Return/ReturnData/IRS990ScheduleH/TotalCharityCare/DirectOffsettingRevenue",1279,1279,"2009v1.2, 2009v1.3, 2009v1.4, 2009v1.7"
"/Return/ReturnData/IRS990EZ/OrganizationFiled990T",1265,1265,"2009v1.0, 2009v1.1, 2009v1.2, 2009v1.3, 2009v1.4, 2009v1.7"
"/Return/ReturnData/IRS990ScheduleH/CommunityHealthServices",1262,1262,"2009v1.2, 2009v1.3, 2009v1.4, 2009v1.7"
"/Return/ReturnData/IRS990ScheduleG/EmailSolicitations",1256,1256,"2009v1.0, 2009v1.1, 2009v1.2, 2009v1.3, 2009v1.4, 2009v1.7"
"/Return/ReturnData/IRS990ScheduleH/CommunityHealthServices/TotalCommunityBenefitExpense",1255,1255,"2009v1.2, 2009v1.3, 2009v1.4, 2009v1.7"
"/Return/ReturnData/IRS990ScheduleH/UnreimbursedMedicaid/DirectOffsettingRevenue",1254,1254,"2009v1.2, 2009v1.3, 2009v1.4, 2009v1.7"
"/Return/ReturnData/IRS990ScheduleH/CommunityHealthServices/NetCommunityBenefitExpense",1249,1249,"2009v1.2, 2009v1.3, 2009v1.4, 2009v1.7"
"/Return/ReturnData/IRS990/NetIncomeOrLoss/UnrelatedBusinessRevenue",1248,1248,"2009v1.1, 2009v1.2, 2009v1.3, 2009v1.4, 2009v1.7"
"/Return/ReturnData/IRS990/RoyaltiesRevenue/RelatedOrExemptFunctionIncome",1247,1247,"2009v1.1, 2009v1.2, 2009v1.3, 2009v1.4, 2009v1.7"
"/Return/ReturnData/IRS990ScheduleH/Form990ScheduleHPartVI/ShortfallAsCommunityBenefit",1247,1247,"2009v1.2, 2009v1.3, 2009v1.4, 2009v1.7"
"/Return/ReturnData/IRS990ScheduleR/Form990ScheduleRPartI/DirectControllingEntityNA",1243,496,"2009v1.2, 2009v1.3, 2009v1.4, 2009v1.7"
"/Return/ReturnData/IRS990/FeesForServicesInvstMgmntFees/Fundraising",1242,1242,"2009v1.2, 2009v1.3, 2009v1.4, 2009v1.7"
"/Return/ReturnData/IRS990ScheduleH/Form990ScheduleHPartVI/OtherInformation",1239,1239,"2009v1.2, 2009v1.3, 2009v1.4, 2009v1.7"
"/Return/ReturnData/IRS990ScheduleH/CommunityHealthServices/PercentOfTotalExpense",1234,1234,"2009v1.2, 2009v1.3, 2009v1.4, 2009v1.7"
"/Return/ReturnData/IRS990ScheduleM/CarsAndOtherVehicles",1234,1234,"2009v1.0, 2009v1.2, 2009v1.3, 2009v1.4, 2009v1.7"
"/Return/ReturnData/IRS990/TotalOthProgramServiceRevenue/ExclusionAmount",1233,1233,"2009v1.2, 2009v1.3, 2009v1.4, 2009v1.7"
"/Return/ReturnData/IRS990ScheduleG/EventsInformation/FoodAndBeverageOtherEvents",1232,1232,"2009v1.2, 2009v1.3, 2009v1.4, 2009v1.7"
"/Return/ReturnData/IRS990ScheduleI/RecipientTable/RecipientNameBusiness/BusinessNameLine2",1206,107,"2009v1.2, 2009v1.3, 2009v1.7"
"/Return/ReturnData/IRS990ScheduleG/PhoneSolicitations",1202,1202,"2009v1.0, 2009v1.1, 2009v1.2, 2009v1.3, 2009v1.4, 2009v1.7"
"/Return/ReturnData/IRS990ScheduleA/GrossReceiptsFromNonUBI/CurrentTaxYearMinus1Year",1197,1197,"2009v1.0, 2009v1.1, 2009v1.2, 2009v1.3, 2009v1.4, 2009v1.7"
"/Return/ReturnData/IRS990ScheduleG/StatesWhereGamingConducted",1196,1044,"2009v1.0, 2009v1.1, 2009v1.2, 2009v1.3, 2009v1.4, 2009v1.7"
"/Return/ReturnData/IRS990ScheduleH/Form990ScheduleHPartVI/DebtCollectionPolicy",1194,1194,"2009v1.2, 2009v1.3, 2009v1.4, 2009v1.7"
"/Return/ReturnData/IRS990/CompDisqualPersons/Fundraising",1193,1193,"2009v1.0, 2009v1.2, 2009v1.3, 2009v1.4, 2009v1.7"
"/Return/ReturnData/IRS990EZ/GrossReceiptsLessThan25000",1192,1192,"2009v1.0, 2009v1.1, 2009v1.2, 2009v1.3, 2009v1.4, 2009v1.7"
"/Return/ReturnData/IRS990ScheduleC/OtherActivitiesAmount",1188,1188,"2009v1.0, 2009v1.2, 2009v1.3, 2009v1.4, 2009v1.7"
"/Return/ReturnData/IRS990ScheduleF/Form990ScheduleFPartIV",1178,965,"2009v1.2, 2009v1.3, 2009v1.4, 2009v1.7"
"/Return/ReturnData/IRS990ScheduleD/CloselyHeldEquityInterests",1176,1176,"2009v1.0, 2009v1.2, 2009v1.3, 2009v1.4, 2009v1.7"
"/Return/ReturnData/IRS990ScheduleF/Form990ScheduleFPartIV/Explanation",1172,963,"2009v1.2, 2009v1.3, 2009v1.4, 2009v1.7"
"/Return/ReturnData/IRS990ScheduleF/Form990ScheduleFPartIV/Identifier",1170,959,"2009v1.2, 2009v1.3, 2009v1.4, 2009v1.7"
"/Return/ReturnData/IRS990ScheduleG/GamingInformation/VolunteerLaborOtherGaming",1166,1166,"2009v1.0, 2009v1.1, 2009v1.2, 2009v1.3, 2009v1.4, 2009v1.7"
"/Return/ReturnData/IRS990ScheduleH/ReportPublicallyAvailable",1166,1166,"2009v1.2, 2009v1.3, 2009v1.4, 2009v1.7"
"/Return/ReturnData/IRS990ScheduleR/Form990ScheduleRPartII/AddressUS/AddressLine2",1163,170,"2009v1.2, 2009v1.3, 2009v1.7"
"/Return/ReturnData/IRS990ScheduleD/CollectUsedForPublicExhibition",1149,1149,"2009v1.2, 2009v1.3, 2009v1.4, 2009v1.7"
"/Return/ReturnData/IRS990/RoyaltiesRevenue/UnrelatedBusinessRevenue",1143,1143,"2009v1.2, 2009v1.3, 2009v1.4, 2009v1.7"
"/Return/ReturnData/IRS990/IncomeFromInvestBondProceeds/RelatedOrExemptFunctionIncome",1134,1134,"2009v1.1, 2009v1.2, 2009v1.3, 2009v1.4, 2009v1.7"
"/Return/ReturnData/IRS990ScheduleM/DrugsAndMedicalSupplies",1122,1122,"2009v1.2, 2009v1.3, 2009v1.4, 2009v1.7"
"/Return/ReturnData/IRS990/TypeOfOrganizationTrust",1117,1117,"2009v1.0, 2009v1.1, 2009v1.2, 2009v1.3, 2009v1.4, 2009v1.7"
"/Return/ReturnData/IRS990/PaymentsToAffiliates/Fundraising",1109,1109,"2009v1.2, 2009v1.3, 2009v1.4, 2009v1.7"
"/Return/ReturnData/IRS990ScheduleG/NameOfGamingRecKeeperPerson",1108,1108,"2009v1.0, 2009v1.1, 2009v1.2, 2009v1.3, 2009v1.4, 2009v1.7"
"/Return/ReturnData/IRS990/IncomeFromInvestBondProceeds/UnrelatedBusinessRevenue",1107,1107,"2009v1.2, 2009v1.3, 2009v1.7"
"/Return/ReturnData/IRS990ScheduleH/AmountAttributableTo",1106,1106,"2009v1.2, 2009v1.3, 2009v1.4, 2009v1.7"
"/Return/ReturnData/IRS990ScheduleG/EventsInformation/NonCashPrizesEvent2",1104,1104,"2009v1.1, 2009v1.2, 2009v1.3, 2009v1.4, 2009v1.7"
"/Return/ReturnData/IRS990/MiscellaneousRevenue/UnrelatedBusinessRevenue",1099,1099,"2009v1.2, 2009v1.3, 2009v1.4, 2009v1.7"
"/Return/ReturnData/IRS990ScheduleG/GamingInformation/GrossRevenueTotalGaming",1096,1096,"2009v1.0, 2009v1.1, 2009v1.2, 2009v1.3, 2009v1.4, 2009v1.7"
"/Return/ReturnData/IRS990ScheduleG/TotalGrossReceipts",1094,1094,"2009v1.0, 2009v1.2, 2009v1.3, 2009v1.4, 2009v1.7"
"/Return/ReturnData/IRS990ScheduleG/GamingInformation/NetGamingIncomeSummary",1093,1093,"2009v1.0, 2009v1.1, 2009v1.2, 2009v1.3, 2009v1.4, 2009v1.7"
"/Return/ReturnData/IRS990ScheduleH/Form990ScheduleHPartVI/CommunityBuildingActivities",1090,1090,"2009v1.2, 2009v1.3, 2009v1.4, 2009v1.7"
"/Return/ReturnData/IRS990ScheduleC/DirectContactLegislatorsAmount",1088,1088,"2009v1.1, 2009v1.2, 2009v1.3, 2009v1.4, 2009v1.7"
"/Return/ReturnData/IRS990ScheduleK/Form990ScheduleKPartIV/NameOfHedgeProvider",1080,730,"2009v1.0, 2009v1.2, 2009v1.3, 2009v1.4, 2009v1.7"
"/Return/ReturnData/IRS990ScheduleK/Form990ScheduleKPartIV/NameOfHedgeProvider/BusinessNameLine1",1080,730,"2009v1.0, 2009v1.2, 2009v1.3, 2009v1.4, 2009v1.7"
"/Return/ReturnData/IRS990ScheduleH/CashAndInKindContributions",1068,1068,"2009v1.2, 2009v1.3, 2009v1.4, 2009v1.7"
"/Return/ReturnData/IRS990ScheduleC/SubstantiallyAllDuesNondeduct",1063,1063,"2009v1.0, 2009v1.2, 2009v1.3, 2009v1.4, 2009v1.7"
"/Return/ReturnData/IRS990ScheduleD/FinancialDerivatives",1063,1063,"2009v1.2, 2009v1.3, 2009v1.4, 2009v1.7"
"/Return/ReturnData/IRS990ScheduleA/First5Years509",1062,1062,"2009v1.0, 2009v1.1, 2009v1.2, 2009v1.3, 2009v1.4, 2009v1.7"
"/Return/ReturnData/IRS990ScheduleH/CashAndInKindContributions/TotalCommunityBenefitExpense",1059,1059,"2009v1.2, 2009v1.3, 2009v1.4, 2009v1.7"
"/Return/ReturnData/IRS990ScheduleH/TotalOtherBenefits/DirectOffsettingRevenue",1058,1058,"2009v1.2, 2009v1.3, 2009v1.4, 2009v1.7"
"/Return/ReturnData/IRS990ScheduleC/OnlyInHouseLobbying",1057,1057,"2009v1.2, 2009v1.3, 2009v1.4, 2009v1.7"
"/Return/ReturnData/IRS990ScheduleG/EventsInformation/RentFacilityCostsOtherEvents",1054,1054,"2009v1.1, 2009v1.2, 2009v1.3, 2009v1.4, 2009v1.7"
"/Return/ReturnData/IRS990ScheduleA/GrossReceiptsFromNonUBI/CurrentTaxYearMinus2Years",1052,1052,"2009v1.0, 2009v1.1, 2009v1.2, 2009v1.3, 2009v1.4, 2009v1.7"
"/Return/ReturnData/IRS990ScheduleA/NetUBI/CurrentTaxYear",1051,1051,"2009v1.1, 2009v1.2, 2009v1.3, 2009v1.4, 2009v1.7"
"/Return/ReturnData/IRS990ScheduleH/CashAndInKindContributions/NetCommunityBenefitExpense",1047,1047,"2009v1.2, 2009v1.3, 2009v1.4, 2009v1.7"
"/Return/ReturnData/IRS990ScheduleM/ClothingAndHouseholdGoods/NonCashCheckbox",1045,1045,"2009v1.0, 2009v1.1, 2009v1.2, 2009v1.3, 2009v1.4, 2009v1.7"
"/Return/ReturnData/IRS990ScheduleA/First5Years170",1044,1044,"2009v1.1, 2009v1.2, 2009v1.3, 2009v1.4, 2009v1.7"
"/Return/ReturnData/IRS990ScheduleJ/RebuttablePresumptionProcedure",1044,1044,"2009v1.0, 2009v1.2, 2009v1.3, 2009v1.4, 2009v1.7"
"/Return/ReturnData/IRS990ScheduleM/ClothingAndHouseholdGoods/NoncashContribsRptdF990",1043,1043,"2009v1.0, 2009v1.1, 2009v1.2, 2009v1.3, 2009v1.4, 2009v1.7"
"/Return/ReturnData/IRS990ScheduleM/RealEstateResidential",1037,1037,"2009v1.0, 2009v1.2, 2009v1.3, 2009v1.4, 2009v1.7"
"/Return/ReturnData/IRS990/FeesForServicesLobbying/Fundraising",1036,1036,"2009v1.0, 2009v1.1, 2009v1.2, 2009v1.3, 2009v1.4, 2009v1.7"
"/Return/ReturnData/IRS990ScheduleC/LobbyingNontaxableAmount2",1036,1036,"2009v1.2, 2009v1.3, 2009v1.4, 2009v1.7"
"/Return/ReturnData/IRS990ScheduleG/GamingInformation/DirectExpenseSummaryGaming",1035,1035,"2009v1.0, 2009v1.1, 2009v1.2, 2009v1.3, 2009v1.4, 2009v1.7"
"/Return/ReturnData/IRS990ScheduleC/GrassrootsNontaxableAmount2",1034,1034,"2009v1.2, 2009v1.3, 2009v1.4, 2009v1.7"
"/Return/ReturnData/IRS990ScheduleC/LobbyingCeilingAmount",1034,1034,"2009v1.2, 2009v1.3, 2009v1.4, 2009v1.7"
"/Return/ReturnData/IRS990ScheduleC/LobbyingNontaxableAmount2/Total",1034,1034,"2009v1.2, 2009v1.3, 2009v1.4, 2009v1.7"
"/Return/ReturnData/IRS990ScheduleC/GrassrootsCeilingAmount",1032,1032,"2009v1.2, 2009v1.3, 2009v1.4, 2009v1.7"
"/Return/ReturnData/IRS990ScheduleC/GrassrootsNontaxableAmount2/Total",1032,1032,"2009v1.2, 2009v1.3, 2009v1.4, 2009v1.7"
"/Return/ReturnData/IRS990ScheduleC/AgreeToCarryoverPriorYear",1019,1019,"2009v1.2, 2009v1.3, 2009v1.4, 2009v1.7"
"/Return/ReturnData/IRS990ScheduleG/SolicitationOfGovtGrants",1019,1019,"2009v1.0, 2009v1.1, 2009v1.2, 2009v1.3, 2009v1.4, 2009v1.7"
"/Return/ReturnData/IRS990ScheduleG/EventsInformation/EntertainmentEvent2",1017,1017,"2009v1.2, 2009v1.3, 2009v1.4, 2009v1.7"
"/Return/ReturnData/IRS990ScheduleH/Form990ScheduleHPartVI/CostingMethodUsed",1016,1016,"2009v1.2, 2009v1.3, 2009v1.4, 2009v1.7"
"/Return/ReturnData/IRS990/GrossRents/Personal",1012,1012,"2009v1.1, 2009v1.2, 2009v1.3, 2009v1.4, 2009v1.7"
"/Return/ReturnData/IRS990EZ/OfficerDirectorTrusteeKeyEmpl/BusinessName",1009,163,"2009v1.0, 2009v1.2, 2009v1.3, 2009v1.4, 2009v1.7"
"/Return/ReturnData/IRS990EZ/OfficerDirectorTrusteeKeyEmpl/BusinessName/BusinessNameLine1",1009,163,"2009v1.0, 2009v1.2, 2009v1.3, 2009v1.4, 2009v1.7"
"/Return/ReturnData/IRS990ScheduleH/HealthProfessionsEducation",1009,1009,"2009v1.2, 2009v1.3, 2009v1.4, 2009v1.7"
"/Return/ReturnData/IRS990/NetIncomeFromGaming/ExclusionAmount",1006,1006,"2009v1.2, 2009v1.3, 2009v1.4, 2009v1.7"
"/Return/ReturnData/IRS990ScheduleH/CashAndInKindContributions/PercentOfTotalExpense",1006,1006,"2009v1.2, 2009v1.3, 2009v1.4, 2009v1.7"
"/Return/ReturnData/IRS990ScheduleC/TotalLobbyingExpenditures2",1004,1004,"2009v1.2, 2009v1.3, 2009v1.4, 2009v1.7"
"/Return/ReturnData/IRS990ScheduleM/RealEstateOther",1001,1001,"2009v1.2, 2009v1.3, 2009v1.4, 2009v1.7"
"/Return/ReturnData/IRS990ScheduleD/PriorYearAdjustments",1000,1000,"2009v1.2, 2009v1.3, 2009v1.4, 2009v1.7"
"/Return/ReturnData/IRS990ScheduleH/HealthProfessionsEducation/TotalCommunityBenefitExpense",1000,1000,"2009v1.2, 2009v1.3, 2009v1.4, 2009v1.7"
"/Return/ReturnData/IRS990ScheduleC/LobbyingNontaxableAmount2/CurrentYear",995,995,"2009v1.2, 2009v1.3, 2009v1.4, 2009v1.7"
"/Return/ReturnData/IRS990ScheduleC/GrassrootsNontaxableAmount2/CurrentYear",993,993,"2009v1.2, 2009v1.3, 2009v1.4, 2009v1.7"
"/Return/ReturnData/IRS990ScheduleC/TotalLobbyingExpenditures2/Total",993,993,"2009v1.2, 2009v1.3, 2009v1.4, 2009v1.7"
"/Return/ReturnData/IRS990ScheduleM/RealEstateCommercial",991,991,"2009v1.2, 2009v1.3, 2009v1.4, 2009v1.7"
"/Return/ReturnData/IRS990ScheduleD/LossesReported",988,988,"2009v1.2, 2009v1.3, 2009v1.4, 2009v1.7"
"/Return/ReturnData/IRS990ScheduleH/UnableToProvideCare",987,987,"2009v1.1, 2009v1.2, 2009v1.3, 2009v1.4, 2009v1.7"
"/Return/ReturnData/IRS990ScheduleD/InvestmentExpenses",986,986,"2009v1.0, 2009v1.2, 2009v1.3, 2009v1.4, 2009v1.7"
"/Return/ReturnData/IRS990ScheduleM/Collectibles",985,985,"2009v1.0, 2009v1.2, 2009v1.3, 2009v1.4, 2009v1.7"
"/Return/ReturnData/IRS990ScheduleH/HealthProfessionsEducation/NetCommunityBenefitExpense",981,981,"2009v1.2, 2009v1.3, 2009v1.4, 2009v1.7"
"/Return/ReturnData/IRS990ScheduleR/Form990ScheduleRPartII/NameOfDisregardedEntity/BusinessNameLine2",979,257,"2009v1.2, 2009v1.3, 2009v1.7"
"/Return/ReturnData/IRS990ScheduleM/ClothingAndHouseholdGoods/MethodOfDeterminingRevenues",976,976,"2009v1.0, 2009v1.1, 2009v1.2, 2009v1.3, 2009v1.4, 2009v1.7"
"/Return/ReturnData/IRS990ScheduleC/GrassrootsNontaxableAmount/FilingOrganizationsTotals",973,973,"2009v1.2, 2009v1.3, 2009v1.4, 2009v1.7"
"/Return/ReturnData/IRS990ScheduleC/LobbyingNontaxableAmount/FilingOrganizationsTotals",973,973,"2009v1.2, 2009v1.3, 2009v1.4, 2009v1.7"
"/Return/ReturnData/IRS990ScheduleC/TotalExemptPurposeExpenditures/FilingOrganizationsTotals",973,973,"2009v1.2, 2009v1.3, 2009v1.4, 2009v1.7"
"/Return/ReturnData/IRS990ScheduleH/HealthProfessionsEducation/PercentOfTotalExpense",963,963,"2009v1.2, 2009v1.3, 2009v1.4, 2009v1.7"
"/Return/ReturnData/ReasonableCauseExplanation",956,956,"2009v1.2, 2009v1.3, 2009v1.4, 2009v1.7"
"/Return/ReturnData/IRS990ScheduleC/OtherExemptPurposeExpenditures/FilingOrganizationsTotals",955,955,"2009v1.2, 2009v1.3, 2009v1.4, 2009v1.7"
"/Return/ReturnData/ReasonableCauseExplanation/Explanation",955,955,"2009v1.2, 2009v1.3, 2009v1.4, 2009v1.7"
"/Return/ReturnData/IRS990/TravelEntrtnmntPublicOfficials/ProgramServices",950,950,"2009v1.2, 2009v1.3, 2009v1.4, 2009v1.7"
"/Return/ReturnData/IRS990ScheduleF/GrantRecordsMaintained",947,947,"2009v1.0, 2009v1.2, 2009v1.3, 2009v1.4, 2009v1.7"
"/Return/ReturnData/IRS990ScheduleK/Form990ScheduleKPartIV/TermOfHedge",946,673,"2009v1.0, 2009v1.2, 2009v1.3, 2009v1.4, 2009v1.7"
"/Return/ReturnData/IRS990ScheduleA/GrossReceiptsFromNonUBI/CurrentTaxYearMinus3Years",945,945,"2009v1.0, 2009v1.1, 2009v1.2, 2009v1.3, 2009v1.4, 2009v1.7"
"/Return/ReturnData/IRS990ScheduleC/LobbyingNontaxableAmount2/CurrentYearMinus1",945,945,"2009v1.2, 2009v1.3, 2009v1.4, 2009v1.7"
"/Return/ReturnData/IRS990ScheduleC/TotalLobbyingExpenditures2/CurrentYear",945,945,"2009v1.2, 2009v1.3, 2009v1.4, 2009v1.7"
"/Return/ReturnData/IRS990ScheduleC/GrassrootsNontaxableAmount2/CurrentYearMinus1",940,940,"2009v1.2, 2009v1.3, 2009v1.4, 2009v1.7"
"/Return/ReturnData/IRS990EZ/AddressChange",938,938,"2009v1.0, 2009v1.1, 2009v1.2, 2009v1.3, 2009v1.4, 2009v1.7"
"/Return/ReturnData/IRS990ScheduleH/Form990ScheduleHPartVI/AffiliatedHealthCareSystem",937,937,"2009v1.2, 2009v1.3, 2009v1.4, 2009v1.7"
"/Return/ReturnData/IRS990/NetGainOrLossInvestments/UnrelatedBusinessRevenue",936,936,"2009v1.2, 2009v1.3, 2009v1.4, 2009v1.7"
"/Return/ReturnData/IRS990/Royalties/ManagementAndGeneral",931,931,"2009v1.1, 2009v1.2, 2009v1.3, 2009v1.4, 2009v1.7"
"/Return/ReturnData/IRS990ScheduleD/RecoveriesOfPriorYearGrants",928,928,"2009v1.2, 2009v1.3, 2009v1.4, 2009v1.7"
"/Return/ReturnData/IRS990ScheduleH/Form990ScheduleHPartVI/PercentOfTotalExpenseExpln",925,925,"2009v1.2, 2009v1.3, 2009v1.4, 2009v1.7"
"/Return/ReturnData/IRS990ScheduleH/CostingMethodologyUsed/CostToChargeRatio",923,923,"2009v1.2, 2009v1.3, 2009v1.4, 2009v1.7"
"/Return/ReturnData/IRS990ScheduleC/TotalLobbyingExpenditures/FilingOrganizationsTotals",921,921,"2009v1.2, 2009v1.3, 2009v1.4, 2009v1.7"
"/Return/ReturnData/IRS990ScheduleG/GamingInformation/VolunteerLaborBingo",915,915,"2009v1.0, 2009v1.1, 2009v1.2, 2009v1.3, 2009v1.4, 2009v1.7"
"/Return/ReturnData/IRS990ScheduleD/CollectUsedForPreservation",908,908,"2009v1.2, 2009v1.3, 2009v1.4, 2009v1.7"
"/Return/ReturnData/IRS990ScheduleC/TotalLobbyingExpenditures2/CurrentYearMinus1",905,905,"2009v1.2, 2009v1.3, 2009v1.4, 2009v1.7"
"/Return/ReturnData/IRS990ScheduleA/NetIncomeFromOtherUBI/CurrentTaxYear",900,900,"2009v1.1, 2009v1.2, 2009v1.3, 2009v1.4, 2009v1.7"
"/Return/ReturnData/IRS990ScheduleG/GamingInformation/VolunteerLaborPullTabs",898,898,"2009v1.0, 2009v1.1, 2009v1.2, 2009v1.3, 2009v1.4, 2009v1.7"
"/Return/ReturnData/IRS990ScheduleJ/TravelForCompanions",897,897,"2009v1.0, 2009v1.2, 2009v1.3, 2009v1.4, 2009v1.7"
"/Return/ReturnData/IRS990/Royalties/Fundraising",893,893,"2009v1.2, 2009v1.3, 2009v1.4, 2009v1.7"
"/Return/ReturnData/IRS990ScheduleA/GrossReceiptsFromNonUBI/CurrentTaxYearMinus4Years",888,888,"2009v1.1, 2009v1.2, 2009v1.3, 2009v1.4, 2009v1.7"
"/Return/ReturnData/IRS990ScheduleM/SecuritiesCloselyHeldStock",888,888,"2009v1.2, 2009v1.3, 2009v1.4, 2009v1.7"
"/Return/ReturnData/IRS990/TravelEntrtnmntPublicOfficials/ManagementAndGeneral",885,885,"2009v1.1, 2009v1.2, 2009v1.3, 2009v1.4, 2009v1.7"
"/Return/ReturnData/IRS990ScheduleA/ValueSrvcFcltsFurnishedByGovt/CurrentTaxYearMinus3Years",885,885,"2009v1.0, 2009v1.1, 2009v1.2, 2009v1.3, 2009v1.4, 2009v1.7"
"/Return/ReturnData/IRS990ScheduleM/SecuritiesMiscellaneous",884,884,"2009v1.2, 2009v1.3, 2009v1.4, 2009v1.7"
"/Return/ReturnData/IRS990ScheduleA/ValueSrvcFcltsFurnishedByGovt/CurrentTaxYearMinus4Years",876,876,"2009v1.0, 2009v1.1, 2009v1.2, 2009v1.3, 2009v1.4, 2009v1.7"
"/Return/ReturnData/IRS990ScheduleA/ValueSrvcFcltsFurnishedByGovt/CurrentTaxYearMinus1Year",874,874,"2009v1.0, 2009v1.1, 2009v1.2, 2009v1.3, 2009v1.4, 2009v1.7"
"/Return/ReturnData/IRS990ScheduleA/NetUBI/CurrentTaxYearMinus1Year",873,873,"2009v1.1, 2009v1.2, 2009v1.3, 2009v1.4, 2009v1.7"
"/Return/ReturnData/IRS990ScheduleF/GrantsToIndOutsideUS/MethodOfValuation",873,152,"2009v1.2, 2009v1.3, 2009v1.4, 2009v1.7"
"/Return/ReturnData/IRS990ScheduleM/HistoricalArtifacts",873,873,"2009v1.2, 2009v1.3, 2009v1.4, 2009v1.7"
"/Return/ReturnData/IRS990ScheduleM/SecuritiesPrtnrshpTrustIntrsts",872,872,"2009v1.2, 2009v1.3, 2009v1.4, 2009v1.7"
"/Return/ReturnData/IRS990/TypeOfOrganizationAssociation",870,870,"2009v1.1, 2009v1.2, 2009v1.3, 2009v1.4, 2009v1.7"
"/Return/ReturnData/IRS990ScheduleC/LobbyingNontaxableAmount2/CurrentYearMinus2",866,866,"2009v1.2, 2009v1.3, 2009v1.4, 2009v1.7"
"/Return/ReturnData/IRS990ScheduleG/GamingInformation/OtherDirectExpensesTotalGaming",865,865,"2009v1.0, 2009v1.1, 2009v1.2, 2009v1.3, 2009v1.4, 2009v1.7"
"/Return/ReturnData/IRS990ScheduleM/BoatsAndPlanes",865,865,"2009v1.2, 2009v1.3, 2009v1.4, 2009v1.7"
"/Return/ReturnData/IRS990ScheduleG/EventsInformation/EntertainmentOtherEvents",864,864,"2009v1.2, 2009v1.3, 2009v1.4, 2009v1.7"
"/Return/ReturnData/IRS990ScheduleC/TotalDirectLobbying/FilingOrganizationsTotals",861,861,"2009v1.2, 2009v1.3, 2009v1.4, 2009v1.7"
"/Return/ReturnData/IRS990/ReceivablesFromDisqualPersons/BOY",856,856,"2009v1.1, 2009v1.2, 2009v1.3, 2009v1.4, 2009v1.7"
"/Return/ReturnData/IRS990ScheduleC/GrassrootsNontaxableAmount2/CurrentYearMinus2",856,856,"2009v1.2, 2009v1.3, 2009v1.4, 2009v1.7"
"/Return/ReturnData/IRS990/TravelEntrtnmntPublicOfficials/Fundraising",853,853,"2009v1.2, 2009v1.3, 2009v1.4, 2009v1.7"
"/Return/ReturnData/IRS990ScheduleA/NetUBI/CurrentTaxYearMinus2Years",852,852,"2009v1.1, 2009v1.2, 2009v1.3, 2009v1.4, 2009v1.7"
"/Return/ReturnData/IRS990ScheduleM/ArtHistoricalTreasures",852,852,"2009v1.2, 2009v1.3, 2009v1.4, 2009v1.7"
"/Return/ReturnData/IRS990ScheduleM/IntellectualProperty",846,846,"2009v1.2, 2009v1.3, 2009v1.4, 2009v1.7"
"/Return/ReturnData/IRS990ScheduleM/QualifiedContribOther",846,846,"2009v1.2, 2009v1.3, 2009v1.4, 2009v1.7"
"/Return/ReturnData/IRS990ScheduleM/ScientificSpecimens",845,845,"2009v1.2, 2009v1.3, 2009v1.4, 2009v1.7"
"/Return/ReturnData/IRS990ScheduleG/FundraiserActivityInformation/NameOfIndividual",844,515,"2009v1.0, 2009v1.2, 2009v1.3, 2009v1.4, 2009v1.7"
"/Return/ReturnData/IRS990ScheduleA/ValueSrvcFcltsFurnishedByGovt/CurrentTaxYearMinus2Years",842,842,"2009v1.0, 2009v1.1, 2009v1.2, 2009v1.3, 2009v1.4, 2009v1.7"
"/Return/ReturnData/IRS990ScheduleM/FoodInventory/NoncashContribsRptdF990",840,840,"2009v1.0, 2009v1.2, 2009v1.3, 2009v1.4, 2009v1.7"
"/Return/ReturnData/IRS990ScheduleM/FoodInventory/NonCashCheckbox",839,839,"2009v1.0, 2009v1.2, 2009v1.3, 2009v1.4, 2009v1.7"
"/Return/ReturnData/IRS990ScheduleM/ArtFractionalInterest",837,837,"2009v1.2, 2009v1.3, 2009v1.4, 2009v1.7"
"/Return/ReturnData/IRS990ScheduleM/ArchaeologicalArtifacts",836,836,"2009v1.2, 2009v1.4, 2009v1.7"
"/Return/ReturnData/IRS990ScheduleA/ValueSrvcFcltsFurnishedByGovt/CurrentTaxYear",834,834,"2009v1.0, 2009v1.1, 2009v1.2, 2009v1.3, 2009v1.4, 2009v1.7"
"/Return/ReturnData/IRS990ScheduleM/Taxidermy",828,828,"2009v1.4, 2009v1.7"
"/Return/ReturnData/IRS990ScheduleH/SubsidizedHealthServices",827,827,"2009v1.2, 2009v1.3, 2009v1.4, 2009v1.7"
"/Return/ReturnData/IRS990ScheduleM/QualifiedContribHistStruct",825,825,"2009v1.4, 2009v1.7"
"/Return/ReturnData/IRS990ScheduleH/SubsidizedHealthServices/TotalCommunityBenefitExpense",819,819,"2009v1.2, 2009v1.3, 2009v1.4, 2009v1.7"
"/Return/ReturnData/IRS990ScheduleC/LobbyingNontaxableAmount2/CurrentYearMinus3",818,818,"2009v1.2, 2009v1.3, 2009v1.4, 2009v1.7"
"/Return/ReturnData/IRS990ScheduleH/Total",818,818,"2009v1.2, 2009v1.3, 2009v1.4, 2009v1.7"
"/Return/ReturnData/IRS990ScheduleC/TotalLobbyingExpenditures2/CurrentYearMinus2",813,813,"2009v1.2, 2009v1.3, 2009v1.4, 2009v1.7"
"/Return/ReturnData/IRS990ScheduleH/Total/TotalCommunityBuildingExpense",813,813,"2009v1.2, 2009v1.3, 2009v1.4, 2009v1.7"
"/Return/ReturnData/IRS990ScheduleH/CommunityHealthServices/DirectOffsettingRevenue",812,812,"2009v1.2, 2009v1.3, 2009v1.4, 2009v1.7"
"/Return/ReturnData/IRS990ScheduleA/ValueOfSvcsFcltsFurnishdByGovt/CurrentTaxYearMinus3Years",809,809,"2009v1.1, 2009v1.2, 2009v1.3, 2009v1.4, 2009v1.7"
"/Return/ReturnData/IRS990ScheduleC/GrassrootsNontaxableAmount2/CurrentYearMinus3",809,809,"2009v1.2, 2009v1.3, 2009v1.4, 2009v1.7"
"/Return/ReturnData/IRS990ScheduleH/Total/NetCommunityBuildingExpense",808,808,"2009v1.2, 2009v1.3, 2009v1.4, 2009v1.7"
"/Return/ReturnData/IRS990ScheduleA/NetUBI/CurrentTaxYearMinus3Years",806,806,"2009v1.1, 2009v1.2, 2009v1.3, 2009v1.4, 2009v1.7"
"/Return/ReturnData/IRS990ScheduleA/ValueOfSvcsFcltsFurnishdByGovt/CurrentTaxYearMinus4Years",800,800,"2009v1.1, 2009v1.2, 2009v1.3, 2009v1.4, 2009v1.7"
"/Return/ReturnData/IRS990ScheduleA/FactsAndCircumstancesTest",797,797,"2009v1.0, 2009v1.2, 2009v1.3, 2009v1.4, 2009v1.7"
"/Return/ReturnData/IRS990ScheduleA/NetIncomeFromOtherUBI/CurrentTaxYearMinus1Year",793,793,"2009v1.2, 2009v1.3, 2009v1.4, 2009v1.7"
"/Return/ReturnData/IRS990ScheduleH/SubsidizedHealthServices/NetCommunityBenefitExpense",784,784,"2009v1.2, 2009v1.3, 2009v1.4, 2009v1.7"
"/Return/ReturnData/IRS990ScheduleH/Form990ScheduleHPartIV",783,329,"2009v1.2, 2009v1.3, 2009v1.4, 2009v1.7"
"/Return/ReturnData/IRS990ScheduleH/Form990ScheduleHPartIV/NameOfEntity",783,329,"2009v1.2, 2009v1.3, 2009v1.4, 2009v1.7"
"/Return/ReturnData/IRS990ScheduleH/Form990ScheduleHPartIV/NameOfEntity/BusinessNameLine1",783,329,"2009v1.2, 2009v1.3, 2009v1.4, 2009v1.7"
"/Return/ReturnData/IRS990ScheduleA/NetUBI/CurrentTaxYearMinus4Years",781,781,"2009v1.2, 2009v1.3, 2009v1.4, 2009v1.7"
"/Return/ReturnData/IRS990ScheduleI/NoGrantMoreThan5000",781,781,"2009v1.0, 2009v1.1, 2009v1.2, 2009v1.3, 2009v1.4, 2009v1.7"
"/Return/ReturnData/IRS990ScheduleH/SubsidizedHealthServices/PercentOfTotalExpense",779,779,"2009v1.2, 2009v1.3, 2009v1.4, 2009v1.7"
"/Return/ReturnData/IRS990ScheduleD/TotalOfBookValueProgramRelated",778,778,"2009v1.0, 2009v1.2, 2009v1.3, 2009v1.4, 2009v1.7"
"/Return/ReturnData/IRS990ScheduleF/GrantsToIndOutsideUS/DescriptionOfNonCashAssistance",774,126,"2009v1.2, 2009v1.3, 2009v1.4, 2009v1.7"
"/Return/ReturnData/IRS990ScheduleA/SupportingOrg509a3Type2",767,767,"2009v1.1, 2009v1.2, 2009v1.3, 2009v1.4, 2009v1.7"
"/Return/ReturnData/IRS990ScheduleC/TotalLobbyingExpenditures2/CurrentYearMinus3",767,767,"2009v1.2, 2009v1.3, 2009v1.4, 2009v1.7"
"/Return/ReturnData/IRS990ScheduleM/FoodInventory/MethodOfDeterminingRevenues",764,764,"2009v1.0, 2009v1.2, 2009v1.3, 2009v1.4, 2009v1.7"
"/Return/ReturnData/IRS990ScheduleA/NetIncomeFromOtherUBI/CurrentTaxYearMinus2Years",763,763,"2009v1.2, 2009v1.3, 2009v1.4, 2009v1.7"
"/Return/ReturnData/IRS990/LessRentalExpenses/Personal",757,757,"2009v1.2, 2009v1.3, 2009v1.4, 2009v1.7"
"/Return/ReturnData/IRS990ScheduleM/FoodInventory/NumberOfContributions",754,754,"2009v1.0, 2009v1.2, 2009v1.3, 2009v1.4, 2009v1.7"
"/Return/ReturnData/IRS990ScheduleJ/IdemnificationGrossUpPayments",753,753,"2009v1.2, 2009v1.3, 2009v1.4, 2009v1.7"
"/Return/ReturnData/IRS990ScheduleG/EventsInformation/CashPrizesEvent2",748,748,"2009v1.2, 2009v1.3, 2009v1.4, 2009v1.7"
"/Return/ReturnData/IRS990ScheduleA/NetIncomeFromOtherUBI/CurrentTaxYearMinus3Years",739,739,"2009v1.2, 2009v1.3, 2009v1.4, 2009v1.7"
"/Return/ReturnData/IRS990ScheduleH/Form990ScheduleHPartVI/ReportsFiledWithStates",738,679,"2009v1.2, 2009v1.3, 2009v1.4, 2009v1.7"
"/Return/ReturnData/IRS990ScheduleH/Form990ScheduleHPartIV/DescriptionEntPrimaryActivity",730,299,"2009v1.2, 2009v1.3, 2009v1.4, 2009v1.7"
"/Return/ReturnData/CompensationExplanation/Compensation/BusinessName",728,77,"2009v1.3, 2009v1.7"
"/Return/ReturnData/CompensationExplanation/Compensation/BusinessName/BusinessNameLine1",728,77,"2009v1.3, 2009v1.7"
"/Return/ReturnData/IRS990ScheduleA/NetIncomeFromOtherUBI/CurrentTaxYearMinus4Years",722,722,"2009v1.2, 2009v1.3, 2009v1.4, 2009v1.7"
"/Return/ReturnData/IRS990ScheduleL/Form990ScheduleLPartIII",721,391,"2009v1.2, 2009v1.3, 2009v1.4, 2009v1.7"
"/Return/ReturnData/IRS990/NetIncomeFromGaming/RelatedOrExemptFunctionIncome",717,717,"2009v1.0, 2009v1.1, 2009v1.2, 2009v1.3, 2009v1.4, 2009v1.7"
"/Return/ReturnData/IRS990ScheduleA/TaxRevLeviedForOrgBenefit509/CurrentTaxYearMinus3Years",717,717,"2009v1.2, 2009v1.3, 2009v1.4, 2009v1.7"
"/Return/ReturnData/IRS990ScheduleM/WorksOfArt/NonCashCheckbox",716,716,"2009v1.0, 2009v1.2, 2009v1.3, 2009v1.4, 2009v1.7"
"/Return/ReturnData/IRS990ScheduleG/GamingInformation/GrossRevenueOtherGaming",715,715,"2009v1.0, 2009v1.1, 2009v1.2, 2009v1.3, 2009v1.4, 2009v1.7"
"/Return/ReturnData/IRS990ScheduleA/TaxRevLeviedForOrgBenefit509/CurrentTaxYearMinus4Years",709,709,"2009v1.2, 2009v1.3, 2009v1.4, 2009v1.7"
"/Return/ReturnData/IRS990ScheduleM/WorksOfArt/NumberOfContributions",707,707,"2009v1.0, 2009v1.2, 2009v1.3, 2009v1.4, 2009v1.7"
"/Return/ReturnData/IRS990ScheduleH/Form990ScheduleHPartIV/OrganizationProfitOrOwnership",705,293,"2009v1.2, 2009v1.3, 2009v1.4, 2009v1.7"
"/Return/ReturnData/IRS990ScheduleH/PolicyAppliedToAllHospitals",698,698,"2009v1.2, 2009v1.3, 2009v1.4, 2009v1.7"
"/Return/ReturnData/IRS990ScheduleA/ValueOfSvcsFcltsFurnishdByGovt/CurrentTaxYearMinus1Year",696,696,"2009v1.1, 2009v1.2, 2009v1.3, 2009v1.4, 2009v1.7"
"/Return/ReturnData/IRS990ScheduleH/Total/PercentOfTotalExpense",688,688,"2009v1.2, 2009v1.3, 2009v1.4, 2009v1.7"
"/Return/ReturnData/IRS990ScheduleA/SupportingOrg509a3Type3FuncInt",678,678,"2009v1.1, 2009v1.2, 2009v1.3, 2009v1.4, 2009v1.7"
"/Return/ReturnData/IRS990/Form990PartVIISectionA/NameBusiness/BusinessNameLine2",674,55,"2009v1.2, 2009v1.3, 2009v1.7"
"/Return/ReturnData/IRS990ScheduleA/ValueOfSvcsFcltsFurnishdByGovt/CurrentTaxYearMinus2Years",674,674,"2009v1.1, 2009v1.2, 2009v1.3, 2009v1.4, 2009v1.7"
"/Return/ReturnData/IRS990ScheduleG/EventsInformation/NonCashPrizesOtherEvents",672,672,"2009v1.2, 2009v1.3, 2009v1.4, 2009v1.7"
"/Return/ReturnData/IRS990ScheduleG/GamingInformation/CashPrizesTotalGaming",668,668,"2009v1.0, 2009v1.1, 2009v1.2, 2009v1.3, 2009v1.4, 2009v1.7"
"/Return/ReturnData/IRS990ScheduleF/GrantsToIndOutsideUS/AmountOfNonCashAssistance",667,131,"2009v1.2, 2009v1.3, 2009v1.4, 2009v1.7"
"/Return/ReturnData/IRS990ScheduleH/Pcent200",667,667,"2009v1.2, 2009v1.3, 2009v1.4, 2009v1.7"
"/Return/ReturnData/IRS990/NetIncomeFromFundraisingEvents/UnrelatedBusinessRevenue",665,665,"2009v1.2, 2009v1.3, 2009v1.4, 2009v1.7"
"/Return/ReturnData/IRS990ScheduleD/CollectUsedForScholarResearch",659,659,"2009v1.2, 2009v1.3, 2009v1.4, 2009v1.7"
"/Return/ReturnData/IRS990ScheduleA/ValueOfSvcsFcltsFurnishdByGovt/CurrentTaxYear",658,658,"2009v1.1, 2009v1.2, 2009v1.3, 2009v1.4, 2009v1.7"
"/Return/ReturnData/IRS990ScheduleM/WorksOfArt/NoncashContribsRptdF990",655,655,"2009v1.0, 2009v1.2, 2009v1.3, 2009v1.4, 2009v1.7"
"/Return/ReturnData/IRS990ScheduleH/SubsidizedHealthServices/DirectOffsettingRevenue",647,647,"2009v1.2, 2009v1.3, 2009v1.4, 2009v1.7"
"/Return/ReturnData/IRS990ScheduleA/Post1975UBTI/CurrentTaxYearMinus1Year",645,645,"2009v1.2, 2009v1.3, 2009v1.4, 2009v1.7"
"/Return/ReturnData/IRS990/TypeOfOrganizationOther",643,643,"2009v1.0, 2009v1.2, 2009v1.3, 2009v1.4, 2009v1.7"
"/Return/ReturnData/IRS990ScheduleA/Post1975UBTI/CurrentTaxYear",639,639,"2009v1.2, 2009v1.3, 2009v1.4, 2009v1.7"
"/Return/ReturnData/IRS990ScheduleC/Form4720Filed4912Tax",633,633,"2009v1.2, 2009v1.3, 2009v1.4, 2009v1.7"
"/Return/ReturnData/IRS990ScheduleL/Form990ScheduleLPartIII/NameOfInterestedPerson",628,328,"2009v1.2, 2009v1.3, 2009v1.4, 2009v1.7"
"/Return/ReturnData/IRS990ScheduleD/ArtPublicExhibitionAmts/AssetsInPartX",627,627,"2009v1.2, 2009v1.3, 2009v1.4, 2009v1.7"
"/Return/ReturnData/IRS990ScheduleC/TotLobbyExpendMnsLobbyingNontx/FilingOrganizationsTotals",624,624,"2009v1.2, 2009v1.3, 2009v1.4, 2009v1.7"
"/Return/ReturnData/IRS990ScheduleC/TotLobbyingGrassrootMinusNonTx/FilingOrganizationsTotals",622,622,"2009v1.2, 2009v1.3, 2009v1.4, 2009v1.7"
"/Return/ReturnData/IRS990ScheduleL/Form990ScheduleLPartIII/RelationshipWithOrganization",618,331,"2009v1.2, 2009v1.3, 2009v1.4, 2009v1.7"
"/Return/ReturnData/IRS990ScheduleA/TaxRevLeviedForOrgBenefit509/CurrentTaxYearMinus1Year",617,617,"2009v1.2, 2009v1.3, 2009v1.4, 2009v1.7"
"/Return/ReturnData/IRS990ScheduleA/Post1975UBTI/CurrentTaxYearMinus2Years",615,615,"2009v1.2, 2009v1.3, 2009v1.4, 2009v1.7"
"/Return/ReturnData/IRS990ScheduleG/PercentageOfGamingOthrFacility",615,615,"2009v1.0, 2009v1.2, 2009v1.3, 2009v1.4, 2009v1.7"
"/Return/ReturnData/IRS990ScheduleM/WorksOfArt/MethodOfDeterminingRevenues",605,605,"2009v1.0, 2009v1.2, 2009v1.3, 2009v1.4, 2009v1.7"
"/Return/ReturnData/IRS990ScheduleH/CharityCareAtCost/DirectOffsettingRevenue",604,604,"2009v1.2, 2009v1.3, 2009v1.4, 2009v1.7"
"/Return/ReturnData/IRS990ScheduleM/BooksAndPublications/NonCashCheckbox",602,602,"2009v1.2, 2009v1.3, 2009v1.4, 2009v1.7"
"/Return/ReturnData/IRS990ScheduleA/TaxRevLeviedForOrgBenefit170/CurrentTaxYearMinus3Years",598,598,"2009v1.1, 2009v1.2, 2009v1.3, 2009v1.4, 2009v1.7"
"/Return/ReturnData/IRS990ScheduleR/Form990ScheduleRPartII/DirectControllingEntityName/BusinessNameLine2",598,94,"2009v1.2, 2009v1.3, 2009v1.7"
"/Return/ReturnData/IRS990ScheduleA/TaxRevLeviedForOrgBenefit509/CurrentTaxYearMinus2Years",594,594,"2009v1.2, 2009v1.3, 2009v1.4, 2009v1.7"
"/Return/ReturnData/IRS990ScheduleM/BooksAndPublications/NoncashContribsRptdF990",592,592,"2009v1.2, 2009v1.3, 2009v1.4, 2009v1.7"
"/Return/ReturnData/IRS990ScheduleA/TaxRevLeviedForOrgBenefit170/CurrentTaxYearMinus4Years",591,591,"2009v1.1, 2009v1.2, 2009v1.3, 2009v1.4, 2009v1.7"
"/Return/ReturnData/IRS990ScheduleR/Form990ScheduleRPartIV/AddressForeign/ProvinceOrState",591,269,"2009v1.2, 2009v1.3, 2009v1.4, 2009v1.7"
"/Return/ReturnData/IRS990/InitiationFeesAmount",587,587,"2009v1.1, 2009v1.2, 2009v1.3, 2009v1.4, 2009v1.7"
"/Return/ReturnData/IRS990ScheduleA/TaxRevLeviedForOrgBenefit170/CurrentTaxYearMinus1Year",587,587,"2009v1.1, 2009v1.2, 2009v1.3, 2009v1.4, 2009v1.7"
"/Return/ReturnData/IRS990ScheduleH/Form990ScheduleHPartVI/SubsidizedHealthServicesExpln",585,585,"2009v1.2, 2009v1.3, 2009v1.4, 2009v1.7"
"/Return/ReturnData/IRS990ScheduleA/TaxRevLeviedForOrgBenefit509/CurrentTaxYear",576,576,"2009v1.2, 2009v1.3, 2009v1.4, 2009v1.7"
"/Return/ReturnData/IRS990ScheduleD/CloselyHeldEquityInterests/BookValue",574,574,"2009v1.0, 2009v1.2, 2009v1.3, 2009v1.4, 2009v1.7"
"/Return/ReturnData/IRS990ScheduleH/HealthProfessionsEducation/DirectOffsettingRevenue",571,571,"2009v1.2, 2009v1.3, 2009v1.4, 2009v1.7"
"/Return/ReturnData/IRS990ScheduleA/Post1975UBTI/CurrentTaxYearMinus3Years",569,569,"2009v1.2, 2009v1.3, 2009v1.4, 2009v1.7"
"/Return/ReturnData/IRS990ScheduleA/TaxRevLeviedForOrgBenefit170/CurrentTaxYearMinus2Years",568,568,"2009v1.1, 2009v1.2, 2009v1.3, 2009v1.4, 2009v1.7"
"/Return/ReturnData/IRS990ScheduleH/Form990ScheduleHPartVI/IncomeBasedCriteria",568,568,"2009v1.2, 2009v1.3, 2009v1.4, 2009v1.7"
"/Return/ReturnData/IRS990/GrossReceiptsAmount",565,565,"2009v1.2, 2009v1.3, 2009v1.4, 2009v1.7"
"/Return/ReturnData/IRS990ScheduleC/Form4720Filed4955Tax",564,564,"2009v1.0, 2009v1.2, 2009v1.3, 2009v1.4, 2009v1.7"
"/Return/ReturnData/IRS990ScheduleR/Form990ScheduleRPartIV/AddressForeign/PostalCode",562,261,"2009v1.2, 2009v1.3, 2009v1.4, 2009v1.7"
"/Return/ReturnData/IRS990ScheduleH/Form990ScheduleHPartIV/PhysicansProfitOrOwnership",557,241,"2009v1.2, 2009v1.3, 2009v1.4, 2009v1.7"
"/Return/ReturnData/IRS990ScheduleM/BooksAndPublications/MethodOfDeterminingRevenues",552,552,"2009v1.2, 2009v1.3, 2009v1.4, 2009v1.7"
"/Return/ReturnData/IRS990ScheduleA/Post1975UBTI/CurrentTaxYearMinus4Years",551,551,"2009v1.2, 2009v1.3, 2009v1.4, 2009v1.7"
"/Return/ReturnData/IRS990ScheduleC/CorrectionMade",551,551,"2009v1.0, 2009v1.2, 2009v1.3, 2009v1.4, 2009v1.7"
"/Return/ReturnData/IRS990ScheduleK/Form990ScheduleKPartIV/RegulatorySafeHarborSatisfied",550,338,"2009v1.0, 2009v1.2, 2009v1.3, 2009v1.4, 2009v1.7"
"/Return/ReturnData/IRS990ScheduleA/TaxRevLeviedForOrgBenefit170/CurrentTaxYear",544,544,"2009v1.1, 2009v1.2, 2009v1.3, 2009v1.4, 2009v1.7"
"/Return/ReturnData/IRS990/NetIncomeFromGaming/UnrelatedBusinessRevenue",540,540,"2009v1.2, 2009v1.3, 2009v1.4, 2009v1.7"
"/Return/ReturnData/IRS990/JointCosts",538,538,"2009v1.2, 2009v1.3, 2009v1.4, 2009v1.7"
"/Return/ReturnData/IRS990ScheduleH/Form990ScheduleHPartV/CriticalAccessHospital",537,470,"2009v1.2, 2009v1.3, 2009v1.4, 2009v1.7"
"/Return/ReturnData/IRS990ScheduleG/PercentageOfGamingOwnFacility",533,533,"2009v1.1, 2009v1.2, 2009v1.3, 2009v1.4, 2009v1.7"
"/Return/ReturnData/IRS990ScheduleC/GrassrootsLobbyingExpenditures",519,519,"2009v1.2, 2009v1.3, 2009v1.4, 2009v1.7"
"/Return/ReturnData/IRS990ScheduleH/TotalCommunityBenefits/PersonsServed",518,518,"2009v1.2, 2009v1.3, 2009v1.4, 2009v1.7"
"/Return/ReturnData/IRS990ScheduleA/WrittenIRSDetermination",517,517,"2009v1.2, 2009v1.3, 2009v1.4, 2009v1.7"
"/Return/ReturnData/IRS990EZ/IsAnyRevenueFromGaming",514,514,"2009v1.1, 2009v1.2, 2009v1.3, 2009v1.4, 2009v1.7"
"/Return/ReturnData/IRS990ScheduleH/Form990ScheduleHPartVI/AnnualCommunityBenefitExpln",506,506,"2009v1.2, 2009v1.3, 2009v1.4, 2009v1.7"
"/Return/ReturnData/IRS990ScheduleH/CommunitySupport",503,503,"2009v1.2, 2009v1.3, 2009v1.4, 2009v1.7"
"/Return/ReturnData/IRS990ScheduleK/Form990ScheduleKPartIV/NameOfGICProvider",502,308,"2009v1.2, 2009v1.3, 2009v1.4, 2009v1.7"
"/Return/ReturnData/IRS990ScheduleK/Form990ScheduleKPartIV/NameOfGICProvider/BusinessNameLine1",502,308,"2009v1.2, 2009v1.3, 2009v1.4, 2009v1.7"
"/Return/ReturnData/IRS990ScheduleL/Form990ScheduleLPartIII/TypeOfAssistance",498,278,"2009v1.2, 2009v1.3, 2009v1.4, 2009v1.7"
"/Return/ReturnData/IRS990ScheduleH/CommunitySupport/TotalCommunityBuildingExpense",495,495,"2009v1.2, 2009v1.3, 2009v1.4, 2009v1.7"
"/Return/ReturnData/IRS990ScheduleJ/FirstClassOrCharterTravel",493,493,"2009v1.2, 2009v1.3, 2009v1.4, 2009v1.7"
"/Return/ReturnData/IRS990ScheduleG/EventsInformation/CashPrizesOtherEvents",488,488,"2009v1.1, 2009v1.2, 2009v1.3, 2009v1.4, 2009v1.7"
"/Return/ReturnData/IRS990ScheduleG/GamingManagerServicesProvided",488,488,"2009v1.0, 2009v1.1, 2009v1.2, 2009v1.3, 2009v1.4, 2009v1.7"
"/Return/ReturnData/IRS990ScheduleE/OrgDoesNotMaintainExplanation",483,483,"2009v1.1, 2009v1.2, 2009v1.3, 2009v1.4, 2009v1.7"
"/Return/ReturnData/IRS990ScheduleG/GamingInformation/OtherDirectExpensesOtherGaming",481,481,"2009v1.0, 2009v1.1, 2009v1.2, 2009v1.3, 2009v1.4, 2009v1.7"
"/Return/ReturnData/IRS990ScheduleH/TotalOtherBenefits/PersonsServed",481,481,"2009v1.2, 2009v1.3, 2009v1.4, 2009v1.7"
"/Return/ReturnData/IRS990ScheduleC/GrassrootsLobbyingExpenditures/Total",480,480,"2009v1.2, 2009v1.3, 2009v1.4, 2009v1.7"
"/Return/ReturnData/IRS990ScheduleH/CommunitySupport/NetCommunityBuildingExpense",479,479,"2009v1.2, 2009v1.3, 2009v1.4, 2009v1.7"
"/Return/ReturnData/IRS990ScheduleM/CarsAndOtherVehicles/NonCashCheckbox",479,479,"2009v1.0, 2009v1.2, 2009v1.3, 2009v1.4, 2009v1.7"
"/Return/ReturnData/IRS990ScheduleC/GrantsOtherOrganizationsAmount",477,477,"2009v1.2, 2009v1.3, 2009v1.4, 2009v1.7"
"/Return/ReturnData/IRS990ScheduleC/TotalGrassrootsLobbying/FilingOrganizationsTotals",477,477,"2009v1.2, 2009v1.3, 2009v1.4, 2009v1.7"
"/Return/ReturnData/IRS990ScheduleM/CarsAndOtherVehicles/NoncashContribsRptdF990",475,475,"2009v1.0, 2009v1.2, 2009v1.3, 2009v1.4, 2009v1.7"
"/Return/ReturnData/IRS990ScheduleG/GamingManagerNamePerson",472,472,"2009v1.0, 2009v1.1, 2009v1.2, 2009v1.3, 2009v1.4, 2009v1.7"
"/Return/ReturnData/IRS990ScheduleM/CarsAndOtherVehicles/NumberOfContributions",470,470,"2009v1.0, 2009v1.2, 2009v1.3, 2009v1.4, 2009v1.7"
"/Return/ReturnData/IRS990ScheduleF/Form990ScheduleFPartIV/ReturnReference",467,403,"2009v1.2, 2009v1.3, 2009v1.4, 2009v1.7"
"/Return/ReturnData/IRS990/TypeOfOrgOtherDescription",465,465,"2009v1.0, 2009v1.2, 2009v1.3, 2009v1.4, 2009v1.7"
"/Return/ReturnData/IRS990/TheBooksAreInCareOf/AddressUS/AddressLine2",459,459,"2009v1.0, 2009v1.2, 2009v1.3, 2009v1.7"
"/Return/ReturnData/IRS990ScheduleC/Form4720Filed",458,458,"2009v1.2, 2009v1.3, 2009v1.4, 2009v1.7"
"/Return/ReturnData/IRS990ScheduleH/UnreimbursedCosts",456,456,"2009v1.2, 2009v1.3, 2009v1.4, 2009v1.7"
"/Return/ReturnData/IRS990ScheduleN/DispositionTable",449,234,"2009v1.2, 2009v1.3, 2009v1.4, 2009v1.7"
"/Return/ReturnData/IRS990ScheduleH/Form990ScheduleHPartVI/GeneralExplanation",448,326,"2009v1.2, 2009v1.3, 2009v1.4, 2009v1.7"
"/Return/ReturnData/IRS990ScheduleN/DispositionTable/DescriptionOfAsset",448,234,"2009v1.2, 2009v1.3, 2009v1.4, 2009v1.7"
"/Return/ReturnData/IRS990ScheduleD/FinancialDerivatives/BookValue",446,446,"2009v1.2, 2009v1.3, 2009v1.4, 2009v1.7"
"/Return/ReturnData/IRS990ScheduleH/UnreimbursedCosts/TotalCommunityBenefitExpense",446,446,"2009v1.2, 2009v1.3, 2009v1.4, 2009v1.7"
"/Return/ReturnData/IRS990ScheduleN/DispositionTable/FMVOfAsset",443,229,"2009v1.2, 2009v1.3, 2009v1.4, 2009v1.7"
"/Return/ReturnData/IRS990ScheduleC/Form1120PolFiled",440,440,"2009v1.2, 2009v1.3, 2009v1.4, 2009v1.7"
"/Return/ReturnData/IRS990ScheduleM/CarsAndOtherVehicles/MethodOfDeterminingRevenues",440,440,"2009v1.0, 2009v1.2, 2009v1.3, 2009v1.4, 2009v1.7"
"/Return/ReturnData/IRS990ScheduleC/GrassrootsLobbyingExpenditures/CurrentYear",434,434,"2009v1.2, 2009v1.3, 2009v1.4, 2009v1.7"
"/Return/ReturnData/IRS990ScheduleN/DispositionTable/DateOfDistribution",430,220,"2009v1.2, 2009v1.3, 2009v1.4, 2009v1.7"
"/Return/ReturnData/IRS990ScheduleN",429,429,"2009v1.0, 2009v1.2, 2009v1.3, 2009v1.4, 2009v1.7"
"/Return/ReturnData/IRS990ScheduleH/CommunitySupport/PercentOfTotalExpense",427,427,"2009v1.2, 2009v1.3, 2009v1.4, 2009v1.7"
"/Return/ReturnData/IRS990ScheduleH/Research",427,427,"2009v1.2, 2009v1.3, 2009v1.4, 2009v1.7"
"/Return/ReturnData/IRS990ScheduleC/GrassrootsLobbyingExpenditures/CurrentYearMinus1",426,426,"2009v1.2, 2009v1.3, 2009v1.4, 2009v1.7"
"/Return/ReturnData/IRS990ScheduleH/TotalCommunityBenefits/NumberOfActivitiesOrPrograms",423,423,"2009v1.2, 2009v1.3, 2009v1.4, 2009v1.7"
"/Return/ReturnData/IRS990/TotalJointCosts",422,422,"2009v1.2, 2009v1.3, 2009v1.4, 2009v1.7"
"/Return/ReturnData/IRS990/TotalJointCosts/Total",420,420,"2009v1.2, 2009v1.3, 2009v1.4, 2009v1.7"
"/Return/ReturnData/IRS990ScheduleN/DispositionTable/MethodOfFMVDetermination",420,214,"2009v1.2, 2009v1.3, 2009v1.4, 2009v1.7"
"/Return/ReturnData/IRS990ScheduleH/CommunityHealthServices/PersonsServed",419,419,"2009v1.2, 2009v1.3, 2009v1.4, 2009v1.7"
"/Return/ReturnData/IRS990ScheduleH/Research/TotalCommunityBenefitExpense",418,418,"2009v1.2, 2009v1.3, 2009v1.4, 2009v1.7"
"/Return/ReturnData/IRS990ScheduleF/TotalNumberOf501c3Orgs",415,415,"2009v1.2, 2009v1.3, 2009v1.4, 2009v1.7"
"/Return/ReturnData/IRS990ScheduleH/Form990ScheduleHPartV/TeachingHospital",413,304,"2009v1.2, 2009v1.3, 2009v1.4, 2009v1.7"
"/Return/ReturnData/IRS990ScheduleC/DuesAssessments",412,412,"2009v1.2, 2009v1.3, 2009v1.4, 2009v1.7"
"/Return/ReturnData/IRS990ScheduleH/TotalOtherBenefits/NumberOfActivitiesOrPrograms",407,407,"2009v1.2, 2009v1.3, 2009v1.4, 2009v1.7"
"/Return/ReturnData/IRS990ScheduleD/NumberDAFsHeld",406,406,"2009v1.2, 2009v1.3, 2009v1.4, 2009v1.7"
"/Return/ReturnData/IRS990ScheduleH/UnreimbursedCosts/PercentOfTotalExpense",405,405,"2009v1.2, 2009v1.3, 2009v1.4, 2009v1.7"
"/Return/ReturnData/IRS990ScheduleH/UnreimbursedCosts/NetCommunityBenefitExpense",404,404,"2009v1.2, 2009v1.3, 2009v1.4, 2009v1.7"
"/Return/ReturnData/IRS990/TotalJointCosts/ProgramServices",403,403,"2009v1.2, 2009v1.3, 2009v1.4, 2009v1.7"
"/Return/ReturnData/IRS990ScheduleH/Form990ScheduleHPartVI/NumberOfFacilityTypeExpln",403,403,"2009v1.2, 2009v1.3, 2009v1.4, 2009v1.7"
"/Return/ReturnData/IRS990ScheduleN/DispositionTable/IRCSection",403,210,"2009v1.2, 2009v1.3, 2009v1.4, 2009v1.7"
"/Return/ReturnData/IRS990ScheduleR/Form990ScheduleRPartII/LegalDomicileForeignCountry",402,172,"2009v1.2, 2009v1.3, 2009v1.4, 2009v1.7"
"/Return/ReturnData/IRS990/TotalJointCosts/Fundraising",401,401,"2009v1.2, 2009v1.3, 2009v1.4, 2009v1.7"
"/Return/ReturnData/IRS990ScheduleH/WorkforceDevelopment",400,400,"2009v1.2, 2009v1.3, 2009v1.4, 2009v1.7"
"/Return/ReturnData/IRS990ScheduleN/DispositionTable/AddressUS",400,211,"2009v1.2, 2009v1.3, 2009v1.4, 2009v1.7"
"/Return/ReturnData/IRS990ScheduleN/DispositionTable/AddressUS/AddressLine1",400,211,"2009v1.2, 2009v1.3, 2009v1.4, 2009v1.7"
"/Return/ReturnData/IRS990ScheduleN/DispositionTable/AddressUS/City",400,211,"2009v1.2, 2009v1.3, 2009v1.4, 2009v1.7"
"/Return/ReturnData/IRS990ScheduleN/DispositionTable/AddressUS/State",400,211,"2009v1.2, 2009v1.3, 2009v1.4, 2009v1.7"
"/Return/ReturnData/IRS990ScheduleN/DispositionTable/AddressUS/ZIPCode",400,211,"2009v1.2, 2009v1.3, 2009v1.4, 2009v1.7"
"/Return/ReturnData/IRS990ScheduleD/AggregateDAFValue",396,396,"2009v1.2, 2009v1.3, 2009v1.4, 2009v1.7"
"/Return/ReturnData/IRS990ScheduleH/WorkforceDevelopment/TotalCommunityBuildingExpense",396,396,"2009v1.2, 2009v1.3, 2009v1.4, 2009v1.7"
"/Return/ReturnData/IRS990/MethodOfAccountingOther",394,394,"2009v1.0, 2009v1.2, 2009v1.3, 2009v1.4, 2009v1.7"
"/Return/ReturnData/IRS990ScheduleH/UnreimbursedCosts/DirectOffsettingRevenue",392,392,"2009v1.2, 2009v1.3, 2009v1.4, 2009v1.7"
"/Return/ReturnData/IRS990ScheduleN/LiquidationTable/LiquidationDetail",392,183,"2009v1.0, 2009v1.2, 2009v1.3, 2009v1.4, 2009v1.7"
"/Return/ReturnData/IRS990ScheduleC/NonDedLobbyPoliticalTotal",391,391,"2009v1.2, 2009v1.3, 2009v1.4, 2009v1.7"
"/Return/ReturnData/IRS990ScheduleG/GamingInformation/VolunteerLaborPrcntOtherGaming",391,391,"2009v1.0, 2009v1.1, 2009v1.2, 2009v1.3, 2009v1.4, 2009v1.7"
"/Return/ReturnData/IRS990ScheduleN/LiquidationTable/LiquidationDetail/DescriptionOfAsset",391,183,"2009v1.0, 2009v1.2, 2009v1.3, 2009v1.4, 2009v1.7"
"/Return/ReturnData/IRS990/ContractorCompensation/AddressOfContractor/AddressUS/AddressLine2",390,266,"2009v1.0, 2009v1.2, 2009v1.3, 2009v1.7"
"/Return/ReturnData/IRS990/AmendedReturn",389,389,"2009v1.2, 2009v1.3, 2009v1.4, 2009v1.7"
"/Return/ReturnData/IRS990ScheduleL/LoanTable/NameBusiness",387,234,"2009v1.2, 2009v1.3, 2009v1.4, 2009v1.7"
"/Return/ReturnData/IRS990ScheduleL/LoanTable/NameBusiness/BusinessNameLine1",387,234,"2009v1.2, 2009v1.3, 2009v1.4, 2009v1.7"
"/Return/ReturnData/IRS990/AddressPrincipalOfficerUS/AddressLine2",386,386,"2009v1.2, 2009v1.3, 2009v1.4, 2009v1.7"
"/Return/ReturnData/IRS990ScheduleA/CollegeSupportOrg170b1Aiv",386,386,"2009v1.0, 2009v1.2, 2009v1.3, 2009v1.4, 2009v1.7"
"/Return/ReturnData/IRS990ScheduleJ/PersonalServices",386,386,"2009v1.2, 2009v1.3, 2009v1.4, 2009v1.7"
"/Return/ReturnData/IRS990ScheduleD/ArtPublicExhibitionAmts/RevenuesIncluded",385,385,"2009v1.2, 2009v1.3, 2009v1.4, 2009v1.7"
"/Return/ReturnData/IRS990ScheduleG/GamingInformation/GrossRevenueBingo",385,385,"2009v1.1, 2009v1.2, 2009v1.3, 2009v1.4, 2009v1.7"
"/Return/ReturnData/IRS990ScheduleC/NonDedLobbyPoliticalCurrent",384,384,"2009v1.2, 2009v1.3, 2009v1.4, 2009v1.7"
"/Return/ReturnData/IRS990ScheduleH/WorkforceDevelopment/NetCommunityBuildingExpense",383,383,"2009v1.2, 2009v1.3, 2009v1.4, 2009v1.7"
"/Return/ReturnData/IRS990ScheduleH/CashAndInKindContributions/DirectOffsettingRevenue",381,381,"2009v1.2, 2009v1.3, 2009v1.4, 2009v1.7"
"/Return/ReturnData/IRS990/TotalJointCosts/ManagementAndGeneral",380,380,"2009v1.2, 2009v1.3, 2009v1.4, 2009v1.7"
"/Return/ReturnData/IRS990ScheduleK/Form990ScheduleKPartIV/TermOfGIC",379,259,"2009v1.2, 2009v1.3, 2009v1.4, 2009v1.7"
"/Return/ReturnData/IRS990ScheduleG/GamingInformation/GrossRevenuePullTabs",375,375,"2009v1.1, 2009v1.2, 2009v1.3, 2009v1.4, 2009v1.7"
"/Return/ReturnData/IRS990ScheduleN/DispositionTable/EIN",372,196,"2009v1.2, 2009v1.3, 2009v1.4, 2009v1.7"
"/Return/ReturnData/IRS990ScheduleN/LiquidationTable/LiquidationDetail/DateOfDistribution",371,170,"2009v1.0, 2009v1.2, 2009v1.3, 2009v1.4, 2009v1.7"
"/Return/ReturnData/IRS990ScheduleG/GamingInformation/CashPrizesOtherGaming",369,369,"2009v1.0, 2009v1.1, 2009v1.2, 2009v1.3, 2009v1.4, 2009v1.7"
"/Return/ReturnData/IRS990ScheduleD/CollectUsedForLoanOrExchPrgrms",365,365,"2009v1.2, 2009v1.3, 2009v1.4, 2009v1.7"
"/Return/ReturnData/IRS990ScheduleH/HealthImprovementAdvocacy",365,365,"2009v1.2, 2009v1.3, 2009v1.4, 2009v1.7"
"/Return/ReturnData/IRS990ScheduleJ/DiscretionarySpendingAccount",364,364,"2009v1.0, 2009v1.2, 2009v1.3, 2009v1.4, 2009v1.7"
"/Return/ReturnData/IRS990EZ/TheBooksAreInCareOf/AddressUS/AddressLine2",363,363,"2009v1.0, 2009v1.2, 2009v1.3, 2009v1.4, 2009v1.7"
"/Return/ReturnData/IRS990ScheduleC/GrassrootsLobbyingExpenditures/CurrentYearMinus2",363,363,"2009v1.2, 2009v1.3, 2009v1.4, 2009v1.7"
"/Return/ReturnData/IRS990ScheduleN/LiquidationTable/LiquidationDetail/AddressUS",363,164,"2009v1.0, 2009v1.2, 2009v1.3, 2009v1.4, 2009v1.7"
"/Return/ReturnData/IRS990ScheduleN/LiquidationTable/LiquidationDetail/AddressUS/AddressLine1",363,164,"2009v1.0, 2009v1.2, 2009v1.3, 2009v1.4, 2009v1.7"
"/Return/ReturnData/IRS990ScheduleN/LiquidationTable/LiquidationDetail/AddressUS/City",363,164,"2009v1.0, 2009v1.2, 2009v1.3, 2009v1.4, 2009v1.7"
"/Return/ReturnData/IRS990ScheduleN/LiquidationTable/LiquidationDetail/AddressUS/State",363,164,"2009v1.0, 2009v1.2, 2009v1.3, 2009v1.4, 2009v1.7"
"/Return/ReturnData/IRS990ScheduleN/LiquidationTable/LiquidationDetail/AddressUS/ZIPCode",363,164,"2009v1.0, 2009v1.2, 2009v1.3, 2009v1.4, 2009v1.7"
"/Return/ReturnData/IRS990ScheduleH/Research/NetCommunityBenefitExpense",362,362,"2009v1.2, 2009v1.3, 2009v1.4, 2009v1.7"
"/Return/ReturnData/IRS990ScheduleM/DrugsAndMedicalSupplies/NonCashCheckbox",362,362,"2009v1.2, 2009v1.3, 2009v1.4, 2009v1.7"
"/Return/ReturnData/IRS990ScheduleN/LiquidationTable/LiquidationDetail/FMVOfAsset",362,165,"2009v1.0, 2009v1.2, 2009v1.3, 2009v1.4, 2009v1.7"
"/Return/ReturnData/IRS990ScheduleM/DrugsAndMedicalSupplies/NoncashContribsRptdF990",361,361,"2009v1.2, 2009v1.3, 2009v1.4, 2009v1.7"
"/Return/ReturnData/IRS990ScheduleH/Research/PercentOfTotalExpense",360,360,"2009v1.2, 2009v1.3, 2009v1.4, 2009v1.7"
"/Return/ReturnData/IRS990EZ/InitialReturn",359,359,"2009v1.0, 2009v1.1, 2009v1.2, 2009v1.3, 2009v1.4, 2009v1.7"
"/Return/ReturnData/IRS990ScheduleH/HealthImprovementAdvocacy/TotalCommunityBuildingExpense",357,357,"2009v1.2, 2009v1.3, 2009v1.4, 2009v1.7"
"/Return/ReturnData/AffiliatedGroupSchedule/AffiliatedSchedule",355,58,"2009v1.4, 2009v1.7"
"/Return/ReturnData/AffiliatedGroupSchedule/AffiliatedSchedule/AddressUS",355,58,"2009v1.4, 2009v1.7"
"/Return/ReturnData/AffiliatedGroupSchedule/AffiliatedSchedule/AddressUS/AddressLine1",355,58,"2009v1.4, 2009v1.7"
"/Return/ReturnData/AffiliatedGroupSchedule/AffiliatedSchedule/AddressUS/City",355,58,"2009v1.4, 2009v1.7"
"/Return/ReturnData/AffiliatedGroupSchedule/AffiliatedSchedule/AddressUS/State",355,58,"2009v1.4, 2009v1.7"
"/Return/ReturnData/AffiliatedGroupSchedule/AffiliatedSchedule/AddressUS/ZIPCode",355,58,"2009v1.4, 2009v1.7"
"/Return/ReturnData/AffiliatedGroupSchedule/AffiliatedSchedule/BusinessName",355,58,"2009v1.4, 2009v1.7"
"/Return/ReturnData/AffiliatedGroupSchedule/AffiliatedSchedule/BusinessName/BusinessNameLine1",355,58,"2009v1.4, 2009v1.7"
"/Return/ReturnData/AffiliatedGroupSchedule/AffiliatedSchedule/EIN",355,58,"2009v1.4, 2009v1.7"
"/Return/ReturnData/AffiliatedGroupSchedule/AffiliatedSchedule/GrassrootsNontaxableAmount",355,58,"2009v1.4, 2009v1.7"
"/Return/ReturnData/AffiliatedGroupSchedule/AffiliatedSchedule/LobbyingNontaxableAmount",355,58,"2009v1.4, 2009v1.7"
"/Return/ReturnData/AffiliatedGroupSchedule/AffiliatedSchedule/OtherExemptPurposeExpenditures",355,58,"2009v1.4, 2009v1.7"
"/Return/ReturnData/AffiliatedGroupSchedule/AffiliatedSchedule/ShareOfExcessLobbyingExpendtrs",355,58,"2009v1.4, 2009v1.7"
"/Return/ReturnData/AffiliatedGroupSchedule/AffiliatedSchedule/TotLobbyExpendMnsLobbyingNontx",355,58,"2009v1.4, 2009v1.7"
"/Return/ReturnData/AffiliatedGroupSchedule/AffiliatedSchedule/TotLobbyingGrassrootMinusNontx",355,58,"2009v1.4, 2009v1.7"
"/Return/ReturnData/AffiliatedGroupSchedule/AffiliatedSchedule/TotalDirectLobbying",355,58,"2009v1.4, 2009v1.7"
"/Return/ReturnData/AffiliatedGroupSchedule/AffiliatedSchedule/TotalExemptPurposeExpenditures",355,58,"2009v1.4, 2009v1.7"
"/Return/ReturnData/AffiliatedGroupSchedule/AffiliatedSchedule/TotalGrassrootsLobbying",355,58,"2009v1.4, 2009v1.7"
"/Return/ReturnData/AffiliatedGroupSchedule/AffiliatedSchedule/TotalLobbyingExpenditures",355,58,"2009v1.4, 2009v1.7"
"/Return/ReturnData/IRS990ScheduleN/LiquidationTable/LiquidationDetail/IRCSection",353,159,"2009v1.0, 2009v1.2, 2009v1.3, 2009v1.4, 2009v1.7"
"/Return/ReturnData/IRS990ScheduleH/CoalitionBuilding",352,352,"2009v1.2, 2009v1.3, 2009v1.4, 2009v1.7"
"/Return/ReturnData/IRS990ScheduleH/Total/NumberOfActivitiesOrPrograms",352,352,"2009v1.2, 2009v1.3, 2009v1.4, 2009v1.7"
"/Return/ReturnData/IRS990ScheduleD/DonorAdvisedContributions",349,349,"2009v1.2, 2009v1.3, 2009v1.4, 2009v1.7"
"/Return/ReturnData/IRS990ScheduleF/TotalNumberOfOtherOrgs",349,349,"2009v1.2, 2009v1.3, 2009v1.4, 2009v1.7"
"/Return/ReturnData/IRS990EZ/ProgramServiceAccomplishment/IncludesForeignGrants",348,258,"2009v1.2, 2009v1.3, 2009v1.4, 2009v1.7"
"/Return/ReturnData/IRS990ScheduleC/GrassrootsLobbyingExpenditures/CurrentYearMinus3",348,348,"2009v1.2, 2009v1.3, 2009v1.4, 2009v1.7"
"/Return/ReturnData/IRS990ScheduleC/AggrAmtReportedInDuesNotices",347,347,"2009v1.2, 2009v1.3, 2009v1.4, 2009v1.7"
"/Return/ReturnData/IRS990ScheduleH/CoalitionBuilding/TotalCommunityBuildingExpense",346,346,"2009v1.2, 2009v1.3, 2009v1.4, 2009v1.7"
"/Return/ReturnData/IRS990ScheduleH/HealthImprovementAdvocacy/NetCommunityBuildingExpense",345,345,"2009v1.2, 2009v1.3, 2009v1.4, 2009v1.7"
"/Return/ReturnData/IRS990ScheduleH/TotalCharityCare/PersonsServed",345,345,"2009v1.2, 2009v1.3, 2009v1.4, 2009v1.7"
"/Return/ReturnData/IRS990ScheduleN/LiquidationTable/LiquidationDetail/EIN",343,150,"2009v1.0, 2009v1.2, 2009v1.3, 2009v1.4, 2009v1.7"
"/Return/ReturnData/IRS990ScheduleN/LiquidationTable/LiquidationDetail/MethodOfFMVDetermination",342,156,"2009v1.0, 2009v1.2, 2009v1.3, 2009v1.4, 2009v1.7"
"/Return/ReturnData/IRS990ScheduleH/WorkforceDevelopment/PercentOfTotalExpense",341,341,"2009v1.2, 2009v1.3, 2009v1.4, 2009v1.7"
"/Return/ReturnData/IRS990ScheduleM/DrugsAndMedicalSupplies/NumberOfContributions",341,341,"2009v1.2, 2009v1.3, 2009v1.4, 2009v1.7"
"/Return/ReturnData/IRS990ScheduleH/CommunityHealthServices/NumberOfActivitiesOrPrograms",339,339,"2009v1.2, 2009v1.3, 2009v1.4, 2009v1.7"
"/Return/ReturnData/IRS990/NameOfPrincipalOfficerBusiness",337,337,"2009v1.2, 2009v1.3, 2009v1.4, 2009v1.7"
"/Return/ReturnData/IRS990/NameOfPrincipalOfficerBusiness/BusinessNameLine1",337,337,"2009v1.2, 2009v1.3, 2009v1.4, 2009v1.7"
"/Return/ReturnData/IRS990ScheduleH/CostingMethodologyUsed/Other",337,337,"2009v1.2, 2009v1.3, 2009v1.4, 2009v1.7"
"/Return/ReturnData/IRS990ScheduleR/Form990ScheduleRPartII/AddressForeign",335,158,"2009v1.2, 2009v1.3, 2009v1.4, 2009v1.7"
"/Return/ReturnData/IRS990ScheduleR/Form990ScheduleRPartII/AddressForeign/AddressLine1",335,158,"2009v1.2, 2009v1.3, 2009v1.4, 2009v1.7"
"/Return/ReturnData/IRS990ScheduleR/Form990ScheduleRPartII/AddressForeign/Country",335,158,"2009v1.2, 2009v1.3, 2009v1.4, 2009v1.7"
"/Return/ReturnData/IRS990ScheduleD/GrantsPaidFromDonorFunds",334,334,"2009v1.2, 2009v1.3, 2009v1.4, 2009v1.7"
"/Return/ReturnData/IRS990ScheduleH/CoalitionBuilding/NetCommunityBuildingExpense",334,334,"2009v1.2, 2009v1.3, 2009v1.4, 2009v1.7"
"/Return/ReturnData/IRS990ScheduleH/Total/PersonsServed",333,333,"2009v1.2, 2009v1.3, 2009v1.4, 2009v1.7"
"/Return/ReturnData/IRS990ScheduleG/GamingManagerCompensation",328,328,"2009v1.0, 2009v1.1, 2009v1.2, 2009v1.3, 2009v1.4, 2009v1.7"
"/Return/ReturnData/IRS990ScheduleM/DrugsAndMedicalSupplies/MethodOfDeterminingRevenues",325,325,"2009v1.2, 2009v1.3, 2009v1.4, 2009v1.7"
"/Return/ReturnData/IRS990ScheduleG/GamingInformation/OtherDirectExpensesBingo",322,322,"2009v1.1, 2009v1.2, 2009v1.3, 2009v1.4, 2009v1.7"
"/Return/ReturnData/IRS990ScheduleR/Form990ScheduleRPartII/AddressForeign/City",321,156,"2009v1.2, 2009v1.3, 2009v1.4, 2009v1.7"
"/Return/ReturnData/IRS990ScheduleR/Form990ScheduleRPartIV/AddressUS/AddressLine2",320,68,"2009v1.2, 2009v1.3, 2009v1.7"
"/Return/ReturnData/IRS990ScheduleC/PoliticalExpenditures",318,318,"2009v1.1, 2009v1.2, 2009v1.3, 2009v1.4, 2009v1.7"
"/Return/ReturnData/IRS990ScheduleH/HealthProfessionsEducation/PersonsServed",318,318,"2009v1.2, 2009v1.3, 2009v1.4, 2009v1.7"
"/Return/ReturnData/IRS990ScheduleD/BeginningBalance",314,314,"2009v1.0, 2009v1.1, 2009v1.2, 2009v1.3, 2009v1.4, 2009v1.7"
"/Return/ReturnData/IRS990/ContractorCompensation/AddressOfContractor/AddressForeign",313,196,"2009v1.2, 2009v1.3, 2009v1.4, 2009v1.7"
"/Return/ReturnData/IRS990/ContractorCompensation/AddressOfContractor/AddressForeign/AddressLine1",313,196,"2009v1.2, 2009v1.3, 2009v1.4, 2009v1.7"
"/Return/ReturnData/IRS990/ContractorCompensation/AddressOfContractor/AddressForeign/Country",313,196,"2009v1.2, 2009v1.3, 2009v1.4, 2009v1.7"
"/Return/ReturnData/IRS990ScheduleH/Pcent400",313,313,"2009v1.2, 2009v1.3, 2009v1.4, 2009v1.7"
"/Return/ReturnData/IRS990ScheduleH/Form990ScheduleHPartIV/OfficersEtcProfitOrOwnership",312,133,"2009v1.2, 2009v1.3, 2009v1.4, 2009v1.7"
"/Return/ReturnData/IRS990ScheduleH/HealthImprovementAdvocacy/PercentOfTotalExpense",310,310,"2009v1.2, 2009v1.3, 2009v1.4, 2009v1.7"
"/Return/ReturnData/IRS990EZ/LoansToFromOfficers",307,307,"2009v1.0, 2009v1.2, 2009v1.3, 2009v1.4, 2009v1.7"
"/Return/ReturnData/IRS990/ContractorCompensation/AddressOfContractor/AddressForeign/City",306,192,"2009v1.2, 2009v1.3, 2009v1.4, 2009v1.7"
"/Return/ReturnData/IRS990ScheduleG/GamingInformation/OtherDirectExpensesPullTabs",306,306,"2009v1.1, 2009v1.2, 2009v1.3, 2009v1.4, 2009v1.7"
"/Return/ReturnData/IRS990ScheduleD/EndingBalance",305,305,"2009v1.0, 2009v1.1, 2009v1.2, 2009v1.3, 2009v1.4, 2009v1.7"
"/Return/ReturnData/IRS990ScheduleR/Form990ScheduleRPartIV/NameOfRelatedOrg/BusinessNameLine2",305,65,"2009v1.2, 2009v1.3, 2009v1.7"
"/Return/ReturnData/IRS990ScheduleR/TransactionsRelatedOrgsTable/NameOfOtherOrganization/BusinessNameLine2",303,111,"2009v1.2, 2009v1.3, 2009v1.7"
"/Return/ReturnData/IRS990ScheduleG/GamingInformation/NonCashPrizesTotalGaming",294,294,"2009v1.0, 2009v1.2, 2009v1.3, 2009v1.4, 2009v1.7"
"/Return/ReturnData/IRS990ScheduleG/GamingInformation/RentFacilityCostsTotalGaming",294,294,"2009v1.1, 2009v1.2, 2009v1.3, 2009v1.4, 2009v1.7"
"/Return/ReturnData/IRS990ScheduleG/GamingInformation/CashPrizesPullTabs",292,292,"2009v1.1, 2009v1.2, 2009v1.3, 2009v1.4, 2009v1.7"
"/Return/ReturnData/IRS990ScheduleA/SupportingOrg509a3Type3Other",291,291,"2009v1.1, 2009v1.2, 2009v1.3, 2009v1.4, 2009v1.7"
"/Return/ReturnData/IRS990ScheduleH/Pcent200D",290,290,"2009v1.2, 2009v1.3, 2009v1.4, 2009v1.7"
"/Return/ReturnData/IRS990ScheduleH/Research/DirectOffsettingRevenue",290,290,"2009v1.2, 2009v1.3, 2009v1.4, 2009v1.7"
"/Return/ReturnData/IRS990ScheduleH/CoalitionBuilding/PercentOfTotalExpense",288,288,"2009v1.2, 2009v1.3, 2009v1.4, 2009v1.7"
"/Return/ReturnData/IRS990EZ/OfficerDirectorTrusteeKeyEmpl/BusinessName/BusinessNameLine2",287,29,"2009v1.2, 2009v1.3, 2009v1.7"
"/Return/ReturnData/IRS990ScheduleH/CharityCareAtCost/PersonsServed",285,285,"2009v1.2, 2009v1.3, 2009v1.4, 2009v1.7"
"/Return/ReturnData/IRS990ScheduleL/Form990ScheduleLPartIII/AmountOfGrant",285,159,"2009v1.2, 2009v1.3, 2009v1.4, 2009v1.7"
"/Return/ReturnData/IRS990ScheduleH/EconomicDevelopment",283,283,"2009v1.2, 2009v1.3, 2009v1.4, 2009v1.7"
"/Return/ReturnData/CompensationExplanation/Compensation/Explanation",279,106,"2009v1.2, 2009v1.3, 2009v1.4, 2009v1.7"
"/Return/ReturnData/IRS990ScheduleH/EconomicDevelopment/TotalCommunityBuildingExpense",278,278,"2009v1.2, 2009v1.3, 2009v1.4, 2009v1.7"
"/Return/ReturnData/IRS990ScheduleD/AdditionsDuringYear",277,277,"2009v1.2, 2009v1.3, 2009v1.4, 2009v1.7"
"/Return/ReturnData/IRS990ScheduleH/Pcent100",276,276,"2009v1.2, 2009v1.3, 2009v1.4, 2009v1.7"
"/Return/ReturnData/IRS990ScheduleD/CloselyHeldEquityInterests/MethodOfValuation",274,274,"2009v1.0, 2009v1.2, 2009v1.3, 2009v1.4, 2009v1.7"
"/Return/ReturnData/IRS990ScheduleN/Form990ScheduleNPartIII",274,184,"2009v1.0, 2009v1.2, 2009v1.3, 2009v1.4, 2009v1.7"
"/Return/ReturnData/IRS990ScheduleN/Form990ScheduleNPartIII/Explanation",274,184,"2009v1.0, 2009v1.2, 2009v1.3, 2009v1.4, 2009v1.7"
"/Return/ReturnData/IRS990ScheduleG/AmountDistributed",273,273,"2009v1.0, 2009v1.1, 2009v1.2, 2009v1.3, 2009v1.4, 2009v1.7"
"/Return/ReturnData/IRS990ScheduleG/GamingInformation/CashPrizesBingo",273,273,"2009v1.1, 2009v1.2, 2009v1.3, 2009v1.4, 2009v1.7"
"/Return/ReturnData/CompensationExplanation/Compensation/BusinessName/BusinessNameLine2",272,27,"2009v1.3, 2009v1.7"
"/Return/ReturnData/IRS990ScheduleH/CashAndInKindContributions/PersonsServed",271,271,"2009v1.2, 2009v1.3, 2009v1.4, 2009v1.7"
"/Return/ReturnData/IRS990ScheduleC/Sec527PolOrgs",268,122,"2009v1.2, 2009v1.3, 2009v1.4, 2009v1.7"
"/Return/ReturnData/IRS990ScheduleC/Sec527PolOrgs/AddressUS",268,122,"2009v1.2, 2009v1.3, 2009v1.4, 2009v1.7"
"/Return/ReturnData/IRS990ScheduleC/Sec527PolOrgs/AddressUS/AddressLine1",268,122,"2009v1.2, 2009v1.3, 2009v1.4, 2009v1.7"
"/Return/ReturnData/IRS990ScheduleC/Sec527PolOrgs/AddressUS/City",268,122,"2009v1.2, 2009v1.3, 2009v1.4, 2009v1.7"
"/Return/ReturnData/IRS990ScheduleC/Sec527PolOrgs/AddressUS/State",268,122,"2009v1.2, 2009v1.3, 2009v1.4, 2009v1.7"
"/Return/ReturnData/IRS990ScheduleC/Sec527PolOrgs/AddressUS/ZIPCode",268,122,"2009v1.2, 2009v1.3, 2009v1.4, 2009v1.7"
"/Return/ReturnData/IRS990ScheduleC/Sec527PolOrgs/NameOf527Organization",268,122,"2009v1.2, 2009v1.3, 2009v1.4, 2009v1.7"
"/Return/ReturnData/IRS990ScheduleC/Sec527PolOrgs/NameOf527Organization/BusinessNameLine1",268,122,"2009v1.2, 2009v1.3, 2009v1.4, 2009v1.7"
"/Return/ReturnData/IRS990ScheduleN/DispositionTable/NameBusiness",268,160,"2009v1.2, 2009v1.3, 2009v1.4, 2009v1.7"
"/Return/ReturnData/IRS990ScheduleN/DispositionTable/NameBusiness/BusinessNameLine1",268,160,"2009v1.2, 2009v1.3, 2009v1.4, 2009v1.7"
"/Return/ReturnData/IRS990ScheduleD/DistributionsDuringYear",266,266,"2009v1.2, 2009v1.3, 2009v1.4, 2009v1.7"
"/Return/ReturnData/IRS990ScheduleH/DiscountedOther",265,265,"2009v1.2, 2009v1.3, 2009v1.4, 2009v1.7"
"/Return/ReturnData/IRS990ScheduleH/DiscountedOther/Other",265,265,"2009v1.2, 2009v1.3, 2009v1.4, 2009v1.7"
"/Return/ReturnData/IRS990ScheduleH/CashAndInKindContributions/NumberOfActivitiesOrPrograms",264,264,"2009v1.2, 2009v1.3, 2009v1.4, 2009v1.7"
"/Return/ReturnData/IRS990ScheduleH/Pcent300",262,262,"2009v1.2, 2009v1.3, 2009v1.4, 2009v1.7"
"/Return/ReturnData/IRS990ScheduleH/EconomicDevelopment/NetCommunityBuildingExpense",261,261,"2009v1.2, 2009v1.3, 2009v1.4, 2009v1.7"
"/Return/ReturnData/AffiliateListing/Affiliate",260,21,"2009v1.2, 2009v1.3, 2009v1.4, 2009v1.7"
"/Return/ReturnData/AffiliateListing/Affiliate/AddressUS",260,21,"2009v1.2, 2009v1.3, 2009v1.4, 2009v1.7"
"/Return/ReturnData/AffiliateListing/Affiliate/AddressUS/AddressLine1",260,21,"2009v1.2, 2009v1.3, 2009v1.4, 2009v1.7"
"/Return/ReturnData/AffiliateListing/Affiliate/AddressUS/City",260,21,"2009v1.2, 2009v1.3, 2009v1.4, 2009v1.7"
"/Return/ReturnData/AffiliateListing/Affiliate/AddressUS/State",260,21,"2009v1.2, 2009v1.3, 2009v1.4, 2009v1.7"
"/Return/ReturnData/AffiliateListing/Affiliate/AddressUS/ZIPCode",260,21,"2009v1.2, 2009v1.3, 2009v1.4, 2009v1.7"
"/Return/ReturnData/AffiliateListing/Affiliate/EIN",260,21,"2009v1.2, 2009v1.3, 2009v1.4, 2009v1.7"
"/Return/ReturnData/AffiliateListing/Affiliate/Name",260,21,"2009v1.2, 2009v1.3, 2009v1.4, 2009v1.7"
"/Return/ReturnData/AffiliateListing/Affiliate/Name/BusinessNameLine1",260,21,"2009v1.2, 2009v1.3, 2009v1.4, 2009v1.7"
"/Return/ReturnData/AffiliateListing/Affiliate/NameControl",260,21,"2009v1.2, 2009v1.3, 2009v1.4, 2009v1.7"
"/Return/ReturnData/IRS990ScheduleG/GamingManagerIsDirectorOfficer",260,260,"2009v1.1, 2009v1.2, 2009v1.3, 2009v1.4, 2009v1.7"
"/Return/ReturnData/IRS990ScheduleH/HealthProfessionsEducation/NumberOfActivitiesOrPrograms",260,260,"2009v1.2, 2009v1.3, 2009v1.4, 2009v1.7"
"/Return/ReturnData/IRS990ScheduleH/Form990ScheduleHPartV/ErOther",256,71,"2009v1.2, 2009v1.3, 2009v1.4, 2009v1.7"
"/Return/ReturnData/IRS990ScheduleD/TotalNumberOfEasements",254,254,"2009v1.2, 2009v1.3, 2009v1.4, 2009v1.7"
"/Return/ReturnData/IRS990ScheduleH/OtherPercentage",253,253,"2009v1.2, 2009v1.3, 2009v1.4, 2009v1.7"
"/Return/ReturnData/IRS990ScheduleH/OtherPercentage/Other",253,253,"2009v1.2, 2009v1.3, 2009v1.4, 2009v1.7"
"/Return/ReturnData/IRS990ScheduleN/DirectorOfSuccessor2",253,253,"2009v1.2, 2009v1.3, 2009v1.4, 2009v1.7"
"/Return/ReturnData/IRS990ScheduleN/EmployeeOfSuccessor2",253,253,"2009v1.2, 2009v1.3, 2009v1.4, 2009v1.7"
"/Return/ReturnData/IRS990ScheduleN/OwnerOfSuccessor2",253,253,"2009v1.2, 2009v1.3, 2009v1.4, 2009v1.7"
"/Return/ReturnData/IRS990ScheduleN/ReceiveCompensation2",253,253,"2009v1.2, 2009v1.3, 2009v1.4, 2009v1.7"
"/Return/ReturnData/IRS990ScheduleM/RealEstateResidential/NonCashCheckbox",251,251,"2009v1.2, 2009v1.3, 2009v1.4, 2009v1.7"
"/Return/ReturnData/IRS990ScheduleD/NmbrStatesInWhichEasementsHeld",250,250,"2009v1.2, 2009v1.3, 2009v1.4, 2009v1.7"
"/Return/ReturnData/IRS990ScheduleM/RealEstateResidential/NoncashContribsRptdF990",250,250,"2009v1.0, 2009v1.2, 2009v1.3, 2009v1.4, 2009v1.7"
"/Return/ReturnData/IRS990ScheduleH/OtherPercentage/FreeOtherPercentage",249,249,"2009v1.2, 2009v1.3, 2009v1.4, 2009v1.7"
"/Return/ReturnData/IRS990ScheduleD/HeldWorksOfArtAmts/AssetsInPartX",248,248,"2009v1.0, 2009v1.2, 2009v1.3, 2009v1.4, 2009v1.7"
"/Return/ReturnData/IRS990ScheduleM/RealEstateResidential/NumberOfContributions",247,247,"2009v1.0, 2009v1.2, 2009v1.3, 2009v1.4, 2009v1.7"
"/Return/ReturnData/IRS990ScheduleC/TaxableAmount",246,246,"2009v1.2, 2009v1.3, 2009v1.4, 2009v1.7"
"/Return/ReturnData/IRS990ScheduleH/DiscountedOther/DiscountedOtherPercentage",246,246,"2009v1.2, 2009v1.3, 2009v1.4, 2009v1.7"
"/Return/ReturnData/IRS990ScheduleD/TotalAcreage",242,242,"2009v1.2, 2009v1.3, 2009v1.4, 2009v1.7"
"/Return/ReturnData/IRS990ScheduleG/GamingInformation/NonCashPrizesOtherGaming",238,238,"2009v1.0, 2009v1.2, 2009v1.3, 2009v1.4, 2009v1.7"
"/Return/ReturnData/IRS990ScheduleC/MailingsMembersAmount",236,236,"2009v1.2, 2009v1.3, 2009v1.4, 2009v1.7"
"/Return/ReturnData/IRS990ScheduleH/Total/DirectOffsettingRevenue",235,235,"2009v1.2, 2009v1.3, 2009v1.4, 2009v1.7"
"/Return/ReturnData/IRS990ScheduleH/UnreimbursedMedicaid/PersonsServed",231,231,"2009v1.2, 2009v1.3, 2009v1.4, 2009v1.7"
"/Return/ReturnData/IRS990ScheduleM/RealEstateResidential/MethodOfDeterminingRevenues",226,226,"2009v1.0, 2009v1.2, 2009v1.3, 2009v1.4, 2009v1.7"
"/Return/ReturnData/IRS990ScheduleH/LeadershipDevelopment",225,225,"2009v1.2, 2009v1.3, 2009v1.4, 2009v1.7"
"/Return/ReturnData/IRS990ScheduleG/NameOfGamingRecKeeperBus",224,224,"2009v1.2, 2009v1.3, 2009v1.4, 2009v1.7"
"/Return/ReturnData/IRS990ScheduleG/NameOfGamingRecKeeperBus/BusinessNameLine1",224,224,"2009v1.2, 2009v1.3, 2009v1.4, 2009v1.7"
"/Return/ReturnData/IRS990ScheduleM/Collectibles/NonCashCheckbox",224,224,"2009v1.0, 2009v1.2, 2009v1.3, 2009v1.4, 2009v1.7"
"/Return/ReturnData/IRS990ScheduleN/LiquidationTable",224,224,"2009v1.0, 2009v1.2, 2009v1.3, 2009v1.4, 2009v1.7"
"/Return/ReturnData/IRS990ScheduleM/Collectibles/NumberOfContributions",221,221,"2009v1.0, 2009v1.2, 2009v1.3, 2009v1.4, 2009v1.7"
"/Return/ReturnData/IRS990ScheduleD/StaffHoursSpentOnEnforcement",220,220,"2009v1.2, 2009v1.3, 2009v1.4, 2009v1.7"
"/Return/ReturnData/IRS990ScheduleG/GamingManagerIsEmployee",220,220,"2009v1.0, 2009v1.1, 2009v1.2, 2009v1.3, 2009v1.4, 2009v1.7"
"/Return/ReturnData/IRS990ScheduleH/LeadershipDevelopment/TotalCommunityBuildingExpense",220,220,"2009v1.2, 2009v1.3, 2009v1.4, 2009v1.7"
"/Return/ReturnData/IRS990ScheduleH/Form990ScheduleHPartV/ResearchFacility",216,134,"2009v1.2, 2009v1.3, 2009v1.4, 2009v1.7"
"/Return/ReturnData/IRS990ScheduleH/EconomicDevelopment/PercentOfTotalExpense",215,215,"2009v1.2, 2009v1.3, 2009v1.4, 2009v1.7"
"/Return/ReturnData/IRS990ScheduleH/Other",215,215,"2009v1.2, 2009v1.3, 2009v1.4, 2009v1.7"
"/Return/ReturnData/IRS990/InitialReturn",213,213,"2009v1.1, 2009v1.2, 2009v1.3, 2009v1.4, 2009v1.7"
"/Return/ReturnData/IRS990ScheduleM/Collectibles/NoncashContribsRptdF990",213,213,"2009v1.0, 2009v1.2, 2009v1.3, 2009v1.4, 2009v1.7"
"/Return/ReturnData/IRS990ScheduleD/HeldWorksOfArtAmts/RevenuesIncluded",211,211,"2009v1.2, 2009v1.3, 2009v1.4, 2009v1.7"
"/Return/ReturnData/IRS990EZ/TotNumCntrctPdOver100KProfSer",210,210,"2009v1.2, 2009v1.3, 2009v1.4, 2009v1.7"
"/Return/ReturnData/IRS990ScheduleH/Other/TotalCommunityBuildingExpense",210,210,"2009v1.2, 2009v1.3, 2009v1.4, 2009v1.7"
"/Return/ReturnData/IRS990ScheduleH/CommunitySupport/NumberOfActivitiesOrPrograms",209,209,"2009v1.2, 2009v1.3, 2009v1.4, 2009v1.7"
"/Return/ReturnData/IRS990ScheduleM/RealEstateOther/NonCashCheckbox",206,206,"2009v1.2, 2009v1.3, 2009v1.4, 2009v1.7"
"/Return/ReturnData/IRS990ScheduleN/AssetsDistributed",206,206,"2009v1.0, 2009v1.2, 2009v1.3, 2009v1.4, 2009v1.7"
"/Return/ReturnData/IRS990ScheduleN/LiabilitiesPaid",206,206,"2009v1.0, 2009v1.2, 2009v1.3, 2009v1.4, 2009v1.7"
"/Return/ReturnData/IRS990ScheduleN/RequiredToNotifyAG",206,206,"2009v1.0, 2009v1.2, 2009v1.3, 2009v1.4, 2009v1.7"
"/Return/ReturnData/IRS990ScheduleN/BondsOutstanding",205,205,"2009v1.0, 2009v1.2, 2009v1.3, 2009v1.4, 2009v1.7"
"/Return/ReturnData/IRS990ScheduleH/PhysicalImprovementsAndHousing",204,204,"2009v1.2, 2009v1.3, 2009v1.4, 2009v1.7"
"/Return/ReturnData/IRS990ScheduleN/EmployeeOfSuccessor",204,204,"2009v1.0, 2009v1.2, 2009v1.3, 2009v1.4, 2009v1.7"
"/Return/ReturnData/IRS990ScheduleN/OwnerOfSuccessor",204,204,"2009v1.0, 2009v1.2, 2009v1.3, 2009v1.4, 2009v1.7"
"/Return/ReturnData/IRS990ScheduleN/ReceiveCompensation",204,204,"2009v1.0, 2009v1.2, 2009v1.3, 2009v1.4, 2009v1.7"
"/Return/ReturnData/IRS990ScheduleR/Form990ScheduleRPartIV/DirectControllingEntityName/BusinessNameLine2",204,25,"2009v1.2, 2009v1.3, 2009v1.7"
"/Return/ReturnData/IRS990ScheduleN/DeterminationLetter",203,203,"2009v1.0, 2009v1.2, 2009v1.3, 2009v1.4, 2009v1.7"
"/Return/ReturnData/IRS990ScheduleN/DirectorOfSuccessor",203,203,"2009v1.0, 2009v1.2, 2009v1.3, 2009v1.4, 2009v1.7"
"/Return/ReturnData/IRS990ScheduleM/RealEstateOther/NoncashContribsRptdF990",202,202,"2009v1.2, 2009v1.3, 2009v1.4, 2009v1.7"
"/Return/ReturnData/IRS990ScheduleM/RealEstateOther/NumberOfContributions",202,202,"2009v1.2, 2009v1.3, 2009v1.4, 2009v1.7"
"/Return/ReturnData/IRS990ScheduleH/PhysicalImprovementsAndHousing/TotalCommunityBuildingExpense",201,201,"2009v1.2, 2009v1.3, 2009v1.4, 2009v1.7"
"/Return/ReturnData/IRS990ScheduleH/SubsidizedHealthServices/PersonsServed",201,201,"2009v1.2, 2009v1.3, 2009v1.4, 2009v1.7"
"/Return/ReturnData/IRS990ScheduleG/GamingInformation/VolunteerLaborPercentageBingo",198,198,"2009v1.1, 2009v1.2, 2009v1.3, 2009v1.4, 2009v1.7"
"/Return/ReturnData/IRS990ScheduleH/LeadershipDevelopment/NetCommunityBuildingExpense",198,198,"2009v1.2, 2009v1.3, 2009v1.4, 2009v1.7"
"/Return/ReturnData/IRS990ScheduleM/Collectibles/MethodOfDeterminingRevenues",196,196,"2009v1.0, 2009v1.2, 2009v1.3, 2009v1.4, 2009v1.7"
"/Return/ReturnData/IRS990EZ/OfficerDirectorTrusteeKeyEmpl/AddressForeign",195,94,"2009v1.2, 2009v1.3, 2009v1.4, 2009v1.7"
"/Return/ReturnData/IRS990EZ/OfficerDirectorTrusteeKeyEmpl/AddressForeign/AddressLine1",195,94,"2009v1.2, 2009v1.3, 2009v1.4, 2009v1.7"
"/Return/ReturnData/IRS990EZ/OfficerDirectorTrusteeKeyEmpl/AddressForeign/Country",195,94,"2009v1.2, 2009v1.3, 2009v1.4, 2009v1.7"
"/Return/ReturnData/IRS990EZ/MethodOfAccountingOther",194,194,"2009v1.2, 2009v1.3, 2009v1.4, 2009v1.7"
"/Return/ReturnData/IRS990ScheduleD/ExpensesIncurredForEnforcement",194,194,"2009v1.2, 2009v1.3, 2009v1.4, 2009v1.7"
"/Return/ReturnData/IRS990ScheduleC/Sec527PolOrgs/EIN",192,107,"2009v1.2, 2009v1.3, 2009v1.4, 2009v1.7"
"/Return/ReturnData/IRS990/TerminationOrContraction",191,191,"2009v1.2, 2009v1.3, 2009v1.4, 2009v1.7"
"/Return/ReturnData/IRS990ScheduleC/Sec527PolOrgs/AmtPdFromInternalFunds",190,71,"2009v1.4, 2009v1.7"
"/Return/ReturnData/IRS990ScheduleH/CommunitySupport/PersonsServed",190,190,"2009v1.2, 2009v1.3, 2009v1.4, 2009v1.7"
"/Return/ReturnData/IRS990ScheduleA/PrivateFoundation170",189,189,"2009v1.1, 2009v1.2, 2009v1.3, 2009v1.4, 2009v1.7"
"/Return/ReturnData/IRS990ScheduleM/RealEstateCommercial/NoncashContribsRptdF990",189,189,"2009v1.2, 2009v1.3, 2009v1.4, 2009v1.7"
"/Return/ReturnHeader/PreparerFirm/PreparerFirmUSAddress/AddressLine2",189,189,"2009v1.2, 2009v1.3"
"/Return/ReturnData/IRS990ScheduleC/VolunteerHours",188,188,"2009v1.2, 2009v1.3, 2009v1.4, 2009v1.7"
"/Return/ReturnData/IRS990ScheduleH/SubsidizedHealthServices/NumberOfActivitiesOrPrograms",188,188,"2009v1.2, 2009v1.3, 2009v1.4, 2009v1.7"
"/Return/ReturnData/IRS990ScheduleM/RealEstateCommercial/NonCashCheckbox",187,187,"2009v1.2, 2009v1.3, 2009v1.4, 2009v1.7"
"/Return/ReturnData/IRS990ScheduleH/Pcent150",185,185,"2009v1.2, 2009v1.3, 2009v1.4, 2009v1.7"
"/Return/ReturnData/IRS990ScheduleH/Other/NetCommunityBuildingExpense",183,183,"2009v1.2, 2009v1.3, 2009v1.4, 2009v1.7"
"/Return/ReturnData/IRS990ScheduleK/Form990ScheduleKPartIV/NameOfHedgeProvider/BusinessNameLine2",183,109,"2009v1.2, 2009v1.3, 2009v1.4, 2009v1.7"
"/Return/ReturnData/IRS990ScheduleM/RealEstateCommercial/NumberOfContributions",183,183,"2009v1.2, 2009v1.3, 2009v1.4, 2009v1.7"
"/Return/ReturnData/IRS990/ContractorCompensation/AddressOfContractor/AddressForeign/PostalCode",181,125,"2009v1.2, 2009v1.3, 2009v1.4, 2009v1.7"
"/Return/ReturnData/IRS990ScheduleD/ProtectionOfNaturalHabitat",181,181,"2009v1.2, 2009v1.3, 2009v1.4, 2009v1.7"
"/Return/ReturnData/IRS990ScheduleA/Church170b1Ai",180,180,"2009v1.0, 2009v1.2, 2009v1.3, 2009v1.4, 2009v1.7"
"/Return/ReturnData/IRS990ScheduleK/Form990ScheduleKPartI/IssuerName/BusinessNameLine2",179,91,"2009v1.2, 2009v1.3, 2009v1.7"
"/Return/ReturnData/IRS990ScheduleR/Form990ScheduleRPartII/AddressForeign/PostalCode",179,102,"2009v1.2, 2009v1.3, 2009v1.4, 2009v1.7"
"/Return/ReturnData/IRS990EZ/OfficerDirectorTrusteeKeyEmpl/AddressForeign/City",177,87,"2009v1.2, 2009v1.3, 2009v1.4, 2009v1.7"
"/Return/ReturnData/IRS990EZ/TotNumberOfOthEmplPaidOver100k",177,177,"2009v1.2, 2009v1.3, 2009v1.4, 2009v1.7"
"/Return/ReturnData/IRS990ScheduleD/NumberFundsHeld",177,177,"2009v1.2, 2009v1.3, 2009v1.4, 2009v1.7"
"/Return/ReturnData/IRS990ScheduleH/PhysicalImprovementsAndHousing/NetCommunityBuildingExpense",177,177,"2009v1.2, 2009v1.3, 2009v1.4, 2009v1.7"
"/Return/ReturnData/IRS990ScheduleF/NoRecipientOver5K",174,174,"2009v1.2, 2009v1.3, 2009v1.4, 2009v1.7"
"/Return/ReturnData/IRS990ScheduleD/AggregateFundValue",171,171,"2009v1.2, 2009v1.3, 2009v1.4, 2009v1.7"
"/Return/ReturnData/IRS990ScheduleN/LiquidationTable/LiquidationDetail/NameBusiness",171,86,"2009v1.2, 2009v1.3, 2009v1.4, 2009v1.7"
"/Return/ReturnData/IRS990ScheduleN/LiquidationTable/LiquidationDetail/NameBusiness/BusinessNameLine1",171,86,"2009v1.2, 2009v1.3, 2009v1.4, 2009v1.7"
"/Return/ReturnData/IRS990/ContractorCompensation/AddressOfContractor/AddressForeign/ProvinceOrState",170,117,"2009v1.2, 2009v1.3, 2009v1.4, 2009v1.7"
"/Return/ReturnData/IRS990ScheduleH/CommunitySupport/DirectOffsettingRevenue",170,170,"2009v1.2, 2009v1.3, 2009v1.4, 2009v1.7"
"/Return/ReturnData/IRS990ScheduleN/BondLiabilitiesDischarged",170,170,"2009v1.0, 2009v1.2, 2009v1.3, 2009v1.4, 2009v1.7"
"/Return/ReturnData/IRS990ScheduleD/ContribToFundsAndOtherAccounts",169,169,"2009v1.2, 2009v1.3, 2009v1.4, 2009v1.7"
"/Return/ReturnData/IRS990ScheduleH/Other/PercentOfTotalExpense",169,169,"2009v1.2, 2009v1.3, 2009v1.4, 2009v1.7"
"/Return/ReturnData/IRS990ScheduleM/RealEstateOther/MethodOfDeterminingRevenues",169,169,"2009v1.2, 2009v1.3, 2009v1.4, 2009v1.7"
"/Return/ReturnData/IRS990ScheduleH/LeadershipDevelopment/PercentOfTotalExpense",168,168,"2009v1.2, 2009v1.3, 2009v1.4, 2009v1.7"
"/Return/ReturnData/IRS990ScheduleA/TenPercentTestCurrentYear",167,167,"2009v1.2, 2009v1.3, 2009v1.4, 2009v1.7"
"/Return/ReturnData/IRS990ScheduleC/OrgBelongsToAffiliatedGroup",167,167,"2009v1.2, 2009v1.3, 2009v1.4, 2009v1.7"
"/Return/ReturnData/IRS990ScheduleD/NmbrHistStructEasements",166,166,"2009v1.2, 2009v1.3, 2009v1.4, 2009v1.7"
"/Return/ReturnData/IRS990ScheduleG/ExplanationIfNo",166,166,"2009v1.0, 2009v1.1, 2009v1.2, 2009v1.3, 2009v1.4, 2009v1.7"
"/Return/ReturnData/IRS990ScheduleD/FinancialDerivatives/MethodOfValuation",165,165,"2009v1.2, 2009v1.3, 2009v1.4, 2009v1.7"
"/Return/ReturnData/IRS990ScheduleA/PrivateFoundation509",163,163,"2009v1.1, 2009v1.2, 2009v1.3, 2009v1.4, 2009v1.7"
"/Return/ReturnData/IRS990ScheduleC/RalliesDemonstrationsAmount",163,163,"2009v1.2, 2009v1.3, 2009v1.4, 2009v1.7"
"/Return/ReturnData/IRS990ScheduleH/EnvironmentalImprovements",160,160,"2009v1.2, 2009v1.3, 2009v1.4, 2009v1.7"
"/Return/ReturnData/IRS990ScheduleN/DispositionTable/NamePerson",160,61,"2009v1.2, 2009v1.3, 2009v1.7"
"/Return/ReturnData/IRS990ScheduleN/LiquidationTable/LiquidationDetail/NamePerson",159,64,"2009v1.0, 2009v1.2, 2009v1.3, 2009v1.4, 2009v1.7"
"/Return/ReturnData/IRS990ScheduleM/RealEstateCommercial/MethodOfDeterminingRevenues",158,158,"2009v1.2, 2009v1.3, 2009v1.4, 2009v1.7"
"/Return/ReturnData/IRS990ScheduleH/EnvironmentalImprovements/TotalCommunityBuildingExpense",157,157,"2009v1.2, 2009v1.3, 2009v1.4, 2009v1.7"
"/Return/ReturnData/IRS990ScheduleH/PhysicalImprovementsAndHousing/PercentOfTotalExpense",157,157,"2009v1.2, 2009v1.3, 2009v1.4, 2009v1.7"
"/Return/ReturnData/IRS990ScheduleC/GrassrootsNontaxableAmount/AffiliatedGroupTotals",156,156,"2009v1.3, 2009v1.4, 2009v1.7"
"/Return/ReturnData/IRS990ScheduleC/LobbyingNontaxableAmount/AffiliatedGroupTotals",156,156,"2009v1.3, 2009v1.4, 2009v1.7"
"/Return/ReturnData/IRS990ScheduleC/TotalExemptPurposeExpenditures/AffiliatedGroupTotals",156,156,"2009v1.3, 2009v1.4, 2009v1.7"
"/Return/ReturnData/IRS990ScheduleH/CoalitionBuilding/NumberOfActivitiesOrPrograms",156,156,"2009v1.2, 2009v1.3, 2009v1.4, 2009v1.7"
"/Return/ReturnData/IRS990ScheduleH/WorkforceDevelopment/NumberOfActivitiesOrPrograms",155,155,"2009v1.2, 2009v1.3, 2009v1.4, 2009v1.7"
"/Return/ReturnData/IRS990ScheduleC/NonDedLobbyPoliticalCarryover",153,153,"2009v1.2, 2009v1.3, 2009v1.4, 2009v1.7"
"/Return/ReturnData/IRS990ScheduleC/TotalLobbyingExpenditures/AffiliatedGroupTotals",153,153,"2009v1.3, 2009v1.4, 2009v1.7"
"/Return/ReturnData/IRS990ScheduleG/GamingInformation/RentFacilityCostsBingo",153,153,"2009v1.1, 2009v1.2, 2009v1.3, 2009v1.4, 2009v1.7"
"/Return/ReturnData/IRS990ScheduleH/TotalCharityCare/NumberOfActivitiesOrPrograms",152,152,"2009v1.2, 2009v1.3, 2009v1.4, 2009v1.7"
"/Return/ReturnData/IRS990ScheduleD/NmbrHistStructEasementsAfter",151,151,"2009v1.2, 2009v1.3, 2009v1.4, 2009v1.7"
"/Return/ReturnData/IRS990ScheduleC/OtherExemptPurposeExpenditures/AffiliatedGroupTotals",150,150,"2009v1.3, 2009v1.4, 2009v1.7"
"/Return/ReturnData/IRS990ScheduleD/GrantsFundsAndOtherAccounts",150,150,"2009v1.2, 2009v1.3, 2009v1.4, 2009v1.7"
"/Return/ReturnData/IRS990ScheduleD/NmbrEasementsModified",148,148,"2009v1.2, 2009v1.3, 2009v1.4, 2009v1.7"
"/Return/ReturnData/IRS990ScheduleH/Form990ScheduleHPartV/ChildrensHospital",147,123,"2009v1.2, 2009v1.3, 2009v1.4, 2009v1.7"
"/Return/ReturnData/IRS990ScheduleC/TotalDirectLobbying/AffiliatedGroupTotals",146,146,"2009v1.3, 2009v1.4, 2009v1.7"
"/Return/ReturnData/IRS990ScheduleD/CollectionUsedForOther",143,143,"2009v1.0, 2009v1.2, 2009v1.3, 2009v1.4, 2009v1.7"
"/Return/ReturnData/IRS990ScheduleD/CollectionUsedForOther/CollectionUsedForOtherPurposes",143,143,"2009v1.0, 2009v1.2, 2009v1.3, 2009v1.4, 2009v1.7"
"/Return/ReturnData/IRS990ScheduleD/CollectionUsedForOther/DescriptionOfOtherPurposes",143,143,"2009v1.0, 2009v1.2, 2009v1.3, 2009v1.4, 2009v1.7"
"/Return/ReturnData/IRS990ScheduleH/HealthImprovementAdvocacy/NumberOfActivitiesOrPrograms",142,142,"2009v1.2, 2009v1.3, 2009v1.4, 2009v1.7"
"/Return/ReturnData/IRS990/TheBooksAreInCareOf/NameBusiness/BusinessNameLine2",141,141,"2009v1.2, 2009v1.3, 2009v1.7"
"/Return/ReturnData/IRS990ScheduleA/SupportedOrgInformation/Name/BusinessNameLine2",141,139,"2009v1.2, 2009v1.3, 2009v1.7"
"/Return/ReturnData/IRS990ScheduleN/AGNotified",141,141,"2009v1.0, 2009v1.2, 2009v1.3, 2009v1.4, 2009v1.7"
"/Return/ReturnData/IRS990ScheduleG/GamingInformation/VolunteerLaborPrcntagePullTabs",140,140,"2009v1.1, 2009v1.2, 2009v1.3, 2009v1.4, 2009v1.7"
"/Return/ReturnData/IRS990ScheduleH/WorkforceDevelopment/PersonsServed",139,139,"2009v1.2, 2009v1.3, 2009v1.4, 2009v1.7"
"/Return/ReturnData/IRS990ScheduleH/EnvironmentalImprovements/NetCommunityBuildingExpense",136,136,"2009v1.2, 2009v1.3, 2009v1.4, 2009v1.7"
"/Return/ReturnData/IRS990ScheduleA/CommunityTrust170b1Avi",135,135,"2009v1.2, 2009v1.3, 2009v1.4, 2009v1.7"
"/Return/ReturnData/IRS990ScheduleH/CoalitionBuilding/PersonsServed",132,132,"2009v1.2, 2009v1.3, 2009v1.4, 2009v1.7"
"/Return/ReturnData/IRS990ScheduleH/CostingMethodologyUsed/CostAccountingSystem",132,132,"2009v1.2, 2009v1.3, 2009v1.4, 2009v1.7"
"/Return/ReturnData/IRS990ScheduleH/Form990ScheduleHPartV/Name/BusinessNameLine2",132,27,"2009v1.2, 2009v1.7"
"/Return/ReturnData/IRS990ScheduleC/Sec527PolOrgs/AmtOfContribsRecdDelivered",129,86,"2009v1.2, 2009v1.3, 2009v1.4, 2009v1.7"
"/Return/ReturnData/IRS990ScheduleH/HealthImprovementAdvocacy/DirectOffsettingRevenue",129,129,"2009v1.2, 2009v1.3, 2009v1.4, 2009v1.7"
"/Return/ReturnData/IRS990ScheduleR/Form990ScheduleRPartIII/LegalDomicileForeignCountry",129,28,"2009v1.0, 2009v1.2, 2009v1.4, 2009v1.7"
"/Return/ReturnData/IRS990ScheduleD/PreservationOfOpenSpace",128,128,"2009v1.2, 2009v1.3, 2009v1.4, 2009v1.7"
"/Return/ReturnData/IRS990ScheduleG/GamingInformation/RentFacilityCostsPullTabs",128,128,"2009v1.2, 2009v1.3, 2009v1.4, 2009v1.7"
"/Return/ReturnData/IRS990ScheduleC/AmountToBeCarriedOver",126,126,"2009v1.2, 2009v1.3, 2009v1.4, 2009v1.7"
"/Return/ReturnData/IRS990ScheduleH/WorkforceDevelopment/DirectOffsettingRevenue",126,126,"2009v1.2, 2009v1.3, 2009v1.4, 2009v1.7"
"/Return/ReturnData/IRS990ScheduleH/EnvironmentalImprovements/PercentOfTotalExpense",125,125,"2009v1.2, 2009v1.3, 2009v1.4, 2009v1.7"
"/Return/ReturnData/IRS990ScheduleC/AmtExpendedFor527Activities",121,121,"2009v1.2, 2009v1.3, 2009v1.4, 2009v1.7"
"/Return/ReturnData/IRS990ScheduleR/Form990ScheduleRPartII/AddressForeign/ProvinceOrState",120,80,"2009v1.2, 2009v1.3, 2009v1.4, 2009v1.7"
"/Return/ReturnData/IRS990ScheduleH/HealthImprovementAdvocacy/PersonsServed",118,118,"2009v1.2, 2009v1.3, 2009v1.4, 2009v1.7"
"/Return/ReturnData/IRS990ScheduleR/Form990ScheduleRPartIII/AddressForeign",118,23,"2009v1.2, 2009v1.4, 2009v1.7"
"/Return/ReturnData/IRS990ScheduleR/Form990ScheduleRPartIII/AddressForeign/AddressLine1",118,23,"2009v1.2, 2009v1.4, 2009v1.7"
"/Return/ReturnData/IRS990ScheduleR/Form990ScheduleRPartIII/AddressForeign/Country",118,23,"2009v1.2, 2009v1.4, 2009v1.7"
"/Return/ReturnData/IRS990ScheduleR/Form990ScheduleRPartIII/AddressForeign/City",116,22,"2009v1.2, 2009v1.4, 2009v1.7"
"/Return/ReturnData/IRS990ScheduleA/ThirtyThreePercntTestsPY170",115,115,"2009v1.0, 2009v1.1, 2009v1.2, 2009v1.3, 2009v1.4, 2009v1.7"
"/Return/ReturnData/IRS990ScheduleH/EconomicDevelopment/NumberOfActivitiesOrPrograms",114,114,"2009v1.2, 2009v1.3, 2009v1.4, 2009v1.7"
"/Return/ReturnData/IRS990ScheduleC/AmtOf4955Tax",113,113,"2009v1.2, 2009v1.4, 2009v1.7"
"/Return/ReturnData/IRS990ScheduleH/CoalitionBuilding/DirectOffsettingRevenue",113,113,"2009v1.2, 2009v1.3, 2009v1.4, 2009v1.7"
"/Return/ReturnData/IRS990ScheduleH/UnreimbursedCosts/PersonsServed",111,111,"2009v1.2, 2009v1.3, 2009v1.4, 2009v1.7"
"/Return/ReturnData/IRS990ScheduleC/AmtOf4955TaxOnManagers",110,110,"2009v1.2, 2009v1.4, 2009v1.7"
"/Return/ReturnData/IRS990ScheduleA/ThirtyThreePercntTestsPY509",109,109,"2009v1.0, 2009v1.1, 2009v1.2, 2009v1.3, 2009v1.4, 2009v1.7"
"/Return/ReturnData/IRS990/ContractorCompensation/NameOfContractor/NameBusiness/BusinessNameLine2",107,63,"2009v1.2, 2009v1.3, 2009v1.7"
"/Return/ReturnData/IRS990ScheduleC/AmtOfInternalFundsContributed",107,107,"2009v1.2, 2009v1.3, 2009v1.4, 2009v1.7"
"/Return/ReturnData/IRS990ScheduleG/GamingInformation/RentFacilityCostsOtherGaming",106,106,"2009v1.2, 2009v1.3, 2009v1.4, 2009v1.7"
"/Return/ReturnData/IRS990ScheduleH/Other/DirectOffsettingRevenue",106,106,"2009v1.2, 2009v1.3, 2009v1.4, 2009v1.7"
"/Return/ReturnData/IRS990ScheduleA/GovernmentalUnit170b1Av",104,104,"2009v1.0, 2009v1.1, 2009v1.2, 2009v1.3, 2009v1.4, 2009v1.7"
"/Return/ReturnData/IRS990ScheduleR/Form990ScheduleRPartVI",104,49,"2009v1.2, 2009v1.4, 2009v1.7"
"/Return/ReturnData/IRS990ScheduleR/Form990ScheduleRPartVI/DisproportionateAllocations",104,49,"2009v1.2, 2009v1.4, 2009v1.7"
"/Return/ReturnData/IRS990ScheduleR/Form990ScheduleRPartVI/GeneralOrManagingPartner",104,49,"2009v1.2, 2009v1.4, 2009v1.7"
"/Return/ReturnData/IRS990ScheduleR/Form990ScheduleRPartVI/NameOfBusiness",104,49,"2009v1.2, 2009v1.4, 2009v1.7"
"/Return/ReturnData/IRS990ScheduleR/Form990ScheduleRPartVI/NameOfBusiness/BusinessNameLine1",104,49,"2009v1.2, 2009v1.4, 2009v1.7"
"/Return/ReturnData/IRS990/ActivityCode",102,102,"2009v1.0, 2009v1.1, 2009v1.2, 2009v1.3, 2009v1.7"
"/Return/ReturnData/IRS990EZ/OfficerDirectorTrusteeKeyEmpl/AddressForeign/ProvinceOrState",102,57,"2009v1.2, 2009v1.3, 2009v1.4, 2009v1.7"
"/Return/ReturnData/IRS990EZ/TerminatedReturn",102,102,"2009v1.2, 2009v1.3, 2009v1.4, 2009v1.7"
"/Return/ReturnData/IRS990ScheduleH/PhysicalImprovementsAndHousing/DirectOffsettingRevenue",102,102,"2009v1.2, 2009v1.3, 2009v1.4, 2009v1.7"
"/Return/ReturnData/IRS990ScheduleR/Form990ScheduleRPartVI/AddressUS",102,47,"2009v1.2, 2009v1.4, 2009v1.7"
"/Return/ReturnData/IRS990ScheduleR/Form990ScheduleRPartVI/AddressUS/AddressLine1",102,47,"2009v1.2, 2009v1.4, 2009v1.7"
"/Return/ReturnData/IRS990ScheduleR/Form990ScheduleRPartVI/AddressUS/City",102,47,"2009v1.2, 2009v1.4, 2009v1.7"
"/Return/ReturnData/IRS990ScheduleR/Form990ScheduleRPartVI/AddressUS/State",102,47,"2009v1.2, 2009v1.4, 2009v1.7"
"/Return/ReturnData/IRS990ScheduleR/Form990ScheduleRPartVI/AddressUS/ZIPCode",102,47,"2009v1.2, 2009v1.4, 2009v1.7"
"/Return/ReturnData/IRS990ScheduleH/LeadershipDevelopment/DirectOffsettingRevenue",101,101,"2009v1.2, 2009v1.3, 2009v1.4, 2009v1.7"
"/Return/ReturnData/IRS990ScheduleR/Form990ScheduleRPartVI/AllPartnersC3S",101,48,"2009v1.2, 2009v1.4, 2009v1.7"
"/Return/ReturnData/IRS990ScheduleR/Form990ScheduleRPartVI/PrimaryActivity",101,46,"2009v1.2, 2009v1.4, 2009v1.7"
"/Return/ReturnData/IRS990ScheduleR/Form990ScheduleRPartVI/LegalDomicileState",100,47,"2009v1.2, 2009v1.4, 2009v1.7"
"/Return/ReturnData/IRS990/GrossIncomeFromMembers",99,99,"2009v1.1, 2009v1.2, 2009v1.3, 2009v1.4, 2009v1.7"
"/Return/ReturnData/IRS990/GrossIncomeOtherSources",97,97,"2009v1.1, 2009v1.2, 2009v1.3, 2009v1.4, 2009v1.7"
"/Return/ReturnData/IRS990/TerminatedReturn",96,96,"2009v1.0, 2009v1.2, 2009v1.3, 2009v1.4, 2009v1.7"
"/Return/ReturnData/IRS990ScheduleH/CharityCareAtCost/NumberOfActivitiesOrPrograms",96,96,"2009v1.2, 2009v1.3, 2009v1.4, 2009v1.7"
"/Return/ReturnData/IRS990ScheduleH/Research/NumberOfActivitiesOrPrograms",95,95,"2009v1.2, 2009v1.3, 2009v1.4, 2009v1.7"
"/Return/ReturnData/IRS990ScheduleR/Form990ScheduleRPartVI/ShareOfEOYAssets",95,40,"2009v1.2, 2009v1.4, 2009v1.7"
"/Return/ReturnData/IRS990ScheduleA/HospitalNameAndAddress",94,66,"2009v1.2, 2009v1.3, 2009v1.4, 2009v1.7"
"/Return/ReturnData/IRS990ScheduleA/HospitalNameAndAddress/City",94,66,"2009v1.2, 2009v1.3, 2009v1.4, 2009v1.7"
"/Return/ReturnData/IRS990ScheduleA/HospitalNameAndAddress/Name",94,66,"2009v1.2, 2009v1.3, 2009v1.4, 2009v1.7"
"/Return/ReturnData/IRS990ScheduleA/HospitalNameAndAddress/Name/BusinessNameLine1",94,66,"2009v1.2, 2009v1.3, 2009v1.4, 2009v1.7"
"/Return/ReturnData/IRS990ScheduleH/Research/PersonsServed",94,94,"2009v1.2, 2009v1.3, 2009v1.4, 2009v1.7"
"/Return/ReturnData/IRS990ScheduleA/HospitalNameAndAddress/State",92,66,"2009v1.2, 2009v1.3, 2009v1.4, 2009v1.7"
"/Return/ReturnData/IRS990ScheduleH/Pcent250",92,92,"2009v1.2, 2009v1.3, 2009v1.4, 2009v1.7"
"/Return/ReturnData/IRS990ScheduleR/Form990ScheduleRPartVI/EIN",92,46,"2009v1.2, 2009v1.4, 2009v1.7"
"/Return/ReturnData/IRS990ScheduleH/EconomicDevelopment/DirectOffsettingRevenue",89,89,"2009v1.2, 2009v1.3, 2009v1.4, 2009v1.7"
"/Return/ReturnData/IRS990ScheduleD/PreservationForPublicUse",87,87,"2009v1.2, 2009v1.3, 2009v1.4, 2009v1.7"
"/Return/ReturnData/IRS990ScheduleH/LeadershipDevelopment/PersonsServed",87,87,"2009v1.2, 2009v1.3, 2009v1.4, 2009v1.7"
"/Return/ReturnData/IRS990EZ/OfficerDirectorTrusteeKeyEmpl/AddressForeign/PostalCode",86,47,"2009v1.2, 2009v1.3, 2009v1.4, 2009v1.7"
"/Return/ReturnData/IRS990ScheduleH/LeadershipDevelopment/NumberOfActivitiesOrPrograms",86,86,"2009v1.2, 2009v1.3, 2009v1.4, 2009v1.7"
"/Return/ReturnData/IRS990ScheduleC/TotalExmptFunctionExpenditures",85,85,"2009v1.2, 2009v1.3, 2009v1.4, 2009v1.7"
"/Return/ReturnData/IRS990ScheduleR/Form990ScheduleRPartI/DirectControllingEntityName/BusinessNameLine2",85,25,"2009v1.3, 2009v1.7"
"/Return/ReturnData/IRS990ScheduleR/Form990ScheduleRPartI/LegalDomicileForeignCountry",85,46,"2009v1.2, 2009v1.3, 2009v1.4, 2009v1.7"
"/Return/ReturnData/IRS990ScheduleR/Form990ScheduleRPartI/NameOfDisregardedEntity/BusinessNameLine2",85,27,"2009v1.2, 2009v1.3, 2009v1.7"
"/Return/ReturnData/IRS990ScheduleH/EnvironmentalImprovements/DirectOffsettingRevenue",83,83,"2009v1.2, 2009v1.3, 2009v1.4, 2009v1.7"
"/Return/ReturnData/IRS990ScheduleC/PublicationsOrBroadcastAmount",82,82,"2009v1.2, 2009v1.3, 2009v1.4, 2009v1.7"
"/Return/ReturnData/IRS990ScheduleN/Form990ScheduleNPartIII/ReturnReference",81,65,"2009v1.2, 2009v1.3, 2009v1.4, 2009v1.7"
"/Return/ReturnData/IRS990ScheduleH/EconomicDevelopment/PersonsServed",80,80,"2009v1.2, 2009v1.3, 2009v1.4, 2009v1.7"
"/Return/ReturnData/IRS990ScheduleM/SecuritiesMiscellaneous/NoncashContribsRptdF990",80,80,"2009v1.2, 2009v1.3, 2009v1.4, 2009v1.7"
"/Return/ReturnData/IRS990ScheduleN/Form990ScheduleNPartIII/Identifier",80,62,"2009v1.2, 2009v1.3, 2009v1.4, 2009v1.7"
"/Return/ReturnData/IRS990ScheduleM/SecuritiesMiscellaneous/NonCashCheckbox",79,79,"2009v1.2, 2009v1.3, 2009v1.4, 2009v1.7"
"/Return/ReturnData/IRS990ScheduleM/SecuritiesMiscellaneous/NumberOfContributions",79,79,"2009v1.2, 2009v1.3, 2009v1.4, 2009v1.7"
"/Return/ReturnData/IRS990EZ/AmendedReturn",78,78,"2009v1.2, 2009v1.3, 2009v1.4, 2009v1.7"
"/Return/ReturnData/IRS990ScheduleC/TotLobbyExpendMnsLobbyingNontx/AffiliatedGroupTotals",77,77,"2009v1.3, 2009v1.4, 2009v1.7"
"/Return/ReturnData/IRS990ScheduleM/SecuritiesCloselyHeldStock/NonCashCheckbox",77,77,"2009v1.2, 2009v1.3, 2009v1.4, 2009v1.7"
"/Return/ReturnData/IRS990EZ/CompOfHghstPaidCntrctProfSer",76,55,"2009v1.2, 2009v1.3, 2009v1.4, 2009v1.7"
"/Return/ReturnData/IRS990EZ/CompOfHghstPaidCntrctProfSer/AddressUS",76,55,"2009v1.2, 2009v1.3, 2009v1.4, 2009v1.7"
"/Return/ReturnData/IRS990EZ/CompOfHghstPaidCntrctProfSer/AddressUS/AddressLine1",76,55,"2009v1.2, 2009v1.3, 2009v1.4, 2009v1.7"
"/Return/ReturnData/IRS990EZ/CompOfHghstPaidCntrctProfSer/AddressUS/City",76,55,"2009v1.2, 2009v1.3, 2009v1.4, 2009v1.7"
"/Return/ReturnData/IRS990EZ/CompOfHghstPaidCntrctProfSer/AddressUS/State",76,55,"2009v1.2, 2009v1.3, 2009v1.4, 2009v1.7"
"/Return/ReturnData/IRS990EZ/CompOfHghstPaidCntrctProfSer/AddressUS/ZIPCode",76,55,"2009v1.2, 2009v1.3, 2009v1.4, 2009v1.7"
"/Return/ReturnData/IRS990EZ/CompOfHghstPaidCntrctProfSer/Compensation",76,55,"2009v1.2, 2009v1.3, 2009v1.4, 2009v1.7"
"/Return/ReturnData/IRS990EZ/CompOfHghstPaidCntrctProfSer/TypeOfService",76,55,"2009v1.2, 2009v1.3, 2009v1.4, 2009v1.7"
"/Return/ReturnData/IRS990ScheduleH/UnreimbursedMedicaid/NumberOfActivitiesOrPrograms",76,76,"2009v1.2, 2009v1.3, 2009v1.4, 2009v1.7"
"/Return/ReturnData/IRS990ScheduleJ/PaymentsForUseOfResidence",76,76,"2009v1.2, 2009v1.3, 2009v1.4, 2009v1.7"
"/Return/ReturnData/IRS990ScheduleM/SecuritiesCloselyHeldStock/NoncashContribsRptdF990",76,76,"2009v1.2, 2009v1.3, 2009v1.4, 2009v1.7"
"/Return/ReturnData/IRS990ScheduleM/SecuritiesCloselyHeldStock/NumberOfContributions",75,75,"2009v1.2, 2009v1.3, 2009v1.4, 2009v1.7"
"/Return/ReturnData/IRS990ScheduleR/Form990ScheduleRPartI/AddressForeign",75,44,"2009v1.2, 2009v1.3, 2009v1.4, 2009v1.7"
"/Return/ReturnData/IRS990ScheduleR/Form990ScheduleRPartI/AddressForeign/AddressLine1",75,44,"2009v1.2, 2009v1.3, 2009v1.4, 2009v1.7"
"/Return/ReturnData/IRS990ScheduleR/Form990ScheduleRPartI/AddressForeign/Country",75,44,"2009v1.2, 2009v1.3, 2009v1.4, 2009v1.7"
"/Return/ReturnData/IRS990ScheduleC/TotLobbyingGrassrootMinusNonTx/AffiliatedGroupTotals",74,74,"2009v1.3, 2009v1.4, 2009v1.7"
"/Return/ReturnData/IRS990ScheduleK/Form990ScheduleKPartIV/NameOfGICProvider/BusinessNameLine2",74,54,"2009v1.2, 2009v1.3, 2009v1.4, 2009v1.7"
"/Return/ReturnData/IRS990ScheduleH/PhysicalImprovementsAndHousing/NumberOfActivitiesOrPrograms",73,73,"2009v1.2, 2009v1.3, 2009v1.4, 2009v1.7"
"/Return/ReturnData/IRS990ScheduleH/Other/NumberOfActivitiesOrPrograms",70,70,"2009v1.2, 2009v1.3, 2009v1.4, 2009v1.7"
"/Return/ReturnData/IRS990ScheduleH/Other/PersonsServed",70,70,"2009v1.2, 2009v1.3, 2009v1.4, 2009v1.7"
"/Return/ReturnData/IRS990ScheduleL/Form990ScheduleLPartIII/NameOfInterestedBusiness",70,53,"2009v1.3, 2009v1.4, 2009v1.7"
"/Return/ReturnData/IRS990ScheduleL/Form990ScheduleLPartIII/NameOfInterestedBusiness/BusinessNameLine1",70,53,"2009v1.3, 2009v1.4, 2009v1.7"
"/Return/ReturnData/IRS990ScheduleM/SecuritiesCloselyHeldStock/MethodOfDeterminingRevenues",69,69,"2009v1.2, 2009v1.3, 2009v1.4, 2009v1.7"
"/Return/ReturnData/IRS990ScheduleR/Form990ScheduleRPartVI/CodeVAmount",68,20,"2009v1.2, 2009v1.7"
"/Return/ReturnData/AffiliatedGroupSchedule/AffiliatedSchedule/ElectingOrg",67,48,"2009v1.4, 2009v1.7"
"/Return/ReturnData/IRS990ScheduleD/HistoricStructure",67,67,"2009v1.2, 2009v1.3, 2009v1.4, 2009v1.7"
"/Return/ReturnData/IRS990ScheduleE/ComplianceProc75_50Explanation",67,67,"2009v1.2, 2009v1.3, 2009v1.4, 2009v1.7"
"/Return/ReturnData/IRS990ScheduleA/MedicalResearchOrg170b1Aiii",66,66,"2009v1.2, 2009v1.3, 2009v1.4, 2009v1.7"
"/Return/ReturnData/IRS990ScheduleM/SecuritiesMiscellaneous/MethodOfDeterminingRevenues",66,66,"2009v1.2, 2009v1.3, 2009v1.4, 2009v1.7"
"/Return/ReturnData/IRS990ScheduleH/PhysicalImprovementsAndHousing/PersonsServed",65,65,"2009v1.2, 2009v1.3, 2009v1.4, 2009v1.7"
"/Return/ReturnData/IRS990ScheduleC/TotalGrassrootsLobbying/AffiliatedGroupTotals",63,63,"2009v1.2, 2009v1.3, 2009v1.4, 2009v1.7"
"/Return/ReturnData/IRS990ScheduleR/Form990ScheduleRPartI/AddressForeign/City",63,39,"2009v1.2, 2009v1.3, 2009v1.4, 2009v1.7"
"/Return/ReturnData/IRS990EZ/CompensationOfHighestPaidEmpl",62,29,"2009v1.2, 2009v1.3, 2009v1.7"
"/Return/ReturnData/IRS990EZ/CompensationOfHighestPaidEmpl/AddressUS",62,29,"2009v1.2, 2009v1.3, 2009v1.7"
"/Return/ReturnData/IRS990EZ/CompensationOfHighestPaidEmpl/AddressUS/AddressLine1",62,29,"2009v1.2, 2009v1.3, 2009v1.7"
"/Return/ReturnData/IRS990EZ/CompensationOfHighestPaidEmpl/AddressUS/City",62,29,"2009v1.2, 2009v1.3, 2009v1.7"
"/Return/ReturnData/IRS990EZ/CompensationOfHighestPaidEmpl/AddressUS/State",62,29,"2009v1.2, 2009v1.3, 2009v1.7"
"/Return/ReturnData/IRS990EZ/CompensationOfHighestPaidEmpl/AddressUS/ZIPCode",62,29,"2009v1.2, 2009v1.3, 2009v1.7"
"/Return/ReturnData/IRS990EZ/CompensationOfHighestPaidEmpl/AverageHoursPerWeek",62,29,"2009v1.2, 2009v1.3, 2009v1.7"
"/Return/ReturnData/IRS990EZ/CompensationOfHighestPaidEmpl/Compensation",62,29,"2009v1.2, 2009v1.3, 2009v1.7"
"/Return/ReturnData/IRS990EZ/CompensationOfHighestPaidEmpl/EmployeeBenefits",62,29,"2009v1.2, 2009v1.3, 2009v1.7"
"/Return/ReturnData/IRS990EZ/CompensationOfHighestPaidEmpl/ExpenseAccount",62,29,"2009v1.2, 2009v1.3, 2009v1.7"
"/Return/ReturnData/IRS990EZ/CompensationOfHighestPaidEmpl/Name",62,29,"2009v1.2, 2009v1.3, 2009v1.7"
"/Return/ReturnData/IRS990EZ/CompensationOfHighestPaidEmpl/Title",62,29,"2009v1.2, 2009v1.3, 2009v1.7"
"/Return/ReturnData/IRS990ScheduleM/HistoricalArtifacts/NonCashCheckbox",59,59,"2009v1.2, 2009v1.3, 2009v1.4, 2009v1.7"
"/Return/ReturnData/AffiliatedGroupSchedule",58,58,"2009v1.4, 2009v1.7"
"/Return/ReturnData/IRS990ScheduleM/HistoricalArtifacts/NumberOfContributions",57,57,"2009v1.2, 2009v1.3, 2009v1.4, 2009v1.7"
"/Return/ReturnData/IRS990ScheduleM/SecuritiesPrtnrshpTrustIntrsts/NonCashCheckbox",57,57,"2009v1.2, 2009v1.3, 2009v1.4, 2009v1.7"
"/Return/ReturnData/IRS990EZ/TheBooksAreInCareOf/NameBusiness/BusinessNameLine2",56,56,"2009v1.2, 2009v1.3, 2009v1.7"
"/Return/ReturnData/IRS990ScheduleH/EnvironmentalImprovements/NumberOfActivitiesOrPrograms",56,56,"2009v1.2, 2009v1.3, 2009v1.4, 2009v1.7"
"/Return/ReturnData/IRS990ScheduleM/SecuritiesPrtnrshpTrustIntrsts/NoncashContribsRptdF990",56,56,"2009v1.2, 2009v1.3, 2009v1.4, 2009v1.7"
"/Return/ReturnData/IRS990/TheBooksAreInCareOf/AddressForeign",55,55,"2009v1.2, 2009v1.3, 2009v1.4, 2009v1.7"
"/Return/ReturnData/IRS990/TheBooksAreInCareOf/AddressForeign/AddressLine1",55,55,"2009v1.2, 2009v1.3, 2009v1.4, 2009v1.7"
"/Return/ReturnData/IRS990/TheBooksAreInCareOf/AddressForeign/Country",55,55,"2009v1.2, 2009v1.3, 2009v1.4, 2009v1.7"
"/Return/ReturnData/IRS990ScheduleM/SecuritiesPrtnrshpTrustIntrsts/MethodOfDeterminingRevenues",55,55,"2009v1.2, 2009v1.3, 2009v1.4, 2009v1.7"
"/Return/ReturnData/IRS990/TheBooksAreInCareOf/AddressForeign/City",54,54,"2009v1.2, 2009v1.3, 2009v1.4, 2009v1.7"
"/Return/ReturnData/IRS990ScheduleM/SecuritiesPrtnrshpTrustIntrsts/NumberOfContributions",54,54,"2009v1.2, 2009v1.3, 2009v1.4, 2009v1.7"
"/Return/ReturnData/IRS990ScheduleG/AllStates",53,53,"2009v1.2, 2009v1.3, 2009v1.4, 2009v1.7"
"/Return/ReturnData/IRS990ScheduleH/EnvironmentalImprovements/PersonsServed",53,53,"2009v1.2, 2009v1.3, 2009v1.4, 2009v1.7"
"/Return/ReturnData/IRS990ScheduleG/GamingInformation/NonCashPrizesBingo",52,52,"2009v1.2, 2009v1.3, 2009v1.4, 2009v1.7"
"/Return/ReturnData/IRS990ScheduleM/BoatsAndPlanes/NonCashCheckbox",52,52,"2009v1.2, 2009v1.3, 2009v1.4, 2009v1.7"
"/Return/ReturnData/IRS990ScheduleM/BoatsAndPlanes/NumberOfContributions",51,51,"2009v1.2, 2009v1.3, 2009v1.4, 2009v1.7"
"/Return/ReturnData/IRS990ScheduleM/BoatsAndPlanes/NoncashContribsRptdF990",50,50,"2009v1.2, 2009v1.3, 2009v1.4, 2009v1.7"
"/Return/ReturnData/IRS990/TheBooksAreInCareOf/AddressForeign/PostalCode",49,49,"2009v1.2, 2009v1.3, 2009v1.4, 2009v1.7"
"/Return/ReturnData/IRS990ScheduleR/Form990ScheduleRPartIII/AddressForeign/ProvinceOrState",49,18,"2009v1.2, 2009v1.7"
"/Return/ReturnData/IRS990EZ/CompOfHghstPaidCntrctProfSer/NameBusiness",47,39,"2009v1.2, 2009v1.3, 2009v1.4, 2009v1.7"
"/Return/ReturnData/IRS990EZ/CompOfHghstPaidCntrctProfSer/NameBusiness/BusinessNameLine1",47,39,"2009v1.2, 2009v1.3, 2009v1.4, 2009v1.7"
"/Return/ReturnData/IRS990ScheduleM/BoatsAndPlanes/MethodOfDeterminingRevenues",47,47,"2009v1.2, 2009v1.3, 2009v1.4, 2009v1.7"
"/Return/ReturnData/IRS990/Activity2/ActivityCode",46,46,"2009v1.0, 2009v1.1, 2009v1.2, 2009v1.3, 2009v1.7"
"/Return/ReturnData/IRS990ScheduleL/Form990ScheduleLPartIV/NameOfInterestedPerson/NameBusiness/BusinessNameLine2",46,24,"2009v1.2, 2009v1.3, 2009v1.7"
"/Return/ReturnData/IRS990ScheduleM/HistoricalArtifacts/NoncashContribsRptdF990",46,46,"2009v1.2, 2009v1.3, 2009v1.4, 2009v1.7"
"/Return/ReturnData/IRS990ScheduleR/Form990ScheduleRPartI/AddressUS/AddressLine2",46,21,"2009v1.2, 2009v1.3, 2009v1.7"
"/Return/ReturnData/IRS990ScheduleM/HistoricalArtifacts/MethodOfDeterminingRevenues",45,45,"2009v1.2, 2009v1.3, 2009v1.4, 2009v1.7"
"/Return/ReturnData/IRS990ScheduleH/Pcent350",44,44,"2009v1.2, 2009v1.3, 2009v1.4, 2009v1.7"
"/Return/ReturnData/IRS990ScheduleD/HistoricLandArea",43,43,"2009v1.2, 2009v1.3, 2009v1.4, 2009v1.7"
"/Return/ReturnData/IRS990ScheduleG/GamingManagerNameBusiness",43,43,"2009v1.2, 2009v1.3, 2009v1.4, 2009v1.7"
"/Return/ReturnData/IRS990ScheduleG/GamingManagerNameBusiness/BusinessNameLine1",43,43,"2009v1.2, 2009v1.3, 2009v1.4, 2009v1.7"
"/Return/ReturnData/IRS990ScheduleE/DiscriminateRaceExplanation",42,42,"2009v1.2, 2009v1.3, 2009v1.4, 2009v1.7"
"/Return/ReturnData/IRS990ScheduleH/UnreimbursedCosts/NumberOfActivitiesOrPrograms",41,41,"2009v1.2, 2009v1.3, 2009v1.4, 2009v1.7"
"/Return/ReturnData/IRS990ScheduleM/ArtHistoricalTreasures/NonCashCheckbox",41,41,"2009v1.2, 2009v1.3, 2009v1.4, 2009v1.7"
"/Return/ReturnData/IRS990/AddressPrincipalOfficerForeign",40,40,"2009v1.2, 2009v1.3, 2009v1.4, 2009v1.7"
"/Return/ReturnData/IRS990/AddressPrincipalOfficerForeign/AddressLine1",40,40,"2009v1.2, 2009v1.3, 2009v1.4, 2009v1.7"
"/Return/ReturnData/IRS990/AddressPrincipalOfficerForeign/Country",40,40,"2009v1.2, 2009v1.3, 2009v1.4, 2009v1.7"
"/Return/ReturnData/IRS990ScheduleR/Form990ScheduleRPartI/AddressForeign/ProvinceOrState",40,22,"2009v1.2, 2009v1.3, 2009v1.4, 2009v1.7"
"/Return/ReturnData/IRS990ScheduleJ/Form990ScheduleJPartII/NameBusiness/BusinessNameLine2",39,8,"2009v1.7"
"/Return/ReturnData/IRS990ScheduleM/ArtHistoricalTreasures/NumberOfContributions",39,39,"2009v1.2, 2009v1.3, 2009v1.4, 2009v1.7"
"/Return/ReturnData/IRS990/Activity3/ActivityCode",38,38,"2009v1.0, 2009v1.1, 2009v1.2, 2009v1.3, 2009v1.7"
"/Return/ReturnData/IRS990ScheduleM/ArtHistoricalTreasures/NoncashContribsRptdF990",38,38,"2009v1.2, 2009v1.3, 2009v1.4, 2009v1.7"
"/Return/ReturnData/IRS990ScheduleH/Form990ScheduleHPartV/Address/AddressLine2",37,17,"2009v1.2, 2009v1.4, 2009v1.7"
"/Return/ReturnData/IRS990/AddressPrincipalOfficerForeign/City",36,36,"2009v1.2, 2009v1.3, 2009v1.4, 2009v1.7"
"/Return/ReturnData/IRS990/SpecialConditionDescription",36,10,"2009v1.7"
"/Return/ReturnData/IRS990ScheduleC/MediaAdvertisementsAmount",36,36,"2009v1.2, 2009v1.3, 2009v1.4, 2009v1.7"
"/Return/ReturnData/IRS990ScheduleG/GamingManagerIsIndContractor",36,36,"2009v1.0, 2009v1.1, 2009v1.2, 2009v1.3, 2009v1.4, 2009v1.7"
"/Return/ReturnData/IRS990ScheduleR/Form990ScheduleRPartI/AddressForeign/PostalCode",35,19,"2009v1.2, 2009v1.3, 2009v1.4, 2009v1.7"
"/Return/ReturnHeader/Filer/ForeignAddress",34,34,"2009v1.2, 2009v1.3, 2009v1.4, 2009v1.7"
"/Return/ReturnHeader/Filer/ForeignAddress/AddressLine1",34,34,"2009v1.2, 2009v1.3, 2009v1.4, 2009v1.7"
"/Return/ReturnHeader/Filer/ForeignAddress/City",34,34,"2009v1.2, 2009v1.3, 2009v1.4, 2009v1.7"
"/Return/ReturnHeader/Filer/ForeignAddress/Country",34,34,"2009v1.2, 2009v1.3, 2009v1.4, 2009v1.7"
"/Return/ReturnData/IRS990ScheduleG/AmtOfGamingRevenueRecvdByOrg",32,32,"2009v1.2, 2009v1.3, 2009v1.4, 2009v1.7"
"/Return/ReturnData/IRS990ScheduleM/ArtHistoricalTreasures/MethodOfDeterminingRevenues",32,32,"2009v1.2, 2009v1.3, 2009v1.4, 2009v1.7"
"/Return/ReturnHeader/Filer/ForeignAddress/PostalCode",32,32,"2009v1.2, 2009v1.3, 2009v1.7"
"/Return/ReturnData/IRS990/CountryLegalDomicile",30,30,"2009v1.2, 2009v1.4, 2009v1.7"
"/Return/ReturnData/IRS990EZ/ForeignFinancialAccountCountry",30,29,"2009v1.1, 2009v1.2, 2009v1.3, 2009v1.4, 2009v1.7"
"/Return/ReturnData/IRS990ScheduleM/IntellectualProperty/NonCashCheckbox",30,30,"2009v1.2, 2009v1.3, 2009v1.4, 2009v1.7"
"/Return/ReturnData/IRS990/TheBooksAreInCareOf/AddressForeign/ProvinceOrState",29,29,"2009v1.2, 2009v1.3, 2009v1.4, 2009v1.7"
"/Return/ReturnData/IRS990EZ/CompOfHghstPaidCntrctProfSer/NamePerson",29,17,"2009v1.3, 2009v1.4, 2009v1.7"
"/Return/ReturnData/IRS990ScheduleG/AddressOfThirdPartyUS",29,29,"2009v1.2, 2009v1.3, 2009v1.4, 2009v1.7"
"/Return/ReturnData/IRS990ScheduleG/AddressOfThirdPartyUS/AddressLine1",29,29,"2009v1.2, 2009v1.3, 2009v1.4, 2009v1.7"
"/Return/ReturnData/IRS990ScheduleG/AddressOfThirdPartyUS/City",29,29,"2009v1.2, 2009v1.3, 2009v1.4, 2009v1.7"
"/Return/ReturnData/IRS990ScheduleG/AddressOfThirdPartyUS/State",29,29,"2009v1.2, 2009v1.3, 2009v1.4, 2009v1.7"
"/Return/ReturnData/IRS990ScheduleG/AddressOfThirdPartyUS/ZIPCode",29,29,"2009v1.2, 2009v1.3, 2009v1.4, 2009v1.7"
"/Return/ReturnData/IRS990ScheduleM/IntellectualProperty/NoncashContribsRptdF990",29,29,"2009v1.2, 2009v1.3, 2009v1.4, 2009v1.7"
"/Return/ReturnData/IRS990/AddressPrincipalOfficerForeign/PostalCode",28,28,"2009v1.2, 2009v1.3, 2009v1.7"
"/Return/ReturnData/IRS990EZ/ForeignOfficeCountry",28,26,"2009v1.2, 2009v1.3, 2009v1.4, 2009v1.7"
"/Return/ReturnData/IRS990ScheduleG/AmtOfGamingRevenueRetndBy3Prty",27,27,"2009v1.2, 2009v1.3, 2009v1.4, 2009v1.7"
"/Return/ReturnData/IRS990ScheduleL/DQPTable",27,20,"2009v1.3, 2009v1.4, 2009v1.7"
"/Return/ReturnData/IRS990ScheduleL/DQPTable/NamePerson",27,20,"2009v1.3, 2009v1.4, 2009v1.7"
"/Return/ReturnData/IRS990ScheduleM/IntellectualProperty/NumberOfContributions",27,27,"2009v1.2, 2009v1.3, 2009v1.4, 2009v1.7"
"/Return/ReturnData/IRS990ScheduleM/QualifiedContribOther/NonCashCheckbox",27,27,"2009v1.2, 2009v1.3, 2009v1.4, 2009v1.7"
"/Return/ReturnData/IRS990ScheduleM/ScientificSpecimens/NonCashCheckbox",27,27,"2009v1.2, 2009v1.3, 2009v1.4, 2009v1.7"
"/Return/ReturnData/IRS990ScheduleM/QualifiedContribOther/NumberOfContributions",26,26,"2009v1.2, 2009v1.3, 2009v1.4, 2009v1.7"
"/Return/ReturnData/IRS990ScheduleG/GamingInformation/NonCashPrizesPullTabs",25,25,"2009v1.2, 2009v1.3, 2009v1.4, 2009v1.7"
"/Return/ReturnData/IRS990ScheduleL/DQPTable/DescriptionOfTransaction",25,18,"2009v1.3, 2009v1.4, 2009v1.7"
"/Return/ReturnData/IRS990ScheduleL/DQPTable/TransactionCorrected",25,18,"2009v1.3, 2009v1.4, 2009v1.7"
"/Return/ReturnData/AveragingAttachment",24,24,"2009v1.3, 2009v1.7"
"/Return/ReturnData/IRS990/AddressPrincipalOfficerForeign/ProvinceOrState",24,24,"2009v1.2, 2009v1.7"
"/Return/ReturnData/IRS990/ContractorCompensation/AddressOfContractor/AddressForeign/AddressLine2",24,15,"2009v1.2"
"/Return/ReturnData/IRS990ScheduleM/QualifiedContribOther/MethodOfDeterminingRevenues",24,24,"2009v1.2, 2009v1.3, 2009v1.4, 2009v1.7"
"/Return/ReturnData/IRS990ScheduleM/ScientificSpecimens/NumberOfContributions",24,24,"2009v1.2, 2009v1.3, 2009v1.4, 2009v1.7"
"/Return/ReturnData/IRS990ScheduleI/RecipientTable/AddressForeign",23,17,"2009v1.2, 2009v1.3, 2009v1.4, 2009v1.7"
"/Return/ReturnData/IRS990ScheduleI/RecipientTable/AddressForeign/AddressLine1",23,17,"2009v1.2, 2009v1.3, 2009v1.4, 2009v1.7"
"/Return/ReturnData/IRS990ScheduleI/RecipientTable/AddressForeign/Country",23,17,"2009v1.2, 2009v1.3, 2009v1.4, 2009v1.7"
"/Return/ReturnData/IRS990ScheduleM/QualifiedContribOther/NoncashContribsRptdF990",23,23,"2009v1.2, 2009v1.3, 2009v1.4, 2009v1.7"
"/Return/ReturnData/IRS990ScheduleR/Form990ScheduleRPartIV/AddressForeign/AddressLine2",23,19,"2009v1.2, 2009v1.3, 2009v1.7"
"/Return/ReturnData/AffiliateListing",22,22,"2009v1.2, 2009v1.3, 2009v1.4, 2009v1.7"
"/Return/ReturnData/AveragingAttachment/Explanation",22,22,"2009v1.3, 2009v1.7"
"/Return/ReturnData/IRS990ScheduleG/AddressOfGamingRecKeeperUS/AddressLine2",21,21,"2009v1.2, 2009v1.3, 2009v1.7"
"/Return/ReturnHeader/Filer/InCareOfName",21,21,"2009v1.3, 2009v1.4"
"/Return/ReturnData/IRS990EZ/OfficerDirectorTrusteeKeyEmpl/AddressForeign/AddressLine2",20,10,"2009v1.2, 2009v1.3, 2009v1.7"
"/Return/ReturnData/IRS990ScheduleI/RecipientTable/AddressForeign/City",20,16,"2009v1.2, 2009v1.3, 2009v1.4, 2009v1.7"
"/Return/ReturnData/IRS990ScheduleM/ScientificSpecimens/MethodOfDeterminingRevenues",20,20,"2009v1.2, 2009v1.3, 2009v1.4, 2009v1.7"
"/Return/ReturnData/IRS990ScheduleM/ScientificSpecimens/NoncashContribsRptdF990",20,20,"2009v1.2, 2009v1.3, 2009v1.4, 2009v1.7"
"/Return/ReturnData/IRS990ScheduleR/Form990ScheduleRPartIII/AddressForeign/PostalCode",20,12,"2009v1.2, 2009v1.7"
"/Return/ReturnData/IRS990ScheduleG/NameOfThirdPartyBusiness",19,19,"2009v1.2, 2009v1.3, 2009v1.4, 2009v1.7"
"/Return/ReturnData/IRS990ScheduleG/NameOfThirdPartyBusiness/BusinessNameLine1",19,19,"2009v1.2, 2009v1.3, 2009v1.4, 2009v1.7"
"/Return/ReturnData/IRS990ScheduleM/ArchaeologicalArtifacts/NonCashCheckbox",19,19,"2009v1.2, 2009v1.4, 2009v1.7"
"/Return/ReturnData/IRS990ScheduleM/IntellectualProperty/MethodOfDeterminingRevenues",19,19,"2009v1.2, 2009v1.4, 2009v1.7"
"/Return/ReturnData/IRS990ScheduleR/Form990ScheduleRPartIII/AddressUS/AddressLine2",19,9,"2009v1.2, 2009v1.7"
"/Return/ReturnHeader/Filer/ForeignAddress/ProvinceOrState",19,19,"2009v1.2, 2009v1.7"
"/Return/ReturnData/IRS990ScheduleM/ArchaeologicalArtifacts/NumberOfContributions",17,17,"2009v1.2, 2009v1.4, 2009v1.7"
"/Return/ReturnData/IRS990ScheduleM/ArtFractionalInterest/NonCashCheckbox",17,17,"2009v1.2, 2009v1.3, 2009v1.4, 2009v1.7"
"/Return/ReturnData/IRS990ScheduleR/Form990ScheduleRPartII/AddressForeign/AddressLine2",17,5,"2009v1.2, 2009v1.3"
"/Return/ReturnData/IRS990ScheduleM/ArtFractionalInterest/NumberOfContributions",16,16,"2009v1.2, 2009v1.3, 2009v1.4, 2009v1.7"
"/Return/ReturnData/IRS990EZ/TheBooksAreInCareOf/AddressForeign",15,15,"2009v1.2, 2009v1.3, 2009v1.7"
"/Return/ReturnData/IRS990EZ/TheBooksAreInCareOf/AddressForeign/AddressLine1",15,15,"2009v1.2, 2009v1.3, 2009v1.7"
"/Return/ReturnData/IRS990EZ/TheBooksAreInCareOf/AddressForeign/City",15,15,"2009v1.2, 2009v1.3, 2009v1.7"
"/Return/ReturnData/IRS990EZ/TheBooksAreInCareOf/AddressForeign/Country",15,15,"2009v1.2, 2009v1.3, 2009v1.7"
"/Return/ReturnData/IRS990ScheduleN/DispositionTable/AddressForeign",15,4,"2009v1.7"
"/Return/ReturnData/IRS990ScheduleN/DispositionTable/AddressForeign/AddressLine1",15,4,"2009v1.7"
"/Return/ReturnData/IRS990ScheduleN/DispositionTable/AddressForeign/City",15,4,"2009v1.7"
"/Return/ReturnData/IRS990ScheduleN/DispositionTable/AddressForeign/Country",15,4,"2009v1.7"
"/Return/ReturnData/IRS990ScheduleR/Form990ScheduleRPartIII/NameOfRelatedOrg/BusinessNameLine2",15,12,"2009v1.2, 2009v1.7"
"/Return/ReturnData/IRS990EZ/TheBooksAreInCareOf/AddressForeign/PostalCode",14,14,"2009v1.2, 2009v1.3, 2009v1.7"
"/Return/ReturnData/IRS990ScheduleN/LiquidationTable/LiquidationDetail/AddressUS/AddressLine2",14,8,"2009v1.2, 2009v1.3, 2009v1.7"
"/Return/ReturnData/IRS990ScheduleM/ArchaeologicalArtifacts/NoncashContribsRptdF990",13,13,"2009v1.2, 2009v1.4, 2009v1.7"
"/Return/ReturnData/AffiliatedGroupAttachment",12,12,"2009v1.7"
"/Return/ReturnData/IRS990ScheduleA/TestingForPublicSafety509a4",12,12,"2009v1.1, 2009v1.2, 2009v1.7"
"/Return/ReturnData/IRS990ScheduleG/NameOfGamingRecKeeperBus/BusinessNameLine2",12,12,"2009v1.2, 2009v1.7"
"/Return/ReturnData/IRS990ScheduleM/ArchaeologicalArtifacts/MethodOfDeterminingRevenues",12,12,"2009v1.2, 2009v1.7"
"/Return/ReturnData/IRS990ScheduleR/Form990ScheduleRPartIII/DirectControllingEntityName/BusinessNameLine2",12,8,"2009v1.2, 2009v1.7"
"/Return/ReturnData/IRS990ScheduleG/NameOfThirdPartyPerson",11,11,"2009v1.2, 2009v1.4, 2009v1.7"
"/Return/ReturnData/IRS990ScheduleI/RecipientTable/AddressForeign/PostalCode",11,10,"2009v1.2, 2009v1.4, 2009v1.7"
"/Return/ReturnData/IRS990ScheduleL/AmountOfTaxImposed",11,11,"2009v1.3, 2009v1.4, 2009v1.7"
"/Return/ReturnData/IRS990ScheduleM/ArtFractionalInterest/NoncashContribsRptdF990",11,11,"2009v1.2, 2009v1.4, 2009v1.7"
"/Return/ReturnData/IRS990ScheduleN/DispositionTable/AddressForeign/PostalCode",11,1,"2009v1.7"
"/Return/ReturnData/IRS990ScheduleN/DispositionTable/AddressForeign/ProvinceOrState",11,1,"2009v1.7"
"/Return/ReturnData/AffiliatedGroupAttachment/Explanation",10,10,"2009v1.7"
"/Return/ReturnData/IRS990ScheduleC/LimitedControlProvisionsApply",10,10,"2009v1.4, 2009v1.7"
"/Return/ReturnData/IRS990ScheduleH/PolicyAppliedToMostHospitals",10,10,"2009v1.3, 2009v1.4, 2009v1.7"
"/Return/ReturnData/IRS990ScheduleH/PolicyTailoredToIndHospitals",9,9,"2009v1.7"
"/Return/ReturnData/IRS990ScheduleL/AmountOfTaxReimbursed",9,9,"2009v1.3, 2009v1.4, 2009v1.7"
"/Return/ReturnData/IRS990/AmountOfTaxExemptInterest",8,8,"2009v1.4, 2009v1.7"
"/Return/ReturnData/IRS990ScheduleA/TenPercentTestPriorYear",8,8,"2009v1.2, 2009v1.3, 2009v1.4, 2009v1.7"
"/Return/ReturnData/IRS990ScheduleM/ArtFractionalInterest/MethodOfDeterminingRevenues",8,8,"2009v1.2, 2009v1.3, 2009v1.7"
"/Return/ReturnData/IRS990ScheduleN/LiquidationTable/LiquidationDetail/NameBusiness/BusinessNameLine2",8,4,"2009v1.2, 2009v1.3"
"/Return/ReturnData/IRS990/Organization4947a1",7,7,"2009v1.3, 2009v1.4, 2009v1.7"
"/Return/ReturnData/IRS990ScheduleC/Sec527PolOrgs/NameOf527Organization/BusinessNameLine2",7,4,"2009v1.7"
"/Return/ReturnData/IRS990/DoingBusinessAs/BusinessNameLine2",6,6,"2009v1.2"
"/Return/ReturnData/IRS990/TheBooksAreInCareOf/AddressForeign/AddressLine2",6,6,"2009v1.2, 2009v1.3, 2009v1.7"
"/Return/ReturnData/IRS990EZ/Organization4947a1",6,6,"2009v1.3"
"/Return/ReturnData/IRS990ScheduleG/ExplanationIfYes",6,6,"2009v1.1, 2009v1.3, 2009v1.7"
"/Return/ReturnData/IRS990ScheduleG/GamingManagerNameBusiness/BusinessNameLine2",6,6,"2009v1.2, 2009v1.7"
"/Return/ReturnData/IRS990ScheduleM/Taxidermy/NonCashCheckbox",6,6,"2009v1.7"
"/Return/ReturnHeader/PreparerFirm/PreparerFirmForeignAddress",6,6,"2009v1.2, 2009v1.4, 2009v1.7"
"/Return/ReturnHeader/PreparerFirm/PreparerFirmForeignAddress/AddressLine1",6,6,"2009v1.2, 2009v1.4, 2009v1.7"
"/Return/ReturnHeader/PreparerFirm/PreparerFirmForeignAddress/City",6,6,"2009v1.2, 2009v1.4, 2009v1.7"
"/Return/ReturnHeader/PreparerFirm/PreparerFirmForeignAddress/Country",6,6,"2009v1.2, 2009v1.4, 2009v1.7"
"/Return/ReturnHeader/PreparerFirm/PreparerFirmForeignAddress/ProvinceOrState",6,6,"2009v1.2, 2009v1.4, 2009v1.7"
"/Return/ReturnData/IRS990EZ/NECTFilingForm990",5,5,"2009v1.3"
"/Return/ReturnData/IRS990ScheduleI/RecipientTable/AddressForeign/ProvinceOrState",5,5,"2009v1.7"
"/Return/ReturnData/IRS990ScheduleM/Taxidermy/NoncashContribsRptdF990",5,5,"2009v1.7"
"/Return/ReturnData/IRS990ScheduleM/Taxidermy/NumberOfContributions",5,5,"2009v1.7"
"/Return/ReturnData/IRS990ScheduleN/DispositionTable/AddressUS/AddressLine2",5,5,"2009v1.2, 2009v1.3"
"/Return/ReturnHeader/PreparerFirm/PreparerFirmForeignAddress/PostalCode",5,5,"2009v1.2, 2009v1.4"
"/Return/ReturnData/IRS990EZ/TheBooksAreInCareOf/AddressForeign/ProvinceOrState",4,4,"2009v1.7"
"/Return/ReturnData/IRS990ScheduleM/Taxidermy/MethodOfDeterminingRevenues",4,4,"2009v1.7"
"/Return/ReturnData/IRS990/NameOfPrincipalOfficerBusiness/BusinessNameLine2",3,3,"2009v1.2"
"/Return/ReturnData/IRS990EZ/SpecialConditionDescription",3,3,"2009v1.7"
"/Return/ReturnData/IRS990ScheduleG/FundraiserActivityInformation/NameOfOrganization/BusinessNameLine2",3,3,"2009v1.7"
"/Return/ReturnData/IRS990ScheduleM/QualifiedContribHistStruct/NonCashCheckbox",3,3,"2009v1.7"
"/Return/ReturnData/IRS990ScheduleM/QualifiedContribHistStruct/NoncashContribsRptdF990",3,3,"2009v1.7"
"/Return/ReturnHeader/Filer/ForeignAddress/AddressLine2",3,3,"2009v1.2, 2009v1.7"
"/Return/ReturnData/EmployeeCompensationExpln",2,2,"2009v1.4, 2009v1.7"
"/Return/ReturnData/EmployeeCompensationExpln/EmployeeCompExplanation",2,1,"2009v1.4"
"/Return/ReturnData/EmployeeCompensationExpln/EmployeeCompExplanation/EmployeeName",2,1,"2009v1.4"
"/Return/ReturnData/EmployeeCompensationExpln/EmployeeCompExplanation/Explanation",2,1,"2009v1.4"
"/Return/ReturnData/IRS990ScheduleA/HospitalNameAndAddress/Country",2,2,"2009v1.4, 2009v1.7"
"/Return/ReturnData/IRS990ScheduleG/AddressOfGamingRecKeeperFrgn",2,2,"2009v1.7"
"/Return/ReturnData/IRS990ScheduleG/AddressOfGamingRecKeeperFrgn/AddressLine1",2,2,"2009v1.7"
"/Return/ReturnData/IRS990ScheduleG/AddressOfGamingRecKeeperFrgn/City",2,2,"2009v1.7"
"/Return/ReturnData/IRS990ScheduleG/AddressOfGamingRecKeeperFrgn/Country",2,2,"2009v1.7"
"/Return/ReturnData/IRS990ScheduleG/AddressOfGamingRecKeeperFrgn/PostalCode",2,2,"2009v1.7"
"/Return/ReturnData/IRS990ScheduleL/LoanTable/NameBusiness/BusinessNameLine2",2,1,"2009v1.2"
"/Return/ReturnData/IRS990ScheduleM/QualifiedContribHistStruct/NumberOfContributions",2,2,"2009v1.7"
"/Return/ReturnData/IRS990ScheduleR/Form990ScheduleRPartVI/LegalDomicileForeignCountry",2,1,"2009v1.7"
"/Return/ReturnHeader/DisasterRelief",2,2,"2009v1.7"
"/Return/ReturnData/AffiliateListing/Affiliate/Name/BusinessNameLine2",1,1,"2009v1.7"
"/Return/ReturnData/AffiliatedGroupSchedule/AffiliatedSchedule/AddressUS/AddressLine2",1,1,"2009v1.7"
"/Return/ReturnData/IRS990EZ/CompOfHghstPaidCntrctProfSer/AddressUS/AddressLine2",1,1,"2009v1.2"
"/Return/ReturnData/IRS990EZ/CompensationOfHighestPaidEmpl/AddressUS/AddressLine2",1,1,"2009v1.2"
"/Return/ReturnData/IRS990EZ/TheBooksAreInCareOf/AddressForeign/AddressLine2",1,1,"2009v1.7"
"/Return/ReturnData/IRS990ScheduleA/HospitalNameAndAddress/Name/BusinessNameLine2",1,1,"2009v1.7"
"/Return/ReturnData/IRS990ScheduleI/RecipientTable/AddressForeign/AddressLine2",1,1,"2009v1.2"
"/Return/ReturnData/IRS990ScheduleM/QualifiedContribHistStruct/MethodOfDeterminingRevenues",1,1,"2009v1.7"
"/Return/ReturnData/IRS990ScheduleN/DateOfLetter",1,1,"2009v1.7"
"/Return/ReturnData/IRS990ScheduleN/DispositionTable/NameBusiness/BusinessNameLine2",1,1,"2009v1.7"
"/Return/ReturnData/IRS990ScheduleR/Form990ScheduleRPartI/AddressForeign/AddressLine2",1,1,"2009v1.2"
"/Return/ReturnHeader/PreparerFirm/PreparerFirmForeignAddress/AddressLine2",1,1,"2009v1.2"
