"xpath","count_occurrences","count_filings","schema_versions"
"/Return/ReturnData/IRS990/Form990PartVIISectionA",1654720,123025,"2010v3.2, 2010v3.4, 2010v3.6, 2010v3.7"
"/Return/ReturnData/IRS990/Form990PartVIISectionA/NamePerson",1649139,122468,"2010v3.2, 2010v3.4, 2010v3.6, 2010v3.7"
"/Return/ReturnData/IRS990/Form990PartVIISectionA/Title",1644636,123025,"2010v3.2, 2010v3.4, 2010v3.6, 2010v3.7"
"/Return/ReturnData/IRS990/Form990PartVIISectionA/ReportableCompFromOrganization",1628898,121891,"2010v3.2, 2010v3.4, 2010v3.6, 2010v3.7"
"/Return/ReturnData/IRS990/Form990PartVIISectionA/OtherCompensation",1624370,121734,"2010v3.2, 2010v3.4, 2010v3.6, 2010v3.7"
"/Return/ReturnData/IRS990/Form990PartVIISectionA/ReportableCompFromRelatedOrgs",1622642,121691,"2010v3.2, 2010v3.4, 2010v3.6, 2010v3.7"
"/Return/ReturnData/IRS990/Form990PartVIISectionA/AverageHoursPerWeek",1543920,118901,"2010v3.2, 2010v3.4, 2010v3.6, 2010v3.7"
"/Return/ReturnData/IRS990/Form990PartVIISectionA/IndividualTrusteeOrDirector",1285449,107010,"2010v3.2, 2010v3.4, 2010v3.6, 2010v3.7"
"/Return/ReturnData/IRS990ScheduleO/GeneralExplanation",1030395,184176,"2010v3.2, 2010v3.4, 2010v3.6, 2010v3.7"
"/Return/ReturnData/IRS990ScheduleO/GeneralExplanation/Explanation",1030395,184176,"2010v3.2, 2010v3.4, 2010v3.6, 2010v3.7"
"/Return/ReturnData/IRS990ScheduleO/GeneralExplanation/Identifier",788510,176808,"2010v3.2, 2010v3.4, 2010v3.6, 2010v3.7"
"/Return/ReturnData/IRS990ScheduleO/GeneralExplanation/ReturnReference",696608,148483,"2010v3.2, 2010v3.4, 2010v3.6, 2010v3.7"
"/Return/ReturnData/IRS990/Form990PartVIISectionA/Officer",494391,107818,"2010v3.2, 2010v3.4, 2010v3.6, 2010v3.7"
"/Return/ReturnData/IRS990/OtherExpenses",492352,116010,"2010v3.2, 2010v3.4, 2010v3.6, 2010v3.7"
"/Return/ReturnData/IRS990/OtherExpenses/Total",491670,115945,"2010v3.2, 2010v3.4, 2010v3.6, 2010v3.7"
"/Return/ReturnData/IRS990/OtherExpenses/Description",489860,115575,"2010v3.2, 2010v3.4, 2010v3.6, 2010v3.7"
"/Return/ReturnData/IRS990EZ/OfficerDirectorTrusteeKeyEmpl",427145,63326,"2010v3.2, 2010v3.4, 2010v3.6, 2010v3.7"
"/Return/ReturnData/IRS990EZ/OfficerDirectorTrusteeKeyEmpl/AvgHoursPerWkDevotedToPosition",427145,63326,"2010v3.2, 2010v3.4, 2010v3.6, 2010v3.7"
"/Return/ReturnData/IRS990EZ/OfficerDirectorTrusteeKeyEmpl/Compensation",427145,63326,"2010v3.2, 2010v3.4, 2010v3.6, 2010v3.7"
"/Return/ReturnData/IRS990EZ/OfficerDirectorTrusteeKeyEmpl/Title",427145,63326,"2010v3.2, 2010v3.4, 2010v3.6, 2010v3.7"
"/Return/ReturnData/IRS990EZ/OfficerDirectorTrusteeKeyEmpl/AddressUS",425858,63301,"2010v3.2, 2010v3.4, 2010v3.6, 2010v3.7"
"/Return/ReturnData/IRS990EZ/OfficerDirectorTrusteeKeyEmpl/AddressUS/AddressLine1",425858,63301,"2010v3.2, 2010v3.4, 2010v3.6, 2010v3.7"
"/Return/ReturnData/IRS990EZ/OfficerDirectorTrusteeKeyEmpl/AddressUS/City",425858,63301,"2010v3.2, 2010v3.4, 2010v3.6, 2010v3.7"
"/Return/ReturnData/IRS990EZ/OfficerDirectorTrusteeKeyEmpl/AddressUS/State",425858,63301,"2010v3.2, 2010v3.4, 2010v3.6, 2010v3.7"
"/Return/ReturnData/IRS990EZ/OfficerDirectorTrusteeKeyEmpl/AddressUS/ZIPCode",425858,63301,"2010v3.2, 2010v3.4, 2010v3.6, 2010v3.7"
"/Return/ReturnData/IRS990EZ/OfficerDirectorTrusteeKeyEmpl/PersonName",424253,62933,"2010v3.2, 2010v3.4, 2010v3.6, 2010v3.7"
"/Return/ReturnData/IRS990/OtherExpenses/ProgramServices",356359,93105,"2010v3.2, 2010v3.4, 2010v3.6, 2010v3.7"
"/Return/ReturnData/IRS990ScheduleR/Form990ScheduleRPartII",231011,34126,"2010v3.2, 2010v3.4, 2010v3.6, 2010v3.7"
"/Return/ReturnData/IRS990ScheduleR/Form990ScheduleRPartII/NameOfDisregardedEntity",230942,34102,"2010v3.2, 2010v3.4, 2010v3.6, 2010v3.7"
"/Return/ReturnData/IRS990ScheduleR/Form990ScheduleRPartII/NameOfDisregardedEntity/BusinessNameLine1",230942,34102,"2010v3.2, 2010v3.4, 2010v3.6, 2010v3.7"
"/Return/ReturnData/IRS990ScheduleR/Form990ScheduleRPartII/PrimaryActivities",229805,33405,"2010v3.2, 2010v3.4, 2010v3.6, 2010v3.7"
"/Return/ReturnData/IRS990ScheduleR/Form990ScheduleRPartII/LegalDomicileState",229226,33427,"2010v3.2, 2010v3.4, 2010v3.6, 2010v3.7"
"/Return/ReturnData/IRS990ScheduleR/Form990ScheduleRPartII/AddressUS",229220,33609,"2010v3.2, 2010v3.4, 2010v3.6, 2010v3.7"
"/Return/ReturnData/IRS990ScheduleR/Form990ScheduleRPartII/AddressUS/AddressLine1",229220,33609,"2010v3.2, 2010v3.4, 2010v3.6, 2010v3.7"
"/Return/ReturnData/IRS990ScheduleR/Form990ScheduleRPartII/AddressUS/City",229220,33609,"2010v3.2, 2010v3.4, 2010v3.6, 2010v3.7"
"/Return/ReturnData/IRS990ScheduleR/Form990ScheduleRPartII/AddressUS/State",229220,33609,"2010v3.2, 2010v3.4, 2010v3.6, 2010v3.7"
"/Return/ReturnData/IRS990ScheduleR/Form990ScheduleRPartII/AddressUS/ZIPCode",229220,33609,"2010v3.2, 2010v3.4, 2010v3.6, 2010v3.7"
"/Return/ReturnData/IRS990ScheduleI/RecipientTable",228952,17458,"2010v3.2, 2010v3.4, 2010v3.6, 2010v3.7"
"/Return/ReturnData/IRS990ScheduleI/RecipientTable/RecipientNameBusiness",228223,17407,"2010v3.2, 2010v3.4, 2010v3.6, 2010v3.7"
"/Return/ReturnData/IRS990ScheduleI/RecipientTable/RecipientNameBusiness/BusinessNameLine1",228223,17407,"2010v3.2, 2010v3.4, 2010v3.6, 2010v3.7"
"/Return/ReturnData/IRS990ScheduleR/Form990ScheduleRPartII/ExemptCodeSection",227819,32795,"2010v3.2, 2010v3.4, 2010v3.6, 2010v3.7"
"/Return/ReturnData/IRS990ScheduleR/Form990ScheduleRPartII/EIN",227173,32599,"2010v3.2, 2010v3.4, 2010v3.6, 2010v3.7"
"/Return/ReturnData/IRS990ScheduleI/RecipientTable/PurposeOfGrant",222046,16229,"2010v3.2, 2010v3.4, 2010v3.6, 2010v3.7"
"/Return/ReturnData/IRS990ScheduleI/RecipientTable/AddressUS",220588,16862,"2010v3.2, 2010v3.4, 2010v3.6, 2010v3.7"
"/Return/ReturnData/IRS990ScheduleI/RecipientTable/AddressUS/AddressLine1",220588,16862,"2010v3.2, 2010v3.4, 2010v3.6, 2010v3.7"
"/Return/ReturnData/IRS990ScheduleI/RecipientTable/AddressUS/City",220588,16862,"2010v3.2, 2010v3.4, 2010v3.6, 2010v3.7"
"/Return/ReturnData/IRS990ScheduleI/RecipientTable/AddressUS/State",220588,16862,"2010v3.2, 2010v3.4, 2010v3.6, 2010v3.7"
"/Return/ReturnData/IRS990ScheduleI/RecipientTable/AddressUS/ZIPCode",220588,16862,"2010v3.2, 2010v3.4, 2010v3.6, 2010v3.7"
"/Return/ReturnData/IRS990ScheduleI/RecipientTable/AmountOfCashGrant",215814,17001,"2010v3.2, 2010v3.4, 2010v3.6, 2010v3.7"
"/Return/ReturnData/IRS990/OtherExpenses/ManagementAndGeneral",214279,75491,"2010v3.2, 2010v3.4, 2010v3.6, 2010v3.7"
"/Return/ReturnData/IRS990ScheduleR/Form990ScheduleRPartII/PublicCharityStatus",214193,27671,"2010v3.2, 2010v3.4, 2010v3.6, 2010v3.7"
"/Return/ReturnData/IRS990ScheduleI/RecipientTable/EINOfRecipient",206740,15085,"2010v3.2, 2010v3.4, 2010v3.6, 2010v3.7"
"/Return/ReturnData/IRS990/ProgramServiceRevenue",196243,86018,"2010v3.2, 2010v3.4, 2010v3.6, 2010v3.7"
"/Return/ReturnData/IRS990/ProgramServiceRevenue/Description",195818,85715,"2010v3.2, 2010v3.4, 2010v3.6, 2010v3.7"
"/Return/ReturnData/IRS990/ProgramServiceRevenue/TotalRevenueColumn",195289,85778,"2010v3.2, 2010v3.4, 2010v3.6, 2010v3.7"
"/Return/ReturnData/IRS990ScheduleI/RecipientTable/IRCSection",194442,13102,"2010v3.2, 2010v3.4, 2010v3.6, 2010v3.7"
"/Return",186351,186351,"2010v3.2, 2010v3.4, 2010v3.6, 2010v3.7"
"/Return/ReturnData",186351,186351,"2010v3.2, 2010v3.4, 2010v3.6, 2010v3.7"
"/Return/ReturnHeader",186351,186351,"2010v3.2, 2010v3.4, 2010v3.6, 2010v3.7"
"/Return/ReturnHeader/BuildTS",186351,186351,"2010v3.2, 2010v3.4, 2010v3.6, 2010v3.7"
"/Return/ReturnHeader/Filer",186351,186351,"2010v3.2, 2010v3.4, 2010v3.6, 2010v3.7"
"/Return/ReturnHeader/Filer/EIN",186351,186351,"2010v3.2, 2010v3.4, 2010v3.6, 2010v3.7"
"/Return/ReturnHeader/Filer/Name",186351,186351,"2010v3.2, 2010v3.4, 2010v3.6, 2010v3.7"
"/Return/ReturnHeader/Filer/Name/BusinessNameLine1",186351,186351,"2010v3.2, 2010v3.4, 2010v3.6, 2010v3.7"
"/Return/ReturnHeader/Filer/NameControl",186351,186351,"2010v3.2, 2010v3.4, 2010v3.6, 2010v3.7"
"/Return/ReturnHeader/Officer",186351,186351,"2010v3.2, 2010v3.4, 2010v3.6, 2010v3.7"
"/Return/ReturnHeader/Officer/DateSigned",186351,186351,"2010v3.2, 2010v3.4, 2010v3.6, 2010v3.7"
"/Return/ReturnHeader/Officer/Name",186351,186351,"2010v3.2, 2010v3.4, 2010v3.6, 2010v3.7"
"/Return/ReturnHeader/Officer/Title",186351,186351,"2010v3.2, 2010v3.4, 2010v3.6, 2010v3.7"
"/Return/ReturnHeader/ReturnType",186351,186351,"2010v3.2, 2010v3.4, 2010v3.6, 2010v3.7"
"/Return/ReturnHeader/TaxPeriodBeginDate",186351,186351,"2010v3.2, 2010v3.4, 2010v3.6, 2010v3.7"
"/Return/ReturnHeader/TaxPeriodEndDate",186351,186351,"2010v3.2, 2010v3.4, 2010v3.6, 2010v3.7"
"/Return/ReturnHeader/TaxYear",186351,186351,"2010v3.2, 2010v3.4, 2010v3.6, 2010v3.7"
"/Return/ReturnHeader/Timestamp",186351,186351,"2010v3.2, 2010v3.4, 2010v3.6, 2010v3.7"
"/Return/ReturnHeader/Filer/USAddress",186241,186241,"2010v3.2, 2010v3.4, 2010v3.6, 2010v3.7"
"/Return/ReturnHeader/Filer/USAddress/AddressLine1",186241,186241,"2010v3.2, 2010v3.4, 2010v3.6, 2010v3.7"
"/Return/ReturnHeader/Filer/USAddress/City",186241,186241,"2010v3.2, 2010v3.4, 2010v3.6, 2010v3.7"
"/Return/ReturnHeader/Filer/USAddress/State",186241,186241,"2010v3.2, 2010v3.4, 2010v3.6, 2010v3.7"
"/Return/ReturnHeader/Filer/USAddress/ZIPCode",186241,186241,"2010v3.2, 2010v3.4, 2010v3.6, 2010v3.7"
"/Return/ReturnData/IRS990ScheduleO",184176,184176,"2010v3.2, 2010v3.4, 2010v3.6, 2010v3.7"
"/Return/ReturnData/IRS990ScheduleR/Form990ScheduleRPartII/ControlledOrg",178564,29044,"2010v3.2, 2010v3.4, 2010v3.6, 2010v3.7"
"/Return/ReturnData/IRS990EZ/OfficerDirectorTrusteeKeyEmpl/ContriToEmplBenefitPlansEtc",176612,26972,"2010v3.2, 2010v3.4, 2010v3.6, 2010v3.7"
"/Return/ReturnData/IRS990EZ/OfficerDirectorTrusteeKeyEmpl/ExpenseAccountOtherAllowances",175146,26893,"2010v3.2, 2010v3.4, 2010v3.6, 2010v3.7"
"/Return/ReturnHeader/Preparer",173687,173687,"2010v3.2, 2010v3.4, 2010v3.6, 2010v3.7"
"/Return/ReturnHeader/PreparerFirm",173494,173494,"2010v3.2, 2010v3.4, 2010v3.6, 2010v3.7"
"/Return/ReturnHeader/PreparerFirm/PreparerFirmBusinessName",173494,173494,"2010v3.2, 2010v3.4, 2010v3.6, 2010v3.7"
"/Return/ReturnHeader/PreparerFirm/PreparerFirmBusinessName/BusinessNameLine1",173494,173494,"2010v3.2, 2010v3.4, 2010v3.6, 2010v3.7"
"/Return/ReturnHeader/PreparerFirm/PreparerFirmUSAddress",173474,173474,"2010v3.2, 2010v3.4, 2010v3.6, 2010v3.7"
"/Return/ReturnHeader/PreparerFirm/PreparerFirmUSAddress/AddressLine1",173474,173474,"2010v3.2, 2010v3.4, 2010v3.6, 2010v3.7"
"/Return/ReturnHeader/PreparerFirm/PreparerFirmUSAddress/City",173474,173474,"2010v3.2, 2010v3.4, 2010v3.6, 2010v3.7"
"/Return/ReturnHeader/PreparerFirm/PreparerFirmUSAddress/State",173474,173474,"2010v3.2, 2010v3.4, 2010v3.6, 2010v3.7"
"/Return/ReturnHeader/PreparerFirm/PreparerFirmUSAddress/ZIPCode",173474,173474,"2010v3.2, 2010v3.4, 2010v3.6, 2010v3.7"
"/Return/ReturnData/IRS990/ProgramServiceRevenue/RelatedOrExemptFunctionIncome",172459,77253,"2010v3.2, 2010v3.4, 2010v3.6, 2010v3.7"
"/Return/ReturnHeader/Preparer/Phone",169765,169765,"2010v3.2, 2010v3.4, 2010v3.6, 2010v3.7"
"/Return/ReturnHeader/Filer/Phone",166541,166541,"2010v3.2, 2010v3.4, 2010v3.6, 2010v3.7"
"/Return/ReturnHeader/Preparer/Name",164022,164022,"2010v3.2, 2010v3.4, 2010v3.6, 2010v3.7"
"/Return/ReturnData/IRS990ScheduleR/Form990ScheduleRPartII/DirectControllingEntityName",150789,14745,"2010v3.2, 2010v3.4, 2010v3.6, 2010v3.7"
"/Return/ReturnData/IRS990ScheduleR/Form990ScheduleRPartII/DirectControllingEntityName/BusinessNameLine1",150789,14745,"2010v3.2, 2010v3.4, 2010v3.6, 2010v3.7"
"/Return/ReturnData/IRS990ScheduleA",140561,140561,"2010v3.2, 2010v3.4, 2010v3.6, 2010v3.7"
"/Return/ReturnData/IRS990/ProgramServiceRevenue/BusinessCode",140270,62458,"2010v3.2, 2010v3.4, 2010v3.6, 2010v3.7"
"/Return/ReturnHeader/Officer/Phone",135117,135117,"2010v3.2, 2010v3.4, 2010v3.6, 2010v3.7"
"/Return/ReturnData/IRS990ScheduleJ/Form990ScheduleJPartII",132025,30866,"2010v3.2, 2010v3.4, 2010v3.6, 2010v3.7"
"/Return/ReturnData/IRS990ScheduleJ/Form990ScheduleJPartII/NamePerson",131804,30797,"2010v3.2, 2010v3.4, 2010v3.6, 2010v3.7"
"/Return/ReturnData/IRS990ScheduleJ/Form990ScheduleJPartII/TotalCompensationFilingOrg",123740,28971,"2010v3.2, 2010v3.4, 2010v3.6, 2010v3.7"
"/Return/ReturnData/IRS990ScheduleJ/Form990ScheduleJPartII/BaseCompensationFilingOrg",123654,28951,"2010v3.2, 2010v3.4, 2010v3.6, 2010v3.7"
"/Return/ReturnData/IRS990",123025,123025,"2010v3.2, 2010v3.4, 2010v3.6, 2010v3.7"
"/Return/ReturnData/IRS990/AccountantCompileOrReview",123025,123025,"2010v3.2, 2010v3.4, 2010v3.6, 2010v3.7"
"/Return/ReturnData/IRS990/ActivitiesConductedPartnership",123025,123025,"2010v3.2, 2010v3.4, 2010v3.6, 2010v3.7"
"/Return/ReturnData/IRS990/ActivityOrMissionDescription",123025,123025,"2010v3.2, 2010v3.4, 2010v3.6, 2010v3.7"
"/Return/ReturnData/IRS990/BenefitsPaidToMembersCY",123025,123025,"2010v3.2, 2010v3.4, 2010v3.6, 2010v3.7"
"/Return/ReturnData/IRS990/BsnssRltnshpThruFamilyMember",123025,123025,"2010v3.2, 2010v3.4, 2010v3.6, 2010v3.7"
"/Return/ReturnData/IRS990/BsnssRltnshpWithOrganization",123025,123025,"2010v3.2, 2010v3.4, 2010v3.6, 2010v3.7"
"/Return/ReturnData/IRS990/ChangesToOrganizingDocs",123025,123025,"2010v3.2, 2010v3.4, 2010v3.6, 2010v3.7"
"/Return/ReturnData/IRS990/CollectionsOfArt",123025,123025,"2010v3.2, 2010v3.4, 2010v3.6, 2010v3.7"
"/Return/ReturnData/IRS990/CompensationFromOtherSources",123025,123025,"2010v3.2, 2010v3.4, 2010v3.6, 2010v3.7"
"/Return/ReturnData/IRS990/ConflictOfInterestPolicy",123025,123025,"2010v3.2, 2010v3.4, 2010v3.6, 2010v3.7"
"/Return/ReturnData/IRS990/ConservationEasements",123025,123025,"2010v3.2, 2010v3.4, 2010v3.6, 2010v3.7"
"/Return/ReturnData/IRS990/ConsolidatedAuditFinancialStmt",123025,123025,"2010v3.2, 2010v3.4, 2010v3.6, 2010v3.7"
"/Return/ReturnData/IRS990/ContributionsGrantsCurrentYear",123025,123025,"2010v3.2, 2010v3.4, 2010v3.6, 2010v3.7"
"/Return/ReturnData/IRS990/CreditCounseling",123025,123025,"2010v3.2, 2010v3.4, 2010v3.6, 2010v3.7"
"/Return/ReturnData/IRS990/DecisionsSubjectToApproval",123025,123025,"2010v3.2, 2010v3.4, 2010v3.6, 2010v3.7"
"/Return/ReturnData/IRS990/DeductibleContributionsOfArt",123025,123025,"2010v3.2, 2010v3.4, 2010v3.6, 2010v3.7"
"/Return/ReturnData/IRS990/DeductibleNonCashContributions",123025,123025,"2010v3.2, 2010v3.4, 2010v3.6, 2010v3.7"
"/Return/ReturnData/IRS990/DelegationOfManagementDuties",123025,123025,"2010v3.2, 2010v3.4, 2010v3.6, 2010v3.7"
"/Return/ReturnData/IRS990/DescribedIn501C3",123025,123025,"2010v3.2, 2010v3.4, 2010v3.6, 2010v3.7"
"/Return/ReturnData/IRS990/Description",123025,123025,"2010v3.2, 2010v3.4, 2010v3.6, 2010v3.7"
"/Return/ReturnData/IRS990/DisregardedEntity",123025,123025,"2010v3.2, 2010v3.4, 2010v3.6, 2010v3.7"
"/Return/ReturnData/IRS990/DocumentRetentionPolicy",123025,123025,"2010v3.2, 2010v3.4, 2010v3.6, 2010v3.7"
"/Return/ReturnData/IRS990/DonorAdvisedFunds",123025,123025,"2010v3.2, 2010v3.4, 2010v3.6, 2010v3.7"
"/Return/ReturnData/IRS990/ElectionOfBoardMembers",123025,123025,"2010v3.2, 2010v3.4, 2010v3.6, 2010v3.7"
"/Return/ReturnData/IRS990/FSAudited",123025,123025,"2010v3.2, 2010v3.4, 2010v3.6, 2010v3.7"
"/Return/ReturnData/IRS990/FamilyOrBusinessRelationship",123025,123025,"2010v3.2, 2010v3.4, 2010v3.6, 2010v3.7"
"/Return/ReturnData/IRS990/ForeignActivities",123025,123025,"2010v3.2, 2010v3.4, 2010v3.6, 2010v3.7"
"/Return/ReturnData/IRS990/ForeignFinancialAccount",123025,123025,"2010v3.2, 2010v3.4, 2010v3.6, 2010v3.7"
"/Return/ReturnData/IRS990/ForeignOffice",123025,123025,"2010v3.2, 2010v3.4, 2010v3.6, 2010v3.7"
"/Return/ReturnData/IRS990/Form990ProvidedToGoverningBody",123025,123025,"2010v3.2, 2010v3.4, 2010v3.6, 2010v3.7"
"/Return/ReturnData/IRS990/FormersListed",123025,123025,"2010v3.2, 2010v3.4, 2010v3.6, 2010v3.7"
"/Return/ReturnData/IRS990/FundraisingActivities",123025,123025,"2010v3.2, 2010v3.4, 2010v3.6, 2010v3.7"
"/Return/ReturnData/IRS990/Gaming",123025,123025,"2010v3.2, 2010v3.4, 2010v3.6, 2010v3.7"
"/Return/ReturnData/IRS990/GrantToRelatedPerson",123025,123025,"2010v3.2, 2010v3.4, 2010v3.6, 2010v3.7"
"/Return/ReturnData/IRS990/GrantsAndSimilarAmntsCY",123025,123025,"2010v3.2, 2010v3.4, 2010v3.6, 2010v3.7"
"/Return/ReturnData/IRS990/GrantsToIndividuals",123025,123025,"2010v3.2, 2010v3.4, 2010v3.6, 2010v3.7"
"/Return/ReturnData/IRS990/GrantsToOrganizations",123025,123025,"2010v3.2, 2010v3.4, 2010v3.6, 2010v3.7"
"/Return/ReturnData/IRS990/GrossReceipts",123025,123025,"2010v3.2, 2010v3.4, 2010v3.6, 2010v3.7"
"/Return/ReturnData/IRS990/GroupReturnForAffiliates",123025,123025,"2010v3.2, 2010v3.4, 2010v3.6, 2010v3.7"
"/Return/ReturnData/IRS990/Hospital",123025,123025,"2010v3.2, 2010v3.4, 2010v3.6, 2010v3.7"
"/Return/ReturnData/IRS990/IndependentAuditFinancialStmt",123025,123025,"2010v3.2, 2010v3.4, 2010v3.6, 2010v3.7"
"/Return/ReturnData/IRS990/IndoorTanningServices",123025,123025,"2010v3.2, 2010v3.4, 2010v3.6, 2010v3.7"
"/Return/ReturnData/IRS990/InvestmentInJointVenture",123025,123025,"2010v3.2, 2010v3.4, 2010v3.6, 2010v3.7"
"/Return/ReturnData/IRS990/InvestmentIncomeCurrentYear",123025,123025,"2010v3.2, 2010v3.4, 2010v3.6, 2010v3.7"
"/Return/ReturnData/IRS990/LoanToOfficerOrDQP",123025,123025,"2010v3.2, 2010v3.4, 2010v3.6, 2010v3.7"
"/Return/ReturnData/IRS990/LocalChapters",123025,123025,"2010v3.2, 2010v3.4, 2010v3.6, 2010v3.7"
"/Return/ReturnData/IRS990/MaterialDiversionOrMisuse",123025,123025,"2010v3.2, 2010v3.4, 2010v3.6, 2010v3.7"
"/Return/ReturnData/IRS990/MembersOrStockholders",123025,123025,"2010v3.2, 2010v3.4, 2010v3.6, 2010v3.7"
"/Return/ReturnData/IRS990/MinutesOfGoverningBody",123025,123025,"2010v3.2, 2010v3.4, 2010v3.6, 2010v3.7"
"/Return/ReturnData/IRS990/MoreThan5000KToIndividuals",123025,123025,"2010v3.2, 2010v3.4, 2010v3.6, 2010v3.7"
"/Return/ReturnData/IRS990/MoreThan5000KToOrganizations",123025,123025,"2010v3.2, 2010v3.4, 2010v3.6, 2010v3.7"
"/Return/ReturnData/IRS990/NbrIndependentVotingMembers",123025,123025,"2010v3.2, 2010v3.4, 2010v3.6, 2010v3.7"
"/Return/ReturnData/IRS990/NbrVotingGoverningBodyMembers",123025,123025,"2010v3.2, 2010v3.4, 2010v3.6, 2010v3.7"
"/Return/ReturnData/IRS990/NbrVotingMembersGoverningBody",123025,123025,"2010v3.2, 2010v3.4, 2010v3.6, 2010v3.7"
"/Return/ReturnData/IRS990/NetAssetsOrFundBalancesEOY",123025,123025,"2010v3.2, 2010v3.4, 2010v3.6, 2010v3.7"
"/Return/ReturnData/IRS990/NonDeductibleContributions",123025,123025,"2010v3.2, 2010v3.4, 2010v3.6, 2010v3.7"
"/Return/ReturnData/IRS990/NumberFormsTransmittedWith1096",123025,123025,"2010v3.2, 2010v3.4, 2010v3.6, 2010v3.7"
"/Return/ReturnData/IRS990/NumberIndependentVotingMembers",123025,123025,"2010v3.2, 2010v3.4, 2010v3.6, 2010v3.7"
"/Return/ReturnData/IRS990/NumberOfEmployees",123025,123025,"2010v3.2, 2010v3.4, 2010v3.6, 2010v3.7"
"/Return/ReturnData/IRS990/NumberW2GIncluded",123025,123025,"2010v3.2, 2010v3.4, 2010v3.6, 2010v3.7"
"/Return/ReturnData/IRS990/OfficerEntityWithBsnssRltnshp",123025,123025,"2010v3.2, 2010v3.4, 2010v3.6, 2010v3.7"
"/Return/ReturnData/IRS990/OfficerMailingAddress",123025,123025,"2010v3.2, 2010v3.4, 2010v3.6, 2010v3.7"
"/Return/ReturnData/IRS990/OtherExpensesCurrentYear",123025,123025,"2010v3.2, 2010v3.4, 2010v3.6, 2010v3.7"
"/Return/ReturnData/IRS990/OtherRevenueCurrentYear",123025,123025,"2010v3.2, 2010v3.4, 2010v3.6, 2010v3.7"
"/Return/ReturnData/IRS990/PartialLiquidation",123025,123025,"2010v3.2, 2010v3.4, 2010v3.6, 2010v3.7"
"/Return/ReturnData/IRS990/PoliticalActivities",123025,123025,"2010v3.2, 2010v3.4, 2010v3.6, 2010v3.7"
"/Return/ReturnData/IRS990/ProfessionalFundraising",123025,123025,"2010v3.2, 2010v3.4, 2010v3.6, 2010v3.7"
"/Return/ReturnData/IRS990/ProgramServiceRevenueCY",123025,123025,"2010v3.2, 2010v3.4, 2010v3.6, 2010v3.7"
"/Return/ReturnData/IRS990/ProhibitedTaxShelterTrans",123025,123025,"2010v3.2, 2010v3.4, 2010v3.6, 2010v3.7"
"/Return/ReturnData/IRS990/ReconcilationRevenueExpenses",123025,123025,"2010v3.2, 2010v3.4, 2010v3.6, 2010v3.7"
"/Return/ReturnData/IRS990/RelatedEntity",123025,123025,"2010v3.2, 2010v3.4, 2010v3.6, 2010v3.7"
"/Return/ReturnData/IRS990/RelatedOrgControlledEntity",123025,123025,"2010v3.2, 2010v3.4, 2010v3.6, 2010v3.7"
"/Return/ReturnData/IRS990/ReportFin48Footnote",123025,123025,"2010v3.2, 2010v3.4, 2010v3.6, 2010v3.7"
"/Return/ReturnData/IRS990/ReportInvestOthSecurities",123025,123025,"2010v3.2, 2010v3.4, 2010v3.6, 2010v3.7"
"/Return/ReturnData/IRS990/ReportLandBldgEquip",123025,123025,"2010v3.2, 2010v3.4, 2010v3.6, 2010v3.7"
"/Return/ReturnData/IRS990/ReportOtherAssets",123025,123025,"2010v3.2, 2010v3.4, 2010v3.6, 2010v3.7"
"/Return/ReturnData/IRS990/ReportOtherLiabilities",123025,123025,"2010v3.2, 2010v3.4, 2010v3.6, 2010v3.7"
"/Return/ReturnData/IRS990/ReportProgRelInvest",123025,123025,"2010v3.2, 2010v3.4, 2010v3.6, 2010v3.7"
"/Return/ReturnData/IRS990/RevenuesLessExpensesCY",123025,123025,"2010v3.2, 2010v3.4, 2010v3.6, 2010v3.7"
"/Return/ReturnData/IRS990/SalariesEtcCurrentYear",123025,123025,"2010v3.2, 2010v3.4, 2010v3.6, 2010v3.7"
"/Return/ReturnData/IRS990/ScheduleBRequired",123025,123025,"2010v3.2, 2010v3.4, 2010v3.6, 2010v3.7"
"/Return/ReturnData/IRS990/ScheduleJRequired",123025,123025,"2010v3.2, 2010v3.4, 2010v3.6, 2010v3.7"
"/Return/ReturnData/IRS990/ScheduleORequired",123025,123025,"2010v3.2, 2010v3.4, 2010v3.6, 2010v3.7"
"/Return/ReturnData/IRS990/School",123025,123025,"2010v3.2, 2010v3.4, 2010v3.6, 2010v3.7"
"/Return/ReturnData/IRS990/TaxExemptBonds",123025,123025,"2010v3.2, 2010v3.4, 2010v3.6, 2010v3.7"
"/Return/ReturnData/IRS990/TaxablePartyNotification",123025,123025,"2010v3.2, 2010v3.4, 2010v3.6, 2010v3.7"
"/Return/ReturnData/IRS990/TermOrPermanentEndowments",123025,123025,"2010v3.2, 2010v3.4, 2010v3.6, 2010v3.7"
"/Return/ReturnData/IRS990/Terminated",123025,123025,"2010v3.2, 2010v3.4, 2010v3.6, 2010v3.7"
"/Return/ReturnData/IRS990/TheBooksAreInCareOf",123025,123025,"2010v3.2, 2010v3.4, 2010v3.6, 2010v3.7"
"/Return/ReturnData/IRS990/TheBooksAreInCareOf/TelephoneNumber",123025,123025,"2010v3.2, 2010v3.4, 2010v3.6, 2010v3.7"
"/Return/ReturnData/IRS990/TotalAssets",123025,123025,"2010v3.2, 2010v3.4, 2010v3.6, 2010v3.7"
"/Return/ReturnData/IRS990/TotalAssets/BOY",123025,123025,"2010v3.2, 2010v3.4, 2010v3.6, 2010v3.7"
"/Return/ReturnData/IRS990/TotalAssets/EOY",123025,123025,"2010v3.2, 2010v3.4, 2010v3.6, 2010v3.7"
"/Return/ReturnData/IRS990/TotalAssetsEOY",123025,123025,"2010v3.2, 2010v3.4, 2010v3.6, 2010v3.7"
"/Return/ReturnData/IRS990/TotalCompGT150K",123025,123025,"2010v3.2, 2010v3.4, 2010v3.6, 2010v3.7"
"/Return/ReturnData/IRS990/TotalExpensesCurrentYear",123025,123025,"2010v3.2, 2010v3.4, 2010v3.6, 2010v3.7"
"/Return/ReturnData/IRS990/TotalFunctionalExpenses",123025,123025,"2010v3.2, 2010v3.4, 2010v3.6, 2010v3.7"
"/Return/ReturnData/IRS990/TotalFunctionalExpenses/Total",123025,123025,"2010v3.2, 2010v3.4, 2010v3.6, 2010v3.7"
"/Return/ReturnData/IRS990/TotalFundrsngExpCurrentYear",123025,123025,"2010v3.2, 2010v3.4, 2010v3.6, 2010v3.7"
"/Return/ReturnData/IRS990/TotalGrossUBI",123025,123025,"2010v3.2, 2010v3.4, 2010v3.6, 2010v3.7"
"/Return/ReturnData/IRS990/TotalLiabNetAssetsFundBalances",123025,123025,"2010v3.2, 2010v3.4, 2010v3.6, 2010v3.7"
"/Return/ReturnData/IRS990/TotalLiabNetAssetsFundBalances/BOY",123025,123025,"2010v3.2, 2010v3.4, 2010v3.6, 2010v3.7"
"/Return/ReturnData/IRS990/TotalLiabNetAssetsFundBalances/EOY",123025,123025,"2010v3.2, 2010v3.4, 2010v3.6, 2010v3.7"
"/Return/ReturnData/IRS990/TotalLiabilities",123025,123025,"2010v3.2, 2010v3.4, 2010v3.6, 2010v3.7"
"/Return/ReturnData/IRS990/TotalLiabilities/BOY",123025,123025,"2010v3.2, 2010v3.4, 2010v3.6, 2010v3.7"
"/Return/ReturnData/IRS990/TotalLiabilities/EOY",123025,123025,"2010v3.2, 2010v3.4, 2010v3.6, 2010v3.7"
"/Return/ReturnData/IRS990/TotalLiabilitiesEOY",123025,123025,"2010v3.2, 2010v3.4, 2010v3.6, 2010v3.7"
"/Return/ReturnData/IRS990/TotalNbrEmployees",123025,123025,"2010v3.2, 2010v3.4, 2010v3.6, 2010v3.7"
"/Return/ReturnData/IRS990/TotalNetAssetsFundBalances",123025,123025,"2010v3.2, 2010v3.4, 2010v3.6, 2010v3.7"
"/Return/ReturnData/IRS990/TotalNetAssetsFundBalances/BOY",123025,123025,"2010v3.2, 2010v3.4, 2010v3.6, 2010v3.7"
"/Return/ReturnData/IRS990/TotalNetAssetsFundBalances/EOY",123025,123025,"2010v3.2, 2010v3.4, 2010v3.6, 2010v3.7"
"/Return/ReturnData/IRS990/TotalProfFundrsngExpCY",123025,123025,"2010v3.2, 2010v3.4, 2010v3.6, 2010v3.7"
"/Return/ReturnData/IRS990/TotalRevenue",123025,123025,"2010v3.2, 2010v3.4, 2010v3.6, 2010v3.7"
"/Return/ReturnData/IRS990/TotalRevenue/TotalRevenueColumn",123025,123025,"2010v3.2, 2010v3.4, 2010v3.6, 2010v3.7"
"/Return/ReturnData/IRS990/TotalRevenueCurrentYear",123025,123025,"2010v3.2, 2010v3.4, 2010v3.6, 2010v3.7"
"/Return/ReturnData/IRS990/TransactionRelatedEntity",123025,123025,"2010v3.2, 2010v3.4, 2010v3.6, 2010v3.7"
"/Return/ReturnData/IRS990/UnrelatedBusinessIncome",123025,123025,"2010v3.2, 2010v3.4, 2010v3.6, 2010v3.7"
"/Return/ReturnData/IRS990/WhistleblowerPolicy",123025,123025,"2010v3.2, 2010v3.4, 2010v3.6, 2010v3.7"
"/Return/ReturnData/IRS990/MissionDescription",122862,122862,"2010v3.2, 2010v3.4, 2010v3.6, 2010v3.7"
"/Return/ReturnData/IRS990/TheBooksAreInCareOf/AddressUS",122818,122818,"2010v3.2, 2010v3.4, 2010v3.6, 2010v3.7"
"/Return/ReturnData/IRS990/TheBooksAreInCareOf/AddressUS/AddressLine1",122818,122818,"2010v3.2, 2010v3.4, 2010v3.6, 2010v3.7"
"/Return/ReturnData/IRS990/TheBooksAreInCareOf/AddressUS/City",122818,122818,"2010v3.2, 2010v3.4, 2010v3.6, 2010v3.7"
"/Return/ReturnData/IRS990/TheBooksAreInCareOf/AddressUS/State",122818,122818,"2010v3.2, 2010v3.4, 2010v3.6, 2010v3.7"
"/Return/ReturnData/IRS990/TheBooksAreInCareOf/AddressUS/ZIPCode",122818,122818,"2010v3.2, 2010v3.4, 2010v3.6, 2010v3.7"
"/Return/ReturnData/IRS990/MinutesOfCommittees",122549,122549,"2010v3.2, 2010v3.4, 2010v3.6, 2010v3.7"
"/Return/ReturnData/IRS990/SignificantChange",122528,122528,"2010v3.2, 2010v3.4, 2010v3.6, 2010v3.7"
"/Return/ReturnData/IRS990/SignificantNewProgramServices",122253,122253,"2010v3.2, 2010v3.4, 2010v3.6, 2010v3.7"
"/Return/ReturnData/IRS990/CompensationProcessCEO",122105,122105,"2010v3.2, 2010v3.4, 2010v3.6, 2010v3.7"
"/Return/ReturnData/IRS990/TotalAssetsBOY",121892,121892,"2010v3.2, 2010v3.4, 2010v3.6, 2010v3.7"
"/Return/ReturnData/IRS990/CompensationProcessOther",121887,121887,"2010v3.2, 2010v3.4, 2010v3.6, 2010v3.7"
"/Return/ReturnData/IRS990/NetAssetsOrFundBalancesBOY",121692,121692,"2010v3.2, 2010v3.4, 2010v3.6, 2010v3.7"
"/Return/ReturnData/IRS990ScheduleJ/Form990ScheduleJPartII/NontaxableBenefitsFilingOrg",119866,27146,"2010v3.2, 2010v3.4, 2010v3.6, 2010v3.7"
"/Return/ReturnData/IRS990ScheduleJ/Form990ScheduleJPartII/DeferredCompFilingOrg",117946,26529,"2010v3.2, 2010v3.4, 2010v3.6, 2010v3.7"
"/Return/ReturnData/IRS990/InfoInScheduleOPartVI",117912,117912,"2010v3.2, 2010v3.4, 2010v3.6, 2010v3.7"
"/Return/ReturnData/IRS990/TotalRevenuePriorYear",117227,117227,"2010v3.2, 2010v3.4, 2010v3.6, 2010v3.7"
"/Return/ReturnData/IRS990ScheduleD/Form990ScheduleDPartXIV",117101,50418,"2010v3.2, 2010v3.4, 2010v3.6, 2010v3.7"
"/Return/ReturnData/IRS990/RevenuesLessExpensesPriorYear",117039,117039,"2010v3.2, 2010v3.4, 2010v3.6, 2010v3.7"
"/Return/ReturnData/IRS990ScheduleD/Form990ScheduleDPartXIV/Explanation",116941,50377,"2010v3.2, 2010v3.4, 2010v3.6, 2010v3.7"
"/Return/ReturnData/IRS990/TotalExpensesPriorYear",116836,116836,"2010v3.2, 2010v3.4, 2010v3.6, 2010v3.7"
"/Return/ReturnData/IRS990ScheduleJ/Form990ScheduleJPartII/TotalCompensationRelatedOrgs",116481,26385,"2010v3.2, 2010v3.4, 2010v3.6, 2010v3.7"
"/Return/ReturnData/IRS990ScheduleJ/Form990ScheduleJPartII/CompBasedOnRelatedOrgs",116400,26356,"2010v3.2, 2010v3.4, 2010v3.6, 2010v3.7"
"/Return/ReturnData/IRS990/OtherExpensePriorYear",116342,116342,"2010v3.2, 2010v3.4, 2010v3.6, 2010v3.7"
"/Return/ReturnData/IRS990ScheduleJ/Form990ScheduleJPartII/NontaxableBenefitsRelatedOrgs",115036,25860,"2010v3.2, 2010v3.4, 2010v3.6, 2010v3.7"
"/Return/ReturnData/IRS990ScheduleJ/Form990ScheduleJPartII/OtherCompensationFilingOrg",115005,25567,"2010v3.2, 2010v3.4, 2010v3.6, 2010v3.7"
"/Return/ReturnData/IRS990ScheduleJ/Form990ScheduleJPartII/DeferredCompRelatedOrgs",114025,25482,"2010v3.2, 2010v3.4, 2010v3.6, 2010v3.7"
"/Return/ReturnData/IRS990ScheduleJ/Form990ScheduleJPartII/BonusFilingOrg",113857,25458,"2010v3.2, 2010v3.4, 2010v3.6, 2010v3.7"
"/Return/ReturnData/IRS990/StateLegalDomicile",113819,113819,"2010v3.2, 2010v3.4, 2010v3.6, 2010v3.7"
"/Return/ReturnData/IRS990/FederalGrantAuditRequired",113716,113716,"2010v3.2, 2010v3.4, 2010v3.6, 2010v3.7"
"/Return/ReturnData/IRS990ScheduleJ/Form990ScheduleJPartII/OtherCompensationRelatedOrgs",113383,25243,"2010v3.2, 2010v3.4, 2010v3.6, 2010v3.7"
"/Return/ReturnData/IRS990/UponRequest",113330,113330,"2010v3.2, 2010v3.4, 2010v3.6, 2010v3.7"
"/Return/ReturnData/IRS990/TotalFunctionalExpenses/ProgramServices",113061,113061,"2010v3.2, 2010v3.4, 2010v3.6, 2010v3.7"
"/Return/ReturnData/IRS990/TotalFunctionalExpenses/ManagementAndGeneral",112536,112536,"2010v3.2, 2010v3.4, 2010v3.6, 2010v3.7"
"/Return/ReturnData/IRS990ScheduleJ/Form990ScheduleJPartII/BonusRelatedOrgs",112377,25038,"2010v3.2, 2010v3.4, 2010v3.6, 2010v3.7"
"/Return/ReturnHeader/Officer/AuthorizeThirdParty",111437,111437,"2010v3.2, 2010v3.4, 2010v3.6, 2010v3.7"
"/Return/ReturnData/IRS990/TotalRevenue/RelatedOrExemptFunctionIncome",111426,111426,"2010v3.2, 2010v3.4, 2010v3.6, 2010v3.7"
"/Return/ReturnData/IRS990/WebSite",111199,111199,"2010v3.2, 2010v3.4, 2010v3.6, 2010v3.7"
"/Return/ReturnData/IRS990/TotalFunctionalExpenses/Fundraising",111179,111179,"2010v3.2, 2010v3.4, 2010v3.6, 2010v3.7"
"/Return/ReturnData/IRS990/YearFormation",111061,111061,"2010v3.2, 2010v3.4, 2010v3.6, 2010v3.7"
"/Return/ReturnData/IRS990/CashNonInterestBearing",109700,109700,"2010v3.2, 2010v3.4, 2010v3.6, 2010v3.7"
"/Return/ReturnData/IRS990ScheduleD",109259,109259,"2010v3.2, 2010v3.4, 2010v3.6, 2010v3.7"
"/Return/ReturnData/IRS990ScheduleJ/Form990ScheduleJPartII/CompReportPrior990FilingOrg",109095,25166,"2010v3.2, 2010v3.4, 2010v3.6, 2010v3.7"
"/Return/ReturnData/IRS990/StatesWhereCopyOfReturnIsFiled",108339,64979,"2010v3.2, 2010v3.4, 2010v3.6, 2010v3.7"
"/Return/ReturnData/IRS990/CashNonInterestBearing/EOY",108182,108182,"2010v3.2, 2010v3.4, 2010v3.6, 2010v3.7"
"/Return/ReturnData/IRS990/TotalLiabilitiesBOY",107838,107838,"2010v3.2, 2010v3.4, 2010v3.6, 2010v3.7"
"/Return/ReturnData/IRS990ScheduleJ/Form990ScheduleJPartII/CompReportPrior990RelatedOrgs",107234,24323,"2010v3.2, 2010v3.4, 2010v3.6, 2010v3.7"
"/Return/ReturnData/IRS990ScheduleD/Form990ScheduleDPartXIV/Identifier",106930,47095,"2010v3.2, 2010v3.4, 2010v3.6, 2010v3.7"
"/Return/ReturnData/IRS990/TotalProgramServiceExpense",106924,106924,"2010v3.2, 2010v3.4, 2010v3.6, 2010v3.7"
"/Return/ReturnData/IRS990/InvestmentIncomePriorYear",106851,106851,"2010v3.2, 2010v3.4, 2010v3.6, 2010v3.7"
"/Return/ReturnData/IRS990ScheduleD/OtherLiabilities",106645,53434,"2010v3.2, 2010v3.4, 2010v3.6, 2010v3.7"
"/Return/ReturnData/IRS990ScheduleD/OtherLiabilities/Description",106534,53356,"2010v3.2, 2010v3.4, 2010v3.6, 2010v3.7"
"/Return/ReturnData/IRS990/InvestmentIncome",106278,106278,"2010v3.2, 2010v3.4, 2010v3.6, 2010v3.7"
"/Return/ReturnData/IRS990/InvestmentIncome/TotalRevenueColumn",106275,106275,"2010v3.2, 2010v3.4, 2010v3.6, 2010v3.7"
"/Return/ReturnData/IRS990/TypeOfOrganizationCorporation",106080,106080,"2010v3.2, 2010v3.4, 2010v3.6, 2010v3.7"
"/Return/ReturnData/IRS990/Expense",105024,105024,"2010v3.2, 2010v3.4, 2010v3.6, 2010v3.7"
"/Return/ReturnData/IRS990/CashNonInterestBearing/BOY",104965,104965,"2010v3.2, 2010v3.4, 2010v3.6, 2010v3.7"
"/Return/ReturnData/IRS990/ContributionsGrantsPriorYear",104368,104368,"2010v3.2, 2010v3.4, 2010v3.6, 2010v3.7"
"/Return/ReturnData/IRS990/ExcessBenefitTransaction",103771,103771,"2010v3.2, 2010v3.4, 2010v3.6, 2010v3.7"
"/Return/ReturnData/IRS990/PriorExcessBenefitTransaction",103753,103753,"2010v3.2, 2010v3.4, 2010v3.6, 2010v3.7"
"/Return/ReturnData/IRS990ScheduleD/OtherLiabilities/Amount",103622,53075,"2010v3.2, 2010v3.4, 2010v3.6, 2010v3.7"
"/Return/ReturnData/IRS990/SalariesEtcPriorYear",101223,101223,"2010v3.2, 2010v3.4, 2010v3.6, 2010v3.7"
"/Return/ReturnData/IRS990/FeesForServicesAccounting",101171,101171,"2010v3.2, 2010v3.4, 2010v3.6, 2010v3.7"
"/Return/ReturnData/IRS990/FeesForServicesAccounting/Total",101171,101171,"2010v3.2, 2010v3.4, 2010v3.6, 2010v3.7"
"/Return/ReturnData/IRS990/OfficeExpenses",100952,100952,"2010v3.2, 2010v3.4, 2010v3.6, 2010v3.7"
"/Return/ReturnData/IRS990/OfficeExpenses/Total",100952,100952,"2010v3.2, 2010v3.4, 2010v3.6, 2010v3.7"
"/Return/ReturnData/IRS990/NameOfPrincipalOfficerPerson",100868,100868,"2010v3.2, 2010v3.4, 2010v3.6, 2010v3.7"
"/Return/ReturnData/IRS990/TotalContributions",100736,100736,"2010v3.2, 2010v3.4, 2010v3.6, 2010v3.7"
"/Return/ReturnData/IRS990/AddressPrincipalOfficerUS",100689,100689,"2010v3.2, 2010v3.4, 2010v3.6, 2010v3.7"
"/Return/ReturnData/IRS990/AddressPrincipalOfficerUS/AddressLine1",100689,100689,"2010v3.2, 2010v3.4, 2010v3.6, 2010v3.7"
"/Return/ReturnData/IRS990/AddressPrincipalOfficerUS/City",100689,100689,"2010v3.2, 2010v3.4, 2010v3.6, 2010v3.7"
"/Return/ReturnData/IRS990/AddressPrincipalOfficerUS/State",100689,100689,"2010v3.2, 2010v3.4, 2010v3.6, 2010v3.7"
"/Return/ReturnData/IRS990/AddressPrincipalOfficerUS/ZIPCode",100689,100689,"2010v3.2, 2010v3.4, 2010v3.6, 2010v3.7"
"/Return/ReturnData/IRS990/OtherExpenses/Fundraising",100652,35803,"2010v3.2, 2010v3.4, 2010v3.6, 2010v3.7"
"/Return/ReturnData/IRS990/LobbyingActivities",100616,100616,"2010v3.2, 2010v3.4, 2010v3.6, 2010v3.7"
"/Return/ReturnData/IRS990ScheduleD/TotalOfBookValueLandBuildings",99579,99579,"2010v3.2, 2010v3.4, 2010v3.6, 2010v3.7"
"/Return/ReturnData/IRS990/ProgramServiceRevenuePriorYear",99556,99556,"2010v3.2, 2010v3.4, 2010v3.6, 2010v3.7"
"/Return/ReturnData/IRS990/LandBuildingsEquipmentBasisNet",98190,98190,"2010v3.2, 2010v3.4, 2010v3.6, 2010v3.7"
"/Return/ReturnData/IRS990/TotalRevenue/ExclusionAmount",96758,96758,"2010v3.2, 2010v3.4, 2010v3.6, 2010v3.7"
"/Return/ReturnData/IRS990/LandBuildingsEquipmentBasisNet/EOY",96757,96757,"2010v3.2, 2010v3.4, 2010v3.6, 2010v3.7"
"/Return/ReturnData/IRS990EZ/ProgramServiceAccomplishment",95504,63326,"2010v3.2, 2010v3.4, 2010v3.6, 2010v3.7"
"/Return/ReturnData/IRS990EZ/ProgramServiceAccomplishment/DescriptionProgramServiceAccom",95504,63326,"2010v3.2, 2010v3.4, 2010v3.6, 2010v3.7"
"/Return/ReturnData/IRS990/TotalReportableCompFromOrg",95432,95432,"2010v3.2, 2010v3.4, 2010v3.6, 2010v3.7"
"/Return/ReturnData/IRS990/DepreciationDepletion",95375,95375,"2010v3.2, 2010v3.4, 2010v3.6, 2010v3.7"
"/Return/ReturnData/IRS990/DepreciationDepletion/Total",95363,95363,"2010v3.2, 2010v3.4, 2010v3.6, 2010v3.7"
"/Return/ReturnData/IRS990/OtherRevenuePriorYear",94827,94827,"2010v3.2, 2010v3.4, 2010v3.6, 2010v3.7"
"/Return/ReturnData/IRS990/TotalProgramServiceRevenue",94445,94445,"2010v3.2, 2010v3.4, 2010v3.6, 2010v3.7"
"/Return/ReturnData/IRS990/LandBuildingsEquipmentBasis",94173,94173,"2010v3.2, 2010v3.4, 2010v3.6, 2010v3.7"
"/Return/ReturnData/IRS990/FollowSFAS117",93869,93869,"2010v3.2, 2010v3.4, 2010v3.6, 2010v3.7"
"/Return/ReturnData/IRS990/UnrestrictedNetAssets",92759,92759,"2010v3.2, 2010v3.4, 2010v3.6, 2010v3.7"
"/Return/ReturnData/IRS990/Organization501c3",92741,92741,"2010v3.2, 2010v3.4, 2010v3.6, 2010v3.7"
"/Return/ReturnData/IRS990/LandBuildingsEquipmentBasisNet/BOY",92617,92617,"2010v3.2, 2010v3.4, 2010v3.6, 2010v3.7"
"/Return/ReturnData/IRS990/UnrestrictedNetAssets/EOY",92534,92534,"2010v3.2, 2010v3.4, 2010v3.6, 2010v3.7"
"/Return/ReturnData/IRS990/TotalNbrVolunteers",92169,92169,"2010v3.2, 2010v3.4, 2010v3.6, 2010v3.7"
"/Return/ReturnData/IRS990/QuidProQuoContributions",91952,91952,"2010v3.2, 2010v3.4, 2010v3.6, 2010v3.7"
"/Return/ReturnData/IRS990/UnrestrictedNetAssets/BOY",91908,91908,"2010v3.2, 2010v3.4, 2010v3.6, 2010v3.7"
"/Return/ReturnData/IRS990/TransfersToExemptNonChrtblOrg",91716,91716,"2010v3.2, 2010v3.4, 2010v3.6, 2010v3.7"
"/Return/ReturnData/IRS990/Form8282PropertyDisposedOf",91594,91594,"2010v3.2, 2010v3.4, 2010v3.6, 2010v3.7"
"/Return/ReturnData/IRS990/NumberIndividualsGT100K",91460,91460,"2010v3.2, 2010v3.4, 2010v3.6, 2010v3.7"
"/Return/ReturnData/IRS990/Insurance",91205,91205,"2010v3.2, 2010v3.4, 2010v3.6, 2010v3.7"
"/Return/ReturnData/IRS990/Insurance/Total",91205,91205,"2010v3.2, 2010v3.4, 2010v3.6, 2010v3.7"
"/Return/ReturnData/IRS990/OtherSalariesAndWages",90888,90888,"2010v3.2, 2010v3.4, 2010v3.6, 2010v3.7"
"/Return/ReturnData/IRS990/OtherSalariesAndWages/Total",90888,90888,"2010v3.2, 2010v3.4, 2010v3.6, 2010v3.7"
"/Return/ReturnData/IRS990/Occupancy",90713,90713,"2010v3.2, 2010v3.4, 2010v3.6, 2010v3.7"
"/Return/ReturnData/IRS990/Occupancy/Total",90712,90712,"2010v3.2, 2010v3.4, 2010v3.6, 2010v3.7"
"/Return/ReturnData/IRS990/AccountsPayableAccruedExpenses",90304,90304,"2010v3.2, 2010v3.4, 2010v3.6, 2010v3.7"
"/Return/ReturnData/IRS990/LandBldgEquipmentAccumDeprec",90232,90232,"2010v3.2, 2010v3.4, 2010v3.6, 2010v3.7"
"/Return/ReturnData/IRS990ScheduleR/Form990ScheduleRPartIII",89129,6269,"2010v3.2, 2010v3.4, 2010v3.7"
"/Return/ReturnData/IRS990ScheduleR/Form990ScheduleRPartIII/NameOfRelatedOrg",89071,6234,"2010v3.2, 2010v3.4, 2010v3.7"
"/Return/ReturnData/IRS990ScheduleR/Form990ScheduleRPartIII/NameOfRelatedOrg/BusinessNameLine1",89071,6234,"2010v3.2, 2010v3.4, 2010v3.7"
"/Return/ReturnData/IRS990/PayrollTaxes",89035,89035,"2010v3.2, 2010v3.4, 2010v3.6, 2010v3.7"
"/Return/ReturnData/IRS990/PayrollTaxes/Total",89035,89035,"2010v3.2, 2010v3.4, 2010v3.6, 2010v3.7"
"/Return/ReturnData/IRS990ScheduleR/Form990ScheduleRPartIII/PrimaryActivity",88858,6124,"2010v3.2, 2010v3.4, 2010v3.7"
"/Return/ReturnData/IRS990ScheduleR/Form990ScheduleRPartIII/LegalDomicileState",88616,6124,"2010v3.2, 2010v3.4, 2010v3.7"
"/Return/ReturnData/IRS990/EmploymentTaxReturnsFiled",88489,88489,"2010v3.2, 2010v3.4, 2010v3.6, 2010v3.7"
"/Return/ReturnData/IRS990ScheduleR/Form990ScheduleRPartIII/AddressUS",88332,6092,"2010v3.2, 2010v3.4, 2010v3.7"
"/Return/ReturnData/IRS990ScheduleR/Form990ScheduleRPartIII/AddressUS/AddressLine1",88332,6092,"2010v3.2, 2010v3.4, 2010v3.7"
"/Return/ReturnData/IRS990ScheduleR/Form990ScheduleRPartIII/AddressUS/City",88332,6092,"2010v3.2, 2010v3.4, 2010v3.7"
"/Return/ReturnData/IRS990ScheduleR/Form990ScheduleRPartIII/AddressUS/State",88332,6092,"2010v3.2, 2010v3.4, 2010v3.7"
"/Return/ReturnData/IRS990ScheduleR/Form990ScheduleRPartIII/AddressUS/ZIPCode",88332,6092,"2010v3.2, 2010v3.4, 2010v3.7"
"/Return/ReturnData/IRS990/AuditCommittee",88278,88278,"2010v3.2, 2010v3.4, 2010v3.6, 2010v3.7"
"/Return/ReturnHeader/Preparer/DatePrepared",88166,88166,"2010v3.2, 2010v3.4, 2010v3.6, 2010v3.7"
"/Return/ReturnData/IRS990ScheduleR/Form990ScheduleRPartIII/EIN",87921,5991,"2010v3.2, 2010v3.4, 2010v3.7"
"/Return/ReturnData/IRS990/AnnualDisclosureCoveredPersons",87687,87687,"2010v3.2, 2010v3.4, 2010v3.6, 2010v3.7"
"/Return/ReturnData/IRS990/RegularMonitoringEnforcement",87501,87501,"2010v3.2, 2010v3.4, 2010v3.6, 2010v3.7"
"/Return/ReturnData/IRS990/AccountsPayableAccruedExpenses/EOY",87342,87342,"2010v3.2, 2010v3.4, 2010v3.6, 2010v3.7"
"/Return/ReturnData/IRS990/MethodOfAccountingAccrual",87282,87282,"2010v3.2, 2010v3.4, 2010v3.6, 2010v3.7"
"/Return/ReturnData/IRS990/AccountsPayableAccruedExpenses/BOY",86450,86450,"2010v3.2, 2010v3.4, 2010v3.6, 2010v3.7"
"/Return/ReturnData/CompensationExplanation/Compensation",86277,12315,"2010v3.2, 2010v3.4, 2010v3.6, 2010v3.7"
"/Return/ReturnData/IRS990/SavingsAndTempCashInvestments",85529,85529,"2010v3.2, 2010v3.4, 2010v3.6, 2010v3.7"
"/Return/ReturnData/CompensationExplanation/Compensation/PersonName",84700,12149,"2010v3.2, 2010v3.4, 2010v3.6, 2010v3.7"
"/Return/ReturnData/IRS990/NumberOfContractorsGT100K",83960,83960,"2010v3.2, 2010v3.4, 2010v3.6, 2010v3.7"
"/Return/ReturnData/IRS990/SavingsAndTempCashInvestments/EOY",83475,83475,"2010v3.2, 2010v3.4, 2010v3.6, 2010v3.7"
"/Return/ReturnData/IRS990/OtherRevenueMisc",81912,51505,"2010v3.2, 2010v3.4, 2010v3.6, 2010v3.7"
"/Return/ReturnData/IRS990/OtherRevenueMisc/Description",81769,51387,"2010v3.2, 2010v3.4, 2010v3.6, 2010v3.7"
"/Return/ReturnData/IRS990/OtherRevenueMisc/TotalRevenueColumn",81161,51039,"2010v3.2, 2010v3.4, 2010v3.6, 2010v3.7"
"/Return/ReturnData/IRS990/Travel",80439,80439,"2010v3.2, 2010v3.4, 2010v3.6, 2010v3.7"
"/Return/ReturnData/IRS990/Travel/Total",80439,80439,"2010v3.2, 2010v3.4, 2010v3.6, 2010v3.7"
"/Return/ReturnData/IRS990/TotalOtherCompensation",78959,78959,"2010v3.2, 2010v3.4, 2010v3.6, 2010v3.7"
"/Return/ReturnData/IRS990/FundsToPayPremiums",78676,78676,"2010v3.2, 2010v3.4, 2010v3.6, 2010v3.7"
"/Return/ReturnData/IRS990ScheduleR/TransactionsRelatedOrgsTable",78452,20407,"2010v3.2, 2010v3.4, 2010v3.6, 2010v3.7"
"/Return/ReturnData/IRS990ScheduleR/TransactionsRelatedOrgsTable/NameOfOtherOrganization",78376,20387,"2010v3.2, 2010v3.4, 2010v3.6, 2010v3.7"
"/Return/ReturnData/IRS990ScheduleR/TransactionsRelatedOrgsTable/NameOfOtherOrganization/BusinessNameLine1",78376,20387,"2010v3.2, 2010v3.4, 2010v3.6, 2010v3.7"
"/Return/ReturnData/IRS990/PremiumsPaid",78283,78283,"2010v3.2, 2010v3.4, 2010v3.6, 2010v3.7"
"/Return/ReturnData/IRS990/AllOtherExpenses",78173,78173,"2010v3.2, 2010v3.4, 2010v3.6, 2010v3.7"
"/Return/ReturnData/IRS990/AllOtherExpenses/Total",78129,78129,"2010v3.2, 2010v3.4, 2010v3.6, 2010v3.7"
"/Return/ReturnData/IRS990/AllOtherContributions",77906,77906,"2010v3.2, 2010v3.4, 2010v3.6, 2010v3.7"
"/Return/ReturnData/IRS990/ComplianceWithBackupWitholding",77574,77574,"2010v3.2, 2010v3.4, 2010v3.6, 2010v3.7"
"/Return/ReturnData/IRS990/ReconcilationOtherChanges",77051,77051,"2010v3.2, 2010v3.4, 2010v3.6, 2010v3.7"
"/Return/ReturnData/IRS990/OtherEmployeeBenefits",76816,76816,"2010v3.2, 2010v3.4, 2010v3.6, 2010v3.7"
"/Return/ReturnData/IRS990/OtherEmployeeBenefits/Total",76816,76816,"2010v3.2, 2010v3.4, 2010v3.6, 2010v3.7"
"/Return/ReturnData/IRS990ScheduleR/TransactionsRelatedOrgsTable/TransactionType",76602,20043,"2010v3.2, 2010v3.4, 2010v3.6, 2010v3.7"
"/Return/ReturnData/IRS990ScheduleB",75866,75866,"2010v3.2, 2010v3.4, 2010v3.6, 2010v3.7"
"/Return/ReturnData/IRS990ScheduleB/ContributorInfo",75866,75866,"2010v3.2, 2010v3.4, 2010v3.6, 2010v3.7"
"/Return/ReturnData/IRS990ScheduleB/ContributorInfo/AggregateContributions",75866,75866,"2010v3.2, 2010v3.4, 2010v3.6, 2010v3.7"
"/Return/ReturnData/IRS990ScheduleB/ContributorInfo/ContributorAddressUS",75866,75866,"2010v3.2, 2010v3.4, 2010v3.6, 2010v3.7"
"/Return/ReturnData/IRS990ScheduleB/ContributorInfo/ContributorAddressUS/AddressLine1",75866,75866,"2010v3.2, 2010v3.4, 2010v3.6, 2010v3.7"
"/Return/ReturnData/IRS990ScheduleB/ContributorInfo/ContributorAddressUS/AddressLine2",75866,75866,"2010v3.2, 2010v3.4, 2010v3.6, 2010v3.7"
"/Return/ReturnData/IRS990ScheduleB/ContributorInfo/ContributorAddressUS/City",75866,75866,"2010v3.2, 2010v3.4, 2010v3.6, 2010v3.7"
"/Return/ReturnData/IRS990ScheduleB/ContributorInfo/ContributorAddressUS/State",75866,75866,"2010v3.2, 2010v3.4, 2010v3.6, 2010v3.7"
"/Return/ReturnData/IRS990ScheduleB/ContributorInfo/ContributorAddressUS/ZIPCode",75866,75866,"2010v3.2, 2010v3.4, 2010v3.6, 2010v3.7"
"/Return/ReturnData/IRS990ScheduleB/ContributorInfo/ContributorNameBusiness",75866,75866,"2010v3.2, 2010v3.4, 2010v3.6, 2010v3.7"
"/Return/ReturnData/IRS990ScheduleB/ContributorInfo/ContributorNameBusiness/BusinessNameLine1",75866,75866,"2010v3.2, 2010v3.4, 2010v3.6, 2010v3.7"
"/Return/ReturnData/IRS990ScheduleB/ContributorInfo/ContributorNumber",75866,75866,"2010v3.2, 2010v3.4, 2010v3.6, 2010v3.7"
"/Return/ReturnData/IRS990/SavingsAndTempCashInvestments/BOY",75836,75836,"2010v3.2, 2010v3.4, 2010v3.6, 2010v3.7"
"/Return/ReturnData/IRS990/AccountsReceivable",75786,75786,"2010v3.2, 2010v3.4, 2010v3.6, 2010v3.7"
"/Return/ReturnData/IRS990/CompCurrentOfficersDirectors",75577,75577,"2010v3.2, 2010v3.4, 2010v3.6, 2010v3.7"
"/Return/ReturnData/IRS990/CompCurrentOfficersDirectors/Total",75576,75576,"2010v3.2, 2010v3.4, 2010v3.6, 2010v3.7"
"/Return/ReturnData/IRS990ScheduleR/TransactionsRelatedOrgsTable/AmountInvolved",75111,19344,"2010v3.2, 2010v3.4, 2010v3.6, 2010v3.7"
"/Return/ReturnData/IRS990/Advertising",74479,74479,"2010v3.2, 2010v3.4, 2010v3.6, 2010v3.7"
"/Return/ReturnData/IRS990/Advertising/Total",74479,74479,"2010v3.2, 2010v3.4, 2010v3.6, 2010v3.7"
"/Return/ReturnData/IRS990/GrantsAndSimilarAmntsPriorYear",73686,73686,"2010v3.2, 2010v3.4, 2010v3.6, 2010v3.7"
"/Return/ReturnData/IRS990ScheduleD/Equipment",73467,73467,"2010v3.2, 2010v3.4, 2010v3.6, 2010v3.7"
"/Return/ReturnData/IRS990/AccountsReceivable/EOY",72305,72305,"2010v3.2, 2010v3.4, 2010v3.6, 2010v3.7"
"/Return/ReturnData/IRS990/FeesForServicesOther",72177,72177,"2010v3.2, 2010v3.4, 2010v3.6, 2010v3.7"
"/Return/ReturnData/IRS990/FeesForServicesOther/Total",72177,72177,"2010v3.2, 2010v3.4, 2010v3.6, 2010v3.7"
"/Return/ReturnData/IRS990/TotalReportableCompFrmRltdOrgs",72046,72046,"2010v3.2, 2010v3.4, 2010v3.6, 2010v3.7"
"/Return/ReturnData/IRS990/ConferencesMeetings",72030,72030,"2010v3.2, 2010v3.4, 2010v3.6, 2010v3.7"
"/Return/ReturnData/IRS990/ConferencesMeetings/Total",72030,72030,"2010v3.2, 2010v3.4, 2010v3.6, 2010v3.7"
"/Return/ReturnData/IRS990/PrepaidExpensesDeferredCharges",71976,71976,"2010v3.2, 2010v3.4, 2010v3.6, 2010v3.7"
"/Return/ReturnData/IRS990/InvestmentIncome/ExclusionAmount",71296,71296,"2010v3.2, 2010v3.4, 2010v3.6, 2010v3.7"
"/Return/ReturnData/IRS990/FeesForServicesAccounting/ManagementAndGeneral",71000,71000,"2010v3.2, 2010v3.4, 2010v3.6, 2010v3.7"
"/Return/ReturnData/IRS990/TotalRevenue/UnrelatedBusinessRevenue",70508,70508,"2010v3.2, 2010v3.4, 2010v3.6, 2010v3.7"
"/Return/ReturnData/IRS990ScheduleD/Equipment/BookValue",69715,69715,"2010v3.2, 2010v3.4, 2010v3.6, 2010v3.7"
"/Return/ReturnData/IRS990EZ/ProgramServiceAccomplishment/ProgramServiceExpenses",69604,46229,"2010v3.2, 2010v3.4, 2010v3.6, 2010v3.7"
"/Return/ReturnData/IRS990/PrepaidExpensesDeferredCharges/EOY",69509,69509,"2010v3.2, 2010v3.4, 2010v3.6, 2010v3.7"
"/Return/ReturnData/IRS990ScheduleA/PublicSupportTotal170",69188,69188,"2010v3.2, 2010v3.4, 2010v3.6, 2010v3.7"
"/Return/ReturnData/IRS990/NetUnrelatedBusinessTxblIncome",69173,69173,"2010v3.2, 2010v3.4, 2010v3.6, 2010v3.7"
"/Return/ReturnData/IRS990ScheduleD/Equipment/Depreciation",69031,69031,"2010v3.2, 2010v3.4, 2010v3.6, 2010v3.7"
"/Return/ReturnData/IRS990ScheduleD/Form990ScheduleDPartXIV/ReturnReference",69004,40522,"2010v3.2, 2010v3.4, 2010v3.6, 2010v3.7"
"/Return/ReturnData/IRS990/TotalOtherRevenue",69002,69002,"2010v3.2, 2010v3.4, 2010v3.6, 2010v3.7"
"/Return/ReturnData/IRS990ScheduleR/Form990ScheduleRPartIV",68060,11039,"2010v3.2, 2010v3.4, 2010v3.6, 2010v3.7"
"/Return/ReturnData/IRS990ScheduleR/Form990ScheduleRPartIV/NameOfRelatedOrg",68049,11029,"2010v3.2, 2010v3.4, 2010v3.6, 2010v3.7"
"/Return/ReturnData/IRS990ScheduleR/Form990ScheduleRPartIV/NameOfRelatedOrg/BusinessNameLine1",68049,11029,"2010v3.2, 2010v3.4, 2010v3.6, 2010v3.7"
"/Return/ReturnData/IRS990ScheduleR/Form990ScheduleRPartIV/PrimaryActivity",67900,10948,"2010v3.2, 2010v3.4, 2010v3.6, 2010v3.7"
"/Return/ReturnData/IRS990/OtherAssetsTotal",67247,67247,"2010v3.2, 2010v3.4, 2010v3.6, 2010v3.7"
"/Return/ReturnData/IRS990/OfficeExpenses/ManagementAndGeneral",67128,67128,"2010v3.2, 2010v3.4, 2010v3.6, 2010v3.7"
"/Return/ReturnData/IRS990/TheBooksAreInCareOf/NamePerson",66960,66960,"2010v3.2, 2010v3.4, 2010v3.6, 2010v3.7"
"/Return/ReturnData/IRS990ScheduleA/PublicSupportPertcentage170",66946,66946,"2010v3.2, 2010v3.4, 2010v3.6, 2010v3.7"
"/Return/ReturnData/IRS990ScheduleD/TotalRevenue",66901,66901,"2010v3.2, 2010v3.4, 2010v3.6, 2010v3.7"
"/Return/ReturnData/IRS990ScheduleD/TotalExpenses",66836,66836,"2010v3.2, 2010v3.4, 2010v3.6, 2010v3.7"
"/Return/ReturnData/IRS990ScheduleD/ExcessOrDeficitForYear",66817,66817,"2010v3.2, 2010v3.4, 2010v3.6, 2010v3.7"
"/Return/ReturnData/IRS990/OtherSalariesAndWages/ProgramServices",66789,66789,"2010v3.2, 2010v3.4, 2010v3.6, 2010v3.7"
"/Return/ReturnData/IRS990ScheduleD/ExcessOrDeficitPerFS",66751,66751,"2010v3.2, 2010v3.4, 2010v3.6, 2010v3.7"
"/Return/ReturnData/IRS990/OtherAssetsTotal/EOY",65557,65557,"2010v3.2, 2010v3.4, 2010v3.6, 2010v3.7"
"/Return/ReturnData/IRS990/Form990PartVIISectionA/HighestCompensatedEmployee",65333,23200,"2010v3.2, 2010v3.4, 2010v3.6, 2010v3.7"
"/Return/ReturnData/IRS990ScheduleA/PublicSupportTotal509",64656,64656,"2010v3.2, 2010v3.4, 2010v3.6, 2010v3.7"
"/Return/ReturnData/IRS990/BenefitsPaidToMembersPriorYear",64583,64583,"2010v3.2, 2010v3.4, 2010v3.6, 2010v3.7"
"/Return/ReturnData/IRS990ScheduleA/PublicSupportPercentage509",64212,64212,"2010v3.2, 2010v3.4, 2010v3.6, 2010v3.7"
"/Return/ReturnData/IRS990/PayrollTaxes/ProgramServices",64107,64107,"2010v3.2, 2010v3.4, 2010v3.6, 2010v3.7"
"/Return/ReturnData/IRS990/TotalProfFundrsngExpPriorYear",64074,64074,"2010v3.2, 2010v3.4, 2010v3.6, 2010v3.7"
"/Return/ReturnData/IRS990/FeesForServicesLegal",63972,63972,"2010v3.2, 2010v3.4, 2010v3.6, 2010v3.7"
"/Return/ReturnData/IRS990/FeesForServicesLegal/Total",63972,63972,"2010v3.2, 2010v3.4, 2010v3.6, 2010v3.7"
"/Return/ReturnData/IRS990ScheduleD/Equipment/OtherCostOrOtherBasis",63959,63959,"2010v3.2, 2010v3.4, 2010v3.6, 2010v3.7"
"/Return/ReturnData/IRS990/DepreciationDepletion/ProgramServices",63955,63955,"2010v3.2, 2010v3.4, 2010v3.6, 2010v3.7"
"/Return/ReturnData/IRS990ScheduleR/Form990ScheduleRPartIII/DisproportionateAllocations",63952,4637,"2010v3.2, 2010v3.4, 2010v3.7"
"/Return/ReturnData/IRS990ScheduleA/InvestmentIncomePercentage",63945,63945,"2010v3.2, 2010v3.4, 2010v3.6, 2010v3.7"
"/Return/ReturnData/IRS990ScheduleR/Form990ScheduleRPartIII/GeneralOrManagingPartner",63490,4608,"2010v3.2, 2010v3.4, 2010v3.7"
"/Return/ReturnData/IRS990EZ",63326,63326,"2010v3.2, 2010v3.4, 2010v3.6, 2010v3.7"
"/Return/ReturnData/IRS990EZ/ActivitiesNotPreviouslyRpt",63326,63326,"2010v3.2, 2010v3.4, 2010v3.6, 2010v3.7"
"/Return/ReturnData/IRS990EZ/DoesOrgHaveHospital",63326,63326,"2010v3.2, 2010v3.4, 2010v3.6, 2010v3.7"
"/Return/ReturnData/IRS990EZ/MadeChangesToOrgnzngEtcDoc",63326,63326,"2010v3.2, 2010v3.4, 2010v3.6, 2010v3.7"
"/Return/ReturnData/IRS990EZ/MadeLoansToFromOfficers",63326,63326,"2010v3.2, 2010v3.4, 2010v3.6, 2010v3.7"
"/Return/ReturnData/IRS990EZ/MaintainAnyDonorAdvisedFunds",63326,63326,"2010v3.2, 2010v3.4, 2010v3.6, 2010v3.7"
"/Return/ReturnData/IRS990EZ/NetAssetsOrFundBalances",63326,63326,"2010v3.2, 2010v3.4, 2010v3.6, 2010v3.7"
"/Return/ReturnData/IRS990EZ/NetAssetsOrFundBalances/BOY",63326,63326,"2010v3.2, 2010v3.4, 2010v3.6, 2010v3.7"
"/Return/ReturnData/IRS990EZ/NetAssetsOrFundBalances/EOY",63326,63326,"2010v3.2, 2010v3.4, 2010v3.6, 2010v3.7"
"/Return/ReturnData/IRS990EZ/OrganizationDissolvedEtc",63326,63326,"2010v3.2, 2010v3.4, 2010v3.6, 2010v3.7"
"/Return/ReturnData/IRS990EZ/OrganizationHadUBI",63326,63326,"2010v3.2, 2010v3.4, 2010v3.6, 2010v3.7"
"/Return/ReturnData/IRS990EZ/PrimaryExemptPurpose",63326,63326,"2010v3.2, 2010v3.4, 2010v3.6, 2010v3.7"
"/Return/ReturnData/IRS990EZ/RelatedOrgControlledEntity",63326,63326,"2010v3.2, 2010v3.4, 2010v3.6, 2010v3.7"
"/Return/ReturnData/IRS990EZ/TanningServicesProvided",63326,63326,"2010v3.2, 2010v3.4, 2010v3.6, 2010v3.7"
"/Return/ReturnData/IRS990EZ/TheBooksAreInCareOf",63326,63326,"2010v3.2, 2010v3.4, 2010v3.6, 2010v3.7"
"/Return/ReturnData/IRS990EZ/TheBooksAreInCareOf/TelephoneNumber",63326,63326,"2010v3.2, 2010v3.4, 2010v3.6, 2010v3.7"
"/Return/ReturnData/IRS990EZ/TotalAssets",63326,63326,"2010v3.2, 2010v3.4, 2010v3.6, 2010v3.7"
"/Return/ReturnData/IRS990EZ/TotalAssets/BOY",63326,63326,"2010v3.2, 2010v3.4, 2010v3.6, 2010v3.7"
"/Return/ReturnData/IRS990EZ/TotalAssets/EOY",63326,63326,"2010v3.2, 2010v3.4, 2010v3.6, 2010v3.7"
"/Return/ReturnData/IRS990EZ/TheBooksAreInCareOf/AddressUS",63236,63236,"2010v3.2, 2010v3.4, 2010v3.6, 2010v3.7"
"/Return/ReturnData/IRS990EZ/TheBooksAreInCareOf/AddressUS/AddressLine1",63236,63236,"2010v3.2, 2010v3.4, 2010v3.6, 2010v3.7"
"/Return/ReturnData/IRS990EZ/TheBooksAreInCareOf/AddressUS/City",63236,63236,"2010v3.2, 2010v3.4, 2010v3.6, 2010v3.7"
"/Return/ReturnData/IRS990EZ/TheBooksAreInCareOf/AddressUS/State",63236,63236,"2010v3.2, 2010v3.4, 2010v3.6, 2010v3.7"
"/Return/ReturnData/IRS990EZ/TheBooksAreInCareOf/AddressUS/ZIPCode",63236,63236,"2010v3.2, 2010v3.4, 2010v3.6, 2010v3.7"
"/Return/ReturnData/IRS990EZ/ForeignFinancialAccount",63175,63175,"2010v3.2, 2010v3.4, 2010v3.6, 2010v3.7"
"/Return/ReturnData/IRS990EZ/ForeignOffice",63156,63156,"2010v3.2, 2010v3.4, 2010v3.6, 2010v3.7"
"/Return/ReturnData/IRS990/OfficeExpenses/ProgramServices",62760,62760,"2010v3.2, 2010v3.4, 2010v3.6, 2010v3.7"
"/Return/ReturnData/IRS990ScheduleR/Form990ScheduleRPartIV/EIN",62715,10617,"2010v3.2, 2010v3.4, 2010v3.6, 2010v3.7"
"/Return/ReturnData/IRS990EZ/ProhibitedTaxShelterTrans",62673,62673,"2010v3.2, 2010v3.4, 2010v3.6, 2010v3.7"
"/Return/ReturnData/IRS990ScheduleR/Form990ScheduleRPartIV/TypeOfEntity",62619,10609,"2010v3.2, 2010v3.4, 2010v3.6, 2010v3.7"
"/Return/ReturnData/IRS990/Occupancy/ProgramServices",62606,62606,"2010v3.2, 2010v3.4, 2010v3.6, 2010v3.7"
"/Return/ReturnData/IRS990EZ/GrossReceipts",62545,62545,"2010v3.2, 2010v3.4, 2010v3.6, 2010v3.7"
"/Return/ReturnData/IRS990EZ/TotalRevenue",62440,62440,"2010v3.2, 2010v3.4, 2010v3.6, 2010v3.7"
"/Return/ReturnData/IRS990EZ/CashSavingsAndInvestments",62399,62399,"2010v3.2, 2010v3.4, 2010v3.6, 2010v3.7"
"/Return/ReturnData/IRS990/Interest",62377,62377,"2010v3.2, 2010v3.4, 2010v3.6, 2010v3.7"
"/Return/ReturnData/IRS990/Interest/Total",62376,62376,"2010v3.2, 2010v3.4, 2010v3.6, 2010v3.7"
"/Return/ReturnData/IRS990EZ/NetAssetsOrFundBalancesEOY",62373,62373,"2010v3.2, 2010v3.4, 2010v3.6, 2010v3.7"
"/Return/ReturnData/IRS990EZ/TotalExpenses",62337,62337,"2010v3.2, 2010v3.4, 2010v3.6, 2010v3.7"
"/Return/ReturnData/IRS990/Revenue",62330,62330,"2010v3.2, 2010v3.4, 2010v3.6, 2010v3.7"
"/Return/ReturnData/IRS990EZ/ExcessOrDeficitForYear",62327,62327,"2010v3.2, 2010v3.4, 2010v3.6, 2010v3.7"
"/Return/ReturnData/IRS990/ContractorCompensation",62068,21381,"2010v3.2, 2010v3.4, 2010v3.6, 2010v3.7"
"/Return/ReturnData/IRS990ScheduleR/Form990ScheduleRPartIV/AddressUS",62058,10720,"2010v3.2, 2010v3.4, 2010v3.6, 2010v3.7"
"/Return/ReturnData/IRS990ScheduleR/Form990ScheduleRPartIV/AddressUS/AddressLine1",62058,10720,"2010v3.2, 2010v3.4, 2010v3.6, 2010v3.7"
"/Return/ReturnData/IRS990ScheduleR/Form990ScheduleRPartIV/AddressUS/City",62058,10720,"2010v3.2, 2010v3.4, 2010v3.6, 2010v3.7"
"/Return/ReturnData/IRS990ScheduleR/Form990ScheduleRPartIV/AddressUS/State",62058,10720,"2010v3.2, 2010v3.4, 2010v3.6, 2010v3.7"
"/Return/ReturnData/IRS990ScheduleR/Form990ScheduleRPartIV/AddressUS/ZIPCode",62058,10720,"2010v3.2, 2010v3.4, 2010v3.6, 2010v3.7"
"/Return/ReturnData/IRS990/ContractorCompensation/NameOfContractor",62036,21369,"2010v3.2, 2010v3.4, 2010v3.6, 2010v3.7"
"/Return/ReturnData/IRS990/AccountsReceivable/BOY",62025,62025,"2010v3.2, 2010v3.4, 2010v3.6, 2010v3.7"
"/Return/ReturnData/IRS990ScheduleR/Form990ScheduleRPartIV/LegalDomicileState",61954,10762,"2010v3.2, 2010v3.4, 2010v3.6, 2010v3.7"
"/Return/ReturnData/IRS990EZ/CashSavingsAndInvestments/EOY",61793,61793,"2010v3.2, 2010v3.4, 2010v3.6, 2010v3.7"
"/Return/ReturnData/IRS990/ContractorCompensation/AddressOfContractor",61550,20984,"2010v3.2, 2010v3.4, 2010v3.6, 2010v3.7"
"/Return/ReturnData/IRS990EZ/NetAssetsOrFundBalancesBOY",61411,61411,"2010v3.2, 2010v3.4, 2010v3.6, 2010v3.7"
"/Return/ReturnData/IRS990EZ/CashSavingsAndInvestments/BOY",61306,61306,"2010v3.2, 2010v3.4, 2010v3.6, 2010v3.7"
"/Return/ReturnData/IRS990/SubjectToProxyTax",61292,61292,"2010v3.2, 2010v3.4, 2010v3.6, 2010v3.7"
"/Return/ReturnData/IRS990/ContractorCompensation/Compensation",61092,20522,"2010v3.2, 2010v3.4, 2010v3.6, 2010v3.7"
"/Return/ReturnData/IRS990/ContractorCompensation/DescriptionOfServices",61006,20503,"2010v3.2, 2010v3.4, 2010v3.6, 2010v3.7"
"/Return/ReturnData/IRS990EZ/OtherExpensesTotal",60200,60200,"2010v3.2, 2010v3.4, 2010v3.6, 2010v3.7"
"/Return/ReturnData/IRS990EZ/InfoInScheduleOPartI",59603,59603,"2010v3.2, 2010v3.4, 2010v3.6, 2010v3.7"
"/Return/ReturnData/IRS990/ContractorCompensation/AddressOfContractor/AddressUS",59507,20146,"2010v3.2, 2010v3.4, 2010v3.6, 2010v3.7"
"/Return/ReturnData/IRS990/ContractorCompensation/AddressOfContractor/AddressUS/AddressLine1",59507,20146,"2010v3.2, 2010v3.4, 2010v3.6, 2010v3.7"
"/Return/ReturnData/IRS990/ContractorCompensation/AddressOfContractor/AddressUS/City",59507,20146,"2010v3.2, 2010v3.4, 2010v3.6, 2010v3.7"
"/Return/ReturnData/IRS990/ContractorCompensation/AddressOfContractor/AddressUS/State",59507,20146,"2010v3.2, 2010v3.4, 2010v3.6, 2010v3.7"
"/Return/ReturnData/IRS990/ContractorCompensation/AddressOfContractor/AddressUS/ZIPCode",59507,20146,"2010v3.2, 2010v3.4, 2010v3.6, 2010v3.7"
"/Return/ReturnData/IRS990/PrepaidExpensesDeferredCharges/BOY",58789,58789,"2010v3.2, 2010v3.4, 2010v3.6, 2010v3.7"
"/Return/ReturnData/IRS990ScheduleA/TotalSupport",58727,58727,"2010v3.2, 2010v3.4, 2010v3.6, 2010v3.7"
"/Return/ReturnData/IRS990ScheduleD/TotalRevenuePerForm990",58558,58558,"2010v3.2, 2010v3.4, 2010v3.6, 2010v3.7"
"/Return/ReturnData/IRS990ScheduleD/RevenueSubtotal",58549,58549,"2010v3.2, 2010v3.4, 2010v3.6, 2010v3.7"
"/Return/ReturnData/IRS990ScheduleD/TotalExpensesPerForm990",58496,58496,"2010v3.2, 2010v3.4, 2010v3.6, 2010v3.7"
"/Return/ReturnData/IRS990ScheduleD/ExpensesSubtotal",58482,58482,"2010v3.2, 2010v3.4, 2010v3.6, 2010v3.7"
"/Return/ReturnData/IRS990/OtherRevenueMisc/BusinessCode",58421,37249,"2010v3.2, 2010v3.4, 2010v3.6, 2010v3.7"
"/Return/ReturnData/IRS990ScheduleA/GiftsGrantsContribReceived170",58409,58409,"2010v3.2, 2010v3.4, 2010v3.6, 2010v3.7"
"/Return/ReturnData/IRS990ScheduleA/GiftsGrantsContribReceived170/Total",58407,58407,"2010v3.2, 2010v3.4, 2010v3.6, 2010v3.7"
"/Return/ReturnData/IRS990ScheduleA/Total170",58355,58355,"2010v3.2, 2010v3.4, 2010v3.6, 2010v3.7"
"/Return/ReturnData/IRS990ScheduleA/Total170/Total",58354,58354,"2010v3.2, 2010v3.4, 2010v3.6, 2010v3.7"
"/Return/ReturnData/IRS990ScheduleD/TotRevenueEtcAuditedFinclStmt",58333,58333,"2010v3.2, 2010v3.4, 2010v3.6, 2010v3.7"
"/Return/ReturnData/IRS990/OtherLiabilities",58318,58318,"2010v3.2, 2010v3.4, 2010v3.6, 2010v3.7"
"/Return/ReturnData/IRS990ScheduleD/TotExpensesEtcAuditedFinclStmt",58280,58280,"2010v3.2, 2010v3.4, 2010v3.6, 2010v3.7"
"/Return/ReturnData/IRS990ScheduleA/GrossInvestmentIncome170",57563,57563,"2010v3.2, 2010v3.4, 2010v3.6, 2010v3.7"
"/Return/ReturnData/IRS990ScheduleA/GrossInvestmentIncome170/Total",57563,57563,"2010v3.2, 2010v3.4, 2010v3.6, 2010v3.7"
"/Return/ReturnData/IRS990ScheduleA/TotalSupportTotal",57505,57505,"2010v3.2, 2010v3.4, 2010v3.6, 2010v3.7"
"/Return/ReturnData/IRS990ScheduleA/TotalSupportTotal/Total",57466,57466,"2010v3.2, 2010v3.4, 2010v3.6, 2010v3.7"
"/Return/ReturnData/IRS990/PensionPlanContributions",57450,57450,"2010v3.2, 2010v3.4, 2010v3.6, 2010v3.7"
"/Return/ReturnData/IRS990/PensionPlanContributions/Total",57450,57450,"2010v3.2, 2010v3.4, 2010v3.6, 2010v3.7"
"/Return/ReturnData/IRS990ScheduleA/Total509",57328,57328,"2010v3.2, 2010v3.4, 2010v3.6, 2010v3.7"
"/Return/ReturnData/IRS990ScheduleA/Total509/Total",57328,57328,"2010v3.2, 2010v3.4, 2010v3.6, 2010v3.7"
"/Return/ReturnData/IRS990ScheduleA/PubliclySupportedOrg509a2",57313,57313,"2010v3.2, 2010v3.4, 2010v3.6, 2010v3.7"
"/Return/ReturnData/IRS990EZ/TransactionWithControlEntity",57060,57060,"2010v3.2, 2010v3.4, 2010v3.6, 2010v3.7"
"/Return/ReturnData/IRS990ScheduleA/Total170/CurrentTaxYear",56902,56902,"2010v3.2, 2010v3.4, 2010v3.6, 2010v3.7"
"/Return/ReturnData/IRS990ScheduleA/GiftsGrantsContribReceived170/CurrentTaxYear",56785,56785,"2010v3.2, 2010v3.4, 2010v3.6, 2010v3.7"
"/Return/ReturnData/IRS990ScheduleA/PubliclySupportedOrg170b1Avi",56658,56658,"2010v3.2, 2010v3.4, 2010v3.6, 2010v3.7"
"/Return/ReturnData/IRS990EZ/WebSite",56236,56236,"2010v3.2, 2010v3.4, 2010v3.6, 2010v3.7"
"/Return/ReturnData/IRS990/OtherSalariesAndWages/ManagementAndGeneral",56121,56121,"2010v3.2, 2010v3.4, 2010v3.6, 2010v3.7"
"/Return/ReturnData/IRS990/PayrollTaxes/ManagementAndGeneral",56092,56092,"2010v3.2, 2010v3.4, 2010v3.6, 2010v3.7"
"/Return/ReturnData/IRS990/TheBooksAreInCareOf/NameBusiness",56065,56065,"2010v3.2, 2010v3.4, 2010v3.6, 2010v3.7"
"/Return/ReturnData/IRS990/TheBooksAreInCareOf/NameBusiness/BusinessNameLine1",56065,56065,"2010v3.2, 2010v3.4, 2010v3.6, 2010v3.7"
"/Return/ReturnData/IRS990/Insurance/ProgramServices",55917,55917,"2010v3.2, 2010v3.4, 2010v3.6, 2010v3.7"
"/Return/ReturnData/IRS990ScheduleA/Total509/CurrentTaxYear",55863,55863,"2010v3.2, 2010v3.4, 2010v3.6, 2010v3.7"
"/Return/ReturnData/IRS990/OtherLiabilities/BOY",55811,55811,"2010v3.2, 2010v3.4, 2010v3.6, 2010v3.7"
"/Return/ReturnData/IRS990/OtherLiabilities/EOY",55707,55707,"2010v3.2, 2010v3.4, 2010v3.6, 2010v3.7"
"/Return/ReturnData/IRS990ScheduleA/Total170/CurrentTaxYearMinus1Year",55690,55690,"2010v3.2, 2010v3.4, 2010v3.6, 2010v3.7"
"/Return/ReturnData/IRS990ScheduleA/GiftsGrantsContribReceived170/CurrentTaxYearMinus1Year",55430,55430,"2010v3.2, 2010v3.4, 2010v3.6, 2010v3.7"
"/Return/ReturnData/IRS990/OtherAssetsTotal/BOY",55381,55381,"2010v3.2, 2010v3.4, 2010v3.6, 2010v3.7"
"/Return/ReturnData/IRS990EZ/EngagePoliticalCmpgnActivities",55353,55353,"2010v3.2, 2010v3.4, 2010v3.6, 2010v3.7"
"/Return/ReturnData/IRS990/AllOtherExpenses/ProgramServices",54621,54621,"2010v3.2, 2010v3.4, 2010v3.6, 2010v3.7"
"/Return/ReturnData/IRS990ScheduleA/Total509/CurrentTaxYearMinus1Year",54345,54345,"2010v3.2, 2010v3.4, 2010v3.6, 2010v3.7"
"/Return/ReturnData/IRS990ScheduleD/TotalOfAmounts",54243,54243,"2010v3.2, 2010v3.4, 2010v3.6, 2010v3.7"
"/Return/ReturnData/IRS990/InformationTechnology",54089,54089,"2010v3.2, 2010v3.4, 2010v3.6, 2010v3.7"
"/Return/ReturnData/IRS990/InformationTechnology/Total",54088,54088,"2010v3.2, 2010v3.4, 2010v3.6, 2010v3.7"
"/Return/ReturnData/IRS990ScheduleD/Buildings",53969,53969,"2010v3.2, 2010v3.4, 2010v3.6, 2010v3.7"
"/Return/ReturnData/IRS990ScheduleA/Total170/CurrentTaxYearMinus2Years",53716,53716,"2010v3.2, 2010v3.4, 2010v3.6, 2010v3.7"
"/Return/ReturnData/IRS990ScheduleA/GiftsGrantsContribReceived509",53372,53372,"2010v3.2, 2010v3.4, 2010v3.6, 2010v3.7"
"/Return/ReturnData/IRS990ScheduleA/GiftsGrantsContribReceived509/Total",53358,53358,"2010v3.2, 2010v3.4, 2010v3.6, 2010v3.7"
"/Return/ReturnData/IRS990ScheduleA/GiftsGrantsContribReceived170/CurrentTaxYearMinus2Years",53329,53329,"2010v3.2, 2010v3.4, 2010v3.6, 2010v3.7"
"/Return/ReturnData/IRS990/NetGainOrLossInvestments",53156,53156,"2010v3.2, 2010v3.4, 2010v3.6, 2010v3.7"
"/Return/ReturnData/IRS990/NetGainOrLossInvestments/TotalRevenueColumn",53153,53153,"2010v3.2, 2010v3.4, 2010v3.6, 2010v3.7"
"/Return/ReturnData/IRS990/Insurance/ManagementAndGeneral",53144,53144,"2010v3.2, 2010v3.4, 2010v3.6, 2010v3.7"
"/Return/ReturnData/IRS990ScheduleD/OtherLandBuildings",52336,52336,"2010v3.2, 2010v3.4, 2010v3.6, 2010v3.7"
"/Return/ReturnData/IRS990/Travel/ProgramServices",52270,52270,"2010v3.2, 2010v3.4, 2010v3.6, 2010v3.7"
"/Return/ReturnData/IRS990ScheduleA/Total509/CurrentTaxYearMinus2Years",51839,51839,"2010v3.2, 2010v3.4, 2010v3.6, 2010v3.7"
"/Return/ReturnData/IRS990ScheduleA/Total170/CurrentTaxYearMinus3Years",51461,51461,"2010v3.2, 2010v3.4, 2010v3.6, 2010v3.7"
"/Return/ReturnData/IRS990/OtherEmployeeBenefits/ProgramServices",51460,51460,"2010v3.2, 2010v3.4, 2010v3.6, 2010v3.7"
"/Return/ReturnData/IRS990EZ/EngagedInExcessBenefitTrans",51169,51169,"2010v3.2, 2010v3.4, 2010v3.6, 2010v3.7"
"/Return/ReturnData/IRS990ScheduleA/GiftsGrantsContribReceived170/CurrentTaxYearMinus3Years",50963,50963,"2010v3.2, 2010v3.4, 2010v3.6, 2010v3.7"
"/Return/ReturnData/IRS990EZ/ProgramServiceAccomplishment/GrantsAndAllocations",50895,33196,"2010v3.2, 2010v3.4, 2010v3.6, 2010v3.7"
"/Return/ReturnData/IRS990ScheduleD/Buildings/BookValue",50797,50797,"2010v3.2, 2010v3.4, 2010v3.6, 2010v3.7"
"/Return/ReturnData/IRS990ScheduleA/ThirtyThreePercntTestsCY170",50495,50495,"2010v3.2, 2010v3.4, 2010v3.6, 2010v3.7"
"/Return/ReturnData/IRS990/OtherRevenueMisc/RelatedOrExemptFunctionIncome",50386,33885,"2010v3.2, 2010v3.4, 2010v3.6, 2010v3.7"
"/Return/ReturnData/IRS990/Occupancy/ManagementAndGeneral",50262,50262,"2010v3.2, 2010v3.4, 2010v3.6, 2010v3.7"
"/Return/ReturnData/IRS990/NetIncomeFromFundraisingEvents",50088,50088,"2010v3.2, 2010v3.4, 2010v3.6, 2010v3.7"
"/Return/ReturnData/IRS990/NetIncomeFromFundraisingEvents/TotalRevenueColumn",50088,50088,"2010v3.2, 2010v3.4, 2010v3.6, 2010v3.7"
"/Return/ReturnData/IRS990ScheduleA/TotalSupportTotal/CurrentTaxYear",49986,49986,"2010v3.2, 2010v3.4, 2010v3.6, 2010v3.7"
"/Return/ReturnData/IRS990ScheduleD/Land",49755,49755,"2010v3.2, 2010v3.4, 2010v3.6, 2010v3.7"
"/Return/ReturnData/IRS990ScheduleA/ThirtyThreePercntTestsCY509",49715,49715,"2010v3.2, 2010v3.4, 2010v3.6, 2010v3.7"
"/Return/ReturnData/IRS990ScheduleA/Total170/CurrentTaxYearMinus4Years",49555,49555,"2010v3.2, 2010v3.4, 2010v3.6, 2010v3.7"
"/Return/ReturnData/IRS990ScheduleA/Total509/CurrentTaxYearMinus3Years",49463,49463,"2010v3.2, 2010v3.4, 2010v3.6, 2010v3.7"
"/Return/ReturnData/IRS990ScheduleA/GiftsGrantsContribReceived509/CurrentTaxYear",49204,49204,"2010v3.2, 2010v3.4, 2010v3.6, 2010v3.7"
"/Return/ReturnData/IRS990ScheduleA/GiftsGrantsContribReceived170/CurrentTaxYearMinus4Years",48995,48995,"2010v3.2, 2010v3.4, 2010v3.6, 2010v3.7"
"/Return/ReturnData/IRS990/DepreciationDepletion/ManagementAndGeneral",48953,48953,"2010v3.2, 2010v3.4, 2010v3.6, 2010v3.7"
"/Return/ReturnData/IRS990EZ/TotalProgramServiceExpenses",48940,48940,"2010v3.2, 2010v3.4, 2010v3.6, 2010v3.7"
"/Return/ReturnData/IRS990EZ/ContributionsGiftsGrantsEtc",48848,48848,"2010v3.2, 2010v3.4, 2010v3.6, 2010v3.7"
"/Return/ReturnData/IRS990ScheduleA/TotalSupportTotal/CurrentTaxYearMinus1Year",48749,48749,"2010v3.2, 2010v3.4, 2010v3.6, 2010v3.7"
"/Return/ReturnData/IRS990ScheduleR/Form990ScheduleRPartIII/PredominantIncomeType",48614,3812,"2010v3.2, 2010v3.4, 2010v3.7"
"/Return/ReturnData/IRS990ScheduleD/OtherAssets",48455,19426,"2010v3.2, 2010v3.4, 2010v3.6, 2010v3.7"
"/Return/ReturnData/IRS990ScheduleD/OtherAssets/Description",48415,19398,"2010v3.2, 2010v3.4, 2010v3.6, 2010v3.7"
"/Return/ReturnData/IRS990ScheduleD/Buildings/Depreciation",48167,48167,"2010v3.2, 2010v3.4, 2010v3.6, 2010v3.7"
"/Return/ReturnData/IRS990/GrantsToDomesticOrgs",47943,47943,"2010v3.2, 2010v3.4, 2010v3.6, 2010v3.7"
"/Return/ReturnData/IRS990/GrantsToDomesticOrgs/Total",47943,47943,"2010v3.2, 2010v3.4, 2010v3.6, 2010v3.7"
"/Return/ReturnData/IRS990EZ/MethodOfAccountingCash",47840,47840,"2010v3.2, 2010v3.4, 2010v3.6, 2010v3.7"
"/Return/ReturnData/IRS990ScheduleA/PublicSupportPertcentPriorYear",47745,47745,"2010v3.2, 2010v3.4, 2010v3.6, 2010v3.7"
"/Return/ReturnData/IRS990/AllOtherExpenses/ManagementAndGeneral",47714,47714,"2010v3.2, 2010v3.4, 2010v3.6, 2010v3.7"
"/Return/ReturnData/IRS990ScheduleD/OtherLandBuildings/BookValue",47668,47668,"2010v3.2, 2010v3.4, 2010v3.6, 2010v3.7"
"/Return/ReturnData/IRS990EZ/DidOrgFileForm1120POLThisYear",47546,47546,"2010v3.2, 2010v3.4, 2010v3.6, 2010v3.7"
"/Return/ReturnData/IRS990ScheduleA/TotalSupportTotal/CurrentTaxYearMinus2Years",47409,47409,"2010v3.2, 2010v3.4, 2010v3.6, 2010v3.7"
"/Return/ReturnData/IRS990ScheduleA/Total509/CurrentTaxYearMinus4Years",47279,47279,"2010v3.2, 2010v3.4, 2010v3.6, 2010v3.7"
"/Return/ReturnData/IRS990ScheduleD/OtherAssets/BookValue",47264,19352,"2010v3.2, 2010v3.4, 2010v3.6, 2010v3.7"
"/Return/ReturnData/IRS990ScheduleA/GiftsGrantsContribReceived509/CurrentTaxYearMinus1Year",47238,47238,"2010v3.2, 2010v3.4, 2010v3.6, 2010v3.7"
"/Return/ReturnData/IRS990/ContractorCompensation/NameOfContractor/NameBusiness",47201,16600,"2010v3.2, 2010v3.4, 2010v3.6, 2010v3.7"
"/Return/ReturnData/IRS990/ContractorCompensation/NameOfContractor/NameBusiness/BusinessNameLine1",47201,16600,"2010v3.2, 2010v3.4, 2010v3.6, 2010v3.7"
"/Return/ReturnData/IRS990/InvestmentsPubTradedSecurities",47181,47181,"2010v3.2, 2010v3.4, 2010v3.6, 2010v3.7"
"/Return/ReturnData/IRS990/FinancialStatementSeparate",47179,47179,"2010v3.2, 2010v3.4, 2010v3.6, 2010v3.7"
"/Return/ReturnData/IRS990/CompCurrentOfficersDirectors/ManagementAndGeneral",47041,47041,"2010v3.2, 2010v3.4, 2010v3.6, 2010v3.7"
"/Return/ReturnData/IRS990ScheduleR/TransactionsRelatedOrgsTable/MethodOfAmtDetermination",46988,12615,"2010v3.2, 2010v3.4, 2010v3.6, 2010v3.7"
"/Return/ReturnData/IRS990EZ/TheBooksAreInCareOf/NamePerson",46918,46918,"2010v3.2, 2010v3.4, 2010v3.6, 2010v3.7"
"/Return/ReturnData/IRS990ScheduleD/Land/BookValue",46712,46712,"2010v3.2, 2010v3.4, 2010v3.6, 2010v3.7"
"/Return/ReturnData/IRS990ScheduleA/GrossInvestmentIncome509",46467,46467,"2010v3.2, 2010v3.4, 2010v3.6, 2010v3.7"
"/Return/ReturnData/IRS990ScheduleA/GrossInvestmentIncome509/Total",46460,46460,"2010v3.2, 2010v3.4, 2010v3.6, 2010v3.7"
"/Return/ReturnData/IRS990EZ/Organization501c3",46344,46344,"2010v3.2, 2010v3.4, 2010v3.6, 2010v3.7"
"/Return/ReturnData/IRS990ScheduleA/GrossReceiptsFromAdmissions",46259,46259,"2010v3.2, 2010v3.4, 2010v3.6, 2010v3.7"
"/Return/ReturnData/IRS990ScheduleA/GrossReceiptsFromAdmissions/Total",46239,46239,"2010v3.2, 2010v3.4, 2010v3.6, 2010v3.7"
"/Return/ReturnData/IRS990/InvestmentsPubTradedSecurities/EOY",46135,46135,"2010v3.2, 2010v3.4, 2010v3.6, 2010v3.7"
"/Return/ReturnData/IRS990EZ/ScheduleBNotRequired",45877,45877,"2010v3.2, 2010v3.4, 2010v3.6, 2010v3.7"
"/Return/ReturnData/IRS990/NoListedPersonsCompensated",45704,45704,"2010v3.2, 2010v3.4, 2010v3.6, 2010v3.7"
"/Return/ReturnData/IRS990EZ/FeesAndOthPymtToIndContractors",45643,45643,"2010v3.2, 2010v3.4, 2010v3.6, 2010v3.7"
"/Return/ReturnData/IRS990ScheduleA/PriorYearSupportPercentage",45387,45387,"2010v3.2, 2010v3.4, 2010v3.6, 2010v3.7"
"/Return/ReturnData/IRS990ScheduleD/Buildings/OtherCostOrOtherBasis",45382,45382,"2010v3.2, 2010v3.4, 2010v3.6, 2010v3.7"
"/Return/ReturnData/IRS990/OtherEmployeeBenefits/ManagementAndGeneral",45245,45245,"2010v3.2, 2010v3.4, 2010v3.6, 2010v3.7"
"/Return/ReturnData/IRS990ScheduleD/TotalAdjustments",45081,45081,"2010v3.2, 2010v3.4, 2010v3.6, 2010v3.7"
"/Return/ReturnData/IRS990ScheduleD/OtherLandBuildings/OtherCostOrOtherBasis",45065,45065,"2010v3.2, 2010v3.4, 2010v3.6, 2010v3.7"
"/Return/ReturnData/IRS990EZ/PartVIOfCompOfHighestPaidEmpl",44992,44992,"2010v3.2, 2010v3.4, 2010v3.6, 2010v3.7"
"/Return/ReturnData/IRS990ScheduleD/RevenueNotRptdF990",44923,44923,"2010v3.2, 2010v3.4, 2010v3.6, 2010v3.7"
"/Return/ReturnData/IRS990ScheduleA/TotalSupportTotal/CurrentTaxYearMinus3Years",44710,44710,"2010v3.2, 2010v3.4, 2010v3.6, 2010v3.7"
"/Return/ReturnData/IRS990ScheduleA/GiftsGrantsContribReceived509/CurrentTaxYearMinus2Years",44556,44556,"2010v3.2, 2010v3.4, 2010v3.6, 2010v3.7"
"/Return/ReturnData/IRS990/InfoInScheduleOPartXI",44470,44470,"2010v3.2, 2010v3.4, 2010v3.6, 2010v3.7"
"/Return/ReturnData/IRS990/FeesForServicesManagement",44379,44379,"2010v3.2, 2010v3.4, 2010v3.6, 2010v3.7"
"/Return/ReturnData/IRS990/FeesForServicesManagement/Total",44379,44379,"2010v3.2, 2010v3.4, 2010v3.6, 2010v3.7"
"/Return/ReturnData/IRS990ScheduleA/TotalSupportTotal/CurrentTaxYearMinus4Years",44037,44037,"2010v3.2, 2010v3.4, 2010v3.6, 2010v3.7"
"/Return/ReturnData/IRS990EZ/PartVIAHghstPaidCntrctProfSer",43901,43901,"2010v3.2, 2010v3.4, 2010v3.6, 2010v3.7"
"/Return/ReturnData/IRS990EZ/FiledScheduleA",43728,43728,"2010v3.2, 2010v3.4, 2010v3.6, 2010v3.7"
"/Return/ReturnData/IRS990ScheduleD/OtherLandBuildings/Depreciation",43599,43599,"2010v3.2, 2010v3.4, 2010v3.6, 2010v3.7"
"/Return/ReturnData/IRS990/GrantsToDomesticIndividuals",43560,43560,"2010v3.2, 2010v3.4, 2010v3.6, 2010v3.7"
"/Return/ReturnData/IRS990/GrantsToDomesticIndividuals/Total",43560,43560,"2010v3.2, 2010v3.4, 2010v3.6, 2010v3.7"
"/Return/ReturnData/IRS990ScheduleG",43405,43405,"2010v3.2, 2010v3.4, 2010v3.6, 2010v3.7"
"/Return/ReturnData/IRS990/PledgesAndGrantsReceivable",43330,43330,"2010v3.2, 2010v3.4, 2010v3.6, 2010v3.7"
"/Return/ReturnData/IRS990/TemporarilyRestrictedNetAssets",42809,42809,"2010v3.2, 2010v3.4, 2010v3.6, 2010v3.7"
"/Return/ReturnData/IRS990ScheduleA/InvestmentIncomeAndUBTI",42515,42515,"2010v3.2, 2010v3.4, 2010v3.6, 2010v3.7"
"/Return/ReturnData/IRS990ScheduleA/InvestmentIncomeAndUBTI/Total",42513,42513,"2010v3.2, 2010v3.4, 2010v3.6, 2010v3.7"
"/Return/ReturnData/IRS990/Travel/ManagementAndGeneral",42289,42289,"2010v3.2, 2010v3.4, 2010v3.6, 2010v3.7"
"/Return/ReturnData/IRS990ScheduleR/Form990ScheduleRPartII/DirectControllingEntityNA",42231,16115,"2010v3.2, 2010v3.4, 2010v3.6, 2010v3.7"
"/Return/ReturnData/IRS990ScheduleA/GiftsGrantsContribReceived509/CurrentTaxYearMinus3Years",41947,41947,"2010v3.2, 2010v3.4, 2010v3.6, 2010v3.7"
"/Return/ReturnData/IRS990/PledgesAndGrantsReceivable/EOY",41879,41879,"2010v3.2, 2010v3.4, 2010v3.6, 2010v3.7"
"/Return/ReturnData/IRS990ScheduleD/ExpensesNotRptdF990",41854,41854,"2010v3.2, 2010v3.4, 2010v3.6, 2010v3.7"
"/Return/ReturnData/IRS990/FeesForServicesInvstMgmntFees",41766,41766,"2010v3.2, 2010v3.4, 2010v3.6, 2010v3.7"
"/Return/ReturnData/IRS990/FeesForServicesInvstMgmntFees/Total",41766,41766,"2010v3.2, 2010v3.4, 2010v3.6, 2010v3.7"
"/Return/ReturnData/IRS990ScheduleA/GrossInvestmentIncome170/CurrentTaxYearMinus1Year",41686,41686,"2010v3.2, 2010v3.4, 2010v3.6, 2010v3.7"
"/Return/ReturnData/IRS990/TemporarilyRestrictedNetAssets/EOY",41662,41662,"2010v3.2, 2010v3.4, 2010v3.6, 2010v3.7"
"/Return/ReturnData/IRS990/CompCurrentOfficersDirectors/ProgramServices",41612,41612,"2010v3.2, 2010v3.4, 2010v3.6, 2010v3.7"
"/Return/ReturnData/IRS990/Form990PartVIISectionA/KeyEmployee",41573,20213,"2010v3.2, 2010v3.4, 2010v3.6, 2010v3.7"
"/Return/ReturnData/IRS990ScheduleD/Land/OtherCostOrOtherBasis",41444,41444,"2010v3.2, 2010v3.4, 2010v3.6, 2010v3.7"
"/Return/ReturnData/IRS990EZ/InvestmentIncome",41394,41394,"2010v3.2, 2010v3.4, 2010v3.6, 2010v3.7"
"/Return/ReturnData/IRS990ScheduleA/GrossInvestmentIncome170/CurrentTaxYearMinus2Years",41232,41232,"2010v3.2, 2010v3.4, 2010v3.6, 2010v3.7"
"/Return/ReturnData/IRS990ScheduleI/RecipientTable/AmountOfNonCashAssistance",41178,3626,"2010v3.2, 2010v3.4, 2010v3.6, 2010v3.7"
"/Return/ReturnData/IRS990EZ/OperatingSchool",41152,41152,"2010v3.2, 2010v3.4, 2010v3.6, 2010v3.7"
"/Return/ReturnData/IRS990ScheduleA/GrossInvestmentIncome170/CurrentTaxYear",41142,41142,"2010v3.2, 2010v3.4, 2010v3.6, 2010v3.7"
"/Return/ReturnData/IRS990/Advertising/ProgramServices",41038,41038,"2010v3.2, 2010v3.4, 2010v3.6, 2010v3.7"
"/Return/ReturnData/IRS990/FeesForServicesOther/ProgramServices",40776,40776,"2010v3.2, 2010v3.4, 2010v3.6, 2010v3.7"
"/Return/ReturnData/IRS990ScheduleA/GrossReceiptsFromAdmissions/CurrentTaxYear",40706,40706,"2010v3.2, 2010v3.4, 2010v3.6, 2010v3.7"
"/Return/ReturnData/IRS990ScheduleR/Form990ScheduleRPartIII/DirectControllingEntityNA",40447,3067,"2010v3.2, 2010v3.4, 2010v3.7"
"/Return/ReturnData/IRS990/TemporarilyRestrictedNetAssets/BOY",40247,40247,"2010v3.2, 2010v3.4, 2010v3.6, 2010v3.7"
"/Return/ReturnData/IRS990EZ/EngageInLobbyingActivities",40119,40119,"2010v3.2, 2010v3.4, 2010v3.6, 2010v3.7"
"/Return/ReturnData/IRS990/InventoriesForSaleOrUse",40008,40008,"2010v3.2, 2010v3.4, 2010v3.6, 2010v3.7"
"/Return/ReturnData/IRS990ScheduleA/GrossReceiptsFromAdmissions/CurrentTaxYearMinus1Year",39988,39988,"2010v3.2, 2010v3.4, 2010v3.6, 2010v3.7"
"/Return/ReturnData/IRS990EZ/TrnsfrsExemptNonCharRelatedOrg",39925,39925,"2010v3.2, 2010v3.4, 2010v3.6, 2010v3.7"
"/Return/ReturnData/IRS990ScheduleA/GrossInvestmentIncome170/CurrentTaxYearMinus3Years",39893,39893,"2010v3.2, 2010v3.4, 2010v3.6, 2010v3.7"
"/Return/ReturnData/IRS990/InfoInScheduleOPartIII",39851,39851,"2010v3.2, 2010v3.4, 2010v3.6, 2010v3.7"
"/Return/ReturnData/IRS990ScheduleA/GiftsGrantsContribReceived509/CurrentTaxYearMinus4Years",39682,39682,"2010v3.2, 2010v3.4, 2010v3.6, 2010v3.7"
"/Return/ReturnData/IRS990EZ/SumOfTotalLiabilities",39641,39641,"2010v3.2, 2010v3.4, 2010v3.6, 2010v3.7"
"/Return/ReturnData/IRS990/Activity2",39358,39358,"2010v3.2, 2010v3.4, 2010v3.6, 2010v3.7"
"/Return/ReturnData/IRS990/InventoriesForSaleOrUse/EOY",39313,39313,"2010v3.2, 2010v3.4, 2010v3.6, 2010v3.7"
"/Return/ReturnData/IRS990/Activity2/Description",39215,39215,"2010v3.2, 2010v3.4, 2010v3.6, 2010v3.7"
"/Return/ReturnData/IRS990ScheduleA/GrossInvestmentIncome170/CurrentTaxYearMinus4Years",38473,38473,"2010v3.2, 2010v3.4, 2010v3.6, 2010v3.7"
"/Return/ReturnData/IRS990ScheduleR",38158,38158,"2010v3.2, 2010v3.4, 2010v3.6, 2010v3.7"
"/Return/ReturnData/IRS990/ConferencesMeetings/ProgramServices",38114,38114,"2010v3.2, 2010v3.4, 2010v3.6, 2010v3.7"
"/Return/ReturnData/IRS990/GainOrLoss",38059,38059,"2010v3.2, 2010v3.4, 2010v3.6, 2010v3.7"
"/Return/ReturnData/IRS990EZ/SumOfTotalLiabilities/EOY",38012,38012,"2010v3.2, 2010v3.4, 2010v3.6, 2010v3.7"
"/Return/ReturnData/IRS990ScheduleA/InvestmentIncomeAndUBTI/CurrentTaxYearMinus1Year",38001,38001,"2010v3.2, 2010v3.4, 2010v3.6, 2010v3.7"
"/Return/ReturnData/IRS990ScheduleI/RecipientTable/MethodOfValuation",37947,3410,"2010v3.2, 2010v3.4, 2010v3.6, 2010v3.7"
"/Return/ReturnData/IRS990ScheduleG/EventsInformation",37929,37929,"2010v3.2, 2010v3.4, 2010v3.6, 2010v3.7"
"/Return/ReturnData/IRS990ScheduleA/GrossReceiptsFromAdmissions/CurrentTaxYearMinus2Years",37888,37888,"2010v3.2, 2010v3.4, 2010v3.6, 2010v3.7"
"/Return/ReturnData/IRS990/NetIncomeOrLoss",37870,37870,"2010v3.2, 2010v3.4, 2010v3.6, 2010v3.7"
"/Return/ReturnData/IRS990/NetIncomeOrLoss/TotalRevenueColumn",37869,37869,"2010v3.2, 2010v3.4, 2010v3.6, 2010v3.7"
"/Return/ReturnData/IRS990ScheduleA/InvestmentIncomeAndUBTI/CurrentTaxYearMinus2Years",37848,37848,"2010v3.2, 2010v3.4, 2010v3.6, 2010v3.7"
"/Return/ReturnData/IRS990EZ/SumOfTotalLiabilities/BOY",37609,37609,"2010v3.2, 2010v3.4, 2010v3.6, 2010v3.7"
"/Return/ReturnData/IRS990ScheduleA/GrossInvestmentIncome509/CurrentTaxYearMinus1Year",37562,37562,"2010v3.2, 2010v3.4, 2010v3.6, 2010v3.7"
"/Return/ReturnData/IRS990ScheduleG/EventsInformation/NameOfEvent1",37558,37558,"2010v3.2, 2010v3.4, 2010v3.6, 2010v3.7"
"/Return/ReturnData/IRS990ScheduleD/RevenueNotRptdOnFinStmt",37356,37356,"2010v3.2, 2010v3.4, 2010v3.6, 2010v3.7"
"/Return/ReturnData/IRS990ScheduleA/InvestmentIncomeAndUBTI/CurrentTaxYear",37340,37340,"2010v3.2, 2010v3.4, 2010v3.6, 2010v3.7"
"/Return/ReturnData/IRS990ScheduleA/GrossInvestmentIncome509/CurrentTaxYearMinus2Years",37302,37302,"2010v3.2, 2010v3.4, 2010v3.6, 2010v3.7"
"/Return/ReturnData/IRS990ScheduleF/GrantsToOrgsOutsideUS",37185,2441,"2010v3.2, 2010v3.4, 2010v3.6, 2010v3.7"
"/Return/ReturnData/IRS990ScheduleG/EventsInformation/GrossReceiptsTotal",37172,37172,"2010v3.2, 2010v3.4, 2010v3.6, 2010v3.7"
"/Return/ReturnData/IRS990ScheduleD/ExpensesNotRptdOnFinStmt",37131,37131,"2010v3.2, 2010v3.4, 2010v3.6, 2010v3.7"
"/Return/ReturnData/IRS990ScheduleG/EventsInformation/GrossReceiptsEvent1",37056,37056,"2010v3.2, 2010v3.4, 2010v3.6, 2010v3.7"
"/Return/ReturnData/IRS990ScheduleF/GrantsToOrgsOutsideUS/Region",37009,2351,"2010v3.2, 2010v3.4, 2010v3.6, 2010v3.7"
"/Return/ReturnData/IRS990ScheduleR/SharingOfPaidEmployees",37008,37008,"2010v3.2, 2010v3.4, 2010v3.6, 2010v3.7"
"/Return/ReturnData/IRS990ScheduleR/SharingOfFacilities",37007,37007,"2010v3.2, 2010v3.4, 2010v3.6, 2010v3.7"
"/Return/ReturnData/IRS990ScheduleR/GiftGrantOrCapContrToOtherOrg",36999,36999,"2010v3.2, 2010v3.4, 2010v3.6, 2010v3.7"
"/Return/ReturnData/IRS990ScheduleR/ReimbursementPaidToOtherOrg",36997,36997,"2010v3.2, 2010v3.4, 2010v3.6, 2010v3.7"
"/Return/ReturnData/IRS990ScheduleR/GiftGrantOrCapContrFrOtherOrg",36992,36992,"2010v3.2, 2010v3.4, 2010v3.6, 2010v3.7"
"/Return/ReturnData/IRS990ScheduleR/RentalOfFacilitiesFrOtherOrgs",36992,36992,"2010v3.2, 2010v3.4, 2010v3.6, 2010v3.7"
"/Return/ReturnData/IRS990ScheduleR/PerformOfServicesByOtherOrgs",36990,36990,"2010v3.2, 2010v3.4, 2010v3.6, 2010v3.7"
"/Return/ReturnData/IRS990ScheduleR/ReimbursementPaidByOtherOrg",36988,36988,"2010v3.2, 2010v3.4, 2010v3.6, 2010v3.7"
"/Return/ReturnData/IRS990ScheduleR/OtherTransferToOtherOrg",36985,36985,"2010v3.2, 2010v3.4, 2010v3.6, 2010v3.7"
"/Return/ReturnData/IRS990ScheduleR/LoansOrGuaranteesFromOtherOrg",36983,36983,"2010v3.2, 2010v3.4, 2010v3.6, 2010v3.7"
"/Return/ReturnData/IRS990ScheduleR/LoansOrGuaranteesToOtherOrg",36982,36982,"2010v3.2, 2010v3.4, 2010v3.6, 2010v3.7"
"/Return/ReturnData/IRS990ScheduleR/PerformOfServicesForOtherOrgs",36979,36979,"2010v3.2, 2010v3.4, 2010v3.6, 2010v3.7"
"/Return/ReturnData/IRS990ScheduleR/RentalOfFacilitiesToOtherOrgs",36979,36979,"2010v3.2, 2010v3.4, 2010v3.6, 2010v3.7"
"/Return/ReturnData/IRS990ScheduleR/ReceiptOfIntAnnRentsRoyalties",36975,36975,"2010v3.2, 2010v3.4, 2010v3.6, 2010v3.7"
"/Return/ReturnData/IRS990ScheduleR/SaleOfAssetsToOtherOrg",36973,36973,"2010v3.2, 2010v3.4, 2010v3.6, 2010v3.7"
"/Return/ReturnData/IRS990ScheduleR/ExchangeOfAssets",36969,36969,"2010v3.2, 2010v3.4, 2010v3.6, 2010v3.7"
"/Return/ReturnData/IRS990ScheduleR/OtherTransferFromOtherOrg",36967,36967,"2010v3.2, 2010v3.4, 2010v3.6, 2010v3.7"
"/Return/ReturnData/IRS990ScheduleR/PurchaseOfAssetsFromOtherOrg",36951,36951,"2010v3.2, 2010v3.4, 2010v3.6, 2010v3.7"
"/Return/ReturnData/IRS990ScheduleA/GrossInvestmentIncome509/CurrentTaxYear",36894,36894,"2010v3.2, 2010v3.4, 2010v3.6, 2010v3.7"
"/Return/ReturnData/IRS990EZ/SpecialEventsNetIncomeLoss",36847,36847,"2010v3.2, 2010v3.4, 2010v3.6, 2010v3.7"
"/Return/ReturnData/IRS990/GovernmentGrants",36703,36703,"2010v3.2, 2010v3.4, 2010v3.6, 2010v3.7"
"/Return/ReturnData/IRS990EZ/OtherAssetsTotal",36640,36640,"2010v3.2, 2010v3.4, 2010v3.6, 2010v3.7"
"/Return/ReturnData/IRS990/FeesForServicesOther/ManagementAndGeneral",36601,36601,"2010v3.2, 2010v3.4, 2010v3.6, 2010v3.7"
"/Return/ReturnData/IRS990ScheduleA/InvestmentIncomeAndUBTI/CurrentTaxYearMinus3Years",36474,36474,"2010v3.2, 2010v3.4, 2010v3.6, 2010v3.7"
"/Return/ReturnData/IRS990ScheduleF/GrantsToOrgsOutsideUS/PurposeOfGrant",36414,2367,"2010v3.2, 2010v3.4, 2010v3.6, 2010v3.7"
"/Return/ReturnData/IRS990EZ/FundraisingGrossIncome",36285,36285,"2010v3.2, 2010v3.4, 2010v3.6, 2010v3.7"
"/Return/ReturnData/IRS990ScheduleA/GrossReceiptsFromAdmissions/CurrentTaxYearMinus3Years",36271,36271,"2010v3.2, 2010v3.4, 2010v3.6, 2010v3.7"
"/Return/ReturnData/IRS990/InvestmentsOtherSecurities",36144,36144,"2010v3.2, 2010v3.4, 2010v3.6, 2010v3.7"
"/Return/ReturnData/IRS990ScheduleA/GrossInvestmentIncome509/CurrentTaxYearMinus3Years",35780,35780,"2010v3.2, 2010v3.4, 2010v3.6, 2010v3.7"
"/Return/ReturnData/IRS990/PaymentsToAffiliates",35597,35597,"2010v3.2, 2010v3.4, 2010v3.6, 2010v3.7"
"/Return/ReturnData/IRS990/PaymentsToAffiliates/Total",35597,35597,"2010v3.2, 2010v3.4, 2010v3.6, 2010v3.7"
"/Return/ReturnData/IRS990/BenefitsToMembers",35579,35579,"2010v3.2, 2010v3.4, 2010v3.6, 2010v3.7"
"/Return/ReturnData/IRS990/BenefitsToMembers/Total",35579,35579,"2010v3.2, 2010v3.4, 2010v3.6, 2010v3.7"
"/Return/ReturnData/IRS990/NetRentalIncomeOrLoss",35514,35514,"2010v3.2, 2010v3.4, 2010v3.6, 2010v3.7"
"/Return/ReturnData/IRS990/NetRentalIncomeOrLoss/TotalRevenueColumn",35511,35511,"2010v3.2, 2010v3.4, 2010v3.6, 2010v3.7"
"/Return/ReturnData/IRS990ScheduleG/EventsInformation/NetIncomeSummary",35325,35325,"2010v3.2, 2010v3.4, 2010v3.6, 2010v3.7"
"/Return/ReturnData/IRS990EZ/SpecialEventsDirectExpenses",35296,35296,"2010v3.2, 2010v3.4, 2010v3.6, 2010v3.7"
"/Return/ReturnData/IRS990EZ/OtherAssetsTotal/EOY",35279,35279,"2010v3.2, 2010v3.4, 2010v3.6, 2010v3.7"
"/Return/ReturnData/IRS990ScheduleG/EventsInformation/GrossRevenueTotalEvents",35207,35207,"2010v3.2, 2010v3.4, 2010v3.6, 2010v3.7"
"/Return/ReturnData/IRS990ScheduleA/GrossReceiptsFromAdmissions/CurrentTaxYearMinus4Years",35164,35164,"2010v3.2, 2010v3.4, 2010v3.6, 2010v3.7"
"/Return/ReturnData/IRS990EZ/PrintingPublicationsPostage",35012,35012,"2010v3.2, 2010v3.4, 2010v3.6, 2010v3.7"
"/Return/ReturnData/IRS990/InvestmentsOtherSecurities/EOY",34950,34950,"2010v3.2, 2010v3.4, 2010v3.6, 2010v3.7"
"/Return/ReturnData/IRS990EZ/OtherAssetsTotal/BOY",34844,34844,"2010v3.2, 2010v3.4, 2010v3.6, 2010v3.7"
"/Return/ReturnData/IRS990ScheduleA/InvestmentIncomeAndUBTI/CurrentTaxYearMinus4Years",34806,34806,"2010v3.2, 2010v3.4, 2010v3.6, 2010v3.7"
"/Return/ReturnData/IRS990ScheduleG/EventsInformation/GrossRevenueEvent1",34759,34759,"2010v3.2, 2010v3.4, 2010v3.6, 2010v3.7"
"/Return/ReturnData/IRS990ScheduleD/EndowmentsHeldByUnrelatedOrgs",34724,34724,"2010v3.2, 2010v3.4, 2010v3.6, 2010v3.7"
"/Return/ReturnData/IRS990ScheduleD/EndowmentsHeldByRelatedOrgs",34654,34654,"2010v3.2, 2010v3.4, 2010v3.6, 2010v3.7"
"/Return/ReturnData/IRS990ScheduleR/Form990ScheduleRPartIII/DirectControllingEntityName",34589,2968,"2010v3.2, 2010v3.4, 2010v3.7"
"/Return/ReturnData/IRS990ScheduleR/Form990ScheduleRPartIII/DirectControllingEntityName/BusinessNameLine1",34589,2968,"2010v3.2, 2010v3.4, 2010v3.7"
"/Return/ReturnData/IRS990/FeesForServicesProfFundraising",34458,34458,"2010v3.2, 2010v3.4, 2010v3.6, 2010v3.7"
"/Return/ReturnData/IRS990/FeesForServicesLobbying",34441,34441,"2010v3.2, 2010v3.4, 2010v3.6, 2010v3.7"
"/Return/ReturnData/IRS990/FeesForServicesLobbying/Total",34441,34441,"2010v3.2, 2010v3.4, 2010v3.6, 2010v3.7"
"/Return/ReturnData/IRS990/DeferredRevenue",34406,34406,"2010v3.2, 2010v3.4, 2010v3.6, 2010v3.7"
"/Return/ReturnData/IRS990ScheduleG/EventsInformation/DirectExpenseSummaryEvents",34222,34222,"2010v3.2, 2010v3.4, 2010v3.6, 2010v3.7"
"/Return/ReturnData/IRS990EZ/InfoInScheduleOPartII",34144,34144,"2010v3.2, 2010v3.4, 2010v3.6, 2010v3.7"
"/Return/ReturnData/IRS990ScheduleA/PriorYrInvestIncomePercentage",34131,34131,"2010v3.2, 2010v3.4, 2010v3.6, 2010v3.7"
"/Return/ReturnData/IRS990ScheduleA/GrossInvestmentIncome509/CurrentTaxYearMinus4Years",34012,34012,"2010v3.2, 2010v3.4, 2010v3.6, 2010v3.7"
"/Return/ReturnData/IRS990/ExcessBusinessHoldings",33864,33864,"2010v3.2, 2010v3.4, 2010v3.6, 2010v3.7"
"/Return/ReturnData/IRS990/Activity2/Expense",33781,33781,"2010v3.2, 2010v3.4, 2010v3.6, 2010v3.7"
"/Return/ReturnData/IRS990/CompDisqualPersons",33748,33748,"2010v3.2, 2010v3.4, 2010v3.6, 2010v3.7"
"/Return/ReturnData/IRS990/CompDisqualPersons/Total",33748,33748,"2010v3.2, 2010v3.4, 2010v3.6, 2010v3.7"
"/Return/ReturnData/IRS990/ForeignGrants",33607,33607,"2010v3.2, 2010v3.4, 2010v3.6, 2010v3.7"
"/Return/ReturnData/IRS990/ForeignGrants/Total",33607,33607,"2010v3.2, 2010v3.4, 2010v3.6, 2010v3.7"
"/Return/ReturnData/IRS990/MethodOfAccountingCash",33507,33507,"2010v3.2, 2010v3.4, 2010v3.6, 2010v3.7"
"/Return/ReturnData/IRS990/MortNotesPyblSecuredInvestProp",33388,33388,"2010v3.2, 2010v3.4, 2010v3.6, 2010v3.7"
"/Return/ReturnData/IRS990/FederalGrantAuditPerformed",33332,33332,"2010v3.2, 2010v3.4, 2010v3.6, 2010v3.7"
"/Return/ReturnData/IRS990EZ/ProgramServiceRevenue",33241,33241,"2010v3.2, 2010v3.4, 2010v3.6, 2010v3.7"
"/Return/ReturnData/IRS990/TaxableDistributions",33105,33105,"2010v3.2, 2010v3.4, 2010v3.6, 2010v3.7"
"/Return/ReturnData/IRS990/DistributionToDonor",32993,32993,"2010v3.2, 2010v3.4, 2010v3.6, 2010v3.7"
"/Return/ReturnData/IRS990/Form8899Filed",32872,32872,"2010v3.2, 2010v3.4, 2010v3.6, 2010v3.7"
"/Return/ReturnData/IRS990ScheduleJ",32864,32864,"2010v3.2, 2010v3.4, 2010v3.6, 2010v3.7"
"/Return/ReturnData/IRS990/Form1098CFiled",32847,32847,"2010v3.2, 2010v3.4, 2010v3.6, 2010v3.7"
"/Return/ReturnData/IRS990/Form990-TFiled",32713,32713,"2010v3.2, 2010v3.4, 2010v3.6, 2010v3.7"
"/Return/ReturnData/IRS990/GrossAmountSalesAssets",32618,32618,"2010v3.2, 2010v3.4, 2010v3.6, 2010v3.7"
"/Return/ReturnData/IRS990ScheduleA/AmtsFromSubstContributors",32577,32577,"2010v3.2, 2010v3.4, 2010v3.6, 2010v3.7"
"/Return/ReturnData/IRS990ScheduleA/AmtsFromSubstContributors/Total",32576,32576,"2010v3.2, 2010v3.4, 2010v3.6, 2010v3.7"
"/Return/ReturnData/IRS990ScheduleJ/SeverancePayment",32528,32528,"2010v3.2, 2010v3.4, 2010v3.6, 2010v3.7"
"/Return/ReturnData/IRS990ScheduleJ/SupplementalNonqualRetirePlan",32525,32525,"2010v3.2, 2010v3.4, 2010v3.6, 2010v3.7"
"/Return/ReturnData/IRS990ScheduleJ/EquityBasedCompArrangement",32517,32517,"2010v3.2, 2010v3.4, 2010v3.6, 2010v3.7"
"/Return/ReturnData/IRS990ScheduleG/EventsInformation/OtherDirectExpensesTotalEvents",32493,32493,"2010v3.2, 2010v3.4, 2010v3.6, 2010v3.7"
"/Return/ReturnData/IRS990/InvestmentsPubTradedSecurities/BOY",32410,32410,"2010v3.2, 2010v3.4, 2010v3.6, 2010v3.7"
"/Return/ReturnData/IRS990EZ/OccupancyRentUtilitiesAndMaint",32313,32313,"2010v3.2, 2010v3.4, 2010v3.6, 2010v3.7"
"/Return/ReturnData/IRS990ScheduleA/AmtsRecdFromDisqualPersons",32265,32265,"2010v3.2, 2010v3.4, 2010v3.6, 2010v3.7"
"/Return/ReturnData/IRS990ScheduleA/AmtsRecdFromDisqualPersons/Total",32264,32264,"2010v3.2, 2010v3.4, 2010v3.6, 2010v3.7"
"/Return/ReturnData/IRS990ScheduleD/LeaseholdImprovements",32257,32257,"2010v3.2, 2010v3.4, 2010v3.6, 2010v3.7"
"/Return/ReturnHeader/Filer/Name/BusinessNameLine2",32072,32072,"2010v3.2, 2010v3.4, 2010v3.6, 2010v3.7"
"/Return/ReturnData/IRS990/Royalties",32067,32067,"2010v3.2, 2010v3.4, 2010v3.6, 2010v3.7"
"/Return/ReturnData/IRS990/Royalties/Total",32067,32067,"2010v3.2, 2010v3.4, 2010v3.6, 2010v3.7"
"/Return/ReturnData/IRS990ScheduleR/Form990ScheduleRPartIV/DirectControllingEntityNA",31936,4987,"2010v3.2, 2010v3.4, 2010v3.6, 2010v3.7"
"/Return/ReturnData/IRS990/LessCostOthBasisSalesExpenses",31721,31721,"2010v3.2, 2010v3.4, 2010v3.6, 2010v3.7"
"/Return/ReturnData/IRS990ScheduleF/GrantsToOrgsOutsideUS/AmountOfCashGrant",31714,2297,"2010v3.2, 2010v3.4, 2010v3.6, 2010v3.7"
"/Return/ReturnData/IRS990/MortNotesPyblSecuredInvestProp/BOY",31616,31616,"2010v3.2, 2010v3.4, 2010v3.6, 2010v3.7"
"/Return/ReturnData/IRS990/TravelEntrtnmntPublicOfficials",31582,31582,"2010v3.2, 2010v3.4, 2010v3.6, 2010v3.7"
"/Return/ReturnData/IRS990/TravelEntrtnmntPublicOfficials/Total",31582,31582,"2010v3.2, 2010v3.4, 2010v3.6, 2010v3.7"
"/Return/ReturnData/IRS990/DeferredRevenue/EOY",31568,31568,"2010v3.2, 2010v3.4, 2010v3.6, 2010v3.7"
"/Return/ReturnData/IRS990/FeesForServicesAccounting/ProgramServices",31536,31536,"2010v3.2, 2010v3.4, 2010v3.6, 2010v3.7"
"/Return/ReturnData/IRS990/MortNotesPyblSecuredInvestProp/EOY",31370,31370,"2010v3.2, 2010v3.4, 2010v3.6, 2010v3.7"
"/Return/ReturnData/IRS990/GrossIncomeFundraisingEvents",31364,31364,"2010v3.2, 2010v3.4, 2010v3.6, 2010v3.7"
"/Return/ReturnData/IRS990ScheduleG/EventsInformation/OtherDirectExpensesEvent1",31331,31331,"2010v3.2, 2010v3.4, 2010v3.6, 2010v3.7"
"/Return/ReturnData/IRS990/FeesForServicesLegal/ManagementAndGeneral",31230,31230,"2010v3.2, 2010v3.4, 2010v3.6, 2010v3.7"
"/Return/ReturnData/IRS990/DeferredRevenue/BOY",31158,31158,"2010v3.2, 2010v3.4, 2010v3.6, 2010v3.7"
"/Return/ReturnData/IRS990/ConferencesMeetings/ManagementAndGeneral",31099,31099,"2010v3.2, 2010v3.4, 2010v3.6, 2010v3.7"
"/Return/ReturnHeader/Preparer/SelfEmployed",30924,30924,"2010v3.2, 2010v3.4, 2010v3.6, 2010v3.7"
"/Return/ReturnData/IRS990/OtherNotesLoansReceivableNet",30603,30603,"2010v3.2, 2010v3.4, 2010v3.6, 2010v3.7"
"/Return/ReturnData/IRS990ScheduleR/Form990ScheduleRPartIV/DirectControllingEntityName",30426,5202,"2010v3.2, 2010v3.4, 2010v3.6, 2010v3.7"
"/Return/ReturnData/IRS990ScheduleR/Form990ScheduleRPartIV/DirectControllingEntityName/BusinessNameLine1",30426,5202,"2010v3.2, 2010v3.4, 2010v3.6, 2010v3.7"
"/Return/ReturnData/IRS990EZ/MembershipDues",30380,30380,"2010v3.2, 2010v3.4, 2010v3.6, 2010v3.7"
"/Return/ReturnData/IRS990ScheduleA/OtherIncome170",30138,30138,"2010v3.2, 2010v3.4, 2010v3.6, 2010v3.7"
"/Return/ReturnData/IRS990ScheduleA/OtherIncome170/Total",30138,30138,"2010v3.2, 2010v3.4, 2010v3.6, 2010v3.7"
"/Return/ReturnData/IRS990/Advertising/ManagementAndGeneral",30116,30116,"2010v3.2, 2010v3.4, 2010v3.6, 2010v3.7"
"/Return/ReturnData/IRS990ScheduleI/Form990ScheduleIPartIII",30112,12957,"2010v3.2, 2010v3.4, 2010v3.6, 2010v3.7"
"/Return/ReturnData/IRS990/FeesForServicesProfFundraising/Total",30098,30098,"2010v3.2, 2010v3.4, 2010v3.6, 2010v3.7"
"/Return/ReturnData/IRS990/FundraisingDirectExpenses",30023,30023,"2010v3.2, 2010v3.4, 2010v3.6, 2010v3.7"
"/Return/ReturnData/IRS990/Organization501c",29971,29971,"2010v3.2, 2010v3.4, 2010v3.6, 2010v3.7"
"/Return/ReturnData/IRS990ScheduleI/RecipientTable/DescriptionOfNonCashAssistance",29863,2233,"2010v3.2, 2010v3.4, 2010v3.6, 2010v3.7"
"/Return/ReturnData/IRS990ScheduleI/Form990ScheduleIPartIII/TypeOfGrant",29791,12895,"2010v3.2, 2010v3.4, 2010v3.6, 2010v3.7"
"/Return/ReturnData/IRS990/RoyaltiesRevenue",29763,29763,"2010v3.2, 2010v3.4, 2010v3.6, 2010v3.7"
"/Return/ReturnData/IRS990/RoyaltiesRevenue/TotalRevenueColumn",29763,29763,"2010v3.2, 2010v3.4, 2010v3.6, 2010v3.7"
"/Return/ReturnData/IRS990/OtherNotesLoansReceivableNet/EOY",29646,29646,"2010v3.2, 2010v3.4, 2010v3.6, 2010v3.7"
"/Return/ReturnData/IRS990ScheduleG/LicensedStates",29569,4462,"2010v3.2, 2010v3.4, 2010v3.6, 2010v3.7"
"/Return/ReturnData/IRS990/NetIncomeFromGaming",29021,29021,"2010v3.2, 2010v3.4, 2010v3.6, 2010v3.7"
"/Return/ReturnData/IRS990/NetIncomeFromGaming/TotalRevenueColumn",29021,29021,"2010v3.2, 2010v3.4, 2010v3.6, 2010v3.7"
"/Return/ReturnData/IRS990ScheduleF/GrantsToOrgsOutsideUS/MannerOfCashDisbursement",29018,2079,"2010v3.2, 2010v3.4, 2010v3.6, 2010v3.7"
"/Return/ReturnData/IRS990ScheduleI",28856,28856,"2010v3.2, 2010v3.4, 2010v3.6, 2010v3.7"
"/Return/ReturnData/IRS990/DoNotFollowSFAS117",28742,28742,"2010v3.2, 2010v3.4, 2010v3.6, 2010v3.7"
"/Return/ReturnData/IRS990/PensionPlanContributions/ProgramServices",28735,28735,"2010v3.2, 2010v3.4, 2010v3.6, 2010v3.7"
"/Return/ReturnData/IRS990ScheduleH/Form990ScheduleHPartVI",28649,2438,"2010v3.2, 2010v3.4, 2010v3.6, 2010v3.7"
"/Return/ReturnData/IRS990ScheduleH/Form990ScheduleHPartVI/Explanation",28623,2438,"2010v3.2, 2010v3.4, 2010v3.6, 2010v3.7"
"/Return/ReturnData/IRS990/OtherSalariesAndWages/Fundraising",28617,28617,"2010v3.2, 2010v3.4, 2010v3.6, 2010v3.7"
"/Return/ReturnData/IRS990/PayrollTaxes/Fundraising",28559,28559,"2010v3.2, 2010v3.4, 2010v3.6, 2010v3.7"
"/Return/ReturnData/IRS990/GainOrLoss/Securities",28440,28440,"2010v3.2, 2010v3.4, 2010v3.6, 2010v3.7"
"/Return/ReturnData/IRS990/Interest/ProgramServices",28415,28415,"2010v3.2, 2010v3.4, 2010v3.6, 2010v3.7"
"/Return/ReturnData/IRS990/Activity3",28299,28299,"2010v3.2, 2010v3.4, 2010v3.6, 2010v3.7"
"/Return/ReturnData/IRS990/Activity3/Description",28264,28264,"2010v3.2, 2010v3.4, 2010v3.6, 2010v3.7"
"/Return/ReturnData/IRS990EZ/CostOfGoodsSold",28232,28232,"2010v3.2, 2010v3.4, 2010v3.6, 2010v3.7"
"/Return/ReturnData/IRS990ScheduleR/Form990ScheduleRPartIII/PercentageOwnership",28211,2602,"2010v3.2, 2010v3.4, 2010v3.7"
"/Return/ReturnData/IRS990/OfficeExpenses/Fundraising",28192,28192,"2010v3.2, 2010v3.4, 2010v3.6, 2010v3.7"
"/Return/ReturnData/IRS990ScheduleD/LeaseholdImprovements/BookValue",27851,27851,"2010v3.2, 2010v3.4, 2010v3.6, 2010v3.7"
"/Return/ReturnData/IRS990EZ/StatesWhereCopyOfReturnIsFiled",27717,26775,"2010v3.2, 2010v3.4, 2010v3.6, 2010v3.7"
"/Return/ReturnData/IRS990/IncomeFromInvestBondProceeds",27573,27573,"2010v3.2, 2010v3.4, 2010v3.6, 2010v3.7"
"/Return/ReturnData/IRS990/IncomeFromInvestBondProceeds/TotalRevenueColumn",27572,27572,"2010v3.2, 2010v3.4, 2010v3.6, 2010v3.7"
"/Return/ReturnData/IRS990ScheduleI/RecordsMaintained",27559,27559,"2010v3.2, 2010v3.4, 2010v3.6, 2010v3.7"
"/Return/ReturnData/IRS990/Grants",27387,27387,"2010v3.2, 2010v3.4, 2010v3.6, 2010v3.7"
"/Return/ReturnData/IRS990/RetainedEarningsEndowmentEtc",27303,27303,"2010v3.2, 2010v3.4, 2010v3.6, 2010v3.7"
"/Return/ReturnData/IRS990/ActivityOther",27290,17736,"2010v3.2, 2010v3.4, 2010v3.6, 2010v3.7"
"/Return/ReturnData/IRS990/OtherRevenueMisc/ExclusionAmount",27257,18471,"2010v3.2, 2010v3.4, 2010v3.6, 2010v3.7"
"/Return/ReturnData/IRS990ScheduleL/Form990ScheduleLPartIV",27232,11955,"2010v3.2, 2010v3.4, 2010v3.6, 2010v3.7"
"/Return/ReturnData/IRS990/RetainedEarningsEndowmentEtc/EOY",27169,27169,"2010v3.2, 2010v3.4, 2010v3.6, 2010v3.7"
"/Return/ReturnData/IRS990ScheduleD/OtherSecurities",27166,10620,"2010v3.2, 2010v3.4, 2010v3.6, 2010v3.7"
"/Return/ReturnData/IRS990ScheduleD/OtherSecurities/Description",27132,10588,"2010v3.2, 2010v3.4, 2010v3.6, 2010v3.7"
"/Return/ReturnData/IRS990ScheduleJ/CompBasedOnRevenueOfFilingOrg",27046,27046,"2010v3.2, 2010v3.4, 2010v3.6, 2010v3.7"
"/Return/ReturnData/IRS990ScheduleJ/CompBasedNetEarningsFilingOrg",27045,27045,"2010v3.2, 2010v3.4, 2010v3.6, 2010v3.7"
"/Return/ReturnData/IRS990ScheduleJ/CompBasedNetEarningsRelateOrgs",27039,27039,"2010v3.2, 2010v3.4, 2010v3.6, 2010v3.7"
"/Return/ReturnData/IRS990ScheduleJ/CompBasedOnRevenueRelatedOrgs",27036,27036,"2010v3.2, 2010v3.4, 2010v3.6, 2010v3.7"
"/Return/ReturnData/IRS990/RetainedEarningsEndowmentEtc/BOY",27015,27015,"2010v3.2, 2010v3.4, 2010v3.6, 2010v3.7"
"/Return/ReturnData/IRS990/PledgesAndGrantsReceivable/BOY",26965,26965,"2010v3.2, 2010v3.4, 2010v3.6, 2010v3.7"
"/Return/ReturnData/IRS990ScheduleD/LeaseholdImprovements/Depreciation",26954,26954,"2010v3.2, 2010v3.4, 2010v3.6, 2010v3.7"
"/Return/ReturnData/IRS990ScheduleJ/AnyNonFixedPayments",26952,26952,"2010v3.2, 2010v3.4, 2010v3.6, 2010v3.7"
"/Return/ReturnData/IRS990ScheduleL/Form990ScheduleLPartIV/SharingOfRevenues",26936,11836,"2010v3.2, 2010v3.4, 2010v3.6, 2010v3.7"
"/Return/ReturnData/IRS990ScheduleJ/InitialContractException",26933,26933,"2010v3.2, 2010v3.4, 2010v3.6, 2010v3.7"
"/Return/ReturnData/IRS990/InvestTaxExemptBonds",26897,26897,"2010v3.2, 2010v3.4, 2010v3.6, 2010v3.7"
"/Return/ReturnData/IRS990ScheduleD/OtherSecurities/BookValue",26895,10604,"2010v3.2, 2010v3.4, 2010v3.6, 2010v3.7"
"/Return/ReturnData/IRS990/EscrowAccount",26889,26889,"2010v3.2, 2010v3.4, 2010v3.6, 2010v3.7"
"/Return/ReturnData/IRS990/OnBehalfOfIssuer",26872,26872,"2010v3.2, 2010v3.4, 2010v3.6, 2010v3.7"
"/Return/ReturnData/IRS990/PoliciesReferenceChapters",26833,26833,"2010v3.2, 2010v3.4, 2010v3.6, 2010v3.7"
"/Return/ReturnData/IRS990ScheduleD/OtherSecurities/MethodOfValuation",26815,10474,"2010v3.2, 2010v3.4, 2010v3.6, 2010v3.7"
"/Return/ReturnData/IRS990/QuidProQuoDisclosure",26786,26786,"2010v3.2, 2010v3.4, 2010v3.6, 2010v3.7"
"/Return/ReturnData/IRS990/InvestmentIncome/RelatedOrExemptFunctionIncome",26784,26784,"2010v3.2, 2010v3.4, 2010v3.6, 2010v3.7"
"/Return/ReturnData/IRS990/InfoInScheduleOPartXII",26714,26714,"2010v3.2, 2010v3.4, 2010v3.6, 2010v3.7"
"/Return/ReturnData/IRS990ScheduleL/Form990ScheduleLPartIV/NameOfInterestedPerson",26663,11942,"2010v3.2, 2010v3.4, 2010v3.6, 2010v3.7"
"/Return/ReturnData/IRS990ScheduleI/Form990ScheduleIPartIII/NumberOfRecipients",26658,12038,"2010v3.2, 2010v3.4, 2010v3.6, 2010v3.7"
"/Return/ReturnData/IRS990ScheduleI/Form990ScheduleIPartIII/AmountOfCashGrant",26615,11660,"2010v3.2, 2010v3.4, 2010v3.6, 2010v3.7"
"/Return/ReturnData/IRS990ScheduleA/GrossReceiptsFromAdmissionsEtc",26577,26577,"2010v3.2, 2010v3.4, 2010v3.6, 2010v3.7"
"/Return/ReturnData/IRS990ScheduleL/Form990ScheduleLPartIV/Relationship",26529,11798,"2010v3.2, 2010v3.4, 2010v3.6, 2010v3.7"
"/Return/ReturnData/IRS990ScheduleA/SupportFromDQPsEtc",26330,26330,"2010v3.2, 2010v3.4, 2010v3.6, 2010v3.7"
"/Return/ReturnData/IRS990ScheduleA/SupportFromDQPsEtc/Total",26330,26330,"2010v3.2, 2010v3.4, 2010v3.6, 2010v3.7"
"/Return/ReturnData/IRS990/ActivityOther/Description",26296,16765,"2010v3.2, 2010v3.4, 2010v3.6, 2010v3.7"
"/Return/ReturnData/IRS990/PensionPlanContributions/ManagementAndGeneral",26138,26138,"2010v3.2, 2010v3.4, 2010v3.6, 2010v3.7"
"/Return/ReturnData/IRS990EZ/CostOtherBasisAndSalesExpenses",25900,25900,"2010v3.2, 2010v3.4, 2010v3.6, 2010v3.7"
"/Return/ReturnData/IRS990ScheduleA/OtherIncome509",25834,25834,"2010v3.2, 2010v3.4, 2010v3.6, 2010v3.7"
"/Return/ReturnData/IRS990ScheduleA/OtherIncome509/Total",25834,25834,"2010v3.2, 2010v3.4, 2010v3.6, 2010v3.7"
"/Return/ReturnData/IRS990ScheduleD/LeaseholdImprovements/OtherCostOrOtherBasis",25651,25651,"2010v3.2, 2010v3.4, 2010v3.6, 2010v3.7"
"/Return/ReturnData/IRS990/GrossAmountSalesAssets/Securities",25647,25647,"2010v3.2, 2010v3.4, 2010v3.6, 2010v3.7"
"/Return/ReturnData/IRS990ScheduleD/IncludedOnFS",25443,25443,"2010v3.2, 2010v3.4, 2010v3.6, 2010v3.7"
"/Return/ReturnData/IRS990EZ/OtherChangesInNetAssets",25285,25285,"2010v3.2, 2010v3.4, 2010v3.6, 2010v3.7"
"/Return/ReturnData/IRS990ScheduleA/AmountsSubstContributorsTotal",25036,25036,"2010v3.2, 2010v3.4, 2010v3.6, 2010v3.7"
"/Return/ReturnData/IRS990ScheduleR/Form990ScheduleRPartIV/PercentageOwnership",24869,5178,"2010v3.2, 2010v3.4, 2010v3.6, 2010v3.7"
"/Return/ReturnData/IRS990/InventoriesForSaleOrUse/BOY",24422,24422,"2010v3.2, 2010v3.4, 2010v3.6, 2010v3.7"
"/Return/ReturnData/IRS990/Activity3/Expense",24326,24326,"2010v3.2, 2010v3.4, 2010v3.6, 2010v3.7"
"/Return/ReturnData/IRS990/Interest/ManagementAndGeneral",24317,24317,"2010v3.2, 2010v3.4, 2010v3.6, 2010v3.7"
"/Return/ReturnData/IRS990EZ/InfoInScheduleOPartV",24295,24295,"2010v3.2, 2010v3.4, 2010v3.6, 2010v3.7"
"/Return/ReturnData/IRS990/InvestmentsProgramRelated",24185,24185,"2010v3.2, 2010v3.4, 2010v3.6, 2010v3.7"
"/Return/ReturnData/IRS990/FinancialStatementConsolidated",24002,24002,"2010v3.2, 2010v3.4, 2010v3.6, 2010v3.7"
"/Return/ReturnData/IRS990/InvestmentsProgramRelated/EOY",23908,23908,"2010v3.2, 2010v3.4, 2010v3.6, 2010v3.7"
"/Return/ReturnData/IRS990/LessCostOthBasisSalesExpenses/Securities",23860,23860,"2010v3.2, 2010v3.4, 2010v3.6, 2010v3.7"
"/Return/ReturnData/IRS990/IntangibleAssets",23732,23732,"2010v3.2, 2010v3.4, 2010v3.6, 2010v3.7"
"/Return/ReturnData/IRS990EZ/SalariesOtherCompEmplBenefits",23707,23707,"2010v3.2, 2010v3.4, 2010v3.6, 2010v3.7"
"/Return/ReturnData/IRS990ScheduleL/Form990ScheduleLPartIV/DescriptionOfTransaction",23706,11576,"2010v3.2, 2010v3.4, 2010v3.6, 2010v3.7"
"/Return/ReturnData/IRS990/WrittenPolicyOrProcedure",23380,23380,"2010v3.2, 2010v3.4, 2010v3.6, 2010v3.7"
"/Return/ReturnData/IRS990/OtherEmployeeBenefits/Fundraising",23353,23353,"2010v3.2, 2010v3.4, 2010v3.6, 2010v3.7"
"/Return/ReturnData/IRS990/IntangibleAssets/EOY",23270,23270,"2010v3.2, 2010v3.4, 2010v3.6, 2010v3.7"
"/Return/ReturnData/IRS990/NetIncomeFromFundraisingEvents/ExclusionAmount",23233,23233,"2010v3.2, 2010v3.4, 2010v3.6, 2010v3.7"
"/Return/ReturnData/IRS990/NonDeductibleDisclosure",23195,23195,"2010v3.2, 2010v3.4, 2010v3.6, 2010v3.7"
"/Return/ReturnData/IRS990/NetGainOrLossInvestments/ExclusionAmount",23113,23113,"2010v3.2, 2010v3.4, 2010v3.6, 2010v3.7"
"/Return/ReturnData/IRS990ScheduleD/NetUnrealizedGLOnInvestments",22870,22870,"2010v3.2, 2010v3.4, 2010v3.6, 2010v3.7"
"/Return/ReturnData/IRS990EZ/InfoInScheduleOPartIII",22804,22804,"2010v3.2, 2010v3.4, 2010v3.6, 2010v3.7"
"/Return/ReturnData/IRS990ScheduleI/Form990ScheduleIPartIV",22708,19200,"2010v3.2, 2010v3.4, 2010v3.6, 2010v3.7"
"/Return/ReturnData/IRS990/CompCurrentOfficersDirectors/Fundraising",22669,22669,"2010v3.2, 2010v3.4, 2010v3.6, 2010v3.7"
"/Return/ReturnData/IRS990ScheduleI/Form990ScheduleIPartIV/Explanation",22647,19184,"2010v3.2, 2010v3.4, 2010v3.6, 2010v3.7"
"/Return/ReturnData/IRS990ScheduleJ/BoardOrCommitteeApproval",22609,22609,"2010v3.2, 2010v3.4, 2010v3.6, 2010v3.7"
"/Return/ReturnData/IRS990ScheduleJ/Form990ScheduleJPartIII",22579,13437,"2010v3.2, 2010v3.4, 2010v3.6, 2010v3.7"
"/Return/ReturnData/IRS990/GrantsToDomesticOrgs/ProgramServices",22418,22418,"2010v3.2, 2010v3.4, 2010v3.6, 2010v3.7"
"/Return/ReturnData/IRS990ScheduleR/Form990ScheduleRPartIII/ShareOfEOYAssets",22412,2448,"2010v3.2, 2010v3.4, 2010v3.7"
"/Return/ReturnData/IRS990/RentalIncomeOrLoss",22338,22338,"2010v3.2, 2010v3.4, 2010v3.6, 2010v3.7"
"/Return/ReturnData/IRS990ScheduleR/Form990ScheduleRPartIII/ShareOfTotalIncome",22337,2449,"2010v3.2, 2010v3.4, 2010v3.7"
"/Return/ReturnData/IRS990ScheduleJ/Form990ScheduleJPartIII/Explanation",22318,13298,"2010v3.2, 2010v3.4, 2010v3.6, 2010v3.7"
"/Return/ReturnData/IRS990/ActivityOther/Expense",22158,14163,"2010v3.2, 2010v3.4, 2010v3.6, 2010v3.7"
"/Return/ReturnData/IRS990ScheduleD/AgentTrusteeEtc",21957,21957,"2010v3.2, 2010v3.4, 2010v3.6, 2010v3.7"
"/Return/ReturnData/IRS990/FundraisingEvents",21878,21878,"2010v3.2, 2010v3.4, 2010v3.6, 2010v3.7"
"/Return/ReturnData/IRS990ScheduleL/Form990ScheduleLPartIV/AmountOfTransaction",21820,10727,"2010v3.2, 2010v3.4, 2010v3.6, 2010v3.7"
"/Return/ReturnData/IRS990ScheduleD/AreRelatedOrgsListedScheduleR",21797,21797,"2010v3.2, 2010v3.4, 2010v3.6, 2010v3.7"
"/Return/ReturnData/IRS990/InformationTechnology/ProgramServices",21776,21776,"2010v3.2, 2010v3.4, 2010v3.6, 2010v3.7"
"/Return/ReturnData/IRS990ScheduleI/Form990ScheduleIPartIV/Identifier",21742,19020,"2010v3.2, 2010v3.4, 2010v3.6, 2010v3.7"
"/Return/ReturnData/IRS990/RentalIncomeOrLoss/Real",21652,21652,"2010v3.2, 2010v3.4, 2010v3.6, 2010v3.7"
"/Return/ReturnData/IRS990/InformationTechnology/ManagementAndGeneral",21623,21623,"2010v3.2, 2010v3.4, 2010v3.6, 2010v3.7"
"/Return/ReturnData/IRS990ScheduleR/Form990ScheduleRPartIV/ShareOfEOYAssets",21545,4164,"2010v3.2, 2010v3.4, 2010v3.6, 2010v3.7"
"/Return/ReturnData/IRS990ScheduleD/SolicitedAssetsForSale",21392,21392,"2010v3.2, 2010v3.4, 2010v3.6, 2010v3.7"
"/Return/ReturnData/IRS990/ReceivablesFromOfficersEtc",21363,21363,"2010v3.2, 2010v3.4, 2010v3.6, 2010v3.7"
"/Return/ReturnData/IRS990/AllOtherExpenses/Fundraising",21229,21229,"2010v3.2, 2010v3.4, 2010v3.6, 2010v3.7"
"/Return/ReturnData/IRS990ScheduleD/NetUnrealizedGainsInvestments",21101,21101,"2010v3.2, 2010v3.4, 2010v3.6, 2010v3.7"
"/Return/ReturnData/IRS990/ReceivablesFromOfficersEtc/EOY",20951,20951,"2010v3.2, 2010v3.4, 2010v3.6, 2010v3.7"
"/Return/ReturnData/IRS990/Form8886TFiled",20611,20611,"2010v3.2, 2010v3.4, 2010v3.7"
"/Return/ReturnData/IRS990ScheduleG/EventsInformation/NameOfEvent2",20596,20596,"2010v3.2, 2010v3.4, 2010v3.6, 2010v3.7"
"/Return/ReturnData/IRS990ScheduleJ/Form990ScheduleJPartIII/ReturnReference",20589,12385,"2010v3.2, 2010v3.4, 2010v3.6, 2010v3.7"
"/Return/ReturnData/IRS990/Occupancy/Fundraising",20401,20401,"2010v3.2, 2010v3.4, 2010v3.6, 2010v3.7"
"/Return/ReturnData/IRS990/FiledLieu1041",20269,20269,"2010v3.2, 2010v3.4, 2010v3.7"
"/Return/ReturnData/IRS990EZ/DirectIndirectPoliticalExpend",20216,20216,"2010v3.2, 2010v3.4, 2010v3.6, 2010v3.7"
"/Return/ReturnData/IRS990ScheduleD/DisclosedForCharitablePurposes",20158,20158,"2010v3.2, 2010v3.4, 2010v3.6, 2010v3.7"
"/Return/ReturnData/IRS990ScheduleD/DisclosedOrgsLegalControl",20138,20138,"2010v3.2, 2010v3.4, 2010v3.6, 2010v3.7"
"/Return/ReturnData/IRS990ScheduleG/EventsInformation/GrossReceiptsEvent2",20110,20110,"2010v3.2, 2010v3.4, 2010v3.6, 2010v3.7"
"/Return/ReturnData/IRS990/PermanentlyRestrictedNetAssets",20047,20047,"2010v3.2, 2010v3.4, 2010v3.6, 2010v3.7"
"/Return/ReturnData/IRS990/MembershipDues",19999,19999,"2010v3.2, 2010v3.4, 2010v3.6, 2010v3.7"
"/Return/ReturnData/IRS990/TotalOfOtherProgramServiceExp",19935,19935,"2010v3.2, 2010v3.4, 2010v3.6, 2010v3.7"
"/Return/ReturnData/IRS990/AllAffiliatesIncluded",19867,19867,"2010v3.2, 2010v3.4, 2010v3.6, 2010v3.7"
"/Return/ReturnData/IRS990/NoncashContributions",19844,19844,"2010v3.2, 2010v3.4, 2010v3.6, 2010v3.7"
"/Return/ReturnData/IRS990/PermanentlyRestrictedNetAssets/EOY",19826,19826,"2010v3.2, 2010v3.4, 2010v3.6, 2010v3.7"
"/Return/ReturnData/IRS990ScheduleD/TotalBookValueOtherAssets",19791,19791,"2010v3.2, 2010v3.4, 2010v3.6, 2010v3.7"
"/Return/ReturnData/IRS990/ReceivablesFromDisqualPersons",19787,19787,"2010v3.2, 2010v3.4, 2010v3.7"
"/Return/ReturnData/IRS990/LicensedMoreThanOneState",19747,19747,"2010v3.2, 2010v3.4, 2010v3.7"
"/Return/ReturnData/IRS990/GrossRents",19729,19729,"2010v3.2, 2010v3.4, 2010v3.6, 2010v3.7"
"/Return/ReturnData/IRS990/Travel/Fundraising",19643,19643,"2010v3.2, 2010v3.4, 2010v3.6, 2010v3.7"
"/Return/ReturnData/IRS990/PermanentlyRestrictedNetAssets/BOY",19590,19590,"2010v3.2, 2010v3.4, 2010v3.6, 2010v3.7"
"/Return/ReturnData/IRS990/ReceivablesFromDisqualPersons/EOY",19567,19567,"2010v3.2, 2010v3.4, 2010v3.7"
"/Return/ReturnData/IRS990ScheduleD/WrittenPolicyMonitoring",19515,19515,"2010v3.2, 2010v3.4, 2010v3.6, 2010v3.7"
"/Return/ReturnData/IRS990EZ/LandAndBuildings",19502,19502,"2010v3.2, 2010v3.4, 2010v3.6, 2010v3.7"
"/Return/ReturnData/IRS990ScheduleA/SupportedOrgInformation",19468,10720,"2010v3.2, 2010v3.4, 2010v3.6, 2010v3.7"
"/Return/ReturnData/IRS990ScheduleA/SupportedOrgInformation/Amount",19468,10720,"2010v3.2, 2010v3.4, 2010v3.6, 2010v3.7"
"/Return/ReturnData/IRS990ScheduleA/SupportedOrgInformation/EIN",19468,10720,"2010v3.2, 2010v3.4, 2010v3.6, 2010v3.7"
"/Return/ReturnData/IRS990ScheduleA/SupportedOrgInformation/ListedInGoverningDoc",19468,10720,"2010v3.2, 2010v3.4, 2010v3.6, 2010v3.7"
"/Return/ReturnData/IRS990ScheduleA/SupportedOrgInformation/Name",19468,10720,"2010v3.2, 2010v3.4, 2010v3.6, 2010v3.7"
"/Return/ReturnData/IRS990ScheduleA/SupportedOrgInformation/Name/BusinessNameLine1",19468,10720,"2010v3.2, 2010v3.4, 2010v3.6, 2010v3.7"
"/Return/ReturnData/IRS990ScheduleA/SupportedOrgInformation/TypeOfOrganization",19468,10720,"2010v3.2, 2010v3.4, 2010v3.6, 2010v3.7"
"/Return/ReturnData/IRS990ScheduleL/Form990ScheduleLPartIV/NameOfInterestedPerson/NamePerson",19447,8852,"2010v3.2, 2010v3.4, 2010v3.6, 2010v3.7"
"/Return/ReturnData/IRS990/Form720Filed",19394,19394,"2010v3.2, 2010v3.4, 2010v3.7"
"/Return/ReturnData/IRS990/CntrbtnsRprtdFundraisingEvents",19260,19260,"2010v3.2, 2010v3.4, 2010v3.6, 2010v3.7"
"/Return/ReturnData/IRS990EZ/LandAndBuildings/EOY",19258,19258,"2010v3.2, 2010v3.4, 2010v3.6, 2010v3.7"
"/Return/ReturnData/IRS990ScheduleD/Sect170hRequirementsSatisfied",19232,19232,"2010v3.2, 2010v3.4, 2010v3.6, 2010v3.7"
"/Return/ReturnData/IRS990EZ/GrantsAndSimilarAmountsPaid",19174,19174,"2010v3.2, 2010v3.4, 2010v3.6, 2010v3.7"
"/Return/ReturnData/IRS990EZ/LandAndBuildings/BOY",19160,19160,"2010v3.2, 2010v3.4, 2010v3.6, 2010v3.7"
"/Return/ReturnData/IRS990/Activity2/Revenue",19060,19060,"2010v3.2, 2010v3.4, 2010v3.6, 2010v3.7"
"/Return/ReturnData/IRS990/GrossRents/Real",19033,19033,"2010v3.2, 2010v3.4, 2010v3.6, 2010v3.7"
"/Return/ReturnData/IRS990EZ/OtherRevenueTotal",19016,19016,"2010v3.2, 2010v3.4, 2010v3.6, 2010v3.7"
"/Return/ReturnData/IRS990/GainOrLoss/Other",18996,18996,"2010v3.2, 2010v3.4, 2010v3.6, 2010v3.7"
"/Return/ReturnData/IRS990ScheduleD/OtherExpensesIncluded",18933,18933,"2010v3.2, 2010v3.4, 2010v3.6, 2010v3.7"
"/Return/ReturnData/IRS990ScheduleG/EventsInformation/GrossRevenueEvent2",18842,18842,"2010v3.2, 2010v3.4, 2010v3.6, 2010v3.7"
"/Return/ReturnData/IRS990/OtherWebsite",18712,18712,"2010v3.2, 2010v3.4, 2010v3.6, 2010v3.7"
"/Return/ReturnData/IRS990/InvestmentsOtherSecurities/BOY",18690,18690,"2010v3.2, 2010v3.4, 2010v3.6, 2010v3.7"
"/Return/ReturnData/IRS990EZ/GroProfitLossSalesOfInventory",18452,18452,"2010v3.2, 2010v3.4, 2010v3.6, 2010v3.7"
"/Return/ReturnData/IRS990ScheduleL",18395,18395,"2010v3.2, 2010v3.4, 2010v3.6, 2010v3.7"
"/Return/ReturnData/IRS990/FeesForServicesLegal/ProgramServices",18318,18318,"2010v3.2, 2010v3.4, 2010v3.6, 2010v3.7"
"/Return/ReturnData/IRS990ScheduleF/AcctsActvsOutUSTable",18304,4622,"2010v3.2, 2010v3.4, 2010v3.6, 2010v3.7"
"/Return/ReturnData/IRS990ScheduleD/OtherRevenues",18293,18293,"2010v3.2, 2010v3.4, 2010v3.6, 2010v3.7"
"/Return/ReturnData/IRS990ScheduleF/AcctsActvsOutUSTable/Region",18232,4619,"2010v3.2, 2010v3.4, 2010v3.6, 2010v3.7"
"/Return/ReturnData/IRS990ScheduleF/AcctsActvsOutUSTable/TypeOfActivitiesConducted",18188,4591,"2010v3.2, 2010v3.4, 2010v3.6, 2010v3.7"
"/Return/ReturnData/IRS990ScheduleA/OtherIncome170/CurrentTaxYear",18159,18159,"2010v3.2, 2010v3.4, 2010v3.6, 2010v3.7"
"/Return/ReturnData/IRS990ScheduleA/OtherIncome170/CurrentTaxYearMinus1Year",17955,17955,"2010v3.2, 2010v3.4, 2010v3.6, 2010v3.7"
"/Return/ReturnData/IRS990EZ/TaxImposedUnderIRC4911",17697,17697,"2010v3.2, 2010v3.4, 2010v3.7"
"/Return/ReturnData/IRS990EZ/TaxImposedUnderIRC4955",17663,17663,"2010v3.2, 2010v3.4, 2010v3.7"
"/Return/ReturnData/IRS990EZ/TaxImposedUnderIRC4912",17658,17658,"2010v3.2, 2010v3.4, 2010v3.7"
"/Return/ReturnData/IRS990/DepreciationDepletion/Fundraising",17640,17640,"2010v3.2, 2010v3.4, 2010v3.6, 2010v3.7"
"/Return/ReturnData/IRS990ScheduleF/AcctsActvsOutUSTable/TotalExpenditures",17569,4438,"2010v3.2, 2010v3.4, 2010v3.6, 2010v3.7"
"/Return/ReturnData/IRS990/Advertising/Fundraising",17556,17556,"2010v3.2, 2010v3.4, 2010v3.6, 2010v3.7"
"/Return/ReturnData/IRS990/GrantsToDomesticIndividuals/ProgramServices",17404,17404,"2010v3.2, 2010v3.4, 2010v3.6, 2010v3.7"
"/Return/ReturnData/IRS990ScheduleM/OtherNonCashContributionsTable",17124,7496,"2010v3.2, 2010v3.4, 2010v3.6, 2010v3.7"
"/Return/ReturnData/IRS990ScheduleR/Form990ScheduleRPartIV/ShareOfTotalIncome",17048,4027,"2010v3.2, 2010v3.4, 2010v3.6, 2010v3.7"
"/Return/ReturnData/IRS990ScheduleA/OtherIncome170/CurrentTaxYearMinus2Years",17044,17044,"2010v3.2, 2010v3.4, 2010v3.6, 2010v3.7"
"/Return/ReturnData/IRS990ScheduleD/CurrentYear",17002,17002,"2010v3.2, 2010v3.4, 2010v3.6, 2010v3.7"
"/Return/ReturnData/IRS990ScheduleA/SupportedOrgInformation/OrganizedInUS",16962,9245,"2010v3.2, 2010v3.4, 2010v3.6, 2010v3.7"
"/Return/ReturnData/IRS990EZ/Organization501c",16932,16932,"2010v3.2, 2010v3.4, 2010v3.6, 2010v3.7"
"/Return/ReturnData/IRS990ScheduleD/CurrentYear/EndOfYearBalance",16827,16827,"2010v3.2, 2010v3.4, 2010v3.6, 2010v3.7"
"/Return/ReturnData/IRS990ScheduleG/EventsInformation/CharitableContributionsTotal",16811,16811,"2010v3.2, 2010v3.4, 2010v3.6, 2010v3.7"
"/Return/ReturnData/IRS990ScheduleM/OtherNonCashContributionsTable/NoncashContribsRptdF990",16757,7360,"2010v3.2, 2010v3.4, 2010v3.6, 2010v3.7"
"/Return/ReturnData/IRS990ScheduleD/CurrentYear/BeginningOfYearBalance",16723,16723,"2010v3.2, 2010v3.4, 2010v3.6, 2010v3.7"
"/Return/ReturnData/IRS990ScheduleM/OtherNonCashContributionsTable/Description",16696,7112,"2010v3.2, 2010v3.4, 2010v3.6, 2010v3.7"
"/Return/ReturnData/IRS990ScheduleG/EventsInformation/OtherDirectExpensesEvent2",16687,16687,"2010v3.2, 2010v3.4, 2010v3.6, 2010v3.7"
"/Return/ReturnData/IRS990/Insurance/Fundraising",16624,16624,"2010v3.2, 2010v3.4, 2010v3.6, 2010v3.7"
"/Return/ReturnData/IRS990ScheduleM/OtherNonCashContributionsTable/NonCashCheckbox",16530,7245,"2010v3.2, 2010v3.4, 2010v3.6, 2010v3.7"
"/Return/ReturnData/IRS990ScheduleD/CurrentYearMinus1Year",16527,16527,"2010v3.2, 2010v3.4, 2010v3.6, 2010v3.7"
"/Return/ReturnData/IRS990ScheduleA/SupportedOrgInformation/SupportedOrganizationNotified",16507,9042,"2010v3.2, 2010v3.4, 2010v3.6, 2010v3.7"
"/Return/ReturnData/IRS990ScheduleD/CurrentYearMinus1Year/EndOfYearBalance",16438,16438,"2010v3.2, 2010v3.4, 2010v3.6, 2010v3.7"
"/Return/ReturnData/IRS990EZ/TheBooksAreInCareOf/NameBusiness",16408,16408,"2010v3.2, 2010v3.4, 2010v3.6, 2010v3.7"
"/Return/ReturnData/IRS990EZ/TheBooksAreInCareOf/NameBusiness/BusinessNameLine1",16408,16408,"2010v3.2, 2010v3.4, 2010v3.6, 2010v3.7"
"/Return/ReturnData/IRS990ScheduleJ/CompensationSurvey",16393,16393,"2010v3.2, 2010v3.4, 2010v3.6, 2010v3.7"
"/Return/ReturnData/IRS990/GrossSalesOfInventory",16375,16375,"2010v3.2, 2010v3.4, 2010v3.6, 2010v3.7"
"/Return/ReturnData/IRS990ScheduleM/OtherNonCashContributionsTable/NumberOfContributions",16371,7187,"2010v3.2, 2010v3.4, 2010v3.6, 2010v3.7"
"/Return/ReturnData/IRS990ScheduleG/EventsInformation/CharitableContributionsEvent1",16267,16267,"2010v3.2, 2010v3.4, 2010v3.6, 2010v3.7"
"/Return/ReturnData/IRS990ScheduleC",16241,16241,"2010v3.2, 2010v3.4, 2010v3.6, 2010v3.7"
"/Return/ReturnData/IRS990EZ/AmountOfTaxImposedOnOrgMgr",16232,16232,"2010v3.2, 2010v3.4, 2010v3.7"
"/Return/ReturnData/IRS990EZ/AmountOfTaxReimbursedByOrg",16225,16225,"2010v3.2, 2010v3.4, 2010v3.7"
"/Return/ReturnData/IRS990ScheduleA/GrossReceiptsFromNonUBI",16207,16207,"2010v3.2, 2010v3.4, 2010v3.6, 2010v3.7"
"/Return/ReturnData/IRS990ScheduleA/GrossReceiptsFromNonUBI/Total",16206,16206,"2010v3.2, 2010v3.4, 2010v3.6, 2010v3.7"
"/Return/ReturnData/IRS990ScheduleI/Form990ScheduleIPartIV/ReturnReference",16187,15511,"2010v3.2, 2010v3.4, 2010v3.6, 2010v3.7"
"/Return/ReturnData/IRS990ScheduleA/NetIncomeFromOtherUBI",16186,16186,"2010v3.2, 2010v3.4, 2010v3.6, 2010v3.7"
"/Return/ReturnData/IRS990ScheduleA/NetIncomeFromOtherUBI/Total",16185,16185,"2010v3.2, 2010v3.4, 2010v3.6, 2010v3.7"
"/Return/ReturnData/IRS990ScheduleD/CurrentYearMinus1Year/BeginningOfYearBalance",16180,16180,"2010v3.2, 2010v3.4, 2010v3.6, 2010v3.7"
"/Return/ReturnData/IRS990ScheduleA/OtherIncome170/CurrentTaxYearMinus3Years",16123,16123,"2010v3.2, 2010v3.4, 2010v3.6, 2010v3.7"
"/Return/ReturnData/IRS990ScheduleL/LoanTable",15837,6570,"2010v3.2, 2010v3.4, 2010v3.6, 2010v3.7"
"/Return/ReturnData/IRS990/FeesForServicesOther/Fundraising",15785,15785,"2010v3.2, 2010v3.4, 2010v3.6, 2010v3.7"
"/Return/ReturnData/IRS990ScheduleL/LoanTable/ApprovedByBoard",15782,6549,"2010v3.2, 2010v3.4, 2010v3.6, 2010v3.7"
"/Return/ReturnData/IRS990ScheduleL/LoanTable/WrittenAgreement",15759,6529,"2010v3.2, 2010v3.4, 2010v3.6, 2010v3.7"
"/Return/ReturnData/IRS990ScheduleL/LoanTable/Default",15681,6485,"2010v3.2, 2010v3.4, 2010v3.6, 2010v3.7"
"/Return/ReturnData/IRS990ScheduleM/OtherNonCashContributionsTable/MethodOfDeterminingRevenues",15527,6560,"2010v3.2, 2010v3.4, 2010v3.6, 2010v3.7"
"/Return/ReturnData/IRS990ScheduleA/OtherIncome170/CurrentTaxYearMinus4Years",15355,15355,"2010v3.2, 2010v3.4, 2010v3.6, 2010v3.7"
"/Return/ReturnData/IRS990EZ/GainOrLossFromSaleOfAssets",15305,15305,"2010v3.2, 2010v3.4, 2010v3.6, 2010v3.7"
"/Return/ReturnData/IRS990ScheduleL/LoanTable/BalanceDue",15169,6274,"2010v3.2, 2010v3.4, 2010v3.6, 2010v3.7"
"/Return/ReturnData/IRS990/CostOfGoodsSold",15044,15044,"2010v3.2, 2010v3.4, 2010v3.6, 2010v3.7"
"/Return/ReturnData/IRS990ScheduleD/CurrentYearMinus2Years",15033,15033,"2010v3.2, 2010v3.4, 2010v3.6, 2010v3.7"
"/Return/ReturnData/IRS990ScheduleL/LoanTable/OriginalPrincipalAmount",14994,6272,"2010v3.2, 2010v3.4, 2010v3.6, 2010v3.7"
"/Return/ReturnData/IRS990ScheduleD/OtherAmount",14954,14954,"2010v3.2, 2010v3.4, 2010v3.6, 2010v3.7"
"/Return/ReturnData/IRS990ScheduleD/CurrentYearMinus2Years/EndOfYearBalance",14905,14905,"2010v3.2, 2010v3.4, 2010v3.6, 2010v3.7"
"/Return/ReturnData/IRS990EZ/MethodOfAccountingAccrual",14888,14888,"2010v3.2, 2010v3.4, 2010v3.6, 2010v3.7"
"/Return/ReturnData/IRS990/CapStckTrstPrinCurrentFunds",14887,14887,"2010v3.2, 2010v3.4, 2010v3.6, 2010v3.7"
"/Return/ReturnData/IRS990/ContractorCompensation/NameOfContractor/NamePerson",14835,5586,"2010v3.2, 2010v3.4, 2010v3.6, 2010v3.7"
"/Return/ReturnData/IRS990ScheduleA/Post1975UBTI",14823,14823,"2010v3.2, 2010v3.4, 2010v3.6, 2010v3.7"
"/Return/ReturnData/IRS990ScheduleA/Post1975UBTI/Total",14823,14823,"2010v3.2, 2010v3.4, 2010v3.6, 2010v3.7"
"/Return/ReturnData/IRS990/CapStckTrstPrinCurrentFunds/BOY",14822,14822,"2010v3.2, 2010v3.4, 2010v3.6, 2010v3.7"
"/Return/ReturnData/IRS990/CapStckTrstPrinCurrentFunds/EOY",14790,14790,"2010v3.2, 2010v3.4, 2010v3.6, 2010v3.7"
"/Return/ReturnData/IRS990EZ/InitiationFeesAndCapitalContri",14592,14592,"2010v3.2, 2010v3.4, 2010v3.6, 2010v3.7"
"/Return/ReturnData/IRS990ScheduleD/CurrentYearMinus2Years/BeginningOfYearBalance",14559,14559,"2010v3.2, 2010v3.4, 2010v3.6, 2010v3.7"
"/Return/ReturnData/IRS990EZ/GrossReceiptsForPublicUse",14517,14517,"2010v3.2, 2010v3.4, 2010v3.6, 2010v3.7"
"/Return/ReturnData/IRS990EZ/OfficerDirectorTrusteeKeyEmpl/AddressUS/AddressLine2",14465,2651,"2010v3.2, 2010v3.4, 2010v3.6, 2010v3.7"
"/Return/ReturnData/IRS990/ProgramServiceRevenue/ExclusionAmount",14239,7587,"2010v3.2, 2010v3.4, 2010v3.6, 2010v3.7"
"/Return/ReturnData/IRS990ScheduleL/LoanTable/NamePerson",14211,5877,"2010v3.2, 2010v3.4, 2010v3.6, 2010v3.7"
"/Return/ReturnData/IRS990/NumberOf8282Filed",14119,14119,"2010v3.2, 2010v3.4, 2010v3.6, 2010v3.7"
"/Return/ReturnData/IRS990ScheduleD/CurrentYear/InvestmentEarningsOrLosses",14092,14092,"2010v3.2, 2010v3.4, 2010v3.6, 2010v3.7"
"/Return/ReturnData/IRS990EZ/Form720Filed",14072,14072,"2010v3.2, 2010v3.4, 2010v3.7"
"/Return/ReturnData/IRS990ScheduleF/AcctsActvsOutUSTable/SpecificServicesProvided",13993,3749,"2010v3.2, 2010v3.4, 2010v3.6, 2010v3.7"
"/Return/ReturnData/IRS990ScheduleL/LoanTable/PurposeOfLoan",13964,5662,"2010v3.2, 2010v3.4, 2010v3.6, 2010v3.7"
"/Return/ReturnData/TransferPrsnlBnftContractsDecl",13949,13949,"2010v3.2, 2010v3.4"
"/Return/ReturnData/TransferPrsnlBnftContractsDecl/Declaration",13949,13949,"2010v3.2, 2010v3.4"
"/Return/ReturnData/IRS990EZ/GamingGrossIncome",13933,13933,"2010v3.2, 2010v3.4, 2010v3.6, 2010v3.7"
"/Return/ReturnData/IRS990ScheduleA/NetUBI",13895,13895,"2010v3.2, 2010v3.4, 2010v3.6, 2010v3.7"
"/Return/ReturnData/IRS990ScheduleA/NetUBI/Total",13895,13895,"2010v3.2, 2010v3.4, 2010v3.6, 2010v3.7"
"/Return/ReturnData/IRS990ScheduleI/TotalNbrOf501C3AndGovtGrants",13824,13824,"2010v3.2, 2010v3.4, 2010v3.6, 2010v3.7"
"/Return/ReturnData/IRS990ScheduleD/CurrentYearMinus1Year/InvestmentEarningsOrLosses",13694,13694,"2010v3.2, 2010v3.4, 2010v3.6, 2010v3.7"
"/Return/ReturnData/IRS990/Activity3/Revenue",13624,13624,"2010v3.2, 2010v3.4, 2010v3.6, 2010v3.7"
"/Return/ReturnData/IRS990/ConferencesMeetings/Fundraising",13609,13609,"2010v3.2, 2010v3.4, 2010v3.6, 2010v3.7"
"/Return/ReturnData/IRS990/NetGainOrLossInvestments/RelatedOrExemptFunctionIncome",13602,13602,"2010v3.2, 2010v3.4, 2010v3.6, 2010v3.7"
"/Return/ReturnData/IRS990ScheduleJ/Form990ScheduleJPartIII/Identifier",13561,8607,"2010v3.2, 2010v3.4, 2010v3.6, 2010v3.7"
"/Return/ReturnData/IRS990/PaidInCapSrplsLandBldgEqpFund",13540,13540,"2010v3.2, 2010v3.4, 2010v3.6, 2010v3.7"
"/Return/ReturnData/IRS990/FeesForServicesManagement/ManagementAndGeneral",13511,13511,"2010v3.2, 2010v3.4, 2010v3.6, 2010v3.7"
"/Return/ReturnData/IRS990/PaidInCapSrplsLandBldgEqpFund/BOY",13470,13470,"2010v3.2, 2010v3.4, 2010v3.6, 2010v3.7"
"/Return/ReturnData/IRS990/PaidInCapSrplsLandBldgEqpFund/EOY",13455,13455,"2010v3.2, 2010v3.4, 2010v3.6, 2010v3.7"
"/Return/ReturnData/IRS990ScheduleF/AcctsActvsOutUSTable/NumberOfEmployees",13455,3744,"2010v3.2, 2010v3.4, 2010v3.6, 2010v3.7"
"/Return/ReturnData/IRS990ScheduleM",13395,13395,"2010v3.2, 2010v3.4, 2010v3.6, 2010v3.7"
"/Return/ReturnData/IRS990/OtherNotesLoansReceivableNet/BOY",13339,13339,"2010v3.2, 2010v3.4, 2010v3.6, 2010v3.7"
"/Return/ReturnData/CompensationExplanation",13314,12315,"2010v3.2, 2010v3.4, 2010v3.6, 2010v3.7"
"/Return/ReturnData/IRS990ScheduleM/ReviewProcessUnusualNCGifts",13309,13309,"2010v3.2, 2010v3.4, 2010v3.6, 2010v3.7"
"/Return/ReturnData/IRS990ScheduleM/ThirdPartiesUsed",13302,13302,"2010v3.2, 2010v3.4, 2010v3.6, 2010v3.7"
"/Return/ReturnData/IRS990ScheduleG/EventsInformation/TotalNumberOfOtherEvents",13301,13301,"2010v3.2, 2010v3.4, 2010v3.6, 2010v3.7"
"/Return/ReturnData/IRS990ScheduleM/AnyPropertyThatMustBeHeld",13267,13267,"2010v3.2, 2010v3.4, 2010v3.6, 2010v3.7"
"/Return/ReturnData/IRS990ScheduleJ/CompensationCommittee",13250,13250,"2010v3.2, 2010v3.4, 2010v3.6, 2010v3.7"
"/Return/ReturnData/IRS990/PensionPlanContributions/Fundraising",13192,13192,"2010v3.2, 2010v3.4, 2010v3.6, 2010v3.7"
"/Return/ReturnData/IRS990ScheduleG/EventsInformation/FoodAndBeverageTotalEvents",13174,13174,"2010v3.2, 2010v3.4, 2010v3.6, 2010v3.7"
"/Return/ReturnData/IRS990ScheduleF/AcctsActvsOutUSTable/NumberOfOffices",13031,3654,"2010v3.2, 2010v3.4, 2010v3.6, 2010v3.7"
"/Return/ReturnData/IRS990ScheduleH/Form990ScheduleHPartVSectionC/OtherFacilities",12921,1258,"2010v3.2, 2010v3.4, 2010v3.6, 2010v3.7"
"/Return/ReturnData/IRS990ScheduleH/Form990ScheduleHPartVSectionC/OtherFacilities/Address",12921,1258,"2010v3.2, 2010v3.4, 2010v3.6, 2010v3.7"
"/Return/ReturnData/IRS990ScheduleH/Form990ScheduleHPartVSectionC/OtherFacilities/Address/AddressLine1",12921,1258,"2010v3.2, 2010v3.4, 2010v3.6, 2010v3.7"
"/Return/ReturnData/IRS990ScheduleH/Form990ScheduleHPartVSectionC/OtherFacilities/Address/City",12921,1258,"2010v3.2, 2010v3.4, 2010v3.6, 2010v3.7"
"/Return/ReturnData/IRS990ScheduleH/Form990ScheduleHPartVSectionC/OtherFacilities/Address/State",12921,1258,"2010v3.2, 2010v3.4, 2010v3.6, 2010v3.7"
"/Return/ReturnData/IRS990ScheduleH/Form990ScheduleHPartVSectionC/OtherFacilities/Address/ZIPCode",12921,1258,"2010v3.2, 2010v3.4, 2010v3.6, 2010v3.7"
"/Return/ReturnData/IRS990ScheduleH/Form990ScheduleHPartVSectionC/OtherFacilities/FacilityType",12921,1258,"2010v3.2, 2010v3.4, 2010v3.6, 2010v3.7"
"/Return/ReturnData/IRS990ScheduleH/Form990ScheduleHPartVSectionC/OtherFacilities/Name",12921,1258,"2010v3.2, 2010v3.4, 2010v3.6, 2010v3.7"
"/Return/ReturnData/IRS990ScheduleH/Form990ScheduleHPartVSectionC/OtherFacilities/Name/BusinessNameLine1",12921,1258,"2010v3.2, 2010v3.4, 2010v3.6, 2010v3.7"
"/Return/ReturnData/IRS990ScheduleD/PermanentEndowmentEOYBalance",12890,12890,"2010v3.2, 2010v3.4, 2010v3.6, 2010v3.7"
"/Return/ReturnData/IRS990/LessCostOthBasisSalesExpenses/Other",12881,12881,"2010v3.2, 2010v3.4, 2010v3.6, 2010v3.7"
"/Return/ReturnData/IRS990ScheduleH/Form990ScheduleHPartVI/Identifier",12838,1793,"2010v3.2, 2010v3.4, 2010v3.6, 2010v3.7"
"/Return/ReturnData/IRS990ScheduleA/ValueSrvcFcltsFurnishedByGovt",12656,12656,"2010v3.2, 2010v3.4, 2010v3.6, 2010v3.7"
"/Return/ReturnData/IRS990ScheduleA/ValueSrvcFcltsFurnishedByGovt/Total",12656,12656,"2010v3.2, 2010v3.4, 2010v3.6, 2010v3.7"
"/Return/ReturnData/IRS990/ProgramServiceRevenue/UnrelatedBusinessRevenue",12639,7544,"2010v3.2, 2010v3.4, 2010v3.6, 2010v3.7"
"/Return/ReturnData/IRS990/GrossAmountSalesAssets/Other",12582,12582,"2010v3.2, 2010v3.4, 2010v3.6, 2010v3.7"
"/Return/ReturnData/IRS990/FeesForServicesAccounting/Fundraising",12549,12549,"2010v3.2, 2010v3.4, 2010v3.6, 2010v3.7"
"/Return/ReturnData/IRS990ScheduleG/EventsInformation/RentFacilityCostsTotalEvents",12502,12502,"2010v3.2, 2010v3.4, 2010v3.6, 2010v3.7"
"/Return/ReturnData/IRS990ScheduleA/OtherIncome509/CurrentTaxYear",12444,12444,"2010v3.2, 2010v3.4, 2010v3.6, 2010v3.7"
"/Return/ReturnData/IRS990ScheduleA/TaxRevLeviedForOrgBenefit170",12244,12244,"2010v3.2, 2010v3.4, 2010v3.6, 2010v3.7"
"/Return/ReturnData/IRS990ScheduleA/TaxRevLeviedForOrgBenefit170/Total",12244,12244,"2010v3.2, 2010v3.4, 2010v3.6, 2010v3.7"
"/Return/ReturnData/IRS990ScheduleD/CurrentYearMinus2Years/InvestmentEarningsOrLosses",12244,12244,"2010v3.2, 2010v3.4, 2010v3.6, 2010v3.7"
"/Return/ReturnData/IRS990/FeesForServicesInvstMgmntFees/ManagementAndGeneral",12180,12180,"2010v3.2, 2010v3.4, 2010v3.6, 2010v3.7"
"/Return/ReturnData/IRS990ScheduleG/EventsInformation/GrossReceiptsOtherEvents",12116,12116,"2010v3.2, 2010v3.4, 2010v3.6, 2010v3.7"
"/Return/ReturnData/IRS990ScheduleA/OtherIncome509/CurrentTaxYearMinus1Year",12115,12115,"2010v3.2, 2010v3.4, 2010v3.6, 2010v3.7"
"/Return/ReturnData/IRS990ScheduleA/ValueOfSvcsFcltsFurnishdByGovt",12090,12090,"2010v3.2, 2010v3.4, 2010v3.6, 2010v3.7"
"/Return/ReturnData/IRS990ScheduleA/ValueOfSvcsFcltsFurnishdByGovt/Total",12089,12089,"2010v3.2, 2010v3.4, 2010v3.6, 2010v3.7"
"/Return/ReturnData/IRS990ScheduleD/OtherRevenuesNotIncluded",12082,12082,"2010v3.2, 2010v3.4, 2010v3.6, 2010v3.7"
"/Return/ReturnData/IRS990ScheduleD/TotalOfBookValueSecurities",12046,12046,"2010v3.2, 2010v3.4, 2010v3.6, 2010v3.7"
"/Return/ReturnData/IRS990ScheduleA/TaxRevLeviedForOrgBenefit509",11907,11907,"2010v3.2, 2010v3.4, 2010v3.7"
"/Return/ReturnData/IRS990ScheduleA/TaxRevLeviedForOrgBenefit509/Total",11906,11906,"2010v3.2, 2010v3.4, 2010v3.7"
"/Return/ReturnData/IRS990ScheduleG/EventsInformation/FoodAndBeverageEvent1",11801,11801,"2010v3.2, 2010v3.4, 2010v3.6, 2010v3.7"
"/Return/ReturnData/IRS990EZ/RelatedOrgSection527Org",11735,11735,"2010v3.2, 2010v3.4, 2010v3.7"
"/Return/ReturnData/IRS990ScheduleA/OtherIncome509/CurrentTaxYearMinus2Years",11724,11724,"2010v3.2, 2010v3.4, 2010v3.6, 2010v3.7"
"/Return/ReturnData/IRS990/NetRentalIncomeOrLoss/ExclusionAmount",11669,11669,"2010v3.2, 2010v3.4, 2010v3.6, 2010v3.7"
"/Return/ReturnData/IRS990/Form990PartVIISectionA/Former",11656,6241,"2010v3.2, 2010v3.4, 2010v3.6, 2010v3.7"
"/Return/ReturnData/IRS990ScheduleG/EventsInformation/GrossRevenueOtherEvents",11482,11482,"2010v3.2, 2010v3.4, 2010v3.6, 2010v3.7"
"/Return/ReturnData/IRS990ScheduleA/ContribByControllingIndividual",11443,11443,"2010v3.2, 2010v3.4, 2010v3.6, 2010v3.7"
"/Return/ReturnData/IRS990ScheduleA/ContributionByRelatedParty",11442,11442,"2010v3.2, 2010v3.4, 2010v3.6, 2010v3.7"
"/Return/ReturnData/IRS990ScheduleA/ContribBy35ControlledEntity",11436,11436,"2010v3.2, 2010v3.4, 2010v3.6, 2010v3.7"
"/Return/ReturnData/IRS990/TotalOthProgramServiceRevenue",11384,11384,"2010v3.2, 2010v3.4, 2010v3.6, 2010v3.7"
"/Return/ReturnData/IRS990/TotalOthProgramServiceRevenue/TotalRevenueColumn",11373,11373,"2010v3.2, 2010v3.4, 2010v3.6, 2010v3.7"
"/Return/ReturnData/IRS990/ActivityOther/Revenue",11368,7144,"2010v3.2, 2010v3.4, 2010v3.6, 2010v3.7"
"/Return/ReturnData/IRS990ScheduleR/Form990ScheduleRPartI",11335,3916,"2010v3.2, 2010v3.4, 2010v3.6, 2010v3.7"
"/Return/ReturnData/IRS990ScheduleA/OtherIncome509/CurrentTaxYearMinus3Years",11334,11334,"2010v3.2, 2010v3.4, 2010v3.6, 2010v3.7"
"/Return/ReturnData/IRS990ScheduleR/Form990ScheduleRPartI/NameOfDisregardedEntity",11334,3916,"2010v3.2, 2010v3.4, 2010v3.6, 2010v3.7"
"/Return/ReturnData/IRS990ScheduleR/Form990ScheduleRPartI/NameOfDisregardedEntity/BusinessNameLine1",11334,3916,"2010v3.2, 2010v3.4, 2010v3.6, 2010v3.7"
"/Return/ReturnData/IRS990EZ/GrossSalesOfInventory",11311,11311,"2010v3.2, 2010v3.4, 2010v3.6, 2010v3.7"
"/Return/ReturnData/IRS990ScheduleR/Form990ScheduleRPartI/PrimaryActivities",11244,3855,"2010v3.2, 2010v3.4, 2010v3.6, 2010v3.7"
"/Return/ReturnData/IRS990ScheduleG/EventsInformation/RentFacilityCostsEvent1",11155,11155,"2010v3.2, 2010v3.4, 2010v3.6, 2010v3.7"
"/Return/ReturnData/IRS990ScheduleD/DonatedSrvcAndUseOfFacilities",11132,11132,"2010v3.2, 2010v3.4, 2010v3.6, 2010v3.7"
"/Return/ReturnData/IRS990ScheduleR/Form990ScheduleRPartI/LegalDomicileState",11116,3848,"2010v3.2, 2010v3.4, 2010v3.6, 2010v3.7"
"/Return/ReturnData/IRS990ScheduleR/Form990ScheduleRPartI/AddressUS",11114,3830,"2010v3.2, 2010v3.4, 2010v3.6, 2010v3.7"
"/Return/ReturnData/IRS990ScheduleR/Form990ScheduleRPartI/AddressUS/AddressLine1",11114,3830,"2010v3.2, 2010v3.4, 2010v3.6, 2010v3.7"
"/Return/ReturnData/IRS990ScheduleR/Form990ScheduleRPartI/AddressUS/City",11114,3830,"2010v3.2, 2010v3.4, 2010v3.6, 2010v3.7"
"/Return/ReturnData/IRS990ScheduleR/Form990ScheduleRPartI/AddressUS/State",11114,3830,"2010v3.2, 2010v3.4, 2010v3.6, 2010v3.7"
"/Return/ReturnData/IRS990ScheduleR/Form990ScheduleRPartI/AddressUS/ZIPCode",11114,3830,"2010v3.2, 2010v3.4, 2010v3.6, 2010v3.7"
"/Return/ReturnData/IRS990ScheduleA/OtherIncome509/CurrentTaxYearMinus4Years",11086,11086,"2010v3.2, 2010v3.4, 2010v3.6, 2010v3.7"
"/Return/ReturnData/IRS990/TotalOfOtherProgramServiceRev",10997,10997,"2010v3.2, 2010v3.4, 2010v3.6, 2010v3.7"
"/Return/ReturnData/IRS990ScheduleD/CurrentYear/Contributions",10956,10956,"2010v3.2, 2010v3.4, 2010v3.6, 2010v3.7"
"/Return/ReturnData/IRS990ScheduleF/GrantsToOrgsOutsideUS/MethodOfValuation",10914,726,"2010v3.2, 2010v3.4, 2010v3.6, 2010v3.7"
"/Return/ReturnData/IRS990ScheduleG/AgreementRefFundraising",10886,10886,"2010v3.2, 2010v3.4, 2010v3.6, 2010v3.7"
"/Return/ReturnData/IRS990/NetIncomeOrLoss/RelatedOrExemptFunctionIncome",10874,10874,"2010v3.2, 2010v3.4, 2010v3.6, 2010v3.7"
"/Return/ReturnData/IRS990ScheduleD/CurrentYearMinus1Year/Contributions",10699,10699,"2010v3.2, 2010v3.4, 2010v3.6, 2010v3.7"
"/Return/ReturnData/IRS990ScheduleD/DonatedServicesUseOfFacilities",10687,10687,"2010v3.2, 2010v3.4, 2010v3.6, 2010v3.7"
"/Return/ReturnData/IRS990ScheduleA/SupportingOrganization509a3",10677,10677,"2010v3.2, 2010v3.4, 2010v3.6, 2010v3.7"
"/Return/ReturnData/IRS990ScheduleD/Equipment/InvestmentCostOrOtherBasis",10667,10667,"2010v3.2, 2010v3.4, 2010v3.6, 2010v3.7"
"/Return/ReturnData/IRS990ScheduleA/TotalNumberOfSupportedOrgs",10480,10480,"2010v3.2, 2010v3.4, 2010v3.6, 2010v3.7"
"/Return/ReturnData/IRS990ScheduleJ/WrittenEmploymentContract",10407,10407,"2010v3.2, 2010v3.4, 2010v3.6, 2010v3.7"
"/Return/ReturnData/IRS990ScheduleG/EventsInformation/OtherDirectExpensesOtherEvents",10301,10301,"2010v3.2, 2010v3.4, 2010v3.6, 2010v3.7"
"/Return/ReturnData/IRS990/FeesForServicesManagement/ProgramServices",10205,10205,"2010v3.2, 2010v3.4, 2010v3.6, 2010v3.7"
"/Return/ReturnData/IRS990ScheduleK/Form990ScheduleKPartI",10006,5229,"2010v3.2, 2010v3.4, 2010v3.6, 2010v3.7"
"/Return/ReturnData/IRS990ScheduleK/Form990ScheduleKPartI/IssuerName",9998,5225,"2010v3.2, 2010v3.4, 2010v3.6, 2010v3.7"
"/Return/ReturnData/IRS990ScheduleK/Form990ScheduleKPartI/IssuerName/BusinessNameLine1",9998,5225,"2010v3.2, 2010v3.4, 2010v3.6, 2010v3.7"
"/Return/ReturnData/IRS990ScheduleF/GrantsToOrgsOutsideUS/DescriptionOfNonCashAssistance",9979,474,"2010v3.2, 2010v3.4, 2010v3.6, 2010v3.7"
"/Return/ReturnData/IRS990ScheduleK/Form990ScheduleKPartI/DateIssued",9978,5216,"2010v3.2, 2010v3.4, 2010v3.6, 2010v3.7"
"/Return/ReturnData/IRS990ScheduleK/Form990ScheduleKPartI/Defeased",9965,5205,"2010v3.2, 2010v3.4, 2010v3.6, 2010v3.7"
"/Return/ReturnData/IRS990ScheduleK/Form990ScheduleKPartI/IssuePrice",9954,5205,"2010v3.2, 2010v3.4, 2010v3.6, 2010v3.7"
"/Return/ReturnData/IRS990ScheduleK/Form990ScheduleKPartI/OnBehalfOfIssuer",9933,5189,"2010v3.2, 2010v3.4, 2010v3.6, 2010v3.7"
"/Return/ReturnData/IRS990ScheduleK/Form990ScheduleKPartI/DescriptionOfPurpose",9920,5171,"2010v3.2, 2010v3.4, 2010v3.6, 2010v3.7"
"/Return/ReturnData/IRS990ScheduleD/CurrentYearMinus2Years/Contributions",9867,9867,"2010v3.2, 2010v3.4, 2010v3.6, 2010v3.7"
"/Return/ReturnData/IRS990ScheduleD/OtherExpensesNotIncluded",9798,9798,"2010v3.2, 2010v3.4, 2010v3.6, 2010v3.7"
"/Return/ReturnData/IRS990ScheduleI/TotalNbrOfOtherOrganizations",9749,9749,"2010v3.2, 2010v3.4, 2010v3.6, 2010v3.7"
"/Return/ReturnData/IRS990/TotalOthProgramServiceRevenue/RelatedOrExemptFunctionIncome",9717,9717,"2010v3.2, 2010v3.4, 2010v3.6, 2010v3.7"
"/Return/ReturnData/IRS990ScheduleI/RecipientTable/AddressUS/AddressLine2",9670,1379,"2010v3.2, 2010v3.4, 2010v3.6, 2010v3.7"
"/Return/ReturnData/IRS990ScheduleA/SumOfAmounts",9659,9659,"2010v3.2, 2010v3.4, 2010v3.6, 2010v3.7"
"/Return/ReturnData/IRS990ScheduleK/Form990ScheduleKPartII",9572,5093,"2010v3.2, 2010v3.4, 2010v3.6, 2010v3.7"
"/Return/ReturnData/IRS990ScheduleH/Form990ScheduleHPartVI/ReturnReference",9557,1616,"2010v3.2, 2010v3.4, 2010v3.6, 2010v3.7"
"/Return/ReturnData/IRS990ScheduleK/Form990ScheduleKPartII/CurrentRefunding",9555,5084,"2010v3.2, 2010v3.4, 2010v3.6, 2010v3.7"
"/Return/ReturnData/IRS990ScheduleK/Form990ScheduleKPartII/AdvanceRefunding",9553,5082,"2010v3.2, 2010v3.4, 2010v3.6, 2010v3.7"
"/Return/ReturnData/IRS990/InformationTechnology/Fundraising",9539,9539,"2010v3.2, 2010v3.4, 2010v3.6, 2010v3.7"
"/Return/ReturnData/IRS990ScheduleK/Form990ScheduleKPartII/AdequateBooksAndRecdsMaintaind",9517,5076,"2010v3.2, 2010v3.4, 2010v3.6, 2010v3.7"
"/Return/ReturnData/IRS990ScheduleK/Form990ScheduleKPartI/PoolFinancing",9515,4973,"2010v3.2, 2010v3.4, 2010v3.6, 2010v3.7"
"/Return/ReturnData/IRS990ScheduleE/Form990ScheduleEPartII",9506,6075,"2010v3.2, 2010v3.4, 2010v3.6, 2010v3.7"
"/Return/ReturnData/IRS990ScheduleL/LoanTable/LoanFromOrganization",9477,2838,"2010v3.2, 2010v3.4, 2010v3.6, 2010v3.7"
"/Return/ReturnData/IRS990/LessRentalExpenses",9476,9476,"2010v3.2, 2010v3.4, 2010v3.6, 2010v3.7"
"/Return/ReturnData/IRS990ScheduleK/Form990ScheduleKPartII/FinalAllocationMade",9472,5036,"2010v3.2, 2010v3.4, 2010v3.6, 2010v3.7"
"/Return/ReturnData/IRS990ScheduleE/Form990ScheduleEPartII/Identifier",9452,6048,"2010v3.2, 2010v3.4, 2010v3.6, 2010v3.7"
"/Return/ReturnData/IRS990ScheduleE/Form990ScheduleEPartII/Explanation",9451,6073,"2010v3.2, 2010v3.4, 2010v3.6, 2010v3.7"
"/Return/ReturnData/IRS990ScheduleK/Form990ScheduleKPartIV",9432,4955,"2010v3.2, 2010v3.4, 2010v3.6, 2010v3.7"
"/Return/ReturnData/IRS990ScheduleK/Form990ScheduleKPartIV/VariableRateIssue",9401,4935,"2010v3.2, 2010v3.4, 2010v3.6, 2010v3.7"
"/Return/ReturnData/IRS990ScheduleK/Form990ScheduleKPartIV/HedgeIdentifiedInBooksAndRecds",9387,4927,"2010v3.2, 2010v3.4, 2010v3.6, 2010v3.7"
"/Return/ReturnData/IRS990ScheduleR/Form990ScheduleRPartI/EIN",9386,3442,"2010v3.2, 2010v3.4, 2010v3.6, 2010v3.7"
"/Return/ReturnData/IRS990ScheduleD/BoardDesignatedEOYBalance",9385,9385,"2010v3.2, 2010v3.4, 2010v3.6, 2010v3.7"
"/Return/ReturnData/IRS990ScheduleK/Form990ScheduleKPartIV/Form8038TFiled",9381,4926,"2010v3.2, 2010v3.4, 2010v3.6, 2010v3.7"
"/Return/ReturnData/IRS990ScheduleA/SupportFromDQPsEtc/CurrentTaxYearMinus2Years",9368,9368,"2010v3.2, 2010v3.4, 2010v3.6, 2010v3.7"
"/Return/ReturnData/IRS990ScheduleK/Form990ScheduleKPartI/IssuerEIN",9338,4802,"2010v3.2, 2010v3.4, 2010v3.6, 2010v3.7"
"/Return/ReturnData/IRS990ScheduleK/Form990ScheduleKPartIV/GrossProceedsInvestedInGIC",9312,4894,"2010v3.2, 2010v3.4, 2010v3.6, 2010v3.7"
"/Return/ReturnData/IRS990ScheduleK/Form990ScheduleKPartIV/ExceptionToRebate",9308,4898,"2010v3.2, 2010v3.4, 2010v3.6, 2010v3.7"
"/Return/ReturnData/IRS990/RelatedOrganizations",9306,9306,"2010v3.2, 2010v3.4, 2010v3.6, 2010v3.7"
"/Return/ReturnData/IRS990ScheduleK/Form990ScheduleKPartIV/GrossProceedsInvested",9240,4875,"2010v3.2, 2010v3.4, 2010v3.6, 2010v3.7"
"/Return/ReturnData/IRS990/LessRentalExpenses/Real",9233,9233,"2010v3.2, 2010v3.4, 2010v3.6, 2010v3.7"
"/Return/ReturnData/IRS990EZ/GrossReceiptsLessThan25000",9171,9171,"2010v3.2, 2010v3.4, 2010v3.6, 2010v3.7"
"/Return/ReturnData/IRS990ScheduleK/Form990ScheduleKPartIII",9016,4781,"2010v3.2, 2010v3.4, 2010v3.6, 2010v3.7"
"/Return/ReturnData/IRS990/InfoInScheduleOPartVII",9014,9014,"2010v3.2, 2010v3.4, 2010v3.6, 2010v3.7"
"/Return/ReturnData/IRS990ScheduleK/Form990ScheduleKPartIII/OwningBondFinancedProperty",8947,4763,"2010v3.2, 2010v3.4, 2010v3.6, 2010v3.7"
"/Return/ReturnData/IRS990ScheduleK/Form990ScheduleKPartIII/AnyLeaseArrangements",8945,4763,"2010v3.2, 2010v3.4, 2010v3.6, 2010v3.7"
"/Return/ReturnData/IRS990ScheduleA/SupportFromDQPsEtc/CurrentTaxYearMinus3Years",8944,8944,"2010v3.2, 2010v3.4, 2010v3.6, 2010v3.7"
"/Return/ReturnData/IRS990ScheduleK/Form990ScheduleKPartIII/MngmentCntrctBondFinancdPrprty",8935,4757,"2010v3.2, 2010v3.4, 2010v3.6, 2010v3.7"
"/Return/ReturnData/IRS990ScheduleK/Form990ScheduleKPartIII/AnyResearchAgreements",8925,4753,"2010v3.2, 2010v3.4, 2010v3.6, 2010v3.7"
"/Return/ReturnData/IRS990ScheduleA/SupportFromDQPsEtc/CurrentTaxYearMinus1Year",8918,8918,"2010v3.2, 2010v3.4, 2010v3.6, 2010v3.7"
"/Return/ReturnData/IRS990ScheduleK/Form990ScheduleKPartIII/PostIssuanceComplianceProcdrs",8915,4735,"2010v3.2, 2010v3.4, 2010v3.6, 2010v3.7"
"/Return/ReturnData/IRS990ScheduleA/SupportFromDQPsEtc/CurrentTaxYearMinus4Years",8907,8907,"2010v3.2, 2010v3.4, 2010v3.6, 2010v3.7"
"/Return/ReturnData/IRS990/FederatedCampaigns",8898,8898,"2010v3.2, 2010v3.4, 2010v3.6, 2010v3.7"
"/Return/ReturnData/IRS990ScheduleD/Buildings/InvestmentCostOrOtherBasis",8722,8722,"2010v3.2, 2010v3.4, 2010v3.6, 2010v3.7"
"/Return/ReturnData/IRS990/UnsecuredNotesLoansPayable",8695,8695,"2010v3.2, 2010v3.4, 2010v3.6, 2010v3.7"
"/Return/ReturnData/IRS990ScheduleF/GrantsToOrgsOutsideUS/AmountOfNonCashAssistance",8688,438,"2010v3.2, 2010v3.4, 2010v3.6, 2010v3.7"
"/Return/ReturnData/IRS990ScheduleA/SupportFromDQPsEtc/CurrentTaxYear",8666,8666,"2010v3.2, 2010v3.4, 2010v3.6, 2010v3.7"
"/Return/ReturnData/IRS990/Activity2/Grants",8602,8602,"2010v3.2, 2010v3.4, 2010v3.6, 2010v3.7"
"/Return/ReturnData/IRS990ScheduleK/Form990ScheduleKPartII/TotalProceeds",8588,4559,"2010v3.2, 2010v3.4, 2010v3.6, 2010v3.7"
"/Return/ReturnData/IRS990ScheduleD/CurrentYear/OtherExpenditures",8489,8489,"2010v3.2, 2010v3.4, 2010v3.6, 2010v3.7"
"/Return/ReturnData/IRS990ScheduleD/Land/InvestmentCostOrOtherBasis",8362,8362,"2010v3.2, 2010v3.4, 2010v3.6, 2010v3.7"
"/Return/ReturnData/IRS990/MiscellaneousRevenue",8179,8179,"2010v3.2, 2010v3.4, 2010v3.6, 2010v3.7"
"/Return/ReturnData/IRS990/MiscellaneousRevenue/TotalRevenueColumn",8173,8173,"2010v3.2, 2010v3.4, 2010v3.6, 2010v3.7"
"/Return/ReturnData/IRS990ScheduleR/Form990ScheduleRPartI/DirectControllingEntityName",8155,2400,"2010v3.2, 2010v3.4, 2010v3.6, 2010v3.7"
"/Return/ReturnData/IRS990ScheduleR/Form990ScheduleRPartI/DirectControllingEntityName/BusinessNameLine1",8155,2400,"2010v3.2, 2010v3.4, 2010v3.6, 2010v3.7"
"/Return/ReturnData/IRS990ScheduleD/CurrentYearMinus1Year/OtherExpenditures",8104,8104,"2010v3.2, 2010v3.4, 2010v3.6, 2010v3.7"
"/Return/ReturnData/IRS990ScheduleI/Form990ScheduleIPartIII/MethodOfValuation",8098,3982,"2010v3.2, 2010v3.4, 2010v3.6, 2010v3.7"
"/Return/ReturnData/IRS990/OtherRevenueMisc/UnrelatedBusinessRevenue",8086,5800,"2010v3.2, 2010v3.4, 2010v3.6, 2010v3.7"
"/Return/ReturnData/IRS990ScheduleG/EventsInformation/CharitableContributionsEvent2",7950,7950,"2010v3.2, 2010v3.4, 2010v3.6, 2010v3.7"
"/Return/ReturnData/IRS990ScheduleJ/SubstantiationRequired",7881,7881,"2010v3.2, 2010v3.4, 2010v3.6, 2010v3.7"
"/Return/ReturnData/IRS990ScheduleA/School170b1Aii",7877,7877,"2010v3.2, 2010v3.4, 2010v3.6, 2010v3.7"
"/Return/ReturnData/IRS990ScheduleJ/IndependentConsultant",7840,7840,"2010v3.2, 2010v3.4, 2010v3.6, 2010v3.7"
"/Return/ReturnData/IRS990ScheduleE",7791,7791,"2010v3.2, 2010v3.4, 2010v3.6, 2010v3.7"
"/Return/ReturnData/IRS990EZ/BenefitsPaidToOrForMembers",7771,7771,"2010v3.2, 2010v3.4, 2010v3.6, 2010v3.7"
"/Return/ReturnData/IRS990ScheduleE/NondiscriminatoryPolicyStmt",7741,7741,"2010v3.2, 2010v3.4, 2010v3.6, 2010v3.7"
"/Return/ReturnData/IRS990ScheduleE/PolicyStatementInBrochuresEtc",7739,7739,"2010v3.2, 2010v3.4, 2010v3.6, 2010v3.7"
"/Return/ReturnData/IRS990ScheduleE/MaintCopiesOfBrochuresEtc",7731,7731,"2010v3.2, 2010v3.4, 2010v3.6, 2010v3.7"
"/Return/ReturnData/IRS990ScheduleE/PolicyPublViaBroadcastMedia",7729,7729,"2010v3.2, 2010v3.4, 2010v3.6, 2010v3.7"
"/Return/ReturnData/IRS990ScheduleE/MaintRacialCompositionRecords",7728,7728,"2010v3.2, 2010v3.4, 2010v3.6, 2010v3.7"
"/Return/ReturnData/IRS990ScheduleE/MaintCopiesOfAllSolicitations",7726,7726,"2010v3.2, 2010v3.4, 2010v3.6, 2010v3.7"
"/Return/ReturnData/IRS990ScheduleE/MaintScholarshipsRecords",7720,7720,"2010v3.2, 2010v3.4, 2010v3.6, 2010v3.7"
"/Return/ReturnData/IRS990ScheduleE/ComplianceWithRevProc7550",7716,7716,"2010v3.2, 2010v3.4, 2010v3.6, 2010v3.7"
"/Return/ReturnData/IRS990ScheduleE/GovernmentFinancialAidReceived",7694,7694,"2010v3.2, 2010v3.4, 2010v3.6, 2010v3.7"
"/Return/ReturnData/IRS990ScheduleE/DiscriminateRaceStudentsRights",7690,7690,"2010v3.2, 2010v3.4, 2010v3.6, 2010v3.7"
"/Return/ReturnData/IRS990ScheduleE/DiscriminateRaceAdmissPolicies",7689,7689,"2010v3.2, 2010v3.4, 2010v3.6, 2010v3.7"
"/Return/ReturnData/IRS990ScheduleE/DiscriminateRaceEmplmnFaculty",7688,7688,"2010v3.2, 2010v3.4, 2010v3.6, 2010v3.7"
"/Return/ReturnData/IRS990ScheduleE/DiscriminateRaceEducPolicies",7687,7687,"2010v3.2, 2010v3.4, 2010v3.6, 2010v3.7"
"/Return/ReturnData/IRS990ScheduleE/DiscriminateRaceScholarships",7687,7687,"2010v3.2, 2010v3.4, 2010v3.6, 2010v3.7"
"/Return/ReturnData/IRS990ScheduleE/DiscriminateRaceUseOfFclts",7686,7686,"2010v3.2, 2010v3.4, 2010v3.6, 2010v3.7"
"/Return/ReturnData/IRS990ScheduleE/DiscriminateRaceAthleticProg",7685,7685,"2010v3.2, 2010v3.4, 2010v3.6, 2010v3.7"
"/Return/ReturnData/IRS990ScheduleE/DiscriminateRaceOtherActy",7683,7683,"2010v3.2, 2010v3.4, 2010v3.6, 2010v3.7"
"/Return/ReturnData/IRS990ScheduleG/EventsInformation/EntertainmentTotalEvents",7665,7665,"2010v3.2, 2010v3.4, 2010v3.6, 2010v3.7"
"/Return/ReturnData/IRS990/TaxExemptBondLiabilities",7664,7664,"2010v3.2, 2010v3.4, 2010v3.6, 2010v3.7"
"/Return/ReturnData/IRS990ScheduleE/GovernmentFinancialAidRevoked",7645,7645,"2010v3.2, 2010v3.4, 2010v3.6, 2010v3.7"
"/Return/ReturnData/IRS990ScheduleK/Form990ScheduleKPartI/CUSIPNumber",7581,3835,"2010v3.2, 2010v3.4, 2010v3.6, 2010v3.7"
"/Return/ReturnData/IRS990/UnsecuredNotesLoansPayable/EOY",7537,7537,"2010v3.2, 2010v3.4, 2010v3.6, 2010v3.7"
"/Return/ReturnData/IRS990/TaxExemptBondLiabilities/BOY",7486,7486,"2010v3.2, 2010v3.4, 2010v3.6, 2010v3.7"
"/Return/ReturnData/IRS990ScheduleK/Form990ScheduleKPartII/YearOfSubstCompletion",7462,4133,"2010v3.2, 2010v3.4, 2010v3.6, 2010v3.7"
"/Return/ReturnData/IRS990ScheduleR/Form990ScheduleRPartI/EOYAssets",7458,3001,"2010v3.2, 2010v3.4, 2010v3.6, 2010v3.7"
"/Return/ReturnData/IRS990/UnsecuredNotesLoansPayable/BOY",7401,7401,"2010v3.2, 2010v3.4, 2010v3.6, 2010v3.7"
"/Return/ReturnData/IRS990ScheduleK/Form990ScheduleKPartII/IssuanceCostsFromProceeds",7400,4090,"2010v3.2, 2010v3.4, 2010v3.6, 2010v3.7"
"/Return/ReturnData/IRS990EZ/GrossAmountFromSaleOfAssets",7372,7372,"2010v3.2, 2010v3.4, 2010v3.6, 2010v3.7"
"/Return/ReturnData/IRS990/TaxExemptBondLiabilities/EOY",7356,7356,"2010v3.2, 2010v3.4, 2010v3.6, 2010v3.7"
"/Return/ReturnData/IRS990ScheduleD/InvestmentsProgramRelated",7291,2857,"2010v3.2, 2010v3.4, 2010v3.6, 2010v3.7"
"/Return/ReturnData/IRS990ScheduleD/InvestmentsProgramRelated/Description",7279,2847,"2010v3.2, 2010v3.4, 2010v3.6, 2010v3.7"
"/Return/ReturnData/IRS990ScheduleD/CurrentYearMinus2Years/OtherExpenditures",7270,7270,"2010v3.2, 2010v3.4, 2010v3.6, 2010v3.7"
"/Return/ReturnData/IRS990ScheduleL/Form990ScheduleLPartIV/NameOfInterestedPerson/NameBusiness",7216,3776,"2010v3.2, 2010v3.4, 2010v3.6, 2010v3.7"
"/Return/ReturnData/IRS990ScheduleL/Form990ScheduleLPartIV/NameOfInterestedPerson/NameBusiness/BusinessNameLine1",7216,3776,"2010v3.2, 2010v3.4, 2010v3.6, 2010v3.7"
"/Return/ReturnData/IRS990/Interest/Fundraising",7210,7210,"2010v3.2, 2010v3.4, 2010v3.6, 2010v3.7"
"/Return/ReturnData/IRS990ScheduleD/InvestmentsProgramRelated/BookValue",7187,2845,"2010v3.2, 2010v3.4, 2010v3.6, 2010v3.7"
"/Return/ReturnData/IRS990ScheduleA/CertificationCheckbox",7128,7128,"2010v3.2, 2010v3.4, 2010v3.6, 2010v3.7"
"/Return/ReturnData/IRS990ScheduleD/ArtPublicExhibitionAmts",7094,7094,"2010v3.2, 2010v3.4, 2010v3.6, 2010v3.7"
"/Return/ReturnData/IRS990ScheduleD/TermEndowmentEOYBalance",7087,7087,"2010v3.2, 2010v3.4, 2010v3.6, 2010v3.7"
"/Return/ReturnData/IRS990ScheduleC/SubstantiallyAllDuesNondeduct",7081,7081,"2010v3.2, 2010v3.4, 2010v3.6, 2010v3.7"
"/Return/ReturnData/IRS990ScheduleC/OnlyInHouseLobbying",7041,7041,"2010v3.2, 2010v3.4, 2010v3.6, 2010v3.7"
"/Return/ReturnData/IRS990ScheduleR/Form990ScheduleRPartI/TotalIncome",7034,2944,"2010v3.2, 2010v3.4, 2010v3.6, 2010v3.7"
"/Return/ReturnData/IRS990/NetRentalIncomeOrLoss/RelatedOrExemptFunctionIncome",7018,7018,"2010v3.2, 2010v3.4, 2010v3.6, 2010v3.7"
"/Return/ReturnData/IRS990EZ/OrganizationFiled990T",6927,6927,"2010v3.2, 2010v3.4, 2010v3.6, 2010v3.7"
"/Return/ReturnData/IRS990ScheduleK/Form990ScheduleKPartIII/BondCounselRoutinelyEngaged",6877,3590,"2010v3.2, 2010v3.4, 2010v3.6, 2010v3.7"
"/Return/ReturnData/IRS990ScheduleA/First5Years509",6849,6849,"2010v3.2, 2010v3.4, 2010v3.6, 2010v3.7"
"/Return/ReturnData/IRS990ScheduleC/AgreeToCarryoverPriorYear",6841,6841,"2010v3.2, 2010v3.4, 2010v3.6, 2010v3.7"
"/Return/ReturnData/IRS990ScheduleC/DirectContactLegislators",6837,6837,"2010v3.2, 2010v3.4, 2010v3.6, 2010v3.7"
"/Return/ReturnData/IRS990ScheduleE/Form990ScheduleEPartII/ReturnReference",6826,4285,"2010v3.2, 2010v3.4, 2010v3.6, 2010v3.7"
"/Return/ReturnData/IRS990ScheduleC/PaidStaffOrManagement",6824,6824,"2010v3.2, 2010v3.4, 2010v3.6, 2010v3.7"
"/Return/ReturnData/IRS990ScheduleD/InvestmentsProgramRelated/MethodOfValuation",6813,2649,"2010v3.2, 2010v3.4, 2010v3.6, 2010v3.7"
"/Return/ReturnData/IRS990ScheduleC/Volunteers",6809,6809,"2010v3.2, 2010v3.4, 2010v3.6, 2010v3.7"
"/Return/ReturnData/IRS990ScheduleJ/WrittenPolicyReTAndEExpenses",6804,6804,"2010v3.2, 2010v3.4, 2010v3.6, 2010v3.7"
"/Return/ReturnData/IRS990ScheduleC/MailingsMembers",6800,6800,"2010v3.2, 2010v3.4, 2010v3.6, 2010v3.7"
"/Return/ReturnData/IRS990ScheduleC/RalliesDemonstrations",6797,6797,"2010v3.2, 2010v3.4, 2010v3.6, 2010v3.7"
"/Return/ReturnData/IRS990/OwnWebsite",6796,6796,"2010v3.2, 2010v3.4, 2010v3.6, 2010v3.7"
"/Return/ReturnData/IRS990ScheduleC/GrantsOtherOrganizations",6795,6795,"2010v3.2, 2010v3.4, 2010v3.6, 2010v3.7"
"/Return/ReturnData/IRS990ScheduleC/PublicationsOrBroadcast",6793,6793,"2010v3.2, 2010v3.4, 2010v3.6, 2010v3.7"
"/Return/ReturnData/IRS990ScheduleC/MediaAdvertisements",6792,6792,"2010v3.2, 2010v3.4, 2010v3.6, 2010v3.7"
"/Return/ReturnData/IRS990ScheduleG/EventsInformation/NonCashPrizesTotalEvents",6785,6785,"2010v3.2, 2010v3.4, 2010v3.6, 2010v3.7"
"/Return/ReturnData/IRS990/TotalOfOtherProgramServiceGrnt",6753,6753,"2010v3.2, 2010v3.4, 2010v3.6, 2010v3.7"
"/Return/ReturnData/IRS990ScheduleA/First5Years170",6681,6681,"2010v3.2, 2010v3.4, 2010v3.6, 2010v3.7"
"/Return/ReturnData/IRS990ScheduleD/FederalIncomeTaxLiability",6673,6673,"2010v3.2, 2010v3.4, 2010v3.7"
"/Return/ReturnData/IRS990/InvestmentIncome/UnrelatedBusinessRevenue",6668,6668,"2010v3.2, 2010v3.4, 2010v3.6, 2010v3.7"
"/Return/ReturnData/IRS990ScheduleK/Form990ScheduleKPartII/CapitalExpenditures",6659,3788,"2010v3.2, 2010v3.4, 2010v3.6, 2010v3.7"
"/Return/ReturnData/IRS990ScheduleC/OtherActivities",6647,6647,"2010v3.2, 2010v3.4, 2010v3.6, 2010v3.7"
"/Return/ReturnData/IRS990ScheduleG/SpecialFundraisingEvents",6617,6617,"2010v3.2, 2010v3.4, 2010v3.6, 2010v3.7"
"/Return/ReturnData/IRS990ScheduleG/EventsInformation/EntertainmentEvent1",6595,6595,"2010v3.2, 2010v3.4, 2010v3.6, 2010v3.7"
"/Return/ReturnData/IRS990ScheduleC/NotDescribedIn501c3",6505,6505,"2010v3.2, 2010v3.4, 2010v3.6, 2010v3.7"
"/Return/ReturnData/IRS990/FeesForServicesLegal/Fundraising",6485,6485,"2010v3.2, 2010v3.4, 2010v3.6, 2010v3.7"
"/Return/ReturnData/IRS990ScheduleD/OtherLandBuildings/InvestmentCostOrOtherBasis",6465,6465,"2010v3.2, 2010v3.4, 2010v3.6, 2010v3.7"
"/Return/ReturnData/IRS990ScheduleR/Form990ScheduleRPartIII/CodeVAmount",6391,837,"2010v3.2, 2010v3.4, 2010v3.7"
"/Return/ReturnData/IRS990ScheduleA/GeneralExplanation",6370,6086,"2010v3.2, 2010v3.4, 2010v3.6, 2010v3.7"
"/Return/ReturnData/IRS990/FeesForServicesProfFundraising/Fundraising",6323,6323,"2010v3.2, 2010v3.4, 2010v3.6, 2010v3.7"
"/Return/ReturnData/IRS990ScheduleD/HeldWorksOfArtAmts",6304,6304,"2010v3.2, 2010v3.4, 2010v3.7"
"/Return/ReturnData/IRS990ScheduleJ/Form990OfOtherOrganizations",6296,6296,"2010v3.2, 2010v3.4, 2010v3.6, 2010v3.7"
"/Return/ReturnData/IRS990/NameOfForeignCountry",6293,2452,"2010v3.2, 2010v3.4, 2010v3.6, 2010v3.7"
"/Return/ReturnData/IRS990/IntangibleAssets/BOY",6276,6276,"2010v3.2, 2010v3.4, 2010v3.6, 2010v3.7"
"/Return/ReturnData/IRS990ScheduleL/TotalBalanceDue",6243,6243,"2010v3.2, 2010v3.4, 2010v3.6, 2010v3.7"
"/Return/ReturnData/IRS990ScheduleL/LoanTable/LoanToOrganization",6202,3804,"2010v3.2, 2010v3.4, 2010v3.6, 2010v3.7"
"/Return/ReturnData/IRS990ScheduleA/GrossReceiptsFromNonUBI/CurrentTaxYear",6192,6192,"2010v3.2, 2010v3.4, 2010v3.6, 2010v3.7"
"/Return/ReturnData/IRS990ScheduleA/AmtsRecdFromDisqualPersons/CurrentTaxYearMinus1Year",6057,6057,"2010v3.2, 2010v3.4, 2010v3.6, 2010v3.7"
"/Return/ReturnData/IRS990/InvestmentsProgramRelated/BOY",6025,6025,"2010v3.2, 2010v3.4, 2010v3.6, 2010v3.7"
"/Return/ReturnData/IRS990ScheduleA/AmtsRecdFromDisqualPersons/CurrentTaxYearMinus2Years",5988,5988,"2010v3.2, 2010v3.4, 2010v3.6, 2010v3.7"
"/Return/ReturnData/IRS990/MiscellaneousRevenue/RelatedOrExemptFunctionIncome",5982,5982,"2010v3.2, 2010v3.4, 2010v3.6, 2010v3.7"
"/Return/ReturnData/IRS990ScheduleA/AmtsRecdFromDisqualPersons/CurrentTaxYear",5970,5970,"2010v3.2, 2010v3.4, 2010v3.6, 2010v3.7"
"/Return/ReturnHeader/Filer/USAddress/AddressLine2",5965,5965,"2010v3.2, 2010v3.4, 2010v3.6, 2010v3.7"
"/Return/ReturnData/IRS990/Activity3/Grants",5896,5896,"2010v3.2, 2010v3.4, 2010v3.6, 2010v3.7"
"/Return/ReturnData/IRS990ScheduleR/Form990ScheduleRPartIV/LegalDomicileForeignCountry",5895,1742,"2010v3.2, 2010v3.4, 2010v3.6, 2010v3.7"
"/Return/ReturnData/IRS990ScheduleG/EventsInformation/NonCashPrizesEvent1",5776,5776,"2010v3.2, 2010v3.4, 2010v3.6, 2010v3.7"
"/Return/ReturnData/IRS990ScheduleI/Form990ScheduleIPartIII/DescriptionOfNonCashAssistance",5716,3041,"2010v3.2, 2010v3.4, 2010v3.6, 2010v3.7"
"/Return/ReturnData/IRS990ScheduleI/Form990ScheduleIPartIII/AmountOfNonCashAssistance",5713,2928,"2010v3.2, 2010v3.4, 2010v3.6, 2010v3.7"
"/Return/ReturnData/IRS990ScheduleA/GrossReceiptsFromNonUBI/CurrentTaxYearMinus1Year",5658,5658,"2010v3.2, 2010v3.4, 2010v3.6, 2010v3.7"
"/Return/ReturnData/IRS990ScheduleA/AmtsRecdFromDisqualPersons/CurrentTaxYearMinus3Years",5633,5633,"2010v3.2, 2010v3.4, 2010v3.6, 2010v3.7"
"/Return/ReturnData/IRS990ScheduleK",5631,5248,"2010v3.2, 2010v3.4, 2010v3.6, 2010v3.7"
"/Return/ReturnData/IRS990ScheduleF",5628,5628,"2010v3.2, 2010v3.4, 2010v3.6, 2010v3.7"
"/Return/ReturnData/IRS990/Form990PartVIISectionA/NameBusiness",5581,1221,"2010v3.2, 2010v3.4, 2010v3.6, 2010v3.7"
"/Return/ReturnData/IRS990/Form990PartVIISectionA/NameBusiness/BusinessNameLine1",5581,1221,"2010v3.2, 2010v3.4, 2010v3.6, 2010v3.7"
"/Return/ReturnData/IRS990ScheduleA/AmtsRecdFromDisqualPersons/CurrentTaxYearMinus4Years",5573,5573,"2010v3.2, 2010v3.4, 2010v3.6, 2010v3.7"
"/Return/ReturnData/IRS990/GrantsPayable",5559,5559,"2010v3.2, 2010v3.4, 2010v3.6, 2010v3.7"
"/Return/ReturnData/IRS990/ActivityOther/Grants",5553,3468,"2010v3.2, 2010v3.4, 2010v3.6, 2010v3.7"
"/Return/ReturnData/IRS990/Form990PartVIISectionA/InstitutionalTrustee",5485,2096,"2010v3.2, 2010v3.4, 2010v3.6, 2010v3.7"
"/Return/ReturnData/IRS990ScheduleC/Form990ScheduleCPartIV",5480,5243,"2010v3.2, 2010v3.4, 2010v3.6, 2010v3.7"
"/Return/ReturnData/IRS990ScheduleC/Form990ScheduleCPartIV/Explanation",5467,5234,"2010v3.2, 2010v3.4, 2010v3.6, 2010v3.7"
"/Return/ReturnData/IRS990/ForeignGrants/ProgramServices",5431,5431,"2010v3.2, 2010v3.4, 2010v3.6, 2010v3.7"
"/Return/ReturnData/IRS990ScheduleD/CurrentYear/AdministrativeExpenses",5396,5396,"2010v3.2, 2010v3.4, 2010v3.6, 2010v3.7"
"/Return/ReturnData/IRS990ScheduleG/EventsInformation/FoodAndBeverageEvent2",5346,5346,"2010v3.2, 2010v3.4, 2010v3.6, 2010v3.7"
"/Return/ReturnData/IRS990/TypeOfOrganizationAssociation",5287,5287,"2010v3.2, 2010v3.4, 2010v3.6, 2010v3.7"
"/Return/ReturnData/IRS990ScheduleA/SupportingOrg509a3Type1",5251,5251,"2010v3.2, 2010v3.4, 2010v3.6, 2010v3.7"
"/Return/ReturnData/IRS990ScheduleD/InvestmentExpensesNotIncluded2",5248,5248,"2010v3.2, 2010v3.4, 2010v3.6, 2010v3.7"
"/Return/ReturnData/IRS990ScheduleR/Form990ScheduleRPartIV/AddressForeign",5248,1363,"2010v3.2, 2010v3.4, 2010v3.7"
"/Return/ReturnData/IRS990ScheduleR/Form990ScheduleRPartIV/AddressForeign/AddressLine1",5248,1363,"2010v3.2, 2010v3.4, 2010v3.7"
"/Return/ReturnData/IRS990ScheduleR/Form990ScheduleRPartIV/AddressForeign/Country",5248,1363,"2010v3.2, 2010v3.4, 2010v3.7"
"/Return/ReturnData/IRS990/RoyaltiesRevenue/ExclusionAmount",5247,5247,"2010v3.2, 2010v3.4, 2010v3.6, 2010v3.7"
"/Return/ReturnData/IRS990ScheduleD/InvestmentExpensesNotIncluded",5242,5242,"2010v3.2, 2010v3.4, 2010v3.6, 2010v3.7"
"/Return/ReturnData/IRS990/PaymentsToAffiliates/ProgramServices",5231,5231,"2010v3.2, 2010v3.4, 2010v3.6, 2010v3.7"
"/Return/ReturnData/IRS990ScheduleD/CurrentYearMinus1Year/AdministrativeExpenses",5212,5212,"2010v3.2, 2010v3.4, 2010v3.6, 2010v3.7"
"/Return/ReturnData/IRS990ScheduleA/AmtsFromSubstContributors/CurrentTaxYearMinus2Years",5164,5164,"2010v3.2, 2010v3.4, 2010v3.6, 2010v3.7"
"/Return/ReturnData/IRS990/GrossIncomeGaming",5140,5140,"2010v3.2, 2010v3.4, 2010v3.6, 2010v3.7"
"/Return/ReturnData/IRS990/BenefitsToMembers/ProgramServices",5120,5120,"2010v3.2, 2010v3.4, 2010v3.6, 2010v3.7"
"/Return/ReturnData/IRS990ScheduleD/LeaseholdImprovements/InvestmentCostOrOtherBasis",5109,5109,"2010v3.2, 2010v3.4, 2010v3.6, 2010v3.7"
"/Return/ReturnData/IRS990/GrantsPayable/BOY",5106,5106,"2010v3.2, 2010v3.4, 2010v3.6, 2010v3.7"
"/Return/ReturnData/IRS990/RentalIncomeOrLoss/Personal",5063,5063,"2010v3.2, 2010v3.4, 2010v3.6, 2010v3.7"
"/Return/ReturnData/IRS990ScheduleC/Form990ScheduleCPartIV/Identifier",5056,4869,"2010v3.2, 2010v3.4, 2010v3.6, 2010v3.7"
"/Return/ReturnData/IRS990/NetIncomeOrLoss/ExclusionAmount",5022,5022,"2010v3.2, 2010v3.4, 2010v3.6, 2010v3.7"
"/Return/ReturnData/IRS990ScheduleK/Form990ScheduleKPartIII/TotalPrivateBusinessUse",5020,2597,"2010v3.2, 2010v3.4, 2010v3.7"
"/Return/ReturnData/IRS990/AddressChange",5008,5008,"2010v3.2, 2010v3.4, 2010v3.6, 2010v3.7"
"/Return/ReturnData/IRS990ScheduleF/BoycottCountries",5005,5005,"2010v3.2, 2010v3.4, 2010v3.7"
"/Return/ReturnData/IRS990ScheduleF/InterestInForeignTrust",5005,5005,"2010v3.2, 2010v3.4, 2010v3.7"
"/Return/ReturnData/IRS990ScheduleF/OwnForeignCorp",5005,5005,"2010v3.2, 2010v3.4, 2010v3.7"
"/Return/ReturnData/IRS990ScheduleF/ForeignPartnership",5003,5003,"2010v3.2, 2010v3.4, 2010v3.7"
"/Return/ReturnData/IRS990ScheduleF/TransferToForeignCorp",5003,5003,"2010v3.2, 2010v3.4, 2010v3.7"
"/Return/ReturnData/IRS990ScheduleF/PassiveForeignInvestCo",5002,5002,"2010v3.2, 2010v3.4, 2010v3.7"
"/Return/ReturnData/IRS990/GrantsPayable/EOY",4959,4959,"2010v3.2, 2010v3.4, 2010v3.6, 2010v3.7"
"/Return/ReturnData/IRS990/LoansFromOfficersDirectors",4955,4955,"2010v3.2, 2010v3.4, 2010v3.6, 2010v3.7"
"/Return/ReturnData/IRS990ScheduleM/SecuritiesPubliclyTraded",4952,4952,"2010v3.2, 2010v3.4, 2010v3.6, 2010v3.7"
"/Return/ReturnData/IRS990/FeesForServicesInvstMgmntFees/ProgramServices",4942,4942,"2010v3.2, 2010v3.4, 2010v3.6, 2010v3.7"
"/Return/ReturnData/IRS990EZ/InfoInScheduleOPartIV",4930,4930,"2010v3.2, 2010v3.4, 2010v3.7"
"/Return/ReturnData/IRS990ScheduleG/FundraiserActivityInformation",4918,3112,"2010v3.2, 2010v3.4, 2010v3.6, 2010v3.7"
"/Return/ReturnData/IRS990ScheduleG/GamingWithNonmembers",4914,4914,"2010v3.2, 2010v3.4, 2010v3.6, 2010v3.7"
"/Return/ReturnData/IRS990/DoingBusinessAs",4901,4901,"2010v3.2, 2010v3.4, 2010v3.6, 2010v3.7"
"/Return/ReturnData/IRS990/DoingBusinessAs/BusinessNameLine1",4901,4901,"2010v3.2, 2010v3.4, 2010v3.6, 2010v3.7"
"/Return/ReturnData/IRS990ScheduleG/FundraiserActivityInformation/FundraiserControlOfFunds",4898,3098,"2010v3.2, 2010v3.4, 2010v3.6, 2010v3.7"
"/Return/ReturnData/IRS990ScheduleC/TotalLobbyingExpendituresIIB",4890,4890,"2010v3.2, 2010v3.4, 2010v3.6, 2010v3.7"
"/Return/ReturnData/IRS990ScheduleA/AmtsFromSubstContributors/CurrentTaxYearMinus3Years",4876,4876,"2010v3.2, 2010v3.4, 2010v3.6, 2010v3.7"
"/Return/ReturnData/IRS990ScheduleG/EventsInformation/RentFacilityCostsEvent2",4872,4872,"2010v3.2, 2010v3.4, 2010v3.6, 2010v3.7"
"/Return/ReturnData/IRS990ScheduleG/MemberOfOtherEntity",4871,4871,"2010v3.2, 2010v3.4, 2010v3.6, 2010v3.7"
"/Return/ReturnData/IRS990ScheduleA/AmtsFromSubstContributors/CurrentTaxYearMinus4Years",4862,4862,"2010v3.2, 2010v3.4, 2010v3.6, 2010v3.7"
"/Return/ReturnData/IRS990ScheduleK/Form990ScheduleKPartIII/PrcntgePrvtBusinessUseByOthers",4862,2520,"2010v3.2, 2010v3.4, 2010v3.7"
"/Return/ReturnData/IRS990ScheduleF/TotalAmountSpent",4830,4830,"2010v3.2, 2010v3.4, 2010v3.6, 2010v3.7"
"/Return/ReturnData/IRS990ScheduleG/FundraiserActivityInformation/AmountRetainedByContractor",4826,3049,"2010v3.2, 2010v3.4, 2010v3.6, 2010v3.7"
"/Return/ReturnData/IRS990ScheduleR/Form990ScheduleRPartIV/AddressForeign/City",4823,1158,"2010v3.2, 2010v3.4, 2010v3.7"
"/Return/ReturnData/IRS990ScheduleG/FundraiserActivityInformation/Activity",4794,3037,"2010v3.2, 2010v3.4, 2010v3.6, 2010v3.7"
"/Return/ReturnData/IRS990ScheduleA/AmtsFromSubstContributors/CurrentTaxYearMinus1Year",4772,4772,"2010v3.2, 2010v3.4, 2010v3.6, 2010v3.7"
"/Return/ReturnData/IRS990ScheduleG/GamingInformation",4756,4756,"2010v3.2, 2010v3.4, 2010v3.6, 2010v3.7"
"/Return/ReturnData/IRS990ScheduleG/Licensed",4750,4750,"2010v3.2, 2010v3.4, 2010v3.6, 2010v3.7"
"/Return/ReturnData/IRS990/GroupExemptionNumber",4731,4731,"2010v3.2, 2010v3.4, 2010v3.6, 2010v3.7"
"/Return/ReturnData/IRS990ScheduleD/CurrentYearMinus2Years/AdministrativeExpenses",4723,4723,"2010v3.2, 2010v3.4, 2010v3.6, 2010v3.7"
"/Return/ReturnData/IRS990/TypeOfOrganizationTrust",4690,4690,"2010v3.2, 2010v3.4, 2010v3.6, 2010v3.7"
"/Return/ReturnData/IRS990ScheduleK/Form990ScheduleKPartIII/PercentageOfPrvtBusinessReUBI",4679,2419,"2010v3.2, 2010v3.4, 2010v3.7"
"/Return/ReturnData/IRS990/GamingDirectExpenses",4660,4660,"2010v3.2, 2010v3.4, 2010v3.6, 2010v3.7"
"/Return/ReturnData/IRS990/FinancialStatementBoth",4649,4649,"2010v3.2, 2010v3.4, 2010v3.6, 2010v3.7"
"/Return/ReturnData/IRS990ScheduleG/EventsInformation/CharitableContribOtherEvents",4622,4622,"2010v3.2, 2010v3.4, 2010v3.6, 2010v3.7"
"/Return/ReturnData/IRS990ScheduleG/ContractWith3rdPartyForGamRev",4601,4601,"2010v3.2, 2010v3.4, 2010v3.6, 2010v3.7"
"/Return/ReturnData/IRS990ScheduleG/LicenseSuspendedEtc",4582,4582,"2010v3.2, 2010v3.4, 2010v3.6, 2010v3.7"
"/Return/ReturnData/IRS990ScheduleF/GrantsToIndOutsideUS",4560,1026,"2010v3.2, 2010v3.4, 2010v3.6, 2010v3.7"
"/Return/ReturnData/IRS990ScheduleG/StatesWhereGamingConducted",4551,4113,"2010v3.2, 2010v3.4, 2010v3.6, 2010v3.7"
"/Return/ReturnData/IRS990ScheduleC/Form990ScheduleCPartIV/ReturnReference",4538,4423,"2010v3.2, 2010v3.4, 2010v3.6, 2010v3.7"
"/Return/ReturnData/IRS990ScheduleF/GrantsToIndOutsideUS/TypeOfAssistance",4530,1013,"2010v3.2, 2010v3.4, 2010v3.6, 2010v3.7"
"/Return/ReturnData/IRS990ScheduleA/AmtsFromSubstContributors/CurrentTaxYear",4528,4528,"2010v3.2, 2010v3.4, 2010v3.6, 2010v3.7"
"/Return/ReturnData/IRS990/CompDisqualPersons/ProgramServices",4506,4506,"2010v3.2, 2010v3.4, 2010v3.6, 2010v3.7"
"/Return/ReturnData/IRS990ScheduleF/SubtotalAmountSpent",4503,4503,"2010v3.2, 2010v3.4, 2010v3.6, 2010v3.7"
"/Return/ReturnData/IRS990/EscrowAccountLiability",4481,4481,"2010v3.2, 2010v3.4, 2010v3.6, 2010v3.7"
"/Return/ReturnData/IRS990ScheduleG/CharitableDistribRequired",4467,4467,"2010v3.2, 2010v3.4, 2010v3.6, 2010v3.7"
"/Return/ReturnData/IRS990ScheduleG/FundraiserActivityInformation/NetToOrganization",4463,2859,"2010v3.2, 2010v3.4, 2010v3.6, 2010v3.7"
"/Return/ReturnData/IRS990ScheduleG/FundraiserActivityInformation/GrossReceipts",4428,2846,"2010v3.2, 2010v3.4, 2010v3.6, 2010v3.7"
"/Return/ReturnData/IRS990ScheduleH/Form990ScheduleHPartVSectionA",4423,2475,"2010v3.2, 2010v3.4, 2010v3.6, 2010v3.7"
"/Return/ReturnData/IRS990ScheduleH/Form990ScheduleHPartVSectionA/FacilityNumber",4423,2475,"2010v3.2, 2010v3.4, 2010v3.6, 2010v3.7"
"/Return/ReturnData/IRS990ScheduleF/GrantsToIndOutsideUS/Region",4422,1008,"2010v3.2, 2010v3.4, 2010v3.6, 2010v3.7"
"/Return/ReturnData/IRS990ScheduleG/EventsInformation/CashPrizesTotalEvents",4418,4418,"2010v3.2, 2010v3.4, 2010v3.6, 2010v3.7"
"/Return/ReturnData/IRS990ScheduleH/Form990ScheduleHPartVSectionA/Name",4418,2475,"2010v3.2, 2010v3.4, 2010v3.6, 2010v3.7"
"/Return/ReturnData/IRS990ScheduleH/Form990ScheduleHPartVSectionA/Name/BusinessNameLine1",4418,2475,"2010v3.2, 2010v3.4, 2010v3.6, 2010v3.7"
"/Return/ReturnData/IRS990ScheduleA/GrossReceiptsFromNonUBI/CurrentTaxYearMinus2Years",4401,4401,"2010v3.2, 2010v3.4, 2010v3.6, 2010v3.7"
"/Return/ReturnData/IRS990ScheduleH/Form990ScheduleHPartVSectionA/Address",4401,2471,"2010v3.2, 2010v3.4, 2010v3.6, 2010v3.7"
"/Return/ReturnData/IRS990ScheduleH/Form990ScheduleHPartVSectionA/Address/AddressLine1",4401,2471,"2010v3.2, 2010v3.4, 2010v3.6, 2010v3.7"
"/Return/ReturnData/IRS990ScheduleH/Form990ScheduleHPartVSectionA/Address/City",4401,2471,"2010v3.2, 2010v3.4, 2010v3.6, 2010v3.7"
"/Return/ReturnData/IRS990ScheduleH/Form990ScheduleHPartVSectionA/Address/State",4401,2471,"2010v3.2, 2010v3.4, 2010v3.6, 2010v3.7"
"/Return/ReturnData/IRS990ScheduleH/Form990ScheduleHPartVSectionA/Address/ZIPCode",4401,2471,"2010v3.2, 2010v3.4, 2010v3.6, 2010v3.7"
"/Return/ReturnData/IRS990/FeesForServicesManagement/Fundraising",4380,4380,"2010v3.2, 2010v3.4, 2010v3.6, 2010v3.7"
"/Return/ReturnData/IRS990ScheduleM/SecuritiesPubliclyTraded/NonCashCheckbox",4369,4369,"2010v3.2, 2010v3.4, 2010v3.6, 2010v3.7"
"/Return/ReturnData/IRS990/LoansFromOfficersDirectors/BOY",4357,4357,"2010v3.2, 2010v3.4, 2010v3.6, 2010v3.7"
"/Return/ReturnData/IRS990ScheduleM/SecuritiesPubliclyTraded/NumberOfContributions",4346,4346,"2010v3.2, 2010v3.4, 2010v3.6, 2010v3.7"
"/Return/ReturnData/IRS990ScheduleM/SecuritiesPubliclyTraded/NoncashContribsRptdF990",4343,4343,"2010v3.2, 2010v3.4, 2010v3.6, 2010v3.7"
"/Return/ReturnData/IRS990/LoansFromOfficersDirectors/EOY",4323,4323,"2010v3.2, 2010v3.4, 2010v3.6, 2010v3.7"
"/Return/ReturnData/IRS990ScheduleF/GrantsToIndOutsideUS/NumberOfRecipients",4285,964,"2010v3.2, 2010v3.4, 2010v3.7"
"/Return/ReturnData/IRS990ScheduleF/TotalNumberOfEmployees",4273,4273,"2010v3.2, 2010v3.4, 2010v3.6, 2010v3.7"
"/Return/ReturnData/IRS990/EscrowAccountLiability/EOY",4235,4235,"2010v3.2, 2010v3.4, 2010v3.6, 2010v3.7"
"/Return/ReturnData/IRS990ScheduleG/GamingInformation/GrossRevenueTotalGaming",4226,4226,"2010v3.2, 2010v3.4, 2010v3.6, 2010v3.7"
"/Return/ReturnData/IRS990ScheduleG/GamingInformation/NetGamingIncomeSummary",4212,4212,"2010v3.2, 2010v3.4, 2010v3.6, 2010v3.7"
"/Return/ReturnData/IRS990ScheduleG/MailSolicitations",4208,4208,"2010v3.2, 2010v3.4, 2010v3.6, 2010v3.7"
"/Return/ReturnData/IRS990EZ/GroupExemptionNumber",4185,4185,"2010v3.2, 2010v3.4, 2010v3.6, 2010v3.7"
"/Return/ReturnData/IRS990/EscrowAccountLiability/BOY",4184,4184,"2010v3.2, 2010v3.4, 2010v3.6, 2010v3.7"
"/Return/ReturnData/IRS990ScheduleK/Form990ScheduleKPartII/AmountInReserveFund",4124,2315,"2010v3.2, 2010v3.4, 2010v3.6, 2010v3.7"
"/Return/ReturnData/IRS990ScheduleD/CurrentYear/GrantsOrScholarships",4123,4123,"2010v3.2, 2010v3.4, 2010v3.6, 2010v3.7"
"/Return/ReturnData/IRS990/MiscellaneousRevenue/ExclusionAmount",4120,4120,"2010v3.2, 2010v3.4, 2010v3.6, 2010v3.7"
"/Return/ReturnData/IRS990ScheduleM/SecuritiesPubliclyTraded/MethodOfDeterminingRevenues",4094,4094,"2010v3.2, 2010v3.4, 2010v3.6, 2010v3.7"
"/Return/ReturnData/IRS990/NetRentalIncomeOrLoss/UnrelatedBusinessRevenue",4037,4037,"2010v3.2, 2010v3.4, 2010v3.6, 2010v3.7"
"/Return/ReturnData/IRS990/CompDisqualPersons/ManagementAndGeneral",4021,4021,"2010v3.2, 2010v3.4, 2010v3.6, 2010v3.7"
"/Return/ReturnData/IRS990ScheduleG/GamingInformation/DirectExpenseSummaryGaming",4017,4017,"2010v3.2, 2010v3.4, 2010v3.6, 2010v3.7"
"/Return/ReturnData/IRS990ScheduleD/CurrentYearMinus1Year/GrantsOrScholarships",4003,4003,"2010v3.2, 2010v3.4, 2010v3.6, 2010v3.7"
"/Return/ReturnData/IRS990/PaymentsToAffiliates/ManagementAndGeneral",3991,3991,"2010v3.2, 2010v3.4, 2010v3.6, 2010v3.7"
"/Return/ReturnData/IRS990ScheduleG/AddressOfGamingRecKeeperUS",3970,3970,"2010v3.2, 2010v3.4, 2010v3.6, 2010v3.7"
"/Return/ReturnData/IRS990ScheduleG/AddressOfGamingRecKeeperUS/AddressLine1",3970,3970,"2010v3.2, 2010v3.4, 2010v3.6, 2010v3.7"
"/Return/ReturnData/IRS990ScheduleG/AddressOfGamingRecKeeperUS/City",3970,3970,"2010v3.2, 2010v3.4, 2010v3.6, 2010v3.7"
"/Return/ReturnData/IRS990ScheduleG/AddressOfGamingRecKeeperUS/State",3970,3970,"2010v3.2, 2010v3.4, 2010v3.6, 2010v3.7"
"/Return/ReturnData/IRS990ScheduleG/AddressOfGamingRecKeeperUS/ZIPCode",3970,3970,"2010v3.2, 2010v3.4, 2010v3.6, 2010v3.7"
"/Return/ReturnData/IRS990ScheduleF/SubtotalNumberOfEmployees",3960,3960,"2010v3.2, 2010v3.4, 2010v3.6, 2010v3.7"
"/Return/ReturnData/IRS990ScheduleM/Form990ScheduleMPartII",3952,3251,"2010v3.2, 2010v3.4, 2010v3.6, 2010v3.7"
"/Return/ReturnData/IRS990ScheduleM/Form990ScheduleMPartII/Explanation",3931,3243,"2010v3.2, 2010v3.4, 2010v3.6, 2010v3.7"
"/Return/ReturnData/IRS990ScheduleG/FundraiserActivityInformation/AddressUS",3895,2546,"2010v3.2, 2010v3.4, 2010v3.6, 2010v3.7"
"/Return/ReturnData/IRS990ScheduleG/FundraiserActivityInformation/AddressUS/AddressLine1",3895,2546,"2010v3.2, 2010v3.4, 2010v3.6, 2010v3.7"
"/Return/ReturnData/IRS990ScheduleG/FundraiserActivityInformation/AddressUS/City",3895,2546,"2010v3.2, 2010v3.4, 2010v3.6, 2010v3.7"
"/Return/ReturnData/IRS990ScheduleG/FundraiserActivityInformation/AddressUS/State",3895,2546,"2010v3.2, 2010v3.4, 2010v3.6, 2010v3.7"
"/Return/ReturnData/IRS990ScheduleG/FundraiserActivityInformation/AddressUS/ZIPCode",3895,2546,"2010v3.2, 2010v3.4, 2010v3.6, 2010v3.7"
"/Return/ReturnData/IRS990/FeesForServicesLobbying/ProgramServices",3878,3878,"2010v3.2, 2010v3.4, 2010v3.6, 2010v3.7"
"/Return/ReturnData/IRS990ScheduleF/GrantsToIndOutsideUS/AmountOfCashGrant",3877,885,"2010v3.2, 2010v3.4, 2010v3.6, 2010v3.7"
"/Return/ReturnData/IRS990ScheduleK/Form990ScheduleKPartII/AmountRetired",3833,2225,"2010v3.2, 2010v3.4, 2010v3.6, 2010v3.7"
"/Return/ReturnData/IRS990ScheduleD/PriorPeriodAdjustments",3828,3828,"2010v3.2, 2010v3.4, 2010v3.6, 2010v3.7"
"/Return/ReturnData/IRS990/FeesForServicesLobbying/ManagementAndGeneral",3805,3805,"2010v3.2, 2010v3.4, 2010v3.6, 2010v3.7"
"/Return/ReturnData/IRS990ScheduleA/GrossReceiptsFromNonUBI/CurrentTaxYearMinus3Years",3805,3805,"2010v3.2, 2010v3.4, 2010v3.6, 2010v3.7"
"/Return/ReturnData/IRS990ScheduleM/Form990ScheduleMPartII/Identifier",3792,3214,"2010v3.2, 2010v3.4, 2010v3.6, 2010v3.7"
"/Return/ReturnData/IRS990ScheduleG/EventsInformation/CashPrizesEvent1",3788,3788,"2010v3.2, 2010v3.4, 2010v3.6, 2010v3.7"
"/Return/ReturnData/IRS990ScheduleD/CurrentYearMinus2Years/GrantsOrScholarships",3768,3768,"2010v3.2, 2010v3.4, 2010v3.6, 2010v3.7"
"/Return/ReturnData/IRS990ScheduleG/InPersonSolicitations",3740,3740,"2010v3.2, 2010v3.4, 2010v3.6, 2010v3.7"
"/Return/ReturnData/IRS990ScheduleF/Form990ScheduleFPartV",3723,2956,"2010v3.2, 2010v3.4, 2010v3.6, 2010v3.7"
"/Return/ReturnData/IRS990ScheduleF/Form990ScheduleFPartV/Explanation",3710,2949,"2010v3.2, 2010v3.4, 2010v3.6, 2010v3.7"
"/Return/ReturnData/IRS990/TotalOthProgramServiceRevenue/UnrelatedBusinessRevenue",3703,3703,"2010v3.2, 2010v3.4, 2010v3.6, 2010v3.7"
"/Return/ReturnData/IRS990ScheduleF/Form990ScheduleFPartV/Identifier",3670,2915,"2010v3.2, 2010v3.4, 2010v3.6, 2010v3.7"
"/Return/ReturnData/IRS990ScheduleH/Form990ScheduleHPartVSectionB",3666,2417,"2010v3.2, 2010v3.4, 2010v3.6, 2010v3.7"
"/Return/ReturnData/IRS990ScheduleH/Form990ScheduleHPartVSectionB/HospitalFacilityNumber",3664,2415,"2010v3.2, 2010v3.4, 2010v3.6, 2010v3.7"
"/Return/ReturnData/IRS990ScheduleH/Form990ScheduleHPartVSectionB/HospitalFacilityName",3662,2417,"2010v3.2, 2010v3.4, 2010v3.6, 2010v3.7"
"/Return/ReturnData/IRS990ScheduleH/Form990ScheduleHPartVSectionB/HospitalFacilityName/BusinessNameLine1",3662,2417,"2010v3.2, 2010v3.4, 2010v3.6, 2010v3.7"
"/Return/ReturnData/IRS990ScheduleC/GrassrootsNontaxableAmount",3623,3623,"2010v3.2, 2010v3.4, 2010v3.6, 2010v3.7"
"/Return/ReturnData/IRS990ScheduleC/LobbyingNontaxableAmount",3623,3623,"2010v3.2, 2010v3.4, 2010v3.6, 2010v3.7"
"/Return/ReturnData/IRS990ScheduleC/TotalExemptPurposeExpenditures",3623,3623,"2010v3.2, 2010v3.4, 2010v3.6, 2010v3.7"
"/Return/ReturnData/IRS990/TotalOthProgramServiceRevenue/ExclusionAmount",3598,3598,"2010v3.2, 2010v3.4, 2010v3.6, 2010v3.7"
"/Return/ReturnData/IRS990ScheduleF/GrantsToIndOutsideUS/MannerOfCashDisbursement",3592,818,"2010v3.2, 2010v3.4, 2010v3.7"
"/Return/ReturnData/IRS990/ReceivablesFromOfficersEtc/BOY",3588,3588,"2010v3.2, 2010v3.4, 2010v3.6, 2010v3.7"
"/Return/ReturnData/IRS990ScheduleH/Form990ScheduleHPartVSectionA/LicensedHospital",3565,2388,"2010v3.2, 2010v3.4, 2010v3.6, 2010v3.7"
"/Return/ReturnData/IRS990ScheduleG/EventsInformation/FoodAndBeverageOtherEvents",3562,3562,"2010v3.2, 2010v3.4, 2010v3.6, 2010v3.7"
"/Return/ReturnData/IRS990ScheduleC/OtherExemptPurposeExpenditures",3536,3536,"2010v3.2, 2010v3.4, 2010v3.6, 2010v3.7"
"/Return/ReturnData/IRS990ScheduleM/Form990ScheduleMPartII/ReturnReference",3527,2925,"2010v3.2, 2010v3.4, 2010v3.6, 2010v3.7"
"/Return/ReturnData/IRS990ScheduleA/Hospital170b1Aiii",3508,3508,"2010v3.2, 2010v3.4, 2010v3.6, 2010v3.7"
"/Return/ReturnData/IRS990ScheduleC/TotalLobbyingExpenditures",3508,3508,"2010v3.2, 2010v3.4, 2010v3.6, 2010v3.7"
"/Return/ReturnData/IRS990ScheduleG/GamingInformation/OtherDirectExpensesTotalGaming",3503,3503,"2010v3.2, 2010v3.4, 2010v3.6, 2010v3.7"
"/Return/ReturnData/IRS990ScheduleM/ClothingAndHouseholdGoods",3448,3448,"2010v3.2, 2010v3.4, 2010v3.6, 2010v3.7"
"/Return/ReturnData/ReasonableCauseExplanation",3436,3436,"2010v3.2, 2010v3.4, 2010v3.6, 2010v3.7"
"/Return/ReturnData/ReasonableCauseExplanation/Explanation",3436,3436,"2010v3.2, 2010v3.4, 2010v3.6, 2010v3.7"
"/Return/ReturnData/IRS990ScheduleA/FactsAndCircumstancesTest",3401,3401,"2010v3.2, 2010v3.4, 2010v3.6, 2010v3.7"
"/Return/ReturnData/IRS990/RoyaltiesRevenue/RelatedOrExemptFunctionIncome",3388,3388,"2010v3.2, 2010v3.4, 2010v3.6, 2010v3.7"
"/Return/ReturnData/IRS990ScheduleC/Sec527PolOrgs",3378,778,"2010v3.2, 2010v3.4, 2010v3.6, 2010v3.7"
"/Return/ReturnData/IRS990ScheduleC/Sec527PolOrgs/NameOf527Organization",3378,778,"2010v3.2, 2010v3.4, 2010v3.6, 2010v3.7"
"/Return/ReturnData/IRS990ScheduleC/Sec527PolOrgs/NameOf527Organization/BusinessNameLine1",3378,778,"2010v3.2, 2010v3.4, 2010v3.6, 2010v3.7"
"/Return/ReturnData/IRS990ScheduleC/Sec527PolOrgs/AddressUS",3360,778,"2010v3.2, 2010v3.4, 2010v3.6, 2010v3.7"
"/Return/ReturnData/IRS990ScheduleC/Sec527PolOrgs/AddressUS/AddressLine1",3360,778,"2010v3.2, 2010v3.4, 2010v3.6, 2010v3.7"
"/Return/ReturnData/IRS990ScheduleC/Sec527PolOrgs/AddressUS/City",3360,778,"2010v3.2, 2010v3.4, 2010v3.6, 2010v3.7"
"/Return/ReturnData/IRS990ScheduleC/Sec527PolOrgs/AddressUS/State",3360,778,"2010v3.2, 2010v3.4, 2010v3.6, 2010v3.7"
"/Return/ReturnData/IRS990ScheduleC/Sec527PolOrgs/AddressUS/ZIPCode",3360,778,"2010v3.2, 2010v3.4, 2010v3.6, 2010v3.7"
"/Return/ReturnData/IRS990ScheduleG/NameOfGamingRecKeeperPerson",3358,3358,"2010v3.2, 2010v3.4, 2010v3.6, 2010v3.7"
"/Return/ReturnData/IRS990/TypeOfOrganizationOther",3341,3341,"2010v3.2, 2010v3.4, 2010v3.6, 2010v3.7"
"/Return/ReturnData/IRS990ScheduleC/TotalDirectLobbying",3337,3337,"2010v3.2, 2010v3.4, 2010v3.6, 2010v3.7"
"/Return/ReturnData/IRS990ScheduleG/GamingInformation/VolunteerLaborOtherGaming",3330,3330,"2010v3.2, 2010v3.4, 2010v3.6, 2010v3.7"
"/Return/ReturnData/IRS990EZ/AddressChange",3308,3308,"2010v3.2, 2010v3.4, 2010v3.6, 2010v3.7"
"/Return/ReturnData/IRS990ScheduleI/NoGrantMoreThan5000",3299,3299,"2010v3.2, 2010v3.4, 2010v3.6, 2010v3.7"
"/Return/ReturnData/IRS990ScheduleA/GrossReceiptsFromNonUBI/CurrentTaxYearMinus4Years",3293,3293,"2010v3.2, 2010v3.4, 2010v3.6, 2010v3.7"
"/Return/ReturnData/IRS990/IncomeFromInvestBondProceeds/ExclusionAmount",3265,3265,"2010v3.2, 2010v3.4, 2010v3.6, 2010v3.7"
"/Return/ReturnData/IRS990/FinancialStmtAttached",3234,3234,"2010v3.2, 2010v3.4, 2010v3.6, 2010v3.7"
"/Return/ReturnData/IRS990ScheduleF/GrantRecordsMaintained",3133,3133,"2010v3.2, 2010v3.4, 2010v3.6, 2010v3.7"
"/Return/ReturnData/IRS990ScheduleG/FundraiserActivityInformation/NameOfOrganization",3121,2082,"2010v3.2, 2010v3.4, 2010v3.6, 2010v3.7"
"/Return/ReturnData/IRS990ScheduleG/FundraiserActivityInformation/NameOfOrganization/BusinessNameLine1",3121,2082,"2010v3.2, 2010v3.4, 2010v3.6, 2010v3.7"
"/Return/ReturnData/IRS990ScheduleA/NetUBI/CurrentTaxYear",3110,3110,"2010v3.2, 2010v3.4, 2010v3.6, 2010v3.7"
"/Return/ReturnData/IRS990/FeesForServicesInvstMgmntFees/Fundraising",3102,3102,"2010v3.2, 2010v3.4, 2010v3.6, 2010v3.7"
"/Return/ReturnData/IRS990ScheduleK/Form990ScheduleKPartII/RefundingEscrow",3096,1791,"2010v3.2, 2010v3.4, 2010v3.6, 2010v3.7"
"/Return/ReturnData/IRS990ScheduleM/FoodInventory",3094,3094,"2010v3.2, 2010v3.4, 2010v3.6, 2010v3.7"
"/Return/ReturnData/IRS990/NetIncomeOrLoss/UnrelatedBusinessRevenue",3090,3090,"2010v3.2, 2010v3.4, 2010v3.6, 2010v3.7"
"/Return/ReturnData/IRS990ScheduleD/TotalOfBookValueProgramRelated",3063,3063,"2010v3.2, 2010v3.4, 2010v3.6, 2010v3.7"
"/Return/ReturnData/IRS990/Royalties/ProgramServices",3053,3053,"2010v3.2, 2010v3.4, 2010v3.6, 2010v3.7"
"/Return/ReturnData/IRS990/NetIncomeFromGaming/ExclusionAmount",3052,3052,"2010v3.2, 2010v3.4, 2010v3.6, 2010v3.7"
"/Return/ReturnData/IRS990ScheduleA/NetIncomeFromOtherUBI/CurrentTaxYear",3047,3047,"2010v3.2, 2010v3.4, 2010v3.6, 2010v3.7"
"/Return/ReturnData/IRS990ScheduleG/TotalRetainedByContractors",3039,3039,"2010v3.2, 2010v3.4, 2010v3.6, 2010v3.7"
"/Return/ReturnData/IRS990ScheduleC/TotLobbyExpendMnsLobbyingNontx",3027,3027,"2010v3.2, 2010v3.4, 2010v3.7"
"/Return/ReturnData/IRS990/CompDisqualPersons/Fundraising",3024,3024,"2010v3.2, 2010v3.4, 2010v3.7"
"/Return/ReturnData/IRS990ScheduleA/NetUBI/CurrentTaxYearMinus1Year",3022,3022,"2010v3.2, 2010v3.4, 2010v3.6, 2010v3.7"
"/Return/ReturnData/IRS990ScheduleC/TotLobbyingGrassrootMinusNonTx",3006,3006,"2010v3.2, 2010v3.4, 2010v3.7"
"/Return/ReturnData/IRS990ScheduleA/NetIncomeFromOtherUBI/CurrentTaxYearMinus1Year",2989,2989,"2010v3.2, 2010v3.4, 2010v3.6, 2010v3.7"
"/Return/ReturnData/IRS990ScheduleG/EmailSolicitations",2947,2947,"2010v3.2, 2010v3.4, 2010v3.6, 2010v3.7"
"/Return/ReturnData/IRS990ScheduleG/GamingInformation/VolunteerLaborBingo",2931,2931,"2010v3.2, 2010v3.4, 2010v3.6, 2010v3.7"
"/Return/ReturnData/IRS990ScheduleG/GamingInformation/VolunteerLaborPullTabs",2920,2920,"2010v3.2, 2010v3.4, 2010v3.6, 2010v3.7"
"/Return/ReturnData/IRS990ScheduleK/Form990ScheduleKPartII/OtherSpentProceeds",2918,1631,"2010v3.2, 2010v3.4, 2010v3.6, 2010v3.7"
"/Return/ReturnData/IRS990EZ/OfficerDirectorTrusteeKeyEmpl/BusinessName",2892,815,"2010v3.2, 2010v3.4, 2010v3.6, 2010v3.7"
"/Return/ReturnData/IRS990EZ/OfficerDirectorTrusteeKeyEmpl/BusinessName/BusinessNameLine1",2892,815,"2010v3.2, 2010v3.4, 2010v3.6, 2010v3.7"
"/Return/ReturnData/IRS990ScheduleJ/ClubDuesOrFees",2872,2872,"2010v3.2, 2010v3.4, 2010v3.6, 2010v3.7"
"/Return/ReturnData/IRS990ScheduleH/Form990ScheduleHPartVSectionA/Er24Hours",2868,2056,"2010v3.2, 2010v3.4, 2010v3.6, 2010v3.7"
"/Return/ReturnData/IRS990ScheduleH/Form990ScheduleHPartVSectionA/GeneralMedicalAndSurgical",2864,1986,"2010v3.2, 2010v3.4, 2010v3.6, 2010v3.7"
"/Return/ReturnData/IRS990ScheduleG/TotalNetToOrganization",2862,2862,"2010v3.2, 2010v3.4, 2010v3.6, 2010v3.7"
"/Return/ReturnData/IRS990ScheduleG/SolicitationOfNonGovtGrants",2826,2826,"2010v3.2, 2010v3.4, 2010v3.6, 2010v3.7"
"/Return/ReturnData/IRS990/RoyaltiesRevenue/UnrelatedBusinessRevenue",2813,2813,"2010v3.2, 2010v3.4, 2010v3.6, 2010v3.7"
"/Return/ReturnData/IRS990/IncomeFromInvestBondProceeds/RelatedOrExemptFunctionIncome",2791,2791,"2010v3.2, 2010v3.4, 2010v3.7"
"/Return/ReturnData/IRS990ScheduleG/GamingInformation/CashPrizesTotalGaming",2790,2790,"2010v3.2, 2010v3.4, 2010v3.6, 2010v3.7"
"/Return/ReturnData/IRS990/MiscellaneousRevenue/UnrelatedBusinessRevenue",2784,2784,"2010v3.2, 2010v3.4, 2010v3.6, 2010v3.7"
"/Return/ReturnData/IRS990ScheduleG/PhoneSolicitations",2776,2776,"2010v3.2, 2010v3.4, 2010v3.6, 2010v3.7"
"/Return/ReturnData/IRS990ScheduleF/ContAmountSpent",2773,2773,"2010v3.2, 2010v3.4, 2010v3.7"
"/Return/ReturnData/IRS990ScheduleG/EventsInformation/NonCashPrizesEvent2",2764,2764,"2010v3.2, 2010v3.4, 2010v3.6, 2010v3.7"
"/Return/ReturnData/IRS990ScheduleC/Form1120PolFiled",2761,2761,"2010v3.2, 2010v3.4, 2010v3.6, 2010v3.7"
"/Return/ReturnData/IRS990ScheduleF/ContNumberOfEmployees",2761,2761,"2010v3.2, 2010v3.4, 2010v3.7"
"/Return/ReturnData/IRS990ScheduleG/EventsInformation/EntertainmentEvent2",2736,2736,"2010v3.2, 2010v3.4, 2010v3.6, 2010v3.7"
"/Return/ReturnData/IRS990ScheduleC/Sec527PolOrgs/AmtPdFromInternalFunds",2733,447,"2010v3.2, 2010v3.4, 2010v3.6, 2010v3.7"
"/Return/ReturnData/IRS990ScheduleM/NumberOf8283Received",2710,2710,"2010v3.2, 2010v3.4, 2010v3.7"
"/Return/ReturnData/IRS990/IncomeFromInvestBondProceeds/UnrelatedBusinessRevenue",2708,2708,"2010v3.2, 2010v3.4, 2010v3.7"
"/Return/ReturnData/IRS990ScheduleK/Form990ScheduleKPartII/AmountUnspent",2654,1526,"2010v3.2, 2010v3.4, 2010v3.6, 2010v3.7"
"/Return/ReturnData/IRS990ScheduleA/NetIncomeFromOtherUBI/CurrentTaxYearMinus2Years",2625,2625,"2010v3.2, 2010v3.4, 2010v3.6, 2010v3.7"
"/Return/ReturnData/IRS990ScheduleA/NetUBI/CurrentTaxYearMinus2Years",2625,2625,"2010v3.2, 2010v3.4, 2010v3.6, 2010v3.7"
"/Return/ReturnData/IRS990ScheduleD/DonatedServicesAndFacilities",2570,2570,"2010v3.2, 2010v3.4, 2010v3.6, 2010v3.7"
"/Return/ReturnData/IRS990ScheduleC/TotalGrassrootsLobbying",2568,2568,"2010v3.2, 2010v3.4, 2010v3.6, 2010v3.7"
"/Return/ReturnData/IRS990ScheduleG/EventsInformation/RentFacilityCostsOtherEvents",2564,2564,"2010v3.2, 2010v3.4, 2010v3.6, 2010v3.7"
"/Return/ReturnData/IRS990ScheduleK/Form990ScheduleKPartII/CapitalizedInterest",2544,1408,"2010v3.2, 2010v3.4, 2010v3.6, 2010v3.7"
"/Return/ReturnData/IRS990/PaymentsToAffiliates/Fundraising",2539,2539,"2010v3.2, 2010v3.4, 2010v3.6, 2010v3.7"
"/Return/ReturnData/IRS990ScheduleK/Form990ScheduleKPartII/CreditEnhancement",2533,1388,"2010v3.2, 2010v3.4, 2010v3.7"
"/Return/ReturnData/IRS990ScheduleC/DuesAssessments",2532,2532,"2010v3.2, 2010v3.4, 2010v3.6, 2010v3.7"
"/Return/ReturnData/IRS990/TypeOfOrgOtherDescription",2525,2525,"2010v3.2, 2010v3.4, 2010v3.6, 2010v3.7"
"/Return/ReturnData/IRS990ScheduleG/TotalGrossReceipts",2522,2522,"2010v3.2, 2010v3.4, 2010v3.6, 2010v3.7"
"/Return/ReturnData/IRS990ScheduleR/Form990ScheduleRPartI/DirectControllingEntityNA",2522,1202,"2010v3.2, 2010v3.4, 2010v3.6, 2010v3.7"
"/Return/ReturnData/IRS990ScheduleD/CollectUsedForPublicExhibition",2503,2503,"2010v3.2, 2010v3.4, 2010v3.6, 2010v3.7"
"/Return/ReturnData/IRS990/InfoInScheduleOPartV",2497,2497,"2010v3.2, 2010v3.4, 2010v3.6, 2010v3.7"
"/Return/ReturnData/IRS990ScheduleA/NetIncomeFromOtherUBI/CurrentTaxYearMinus3Years",2491,2491,"2010v3.2, 2010v3.4, 2010v3.6, 2010v3.7"
"/Return/ReturnData/IRS990ScheduleA/ValueSrvcFcltsFurnishedByGovt/CurrentTaxYearMinus2Years",2491,2491,"2010v3.2, 2010v3.4, 2010v3.6, 2010v3.7"
"/Return/ReturnData/IRS990ScheduleA/NetUBI/CurrentTaxYearMinus3Years",2490,2490,"2010v3.2, 2010v3.4, 2010v3.6, 2010v3.7"
"/Return/ReturnData/IRS990ScheduleA/ValueSrvcFcltsFurnishedByGovt/CurrentTaxYearMinus1Year",2488,2488,"2010v3.2, 2010v3.4, 2010v3.6, 2010v3.7"
"/Return/ReturnData/IRS990ScheduleJ/RebuttablePresumptionProcedure",2478,2478,"2010v3.2, 2010v3.4, 2010v3.7"
"/Return/ReturnData/IRS990ScheduleH",2475,2475,"2010v3.2, 2010v3.4, 2010v3.6, 2010v3.7"
"/Return/ReturnData/IRS990ScheduleH/NumberOfHospitalFacilities",2475,2475,"2010v3.2, 2010v3.4, 2010v3.6, 2010v3.7"
"/Return/ReturnData/IRS990ScheduleH/CharityCarePolicy",2468,2468,"2010v3.2, 2010v3.4, 2010v3.6, 2010v3.7"
"/Return/ReturnData/IRS990ScheduleL/Form990ScheduleLPartV",2468,1761,"2010v3.2, 2010v3.4, 2010v3.6, 2010v3.7"
"/Return/ReturnData/IRS990ScheduleL/Form990ScheduleLPartV/Explanation",2463,1757,"2010v3.2, 2010v3.4, 2010v3.6, 2010v3.7"
"/Return/ReturnData/IRS990ScheduleH/AnnualCommunityBenefitReport",2453,2453,"2010v3.2, 2010v3.4, 2010v3.6, 2010v3.7"
"/Return/ReturnData/IRS990/TheBooksAreInCareOf/AddressUS/AddressLine2",2444,2444,"2010v3.2, 2010v3.4, 2010v3.6, 2010v3.7"
"/Return/ReturnData/IRS990ScheduleH/BadDebtExpenseReported",2443,2443,"2010v3.2, 2010v3.4, 2010v3.6, 2010v3.7"
"/Return/ReturnData/IRS990ScheduleA/NetIncomeFromOtherUBI/CurrentTaxYearMinus4Years",2442,2442,"2010v3.2, 2010v3.4, 2010v3.6, 2010v3.7"
"/Return/ReturnData/IRS990ScheduleH/WrittenDebtCollectionPolicy",2441,2441,"2010v3.2, 2010v3.4, 2010v3.6, 2010v3.7"
"/Return/ReturnData/IRS990ScheduleH/FPGReferenceFreeCare",2437,2437,"2010v3.2, 2010v3.4, 2010v3.6, 2010v3.7"
"/Return/ReturnData/IRS990ScheduleA/ValueSrvcFcltsFurnishedByGovt/CurrentTaxYearMinus4Years",2436,2436,"2010v3.2, 2010v3.4, 2010v3.6, 2010v3.7"
"/Return/ReturnData/IRS990ScheduleH/AmountsBudgetedForCharityCare",2436,2436,"2010v3.2, 2010v3.4, 2010v3.6, 2010v3.7"
"/Return/ReturnData/IRS990ScheduleH/FreeDiscCareMedicallyIndigent",2436,2436,"2010v3.2, 2010v3.4, 2010v3.6, 2010v3.7"
"/Return/ReturnData/IRS990ScheduleH/WrittenPolicy",2436,2436,"2010v3.2, 2010v3.4, 2010v3.6, 2010v3.7"
"/Return/ReturnData/IRS990ScheduleH/FPGReferenceDiscountedCare",2434,2434,"2010v3.2, 2010v3.4, 2010v3.6, 2010v3.7"
"/Return/ReturnData/IRS990/TravelEntrtnmntPublicOfficials/ProgramServices",2432,2432,"2010v3.2, 2010v3.4, 2010v3.6, 2010v3.7"
"/Return/ReturnData/IRS990ScheduleH/TotalCommunityBenefits",2432,2432,"2010v3.2, 2010v3.4, 2010v3.6, 2010v3.7"
"/Return/ReturnData/IRS990ScheduleH/TotalCommunityBenefits/NetCommunityBenefitExpense",2431,2431,"2010v3.2, 2010v3.4, 2010v3.6, 2010v3.7"
"/Return/ReturnData/IRS990ScheduleH/TotalCommunityBenefits/TotalCommunityBenefitExpense",2431,2431,"2010v3.2, 2010v3.4, 2010v3.6, 2010v3.7"
"/Return/ReturnData/IRS990ScheduleH/TotalCharityCare",2426,2426,"2010v3.2, 2010v3.4, 2010v3.6, 2010v3.7"
"/Return/ReturnData/IRS990ScheduleH/TotalCharityCare/TotalCommunityBenefitExpense",2426,2426,"2010v3.2, 2010v3.4, 2010v3.6, 2010v3.7"
"/Return/ReturnData/IRS990ScheduleH/BadDebtExpenseAmount",2425,2425,"2010v3.2, 2010v3.4, 2010v3.6, 2010v3.7"
"/Return/ReturnData/IRS990ScheduleH/TotalCommunityBenefits/PercentOfTotalExpense",2424,2424,"2010v3.2, 2010v3.4, 2010v3.6, 2010v3.7"
"/Return/ReturnData/IRS990ScheduleK/Form990ScheduleKPartII/WorkingCapitalExpenditures",2424,1327,"2010v3.2, 2010v3.4, 2010v3.7"
"/Return/ReturnData/IRS990ScheduleH/TotalCharityCare/NetCommunityBenefitExpense",2423,2423,"2010v3.2, 2010v3.4, 2010v3.6, 2010v3.7"
"/Return/ReturnData/IRS990ScheduleC/LobbyingNontaxableAmount2",2411,2411,"2010v3.2, 2010v3.4, 2010v3.6, 2010v3.7"
"/Return/ReturnData/IRS990ScheduleH/TotalCharityCare/PercentOfTotalExpense",2410,2410,"2010v3.2, 2010v3.4, 2010v3.6, 2010v3.7"
"/Return/ReturnData/IRS990ScheduleH/AmountReimbursedByMedicare",2399,2399,"2010v3.2, 2010v3.4, 2010v3.6, 2010v3.7"
"/Return/ReturnData/IRS990ScheduleA/NetUBI/CurrentTaxYearMinus4Years",2397,2397,"2010v3.2, 2010v3.4, 2010v3.6, 2010v3.7"
"/Return/ReturnData/IRS990ScheduleC/LobbyingCeilingAmount",2397,2397,"2010v3.2, 2010v3.4, 2010v3.6, 2010v3.7"
"/Return/ReturnData/IRS990ScheduleC/LobbyingNontaxableAmount2/Total",2397,2397,"2010v3.2, 2010v3.4, 2010v3.6, 2010v3.7"
"/Return/ReturnData/IRS990ScheduleH/CharityCareAtCost",2397,2397,"2010v3.2, 2010v3.4, 2010v3.6, 2010v3.7"
"/Return/ReturnData/IRS990ScheduleC/GrassrootsNontaxableAmount2",2396,2396,"2010v3.2, 2010v3.4, 2010v3.6, 2010v3.7"
"/Return/ReturnData/IRS990ScheduleH/CharityCareAtCost/TotalCommunityBenefitExpense",2394,2394,"2010v3.2, 2010v3.4, 2010v3.6, 2010v3.7"
"/Return/ReturnData/IRS990ScheduleC/NonDedLobbyPoliticalTotal",2390,2390,"2010v3.2, 2010v3.4, 2010v3.6, 2010v3.7"
"/Return/ReturnData/IRS990ScheduleH/CostOfCareReimbursedByMedicare",2389,2389,"2010v3.2, 2010v3.4, 2010v3.6, 2010v3.7"
"/Return/ReturnData/IRS990ScheduleH/CharityCareAtCost/NetCommunityBenefitExpense",2384,2384,"2010v3.2, 2010v3.4, 2010v3.6, 2010v3.7"
"/Return/ReturnData/IRS990ScheduleA/ValueSrvcFcltsFurnishedByGovt/CurrentTaxYearMinus3Years",2382,2382,"2010v3.2, 2010v3.4, 2010v3.6, 2010v3.7"
"/Return/ReturnData/IRS990ScheduleC/GrassrootsCeilingAmount",2381,2381,"2010v3.2, 2010v3.4, 2010v3.6, 2010v3.7"
"/Return/ReturnData/IRS990ScheduleC/GrassrootsNontaxableAmount2/Total",2381,2381,"2010v3.2, 2010v3.4, 2010v3.6, 2010v3.7"
"/Return/ReturnData/IRS990/NameOfPrincipalOfficerBusiness",2376,2376,"2010v3.2, 2010v3.4, 2010v3.7"
"/Return/ReturnData/IRS990/NameOfPrincipalOfficerBusiness/BusinessNameLine1",2376,2376,"2010v3.2, 2010v3.4, 2010v3.7"
"/Return/ReturnData/IRS990ScheduleH/CharityCareAtCost/PercentOfTotalExpense",2376,2376,"2010v3.2, 2010v3.4, 2010v3.6, 2010v3.7"
"/Return/ReturnData/IRS990ScheduleJ/HousingAllowanceOrResidence",2367,2367,"2010v3.2, 2010v3.4, 2010v3.6, 2010v3.7"
"/Return/ReturnData/IRS990ScheduleH/CostingMethodologyUsed",2364,2364,"2010v3.2, 2010v3.4, 2010v3.6, 2010v3.7"
"/Return/ReturnData/IRS990/FeesForServicesLobbying/Fundraising",2357,2357,"2010v3.2, 2010v3.4, 2010v3.7"
"/Return/ReturnData/IRS990ScheduleM/ClothingAndHouseholdGoods/NoncashContribsRptdF990",2353,2353,"2010v3.2, 2010v3.4, 2010v3.6, 2010v3.7"
"/Return/ReturnData/IRS990ScheduleA/ValueSrvcFcltsFurnishedByGovt/CurrentTaxYear",2352,2352,"2010v3.2, 2010v3.4, 2010v3.6, 2010v3.7"
"/Return/ReturnData/IRS990ScheduleM/ClothingAndHouseholdGoods/NonCashCheckbox",2342,2342,"2010v3.2, 2010v3.4, 2010v3.6, 2010v3.7"
"/Return/ReturnData/IRS990ScheduleC/GrassrootsNontaxableAmount/FilingOrganizationsTotals",2336,2336,"2010v3.2, 2010v3.4, 2010v3.6, 2010v3.7"
"/Return/ReturnData/IRS990ScheduleC/LobbyingNontaxableAmount/FilingOrganizationsTotals",2336,2336,"2010v3.2, 2010v3.4, 2010v3.6, 2010v3.7"
"/Return/ReturnData/IRS990ScheduleC/TotalExemptPurposeExpenditures/FilingOrganizationsTotals",2336,2336,"2010v3.2, 2010v3.4, 2010v3.6, 2010v3.7"
"/Return/ReturnData/IRS990ScheduleH/MedicareSurplusOrShortfall",2336,2336,"2010v3.2, 2010v3.4, 2010v3.6, 2010v3.7"
"/Return/ReturnData/IRS990/GrossRents/Personal",2335,2335,"2010v3.2, 2010v3.4, 2010v3.6, 2010v3.7"
"/Return/ReturnData/IRS990ScheduleH/ProvisionForCharityCare",2328,2328,"2010v3.2, 2010v3.4, 2010v3.6, 2010v3.7"
"/Return/ReturnData/IRS990ScheduleC/TotalLobbyingExpenditures2",2313,2313,"2010v3.2, 2010v3.4, 2010v3.6, 2010v3.7"
"/Return/ReturnData/IRS990ScheduleC/LobbyingNontaxableAmount2/CurrentYear",2311,2311,"2010v3.2, 2010v3.4, 2010v3.6, 2010v3.7"
"/Return/ReturnData/IRS990ScheduleC/Form4720Filed4955Tax",2307,2307,"2010v3.2, 2010v3.4, 2010v3.6, 2010v3.7"
"/Return/ReturnData/IRS990ScheduleI/RecipientTable/RecipientNameBusiness/BusinessNameLine2",2304,408,"2010v3.2, 2010v3.4, 2010v3.6, 2010v3.7"
"/Return/ReturnData/IRS990ScheduleC/GrassrootsNontaxableAmount2/CurrentYear",2295,2295,"2010v3.2, 2010v3.4, 2010v3.6, 2010v3.7"
"/Return/ReturnData/IRS990ScheduleR/Form990ScheduleRPartIV/AddressForeign/ProvinceOrState",2294,851,"2010v3.2, 2010v3.4, 2010v3.7"
"/Return/ReturnData/IRS990/NetIncomeFromGaming/RelatedOrExemptFunctionIncome",2286,2286,"2010v3.2, 2010v3.4, 2010v3.6, 2010v3.7"
"/Return/ReturnData/IRS990ScheduleG/GamingInformation/GrossRevenueOtherGaming",2286,2286,"2010v3.2, 2010v3.4, 2010v3.6, 2010v3.7"
"/Return/ReturnData/IRS990ScheduleF/TotalNumberOfOffices",2284,2284,"2010v3.2, 2010v3.4, 2010v3.7"
"/Return/ReturnData/IRS990ScheduleM/WorksOfArt",2282,2282,"2010v3.2, 2010v3.4, 2010v3.6, 2010v3.7"
"/Return/ReturnData/IRS990ScheduleC/TotalLobbyingExpenditures2/Total",2278,2278,"2010v3.2, 2010v3.4, 2010v3.6, 2010v3.7"
"/Return/ReturnData/IRS990ScheduleH/TotalCommunityBenefits/DirectOffsettingRevenue",2274,2274,"2010v3.2, 2010v3.4, 2010v3.6, 2010v3.7"
"/Return/ReturnData/IRS990ScheduleA/ValueOfSvcsFcltsFurnishdByGovt/CurrentTaxYearMinus4Years",2273,2273,"2010v3.2, 2010v3.4, 2010v3.6, 2010v3.7"
"/Return/ReturnData/IRS990ScheduleC/OtherActivitiesAmount",2271,2271,"2010v3.2, 2010v3.4, 2010v3.6, 2010v3.7"
"/Return/ReturnData/IRS990ScheduleH/UnreimbursedMedicaid",2262,2262,"2010v3.2, 2010v3.4, 2010v3.6, 2010v3.7"
"/Return/ReturnData/IRS990/Form990PartVIISectionA/NameBusiness/BusinessNameLine2",2261,306,"2010v3.2, 2010v3.4, 2010v3.6, 2010v3.7"
"/Return/ReturnData/IRS990ScheduleH/UnreimbursedMedicaid/TotalCommunityBenefitExpense",2256,2256,"2010v3.2, 2010v3.4, 2010v3.6, 2010v3.7"
"/Return/ReturnData/IRS990/InitiationFeesAmount",2254,2254,"2010v3.2, 2010v3.4, 2010v3.6, 2010v3.7"
"/Return/ReturnData/IRS990ScheduleH/ExpensesExceededBudget",2246,2246,"2010v3.2, 2010v3.4, 2010v3.6, 2010v3.7"
"/Return/ReturnData/IRS990ScheduleC/OtherExemptPurposeExpenditures/FilingOrganizationsTotals",2245,2245,"2010v3.2, 2010v3.4, 2010v3.6, 2010v3.7"
"/Return/ReturnData/IRS990ScheduleG/EventsInformation/EntertainmentOtherEvents",2244,2244,"2010v3.2, 2010v3.4, 2010v3.6, 2010v3.7"
"/Return/ReturnData/IRS990ScheduleH/TotalOtherBenefits",2243,2243,"2010v3.2, 2010v3.4, 2010v3.6, 2010v3.7"
"/Return/ReturnData/IRS990ScheduleH/TotalOtherBenefits/NetCommunityBenefitExpense",2240,2240,"2010v3.2, 2010v3.4, 2010v3.6, 2010v3.7"
"/Return/ReturnData/IRS990ScheduleH/TotalOtherBenefits/TotalCommunityBenefitExpense",2239,2239,"2010v3.2, 2010v3.4, 2010v3.6, 2010v3.7"
"/Return/ReturnData/IRS990/MethodOfAccountingOther",2236,2236,"2010v3.2, 2010v3.4, 2010v3.6, 2010v3.7"
"/Return/ReturnData/IRS990ScheduleC/CorrectionMade",2236,2236,"2010v3.2, 2010v3.4, 2010v3.6, 2010v3.7"
"/Return/ReturnData/IRS990ScheduleH/UnreimbursedMedicaid/NetCommunityBenefitExpense",2223,2223,"2010v3.2, 2010v3.4, 2010v3.6, 2010v3.7"
"/Return/ReturnData/IRS990ScheduleH/TotalOtherBenefits/PercentOfTotalExpense",2221,2221,"2010v3.2, 2010v3.4, 2010v3.6, 2010v3.7"
"/Return/ReturnData/IRS990/TravelEntrtnmntPublicOfficials/ManagementAndGeneral",2214,2214,"2010v3.2, 2010v3.4, 2010v3.7"
"/Return/ReturnData/IRS990ScheduleC/TotalLobbyingExpenditures/FilingOrganizationsTotals",2205,2205,"2010v3.2, 2010v3.4, 2010v3.6, 2010v3.7"
"/Return/ReturnData/IRS990ScheduleA/ValueOfSvcsFcltsFurnishdByGovt/CurrentTaxYearMinus1Year",2196,2196,"2010v3.2, 2010v3.4, 2010v3.6, 2010v3.7"
"/Return/ReturnData/IRS990ScheduleA/TaxRevLeviedForOrgBenefit170/CurrentTaxYearMinus1Year",2195,2195,"2010v3.2, 2010v3.4, 2010v3.6, 2010v3.7"
"/Return/ReturnData/IRS990ScheduleH/UnreimbursedMedicaid/PercentOfTotalExpense",2188,2188,"2010v3.2, 2010v3.4, 2010v3.6, 2010v3.7"
"/Return/ReturnData/IRS990ScheduleG/PercentageOfGamingOwnFacility",2186,2186,"2010v3.2, 2010v3.4, 2010v3.6, 2010v3.7"
"/Return/ReturnData/IRS990ScheduleM/ClothingAndHouseholdGoods/MethodOfDeterminingRevenues",2184,2184,"2010v3.2, 2010v3.4, 2010v3.6, 2010v3.7"
"/Return/ReturnData/IRS990ScheduleM/CarsAndOtherVehicles",2179,2179,"2010v3.2, 2010v3.4, 2010v3.6, 2010v3.7"
"/Return/ReturnData/IRS990/Royalties/ManagementAndGeneral",2174,2174,"2010v3.2, 2010v3.4, 2010v3.7"
"/Return/ReturnData/IRS990ScheduleA/TaxRevLeviedForOrgBenefit170/CurrentTaxYearMinus2Years",2170,2170,"2010v3.2, 2010v3.4, 2010v3.6, 2010v3.7"
"/Return/ReturnData/CompensationExplanation/Compensation/Explanation",2168,834,"2010v3.2, 2010v3.4, 2010v3.6, 2010v3.7"
"/Return/ReturnData/IRS990ScheduleH/TotalCharityCare/DirectOffsettingRevenue",2168,2168,"2010v3.2, 2010v3.4, 2010v3.6, 2010v3.7"
"/Return/ReturnData/IRS990ScheduleC/TotalLobbyingExpenditures2/CurrentYear",2149,2149,"2010v3.2, 2010v3.4, 2010v3.6, 2010v3.7"
"/Return/ReturnData/IRS990ScheduleC/LobbyingNontaxableAmount2/CurrentYearMinus1",2145,2145,"2010v3.2, 2010v3.4, 2010v3.6, 2010v3.7"
"/Return/ReturnData/IRS990/GrossReceiptsAmount",2128,2128,"2010v3.2, 2010v3.4, 2010v3.6, 2010v3.7"
"/Return/ReturnData/IRS990ScheduleA/TaxRevLeviedForOrgBenefit170/CurrentTaxYearMinus4Years",2127,2127,"2010v3.2, 2010v3.4, 2010v3.6, 2010v3.7"
"/Return/ReturnData/IRS990ScheduleA/TaxRevLeviedForOrgBenefit509/CurrentTaxYearMinus4Years",2127,2127,"2010v3.2, 2010v3.4, 2010v3.7"
"/Return/ReturnData/IRS990ScheduleA/ValueOfSvcsFcltsFurnishdByGovt/CurrentTaxYearMinus2Years",2126,2126,"2010v3.2, 2010v3.4, 2010v3.6, 2010v3.7"
"/Return/ReturnData/IRS990ScheduleC/GrassrootsNontaxableAmount2/CurrentYearMinus1",2124,2124,"2010v3.2, 2010v3.4, 2010v3.6, 2010v3.7"
"/Return/ReturnData/IRS990ScheduleC/Form4720Filed4912Tax",2122,2122,"2010v3.2, 2010v3.4, 2010v3.6, 2010v3.7"
"/Return/ReturnData/IRS990ScheduleA/ValueOfSvcsFcltsFurnishdByGovt/CurrentTaxYear",2115,2115,"2010v3.2, 2010v3.4, 2010v3.6, 2010v3.7"
"/Return/ReturnData/IRS990ScheduleA/Post1975UBTI/CurrentTaxYear",2110,2110,"2010v3.2, 2010v3.4, 2010v3.6, 2010v3.7"
"/Return/ReturnData/IRS990ScheduleH/UnreimbursedMedicaid/DirectOffsettingRevenue",2107,2107,"2010v3.2, 2010v3.4, 2010v3.6, 2010v3.7"
"/Return/ReturnData/IRS990ScheduleA/Post1975UBTI/CurrentTaxYearMinus1Year",2104,2104,"2010v3.2, 2010v3.4, 2010v3.6, 2010v3.7"
"/Return/ReturnData/IRS990ScheduleK/Form990ScheduleKPartV",2098,1235,"2010v3.2, 2010v3.4, 2010v3.6, 2010v3.7"
"/Return/ReturnData/IRS990ScheduleA/Church170b1Ai",2094,2094,"2010v3.2, 2010v3.4, 2010v3.6, 2010v3.7"
"/Return/ReturnData/IRS990ScheduleM/BooksAndPublications",2094,2094,"2010v3.2, 2010v3.4, 2010v3.6, 2010v3.7"
"/Return/ReturnData/IRS990ScheduleC/NonDedLobbyPoliticalCurrent",2085,2085,"2010v3.2, 2010v3.4, 2010v3.6, 2010v3.7"
"/Return/ReturnData/IRS990ScheduleA/TaxRevLeviedForOrgBenefit170/CurrentTaxYearMinus3Years",2075,2075,"2010v3.2, 2010v3.4, 2010v3.6, 2010v3.7"
"/Return/ReturnData/IRS990ScheduleA/TaxRevLeviedForOrgBenefit509/CurrentTaxYearMinus1Year",2063,2063,"2010v3.2, 2010v3.4, 2010v3.7"
"/Return/ReturnData/IRS990ScheduleG/PercentageOfGamingOthrFacility",2060,2060,"2010v3.2, 2010v3.4, 2010v3.6, 2010v3.7"
"/Return/ReturnData/IRS990ScheduleJ/TravelForCompanions",2053,2053,"2010v3.2, 2010v3.4, 2010v3.6, 2010v3.7"
"/Return/ReturnData/IRS990/ReceivablesFromDisqualPersons/BOY",2050,2050,"2010v3.2, 2010v3.4, 2010v3.7"
"/Return/ReturnData/IRS990ScheduleA/TaxRevLeviedForOrgBenefit170/CurrentTaxYear",2042,2042,"2010v3.2, 2010v3.4, 2010v3.6, 2010v3.7"
"/Return/ReturnData/IRS990ScheduleG/SolicitationOfGovtGrants",2038,2038,"2010v3.2, 2010v3.4, 2010v3.6, 2010v3.7"
"/Return/ReturnData/IRS990ScheduleK/Form990ScheduleKPartV/Explanation",2036,1177,"2010v3.2, 2010v3.4, 2010v3.6, 2010v3.7"
"/Return/ReturnData/IRS990ScheduleH/CommunityHealthServices",2033,2033,"2010v3.2, 2010v3.4, 2010v3.6, 2010v3.7"
"/Return/ReturnData/IRS990ScheduleC/TotalDirectLobbying/FilingOrganizationsTotals",2025,2025,"2010v3.2, 2010v3.4, 2010v3.6, 2010v3.7"
"/Return/ReturnData/IRS990ScheduleA/ValueOfSvcsFcltsFurnishdByGovt/CurrentTaxYearMinus3Years",2024,2024,"2010v3.2, 2010v3.4, 2010v3.6, 2010v3.7"
"/Return/ReturnData/IRS990ScheduleC/TotalLobbyingExpenditures2/CurrentYearMinus1",2024,2024,"2010v3.2, 2010v3.4, 2010v3.6, 2010v3.7"
"/Return/ReturnData/IRS990ScheduleH/CommunityHealthServices/NetCommunityBenefitExpense",2024,2024,"2010v3.2, 2010v3.4, 2010v3.6, 2010v3.7"
"/Return/ReturnData/IRS990ScheduleH/CommunityHealthServices/TotalCommunityBenefitExpense",2023,2023,"2010v3.2, 2010v3.4, 2010v3.6, 2010v3.7"
"/Return/ReturnData/IRS990/Royalties/Fundraising",2012,2012,"2010v3.2, 2010v3.4, 2010v3.7"
"/Return/ReturnData/IRS990ScheduleC/DirectContactLegislatorsAmount",2010,2010,"2010v3.2, 2010v3.4, 2010v3.6, 2010v3.7"
"/Return/ReturnData/IRS990ScheduleG/GamingManagerNamePerson",2003,2003,"2010v3.2, 2010v3.4, 2010v3.6, 2010v3.7"
"/Return/ReturnData/IRS990ScheduleH/CommunityHealthServices/PercentOfTotalExpense",1999,1999,"2010v3.2, 2010v3.4, 2010v3.6, 2010v3.7"
"/Return/ReturnData/IRS990/NetGainOrLossInvestments/UnrelatedBusinessRevenue",1995,1995,"2010v3.2, 2010v3.4, 2010v3.6, 2010v3.7"
"/Return/ReturnData/IRS990ScheduleA/Post1975UBTI/CurrentTaxYearMinus2Years",1994,1994,"2010v3.2, 2010v3.4, 2010v3.7"
"/Return/ReturnData/IRS990ScheduleC/LobbyingNontaxableAmount2/CurrentYearMinus2",1994,1994,"2010v3.2, 2010v3.4, 2010v3.6, 2010v3.7"
"/Return/ReturnData/IRS990ScheduleM/DrugsAndMedicalSupplies",1993,1993,"2010v3.2, 2010v3.4, 2010v3.6, 2010v3.7"
"/Return/ReturnData/IRS990/TravelEntrtnmntPublicOfficials/Fundraising",1986,1986,"2010v3.2, 2010v3.4, 2010v3.7"
"/Return/ReturnData/IRS990ScheduleA/TaxRevLeviedForOrgBenefit509/CurrentTaxYear",1983,1983,"2010v3.2, 2010v3.4, 2010v3.7"
"/Return/ReturnData/IRS990ScheduleA/TaxRevLeviedForOrgBenefit509/CurrentTaxYearMinus2Years",1982,1982,"2010v3.2, 2010v3.4, 2010v3.7"
"/Return/ReturnData/IRS990ScheduleG/GamingManagerServicesProvided",1980,1980,"2010v3.2, 2010v3.4, 2010v3.6, 2010v3.7"
"/Return/ReturnData/IRS990ScheduleD/CollectUsedForPreservation",1967,1967,"2010v3.2, 2010v3.4, 2010v3.6, 2010v3.7"
"/Return/ReturnData/IRS990ScheduleC/GrassrootsNontaxableAmount2/CurrentYearMinus2",1966,1966,"2010v3.2, 2010v3.4, 2010v3.6, 2010v3.7"
"/Return/ReturnData/IRS990ScheduleF/SubtotalNumberOfOffices",1962,1962,"2010v3.2, 2010v3.4, 2010v3.7"
"/Return/ReturnData/IRS990ScheduleH/ReportPublicallyAvailable",1961,1961,"2010v3.2, 2010v3.4, 2010v3.6, 2010v3.7"
"/Return/ReturnData/IRS990ScheduleM/FoodInventory/NoncashContribsRptdF990",1960,1960,"2010v3.2, 2010v3.4, 2010v3.6, 2010v3.7"
"/Return/ReturnData/IRS990EZ/InitialReturn",1956,1956,"2010v3.2, 2010v3.4, 2010v3.6, 2010v3.7"
"/Return/ReturnData/IRS990ScheduleA/SupportingOrg509a3Type2",1952,1952,"2010v3.2, 2010v3.4, 2010v3.6, 2010v3.7"
"/Return/ReturnData/IRS990ScheduleM/FoodInventory/NonCashCheckbox",1951,1951,"2010v3.2, 2010v3.4, 2010v3.6, 2010v3.7"
"/Return/ReturnData/IRS990ScheduleC/Form4720Filed",1929,1929,"2010v3.2, 2010v3.4, 2010v3.6, 2010v3.7"
"/Return/ReturnData/IRS990ScheduleR/Form990ScheduleRPartVII",1924,1559,"2010v3.2, 2010v3.4, 2010v3.6, 2010v3.7"
"/Return/ReturnData/IRS990ScheduleK/Form990ScheduleKPartIV/SuperintegratedHedge",1922,1363,"2010v3.2, 2010v3.4, 2010v3.6, 2010v3.7"
"/Return/ReturnData/IRS990ScheduleR/Form990ScheduleRPartVII/Explanation",1916,1552,"2010v3.2, 2010v3.4, 2010v3.6, 2010v3.7"
"/Return/ReturnData/IRS990ScheduleK/Form990ScheduleKPartIV/HedgeTerminated",1912,1356,"2010v3.2, 2010v3.4, 2010v3.6, 2010v3.7"
"/Return/ReturnData/IRS990ScheduleL/Form990ScheduleLPartV/Identifier",1910,1361,"2010v3.2, 2010v3.4, 2010v3.6, 2010v3.7"
"/Return/ReturnData/IRS990ScheduleK/Form990ScheduleKPartII/AmountBondDefeased",1900,976,"2010v3.2, 2010v3.4, 2010v3.7"
"/Return/ReturnData/IRS990ScheduleC/Sec527PolOrgs/EIN",1894,639,"2010v3.2, 2010v3.4, 2010v3.7"
"/Return/ReturnData/IRS990ScheduleA/TaxRevLeviedForOrgBenefit509/CurrentTaxYearMinus3Years",1893,1893,"2010v3.2, 2010v3.4, 2010v3.7"
"/Return/ReturnData/IRS990ScheduleA/SupportingOrg509a3Type3FuncInt",1890,1890,"2010v3.2, 2010v3.4, 2010v3.6, 2010v3.7"
"/Return/ReturnData/IRS990ScheduleK/Form990ScheduleKPartV/Identifier",1877,1105,"2010v3.2, 2010v3.4, 2010v3.6, 2010v3.7"
"/Return/ReturnData/IRS990ScheduleA/Post1975UBTI/CurrentTaxYearMinus3Years",1876,1876,"2010v3.2, 2010v3.4, 2010v3.6, 2010v3.7"
"/Return/ReturnData/IRS990ScheduleC/TotalLobbyingExpenditures2/CurrentYearMinus2",1876,1876,"2010v3.2, 2010v3.4, 2010v3.6, 2010v3.7"
"/Return/ReturnData/IRS990ScheduleG/EventsInformation/CashPrizesEvent2",1873,1873,"2010v3.2, 2010v3.4, 2010v3.6, 2010v3.7"
"/Return/ReturnData/IRS990ScheduleC/AggrAmtReportedInDuesNotices",1864,1864,"2010v3.2, 2010v3.4, 2010v3.6, 2010v3.7"
"/Return/ReturnData/IRS990ScheduleK/Form990ScheduleKPartIV/NameOfHedgeProvider",1847,1294,"2010v3.2, 2010v3.4, 2010v3.6, 2010v3.7"
"/Return/ReturnData/IRS990ScheduleK/Form990ScheduleKPartIV/NameOfHedgeProvider/BusinessNameLine1",1847,1294,"2010v3.2, 2010v3.4, 2010v3.6, 2010v3.7"
"/Return/ReturnData/IRS990ScheduleC/LobbyingNontaxableAmount2/CurrentYearMinus3",1839,1839,"2010v3.2, 2010v3.4, 2010v3.6, 2010v3.7"
"/Return/ReturnData/IRS990ScheduleC/GrassrootsNontaxableAmount2/CurrentYearMinus3",1810,1810,"2010v3.2, 2010v3.4, 2010v3.6, 2010v3.7"
"/Return/ReturnData/IRS990ScheduleR/Form990ScheduleRPartIV/AddressForeign/PostalCode",1805,687,"2010v3.2, 2010v3.4, 2010v3.7"
"/Return/ReturnData/IRS990ScheduleG/FundraiserActivityInformation/NameOfIndividual",1786,1158,"2010v3.2, 2010v3.4, 2010v3.6, 2010v3.7"
"/Return/ReturnData/IRS990ScheduleG/GamingInformation/GrossRevenuePullTabs",1785,1785,"2010v3.2, 2010v3.4, 2010v3.6, 2010v3.7"
"/Return/ReturnData/IRS990EZ/TheBooksAreInCareOf/AddressUS/AddressLine2",1783,1783,"2010v3.2, 2010v3.4, 2010v3.6, 2010v3.7"
"/Return/ReturnData/IRS990ScheduleH/AmountAttributableTo",1783,1783,"2010v3.2, 2010v3.4, 2010v3.6, 2010v3.7"
"/Return/ReturnData/IRS990ScheduleA/Post1975UBTI/CurrentTaxYearMinus4Years",1781,1781,"2010v3.2, 2010v3.4, 2010v3.7"
"/Return/ReturnData/IRS990ScheduleD/LossesReported",1778,1778,"2010v3.2, 2010v3.4, 2010v3.6, 2010v3.7"
"/Return/ReturnData/IRS990ScheduleH/TotalOtherBenefits/DirectOffsettingRevenue",1765,1765,"2010v3.2, 2010v3.4, 2010v3.6, 2010v3.7"
"/Return/ReturnData/IRS990ScheduleD/CloselyHeldEquityInterests",1758,1758,"2010v3.2, 2010v3.4, 2010v3.7"
"/Return/ReturnData/IRS990ScheduleM/FoodInventory/MethodOfDeterminingRevenues",1754,1754,"2010v3.2, 2010v3.4, 2010v3.6, 2010v3.7"
"/Return/ReturnData/IRS990ScheduleM/FoodInventory/NumberOfContributions",1753,1753,"2010v3.2, 2010v3.4, 2010v3.6, 2010v3.7"
"/Return/ReturnData/IRS990ScheduleH/CashAndInKindContributions",1741,1741,"2010v3.2, 2010v3.4, 2010v3.6, 2010v3.7"
"/Return/ReturnData/IRS990ScheduleD/InvestmentExpenses",1740,1740,"2010v3.2, 2010v3.4, 2010v3.7"
"/Return/ReturnData/IRS990ScheduleH/CashAndInKindContributions/NetCommunityBenefitExpense",1727,1727,"2010v3.2, 2010v3.4, 2010v3.6, 2010v3.7"
"/Return/ReturnData/IRS990ScheduleM/RealEstateCommercial",1727,1727,"2010v3.2, 2010v3.4, 2010v3.6, 2010v3.7"
"/Return/ReturnData/IRS990ScheduleH/CashAndInKindContributions/TotalCommunityBenefitExpense",1725,1725,"2010v3.2, 2010v3.4, 2010v3.6, 2010v3.7"
"/Return/ReturnData/IRS990ScheduleC/TotalLobbyingExpenditures2/CurrentYearMinus3",1716,1716,"2010v3.2, 2010v3.4, 2010v3.6, 2010v3.7"
"/Return/ReturnData/IRS990ScheduleD/PriorYearAdjustments",1714,1714,"2010v3.2, 2010v3.4, 2010v3.6, 2010v3.7"
"/Return/ReturnData/IRS990ScheduleG/GamingInformation/GrossRevenueBingo",1714,1714,"2010v3.2, 2010v3.4, 2010v3.6, 2010v3.7"
"/Return/ReturnData/IRS990ScheduleM/RealEstateResidential",1709,1709,"2010v3.2, 2010v3.4, 2010v3.6, 2010v3.7"
"/Return/ReturnData/IRS990ScheduleH/CashAndInKindContributions/PercentOfTotalExpense",1690,1690,"2010v3.2, 2010v3.4, 2010v3.6, 2010v3.7"
"/Return/ReturnData/IRS990ScheduleM/RealEstateOther",1678,1678,"2010v3.2, 2010v3.4, 2010v3.6, 2010v3.7"
"/Return/ReturnData/IRS990ScheduleH/HealthProfessionsEducation",1677,1677,"2010v3.2, 2010v3.4, 2010v3.6, 2010v3.7"
"/Return/ReturnData/IRS990ScheduleH/HealthProfessionsEducation/TotalCommunityBenefitExpense",1663,1663,"2010v3.2, 2010v3.4, 2010v3.6, 2010v3.7"
"/Return/ReturnData/IRS990ScheduleH/HealthProfessionsEducation/NetCommunityBenefitExpense",1657,1657,"2010v3.2, 2010v3.4, 2010v3.6, 2010v3.7"
"/Return/ReturnData/IRS990/NetIncomeFromFundraisingEvents/UnrelatedBusinessRevenue",1656,1656,"2010v3.2, 2010v3.4, 2010v3.6, 2010v3.7"
"/Return/ReturnData/IRS990ScheduleN/LiquidationTable/LiquidationDetail",1644,819,"2010v3.2, 2010v3.4, 2010v3.7"
"/Return/ReturnData/IRS990ScheduleN/LiquidationTable/LiquidationDetail/DescriptionOfAsset",1638,818,"2010v3.2, 2010v3.4, 2010v3.7"
"/Return/ReturnData/IRS990ScheduleF/GrantsToIndOutsideUS/MethodOfValuation",1632,368,"2010v3.2, 2010v3.4, 2010v3.7"
"/Return/ReturnData/AffiliateListing/Affiliate",1630,66,"2010v3.2, 2010v3.4, 2010v3.7"
"/Return/ReturnData/AffiliateListing/Affiliate/AddressUS",1630,66,"2010v3.2, 2010v3.4, 2010v3.7"
"/Return/ReturnData/AffiliateListing/Affiliate/AddressUS/AddressLine1",1630,66,"2010v3.2, 2010v3.4, 2010v3.7"
"/Return/ReturnData/AffiliateListing/Affiliate/AddressUS/City",1630,66,"2010v3.2, 2010v3.4, 2010v3.7"
"/Return/ReturnData/AffiliateListing/Affiliate/AddressUS/State",1630,66,"2010v3.2, 2010v3.4, 2010v3.7"
"/Return/ReturnData/AffiliateListing/Affiliate/AddressUS/ZIPCode",1630,66,"2010v3.2, 2010v3.4, 2010v3.7"
"/Return/ReturnData/AffiliateListing/Affiliate/EIN",1630,66,"2010v3.2, 2010v3.4, 2010v3.7"
"/Return/ReturnData/AffiliateListing/Affiliate/Name",1630,66,"2010v3.2, 2010v3.4, 2010v3.7"
"/Return/ReturnData/AffiliateListing/Affiliate/Name/BusinessNameLine1",1630,66,"2010v3.2, 2010v3.4, 2010v3.7"
"/Return/ReturnData/AffiliateListing/Affiliate/NameControl",1630,66,"2010v3.2, 2010v3.4, 2010v3.7"
"/Return/ReturnData/IRS990ScheduleH/HealthProfessionsEducation/PercentOfTotalExpense",1621,1621,"2010v3.2, 2010v3.4, 2010v3.6, 2010v3.7"
"/Return/ReturnData/IRS990ScheduleH/CostingMethodologyUsed/CostToChargeRatio",1618,1618,"2010v3.2, 2010v3.4, 2010v3.6, 2010v3.7"
"/Return/ReturnData/IRS990ScheduleF/TotalNumberOf501c3Orgs",1616,1616,"2010v3.2, 2010v3.4, 2010v3.6, 2010v3.7"
"/Return/ReturnData/IRS990ScheduleM/Collectibles",1614,1614,"2010v3.2, 2010v3.4, 2010v3.6, 2010v3.7"
"/Return/ReturnData/IRS990ScheduleN",1607,1607,"2010v3.2, 2010v3.4, 2010v3.6, 2010v3.7"
"/Return/ReturnData/IRS990ScheduleL/LoanTable/NameBusiness",1594,874,"2010v3.2, 2010v3.4, 2010v3.6, 2010v3.7"
"/Return/ReturnData/IRS990ScheduleL/LoanTable/NameBusiness/BusinessNameLine1",1594,874,"2010v3.2, 2010v3.4, 2010v3.6, 2010v3.7"
"/Return/ReturnData/IRS990ScheduleG/EventsInformation/NonCashPrizesOtherEvents",1592,1592,"2010v3.2, 2010v3.4, 2010v3.6, 2010v3.7"
"/Return/ReturnData/IRS990ScheduleA/SupportingOrg509a3Type3Other",1584,1584,"2010v3.2, 2010v3.4, 2010v3.6, 2010v3.7"
"/Return/ReturnData/IRS990ScheduleK/Form990ScheduleKPartIV/TermOfHedge",1582,1185,"2010v3.2, 2010v3.4, 2010v3.6, 2010v3.7"
"/Return/ReturnData/CompensationExplanation/Compensation/BusinessName",1577,311,"2010v3.2, 2010v3.4, 2010v3.6, 2010v3.7"
"/Return/ReturnData/CompensationExplanation/Compensation/BusinessName/BusinessNameLine1",1577,311,"2010v3.2, 2010v3.4, 2010v3.6, 2010v3.7"
"/Return/ReturnData/IRS990ScheduleD/RecoveriesOfPriorYearGrants",1577,1577,"2010v3.2, 2010v3.4, 2010v3.7"
"/Return/ReturnData/IRS990/LessRentalExpenses/Personal",1550,1550,"2010v3.2, 2010v3.4, 2010v3.6, 2010v3.7"
"/Return/ReturnData/IRS990ScheduleN/LiquidationTable/LiquidationDetail/DateOfDistribution",1539,738,"2010v3.2, 2010v3.4, 2010v3.7"
"/Return/ReturnData/IRS990ScheduleN/LiquidationTable/LiquidationDetail/FMVOfAsset",1512,701,"2010v3.2, 2010v3.4, 2010v3.7"
"/Return/ReturnData/IRS990ScheduleA/WrittenIRSDetermination",1511,1511,"2010v3.2, 2010v3.4, 2010v3.6, 2010v3.7"
"/Return/ReturnData/IRS990ScheduleG/GamingInformation/OtherDirectExpensesOtherGaming",1509,1509,"2010v3.2, 2010v3.4, 2010v3.6, 2010v3.7"
"/Return/ReturnData/IRS990ScheduleC/TotLobbyExpendMnsLobbyingNontx/FilingOrganizationsTotals",1497,1497,"2010v3.2, 2010v3.4, 2010v3.7"
"/Return/ReturnData/IRS990ScheduleN/LiquidationTable/LiquidationDetail/AddressUS",1483,689,"2010v3.2, 2010v3.4, 2010v3.7"
"/Return/ReturnData/IRS990ScheduleN/LiquidationTable/LiquidationDetail/AddressUS/AddressLine1",1483,689,"2010v3.2, 2010v3.4, 2010v3.7"
"/Return/ReturnData/IRS990ScheduleN/LiquidationTable/LiquidationDetail/AddressUS/City",1483,689,"2010v3.2, 2010v3.4, 2010v3.7"
"/Return/ReturnData/IRS990ScheduleN/LiquidationTable/LiquidationDetail/AddressUS/State",1483,689,"2010v3.2, 2010v3.4, 2010v3.7"
"/Return/ReturnData/IRS990ScheduleN/LiquidationTable/LiquidationDetail/AddressUS/ZIPCode",1483,689,"2010v3.2, 2010v3.4, 2010v3.7"
"/Return/ReturnData/IRS990ScheduleG/GamingInformation/OtherDirectExpensesPullTabs",1477,1477,"2010v3.2, 2010v3.4, 2010v3.6, 2010v3.7"
"/Return/ReturnData/IRS990ScheduleC/TotLobbyingGrassrootMinusNonTx/FilingOrganizationsTotals",1476,1476,"2010v3.2, 2010v3.4, 2010v3.7"
"/Return/ReturnData/IRS990ScheduleG/GamingInformation/OtherDirectExpensesBingo",1470,1470,"2010v3.2, 2010v3.4, 2010v3.6, 2010v3.7"
"/Return/ReturnData/IRS990ScheduleR/Form990ScheduleRPartVII/Identifier",1466,1208,"2010v3.2, 2010v3.4, 2010v3.6, 2010v3.7"
"/Return/ReturnData/IRS990ScheduleG/Form990ScheduleGPartIV",1464,1278,"2010v3.2, 2010v3.4, 2010v3.6, 2010v3.7"
"/Return/ReturnData/IRS990ScheduleG/Form990ScheduleGPartIV/Explanation",1460,1274,"2010v3.2, 2010v3.4, 2010v3.6, 2010v3.7"
"/Return/ReturnData/IRS990ScheduleJ/IdemnificationGrossUpPayments",1456,1456,"2010v3.2, 2010v3.4, 2010v3.6, 2010v3.7"
"/Return/ReturnData/IRS990ScheduleH/UnableToProvideCare",1448,1448,"2010v3.2, 2010v3.4, 2010v3.6, 2010v3.7"
"/Return/ReturnData/IRS990ScheduleN/LiquidationTable/LiquidationDetail/IRCSection",1445,670,"2010v3.2, 2010v3.4, 2010v3.7"
"/Return/ReturnData/IRS990/JointCosts",1439,1439,"2010v3.2, 2010v3.4, 2010v3.6, 2010v3.7"
"/Return/ReturnData/IRS990ScheduleN/LiquidationTable/LiquidationDetail/MethodOfFMVDetermination",1434,657,"2010v3.2, 2010v3.4, 2010v3.7"
"/Return/ReturnData/IRS990ScheduleL/Form990ScheduleLPartIII",1428,777,"2010v3.2, 2010v3.4, 2010v3.7"
"/Return/ReturnData/IRS990ScheduleH/SubsidizedHealthServices",1426,1426,"2010v3.2, 2010v3.4, 2010v3.7"
"/Return/ReturnData/IRS990ScheduleD/FinancialDerivatives",1424,1424,"2010v3.2, 2010v3.4, 2010v3.7"
"/Return/ReturnData/IRS990ScheduleR/Form990ScheduleRPartVII/ReturnReference",1419,1209,"2010v3.2, 2010v3.4, 2010v3.6, 2010v3.7"
"/Return/ReturnData/IRS990ScheduleM/HistoricalArtifacts",1403,1403,"2010v3.2, 2010v3.4, 2010v3.7"
"/Return/ReturnData/IRS990ScheduleH/SubsidizedHealthServices/TotalCommunityBenefitExpense",1397,1397,"2010v3.2, 2010v3.4, 2010v3.7"
"/Return/ReturnData/IRS990ScheduleG/GamingInformation/CashPrizesPullTabs",1393,1393,"2010v3.2, 2010v3.4, 2010v3.6, 2010v3.7"
"/Return/ReturnData/IRS990ScheduleM/SecuritiesCloselyHeldStock",1392,1392,"2010v3.2, 2010v3.4, 2010v3.7"
"/Return/ReturnData/IRS990/NetIncomeFromGaming/UnrelatedBusinessRevenue",1391,1391,"2010v3.2, 2010v3.4, 2010v3.6, 2010v3.7"
"/Return/ReturnData/IRS990ScheduleM/BoatsAndPlanes",1390,1390,"2010v3.2, 2010v3.4, 2010v3.7"
"/Return/ReturnData/IRS990ScheduleF/GrantsToIndOutsideUS/DescriptionOfNonCashAssistance",1389,284,"2010v3.2, 2010v3.4, 2010v3.7"
"/Return/ReturnData/IRS990ScheduleH/Form990ScheduleHPartIV",1389,587,"2010v3.2, 2010v3.4, 2010v3.6, 2010v3.7"
"/Return/ReturnData/IRS990ScheduleH/Form990ScheduleHPartIV/NameOfEntity",1389,587,"2010v3.2, 2010v3.4, 2010v3.6, 2010v3.7"
"/Return/ReturnData/IRS990ScheduleH/Form990ScheduleHPartIV/NameOfEntity/BusinessNameLine1",1389,587,"2010v3.2, 2010v3.4, 2010v3.6, 2010v3.7"
"/Return/ReturnData/IRS990ScheduleH/SubsidizedHealthServices/NetCommunityBenefitExpense",1384,1384,"2010v3.2, 2010v3.4, 2010v3.7"
"/Return/ReturnData/IRS990ScheduleM/SecuritiesMiscellaneous",1379,1379,"2010v3.2, 2010v3.4, 2010v3.6, 2010v3.7"
"/Return/ReturnData/IRS990ScheduleH/Form990ScheduleHPartVSectionA/Other",1377,651,"2010v3.2, 2010v3.4, 2010v3.7"
"/Return/ReturnData/IRS990ScheduleN/LiquidationTable/LiquidationDetail/EIN",1373,631,"2010v3.2, 2010v3.4, 2010v3.7"
"/Return/ReturnData/IRS990ScheduleH/SubsidizedHealthServices/PercentOfTotalExpense",1369,1369,"2010v3.2, 2010v3.4, 2010v3.7"
"/Return/ReturnData/IRS990ScheduleH/Total",1366,1366,"2010v3.2, 2010v3.4, 2010v3.6, 2010v3.7"
"/Return/ReturnData/IRS990ScheduleH/Total/TotalCommunityBuildingExpense",1363,1363,"2010v3.2, 2010v3.4, 2010v3.6, 2010v3.7"
"/Return/ReturnData/IRS990ScheduleM/SecuritiesPrtnrshpTrustIntrsts",1360,1360,"2010v3.2, 2010v3.4, 2010v3.6, 2010v3.7"
"/Return/ReturnData/IRS990ScheduleH/Total/NetCommunityBuildingExpense",1355,1355,"2010v3.2, 2010v3.4, 2010v3.6, 2010v3.7"
"/Return/ReturnData/IRS990ScheduleN/DispositionTable",1354,688,"2010v3.2, 2010v3.4, 2010v3.6, 2010v3.7"
"/Return/ReturnData/IRS990EZ/LoansToFromOfficers",1352,1352,"2010v3.2, 2010v3.4, 2010v3.6, 2010v3.7"
"/Return/ReturnData/IRS990ScheduleN/DispositionTable/DescriptionOfAsset",1348,685,"2010v3.2, 2010v3.4, 2010v3.6, 2010v3.7"
"/Return/ReturnData/IRS990ScheduleM/ArtHistoricalTreasures",1347,1347,"2010v3.2, 2010v3.4, 2010v3.7"
"/Return/ReturnData/IRS990ScheduleM/QualifiedContribOther",1337,1337,"2010v3.2, 2010v3.4, 2010v3.7"
"/Return/ReturnData/IRS990ScheduleG/GamingInformation/CashPrizesBingo",1334,1334,"2010v3.2, 2010v3.4, 2010v3.6, 2010v3.7"
"/Return/ReturnData/IRS990ScheduleM/IntellectualProperty",1328,1328,"2010v3.2, 2010v3.4, 2010v3.7"
"/Return/ReturnData/IRS990ScheduleA/PrivateFoundation170",1319,1319,"2010v3.2, 2010v3.4, 2010v3.6, 2010v3.7"
"/Return/ReturnData/IRS990ScheduleN/DispositionTable/FMVOfAsset",1319,659,"2010v3.2, 2010v3.4, 2010v3.6, 2010v3.7"
"/Return/ReturnData/IRS990ScheduleG/Form990ScheduleGPartIV/Identifier",1315,1176,"2010v3.2, 2010v3.4, 2010v3.6, 2010v3.7"
"/Return/ReturnData/IRS990ScheduleF/GrantsToIndOutsideUS/AmountOfNonCashAssistance",1303,292,"2010v3.2, 2010v3.4, 2010v3.7"
"/Return/ReturnData/IRS990ScheduleC/PoliticalExpenditures",1301,1301,"2010v3.2, 2010v3.4, 2010v3.6, 2010v3.7"
"/Return/ReturnData/IRS990ScheduleM/ScientificSpecimens",1295,1295,"2010v3.2, 2010v3.4, 2010v3.7"
"/Return/ReturnData/IRS990ScheduleH/PolicyAppliedToAllHospitals",1290,1290,"2010v3.2, 2010v3.4, 2010v3.6, 2010v3.7"
"/Return/ReturnData/IRS990EZ/OfficerDirectorTrusteeKeyEmpl/AddressForeign",1287,665,"2010v3.2, 2010v3.4, 2010v3.6, 2010v3.7"
"/Return/ReturnData/IRS990EZ/OfficerDirectorTrusteeKeyEmpl/AddressForeign/AddressLine1",1287,665,"2010v3.2, 2010v3.4, 2010v3.6, 2010v3.7"
"/Return/ReturnData/IRS990EZ/OfficerDirectorTrusteeKeyEmpl/AddressForeign/Country",1287,665,"2010v3.2, 2010v3.4, 2010v3.6, 2010v3.7"
"/Return/ReturnData/IRS990ScheduleH/CommunityHealthServices/DirectOffsettingRevenue",1284,1284,"2010v3.2, 2010v3.4, 2010v3.6, 2010v3.7"
"/Return/ReturnData/IRS990ScheduleH/Form990ScheduleHPartIV/DescriptionEntPrimaryActivity",1284,535,"2010v3.2, 2010v3.4, 2010v3.6, 2010v3.7"
"/Return/ReturnData/IRS990EZ/ProgramServiceAccomplishment/IncludesForeignGrants",1283,854,"2010v3.2, 2010v3.4, 2010v3.6, 2010v3.7"
"/Return/ReturnData/IRS990ScheduleG/GamingInformation/VolunteerLaborPrcntOtherGaming",1283,1283,"2010v3.2, 2010v3.4, 2010v3.6, 2010v3.7"
"/Return/ReturnData/IRS990ScheduleM/ArtFractionalInterest",1282,1282,"2010v3.2, 2010v3.4, 2010v3.7"
"/Return/ReturnData/IRS990ScheduleM/ArchaeologicalArtifacts",1280,1280,"2010v3.2, 2010v3.4, 2010v3.7"
"/Return/ReturnData/IRS990ScheduleM/Taxidermy",1274,1274,"2010v3.2, 2010v3.4, 2010v3.7"
"/Return/ReturnData/IRS990ScheduleC/GrassrootsLobbyingExpenditures",1270,1270,"2010v3.2, 2010v3.4, 2010v3.6, 2010v3.7"
"/Return/ReturnData/IRS990ScheduleL/Form990ScheduleLPartIII/RelationshipWithOrganization",1268,655,"2010v3.2, 2010v3.4, 2010v3.7"
"/Return/ReturnData/IRS990ScheduleM/QualifiedContribHistStruct",1266,1266,"2010v3.2, 2010v3.4, 2010v3.7"
"/Return/ReturnData/IRS990ScheduleR/Form990ScheduleRPartII/NameOfDisregardedEntity/BusinessNameLine2",1264,590,"2010v3.2, 2010v3.4, 2010v3.6, 2010v3.7"
"/Return/ReturnData/IRS990ScheduleD/ArtPublicExhibitionAmts/AssetsInPartX",1259,1259,"2010v3.2, 2010v3.4, 2010v3.6, 2010v3.7"
"/Return/ReturnData/IRS990ScheduleH/Form990ScheduleHPartVSectionC",1258,1258,"2010v3.2, 2010v3.4, 2010v3.6, 2010v3.7"
"/Return/ReturnData/IRS990ScheduleH/Form990ScheduleHPartVSectionC/NumberOfOtherFacilities",1258,1258,"2010v3.2, 2010v3.4, 2010v3.6, 2010v3.7"
"/Return/ReturnData/IRS990ScheduleF/Form990ScheduleFPartV/ReturnReference",1256,1054,"2010v3.2, 2010v3.4, 2010v3.6, 2010v3.7"
"/Return/ReturnData/IRS990ScheduleN/DispositionTable/DateOfDistribution",1254,635,"2010v3.2, 2010v3.4, 2010v3.6, 2010v3.7"
"/Return/ReturnData/IRS990ScheduleD/CollectUsedForScholarResearch",1250,1250,"2010v3.2, 2010v3.4, 2010v3.6, 2010v3.7"
"/Return/ReturnData/IRS990ScheduleD/NumberDAFsHeld",1248,1248,"2010v3.2, 2010v3.4, 2010v3.6, 2010v3.7"
"/Return/ReturnData/IRS990ScheduleG/GamingInformation/RentFacilityCostsTotalGaming",1246,1246,"2010v3.2, 2010v3.4, 2010v3.6, 2010v3.7"
"/Return/ReturnData/IRS990ScheduleH/Form990ScheduleHPartIV/OrganizationProfitOrOwnership",1239,526,"2010v3.2, 2010v3.4, 2010v3.6, 2010v3.7"
"/Return/ReturnData/IRS990ScheduleL/Form990ScheduleLPartIII/AmountOfGrant",1237,676,"2010v3.2, 2010v3.4, 2010v3.7"
"/Return/ReturnData/IRS990ScheduleN/DispositionTable/MethodOfFMVDetermination",1233,614,"2010v3.2, 2010v3.4, 2010v3.7"
"/Return/ReturnData/IRS990ScheduleM/WorksOfArt/NonCashCheckbox",1231,1231,"2010v3.2, 2010v3.4, 2010v3.6, 2010v3.7"
"/Return/ReturnData/IRS990/InitialReturn",1224,1224,"2010v3.2, 2010v3.4, 2010v3.6, 2010v3.7"
"/Return/ReturnData/IRS990/TotalJointCosts",1218,1218,"2010v3.2, 2010v3.4, 2010v3.7"
"/Return/ReturnData/IRS990/GrossIncomeFromMembers",1217,1217,"2010v3.2, 2010v3.4, 2010v3.6, 2010v3.7"
"/Return/ReturnData/IRS990/TotalJointCosts/Total",1210,1210,"2010v3.2, 2010v3.4, 2010v3.7"
"/Return/ReturnData/IRS990ScheduleD/AggregateDAFValue",1209,1209,"2010v3.2, 2010v3.4, 2010v3.6, 2010v3.7"
"/Return/ReturnData/IRS990ScheduleM/WorksOfArt/NumberOfContributions",1208,1208,"2010v3.2, 2010v3.4, 2010v3.6, 2010v3.7"
"/Return/ReturnData/IRS990ScheduleN/DispositionTable/AddressUS",1204,606,"2010v3.2, 2010v3.4, 2010v3.6, 2010v3.7"
"/Return/ReturnData/IRS990ScheduleN/DispositionTable/AddressUS/AddressLine1",1204,606,"2010v3.2, 2010v3.4, 2010v3.6, 2010v3.7"
"/Return/ReturnData/IRS990ScheduleN/DispositionTable/AddressUS/City",1204,606,"2010v3.2, 2010v3.4, 2010v3.6, 2010v3.7"
"/Return/ReturnData/IRS990ScheduleN/DispositionTable/AddressUS/State",1204,606,"2010v3.2, 2010v3.4, 2010v3.6, 2010v3.7"
"/Return/ReturnData/IRS990ScheduleN/DispositionTable/AddressUS/ZIPCode",1204,606,"2010v3.2, 2010v3.4, 2010v3.6, 2010v3.7"
"/Return/ReturnData/IRS990/GrossIncomeOtherSources",1195,1195,"2010v3.2, 2010v3.4, 2010v3.6, 2010v3.7"
"/Return/ReturnData/IRS990ScheduleC/TaxableAmount",1195,1195,"2010v3.2, 2010v3.4, 2010v3.7"
"/Return/ReturnData/IRS990ScheduleC/GrassrootsLobbyingExpenditures/Total",1192,1192,"2010v3.2, 2010v3.4, 2010v3.6, 2010v3.7"
"/Return/ReturnData/IRS990ScheduleH/Total/PercentOfTotalExpense",1191,1191,"2010v3.2, 2010v3.4, 2010v3.6, 2010v3.7"
"/Return/ReturnData/IRS990ScheduleC/TotalGrassrootsLobbying/FilingOrganizationsTotals",1184,1184,"2010v3.2, 2010v3.4, 2010v3.6, 2010v3.7"
"/Return/ReturnData/IRS990ScheduleN/DispositionTable/IRCSection",1183,589,"2010v3.2, 2010v3.4, 2010v3.6, 2010v3.7"
"/Return/ReturnData/IRS990ScheduleL/Form990ScheduleLPartV/ReturnReference",1168,1039,"2010v3.2, 2010v3.4, 2010v3.6, 2010v3.7"
"/Return/ReturnData/IRS990ScheduleG/GamingInformation/CashPrizesOtherGaming",1167,1167,"2010v3.2, 2010v3.4, 2010v3.6, 2010v3.7"
"/Return/ReturnData/IRS990ScheduleL/Form990ScheduleLPartIII/TypeOfAssistance",1160,655,"2010v3.2, 2010v3.4, 2010v3.7"
"/Return/ReturnData/IRS990ScheduleF/TotalNumberOfOtherOrgs",1149,1149,"2010v3.2, 2010v3.4, 2010v3.7"
"/Return/ReturnData/IRS990ScheduleH/Pcent200",1140,1140,"2010v3.2, 2010v3.4, 2010v3.6, 2010v3.7"
"/Return/ReturnData/IRS990ScheduleG/GamingManagerIsDirectorOfficer",1139,1139,"2010v3.2, 2010v3.4, 2010v3.6, 2010v3.7"
"/Return/ReturnData/IRS990ScheduleH/SubsidizedHealthServices/DirectOffsettingRevenue",1137,1137,"2010v3.2, 2010v3.4, 2010v3.7"
"/Return/ReturnData/IRS990/AmendedReturn",1133,1133,"2010v3.2, 2010v3.4, 2010v3.6, 2010v3.7"
"/Return/ReturnData/IRS990ScheduleM/WorksOfArt/NoncashContribsRptdF990",1120,1120,"2010v3.2, 2010v3.4, 2010v3.6, 2010v3.7"
"/Return/ReturnData/IRS990ScheduleL/Form990ScheduleLPartIII/NameOfInterestedPerson",1105,566,"2010v3.2, 2010v3.4, 2010v3.7"
"/Return/ReturnData/IRS990EZ/OfficerDirectorTrusteeKeyEmpl/AddressForeign/City",1100,583,"2010v3.2, 2010v3.4, 2010v3.6, 2010v3.7"
"/Return/ReturnData/IRS990ScheduleN/DispositionTable/EIN",1100,536,"2010v3.2, 2010v3.4, 2010v3.6, 2010v3.7"
"/Return/ReturnData/IRS990/AddressPrincipalOfficerUS/AddressLine2",1091,1091,"2010v3.2, 2010v3.4, 2010v3.7"
"/Return/ReturnData/IRS990ScheduleD/DonorAdvisedContributions",1083,1083,"2010v3.2, 2010v3.4, 2010v3.6, 2010v3.7"
"/Return/ReturnData/IRS990ScheduleH/CharityCareAtCost/DirectOffsettingRevenue",1083,1083,"2010v3.2, 2010v3.4, 2010v3.6, 2010v3.7"
"/Return/ReturnData/IRS990ScheduleG/EventsInformation/CashPrizesOtherEvents",1082,1082,"2010v3.2, 2010v3.4, 2010v3.6, 2010v3.7"
"/Return/ReturnData/IRS990ScheduleN/LiquidationTable/LiquidationDetail/NameBusiness",1082,489,"2010v3.2, 2010v3.4, 2010v3.7"
"/Return/ReturnData/IRS990ScheduleN/LiquidationTable/LiquidationDetail/NameBusiness/BusinessNameLine1",1082,489,"2010v3.2, 2010v3.4, 2010v3.7"
"/Return/ReturnData/IRS990ScheduleC/Sec527PolOrgs/AmtOfContribsRecdDelivered",1077,476,"2010v3.2, 2010v3.4, 2010v3.7"
"/Return/ReturnData/IRS990ScheduleH/Form990ScheduleHPartVSectionB/EligibilityCriteriaExplained",1068,704,"2010v3.2, 2010v3.4, 2010v3.6, 2010v3.7"
"/Return/ReturnData/IRS990ScheduleH/Form990ScheduleHPartVSectionB/UsesFPGFree",1065,701,"2010v3.2, 2010v3.4, 2010v3.6, 2010v3.7"
"/Return/ReturnData/IRS990ScheduleH/Form990ScheduleHPartVSectionB/ActionsOnNonpayment",1064,700,"2010v3.2, 2010v3.4, 2010v3.6, 2010v3.7"
"/Return/ReturnData/IRS990ScheduleH/Form990ScheduleHPartVSectionB/NondiscrimEmergencyCarePolicy",1063,700,"2010v3.2, 2010v3.4, 2010v3.6, 2010v3.7"
"/Return/ReturnData/IRS990ScheduleC/GrassrootsLobbyingExpenditures/CurrentYear",1062,1062,"2010v3.2, 2010v3.4, 2010v3.6, 2010v3.7"
"/Return/ReturnData/IRS990ScheduleH/Form990ScheduleHPartVSectionB/IncludesPublicityMeasures",1062,698,"2010v3.2, 2010v3.4, 2010v3.6, 2010v3.7"
"/Return/ReturnData/IRS990ScheduleH/Form990ScheduleHPartVSectionB/UsesFPGDiscounted",1062,698,"2010v3.2, 2010v3.4, 2010v3.6, 2010v3.7"
"/Return/ReturnData/IRS990ScheduleH/Form990ScheduleHPartVSectionB/ExplainsApplicationMethod",1061,697,"2010v3.2, 2010v3.4, 2010v3.6, 2010v3.7"
"/Return/ReturnData/IRS990ScheduleM/WorksOfArt/MethodOfDeterminingRevenues",1057,1057,"2010v3.2, 2010v3.4, 2010v3.6, 2010v3.7"
"/Return/ReturnData/IRS990ScheduleH/Form990ScheduleHPartIV/PhysicansProfitOrOwnership",1053,457,"2010v3.2, 2010v3.4, 2010v3.7"
"/Return/ReturnData/IRS990ScheduleH/Form990ScheduleHPartVSectionB/CollectionActivities",1049,696,"2010v3.2, 2010v3.4, 2010v3.6, 2010v3.7"
"/Return/ReturnData/IRS990ScheduleH/Form990ScheduleHPartVSectionB/ExplainsBasis",1049,694,"2010v3.2, 2010v3.4, 2010v3.6, 2010v3.7"
"/Return/ReturnData/IRS990ScheduleJ/FirstClassOrCharterTravel",1049,1049,"2010v3.2, 2010v3.4, 2010v3.6, 2010v3.7"
"/Return/ReturnData/IRS990ScheduleK/Form990ScheduleKPartV/ReturnReference",1040,621,"2010v3.2, 2010v3.4, 2010v3.6, 2010v3.7"
"/Return/ReturnData/IRS990ScheduleH/Form990ScheduleHPartVSectionB/GrossCharges",1039,684,"2010v3.2, 2010v3.4, 2010v3.6, 2010v3.7"
"/Return/ReturnData/IRS990ScheduleG/GamingManagerCompensation",1036,1036,"2010v3.2, 2010v3.4, 2010v3.6, 2010v3.7"
"/Return/ReturnData/IRS990ScheduleM/CarsAndOtherVehicles/NoncashContribsRptdF990",1035,1035,"2010v3.2, 2010v3.4, 2010v3.6, 2010v3.7"
"/Return/ReturnData/IRS990ScheduleD/GrantsPaidFromDonorFunds",1034,1034,"2010v3.2, 2010v3.4, 2010v3.7"
"/Return/ReturnData/IRS990ScheduleM/CarsAndOtherVehicles/NonCashCheckbox",1033,1033,"2010v3.2, 2010v3.4, 2010v3.6, 2010v3.7"
"/Return/ReturnData/IRS990ScheduleA/PrivateFoundation509",1032,1032,"2010v3.2, 2010v3.4, 2010v3.6, 2010v3.7"
"/Return/ReturnData/IRS990ScheduleH/Form990ScheduleHPartVSectionB/AmountsGenerallyBilled",1032,679,"2010v3.2, 2010v3.4, 2010v3.6, 2010v3.7"
"/Return/ReturnData/IRS990ScheduleM/CarsAndOtherVehicles/NumberOfContributions",1020,1020,"2010v3.2, 2010v3.4, 2010v3.6, 2010v3.7"
"/Return/ReturnData/IRS990ScheduleC/GrassrootsLobbyingExpenditures/CurrentYearMinus1",1017,1017,"2010v3.2, 2010v3.4, 2010v3.6, 2010v3.7"
"/Return/ReturnData/IRS990ScheduleG/Form990ScheduleGPartIV/ReturnReference",1017,892,"2010v3.2, 2010v3.4, 2010v3.6, 2010v3.7"
"/Return/ReturnData/IRS990ScheduleH/HealthProfessionsEducation/DirectOffsettingRevenue",1006,1006,"2010v3.2, 2010v3.4, 2010v3.7"
"/Return/ReturnData/IRS990ScheduleG/GamingInformation/VolunteerLaborPercentageBingo",993,993,"2010v3.2, 2010v3.4, 2010v3.6, 2010v3.7"
"/Return/ReturnData/IRS990ScheduleN/DispositionTable/NameBusiness",987,465,"2010v3.2, 2010v3.4, 2010v3.7"
"/Return/ReturnData/IRS990ScheduleN/DispositionTable/NameBusiness/BusinessNameLine1",987,465,"2010v3.2, 2010v3.4, 2010v3.7"
"/Return/ReturnData/IRS990ScheduleM/BooksAndPublications/NonCashCheckbox",985,985,"2010v3.2, 2010v3.4, 2010v3.6, 2010v3.7"
"/Return/ReturnData/IRS990ScheduleM/BooksAndPublications/NoncashContribsRptdF990",965,965,"2010v3.2, 2010v3.4, 2010v3.6, 2010v3.7"
"/Return/ReturnData/IRS990ScheduleM/CarsAndOtherVehicles/MethodOfDeterminingRevenues",955,955,"2010v3.2, 2010v3.4, 2010v3.6, 2010v3.7"
"/Return/ReturnData/IRS990EZ/OfficerDirectorTrusteeKeyEmpl/BusinessName/BusinessNameLine2",945,161,"2010v3.2, 2010v3.4, 2010v3.6, 2010v3.7"
"/Return/ReturnData/IRS990ScheduleG/AmountDistributed",944,944,"2010v3.2, 2010v3.4, 2010v3.6, 2010v3.7"
"/Return/ReturnData/IRS990ScheduleN/LiabilitiesPaid",942,942,"2010v3.2, 2010v3.4, 2010v3.6, 2010v3.7"
"/Return/ReturnData/IRS990ScheduleN/AssetsDistributed",940,940,"2010v3.2, 2010v3.4, 2010v3.6, 2010v3.7"
"/Return/ReturnData/IRS990ScheduleN/BondsOutstanding",939,939,"2010v3.2, 2010v3.4, 2010v3.6, 2010v3.7"
"/Return/ReturnData/IRS990ScheduleN/RequiredToNotifyAG",939,939,"2010v3.2, 2010v3.4, 2010v3.6, 2010v3.7"
"/Return/ReturnData/IRS990ScheduleR/Form990ScheduleRPartII/AddressUS/AddressLine2",936,332,"2010v3.2, 2010v3.4, 2010v3.6, 2010v3.7"
"/Return/ReturnData/IRS990ScheduleC/GrassrootsLobbyingExpenditures/CurrentYearMinus2",929,929,"2010v3.2, 2010v3.4, 2010v3.6, 2010v3.7"
"/Return/ReturnData/IRS990ScheduleA/CommunityTrust170b1Avi",927,927,"2010v3.2, 2010v3.4, 2010v3.6, 2010v3.7"
"/Return/ReturnData/IRS990ScheduleN/DirectorOfSuccessor",922,922,"2010v3.2, 2010v3.4, 2010v3.6, 2010v3.7"
"/Return/ReturnData/IRS990ScheduleN/EmployeeOfSuccessor",922,922,"2010v3.2, 2010v3.4, 2010v3.6, 2010v3.7"
"/Return/ReturnData/IRS990ScheduleN/OwnerOfSuccessor",922,922,"2010v3.2, 2010v3.4, 2010v3.6, 2010v3.7"
"/Return/ReturnData/IRS990ScheduleN/ReceiveCompensation",922,922,"2010v3.2, 2010v3.4, 2010v3.6, 2010v3.7"
"/Return/ReturnData/IRS990ScheduleN/LiquidationTable",909,909,"2010v3.2, 2010v3.4, 2010v3.7"
"/Return/ReturnData/IRS990ScheduleK/Form990ScheduleKPartIV/NameOfGICProvider",908,542,"2010v3.2, 2010v3.4, 2010v3.7"
"/Return/ReturnData/IRS990ScheduleK/Form990ScheduleKPartIV/NameOfGICProvider/BusinessNameLine1",908,542,"2010v3.2, 2010v3.4, 2010v3.7"
"/Return/ReturnData/IRS990ScheduleH/CommunitySupport",907,907,"2010v3.2, 2010v3.4, 2010v3.6, 2010v3.7"
"/Return/ReturnData/IRS990ScheduleD/CloselyHeldEquityInterests/BookValue",894,894,"2010v3.2, 2010v3.4, 2010v3.7"
"/Return/ReturnData/IRS990ScheduleH/CommunitySupport/NetCommunityBuildingExpense",893,893,"2010v3.2, 2010v3.4, 2010v3.6, 2010v3.7"
"/Return/ReturnData/CompensationExplanation/Compensation/BusinessName/BusinessNameLine2",892,149,"2010v3.2, 2010v3.4, 2010v3.6, 2010v3.7"
"/Return/ReturnData/IRS990ScheduleN/Form990ScheduleNPartIII",892,617,"2010v3.2, 2010v3.4, 2010v3.7"
"/Return/ReturnData/IRS990ScheduleM/BooksAndPublications/MethodOfDeterminingRevenues",890,890,"2010v3.2, 2010v3.4, 2010v3.6, 2010v3.7"
"/Return/ReturnData/IRS990ScheduleN/Form990ScheduleNPartIII/Explanation",890,617,"2010v3.2, 2010v3.4, 2010v3.7"
"/Return/ReturnData/IRS990ScheduleH/Form990ScheduleHPartVSectionA/TeachingHospital",889,568,"2010v3.2, 2010v3.4, 2010v3.7"
"/Return/ReturnData/IRS990ScheduleA/CollegeSupportOrg170b1Aiv",882,882,"2010v3.2, 2010v3.4, 2010v3.6, 2010v3.7"
"/Return/ReturnData/IRS990ScheduleF/ContNumberOfOffices",878,878,"2010v3.2, 2010v3.4, 2010v3.7"
"/Return/ReturnData/IRS990/TheBooksAreInCareOf/NameBusiness/BusinessNameLine2",876,876,"2010v3.2, 2010v3.4, 2010v3.6, 2010v3.7"
"/Return/ReturnData/IRS990ScheduleH/CommunitySupport/TotalCommunityBuildingExpense",866,866,"2010v3.2, 2010v3.4, 2010v3.6, 2010v3.7"
"/Return/ReturnData/IRS990ScheduleG/GamingInformation/NonCashPrizesTotalGaming",858,858,"2010v3.2, 2010v3.4, 2010v3.6, 2010v3.7"
"/Return/ReturnData/IRS990ScheduleH/UnreimbursedCosts",854,854,"2010v3.2, 2010v3.4, 2010v3.7"
"/Return/ReturnData/IRS990ScheduleR/Form990ScheduleRPartII/LegalDomicileForeignCountry",847,423,"2010v3.2, 2010v3.4, 2010v3.7"
"/Return/ReturnData/IRS990ScheduleC/TotalExmptFunctionExpenditures",844,844,"2010v3.2, 2010v3.4, 2010v3.6, 2010v3.7"
"/Return/ReturnData/IRS990ScheduleG/GamingInformation/VolunteerLaborPrcntagePullTabs",838,838,"2010v3.2, 2010v3.4, 2010v3.6, 2010v3.7"
"/Return/ReturnData/IRS990ScheduleC/GrassrootsLobbyingExpenditures/CurrentYearMinus3",827,827,"2010v3.2, 2010v3.4, 2010v3.6, 2010v3.7"
"/Return/ReturnData/IRS990ScheduleM/DrugsAndMedicalSupplies/NoncashContribsRptdF990",825,825,"2010v3.2, 2010v3.4, 2010v3.6, 2010v3.7"
"/Return/ReturnData/IRS990ScheduleC/NonDedLobbyPoliticalCarryover",820,820,"2010v3.2, 2010v3.4, 2010v3.6, 2010v3.7"
"/Return/ReturnData/IRS990ScheduleM/DrugsAndMedicalSupplies/NonCashCheckbox",820,820,"2010v3.2, 2010v3.4, 2010v3.6, 2010v3.7"
"/Return/ReturnData/IRS990ScheduleK/Form990ScheduleKPartIV/RegulatorySafeHarborSatisfied",813,546,"2010v3.2, 2010v3.4, 2010v3.7"
"/Return/ReturnData/IRS990ScheduleH/UnreimbursedCosts/TotalCommunityBenefitExpense",811,811,"2010v3.2, 2010v3.4, 2010v3.7"
"/Return/ReturnData/IRS990ScheduleF/NoRecipientOver5K",808,808,"2010v3.2, 2010v3.4, 2010v3.7"
"/Return/ReturnData/IRS990ScheduleL/DQPTable",803,489,"2010v3.2, 2010v3.4, 2010v3.7"
"/Return/ReturnData/IRS990ScheduleH/CommunitySupport/PercentOfTotalExpense",802,802,"2010v3.2, 2010v3.4, 2010v3.6, 2010v3.7"
"/Return/ReturnData/IRS990ScheduleL/DQPTable/TransactionCorrected",800,486,"2010v3.2, 2010v3.4, 2010v3.7"
"/Return/ReturnData/IRS990ScheduleN/BondLiabilitiesDischarged",795,795,"2010v3.2, 2010v3.4, 2010v3.6, 2010v3.7"
"/Return/ReturnData/IRS990ScheduleN/DirectorOfSuccessor2",795,795,"2010v3.2, 2010v3.4, 2010v3.6, 2010v3.7"
"/Return/ReturnData/IRS990ScheduleN/EmployeeOfSuccessor2",795,795,"2010v3.2, 2010v3.4, 2010v3.6, 2010v3.7"
"/Return/ReturnData/IRS990ScheduleN/OwnerOfSuccessor2",795,795,"2010v3.2, 2010v3.4, 2010v3.6, 2010v3.7"
"/Return/ReturnData/IRS990ScheduleN/ReceiveCompensation2",794,794,"2010v3.2, 2010v3.4, 2010v3.6, 2010v3.7"
"/Return/ReturnData/IRS990ScheduleR/Form990ScheduleRPartII/AddressForeign",792,405,"2010v3.2, 2010v3.4, 2010v3.7"
"/Return/ReturnData/IRS990ScheduleR/Form990ScheduleRPartII/AddressForeign/AddressLine1",792,405,"2010v3.2, 2010v3.4, 2010v3.7"
"/Return/ReturnData/IRS990ScheduleR/Form990ScheduleRPartII/AddressForeign/Country",792,405,"2010v3.2, 2010v3.4, 2010v3.7"
"/Return/ReturnData/IRS990ScheduleH/UnreimbursedCosts/NetCommunityBenefitExpense",791,791,"2010v3.2, 2010v3.4, 2010v3.7"
"/Return/ReturnData/IRS990ScheduleH/TotalCommunityBenefits/PersonsServed",783,783,"2010v3.2, 2010v3.4, 2010v3.6, 2010v3.7"
"/Return/ReturnData/IRS990ScheduleR/TransactionsRelatedOrgsTable/NameOfOtherOrganization/BusinessNameLine2",776,276,"2010v3.2, 2010v3.4, 2010v3.6, 2010v3.7"
"/Return/ReturnData/IRS990ScheduleM/DrugsAndMedicalSupplies/NumberOfContributions",775,775,"2010v3.2, 2010v3.4, 2010v3.6, 2010v3.7"
"/Return/ReturnData/IRS990ScheduleH/Research",768,768,"2010v3.2, 2010v3.4, 2010v3.7"
"/Return/ReturnData/IRS990ScheduleH/UnreimbursedCosts/PercentOfTotalExpense",768,768,"2010v3.2, 2010v3.4, 2010v3.7"
"/Return/ReturnData/IRS990ScheduleJ/DiscretionarySpendingAccount",768,768,"2010v3.2, 2010v3.4, 2010v3.7"
"/Return/ReturnData/IRS990ScheduleL/DQPTable/DescriptionOfTransaction",759,476,"2010v3.2, 2010v3.4, 2010v3.7"
"/Return/ReturnData/IRS990ScheduleC/GrantsOtherOrganizationsAmount",758,758,"2010v3.2, 2010v3.4, 2010v3.6, 2010v3.7"
"/Return/ReturnData/IRS990ScheduleG/GamingManagerIsEmployee",756,756,"2010v3.2, 2010v3.4, 2010v3.6, 2010v3.7"
"/Return/ReturnData/IRS990ScheduleM/DrugsAndMedicalSupplies/MethodOfDeterminingRevenues",749,749,"2010v3.2, 2010v3.4, 2010v3.6, 2010v3.7"
"/Return/ReturnData/IRS990ScheduleD/BeginningBalance",746,746,"2010v3.2, 2010v3.4, 2010v3.6, 2010v3.7"
"/Return/ReturnData/IRS990ScheduleH/Form990ScheduleHPartVSectionB/FPGFreePercent",745,488,"2010v3.2, 2010v3.4, 2010v3.6, 2010v3.7"
"/Return/ReturnData/IRS990ScheduleD/EndingBalance",740,740,"2010v3.2, 2010v3.4, 2010v3.6, 2010v3.7"
"/Return/ReturnData/IRS990ScheduleH/TotalOtherBenefits/PersonsServed",739,739,"2010v3.2, 2010v3.4, 2010v3.6, 2010v3.7"
"/Return/ReturnData/IRS990ScheduleH/UnreimbursedCosts/DirectOffsettingRevenue",739,739,"2010v3.2, 2010v3.4, 2010v3.7"
"/Return/ReturnData/IRS990ScheduleH/Form990ScheduleHPartVSectionA/CriticalAccessHospital",735,641,"2010v3.2, 2010v3.4, 2010v3.6, 2010v3.7"
"/Return/ReturnData/IRS990ScheduleD/NmbrStatesInWhichEasementsHeld",734,734,"2010v3.2, 2010v3.4, 2010v3.6, 2010v3.7"
"/Return/ReturnData/IRS990ScheduleH/Research/TotalCommunityBenefitExpense",726,726,"2010v3.2, 2010v3.4, 2010v3.7"
"/Return/ReturnData/IRS990ScheduleC/AmountToBeCarriedOver",716,716,"2010v3.2, 2010v3.4, 2010v3.6, 2010v3.7"
"/Return/ReturnData/IRS990ScheduleD/TotalNumberOfEasements",712,712,"2010v3.2, 2010v3.4, 2010v3.6, 2010v3.7"
"/Return/ReturnData/IRS990ScheduleR/Form990ScheduleRPartII/AddressForeign/City",704,376,"2010v3.2, 2010v3.4, 2010v3.7"
"/Return/ReturnData/IRS990ScheduleH/Research/NetCommunityBenefitExpense",702,702,"2010v3.2, 2010v3.4, 2010v3.7"
"/Return/ReturnData/IRS990ScheduleN/AGNotified",700,700,"2010v3.2, 2010v3.4, 2010v3.7"
"/Return/ReturnData/IRS990ScheduleA/TenPercentTestCurrentYear",696,696,"2010v3.2, 2010v3.4, 2010v3.6, 2010v3.7"
"/Return/ReturnData/IRS990ScheduleH/Form990ScheduleHPartVSectionB/FPGDiscountPercent",695,449,"2010v3.2, 2010v3.4, 2010v3.6, 2010v3.7"
"/Return/ReturnData/IRS990ScheduleH/Research/PercentOfTotalExpense",693,693,"2010v3.2, 2010v3.4, 2010v3.7"
"/Return/ReturnData/IRS990ScheduleK/Form990ScheduleKPartIV/TermOfGIC",691,457,"2010v3.2, 2010v3.4, 2010v3.7"
"/Return/ReturnData/IRS990ScheduleR/Form990ScheduleRPartII/DirectControllingEntityName/BusinessNameLine2",691,232,"2010v3.2, 2010v3.4, 2010v3.6, 2010v3.7"
"/Return/ReturnData/IRS990/ContractorCompensation/AddressOfContractor/AddressForeign",687,421,"2010v3.2, 2010v3.4, 2010v3.6, 2010v3.7"
"/Return/ReturnData/IRS990/ContractorCompensation/AddressOfContractor/AddressForeign/AddressLine1",687,421,"2010v3.2, 2010v3.4, 2010v3.6, 2010v3.7"
"/Return/ReturnData/IRS990/ContractorCompensation/AddressOfContractor/AddressForeign/Country",687,421,"2010v3.2, 2010v3.4, 2010v3.6, 2010v3.7"
"/Return/ReturnData/IRS990/TerminationOrContraction",676,676,"2010v3.2, 2010v3.4, 2010v3.6, 2010v3.7"
"/Return/ReturnData/IRS990ScheduleH/Form990ScheduleHPartVSectionB/IncomeLevel",676,472,"2010v3.2, 2010v3.4, 2010v3.6, 2010v3.7"
"/Return/ReturnData/IRS990ScheduleH/WorkforceDevelopment",675,675,"2010v3.2, 2010v3.4, 2010v3.6, 2010v3.7"
"/Return/ReturnData/IRS990ScheduleD/TotalAcreage",671,671,"2010v3.2, 2010v3.4, 2010v3.6, 2010v3.7"
"/Return/ReturnData/IRS990ScheduleH/Form990ScheduleHPartVSectionB/AvailableOnRequest",669,455,"2010v3.2, 2010v3.4, 2010v3.6, 2010v3.7"
"/Return/ReturnData/IRS990ScheduleH/TotalCommunityBenefits/NumberOfActivitiesOrPrograms",668,668,"2010v3.2, 2010v3.4, 2010v3.6, 2010v3.7"
"/Return/ReturnData/IRS990ScheduleD/CollectUsedForLoanOrExchPrgrms",664,664,"2010v3.2, 2010v3.4, 2010v3.6, 2010v3.7"
"/Return/ReturnData/IRS990ScheduleH/WorkforceDevelopment/NetCommunityBuildingExpense",662,662,"2010v3.2, 2010v3.4, 2010v3.6, 2010v3.7"
"/Return/ReturnData/IRS990/ContractorCompensation/AddressOfContractor/AddressForeign/City",660,404,"2010v3.2, 2010v3.4, 2010v3.6, 2010v3.7"
"/Return/ReturnData/IRS990/ContractorCompensation/AddressOfContractor/AddressUS/AddressLine2",656,437,"2010v3.2, 2010v3.4, 2010v3.6, 2010v3.7"
"/Return/ReturnData/IRS990ScheduleG/GamingInformation/RentFacilityCostsBingo",655,655,"2010v3.2, 2010v3.4, 2010v3.6, 2010v3.7"
"/Return/ReturnData/IRS990ScheduleD/DistributionsDuringYear",651,651,"2010v3.2, 2010v3.4, 2010v3.6, 2010v3.7"
"/Return/ReturnData/IRS990ScheduleH/CoalitionBuilding",649,649,"2010v3.2, 2010v3.4, 2010v3.7"
"/Return/ReturnData/IRS990ScheduleH/TotalOtherBenefits/NumberOfActivitiesOrPrograms",649,649,"2010v3.2, 2010v3.4, 2010v3.6, 2010v3.7"
"/Return/ReturnData/IRS990EZ/TotNumCntrctPdOver100KProfSer",648,648,"2010v3.2, 2010v3.4, 2010v3.7"
"/Return/ReturnData/IRS990ScheduleG/GamingInformation/NonCashPrizesOtherGaming",645,645,"2010v3.2, 2010v3.4, 2010v3.6, 2010v3.7"
"/Return/ReturnData/IRS990ScheduleH/Form990ScheduleHPartVSectionB/NotifiedAllPatients",644,438,"2010v3.2, 2010v3.4, 2010v3.6, 2010v3.7"
"/Return/ReturnData/IRS990ScheduleH/HealthImprovementAdvocacy",639,639,"2010v3.2, 2010v3.4, 2010v3.7"
"/Return/ReturnData/IRS990ScheduleD/AdditionsDuringYear",638,638,"2010v3.2, 2010v3.4, 2010v3.6, 2010v3.7"
"/Return/ReturnData/IRS990ScheduleH/CoalitionBuilding/NetCommunityBuildingExpense",637,637,"2010v3.2, 2010v3.4, 2010v3.7"
"/Return/ReturnData/IRS990ScheduleH/CashAndInKindContributions/DirectOffsettingRevenue",631,631,"2010v3.2, 2010v3.4, 2010v3.7"
"/Return/ReturnData/IRS990ScheduleH/Form990ScheduleHPartVSectionB/DocumentedDetermination",629,445,"2010v3.2, 2010v3.4, 2010v3.6, 2010v3.7"
"/Return/ReturnData/IRS990ScheduleD/CloselyHeldEquityInterests/MethodOfValuation",625,625,"2010v3.2, 2010v3.4, 2010v3.7"
"/Return/ReturnData/IRS990ScheduleH/WorkforceDevelopment/TotalCommunityBuildingExpense",624,624,"2010v3.2, 2010v3.4, 2010v3.6, 2010v3.7"
"/Return/ReturnData/IRS990EZ/OfficerDirectorTrusteeKeyEmpl/AddressForeign/PostalCode",621,334,"2010v3.2, 2010v3.4, 2010v3.7"
"/Return/ReturnData/IRS990EZ/OfficerDirectorTrusteeKeyEmpl/AddressForeign/ProvinceOrState",621,353,"2010v3.2, 2010v3.4, 2010v3.6, 2010v3.7"
"/Return/ReturnData/IRS990ScheduleH/CommunityHealthServices/PersonsServed",619,619,"2010v3.2, 2010v3.4, 2010v3.6, 2010v3.7"
"/Return/ReturnData/IRS990ScheduleH/HealthImprovementAdvocacy/NetCommunityBuildingExpense",616,616,"2010v3.2, 2010v3.4, 2010v3.7"
"/Return/ReturnData/IRS990ScheduleD/ArtPublicExhibitionAmts/RevenuesIncluded",612,612,"2010v3.2, 2010v3.4, 2010v3.7"
"/Return/ReturnData/IRS990ScheduleH/WorkforceDevelopment/PercentOfTotalExpense",610,610,"2010v3.2, 2010v3.4, 2010v3.7"
"/Return/ReturnData/IRS990ScheduleC/VolunteerHours",604,604,"2010v3.2, 2010v3.4, 2010v3.6, 2010v3.7"
"/Return/ReturnData/IRS990ScheduleC/Sec527PolOrgs/NameOf527Organization/BusinessNameLine2",596,33,"2010v3.2, 2010v3.4, 2010v3.7"
"/Return/ReturnData/IRS990ScheduleG/NameOfGamingRecKeeperBus",590,590,"2010v3.2, 2010v3.4, 2010v3.6, 2010v3.7"
"/Return/ReturnData/IRS990ScheduleG/NameOfGamingRecKeeperBus/BusinessNameLine1",590,590,"2010v3.2, 2010v3.4, 2010v3.6, 2010v3.7"
"/Return/ReturnData/IRS990ScheduleD/StaffHoursSpentOnEnforcement",589,589,"2010v3.2, 2010v3.4, 2010v3.6, 2010v3.7"
"/Return/ReturnData/IRS990ScheduleH/CoalitionBuilding/TotalCommunityBuildingExpense",586,586,"2010v3.2, 2010v3.4, 2010v3.7"
"/Return/ReturnData/IRS990ScheduleH/Form990ScheduleHPartIV/OfficersEtcProfitOrOwnership",586,258,"2010v3.2, 2010v3.4, 2010v3.7"
"/Return/ReturnData/IRS990ScheduleH/HealthImprovementAdvocacy/TotalCommunityBuildingExpense",583,583,"2010v3.2, 2010v3.4, 2010v3.7"
"/Return/ReturnData/IRS990ScheduleJ/PersonalServices",575,575,"2010v3.2, 2010v3.4, 2010v3.6, 2010v3.7"
"/Return/ReturnData/IRS990ScheduleD/ContribToFundsAndOtherAccounts",562,562,"2010v3.2, 2010v3.4, 2010v3.6, 2010v3.7"
"/Return/ReturnData/IRS990ScheduleH/Form990ScheduleHPartVSectionB/PermitReportToCreditAgency",562,383,"2010v3.2, 2010v3.4, 2010v3.7"
"/Return/ReturnData/IRS990ScheduleH/TotalCharityCare/PersonsServed",560,560,"2010v3.2, 2010v3.4, 2010v3.7"
"/Return/ReturnData/IRS990ScheduleH/CoalitionBuilding/PercentOfTotalExpense",554,554,"2010v3.2, 2010v3.4, 2010v3.7"
"/Return/ReturnData/IRS990ScheduleH/Form990ScheduleHPartVSectionB/ReportToCreditAgency",550,390,"2010v3.2, 2010v3.4, 2010v3.7"
"/Return/ReturnData/IRS990ScheduleH/HealthImprovementAdvocacy/PercentOfTotalExpense",549,549,"2010v3.2, 2010v3.4, 2010v3.7"
"/Return/ReturnData/IRS990ScheduleG/GamingInformation/RentFacilityCostsPullTabs",546,546,"2010v3.2, 2010v3.4, 2010v3.6, 2010v3.7"
"/Return/ReturnData/AffiliatedGroupSchedule/AffiliatedSchedule",543,90,"2010v3.2, 2010v3.4, 2010v3.7"
"/Return/ReturnData/AffiliatedGroupSchedule/AffiliatedSchedule/AddressUS",543,90,"2010v3.2, 2010v3.4, 2010v3.7"
"/Return/ReturnData/AffiliatedGroupSchedule/AffiliatedSchedule/AddressUS/AddressLine1",543,90,"2010v3.2, 2010v3.4, 2010v3.7"
"/Return/ReturnData/AffiliatedGroupSchedule/AffiliatedSchedule/AddressUS/City",543,90,"2010v3.2, 2010v3.4, 2010v3.7"
"/Return/ReturnData/AffiliatedGroupSchedule/AffiliatedSchedule/AddressUS/State",543,90,"2010v3.2, 2010v3.4, 2010v3.7"
"/Return/ReturnData/AffiliatedGroupSchedule/AffiliatedSchedule/AddressUS/ZIPCode",543,90,"2010v3.2, 2010v3.4, 2010v3.7"
"/Return/ReturnData/AffiliatedGroupSchedule/AffiliatedSchedule/BusinessName",543,90,"2010v3.2, 2010v3.4, 2010v3.7"
"/Return/ReturnData/AffiliatedGroupSchedule/AffiliatedSchedule/BusinessName/BusinessNameLine1",543,90,"2010v3.2, 2010v3.4, 2010v3.7"
"/Return/ReturnData/AffiliatedGroupSchedule/AffiliatedSchedule/EIN",543,90,"2010v3.2, 2010v3.4, 2010v3.7"
"/Return/ReturnData/AffiliatedGroupSchedule/AffiliatedSchedule/GrassrootsNontaxableAmount",543,90,"2010v3.2, 2010v3.4, 2010v3.7"
"/Return/ReturnData/AffiliatedGroupSchedule/AffiliatedSchedule/LobbyingNontaxableAmount",543,90,"2010v3.2, 2010v3.4, 2010v3.7"
"/Return/ReturnData/AffiliatedGroupSchedule/AffiliatedSchedule/OtherExemptPurposeExpenditures",543,90,"2010v3.2, 2010v3.4, 2010v3.7"
"/Return/ReturnData/AffiliatedGroupSchedule/AffiliatedSchedule/ShareOfExcessLobbyingExpendtrs",543,90,"2010v3.2, 2010v3.4, 2010v3.7"
"/Return/ReturnData/AffiliatedGroupSchedule/AffiliatedSchedule/TotLobbyExpendMnsLobbyingNontx",543,90,"2010v3.2, 2010v3.4, 2010v3.7"
"/Return/ReturnData/AffiliatedGroupSchedule/AffiliatedSchedule/TotLobbyingGrassrootMinusNontx",543,90,"2010v3.2, 2010v3.4, 2010v3.7"
"/Return/ReturnData/AffiliatedGroupSchedule/AffiliatedSchedule/TotalDirectLobbying",543,90,"2010v3.2, 2010v3.4, 2010v3.7"
"/Return/ReturnData/AffiliatedGroupSchedule/AffiliatedSchedule/TotalExemptPurposeExpenditures",543,90,"2010v3.2, 2010v3.4, 2010v3.7"
"/Return/ReturnData/AffiliatedGroupSchedule/AffiliatedSchedule/TotalGrassrootsLobbying",543,90,"2010v3.2, 2010v3.4, 2010v3.7"
"/Return/ReturnData/AffiliatedGroupSchedule/AffiliatedSchedule/TotalLobbyingExpenditures",543,90,"2010v3.2, 2010v3.4, 2010v3.7"
"/Return/ReturnData/IRS990ScheduleH/Pcent400",542,542,"2010v3.2, 2010v3.4, 2010v3.7"
"/Return/ReturnData/IRS990ScheduleH/Total/NumberOfActivitiesOrPrograms",542,542,"2010v3.2, 2010v3.4, 2010v3.6, 2010v3.7"
"/Return/ReturnData/IRS990/TotalJointCosts/ProgramServices",539,539,"2010v3.2, 2010v3.4, 2010v3.7"
"/Return/ReturnData/IRS990ScheduleD/FinancialDerivatives/BookValue",538,538,"2010v3.2, 2010v3.4, 2010v3.7"
"/Return/ReturnData/IRS990EZ/TotNumberOfOthEmplPaidOver100k",534,534,"2010v3.2, 2010v3.4"
"/Return/ReturnData/IRS990ScheduleD/NumberFundsHeld",532,532,"2010v3.2, 2010v3.4, 2010v3.7"
"/Return/ReturnData/IRS990/TotalJointCosts/Fundraising",529,529,"2010v3.2, 2010v3.4, 2010v3.7"
"/Return/ReturnData/IRS990ScheduleD/ProtectionOfNaturalHabitat",529,529,"2010v3.2, 2010v3.4, 2010v3.6, 2010v3.7"
"/Return/ReturnData/IRS990ScheduleH/EconomicDevelopment",526,526,"2010v3.2, 2010v3.4, 2010v3.6, 2010v3.7"
"/Return/ReturnData/IRS990ScheduleH/Form990ScheduleHPartVSectionB/NotifyUponAdmission",525,376,"2010v3.2, 2010v3.4, 2010v3.6, 2010v3.7"
"/Return/ReturnData/IRS990ScheduleD/ExpensesIncurredForEnforcement",519,519,"2010v3.2, 2010v3.4, 2010v3.6, 2010v3.7"
"/Return/ReturnData/IRS990ScheduleH/Form990ScheduleHPartVSectionB/CHNAConducted",519,322,"2010v3.2, 2010v3.4, 2010v3.6, 2010v3.7"
"/Return/ReturnData/IRS990ScheduleH/CommunityHealthServices/NumberOfActivitiesOrPrograms",516,516,"2010v3.2, 2010v3.4, 2010v3.6, 2010v3.7"
"/Return/ReturnData/IRS990ScheduleC/AmtOfInternalFundsContributed",515,515,"2010v3.2, 2010v3.4, 2010v3.7"
"/Return/ReturnData/IRS990ScheduleA/SupportedOrgInformation/Name/BusinessNameLine2",514,495,"2010v3.2, 2010v3.4, 2010v3.6, 2010v3.7"
"/Return/ReturnData/IRS990ScheduleH/Form990ScheduleHPartVSectionB/UsedOtherMethod",511,353,"2010v3.2, 2010v3.4, 2010v3.7"
"/Return/ReturnData/IRS990ScheduleH/Total/PersonsServed",508,508,"2010v3.2, 2010v3.4, 2010v3.6, 2010v3.7"
"/Return/ReturnData/IRS990ScheduleM/RealEstateResidential/NonCashCheckbox",506,506,"2010v3.2, 2010v3.4, 2010v3.6, 2010v3.7"
"/Return/ReturnData/IRS990ScheduleC/AmtExpendedFor527Activities",505,505,"2010v3.2, 2010v3.4, 2010v3.6, 2010v3.7"
"/Return/ReturnData/IRS990ScheduleH/CostingMethodologyUsed/Other",505,505,"2010v3.2, 2010v3.4, 2010v3.7"
"/Return/ReturnData/IRS990ScheduleH/EconomicDevelopment/NetCommunityBuildingExpense",505,505,"2010v3.2, 2010v3.4, 2010v3.6, 2010v3.7"
"/Return/ReturnData/IRS990ScheduleM/RealEstateResidential/NumberOfContributions",505,505,"2010v3.2, 2010v3.4, 2010v3.6, 2010v3.7"
"/Return/ReturnData/IRS990EZ/MethodOfAccountingOther",504,504,"2010v3.2, 2010v3.4, 2010v3.7"
"/Return/ReturnData/IRS990ScheduleD/AggregateFundValue",502,502,"2010v3.2, 2010v3.4, 2010v3.7"
"/Return/ReturnData/IRS990ScheduleM/RealEstateResidential/NoncashContribsRptdF990",502,502,"2010v3.2, 2010v3.4, 2010v3.6, 2010v3.7"
"/Return/ReturnData/IRS990EZ/TerminatedReturn",500,500,"2010v3.2, 2010v3.4, 2010v3.6, 2010v3.7"
"/Return/ReturnData/IRS990ScheduleM/RealEstateCommercial/NonCashCheckbox",498,498,"2010v3.2, 2010v3.4, 2010v3.6, 2010v3.7"
"/Return/ReturnData/IRS990ScheduleA/ThirtyThreePercntTestsPY170",495,495,"2010v3.2, 2010v3.4, 2010v3.6, 2010v3.7"
"/Return/ReturnData/IRS990ScheduleM/RealEstateCommercial/NoncashContribsRptdF990",495,495,"2010v3.2, 2010v3.4, 2010v3.6, 2010v3.7"
"/Return/ReturnData/IRS990ScheduleH/Research/DirectOffsettingRevenue",494,494,"2010v3.2, 2010v3.4, 2010v3.7"
"/Return/ReturnData/IRS990ScheduleM/RealEstateCommercial/NumberOfContributions",492,492,"2010v3.2, 2010v3.4, 2010v3.6, 2010v3.7"
"/Return/ReturnData/IRS990ScheduleH/Pcent300",491,491,"2010v3.2, 2010v3.4, 2010v3.7"
"/Return/ReturnData/IRS990/TerminatedReturn",485,485,"2010v3.2, 2010v3.4, 2010v3.6, 2010v3.7"
"/Return/ReturnData/IRS990ScheduleD/GrantsFundsAndOtherAccounts",480,480,"2010v3.2, 2010v3.4, 2010v3.6, 2010v3.7"
"/Return/ReturnData/IRS990ScheduleC/MailingsMembersAmount",478,478,"2010v3.2, 2010v3.4, 2010v3.6, 2010v3.7"
"/Return/ReturnData/IRS990/TotalJointCosts/ManagementAndGeneral",477,477,"2010v3.2, 2010v3.4, 2010v3.7"
"/Return/ReturnData/IRS990ScheduleH/HealthProfessionsEducation/PersonsServed",472,472,"2010v3.2, 2010v3.4, 2010v3.6, 2010v3.7"
"/Return/ReturnData/IRS990ScheduleH/EconomicDevelopment/TotalCommunityBuildingExpense",470,470,"2010v3.2, 2010v3.4, 2010v3.6, 2010v3.7"
"/Return/ReturnData/IRS990ScheduleM/RealEstateResidential/MethodOfDeterminingRevenues",454,454,"2010v3.2, 2010v3.4, 2010v3.6, 2010v3.7"
"/Return/ReturnData/IRS990ScheduleH/OtherPercentage",450,450,"2010v3.2, 2010v3.4, 2010v3.6, 2010v3.7"
"/Return/ReturnData/IRS990ScheduleH/OtherPercentage/FreeOtherPercentage",450,450,"2010v3.2, 2010v3.4, 2010v3.6, 2010v3.7"
"/Return/ReturnData/IRS990ScheduleH/OtherPercentage/Other",450,450,"2010v3.2, 2010v3.4, 2010v3.6, 2010v3.7"
"/Return/ReturnData/IRS990ScheduleA/ThirtyThreePercntTestsPY509",448,448,"2010v3.2, 2010v3.4, 2010v3.7"
"/Return/ReturnData/IRS990ScheduleL/DQPTable/NamePerson",448,297,"2010v3.2, 2010v3.4, 2010v3.7"
"/Return/ReturnData/IRS990ScheduleM/RealEstateOther/NonCashCheckbox",447,447,"2010v3.2, 2010v3.4, 2010v3.6, 2010v3.7"
"/Return/ReturnData/IRS990ScheduleH/CharityCareAtCost/PersonsServed",445,445,"2010v3.2, 2010v3.4, 2010v3.7"
"/Return/ReturnData/IRS990ScheduleM/RealEstateOther/NoncashContribsRptdF990",445,445,"2010v3.2, 2010v3.4, 2010v3.6, 2010v3.7"
"/Return/ReturnData/IRS990ScheduleH/Total/DirectOffsettingRevenue",441,441,"2010v3.2, 2010v3.4, 2010v3.7"
"/Return/ReturnData/IRS990ScheduleD/PreservationOfOpenSpace",440,440,"2010v3.2, 2010v3.4, 2010v3.6, 2010v3.7"
"/Return/ReturnData/IRS990ScheduleH/EconomicDevelopment/PercentOfTotalExpense",439,439,"2010v3.2, 2010v3.4, 2010v3.6, 2010v3.7"
"/Return/ReturnData/IRS990ScheduleH/Form990ScheduleHPartVSectionB/NotifyBeforeDischarge",439,327,"2010v3.2, 2010v3.4, 2010v3.6, 2010v3.7"
"/Return/ReturnData/IRS990ScheduleM/RealEstateOther/NumberOfContributions",439,439,"2010v3.2, 2010v3.4, 2010v3.6, 2010v3.7"
"/Return/ReturnData/IRS990ScheduleH/Form990ScheduleHPartVSectionB/PostedInAdmissionOffice",437,296,"2010v3.2, 2010v3.4, 2010v3.6, 2010v3.7"
"/Return/ReturnData/IRS990ScheduleH/Pcent100",436,436,"2010v3.2, 2010v3.4, 2010v3.6, 2010v3.7"
"/Return/ReturnData/IRS990ScheduleH/DiscountedOther",433,433,"2010v3.2, 2010v3.4, 2010v3.6, 2010v3.7"
"/Return/ReturnData/IRS990ScheduleH/DiscountedOther/DiscountedOtherPercentage",433,433,"2010v3.2, 2010v3.4, 2010v3.6, 2010v3.7"
"/Return/ReturnData/IRS990ScheduleH/DiscountedOther/Other",433,433,"2010v3.2, 2010v3.4, 2010v3.6, 2010v3.7"
"/Return/ReturnData/IRS990ScheduleH/Pcent200D",430,430,"2010v3.2, 2010v3.4, 2010v3.6, 2010v3.7"
"/Return/ReturnData/IRS990ScheduleM/Collectibles/NonCashCheckbox",429,429,"2010v3.2, 2010v3.4, 2010v3.6, 2010v3.7"
"/Return/ReturnData/IRS990ScheduleH/CashAndInKindContributions/PersonsServed",423,423,"2010v3.2, 2010v3.4, 2010v3.6, 2010v3.7"
"/Return/ReturnData/IRS990ScheduleM/Collectibles/NumberOfContributions",421,421,"2010v3.2, 2010v3.4, 2010v3.6, 2010v3.7"
"/Return/ReturnData/IRS990ScheduleH/Form990ScheduleHPartVSectionB/UninsuredDiscount",419,278,"2010v3.2, 2010v3.4, 2010v3.7"
"/Return/ReturnData/IRS990ScheduleH/CashAndInKindContributions/NumberOfActivitiesOrPrograms",412,412,"2010v3.2, 2010v3.4, 2010v3.6, 2010v3.7"
"/Return/ReturnData/IRS990ScheduleH/HealthProfessionsEducation/NumberOfActivitiesOrPrograms",411,411,"2010v3.2, 2010v3.4, 2010v3.6, 2010v3.7"
"/Return/ReturnData/IRS990ScheduleM/Collectibles/NoncashContribsRptdF990",410,410,"2010v3.2, 2010v3.4, 2010v3.6, 2010v3.7"
"/Return/ReturnData/IRS990ScheduleH/Form990ScheduleHPartVSectionB/MedicalIndigency",409,295,"2010v3.2, 2010v3.4, 2010v3.6, 2010v3.7"
"/Return/ReturnData/IRS990ScheduleR/Form990ScheduleRPartII/AddressForeign/PostalCode",409,224,"2010v3.2, 2010v3.4, 2010v3.7"
"/Return/ReturnData/IRS990ScheduleM/RealEstateCommercial/MethodOfDeterminingRevenues",406,406,"2010v3.2, 2010v3.4, 2010v3.6, 2010v3.7"
"/Return/ReturnData/IRS990ScheduleG/ExplanationIfNo",398,398,"2010v3.2, 2010v3.4, 2010v3.6, 2010v3.7"
"/Return/ReturnData/IRS990ScheduleH/Form990ScheduleHPartVSectionB/Lawsuit",398,287,"2010v3.2, 2010v3.4, 2010v3.7"
"/Return/ReturnData/IRS990ScheduleH/Form990ScheduleHPartVSectionB/AssetLevel",396,302,"2010v3.2, 2010v3.4, 2010v3.7"
"/Return/ReturnData/IRS990ScheduleH/Form990ScheduleHPartVSectionB/PermitLawsuit",394,287,"2010v3.2, 2010v3.4, 2010v3.7"
"/Return/ReturnData/IRS990ScheduleH/LeadershipDevelopment",394,394,"2010v3.2, 2010v3.4, 2010v3.7"
"/Return/ReturnData/IRS990/ContractorCompensation/AddressOfContractor/AddressForeign/PostalCode",393,266,"2010v3.2, 2010v3.4, 2010v3.6, 2010v3.7"
"/Return/ReturnData/IRS990ScheduleH/Form990ScheduleHPartVSectionB/InsuranceStatus",390,270,"2010v3.2, 2010v3.4, 2010v3.7"
"/Return/ReturnData/IRS990ScheduleH/Other",390,390,"2010v3.2, 2010v3.4, 2010v3.7"
"/Return/ReturnData/IRS990EZ/TheBooksAreInCareOf/NameBusiness/BusinessNameLine2",389,389,"2010v3.2, 2010v3.4, 2010v3.6, 2010v3.7"
"/Return/ReturnData/IRS990ScheduleM/Collectibles/MethodOfDeterminingRevenues",389,389,"2010v3.2, 2010v3.4, 2010v3.6, 2010v3.7"
"/Return/ReturnHeader/PreparerFirm/PreparerFirmUSAddress/AddressLine2",382,382,"2010v3.2, 2010v3.4"
"/Return/ReturnData/IRS990ScheduleH/Form990ScheduleHPartVSectionB/PostedOnWebsite",381,265,"2010v3.2, 2010v3.4, 2010v3.6, 2010v3.7"
"/Return/ReturnData/IRS990ScheduleH/LeadershipDevelopment/NetCommunityBuildingExpense",376,376,"2010v3.2, 2010v3.4, 2010v3.7"
"/Return/ReturnData/IRS990ScheduleH/PhysicalImprovementsAndHousing",376,376,"2010v3.2, 2010v3.4, 2010v3.7"
"/Return/ReturnData/IRS990ScheduleM/RealEstateOther/MethodOfDeterminingRevenues",371,371,"2010v3.2, 2010v3.4, 2010v3.6, 2010v3.7"
"/Return/ReturnData/IRS990ScheduleH/Form990ScheduleHPartVSectionB/PostedInEmergencyRoom",370,260,"2010v3.2, 2010v3.4, 2010v3.7"
"/Return/ReturnData/IRS990ScheduleD/NmbrHistStructEasements",366,366,"2010v3.2, 2010v3.4, 2010v3.7"
"/Return/ReturnData/IRS990ScheduleH/Other/NetCommunityBuildingExpense",366,366,"2010v3.2, 2010v3.4, 2010v3.7"
"/Return/ReturnData/IRS990ScheduleC/RalliesDemonstrationsAmount",361,361,"2010v3.2, 2010v3.4, 2010v3.7"
"/Return/ReturnData/IRS990ScheduleH/Form990ScheduleHPartVSectionB/ProvidedOnAdmission",361,249,"2010v3.2, 2010v3.4, 2010v3.6, 2010v3.7"
"/Return/ReturnData/IRS990/ContractorCompensation/AddressOfContractor/AddressForeign/ProvinceOrState",359,233,"2010v3.2, 2010v3.4, 2010v3.7"
"/Return/ReturnData/IRS990ScheduleD/HeldWorksOfArtAmts/AssetsInPartX",358,358,"2010v3.2, 2010v3.4, 2010v3.7"
"/Return/ReturnData/IRS990ScheduleH/UnreimbursedMedicaid/PersonsServed",357,357,"2010v3.2, 2010v3.4, 2010v3.7"
"/Return/ReturnData/IRS990ScheduleH/PhysicalImprovementsAndHousing/NetCommunityBuildingExpense",346,346,"2010v3.2, 2010v3.4, 2010v3.7"
"/Return/ReturnData/IRS990ScheduleN/LiquidationTable/LiquidationDetail/NamePerson",345,178,"2010v3.2, 2010v3.4, 2010v3.7"
"/Return/ReturnData/IRS990ScheduleH/Form990ScheduleHPartVSectionB/MedicaidMedicare",341,245,"2010v3.2, 2010v3.4, 2010v3.6, 2010v3.7"
"/Return/ReturnData/AffiliateListing/Affiliate/AddressUS/AddressLine2",340,8,"2010v3.2, 2010v3.4"
"/Return/ReturnData/IRS990ScheduleH/Other/PercentOfTotalExpense",340,340,"2010v3.2, 2010v3.4, 2010v3.7"
"/Return/ReturnData/IRS990ScheduleD/NmbrHistStructEasementsAfter",339,339,"2010v3.2, 2010v3.4, 2010v3.7"
"/Return/ReturnData/IRS990ScheduleH/Form990ScheduleHPartVSectionA/ResearchFacility",339,239,"2010v3.2, 2010v3.4, 2010v3.7"
"/Return/ReturnData/IRS990ScheduleG/GamingInformation/RentFacilityCostsOtherGaming",337,337,"2010v3.2, 2010v3.4, 2010v3.6, 2010v3.7"
"/Return/ReturnData/IRS990ScheduleH/CommunitySupport/NumberOfActivitiesOrPrograms",337,337,"2010v3.2, 2010v3.4, 2010v3.6, 2010v3.7"
"/Return/ReturnData/IRS990ScheduleD/NmbrEasementsModified",336,336,"2010v3.2, 2010v3.4, 2010v3.7"
"/Return/ReturnData/IRS990ScheduleH/LeadershipDevelopment/TotalCommunityBuildingExpense",334,334,"2010v3.2, 2010v3.4, 2010v3.7"
"/Return/ReturnData/IRS990ScheduleL/DQPTable/NameBusiness",328,203,"2010v3.2, 2010v3.4"
"/Return/ReturnData/IRS990ScheduleL/DQPTable/NameBusiness/BusinessNameLine1",328,203,"2010v3.2, 2010v3.4"
"/Return/ReturnData/IRS990ScheduleH/Other/TotalCommunityBuildingExpense",326,326,"2010v3.2, 2010v3.4, 2010v3.7"
"/Return/ReturnData/IRS990ScheduleH/LeadershipDevelopment/PercentOfTotalExpense",325,325,"2010v3.2, 2010v3.4, 2010v3.7"
"/Return/ReturnData/IRS990ScheduleH/SubsidizedHealthServices/PersonsServed",322,322,"2010v3.2, 2010v3.4, 2010v3.7"
"/Return/ReturnData/IRS990/ActivityCode",320,320,"2010v3.2, 2010v3.4, 2010v3.7"
"/Return/ReturnData/IRS990ScheduleR/Form990ScheduleRPartIII/AddressForeign",318,52,"2010v3.2, 2010v3.4, 2010v3.7"
"/Return/ReturnData/IRS990ScheduleR/Form990ScheduleRPartIII/AddressForeign/AddressLine1",318,52,"2010v3.2, 2010v3.4, 2010v3.7"
"/Return/ReturnData/IRS990ScheduleR/Form990ScheduleRPartIII/AddressForeign/Country",318,52,"2010v3.2, 2010v3.4, 2010v3.7"
"/Return/ReturnData/IRS990ScheduleA/GovernmentalUnit170b1Av",315,315,"2010v3.2, 2010v3.4, 2010v3.6, 2010v3.7"
"/Return/ReturnData/IRS990ScheduleD/PreservationForPublicUse",314,314,"2010v3.2, 2010v3.4, 2010v3.7"
"/Return/ReturnData/IRS990/Organization4947a1",313,313,"2010v3.2, 2010v3.4"
"/Return/ReturnData/IRS990ScheduleH/PhysicalImprovementsAndHousing/PercentOfTotalExpense",309,309,"2010v3.2, 2010v3.4, 2010v3.7"
"/Return/ReturnData/IRS990ScheduleH/PhysicalImprovementsAndHousing/TotalCommunityBuildingExpense",307,307,"2010v3.2, 2010v3.4, 2010v3.7"
"/Return/ReturnData/IRS990ScheduleR/Form990ScheduleRPartIII/LegalDomicileForeignCountry",306,56,"2010v3.2, 2010v3.4, 2010v3.7"
"/Return/ReturnData/IRS990ScheduleH/EnvironmentalImprovements",305,305,"2010v3.2, 2010v3.4, 2010v3.6, 2010v3.7"
"/Return/ReturnData/IRS990ScheduleH/TotalCharityCare/NumberOfActivitiesOrPrograms",305,305,"2010v3.2, 2010v3.4, 2010v3.7"
"/Return/ReturnData/IRS990ScheduleC/OrgBelongsToAffiliatedGroup",300,300,"2010v3.2, 2010v3.4, 2010v3.6, 2010v3.7"
"/Return/ReturnData/IRS990ScheduleH/CommunitySupport/PersonsServed",295,295,"2010v3.2, 2010v3.4, 2010v3.6, 2010v3.7"
"/Return/ReturnData/IRS990ScheduleN/DispositionTable/NamePerson",291,179,"2010v3.2, 2010v3.4, 2010v3.6, 2010v3.7"
"/Return/ReturnData/IRS990ScheduleH/SubsidizedHealthServices/NumberOfActivitiesOrPrograms",290,290,"2010v3.2, 2010v3.4, 2010v3.7"
"/Return/ReturnData/IRS990ScheduleH/EnvironmentalImprovements/NetCommunityBuildingExpense",286,286,"2010v3.2, 2010v3.4, 2010v3.6, 2010v3.7"
"/Return/ReturnData/IRS990ScheduleR/Form990ScheduleRPartIII/AddressForeign/City",284,50,"2010v3.2, 2010v3.4, 2010v3.7"
"/Return/ReturnData/IRS990ScheduleD/FinancialDerivatives/MethodOfValuation",277,277,"2010v3.2, 2010v3.4, 2010v3.7"
"/Return/ReturnData/IRS990ScheduleH/CommunitySupport/DirectOffsettingRevenue",270,270,"2010v3.2, 2010v3.4, 2010v3.7"
"/Return/ReturnData/IRS990EZ/ForeignOfficeCountry",269,260,"2010v3.2, 2010v3.4, 2010v3.7"
"/Return/ReturnData/IRS990ScheduleD/CollectionUsedForOther",266,266,"2010v3.2, 2010v3.4, 2010v3.7"
"/Return/ReturnData/IRS990ScheduleD/CollectionUsedForOther/CollectionUsedForOtherPurposes",266,266,"2010v3.2, 2010v3.4, 2010v3.7"
"/Return/ReturnData/IRS990ScheduleD/CollectionUsedForOther/DescriptionOfOtherPurposes",266,266,"2010v3.2, 2010v3.4, 2010v3.7"
"/Return/ReturnData/IRS990ScheduleD/HeldWorksOfArtAmts/RevenuesIncluded",264,264,"2010v3.2, 2010v3.4, 2010v3.7"
"/Return/ReturnData/IRS990/AmountOfTaxExemptInterest",263,263,"2010v3.2, 2010v3.4"
"/Return/ReturnData/IRS990ScheduleN/Form990ScheduleNPartIII/ReturnReference",263,233,"2010v3.2, 2010v3.4, 2010v3.7"
"/Return/ReturnData/IRS990ScheduleH/Pcent150",261,261,"2010v3.2, 2010v3.4, 2010v3.7"
"/Return/ReturnData/IRS990ScheduleN/Form990ScheduleNPartIII/Identifier",260,225,"2010v3.2, 2010v3.4, 2010v3.7"
"/Return/ReturnData/IRS990ScheduleK/Form990ScheduleKPartI/IssuerName/BusinessNameLine2",258,123,"2010v3.2, 2010v3.4, 2010v3.7"
"/Return/ReturnData/IRS990ScheduleR/Form990ScheduleRPartIV/NameOfRelatedOrg/BusinessNameLine2",256,96,"2010v3.2, 2010v3.4, 2010v3.6, 2010v3.7"
"/Return/ReturnData/IRS990ScheduleH/Form990ScheduleHPartVSectionB/AttachedToInvoices",255,177,"2010v3.2, 2010v3.4, 2010v3.6, 2010v3.7"
"/Return/ReturnData/IRS990ScheduleR/Form990ScheduleRPartII/AddressForeign/ProvinceOrState",252,166,"2010v3.2, 2010v3.4, 2010v3.7"
"/Return/ReturnData/IRS990ScheduleH/EnvironmentalImprovements/PercentOfTotalExpense",251,251,"2010v3.2, 2010v3.4, 2010v3.7"
"/Return/ReturnData/IRS990ScheduleH/Form990ScheduleHPartVSectionA/ChildrensHospital",250,185,"2010v3.2, 2010v3.4, 2010v3.6, 2010v3.7"
"/Return/ReturnData/IRS990EZ/AmendedReturn",247,247,"2010v3.2, 2010v3.4, 2010v3.6, 2010v3.7"
"/Return/ReturnData/IRS990ScheduleC/GrassrootsNontaxableAmount/AffiliatedGroupTotals",245,245,"2010v3.2, 2010v3.4, 2010v3.6, 2010v3.7"
"/Return/ReturnData/IRS990ScheduleC/TotalExemptPurposeExpenditures/AffiliatedGroupTotals",245,245,"2010v3.2, 2010v3.4, 2010v3.6, 2010v3.7"
"/Return/ReturnData/IRS990EZ/ForeignFinancialAccountCountry",243,237,"2010v3.2, 2010v3.4, 2010v3.7"
"/Return/ReturnData/IRS990ScheduleC/LobbyingNontaxableAmount/AffiliatedGroupTotals",242,242,"2010v3.2, 2010v3.4, 2010v3.6, 2010v3.7"
"/Return/ReturnData/IRS990ScheduleC/TotalLobbyingExpenditures/AffiliatedGroupTotals",242,242,"2010v3.2, 2010v3.4, 2010v3.6, 2010v3.7"
"/Return/ReturnData/IRS990ScheduleH/EnvironmentalImprovements/TotalCommunityBuildingExpense",240,240,"2010v3.2, 2010v3.4, 2010v3.6, 2010v3.7"
"/Return/ReturnData/IRS990ScheduleA/HospitalNameAndAddress",237,199,"2010v3.2, 2010v3.4, 2010v3.7"
"/Return/ReturnData/IRS990ScheduleA/HospitalNameAndAddress/City",237,199,"2010v3.2, 2010v3.4, 2010v3.7"
"/Return/ReturnData/IRS990ScheduleA/HospitalNameAndAddress/Name",237,199,"2010v3.2, 2010v3.4, 2010v3.7"
"/Return/ReturnData/IRS990ScheduleA/HospitalNameAndAddress/Name/BusinessNameLine1",237,199,"2010v3.2, 2010v3.4, 2010v3.7"
"/Return/ReturnData/IRS990ScheduleC/OtherExemptPurposeExpenditures/AffiliatedGroupTotals",236,236,"2010v3.2, 2010v3.4, 2010v3.6, 2010v3.7"
"/Return/ReturnData/IRS990ScheduleR/Form990ScheduleRPartIV/AddressUS/AddressLine2",229,111,"2010v3.2, 2010v3.4, 2010v3.6, 2010v3.7"
"/Return/ReturnData/IRS990ScheduleA/HospitalNameAndAddress/State",227,195,"2010v3.2, 2010v3.4, 2010v3.7"
"/Return/ReturnData/IRS990ScheduleC/TotalDirectLobbying/AffiliatedGroupTotals",226,226,"2010v3.2, 2010v3.4, 2010v3.6, 2010v3.7"
"/Return/ReturnData/IRS990ScheduleH/CoalitionBuilding/NumberOfActivitiesOrPrograms",225,225,"2010v3.2, 2010v3.4, 2010v3.7"
"/Return/ReturnData/IRS990ScheduleJ/Form990ScheduleJPartII/NameBusiness",217,105,"2010v3.2, 2010v3.4, 2010v3.6, 2010v3.7"
"/Return/ReturnData/IRS990ScheduleJ/Form990ScheduleJPartII/NameBusiness/BusinessNameLine1",217,105,"2010v3.2, 2010v3.4, 2010v3.6, 2010v3.7"
"/Return/ReturnData/IRS990ScheduleK/Form990ScheduleKPartIV/NameOfHedgeProvider/BusinessNameLine2",217,174,"2010v3.2, 2010v3.4, 2010v3.7"
"/Return/ReturnData/IRS990ScheduleR/Form990ScheduleRPartIII/DirectControllingEntityName/BusinessNameLine2",217,42,"2010v3.2, 2010v3.4, 2010v3.7"
"/Return/ReturnData/IRS990ScheduleH/Form990ScheduleHPartVSectionB/LienOnResidence",216,141,"2010v3.2, 2010v3.4, 2010v3.7"
"/Return/ReturnData/IRS990ScheduleH/Form990ScheduleHPartVSectionB/StateRegulation",216,162,"2010v3.2, 2010v3.4, 2010v3.7"
"/Return/ReturnData/IRS990ScheduleH/CostingMethodologyUsed/CostAccountingSystem",214,214,"2010v3.2, 2010v3.4, 2010v3.7"
"/Return/ReturnData/IRS990/TheBooksAreInCareOf/AddressForeign",207,207,"2010v3.2, 2010v3.4, 2010v3.6, 2010v3.7"
"/Return/ReturnData/IRS990/TheBooksAreInCareOf/AddressForeign/AddressLine1",207,207,"2010v3.2, 2010v3.4, 2010v3.6, 2010v3.7"
"/Return/ReturnData/IRS990/TheBooksAreInCareOf/AddressForeign/Country",207,207,"2010v3.2, 2010v3.4, 2010v3.6, 2010v3.7"
"/Return/ReturnData/IRS990ScheduleC/AmtOf4955Tax",207,207,"2010v3.2, 2010v3.4, 2010v3.7"
"/Return/ReturnData/IRS990ScheduleH/WorkforceDevelopment/NumberOfActivitiesOrPrograms",207,207,"2010v3.2, 2010v3.4, 2010v3.6, 2010v3.7"
"/Return/ReturnData/IRS990ScheduleL/Form990ScheduleLPartIII/NameOfInterestedBusiness",204,129,"2010v3.2, 2010v3.4, 2010v3.7"
"/Return/ReturnData/IRS990ScheduleL/Form990ScheduleLPartIII/NameOfInterestedBusiness/BusinessNameLine1",204,129,"2010v3.2, 2010v3.4, 2010v3.7"
"/Return/ReturnData/IRS990ScheduleH/CoalitionBuilding/PersonsServed",201,201,"2010v3.2, 2010v3.4, 2010v3.7"
"/Return/ReturnData/IRS990ScheduleH/Form990ScheduleHPartVSectionB/PermitLienOnResidence",200,141,"2010v3.2, 2010v3.4, 2010v3.7"
"/Return/ReturnData/IRS990ScheduleA/MedicalResearchOrg170b1Aiii",199,199,"2010v3.2, 2010v3.4, 2010v3.7"
"/Return/ReturnData/IRS990ScheduleC/AmtOf4955TaxOnManagers",199,199,"2010v3.2, 2010v3.4, 2010v3.7"
"/Return/ReturnData/IRS990ScheduleH/HealthImprovementAdvocacy/NumberOfActivitiesOrPrograms",199,199,"2010v3.2, 2010v3.4, 2010v3.7"
"/Return/ReturnData/IRS990/TheBooksAreInCareOf/AddressForeign/City",197,197,"2010v3.2, 2010v3.4, 2010v3.6, 2010v3.7"
"/Return/ReturnData/IRS990ScheduleR/Form990ScheduleRPartVI",197,119,"2010v3.2, 2010v3.4, 2010v3.6, 2010v3.7"
"/Return/ReturnData/IRS990ScheduleR/Form990ScheduleRPartVI/NameOfBusiness",197,119,"2010v3.2, 2010v3.4, 2010v3.6, 2010v3.7"
"/Return/ReturnData/IRS990ScheduleR/Form990ScheduleRPartVI/NameOfBusiness/BusinessNameLine1",197,119,"2010v3.2, 2010v3.4, 2010v3.6, 2010v3.7"
"/Return/ReturnData/IRS990/ContractorCompensation/NameOfContractor/NameBusiness/BusinessNameLine2",195,124,"2010v3.2, 2010v3.4, 2010v3.6, 2010v3.7"
"/Return/ReturnData/IRS990ScheduleH/HealthImprovementAdvocacy/DirectOffsettingRevenue",195,195,"2010v3.2, 2010v3.4, 2010v3.7"
"/Return/ReturnData/IRS990ScheduleH/WorkforceDevelopment/PersonsServed",193,193,"2010v3.2, 2010v3.4, 2010v3.6, 2010v3.7"
"/Return/ReturnData/IRS990ScheduleR/Form990ScheduleRPartVI/AddressUS",193,115,"2010v3.2, 2010v3.4, 2010v3.7"
"/Return/ReturnData/IRS990ScheduleR/Form990ScheduleRPartVI/AddressUS/AddressLine1",193,115,"2010v3.2, 2010v3.4, 2010v3.7"
"/Return/ReturnData/IRS990ScheduleR/Form990ScheduleRPartVI/AddressUS/City",193,115,"2010v3.2, 2010v3.4, 2010v3.7"
"/Return/ReturnData/IRS990ScheduleR/Form990ScheduleRPartVI/AddressUS/State",193,115,"2010v3.2, 2010v3.4, 2010v3.7"
"/Return/ReturnData/IRS990ScheduleR/Form990ScheduleRPartVI/AddressUS/ZIPCode",193,115,"2010v3.2, 2010v3.4, 2010v3.7"
"/Return/ReturnData/IRS990ScheduleR/Form990ScheduleRPartVI/DisproportionateAllocations",193,116,"2010v3.2, 2010v3.4, 2010v3.6, 2010v3.7"
"/Return/ReturnData/IRS990ScheduleR/Form990ScheduleRPartVI/GeneralOrManagingPartner",193,116,"2010v3.2, 2010v3.4, 2010v3.6, 2010v3.7"
"/Return/ReturnData/IRS990ScheduleR/Form990ScheduleRPartVI/AllPartnersC3S",191,115,"2010v3.2, 2010v3.4, 2010v3.6, 2010v3.7"
"/Return/ReturnData/IRS990ScheduleR/Form990ScheduleRPartVI/LegalDomicileState",191,115,"2010v3.2, 2010v3.4, 2010v3.7"
"/Return/ReturnData/IRS990ScheduleR/Form990ScheduleRPartVI/PrimaryActivity",191,113,"2010v3.2, 2010v3.4, 2010v3.7"
"/Return/ReturnData/IRS990ScheduleH/HealthImprovementAdvocacy/PersonsServed",187,187,"2010v3.2, 2010v3.4, 2010v3.7"
"/Return/ReturnData/IRS990ScheduleC/PublicationsOrBroadcastAmount",184,184,"2010v3.2, 2010v3.4, 2010v3.7"
"/Return/ReturnData/IRS990ScheduleH/WorkforceDevelopment/DirectOffsettingRevenue",184,184,"2010v3.2, 2010v3.4, 2010v3.7"
"/Return/ReturnData/IRS990ScheduleR/Form990ScheduleRPartVI/EIN",183,109,"2010v3.2, 2010v3.4, 2010v3.7"
"/Return/ReturnData/AffiliatedGroupSchedule/AffiliatedSchedule/ElectingOrg",182,69,"2010v3.2, 2010v3.4, 2010v3.7"
"/Return/ReturnData/IRS990ScheduleH/EconomicDevelopment/NumberOfActivitiesOrPrograms",181,181,"2010v3.2, 2010v3.4, 2010v3.6, 2010v3.7"
"/Return/ReturnData/IRS990ScheduleH/CoalitionBuilding/DirectOffsettingRevenue",179,179,"2010v3.2, 2010v3.4, 2010v3.7"
"/Return/ReturnData/IRS990ScheduleH/Form990ScheduleHPartVSectionB/OtherPublicity",173,127,"2010v3.2, 2010v3.4, 2010v3.7"
"/Return/ReturnData/IRS990ScheduleG/GamingManagerNameBusiness",172,172,"2010v3.2, 2010v3.4, 2010v3.7"
"/Return/ReturnData/IRS990ScheduleG/GamingManagerNameBusiness/BusinessNameLine1",172,172,"2010v3.2, 2010v3.4, 2010v3.7"
"/Return/ReturnData/IRS990ScheduleR/Form990ScheduleRPartIII/AddressForeign/PostalCode",169,39,"2010v3.2, 2010v3.4, 2010v3.7"
"/Return/ReturnData/IRS990ScheduleH/CharityCareAtCost/NumberOfActivitiesOrPrograms",168,168,"2010v3.2, 2010v3.4, 2010v3.7"
"/Return/ReturnData/IRS990ScheduleR/Form990ScheduleRPartI/LegalDomicileForeignCountry",168,86,"2010v3.2, 2010v3.4, 2010v3.7"
"/Return/ReturnData/IRS990ScheduleR/Form990ScheduleRPartVI/ShareOfEOYAssets",168,94,"2010v3.2, 2010v3.4, 2010v3.7"
"/Return/ReturnData/IRS990ScheduleH/Research/PersonsServed",167,167,"2010v3.2, 2010v3.4, 2010v3.7"
"/Return/ReturnData/IRS990/TheBooksAreInCareOf/AddressForeign/PostalCode",163,163,"2010v3.2, 2010v3.4, 2010v3.6, 2010v3.7"
"/Return/ReturnData/IRS990ScheduleG/AddressOfThirdPartyUS",162,162,"2010v3.2, 2010v3.4, 2010v3.6, 2010v3.7"
"/Return/ReturnData/IRS990ScheduleG/AddressOfThirdPartyUS/AddressLine1",162,162,"2010v3.2, 2010v3.4, 2010v3.6, 2010v3.7"
"/Return/ReturnData/IRS990ScheduleG/AddressOfThirdPartyUS/City",162,162,"2010v3.2, 2010v3.4, 2010v3.6, 2010v3.7"
"/Return/ReturnData/IRS990ScheduleG/AddressOfThirdPartyUS/State",162,162,"2010v3.2, 2010v3.4, 2010v3.6, 2010v3.7"
"/Return/ReturnData/IRS990ScheduleG/AddressOfThirdPartyUS/ZIPCode",162,162,"2010v3.2, 2010v3.4, 2010v3.6, 2010v3.7"
"/Return/ReturnData/IRS990ScheduleH/Research/NumberOfActivitiesOrPrograms",160,160,"2010v3.2, 2010v3.4, 2010v3.7"
"/Return/ReturnData/IRS990ScheduleD/HistoricStructure",156,156,"2010v3.2, 2010v3.4, 2010v3.7"
"/Return/ReturnData/IRS990ScheduleM/SecuritiesCloselyHeldStock/NonCashCheckbox",156,156,"2010v3.2, 2010v3.4, 2010v3.7"
"/Return/ReturnData/IRS990ScheduleG/GamingInformation/NonCashPrizesBingo",155,155,"2010v3.2, 2010v3.4, 2010v3.6, 2010v3.7"
"/Return/ReturnData/IRS990ScheduleM/SecuritiesCloselyHeldStock/NoncashContribsRptdF990",155,155,"2010v3.2, 2010v3.4, 2010v3.7"
"/Return/ReturnData/IRS990ScheduleM/SecuritiesCloselyHeldStock/NumberOfContributions",155,155,"2010v3.2, 2010v3.4, 2010v3.7"
"/Return/ReturnData/IRS990ScheduleH/Form990ScheduleHPartVSectionC/OtherFacilities/Address/AddressLine2",151,48,"2010v3.2, 2010v3.4, 2010v3.6, 2010v3.7"
"/Return/ReturnData/IRS990ScheduleM/HistoricalArtifacts/NonCashCheckbox",151,151,"2010v3.2, 2010v3.4, 2010v3.7"
"/Return/ReturnData/IRS990/AddressPrincipalOfficerForeign",150,150,"2010v3.2, 2010v3.4, 2010v3.6, 2010v3.7"
"/Return/ReturnData/IRS990/AddressPrincipalOfficerForeign/AddressLine1",150,150,"2010v3.2, 2010v3.4, 2010v3.6, 2010v3.7"
"/Return/ReturnData/IRS990/AddressPrincipalOfficerForeign/Country",150,150,"2010v3.2, 2010v3.4, 2010v3.6, 2010v3.7"
"/Return/ReturnData/IRS990ScheduleD/HistoricLandArea",150,150,"2010v3.2, 2010v3.4, 2010v3.7"
"/Return/ReturnData/IRS990ScheduleK/Form990ScheduleKPartIV/NameOfGICProvider/BusinessNameLine2",149,103,"2010v3.2, 2010v3.4, 2010v3.7"
"/Return/ReturnData/IRS990ScheduleM/HistoricalArtifacts/NumberOfContributions",149,149,"2010v3.2, 2010v3.4, 2010v3.7"
"/Return/ReturnData/IRS990ScheduleR/Form990ScheduleRPartI/AddressForeign",149,78,"2010v3.2, 2010v3.4, 2010v3.7"
"/Return/ReturnData/IRS990ScheduleR/Form990ScheduleRPartI/AddressForeign/AddressLine1",149,78,"2010v3.2, 2010v3.4, 2010v3.7"
"/Return/ReturnData/IRS990ScheduleR/Form990ScheduleRPartI/AddressForeign/Country",149,78,"2010v3.2, 2010v3.4, 2010v3.7"
"/Return/ReturnData/IRS990ScheduleH/UnreimbursedCosts/PersonsServed",148,148,"2010v3.2, 2010v3.4, 2010v3.7"
"/Return/ReturnData/IRS990ScheduleG/AmtOfGamingRevenueRecvdByOrg",142,142,"2010v3.2, 2010v3.4, 2010v3.6, 2010v3.7"
"/Return/ReturnData/IRS990ScheduleG/GamingManagerIsIndContractor",141,141,"2010v3.2, 2010v3.4, 2010v3.6, 2010v3.7"
"/Return/ReturnData/IRS990ScheduleM/BoatsAndPlanes/NonCashCheckbox",141,141,"2010v3.2, 2010v3.4, 2010v3.7"
"/Return/ReturnData/IRS990ScheduleC/TotalGrassrootsLobbying/AffiliatedGroupTotals",140,140,"2010v3.2, 2010v3.4, 2010v3.7"
"/Return/ReturnData/IRS990ScheduleH/Pcent250",140,140,"2010v3.2, 2010v3.4, 2010v3.6, 2010v3.7"
"/Return/ReturnData/IRS990ScheduleM/BoatsAndPlanes/NumberOfContributions",140,140,"2010v3.2, 2010v3.4, 2010v3.7"
"/Return/ReturnData/IRS990ScheduleM/SecuritiesCloselyHeldStock/MethodOfDeterminingRevenues",140,140,"2010v3.2, 2010v3.4, 2010v3.7"
"/Return/ReturnData/IRS990ScheduleH/EconomicDevelopment/DirectOffsettingRevenue",139,139,"2010v3.2, 2010v3.4, 2010v3.7"
"/Return/ReturnData/IRS990ScheduleH/UnreimbursedMedicaid/NumberOfActivitiesOrPrograms",138,138,"2010v3.2, 2010v3.4, 2010v3.7"
"/Return/ReturnData/IRS990ScheduleM/BoatsAndPlanes/NoncashContribsRptdF990",138,138,"2010v3.2, 2010v3.4, 2010v3.7"
"/Return/ReturnData/IRS990ScheduleH/LeadershipDevelopment/DirectOffsettingRevenue",137,137,"2010v3.2, 2010v3.4, 2010v3.7"
"/Return/ReturnData/IRS990/AddressPrincipalOfficerForeign/City",135,135,"2010v3.2, 2010v3.4, 2010v3.6, 2010v3.7"
"/Return/ReturnData/IRS990ScheduleH/LeadershipDevelopment/PersonsServed",135,135,"2010v3.2, 2010v3.4, 2010v3.7"
"/Return/ReturnData/IRS990ScheduleM/SecuritiesMiscellaneous/NoncashContribsRptdF990",135,135,"2010v3.2, 2010v3.4, 2010v3.6, 2010v3.7"
"/Return/ReturnData/IRS990ScheduleR/Form990ScheduleRPartIV/AddressForeign/AddressLine2",135,23,"2010v3.2, 2010v3.4, 2010v3.7"
"/Return/ReturnData/IRS990ScheduleM/SecuritiesMiscellaneous/NonCashCheckbox",134,134,"2010v3.2, 2010v3.4, 2010v3.6, 2010v3.7"
"/Return/ReturnData/IRS990ScheduleM/SecuritiesMiscellaneous/NumberOfContributions",134,134,"2010v3.2, 2010v3.4, 2010v3.6, 2010v3.7"
"/Return/ReturnData/IRS990ScheduleH/Form990ScheduleHPartVSectionB/PermitOtherActions",133,90,"2010v3.2, 2010v3.4, 2010v3.6, 2010v3.7"
"/Return/ReturnData/IRS990ScheduleH/PhysicalImprovementsAndHousing/DirectOffsettingRevenue",133,133,"2010v3.2, 2010v3.4, 2010v3.7"
"/Return/ReturnData/IRS990ScheduleJ/PaymentsForUseOfResidence",133,133,"2010v3.2, 2010v3.4, 2010v3.7"
"/Return/ReturnData/IRS990EZ/OfficerDirectorTrusteeKeyEmpl/AddressForeign/AddressLine2",130,73,"2010v3.2, 2010v3.4, 2010v3.6, 2010v3.7"
"/Return/ReturnData/IRS990ScheduleH/Other/DirectOffsettingRevenue",128,128,"2010v3.2, 2010v3.4, 2010v3.7"
"/Return/ReturnData/IRS990ScheduleM/BoatsAndPlanes/MethodOfDeterminingRevenues",128,128,"2010v3.2, 2010v3.4, 2010v3.7"
"/Return/ReturnData/IRS990ScheduleH/LeadershipDevelopment/NumberOfActivitiesOrPrograms",126,126,"2010v3.2, 2010v3.4, 2010v3.7"
"/Return/ReturnData/IRS990ScheduleR/Form990ScheduleRPartIII/AddressForeign/ProvinceOrState",125,25,"2010v3.4, 2010v3.7"
"/Return/ReturnData/IRS990ScheduleH/EconomicDevelopment/PersonsServed",122,122,"2010v3.2, 2010v3.4, 2010v3.6, 2010v3.7"
"/Return/ReturnData/IRS990ScheduleH/Form990ScheduleHPartVSectionB/CHNAWidelyAvailable",120,80,"2010v3.2, 2010v3.4, 2010v3.7"
"/Return/ReturnData/IRS990ScheduleH/Form990ScheduleHPartVSectionB/OtherFacilities",120,80,"2010v3.2, 2010v3.4, 2010v3.7"
"/Return/ReturnData/IRS990ScheduleH/Form990ScheduleHPartVSectionB/TakeIntoAccount",120,80,"2010v3.2, 2010v3.4, 2010v3.7"
"/Return/ReturnData/IRS990ScheduleG/AllStates",119,119,"2010v3.2, 2010v3.4, 2010v3.6, 2010v3.7"
"/Return/ReturnData/IRS990ScheduleH/Form990ScheduleHPartVSectionB/AllNeedsAddressed",119,79,"2010v3.2, 2010v3.4, 2010v3.7"
"/Return/ReturnData/IRS990ScheduleR/Form990ScheduleRPartI/AddressForeign/City",119,71,"2010v3.2, 2010v3.4, 2010v3.7"
"/Return/ReturnData/IRS990ScheduleM/SecuritiesMiscellaneous/MethodOfDeterminingRevenues",118,118,"2010v3.2, 2010v3.4, 2010v3.6, 2010v3.7"
"/Return/ReturnData/IRS990ScheduleH/Form990ScheduleHPartVSectionB/NeedsAssessmentConducted",116,76,"2010v3.2, 2010v3.4, 2010v3.7"
"/Return/ReturnData/IRS990ScheduleM/SecuritiesPrtnrshpTrustIntrsts/NonCashCheckbox",116,116,"2010v3.2, 2010v3.4, 2010v3.6, 2010v3.7"
"/Return/ReturnData/IRS990ScheduleM/SecuritiesPrtnrshpTrustIntrsts/NumberOfContributions",116,116,"2010v3.2, 2010v3.4, 2010v3.6, 2010v3.7"
"/Return/ReturnData/IRS990ScheduleG/NameOfThirdPartyBusiness",115,115,"2010v3.2, 2010v3.4, 2010v3.6, 2010v3.7"
"/Return/ReturnData/IRS990ScheduleG/NameOfThirdPartyBusiness/BusinessNameLine1",115,115,"2010v3.2, 2010v3.4, 2010v3.6, 2010v3.7"
"/Return/ReturnData/IRS990EZ/CompensationOfHighestPaidEmpl",114,59,"2010v3.2, 2010v3.4, 2010v3.7"
"/Return/ReturnData/IRS990EZ/CompensationOfHighestPaidEmpl/AverageHoursPerWeek",114,59,"2010v3.2, 2010v3.4, 2010v3.7"
"/Return/ReturnData/IRS990EZ/CompensationOfHighestPaidEmpl/Compensation",114,59,"2010v3.2, 2010v3.4, 2010v3.7"
"/Return/ReturnData/IRS990EZ/CompensationOfHighestPaidEmpl/EmployeeBenefits",114,59,"2010v3.2, 2010v3.4, 2010v3.7"
"/Return/ReturnData/IRS990EZ/CompensationOfHighestPaidEmpl/ExpenseAccount",114,59,"2010v3.2, 2010v3.4, 2010v3.7"
"/Return/ReturnData/IRS990EZ/CompensationOfHighestPaidEmpl/Name",114,59,"2010v3.2, 2010v3.4, 2010v3.7"
"/Return/ReturnData/IRS990EZ/CompensationOfHighestPaidEmpl/Title",114,59,"2010v3.2, 2010v3.4, 2010v3.7"
"/Return/ReturnData/IRS990ScheduleH/Form990ScheduleHPartVSectionB/OtherActions",114,74,"2010v3.2, 2010v3.4, 2010v3.6, 2010v3.7"
"/Return/ReturnData/IRS990ScheduleM/SecuritiesPrtnrshpTrustIntrsts/NoncashContribsRptdF990",114,114,"2010v3.2, 2010v3.4, 2010v3.6, 2010v3.7"
"/Return/ReturnData/IRS990EZ/CompOfHghstPaidCntrctProfSer",112,84,"2010v3.2, 2010v3.4, 2010v3.7"
"/Return/ReturnData/IRS990EZ/CompOfHghstPaidCntrctProfSer/AddressUS",112,84,"2010v3.2, 2010v3.4, 2010v3.7"
"/Return/ReturnData/IRS990EZ/CompOfHghstPaidCntrctProfSer/AddressUS/AddressLine1",112,84,"2010v3.2, 2010v3.4, 2010v3.7"
"/Return/ReturnData/IRS990EZ/CompOfHghstPaidCntrctProfSer/AddressUS/City",112,84,"2010v3.2, 2010v3.4, 2010v3.7"
"/Return/ReturnData/IRS990EZ/CompOfHghstPaidCntrctProfSer/AddressUS/State",112,84,"2010v3.2, 2010v3.4, 2010v3.7"
"/Return/ReturnData/IRS990EZ/CompOfHghstPaidCntrctProfSer/AddressUS/ZIPCode",112,84,"2010v3.2, 2010v3.4, 2010v3.7"
"/Return/ReturnData/IRS990EZ/CompOfHghstPaidCntrctProfSer/Compensation",112,84,"2010v3.2, 2010v3.4, 2010v3.7"
"/Return/ReturnData/IRS990EZ/CompOfHghstPaidCntrctProfSer/TypeOfService",112,84,"2010v3.2, 2010v3.4, 2010v3.7"
"/Return/ReturnData/IRS990ScheduleH/EnvironmentalImprovements/DirectOffsettingRevenue",112,112,"2010v3.2, 2010v3.4, 2010v3.7"
"/Return/ReturnData/IRS990ScheduleA/TestingForPublicSafety509a4",111,111,"2010v3.2, 2010v3.4, 2010v3.7"
"/Return/ReturnData/IRS990ScheduleG/AmtOfGamingRevenueRetndBy3Prty",111,111,"2010v3.2, 2010v3.4, 2010v3.6, 2010v3.7"
"/Return/ReturnData/IRS990EZ/CompensationOfHighestPaidEmpl/AddressUS",110,58,"2010v3.2, 2010v3.4, 2010v3.7"
"/Return/ReturnData/IRS990EZ/CompensationOfHighestPaidEmpl/AddressUS/AddressLine1",110,58,"2010v3.2, 2010v3.4, 2010v3.7"
"/Return/ReturnData/IRS990EZ/CompensationOfHighestPaidEmpl/AddressUS/City",110,58,"2010v3.2, 2010v3.4, 2010v3.7"
"/Return/ReturnData/IRS990EZ/CompensationOfHighestPaidEmpl/AddressUS/State",110,58,"2010v3.2, 2010v3.4, 2010v3.7"
"/Return/ReturnData/IRS990EZ/CompensationOfHighestPaidEmpl/AddressUS/ZIPCode",110,58,"2010v3.2, 2010v3.4, 2010v3.7"
"/Return/ReturnHeader/Filer/ForeignAddress",110,110,"2010v3.2, 2010v3.4, 2010v3.7"
"/Return/ReturnHeader/Filer/ForeignAddress/AddressLine1",110,110,"2010v3.2, 2010v3.4, 2010v3.7"
"/Return/ReturnHeader/Filer/ForeignAddress/Country",110,110,"2010v3.2, 2010v3.4, 2010v3.7"
"/Return/ReturnData/IRS990ScheduleC/TotLobbyExpendMnsLobbyingNontx/AffiliatedGroupTotals",108,108,"2010v3.2, 2010v3.4, 2010v3.7"
"/Return/ReturnData/IRS990ScheduleM/SecuritiesPrtnrshpTrustIntrsts/MethodOfDeterminingRevenues",108,108,"2010v3.2, 2010v3.4, 2010v3.6, 2010v3.7"
"/Return/ReturnData/IRS990ScheduleC/TotLobbyingGrassrootMinusNonTx/AffiliatedGroupTotals",107,107,"2010v3.2, 2010v3.4, 2010v3.7"
"/Return/ReturnData/IRS990/Activity2/ActivityCode",106,106,"2010v3.2, 2010v3.4, 2010v3.7"
"/Return/ReturnData/IRS990ScheduleH/Form990ScheduleHPartVSectionB/CommunityDefinition",106,71,"2010v3.2, 2010v3.4, 2010v3.7"
"/Return/ReturnData/IRS990ScheduleH/Form990ScheduleHPartVSectionB/CommunityDemographics",106,71,"2010v3.2, 2010v3.4, 2010v3.7"
"/Return/ReturnData/IRS990ScheduleH/Form990ScheduleHPartVSectionB/CommunityHealthNeeds",106,70,"2010v3.2, 2010v3.4, 2010v3.7"
"/Return/ReturnData/IRS990ScheduleH/Form990ScheduleHPartVSectionB/OtherFactors",106,70,"2010v3.2, 2010v3.4, 2010v3.7"
"/Return/ReturnHeader/Filer/ForeignAddress/City",106,106,"2010v3.2, 2010v3.4, 2010v3.7"
"/Return/ReturnData/IRS990ScheduleH/Form990ScheduleHPartVSectionB/HowDataObtained",105,69,"2010v3.2, 2010v3.4, 2010v3.7"
"/Return/ReturnData/IRS990ScheduleH/PhysicalImprovementsAndHousing/NumberOfActivitiesOrPrograms",105,105,"2010v3.2, 2010v3.4, 2010v3.7"
"/Return/ReturnData/IRS990ScheduleH/Other/PersonsServed",102,102,"2010v3.2, 2010v3.4, 2010v3.7"
"/Return/ReturnData/IRS990ScheduleH/PhysicalImprovementsAndHousing/PersonsServed",102,102,"2010v3.2, 2010v3.4, 2010v3.7"
"/Return/ReturnData/IRS990ScheduleM/HistoricalArtifacts/NoncashContribsRptdF990",102,102,"2010v3.2, 2010v3.4, 2010v3.7"
"/Return/ReturnData/IRS990ScheduleG/FundraiserActivityInformation/AddressUS/AddressLine2",101,85,"2010v3.2, 2010v3.4, 2010v3.6, 2010v3.7"
"/Return/ReturnData/IRS990ScheduleH/Form990ScheduleHPartVSectionB/OnRequest",101,62,"2010v3.2, 2010v3.4, 2010v3.7"
"/Return/ReturnData/IRS990/AddressPrincipalOfficerForeign/PostalCode",100,100,"2010v3.2, 2010v3.4, 2010v3.7"
"/Return/ReturnData/IRS990ScheduleH/Form990ScheduleHPartVSectionA/ErOther",100,77,"2010v3.2, 2010v3.4, 2010v3.7"
"/Return/ReturnData/IRS990ScheduleR/Form990ScheduleRPartIV/DirectControllingEntityName/BusinessNameLine2",99,25,"2010v3.2, 2010v3.4, 2010v3.7"
"/Return/ReturnData/IRS990ScheduleI/RecipientTable/AddressForeign",97,62,"2010v3.2, 2010v3.4, 2010v3.7"
"/Return/ReturnData/IRS990ScheduleI/RecipientTable/AddressForeign/AddressLine1",97,62,"2010v3.2, 2010v3.4, 2010v3.7"
"/Return/ReturnData/IRS990ScheduleI/RecipientTable/AddressForeign/Country",97,62,"2010v3.2, 2010v3.4, 2010v3.7"
"/Return/ReturnData/IRS990ScheduleH/Form990ScheduleHPartVSectionB/AdoptImplementStrategy",96,59,"2010v3.2, 2010v3.4, 2010v3.7"
"/Return/ReturnData/IRS990ScheduleH/Form990ScheduleHPartVSectionB/ConsultingProcess",96,64,"2010v3.2, 2010v3.4, 2010v3.7"
"/Return/ReturnData/IRS990ScheduleM/ArtHistoricalTreasures/NonCashCheckbox",96,96,"2010v3.2, 2010v3.4, 2010v3.7"
"/Return/ReturnData/IRS990ScheduleH/Form990ScheduleHPartVSectionB/ExistingResources",95,64,"2010v3.2, 2010v3.4, 2010v3.7"
"/Return/ReturnData/IRS990ScheduleH/Other/NumberOfActivitiesOrPrograms",94,94,"2010v3.2, 2010v3.4, 2010v3.7"
"/Return/ReturnData/IRS990ScheduleL/Form990ScheduleLPartIV/NameOfInterestedPerson/NameBusiness/BusinessNameLine2",94,55,"2010v3.2, 2010v3.4, 2010v3.6, 2010v3.7"
"/Return/ReturnData/IRS990ScheduleM/HistoricalArtifacts/MethodOfDeterminingRevenues",94,94,"2010v3.2, 2010v3.4, 2010v3.7"
"/Return/ReturnData/IRS990ScheduleH/Form990ScheduleHPartVSectionB/IdentifyingProcess",93,61,"2010v3.2, 2010v3.4, 2010v3.7"
"/Return/ReturnData/IRS990ScheduleH/Form990ScheduleHPartVSectionB/OtherHealthIssues",92,59,"2010v3.2, 2010v3.4, 2010v3.7"
"/Return/ReturnData/IRS990ScheduleH/Form990ScheduleHPartVSectionB/PrioritizeHealthNeeds",92,59,"2010v3.2, 2010v3.4, 2010v3.7"
"/Return/ReturnData/IRS990ScheduleR/Form990ScheduleRPartIII/AddressUS/AddressLine2",92,31,"2010v3.2, 2010v3.4, 2010v3.7"
"/Return/ReturnData/IRS990ScheduleR/Form990ScheduleRPartVI/CodeVAmount",91,35,"2010v3.2, 2010v3.4, 2010v3.7"
"/Return/ReturnData/AffiliatedGroupSchedule",90,90,"2010v3.2, 2010v3.4, 2010v3.7"
"/Return/ReturnData/IRS990EZ/TheBooksAreInCareOf/AddressForeign",90,90,"2010v3.2, 2010v3.4, 2010v3.6, 2010v3.7"
"/Return/ReturnData/IRS990EZ/TheBooksAreInCareOf/AddressForeign/AddressLine1",90,90,"2010v3.2, 2010v3.4, 2010v3.6, 2010v3.7"
"/Return/ReturnData/IRS990EZ/TheBooksAreInCareOf/AddressForeign/Country",90,90,"2010v3.2, 2010v3.4, 2010v3.6, 2010v3.7"
"/Return/ReturnData/IRS990/TheBooksAreInCareOf/AddressForeign/ProvinceOrState",89,89,"2010v3.2, 2010v3.4, 2010v3.6, 2010v3.7"
"/Return/ReturnData/IRS990ScheduleH/Form990ScheduleHPartVSectionB/OtherActionsTaken",89,62,"2010v3.2, 2010v3.4, 2010v3.7"
"/Return/ReturnData/IRS990ScheduleM/ArtHistoricalTreasures/NumberOfContributions",89,89,"2010v3.2, 2010v3.4, 2010v3.7"
"/Return/ReturnData/IRS990ScheduleH/Pcent350",87,87,"2010v3.2, 2010v3.4, 2010v3.7"
"/Return/ReturnData/AffiliateListing/Affiliate/Name/BusinessNameLine2",86,7,"2010v3.2, 2010v3.4, 2010v3.7"
"/Return/ReturnData/IRS990ScheduleH/EnvironmentalImprovements/NumberOfActivitiesOrPrograms",85,85,"2010v3.2, 2010v3.4, 2010v3.6, 2010v3.7"
"/Return/ReturnData/IRS990ScheduleH/Form990ScheduleHPartVSectionB/PrioritizeServices",85,52,"2010v3.2, 2010v3.4, 2010v3.7"
"/Return/ReturnData/IRS990EZ/TheBooksAreInCareOf/AddressForeign/City",84,84,"2010v3.2, 2010v3.4, 2010v3.6, 2010v3.7"
"/Return/ReturnData/IRS990ScheduleH/EnvironmentalImprovements/PersonsServed",84,84,"2010v3.2, 2010v3.4, 2010v3.6, 2010v3.7"
"/Return/ReturnData/IRS990ScheduleG/GamingInformation/NonCashPrizesPullTabs",83,83,"2010v3.2, 2010v3.4, 2010v3.7"
"/Return/ReturnData/IRS990/AddressPrincipalOfficerForeign/ProvinceOrState",80,80,"2010v3.2, 2010v3.4, 2010v3.6, 2010v3.7"
"/Return/ReturnData/IRS990ScheduleH/Form990ScheduleHPartVSectionB/ExecuteImplementStrategy",80,45,"2010v3.2, 2010v3.4, 2010v3.7"
"/Return/ReturnData/IRS990ScheduleM/QualifiedContribOther/NumberOfContributions",80,80,"2010v3.2, 2010v3.4, 2010v3.7"
"/Return/ReturnHeader/Filer/ForeignAddress/PostalCode",80,80,"2010v3.2, 2010v3.4, 2010v3.7"
"/Return/ReturnData/AveragingAttachment",79,79,"2010v3.2, 2010v3.4, 2010v3.6, 2010v3.7"
"/Return/ReturnData/IRS990ScheduleH/Form990ScheduleHPartVSectionB/MedicareRate",79,62,"2010v3.2, 2010v3.4, 2010v3.7"
"/Return/ReturnData/IRS990ScheduleM/QualifiedContribOther/NonCashCheckbox",79,79,"2010v3.2, 2010v3.4, 2010v3.7"
"/Return/ReturnData/AveragingAttachment/Explanation",76,76,"2010v3.2, 2010v3.4, 2010v3.6, 2010v3.7"
"/Return/ReturnData/IRS990/CountryLegalDomicile",76,76,"2010v3.2, 2010v3.4, 2010v3.7"
"/Return/ReturnData/IRS990EZ/CompOfHghstPaidCntrctProfSer/NamePerson",76,53,"2010v3.2, 2010v3.4, 2010v3.7"
"/Return/ReturnData/IRS990ScheduleM/ArtHistoricalTreasures/NoncashContribsRptdF990",76,76,"2010v3.2, 2010v3.4, 2010v3.7"
"/Return/ReturnData/IRS990ScheduleM/IntellectualProperty/NonCashCheckbox",76,76,"2010v3.2, 2010v3.4, 2010v3.7"
"/Return/ReturnData/IRS990EZ/InfoInScheduleOPartVI",74,74,"2010v3.2, 2010v3.4, 2010v3.7"
"/Return/ReturnData/IRS990ScheduleM/IntellectualProperty/NoncashContribsRptdF990",74,74,"2010v3.2, 2010v3.4, 2010v3.7"
"/Return/ReturnData/IRS990ScheduleM/QualifiedContribOther/MethodOfDeterminingRevenues",74,74,"2010v3.2, 2010v3.4, 2010v3.7"
"/Return/ReturnData/IRS990ScheduleM/IntellectualProperty/NumberOfContributions",73,73,"2010v3.2, 2010v3.4, 2010v3.7"
"/Return/ReturnData/IRS990ScheduleR/Form990ScheduleRPartIII/NameOfRelatedOrg/BusinessNameLine2",73,38,"2010v3.2, 2010v3.4, 2010v3.7"
"/Return/ReturnHeader/Filer/InCareOfName",71,71,"2010v3.2, 2010v3.4"
"/Return/ReturnData/IRS990EZ/TheBooksAreInCareOf/AddressForeign/PostalCode",69,69,"2010v3.2, 2010v3.4, 2010v3.6, 2010v3.7"
"/Return/ReturnData/IRS990ScheduleC/MediaAdvertisementsAmount",69,69,"2010v3.2, 2010v3.4, 2010v3.6, 2010v3.7"
"/Return/ReturnData/IRS990ScheduleH/Form990ScheduleHPartVSectionB/AverageNegotiatedRates",69,53,"2010v3.2, 2010v3.4, 2010v3.7"
"/Return/ReturnData/IRS990/Activity3/ActivityCode",68,68,"2010v3.2, 2010v3.4, 2010v3.7"
"/Return/ReturnData/IRS990ScheduleH/Form990ScheduleHPartVSectionB/NoEmergencyCare",68,35,"2010v3.2, 2010v3.4, 2010v3.6, 2010v3.7"
"/Return/ReturnData/AffiliateListing",67,67,"2010v3.2, 2010v3.4, 2010v3.7"
"/Return/ReturnData/IRS990ScheduleH/Form990ScheduleHPartVSectionB/DevelopCommunityPlan",66,43,"2010v3.2, 2010v3.4, 2010v3.7"
"/Return/ReturnData/IRS990ScheduleI/RecipientTable/AddressForeign/ProvinceOrState",66,39,"2010v3.2, 2010v3.4, 2010v3.7"
"/Return/ReturnData/IRS990ScheduleM/QualifiedContribOther/NoncashContribsRptdF990",66,66,"2010v3.2, 2010v3.4, 2010v3.7"
"/Return/ReturnData/IRS990ScheduleM/ArtHistoricalTreasures/MethodOfDeterminingRevenues",63,63,"2010v3.2, 2010v3.4, 2010v3.7"
"/Return/ReturnData/IRS990ScheduleR/Form990ScheduleRPartI/AddressForeign/ProvinceOrState",62,36,"2010v3.2, 2010v3.4, 2010v3.7"
"/Return/ReturnData/IRS990ScheduleH/UnreimbursedCosts/NumberOfActivitiesOrPrograms",61,61,"2010v3.2, 2010v3.4, 2010v3.7"
"/Return/ReturnData/IRS990ScheduleR/Form990ScheduleRPartI/DirectControllingEntityName/BusinessNameLine2",60,35,"2010v3.2, 2010v3.4, 2010v3.6, 2010v3.7"
"/Return/ReturnData/IRS990ScheduleH/Form990ScheduleHPartVSectionB/AdoptBudget",59,38,"2010v3.2, 2010v3.4, 2010v3.7"
"/Return/ReturnData/IRS990ScheduleH/Form990ScheduleHPartVSectionB/LowestNegotiatedRates",59,45,"2010v3.2, 2010v3.4, 2010v3.6, 2010v3.7"
"/Return/ReturnData/IRS990ScheduleG/AddressOfGamingRecKeeperUS/AddressLine2",58,58,"2010v3.2, 2010v3.4, 2010v3.6, 2010v3.7"
"/Return/ReturnData/IRS990ScheduleH/Form990ScheduleHPartVSectionB/IncludeOperationalPlans",57,35,"2010v3.2, 2010v3.4, 2010v3.7"
"/Return/ReturnData/IRS990ScheduleG/NameOfThirdPartyPerson",56,56,"2010v3.2, 2010v3.4, 2010v3.7"
"/Return/ReturnData/IRS990ScheduleI/RecipientTable/AddressForeign/City",55,48,"2010v3.2, 2010v3.4, 2010v3.7"
"/Return/ReturnHeader/Filer/ForeignAddress/ProvinceOrState",55,55,"2010v3.2, 2010v3.4, 2010v3.7"
"/Return/ReturnData/IRS990ScheduleM/IntellectualProperty/MethodOfDeterminingRevenues",54,54,"2010v3.2, 2010v3.4, 2010v3.7"
"/Return/ReturnData/IRS990ScheduleH/Form990ScheduleHPartVSectionB/ParticipateCommunityPlan",53,32,"2010v3.2, 2010v3.4, 2010v3.7"
"/Return/ReturnData/IRS990ScheduleR/Form990ScheduleRPartI/AddressForeign/PostalCode",52,37,"2010v3.2, 2010v3.4, 2010v3.7"
"/Return/ReturnData/IRS990EZ/Organization4947a1",50,50,"2010v3.2, 2010v3.4, 2010v3.7"
"/Return/ReturnData/IRS990ScheduleJ/Form990ScheduleJPartII/NameBusiness/BusinessNameLine2",49,14,"2010v3.2, 2010v3.4, 2010v3.7"
"/Return/ReturnData/IRS990ScheduleH/Form990ScheduleHPartVSectionA/Name/BusinessNameLine2",48,29,"2010v3.4, 2010v3.6, 2010v3.7"
"/Return/ReturnData/IRS990ScheduleR/Form990ScheduleRPartI/NameOfDisregardedEntity/BusinessNameLine2",48,35,"2010v3.2, 2010v3.4, 2010v3.6, 2010v3.7"
"/Return/ReturnData/IRS990ScheduleH/Form990ScheduleHPartVSectionB/InformationGaps",47,32,"2010v3.2, 2010v3.4, 2010v3.7"
"/Return/ReturnData/IRS990ScheduleH/Form990ScheduleHPartVSectionB/OtherMethod",47,31,"2010v3.2, 2010v3.4, 2010v3.7"
"/Return/ReturnData/IRS990ScheduleL/DQPTable/NameBusiness/BusinessNameLine2",47,34,"2010v3.2, 2010v3.4"
"/Return/ReturnData/IRS990ScheduleC/Sec527PolOrgs/AddressUS/AddressLine2",44,22,"2010v3.2, 2010v3.4"
"/Return/ReturnData/IRS990ScheduleC/LimitedControlProvisionsApply",42,42,"2010v3.2, 2010v3.4, 2010v3.7"
"/Return/ReturnData/IRS990ScheduleH/Form990ScheduleHPartVSectionB/OwnWebsite",42,32,"2010v3.2, 2010v3.4, 2010v3.7"
"/Return/ReturnData/IRS990ScheduleR/Form990ScheduleRPartI/AddressUS/AddressLine2",42,29,"2010v3.2, 2010v3.4, 2010v3.7"
"/Return/ReturnData/IRS990ScheduleI/RecipientTable/AddressForeign/PostalCode",41,32,"2010v3.2, 2010v3.4"
"/Return/ReturnData/IRS990ScheduleG/FundraiserActivityInformation/AddressForeign",38,31,"2010v3.2, 2010v3.4, 2010v3.7"
"/Return/ReturnData/IRS990ScheduleG/FundraiserActivityInformation/AddressForeign/AddressLine1",38,31,"2010v3.2, 2010v3.4, 2010v3.7"
"/Return/ReturnData/IRS990ScheduleG/FundraiserActivityInformation/AddressForeign/Country",38,31,"2010v3.2, 2010v3.4, 2010v3.7"
"/Return/ReturnData/IRS990ScheduleM/ScientificSpecimens/NonCashCheckbox",38,38,"2010v3.2, 2010v3.4, 2010v3.7"
"/Return/ReturnData/IRS990ScheduleM/ScientificSpecimens/NumberOfContributions",37,37,"2010v3.2, 2010v3.4, 2010v3.7"
"/Return/ReturnData/IRS990EZ/CompOfHghstPaidCntrctProfSer/NameBusiness",36,34,"2010v3.2, 2010v3.4"
"/Return/ReturnData/IRS990EZ/CompOfHghstPaidCntrctProfSer/NameBusiness/BusinessNameLine1",36,34,"2010v3.2, 2010v3.4"
"/Return/ReturnData/IRS990ScheduleN/LiquidationTable/LiquidationDetail/AddressUS/AddressLine2",36,15,"2010v3.2, 2010v3.4, 2010v3.7"
"/Return/ReturnHeader/PreparerFirm/EIN",36,36,"2010v3.2, 2010v3.4"
"/Return/ReturnData/IRS990ScheduleA/TenPercentTestPriorYear",35,35,"2010v3.2, 2010v3.4"
"/Return/ReturnHeader/Preparer/PTIN",35,35,"2010v3.2, 2010v3.4"
"/Return/ReturnData/IRS990ScheduleG/FundraiserActivityInformation/AddressForeign/City",33,26,"2010v3.2, 2010v3.4, 2010v3.7"
"/Return/ReturnData/IRS990ScheduleN/DispositionTable/AddressForeign",33,15,"2010v3.2, 2010v3.4, 2010v3.7"
"/Return/ReturnData/IRS990ScheduleN/DispositionTable/AddressForeign/AddressLine1",33,15,"2010v3.2, 2010v3.4, 2010v3.7"
"/Return/ReturnData/IRS990ScheduleN/DispositionTable/AddressForeign/Country",33,15,"2010v3.2, 2010v3.4, 2010v3.7"
"/Return/ReturnData/IRS990ScheduleR/Form990ScheduleRPartII/AddressForeign/AddressLine2",33,16,"2010v3.2, 2010v3.4, 2010v3.7"
"/Return/ReturnData/IRS990/DoingBusinessAs/BusinessNameLine2",32,32,"2010v3.2, 2010v3.4"
"/Return/ReturnData/IRS990ScheduleH/PolicyAppliedToMostHospitals",32,32,"2010v3.2, 2010v3.4, 2010v3.7"
"/Return/ReturnData/IRS990ScheduleM/ScientificSpecimens/NoncashContribsRptdF990",32,32,"2010v3.2, 2010v3.4, 2010v3.7"
"/Return/ReturnData/IRS990ScheduleG/FundraiserActivityInformation/AddressForeign/ProvinceOrState",31,24,"2010v3.2, 2010v3.4, 2010v3.7"
"/Return/ReturnData/IRS990EZ/TheBooksAreInCareOf/AddressForeign/ProvinceOrState",30,30,"2010v3.2, 2010v3.4, 2010v3.7"
"/Return/ReturnData/IRS990ScheduleN/DispositionTable/AddressForeign/City",30,12,"2010v3.2, 2010v3.4, 2010v3.7"
"/Return/ReturnData/IRS990ScheduleN/DispositionTable/AddressUS/AddressLine2",30,16,"2010v3.2, 2010v3.4"
"/Return/ReturnData/IRS990ScheduleN/DispositionTable/NameBusiness/BusinessNameLine2",30,13,"2010v3.2, 2010v3.4, 2010v3.7"
"/Return/ReturnData/IRS990ScheduleM/ScientificSpecimens/MethodOfDeterminingRevenues",28,28,"2010v3.2, 2010v3.4, 2010v3.7"
"/Return/ReturnData/IRS990ScheduleG/FundraiserActivityInformation/AddressForeign/PostalCode",27,21,"2010v3.2, 2010v3.4, 2010v3.7"
"/Return/ReturnData/IRS990ScheduleL/LoanTable/NameBusiness/BusinessNameLine2",27,23,"2010v3.2, 2010v3.4, 2010v3.7"
"/Return/ReturnData/IRS990EZ/NECTFilingForm990",26,26,"2010v3.2, 2010v3.4"
"/Return/ReturnData/IRS990ScheduleN/DispositionTable/AddressForeign/ProvinceOrState",25,9,"2010v3.2, 2010v3.4, 2010v3.7"
"/Return/ReturnData/IRS990ScheduleN/LiquidationTable/LiquidationDetail/NameBusiness/BusinessNameLine2",25,12,"2010v3.2, 2010v3.4, 2010v3.7"
"/Return/ReturnData/IRS990/ContractorCompensation/AddressOfContractor/AddressForeign/AddressLine2",24,17,"2010v3.4"
"/Return/ReturnData/IRS990/SpecialConditionDescription",24,24,"2010v3.2, 2010v3.4, 2010v3.7"
"/Return/ReturnData/IRS990ScheduleG/ExplanationIfYes",24,24,"2010v3.2, 2010v3.4, 2010v3.7"
"/Return/ReturnData/IRS990ScheduleH/Form990ScheduleHPartVSectionA/Address/AddressLine2",24,24,"2010v3.2, 2010v3.4, 2010v3.7"
"/Return/ReturnData/IRS990EZ/SpecialConditionDescription",23,18,"2010v3.2, 2010v3.4, 2010v3.6"
"/Return/ReturnData/IRS990ScheduleM/ArtFractionalInterest/NonCashCheckbox",23,23,"2010v3.2, 2010v3.4, 2010v3.7"
"/Return/ReturnData/IRS990ScheduleL/AmountOfTaxImposed",22,22,"2010v3.2, 2010v3.4, 2010v3.7"
"/Return/ReturnData/IRS990ScheduleM/ArtFractionalInterest/NumberOfContributions",22,22,"2010v3.2, 2010v3.4, 2010v3.7"
"/Return/ReturnData/IRS990ScheduleM/ArchaeologicalArtifacts/NonCashCheckbox",21,21,"2010v3.2, 2010v3.4, 2010v3.7"
"/Return/ReturnData/IRS990/TheBooksAreInCareOf/AddressForeign/AddressLine2",20,20,"2010v3.2, 2010v3.4, 2010v3.7"
"/Return/ReturnData/IRS990ScheduleG/FundraiserActivityInformation/NameOfOrganization/BusinessNameLine2",20,19,"2010v3.2, 2010v3.4, 2010v3.6, 2010v3.7"
"/Return/ReturnData/IRS990ScheduleG/NameOfGamingRecKeeperBus/BusinessNameLine2",20,20,"2010v3.2, 2010v3.4, 2010v3.6, 2010v3.7"
"/Return/ReturnData/IRS990ScheduleM/ArchaeologicalArtifacts/NumberOfContributions",20,20,"2010v3.2, 2010v3.4, 2010v3.7"
"/Return/ReturnHeader/PreparerFirm/PreparerFirmForeignAddress",20,20,"2010v3.2, 2010v3.4, 2010v3.7"
"/Return/ReturnHeader/PreparerFirm/PreparerFirmForeignAddress/AddressLine1",20,20,"2010v3.2, 2010v3.4, 2010v3.7"
"/Return/ReturnHeader/PreparerFirm/PreparerFirmForeignAddress/City",20,20,"2010v3.2, 2010v3.4, 2010v3.7"
"/Return/ReturnHeader/PreparerFirm/PreparerFirmForeignAddress/Country",20,20,"2010v3.2, 2010v3.4, 2010v3.7"
"/Return/ReturnData/IRS990ScheduleH/PolicyTailoredToIndHospitals",19,19,"2010v3.2, 2010v3.4, 2010v3.7"
"/Return/ReturnData/IRS990ScheduleC/Sec527PolOrgs/AddressForeign",18,2,"2010v3.4"
"/Return/ReturnData/IRS990ScheduleC/Sec527PolOrgs/AddressForeign/AddressLine1",18,2,"2010v3.4"
"/Return/ReturnData/IRS990ScheduleC/Sec527PolOrgs/AddressForeign/City",18,2,"2010v3.4"
"/Return/ReturnData/IRS990ScheduleC/Sec527PolOrgs/AddressForeign/Country",18,2,"2010v3.4"
"/Return/ReturnData/IRS990ScheduleH/Form990ScheduleHPartVSectionB/OtherReason",18,14,"2010v3.2, 2010v3.4, 2010v3.7"
"/Return/ReturnData/IRS990ScheduleN/DispositionTable/AddressForeign/PostalCode",18,6,"2010v3.2, 2010v3.4, 2010v3.7"
"/Return/ReturnData/IRS990EZ/TheBooksAreInCareOf/AddressForeign/AddressLine2",17,17,"2010v3.2, 2010v3.4, 2010v3.6, 2010v3.7"
"/Return/ReturnData/IRS990ScheduleC/Sec527PolOrgs/AddressForeign/ProvinceOrState",17,1,"2010v3.4"
"/Return/ReturnData/IRS990ScheduleH/Form990ScheduleHPartVSectionB/BodyAttachment",17,12,"2010v3.4, 2010v3.7"
"/Return/ReturnData/IRS990ScheduleH/Form990ScheduleHPartVSectionB/Other",17,12,"2010v3.2, 2010v3.4"
"/Return/ReturnData/IRS990ScheduleL/AmountOfTaxReimbursed",17,17,"2010v3.2, 2010v3.4, 2010v3.7"
"/Return/ReturnData/IRS990ScheduleH/Form990ScheduleHPartVSectionB/OtherNeedsAddressed",16,15,"2010v3.2, 2010v3.4, 2010v3.7"
"/Return/ReturnData/IRS990/StateRequiredReserves",15,15,"2010v3.2, 2010v3.4"
"/Return/ReturnData/IRS990ScheduleM/ArchaeologicalArtifacts/MethodOfDeterminingRevenues",15,15,"2010v3.2, 2010v3.4, 2010v3.7"
"/Return/ReturnData/IRS990ScheduleM/ArchaeologicalArtifacts/NoncashContribsRptdF990",15,15,"2010v3.2, 2010v3.4, 2010v3.7"
"/Return/ReturnData/IRS990ScheduleM/ArtFractionalInterest/MethodOfDeterminingRevenues",15,15,"2010v3.2, 2010v3.4, 2010v3.7"
"/Return/ReturnHeader/DisasterRelief",15,15,"2010v3.2, 2010v3.4"
"/Return/ReturnData/IRS990ScheduleM/ArtFractionalInterest/NoncashContribsRptdF990",14,14,"2010v3.2, 2010v3.4, 2010v3.7"
"/Return/ReturnData/IRS990ScheduleM/Taxidermy/NonCashCheckbox",13,13,"2010v3.2, 2010v3.4, 2010v3.7"
"/Return/ReturnData/IRS990ScheduleM/Taxidermy/NumberOfContributions",13,13,"2010v3.2, 2010v3.4, 2010v3.7"
"/Return/ReturnHeader/PreparerFirm/PreparerFirmBusinessName/BusinessNameLine2",13,13,"2010v3.2, 2010v3.4"
"/Return/ReturnData/AffiliatedGroupAttachment",12,12,"2010v3.2, 2010v3.4, 2010v3.7"
"/Return/ReturnData/AffiliatedGroupAttachment/Explanation",12,12,"2010v3.2, 2010v3.4, 2010v3.7"
"/Return/ReturnData/IRS990/NameOfPrincipalOfficerBusiness/BusinessNameLine2",12,12,"2010v3.2, 2010v3.4, 2010v3.7"
"/Return/ReturnData/IRS990ScheduleH/Form990ScheduleHPartVSectionB/PermitBodyAttachment",12,7,"2010v3.4, 2010v3.7"
"/Return/ReturnData/IRS990ScheduleM/Taxidermy/NoncashContribsRptdF990",12,12,"2010v3.2, 2010v3.4, 2010v3.7"
"/Return/ReturnData/IRS990ScheduleM/Taxidermy/MethodOfDeterminingRevenues",11,11,"2010v3.4, 2010v3.7"
"/Return/ReturnHeader/PreparerFirm/PreparerFirmForeignAddress/PostalCode",11,11,"2010v3.2, 2010v3.4"
"/Return/ReturnData/IRS990ScheduleA/HospitalNameAndAddress/Country",10,7,"2010v3.2, 2010v3.4"
"/Return/ReturnHeader/PreparerFirm/PreparerFirmForeignAddress/ProvinceOrState",10,10,"2010v3.2, 2010v3.4, 2010v3.7"
"/Return/ReturnData/IRS990ScheduleH/Form990ScheduleHPartVSectionC/OtherFacilities/Name/BusinessNameLine2",9,5,"2010v3.4"
"/Return/ReturnData/IRS990ScheduleH/Form990ScheduleHPartVSectionB/NoEmergencyPolicy",8,4,"2010v3.2, 2010v3.4, 2010v3.7"
"/Return/ReturnData/IRS990ScheduleI/RecipientTable/AddressForeign/AddressLine2",8,1,"2010v3.4"
"/Return/ReturnHeader/Filer/ForeignAddress/AddressLine2",8,8,"2010v3.2, 2010v3.4"
"/Return/ReturnData/IRS990ScheduleA/HospitalNameAndAddress/Name/BusinessNameLine2",7,7,"2010v3.2, 2010v3.4"
"/Return/ReturnData/IRS990ScheduleG/GamingManagerNameBusiness/BusinessNameLine2",7,7,"2010v3.2, 2010v3.4, 2010v3.7"
"/Return/ReturnData/IRS990ScheduleH/Form990ScheduleHPartVSectionB/HospitalFacilityName/BusinessNameLine2",7,5,"2010v3.4"
"/Return/ReturnData/IRS990/AmtReservesMaintained",6,6,"2010v3.2, 2010v3.4"
"/Return/ReturnData/IRS990/AddressPrincipalOfficerForeign/AddressLine2",5,5,"2010v3.2, 2010v3.4"
"/Return/ReturnData/IRS990EZ/CompensationOfHighestPaidEmpl/AddressForeign",4,1,"2010v3.2"
"/Return/ReturnData/IRS990EZ/CompensationOfHighestPaidEmpl/AddressForeign/AddressLine1",4,1,"2010v3.2"
"/Return/ReturnData/IRS990EZ/CompensationOfHighestPaidEmpl/AddressForeign/City",4,1,"2010v3.2"
"/Return/ReturnData/IRS990EZ/CompensationOfHighestPaidEmpl/AddressForeign/Country",4,1,"2010v3.2"
"/Return/ReturnData/IRS990EZ/CompensationOfHighestPaidEmpl/AddressForeign/ProvinceOrState",4,1,"2010v3.2"
"/Return/ReturnData/IRS990ScheduleM/QualifiedContribHistStruct/MethodOfDeterminingRevenues",4,4,"2010v3.2, 2010v3.4, 2010v3.7"
"/Return/ReturnData/IRS990ScheduleM/QualifiedContribHistStruct/NonCashCheckbox",4,4,"2010v3.2, 2010v3.4, 2010v3.7"
"/Return/ReturnData/IRS990ScheduleM/QualifiedContribHistStruct/NumberOfContributions",4,4,"2010v3.2, 2010v3.4, 2010v3.7"
"/Return/ReturnData/IRS990ScheduleN/LiquidationTable/LiquidationDetail/AddressForeign",4,4,"2010v3.2, 2010v3.4, 2010v3.7"
"/Return/ReturnData/IRS990ScheduleN/LiquidationTable/LiquidationDetail/AddressForeign/AddressLine1",4,4,"2010v3.2, 2010v3.4, 2010v3.7"
"/Return/ReturnData/IRS990ScheduleN/LiquidationTable/LiquidationDetail/AddressForeign/City",4,4,"2010v3.2, 2010v3.4, 2010v3.7"
"/Return/ReturnData/IRS990ScheduleN/LiquidationTable/LiquidationDetail/AddressForeign/Country",4,4,"2010v3.2, 2010v3.4, 2010v3.7"
"/Return/ReturnData/EmployeeCompensationExpln",3,3,"2010v3.2, 2010v3.4, 2010v3.7"
"/Return/ReturnData/EmployeeCompensationExpln/EmployeeCompExplanation",3,2,"2010v3.4, 2010v3.7"
"/Return/ReturnData/EmployeeCompensationExpln/EmployeeCompExplanation/EmployeeName",3,2,"2010v3.4, 2010v3.7"
"/Return/ReturnData/IRS990EZ/CompensationOfHighestPaidEmpl/AddressForeign/PostalCode",3,1,"2010v3.2"
"/Return/ReturnData/IRS990ScheduleC/AmountOf4912Tax",3,3,"2010v3.2, 2010v3.4"
"/Return/ReturnData/IRS990ScheduleC/AmountOfManagers4912Tax",3,3,"2010v3.2, 2010v3.4"
"/Return/ReturnData/IRS990ScheduleG/AddressOfGamingRecKeeperFrgn",3,3,"2010v3.4"
"/Return/ReturnData/IRS990ScheduleG/AddressOfGamingRecKeeperFrgn/AddressLine1",3,3,"2010v3.4"
"/Return/ReturnData/IRS990ScheduleG/AddressOfGamingRecKeeperFrgn/City",3,3,"2010v3.4"
"/Return/ReturnData/IRS990ScheduleG/AddressOfGamingRecKeeperFrgn/Country",3,3,"2010v3.4"
"/Return/ReturnData/IRS990ScheduleG/AddressOfGamingRecKeeperFrgn/PostalCode",3,3,"2010v3.4"
"/Return/ReturnData/IRS990ScheduleG/NameOfThirdPartyBusiness/BusinessNameLine2",3,3,"2010v3.4, 2010v3.6"
"/Return/ReturnData/IRS990ScheduleM/QualifiedContribHistStruct/NoncashContribsRptdF990",3,3,"2010v3.2, 2010v3.4"
"/Return/ReturnData/IRS990ScheduleR/Form990ScheduleRPartI/AddressForeign/AddressLine2",3,3,"2010v3.4"
"/Return/ReturnData/EmployeeCompensationExpln/EmployeeCompExplanation/Explanation",2,1,"2010v3.4"
"/Return/ReturnData/IRS990EZ/CompOfHghstPaidCntrctProfSer/NameBusiness/BusinessNameLine2",2,2,"2010v3.4"
"/Return/ReturnData/IRS990ScheduleG/AddressOfThirdPartyUS/AddressLine2",2,2,"2010v3.4"
"/Return/ReturnData/IRS990ScheduleN/LiquidationTable/LiquidationDetail/AddressForeign/PostalCode",2,2,"2010v3.2, 2010v3.7"
"/Return/ReturnData/IRS990ScheduleR/Form990ScheduleRPartVI/LegalDomicileForeignCountry",2,1,"2010v3.4"
"/Return/ReturnData/AffiliatedGroupSchedule/AffiliatedSchedule/AddressUS/AddressLine2",1,1,"2010v3.4"
"/Return/ReturnData/IRS990ScheduleC/Sec527PolOrgs/AddressForeign/PostalCode",1,1,"2010v3.4"
"/Return/ReturnData/IRS990ScheduleG/AddressOfThirdPartyForeign",1,1,"2010v3.4"
"/Return/ReturnData/IRS990ScheduleG/AddressOfThirdPartyForeign/AddressLine1",1,1,"2010v3.4"
"/Return/ReturnData/IRS990ScheduleG/AddressOfThirdPartyForeign/City",1,1,"2010v3.4"
"/Return/ReturnData/IRS990ScheduleG/AddressOfThirdPartyForeign/Country",1,1,"2010v3.4"
"/Return/ReturnData/IRS990ScheduleG/AddressOfThirdPartyForeign/PostalCode",1,1,"2010v3.4"
"/Return/ReturnData/IRS990ScheduleG/AddressOfThirdPartyForeign/ProvinceOrState",1,1,"2010v3.4"
"/Return/ReturnData/IRS990ScheduleG/FundraiserActivityInformation/AddressForeign/AddressLine2",1,1,"2010v3.4"
