"xpath","count_occurrences","count_filings","schema_versions"
"/Return/ReturnData/IRS990/Form990PartVIISectionA",2080816,159504,"2011v1.5, 2011v1.4, 2011v1.2, 2011v1.3"
"/Return/ReturnData/IRS990/Form990PartVIISectionA/NamePerson",2074919,158925,"2011v1.5, 2011v1.4, 2011v1.3, 2011v1.2"
"/Return/ReturnData/IRS990/Form990PartVIISectionA/Title",2067533,159504,"2011v1.2, 2011v1.3, 2011v1.5, 2011v1.4"
"/Return/ReturnData/IRS990/Form990PartVIISectionA/ReportableCompFromOrganization",2030899,158110,"2011v1.5, 2011v1.4, 2011v1.2, 2011v1.3"
"/Return/ReturnData/IRS990/Form990PartVIISectionA/OtherCompensation",2021803,157853,"2011v1.5, 2011v1.4, 2011v1.2, 2011v1.3"
"/Return/ReturnData/IRS990/Form990PartVIISectionA/ReportableCompFromRelatedOrgs",2018063,157818,"2011v1.2, 2011v1.5, 2011v1.4, 2011v1.3"
"/Return/ReturnData/IRS990/Form990PartVIISectionA/AverageHoursPerWeek",1990799,154551,"2011v1.3, 2011v1.5, 2011v1.4, 2011v1.2"
"/Return/ReturnData/IRS990/Form990PartVIISectionA/IndividualTrusteeOrDirector",1654170,141492,"2011v1.3, 2011v1.5, 2011v1.4, 2011v1.2"
"/Return/ReturnData/IRS990ScheduleO/GeneralExplanation",1314960,239040,"2011v1.2, 2011v1.3, 2011v1.5, 2011v1.4"
"/Return/ReturnData/IRS990ScheduleO/GeneralExplanation/Explanation",1314960,239040,"2011v1.3, 2011v1.5, 2011v1.4, 2011v1.2"
"/Return/ReturnData/IRS990ScheduleO/GeneralExplanation/ReturnReference",1064642,192378,"2011v1.2, 2011v1.5, 2011v1.3"
"/Return/ReturnData/IRS990ScheduleO/GeneralExplanation/Identifier",903389,202531,"2011v1.3, 2011v1.5, 2011v1.2"
"/Return/ReturnData/IRS990/Form990PartVIISectionA/Officer",652618,142821,"2011v1.3, 2011v1.5, 2011v1.4, 2011v1.2"
"/Return/ReturnData/IRS990EZ/OfficerDirectorTrusteeKeyEmpl",554261,82048,"2011v1.3, 2011v1.2, 2011v1.5"
"/Return/ReturnData/IRS990EZ/OfficerDirectorTrusteeKeyEmpl/Compensation",554261,82048,"2011v1.2, 2011v1.5, 2011v1.3"
"/Return/ReturnData/IRS990EZ/OfficerDirectorTrusteeKeyEmpl/AvgHoursPerWkDevotedToPosition",554261,82048,"2011v1.2, 2011v1.5, 2011v1.3"
"/Return/ReturnData/IRS990EZ/OfficerDirectorTrusteeKeyEmpl/Title",554261,82048,"2011v1.2, 2011v1.5, 2011v1.3"
"/Return/ReturnData/IRS990EZ/OfficerDirectorTrusteeKeyEmpl/AddressUS",552594,82015,"2011v1.5, 2011v1.2, 2011v1.3"
"/Return/ReturnData/IRS990EZ/OfficerDirectorTrusteeKeyEmpl/AddressUS/State",552594,82015,"2011v1.2, 2011v1.5, 2011v1.3"
"/Return/ReturnData/IRS990EZ/OfficerDirectorTrusteeKeyEmpl/AddressUS/AddressLine1",552594,82015,"2011v1.3, 2011v1.2, 2011v1.5"
"/Return/ReturnData/IRS990EZ/OfficerDirectorTrusteeKeyEmpl/AddressUS/City",552594,82015,"2011v1.5, 2011v1.2, 2011v1.3"
"/Return/ReturnData/IRS990EZ/OfficerDirectorTrusteeKeyEmpl/AddressUS/ZIPCode",552594,82015,"2011v1.5, 2011v1.2, 2011v1.3"
"/Return/ReturnData/IRS990EZ/OfficerDirectorTrusteeKeyEmpl/PersonName",551272,81630,"2011v1.3, 2011v1.2, 2011v1.5"
"/Return/ReturnData/IRS990/OtherExpenses",545803,149570,"2011v1.2, 2011v1.5, 2011v1.4, 2011v1.3"
"/Return/ReturnData/IRS990/OtherExpenses/Total",545004,149476,"2011v1.2, 2011v1.5, 2011v1.4, 2011v1.3"
"/Return/ReturnData/IRS990/OtherExpenses/Description",543179,148946,"2011v1.3, 2011v1.5, 2011v1.4, 2011v1.2"
"/Return/ReturnData/IRS990/OtherExpenses/ProgramServices",398724,120398,"2011v1.2, 2011v1.5, 2011v1.4, 2011v1.3"
"/Return/ReturnData/IRS990ScheduleI/RecipientTable",273266,22659,"2011v1.5, 2011v1.2, 2011v1.3"
"/Return/ReturnData/IRS990ScheduleI/RecipientTable/RecipientNameBusiness",272436,22586,"2011v1.2, 2011v1.3, 2011v1.5"
"/Return/ReturnData/IRS990ScheduleI/RecipientTable/RecipientNameBusiness/BusinessNameLine1",272436,22586,"2011v1.3, 2011v1.2, 2011v1.5"
"/Return/ReturnData/IRS990ScheduleR/Form990ScheduleRPartII",272435,41409,"2011v1.5, 2011v1.2, 2011v1.3"
"/Return/ReturnData/IRS990ScheduleR/Form990ScheduleRPartII/NameOfDisregardedEntity/BusinessNameLine1",272352,41395,"2011v1.3, 2011v1.2, 2011v1.5"
"/Return/ReturnData/IRS990ScheduleR/Form990ScheduleRPartII/NameOfDisregardedEntity",272352,41395,"2011v1.3, 2011v1.2, 2011v1.5"
"/Return/ReturnData/IRS990ScheduleR/Form990ScheduleRPartII/PrimaryActivities",270718,40537,"2011v1.2, 2011v1.3, 2011v1.5"
"/Return/ReturnData/IRS990ScheduleR/Form990ScheduleRPartII/LegalDomicileState",270659,40845,"2011v1.3, 2011v1.5, 2011v1.2"
"/Return/ReturnData/IRS990ScheduleR/Form990ScheduleRPartII/AddressUS/City",270501,40919,"2011v1.3, 2011v1.5, 2011v1.2"
"/Return/ReturnData/IRS990ScheduleR/Form990ScheduleRPartII/AddressUS/State",270501,40919,"2011v1.5, 2011v1.2, 2011v1.3"
"/Return/ReturnData/IRS990ScheduleR/Form990ScheduleRPartII/AddressUS/AddressLine1",270501,40919,"2011v1.2, 2011v1.5, 2011v1.3"
"/Return/ReturnData/IRS990ScheduleR/Form990ScheduleRPartII/AddressUS",270501,40919,"2011v1.2, 2011v1.5, 2011v1.3"
"/Return/ReturnData/IRS990ScheduleR/Form990ScheduleRPartII/AddressUS/ZIPCode",270501,40919,"2011v1.5, 2011v1.3, 2011v1.2"
"/Return/ReturnData/IRS990ScheduleR/Form990ScheduleRPartII/ControlledOrg",268500,40066,"2011v1.2, 2011v1.5, 2011v1.3"
"/Return/ReturnData/IRS990ScheduleR/Form990ScheduleRPartII/ExemptCodeSection",267657,39724,"2011v1.5, 2011v1.2, 2011v1.3"
"/Return/ReturnData/IRS990ScheduleR/Form990ScheduleRPartII/EIN",266876,39490,"2011v1.3, 2011v1.5, 2011v1.2"
"/Return/ReturnData/IRS990ScheduleI/RecipientTable/PurposeOfGrant",265835,21074,"2011v1.3, 2011v1.5, 2011v1.2"
"/Return/ReturnData/IRS990ScheduleI/RecipientTable/AddressUS",262364,21884,"2011v1.5, 2011v1.2, 2011v1.3"
"/Return/ReturnData/IRS990ScheduleI/RecipientTable/AddressUS/AddressLine1",262364,21884,"2011v1.3, 2011v1.5, 2011v1.2"
"/Return/ReturnData/IRS990ScheduleI/RecipientTable/AddressUS/ZIPCode",262364,21884,"2011v1.5, 2011v1.3, 2011v1.2"
"/Return/ReturnData/IRS990ScheduleI/RecipientTable/AddressUS/State",262364,21884,"2011v1.3, 2011v1.5, 2011v1.2"
"/Return/ReturnData/IRS990ScheduleI/RecipientTable/AddressUS/City",262364,21884,"2011v1.3, 2011v1.2, 2011v1.5"
"/Return/ReturnData/IRS990ScheduleI/RecipientTable/AmountOfCashGrant",255968,22028,"2011v1.2, 2011v1.3, 2011v1.5"
"/Return/ReturnData/IRS990/ProgramServiceRevenue",250675,110334,"2011v1.3, 2011v1.2, 2011v1.5"
"/Return/ReturnData/IRS990/ProgramServiceRevenue/Description",250197,109990,"2011v1.2, 2011v1.5, 2011v1.3"
"/Return/ReturnData/IRS990ScheduleI/RecipientTable/EINOfRecipient",249780,19583,"2011v1.3, 2011v1.5, 2011v1.2"
"/Return/ReturnData/IRS990/ProgramServiceRevenue/TotalRevenueColumn",249340,110010,"2011v1.2, 2011v1.3, 2011v1.5"
"/Return/ReturnData/IRS990ScheduleR/Form990ScheduleRPartII/PublicCharityStatus",249108,33120,"2011v1.2, 2011v1.5, 2011v1.3"
"/Return/ReturnHeader/Officer/Name",241552,241552,"2011v1.3, 2011v1.2, 2011v1.5, 2011v1.4"
"/Return/ReturnHeader/Filer",241552,241552,"2011v1.2, 2011v1.5, 2011v1.4, 2011v1.3"
"/Return/ReturnHeader/Timestamp",241552,241552,"2011v1.5, 2011v1.4, 2011v1.2, 2011v1.3"
"/Return/ReturnHeader/TaxYear",241552,241552,"2011v1.3, 2011v1.5, 2011v1.4, 2011v1.2"
"/Return/ReturnHeader/ReturnType",241552,241552,"2011v1.5, 2011v1.4, 2011v1.3, 2011v1.2"
"/Return/ReturnHeader/Officer/DateSigned",241552,241552,"2011v1.2, 2011v1.5, 2011v1.4, 2011v1.3"
"/Return/ReturnHeader",241552,241552,"2011v1.5, 2011v1.4, 2011v1.3, 2011v1.2"
"/Return/ReturnHeader/Filer/NameControl",241552,241552,"2011v1.5, 2011v1.4, 2011v1.3, 2011v1.2"
"/Return/ReturnHeader/Filer/Name",241552,241552,"2011v1.3, 2011v1.2, 2011v1.5, 2011v1.4"
"/Return/ReturnHeader/Filer/EIN",241552,241552,"2011v1.2, 2011v1.5, 2011v1.4, 2011v1.3"
"/Return/ReturnData",241552,241552,"2011v1.5, 2011v1.4, 2011v1.2, 2011v1.3"
"/Return/ReturnHeader/TaxPeriodBeginDate",241552,241552,"2011v1.3, 2011v1.5, 2011v1.4, 2011v1.2"
"/Return",241552,241552,"2011v1.3, 2011v1.5, 2011v1.4, 2011v1.2"
"/Return/ReturnHeader/Officer",241552,241552,"2011v1.5, 2011v1.4, 2011v1.2, 2011v1.3"
"/Return/ReturnHeader/Filer/Name/BusinessNameLine1",241552,241552,"2011v1.2, 2011v1.5, 2011v1.4, 2011v1.3"
"/Return/ReturnHeader/BuildTS",241552,241552,"2011v1.2, 2011v1.5, 2011v1.4, 2011v1.3"
"/Return/ReturnHeader/TaxPeriodEndDate",241552,241552,"2011v1.3, 2011v1.2, 2011v1.5, 2011v1.4"
"/Return/ReturnHeader/Officer/Title",241552,241552,"2011v1.5, 2011v1.4, 2011v1.2, 2011v1.3"
"/Return/ReturnHeader/Filer/USAddress/ZIPCode",241416,241416,"2011v1.2, 2011v1.3, 2011v1.5, 2011v1.4"
"/Return/ReturnHeader/Filer/USAddress/City",241416,241416,"2011v1.5, 2011v1.4, 2011v1.2, 2011v1.3"
"/Return/ReturnHeader/Filer/USAddress/AddressLine1",241416,241416,"2011v1.3, 2011v1.5, 2011v1.4, 2011v1.2"
"/Return/ReturnHeader/Filer/USAddress/State",241416,241416,"2011v1.2, 2011v1.5, 2011v1.4, 2011v1.3"
"/Return/ReturnHeader/Filer/USAddress",241416,241416,"2011v1.3, 2011v1.2, 2011v1.5, 2011v1.4"
"/Return/ReturnData/IRS990ScheduleO",239040,239040,"2011v1.3, 2011v1.2, 2011v1.5, 2011v1.4"
"/Return/ReturnData/IRS990ScheduleI/RecipientTable/IRCSection",233957,16697,"2011v1.3, 2011v1.2, 2011v1.5"
"/Return/ReturnData/IRS990/OtherExpenses/ManagementAndGeneral",228822,93331,"2011v1.3, 2011v1.2, 2011v1.5, 2011v1.4"
"/Return/ReturnHeader/Preparer",228591,228591,"2011v1.2, 2011v1.5, 2011v1.4, 2011v1.3"
"/Return/ReturnHeader/PreparerFirm",227825,227825,"2011v1.3, 2011v1.2, 2011v1.5, 2011v1.4"
"/Return/ReturnHeader/PreparerFirm/PreparerFirmBusinessName",227825,227825,"2011v1.2, 2011v1.3, 2011v1.5, 2011v1.4"
"/Return/ReturnHeader/PreparerFirm/PreparerFirmBusinessName/BusinessNameLine1",227825,227825,"2011v1.2, 2011v1.5, 2011v1.4, 2011v1.3"
"/Return/ReturnHeader/PreparerFirm/PreparerFirmUSAddress/City",227798,227798,"2011v1.3, 2011v1.5, 2011v1.4, 2011v1.2"
"/Return/ReturnHeader/PreparerFirm/PreparerFirmUSAddress/State",227798,227798,"2011v1.2, 2011v1.5, 2011v1.4, 2011v1.3"
"/Return/ReturnHeader/PreparerFirm/PreparerFirmUSAddress",227798,227798,"2011v1.5, 2011v1.4, 2011v1.2, 2011v1.3"
"/Return/ReturnHeader/PreparerFirm/PreparerFirmUSAddress/AddressLine1",227798,227798,"2011v1.3, 2011v1.2, 2011v1.5, 2011v1.4"
"/Return/ReturnHeader/PreparerFirm/PreparerFirmUSAddress/ZIPCode",227798,227798,"2011v1.5, 2011v1.4, 2011v1.2, 2011v1.3"
"/Return/ReturnHeader/Preparer/Phone",226121,226121,"2011v1.2, 2011v1.5, 2011v1.4, 2011v1.3"
"/Return/ReturnHeader/Preparer/Name",221565,221565,"2011v1.5, 2011v1.4, 2011v1.2, 2011v1.3"
"/Return/ReturnData/IRS990ScheduleR/Form990ScheduleRPartIV",220250,13315,"2011v1.5, 2011v1.2, 2011v1.3"
"/Return/ReturnData/IRS990ScheduleR/Form990ScheduleRPartIV/NameOfRelatedOrg/BusinessNameLine1",220244,13314,"2011v1.2, 2011v1.5, 2011v1.3"
"/Return/ReturnData/IRS990ScheduleR/Form990ScheduleRPartIV/NameOfRelatedOrg",220244,13314,"2011v1.3, 2011v1.5, 2011v1.2"
"/Return/ReturnData/IRS990/ProgramServiceRevenue/RelatedOrExemptFunctionIncome",220194,98848,"2011v1.3, 2011v1.5, 2011v1.2"
"/Return/ReturnHeader/Filer/Phone",215100,215100,"2011v1.3, 2011v1.2, 2011v1.5, 2011v1.4"
"/Return/ReturnData/IRS990EZ/OfficerDirectorTrusteeKeyEmpl/ContriToEmplBenefitPlansEtc",214733,32693,"2011v1.5, 2011v1.2, 2011v1.3"
"/Return/ReturnData/IRS990EZ/OfficerDirectorTrusteeKeyEmpl/ExpenseAccountOtherAllowances",213068,32408,"2011v1.3, 2011v1.5, 2011v1.2"
"/Return/ReturnData/IRS990ScheduleR/Form990ScheduleRPartIV/AddressUS/City",206303,12659,"2011v1.3, 2011v1.2, 2011v1.5"
"/Return/ReturnData/IRS990ScheduleR/Form990ScheduleRPartIV/AddressUS/AddressLine1",206303,12659,"2011v1.2, 2011v1.3, 2011v1.5"
"/Return/ReturnData/IRS990ScheduleR/Form990ScheduleRPartIV/AddressUS/ZIPCode",206303,12659,"2011v1.2, 2011v1.3, 2011v1.5"
"/Return/ReturnData/IRS990ScheduleR/Form990ScheduleRPartIV/AddressUS/State",206303,12659,"2011v1.5, 2011v1.3, 2011v1.2"
"/Return/ReturnData/IRS990ScheduleR/Form990ScheduleRPartIV/AddressUS",206303,12659,"2011v1.2, 2011v1.3, 2011v1.5"
"/Return/ReturnHeader/Officer/AuthorizeThirdParty",202887,202887,"2011v1.5, 2011v1.4, 2011v1.3, 2011v1.2"
"/Return/ReturnData/IRS990ScheduleR/Form990ScheduleRPartIV/LegalDomicileState",199113,12944,"2011v1.2, 2011v1.3, 2011v1.5"
"/Return/ReturnData/IRS990ScheduleR/Form990ScheduleRPartIV/PrimaryActivity",196848,13061,"2011v1.3, 2011v1.5, 2011v1.2"
"/Return/ReturnData/IRS990ScheduleA",182404,182404,"2011v1.2, 2011v1.5, 2011v1.3"
"/Return/ReturnData/IRS990ScheduleR/Form990ScheduleRPartII/DirectControllingEntityName",179638,18259,"2011v1.3, 2011v1.2, 2011v1.5"
"/Return/ReturnData/IRS990ScheduleR/Form990ScheduleRPartII/DirectControllingEntityName/BusinessNameLine1",179638,18259,"2011v1.3, 2011v1.2, 2011v1.5"
"/Return/ReturnData/IRS990/ProgramServiceRevenue/BusinessCode",179597,80375,"2011v1.2, 2011v1.5, 2011v1.3"
"/Return/ReturnData/IRS990ScheduleR/Form990ScheduleRPartIV/EIN",176412,12365,"2011v1.3, 2011v1.2, 2011v1.5"
"/Return/ReturnHeader/Officer/Phone",170254,170254,"2011v1.3, 2011v1.2, 2011v1.5, 2011v1.4"
"/Return/ReturnData/IRS990ScheduleR/Form990ScheduleRPartIV/TypeOfEntity",168124,12671,"2011v1.3, 2011v1.2, 2011v1.5"
"/Return/ReturnData/IRS990/TotalExpensesCurrentYear",159504,159504,"2011v1.3, 2011v1.5, 2011v1.4, 2011v1.2"
"/Return/ReturnData/IRS990/PoliticalActivities",159504,159504,"2011v1.3, 2011v1.2, 2011v1.5, 2011v1.4"
"/Return/ReturnData/IRS990/TotalRevenue/TotalRevenueColumn",159504,159504,"2011v1.5, 2011v1.4, 2011v1.2, 2011v1.3"
"/Return/ReturnData/IRS990/MoreThan5000KToIndividuals",159504,159504,"2011v1.3, 2011v1.2, 2011v1.5, 2011v1.4"
"/Return/ReturnData/IRS990/FamilyOrBusinessRelationship",159504,159504,"2011v1.5, 2011v1.4, 2011v1.2, 2011v1.3"
"/Return/ReturnData/IRS990/DecisionsSubjectToApproval",159504,159504,"2011v1.3, 2011v1.5, 2011v1.4, 2011v1.2"
"/Return/ReturnData/IRS990/TotalLiabilitiesEOY",159504,159504,"2011v1.3, 2011v1.2, 2011v1.5, 2011v1.4"
"/Return/ReturnData/IRS990/ForeignOffice",159504,159504,"2011v1.2, 2011v1.5, 2011v1.4, 2011v1.3"
"/Return/ReturnData/IRS990/GroupReturnForAffiliates",159504,159504,"2011v1.3, 2011v1.2, 2011v1.5, 2011v1.4"
"/Return/ReturnData/IRS990/FSAudited",159504,159504,"2011v1.3, 2011v1.5, 2011v1.4, 2011v1.2"
"/Return/ReturnData/IRS990/TotalAssets",159504,159504,"2011v1.2, 2011v1.5, 2011v1.4, 2011v1.3"
"/Return/ReturnData/IRS990/DeductibleContributionsOfArt",159504,159504,"2011v1.5, 2011v1.4, 2011v1.2, 2011v1.3"
"/Return/ReturnData/IRS990/GrantToRelatedPerson",159504,159504,"2011v1.5, 2011v1.4, 2011v1.2, 2011v1.3"
"/Return/ReturnData/IRS990/School",159504,159504,"2011v1.3, 2011v1.5, 2011v1.4, 2011v1.2"
"/Return/ReturnData/IRS990/TotalNetAssetsFundBalances",159504,159504,"2011v1.5, 2011v1.4, 2011v1.2, 2011v1.3"
"/Return/ReturnData/IRS990/ReportProgRelInvest",159504,159504,"2011v1.5, 2011v1.4, 2011v1.2, 2011v1.3"
"/Return/ReturnData/IRS990/RevenuesLessExpensesCY",159504,159504,"2011v1.3, 2011v1.2, 2011v1.5, 2011v1.4"
"/Return/ReturnData/IRS990/NumberIndependentVotingMembers",159504,159504,"2011v1.5, 2011v1.4, 2011v1.2, 2011v1.3"
"/Return/ReturnData/IRS990/NonDeductibleContributions",159504,159504,"2011v1.5, 2011v1.4, 2011v1.3, 2011v1.2"
"/Return/ReturnData/IRS990/TheBooksAreInCareOf",159504,159504,"2011v1.3, 2011v1.2, 2011v1.5, 2011v1.4"
"/Return/ReturnData/IRS990/MaterialDiversionOrMisuse",159504,159504,"2011v1.5, 2011v1.4, 2011v1.2, 2011v1.3"
"/Return/ReturnData/IRS990/FundraisingActivities",159504,159504,"2011v1.2, 2011v1.5, 2011v1.4, 2011v1.3"
"/Return/ReturnData/IRS990/IndependentAuditFinancialStmt",159504,159504,"2011v1.2, 2011v1.5, 2011v1.4, 2011v1.3"
"/Return/ReturnData/IRS990/TotalProfFundrsngExpCY",159504,159504,"2011v1.3, 2011v1.5, 2011v1.4, 2011v1.2"
"/Return/ReturnData/IRS990/ReconcilationRevenueExpenses",159504,159504,"2011v1.5, 2011v1.4, 2011v1.2, 2011v1.3"
"/Return/ReturnData/IRS990/GrantsAndSimilarAmntsCY",159504,159504,"2011v1.3, 2011v1.2, 2011v1.5, 2011v1.4"
"/Return/ReturnData/IRS990/OtherRevenueCurrentYear",159504,159504,"2011v1.5, 2011v1.4, 2011v1.3, 2011v1.2"
"/Return/ReturnData/IRS990/ScheduleJRequired",159504,159504,"2011v1.2, 2011v1.5, 2011v1.4, 2011v1.3"
"/Return/ReturnData/IRS990/ForeignFinancialAccount",159504,159504,"2011v1.3, 2011v1.2, 2011v1.5, 2011v1.4"
"/Return/ReturnData/IRS990/TotalAssetsEOY",159504,159504,"2011v1.2, 2011v1.5, 2011v1.4, 2011v1.3"
"/Return/ReturnData/IRS990/TotalCompGT150K",159504,159504,"2011v1.5, 2011v1.4, 2011v1.2, 2011v1.3"
"/Return/ReturnData/IRS990/DescribedIn501C3",159504,159504,"2011v1.2, 2011v1.5, 2011v1.4, 2011v1.3"
"/Return/ReturnData/IRS990/ConflictOfInterestPolicy",159504,159504,"2011v1.5, 2011v1.4, 2011v1.2, 2011v1.3"
"/Return/ReturnData/IRS990/TotalRevenueCurrentYear",159504,159504,"2011v1.5, 2011v1.4, 2011v1.2, 2011v1.3"
"/Return/ReturnData/IRS990/CollectionsOfArt",159504,159504,"2011v1.3, 2011v1.2, 2011v1.5, 2011v1.4"
"/Return/ReturnData/IRS990/ReportOtherAssets",159504,159504,"2011v1.3, 2011v1.2, 2011v1.5, 2011v1.4"
"/Return/ReturnData/IRS990/MoreThan5000KToOrganizations",159504,159504,"2011v1.3, 2011v1.2, 2011v1.5, 2011v1.4"
"/Return/ReturnData/IRS990/TotalFunctionalExpenses/Total",159504,159504,"2011v1.5, 2011v1.4, 2011v1.2, 2011v1.3"
"/Return/ReturnData/IRS990/Gaming",159504,159504,"2011v1.2, 2011v1.5, 2011v1.4, 2011v1.3"
"/Return/ReturnData/IRS990/ElectionOfBoardMembers",159504,159504,"2011v1.2, 2011v1.5, 2011v1.4, 2011v1.3"
"/Return/ReturnData/IRS990/TaxExemptBonds",159504,159504,"2011v1.2, 2011v1.3, 2011v1.5, 2011v1.4"
"/Return/ReturnData/IRS990/PartialLiquidation",159504,159504,"2011v1.2, 2011v1.5, 2011v1.4, 2011v1.3"
"/Return/ReturnData/IRS990/RelatedOrgControlledEntity",159504,159504,"2011v1.5, 2011v1.4, 2011v1.3, 2011v1.2"
"/Return/ReturnData/IRS990/LocalChapters",159504,159504,"2011v1.2, 2011v1.5, 2011v1.4, 2011v1.3"
"/Return/ReturnData/IRS990/RelatedEntity",159504,159504,"2011v1.3, 2011v1.2, 2011v1.5, 2011v1.4"
"/Return/ReturnData/IRS990/TheBooksAreInCareOf/TelephoneNumber",159504,159504,"2011v1.5, 2011v1.4, 2011v1.2, 2011v1.3"
"/Return/ReturnData/IRS990/InvestmentInJointVenture",159504,159504,"2011v1.5, 2011v1.4, 2011v1.2, 2011v1.3"
"/Return/ReturnData/IRS990/NbrVotingGoverningBodyMembers",159504,159504,"2011v1.5, 2011v1.4, 2011v1.3, 2011v1.2"
"/Return/ReturnData/IRS990/ReportInvestOthSecurities",159504,159504,"2011v1.5, 2011v1.4, 2011v1.2, 2011v1.3"
"/Return/ReturnData/IRS990/CreditCounseling",159504,159504,"2011v1.5, 2011v1.4, 2011v1.3, 2011v1.2"
"/Return/ReturnData/IRS990/WhistleblowerPolicy",159504,159504,"2011v1.3, 2011v1.2, 2011v1.5, 2011v1.4"
"/Return/ReturnData/IRS990/ProhibitedTaxShelterTrans",159504,159504,"2011v1.3, 2011v1.2, 2011v1.5, 2011v1.4"
"/Return/ReturnData/IRS990/GrantsToOrganizations",159504,159504,"2011v1.2, 2011v1.5, 2011v1.4, 2011v1.3"
"/Return/ReturnData/IRS990/Hospital",159504,159504,"2011v1.5, 2011v1.4, 2011v1.3, 2011v1.2"
"/Return/ReturnData/IRS990/ConsolidatedAuditFinancialStmt",159504,159504,"2011v1.5, 2011v1.4, 2011v1.2, 2011v1.3"
"/Return/ReturnData/IRS990/Form990ProvidedToGoverningBody",159504,159504,"2011v1.3, 2011v1.2, 2011v1.5, 2011v1.4"
"/Return/ReturnData/IRS990/NumberOfEmployees",159504,159504,"2011v1.3, 2011v1.2, 2011v1.5, 2011v1.4"
"/Return/ReturnData/IRS990/TermOrPermanentEndowments",159504,159504,"2011v1.5, 2011v1.4, 2011v1.2, 2011v1.3"
"/Return/ReturnData/IRS990/ProfessionalFundraising",159504,159504,"2011v1.5, 2011v1.4, 2011v1.2, 2011v1.3"
"/Return/ReturnData/IRS990/BsnssRltnshpThruFamilyMember",159504,159504,"2011v1.3, 2011v1.2, 2011v1.5, 2011v1.4"
"/Return/ReturnData/IRS990/TotalNetAssetsFundBalances/BOY",159504,159504,"2011v1.5, 2011v1.4, 2011v1.2, 2011v1.3"
"/Return/ReturnData/IRS990/IndoorTanningServices",159504,159504,"2011v1.5, 2011v1.4, 2011v1.2, 2011v1.3"
"/Return/ReturnData/IRS990/DelegationOfManagementDuties",159504,159504,"2011v1.3, 2011v1.5, 2011v1.4, 2011v1.2"
"/Return/ReturnData/IRS990/ChangesToOrganizingDocs",159504,159504,"2011v1.3, 2011v1.2, 2011v1.5, 2011v1.4"
"/Return/ReturnData/IRS990/DocumentRetentionPolicy",159504,159504,"2011v1.5, 2011v1.4, 2011v1.2, 2011v1.3"
"/Return/ReturnData/IRS990/TotalAssets/EOY",159504,159504,"2011v1.3, 2011v1.2, 2011v1.5, 2011v1.4"
"/Return/ReturnData/IRS990/NetAssetsOrFundBalancesEOY",159504,159504,"2011v1.5, 2011v1.4, 2011v1.3, 2011v1.2"
"/Return/ReturnData/IRS990/DonorAdvisedFunds",159504,159504,"2011v1.3, 2011v1.5, 2011v1.4, 2011v1.2"
"/Return/ReturnData/IRS990/TotalLiabNetAssetsFundBalances/BOY",159504,159504,"2011v1.3, 2011v1.5, 2011v1.4, 2011v1.2"
"/Return/ReturnData/IRS990/TotalLiabNetAssetsFundBalances",159504,159504,"2011v1.2, 2011v1.5, 2011v1.4, 2011v1.3"
"/Return/ReturnData/IRS990/Description",159504,159504,"2011v1.3, 2011v1.2, 2011v1.5, 2011v1.4"
"/Return/ReturnData/IRS990/BenefitsPaidToMembersCY",159504,159504,"2011v1.3, 2011v1.2, 2011v1.5, 2011v1.4"
"/Return/ReturnData/IRS990/CompensationFromOtherSources",159504,159504,"2011v1.3, 2011v1.5, 2011v1.4, 2011v1.2"
"/Return/ReturnData/IRS990/FormersListed",159504,159504,"2011v1.5, 2011v1.4, 2011v1.2, 2011v1.3"
"/Return/ReturnData/IRS990",159504,159504,"2011v1.3, 2011v1.2, 2011v1.5, 2011v1.4"
"/Return/ReturnData/IRS990/TotalNetAssetsFundBalances/EOY",159504,159504,"2011v1.2, 2011v1.5, 2011v1.4, 2011v1.3"
"/Return/ReturnData/IRS990/AccountantCompileOrReview",159504,159504,"2011v1.3, 2011v1.2, 2011v1.5, 2011v1.4"
"/Return/ReturnData/IRS990/ContributionsGrantsCurrentYear",159504,159504,"2011v1.2, 2011v1.5, 2011v1.4, 2011v1.3"
"/Return/ReturnData/IRS990/NbrIndependentVotingMembers",159504,159504,"2011v1.5, 2011v1.4, 2011v1.2, 2011v1.3"
"/Return/ReturnData/IRS990/ReportFin48Footnote",159504,159504,"2011v1.2, 2011v1.3, 2011v1.5, 2011v1.4"
"/Return/ReturnData/IRS990/InvestmentIncomeCurrentYear",159504,159504,"2011v1.2, 2011v1.3, 2011v1.5, 2011v1.4"
"/Return/ReturnData/IRS990/TotalAssets/BOY",159504,159504,"2011v1.5, 2011v1.4, 2011v1.2, 2011v1.3"
"/Return/ReturnData/IRS990/TotalGrossUBI",159504,159504,"2011v1.2, 2011v1.5, 2011v1.4, 2011v1.3"
"/Return/ReturnData/IRS990/TotalNbrEmployees",159504,159504,"2011v1.5, 2011v1.4, 2011v1.2, 2011v1.3"
"/Return/ReturnData/IRS990/TotalLiabNetAssetsFundBalances/EOY",159504,159504,"2011v1.2, 2011v1.3, 2011v1.5, 2011v1.4"
"/Return/ReturnData/IRS990/NbrVotingMembersGoverningBody",159504,159504,"2011v1.5, 2011v1.4, 2011v1.2, 2011v1.3"
"/Return/ReturnData/IRS990/TotalFundrsngExpCurrentYear",159504,159504,"2011v1.3, 2011v1.2, 2011v1.5, 2011v1.4"
"/Return/ReturnData/IRS990/MembersOrStockholders",159504,159504,"2011v1.3, 2011v1.2, 2011v1.5, 2011v1.4"
"/Return/ReturnData/IRS990/OfficerMailingAddress",159504,159504,"2011v1.5, 2011v1.4, 2011v1.3, 2011v1.2"
"/Return/ReturnData/IRS990/OtherExpensesCurrentYear",159504,159504,"2011v1.5, 2011v1.4, 2011v1.2, 2011v1.3"
"/Return/ReturnData/IRS990/ForeignActivities",159504,159504,"2011v1.3, 2011v1.2, 2011v1.5, 2011v1.4"
"/Return/ReturnData/IRS990/TotalLiabilities/BOY",159504,159504,"2011v1.5, 2011v1.4, 2011v1.2, 2011v1.3"
"/Return/ReturnData/IRS990/GrantsToIndividuals",159504,159504,"2011v1.3, 2011v1.2, 2011v1.5, 2011v1.4"
"/Return/ReturnData/IRS990/TotalRevenue",159504,159504,"2011v1.3, 2011v1.2, 2011v1.5, 2011v1.4"
"/Return/ReturnData/IRS990/MinutesOfGoverningBody",159504,159504,"2011v1.3, 2011v1.2, 2011v1.5, 2011v1.4"
"/Return/ReturnData/IRS990/NumberFormsTransmittedWith1096",159504,159504,"2011v1.5, 2011v1.4, 2011v1.2, 2011v1.3"
"/Return/ReturnData/IRS990/ScheduleORequired",159504,159504,"2011v1.2, 2011v1.3, 2011v1.5, 2011v1.4"
"/Return/ReturnData/IRS990/OfficerEntityWithBsnssRltnshp",159504,159504,"2011v1.3, 2011v1.5, 2011v1.4, 2011v1.2"
"/Return/ReturnData/IRS990/TotalLiabilities/EOY",159504,159504,"2011v1.3, 2011v1.5, 2011v1.4, 2011v1.2"
"/Return/ReturnData/IRS990/ReportLandBldgEquip",159504,159504,"2011v1.2, 2011v1.5, 2011v1.4, 2011v1.3"
"/Return/ReturnData/IRS990/ScheduleBRequired",159504,159504,"2011v1.5, 2011v1.4, 2011v1.3, 2011v1.2"
"/Return/ReturnData/IRS990/SalariesEtcCurrentYear",159504,159504,"2011v1.3, 2011v1.2, 2011v1.5, 2011v1.4"
"/Return/ReturnData/IRS990/ActivityOrMissionDescription",159504,159504,"2011v1.5, 2011v1.4, 2011v1.2, 2011v1.3"
"/Return/ReturnData/IRS990/ReportOtherLiabilities",159504,159504,"2011v1.5, 2011v1.4, 2011v1.2, 2011v1.3"
"/Return/ReturnData/IRS990/DeductibleNonCashContributions",159504,159504,"2011v1.2, 2011v1.5, 2011v1.4, 2011v1.3"
"/Return/ReturnData/IRS990/TransactionRelatedEntity",159504,159504,"2011v1.3, 2011v1.2, 2011v1.5, 2011v1.4"
"/Return/ReturnData/IRS990/NumberW2GIncluded",159504,159504,"2011v1.3, 2011v1.5, 2011v1.4, 2011v1.2"
"/Return/ReturnData/IRS990/BsnssRltnshpWithOrganization",159504,159504,"2011v1.5, 2011v1.4, 2011v1.2, 2011v1.3"
"/Return/ReturnData/IRS990/DisregardedEntity",159504,159504,"2011v1.3, 2011v1.2, 2011v1.5, 2011v1.4"
"/Return/ReturnData/IRS990/ConservationEasements",159504,159504,"2011v1.5, 2011v1.4, 2011v1.2, 2011v1.3"
"/Return/ReturnData/IRS990/UnrelatedBusinessIncome",159504,159504,"2011v1.3, 2011v1.2, 2011v1.5, 2011v1.4"
"/Return/ReturnData/IRS990/TotalFunctionalExpenses",159504,159504,"2011v1.5, 2011v1.4, 2011v1.2, 2011v1.3"
"/Return/ReturnData/IRS990/TotalLiabilities",159504,159504,"2011v1.3, 2011v1.2, 2011v1.5, 2011v1.4"
"/Return/ReturnData/IRS990/GrossReceipts",159504,159504,"2011v1.3, 2011v1.5, 2011v1.4, 2011v1.2"
"/Return/ReturnData/IRS990/TaxablePartyNotification",159504,159504,"2011v1.5, 2011v1.4, 2011v1.2, 2011v1.3"
"/Return/ReturnData/IRS990/ActivitiesConductedPartnership",159504,159504,"2011v1.2, 2011v1.5, 2011v1.4, 2011v1.3"
"/Return/ReturnData/IRS990/Terminated",159504,159504,"2011v1.3, 2011v1.2, 2011v1.5, 2011v1.4"
"/Return/ReturnData/IRS990/LoanToOfficerOrDQP",159504,159504,"2011v1.3, 2011v1.2, 2011v1.5, 2011v1.4"
"/Return/ReturnData/IRS990/ProgramServiceRevenueCY",159504,159504,"2011v1.3, 2011v1.5, 2011v1.4, 2011v1.2"
"/Return/ReturnData/IRS990/MissionDescription",159395,159395,"2011v1.5, 2011v1.4, 2011v1.2, 2011v1.3"
"/Return/ReturnData/IRS990/TheBooksAreInCareOf/AddressUS/ZIPCode",159241,159241,"2011v1.5, 2011v1.4, 2011v1.3, 2011v1.2"
"/Return/ReturnData/IRS990/TheBooksAreInCareOf/AddressUS/City",159241,159241,"2011v1.3, 2011v1.5, 2011v1.4, 2011v1.2"
"/Return/ReturnData/IRS990/TheBooksAreInCareOf/AddressUS/AddressLine1",159241,159241,"2011v1.3, 2011v1.2, 2011v1.5, 2011v1.4"
"/Return/ReturnData/IRS990/TheBooksAreInCareOf/AddressUS/State",159241,159241,"2011v1.3, 2011v1.2, 2011v1.5, 2011v1.4"
"/Return/ReturnData/IRS990/TheBooksAreInCareOf/AddressUS",159241,159241,"2011v1.3, 2011v1.5, 2011v1.4, 2011v1.2"
"/Return/ReturnData/IRS990/MinutesOfCommittees",158510,158510,"2011v1.3, 2011v1.5, 2011v1.2"
"/Return/ReturnData/IRS990/TotalAssetsBOY",158200,158200,"2011v1.2, 2011v1.3, 2011v1.5, 2011v1.4"
"/Return/ReturnData/IRS990/SignificantNewProgramServices",158073,158073,"2011v1.3, 2011v1.2, 2011v1.5"
"/Return/ReturnData/IRS990/SignificantChange",158061,158061,"2011v1.3, 2011v1.2, 2011v1.5"
"/Return/ReturnData/IRS990/NetAssetsOrFundBalancesBOY",158029,158029,"2011v1.2, 2011v1.5, 2011v1.4, 2011v1.3"
"/Return/ReturnData/IRS990/CompensationProcessCEO",157929,157929,"2011v1.5, 2011v1.3, 2011v1.2"
"/Return/ReturnData/IRS990/CompensationProcessOther",157620,157620,"2011v1.3, 2011v1.5, 2011v1.2"
"/Return/ReturnData/IRS990/TotalRevenuePriorYear",155703,155703,"2011v1.2, 2011v1.5, 2011v1.4, 2011v1.3"
"/Return/ReturnData/IRS990/RevenuesLessExpensesPriorYear",155449,155449,"2011v1.3, 2011v1.2, 2011v1.5, 2011v1.4"
"/Return/ReturnData/IRS990/TotalExpensesPriorYear",155363,155363,"2011v1.3, 2011v1.2, 2011v1.5, 2011v1.4"
"/Return/ReturnData/IRS990/OtherExpensePriorYear",154913,154913,"2011v1.3, 2011v1.2, 2011v1.5, 2011v1.4"
"/Return/ReturnData/IRS990/InfoInScheduleOPartVI",152882,152882,"2011v1.3, 2011v1.2, 2011v1.5"
"/Return/ReturnData/IRS990ScheduleD/Form990ScheduleDPartXIV",152455,66590,"2011v1.2, 2011v1.5, 2011v1.3"
"/Return/ReturnData/IRS990ScheduleD/Form990ScheduleDPartXIV/Explanation",152239,66536,"2011v1.3, 2011v1.5, 2011v1.2"
"/Return/ReturnData/IRS990/StateLegalDomicile",148858,148858,"2011v1.3, 2011v1.2, 2011v1.5, 2011v1.4"
"/Return/ReturnData/IRS990ScheduleJ/Form990ScheduleJPartII",147645,36557,"2011v1.5, 2011v1.2, 2011v1.3"
"/Return/ReturnData/IRS990ScheduleJ/Form990ScheduleJPartII/NamePerson",147462,36484,"2011v1.2, 2011v1.5, 2011v1.3"
"/Return/ReturnData/IRS990/UponRequest",147310,147310,"2011v1.2, 2011v1.5, 2011v1.3"
"/Return/ReturnData/IRS990/TotalFunctionalExpenses/ProgramServices",147273,147273,"2011v1.5, 2011v1.4, 2011v1.2, 2011v1.3"
"/Return/ReturnData/IRS990/TotalFunctionalExpenses/ManagementAndGeneral",146626,146626,"2011v1.5, 2011v1.4, 2011v1.3, 2011v1.2"
"/Return/ReturnData/IRS990/FederalGrantAuditRequired",146604,146604,"2011v1.5, 2011v1.3, 2011v1.2"
"/Return/ReturnData/IRS990/YearFormation",145088,145088,"2011v1.2, 2011v1.5, 2011v1.4, 2011v1.3"
"/Return/ReturnData/IRS990/TotalFunctionalExpenses/Fundraising",145059,145059,"2011v1.3, 2011v1.2, 2011v1.5, 2011v1.4"
"/Return/ReturnData/IRS990/CashNonInterestBearing",144744,144744,"2011v1.2, 2011v1.5, 2011v1.4, 2011v1.3"
"/Return/ReturnData/IRS990/WebSite",143740,143740,"2011v1.5, 2011v1.4, 2011v1.3, 2011v1.2"
"/Return/ReturnData/IRS990/CashNonInterestBearing/EOY",143141,143141,"2011v1.3, 2011v1.5, 2011v1.4, 2011v1.2"
"/Return/ReturnData/IRS990/TotalRevenue/RelatedOrExemptFunctionIncome",143110,143110,"2011v1.5, 2011v1.2, 2011v1.3"
"/Return/ReturnData/IRS990ScheduleD",140560,140560,"2011v1.3, 2011v1.5, 2011v1.4, 2011v1.2"
"/Return/ReturnData/IRS990/InvestmentIncomePriorYear",140321,140321,"2011v1.2, 2011v1.5, 2011v1.4, 2011v1.3"
"/Return/ReturnData/IRS990ScheduleD/Form990ScheduleDPartXIV/Identifier",139531,63347,"2011v1.5, 2011v1.2, 2011v1.3"
"/Return/ReturnData/IRS990/CashNonInterestBearing/BOY",139110,139110,"2011v1.3, 2011v1.2, 2011v1.5, 2011v1.4"
"/Return/ReturnData/IRS990/StatesWhereCopyOfReturnIsFiled",138981,82733,"2011v1.3, 2011v1.5, 2011v1.2"
"/Return/ReturnData/IRS990/ContributionsGrantsPriorYear",138876,138876,"2011v1.5, 2011v1.4, 2011v1.2, 2011v1.3"
"/Return/ReturnData/IRS990/TotalLiabilitiesBOY",138679,138679,"2011v1.2, 2011v1.5, 2011v1.3"
"/Return/ReturnData/IRS990/TotalProgramServiceExpense",138497,138497,"2011v1.3, 2011v1.2, 2011v1.5, 2011v1.4"
"/Return/ReturnData/IRS990ScheduleJ/Form990ScheduleJPartII/TotalCompensationFilingOrg",138441,34290,"2011v1.3, 2011v1.5, 2011v1.2"
"/Return/ReturnData/IRS990/TypeOfOrganizationCorporation",138213,138213,"2011v1.3, 2011v1.5, 2011v1.4, 2011v1.2"
"/Return/ReturnData/IRS990ScheduleJ/Form990ScheduleJPartII/BaseCompensationFilingOrg",138194,34217,"2011v1.3, 2011v1.2, 2011v1.5"
"/Return/ReturnData/IRS990/Expense",135755,135755,"2011v1.2, 2011v1.5, 2011v1.4, 2011v1.3"
"/Return/ReturnData/IRS990/InvestmentIncome",135697,135697,"2011v1.2, 2011v1.5, 2011v1.4, 2011v1.3"
"/Return/ReturnData/IRS990/InvestmentIncome/TotalRevenueColumn",135694,135694,"2011v1.3, 2011v1.5, 2011v1.4, 2011v1.2"
"/Return/ReturnData/IRS990/SubjectToProxyTax",135121,135121,"2011v1.5, 2011v1.4, 2011v1.3, 2011v1.2"
"/Return/ReturnData/IRS990/ExcessBenefitTransaction",134594,134594,"2011v1.3, 2011v1.5, 2011v1.4, 2011v1.2"
"/Return/ReturnData/IRS990/PriorExcessBenefitTransaction",134569,134569,"2011v1.3, 2011v1.2, 2011v1.5, 2011v1.4"
"/Return/ReturnData/IRS990ScheduleJ/Form990ScheduleJPartII/NontaxableBenefitsFilingOrg",133433,31785,"2011v1.2, 2011v1.5, 2011v1.3"
"/Return/ReturnData/IRS990/SalariesEtcPriorYear",132886,132886,"2011v1.5, 2011v1.2, 2011v1.3"
"/Return/ReturnData/IRS990/OfficeExpenses",132280,132280,"2011v1.3, 2011v1.2, 2011v1.5, 2011v1.4"
"/Return/ReturnData/IRS990/OfficeExpenses/Total",132280,132280,"2011v1.2, 2011v1.5, 2011v1.4, 2011v1.3"
"/Return/ReturnData/IRS990ScheduleJ/Form990ScheduleJPartII/DeferredCompFilingOrg",131808,31332,"2011v1.3, 2011v1.5, 2011v1.2"
"/Return/ReturnData/IRS990/TotalContributions",131758,131758,"2011v1.5, 2011v1.4, 2011v1.2, 2011v1.3"
"/Return/ReturnData/IRS990/FeesForServicesAccounting/Total",131566,131566,"2011v1.2, 2011v1.5, 2011v1.4, 2011v1.3"
"/Return/ReturnData/IRS990/FeesForServicesAccounting",131566,131566,"2011v1.3, 2011v1.5, 2011v1.4, 2011v1.2"
"/Return/ReturnData/IRS990/NameOfPrincipalOfficerPerson",130360,130360,"2011v1.5, 2011v1.4, 2011v1.2, 2011v1.3"
"/Return/ReturnData/IRS990/LobbyingActivities",130328,130328,"2011v1.3, 2011v1.2, 2011v1.5, 2011v1.4"
"/Return/ReturnData/IRS990/ProgramServiceRevenuePriorYear",130286,130286,"2011v1.3, 2011v1.2, 2011v1.5"
"/Return/ReturnData/IRS990ScheduleD/OtherLiabilities",129779,65964,"2011v1.2, 2011v1.5, 2011v1.3"
"/Return/ReturnData/IRS990/AddressPrincipalOfficerUS/State",129757,129757,"2011v1.3, 2011v1.5, 2011v1.4, 2011v1.2"
"/Return/ReturnData/IRS990/AddressPrincipalOfficerUS/AddressLine1",129757,129757,"2011v1.5, 2011v1.4, 2011v1.2, 2011v1.3"
"/Return/ReturnData/IRS990/AddressPrincipalOfficerUS/City",129757,129757,"2011v1.5, 2011v1.4, 2011v1.2, 2011v1.3"
"/Return/ReturnData/IRS990/AddressPrincipalOfficerUS/ZIPCode",129757,129757,"2011v1.5, 2011v1.4, 2011v1.2, 2011v1.3"
"/Return/ReturnData/IRS990/AddressPrincipalOfficerUS",129757,129757,"2011v1.3, 2011v1.2, 2011v1.5, 2011v1.4"
"/Return/ReturnData/IRS990ScheduleD/OtherLiabilities/Description",129607,65837,"2011v1.3, 2011v1.2, 2011v1.5"
"/Return/ReturnData/IRS990ScheduleJ/Form990ScheduleJPartII/TotalCompensationRelatedOrgs",129083,30843,"2011v1.3, 2011v1.2, 2011v1.5"
"/Return/ReturnData/IRS990ScheduleJ/Form990ScheduleJPartII/CompBasedOnRelatedOrgs",128723,30780,"2011v1.3, 2011v1.5, 2011v1.2"
"/Return/ReturnData/IRS990/LandBuildingsEquipmentBasisNet",128223,128223,"2011v1.3, 2011v1.2, 2011v1.5, 2011v1.4"
"/Return/ReturnData/IRS990ScheduleD/TotalOfBookValueLandBuildings",127888,127888,"2011v1.5, 2011v1.4, 2011v1.2, 2011v1.3"
"/Return/ReturnData/IRS990ScheduleJ/Form990ScheduleJPartII/OtherCompensationFilingOrg",127394,29725,"2011v1.2, 2011v1.5, 2011v1.3"
"/Return/ReturnData/IRS990ScheduleJ/Form990ScheduleJPartII/NontaxableBenefitsRelatedOrgs",127093,30150,"2011v1.3, 2011v1.2, 2011v1.5"
"/Return/ReturnData/IRS990ScheduleJ/Form990ScheduleJPartII/DeferredCompRelatedOrgs",126494,29895,"2011v1.3, 2011v1.5, 2011v1.2"
"/Return/ReturnData/IRS990ScheduleJ/Form990ScheduleJPartII/BonusFilingOrg",126361,29674,"2011v1.5, 2011v1.2, 2011v1.3"
"/Return/ReturnData/IRS990ScheduleD/OtherLiabilities/Amount",125550,65372,"2011v1.2, 2011v1.3, 2011v1.5"
"/Return/ReturnData/IRS990/LandBuildingsEquipmentBasisNet/EOY",124871,124871,"2011v1.3, 2011v1.2, 2011v1.5, 2011v1.4"
"/Return/ReturnData/IRS990ScheduleJ/Form990ScheduleJPartII/OtherCompensationRelatedOrgs",124815,29286,"2011v1.3, 2011v1.2, 2011v1.5"
"/Return/ReturnData/IRS990ScheduleJ/Form990ScheduleJPartII/BonusRelatedOrgs",123977,29153,"2011v1.3, 2011v1.5, 2011v1.2"
"/Return/ReturnData/IRS990/OtherRevenuePriorYear",123819,123819,"2011v1.5, 2011v1.4, 2011v1.2, 2011v1.3"
"/Return/ReturnData/IRS990/TotalRevenue/ExclusionAmount",123666,123666,"2011v1.5, 2011v1.2, 2011v1.3"
"/Return/ReturnData/IRS990EZ/ProgramServiceAccomplishment/DescriptionProgramServiceAccom",123645,82048,"2011v1.2, 2011v1.5, 2011v1.3"
"/Return/ReturnData/IRS990EZ/ProgramServiceAccomplishment",123645,82048,"2011v1.3, 2011v1.2, 2011v1.5"
"/Return/ReturnData/IRS990/DepreciationDepletion",122955,122955,"2011v1.5, 2011v1.4, 2011v1.2, 2011v1.3"
"/Return/ReturnData/IRS990/DepreciationDepletion/Total",122930,122930,"2011v1.2, 2011v1.5, 2011v1.4, 2011v1.3"
"/Return/ReturnData/IRS990ScheduleR/Form990ScheduleRPartIII",122551,7388,"2011v1.3, 2011v1.5, 2011v1.2"
"/Return/ReturnData/IRS990ScheduleR/Form990ScheduleRPartIII/NameOfRelatedOrg",122455,7387,"2011v1.2, 2011v1.3, 2011v1.5"
"/Return/ReturnData/IRS990ScheduleR/Form990ScheduleRPartIII/NameOfRelatedOrg/BusinessNameLine1",122455,7387,"2011v1.2, 2011v1.5, 2011v1.3"
"/Return/ReturnData/IRS990/FollowSFAS117",121952,121952,"2011v1.5, 2011v1.2, 2011v1.3"
"/Return/ReturnData/IRS990ScheduleR/Form990ScheduleRPartIII/PrimaryActivity",121674,7254,"2011v1.5, 2011v1.2, 2011v1.3"
"/Return/ReturnData/IRS990ScheduleR/Form990ScheduleRPartIII/AddressUS/AddressLine1",121665,7239,"2011v1.3, 2011v1.5, 2011v1.2"
"/Return/ReturnData/IRS990ScheduleR/Form990ScheduleRPartIII/AddressUS/City",121665,7239,"2011v1.2, 2011v1.3, 2011v1.5"
"/Return/ReturnData/IRS990ScheduleR/Form990ScheduleRPartIII/AddressUS/State",121665,7239,"2011v1.3, 2011v1.5, 2011v1.2"
"/Return/ReturnData/IRS990ScheduleR/Form990ScheduleRPartIII/AddressUS",121665,7239,"2011v1.3, 2011v1.5, 2011v1.2"
"/Return/ReturnData/IRS990ScheduleR/Form990ScheduleRPartIII/AddressUS/ZIPCode",121665,7239,"2011v1.3, 2011v1.2, 2011v1.5"
"/Return/ReturnData/IRS990/LandBuildingsEquipmentBasis",121603,121603,"2011v1.3, 2011v1.5, 2011v1.4, 2011v1.2"
"/Return/ReturnData/IRS990/TotalReportableCompFromOrg",121568,121568,"2011v1.2, 2011v1.3, 2011v1.5"
"/Return/ReturnData/IRS990/TotalProgramServiceRevenue",121464,121464,"2011v1.3, 2011v1.2, 2011v1.5"
"/Return/ReturnData/IRS990/Insurance",121118,121118,"2011v1.3, 2011v1.5, 2011v1.4, 2011v1.2"
"/Return/ReturnData/IRS990/Insurance/Total",121118,121118,"2011v1.5, 2011v1.4, 2011v1.2, 2011v1.3"
"/Return/ReturnData/IRS990/UnrestrictedNetAssets",120732,120732,"2011v1.5, 2011v1.3, 2011v1.2"
"/Return/ReturnData/IRS990/LandBuildingsEquipmentBasisNet/BOY",120629,120629,"2011v1.5, 2011v1.4, 2011v1.2, 2011v1.3"
"/Return/ReturnData/IRS990ScheduleR/Form990ScheduleRPartIII/EIN",120493,7104,"2011v1.2, 2011v1.5, 2011v1.3"
"/Return/ReturnData/IRS990/Organization501c3",120475,120475,"2011v1.3, 2011v1.5, 2011v1.2"
"/Return/ReturnData/IRS990/UnrestrictedNetAssets/EOY",120440,120440,"2011v1.2, 2011v1.5, 2011v1.3"
"/Return/ReturnData/IRS990/UnrestrictedNetAssets/BOY",119786,119786,"2011v1.5, 2011v1.2, 2011v1.3"
"/Return/ReturnData/IRS990ScheduleJ/Form990ScheduleJPartII/CompReportPrior990FilingOrg",119634,28393,"2011v1.5, 2011v1.2, 2011v1.3"
"/Return/ReturnData/IRS990ScheduleJ/Form990ScheduleJPartII/CompReportPrior990RelatedOrgs",118703,28123,"2011v1.3, 2011v1.2, 2011v1.5"
"/Return/ReturnData/IRS990/TotalNbrVolunteers",118419,118419,"2011v1.5, 2011v1.4, 2011v1.3, 2011v1.2"
"/Return/ReturnHeader/Preparer/DatePrepared",118135,118135,"2011v1.3, 2011v1.2, 2011v1.5, 2011v1.4"
"/Return/ReturnData/IRS990/TransfersToExemptNonChrtblOrg",118132,118132,"2011v1.5, 2011v1.2, 2011v1.3"
"/Return/ReturnData/IRS990/Occupancy",117805,117805,"2011v1.2, 2011v1.5, 2011v1.4, 2011v1.3"
"/Return/ReturnData/IRS990/Occupancy/Total",117803,117803,"2011v1.3, 2011v1.5, 2011v1.4, 2011v1.2"
"/Return/ReturnData/IRS990/OtherSalariesAndWages",117576,117576,"2011v1.5, 2011v1.2, 2011v1.3"
"/Return/ReturnData/IRS990/OtherSalariesAndWages/Total",117576,117576,"2011v1.3, 2011v1.2, 2011v1.5"
"/Return/ReturnData/IRS990/QuidProQuoContributions",117147,117147,"2011v1.5, 2011v1.3, 2011v1.2"
"/Return/ReturnData/IRS990/Form8282PropertyDisposedOf",116630,116630,"2011v1.3, 2011v1.2, 2011v1.5"
"/Return/ReturnData/IRS990/LandBldgEquipmentAccumDeprec",116567,116567,"2011v1.5, 2011v1.4, 2011v1.2, 2011v1.3"
"/Return/ReturnData/IRS990ScheduleR/Form990ScheduleRPartIV/DirectControllingEntityNA",116539,5703,"2011v1.5, 2011v1.2, 2011v1.3"
"/Return/ReturnData/IRS990/AccountsPayableAccruedExpenses",116095,116095,"2011v1.3, 2011v1.2, 2011v1.5"
"/Return/ReturnData/IRS990/NumberIndividualsGT100K",115888,115888,"2011v1.3, 2011v1.2, 2011v1.5"
"/Return/ReturnData/IRS990ScheduleR/Form990ScheduleRPartIII/LegalDomicileState",115574,7286,"2011v1.3, 2011v1.2, 2011v1.5"
"/Return/ReturnData/IRS990/PayrollTaxes",115522,115522,"2011v1.3, 2011v1.5, 2011v1.2"
"/Return/ReturnData/IRS990/PayrollTaxes/Total",115521,115521,"2011v1.5, 2011v1.2, 2011v1.3"
"/Return/ReturnData/IRS990/AllOtherExpenses",113902,113902,"2011v1.3, 2011v1.2, 2011v1.5"
"/Return/ReturnData/IRS990/AllOtherExpenses/Total",113810,113810,"2011v1.5, 2011v1.2, 2011v1.3"
"/Return/ReturnData/IRS990/EmploymentTaxReturnsFiled",113791,113791,"2011v1.2, 2011v1.5, 2011v1.3"
"/Return/ReturnData/IRS990/AnnualDisclosureCoveredPersons",112992,112992,"2011v1.3, 2011v1.5, 2011v1.2"
"/Return/ReturnData/IRS990/AuditCommittee",112853,112853,"2011v1.5, 2011v1.2, 2011v1.3"
"/Return/ReturnData/IRS990/RegularMonitoringEnforcement",112689,112689,"2011v1.3, 2011v1.2, 2011v1.5"
"/Return/ReturnData/IRS990/SavingsAndTempCashInvestments",112563,112563,"2011v1.3, 2011v1.2, 2011v1.5"
"/Return/ReturnData/IRS990/AccountsPayableAccruedExpenses/EOY",112403,112403,"2011v1.5, 2011v1.2, 2011v1.3"
"/Return/ReturnData/IRS990/AccountsPayableAccruedExpenses/BOY",111185,111185,"2011v1.5, 2011v1.2, 2011v1.3"
"/Return/ReturnData/CompensationExplanation/Compensation",111177,15878,"2011v1.3, 2011v1.2, 2011v1.5"
"/Return/ReturnData/IRS990/MethodOfAccountingAccrual",111025,111025,"2011v1.5, 2011v1.3, 2011v1.2"
"/Return/ReturnData/IRS990/SavingsAndTempCashInvestments/EOY",110045,110045,"2011v1.3, 2011v1.5, 2011v1.2"
"/Return/ReturnData/CompensationExplanation/Compensation/PersonName",109778,15735,"2011v1.3, 2011v1.5, 2011v1.2"
"/Return/ReturnData/IRS990/ReconcilationOtherChanges",106745,106745,"2011v1.3, 2011v1.2, 2011v1.5"
"/Return/ReturnData/IRS990/OtherExpenses/Fundraising",106408,43601,"2011v1.2, 2011v1.5, 2011v1.3"
"/Return/ReturnData/IRS990/NumberOfContractorsGT100K",106061,106061,"2011v1.3, 2011v1.5, 2011v1.2"
"/Return/ReturnData/IRS990/Travel",104237,104237,"2011v1.2, 2011v1.5, 2011v1.3"
"/Return/ReturnData/IRS990/Travel/Total",104236,104236,"2011v1.3, 2011v1.2, 2011v1.5"
"/Return/ReturnData/IRS990/AllOtherContributions",102842,102842,"2011v1.2, 2011v1.5, 2011v1.4, 2011v1.3"
"/Return/ReturnData/IRS990/ComplianceWithBackupWitholding",101072,101072,"2011v1.2, 2011v1.5, 2011v1.3"
"/Return/ReturnData/IRS990/OtherRevenueMisc",100374,64387,"2011v1.3, 2011v1.2, 2011v1.5"
"/Return/ReturnData/IRS990/OtherRevenueMisc/Description",100190,64239,"2011v1.3, 2011v1.2, 2011v1.5"
"/Return/ReturnData/IRS990/SavingsAndTempCashInvestments/BOY",100010,100010,"2011v1.3, 2011v1.2, 2011v1.5"
"/Return/ReturnData/IRS990/FundsToPayPremiums",99308,99308,"2011v1.3, 2011v1.5, 2011v1.2"
"/Return/ReturnData/IRS990/OtherRevenueMisc/TotalRevenueColumn",99214,63711,"2011v1.5, 2011v1.2, 2011v1.3"
"/Return/ReturnData/IRS990/TotalOtherCompensation",99106,99106,"2011v1.3, 2011v1.5, 2011v1.2"
"/Return/ReturnData/IRS990ScheduleB/ContributorInfo/AggregateContributions",98962,98962,"2011v1.5, 2011v1.2, 2011v1.3"
"/Return/ReturnData/IRS990ScheduleB/ContributorInfo/ContributorNameBusiness",98962,98962,"2011v1.5, 2011v1.2, 2011v1.3"
"/Return/ReturnData/IRS990ScheduleB/ContributorInfo/ContributorNameBusiness/BusinessNameLine1",98962,98962,"2011v1.3, 2011v1.2, 2011v1.5"
"/Return/ReturnData/IRS990ScheduleB/ContributorInfo/ContributorAddressUS/State",98962,98962,"2011v1.2, 2011v1.3, 2011v1.5"
"/Return/ReturnData/IRS990ScheduleB/ContributorInfo",98962,98962,"2011v1.5, 2011v1.2, 2011v1.3"
"/Return/ReturnData/IRS990ScheduleB/ContributorInfo/ContributorNumber",98962,98962,"2011v1.5, 2011v1.2, 2011v1.3"
"/Return/ReturnData/IRS990ScheduleB",98962,98962,"2011v1.2, 2011v1.5, 2011v1.3"
"/Return/ReturnData/IRS990ScheduleB/ContributorInfo/ContributorAddressUS",98962,98962,"2011v1.2, 2011v1.5, 2011v1.3"
"/Return/ReturnData/IRS990ScheduleB/ContributorInfo/ContributorAddressUS/ZIPCode",98962,98962,"2011v1.3, 2011v1.2, 2011v1.5"
"/Return/ReturnData/IRS990ScheduleB/ContributorInfo/ContributorAddressUS/AddressLine1",98962,98962,"2011v1.5, 2011v1.2, 2011v1.3"
"/Return/ReturnData/IRS990ScheduleB/ContributorInfo/ContributorAddressUS/City",98962,98962,"2011v1.3, 2011v1.5, 2011v1.2"
"/Return/ReturnData/IRS990ScheduleB/ContributorInfo/ContributorAddressUS/AddressLine2",98962,98962,"2011v1.3, 2011v1.2, 2011v1.5"
"/Return/ReturnData/IRS990/PremiumsPaid",98718,98718,"2011v1.3, 2011v1.2, 2011v1.5"
"/Return/ReturnData/IRS990/AccountsReceivable",98700,98700,"2011v1.2, 2011v1.3, 2011v1.5"
"/Return/ReturnData/IRS990/OtherEmployeeBenefits",98607,98607,"2011v1.3, 2011v1.5, 2011v1.2"
"/Return/ReturnData/IRS990/OtherEmployeeBenefits/Total",98606,98606,"2011v1.3, 2011v1.5, 2011v1.2"
"/Return/ReturnData/IRS990/Advertising",97694,97694,"2011v1.3, 2011v1.2, 2011v1.5, 2011v1.4"
"/Return/ReturnData/IRS990/Advertising/Total",97691,97691,"2011v1.2, 2011v1.3, 2011v1.5, 2011v1.4"
"/Return/ReturnData/IRS990/CompCurrentOfficersDirectors",97249,97249,"2011v1.3, 2011v1.5, 2011v1.2"
"/Return/ReturnData/IRS990/CompCurrentOfficersDirectors/Total",97248,97248,"2011v1.3, 2011v1.2, 2011v1.5"
"/Return/ReturnData/IRS990/AccountsReceivable/EOY",95284,95284,"2011v1.2, 2011v1.3, 2011v1.5"
"/Return/ReturnData/IRS990ScheduleD/Equipment",95134,95134,"2011v1.5, 2011v1.4, 2011v1.3, 2011v1.2"
"/Return/ReturnData/IRS990/GrantsAndSimilarAmntsPriorYear",95111,95111,"2011v1.5, 2011v1.4, 2011v1.2, 2011v1.3"
"/Return/ReturnData/IRS990/FeesForServicesOther",95098,95098,"2011v1.5, 2011v1.2, 2011v1.3"
"/Return/ReturnData/IRS990/FeesForServicesOther/Total",95097,95097,"2011v1.5, 2011v1.2, 2011v1.3"
"/Return/ReturnData/IRS990/PrepaidExpensesDeferredCharges",94905,94905,"2011v1.3, 2011v1.2, 2011v1.5"
"/Return/ReturnData/IRS990/ConferencesMeetings",93087,93087,"2011v1.3, 2011v1.5, 2011v1.4, 2011v1.2"
"/Return/ReturnData/IRS990/ConferencesMeetings/Total",93085,93085,"2011v1.5, 2011v1.4, 2011v1.2, 2011v1.3"
"/Return/ReturnData/IRS990ScheduleR/TransactionsRelatedOrgsTable",92847,24174,"2011v1.5, 2011v1.2, 2011v1.3"
"/Return/ReturnData/IRS990ScheduleR/TransactionsRelatedOrgsTable/NameOfOtherOrganization/BusinessNameLine1",92771,24155,"2011v1.5, 2011v1.2, 2011v1.3"
"/Return/ReturnData/IRS990ScheduleR/TransactionsRelatedOrgsTable/NameOfOtherOrganization",92771,24155,"2011v1.5, 2011v1.2, 2011v1.3"
"/Return/ReturnData/IRS990/FeesForServicesAccounting/ManagementAndGeneral",92310,92310,"2011v1.5, 2011v1.4, 2011v1.3, 2011v1.2"
"/Return/ReturnData/IRS990ScheduleR/TransactionsRelatedOrgsTable/TransactionType",92235,23861,"2011v1.5, 2011v1.2, 2011v1.3"
"/Return/ReturnData/IRS990/PrepaidExpensesDeferredCharges/EOY",92068,92068,"2011v1.3, 2011v1.5, 2011v1.2"
"/Return/ReturnData/IRS990ScheduleD/Form990ScheduleDPartXIV/ReturnReference",91287,55314,"2011v1.3, 2011v1.5, 2011v1.2"
"/Return/ReturnData/IRS990ScheduleA/PublicSupportTotal170",91136,91136,"2011v1.5, 2011v1.2, 2011v1.3"
"/Return/ReturnData/IRS990ScheduleD/Equipment/BookValue",89838,89838,"2011v1.5, 2011v1.4, 2011v1.3, 2011v1.2"
"/Return/ReturnData/IRS990/TotalReportableCompFrmRltdOrgs",89679,89679,"2011v1.2, 2011v1.3, 2011v1.5"
"/Return/ReturnData/IRS990/InvestmentIncome/ExclusionAmount",89668,89668,"2011v1.3, 2011v1.2, 2011v1.5"
"/Return/ReturnData/IRS990ScheduleD/Equipment/Depreciation",89436,89436,"2011v1.2, 2011v1.5, 2011v1.4, 2011v1.3"
"/Return/ReturnData/IRS990ScheduleR/TransactionsRelatedOrgsTable/AmountInvolved",89072,23045,"2011v1.2, 2011v1.5, 2011v1.3"
"/Return/ReturnData/IRS990/TheBooksAreInCareOf/NamePerson",88820,88820,"2011v1.2, 2011v1.5, 2011v1.4, 2011v1.3"
"/Return/ReturnData/IRS990ScheduleA/PublicSupportPertcentage170",88656,88656,"2011v1.3, 2011v1.5, 2011v1.2"
"/Return/ReturnData/IRS990/OfficeExpenses/ManagementAndGeneral",88166,88166,"2011v1.3, 2011v1.5, 2011v1.4, 2011v1.2"
"/Return/ReturnData/IRS990/TotalRevenue/UnrelatedBusinessRevenue",88126,88126,"2011v1.3, 2011v1.5, 2011v1.2"
"/Return/ReturnData/IRS990/OtherAssetsTotal",87504,87504,"2011v1.5, 2011v1.3, 2011v1.2"
"/Return/ReturnData/IRS990/TotalOtherRevenue",87339,87339,"2011v1.5, 2011v1.2, 2011v1.3"
"/Return/ReturnData/IRS990EZ/ProgramServiceAccomplishment/ProgramServiceExpenses",86766,57608,"2011v1.3, 2011v1.2, 2011v1.5"
"/Return/ReturnData/IRS990/OtherSalariesAndWages/ProgramServices",85588,85588,"2011v1.3, 2011v1.5, 2011v1.2"
"/Return/ReturnData/IRS990/NetUnrelatedBusinessTxblIncome",85556,85556,"2011v1.3, 2011v1.2, 2011v1.5"
"/Return/ReturnData/IRS990/OtherAssetsTotal/EOY",85149,85149,"2011v1.5, 2011v1.2, 2011v1.3"
"/Return/ReturnData/IRS990ScheduleA/PublicSupportPercentage509",85043,85043,"2011v1.5, 2011v1.2, 2011v1.3"
"/Return/ReturnData/IRS990ScheduleA/InvestmentIncomePercentage",84793,84793,"2011v1.2, 2011v1.3, 2011v1.5"
"/Return/ReturnData/IRS990ScheduleA/PublicSupportTotal509",84582,84582,"2011v1.2, 2011v1.3, 2011v1.5"
"/Return/ReturnHeader/PreparerFirm/EIN",84362,84362,"2011v1.2, 2011v1.5"
"/Return/ReturnHeader/Preparer/PTIN",84035,84035,"2011v1.2, 2011v1.5"
"/Return/ReturnData/IRS990ScheduleD/Equipment/OtherCostOrOtherBasis",83225,83225,"2011v1.2, 2011v1.5, 2011v1.4, 2011v1.3"
"/Return/ReturnData/IRS990/PayrollTaxes/ProgramServices",82549,82549,"2011v1.2, 2011v1.5, 2011v1.3"
"/Return/ReturnData/IRS990EZ/NetAssetsOrFundBalances/EOY",82048,82048,"2011v1.5, 2011v1.2, 2011v1.3"
"/Return/ReturnData/IRS990EZ/TotalAssets/EOY",82048,82048,"2011v1.3, 2011v1.5, 2011v1.2"
"/Return/ReturnData/IRS990EZ/TotalAssets",82048,82048,"2011v1.5, 2011v1.2, 2011v1.3"
"/Return/ReturnData/IRS990EZ",82048,82048,"2011v1.5, 2011v1.2, 2011v1.3"
"/Return/ReturnData/IRS990EZ/MaintainAnyDonorAdvisedFunds",82048,82048,"2011v1.5, 2011v1.2, 2011v1.3"
"/Return/ReturnData/IRS990EZ/MadeLoansToFromOfficers",82048,82048,"2011v1.3, 2011v1.2, 2011v1.5"
"/Return/ReturnData/IRS990EZ/MadeChangesToOrgnzngEtcDoc",82048,82048,"2011v1.3, 2011v1.2, 2011v1.5"
"/Return/ReturnData/IRS990EZ/DoesOrgHaveHospital",82048,82048,"2011v1.3, 2011v1.2, 2011v1.5"
"/Return/ReturnData/IRS990EZ/NetAssetsOrFundBalances/BOY",82048,82048,"2011v1.3, 2011v1.5, 2011v1.2"
"/Return/ReturnData/IRS990EZ/PrimaryExemptPurpose",82048,82048,"2011v1.3, 2011v1.2, 2011v1.5"
"/Return/ReturnData/IRS990EZ/OrganizationHadUBI",82048,82048,"2011v1.3, 2011v1.2, 2011v1.5"
"/Return/ReturnData/IRS990EZ/OrganizationDissolvedEtc",82048,82048,"2011v1.2, 2011v1.5, 2011v1.3"
"/Return/ReturnData/IRS990EZ/TanningServicesProvided",82048,82048,"2011v1.3, 2011v1.2, 2011v1.5"
"/Return/ReturnData/IRS990EZ/ActivitiesNotPreviouslyRpt",82048,82048,"2011v1.3, 2011v1.5, 2011v1.2"
"/Return/ReturnData/IRS990EZ/TotalAssets/BOY",82048,82048,"2011v1.3, 2011v1.5, 2011v1.2"
"/Return/ReturnData/IRS990EZ/SubjectToProxyTax",82048,82048,"2011v1.5, 2011v1.2, 2011v1.3"
"/Return/ReturnData/IRS990EZ/TheBooksAreInCareOf",82048,82048,"2011v1.2, 2011v1.5, 2011v1.3"
"/Return/ReturnData/IRS990EZ/RelatedOrgControlledEntity",82048,82048,"2011v1.5, 2011v1.2, 2011v1.3"
"/Return/ReturnData/IRS990EZ/TheBooksAreInCareOf/TelephoneNumber",82048,82048,"2011v1.2, 2011v1.5, 2011v1.3"
"/Return/ReturnData/IRS990EZ/NetAssetsOrFundBalances",82048,82048,"2011v1.5, 2011v1.2, 2011v1.3"
"/Return/ReturnData/IRS990EZ/TheBooksAreInCareOf/AddressUS",81947,81947,"2011v1.3, 2011v1.5, 2011v1.2"
"/Return/ReturnData/IRS990EZ/TheBooksAreInCareOf/AddressUS/State",81947,81947,"2011v1.5, 2011v1.2, 2011v1.3"
"/Return/ReturnData/IRS990EZ/TheBooksAreInCareOf/AddressUS/ZIPCode",81947,81947,"2011v1.5, 2011v1.2, 2011v1.3"
"/Return/ReturnData/IRS990EZ/TheBooksAreInCareOf/AddressUS/City",81947,81947,"2011v1.3, 2011v1.2, 2011v1.5"
"/Return/ReturnData/IRS990EZ/TheBooksAreInCareOf/AddressUS/AddressLine1",81947,81947,"2011v1.2, 2011v1.5, 2011v1.3"
"/Return/ReturnData/IRS990/FeesForServicesLegal",81835,81835,"2011v1.3, 2011v1.2, 2011v1.5"
"/Return/ReturnData/IRS990/FeesForServicesLegal/Total",81834,81834,"2011v1.2, 2011v1.5, 2011v1.3"
"/Return/ReturnData/IRS990ScheduleR/Form990ScheduleRPartIII/DisproportionateAllocations",81824,5199,"2011v1.3, 2011v1.2, 2011v1.5"
"/Return/ReturnData/IRS990ScheduleD/TotalRevenue",81762,81762,"2011v1.5, 2011v1.4, 2011v1.3, 2011v1.2"
"/Return/ReturnData/IRS990ScheduleD/TotalExpenses",81667,81667,"2011v1.5, 2011v1.4, 2011v1.2, 2011v1.3"
"/Return/ReturnData/IRS990ScheduleD/ExcessOrDeficitForYear",81655,81655,"2011v1.2, 2011v1.5, 2011v1.4, 2011v1.3"
"/Return/ReturnData/IRS990ScheduleD/ExcessOrDeficitPerFS",81548,81548,"2011v1.2, 2011v1.5, 2011v1.4, 2011v1.3"
"/Return/ReturnData/IRS990/DepreciationDepletion/ProgramServices",81534,81534,"2011v1.3, 2011v1.5, 2011v1.4, 2011v1.2"
"/Return/ReturnData/IRS990/BenefitsPaidToMembersPriorYear",81414,81414,"2011v1.3, 2011v1.2, 2011v1.5"
"/Return/ReturnData/IRS990/AllOtherExpenses/ProgramServices",81348,81348,"2011v1.3, 2011v1.5, 2011v1.2"
"/Return/ReturnData/IRS990EZ/TotalRevenue",81299,81299,"2011v1.3, 2011v1.2, 2011v1.5"
"/Return/ReturnData/IRS990/OfficeExpenses/ProgramServices",81134,81134,"2011v1.3, 2011v1.5, 2011v1.4, 2011v1.2"
"/Return/ReturnData/IRS990EZ/TotalExpenses",81017,81017,"2011v1.3, 2011v1.2, 2011v1.5"
"/Return/ReturnData/IRS990EZ/ExcessOrDeficitForYear",81015,81015,"2011v1.5, 2011v1.2, 2011v1.3"
"/Return/ReturnData/IRS990EZ/NetAssetsOrFundBalancesEOY",81004,81004,"2011v1.3, 2011v1.5, 2011v1.2"
"/Return/ReturnData/IRS990EZ/GrossReceipts",80963,80963,"2011v1.3, 2011v1.5, 2011v1.2"
"/Return/ReturnData/IRS990ScheduleR/Form990ScheduleRPartIII/GeneralOrManagingPartner",80890,5167,"2011v1.5, 2011v1.2, 2011v1.3"
"/Return/ReturnData/IRS990/AccountsReceivable/BOY",80760,80760,"2011v1.3, 2011v1.5, 2011v1.2"
"/Return/ReturnData/IRS990EZ/CashSavingsAndInvestments",80727,80727,"2011v1.2, 2011v1.5, 2011v1.3"
"/Return/ReturnData/IRS990/Occupancy/ProgramServices",80312,80312,"2011v1.3, 2011v1.5, 2011v1.4, 2011v1.2"
"/Return/ReturnData/IRS990EZ/ForeignFinancialAccount",80076,80076,"2011v1.2, 2011v1.3, 2011v1.5"
"/Return/ReturnData/IRS990/TotalProfFundrsngExpPriorYear",80038,80038,"2011v1.3, 2011v1.5, 2011v1.2"
"/Return/ReturnData/IRS990EZ/ForeignOffice",80003,80003,"2011v1.3, 2011v1.5, 2011v1.2"
"/Return/ReturnData/IRS990EZ/CashSavingsAndInvestments/EOY",79932,79932,"2011v1.2, 2011v1.3, 2011v1.5"
"/Return/ReturnData/IRS990/Interest",79786,79786,"2011v1.2, 2011v1.5, 2011v1.3"
"/Return/ReturnData/IRS990EZ/NetAssetsOrFundBalancesBOY",79784,79784,"2011v1.3, 2011v1.2, 2011v1.5"
"/Return/ReturnData/IRS990/Interest/Total",79784,79784,"2011v1.3, 2011v1.5, 2011v1.2"
"/Return/ReturnData/IRS990EZ/CashSavingsAndInvestments/BOY",79422,79422,"2011v1.3, 2011v1.2, 2011v1.5"
"/Return/ReturnData/IRS990EZ/ProhibitedTaxShelterTrans",79333,79333,"2011v1.2, 2011v1.3, 2011v1.5"
"/Return/ReturnData/IRS990/Revenue",79234,79234,"2011v1.2, 2011v1.5, 2011v1.3"
"/Return/ReturnData/IRS990EZ/OtherExpensesTotal",77969,77969,"2011v1.2, 2011v1.5, 2011v1.3"
"/Return/ReturnData/IRS990EZ/EngagePoliticalCmpgnActivities",77909,77909,"2011v1.2, 2011v1.5, 2011v1.3"
"/Return/ReturnData/IRS990EZ/InfoInScheduleOPartI",77883,77883,"2011v1.5, 2011v1.3, 2011v1.2"
"/Return/ReturnData/IRS990ScheduleA/TotalSupport",76980,76980,"2011v1.5, 2011v1.2, 2011v1.3"
"/Return/ReturnData/IRS990/PrepaidExpensesDeferredCharges/BOY",76899,76899,"2011v1.5, 2011v1.2, 2011v1.3"
"/Return/ReturnData/IRS990ScheduleA/GiftsGrantsContribReceived170",76582,76582,"2011v1.3, 2011v1.5, 2011v1.2"
"/Return/ReturnData/IRS990ScheduleA/GiftsGrantsContribReceived170/Total",76582,76582,"2011v1.3, 2011v1.2, 2011v1.5"
"/Return/ReturnData/IRS990ScheduleA/Total170",76450,76450,"2011v1.3, 2011v1.2, 2011v1.5"
"/Return/ReturnData/IRS990ScheduleA/Total170/Total",76449,76449,"2011v1.5, 2011v1.2, 2011v1.3"
"/Return/ReturnData/IRS990ScheduleA/TotalSupportTotal",75416,75416,"2011v1.3, 2011v1.2, 2011v1.5"
"/Return/ReturnData/IRS990ScheduleA/TotalSupportTotal/Total",75361,75361,"2011v1.3, 2011v1.2, 2011v1.5"
"/Return/ReturnData/IRS990ScheduleA/PubliclySupportedOrg509a2",75242,75242,"2011v1.3, 2011v1.2, 2011v1.5"
"/Return/ReturnData/IRS990ScheduleA/Total509",75200,75200,"2011v1.2, 2011v1.5, 2011v1.3"
"/Return/ReturnData/IRS990ScheduleA/Total509/Total",75200,75200,"2011v1.3, 2011v1.5, 2011v1.2"
"/Return/ReturnData/IRS990ScheduleA/Total170/CurrentTaxYear",74642,74642,"2011v1.2, 2011v1.3, 2011v1.5"
"/Return/ReturnData/IRS990ScheduleA/GiftsGrantsContribReceived170/CurrentTaxYear",74502,74502,"2011v1.2, 2011v1.3, 2011v1.5"
"/Return/ReturnData/IRS990ScheduleR/TransactionsRelatedOrgsTable/MethodOfAmtDetermination",74361,18663,"2011v1.3, 2011v1.2, 2011v1.5"
"/Return/ReturnData/IRS990/OtherLiabilities",74357,74357,"2011v1.5, 2011v1.2, 2011v1.3"
"/Return/ReturnData/IRS990ScheduleA/PubliclySupportedOrg170b1Avi",74332,74332,"2011v1.5, 2011v1.3, 2011v1.2"
"/Return/ReturnData/IRS990ScheduleA/GrossInvestmentIncome170",74131,74131,"2011v1.3, 2011v1.2, 2011v1.5"
"/Return/ReturnData/IRS990ScheduleA/GrossInvestmentIncome170/Total",74131,74131,"2011v1.3, 2011v1.2, 2011v1.5"
"/Return/ReturnData/IRS990/Insurance/ProgramServices",73904,73904,"2011v1.3, 2011v1.2, 2011v1.5, 2011v1.4"
"/Return/ReturnData/IRS990EZ/WebSite",73839,73839,"2011v1.2, 2011v1.3, 2011v1.5"
"/Return/ReturnData/IRS990/PensionPlanContributions",73209,73209,"2011v1.5, 2011v1.3, 2011v1.2"
"/Return/ReturnData/IRS990/PensionPlanContributions/Total",73208,73208,"2011v1.3, 2011v1.5, 2011v1.2"
"/Return/ReturnData/IRS990ScheduleA/Total170/CurrentTaxYearMinus1Year",73190,73190,"2011v1.5, 2011v1.2, 2011v1.3"
"/Return/ReturnData/IRS990ScheduleA/Total509/CurrentTaxYear",73139,73139,"2011v1.3, 2011v1.5, 2011v1.2"
"/Return/ReturnData/IRS990ScheduleD/TotalRevenuePerForm990",73121,73121,"2011v1.2, 2011v1.5, 2011v1.3"
"/Return/ReturnData/IRS990ScheduleD/RevenueSubtotal",73111,73111,"2011v1.2, 2011v1.5, 2011v1.3"
"/Return/ReturnData/IRS990ScheduleD/TotalExpensesPerForm990",73023,73023,"2011v1.3, 2011v1.2, 2011v1.5"
"/Return/ReturnData/IRS990ScheduleD/ExpensesSubtotal",73018,73018,"2011v1.2, 2011v1.3, 2011v1.5"
"/Return/ReturnData/IRS990/OtherRevenueMisc/BusinessCode",72984,47113,"2011v1.3, 2011v1.5, 2011v1.2"
"/Return/ReturnData/IRS990ScheduleD/TotRevenueEtcAuditedFinclStmt",72932,72932,"2011v1.5, 2011v1.2, 2011v1.3"
"/Return/ReturnData/IRS990ScheduleA/GiftsGrantsContribReceived170/CurrentTaxYearMinus1Year",72924,72924,"2011v1.2, 2011v1.3, 2011v1.5"
"/Return/ReturnData/IRS990ScheduleD/TotExpensesEtcAuditedFinclStmt",72861,72861,"2011v1.5, 2011v1.2, 2011v1.3"
"/Return/ReturnData/IRS990/PayrollTaxes/ManagementAndGeneral",72178,72178,"2011v1.5, 2011v1.2, 2011v1.3"
"/Return/ReturnData/IRS990/OtherSalariesAndWages/ManagementAndGeneral",71497,71497,"2011v1.3, 2011v1.2, 2011v1.5"
"/Return/ReturnData/IRS990/InformationTechnology",71458,71458,"2011v1.5, 2011v1.2, 2011v1.3"
"/Return/ReturnData/IRS990/InformationTechnology/Total",71456,71456,"2011v1.3, 2011v1.5, 2011v1.2"
"/Return/ReturnData/IRS990ScheduleA/Total509/CurrentTaxYearMinus1Year",71377,71377,"2011v1.2, 2011v1.5, 2011v1.3"
"/Return/ReturnData/IRS990/OtherLiabilities/BOY",71315,71315,"2011v1.2, 2011v1.5, 2011v1.3"
"/Return/ReturnData/IRS990/OtherAssetsTotal/BOY",71250,71250,"2011v1.5, 2011v1.2, 2011v1.3"
"/Return/ReturnData/IRS990/Insurance/ManagementAndGeneral",71191,71191,"2011v1.3, 2011v1.5, 2011v1.4, 2011v1.2"
"/Return/ReturnData/IRS990/OtherLiabilities/EOY",71113,71113,"2011v1.5, 2011v1.2, 2011v1.3"
"/Return/ReturnData/IRS990ScheduleA/Total170/CurrentTaxYearMinus2Years",70940,70940,"2011v1.3, 2011v1.2, 2011v1.5"
"/Return/ReturnData/IRS990/TheBooksAreInCareOf/NameBusiness",70684,70684,"2011v1.5, 2011v1.2, 2011v1.3"
"/Return/ReturnData/IRS990/TheBooksAreInCareOf/NameBusiness/BusinessNameLine1",70684,70684,"2011v1.3, 2011v1.2, 2011v1.5"
"/Return/ReturnData/IRS990/AllOtherExpenses/ManagementAndGeneral",70678,70678,"2011v1.2, 2011v1.3, 2011v1.5"
"/Return/ReturnData/IRS990ScheduleA/GiftsGrantsContribReceived170/CurrentTaxYearMinus2Years",70533,70533,"2011v1.3, 2011v1.2, 2011v1.5"
"/Return/ReturnData/IRS990ScheduleA/GiftsGrantsContribReceived509",70044,70044,"2011v1.3, 2011v1.5, 2011v1.2"
"/Return/ReturnData/IRS990ScheduleA/GiftsGrantsContribReceived509/Total",70024,70024,"2011v1.3, 2011v1.2, 2011v1.5"
"/Return/ReturnData/IRS990/ContractorCompensation",69533,24645,"2011v1.3, 2011v1.2, 2011v1.5"
"/Return/ReturnData/IRS990/ContractorCompensation/NameOfContractor",69495,24626,"2011v1.2, 2011v1.5, 2011v1.3"
"/Return/ReturnData/IRS990/ContractorCompensation/AddressOfContractor",68881,24148,"2011v1.3, 2011v1.5, 2011v1.2"
"/Return/ReturnData/IRS990ScheduleA/Total509/CurrentTaxYearMinus2Years",68789,68789,"2011v1.2, 2011v1.5, 2011v1.3"
"/Return/ReturnData/IRS990/ContractorCompensation/Compensation",68355,23574,"2011v1.2, 2011v1.5, 2011v1.3"
"/Return/ReturnData/IRS990/Form990PartVIISectionA/HighestCompensatedEmployee",68296,24670,"2011v1.3, 2011v1.2, 2011v1.5"
"/Return/ReturnData/IRS990ScheduleA/Total170/CurrentTaxYearMinus3Years",68262,68262,"2011v1.3, 2011v1.5, 2011v1.2"
"/Return/ReturnData/IRS990/ContractorCompensation/DescriptionOfServices",68206,23559,"2011v1.3, 2011v1.2, 2011v1.5"
"/Return/ReturnData/IRS990/NetIncomeFromFundraisingEvents",68065,68065,"2011v1.5, 2011v1.4, 2011v1.3, 2011v1.2"
"/Return/ReturnData/IRS990/NetIncomeFromFundraisingEvents/TotalRevenueColumn",68065,68065,"2011v1.3, 2011v1.5, 2011v1.4, 2011v1.2"
"/Return/ReturnData/IRS990ScheduleA/GiftsGrantsContribReceived170/CurrentTaxYearMinus3Years",67689,67689,"2011v1.2, 2011v1.3, 2011v1.5"
"/Return/ReturnData/IRS990ScheduleD/Buildings",67505,67505,"2011v1.2, 2011v1.3, 2011v1.5"
"/Return/ReturnData/IRS990/NetGainOrLossInvestments",67165,67165,"2011v1.5, 2011v1.2, 2011v1.3"
"/Return/ReturnData/IRS990/NetGainOrLossInvestments/TotalRevenueColumn",67158,67158,"2011v1.3, 2011v1.5, 2011v1.2"
"/Return/ReturnData/IRS990ScheduleD/TotalOfAmounts",66930,66930,"2011v1.2, 2011v1.5, 2011v1.3"
"/Return/ReturnData/IRS990/Travel/ProgramServices",66721,66721,"2011v1.3, 2011v1.2, 2011v1.5"
"/Return/ReturnData/IRS990/ContractorCompensation/AddressOfContractor/AddressUS",66676,23209,"2011v1.2, 2011v1.3, 2011v1.5"
"/Return/ReturnData/IRS990/ContractorCompensation/AddressOfContractor/AddressUS/AddressLine1",66676,23209,"2011v1.2, 2011v1.5, 2011v1.3"
"/Return/ReturnData/IRS990/ContractorCompensation/AddressOfContractor/AddressUS/State",66676,23209,"2011v1.2, 2011v1.5, 2011v1.3"
"/Return/ReturnData/IRS990/ContractorCompensation/AddressOfContractor/AddressUS/City",66676,23209,"2011v1.3, 2011v1.2, 2011v1.5"
"/Return/ReturnData/IRS990/ContractorCompensation/AddressOfContractor/AddressUS/ZIPCode",66676,23209,"2011v1.5, 2011v1.3, 2011v1.2"
"/Return/ReturnData/IRS990ScheduleA/ThirtyThreePercntTestsCY170",66622,66622,"2011v1.3, 2011v1.2, 2011v1.5"
"/Return/ReturnData/IRS990EZ/PartVIOfCompOfHighestPaidEmpl",66502,66502,"2011v1.3, 2011v1.2, 2011v1.5"
"/Return/ReturnData/IRS990EZ/EngagedInExcessBenefitTrans",66108,66108,"2011v1.5, 2011v1.2, 2011v1.3"
"/Return/ReturnData/IRS990ScheduleA/ThirtyThreePercntTestsCY509",65778,65778,"2011v1.3, 2011v1.5, 2011v1.2"
"/Return/ReturnData/IRS990ScheduleD/OtherLandBuildings",65749,65749,"2011v1.5, 2011v1.3, 2011v1.2"
"/Return/ReturnData/IRS990ScheduleA/Total509/CurrentTaxYearMinus3Years",65533,65533,"2011v1.3, 2011v1.2, 2011v1.5"
"/Return/ReturnData/IRS990ScheduleA/Total170/CurrentTaxYearMinus4Years",65465,65465,"2011v1.5, 2011v1.2, 2011v1.3"
"/Return/ReturnData/IRS990ScheduleR/Form990ScheduleRPartIV/DirectControllingEntityName",65438,6684,"2011v1.3, 2011v1.2, 2011v1.5"
"/Return/ReturnData/IRS990ScheduleR/Form990ScheduleRPartIV/DirectControllingEntityName/BusinessNameLine1",65438,6684,"2011v1.3, 2011v1.2, 2011v1.5"
"/Return/ReturnData/IRS990EZ/PartVIAHghstPaidCntrctProfSer",65399,65399,"2011v1.3, 2011v1.5, 2011v1.2"
"/Return/ReturnData/IRS990ScheduleA/TotalSupportTotal/CurrentTaxYear",65360,65360,"2011v1.3, 2011v1.5, 2011v1.2"
"/Return/ReturnData/IRS990/InvestmentsPubTradedSecurities",64879,64879,"2011v1.5, 2011v1.2, 2011v1.3"
"/Return/ReturnData/IRS990/Occupancy/ManagementAndGeneral",64819,64819,"2011v1.5, 2011v1.2, 2011v1.3"
"/Return/ReturnData/IRS990ScheduleA/GiftsGrantsContribReceived170/CurrentTaxYearMinus4Years",64782,64782,"2011v1.3, 2011v1.2, 2011v1.5"
"/Return/ReturnData/IRS990ScheduleA/GiftsGrantsContribReceived509/CurrentTaxYear",64702,64702,"2011v1.3, 2011v1.2, 2011v1.5"
"/Return/ReturnData/IRS990/OtherEmployeeBenefits/ProgramServices",64357,64357,"2011v1.5, 2011v1.2, 2011v1.3"
"/Return/ReturnData/IRS990ScheduleA/TotalSupportTotal/CurrentTaxYearMinus1Year",63973,63973,"2011v1.5, 2011v1.2, 2011v1.3"
"/Return/ReturnData/IRS990/InvestmentsPubTradedSecurities/EOY",63827,63827,"2011v1.3, 2011v1.5, 2011v1.2"
"/Return/ReturnData/IRS990EZ/ProgramServiceAccomplishment/GrantsAndAllocations",63717,41709,"2011v1.3, 2011v1.5, 2011v1.2"
"/Return/ReturnData/IRS990ScheduleD/Buildings/BookValue",63676,63676,"2011v1.2, 2011v1.5, 2011v1.3"
"/Return/ReturnData/IRS990ScheduleR/Form990ScheduleRPartIII/DirectControllingEntityNA",63643,3677,"2011v1.2, 2011v1.5, 2011v1.3"
"/Return/ReturnData/IRS990ScheduleA/PublicSupportPertcentPriorYear",63251,63251,"2011v1.3, 2011v1.2, 2011v1.5"
"/Return/ReturnData/IRS990EZ/ContributionsGiftsGrantsEtc",63114,63114,"2011v1.3, 2011v1.2, 2011v1.5"
"/Return/ReturnData/IRS990/GrantsToDomesticOrgs",62964,62964,"2011v1.2, 2011v1.5, 2011v1.4, 2011v1.3"
"/Return/ReturnData/IRS990/GrantsToDomesticOrgs/Total",62963,62963,"2011v1.5, 2011v1.4, 2011v1.2, 2011v1.3"
"/Return/ReturnData/IRS990/OtherRevenueMisc/RelatedOrExemptFunctionIncome",62823,42816,"2011v1.2, 2011v1.5, 2011v1.3"
"/Return/ReturnData/IRS990ScheduleA/GiftsGrantsContribReceived509/CurrentTaxYearMinus1Year",62629,62629,"2011v1.3, 2011v1.2, 2011v1.5"
"/Return/ReturnData/IRS990ScheduleA/TotalSupportTotal/CurrentTaxYearMinus2Years",62560,62560,"2011v1.2, 2011v1.3, 2011v1.5"
"/Return/ReturnData/IRS990ScheduleA/Total509/CurrentTaxYearMinus4Years",62498,62498,"2011v1.3, 2011v1.5, 2011v1.2"
"/Return/ReturnData/IRS990/DepreciationDepletion/ManagementAndGeneral",62495,62495,"2011v1.3, 2011v1.5, 2011v1.2"
"/Return/ReturnData/IRS990EZ/TotalProgramServiceExpenses",62411,62411,"2011v1.2, 2011v1.5, 2011v1.3"
"/Return/ReturnData/IRS990EZ/MethodOfAccountingCash",62384,62384,"2011v1.5, 2011v1.2, 2011v1.3"
"/Return/ReturnData/IRS990/NoListedPersonsCompensated",62262,62262,"2011v1.2, 2011v1.5, 2011v1.4, 2011v1.3"
"/Return/ReturnData/IRS990ScheduleR/Form990ScheduleRPartIII/PredominantIncomeType",61947,4323,"2011v1.3, 2011v1.2, 2011v1.5"
"/Return/ReturnData/IRS990ScheduleD/Land",61701,61701,"2011v1.5, 2011v1.2, 2011v1.3"
"/Return/ReturnData/IRS990EZ/TheBooksAreInCareOf/NamePerson",61557,61557,"2011v1.5, 2011v1.2, 2011v1.3"
"/Return/ReturnData/IRS990/PledgesAndGrantsReceivable",61513,61513,"2011v1.2, 2011v1.5, 2011v1.3"
"/Return/ReturnData/IRS990/FinancialStatementSeparate",60989,60989,"2011v1.5, 2011v1.2, 2011v1.3"
"/Return/ReturnData/IRS990ScheduleG",60786,60786,"2011v1.3, 2011v1.2, 2011v1.5, 2011v1.4"
"/Return/ReturnData/IRS990EZ/DidOrgFileForm1120POLThisYear",60568,60568,"2011v1.2, 2011v1.5, 2011v1.3"
"/Return/ReturnData/IRS990ScheduleD/Buildings/Depreciation",60327,60327,"2011v1.3, 2011v1.5, 2011v1.2"
"/Return/ReturnData/IRS990ScheduleA/PriorYearSupportPercentage",60250,60250,"2011v1.2, 2011v1.3, 2011v1.5"
"/Return/ReturnData/IRS990EZ/Organization501c3",60161,60161,"2011v1.5, 2011v1.2, 2011v1.3"
"/Return/ReturnData/IRS990ScheduleA/GrossReceiptsFromAdmissions",60142,60142,"2011v1.5, 2011v1.2, 2011v1.3"
"/Return/ReturnData/IRS990ScheduleA/GrossReceiptsFromAdmissions/Total",60115,60115,"2011v1.5, 2011v1.2, 2011v1.3"
"/Return/ReturnData/IRS990/PledgesAndGrantsReceivable/EOY",59783,59783,"2011v1.2, 2011v1.5, 2011v1.3"
"/Return/ReturnData/IRS990ScheduleA/GiftsGrantsContribReceived509/CurrentTaxYearMinus2Years",59714,59714,"2011v1.2, 2011v1.5, 2011v1.3"
"/Return/ReturnData/IRS990ScheduleD/OtherLandBuildings/BookValue",59678,59678,"2011v1.3, 2011v1.2, 2011v1.5"
"/Return/ReturnData/IRS990/CompCurrentOfficersDirectors/ManagementAndGeneral",59436,59436,"2011v1.5, 2011v1.2, 2011v1.3"
"/Return/ReturnData/IRS990ScheduleA/GrossInvestmentIncome509",59402,59402,"2011v1.5, 2011v1.2, 2011v1.3"
"/Return/ReturnData/IRS990ScheduleA/GrossInvestmentIncome509/Total",59391,59391,"2011v1.3, 2011v1.2, 2011v1.5"
"/Return/ReturnData/IRS990EZ/ScheduleBNotRequired",59389,59389,"2011v1.5, 2011v1.2, 2011v1.3"
"/Return/ReturnData/IRS990EZ/OperatingSchool",59376,59376,"2011v1.3, 2011v1.5, 2011v1.2"
"/Return/ReturnData/IRS990ScheduleA/TotalSupportTotal/CurrentTaxYearMinus3Years",59084,59084,"2011v1.5, 2011v1.2, 2011v1.3"
"/Return/ReturnData/IRS990EZ/FeesAndOthPymtToIndContractors",58736,58736,"2011v1.3, 2011v1.5, 2011v1.2"
"/Return/ReturnData/IRS990ScheduleD/Land/BookValue",58238,58238,"2011v1.2, 2011v1.5, 2011v1.3"
"/Return/ReturnData/IRS990EZ/EngageInLobbyingActivities",58142,58142,"2011v1.2, 2011v1.5, 2011v1.3"
"/Return/ReturnData/IRS990ScheduleA/TotalSupportTotal/CurrentTaxYearMinus4Years",58028,58028,"2011v1.2, 2011v1.5, 2011v1.3"
"/Return/ReturnData/IRS990EZ/TrnsfrsExemptNonCharRelatedOrg",58022,58022,"2011v1.3, 2011v1.5, 2011v1.2"
"/Return/ReturnData/IRS990/FeesForServicesManagement",57666,57666,"2011v1.3, 2011v1.5, 2011v1.2"
"/Return/ReturnData/IRS990/FeesForServicesManagement/Total",57666,57666,"2011v1.3, 2011v1.2, 2011v1.5"
"/Return/ReturnData/IRS990/TemporarilyRestrictedNetAssets",57543,57543,"2011v1.3, 2011v1.2, 2011v1.5"
"/Return/ReturnData/IRS990ScheduleD/OtherAssets",57526,23761,"2011v1.3, 2011v1.2, 2011v1.5"
"/Return/ReturnData/IRS990ScheduleD/OtherAssets/Description",57469,23725,"2011v1.2, 2011v1.5, 2011v1.3"
"/Return/ReturnData/IRS990ScheduleD/Buildings/OtherCostOrOtherBasis",57056,57056,"2011v1.3, 2011v1.5, 2011v1.2"
"/Return/ReturnData/IRS990ScheduleD/OtherLandBuildings/OtherCostOrOtherBasis",57012,57012,"2011v1.5, 2011v1.2, 2011v1.3"
"/Return/ReturnData/IRS990EZ/FiledScheduleA",56942,56942,"2011v1.3, 2011v1.2, 2011v1.5"
"/Return/ReturnData/IRS990/GrantsToDomesticIndividuals",56894,56894,"2011v1.2, 2011v1.5, 2011v1.3"
"/Return/ReturnData/IRS990/GrantsToDomesticIndividuals/Total",56893,56893,"2011v1.2, 2011v1.5, 2011v1.3"
"/Return/ReturnData/IRS990/InventoriesForSaleOrUse",56607,56607,"2011v1.3, 2011v1.2, 2011v1.5"
"/Return/ReturnData/IRS990/OtherEmployeeBenefits/ManagementAndGeneral",56602,56602,"2011v1.3, 2011v1.5, 2011v1.2"
"/Return/ReturnData/IRS990ScheduleA/GiftsGrantsContribReceived509/CurrentTaxYearMinus3Years",56431,56431,"2011v1.2, 2011v1.5, 2011v1.3"
"/Return/ReturnData/IRS990/InfoInScheduleOPartXI",56285,56285,"2011v1.3, 2011v1.5, 2011v1.2"
"/Return/ReturnData/IRS990/TemporarilyRestrictedNetAssets/EOY",55990,55990,"2011v1.2, 2011v1.5, 2011v1.3"
"/Return/ReturnData/IRS990ScheduleD/OtherAssets/BookValue",55957,23616,"2011v1.3, 2011v1.2, 2011v1.5"
"/Return/ReturnData/IRS990/InventoriesForSaleOrUse/EOY",55755,55755,"2011v1.3, 2011v1.2, 2011v1.5"
"/Return/ReturnData/IRS990ScheduleD/OtherLandBuildings/Depreciation",55296,55296,"2011v1.5, 2011v1.3, 2011v1.2"
"/Return/ReturnData/IRS990ScheduleD/RevenueNotRptdF990",55135,55135,"2011v1.2, 2011v1.5, 2011v1.3"
"/Return/ReturnData/IRS990/FeesForServicesInvstMgmntFees",54717,54717,"2011v1.5, 2011v1.2, 2011v1.3"
"/Return/ReturnData/IRS990/FeesForServicesInvstMgmntFees/Total",54716,54716,"2011v1.3, 2011v1.5, 2011v1.2"
"/Return/ReturnData/IRS990/TemporarilyRestrictedNetAssets/BOY",54304,54304,"2011v1.2, 2011v1.5, 2011v1.3"
"/Return/ReturnData/IRS990/CompCurrentOfficersDirectors/ProgramServices",53896,53896,"2011v1.5, 2011v1.2, 2011v1.3"
"/Return/ReturnData/IRS990ScheduleR/Form990ScheduleRPartIII/DirectControllingEntityName",53850,3597,"2011v1.2, 2011v1.3, 2011v1.5"
"/Return/ReturnData/IRS990ScheduleR/Form990ScheduleRPartIII/DirectControllingEntityName/BusinessNameLine1",53850,3597,"2011v1.3, 2011v1.5, 2011v1.2"
"/Return/ReturnData/IRS990/ContractorCompensation/NameOfContractor/NameBusiness",53542,19373,"2011v1.5, 2011v1.2, 2011v1.3"
"/Return/ReturnData/IRS990/ContractorCompensation/NameOfContractor/NameBusiness/BusinessNameLine1",53542,19373,"2011v1.5, 2011v1.2, 2011v1.3"
"/Return/ReturnData/IRS990/Advertising/ProgramServices",53514,53514,"2011v1.3, 2011v1.5, 2011v1.4, 2011v1.2"
"/Return/ReturnData/IRS990ScheduleG/EventsInformation",53503,53503,"2011v1.5, 2011v1.4, 2011v1.2, 2011v1.3"
"/Return/ReturnData/IRS990ScheduleA/InvestmentIncomeAndUBTI",53454,53454,"2011v1.2, 2011v1.5, 2011v1.3"
"/Return/ReturnData/IRS990ScheduleA/InvestmentIncomeAndUBTI/Total",53452,53452,"2011v1.3, 2011v1.5, 2011v1.2"
"/Return/ReturnData/IRS990ScheduleA/GrossInvestmentIncome170/CurrentTaxYearMinus1Year",53295,53295,"2011v1.3, 2011v1.2, 2011v1.5"
"/Return/ReturnData/IRS990ScheduleA/GiftsGrantsContribReceived509/CurrentTaxYearMinus4Years",53256,53256,"2011v1.3, 2011v1.2, 2011v1.5"
"/Return/ReturnData/IRS990/Travel/ManagementAndGeneral",53138,53138,"2011v1.5, 2011v1.3, 2011v1.2"
"/Return/ReturnData/IRS990/FeesForServicesOther/ProgramServices",52982,52982,"2011v1.2, 2011v1.5, 2011v1.3"
"/Return/ReturnData/IRS990ScheduleG/EventsInformation/NameOfEvent1",52909,52909,"2011v1.2, 2011v1.5, 2011v1.4, 2011v1.3"
"/Return/ReturnData/IRS990ScheduleA/GrossReceiptsFromAdmissions/CurrentTaxYear",52617,52617,"2011v1.5, 2011v1.2, 2011v1.3"
"/Return/ReturnData/IRS990ScheduleA/GrossInvestmentIncome170/CurrentTaxYearMinus2Years",52603,52603,"2011v1.3, 2011v1.2, 2011v1.5"
"/Return/ReturnData/IRS990ScheduleA/GrossInvestmentIncome170/CurrentTaxYear",52453,52453,"2011v1.3, 2011v1.5, 2011v1.2"
"/Return/ReturnData/IRS990ScheduleG/EventsInformation/GrossReceiptsTotal",52250,52250,"2011v1.2, 2011v1.3, 2011v1.5, 2011v1.4"
"/Return/ReturnData/IRS990ScheduleG/EventsInformation/GrossReceiptsEvent1",52070,52070,"2011v1.3, 2011v1.2, 2011v1.5, 2011v1.4"
"/Return/ReturnData/IRS990EZ/InvestmentIncome",51982,51982,"2011v1.3, 2011v1.5, 2011v1.2"
"/Return/ReturnData/IRS990ScheduleA/GrossReceiptsFromAdmissions/CurrentTaxYearMinus1Year",51962,51962,"2011v1.3, 2011v1.2, 2011v1.5"
"/Return/ReturnData/IRS990ScheduleD/ExpensesNotRptdF990",51674,51674,"2011v1.5, 2011v1.2, 2011v1.3"
"/Return/ReturnData/IRS990ScheduleD/Land/OtherCostOrOtherBasis",51671,51671,"2011v1.5, 2011v1.2, 2011v1.3"
"/Return/ReturnData/IRS990ScheduleA/GrossInvestmentIncome170/CurrentTaxYearMinus3Years",51561,51561,"2011v1.5, 2011v1.2, 2011v1.3"
"/Return/ReturnData/IRS990/InvestmentsOtherSecurities",51464,51464,"2011v1.2, 2011v1.5, 2011v1.3"
"/Return/ReturnData/IRS990/InfoInScheduleOPartIII",51080,51080,"2011v1.3, 2011v1.5, 2011v1.4, 2011v1.2"
"/Return/ReturnData/IRS990/Activity2",50488,50488,"2011v1.5, 2011v1.2, 2011v1.3"
"/Return/ReturnData/IRS990/Activity2/Description",50336,50336,"2011v1.2, 2011v1.5, 2011v1.3"
"/Return/ReturnData/IRS990/InvestmentsOtherSecurities/EOY",50327,50327,"2011v1.3, 2011v1.5, 2011v1.2"
"/Return/ReturnData/IRS990EZ/SumOfTotalLiabilities",50295,50295,"2011v1.5, 2011v1.2, 2011v1.3"
"/Return/ReturnData/IRS990ScheduleA/GrossReceiptsFromAdmissions/CurrentTaxYearMinus2Years",50163,50163,"2011v1.3, 2011v1.5, 2011v1.2"
"/Return/ReturnData/IRS990ScheduleA/GrossInvestmentIncome170/CurrentTaxYearMinus4Years",49897,49897,"2011v1.3, 2011v1.5, 2011v1.2"
"/Return/ReturnData/IRS990ScheduleI/RecipientTable/AmountOfNonCashAssistance",49804,4714,"2011v1.5, 2011v1.2, 2011v1.3"
"/Return/ReturnData/IRS990ScheduleG/EventsInformation/NetIncomeSummary",49671,49671,"2011v1.3, 2011v1.2, 2011v1.5, 2011v1.4"
"/Return/ReturnData/IRS990ScheduleG/EventsInformation/GrossRevenueTotalEvents",49458,49458,"2011v1.3, 2011v1.5, 2011v1.4, 2011v1.2"
"/Return/ReturnData/IRS990/NetIncomeOrLoss",49089,49089,"2011v1.3, 2011v1.5, 2011v1.2"
"/Return/ReturnData/IRS990/NetIncomeOrLoss/TotalRevenueColumn",49086,49086,"2011v1.5, 2011v1.2, 2011v1.3"
"/Return/ReturnData/IRS990ScheduleG/EventsInformation/GrossRevenueEvent1",48704,48704,"2011v1.5, 2011v1.4, 2011v1.2, 2011v1.3"
"/Return/ReturnData/IRS990/DeferredRevenue",48455,48455,"2011v1.3, 2011v1.5, 2011v1.2"
"/Return/ReturnData/IRS990EZ/SumOfTotalLiabilities/EOY",48277,48277,"2011v1.3, 2011v1.2, 2011v1.5"
"/Return/ReturnData/IRS990EZ/TransactionWithControlEntity",48239,48239,"2011v1.5, 2011v1.2, 2011v1.3"
"/Return/ReturnData/IRS990EZ/FundraisingGrossIncome",48204,48204,"2011v1.3, 2011v1.5, 2011v1.2"
"/Return/ReturnData/IRS990ScheduleG/EventsInformation/DirectExpenseSummaryEvents",48045,48045,"2011v1.3, 2011v1.2, 2011v1.5, 2011v1.4"
"/Return/ReturnData/IRS990EZ/SumOfTotalLiabilities/BOY",48044,48044,"2011v1.3, 2011v1.5, 2011v1.2"
"/Return/ReturnData/IRS990ScheduleA/InvestmentIncomeAndUBTI/CurrentTaxYearMinus1Year",48028,48028,"2011v1.2, 2011v1.5, 2011v1.3"
"/Return/ReturnData/IRS990/ConferencesMeetings/ProgramServices",47829,47829,"2011v1.5, 2011v1.4, 2011v1.2, 2011v1.3"
"/Return/ReturnData/IRS990/FeesForServicesOther/ManagementAndGeneral",47642,47642,"2011v1.3, 2011v1.2, 2011v1.5"
"/Return/ReturnData/IRS990ScheduleA/GrossInvestmentIncome509/CurrentTaxYearMinus1Year",47588,47588,"2011v1.3, 2011v1.5, 2011v1.2"
"/Return/ReturnData/IRS990ScheduleA/GrossReceiptsFromAdmissions/CurrentTaxYearMinus3Years",47456,47456,"2011v1.2, 2011v1.5, 2011v1.3"
"/Return/ReturnData/IRS990ScheduleA/InvestmentIncomeAndUBTI/CurrentTaxYearMinus2Years",47307,47307,"2011v1.5, 2011v1.2, 2011v1.3"
"/Return/ReturnData/IRS990ScheduleA/InvestmentIncomeAndUBTI/CurrentTaxYear",47280,47280,"2011v1.5, 2011v1.2, 2011v1.3"
"/Return/ReturnData/IRS990/GovernmentGrants",47111,47111,"2011v1.2, 2011v1.5, 2011v1.3"
"/Return/ReturnData/IRS990EZ/SpecialEventsDirectExpenses",47087,47087,"2011v1.3, 2011v1.2, 2011v1.5"
"/Return/ReturnData/IRS990ScheduleA/GrossInvestmentIncome509/CurrentTaxYearMinus2Years",46813,46813,"2011v1.3, 2011v1.5, 2011v1.2"
"/Return/ReturnData/IRS990ScheduleA/GrossInvestmentIncome509/CurrentTaxYear",46760,46760,"2011v1.2, 2011v1.5, 2011v1.3"
"/Return/ReturnData/IRS990/PaymentsToAffiliates",46745,46745,"2011v1.2, 2011v1.5, 2011v1.3"
"/Return/ReturnData/IRS990/PaymentsToAffiliates/Total",46744,46744,"2011v1.3, 2011v1.2, 2011v1.5"
"/Return/ReturnData/IRS990/BenefitsToMembers",46645,46645,"2011v1.5, 2011v1.3, 2011v1.2"
"/Return/ReturnData/IRS990/BenefitsToMembers/Total",46644,46644,"2011v1.3, 2011v1.5, 2011v1.2"
"/Return/ReturnData/IRS990/GainOrLoss",46629,46629,"2011v1.2, 2011v1.5, 2011v1.3"
"/Return/ReturnData/IRS990ScheduleR",46606,46606,"2011v1.5, 2011v1.2, 2011v1.3"
"/Return/ReturnData/IRS990/MortNotesPyblSecuredInvestProp",46382,46382,"2011v1.5, 2011v1.2, 2011v1.3"
"/Return/ReturnData/IRS990ScheduleA/InvestmentIncomeAndUBTI/CurrentTaxYearMinus3Years",46378,46378,"2011v1.3, 2011v1.5, 2011v1.2"
"/Return/ReturnData/IRS990EZ/OtherAssetsTotal",46278,46278,"2011v1.5, 2011v1.2, 2011v1.3"
"/Return/ReturnData/IRS990/NetRentalIncomeOrLoss",46131,46131,"2011v1.2, 2011v1.5, 2011v1.3"
"/Return/ReturnData/IRS990/NetRentalIncomeOrLoss/TotalRevenueColumn",46124,46124,"2011v1.2, 2011v1.5, 2011v1.3"
"/Return/ReturnData/IRS990ScheduleA/GrossInvestmentIncome509/CurrentTaxYearMinus3Years",45800,45800,"2011v1.3, 2011v1.5, 2011v1.2"
"/Return/ReturnData/IRS990ScheduleR/Form990ScheduleRPartII/DirectControllingEntityNA",45618,19136,"2011v1.3, 2011v1.5, 2011v1.2"
"/Return/ReturnData/IRS990/OtherNotesLoansReceivableNet",45595,45595,"2011v1.3, 2011v1.5, 2011v1.2"
"/Return/ReturnData/IRS990ScheduleD/RevenueNotRptdOnFinStmt",45566,45566,"2011v1.3, 2011v1.2, 2011v1.5"
"/Return/ReturnData/IRS990ScheduleG/EventsInformation/OtherDirectExpensesTotalEvents",45552,45552,"2011v1.2, 2011v1.5, 2011v1.3"
"/Return/ReturnData/IRS990ScheduleD/ExpensesNotRptdOnFinStmt",45432,45432,"2011v1.3, 2011v1.2, 2011v1.5"
"/Return/ReturnData/IRS990/MethodOfAccountingCash",45417,45417,"2011v1.3, 2011v1.5, 2011v1.4, 2011v1.2"
"/Return/ReturnData/IRS990ScheduleA/GrossReceiptsFromAdmissions/CurrentTaxYearMinus4Years",45374,45374,"2011v1.3, 2011v1.5, 2011v1.2"
"/Return/ReturnData/IRS990/DeferredRevenue/EOY",45186,45186,"2011v1.5, 2011v1.2, 2011v1.3"
"/Return/ReturnData/IRS990ScheduleR/GiftGrantOrCapContrFrOtherOrg",45154,45154,"2011v1.2, 2011v1.5, 2011v1.3"
"/Return/ReturnData/IRS990ScheduleR/ReimbursementPaidToOtherOrg",45151,45151,"2011v1.3, 2011v1.5, 2011v1.2"
"/Return/ReturnData/IRS990ScheduleR/SharingOfFacilities",45148,45148,"2011v1.2, 2011v1.3, 2011v1.5"
"/Return/ReturnData/IRS990ScheduleR/ReimbursementPaidByOtherOrg",45138,45138,"2011v1.3, 2011v1.5, 2011v1.2"
"/Return/ReturnData/IRS990ScheduleR/RentalOfFacilitiesFrOtherOrgs",45137,45137,"2011v1.3, 2011v1.2, 2011v1.5"
"/Return/ReturnData/IRS990ScheduleR/SharingOfPaidEmployees",45135,45135,"2011v1.5, 2011v1.3, 2011v1.2"
"/Return/ReturnData/IRS990ScheduleR/PerformOfServicesByOtherOrgs",45133,45133,"2011v1.3, 2011v1.5, 2011v1.2"
"/Return/ReturnData/IRS990ScheduleR/OtherTransferToOtherOrg",45132,45132,"2011v1.2, 2011v1.5, 2011v1.3"
"/Return/ReturnData/IRS990ScheduleR/GiftGrantOrCapContrToOtherOrg",45130,45130,"2011v1.3, 2011v1.2, 2011v1.5"
"/Return/ReturnData/IRS990ScheduleR/LoansOrGuaranteesToOtherOrg",45119,45119,"2011v1.2, 2011v1.5, 2011v1.3"
"/Return/ReturnData/IRS990ScheduleR/OtherTransferFromOtherOrg",45119,45119,"2011v1.5, 2011v1.2, 2011v1.3"
"/Return/ReturnData/IRS990ScheduleR/PerformOfServicesForOtherOrgs",45117,45117,"2011v1.3, 2011v1.5, 2011v1.2"
"/Return/ReturnData/IRS990ScheduleR/RentalOfFacilitiesToOtherOrgs",45116,45116,"2011v1.5, 2011v1.2, 2011v1.3"
"/Return/ReturnData/IRS990ScheduleR/LoansOrGuaranteesFromOtherOrg",45116,45116,"2011v1.3, 2011v1.2, 2011v1.5"
"/Return/ReturnData/IRS990ScheduleR/ReceiptOfIntAnnRentsRoyalties",45115,45115,"2011v1.2, 2011v1.5, 2011v1.3"
"/Return/ReturnData/IRS990ScheduleR/SaleOfAssetsToOtherOrg",45102,45102,"2011v1.5, 2011v1.2, 2011v1.3"
"/Return/ReturnData/IRS990ScheduleR/ExchangeOfAssets",45101,45101,"2011v1.3, 2011v1.5, 2011v1.2"
"/Return/ReturnData/IRS990ScheduleR/PurchaseOfAssetsFromOtherOrg",45081,45081,"2011v1.2, 2011v1.5, 2011v1.3"
"/Return/ReturnData/IRS990/FeesForServicesProfFundraising",44957,44957,"2011v1.5, 2011v1.2, 2011v1.3"
"/Return/ReturnData/IRS990/FeesForServicesLobbying",44807,44807,"2011v1.3, 2011v1.5, 2011v1.2"
"/Return/ReturnData/IRS990/FeesForServicesLobbying/Total",44806,44806,"2011v1.2, 2011v1.5, 2011v1.3"
"/Return/ReturnData/IRS990ScheduleA/InvestmentIncomeAndUBTI/CurrentTaxYearMinus4Years",44663,44663,"2011v1.2, 2011v1.5, 2011v1.3"
"/Return/ReturnData/IRS990EZ/OtherAssetsTotal/EOY",44548,44548,"2011v1.5, 2011v1.2, 2011v1.3"
"/Return/ReturnData/IRS990/InvestmentsPubTradedSecurities/BOY",44547,44547,"2011v1.5, 2011v1.2, 2011v1.3"
"/Return/ReturnData/IRS990EZ/PrintingPublicationsPostage",44545,44545,"2011v1.5, 2011v1.3, 2011v1.2"
"/Return/ReturnData/IRS990EZ/InfoInScheduleOPartII",44488,44488,"2011v1.5, 2011v1.3, 2011v1.2"
"/Return/ReturnData/IRS990/DeferredRevenue/BOY",44477,44477,"2011v1.5, 2011v1.2, 2011v1.3"
"/Return/ReturnData/IRS990/OtherNotesLoansReceivableNet/EOY",44462,44462,"2011v1.3, 2011v1.2, 2011v1.5"
"/Return/ReturnData/IRS990/MortNotesPyblSecuredInvestProp/BOY",44305,44305,"2011v1.2, 2011v1.5, 2011v1.3"
"/Return/ReturnData/IRS990ScheduleA/PriorYrInvestIncomePercentage",44287,44287,"2011v1.3, 2011v1.2, 2011v1.5"
"/Return/ReturnData/IRS990/MortNotesPyblSecuredInvestProp/EOY",44206,44206,"2011v1.3, 2011v1.2, 2011v1.5"
"/Return/ReturnData/IRS990/CompDisqualPersons",44205,44205,"2011v1.3, 2011v1.5, 2011v1.2"
"/Return/ReturnData/IRS990/CompDisqualPersons/Total",44204,44204,"2011v1.2, 2011v1.3, 2011v1.5"
"/Return/ReturnData/IRS990EZ/OtherAssetsTotal/BOY",44038,44038,"2011v1.3, 2011v1.5, 2011v1.2"
"/Return/ReturnData/IRS990/ForeignGrants",44030,44030,"2011v1.3, 2011v1.2, 2011v1.5"
"/Return/ReturnData/IRS990/ForeignGrants/Total",44029,44029,"2011v1.5, 2011v1.2, 2011v1.3"
"/Return/ReturnData/IRS990ScheduleI/RecipientTable/MethodOfValuation",43966,4308,"2011v1.5, 2011v1.2, 2011v1.3"
"/Return/ReturnData/IRS990ScheduleA/GrossInvestmentIncome509/CurrentTaxYearMinus4Years",43957,43957,"2011v1.3, 2011v1.5, 2011v1.2"
"/Return/ReturnData/IRS990ScheduleG/EventsInformation/OtherDirectExpensesEvent1",43756,43756,"2011v1.2, 2011v1.5, 2011v1.3"
"/Return/ReturnData/IRS990ScheduleD/EndowmentsHeldByUnrelatedOrgs",43663,43663,"2011v1.3, 2011v1.2, 2011v1.5"
"/Return/ReturnData/IRS990ScheduleD/EndowmentsHeldByRelatedOrgs",43581,43581,"2011v1.3, 2011v1.2, 2011v1.5"
"/Return/ReturnData/IRS990/Activity2/Expense",43315,43315,"2011v1.2, 2011v1.3, 2011v1.5"
"/Return/ReturnData/IRS990/GrossIncomeFundraisingEvents",43076,43076,"2011v1.3, 2011v1.5, 2011v1.4, 2011v1.2"
"/Return/ReturnData/IRS990/FederalGrantAuditPerformed",42643,42643,"2011v1.5, 2011v1.3, 2011v1.2"
"/Return/ReturnHeader/Preparer/SelfEmployed",42488,42488,"2011v1.5, 2011v1.2, 2011v1.3"
"/Return/ReturnData/IRS990EZ/ProgramServiceRevenue",42070,42070,"2011v1.5, 2011v1.2, 2011v1.3"
"/Return/ReturnData/IRS990/Royalties",42044,42044,"2011v1.2, 2011v1.5, 2011v1.3"
"/Return/ReturnData/IRS990/Royalties/Total",42043,42043,"2011v1.5, 2011v1.2, 2011v1.3"
"/Return/ReturnData/IRS990ScheduleA/AmtsFromSubstContributors",42036,42036,"2011v1.3, 2011v1.2, 2011v1.5"
"/Return/ReturnData/IRS990ScheduleA/AmtsFromSubstContributors/Total",42033,42033,"2011v1.5, 2011v1.2, 2011v1.3"
"/Return/ReturnData/IRS990ScheduleA/AmtsRecdFromDisqualPersons",41893,41893,"2011v1.3, 2011v1.2, 2011v1.5"
"/Return/ReturnData/IRS990ScheduleA/AmtsRecdFromDisqualPersons/Total",41890,41890,"2011v1.2, 2011v1.5, 2011v1.3"
"/Return/ReturnHeader/Filer/Name/BusinessNameLine2",41680,41680,"2011v1.2, 2011v1.3, 2011v1.5"
"/Return/ReturnData/IRS990/ExcessBusinessHoldings",41552,41552,"2011v1.3, 2011v1.2, 2011v1.5"
"/Return/ReturnData/IRS990/TravelEntrtnmntPublicOfficials",41455,41455,"2011v1.2, 2011v1.3, 2011v1.5"
"/Return/ReturnData/IRS990/TravelEntrtnmntPublicOfficials/Total",41454,41454,"2011v1.5, 2011v1.2, 2011v1.3"
"/Return/ReturnData/IRS990/FundraisingDirectExpenses",41433,41433,"2011v1.5, 2011v1.4, 2011v1.3, 2011v1.2"
"/Return/ReturnData/IRS990/LessCostOthBasisSalesExpenses",41143,41143,"2011v1.3, 2011v1.5, 2011v1.2"
"/Return/ReturnData/IRS990/TaxableDistributions",40945,40945,"2011v1.5, 2011v1.2, 2011v1.3"
"/Return/ReturnData/IRS990/Form990-TFiled",40927,40927,"2011v1.2, 2011v1.5, 2011v1.3"
"/Return/ReturnData/IRS990/DistributionToDonor",40790,40790,"2011v1.3, 2011v1.5, 2011v1.2"
"/Return/ReturnData/IRS990/FeesForServicesAccounting/ProgramServices",40589,40589,"2011v1.2, 2011v1.5, 2011v1.4, 2011v1.3"
"/Return/ReturnData/IRS990ScheduleF/GrantsToOrgsOutsideUS",40577,3178,"2011v1.5, 2011v1.2, 2011v1.3"
"/Return/ReturnData/IRS990ScheduleD/LeaseholdImprovements",40530,40530,"2011v1.3, 2011v1.5, 2011v1.2"
"/Return/ReturnData/IRS990ScheduleF/GrantsToOrgsOutsideUS/Region",40278,3050,"2011v1.2, 2011v1.5, 2011v1.3"
"/Return/ReturnData/IRS990/Form1098CFiled",40044,40044,"2011v1.2, 2011v1.5, 2011v1.4, 2011v1.3"
"/Return/ReturnData/IRS990/GrossAmountSalesAssets",39919,39919,"2011v1.2, 2011v1.5, 2011v1.3"
"/Return/ReturnData/IRS990/Form8899Filed",39667,39667,"2011v1.3, 2011v1.2, 2011v1.5"
"/Return/ReturnData/IRS990ScheduleF/GrantsToOrgsOutsideUS/PurposeOfGrant",39662,3083,"2011v1.2, 2011v1.3, 2011v1.5"
"/Return/ReturnData/IRS990/PledgesAndGrantsReceivable/BOY",39288,39288,"2011v1.5, 2011v1.2, 2011v1.3"
"/Return/ReturnData/IRS990/IntangibleAssets",39090,39090,"2011v1.2, 2011v1.5, 2011v1.3"
"/Return/ReturnData/IRS990/Organization501c",38747,38747,"2011v1.3, 2011v1.5, 2011v1.4, 2011v1.2"
"/Return/ReturnData/IRS990EZ/OccupancyRentUtilitiesAndMaint",38667,38667,"2011v1.3, 2011v1.2, 2011v1.5"
"/Return/ReturnData/IRS990ScheduleA/OtherIncome170",38596,38596,"2011v1.5, 2011v1.2, 2011v1.3"
"/Return/ReturnData/IRS990ScheduleA/OtherIncome170/Total",38596,38596,"2011v1.5, 2011v1.2, 2011v1.3"
"/Return/ReturnData/IRS990/ConferencesMeetings/ManagementAndGeneral",38522,38522,"2011v1.3, 2011v1.2, 2011v1.5"
"/Return/ReturnData/IRS990/InvestmentsProgramRelated",38492,38492,"2011v1.3, 2011v1.5, 2011v1.2"
"/Return/ReturnData/IRS990/IntangibleAssets/EOY",38466,38466,"2011v1.3, 2011v1.2, 2011v1.5"
"/Return/ReturnData/IRS990/FeesForServicesProfFundraising/Total",38422,38422,"2011v1.5, 2011v1.2, 2011v1.3"
"/Return/ReturnData/IRS990EZ/MembershipDues",38377,38377,"2011v1.2, 2011v1.5, 2011v1.3"
"/Return/ReturnData/IRS990/FeesForServicesLegal/ManagementAndGeneral",38259,38259,"2011v1.3, 2011v1.2, 2011v1.5"
"/Return/ReturnData/IRS990/Advertising/ManagementAndGeneral",38247,38247,"2011v1.2, 2011v1.5, 2011v1.3"
"/Return/ReturnData/IRS990ScheduleJ",38139,38139,"2011v1.2, 2011v1.5, 2011v1.3"
"/Return/ReturnData/IRS990/RoyaltiesRevenue",38134,38134,"2011v1.3, 2011v1.5, 2011v1.2"
"/Return/ReturnData/IRS990/RoyaltiesRevenue/TotalRevenueColumn",38133,38133,"2011v1.2, 2011v1.5, 2011v1.3"
"/Return/ReturnData/IRS990/InvestmentsProgramRelated/EOY",38060,38060,"2011v1.3, 2011v1.2, 2011v1.5"
"/Return/ReturnData/IRS990/NetIncomeFromGaming",37773,37773,"2011v1.5, 2011v1.4, 2011v1.3, 2011v1.2"
"/Return/ReturnData/IRS990/NetIncomeFromGaming/TotalRevenueColumn",37770,37770,"2011v1.2, 2011v1.5, 2011v1.4, 2011v1.3"
"/Return/ReturnData/IRS990ScheduleJ/SupplementalNonqualRetirePlan",37653,37653,"2011v1.5, 2011v1.2, 2011v1.3"
"/Return/ReturnData/IRS990ScheduleJ/SeverancePayment",37635,37635,"2011v1.5, 2011v1.2, 2011v1.3"
"/Return/ReturnData/IRS990ScheduleJ/EquityBasedCompArrangement",37618,37618,"2011v1.3, 2011v1.5, 2011v1.2"
"/Return/ReturnData/IRS990EZ/SpecialEventsNetIncomeLoss",37489,37489,"2011v1.3, 2011v1.2, 2011v1.5"
"/Return/ReturnData/IRS990EZ/CostOfGoodsSold",37429,37429,"2011v1.5, 2011v1.2, 2011v1.3"
"/Return/ReturnData/IRS990ScheduleI",37391,37391,"2011v1.5, 2011v1.2, 2011v1.3"
"/Return/ReturnData/IRS990ScheduleD/TotalAdjustments",37064,37064,"2011v1.5, 2011v1.2, 2011v1.3"
"/Return/ReturnData/IRS990/DoNotFollowSFAS117",37007,37007,"2011v1.3, 2011v1.2, 2011v1.5, 2011v1.4"
"/Return/ReturnData/IRS990/Form990PartVIISectionA/KeyEmployee",36926,17590,"2011v1.3, 2011v1.2, 2011v1.5"
"/Return/ReturnData/IRS990ScheduleI/Form990ScheduleIPartIII",36693,16588,"2011v1.3, 2011v1.5, 2011v1.2"
"/Return/ReturnData/IRS990ScheduleG/LicensedStates",36608,5446,"2011v1.5, 2011v1.2, 2011v1.3"
"/Return/ReturnData/IRS990/PayrollTaxes/Fundraising",36533,36533,"2011v1.5, 2011v1.2, 2011v1.3"
"/Return/ReturnData/IRS990ScheduleI/Form990ScheduleIPartIII/TypeOfGrant",36227,16517,"2011v1.5, 2011v1.2, 2011v1.3"
"/Return/ReturnData/IRS990/OtherSalariesAndWages/Fundraising",36223,36223,"2011v1.3, 2011v1.2, 2011v1.5"
"/Return/ReturnData/IRS990ScheduleF/GrantsToOrgsOutsideUS/AmountOfCashGrant",36210,2973,"2011v1.5, 2011v1.2, 2011v1.3"
"/Return/ReturnData/IRS990/OfficeExpenses/Fundraising",36101,36101,"2011v1.3, 2011v1.5, 2011v1.2"
"/Return/ReturnData/IRS990/Activity3",35907,35907,"2011v1.3, 2011v1.5, 2011v1.2"
"/Return/ReturnData/IRS990/Activity3/Description",35855,35855,"2011v1.5, 2011v1.2, 2011v1.3"
"/Return/ReturnData/IRS990ScheduleD/IncludedOnFS",35557,35557,"2011v1.3, 2011v1.5, 2011v1.4, 2011v1.2"
"/Return/ReturnData/IRS990ScheduleI/RecordsMaintained",35498,35498,"2011v1.5, 2011v1.2, 2011v1.3"
"/Return/ReturnData/IRS990/ReceivablesFromOfficersEtc",35365,35365,"2011v1.3, 2011v1.5, 2011v1.2"
"/Return/ReturnData/IRS990/RetainedEarningsEndowmentEtc",35306,35306,"2011v1.3, 2011v1.2, 2011v1.5, 2011v1.4"
"/Return/ReturnData/IRS990/IncomeFromInvestBondProceeds",35249,35249,"2011v1.3, 2011v1.2, 2011v1.5"
"/Return/ReturnData/IRS990/IncomeFromInvestBondProceeds/TotalRevenueColumn",35248,35248,"2011v1.2, 2011v1.5, 2011v1.3"
"/Return/ReturnData/IRS990ScheduleD/LeaseholdImprovements/BookValue",35239,35239,"2011v1.3, 2011v1.5, 2011v1.2"
"/Return/ReturnData/IRS990/InventoriesForSaleOrUse/BOY",35130,35130,"2011v1.2, 2011v1.5, 2011v1.3"
"/Return/ReturnData/IRS990/RetainedEarningsEndowmentEtc/EOY",35128,35128,"2011v1.3, 2011v1.2, 2011v1.5, 2011v1.4"
"/Return/ReturnData/IRS990ScheduleI/RecipientTable/DescriptionOfNonCashAssistance",35006,2782,"2011v1.2, 2011v1.5, 2011v1.3"
"/Return/ReturnData/IRS990/RetainedEarningsEndowmentEtc/BOY",34968,34968,"2011v1.5, 2011v1.4, 2011v1.2, 2011v1.3"
"/Return/ReturnData/IRS990/ReceivablesFromOfficersEtc/EOY",34827,34827,"2011v1.3, 2011v1.2, 2011v1.5"
"/Return/ReturnData/IRS990/GainOrLoss/Securities",34583,34583,"2011v1.2, 2011v1.5, 2011v1.3"
"/Return/ReturnData/IRS990/Interest/ProgramServices",34509,34509,"2011v1.5, 2011v1.2, 2011v1.3"
"/Return/ReturnData/IRS990/PensionPlanContributions/ProgramServices",34397,34397,"2011v1.3, 2011v1.5, 2011v1.2"
"/Return/ReturnData/IRS990EZ/CostOtherBasisAndSalesExpenses",34267,34267,"2011v1.2, 2011v1.5, 2011v1.3"
"/Return/ReturnData/IRS990EZ/StatesWhereCopyOfReturnIsFiled",34219,32989,"2011v1.3, 2011v1.2, 2011v1.5"
"/Return/ReturnData/IRS990/InvestmentIncome/RelatedOrExemptFunctionIncome",34215,34215,"2011v1.5, 2011v1.3, 2011v1.2"
"/Return/ReturnData/IRS990ScheduleD/LeaseholdImprovements/Depreciation",34164,34164,"2011v1.3, 2011v1.2, 2011v1.5"
"/Return/ReturnData/IRS990/ActivityOther",34098,22794,"2011v1.3, 2011v1.5, 2011v1.2"
"/Return/ReturnData/IRS990/Grants",34008,34008,"2011v1.3, 2011v1.2, 2011v1.5"
"/Return/ReturnData/IRS990ScheduleA/GrossReceiptsFromAdmissionsEtc",33968,33968,"2011v1.2, 2011v1.3, 2011v1.5"
"/Return/ReturnData/IRS990/QuidProQuoDisclosure",33967,33967,"2011v1.5, 2011v1.3, 2011v1.2"
"/Return/ReturnData/IRS990/ReceivablesFromDisqualPersons",33751,33751,"2011v1.2, 2011v1.5, 2011v1.3"
"/Return/ReturnData/IRS990/InvestTaxExemptBonds",33692,33692,"2011v1.2, 2011v1.5, 2011v1.3"
"/Return/ReturnData/IRS990/EscrowAccount",33676,33676,"2011v1.5, 2011v1.2, 2011v1.3"
"/Return/ReturnData/IRS990/OnBehalfOfIssuer",33653,33653,"2011v1.3, 2011v1.5, 2011v1.2"
"/Return/ReturnData/IRS990/PoliciesReferenceChapters",33611,33611,"2011v1.3, 2011v1.2, 2011v1.5"
"/Return/ReturnData/IRS990/InfoInScheduleOPartXII",33601,33601,"2011v1.5, 2011v1.2, 2011v1.3"
"/Return/ReturnData/IRS990ScheduleH/Form990ScheduleHPartVI",33584,2465,"2011v1.2, 2011v1.5, 2011v1.3"
"/Return/ReturnData/IRS990ScheduleA/OtherIncome509",33546,33546,"2011v1.2, 2011v1.5, 2011v1.3"
"/Return/ReturnData/IRS990ScheduleH/Form990ScheduleHPartVI/Explanation",33546,2464,"2011v1.2, 2011v1.5, 2011v1.3"
"/Return/ReturnData/IRS990ScheduleA/OtherIncome509/Total",33543,33543,"2011v1.3, 2011v1.2, 2011v1.5"
"/Return/ReturnData/IRS990/ReceivablesFromDisqualPersons/EOY",33482,33482,"2011v1.2, 2011v1.5, 2011v1.3"
"/Return/ReturnData/IRS990ScheduleA/AmountsSubstContributorsTotal",33213,33213,"2011v1.2, 2011v1.5, 2011v1.3"
"/Return/ReturnData/IRS990/ActivityOther/Description",32772,21485,"2011v1.3, 2011v1.2, 2011v1.5"
"/Return/ReturnData/IRS990ScheduleF/GrantsToOrgsOutsideUS/MannerOfCashDisbursement",32739,2700,"2011v1.3, 2011v1.2, 2011v1.5"
"/Return/ReturnData/IRS990ScheduleA/SupportFromDQPsEtc",32646,32646,"2011v1.3, 2011v1.5, 2011v1.2"
"/Return/ReturnData/IRS990ScheduleA/SupportFromDQPsEtc/Total",32646,32646,"2011v1.5, 2011v1.3, 2011v1.2"
"/Return/ReturnData/IRS990ScheduleD/LeaseholdImprovements/OtherCostOrOtherBasis",32530,32530,"2011v1.5, 2011v1.3, 2011v1.2"
"/Return/ReturnData/IRS990ScheduleI/Form990ScheduleIPartIII/NumberOfRecipients",32403,15385,"2011v1.2, 2011v1.3, 2011v1.5"
"/Return/ReturnData/IRS990ScheduleI/Form990ScheduleIPartIII/AmountOfCashGrant",32106,14810,"2011v1.5, 2011v1.2, 2011v1.3"
"/Return/ReturnData/IRS990ScheduleL/Form990ScheduleLPartIV",31876,14734,"2011v1.5, 2011v1.2, 2011v1.3"
"/Return/ReturnData/IRS990EZ/InfoInScheduleOPartV",31851,31851,"2011v1.3, 2011v1.5, 2011v1.2"
"/Return/ReturnData/IRS990ScheduleL/Form990ScheduleLPartIV/SharingOfRevenues",31634,14638,"2011v1.2, 2011v1.5, 2011v1.3"
"/Return/ReturnData/IRS990/OtherRevenueMisc/ExclusionAmount",31516,21728,"2011v1.5, 2011v1.3, 2011v1.2"
"/Return/ReturnData/IRS990ScheduleD/OtherSecurities",31398,12492,"2011v1.3, 2011v1.2, 2011v1.5"
"/Return/ReturnData/IRS990/PensionPlanContributions/ManagementAndGeneral",31390,31390,"2011v1.5, 2011v1.3, 2011v1.2"
"/Return/ReturnData/IRS990ScheduleD/OtherSecurities/Description",31352,12450,"2011v1.5, 2011v1.2, 2011v1.3"
"/Return/ReturnData/IRS990ScheduleL/Form990ScheduleLPartIV/NameOfInterestedPerson",31160,14718,"2011v1.3, 2011v1.5, 2011v1.2"
"/Return/ReturnData/IRS990ScheduleD/OtherSecurities/BookValue",31158,12471,"2011v1.3, 2011v1.2, 2011v1.5"
"/Return/ReturnData/IRS990ScheduleL/Form990ScheduleLPartIV/Relationship",31088,14548,"2011v1.5, 2011v1.2, 2011v1.3"
"/Return/ReturnData/IRS990/NetIncomeFromFundraisingEvents/ExclusionAmount",31080,31080,"2011v1.3, 2011v1.2, 2011v1.5"
"/Return/ReturnData/IRS990/GrossAmountSalesAssets/Securities",31048,31048,"2011v1.5, 2011v1.2, 2011v1.3"
"/Return/ReturnData/IRS990ScheduleD/OtherSecurities/MethodOfValuation",30991,12310,"2011v1.3, 2011v1.5, 2011v1.2"
"/Return/ReturnData/IRS990EZ/OtherChangesInNetAssets",30950,30950,"2011v1.3, 2011v1.2, 2011v1.5"
"/Return/ReturnData/IRS990/AllOtherExpenses/Fundraising",30922,30922,"2011v1.2, 2011v1.5, 2011v1.3"
"/Return/ReturnData/IRS990ScheduleJ/CompBasedNetEarningsFilingOrg",30878,30878,"2011v1.3, 2011v1.5, 2011v1.2"
"/Return/ReturnData/IRS990ScheduleJ/CompBasedOnRevenueOfFilingOrg",30878,30878,"2011v1.3, 2011v1.2, 2011v1.5"
"/Return/ReturnData/IRS990ScheduleJ/CompBasedNetEarningsRelateOrgs",30870,30870,"2011v1.3, 2011v1.5, 2011v1.2"
"/Return/ReturnData/IRS990ScheduleJ/CompBasedOnRevenueRelatedOrgs",30870,30870,"2011v1.5, 2011v1.2, 2011v1.3"
"/Return/ReturnData/IRS990ScheduleJ/AnyNonFixedPayments",30766,30766,"2011v1.3, 2011v1.2, 2011v1.5"
"/Return/ReturnData/IRS990/Activity3/Expense",30752,30752,"2011v1.3, 2011v1.5, 2011v1.2"
"/Return/ReturnData/IRS990ScheduleJ/InitialContractException",30749,30749,"2011v1.2, 2011v1.5, 2011v1.3"
"/Return/ReturnData/IRS990/LessCostOthBasisSalesExpenses/Securities",30644,30644,"2011v1.5, 2011v1.2, 2011v1.3"
"/Return/ReturnData/IRS990/Interest/ManagementAndGeneral",30116,30116,"2011v1.5, 2011v1.2, 2011v1.3"
"/Return/ReturnData/IRS990/FinancialStatementConsolidated",30032,30032,"2011v1.3, 2011v1.5, 2011v1.2"
"/Return/ReturnData/IRS990/NonDeductibleDisclosure",29652,29652,"2011v1.2, 2011v1.5, 2011v1.3"
"/Return/ReturnData/IRS990/WrittenPolicyOrProcedure",29348,29348,"2011v1.3, 2011v1.5, 2011v1.2"
"/Return/ReturnData/IRS990EZ/SalariesOtherCompEmplBenefits",29325,29325,"2011v1.2, 2011v1.5, 2011v1.3"
"/Return/ReturnData/IRS990ScheduleD/AgentTrusteeEtc",29297,29297,"2011v1.5, 2011v1.3, 2011v1.2"
"/Return/ReturnData/IRS990EZ/InfoInScheduleOPartIII",29194,29194,"2011v1.5, 2011v1.2, 2011v1.3"
"/Return/ReturnData/IRS990/CompCurrentOfficersDirectors/Fundraising",29130,29130,"2011v1.3, 2011v1.2, 2011v1.5"
"/Return/ReturnData/IRS990/OtherEmployeeBenefits/Fundraising",29113,29113,"2011v1.5, 2011v1.2, 2011v1.3"
"/Return/ReturnData/IRS990ScheduleG/EventsInformation/NameOfEvent2",29022,29022,"2011v1.3, 2011v1.2, 2011v1.5"
"/Return/ReturnData/IRS990/PermanentlyRestrictedNetAssets",28786,28786,"2011v1.5, 2011v1.2, 2011v1.3"
"/Return/ReturnData/IRS990/GrantsToDomesticOrgs/ProgramServices",28756,28756,"2011v1.3, 2011v1.2, 2011v1.5, 2011v1.4"
"/Return/ReturnData/IRS990ScheduleD/AreRelatedOrgsListedScheduleR",28750,28750,"2011v1.3, 2011v1.5, 2011v1.2"
"/Return/ReturnData/IRS990/FundraisingEvents",28657,28657,"2011v1.3, 2011v1.5, 2011v1.2"
"/Return/ReturnData/IRS990/PermanentlyRestrictedNetAssets/EOY",28537,28537,"2011v1.3, 2011v1.2, 2011v1.5"
"/Return/ReturnData/IRS990ScheduleI/Form990ScheduleIPartIV",28498,24179,"2011v1.2, 2011v1.3, 2011v1.5"
"/Return/ReturnData/IRS990ScheduleI/Form990ScheduleIPartIV/Explanation",28440,24156,"2011v1.5, 2011v1.2, 2011v1.3"
"/Return/ReturnData/IRS990/InformationTechnology/ProgramServices",28323,28323,"2011v1.5, 2011v1.2, 2011v1.3"
"/Return/ReturnData/IRS990ScheduleG/EventsInformation/GrossReceiptsEvent2",28258,28258,"2011v1.3, 2011v1.2, 2011v1.5"
"/Return/ReturnData/IRS990ScheduleD/SolicitedAssetsForSale",28183,28183,"2011v1.2, 2011v1.5, 2011v1.3"
"/Return/ReturnData/IRS990/InformationTechnology/ManagementAndGeneral",28143,28143,"2011v1.2, 2011v1.3, 2011v1.5"
"/Return/ReturnData/IRS990ScheduleL/Form990ScheduleLPartIV/DescriptionOfTransaction",28055,14296,"2011v1.2, 2011v1.5, 2011v1.3"
"/Return/ReturnData/IRS990/PermanentlyRestrictedNetAssets/BOY",27993,27993,"2011v1.5, 2011v1.2, 2011v1.3"
"/Return/ReturnData/IRS990/NetGainOrLossInvestments/ExclusionAmount",27818,27818,"2011v1.5, 2011v1.2, 2011v1.3"
"/Return/ReturnData/IRS990/InvestmentsOtherSecurities/BOY",27797,27797,"2011v1.5, 2011v1.2, 2011v1.3"
"/Return/ReturnData/IRS990/RentalIncomeOrLoss",27692,27692,"2011v1.2, 2011v1.5, 2011v1.3"
"/Return/ReturnData/IRS990/AllAffiliatesIncluded",27182,27182,"2011v1.3, 2011v1.5, 2011v1.4, 2011v1.2"
"/Return/ReturnData/IRS990ScheduleD/NetUnrealizedGLOnInvestments",27170,27170,"2011v1.5, 2011v1.3, 2011v1.2"
"/Return/ReturnData/IRS990/ActivityOther/Expense",27078,17841,"2011v1.3, 2011v1.5, 2011v1.2"
"/Return/ReturnData/IRS990/MembershipDues",26897,26897,"2011v1.5, 2011v1.4, 2011v1.2, 2011v1.3"
"/Return/ReturnData/IRS990ScheduleD/DisclosedForCharitablePurposes",26889,26889,"2011v1.2, 2011v1.3, 2011v1.5"
"/Return/ReturnData/IRS990/RentalIncomeOrLoss/Real",26873,26873,"2011v1.2, 2011v1.3, 2011v1.5"
"/Return/ReturnData/IRS990ScheduleD/DisclosedOrgsLegalControl",26860,26860,"2011v1.5, 2011v1.2, 2011v1.3"
"/Return/ReturnData/IRS990ScheduleJ/Form990ScheduleJPartIII",26603,15844,"2011v1.5, 2011v1.2, 2011v1.3"
"/Return/ReturnData/IRS990ScheduleG/EventsInformation/GrossRevenueEvent2",26555,26555,"2011v1.5, 2011v1.3, 2011v1.2"
"/Return/ReturnData/IRS990/Form8886TFiled",26324,26324,"2011v1.2, 2011v1.5"
"/Return/ReturnData/IRS990/LicensedMoreThanOneState",26296,26296,"2011v1.5, 2011v1.2, 2011v1.3"
"/Return/ReturnData/IRS990ScheduleJ/Form990ScheduleJPartIII/Explanation",26280,15672,"2011v1.2, 2011v1.3, 2011v1.5"
"/Return/ReturnData/IRS990ScheduleD/WrittenPolicyMonitoring",26243,26243,"2011v1.2, 2011v1.5, 2011v1.3"
"/Return/ReturnData/IRS990/Occupancy/Fundraising",25891,25891,"2011v1.3, 2011v1.5, 2011v1.2"
"/Return/ReturnData/IRS990/Form720Filed",25683,25683,"2011v1.3, 2011v1.5, 2011v1.2"
"/Return/ReturnData/IRS990ScheduleI/Form990ScheduleIPartIV/Identifier",25677,22927,"2011v1.5, 2011v1.3, 2011v1.2"
"/Return/ReturnData/IRS990/FiledLieu1041",25648,25648,"2011v1.2, 2011v1.5, 2011v1.3"
"/Return/ReturnData/IRS990/NoncashContributions",25554,25554,"2011v1.5, 2011v1.3, 2011v1.2"
"/Return/ReturnData/IRS990ScheduleD/Sect170hRequirementsSatisfied",25540,25540,"2011v1.3, 2011v1.2, 2011v1.5"
"/Return/ReturnData/IRS990ScheduleL/Form990ScheduleLPartIV/AmountOfTransaction",25164,12982,"2011v1.2, 2011v1.3, 2011v1.5"
"/Return/ReturnData/IRS990/CntrbtnsRprtdFundraisingEvents",25041,25041,"2011v1.3, 2011v1.2, 2011v1.5"
"/Return/ReturnData/IRS990EZ/OrganizationFiled990T",24939,24939,"2011v1.3, 2011v1.5, 2011v1.2"
"/Return/ReturnData/IRS990/TotalOfOtherProgramServiceExp",24841,24841,"2011v1.2, 2011v1.5, 2011v1.3"
"/Return/ReturnData/IRS990/GrossRents",24612,24612,"2011v1.5, 2011v1.3, 2011v1.2"
"/Return/ReturnData/IRS990/Travel/Fundraising",24468,24468,"2011v1.5, 2011v1.3, 2011v1.2"
"/Return/ReturnData/IRS990ScheduleJ/BoardOrCommitteeApproval",24405,24405,"2011v1.2, 2011v1.5, 2011v1.3"
"/Return/ReturnData/IRS990EZ/GrantsAndSimilarAmountsPaid",24404,24404,"2011v1.2, 2011v1.5, 2011v1.3"
"/Return/ReturnData/IRS990ScheduleD/NetUnrealizedGainsInvestments",24344,24344,"2011v1.5, 2011v1.2, 2011v1.3"
"/Return/ReturnData/IRS990ScheduleJ/Form990ScheduleJPartIII/ReturnReference",24256,14618,"2011v1.3, 2011v1.2, 2011v1.5"
"/Return/ReturnData/IRS990ScheduleD/TotalBookValueOtherAssets",24146,24146,"2011v1.2, 2011v1.5, 2011v1.3"
"/Return/ReturnData/IRS990EZ/DirectIndirectPoliticalExpend",24117,24117,"2011v1.5, 2011v1.2, 2011v1.3"
"/Return/ReturnData/IRS990EZ/LandAndBuildings",23822,23822,"2011v1.2, 2011v1.3, 2011v1.5"
"/Return/ReturnData/IRS990/GrossRents/Real",23785,23785,"2011v1.5, 2011v1.2, 2011v1.3"
"/Return/ReturnData/IRS990EZ/LandAndBuildings/EOY",23541,23541,"2011v1.5, 2011v1.3, 2011v1.2"
"/Return/ReturnData/IRS990/Activity2/Revenue",23493,23493,"2011v1.3, 2011v1.2, 2011v1.5"
"/Return/ReturnData/IRS990EZ/LandAndBuildings/BOY",23438,23438,"2011v1.2, 2011v1.5, 2011v1.3"
"/Return/ReturnData/IRS990EZ/OtherRevenueTotal",23322,23322,"2011v1.3, 2011v1.5, 2011v1.2"
"/Return/ReturnData/IRS990ScheduleC",23300,23300,"2011v1.3, 2011v1.5, 2011v1.4, 2011v1.2"
"/Return/ReturnData/IRS990ScheduleA/SupportedOrgInformation/TypeOfOrganization",23265,13148,"2011v1.3, 2011v1.2, 2011v1.5"
"/Return/ReturnData/IRS990ScheduleA/SupportedOrgInformation",23265,13148,"2011v1.5, 2011v1.2, 2011v1.3"
"/Return/ReturnData/IRS990ScheduleA/SupportedOrgInformation/Amount",23265,13148,"2011v1.3, 2011v1.2, 2011v1.5"
"/Return/ReturnData/IRS990ScheduleA/SupportedOrgInformation/ListedInGoverningDoc",23265,13148,"2011v1.2, 2011v1.5, 2011v1.3"
"/Return/ReturnData/IRS990ScheduleA/SupportedOrgInformation/EIN",23265,13148,"2011v1.5, 2011v1.2, 2011v1.3"
"/Return/ReturnData/IRS990ScheduleA/SupportedOrgInformation/Name/BusinessNameLine1",23265,13148,"2011v1.3, 2011v1.2, 2011v1.5"
"/Return/ReturnData/IRS990ScheduleA/SupportedOrgInformation/Name",23265,13148,"2011v1.2, 2011v1.5, 2011v1.3"
"/Return/ReturnData/IRS990ScheduleD/OtherExpensesIncluded",23235,23235,"2011v1.3, 2011v1.5, 2011v1.2"
"/Return/ReturnData/IRS990ScheduleG/EventsInformation/OtherDirectExpensesEvent2",23203,23203,"2011v1.2, 2011v1.5, 2011v1.3"
"/Return/ReturnData/IRS990/GainOrLoss/Other",22997,22997,"2011v1.2, 2011v1.5, 2011v1.3"
"/Return/ReturnData/IRS990/OtherWebsite",22960,22960,"2011v1.3, 2011v1.5, 2011v1.2"
"/Return/ReturnData/IRS990ScheduleA/OtherIncome170/CurrentTaxYear",22947,22947,"2011v1.5, 2011v1.2, 2011v1.3"
"/Return/ReturnData/IRS990ScheduleA/OtherIncome170/CurrentTaxYearMinus1Year",22839,22839,"2011v1.2, 2011v1.5, 2011v1.3"
"/Return/ReturnData/IRS990EZ/GroProfitLossSalesOfInventory",22803,22803,"2011v1.5, 2011v1.2, 2011v1.3"
"/Return/ReturnData/IRS990ScheduleR/Form990ScheduleRPartIII/PercentageOwnership",22599,2720,"2011v1.5, 2011v1.2, 2011v1.3"
"/Return/ReturnData/IRS990ScheduleG/EventsInformation/CharitableContributionsTotal",22520,22520,"2011v1.3, 2011v1.2, 2011v1.5"
"/Return/ReturnData/IRS990/FeesForServicesLegal/ProgramServices",22490,22490,"2011v1.3, 2011v1.5, 2011v1.2"
"/Return/ReturnData/IRS990ScheduleL/Form990ScheduleLPartIV/NameOfInterestedPerson/NamePerson",22472,10684,"2011v1.2, 2011v1.5, 2011v1.3"
"/Return/ReturnData/IRS990/Advertising/Fundraising",22392,22392,"2011v1.5, 2011v1.2, 2011v1.3"
"/Return/ReturnData/IRS990ScheduleR/Form990ScheduleRPartIII/ShareOfEOYAssets",22294,2668,"2011v1.5, 2011v1.3, 2011v1.2"
"/Return/ReturnData/IRS990ScheduleF/AcctsActvsOutUSTable",22291,6015,"2011v1.2, 2011v1.5, 2011v1.3"
"/Return/ReturnData/IRS990ScheduleA/NetIncomeFromOtherUBI",22234,22234,"2011v1.5, 2011v1.2, 2011v1.3"
"/Return/ReturnData/IRS990ScheduleA/NetIncomeFromOtherUBI/Total",22232,22232,"2011v1.2, 2011v1.3, 2011v1.5"
"/Return/ReturnData/IRS990ScheduleA/GrossReceiptsFromNonUBI",22201,22201,"2011v1.5, 2011v1.2, 2011v1.3"
"/Return/ReturnData/IRS990ScheduleA/GrossReceiptsFromNonUBI/Total",22197,22197,"2011v1.3, 2011v1.5, 2011v1.2"
"/Return/ReturnData/IRS990ScheduleF/AcctsActvsOutUSTable/Region",22184,6008,"2011v1.5, 2011v1.2, 2011v1.3"
"/Return/ReturnData/IRS990ScheduleL",22175,22175,"2011v1.3, 2011v1.5, 2011v1.2"
"/Return/ReturnData/IRS990ScheduleF/AcctsActvsOutUSTable/TypeOfActivitiesConducted",22131,5975,"2011v1.2, 2011v1.5, 2011v1.3"
"/Return/ReturnData/IRS990ScheduleR/Form990ScheduleRPartIII/ShareOfTotalIncome",22111,2680,"2011v1.2, 2011v1.5, 2011v1.3"
"/Return/ReturnData/IRS990/DepreciationDepletion/Fundraising",22102,22102,"2011v1.3, 2011v1.5, 2011v1.2"
"/Return/ReturnData/IRS990ScheduleD/OtherRevenues",22017,22017,"2011v1.5, 2011v1.3, 2011v1.2"
"/Return/ReturnData/IRS990EZ/TaxImposedUnderIRC4911",21913,21913,"2011v1.2, 2011v1.5, 2011v1.3"
"/Return/ReturnData/IRS990/GrantsToDomesticIndividuals/ProgramServices",21879,21879,"2011v1.3, 2011v1.5, 2011v1.2"
"/Return/ReturnData/IRS990EZ/TaxImposedUnderIRC4912",21878,21878,"2011v1.5, 2011v1.2, 2011v1.3"
"/Return/ReturnData/IRS990EZ/TaxImposedUnderIRC4955",21877,21877,"2011v1.2, 2011v1.5, 2011v1.3"
"/Return/ReturnData/IRS990EZ/Organization501c",21847,21847,"2011v1.5, 2011v1.3, 2011v1.2"
"/Return/ReturnData/IRS990/OtherNotesLoansReceivableNet/BOY",21835,21835,"2011v1.3, 2011v1.2, 2011v1.5"
"/Return/ReturnData/IRS990ScheduleA/OtherIncome170/CurrentTaxYearMinus2Years",21720,21720,"2011v1.5, 2011v1.2, 2011v1.3"
"/Return/ReturnData/IRS990ScheduleG/EventsInformation/CharitableContributionsEvent1",21699,21699,"2011v1.3, 2011v1.5, 2011v1.2"
"/Return/ReturnData/IRS990/Insurance/Fundraising",21698,21698,"2011v1.3, 2011v1.2, 2011v1.5"
"/Return/ReturnData/IRS990ScheduleM/OtherNonCashContributionsTable",21345,9520,"2011v1.5, 2011v1.2, 2011v1.3"
"/Return/ReturnData/IRS990/GrossSalesOfInventory",21277,21277,"2011v1.3, 2011v1.5, 2011v1.2"
"/Return/ReturnData/IRS990ScheduleD/CurrentYear",21255,21255,"2011v1.3, 2011v1.2, 2011v1.5"
"/Return/ReturnData/IRS990ScheduleA/SupportedOrgInformation/OrganizedInUS",21208,12068,"2011v1.3, 2011v1.2, 2011v1.5"
"/Return/ReturnData/IRS990ScheduleR/Form990ScheduleRPartIV/PercentageOwnership",21073,5677,"2011v1.5, 2011v1.2, 2011v1.3"
"/Return/ReturnData/IRS990ScheduleF/AcctsActvsOutUSTable/TotalExpenditures",21047,5741,"2011v1.3, 2011v1.5, 2011v1.2"
"/Return/ReturnData/IRS990ScheduleD/CurrentYear/EndOfYearBalance",21024,21024,"2011v1.5, 2011v1.2, 2011v1.3"
"/Return/ReturnData/IRS990EZ/InitiationFeesAndCapitalContri",20909,20909,"2011v1.5, 2011v1.2, 2011v1.3"
"/Return/ReturnData/IRS990ScheduleD/CurrentYear/BeginningOfYearBalance",20901,20901,"2011v1.2, 2011v1.3, 2011v1.5"
"/Return/ReturnData/IRS990ScheduleM/OtherNonCashContributionsTable/NoncashContribsRptdF990",20872,9328,"2011v1.2, 2011v1.5, 2011v1.3"
"/Return/ReturnData/IRS990ScheduleD/CurrentYearMinus1Year",20843,20843,"2011v1.3, 2011v1.5, 2011v1.2"
"/Return/ReturnData/IRS990EZ/GrossReceiptsForPublicUse",20824,20824,"2011v1.3, 2011v1.5, 2011v1.2"
"/Return/ReturnData/IRS990ScheduleM/OtherNonCashContributionsTable/Description",20773,9009,"2011v1.2, 2011v1.5, 2011v1.3"
"/Return/ReturnData/IRS990ScheduleD/CurrentYearMinus1Year/EndOfYearBalance",20704,20704,"2011v1.5, 2011v1.2, 2011v1.3"
"/Return/ReturnData/IRS990ScheduleA/SupportedOrgInformation/SupportedOrganizationNotified",20689,11801,"2011v1.3, 2011v1.2, 2011v1.5"
"/Return/ReturnData/IRS990ScheduleM/OtherNonCashContributionsTable/NonCashCheckbox",20591,9182,"2011v1.3, 2011v1.2, 2011v1.5"
"/Return/ReturnData/IRS990EZ/TheBooksAreInCareOf/NameBusiness/BusinessNameLine1",20491,20491,"2011v1.3, 2011v1.2, 2011v1.5"
"/Return/ReturnData/IRS990EZ/TheBooksAreInCareOf/NameBusiness",20491,20491,"2011v1.5, 2011v1.2, 2011v1.3"
"/Return/ReturnData/IRS990ScheduleA/Post1975UBTI",20489,20489,"2011v1.2, 2011v1.5, 2011v1.3"
"/Return/ReturnData/IRS990ScheduleA/Post1975UBTI/Total",20488,20488,"2011v1.2, 2011v1.3, 2011v1.5"
"/Return/ReturnData/IRS990ScheduleD/CurrentYearMinus1Year/BeginningOfYearBalance",20365,20365,"2011v1.3, 2011v1.2, 2011v1.5"
"/Return/ReturnData/IRS990ScheduleA/OtherIncome170/CurrentTaxYearMinus3Years",20297,20297,"2011v1.5, 2011v1.2, 2011v1.3"
"/Return/ReturnData/IRS990ScheduleM/OtherNonCashContributionsTable/NumberOfContributions",20251,9041,"2011v1.5, 2011v1.2, 2011v1.3"
"/Return/ReturnData/IRS990/FeesForServicesOther/Fundraising",20197,20197,"2011v1.5, 2011v1.2, 2011v1.3"
"/Return/ReturnData/IRS990EZ/Form720Filed",20196,20196,"2011v1.5, 2011v1.2, 2011v1.3"
"/Return/ReturnData/IRS990/CostOfGoodsSold",20125,20125,"2011v1.5, 2011v1.2, 2011v1.3"
"/Return/ReturnData/IRS990ScheduleD/CurrentYearMinus2Years",19729,19729,"2011v1.5, 2011v1.2, 2011v1.3"
"/Return/ReturnData/IRS990ScheduleD/CurrentYearMinus2Years/EndOfYearBalance",19590,19590,"2011v1.2, 2011v1.3, 2011v1.5"
"/Return/ReturnData/IRS990/NumberOf8282Filed",19492,19492,"2011v1.3, 2011v1.5, 2011v1.2"
"/Return/ReturnData/IRS990EZ/AmountOfTaxImposedOnOrgMgr",19489,19489,"2011v1.2, 2011v1.5, 2011v1.3"
"/Return/ReturnData/IRS990EZ/AmountOfTaxReimbursedByOrg",19477,19477,"2011v1.3, 2011v1.2, 2011v1.5"
"/Return/ReturnData/IRS990/CapStckTrstPrinCurrentFunds",19339,19339,"2011v1.2, 2011v1.5, 2011v1.3"
"/Return/ReturnData/IRS990ScheduleA/OtherIncome170/CurrentTaxYearMinus4Years",19293,19293,"2011v1.5, 2011v1.2, 2011v1.3"
"/Return/ReturnData/IRS990/CapStckTrstPrinCurrentFunds/BOY",19280,19280,"2011v1.2, 2011v1.5, 2011v1.3"
"/Return/ReturnData/IRS990ScheduleD/CurrentYearMinus2Years/BeginningOfYearBalance",19232,19232,"2011v1.3, 2011v1.2, 2011v1.5"
"/Return/ReturnData/IRS990/CapStckTrstPrinCurrentFunds/EOY",19216,19216,"2011v1.5, 2011v1.2, 2011v1.3"
"/Return/ReturnData/IRS990ScheduleM/OtherNonCashContributionsTable/MethodOfDeterminingRevenues",19202,8238,"2011v1.3, 2011v1.2, 2011v1.5"
"/Return/ReturnData/IRS990ScheduleD/CurrentYearMinus3Years",19111,19111,"2011v1.2, 2011v1.5, 2011v1.3"
"/Return/ReturnData/IRS990ScheduleA/NetUBI",18922,18922,"2011v1.5, 2011v1.3, 2011v1.2"
"/Return/ReturnData/IRS990ScheduleA/NetUBI/Total",18922,18922,"2011v1.2, 2011v1.5, 2011v1.3"
"/Return/ReturnData/IRS990EZ/MethodOfAccountingAccrual",18788,18788,"2011v1.3, 2011v1.2, 2011v1.5"
"/Return/ReturnData/IRS990ScheduleI/Form990ScheduleIPartIV/ReturnReference",18771,18236,"2011v1.3, 2011v1.2, 2011v1.5"
"/Return/ReturnData/IRS990ScheduleG/EventsInformation/TotalNumberOfOtherEvents",18473,18473,"2011v1.3, 2011v1.2, 2011v1.5"
"/Return/ReturnData/IRS990EZ/GainOrLossFromSaleOfAssets",18464,18464,"2011v1.3, 2011v1.2, 2011v1.5"
"/Return/ReturnData/IRS990ScheduleG/EventsInformation/FoodAndBeverageTotalEvents",18410,18410,"2011v1.5, 2011v1.4, 2011v1.2, 2011v1.3"
"/Return/ReturnData/IRS990/UnsecuredNotesLoansPayable",17888,17888,"2011v1.3, 2011v1.2, 2011v1.5"
"/Return/ReturnData/TransferPrsnlBnftContractsDecl/Declaration",17639,17639,"2011v1.2, 2011v1.5"
"/Return/ReturnData/TransferPrsnlBnftContractsDecl",17639,17639,"2011v1.2, 2011v1.5"
"/Return/ReturnData/IRS990/PaidInCapSrplsLandBldgEqpFund",17593,17593,"2011v1.3, 2011v1.2, 2011v1.5"
"/Return/ReturnData/IRS990/PaidInCapSrplsLandBldgEqpFund/BOY",17513,17513,"2011v1.2, 2011v1.5, 2011v1.3"
"/Return/ReturnData/IRS990/PaidInCapSrplsLandBldgEqpFund/EOY",17491,17491,"2011v1.2, 2011v1.5, 2011v1.3"
"/Return/ReturnData/IRS990ScheduleD/CurrentYear/InvestmentEarningsOrLosses",17470,17470,"2011v1.2, 2011v1.5, 2011v1.3"
"/Return/ReturnData/IRS990EZ/OfficerDirectorTrusteeKeyEmpl/AddressUS/AddressLine2",17420,3193,"2011v1.2, 2011v1.5, 2011v1.3"
"/Return/ReturnData/IRS990ScheduleI/TotalNbrOf501C3AndGovtGrants",17393,17393,"2011v1.2, 2011v1.3, 2011v1.5"
"/Return/ReturnData/IRS990ScheduleH/Form990ScheduleHPartVI/Identifier",17287,2328,"2011v1.2, 2011v1.5, 2011v1.3"
"/Return/ReturnData/IRS990ScheduleD/CurrentYearMinus1Year/InvestmentEarningsOrLosses",17251,17251,"2011v1.3, 2011v1.2, 2011v1.5"
"/Return/ReturnData/IRS990ScheduleA/ValueSrvcFcltsFurnishedByGovt",17239,17239,"2011v1.3, 2011v1.2, 2011v1.5"
"/Return/ReturnData/IRS990ScheduleA/ValueSrvcFcltsFurnishedByGovt/Total",17239,17239,"2011v1.3, 2011v1.2, 2011v1.5"
"/Return/ReturnData/IRS990ScheduleD/OtherAmount",17166,17166,"2011v1.2, 2011v1.5, 2011v1.3"
"/Return/ReturnData/CompensationExplanation",17157,15878,"2011v1.3, 2011v1.2, 2011v1.5"
"/Return/ReturnData/IRS990ScheduleG/EventsInformation/GrossReceiptsOtherEvents",17120,17120,"2011v1.2, 2011v1.5, 2011v1.3"
"/Return/ReturnData/IRS990/LessCostOthBasisSalesExpenses/Other",17109,17109,"2011v1.2, 2011v1.5, 2011v1.3"
"/Return/ReturnData/IRS990ScheduleM",17101,17101,"2011v1.3, 2011v1.5, 2011v1.2"
"/Return/ReturnData/IRS990/NetGainOrLossInvestments/RelatedOrExemptFunctionIncome",17025,17025,"2011v1.5, 2011v1.2, 2011v1.3"
"/Return/ReturnData/IRS990EZ/GamingGrossIncome",16989,16989,"2011v1.3, 2011v1.2, 2011v1.5"
"/Return/ReturnData/IRS990ScheduleF/AcctsActvsOutUSTable/NumberOfEmployees",16988,5011,"2011v1.5, 2011v1.2, 2011v1.3"
"/Return/ReturnData/IRS990ScheduleL/LoanTable",16961,7992,"2011v1.3, 2011v1.5, 2011v1.2"
"/Return/ReturnData/IRS990ScheduleM/ThirdPartiesUsed",16949,16949,"2011v1.2, 2011v1.5, 2011v1.3"
"/Return/ReturnData/IRS990ScheduleM/ReviewProcessUnusualNCGifts",16948,16948,"2011v1.2, 2011v1.5, 2011v1.3"
"/Return/ReturnData/IRS990ScheduleL/LoanTable/Default",16941,7977,"2011v1.5, 2011v1.2, 2011v1.3"
"/Return/ReturnData/IRS990ScheduleL/LoanTable/ApprovedByBoard",16932,7967,"2011v1.2, 2011v1.3, 2011v1.5"
"/Return/ReturnData/IRS990ScheduleL/LoanTable/WrittenAgreement",16902,7942,"2011v1.3, 2011v1.5, 2011v1.2"
"/Return/ReturnData/IRS990ScheduleG/EventsInformation/RentFacilityCostsTotalEvents",16900,16900,"2011v1.2, 2011v1.5, 2011v1.3"
"/Return/ReturnData/IRS990ScheduleM/AnyPropertyThatMustBeHeld",16888,16888,"2011v1.5, 2011v1.2, 2011v1.3"
"/Return/ReturnData/IRS990ScheduleJ/CompensationSurvey",16882,16882,"2011v1.3, 2011v1.5, 2011v1.2"
"/Return/ReturnData/IRS990ScheduleF/AcctsActvsOutUSTable/SpecificServicesProvided",16800,4782,"2011v1.3, 2011v1.5, 2011v1.2"
"/Return/ReturnData/IRS990/LessRentalExpenses",16797,16797,"2011v1.3, 2011v1.2, 2011v1.5"
"/Return/ReturnData/IRS990ScheduleR/Form990ScheduleRPartIV/ShareOfEOYAssets",16787,4509,"2011v1.3, 2011v1.5, 2011v1.2"
"/Return/ReturnData/IRS990ScheduleA/TaxRevLeviedForOrgBenefit170",16604,16604,"2011v1.3, 2011v1.5, 2011v1.2"
"/Return/ReturnData/IRS990ScheduleA/TaxRevLeviedForOrgBenefit170/Total",16604,16604,"2011v1.2, 2011v1.5, 2011v1.3"
"/Return/ReturnData/IRS990/ConferencesMeetings/Fundraising",16555,16555,"2011v1.5, 2011v1.2, 2011v1.3"
"/Return/ReturnData/IRS990/FeesForServicesManagement/ManagementAndGeneral",16506,16506,"2011v1.3, 2011v1.2, 2011v1.5"
"/Return/ReturnData/IRS990ScheduleF/AcctsActvsOutUSTable/NumberOfOffices",16498,4940,"2011v1.5, 2011v1.2, 2011v1.3"
"/Return/ReturnData/IRS990/UnsecuredNotesLoansPayable/EOY",16445,16445,"2011v1.5, 2011v1.2, 2011v1.3"
"/Return/ReturnData/IRS990/Activity3/Revenue",16400,16400,"2011v1.3, 2011v1.5, 2011v1.2"
"/Return/ReturnData/IRS990ScheduleG/EventsInformation/FoodAndBeverageEvent1",16387,16387,"2011v1.3, 2011v1.2, 2011v1.5, 2011v1.4"
"/Return/ReturnData/IRS990/LessRentalExpenses/Real",16338,16338,"2011v1.5, 2011v1.3, 2011v1.2"
"/Return/ReturnData/IRS990ScheduleG/EventsInformation/GrossRevenueOtherEvents",16308,16308,"2011v1.3, 2011v1.2, 2011v1.5"
"/Return/ReturnData/IRS990/ProgramServiceRevenue/ExclusionAmount",16306,8858,"2011v1.5, 2011v1.2, 2011v1.3"
"/Return/ReturnData/IRS990/UnsecuredNotesLoansPayable/BOY",16272,16272,"2011v1.3, 2011v1.2, 2011v1.5"
"/Return/ReturnData/IRS990ScheduleD/CurrentYearMinus2Years/InvestmentEarningsOrLosses",16264,16264,"2011v1.3, 2011v1.5, 2011v1.2"
"/Return/ReturnData/IRS990ScheduleL/LoanTable/OriginalPrincipalAmount",16211,7604,"2011v1.5, 2011v1.2, 2011v1.3"
"/Return/ReturnData/IRS990ScheduleL/LoanTable/BalanceDue",16132,7591,"2011v1.3, 2011v1.2, 2011v1.5"
"/Return/ReturnData/IRS990ScheduleR/Form990ScheduleRPartIV/ShareOfTotalIncome",16106,4316,"2011v1.5, 2011v1.3, 2011v1.2"
"/Return/ReturnData/IRS990ScheduleA/ValueOfSvcsFcltsFurnishdByGovt",16061,16061,"2011v1.2, 2011v1.5, 2011v1.3"
"/Return/ReturnData/IRS990ScheduleA/ValueOfSvcsFcltsFurnishdByGovt/Total",16060,16060,"2011v1.2, 2011v1.5, 2011v1.3"
"/Return/ReturnData/IRS990/ContractorCompensation/NameOfContractor/NamePerson",15953,6153,"2011v1.3, 2011v1.2, 2011v1.5"
"/Return/ReturnData/IRS990ScheduleA/TaxRevLeviedForOrgBenefit509",15857,15857,"2011v1.3, 2011v1.5, 2011v1.2"
"/Return/ReturnData/IRS990ScheduleA/TaxRevLeviedForOrgBenefit509/Total",15856,15856,"2011v1.3, 2011v1.2, 2011v1.5"
"/Return/ReturnData/IRS990/PensionPlanContributions/Fundraising",15755,15755,"2011v1.3, 2011v1.5, 2011v1.2"
"/Return/ReturnData/IRS990/FeesForServicesAccounting/Fundraising",15722,15722,"2011v1.5, 2011v1.2, 2011v1.3"
"/Return/ReturnData/IRS990ScheduleD/PermanentEndowmentEOYBalance",15422,15422,"2011v1.3, 2011v1.5, 2011v1.2"
"/Return/ReturnData/IRS990EZ/RelatedOrgSection527Org",15336,15336,"2011v1.3, 2011v1.2, 2011v1.5"
"/Return/ReturnData/IRS990ScheduleJ/Form990ScheduleJPartIII/Identifier",15328,9612,"2011v1.2, 2011v1.5, 2011v1.3"
"/Return/ReturnData/IRS990/FeesForServicesInvstMgmntFees/ManagementAndGeneral",15285,15285,"2011v1.3, 2011v1.5, 2011v1.2"
"/Return/ReturnData/IRS990/GrossAmountSalesAssets/Other",15251,15251,"2011v1.2, 2011v1.3, 2011v1.5"
"/Return/ReturnData/IRS990/IntangibleAssets/BOY",15174,15174,"2011v1.3, 2011v1.2, 2011v1.5"
"/Return/ReturnData/IRS990ScheduleH/Form990ScheduleHPartVSectionC/OtherFacilities/Name",15150,1433,"2011v1.5, 2011v1.3, 2011v1.2"
"/Return/ReturnData/IRS990ScheduleH/Form990ScheduleHPartVSectionC/OtherFacilities/FacilityType",15150,1433,"2011v1.2, 2011v1.5, 2011v1.3"
"/Return/ReturnData/IRS990ScheduleH/Form990ScheduleHPartVSectionC/OtherFacilities/Address",15150,1433,"2011v1.2, 2011v1.5, 2011v1.3"
"/Return/ReturnData/IRS990ScheduleH/Form990ScheduleHPartVSectionC/OtherFacilities/Address/AddressLine1",15150,1433,"2011v1.3, 2011v1.2, 2011v1.5"
"/Return/ReturnData/IRS990ScheduleH/Form990ScheduleHPartVSectionC/OtherFacilities",15150,1433,"2011v1.3, 2011v1.2, 2011v1.5"
"/Return/ReturnData/IRS990ScheduleH/Form990ScheduleHPartVSectionC/OtherFacilities/Address/ZIPCode",15150,1433,"2011v1.5, 2011v1.2, 2011v1.3"
"/Return/ReturnData/IRS990ScheduleH/Form990ScheduleHPartVSectionC/OtherFacilities/Address/State",15150,1433,"2011v1.3, 2011v1.2, 2011v1.5"
"/Return/ReturnData/IRS990ScheduleH/Form990ScheduleHPartVSectionC/OtherFacilities/Name/BusinessNameLine1",15150,1433,"2011v1.2, 2011v1.3, 2011v1.5"
"/Return/ReturnData/IRS990ScheduleH/Form990ScheduleHPartVSectionC/OtherFacilities/Address/City",15150,1433,"2011v1.3, 2011v1.5, 2011v1.2"
"/Return/ReturnData/IRS990ScheduleL/LoanTable/NamePerson",15117,7136,"2011v1.5, 2011v1.3, 2011v1.2"
"/Return/ReturnData/IRS990ScheduleG/EventsInformation/RentFacilityCostsEvent1",14960,14960,"2011v1.5, 2011v1.2, 2011v1.3"
"/Return/ReturnData/IRS990ScheduleL/LoanTable/PurposeOfLoan",14854,6853,"2011v1.2, 2011v1.5, 2011v1.3"
"/Return/ReturnData/IRS990ScheduleA/OtherIncome509/CurrentTaxYear",14815,14815,"2011v1.3, 2011v1.2, 2011v1.5"
"/Return/ReturnData/IRS990ScheduleA/OtherIncome509/CurrentTaxYearMinus1Year",14796,14796,"2011v1.5, 2011v1.2, 2011v1.3"
"/Return/ReturnData/IRS990ScheduleG/AgreementRefFundraising",14538,14538,"2011v1.3, 2011v1.2, 2011v1.5"
"/Return/ReturnData/IRS990ScheduleG/EventsInformation/OtherDirectExpensesOtherEvents",14450,14450,"2011v1.3, 2011v1.5, 2011v1.2"
"/Return/ReturnData/IRS990ScheduleD/DonatedSrvcAndUseOfFacilities",14362,14362,"2011v1.5, 2011v1.2, 2011v1.3"
"/Return/ReturnData/IRS990ScheduleD/CurrentYearMinus3Years/EndOfYearBalance",14320,14320,"2011v1.3, 2011v1.5, 2011v1.2"
"/Return/ReturnData/IRS990ScheduleA/OtherIncome509/CurrentTaxYearMinus2Years",14264,14264,"2011v1.3, 2011v1.2, 2011v1.5"
"/Return/ReturnData/IRS990/ProgramServiceRevenue/UnrelatedBusinessRevenue",14261,8738,"2011v1.3, 2011v1.2, 2011v1.5"
"/Return/ReturnData/IRS990/NetIncomeOrLoss/RelatedOrExemptFunctionIncome",14214,14214,"2011v1.3, 2011v1.5, 2011v1.2"
"/Return/ReturnData/IRS990ScheduleD/TotalOfBookValueSecurities",14142,14142,"2011v1.3, 2011v1.2, 2011v1.5"
"/Return/ReturnData/IRS990EZ/GrossReceiptsLessThan25000",14130,14130,"2011v1.5, 2011v1.2, 2011v1.3"
"/Return/ReturnData/IRS990ScheduleD/OtherRevenuesNotIncluded",14126,14126,"2011v1.5, 2011v1.3, 2011v1.2"
"/Return/ReturnData/IRS990ScheduleD/CurrentYearMinus3Years/BeginningOfYearBalance",14077,14077,"2011v1.3, 2011v1.5, 2011v1.2"
"/Return/ReturnData/IRS990/TaxExemptBondLiabilities",14034,14034,"2011v1.5, 2011v1.2, 2011v1.3"
"/Return/ReturnData/IRS990/InvestmentsProgramRelated/BOY",14016,14016,"2011v1.3, 2011v1.2, 2011v1.5"
"/Return/ReturnData/IRS990/TotalOthProgramServiceRevenue",14002,14002,"2011v1.3, 2011v1.2, 2011v1.5"
"/Return/ReturnData/IRS990/TotalOthProgramServiceRevenue/TotalRevenueColumn",13990,13990,"2011v1.5, 2011v1.3, 2011v1.2"
"/Return/ReturnData/IRS990/NetRentalIncomeOrLoss/ExclusionAmount",13932,13932,"2011v1.3, 2011v1.2, 2011v1.5"
"/Return/ReturnData/IRS990/TaxExemptBondLiabilities/BOY",13876,13876,"2011v1.3, 2011v1.2, 2011v1.5"
"/Return/ReturnData/IRS990ScheduleA/ContribByControllingIndividual",13840,13840,"2011v1.2, 2011v1.5, 2011v1.3"
"/Return/ReturnData/IRS990ScheduleR/Form990ScheduleRPartI",13839,4662,"2011v1.2, 2011v1.5, 2011v1.3"
"/Return/ReturnData/IRS990ScheduleA/ContributionByRelatedParty",13836,13836,"2011v1.3, 2011v1.2, 2011v1.5"
"/Return/ReturnData/IRS990ScheduleR/Form990ScheduleRPartI/NameOfDisregardedEntity",13835,4661,"2011v1.3, 2011v1.2, 2011v1.5"
"/Return/ReturnData/IRS990ScheduleR/Form990ScheduleRPartI/NameOfDisregardedEntity/BusinessNameLine1",13835,4661,"2011v1.2, 2011v1.5, 2011v1.3"
"/Return/ReturnData/IRS990ScheduleA/ContribBy35ControlledEntity",13833,13833,"2011v1.3, 2011v1.5, 2011v1.2"
"/Return/ReturnData/IRS990ScheduleA/OtherIncome509/CurrentTaxYearMinus3Years",13800,13800,"2011v1.3, 2011v1.5, 2011v1.2"
"/Return/ReturnData/IRS990ScheduleD/DonatedServicesUseOfFacilities",13780,13780,"2011v1.2, 2011v1.5, 2011v1.3"
"/Return/ReturnData/IRS990EZ/GrossSalesOfInventory",13703,13703,"2011v1.3, 2011v1.2, 2011v1.5"
"/Return/ReturnData/IRS990/TaxExemptBondLiabilities/EOY",13690,13690,"2011v1.5, 2011v1.2, 2011v1.3"
"/Return/ReturnData/IRS990ScheduleR/Form990ScheduleRPartI/LegalDomicileState",13629,4590,"2011v1.3, 2011v1.2, 2011v1.5"
"/Return/ReturnData/IRS990ScheduleR/Form990ScheduleRPartI/AddressUS/AddressLine1",13621,4569,"2011v1.3, 2011v1.5, 2011v1.2"
"/Return/ReturnData/IRS990ScheduleR/Form990ScheduleRPartI/AddressUS/ZIPCode",13621,4569,"2011v1.5, 2011v1.2, 2011v1.3"
"/Return/ReturnData/IRS990ScheduleR/Form990ScheduleRPartI/AddressUS/City",13621,4569,"2011v1.2, 2011v1.3, 2011v1.5"
"/Return/ReturnData/IRS990ScheduleR/Form990ScheduleRPartI/AddressUS/State",13621,4569,"2011v1.5, 2011v1.2, 2011v1.3"
"/Return/ReturnData/IRS990ScheduleR/Form990ScheduleRPartI/AddressUS",13621,4569,"2011v1.5, 2011v1.2, 2011v1.3"
"/Return/ReturnData/IRS990ScheduleR/Form990ScheduleRPartI/PrimaryActivities",13559,4596,"2011v1.3, 2011v1.2, 2011v1.5"
"/Return/ReturnData/IRS990ScheduleJ/CompensationCommittee",13482,13482,"2011v1.5, 2011v1.2, 2011v1.3"
"/Return/ReturnData/IRS990ScheduleA/OtherIncome509/CurrentTaxYearMinus4Years",13327,13327,"2011v1.5, 2011v1.2, 2011v1.3"
"/Return/ReturnData/IRS990/ActivityOther/Revenue",13316,8612,"2011v1.5, 2011v1.3, 2011v1.2"
"/Return/ReturnData/IRS990/GrantsPayable",13252,13252,"2011v1.5, 2011v1.2, 2011v1.3"
"/Return/ReturnData/IRS990/LoansFromOfficersDirectors",13211,13211,"2011v1.3, 2011v1.2, 2011v1.5"
"/Return/ReturnData/IRS990/TotalOfOtherProgramServiceRev",13203,13203,"2011v1.5, 2011v1.3, 2011v1.2"
"/Return/ReturnData/IRS990ScheduleD/CurrentYear/Contributions",13153,13153,"2011v1.2, 2011v1.5, 2011v1.3"
"/Return/ReturnData/IRS990ScheduleD/CurrentYearMinus1Year/Contributions",13108,13108,"2011v1.3, 2011v1.2, 2011v1.5"
"/Return/ReturnData/IRS990ScheduleA/SupportingOrganization509a3",13090,13090,"2011v1.5, 2011v1.2, 2011v1.3"
"/Return/ReturnData/IRS990ScheduleD/Equipment/InvestmentCostOrOtherBasis",12883,12883,"2011v1.2, 2011v1.5, 2011v1.3"
"/Return/ReturnData/IRS990ScheduleA/TotalNumberOfSupportedOrgs",12801,12801,"2011v1.3, 2011v1.2, 2011v1.5"
"/Return/ReturnData/IRS990/GrantsPayable/BOY",12676,12676,"2011v1.2, 2011v1.5, 2011v1.3"
"/Return/ReturnData/IRS990ScheduleI/TotalNbrOfOtherOrganizations",12632,12632,"2011v1.3, 2011v1.2, 2011v1.5"
"/Return/ReturnData/IRS990/GrantsPayable/EOY",12622,12622,"2011v1.3, 2011v1.5, 2011v1.2"
"/Return/ReturnData/IRS990ScheduleD/CurrentYearMinus2Years/Contributions",12507,12507,"2011v1.3, 2011v1.5, 2011v1.2"
"/Return/ReturnData/IRS990/LoansFromOfficersDirectors/BOY",12493,12493,"2011v1.3, 2011v1.2, 2011v1.5"
"/Return/ReturnData/IRS990/FeesForServicesManagement/ProgramServices",12482,12482,"2011v1.5, 2011v1.2, 2011v1.3"
"/Return/ReturnData/IRS990/LoansFromOfficersDirectors/EOY",12360,12360,"2011v1.5, 2011v1.3, 2011v1.2"
"/Return/ReturnData/IRS990/EscrowAccountLiability",12296,12296,"2011v1.3, 2011v1.5, 2011v1.2"
"/Return/ReturnData/IRS990/InfoInScheduleOPartVII",12230,12230,"2011v1.5, 2011v1.2, 2011v1.3"
"/Return/ReturnData/IRS990/InformationTechnology/Fundraising",12095,12095,"2011v1.5, 2011v1.2, 2011v1.3"
"/Return/ReturnData/IRS990ScheduleE/Form990ScheduleEPartII",12094,7741,"2011v1.5, 2011v1.2, 2011v1.3"
"/Return/ReturnData/IRS990ScheduleE/Form990ScheduleEPartII/Explanation",12039,7736,"2011v1.3, 2011v1.5, 2011v1.2"
"/Return/ReturnData/IRS990ScheduleE/Form990ScheduleEPartII/Identifier",12022,7705,"2011v1.5, 2011v1.2, 2011v1.3"
"/Return/ReturnData/IRS990/EscrowAccountLiability/BOY",11979,11979,"2011v1.3, 2011v1.5, 2011v1.2"
"/Return/ReturnData/IRS990/TotalOthProgramServiceRevenue/RelatedOrExemptFunctionIncome",11974,11974,"2011v1.2, 2011v1.5, 2011v1.3"
"/Return/ReturnData/IRS990/EscrowAccountLiability/EOY",11948,11948,"2011v1.5, 2011v1.2, 2011v1.3"
"/Return/ReturnData/IRS990ScheduleD/CurrentYearMinus3Years/InvestmentEarningsOrLosses",11851,11851,"2011v1.2, 2011v1.5, 2011v1.3"
"/Return/ReturnData/IRS990ScheduleC/SubstantiallyAllDuesNondeduct",11664,11664,"2011v1.3, 2011v1.5, 2011v1.2"
"/Return/ReturnData/IRS990ScheduleA/SumOfAmounts",11637,11637,"2011v1.5, 2011v1.2, 2011v1.3"
"/Return/ReturnData/IRS990ScheduleC/OnlyInHouseLobbying",11622,11622,"2011v1.5, 2011v1.3, 2011v1.2"
"/Return/ReturnData/IRS990ScheduleI/RecipientTable/AddressUS/AddressLine2",11617,1753,"2011v1.5, 2011v1.2, 2011v1.3"
"/Return/ReturnData/IRS990ScheduleD/OtherExpensesNotIncluded",11519,11519,"2011v1.2, 2011v1.3, 2011v1.5"
"/Return/ReturnData/IRS990ScheduleC/AgreeToCarryoverPriorYear",11461,11461,"2011v1.3, 2011v1.2, 2011v1.5"
"/Return/ReturnData/IRS990ScheduleK/Form990ScheduleKPartI",11331,5640,"2011v1.3, 2011v1.5, 2011v1.2"
"/Return/ReturnData/IRS990ScheduleK/Form990ScheduleKPartI/IssuerName",11321,5633,"2011v1.5, 2011v1.2, 2011v1.3"
"/Return/ReturnData/IRS990ScheduleK/Form990ScheduleKPartI/IssuerName/BusinessNameLine1",11321,5633,"2011v1.2, 2011v1.5, 2011v1.3"
"/Return/ReturnData/IRS990ScheduleK/Form990ScheduleKPartI/DateIssued",11297,5622,"2011v1.3, 2011v1.2, 2011v1.5"
"/Return/ReturnData/IRS990ScheduleK/Form990ScheduleKPartI/IssuePrice",11282,5609,"2011v1.3, 2011v1.2, 2011v1.5"
"/Return/ReturnData/IRS990ScheduleK/Form990ScheduleKPartI/Defeased",11281,5611,"2011v1.3, 2011v1.5, 2011v1.2"
"/Return/ReturnData/IRS990ScheduleD/BoardDesignatedEOYBalance",11238,11238,"2011v1.3, 2011v1.2, 2011v1.5"
"/Return/ReturnData/IRS990ScheduleK/Form990ScheduleKPartI/DescriptionOfPurpose",11223,5569,"2011v1.3, 2011v1.2, 2011v1.5"
"/Return/ReturnData/IRS990/FederatedCampaigns",11213,11213,"2011v1.3, 2011v1.5, 2011v1.2"
"/Return/ReturnData/IRS990ScheduleA/SupportFromDQPsEtc/CurrentTaxYearMinus3Years",11161,11161,"2011v1.3, 2011v1.2, 2011v1.5"
"/Return/ReturnData/IRS990ScheduleC/DirectContactLegislators",11144,11144,"2011v1.3, 2011v1.5, 2011v1.4, 2011v1.2"
"/Return/ReturnData/IRS990ScheduleH/Form990ScheduleHPartVI/ReturnReference",11138,1699,"2011v1.2, 2011v1.5, 2011v1.3"
"/Return/ReturnData/IRS990ScheduleC/PaidStaffOrManagement",11125,11125,"2011v1.2, 2011v1.3, 2011v1.5, 2011v1.4"
"/Return/ReturnData/IRS990ScheduleK/Form990ScheduleKPartI/OnBehalfOfIssuer",11118,5595,"2011v1.2, 2011v1.5, 2011v1.3"
"/Return/ReturnData/IRS990ScheduleC/GrantsOtherOrganizations",11110,11110,"2011v1.3, 2011v1.2, 2011v1.5, 2011v1.4"
"/Return/ReturnData/IRS990ScheduleC/RalliesDemonstrations",11108,11108,"2011v1.3, 2011v1.2, 2011v1.5, 2011v1.4"
"/Return/ReturnData/IRS990ScheduleC/MailingsMembers",11103,11103,"2011v1.5, 2011v1.4, 2011v1.3, 2011v1.2"
"/Return/ReturnData/IRS990ScheduleC/PublicationsOrBroadcast",11099,11099,"2011v1.5, 2011v1.4, 2011v1.2, 2011v1.3"
"/Return/ReturnData/IRS990ScheduleC/MediaAdvertisements",11099,11099,"2011v1.3, 2011v1.5, 2011v1.4, 2011v1.2"
"/Return/ReturnData/IRS990ScheduleF/GrantsToOrgsOutsideUS/MethodOfValuation",11098,918,"2011v1.5, 2011v1.2, 2011v1.3"
"/Return/ReturnData/IRS990ScheduleK/Form990ScheduleKPartII",11074,5513,"2011v1.3, 2011v1.2, 2011v1.5"
"/Return/ReturnData/IRS990/RelatedOrganizations",11065,11065,"2011v1.5, 2011v1.2, 2011v1.3"
"/Return/ReturnData/IRS990ScheduleR/Form990ScheduleRPartI/EIN",11062,4077,"2011v1.3, 2011v1.5, 2011v1.2"
"/Return/ReturnData/IRS990ScheduleK/Form990ScheduleKPartII/CurrentRefunding",11045,5498,"2011v1.5, 2011v1.2, 2011v1.3"
"/Return/ReturnData/IRS990ScheduleK/Form990ScheduleKPartII/AdvanceRefunding",11043,5497,"2011v1.3, 2011v1.2, 2011v1.5"
"/Return/ReturnData/IRS990ScheduleK/Form990ScheduleKPartII/AdequateBooksAndRecdsMaintaind",11016,5492,"2011v1.3, 2011v1.5, 2011v1.2"
"/Return/ReturnData/IRS990ScheduleC/OtherActivities",11004,11004,"2011v1.2, 2011v1.5, 2011v1.4, 2011v1.3"
"/Return/ReturnData/IRS990ScheduleK/Form990ScheduleKPartII/FinalAllocationMade",10950,5466,"2011v1.3, 2011v1.5, 2011v1.2"
"/Return/ReturnData/IRS990/ReceivablesFromOfficersEtc/BOY",10877,10877,"2011v1.3, 2011v1.5, 2011v1.2"
"/Return/ReturnData/IRS990ScheduleK/Form990ScheduleKPartIV",10827,5374,"2011v1.5, 2011v1.2, 2011v1.3"
"/Return/ReturnData/IRS990ScheduleK/Form990ScheduleKPartI/PoolFinancing",10826,5436,"2011v1.3, 2011v1.5, 2011v1.2"
"/Return/ReturnData/IRS990ScheduleJ/WrittenEmploymentContract",10784,10784,"2011v1.5, 2011v1.2, 2011v1.3"
"/Return/ReturnData/IRS990ScheduleK/Form990ScheduleKPartIV/VariableRateIssue",10772,5338,"2011v1.3, 2011v1.2, 2011v1.5"
"/Return/ReturnData/IRS990ScheduleK/Form990ScheduleKPartIV/HedgeIdentifiedInBooksAndRecds",10763,5335,"2011v1.3, 2011v1.5, 2011v1.2"
"/Return/ReturnData/IRS990ScheduleK/Form990ScheduleKPartIV/Form8038TFiled",10759,5329,"2011v1.3, 2011v1.5, 2011v1.2"
"/Return/ReturnData/IRS990ScheduleK/Form990ScheduleKPartIV/GrossProceedsInvestedInGIC",10690,5307,"2011v1.3, 2011v1.2, 2011v1.5"
"/Return/ReturnData/IRS990ScheduleR/Form990ScheduleRPartI/DirectControllingEntityName/BusinessNameLine1",10688,3314,"2011v1.3, 2011v1.2, 2011v1.5"
"/Return/ReturnData/IRS990ScheduleR/Form990ScheduleRPartI/DirectControllingEntityName",10688,3314,"2011v1.2, 2011v1.5, 2011v1.3"
"/Return/ReturnData/IRS990ScheduleK/Form990ScheduleKPartIV/ExceptionToRebate",10683,5299,"2011v1.5, 2011v1.2, 2011v1.3"
"/Return/ReturnData/IRS990ScheduleA/SupportFromDQPsEtc/CurrentTaxYearMinus2Years",10682,10682,"2011v1.5, 2011v1.2, 2011v1.3"
"/Return/ReturnData/IRS990ScheduleK/Form990ScheduleKPartIV/GrossProceedsInvested",10634,5276,"2011v1.2, 2011v1.5, 2011v1.3"
"/Return/ReturnData/IRS990ScheduleK/Form990ScheduleKPartIII",10630,5287,"2011v1.3, 2011v1.5, 2011v1.2"
"/Return/ReturnData/IRS990ScheduleK/Form990ScheduleKPartI/IssuerEIN",10622,5188,"2011v1.3, 2011v1.2, 2011v1.5"
"/Return/ReturnData/IRS990ScheduleA/SupportFromDQPsEtc/CurrentTaxYearMinus4Years",10619,10619,"2011v1.3, 2011v1.2, 2011v1.5"
"/Return/ReturnData/IRS990ScheduleR/Form990ScheduleRPartIV/AddressUS/AddressLine2",10587,131,"2011v1.2, 2011v1.5, 2011v1.3"
"/Return/ReturnData/IRS990ScheduleG/EventsInformation/EntertainmentTotalEvents",10565,10565,"2011v1.5, 2011v1.2, 2011v1.3"
"/Return/ReturnData/IRS990ScheduleA/SupportFromDQPsEtc/CurrentTaxYearMinus1Year",10543,10543,"2011v1.3, 2011v1.5, 2011v1.2"
"/Return/ReturnData/IRS990ScheduleD/CurrentYear/OtherExpenditures",10524,10524,"2011v1.5, 2011v1.2, 2011v1.3"
"/Return/ReturnData/IRS990ScheduleA/SupportFromDQPsEtc/CurrentTaxYear",10504,10504,"2011v1.3, 2011v1.5, 2011v1.2"
"/Return/ReturnData/IRS990/Activity2/Grants",10365,10365,"2011v1.3, 2011v1.2, 2011v1.5"
"/Return/ReturnData/IRS990ScheduleK/Form990ScheduleKPartIII/OwningBondFinancedProperty",10323,5204,"2011v1.3, 2011v1.5, 2011v1.2"
"/Return/ReturnData/IRS990ScheduleK/Form990ScheduleKPartIII/AnyLeaseArrangements",10321,5202,"2011v1.2, 2011v1.5, 2011v1.3"
"/Return/ReturnData/IRS990ScheduleD/Buildings/InvestmentCostOrOtherBasis",10307,10307,"2011v1.2, 2011v1.3, 2011v1.5"
"/Return/ReturnData/IRS990ScheduleK/Form990ScheduleKPartIII/MngmentCntrctBondFinancdPrprty",10305,5187,"2011v1.5, 2011v1.2, 2011v1.3"
"/Return/ReturnData/IRS990ScheduleG/EventsInformation/CharitableContributionsEvent2",10300,10300,"2011v1.5, 2011v1.2, 2011v1.3"
"/Return/ReturnData/IRS990ScheduleK/Form990ScheduleKPartIII/PostIssuanceComplianceProcdrs",10298,5164,"2011v1.2, 2011v1.5, 2011v1.3"
"/Return/ReturnData/IRS990ScheduleK/Form990ScheduleKPartIII/AnyResearchAgreements",10281,5177,"2011v1.3, 2011v1.2, 2011v1.5"
"/Return/ReturnData/IRS990ScheduleF/GrantsToOrgsOutsideUS/AmountOfNonCashAssistance",10210,542,"2011v1.3, 2011v1.2, 2011v1.5"
"/Return/ReturnData/IRS990ScheduleD/CurrentYearMinus1Year/OtherExpenditures",10152,10152,"2011v1.5, 2011v1.3, 2011v1.2"
"/Return/ReturnData/IRS990ScheduleA/School170b1Aii",10126,10126,"2011v1.3, 2011v1.2, 2011v1.5"
"/Return/ReturnData/IRS990ScheduleI/Form990ScheduleIPartIII/MethodOfValuation",10101,5176,"2011v1.3, 2011v1.2, 2011v1.5"
"/Return/ReturnData/IRS990ScheduleE",10060,10060,"2011v1.3, 2011v1.5, 2011v1.2"
"/Return/ReturnData/IRS990ScheduleK/Form990ScheduleKPartII/TotalProceeds",10035,4927,"2011v1.3, 2011v1.5, 2011v1.2"
"/Return/ReturnData/IRS990ScheduleE/NondiscriminatoryPolicyStmt",9957,9957,"2011v1.5, 2011v1.2, 2011v1.3"
"/Return/ReturnData/IRS990ScheduleE/PolicyStatementInBrochuresEtc",9953,9953,"2011v1.5, 2011v1.2, 2011v1.3"
"/Return/ReturnData/IRS990ScheduleE/MaintCopiesOfBrochuresEtc",9946,9946,"2011v1.5, 2011v1.2, 2011v1.3"
"/Return/ReturnData/IRS990ScheduleE/MaintRacialCompositionRecords",9942,9942,"2011v1.3, 2011v1.2, 2011v1.5"
"/Return/ReturnData/IRS990ScheduleE/PolicyPublViaBroadcastMedia",9940,9940,"2011v1.3, 2011v1.5, 2011v1.2"
"/Return/ReturnData/IRS990ScheduleE/MaintCopiesOfAllSolicitations",9938,9938,"2011v1.5, 2011v1.2, 2011v1.3"
"/Return/ReturnData/IRS990ScheduleE/ComplianceWithRevProc7550",9933,9933,"2011v1.3, 2011v1.2, 2011v1.5"
"/Return/ReturnData/IRS990ScheduleE/MaintScholarshipsRecords",9931,9931,"2011v1.3, 2011v1.5, 2011v1.2"
"/Return/ReturnData/IRS990ScheduleE/GovernmentFinancialAidReceived",9909,9909,"2011v1.2, 2011v1.5, 2011v1.3"
"/Return/ReturnData/IRS990ScheduleC/Volunteers",9908,9908,"2011v1.5, 2011v1.2, 2011v1.3"
"/Return/ReturnData/IRS990ScheduleE/DiscriminateRaceEmplmnFaculty",9901,9901,"2011v1.5, 2011v1.3, 2011v1.2"
"/Return/ReturnData/IRS990ScheduleE/DiscriminateRaceStudentsRights",9900,9900,"2011v1.5, 2011v1.3, 2011v1.2"
"/Return/ReturnData/IRS990ScheduleE/DiscriminateRaceEducPolicies",9900,9900,"2011v1.3, 2011v1.2, 2011v1.5"
"/Return/ReturnData/IRS990ScheduleE/DiscriminateRaceUseOfFclts",9898,9898,"2011v1.3, 2011v1.2, 2011v1.5"
"/Return/ReturnData/IRS990ScheduleE/DiscriminateRaceAdmissPolicies",9898,9898,"2011v1.5, 2011v1.3, 2011v1.2"
"/Return/ReturnData/IRS990ScheduleE/DiscriminateRaceScholarships",9896,9896,"2011v1.2, 2011v1.5, 2011v1.3"
"/Return/ReturnData/IRS990ScheduleE/DiscriminateRaceAthleticProg",9892,9892,"2011v1.2, 2011v1.3, 2011v1.5"
"/Return/ReturnData/IRS990ScheduleE/DiscriminateRaceOtherActy",9890,9890,"2011v1.5, 2011v1.3, 2011v1.2"
"/Return/ReturnData/IRS990ScheduleE/GovernmentFinancialAidRevoked",9854,9854,"2011v1.5, 2011v1.2, 2011v1.3"
"/Return/ReturnData/IRS990ScheduleD/Land/InvestmentCostOrOtherBasis",9817,9817,"2011v1.5, 2011v1.2, 2011v1.3"
"/Return/ReturnData/IRS990ScheduleD/TermEndowmentEOYBalance",9814,9814,"2011v1.2, 2011v1.5, 2011v1.3"
"/Return/ReturnData/IRS990/Form990PartVIISectionA/Former",9661,5613,"2011v1.3, 2011v1.2, 2011v1.5"
"/Return/ReturnData/IRS990ScheduleC/NotDescribedIn501c3",9618,9618,"2011v1.3, 2011v1.5, 2011v1.2"
"/Return/ReturnData/IRS990ScheduleD/CurrentYearMinus3Years/Contributions",9613,9613,"2011v1.2, 2011v1.5, 2011v1.3"
"/Return/ReturnData/IRS990/MiscellaneousRevenue",9490,9490,"2011v1.3, 2011v1.2, 2011v1.5"
"/Return/ReturnData/IRS990/MiscellaneousRevenue/TotalRevenueColumn",9479,9479,"2011v1.3, 2011v1.5, 2011v1.2"
"/Return/ReturnData/IRS990ScheduleD/CurrentYearMinus2Years/OtherExpenditures",9479,9479,"2011v1.2, 2011v1.5, 2011v1.3"
"/Return/ReturnData/IRS990ScheduleF/GrantsToOrgsOutsideUS/DescriptionOfNonCashAssistance",9475,608,"2011v1.3, 2011v1.2, 2011v1.5"
"/Return/ReturnData/IRS990/OtherRevenueMisc/UnrelatedBusinessRevenue",9363,6810,"2011v1.3, 2011v1.5, 2011v1.2"
"/Return/ReturnData/IRS990/ReceivablesFromDisqualPersons/BOY",9278,9278,"2011v1.5, 2011v1.3, 2011v1.2"
"/Return/ReturnData/IRS990/OwnWebsite",9181,9181,"2011v1.5, 2011v1.2, 2011v1.3"
"/Return/ReturnData/IRS990ScheduleG/EventsInformation/NonCashPrizesTotalEvents",9015,9015,"2011v1.3, 2011v1.5, 2011v1.2"
"/Return/ReturnData/IRS990ScheduleG/EventsInformation/EntertainmentEvent1",8985,8985,"2011v1.5, 2011v1.3, 2011v1.2"
"/Return/ReturnData/IRS990ScheduleR/Form990ScheduleRPartI/EOYAssets",8968,3575,"2011v1.5, 2011v1.2, 2011v1.3"
"/Return/ReturnData/IRS990/NetRentalIncomeOrLoss/RelatedOrExemptFunctionIncome",8921,8921,"2011v1.5, 2011v1.2, 2011v1.3"
"/Return/ReturnData/IRS990EZ/BenefitsPaidToOrForMembers",8899,8899,"2011v1.2, 2011v1.5, 2011v1.3"
"/Return/ReturnData/IRS990ScheduleL/LoanTable/LoanFromOrganization",8839,3170,"2011v1.2, 2011v1.5, 2011v1.3"
"/Return/ReturnData/IRS990ScheduleA/CertificationCheckbox",8817,8817,"2011v1.3, 2011v1.5, 2011v1.2"
"/Return/ReturnData/IRS990ScheduleG/SpecialFundraisingEvents",8774,8774,"2011v1.3, 2011v1.2, 2011v1.5, 2011v1.4"
"/Return/ReturnData/IRS990ScheduleK/Form990ScheduleKPartII/IssuanceCostsFromProceeds",8738,4393,"2011v1.5, 2011v1.2, 2011v1.3"
"/Return/ReturnData/IRS990ScheduleL/Form990ScheduleLPartIV/NameOfInterestedPerson/NameBusiness/BusinessNameLine1",8688,4830,"2011v1.3, 2011v1.5, 2011v1.2"
"/Return/ReturnData/IRS990ScheduleL/Form990ScheduleLPartIV/NameOfInterestedPerson/NameBusiness",8688,4830,"2011v1.2, 2011v1.3, 2011v1.5"
"/Return/ReturnData/IRS990ScheduleR/Form990ScheduleRPartI/TotalIncome",8617,3473,"2011v1.3, 2011v1.2, 2011v1.5"
"/Return/ReturnData/IRS990ScheduleD/InvestmentsProgramRelated",8614,3313,"2011v1.5, 2011v1.2, 2011v1.3"
"/Return/ReturnData/IRS990ScheduleD/InvestmentsProgramRelated/Description",8605,3306,"2011v1.2, 2011v1.5, 2011v1.3"
"/Return/ReturnData/IRS990ScheduleE/Form990ScheduleEPartII/ReturnReference",8603,5384,"2011v1.3, 2011v1.2, 2011v1.5"
"/Return/ReturnData/IRS990ScheduleJ/SubstantiationRequired",8594,8594,"2011v1.3, 2011v1.2, 2011v1.5"
"/Return/ReturnData/IRS990ScheduleA/First5Years509",8557,8557,"2011v1.3, 2011v1.2, 2011v1.5"
"/Return/ReturnData/IRS990ScheduleR/Form990ScheduleRPartIV/NameOfRelatedOrg/BusinessNameLine2",8538,124,"2011v1.5, 2011v1.2"
"/Return/ReturnData/IRS990ScheduleD/InvestmentsProgramRelated/BookValue",8514,3301,"2011v1.3, 2011v1.2, 2011v1.5"
"/Return/ReturnData/IRS990/Interest/Fundraising",8505,8505,"2011v1.5, 2011v1.3, 2011v1.2"
"/Return/ReturnData/IRS990ScheduleA/First5Years170",8452,8452,"2011v1.2, 2011v1.3, 2011v1.5"
"/Return/ReturnData/IRS990ScheduleK/Form990ScheduleKPartII/YearOfSubstCompletion",8446,4407,"2011v1.3, 2011v1.2, 2011v1.5"
"/Return/ReturnData/IRS990EZ/GrossAmountFromSaleOfAssets",8344,8344,"2011v1.3, 2011v1.5, 2011v1.2"
"/Return/ReturnData/IRS990ScheduleK/Form990ScheduleKPartI/CUSIPNumber",8334,3985,"2011v1.3, 2011v1.5, 2011v1.2"
"/Return/ReturnData/IRS990ScheduleD/InvestmentsProgramRelated/MethodOfValuation",8200,3135,"2011v1.3, 2011v1.5, 2011v1.2"
"/Return/ReturnData/IRS990ScheduleA/GrossReceiptsFromNonUBI/CurrentTaxYear",8111,8111,"2011v1.3, 2011v1.5, 2011v1.2"
"/Return/ReturnHeader/Filer/InCareOfName",8101,8101,"2011v1.3, 2011v1.2, 2011v1.5"
"/Return/ReturnData/IRS990/TotalOfOtherProgramServiceGrnt",7982,7982,"2011v1.5, 2011v1.2, 2011v1.3"
"/Return/ReturnData/IRS990ScheduleK/Form990ScheduleKPartII/CapitalExpenditures",7976,4125,"2011v1.5, 2011v1.2, 2011v1.3"
"/Return/ReturnData/IRS990ScheduleL/LoanTable/LoanToOrganization",7941,4933,"2011v1.3, 2011v1.5, 2011v1.2"
"/Return/ReturnData/IRS990/InvestmentIncome/UnrelatedBusinessRevenue",7927,7927,"2011v1.5, 2011v1.3, 2011v1.2"
"/Return/ReturnData/IRS990ScheduleD/ArtPublicExhibitionAmts",7840,7840,"2011v1.3, 2011v1.5, 2011v1.2"
"/Return/ReturnData/IRS990ScheduleA/GeneralExplanation",7840,7434,"2011v1.2, 2011v1.3, 2011v1.5"
"/Return/ReturnHeader/Filer/USAddress/AddressLine2",7706,7706,"2011v1.3, 2011v1.5, 2011v1.2"
"/Return/ReturnData/IRS990ScheduleL/TotalBalanceDue",7643,7643,"2011v1.5, 2011v1.2, 2011v1.3"
"/Return/ReturnData/IRS990ScheduleA/GrossReceiptsFromNonUBI/CurrentTaxYearMinus1Year",7603,7603,"2011v1.5, 2011v1.2, 2011v1.3"
"/Return/ReturnData/IRS990/FeesForServicesLegal/Fundraising",7577,7577,"2011v1.3, 2011v1.2, 2011v1.5"
"/Return/ReturnData/IRS990ScheduleG/EventsInformation/NonCashPrizesEvent1",7500,7500,"2011v1.2, 2011v1.5, 2011v1.3"
"/Return/ReturnData/IRS990ScheduleD/FederalIncomeTaxLiability",7488,7488,"2011v1.3, 2011v1.5, 2011v1.2"
"/Return/ReturnData/IRS990ScheduleD/OtherLandBuildings/InvestmentCostOrOtherBasis",7458,7458,"2011v1.5, 2011v1.2, 2011v1.3"
"/Return/ReturnData/IRS990ScheduleF",7336,7336,"2011v1.2, 2011v1.5, 2011v1.3"
"/Return/ReturnData/IRS990ScheduleJ/IndependentConsultant",7317,7317,"2011v1.3, 2011v1.2, 2011v1.5"
"/Return/ReturnData/IRS990ScheduleJ/WrittenPolicyReTAndEExpenses",7317,7317,"2011v1.2, 2011v1.5, 2011v1.3"
"/Return/ReturnData/IRS990/FeesForServicesProfFundraising/Fundraising",7276,7276,"2011v1.3, 2011v1.2, 2011v1.5"
"/Return/ReturnData/IRS990ScheduleG/EventsInformation/FoodAndBeverageEvent2",7274,7274,"2011v1.3, 2011v1.2, 2011v1.5"
"/Return/ReturnData/IRS990ScheduleA/AmtsRecdFromDisqualPersons/CurrentTaxYearMinus1Year",7260,7260,"2011v1.2, 2011v1.5, 2011v1.3"
"/Return/ReturnData/IRS990ScheduleD/CurrentYearMinus3Years/OtherExpenditures",7224,7224,"2011v1.5, 2011v1.2, 2011v1.3"
"/Return/ReturnData/IRS990ScheduleA/AmtsRecdFromDisqualPersons/CurrentTaxYearMinus2Years",7206,7206,"2011v1.5, 2011v1.2, 2011v1.3"
"/Return/ReturnData/IRS990ScheduleI/Form990ScheduleIPartIII/DescriptionOfNonCashAssistance",7154,3903,"2011v1.5, 2011v1.2, 2011v1.3"
"/Return/ReturnData/IRS990ScheduleA/AmtsRecdFromDisqualPersons/CurrentTaxYearMinus3Years",7117,7117,"2011v1.3, 2011v1.2, 2011v1.5"
"/Return/ReturnData/IRS990ScheduleA/AmtsRecdFromDisqualPersons/CurrentTaxYear",7114,7114,"2011v1.2, 2011v1.5, 2011v1.3"
"/Return/ReturnData/IRS990/Activity3/Grants",6979,6979,"2011v1.5, 2011v1.2, 2011v1.3"
"/Return/ReturnData/IRS990/MiscellaneousRevenue/RelatedOrExemptFunctionIncome",6944,6944,"2011v1.5, 2011v1.3, 2011v1.2"
"/Return/ReturnData/IRS990/TypeOfOrganizationAssociation",6937,6937,"2011v1.3, 2011v1.5, 2011v1.2"
"/Return/ReturnData/IRS990ScheduleD/HeldWorksOfArtAmts",6901,6901,"2011v1.2, 2011v1.5, 2011v1.3"
"/Return/ReturnData/IRS990/NameOfForeignCountry",6850,2773,"2011v1.5, 2011v1.2, 2011v1.3"
"/Return/ReturnData/IRS990ScheduleR/Form990ScheduleRPartIV/LegalDomicileForeignCountry",6819,1978,"2011v1.5, 2011v1.2, 2011v1.3"
"/Return/ReturnData/IRS990/InfoInScheduleOPartIX",6807,6807,"2011v1.3, 2011v1.2, 2011v1.5"
"/Return/ReturnData/IRS990ScheduleJ/Form990OfOtherOrganizations",6790,6790,"2011v1.5, 2011v1.2, 2011v1.3"
"/Return/ReturnData/IRS990/GrossIncomeGaming",6756,6756,"2011v1.3, 2011v1.2, 2011v1.5, 2011v1.4"
"/Return/ReturnData/IRS990/DoingBusinessAs",6713,6713,"2011v1.5, 2011v1.2, 2011v1.3"
"/Return/ReturnData/IRS990/DoingBusinessAs/BusinessNameLine1",6713,6713,"2011v1.3, 2011v1.2, 2011v1.5"
"/Return/ReturnData/IRS990ScheduleA/AmtsRecdFromDisqualPersons/CurrentTaxYearMinus4Years",6702,6702,"2011v1.5, 2011v1.2, 2011v1.3"
"/Return/ReturnData/IRS990ScheduleI/Form990ScheduleIPartIII/AmountOfNonCashAssistance",6648,3587,"2011v1.2, 2011v1.3, 2011v1.5"
"/Return/ReturnData/IRS990ScheduleA/GrossReceiptsFromNonUBI/CurrentTaxYearMinus2Years",6630,6630,"2011v1.2, 2011v1.5, 2011v1.3"
"/Return/ReturnData/IRS990ScheduleD/CurrentYear/AdministrativeExpenses",6626,6626,"2011v1.2, 2011v1.5, 2011v1.3"
"/Return/ReturnData/IRS990ScheduleC/Form990ScheduleCPartIV",6610,6256,"2011v1.5, 2011v1.3, 2011v1.2"
"/Return/ReturnData/IRS990ScheduleA/SupportingOrg509a3Type1",6590,6590,"2011v1.5, 2011v1.2, 2011v1.3"
"/Return/ReturnData/IRS990ScheduleC/Form990ScheduleCPartIV/Explanation",6590,6246,"2011v1.2, 2011v1.5, 2011v1.3"
"/Return/ReturnData/IRS990EZ/InfoInScheduleOPartIV",6581,6581,"2011v1.3, 2011v1.2, 2011v1.5"
"/Return/ReturnData/IRS990ScheduleD/CurrentYearMinus1Year/AdministrativeExpenses",6530,6530,"2011v1.3, 2011v1.5, 2011v1.2"
"/Return/ReturnData/IRS990/ActivityOther/Grants",6525,4147,"2011v1.3, 2011v1.5, 2011v1.2"
"/Return/ReturnData/IRS990ScheduleF/PassiveForeignInvestCo",6509,6509,"2011v1.3, 2011v1.5, 2011v1.2"
"/Return/ReturnData/IRS990ScheduleF/OwnForeignCorp",6509,6509,"2011v1.3, 2011v1.2, 2011v1.5"
"/Return/ReturnData/IRS990ScheduleF/ForeignPartnership",6508,6508,"2011v1.3, 2011v1.5, 2011v1.2"
"/Return/ReturnData/IRS990ScheduleF/InterestInForeignTrust",6508,6508,"2011v1.2, 2011v1.5, 2011v1.3"
"/Return/ReturnData/IRS990ScheduleF/TransferToForeignCorp",6506,6506,"2011v1.5, 2011v1.2, 2011v1.3"
"/Return/ReturnData/IRS990ScheduleF/BoycottCountries",6502,6502,"2011v1.2, 2011v1.5, 2011v1.3"
"/Return/ReturnData/IRS990/AddressChange",6446,6446,"2011v1.3, 2011v1.2, 2011v1.5"
"/Return/ReturnData/IRS990/ForeignGrants/ProgramServices",6429,6429,"2011v1.2, 2011v1.5, 2011v1.3"
"/Return/ReturnData/IRS990/Form990PartVIISectionA/InstitutionalTrustee",6391,2525,"2011v1.5, 2011v1.3, 2011v1.2"
"/Return/ReturnData/IRS990ScheduleG/EventsInformation/RentFacilityCostsEvent2",6382,6382,"2011v1.3, 2011v1.2, 2011v1.5"
"/Return/ReturnData/IRS990/GamingDirectExpenses",6361,6361,"2011v1.5, 2011v1.4, 2011v1.2, 2011v1.3"
"/Return/ReturnData/IRS990ScheduleR/Form990ScheduleRPartIV/AddressForeign",6331,1690,"2011v1.3, 2011v1.5, 2011v1.2"
"/Return/ReturnData/IRS990ScheduleR/Form990ScheduleRPartIV/AddressForeign/Country",6331,1690,"2011v1.5, 2011v1.2, 2011v1.3"
"/Return/ReturnData/IRS990ScheduleR/Form990ScheduleRPartIV/AddressForeign/AddressLine1",6331,1690,"2011v1.5, 2011v1.2, 2011v1.3"
"/Return/ReturnData/IRS990ScheduleF/TotalAmountSpent",6294,6294,"2011v1.3, 2011v1.2, 2011v1.5"
"/Return/ReturnData/IRS990ScheduleK",6293,5677,"2011v1.2, 2011v1.5, 2011v1.3"
"/Return/ReturnData/IRS990ScheduleG/GamingInformation",6253,6253,"2011v1.3, 2011v1.2, 2011v1.5, 2011v1.4"
"/Return/ReturnData/IRS990ScheduleG/GamingWithNonmembers",6239,6239,"2011v1.5, 2011v1.4, 2011v1.2, 2011v1.3"
"/Return/ReturnData/IRS990ScheduleG/MemberOfOtherEntity",6192,6192,"2011v1.5, 2011v1.2, 2011v1.3"
"/Return/ReturnData/IRS990/PaymentsToAffiliates/ProgramServices",6165,6165,"2011v1.2, 2011v1.5, 2011v1.3"
"/Return/ReturnData/IRS990ScheduleD/CurrentYearMinus2Years/AdministrativeExpenses",6126,6126,"2011v1.5, 2011v1.2, 2011v1.3"
"/Return/ReturnData/IRS990ScheduleD/InvestmentExpensesNotIncluded",6112,6112,"2011v1.5, 2011v1.2, 2011v1.3"
"/Return/ReturnData/IRS990ScheduleD/InvestmentExpensesNotIncluded2",6108,6108,"2011v1.5, 2011v1.2, 2011v1.3"
"/Return/ReturnData/IRS990ScheduleG/StatesWhereGamingConducted",6108,5533,"2011v1.3, 2011v1.5, 2011v1.4, 2011v1.2"
"/Return/ReturnData/IRS990ScheduleG/FundraiserActivityInformation",6100,3851,"2011v1.3, 2011v1.2, 2011v1.5"
"/Return/ReturnData/IRS990ScheduleG/Licensed",6092,6092,"2011v1.2, 2011v1.5, 2011v1.3"
"/Return/ReturnData/IRS990ScheduleG/FundraiserActivityInformation/FundraiserControlOfFunds",6091,3844,"2011v1.3, 2011v1.2, 2011v1.5"
"/Return/ReturnData/IRS990/RoyaltiesRevenue/ExclusionAmount",6081,6081,"2011v1.3, 2011v1.2, 2011v1.5"
"/Return/ReturnData/IRS990/NetIncomeOrLoss/ExclusionAmount",6069,6069,"2011v1.2, 2011v1.5, 2011v1.3"
"/Return/ReturnData/IRS990/GroupExemptionNumber",6037,6037,"2011v1.2, 2011v1.5, 2011v1.4, 2011v1.3"
"/Return/ReturnData/IRS990ScheduleA/AmtsFromSubstContributors/CurrentTaxYearMinus3Years",6010,6010,"2011v1.3, 2011v1.2, 2011v1.5"
"/Return/ReturnData/IRS990ScheduleC/Form990ScheduleCPartIV/Identifier",5989,5763,"2011v1.5, 2011v1.2, 2011v1.3"
"/Return/ReturnData/IRS990/BenefitsToMembers/ProgramServices",5988,5988,"2011v1.3, 2011v1.2, 2011v1.5"
"/Return/ReturnData/IRS990ScheduleG/ContractWith3rdPartyForGamRev",5987,5987,"2011v1.3, 2011v1.2, 2011v1.5"
"/Return/ReturnData/IRS990ScheduleG/FundraiserActivityInformation/AmountRetainedByContractor",5984,3779,"2011v1.5, 2011v1.2, 2011v1.3"
"/Return/ReturnData/IRS990ScheduleG/EventsInformation/CharitableContribOtherEvents",5966,5966,"2011v1.3, 2011v1.2, 2011v1.5"
"/Return/ReturnData/IRS990ScheduleD/LeaseholdImprovements/InvestmentCostOrOtherBasis",5946,5946,"2011v1.2, 2011v1.5, 2011v1.3"
"/Return/ReturnData/IRS990ScheduleG/LicenseSuspendedEtc",5924,5924,"2011v1.5, 2011v1.2, 2011v1.3"
"/Return/ReturnData/IRS990/Form990PartVIISectionA/NameBusiness/BusinessNameLine1",5897,1522,"2011v1.2, 2011v1.5, 2011v1.3"
"/Return/ReturnData/IRS990/Form990PartVIISectionA/NameBusiness",5897,1522,"2011v1.3, 2011v1.2, 2011v1.5"
"/Return/ReturnData/IRS990ScheduleG/FundraiserActivityInformation/Activity",5886,3737,"2011v1.2, 2011v1.5, 2011v1.3"
"/Return/ReturnData/IRS990ScheduleF/SubtotalAmountSpent",5885,5885,"2011v1.5, 2011v1.2, 2011v1.3"
"/Return/ReturnData/IRS990/RentalIncomeOrLoss/Personal",5864,5864,"2011v1.2, 2011v1.5, 2011v1.3"
"/Return/ReturnData/IRS990ScheduleK/Form990ScheduleKPartII/AmountRetired",5824,3040,"2011v1.3, 2011v1.5, 2011v1.2"
"/Return/ReturnData/IRS990ScheduleR/Form990ScheduleRPartIII/CodeVAmount",5817,891,"2011v1.5, 2011v1.3, 2011v1.2"
"/Return/ReturnData/IRS990ScheduleK/Form990ScheduleKPartIII/PrcntgePrvtBusinessUseByOthers",5815,2737,"2011v1.3, 2011v1.2, 2011v1.5"
"/Return/ReturnData/IRS990ScheduleC/Form1120PolFiled",5771,5771,"2011v1.2, 2011v1.5, 2011v1.3"
"/Return/ReturnData/IRS990ScheduleG/CharitableDistribRequired",5758,5758,"2011v1.3, 2011v1.2, 2011v1.5, 2011v1.4"
"/Return/ReturnData/IRS990/TypeOfOrganizationTrust",5752,5752,"2011v1.2, 2011v1.5, 2011v1.3"
"/Return/ReturnData/IRS990ScheduleM/SecuritiesPubliclyTraded",5736,5736,"2011v1.5, 2011v1.2, 2011v1.3"
"/Return/ReturnData/IRS990/FeesForServicesInvstMgmntFees/ProgramServices",5735,5735,"2011v1.3, 2011v1.2, 2011v1.5"
"/Return/ReturnData/IRS990ScheduleR/Form990ScheduleRPartIV/AddressForeign/City",5680,1403,"2011v1.5, 2011v1.2, 2011v1.3"
"/Return/ReturnData/IRS990ScheduleG/EventsInformation/CashPrizesTotalEvents",5664,5664,"2011v1.3, 2011v1.2, 2011v1.5"
"/Return/ReturnData/IRS990ScheduleA/AmtsFromSubstContributors/CurrentTaxYearMinus4Years",5661,5661,"2011v1.5, 2011v1.2, 2011v1.3"
"/Return/ReturnData/IRS990ScheduleG/GamingInformation/GrossRevenueTotalGaming",5635,5635,"2011v1.3, 2011v1.2, 2011v1.5, 2011v1.4"
"/Return/ReturnData/IRS990ScheduleG/GamingInformation/NetGamingIncomeSummary",5619,5619,"2011v1.5, 2011v1.4, 2011v1.2, 2011v1.3"
"/Return/ReturnData/IRS990ScheduleK/Form990ScheduleKPartII/AmountInReserveFund",5595,2702,"2011v1.5, 2011v1.2, 2011v1.3"
"/Return/ReturnData/IRS990ScheduleG/FundraiserActivityInformation/NetToOrganization",5523,3529,"2011v1.3, 2011v1.5, 2011v1.2"
"/Return/ReturnData/IRS990ScheduleA/AmtsFromSubstContributors/CurrentTaxYearMinus2Years",5504,5504,"2011v1.3, 2011v1.5, 2011v1.2"
"/Return/ReturnData/IRS990/FinancialStatementBoth",5482,5482,"2011v1.5, 2011v1.2, 2011v1.3"
"/Return/ReturnData/IRS990EZ/GroupExemptionNumber",5464,5464,"2011v1.3, 2011v1.5, 2011v1.2"
"/Return/ReturnData/IRS990ScheduleF/Form990ScheduleFPartV",5436,4140,"2011v1.5, 2011v1.2, 2011v1.3"
"/Return/ReturnData/IRS990ScheduleF/Form990ScheduleFPartV/Explanation",5411,4133,"2011v1.3, 2011v1.5, 2011v1.2"
"/Return/ReturnData/IRS990ScheduleG/FundraiserActivityInformation/GrossReceipts",5409,3486,"2011v1.5, 2011v1.2, 2011v1.3"
"/Return/ReturnData/IRS990ScheduleA/AmtsFromSubstContributors/CurrentTaxYearMinus1Year",5408,5408,"2011v1.5, 2011v1.2, 2011v1.3"
"/Return/ReturnData/IRS990ScheduleF/GrantsToIndOutsideUS",5397,1297,"2011v1.5, 2011v1.2, 2011v1.3"
"/Return/ReturnData/IRS990ScheduleG/GamingInformation/DirectExpenseSummaryGaming",5396,5396,"2011v1.5, 2011v1.4, 2011v1.2, 2011v1.3"
"/Return/ReturnData/IRS990ScheduleF/TotalNumberOfEmployees",5379,5379,"2011v1.5, 2011v1.2, 2011v1.3"
"/Return/ReturnData/IRS990ScheduleC/Form990ScheduleCPartIV/ReturnReference",5370,5209,"2011v1.5, 2011v1.2, 2011v1.3"
"/Return/ReturnData/IRS990ScheduleF/GrantsToIndOutsideUS/TypeOfAssistance",5355,1280,"2011v1.3, 2011v1.2, 2011v1.5"
"/Return/ReturnData/IRS990ScheduleF/GrantsToIndOutsideUS/Region",5267,1278,"2011v1.2, 2011v1.5, 2011v1.3"
"/Return/ReturnData/IRS990ScheduleG/AddressOfGamingRecKeeperUS/ZIPCode",5260,5260,"2011v1.2, 2011v1.3, 2011v1.5, 2011v1.4"
"/Return/ReturnData/IRS990ScheduleG/AddressOfGamingRecKeeperUS/City",5260,5260,"2011v1.3, 2011v1.2, 2011v1.5, 2011v1.4"
"/Return/ReturnData/IRS990ScheduleK/Form990ScheduleKPartIII/TotalPrivateBusinessUse",5260,2564,"2011v1.3, 2011v1.5, 2011v1.2"
"/Return/ReturnData/IRS990ScheduleG/MailSolicitations",5260,5260,"2011v1.3, 2011v1.2, 2011v1.5"
"/Return/ReturnData/IRS990ScheduleG/AddressOfGamingRecKeeperUS/State",5260,5260,"2011v1.3, 2011v1.2, 2011v1.5, 2011v1.4"
"/Return/ReturnData/IRS990ScheduleG/AddressOfGamingRecKeeperUS/AddressLine1",5260,5260,"2011v1.3, 2011v1.2, 2011v1.5, 2011v1.4"
"/Return/ReturnData/IRS990ScheduleG/AddressOfGamingRecKeeperUS",5260,5260,"2011v1.3, 2011v1.5, 2011v1.4, 2011v1.2"
"/Return/ReturnData/IRS990/CompDisqualPersons/ProgramServices",5257,5257,"2011v1.3, 2011v1.2, 2011v1.5"
"/Return/ReturnData/IRS990ScheduleM/Form990ScheduleMPartII",5250,4090,"2011v1.5, 2011v1.2, 2011v1.3"
"/Return/ReturnData/IRS990ScheduleA/AmtsFromSubstContributors/CurrentTaxYear",5233,5233,"2011v1.5, 2011v1.2, 2011v1.3"
"/Return/ReturnData/IRS990ScheduleF/TotalNumberOfOffices",5223,5223,"2011v1.3, 2011v1.2, 2011v1.5"
"/Return/ReturnData/IRS990ScheduleA/GrossReceiptsFromNonUBI/CurrentTaxYearMinus3Years",5185,5185,"2011v1.3, 2011v1.2, 2011v1.5"
"/Return/ReturnData/IRS990ScheduleM/SecuritiesPubliclyTraded/NonCashCheckbox",5101,5101,"2011v1.3, 2011v1.2, 2011v1.5"
"/Return/ReturnData/IRS990ScheduleC/TotalLobbyingExpendituresIIB",5093,5093,"2011v1.3, 2011v1.5, 2011v1.2"
"/Return/ReturnData/IRS990ScheduleF/GrantsToIndOutsideUS/NumberOfRecipients",5085,1211,"2011v1.5, 2011v1.3, 2011v1.2"
"/Return/ReturnData/IRS990ScheduleM/Form990ScheduleMPartII/Explanation",5081,4042,"2011v1.3, 2011v1.2, 2011v1.5"
"/Return/ReturnData/IRS990ScheduleM/SecuritiesPubliclyTraded/NumberOfContributions",5078,5078,"2011v1.3, 2011v1.2, 2011v1.5"
"/Return/ReturnData/IRS990ScheduleM/SecuritiesPubliclyTraded/NoncashContribsRptdF990",5071,5071,"2011v1.5, 2011v1.2, 2011v1.3"
"/Return/ReturnData/IRS990ScheduleG/FundraiserActivityInformation/AddressUS/ZIPCode",5041,3261,"2011v1.3, 2011v1.2, 2011v1.5"
"/Return/ReturnData/IRS990ScheduleG/FundraiserActivityInformation/AddressUS/State",5041,3261,"2011v1.2, 2011v1.3, 2011v1.5"
"/Return/ReturnData/IRS990ScheduleG/FundraiserActivityInformation/AddressUS/AddressLine1",5041,3261,"2011v1.3, 2011v1.2, 2011v1.5"
"/Return/ReturnData/IRS990ScheduleG/FundraiserActivityInformation/AddressUS",5041,3261,"2011v1.5, 2011v1.3, 2011v1.2"
"/Return/ReturnData/IRS990ScheduleG/FundraiserActivityInformation/AddressUS/City",5041,3261,"2011v1.3, 2011v1.2, 2011v1.5"
"/Return/ReturnData/IRS990/FeesForServicesManagement/Fundraising",5036,5036,"2011v1.3, 2011v1.2, 2011v1.5"
"/Return/ReturnData/IRS990ScheduleF/SubtotalNumberOfEmployees",5022,5022,"2011v1.2, 2011v1.5, 2011v1.3"
"/Return/ReturnData/IRS990ScheduleM/Form990ScheduleMPartII/Identifier",5018,4036,"2011v1.2, 2011v1.5, 2011v1.3"
"/Return/ReturnData/IRS990ScheduleC/Form4720Filed4955Tax",4989,4989,"2011v1.2, 2011v1.5, 2011v1.3"
"/Return/ReturnData/IRS990ScheduleD/CurrentYear/GrantsOrScholarships",4989,4989,"2011v1.3, 2011v1.5, 2011v1.2"
"/Return/ReturnData/IRS990ScheduleC/CorrectionMade",4908,4908,"2011v1.2, 2011v1.5, 2011v1.3"
"/Return/ReturnData/IRS990/NetRentalIncomeOrLoss/UnrelatedBusinessRevenue",4894,4894,"2011v1.3, 2011v1.5, 2011v1.2"
"/Return/ReturnData/IRS990ScheduleD/CurrentYearMinus1Year/GrantsOrScholarships",4853,4853,"2011v1.3, 2011v1.2, 2011v1.5"
"/Return/ReturnData/IRS990ScheduleF/SubtotalNumberOfOffices",4843,4843,"2011v1.3, 2011v1.2, 2011v1.5"
"/Return/ReturnData/IRS990ScheduleK/Form990ScheduleKPartIII/PercentageOfPrvtBusinessReUBI",4814,2345,"2011v1.5, 2011v1.2, 2011v1.3"
"/Return/ReturnData/IRS990ScheduleM/Form990ScheduleMPartII/ReturnReference",4779,3716,"2011v1.2, 2011v1.5, 2011v1.3"
"/Return/ReturnData/IRS990ScheduleM/SecuritiesPubliclyTraded/MethodOfDeterminingRevenues",4762,4762,"2011v1.3, 2011v1.2, 2011v1.5"
"/Return/ReturnData/IRS990ScheduleG/EventsInformation/FoodAndBeverageOtherEvents",4753,4753,"2011v1.3, 2011v1.5, 2011v1.2"
"/Return/ReturnData/IRS990ScheduleC/Form4720Filed4912Tax",4729,4729,"2011v1.3, 2011v1.2, 2011v1.5"
"/Return/ReturnData/IRS990/CompDisqualPersons/ManagementAndGeneral",4713,4713,"2011v1.5, 2011v1.2, 2011v1.3"
"/Return/ReturnData/IRS990ScheduleG/EventsInformation/CashPrizesEvent1",4699,4699,"2011v1.5, 2011v1.2, 2011v1.3"
"/Return/ReturnData/IRS990ScheduleG/InPersonSolicitations",4688,4688,"2011v1.3, 2011v1.5, 2011v1.2"
"/Return/ReturnData/IRS990ScheduleG/GamingInformation/OtherDirectExpensesTotalGaming",4677,4677,"2011v1.2, 2011v1.5, 2011v1.3"
"/Return/ReturnData/IRS990ScheduleK/Form990ScheduleKPartII/OtherSpentProceeds",4677,2327,"2011v1.5, 2011v1.2, 2011v1.3"
"/Return/ReturnData/IRS990/MiscellaneousRevenue/ExclusionAmount",4656,4656,"2011v1.5, 2011v1.2, 2011v1.3"
"/Return/ReturnData/IRS990ScheduleD/CurrentYearMinus2Years/GrantsOrScholarships",4648,4648,"2011v1.2, 2011v1.3, 2011v1.5"
"/Return/ReturnData/IRS990ScheduleC/Form4720Filed",4594,4594,"2011v1.3, 2011v1.2, 2011v1.5"
"/Return/ReturnData/IRS990ScheduleF/GrantsToIndOutsideUS/AmountOfCashGrant",4592,1119,"2011v1.2, 2011v1.3, 2011v1.5"
"/Return/ReturnData/IRS990ScheduleF/Form990ScheduleFPartV/Identifier",4579,3670,"2011v1.5, 2011v1.2, 2011v1.3"
"/Return/ReturnData/IRS990/PaymentsToAffiliates/ManagementAndGeneral",4538,4538,"2011v1.3, 2011v1.5, 2011v1.2"
"/Return/ReturnData/IRS990ScheduleA/GrossReceiptsFromNonUBI/CurrentTaxYearMinus4Years",4536,4536,"2011v1.5, 2011v1.2, 2011v1.3"
"/Return/ReturnData/IRS990ScheduleD/CurrentYearMinus3Years/AdministrativeExpenses",4487,4487,"2011v1.5, 2011v1.2, 2011v1.3"
"/Return/ReturnData/IRS990ScheduleG/GamingInformation/VolunteerLaborOtherGaming",4446,4446,"2011v1.3, 2011v1.2, 2011v1.5, 2011v1.4"
"/Return/ReturnData/IRS990ScheduleA/FactsAndCircumstancesTest",4439,4439,"2011v1.3, 2011v1.5, 2011v1.2"
"/Return/ReturnData/IRS990ScheduleG/NameOfGamingRecKeeperPerson",4360,4360,"2011v1.5, 2011v1.4, 2011v1.2, 2011v1.3"
"/Return/ReturnData/IRS990ScheduleC/TotalExemptPurposeExpenditures",4313,4313,"2011v1.2, 2011v1.5, 2011v1.3"
"/Return/ReturnData/IRS990ScheduleC/LobbyingNontaxableAmount",4311,4311,"2011v1.3, 2011v1.5, 2011v1.2"
"/Return/ReturnData/IRS990ScheduleC/GrassrootsNontaxableAmount",4311,4311,"2011v1.2, 2011v1.5, 2011v1.3"
"/Return/ReturnData/IRS990ScheduleI/NoGrantMoreThan5000",4295,4295,"2011v1.3, 2011v1.2, 2011v1.5"
"/Return/ReturnData/IRS990ScheduleF/GrantsToIndOutsideUS/MannerOfCashDisbursement",4257,1029,"2011v1.5, 2011v1.3, 2011v1.2"
"/Return/ReturnData/IRS990ScheduleD/PriorPeriodAdjustments",4256,4256,"2011v1.3, 2011v1.2, 2011v1.5"
"/Return/ReturnData/IRS990ScheduleM/ClothingAndHouseholdGoods",4206,4206,"2011v1.5, 2011v1.3, 2011v1.2"
"/Return/ReturnData/IRS990/TypeOfOrganizationOther",4196,4196,"2011v1.2, 2011v1.5, 2011v1.3"
"/Return/ReturnData/IRS990ScheduleC/OtherExemptPurposeExpenditures",4173,4173,"2011v1.2, 2011v1.5, 2011v1.3"
"/Return/ReturnData/IRS990/TotalOthProgramServiceRevenue/UnrelatedBusinessRevenue",4155,4155,"2011v1.3, 2011v1.5, 2011v1.2"
"/Return/ReturnData/IRS990ScheduleK/Form990ScheduleKPartII/RefundingEscrow",4155,2049,"2011v1.2, 2011v1.3, 2011v1.5"
"/Return/ReturnData/IRS990ScheduleC/TotalLobbyingExpenditures",4151,4151,"2011v1.2, 2011v1.5, 2011v1.3"
"/Return/ReturnData/IRS990/FeesForServicesLobbying/ProgramServices",4150,4150,"2011v1.3, 2011v1.5, 2011v1.2"
"/Return/ReturnData/IRS990/FeesForServicesLobbying/ManagementAndGeneral",4123,4123,"2011v1.5, 2011v1.2, 2011v1.3"
"/Return/ReturnData/IRS990ScheduleF/GrantRecordsMaintained",4060,4060,"2011v1.5, 2011v1.2, 2011v1.3"
"/Return/ReturnData/IRS990ScheduleG/FundraiserActivityInformation/NameOfOrganization/BusinessNameLine1",4059,2660,"2011v1.3, 2011v1.5, 2011v1.2"
"/Return/ReturnData/IRS990ScheduleG/FundraiserActivityInformation/NameOfOrganization",4059,2660,"2011v1.2, 2011v1.5, 2011v1.3"
"/Return/ReturnData/IRS990/TotalOthProgramServiceRevenue/ExclusionAmount",4028,4028,"2011v1.5, 2011v1.2, 2011v1.3"
"/Return/ReturnData/IRS990EZ/AddressChange",4020,4020,"2011v1.2, 2011v1.5, 2011v1.3"
"/Return/ReturnData/IRS990ScheduleK/Form990ScheduleKPartII/CapitalizedInterest",4013,1905,"2011v1.2, 2011v1.5, 2011v1.3"
"/Return/ReturnData/IRS990ScheduleG/GamingInformation/VolunteerLaborPullTabs",3945,3945,"2011v1.3, 2011v1.2, 2011v1.5, 2011v1.4"
"/Return/ReturnData/IRS990ScheduleC/TotalDirectLobbying",3909,3909,"2011v1.2, 2011v1.5, 2011v1.3"
"/Return/ReturnData/IRS990ScheduleG/GamingInformation/VolunteerLaborBingo",3889,3889,"2011v1.3, 2011v1.5, 2011v1.4, 2011v1.2"
"/Return/ReturnData/IRS990ScheduleK/Form990ScheduleKPartII/AmountUnspent",3880,1871,"2011v1.2, 2011v1.5, 2011v1.3"
"/Return/ReturnData/IRS990ScheduleG/EmailSolicitations",3868,3868,"2011v1.5, 2011v1.2, 2011v1.3"
"/Return/ReturnData/IRS990ScheduleH/Form990ScheduleHPartVSectionA/Name/BusinessNameLine1",3868,2475,"2011v1.5, 2011v1.2, 2011v1.3"
"/Return/ReturnData/IRS990ScheduleH/Form990ScheduleHPartVSectionA",3868,2475,"2011v1.5, 2011v1.2, 2011v1.3"
"/Return/ReturnData/IRS990ScheduleH/Form990ScheduleHPartVSectionA/FacilityNumber",3868,2475,"2011v1.2, 2011v1.5, 2011v1.3"
"/Return/ReturnData/IRS990ScheduleH/Form990ScheduleHPartVSectionA/Name",3868,2475,"2011v1.2, 2011v1.3, 2011v1.5"
"/Return/ReturnData/IRS990ScheduleH/Form990ScheduleHPartVSectionA/Address/City",3866,2473,"2011v1.2, 2011v1.3, 2011v1.5"
"/Return/ReturnData/IRS990ScheduleH/Form990ScheduleHPartVSectionA/Address/AddressLine1",3866,2473,"2011v1.2, 2011v1.5, 2011v1.3"
"/Return/ReturnData/IRS990ScheduleH/Form990ScheduleHPartVSectionA/Address/State",3866,2473,"2011v1.2, 2011v1.5, 2011v1.3"
"/Return/ReturnData/IRS990ScheduleH/Form990ScheduleHPartVSectionA/Address",3866,2473,"2011v1.3, 2011v1.5, 2011v1.2"
"/Return/ReturnData/IRS990ScheduleH/Form990ScheduleHPartVSectionA/Address/ZIPCode",3866,2473,"2011v1.2, 2011v1.5, 2011v1.3"
"/Return/ReturnData/IRS990/NetIncomeFromGaming/ExclusionAmount",3858,3858,"2011v1.3, 2011v1.2, 2011v1.5"
"/Return/ReturnData/IRS990ScheduleM/FoodInventory",3851,3851,"2011v1.5, 2011v1.2, 2011v1.3"
"/Return/ReturnData/IRS990/RoyaltiesRevenue/RelatedOrExemptFunctionIncome",3834,3834,"2011v1.2, 2011v1.5, 2011v1.3"
"/Return/ReturnData/IRS990ScheduleK/Form990ScheduleKPartII/CreditEnhancement",3817,1838,"2011v1.3, 2011v1.2, 2011v1.5"
"/Return/ReturnData/IRS990ScheduleA/NetUBI/CurrentTaxYearMinus1Year",3815,3815,"2011v1.5, 2011v1.2, 2011v1.3"
"/Return/ReturnData/IRS990ScheduleK/Form990ScheduleKPartII/WorkingCapitalExpenditures",3806,1754,"2011v1.3, 2011v1.2, 2011v1.5"
"/Return/ReturnData/IRS990ScheduleA/NetUBI/CurrentTaxYear",3788,3788,"2011v1.5, 2011v1.2, 2011v1.3"
"/Return/ReturnData/IRS990ScheduleD/CurrentYearMinus3Years/GrantsOrScholarships",3783,3783,"2011v1.2, 2011v1.5, 2011v1.3"
"/Return/ReturnData/IRS990/NetIncomeOrLoss/UnrelatedBusinessRevenue",3782,3782,"2011v1.3, 2011v1.2, 2011v1.5"
"/Return/ReturnData/IRS990ScheduleG/TotalRetainedByContractors",3763,3763,"2011v1.5, 2011v1.2, 2011v1.3"
"/Return/ReturnData/IRS990ScheduleA/Hospital170b1Aiii",3748,3748,"2011v1.2, 2011v1.3, 2011v1.5"
"/Return/ReturnData/IRS990ScheduleK/Form990ScheduleKPartIV/NameOfHedgeProvider/BusinessNameLine1",3743,2001,"2011v1.3, 2011v1.5, 2011v1.2"
"/Return/ReturnData/IRS990ScheduleK/Form990ScheduleKPartIV/NameOfHedgeProvider",3743,2001,"2011v1.5, 2011v1.3, 2011v1.2"
"/Return/ReturnData/IRS990ScheduleG/GamingInformation/CashPrizesTotalGaming",3711,3711,"2011v1.5, 2011v1.4, 2011v1.2, 2011v1.3"
"/Return/ReturnData/IRS990ScheduleH/Form990ScheduleHPartVSectionB/HospitalFacilityNumber",3691,2379,"2011v1.2, 2011v1.5, 2011v1.3"
"/Return/ReturnData/IRS990ScheduleH/Form990ScheduleHPartVSectionB/HospitalFacilityName/BusinessNameLine1",3691,2379,"2011v1.5, 2011v1.2, 2011v1.3"
"/Return/ReturnData/IRS990ScheduleH/Form990ScheduleHPartVSectionB/HospitalFacilityName",3691,2379,"2011v1.2, 2011v1.5, 2011v1.3"
"/Return/ReturnData/IRS990ScheduleH/Form990ScheduleHPartVSectionB",3691,2379,"2011v1.2, 2011v1.5, 2011v1.3"
"/Return/ReturnData/IRS990ScheduleF/ContAmountSpent",3646,3646,"2011v1.5, 2011v1.2, 2011v1.3"
"/Return/ReturnData/IRS990ScheduleG/EventsInformation/EntertainmentEvent2",3637,3637,"2011v1.2, 2011v1.5, 2011v1.3"
"/Return/ReturnData/IRS990ScheduleF/ContNumberOfEmployees",3622,3622,"2011v1.5, 2011v1.2, 2011v1.3"
"/Return/ReturnData/IRS990ScheduleF/ContNumberOfOffices",3613,3613,"2011v1.5, 2011v1.2, 2011v1.3"
"/Return/ReturnData/IRS990ScheduleD/TotalOfBookValueProgramRelated",3599,3599,"2011v1.2, 2011v1.5, 2011v1.3"
"/Return/ReturnData/IRS990ScheduleG/SolicitationOfNonGovtGrants",3571,3571,"2011v1.3, 2011v1.5, 2011v1.2"
"/Return/ReturnData/IRS990ScheduleH/Form990ScheduleHPartVSectionB/EligibilityCriteriaExplained",3528,2345,"2011v1.3, 2011v1.5, 2011v1.2"
"/Return/ReturnData/IRS990ScheduleH/Form990ScheduleHPartVSectionB/UsesFPGDiscounted",3528,2345,"2011v1.3, 2011v1.2, 2011v1.5"
"/Return/ReturnData/IRS990ScheduleH/Form990ScheduleHPartVSectionB/AmountsGenerallyBilled",3527,2344,"2011v1.3, 2011v1.5, 2011v1.2"
"/Return/ReturnData/IRS990ScheduleH/Form990ScheduleHPartVSectionB/ActionsOnNonpayment",3527,2344,"2011v1.3, 2011v1.5, 2011v1.2"
"/Return/ReturnData/IRS990ScheduleH/Form990ScheduleHPartVSectionB/UsesFPGFree",3526,2343,"2011v1.3, 2011v1.2, 2011v1.5"
"/Return/ReturnData/IRS990ScheduleH/Form990ScheduleHPartVSectionB/ExplainsApplicationMethod",3526,2343,"2011v1.3, 2011v1.5, 2011v1.2"
"/Return/ReturnData/IRS990ScheduleH/Form990ScheduleHPartVSectionB/NondiscrimEmergencyCarePolicy",3525,2344,"2011v1.2, 2011v1.5, 2011v1.3"
"/Return/ReturnData/IRS990ScheduleH/Form990ScheduleHPartVSectionB/GrossCharges",3523,2341,"2011v1.3, 2011v1.5, 2011v1.2"
"/Return/ReturnData/IRS990ScheduleG/EventsInformation/NonCashPrizesEvent2",3522,3522,"2011v1.3, 2011v1.5, 2011v1.2"
"/Return/ReturnData/IRS990ScheduleH/Form990ScheduleHPartVSectionB/ExplainsBasis",3522,2341,"2011v1.5, 2011v1.2, 2011v1.3"
"/Return/ReturnData/IRS990ScheduleH/Form990ScheduleHPartVSectionB/IncludesPublicityMeasures",3520,2340,"2011v1.3, 2011v1.2, 2011v1.5"
"/Return/ReturnData/IRS990ScheduleA/NetIncomeFromOtherUBI/CurrentTaxYearMinus1Year",3519,3519,"2011v1.3, 2011v1.5, 2011v1.2"
"/Return/ReturnData/IRS990ScheduleG/TotalNetToOrganization",3514,3514,"2011v1.3, 2011v1.2, 2011v1.5"
"/Return/ReturnData/IRS990ScheduleL/Form990ScheduleLPartV",3513,2596,"2011v1.3, 2011v1.5, 2011v1.2"
"/Return/ReturnData/IRS990ScheduleH/Form990ScheduleHPartVSectionB/CollectionActivities",3494,2335,"2011v1.5, 2011v1.2, 2011v1.3"
"/Return/ReturnData/IRS990ScheduleL/Form990ScheduleLPartV/Explanation",3489,2586,"2011v1.5, 2011v1.2, 2011v1.3"
"/Return/ReturnData/IRS990/IncomeFromInvestBondProceeds/ExclusionAmount",3486,3486,"2011v1.5, 2011v1.2, 2011v1.3"
"/Return/ReturnData/IRS990ScheduleC/TotLobbyExpendMnsLobbyingNontx",3483,3483,"2011v1.5, 2011v1.3, 2011v1.2"
"/Return/ReturnData/IRS990ScheduleG/PhoneSolicitations",3477,3477,"2011v1.5, 2011v1.2, 2011v1.3"
"/Return/ReturnData/IRS990ScheduleA/NetIncomeFromOtherUBI/CurrentTaxYear",3462,3462,"2011v1.5, 2011v1.2, 2011v1.3"
"/Return/ReturnData/IRS990ScheduleH/Form990ScheduleHPartVSectionA/LicensedHospital",3461,2411,"2011v1.5, 2011v1.2, 2011v1.3"
"/Return/ReturnData/IRS990/TheBooksAreInCareOf/AddressUS/AddressLine2",3461,3461,"2011v1.2, 2011v1.3, 2011v1.5"
"/Return/ReturnData/IRS990ScheduleC/TotLobbyingGrassrootMinusNonTx",3448,3448,"2011v1.2, 2011v1.5, 2011v1.3"
"/Return/ReturnData/IRS990ScheduleA/NetUBI/CurrentTaxYearMinus2Years",3443,3443,"2011v1.5, 2011v1.2, 2011v1.3"
"/Return/ReturnData/IRS990/CompDisqualPersons/Fundraising",3420,3420,"2011v1.5, 2011v1.3, 2011v1.2"
"/Return/ReturnData/IRS990/FeesForServicesInvstMgmntFees/Fundraising",3417,3417,"2011v1.5, 2011v1.2, 2011v1.3"
"/Return/ReturnData/IRS990ScheduleC/DuesAssessments",3411,3411,"2011v1.3, 2011v1.2, 2011v1.5"
"/Return/ReturnData/IRS990ScheduleG/EventsInformation/RentFacilityCostsOtherEvents",3337,3337,"2011v1.5, 2011v1.2, 2011v1.3"
"/Return/ReturnData/IRS990ScheduleH/Form990ScheduleHPartVSectionB/FPGFreePercent",3333,2194,"2011v1.2, 2011v1.5, 2011v1.3"
"/Return/ReturnData/IRS990/Royalties/ProgramServices",3319,3319,"2011v1.2, 2011v1.5, 2011v1.3"
"/Return/ReturnData/IRS990ScheduleC/Sec527PolOrgs/NameOf527Organization/BusinessNameLine1",3312,957,"2011v1.5, 2011v1.3, 2011v1.2"
"/Return/ReturnData/IRS990ScheduleC/Sec527PolOrgs/NameOf527Organization",3312,957,"2011v1.3, 2011v1.5, 2011v1.2"
"/Return/ReturnData/IRS990ScheduleC/Sec527PolOrgs",3312,957,"2011v1.2, 2011v1.3, 2011v1.5"
"/Return/ReturnData/IRS990ScheduleC/Sec527PolOrgs/AddressUS/State",3311,957,"2011v1.3, 2011v1.2, 2011v1.5"
"/Return/ReturnData/IRS990ScheduleC/Sec527PolOrgs/AddressUS/AddressLine1",3311,957,"2011v1.3, 2011v1.2, 2011v1.5"
"/Return/ReturnData/IRS990ScheduleC/Sec527PolOrgs/AddressUS",3311,957,"2011v1.2, 2011v1.5, 2011v1.3"
"/Return/ReturnData/IRS990ScheduleC/Sec527PolOrgs/AddressUS/ZIPCode",3311,957,"2011v1.2, 2011v1.3, 2011v1.5"
"/Return/ReturnData/IRS990ScheduleC/Sec527PolOrgs/AddressUS/City",3311,957,"2011v1.2, 2011v1.5, 2011v1.3"
"/Return/ReturnData/IRS990ScheduleK/Form990ScheduleKPartII/AmountBondDefeased",3265,1452,"2011v1.5, 2011v1.3, 2011v1.2"
"/Return/ReturnData/IRS990ScheduleA/NetIncomeFromOtherUBI/CurrentTaxYearMinus2Years",3254,3254,"2011v1.5, 2011v1.2, 2011v1.3"
"/Return/ReturnData/IRS990/NameOfPrincipalOfficerBusiness",3167,3167,"2011v1.3, 2011v1.2, 2011v1.5"
"/Return/ReturnData/IRS990/NameOfPrincipalOfficerBusiness/BusinessNameLine1",3167,3167,"2011v1.2, 2011v1.5, 2011v1.3"
"/Return/ReturnData/IRS990ScheduleH/Form990ScheduleHPartVSectionB/IncomeLevel",3154,2074,"2011v1.3, 2011v1.5, 2011v1.2"
"/Return/ReturnData/IRS990/TypeOfOrgOtherDescription",3133,3133,"2011v1.3, 2011v1.5, 2011v1.2"
"/Return/ReturnData/IRS990/MiscellaneousRevenue/UnrelatedBusinessRevenue",3097,3097,"2011v1.5, 2011v1.2, 2011v1.3"
"/Return/ReturnData/IRS990ScheduleH/Form990ScheduleHPartVSectionB/FPGDiscountPercent",3096,2037,"2011v1.3, 2011v1.5, 2011v1.2"
"/Return/ReturnData/IRS990ScheduleD/CollectUsedForPublicExhibition",3096,3096,"2011v1.5, 2011v1.3, 2011v1.2"
"/Return/ReturnData/IRS990ScheduleR/Form990ScheduleRPartVII",3092,2564,"2011v1.3, 2011v1.2, 2011v1.5"
"/Return/ReturnData/IRS990/InfoInScheduleOPartV",3092,3092,"2011v1.2, 2011v1.5, 2011v1.3"
"/Return/ReturnData/IRS990/RoyaltiesRevenue/UnrelatedBusinessRevenue",3087,3087,"2011v1.3, 2011v1.2, 2011v1.5"
"/Return/ReturnData/IRS990ScheduleR/Form990ScheduleRPartVII/Explanation",3087,2560,"2011v1.3, 2011v1.5, 2011v1.2"
"/Return/ReturnData/IRS990ScheduleA/ValueSrvcFcltsFurnishedByGovt/CurrentTaxYearMinus1Year",3070,3070,"2011v1.2, 2011v1.5, 2011v1.3"
"/Return/ReturnData/IRS990ScheduleG/GamingInformation/GrossRevenueOtherGaming",3068,3068,"2011v1.2, 2011v1.3, 2011v1.5"
"/Return/ReturnData/IRS990ScheduleA/ValueSrvcFcltsFurnishedByGovt/CurrentTaxYearMinus2Years",3062,3062,"2011v1.3, 2011v1.2, 2011v1.5"
"/Return/ReturnData/IRS990/MethodOfAccountingOther",3062,3062,"2011v1.5, 2011v1.2, 2011v1.3"
"/Return/ReturnData/IRS990ScheduleG/TotalGrossReceipts",3061,3061,"2011v1.5, 2011v1.2, 2011v1.3"
"/Return/ReturnData/IRS990ScheduleM/ClothingAndHouseholdGoods/NoncashContribsRptdF990",3052,3052,"2011v1.2, 2011v1.5, 2011v1.3"
"/Return/ReturnData/IRS990ScheduleR/Form990ScheduleRPartIV/AddressForeign/PostalCode",3049,849,"2011v1.2, 2011v1.5, 2011v1.3"
"/Return/ReturnData/IRS990ScheduleR/Form990ScheduleRPartIV/AddressForeign/ProvinceOrState",3046,986,"2011v1.5, 2011v1.2, 2011v1.3"
"/Return/ReturnData/IRS990/IncomeFromInvestBondProceeds/RelatedOrExemptFunctionIncome",3032,3032,"2011v1.3, 2011v1.2, 2011v1.5"
"/Return/ReturnData/IRS990ScheduleM/ClothingAndHouseholdGoods/NonCashCheckbox",3028,3028,"2011v1.5, 2011v1.3, 2011v1.2"
"/Return/ReturnData/IRS990ScheduleJ/ClubDuesOrFees",3020,3020,"2011v1.3, 2011v1.2, 2011v1.5"
"/Return/ReturnData/ReasonableCauseExplanation",3015,3015,"2011v1.5, 2011v1.3, 2011v1.2"
"/Return/ReturnData/ReasonableCauseExplanation/Explanation",3015,3015,"2011v1.5, 2011v1.2, 2011v1.3"
"/Return/ReturnData/IRS990ScheduleA/NetUBI/CurrentTaxYearMinus3Years",3010,3010,"2011v1.3, 2011v1.5, 2011v1.2"
"/Return/ReturnData/IRS990ScheduleC/LobbyingNontaxableAmount2",3007,3007,"2011v1.5, 2011v1.2, 2011v1.3"
"/Return/ReturnData/IRS990ScheduleA/ValueSrvcFcltsFurnishedByGovt/CurrentTaxYearMinus3Years",3005,3005,"2011v1.3, 2011v1.2, 2011v1.5"
"/Return/ReturnData/IRS990ScheduleC/LobbyingNontaxableAmount2/Total",2997,2997,"2011v1.2, 2011v1.5, 2011v1.3"
"/Return/ReturnData/IRS990ScheduleC/LobbyingCeilingAmount",2996,2996,"2011v1.3, 2011v1.2, 2011v1.5"
"/Return/ReturnData/IRS990ScheduleM/NumberOf8283Received",2994,2994,"2011v1.2, 2011v1.5, 2011v1.3"
"/Return/ReturnData/IRS990ScheduleC/GrassrootsNontaxableAmount2",2992,2992,"2011v1.3, 2011v1.2, 2011v1.5"
"/Return/ReturnData/IRS990EZ/OfficerDirectorTrusteeKeyEmpl/BusinessName/BusinessNameLine1",2989,991,"2011v1.3, 2011v1.2, 2011v1.5"
"/Return/ReturnData/IRS990EZ/OfficerDirectorTrusteeKeyEmpl/BusinessName",2989,991,"2011v1.2, 2011v1.3, 2011v1.5"
"/Return/ReturnData/IRS990ScheduleH/Form990ScheduleHPartVSectionB/AvailableOnRequest",2984,2001,"2011v1.2, 2011v1.3, 2011v1.5"
"/Return/ReturnData/IRS990ScheduleC/GrassrootsNontaxableAmount2/Total",2980,2980,"2011v1.3, 2011v1.2, 2011v1.5"
"/Return/ReturnData/IRS990ScheduleC/GrassrootsCeilingAmount",2980,2980,"2011v1.2, 2011v1.5, 2011v1.3"
"/Return/ReturnData/IRS990ScheduleC/TotalGrassrootsLobbying",2958,2958,"2011v1.2, 2011v1.5, 2011v1.3"
"/Return/ReturnData/IRS990ScheduleA/ValueSrvcFcltsFurnishedByGovt/CurrentTaxYear",2942,2942,"2011v1.5, 2011v1.2, 2011v1.3"
"/Return/ReturnData/IRS990ScheduleC/TotalExemptPurposeExpenditures/FilingOrganizationsTotals",2931,2931,"2011v1.5, 2011v1.2, 2011v1.3"
"/Return/ReturnData/IRS990ScheduleC/GrassrootsNontaxableAmount/FilingOrganizationsTotals",2930,2930,"2011v1.2, 2011v1.5, 2011v1.3"
"/Return/ReturnData/IRS990ScheduleC/LobbyingNontaxableAmount/FilingOrganizationsTotals",2930,2930,"2011v1.2, 2011v1.5, 2011v1.3"
"/Return/ReturnData/IRS990ScheduleK/Form990ScheduleKPartIV/NameOfGICProvider/BusinessNameLine1",2929,1312,"2011v1.3, 2011v1.2, 2011v1.5"
"/Return/ReturnData/IRS990ScheduleK/Form990ScheduleKPartIV/NameOfGICProvider",2929,1312,"2011v1.2, 2011v1.5, 2011v1.3"
"/Return/ReturnData/IRS990/NetIncomeFromGaming/RelatedOrExemptFunctionIncome",2927,2927,"2011v1.5, 2011v1.2, 2011v1.3"
"/Return/ReturnData/IRS990ScheduleA/NetIncomeFromOtherUBI/CurrentTaxYearMinus3Years",2921,2921,"2011v1.2, 2011v1.3, 2011v1.5"
"/Return/ReturnData/IRS990/IncomeFromInvestBondProceeds/UnrelatedBusinessRevenue",2913,2913,"2011v1.5, 2011v1.2, 2011v1.3"
"/Return/ReturnData/IRS990ScheduleH/Form990ScheduleHPartVSectionA/Er24Hours",2878,2103,"2011v1.2, 2011v1.3, 2011v1.5"
"/Return/ReturnData/IRS990ScheduleG/EventsInformation/EntertainmentOtherEvents",2878,2878,"2011v1.2, 2011v1.5, 2011v1.3"
"/Return/ReturnData/IRS990ScheduleA/ValueSrvcFcltsFurnishedByGovt/CurrentTaxYearMinus4Years",2870,2870,"2011v1.3, 2011v1.5, 2011v1.2"
"/Return/ReturnData/IRS990ScheduleC/TotalLobbyingExpenditures2",2867,2867,"2011v1.2, 2011v1.5, 2011v1.3"
"/Return/ReturnData/IRS990/InitiationFeesAmount",2863,2863,"2011v1.2, 2011v1.5, 2011v1.3"
"/Return/ReturnData/IRS990ScheduleA/NetUBI/CurrentTaxYearMinus4Years",2857,2857,"2011v1.3, 2011v1.5, 2011v1.2"
"/Return/ReturnData/IRS990ScheduleC/LobbyingNontaxableAmount2/CurrentYear",2842,2842,"2011v1.3, 2011v1.2, 2011v1.5"
"/Return/ReturnData/IRS990ScheduleD/DonatedServicesAndFacilities",2836,2836,"2011v1.2, 2011v1.5, 2011v1.3"
"/Return/ReturnData/IRS990ScheduleC/GrassrootsNontaxableAmount2/CurrentYear",2833,2833,"2011v1.2, 2011v1.5, 2011v1.3"
"/Return/ReturnData/IRS990ScheduleC/TotalLobbyingExpenditures2/Total",2828,2828,"2011v1.2, 2011v1.5, 2011v1.3"
"/Return/ReturnData/IRS990ScheduleH/Form990ScheduleHPartVSectionA/GeneralMedicalAndSurgical",2825,2011,"2011v1.2, 2011v1.5, 2011v1.3"
"/Return/ReturnData/IRS990ScheduleJ/RebuttablePresumptionProcedure",2821,2821,"2011v1.5, 2011v1.2, 2011v1.3"
"/Return/ReturnData/IRS990ScheduleK/Form990ScheduleKPartVI",2807,1560,"2011v1.5, 2011v1.2, 2011v1.3"
"/Return/ReturnData/IRS990ScheduleC/NonDedLobbyPoliticalTotal",2795,2795,"2011v1.3, 2011v1.2, 2011v1.5"
"/Return/ReturnData/IRS990ScheduleA/NetIncomeFromOtherUBI/CurrentTaxYearMinus4Years",2793,2793,"2011v1.3, 2011v1.5, 2011v1.2"
"/Return/ReturnData/IRS990ScheduleC/OtherExemptPurposeExpenditures/FilingOrganizationsTotals",2784,2784,"2011v1.3, 2011v1.5, 2011v1.2"
"/Return/ReturnData/IRS990/PaymentsToAffiliates/Fundraising",2778,2778,"2011v1.2, 2011v1.5, 2011v1.3"
"/Return/ReturnData/IRS990ScheduleM/ClothingAndHouseholdGoods/MethodOfDeterminingRevenues",2771,2771,"2011v1.5, 2011v1.3, 2011v1.2"
"/Return/ReturnData/IRS990ScheduleC/NonDedLobbyPoliticalCurrent",2746,2746,"2011v1.5, 2011v1.2, 2011v1.3"
"/Return/ReturnData/IRS990ScheduleC/TotalLobbyingExpenditures/FilingOrganizationsTotals",2742,2742,"2011v1.5, 2011v1.2, 2011v1.3"
"/Return/ReturnData/IRS990ScheduleC/LobbyingNontaxableAmount2/CurrentYearMinus1",2732,2732,"2011v1.5, 2011v1.2, 2011v1.3"
"/Return/ReturnData/IRS990/GrossReceiptsAmount",2710,2710,"2011v1.3, 2011v1.2, 2011v1.5"
"/Return/ReturnData/IRS990ScheduleC/GrassrootsNontaxableAmount2/CurrentYearMinus1",2701,2701,"2011v1.5, 2011v1.2, 2011v1.3"
"/Return/ReturnData/IRS990ScheduleA/Church170b1Ai",2666,2666,"2011v1.3, 2011v1.2, 2011v1.5"
"/Return/ReturnData/IRS990ScheduleM/FoodInventory/NoncashContribsRptdF990",2653,2653,"2011v1.2, 2011v1.5, 2011v1.3"
"/Return/ReturnData/IRS990ScheduleG/PercentageOfGamingOwnFacility",2648,2648,"2011v1.5, 2011v1.4, 2011v1.3, 2011v1.2"
"/Return/ReturnData/CompensationExplanation/Compensation/Explanation",2628,1010,"2011v1.3, 2011v1.2, 2011v1.5"
"/Return/ReturnData/IRS990ScheduleM/FoodInventory/NonCashCheckbox",2627,2627,"2011v1.5, 2011v1.2, 2011v1.3"
"/Return/ReturnData/IRS990/GrossRents/Personal",2614,2614,"2011v1.5, 2011v1.3, 2011v1.2"
"/Return/ReturnData/IRS990ScheduleC/TotalLobbyingExpenditures2/CurrentYear",2592,2592,"2011v1.3, 2011v1.5, 2011v1.2"
"/Return/ReturnData/IRS990/TravelEntrtnmntPublicOfficials/ProgramServices",2592,2592,"2011v1.3, 2011v1.2, 2011v1.5"
"/Return/ReturnData/IRS990ScheduleG/GamingManagerNamePerson",2588,2588,"2011v1.3, 2011v1.2, 2011v1.5, 2011v1.4"
"/Return/ReturnData/IRS990ScheduleG/GamingManagerServicesProvided",2587,2587,"2011v1.3, 2011v1.2, 2011v1.5, 2011v1.4"
"/Return/ReturnData/IRS990ScheduleK/Form990ScheduleKPartVI/Identifier",2577,1456,"2011v1.5, 2011v1.2, 2011v1.3"
"/Return/ReturnData/IRS990ScheduleK/Form990ScheduleKPartVI/Explanation",2575,1389,"2011v1.5, 2011v1.2, 2011v1.3"
"/Return/ReturnData/IRS990ScheduleA/TaxRevLeviedForOrgBenefit170/CurrentTaxYearMinus2Years",2553,2553,"2011v1.2, 2011v1.3, 2011v1.5"
"/Return/ReturnData/IRS990ScheduleA/TaxRevLeviedForOrgBenefit170/CurrentTaxYearMinus1Year",2547,2547,"2011v1.3, 2011v1.5, 2011v1.2"
"/Return/ReturnData/IRS990ScheduleC/TotalLobbyingExpenditures2/CurrentYearMinus1",2523,2523,"2011v1.2, 2011v1.5, 2011v1.3"
"/Return/ReturnData/IRS990ScheduleC/LobbyingNontaxableAmount2/CurrentYearMinus2",2521,2521,"2011v1.2, 2011v1.5, 2011v1.3"
"/Return/ReturnData/IRS990ScheduleJ/HousingAllowanceOrResidence",2520,2520,"2011v1.3, 2011v1.2, 2011v1.5"
"/Return/ReturnData/IRS990ScheduleG/PercentageOfGamingOthrFacility",2518,2518,"2011v1.3, 2011v1.5, 2011v1.2"
"/Return/ReturnData/IRS990EZ/TheBooksAreInCareOf/AddressUS/AddressLine2",2516,2516,"2011v1.3, 2011v1.2, 2011v1.5"
"/Return/ReturnData/IRS990ScheduleC/OtherActivitiesAmount",2515,2515,"2011v1.3, 2011v1.2, 2011v1.5"
"/Return/ReturnData/IRS990ScheduleM/WorksOfArt",2505,2505,"2011v1.3, 2011v1.2, 2011v1.5"
"/Return/ReturnData/IRS990ScheduleG/SolicitationOfGovtGrants",2496,2496,"2011v1.5, 2011v1.2, 2011v1.3"
"/Return/ReturnData/IRS990ScheduleC/GrassrootsNontaxableAmount2/CurrentYearMinus2",2491,2491,"2011v1.3, 2011v1.5, 2011v1.2"
"/Return/ReturnData/IRS990ScheduleC/AggrAmtReportedInDuesNotices",2488,2488,"2011v1.3, 2011v1.5, 2011v1.2"
"/Return/ReturnData/IRS990ScheduleK/Form990ScheduleKPartIII/EngageBondCounselContracts",2486,1224,"2011v1.2, 2011v1.5, 2011v1.3"
"/Return/ReturnData/IRS990ScheduleC/TotalDirectLobbying/FilingOrganizationsTotals",2484,2484,"2011v1.5, 2011v1.3, 2011v1.2"
"/Return/ReturnData/IRS990ScheduleA/TaxRevLeviedForOrgBenefit170/CurrentTaxYearMinus3Years",2483,2483,"2011v1.5, 2011v1.3, 2011v1.2"
"/Return/ReturnData/IRS990ScheduleC/Sec527PolOrgs/AmtPdFromInternalFunds",2477,469,"2011v1.3, 2011v1.5, 2011v1.2"
"/Return/ReturnData/IRS990ScheduleH",2475,2475,"2011v1.5, 2011v1.2, 2011v1.3"
"/Return/ReturnData/IRS990ScheduleH/NumberOfHospitalFacilities",2475,2475,"2011v1.5, 2011v1.2, 2011v1.3"
"/Return/ReturnData/IRS990/FinancialStmtAttached",2473,2473,"2011v1.3, 2011v1.5, 2011v1.2"
"/Return/ReturnData/IRS990ScheduleH/CharityCarePolicy",2472,2472,"2011v1.3, 2011v1.2, 2011v1.5"
"/Return/ReturnData/IRS990ScheduleM/CarsAndOtherVehicles",2463,2463,"2011v1.3, 2011v1.2, 2011v1.5"
"/Return/ReturnData/IRS990ScheduleH/AnnualCommunityBenefitReport",2459,2459,"2011v1.3, 2011v1.2, 2011v1.5"
"/Return/ReturnData/IRS990ScheduleH/FPGReferenceFreeCare",2448,2448,"2011v1.3, 2011v1.5, 2011v1.2"
"/Return/ReturnData/IRS990ScheduleH/WrittenPolicy",2448,2448,"2011v1.3, 2011v1.2, 2011v1.5"
"/Return/ReturnData/IRS990ScheduleH/FreeDiscCareMedicallyIndigent",2448,2448,"2011v1.5, 2011v1.2, 2011v1.3"
"/Return/ReturnData/IRS990ScheduleH/WrittenDebtCollectionPolicy",2445,2445,"2011v1.5, 2011v1.2, 2011v1.3"
"/Return/ReturnData/IRS990ScheduleH/AmountsBudgetedForCharityCare",2445,2445,"2011v1.3, 2011v1.5, 2011v1.2"
"/Return/ReturnData/IRS990ScheduleD/CollectUsedForPreservation",2445,2445,"2011v1.5, 2011v1.3, 2011v1.2"
"/Return/ReturnData/IRS990ScheduleH/TotalCommunityBenefits",2444,2444,"2011v1.2, 2011v1.5, 2011v1.3"
"/Return/ReturnData/IRS990ScheduleH/TotalCommunityBenefits/TotalCommunityBenefitExpense",2444,2444,"2011v1.2, 2011v1.5, 2011v1.3"
"/Return/ReturnData/IRS990ScheduleH/TotalCommunityBenefits/NetCommunityBenefitExpense",2444,2444,"2011v1.2, 2011v1.5, 2011v1.3"
"/Return/ReturnData/IRS990ScheduleH/BadDebtExpenseAmount",2442,2442,"2011v1.3, 2011v1.2, 2011v1.5"
"/Return/ReturnData/IRS990ScheduleH/TotalCharityCare/NetCommunityBenefitExpense",2438,2438,"2011v1.3, 2011v1.2, 2011v1.5"
"/Return/ReturnData/IRS990ScheduleH/TotalCharityCare/TotalCommunityBenefitExpense",2438,2438,"2011v1.5, 2011v1.2, 2011v1.3"
"/Return/ReturnData/IRS990ScheduleH/TotalCharityCare",2438,2438,"2011v1.2, 2011v1.5, 2011v1.3"
"/Return/ReturnData/IRS990ScheduleH/TotalCommunityBenefits/PercentOfTotalExpense",2436,2436,"2011v1.2, 2011v1.5, 2011v1.3"
"/Return/ReturnData/IRS990ScheduleH/FPGReferenceDiscountedCare",2433,2433,"2011v1.2, 2011v1.5, 2011v1.3"
"/Return/ReturnData/IRS990ScheduleH/BadDebtExpenseReported",2432,2432,"2011v1.2, 2011v1.5, 2011v1.3"
"/Return/ReturnData/IRS990ScheduleH/TotalCharityCare/PercentOfTotalExpense",2426,2426,"2011v1.3, 2011v1.5, 2011v1.2"
"/Return/ReturnData/IRS990ScheduleG/GamingInformation/GrossRevenuePullTabs",2411,2411,"2011v1.3, 2011v1.5, 2011v1.2"
"/Return/ReturnData/IRS990ScheduleH/AmountReimbursedByMedicare",2411,2411,"2011v1.2, 2011v1.5, 2011v1.3"
"/Return/ReturnData/IRS990ScheduleH/CharityCareAtCost",2410,2410,"2011v1.2, 2011v1.3, 2011v1.5"
"/Return/ReturnData/IRS990ScheduleH/CharityCareAtCost/TotalCommunityBenefitExpense",2409,2409,"2011v1.3, 2011v1.2, 2011v1.5"
"/Return/ReturnData/IRS990ScheduleA/TaxRevLeviedForOrgBenefit170/CurrentTaxYear",2407,2407,"2011v1.2, 2011v1.3, 2011v1.5"
"/Return/ReturnData/IRS990ScheduleH/CostOfCareReimbursedByMedicare",2405,2405,"2011v1.3, 2011v1.5, 2011v1.2"
"/Return/ReturnData/IRS990ScheduleH/CharityCareAtCost/NetCommunityBenefitExpense",2403,2403,"2011v1.2, 2011v1.5, 2011v1.3"
"/Return/ReturnData/IRS990ScheduleR/Form990ScheduleRPartVII/Identifier",2398,2010,"2011v1.5, 2011v1.2, 2011v1.3"
"/Return/ReturnData/IRS990ScheduleH/CostingMethodologyUsed",2392,2392,"2011v1.3, 2011v1.5, 2011v1.2"
"/Return/ReturnData/IRS990ScheduleH/CharityCareAtCost/PercentOfTotalExpense",2391,2391,"2011v1.3, 2011v1.2, 2011v1.5"
"/Return/ReturnData/IRS990ScheduleA/TaxRevLeviedForOrgBenefit170/CurrentTaxYearMinus4Years",2391,2391,"2011v1.2, 2011v1.3, 2011v1.5"
"/Return/ReturnData/IRS990/FeesForServicesLobbying/Fundraising",2375,2375,"2011v1.3, 2011v1.5, 2011v1.2"
"/Return/ReturnData/IRS990ScheduleA/ValueOfSvcsFcltsFurnishdByGovt/CurrentTaxYearMinus1Year",2375,2375,"2011v1.2, 2011v1.5, 2011v1.3"
"/Return/ReturnData/IRS990ScheduleM/BooksAndPublications",2370,2370,"2011v1.2, 2011v1.5, 2011v1.3"
"/Return/ReturnData/IRS990ScheduleA/ValueOfSvcsFcltsFurnishdByGovt/CurrentTaxYearMinus2Years",2369,2369,"2011v1.3, 2011v1.5, 2011v1.2"
"/Return/ReturnData/IRS990ScheduleH/MedicareSurplusOrShortfall",2359,2359,"2011v1.5, 2011v1.2, 2011v1.3"
"/Return/ReturnData/IRS990ScheduleC/TotalLobbyingExpenditures2/CurrentYearMinus2",2358,2358,"2011v1.5, 2011v1.2, 2011v1.3"
"/Return/ReturnData/IRS990/TravelEntrtnmntPublicOfficials/ManagementAndGeneral",2357,2357,"2011v1.5, 2011v1.2, 2011v1.3"
"/Return/ReturnData/IRS990ScheduleM/FoodInventory/NumberOfContributions",2356,2356,"2011v1.2, 2011v1.3, 2011v1.5"
"/Return/ReturnData/IRS990ScheduleH/ProvisionForCharityCare",2356,2356,"2011v1.5, 2011v1.2, 2011v1.3"
"/Return/ReturnData/IRS990ScheduleC/LobbyingNontaxableAmount2/CurrentYearMinus3",2352,2352,"2011v1.3, 2011v1.5, 2011v1.2"
"/Return/ReturnData/IRS990ScheduleR/Form990ScheduleRPartI/DirectControllingEntityNA",2338,1022,"2011v1.3, 2011v1.2, 2011v1.5"
"/Return/ReturnData/IRS990ScheduleN/LiquidationTable/LiquidationDetail",2324,1138,"2011v1.3, 2011v1.5, 2011v1.2"
"/Return/ReturnData/IRS990ScheduleN/LiquidationTable/LiquidationDetail/DescriptionOfAsset",2321,1135,"2011v1.2, 2011v1.5, 2011v1.3"
"/Return/ReturnData/IRS990ScheduleA/ValueOfSvcsFcltsFurnishdByGovt/CurrentTaxYearMinus3Years",2319,2319,"2011v1.3, 2011v1.2, 2011v1.5"
"/Return/ReturnData/IRS990ScheduleC/GrassrootsNontaxableAmount2/CurrentYearMinus3",2319,2319,"2011v1.2, 2011v1.5, 2011v1.3"
"/Return/ReturnData/IRS990ScheduleM/FoodInventory/MethodOfDeterminingRevenues",2317,2317,"2011v1.5, 2011v1.2, 2011v1.3"
"/Return/ReturnData/IRS990ScheduleH/Form990ScheduleHPartVSectionB/UsedOtherMethod",2316,1560,"2011v1.3, 2011v1.2, 2011v1.5"
"/Return/ReturnData/IRS990ScheduleH/TotalCommunityBenefits/DirectOffsettingRevenue",2307,2307,"2011v1.2, 2011v1.5, 2011v1.3"
"/Return/ReturnData/IRS990ScheduleA/SupportingOrg509a3Type2",2302,2302,"2011v1.2, 2011v1.5, 2011v1.3"
"/Return/ReturnData/IRS990ScheduleL/Form990ScheduleLPartV/Identifier",2299,1920,"2011v1.5, 2011v1.2, 2011v1.3"
"/Return/ReturnData/IRS990/Royalties/ManagementAndGeneral",2281,2281,"2011v1.2, 2011v1.5, 2011v1.3"
"/Return/ReturnData/IRS990ScheduleA/Post1975UBTI/CurrentTaxYearMinus1Year",2273,2273,"2011v1.3, 2011v1.2, 2011v1.5"
"/Return/ReturnData/IRS990ScheduleH/UnreimbursedMedicaid",2271,2271,"2011v1.3, 2011v1.5, 2011v1.2"
"/Return/ReturnData/IRS990ScheduleR/Form990ScheduleRPartVII/ReturnReference",2271,1964,"2011v1.2, 2011v1.5, 2011v1.3"
"/Return/ReturnData/IRS990ScheduleH/UnreimbursedMedicaid/TotalCommunityBenefitExpense",2267,2267,"2011v1.3, 2011v1.2, 2011v1.5"
"/Return/ReturnData/IRS990ScheduleM/DrugsAndMedicalSupplies",2264,2264,"2011v1.2, 2011v1.5, 2011v1.3"
"/Return/ReturnData/IRS990ScheduleA/SupportingOrg509a3Type3FuncInt",2263,2263,"2011v1.3, 2011v1.2, 2011v1.5"
"/Return/ReturnData/IRS990ScheduleH/ExpensesExceededBudget",2262,2262,"2011v1.3, 2011v1.2, 2011v1.5"
"/Return/ReturnData/IRS990ScheduleG/GamingInformation/GrossRevenueBingo",2261,2261,"2011v1.5, 2011v1.4, 2011v1.2, 2011v1.3"
"/Return/ReturnData/IRS990ScheduleH/TotalOtherBenefits",2260,2260,"2011v1.3, 2011v1.2, 2011v1.5"
"/Return/ReturnData/IRS990ScheduleH/TotalOtherBenefits/TotalCommunityBenefitExpense",2258,2258,"2011v1.3, 2011v1.5, 2011v1.2"
"/Return/ReturnData/IRS990ScheduleH/TotalOtherBenefits/NetCommunityBenefitExpense",2255,2255,"2011v1.3, 2011v1.5, 2011v1.2"
"/Return/ReturnData/IRS990ScheduleH/UnreimbursedMedicaid/NetCommunityBenefitExpense",2250,2250,"2011v1.3, 2011v1.5, 2011v1.2"
"/Return/ReturnData/IRS990ScheduleH/TotalOtherBenefits/PercentOfTotalExpense",2241,2241,"2011v1.5, 2011v1.2, 2011v1.3"
"/Return/ReturnData/IRS990ScheduleA/ValueOfSvcsFcltsFurnishdByGovt/CurrentTaxYear",2227,2227,"2011v1.5, 2011v1.2, 2011v1.3"
"/Return/ReturnData/IRS990ScheduleA/ValueOfSvcsFcltsFurnishdByGovt/CurrentTaxYearMinus4Years",2213,2213,"2011v1.2, 2011v1.3, 2011v1.5"
"/Return/ReturnData/IRS990EZ/InitialReturn",2210,2210,"2011v1.3, 2011v1.5, 2011v1.2"
"/Return/ReturnData/IRS990ScheduleH/TotalCharityCare/DirectOffsettingRevenue",2210,2210,"2011v1.5, 2011v1.2, 2011v1.3"
"/Return/ReturnData/IRS990ScheduleA/TaxRevLeviedForOrgBenefit509/CurrentTaxYearMinus2Years",2209,2209,"2011v1.5, 2011v1.2, 2011v1.3"
"/Return/ReturnData/IRS990/Form990PartVIISectionA/NameBusiness/BusinessNameLine2",2209,373,"2011v1.5, 2011v1.2, 2011v1.3"
"/Return/ReturnData/IRS990ScheduleA/TaxRevLeviedForOrgBenefit509/CurrentTaxYearMinus1Year",2206,2206,"2011v1.2, 2011v1.3, 2011v1.5"
"/Return/ReturnData/IRS990/NetGainOrLossInvestments/UnrelatedBusinessRevenue",2201,2201,"2011v1.3, 2011v1.5, 2011v1.2"
"/Return/ReturnData/IRS990ScheduleC/TotalLobbyingExpenditures2/CurrentYearMinus3",2200,2200,"2011v1.5, 2011v1.3, 2011v1.2"
"/Return/ReturnData/IRS990ScheduleG/EventsInformation/CashPrizesEvent2",2196,2196,"2011v1.3, 2011v1.5, 2011v1.2"
"/Return/ReturnData/IRS990ScheduleA/Post1975UBTI/CurrentTaxYearMinus2Years",2193,2193,"2011v1.3, 2011v1.5, 2011v1.2"
"/Return/ReturnData/IRS990ScheduleH/UnreimbursedMedicaid/PercentOfTotalExpense",2191,2191,"2011v1.5, 2011v1.2, 2011v1.3"
"/Return/ReturnData/IRS990ScheduleH/UnreimbursedMedicaid/DirectOffsettingRevenue",2160,2160,"2011v1.5, 2011v1.3, 2011v1.2"
"/Return/ReturnData/IRS990ScheduleH/Form990ScheduleHPartVSectionB/MedicalIndigency",2159,1351,"2011v1.5, 2011v1.2, 2011v1.3"
"/Return/ReturnData/IRS990ScheduleN/LiquidationTable/LiquidationDetail/DateOfDistribution",2156,1005,"2011v1.3, 2011v1.5, 2011v1.2"
"/Return/ReturnData/IRS990ScheduleK/Form990ScheduleKPartIV/SuperintegratedHedge",2155,1436,"2011v1.3, 2011v1.5, 2011v1.2"
"/Return/ReturnData/IRS990ScheduleA/TaxRevLeviedForOrgBenefit509/CurrentTaxYearMinus3Years",2150,2150,"2011v1.2, 2011v1.3, 2011v1.5"
"/Return/ReturnData/IRS990ScheduleC/DirectContactLegislatorsAmount",2147,2147,"2011v1.5, 2011v1.2, 2011v1.3"
"/Return/ReturnData/IRS990ScheduleJ/TravelForCompanions",2143,2143,"2011v1.2, 2011v1.3, 2011v1.5"
"/Return/ReturnData/IRS990ScheduleK/Form990ScheduleKPartIV/HedgeTerminated",2140,1433,"2011v1.3, 2011v1.2, 2011v1.5"
"/Return/ReturnData/IRS990ScheduleA/Post1975UBTI/CurrentTaxYear",2139,2139,"2011v1.5, 2011v1.2, 2011v1.3"
"/Return/ReturnData/IRS990ScheduleA/Post1975UBTI/CurrentTaxYearMinus3Years",2110,2110,"2011v1.2, 2011v1.5, 2011v1.3"
"/Return/ReturnData/IRS990ScheduleN/LiquidationTable/LiquidationDetail/FMVOfAsset",2107,956,"2011v1.3, 2011v1.2, 2011v1.5"
"/Return/ReturnData/IRS990ScheduleN",2092,2092,"2011v1.3, 2011v1.5, 2011v1.2"
"/Return/ReturnData/IRS990/Royalties/Fundraising",2073,2073,"2011v1.3, 2011v1.5, 2011v1.2"
"/Return/ReturnData/IRS990/TravelEntrtnmntPublicOfficials/Fundraising",2068,2068,"2011v1.5, 2011v1.2, 2011v1.3"
"/Return/ReturnData/IRS990ScheduleA/TaxRevLeviedForOrgBenefit509/CurrentTaxYearMinus4Years",2061,2061,"2011v1.3, 2011v1.5, 2011v1.2"
"/Return/ReturnData/IRS990ScheduleA/TaxRevLeviedForOrgBenefit509/CurrentTaxYear",2046,2046,"2011v1.2, 2011v1.5, 2011v1.3"
"/Return/ReturnData/IRS990ScheduleG/EventsInformation/NonCashPrizesOtherEvents",2034,2034,"2011v1.5, 2011v1.2, 2011v1.3"
"/Return/ReturnData/IRS990ScheduleH/CommunityHealthServices",2033,2033,"2011v1.3, 2011v1.2, 2011v1.5"
"/Return/ReturnData/IRS990ScheduleN/LiquidationTable/LiquidationDetail/AddressUS",2031,951,"2011v1.2, 2011v1.5, 2011v1.3"
"/Return/ReturnData/IRS990ScheduleN/LiquidationTable/LiquidationDetail/AddressUS/ZIPCode",2031,951,"2011v1.5, 2011v1.2, 2011v1.3"
"/Return/ReturnData/IRS990ScheduleN/LiquidationTable/LiquidationDetail/AddressUS/State",2031,951,"2011v1.3, 2011v1.2, 2011v1.5"
"/Return/ReturnData/IRS990ScheduleN/LiquidationTable/LiquidationDetail/AddressUS/City",2031,951,"2011v1.3, 2011v1.5, 2011v1.2"
"/Return/ReturnData/IRS990ScheduleN/LiquidationTable/LiquidationDetail/AddressUS/AddressLine1",2031,951,"2011v1.3, 2011v1.2, 2011v1.5"
"/Return/ReturnData/IRS990ScheduleH/Form990ScheduleHPartVSectionB/PostedOnWebsite",2025,1290,"2011v1.5, 2011v1.2, 2011v1.3"
"/Return/ReturnData/IRS990ScheduleH/Form990ScheduleHPartVSectionB/AssetLevel",2025,1368,"2011v1.3, 2011v1.2, 2011v1.5"
"/Return/ReturnData/IRS990ScheduleH/CommunityHealthServices/NetCommunityBenefitExpense",2023,2023,"2011v1.5, 2011v1.3, 2011v1.2"
"/Return/ReturnData/IRS990ScheduleG/GamingInformation/OtherDirectExpensesOtherGaming",2023,2023,"2011v1.3, 2011v1.5, 2011v1.2"
"/Return/ReturnData/IRS990ScheduleH/CommunityHealthServices/TotalCommunityBenefitExpense",2019,2019,"2011v1.2, 2011v1.5, 2011v1.3"
"/Return/ReturnData/IRS990ScheduleF/TotalNumberOf501c3Orgs",2018,2018,"2011v1.5, 2011v1.2, 2011v1.3"
"/Return/ReturnData/IRS990ScheduleG/FundraiserActivityInformation/NameOfIndividual",2013,1359,"2011v1.3, 2011v1.5, 2011v1.2"
"/Return/ReturnData/IRS990ScheduleD/CloselyHeldEquityInterests",2011,2011,"2011v1.5, 2011v1.2, 2011v1.3"
"/Return/ReturnData/IRS990ScheduleH/CommunityHealthServices/PercentOfTotalExpense",2005,2005,"2011v1.3, 2011v1.5, 2011v1.2"
"/Return/ReturnData/IRS990/LessRentalExpenses/Personal",2005,2005,"2011v1.3, 2011v1.5, 2011v1.2"
"/Return/ReturnData/IRS990ScheduleG/Form990ScheduleGPartIV",2003,1742,"2011v1.3, 2011v1.2, 2011v1.5"
"/Return/ReturnData/IRS990ScheduleG/Form990ScheduleGPartIV/Explanation",1999,1738,"2011v1.2, 2011v1.5, 2011v1.3"
"/Return/ReturnData/IRS990ScheduleH/Form990ScheduleHPartVSectionB/UninsuredDiscount",1995,1245,"2011v1.5, 2011v1.2, 2011v1.3"
"/Return/ReturnData/IRS990ScheduleA/Post1975UBTI/CurrentTaxYearMinus4Years",1981,1981,"2011v1.3, 2011v1.5, 2011v1.2"
"/Return/ReturnData/IRS990ScheduleG/GamingInformation/OtherDirectExpensesPullTabs",1975,1975,"2011v1.3, 2011v1.5, 2011v1.2"
"/Return/ReturnData/IRS990ScheduleH/Form990ScheduleHPartVSectionB/InsuranceStatus",1970,1264,"2011v1.5, 2011v1.2, 2011v1.3"
"/Return/ReturnData/IRS990ScheduleM/RealEstateCommercial",1954,1954,"2011v1.3, 2011v1.2, 2011v1.5"
"/Return/ReturnData/IRS990ScheduleH/ReportPublicallyAvailable",1948,1948,"2011v1.2, 2011v1.3, 2011v1.5"
"/Return/ReturnData/IRS990ScheduleN/LiquidationTable/LiquidationDetail/MethodOfFMVDetermination",1946,889,"2011v1.2, 2011v1.3, 2011v1.5"
"/Return/ReturnData/IRS990ScheduleH/Form990ScheduleHPartVSectionB/PostedInAdmissionOffice",1945,1270,"2011v1.5, 2011v1.2, 2011v1.3"
"/Return/ReturnData/IRS990ScheduleM/RealEstateOther",1942,1942,"2011v1.5, 2011v1.2, 2011v1.3"
"/Return/ReturnData/IRS990ScheduleG/GamingInformation/OtherDirectExpensesBingo",1937,1937,"2011v1.3, 2011v1.2, 2011v1.5"
"/Return/ReturnData/IRS990ScheduleD/LossesReported",1935,1935,"2011v1.3, 2011v1.5, 2011v1.2"
"/Return/ReturnData/IRS990/NetIncomeFromFundraisingEvents/UnrelatedBusinessRevenue",1935,1935,"2011v1.3, 2011v1.2, 2011v1.5"
"/Return/ReturnData/IRS990ScheduleA/SupportingOrg509a3Type3Other",1935,1935,"2011v1.2, 2011v1.3, 2011v1.5"
"/Return/ReturnData/IRS990ScheduleF/GrantsToIndOutsideUS/MethodOfValuation",1927,458,"2011v1.5, 2011v1.3, 2011v1.2"
"/Return/ReturnData/IRS990ScheduleA/WrittenIRSDetermination",1926,1926,"2011v1.3, 2011v1.5, 2011v1.2"
"/Return/ReturnData/IRS990ScheduleC/Sec527PolOrgs/EIN",1922,785,"2011v1.5, 2011v1.3, 2011v1.2"
"/Return/ReturnData/IRS990ScheduleN/LiquidationTable/LiquidationDetail/IRCSection",1918,901,"2011v1.5, 2011v1.2, 2011v1.3"
"/Return/ReturnData/IRS990ScheduleM/RealEstateResidential",1912,1912,"2011v1.3, 2011v1.5, 2011v1.2"
"/Return/ReturnData/IRS990ScheduleH/Form990ScheduleHPartVSectionB/PostedInEmergencyRoom",1874,1205,"2011v1.3, 2011v1.2, 2011v1.5"
"/Return/ReturnData/IRS990ScheduleN/LiquidationTable/LiquidationDetail/EIN",1864,871,"2011v1.5, 2011v1.2, 2011v1.3"
"/Return/ReturnData/IRS990ScheduleG/GamingInformation/CashPrizesPullTabs",1861,1861,"2011v1.5, 2011v1.2, 2011v1.3"
"/Return/ReturnData/IRS990ScheduleL/Form990ScheduleLPartIII",1829,966,"2011v1.5, 2011v1.3, 2011v1.2"
"/Return/ReturnData/IRS990ScheduleK/Form990ScheduleKPartIV/TermOfHedge",1823,1295,"2011v1.3, 2011v1.5, 2011v1.2"
"/Return/ReturnData/IRS990ScheduleH/Form990ScheduleHPartVSectionB/MedicaidMedicare",1819,1164,"2011v1.3, 2011v1.5, 2011v1.2"
"/Return/ReturnData/IRS990ScheduleC/TotLobbyExpendMnsLobbyingNontx/FilingOrganizationsTotals",1813,1813,"2011v1.3, 2011v1.2, 2011v1.5"
"/Return/ReturnData/IRS990ScheduleL/LoanTable/NameBusiness/BusinessNameLine1",1809,1061,"2011v1.3, 2011v1.5, 2011v1.2"
"/Return/ReturnData/IRS990ScheduleL/LoanTable/NameBusiness",1809,1061,"2011v1.2, 2011v1.5, 2011v1.3"
"/Return/ReturnData/IRS990/JointCosts",1788,1788,"2011v1.3, 2011v1.5, 2011v1.2"
"/Return/ReturnData/IRS990ScheduleD/InvestmentExpenses",1788,1788,"2011v1.3, 2011v1.5, 2011v1.2"
"/Return/ReturnData/IRS990ScheduleR/Form990ScheduleRPartII/NameOfDisregardedEntity/BusinessNameLine2",1785,781,"2011v1.5, 2011v1.3, 2011v1.2"
"/Return/ReturnData/IRS990ScheduleC/TotLobbyingGrassrootMinusNonTx/FilingOrganizationsTotals",1777,1777,"2011v1.3, 2011v1.5, 2011v1.2"
"/Return/ReturnData/IRS990ScheduleK/Form990ScheduleKPartIII/EngageBondCounselResearch",1768,840,"2011v1.3, 2011v1.5, 2011v1.2"
"/Return/ReturnData/IRS990ScheduleH/AmountAttributableTo",1767,1767,"2011v1.3, 2011v1.2, 2011v1.5"
"/Return/ReturnData/IRS990ScheduleH/TotalOtherBenefits/DirectOffsettingRevenue",1755,1755,"2011v1.2, 2011v1.3, 2011v1.5"
"/Return/ReturnData/IRS990ScheduleH/CashAndInKindContributions",1749,1749,"2011v1.5, 2011v1.3, 2011v1.2"
"/Return/ReturnData/IRS990ScheduleG/Form990ScheduleGPartIV/Identifier",1748,1567,"2011v1.3, 2011v1.2, 2011v1.5"
"/Return/ReturnData/IRS990ScheduleD/PriorYearAdjustments",1743,1743,"2011v1.5, 2011v1.2, 2011v1.3"
"/Return/ReturnData/IRS990ScheduleM/Collectibles",1735,1735,"2011v1.2, 2011v1.5, 2011v1.3"
"/Return/ReturnData/IRS990ScheduleH/CashAndInKindContributions/NetCommunityBenefitExpense",1732,1732,"2011v1.3, 2011v1.2, 2011v1.5"
"/Return/ReturnData/IRS990ScheduleH/CashAndInKindContributions/TotalCommunityBenefitExpense",1727,1727,"2011v1.2, 2011v1.5, 2011v1.3"
"/Return/ReturnData/IRS990ScheduleG/GamingInformation/CashPrizesBingo",1713,1713,"2011v1.3, 2011v1.5, 2011v1.4, 2011v1.2"
"/Return/ReturnData/IRS990ScheduleH/HealthProfessionsEducation",1693,1693,"2011v1.3, 2011v1.2, 2011v1.5"
"/Return/ReturnData/IRS990ScheduleH/CashAndInKindContributions/PercentOfTotalExpense",1686,1686,"2011v1.5, 2011v1.2, 2011v1.3"
"/Return/ReturnData/IRS990ScheduleH/HealthProfessionsEducation/TotalCommunityBenefitExpense",1678,1678,"2011v1.2, 2011v1.3, 2011v1.5"
"/Return/ReturnData/IRS990ScheduleH/HealthProfessionsEducation/NetCommunityBenefitExpense",1677,1677,"2011v1.5, 2011v1.3, 2011v1.2"
"/Return/ReturnData/IRS990ScheduleK/Form990ScheduleKPartVI/ReturnReference",1677,984,"2011v1.5, 2011v1.2, 2011v1.3"
"/Return/ReturnData/IRS990ScheduleG/GamingInformation/VolunteerLaborPrcntOtherGaming",1674,1674,"2011v1.3, 2011v1.5, 2011v1.2"
"/Return/ReturnData/IRS990EZ/OfficerDirectorTrusteeKeyEmpl/AddressForeign",1667,823,"2011v1.2, 2011v1.3, 2011v1.5"
"/Return/ReturnData/IRS990EZ/OfficerDirectorTrusteeKeyEmpl/AddressForeign/AddressLine1",1667,823,"2011v1.2, 2011v1.5, 2011v1.3"
"/Return/ReturnData/IRS990EZ/OfficerDirectorTrusteeKeyEmpl/AddressForeign/Country",1667,823,"2011v1.5, 2011v1.3, 2011v1.2"
"/Return/ReturnData/IRS990ScheduleH/HealthProfessionsEducation/PercentOfTotalExpense",1657,1657,"2011v1.2, 2011v1.5, 2011v1.3"
"/Return/ReturnData/IRS990EZ/ProgramServiceAccomplishment/IncludesForeignGrants",1654,1162,"2011v1.3, 2011v1.5, 2011v1.2"
"/Return/ReturnData/IRS990EZ/LoansToFromOfficers",1651,1651,"2011v1.5, 2011v1.3, 2011v1.2"
"/Return/ReturnData/IRS990/NetIncomeFromGaming/UnrelatedBusinessRevenue",1636,1636,"2011v1.2, 2011v1.5, 2011v1.3"
"/Return/ReturnData/IRS990ScheduleG/GamingInformation/RentFacilityCostsTotalGaming",1622,1622,"2011v1.3, 2011v1.5, 2011v1.4, 2011v1.2"
"/Return/ReturnData/IRS990ScheduleC/TaxableAmount",1619,1619,"2011v1.3, 2011v1.2, 2011v1.5"
"/Return/ReturnData/IRS990ScheduleL/Form990ScheduleLPartIII/RelationshipWithOrganization",1613,806,"2011v1.2, 2011v1.5, 2011v1.3"
"/Return/ReturnData/IRS990ScheduleL/Form990ScheduleLPartIII/AmountOfGrant",1613,847,"2011v1.5, 2011v1.2, 2011v1.3"
"/Return/ReturnData/IRS990ScheduleD/RecoveriesOfPriorYearGrants",1599,1599,"2011v1.5, 2011v1.2, 2011v1.3"
"/Return/ReturnData/IRS990ScheduleL/Form990ScheduleLPartV/ReturnReference",1598,1424,"2011v1.5, 2011v1.2, 2011v1.3"
"/Return/ReturnData/IRS990ScheduleH/CostingMethodologyUsed/CostToChargeRatio",1592,1592,"2011v1.3, 2011v1.2, 2011v1.5"
"/Return/ReturnData/IRS990ScheduleD/FinancialDerivatives",1573,1573,"2011v1.5, 2011v1.2, 2011v1.3"
"/Return/ReturnData/IRS990/TotalJointCosts",1572,1572,"2011v1.3, 2011v1.5, 2011v1.2"
"/Return/ReturnData/IRS990ScheduleF/GrantsToIndOutsideUS/DescriptionOfNonCashAssistance",1565,341,"2011v1.3, 2011v1.2, 2011v1.5"
"/Return/ReturnData/IRS990ScheduleC/GrassrootsLobbyingExpenditures",1561,1561,"2011v1.3, 2011v1.5, 2011v1.2"
"/Return/ReturnData/IRS990ScheduleG/GamingInformation/CashPrizesOtherGaming",1561,1561,"2011v1.3, 2011v1.5, 2011v1.2"
"/Return/ReturnData/IRS990/TotalJointCosts/Total",1560,1560,"2011v1.3, 2011v1.5, 2011v1.2"
"/Return/ReturnData/IRS990ScheduleL/Form990ScheduleLPartIII/TypeOfAssistance",1550,852,"2011v1.3, 2011v1.5, 2011v1.2"
"/Return/ReturnData/IRS990ScheduleK/FedTaxRequirementsCompliance",1546,1486,"2011v1.3, 2011v1.2, 2011v1.5"
"/Return/ReturnData/IRS990ScheduleD/CollectUsedForScholarResearch",1533,1533,"2011v1.5, 2011v1.2, 2011v1.3"
"/Return/ReturnData/IRS990/AmendedReturn",1520,1520,"2011v1.3, 2011v1.2, 2011v1.5"
"/Return/ReturnData/IRS990ScheduleM/HistoricalArtifacts",1507,1507,"2011v1.2, 2011v1.3, 2011v1.5"
"/Return/ReturnData/IRS990ScheduleG/GamingManagerIsDirectorOfficer",1504,1504,"2011v1.5, 2011v1.4, 2011v1.2, 2011v1.3"
"/Return/ReturnData/IRS990ScheduleC/GrassrootsLobbyingExpenditures/Total",1488,1488,"2011v1.2, 2011v1.5, 2011v1.3"
"/Return/ReturnData/IRS990ScheduleF/Form990ScheduleFPartV/ReturnReference",1484,1157,"2011v1.2, 2011v1.5, 2011v1.3"
"/Return/ReturnData/IRS990ScheduleN/DispositionTable",1471,787,"2011v1.3, 2011v1.5, 2011v1.2"
"/Return/ReturnData/IRS990ScheduleJ/IdemnificationGrossUpPayments",1470,1470,"2011v1.5, 2011v1.2, 2011v1.3"
"/Return/ReturnData/IRS990ScheduleM/BoatsAndPlanes",1470,1470,"2011v1.3, 2011v1.5, 2011v1.2"
"/Return/ReturnData/IRS990ScheduleN/DispositionTable/DescriptionOfAsset",1468,785,"2011v1.3, 2011v1.2, 2011v1.5"
"/Return/ReturnData/IRS990ScheduleD/NumberDAFsHeld",1468,1468,"2011v1.3, 2011v1.2, 2011v1.5"
"/Return/ReturnData/IRS990ScheduleM/SecuritiesMiscellaneous",1462,1462,"2011v1.2, 2011v1.5, 2011v1.3"
"/Return/ReturnData/IRS990ScheduleM/SecuritiesCloselyHeldStock",1461,1461,"2011v1.3, 2011v1.2, 2011v1.5"
"/Return/ReturnData/IRS990EZ/OfficerDirectorTrusteeKeyEmpl/AddressForeign/City",1453,733,"2011v1.5, 2011v1.2, 2011v1.3"
"/Return/ReturnData/IRS990ScheduleF/GrantsToIndOutsideUS/AmountOfNonCashAssistance",1453,347,"2011v1.2, 2011v1.3, 2011v1.5"
"/Return/ReturnData/IRS990ScheduleC/TotalGrassrootsLobbying/FilingOrganizationsTotals",1452,1452,"2011v1.5, 2011v1.2, 2011v1.3"
"/Return/ReturnData/IRS990ScheduleM/QualifiedContribOther",1450,1450,"2011v1.2, 2011v1.5, 2011v1.3"
"/Return/ReturnData/IRS990ScheduleF/TotalNumberOfOtherOrgs",1448,1448,"2011v1.5, 2011v1.2, 2011v1.3"
"/Return/ReturnData/IRS990ScheduleM/ArtHistoricalTreasures",1439,1439,"2011v1.5, 2011v1.2, 2011v1.3"
"/Return/ReturnData/IRS990ScheduleM/IntellectualProperty",1438,1438,"2011v1.3, 2011v1.5, 2011v1.2"
"/Return/ReturnData/IRS990ScheduleD/ArtPublicExhibitionAmts/AssetsInPartX",1434,1434,"2011v1.3, 2011v1.5, 2011v1.2"
"/Return/ReturnData/IRS990ScheduleH/Form990ScheduleHPartVSectionC",1433,1433,"2011v1.3, 2011v1.2, 2011v1.5"
"/Return/ReturnData/IRS990ScheduleH/Form990ScheduleHPartVSectionC/NumberOfOtherFacilities",1433,1433,"2011v1.2, 2011v1.5, 2011v1.3"
"/Return/ReturnData/IRS990ScheduleH/SubsidizedHealthServices",1431,1431,"2011v1.3, 2011v1.2, 2011v1.5"
"/Return/ReturnData/IRS990ScheduleC/PoliticalExpenditures",1431,1431,"2011v1.5, 2011v1.2, 2011v1.3"
"/Return/ReturnData/IRS990ScheduleM/SecuritiesPrtnrshpTrustIntrsts",1428,1428,"2011v1.3, 2011v1.2, 2011v1.5"
"/Return/ReturnData/IRS990ScheduleN/DispositionTable/DateOfDistribution",1426,759,"2011v1.2, 2011v1.5, 2011v1.3"
"/Return/ReturnData/IRS990ScheduleN/DispositionTable/FMVOfAsset",1424,758,"2011v1.3, 2011v1.5, 2011v1.2"
"/Return/ReturnData/IRS990ScheduleI/RecipientTable/RecipientNameBusiness/BusinessNameLine2",1418,539,"2011v1.5, 2011v1.2, 2011v1.3"
"/Return/ReturnData/IRS990ScheduleH/UnableToProvideCare",1414,1414,"2011v1.2, 2011v1.5, 2011v1.3"
"/Return/ReturnData/IRS990ScheduleH/Form990ScheduleHPartIV/NameOfEntity",1408,593,"2011v1.5, 2011v1.3, 2011v1.2"
"/Return/ReturnData/IRS990ScheduleH/Form990ScheduleHPartIV",1408,593,"2011v1.5, 2011v1.2, 2011v1.3"
"/Return/ReturnData/IRS990ScheduleH/Form990ScheduleHPartIV/NameOfEntity/BusinessNameLine1",1408,593,"2011v1.5, 2011v1.3, 2011v1.2"
"/Return/ReturnData/IRS990/GrossIncomeFromMembers",1406,1406,"2011v1.5, 2011v1.2, 2011v1.3"
"/Return/ReturnData/IRS990ScheduleD/AggregateDAFValue",1406,1406,"2011v1.2, 2011v1.3, 2011v1.5"
"/Return/ReturnData/IRS990ScheduleH/SubsidizedHealthServices/TotalCommunityBenefitExpense",1400,1400,"2011v1.3, 2011v1.5, 2011v1.2"
"/Return/ReturnData/CompensationExplanation/Compensation/BusinessName/BusinessNameLine1",1399,353,"2011v1.3, 2011v1.5, 2011v1.2"
"/Return/ReturnData/CompensationExplanation/Compensation/BusinessName",1399,353,"2011v1.3, 2011v1.5, 2011v1.2"
"/Return/ReturnData/IRS990ScheduleH/Form990ScheduleHPartVSectionB/ProvidedOnAdmission",1396,928,"2011v1.5, 2011v1.2, 2011v1.3"
"/Return/ReturnData/IRS990/InitialReturn",1395,1395,"2011v1.5, 2011v1.2, 2011v1.3"
"/Return/ReturnData/IRS990/AddressPrincipalOfficerUS/AddressLine2",1387,1387,"2011v1.3, 2011v1.2, 2011v1.5"
"/Return/ReturnData/IRS990ScheduleH/SubsidizedHealthServices/NetCommunityBenefitExpense",1386,1386,"2011v1.5, 2011v1.2, 2011v1.3"
"/Return/ReturnData/IRS990ScheduleH/SubsidizedHealthServices/PercentOfTotalExpense",1386,1386,"2011v1.5, 2011v1.2, 2011v1.3"
"/Return/ReturnData/IRS990ScheduleL/Form990ScheduleLPartIII/NameOfInterestedPerson",1383,675,"2011v1.2, 2011v1.5, 2011v1.3"
"/Return/ReturnData/IRS990/GrossIncomeOtherSources",1380,1380,"2011v1.3, 2011v1.2, 2011v1.5"
"/Return/ReturnData/IRS990ScheduleG/Form990ScheduleGPartIV/ReturnReference",1380,1213,"2011v1.5, 2011v1.3, 2011v1.2"
"/Return/ReturnData/IRS990ScheduleM/WorksOfArt/NonCashCheckbox",1373,1373,"2011v1.5, 2011v1.3, 2011v1.2"
"/Return/ReturnData/IRS990ScheduleH/Total",1371,1371,"2011v1.3, 2011v1.5, 2011v1.2"
"/Return/ReturnData/IRS990ScheduleM/ScientificSpecimens",1369,1369,"2011v1.5, 2011v1.2, 2011v1.3"
"/Return/ReturnData/IRS990ScheduleH/Total/TotalCommunityBuildingExpense",1365,1365,"2011v1.3, 2011v1.2, 2011v1.5"
"/Return/ReturnData/IRS990ScheduleM/WorksOfArt/NumberOfContributions",1362,1362,"2011v1.5, 2011v1.2, 2011v1.3"
"/Return/ReturnData/IRS990ScheduleH/PolicyAppliedToAllHospitals",1360,1360,"2011v1.3, 2011v1.2, 2011v1.5"
"/Return/ReturnData/IRS990ScheduleH/Total/NetCommunityBuildingExpense",1356,1356,"2011v1.2, 2011v1.5, 2011v1.3"
"/Return/ReturnData/IRS990ScheduleM/ArtFractionalInterest",1352,1352,"2011v1.5, 2011v1.3, 2011v1.2"
"/Return/ReturnData/IRS990ScheduleM/ArchaeologicalArtifacts",1351,1351,"2011v1.3, 2011v1.5, 2011v1.2"
"/Return/ReturnData/IRS990ScheduleG/EventsInformation/CashPrizesOtherEvents",1344,1344,"2011v1.2, 2011v1.5, 2011v1.3"
"/Return/ReturnData/IRS990ScheduleM/Taxidermy",1343,1343,"2011v1.2, 2011v1.5, 2011v1.3"
"/Return/ReturnData/IRS990ScheduleM/QualifiedContribHistStruct",1336,1336,"2011v1.2, 2011v1.5, 2011v1.3"
"/Return/ReturnData/IRS990ScheduleH/Form990ScheduleHPartVSectionB/StateRegulation",1328,797,"2011v1.2, 2011v1.5, 2011v1.3"
"/Return/ReturnData/IRS990ScheduleH/Form990ScheduleHPartIV/DescriptionEntPrimaryActivity",1322,547,"2011v1.3, 2011v1.2, 2011v1.5"
"/Return/ReturnData/IRS990ScheduleN/LiquidationTable/LiquidationDetail/NameBusiness",1318,614,"2011v1.5, 2011v1.2"
"/Return/ReturnData/IRS990ScheduleN/LiquidationTable/LiquidationDetail/NameBusiness/BusinessNameLine1",1318,614,"2011v1.5, 2011v1.2"
"/Return/ReturnData/IRS990ScheduleN/DispositionTable/AddressUS/AddressLine1",1314,713,"2011v1.3, 2011v1.2, 2011v1.5"
"/Return/ReturnData/IRS990ScheduleN/DispositionTable/AddressUS",1314,713,"2011v1.3, 2011v1.5, 2011v1.2"
"/Return/ReturnData/IRS990ScheduleN/DispositionTable/AddressUS/City",1314,713,"2011v1.2, 2011v1.3, 2011v1.5"
"/Return/ReturnData/IRS990ScheduleN/DispositionTable/AddressUS/State",1314,713,"2011v1.5, 2011v1.3, 2011v1.2"
"/Return/ReturnData/IRS990ScheduleN/DispositionTable/AddressUS/ZIPCode",1314,713,"2011v1.2, 2011v1.5, 2011v1.3"
"/Return/ReturnData/IRS990/TheBooksAreInCareOf/NameBusiness/BusinessNameLine2",1311,1311,"2011v1.5, 2011v1.3, 2011v1.2"
"/Return/ReturnData/IRS990ScheduleN/DispositionTable/MethodOfFMVDetermination",1308,694,"2011v1.3, 2011v1.2, 2011v1.5"
"/Return/ReturnData/IRS990ScheduleN/AssetsDistributed",1290,1290,"2011v1.3, 2011v1.2, 2011v1.5"
"/Return/ReturnData/IRS990ScheduleN/BondsOutstanding",1288,1288,"2011v1.2, 2011v1.5, 2011v1.3"
"/Return/ReturnData/IRS990ScheduleN/LiabilitiesPaid",1286,1286,"2011v1.2, 2011v1.5, 2011v1.3"
"/Return/ReturnData/IRS990ScheduleN/RequiredToNotifyAG",1286,1286,"2011v1.3, 2011v1.5, 2011v1.2"
"/Return/ReturnData/IRS990ScheduleG/GamingInformation/VolunteerLaborPercentageBingo",1285,1285,"2011v1.2, 2011v1.5, 2011v1.4, 2011v1.3"
"/Return/ReturnData/IRS990ScheduleN/DispositionTable/IRCSection",1277,687,"2011v1.2, 2011v1.3, 2011v1.5"
"/Return/ReturnData/AffiliateListing/Affiliate/AddressUS/State",1276,79,"2011v1.5, 2011v1.2, 2011v1.3"
"/Return/ReturnData/AffiliateListing/Affiliate/Name",1276,79,"2011v1.5, 2011v1.3, 2011v1.2"
"/Return/ReturnData/AffiliateListing/Affiliate/EIN",1276,79,"2011v1.3, 2011v1.2, 2011v1.5"
"/Return/ReturnData/AffiliateListing/Affiliate/Name/BusinessNameLine1",1276,79,"2011v1.2, 2011v1.3, 2011v1.5"
"/Return/ReturnData/AffiliateListing/Affiliate/NameControl",1276,79,"2011v1.5, 2011v1.3, 2011v1.2"
"/Return/ReturnData/AffiliateListing/Affiliate/AddressUS/City",1276,79,"2011v1.5, 2011v1.3, 2011v1.2"
"/Return/ReturnData/AffiliateListing/Affiliate",1276,79,"2011v1.5, 2011v1.2, 2011v1.3"
"/Return/ReturnData/AffiliateListing/Affiliate/AddressUS/AddressLine1",1276,79,"2011v1.5, 2011v1.2, 2011v1.3"
"/Return/ReturnData/AffiliateListing/Affiliate/AddressUS",1276,79,"2011v1.2, 2011v1.5, 2011v1.3"
"/Return/ReturnData/AffiliateListing/Affiliate/AddressUS/ZIPCode",1276,79,"2011v1.3, 2011v1.2, 2011v1.5"
"/Return/ReturnData/IRS990ScheduleH/Form990ScheduleHPartIV/OrganizationProfitOrOwnership",1274,538,"2011v1.3, 2011v1.2, 2011v1.5"
"/Return/ReturnData/IRS990ScheduleC/GrassrootsLobbyingExpenditures/CurrentYear",1267,1267,"2011v1.5, 2011v1.2, 2011v1.3"
"/Return/ReturnData/IRS990ScheduleD/DonorAdvisedContributions",1264,1264,"2011v1.3, 2011v1.5, 2011v1.2"
"/Return/ReturnData/IRS990ScheduleN/DirectorOfSuccessor",1263,1263,"2011v1.5, 2011v1.2, 2011v1.3"
"/Return/ReturnData/IRS990ScheduleN/EmployeeOfSuccessor",1261,1261,"2011v1.2, 2011v1.5, 2011v1.3"
"/Return/ReturnData/IRS990ScheduleN/ReceiveCompensation",1261,1261,"2011v1.5, 2011v1.2, 2011v1.3"
"/Return/ReturnData/IRS990ScheduleN/OwnerOfSuccessor",1260,1260,"2011v1.2, 2011v1.5, 2011v1.3"
"/Return/ReturnData/IRS990ScheduleH/CommunityHealthServices/DirectOffsettingRevenue",1260,1260,"2011v1.5, 2011v1.2, 2011v1.3"
"/Return/ReturnData/IRS990ScheduleC/GrassrootsLobbyingExpenditures/CurrentYearMinus1",1244,1244,"2011v1.2, 2011v1.5, 2011v1.3"
"/Return/ReturnData/IRS990ScheduleH/Form990ScheduleHPartVSectionB/AttachedToInvoices",1239,768,"2011v1.3, 2011v1.2, 2011v1.5"
"/Return/ReturnData/IRS990ScheduleM/WorksOfArt/NoncashContribsRptdF990",1238,1238,"2011v1.3, 2011v1.5, 2011v1.2"
"/Return/ReturnData/IRS990ScheduleA/CommunityTrust170b1Avi",1223,1223,"2011v1.5, 2011v1.2, 2011v1.3"
"/Return/ReturnData/IRS990ScheduleN/LiquidationTable",1215,1215,"2011v1.5, 2011v1.2, 2011v1.3"
"/Return/ReturnData/IRS990ScheduleH/Form990ScheduleHPartVSectionB/OtherPublicity",1212,742,"2011v1.3, 2011v1.2, 2011v1.5"
"/Return/ReturnData/IRS990ScheduleD/GrantsPaidFromDonorFunds",1209,1209,"2011v1.3, 2011v1.2, 2011v1.5"
"/Return/ReturnData/IRS990ScheduleG/GamingManagerCompensation",1208,1208,"2011v1.3, 2011v1.2, 2011v1.5"
"/Return/ReturnData/IRS990ScheduleM/CarsAndOtherVehicles/NonCashCheckbox",1207,1207,"2011v1.5, 2011v1.2, 2011v1.3"
"/Return/ReturnData/IRS990ScheduleM/CarsAndOtherVehicles/NoncashContribsRptdF990",1204,1204,"2011v1.3, 2011v1.2, 2011v1.5"
"/Return/ReturnData/IRS990ScheduleM/BooksAndPublications/NonCashCheckbox",1202,1202,"2011v1.3, 2011v1.2, 2011v1.5"
"/Return/ReturnData/IRS990ScheduleM/CarsAndOtherVehicles/NumberOfContributions",1188,1188,"2011v1.2, 2011v1.5, 2011v1.3"
"/Return/ReturnData/IRS990ScheduleM/BooksAndPublications/NoncashContribsRptdF990",1179,1179,"2011v1.3, 2011v1.2, 2011v1.5"
"/Return/ReturnData/IRS990ScheduleA/CollegeSupportOrg170b1Aiv",1179,1179,"2011v1.3, 2011v1.5, 2011v1.2"
"/Return/ReturnData/IRS990ScheduleH/Total/PercentOfTotalExpense",1172,1172,"2011v1.2, 2011v1.5, 2011v1.3"
"/Return/ReturnData/IRS990ScheduleG/AmountDistributed",1172,1172,"2011v1.5, 2011v1.4, 2011v1.2, 2011v1.3"
"/Return/ReturnData/IRS990ScheduleM/WorksOfArt/MethodOfDeterminingRevenues",1168,1168,"2011v1.2, 2011v1.5, 2011v1.3"
"/Return/ReturnData/IRS990ScheduleH/Pcent200",1163,1163,"2011v1.3, 2011v1.2, 2011v1.5"
"/Return/ReturnData/IRS990ScheduleC/GrassrootsLobbyingExpenditures/CurrentYearMinus2",1162,1162,"2011v1.3, 2011v1.2, 2011v1.5"
"/Return/ReturnData/IRS990ScheduleH/Form990ScheduleHPartVSectionB/NotifiedAllPatients",1155,812,"2011v1.3, 2011v1.2, 2011v1.5"
"/Return/ReturnData/IRS990ScheduleN/DispositionTable/EIN",1155,622,"2011v1.2, 2011v1.3, 2011v1.5"
"/Return/ReturnData/IRS990ScheduleH/SubsidizedHealthServices/DirectOffsettingRevenue",1147,1147,"2011v1.3, 2011v1.2, 2011v1.5"
"/Return/ReturnData/IRS990ScheduleR/Form990ScheduleRPartII/LegalDomicileForeignCountry",1145,563,"2011v1.3, 2011v1.5, 2011v1.2"
"/Return/ReturnData/IRS990ScheduleN/Form990ScheduleNPartIII",1132,772,"2011v1.2, 2011v1.5, 2011v1.3"
"/Return/ReturnData/IRS990ScheduleC/NonDedLobbyPoliticalCarryover",1126,1126,"2011v1.5, 2011v1.2, 2011v1.3"
"/Return/ReturnData/IRS990ScheduleN/Form990ScheduleNPartIII/Explanation",1125,770,"2011v1.2, 2011v1.5, 2011v1.3"
"/Return/ReturnData/IRS990ScheduleH/Form990ScheduleHPartVSectionB/DocumentedDetermination",1116,780,"2011v1.2, 2011v1.5, 2011v1.3"
"/Return/ReturnData/IRS990ScheduleF/NoRecipientOver5K",1115,1115,"2011v1.2, 2011v1.3, 2011v1.5"
"/Return/ReturnData/IRS990ScheduleM/CarsAndOtherVehicles/MethodOfDeterminingRevenues",1097,1097,"2011v1.5, 2011v1.2, 2011v1.3"
"/Return/ReturnData/IRS990ScheduleJ/FirstClassOrCharterTravel",1093,1093,"2011v1.2, 2011v1.5, 2011v1.3"
"/Return/ReturnData/IRS990ScheduleK/Form990ScheduleKPartIV/RegulatorySafeHarborSatisfied",1089,585,"2011v1.3, 2011v1.2, 2011v1.5"
"/Return/ReturnData/IRS990ScheduleH/Form990ScheduleHPartIV/PhysicansProfitOrOwnership",1079,466,"2011v1.2, 2011v1.3, 2011v1.5"
"/Return/ReturnData/IRS990ScheduleG/GamingInformation/NonCashPrizesTotalGaming",1078,1078,"2011v1.3, 2011v1.5, 2011v1.4, 2011v1.2"
"/Return/ReturnData/IRS990ScheduleG/GamingInformation/VolunteerLaborPrcntagePullTabs",1078,1078,"2011v1.5, 2011v1.2, 2011v1.3"
"/Return/ReturnData/IRS990ScheduleC/GrassrootsLobbyingExpenditures/CurrentYearMinus3",1069,1069,"2011v1.5, 2011v1.2, 2011v1.3"
"/Return/ReturnData/IRS990ScheduleD/CloselyHeldEquityInterests/BookValue",1068,1068,"2011v1.5, 2011v1.2, 2011v1.3"
"/Return/ReturnData/IRS990ScheduleR/TransactionsRelatedOrgsTable/NameOfOtherOrganization/BusinessNameLine2",1067,370,"2011v1.2, 2011v1.5"
"/Return/ReturnData/IRS990ScheduleM/BooksAndPublications/MethodOfDeterminingRevenues",1065,1065,"2011v1.5, 2011v1.2, 2011v1.3"
"/Return/ReturnData/IRS990ScheduleH/CharityCareAtCost/DirectOffsettingRevenue",1065,1065,"2011v1.5, 2011v1.2, 2011v1.3"
"/Return/ReturnData/IRS990ScheduleD/EndingBalance",1053,1053,"2011v1.3, 2011v1.2, 2011v1.5"
"/Return/ReturnData/IRS990ScheduleN/BondLiabilitiesDischarged",1050,1050,"2011v1.2, 2011v1.5, 2011v1.3"
"/Return/ReturnData/IRS990ScheduleR/Form990ScheduleRPartII/AddressForeign/AddressLine1",1048,521,"2011v1.2, 2011v1.5, 2011v1.3"
"/Return/ReturnData/IRS990ScheduleR/Form990ScheduleRPartII/AddressForeign/Country",1048,521,"2011v1.3, 2011v1.5, 2011v1.2"
"/Return/ReturnData/IRS990ScheduleR/Form990ScheduleRPartII/AddressForeign",1048,521,"2011v1.5, 2011v1.2, 2011v1.3"
"/Return/ReturnData/IRS990ScheduleM/DrugsAndMedicalSupplies/NoncashContribsRptdF990",1045,1045,"2011v1.2, 2011v1.5, 2011v1.3"
"/Return/ReturnData/IRS990ScheduleC/Sec527PolOrgs/AmtOfContribsRecdDelivered",1040,557,"2011v1.5, 2011v1.2, 2011v1.3"
"/Return/ReturnData/IRS990ScheduleM/DrugsAndMedicalSupplies/NonCashCheckbox",1040,1040,"2011v1.3, 2011v1.5, 2011v1.2"
"/Return/ReturnData/IRS990ScheduleN/DispositionTable/NameBusiness",1033,545,"2011v1.5, 2011v1.2, 2011v1.3"
"/Return/ReturnData/IRS990ScheduleD/BeginningBalance",1033,1033,"2011v1.2, 2011v1.5, 2011v1.3"
"/Return/ReturnData/IRS990ScheduleN/DispositionTable/NameBusiness/BusinessNameLine1",1033,545,"2011v1.3, 2011v1.2, 2011v1.5"
"/Return/ReturnData/IRS990ScheduleH/Form990ScheduleHPartVSectionA/Other",1012,618,"2011v1.3, 2011v1.2, 2011v1.5"
"/Return/ReturnData/IRS990ScheduleH/HealthProfessionsEducation/DirectOffsettingRevenue",1003,1003,"2011v1.2, 2011v1.5, 2011v1.3"
"/Return/ReturnData/IRS990EZ/TotNumCntrctPdOver100KProfSer",992,992,"2011v1.3, 2011v1.5, 2011v1.2"
"/Return/ReturnData/IRS990ScheduleH/Form990ScheduleHPartVSectionB/NotifyUponAdmission",984,673,"2011v1.3, 2011v1.2, 2011v1.5"
"/Return/ReturnData/IRS990ScheduleM/DrugsAndMedicalSupplies/NumberOfContributions",981,981,"2011v1.2, 2011v1.3, 2011v1.5"
"/Return/ReturnData/IRS990ScheduleR/Form990ScheduleRPartIII/AddressUS/AddressLine2",974,42,"2011v1.2, 2011v1.5"
"/Return/ReturnData/IRS990ScheduleG/GamingManagerIsEmployee",964,964,"2011v1.5, 2011v1.2, 2011v1.3"
"/Return/ReturnData/IRS990ScheduleR/Form990ScheduleRPartII/DirectControllingEntityName/BusinessNameLine2",958,303,"2011v1.5, 2011v1.2"
"/Return/ReturnData/IRS990ScheduleN/AGNotified",954,954,"2011v1.3, 2011v1.2, 2011v1.5"
"/Return/ReturnData/IRS990ScheduleR/Form990ScheduleRPartII/AddressUS/AddressLine2",948,391,"2011v1.3, 2011v1.2, 2011v1.5"
"/Return/ReturnData/IRS990ScheduleR/Form990ScheduleRPartII/AddressForeign/City",947,492,"2011v1.5, 2011v1.2, 2011v1.3"
"/Return/ReturnData/IRS990ScheduleN/EmployeeOfSuccessor2",938,938,"2011v1.5, 2011v1.3, 2011v1.2"
"/Return/ReturnData/IRS990ScheduleN/DirectorOfSuccessor2",937,937,"2011v1.3, 2011v1.2, 2011v1.5"
"/Return/ReturnData/IRS990ScheduleN/OwnerOfSuccessor2",937,937,"2011v1.3, 2011v1.5, 2011v1.2"
"/Return/ReturnData/IRS990ScheduleN/ReceiveCompensation2",936,936,"2011v1.3, 2011v1.5, 2011v1.2"
"/Return/ReturnData/IRS990ScheduleD/NmbrStatesInWhichEasementsHeld",928,928,"2011v1.3, 2011v1.5, 2011v1.2"
"/Return/ReturnData/IRS990ScheduleA/TenPercentTestCurrentYear",925,925,"2011v1.2, 2011v1.3, 2011v1.5"
"/Return/ReturnData/IRS990ScheduleH/CommunitySupport",924,924,"2011v1.3, 2011v1.2, 2011v1.5"
"/Return/ReturnData/IRS990ScheduleD/TotalNumberOfEasements",909,909,"2011v1.5, 2011v1.3, 2011v1.2"
"/Return/ReturnData/IRS990ScheduleH/CommunitySupport/NetCommunityBuildingExpense",898,898,"2011v1.3, 2011v1.5, 2011v1.2"
"/Return/ReturnData/IRS990ScheduleM/DrugsAndMedicalSupplies/MethodOfDeterminingRevenues",894,894,"2011v1.5, 2011v1.3, 2011v1.2"
"/Return/ReturnData/IRS990ScheduleC/AmountToBeCarriedOver",889,889,"2011v1.3, 2011v1.5, 2011v1.2"
"/Return/ReturnData/IRS990EZ/TotNumberOfOthEmplPaidOver100k",878,878,"2011v1.5, 2011v1.3, 2011v1.2"
"/Return/ReturnData/IRS990ScheduleH/CommunitySupport/TotalCommunityBuildingExpense",872,872,"2011v1.3, 2011v1.2, 2011v1.5"
"/Return/ReturnData/IRS990EZ/OfficerDirectorTrusteeKeyEmpl/AddressForeign/PostalCode",862,457,"2011v1.2, 2011v1.5, 2011v1.3"
"/Return/ReturnData/IRS990ScheduleH/Form990ScheduleHPartVSectionB/CHNAConducted",862,671,"2011v1.5, 2011v1.2, 2011v1.3"
"/Return/ReturnData/IRS990ScheduleH/UnreimbursedCosts",858,858,"2011v1.3, 2011v1.2, 2011v1.5"
"/Return/ReturnData/IRS990ScheduleG/NameOfGamingRecKeeperBus",857,857,"2011v1.5, 2011v1.2"
"/Return/ReturnData/IRS990ScheduleG/NameOfGamingRecKeeperBus/BusinessNameLine1",857,857,"2011v1.2, 2011v1.5"
"/Return/ReturnData/IRS990ScheduleD/TotalAcreage",853,853,"2011v1.3, 2011v1.5, 2011v1.2"
"/Return/ReturnData/IRS990ScheduleH/Form990ScheduleHPartVSectionB/NotifyBeforeDischarge",853,591,"2011v1.5, 2011v1.2, 2011v1.3"
"/Return/ReturnData/IRS990ScheduleH/Form990ScheduleHPartVSectionA/TeachingHospital",852,575,"2011v1.5, 2011v1.2, 2011v1.3"
"/Return/ReturnData/IRS990/TerminationOrContraction",851,851,"2011v1.3, 2011v1.2, 2011v1.5"
"/Return/ReturnData/IRS990ScheduleJ/DiscretionarySpendingAccount",846,846,"2011v1.3, 2011v1.2, 2011v1.5"
"/Return/ReturnData/IRS990ScheduleK/Form990ScheduleKPartIV/TermOfGIC",843,480,"2011v1.2, 2011v1.3, 2011v1.5"
"/Return/ReturnData/IRS990EZ/OfficerDirectorTrusteeKeyEmpl/AddressForeign/ProvinceOrState",836,476,"2011v1.3, 2011v1.5, 2011v1.2"
"/Return/ReturnData/IRS990EZ/OfficerDirectorTrusteeKeyEmpl/BusinessName/BusinessNameLine2",828,181,"2011v1.3, 2011v1.2, 2011v1.5"
"/Return/ReturnData/IRS990ScheduleG/GamingInformation/RentFacilityCostsBingo",825,825,"2011v1.3, 2011v1.2, 2011v1.5, 2011v1.4"
"/Return/ReturnData/IRS990ScheduleD/CollectUsedForLoanOrExchPrgrms",814,814,"2011v1.5, 2011v1.2, 2011v1.3"
"/Return/ReturnData/IRS990ScheduleH/CommunitySupport/PercentOfTotalExpense",814,814,"2011v1.3, 2011v1.5, 2011v1.2"
"/Return/ReturnData/IRS990ScheduleH/UnreimbursedCosts/TotalCommunityBenefitExpense",806,806,"2011v1.5, 2011v1.2, 2011v1.3"
"/Return/ReturnData/IRS990ScheduleH/Form990ScheduleHPartVSectionB/PermitReportToCreditAgency",803,555,"2011v1.5, 2011v1.2, 2011v1.3"
"/Return/ReturnData/IRS990ScheduleD/AdditionsDuringYear",799,799,"2011v1.2, 2011v1.5, 2011v1.3"
"/Return/ReturnData/IRS990ScheduleH/Research",796,796,"2011v1.2, 2011v1.5, 2011v1.3"
"/Return/ReturnData/IRS990ScheduleH/UnreimbursedCosts/NetCommunityBenefitExpense",792,792,"2011v1.2, 2011v1.3, 2011v1.5"
"/Return/ReturnData/IRS990ScheduleG/GamingInformation/NonCashPrizesOtherGaming",785,785,"2011v1.3, 2011v1.2, 2011v1.5"
"/Return/ReturnData/IRS990ScheduleH/UnreimbursedCosts/PercentOfTotalExpense",784,784,"2011v1.3, 2011v1.5, 2011v1.2"
"/Return/ReturnData/IRS990ScheduleC/GrantsOtherOrganizationsAmount",781,781,"2011v1.3, 2011v1.2, 2011v1.5"
"/Return/ReturnData/IRS990ScheduleH/TotalCommunityBenefits/PersonsServed",778,778,"2011v1.3, 2011v1.5, 2011v1.2"
"/Return/ReturnData/CompensationExplanation/Compensation/BusinessName/BusinessNameLine2",772,170,"2011v1.2, 2011v1.5"
"/Return/ReturnData/IRS990/ContractorCompensation/AddressOfContractor/AddressForeign",767,463,"2011v1.3, 2011v1.5, 2011v1.2"
"/Return/ReturnData/IRS990/ContractorCompensation/AddressOfContractor/AddressForeign/Country",767,463,"2011v1.3, 2011v1.2, 2011v1.5"
"/Return/ReturnData/IRS990/ContractorCompensation/AddressOfContractor/AddressForeign/AddressLine1",767,463,"2011v1.3, 2011v1.5, 2011v1.2"
"/Return/ReturnData/IRS990ScheduleD/DistributionsDuringYear",755,755,"2011v1.3, 2011v1.5, 2011v1.2"
"/Return/ReturnData/IRS990/ContractorCompensation/AddressOfContractor/AddressUS/AddressLine2",749,475,"2011v1.2, 2011v1.5, 2011v1.3"
"/Return/ReturnData/IRS990ScheduleH/Form990ScheduleHPartVSectionA/CriticalAccessHospital",745,668,"2011v1.5, 2011v1.2, 2011v1.3"
"/Return/ReturnData/IRS990ScheduleH/Research/TotalCommunityBenefitExpense",743,743,"2011v1.2, 2011v1.5, 2011v1.3"
"/Return/ReturnData/IRS990ScheduleH/TotalOtherBenefits/PersonsServed",742,742,"2011v1.3, 2011v1.5, 2011v1.2"
"/Return/ReturnData/IRS990ScheduleH/UnreimbursedCosts/DirectOffsettingRevenue",738,738,"2011v1.5, 2011v1.2, 2011v1.3"
"/Return/ReturnData/IRS990/ContractorCompensation/AddressOfContractor/AddressForeign/City",735,445,"2011v1.3, 2011v1.2, 2011v1.5"
"/Return/ReturnData/IRS990ScheduleD/StaffHoursSpentOnEnforcement",733,733,"2011v1.5, 2011v1.2, 2011v1.3"
"/Return/ReturnData/IRS990ScheduleD/CloselyHeldEquityInterests/MethodOfValuation",731,731,"2011v1.2, 2011v1.5, 2011v1.3"
"/Return/ReturnData/IRS990ScheduleH/WorkforceDevelopment",723,723,"2011v1.3, 2011v1.2, 2011v1.5"
"/Return/ReturnData/IRS990ScheduleH/Research/PercentOfTotalExpense",722,722,"2011v1.5, 2011v1.2, 2011v1.3"
"/Return/ReturnData/IRS990ScheduleG/GamingInformation/RentFacilityCostsPullTabs",716,716,"2011v1.3, 2011v1.5, 2011v1.2"
"/Return/ReturnData/IRS990ScheduleH/Research/NetCommunityBenefitExpense",714,714,"2011v1.3, 2011v1.2, 2011v1.5"
"/Return/ReturnData/IRS990EZ/MethodOfAccountingOther",711,711,"2011v1.3, 2011v1.2, 2011v1.5"
"/Return/ReturnData/IRS990/TerminatedReturn",707,707,"2011v1.2, 2011v1.5, 2011v1.3"
"/Return/ReturnData/IRS990ScheduleH/Form990ScheduleHPartVSectionB/ReportToCreditAgency",698,478,"2011v1.2, 2011v1.5, 2011v1.3"
"/Return/ReturnData/IRS990ScheduleH/WorkforceDevelopment/NetCommunityBuildingExpense",695,695,"2011v1.3, 2011v1.5, 2011v1.2"
"/Return/ReturnData/IRS990ScheduleA/PrivateFoundation170",687,687,"2011v1.3, 2011v1.2, 2011v1.5"
"/Return/ReturnData/IRS990ScheduleD/ProtectionOfNaturalHabitat",682,682,"2011v1.3, 2011v1.2, 2011v1.5"
"/Return/ReturnData/IRS990EZ/TerminatedReturn",679,679,"2011v1.2, 2011v1.5, 2011v1.3"
"/Return/ReturnData/IRS990ScheduleH/TotalCommunityBenefits/NumberOfActivitiesOrPrograms",679,679,"2011v1.2, 2011v1.5, 2011v1.3"
"/Return/ReturnData/IRS990/TotalJointCosts/ProgramServices",675,675,"2011v1.3, 2011v1.2, 2011v1.5"
"/Return/ReturnData/IRS990/TotalJointCosts/Fundraising",666,666,"2011v1.3, 2011v1.5, 2011v1.2"
"/Return/ReturnData/IRS990EZ/TheBooksAreInCareOf/NameBusiness/BusinessNameLine2",665,665,"2011v1.5, 2011v1.2, 2011v1.3"
"/Return/ReturnData/IRS990ScheduleH/TotalOtherBenefits/NumberOfActivitiesOrPrograms",665,665,"2011v1.2, 2011v1.5, 2011v1.3"
"/Return/ReturnData/IRS990ScheduleD/ContribToFundsAndOtherAccounts",659,659,"2011v1.5, 2011v1.2, 2011v1.3"
"/Return/ReturnData/IRS990ScheduleH/HealthImprovementAdvocacy",658,658,"2011v1.5, 2011v1.2, 2011v1.3"
"/Return/ReturnData/IRS990ScheduleH/WorkforceDevelopment/TotalCommunityBuildingExpense",654,654,"2011v1.3, 2011v1.2, 2011v1.5"
"/Return/ReturnData/IRS990ScheduleH/CoalitionBuilding",652,652,"2011v1.5, 2011v1.2, 2011v1.3"
"/Return/ReturnData/IRS990ScheduleH/WorkforceDevelopment/PercentOfTotalExpense",649,649,"2011v1.5, 2011v1.2, 2011v1.3"
"/Return/ReturnData/IRS990ScheduleC/VolunteerHours",649,649,"2011v1.3, 2011v1.5, 2011v1.2"
"/Return/ReturnData/IRS990ScheduleM/RealEstateCommercial/NonCashCheckbox",648,648,"2011v1.3, 2011v1.2, 2011v1.5"
"/Return/ReturnData/IRS990ScheduleM/RealEstateCommercial/NoncashContribsRptdF990",642,642,"2011v1.3, 2011v1.5, 2011v1.2"
"/Return/ReturnData/IRS990ScheduleA/SupportedOrgInformation/Name/BusinessNameLine2",642,629,"2011v1.2, 2011v1.5, 2011v1.3"
"/Return/ReturnData/IRS990ScheduleA/PrivateFoundation509",642,642,"2011v1.3, 2011v1.5, 2011v1.2"
"/Return/ReturnData/IRS990ScheduleM/RealEstateOther/NonCashCheckbox",641,641,"2011v1.3, 2011v1.2, 2011v1.5"
"/Return/ReturnData/IRS990ScheduleM/RealEstateCommercial/NumberOfContributions",640,640,"2011v1.3, 2011v1.5, 2011v1.2"
"/Return/ReturnData/IRS990ScheduleC/TotalExmptFunctionExpenditures",636,636,"2011v1.3, 2011v1.2, 2011v1.5"
"/Return/ReturnData/IRS990ScheduleM/RealEstateResidential/NonCashCheckbox",635,635,"2011v1.2, 2011v1.5, 2011v1.3"
"/Return/ReturnData/IRS990ScheduleD/ArtPublicExhibitionAmts/RevenuesIncluded",633,633,"2011v1.3, 2011v1.2, 2011v1.5"
"/Return/ReturnData/IRS990ScheduleM/RealEstateOther/NumberOfContributions",632,632,"2011v1.2, 2011v1.3, 2011v1.5"
"/Return/ReturnData/IRS990ScheduleM/RealEstateResidential/NoncashContribsRptdF990",628,628,"2011v1.5, 2011v1.2, 2011v1.3"
"/Return/ReturnData/IRS990ScheduleN/LiquidationTable/LiquidationDetail/NamePerson",627,300,"2011v1.2, 2011v1.5, 2011v1.3"
"/Return/ReturnData/IRS990ScheduleM/RealEstateOther/NoncashContribsRptdF990",626,626,"2011v1.3, 2011v1.2, 2011v1.5"
"/Return/ReturnData/IRS990ScheduleH/CoalitionBuilding/NetCommunityBuildingExpense",626,626,"2011v1.5, 2011v1.2, 2011v1.3"
"/Return/ReturnData/IRS990ScheduleM/RealEstateResidential/NumberOfContributions",626,626,"2011v1.5, 2011v1.2, 2011v1.3"
"/Return/ReturnData/IRS990ScheduleD/ExpensesIncurredForEnforcement",625,625,"2011v1.3, 2011v1.5, 2011v1.2"
"/Return/ReturnData/IRS990ScheduleD/NumberFundsHeld",624,624,"2011v1.2, 2011v1.5, 2011v1.3"
"/Return/ReturnData/IRS990ScheduleA/ThirtyThreePercntTestsPY170",620,620,"2011v1.3, 2011v1.2, 2011v1.5"
"/Return/ReturnData/IRS990ScheduleH/CommunityHealthServices/PersonsServed",617,617,"2011v1.3, 2011v1.2, 2011v1.5"
"/Return/ReturnData/IRS990ScheduleH/Pcent400",615,615,"2011v1.3, 2011v1.2, 2011v1.5"
"/Return/ReturnData/IRS990ScheduleH/HealthImprovementAdvocacy/NetCommunityBuildingExpense",612,612,"2011v1.2, 2011v1.5, 2011v1.3"
"/Return/ReturnData/IRS990/TotalJointCosts/ManagementAndGeneral",604,604,"2011v1.5, 2011v1.2, 2011v1.3"
"/Return/ReturnData/IRS990ScheduleD/AggregateFundValue",604,604,"2011v1.2, 2011v1.5, 2011v1.3"
"/Return/ReturnData/IRS990ScheduleD/FinancialDerivatives/BookValue",601,601,"2011v1.3, 2011v1.5, 2011v1.2"
"/Return/ReturnData/IRS990ScheduleH/CashAndInKindContributions/DirectOffsettingRevenue",601,601,"2011v1.3, 2011v1.5, 2011v1.2"
"/Return/ReturnData/IRS990ScheduleD/PreservationOfOpenSpace",585,585,"2011v1.3, 2011v1.5, 2011v1.2"
"/Return/ReturnData/IRS990ScheduleH/HealthImprovementAdvocacy/TotalCommunityBuildingExpense",584,584,"2011v1.3, 2011v1.2, 2011v1.5"
"/Return/ReturnData/IRS990ScheduleD/GrantsFundsAndOtherAccounts",580,580,"2011v1.5, 2011v1.3, 2011v1.2"
"/Return/ReturnData/IRS990ScheduleH/HealthImprovementAdvocacy/PercentOfTotalExpense",572,572,"2011v1.3, 2011v1.2, 2011v1.5"
"/Return/ReturnData/IRS990ScheduleH/CoalitionBuilding/TotalCommunityBuildingExpense",569,569,"2011v1.2, 2011v1.5, 2011v1.3"
"/Return/ReturnData/IRS990ScheduleH/Form990ScheduleHPartIV/OfficersEtcProfitOrOwnership",566,262,"2011v1.5, 2011v1.2, 2011v1.3"
"/Return/ReturnData/IRS990ScheduleH/CoalitionBuilding/PercentOfTotalExpense",555,555,"2011v1.5, 2011v1.2, 2011v1.3"
"/Return/ReturnData/AffiliatedGroupSchedule/AffiliatedSchedule/TotalGrassrootsLobbying",554,98,"2011v1.5, 2011v1.2, 2011v1.3"
"/Return/ReturnData/AffiliatedGroupSchedule/AffiliatedSchedule/GrassrootsNontaxableAmount",554,98,"2011v1.2, 2011v1.5, 2011v1.3"
"/Return/ReturnData/AffiliatedGroupSchedule/AffiliatedSchedule/AddressUS/ZIPCode",554,98,"2011v1.3, 2011v1.2, 2011v1.5"
"/Return/ReturnData/AffiliatedGroupSchedule/AffiliatedSchedule/TotLobbyExpendMnsLobbyingNontx",554,98,"2011v1.3, 2011v1.5, 2011v1.2"
"/Return/ReturnData/AffiliatedGroupSchedule/AffiliatedSchedule/TotalLobbyingExpenditures",554,98,"2011v1.3, 2011v1.5, 2011v1.2"
"/Return/ReturnData/AffiliatedGroupSchedule/AffiliatedSchedule/AddressUS",554,98,"2011v1.2, 2011v1.3, 2011v1.5"
"/Return/ReturnData/AffiliatedGroupSchedule/AffiliatedSchedule/AddressUS/AddressLine1",554,98,"2011v1.3, 2011v1.2, 2011v1.5"
"/Return/ReturnData/AffiliatedGroupSchedule/AffiliatedSchedule/ShareOfExcessLobbyingExpendtrs",554,98,"2011v1.3, 2011v1.5, 2011v1.2"
"/Return/ReturnData/AffiliatedGroupSchedule/AffiliatedSchedule/EIN",554,98,"2011v1.5, 2011v1.2, 2011v1.3"
"/Return/ReturnData/AffiliatedGroupSchedule/AffiliatedSchedule/AddressUS/State",554,98,"2011v1.3, 2011v1.5, 2011v1.2"
"/Return/ReturnData/AffiliatedGroupSchedule/AffiliatedSchedule/BusinessName/BusinessNameLine1",554,98,"2011v1.2, 2011v1.5, 2011v1.3"
"/Return/ReturnData/AffiliatedGroupSchedule/AffiliatedSchedule/LobbyingNontaxableAmount",554,98,"2011v1.3, 2011v1.5, 2011v1.2"
"/Return/ReturnData/AffiliatedGroupSchedule/AffiliatedSchedule/OtherExemptPurposeExpenditures",554,98,"2011v1.3, 2011v1.2, 2011v1.5"
"/Return/ReturnData/AffiliatedGroupSchedule/AffiliatedSchedule",554,98,"2011v1.2, 2011v1.5, 2011v1.3"
"/Return/ReturnData/AffiliatedGroupSchedule/AffiliatedSchedule/BusinessName",554,98,"2011v1.3, 2011v1.5, 2011v1.2"
"/Return/ReturnData/AffiliatedGroupSchedule/AffiliatedSchedule/TotLobbyingGrassrootMinusNontx",554,98,"2011v1.3, 2011v1.5, 2011v1.2"
"/Return/ReturnData/AffiliatedGroupSchedule/AffiliatedSchedule/AddressUS/City",554,98,"2011v1.3, 2011v1.2, 2011v1.5"
"/Return/ReturnData/AffiliatedGroupSchedule/AffiliatedSchedule/TotalExemptPurposeExpenditures",554,98,"2011v1.5, 2011v1.3, 2011v1.2"
"/Return/ReturnData/AffiliatedGroupSchedule/AffiliatedSchedule/TotalDirectLobbying",554,98,"2011v1.3, 2011v1.5, 2011v1.2"
"/Return/ReturnData/IRS990ScheduleJ/PersonalServices",549,549,"2011v1.3, 2011v1.2, 2011v1.5"
"/Return/ReturnData/IRS990ScheduleM/RealEstateResidential/MethodOfDeterminingRevenues",542,542,"2011v1.3, 2011v1.5, 2011v1.2"
"/Return/ReturnData/IRS990ScheduleH/Form990ScheduleHPartVSectionB/OtherFactors",541,315,"2011v1.5, 2011v1.3, 2011v1.2"
"/Return/ReturnData/IRS990ScheduleR/Form990ScheduleRPartII/AddressForeign/PostalCode",540,309,"2011v1.5, 2011v1.2, 2011v1.3"
"/Return/ReturnData/IRS990ScheduleH/CostingMethodologyUsed/Other",540,540,"2011v1.5, 2011v1.2, 2011v1.3"
"/Return/ReturnData/IRS990ScheduleH/TotalCharityCare/PersonsServed",540,540,"2011v1.2, 2011v1.5, 2011v1.3"
"/Return/ReturnData/IRS990ScheduleC/AmtExpendedFor527Activities",539,539,"2011v1.2, 2011v1.5, 2011v1.3"
"/Return/ReturnData/IRS990ScheduleH/Total/NumberOfActivitiesOrPrograms",532,532,"2011v1.3, 2011v1.2, 2011v1.5"
"/Return/ReturnData/IRS990ScheduleH/CommunityHealthServices/NumberOfActivitiesOrPrograms",532,532,"2011v1.3, 2011v1.2, 2011v1.5"
"/Return/ReturnData/IRS990ScheduleC/AmtOfInternalFundsContributed",525,525,"2011v1.3, 2011v1.2, 2011v1.5"
"/Return/ReturnData/IRS990ScheduleM/RealEstateCommercial/MethodOfDeterminingRevenues",521,521,"2011v1.2, 2011v1.3, 2011v1.5"
"/Return/ReturnData/IRS990ScheduleH/Form990ScheduleHPartVSectionB/MedicareRate",519,294,"2011v1.5, 2011v1.2, 2011v1.3"
"/Return/ReturnData/IRS990ScheduleH/EconomicDevelopment",518,518,"2011v1.2, 2011v1.5, 2011v1.3"
"/Return/ReturnData/IRS990ScheduleH/Total/PersonsServed",517,517,"2011v1.2, 2011v1.5, 2011v1.3"
"/Return/ReturnHeader/PreparerFirm/PreparerFirmUSAddress/AddressLine2",516,516,"2011v1.2"
"/Return/ReturnData/IRS990ScheduleH/Research/DirectOffsettingRevenue",514,514,"2011v1.5, 2011v1.2, 2011v1.3"
"/Return/ReturnData/IRS990ScheduleC/MailingsMembersAmount",502,502,"2011v1.5, 2011v1.2, 2011v1.3"
"/Return/ReturnData/IRS990ScheduleG/ExplanationIfNo",499,499,"2011v1.3, 2011v1.2, 2011v1.5"
"/Return/ReturnData/IRS990ScheduleM/RealEstateOther/MethodOfDeterminingRevenues",489,489,"2011v1.3, 2011v1.5, 2011v1.2"
"/Return/ReturnData/IRS990ScheduleA/ThirtyThreePercntTestsPY509",487,487,"2011v1.3, 2011v1.5, 2011v1.2"
"/Return/ReturnData/IRS990ScheduleH/HealthProfessionsEducation/PersonsServed",486,486,"2011v1.2, 2011v1.5, 2011v1.3"
"/Return/ReturnData/IRS990ScheduleH/Form990ScheduleHPartVSectionB/PermitLawsuit",483,357,"2011v1.2, 2011v1.5, 2011v1.3"
"/Return/ReturnData/IRS990ScheduleM/Collectibles/NonCashCheckbox",480,480,"2011v1.3, 2011v1.5, 2011v1.2"
"/Return/ReturnData/IRS990ScheduleH/Pcent300",478,478,"2011v1.3, 2011v1.5, 2011v1.2"
"/Return/ReturnData/IRS990ScheduleM/Collectibles/NumberOfContributions",474,474,"2011v1.5, 2011v1.2, 2011v1.3"
"/Return/ReturnData/IRS990ScheduleH/EconomicDevelopment/NetCommunityBuildingExpense",471,471,"2011v1.3, 2011v1.2, 2011v1.5"
"/Return/ReturnData/IRS990ScheduleH/Pcent100",465,465,"2011v1.2, 2011v1.5, 2011v1.3"
"/Return/ReturnData/IRS990ScheduleM/Collectibles/NoncashContribsRptdF990",455,455,"2011v1.5, 2011v1.3, 2011v1.2"
"/Return/ReturnData/IRS990ScheduleR/Form990ScheduleRPartIV/DirectControllingEntityName/BusinessNameLine2",454,52,"2011v1.2, 2011v1.3, 2011v1.5"
"/Return/ReturnData/IRS990ScheduleH/OtherPercentage",450,450,"2011v1.2, 2011v1.5, 2011v1.3"
"/Return/ReturnData/IRS990ScheduleH/OtherPercentage/Other",450,450,"2011v1.3, 2011v1.2, 2011v1.5"
"/Return/ReturnData/IRS990ScheduleH/OtherPercentage/FreeOtherPercentage",450,450,"2011v1.3, 2011v1.5, 2011v1.2"
"/Return/ReturnData/IRS990ScheduleH/Form990ScheduleHPartVSectionB/AverageNegotiatedRates",442,291,"2011v1.2, 2011v1.3, 2011v1.5"
"/Return/ReturnData/IRS990ScheduleH/EconomicDevelopment/TotalCommunityBuildingExpense",439,439,"2011v1.3, 2011v1.2, 2011v1.5"
"/Return/ReturnData/IRS990ScheduleG/GamingInformation/RentFacilityCostsOtherGaming",438,438,"2011v1.2, 2011v1.5, 2011v1.4, 2011v1.3"
"/Return/ReturnData/IRS990ScheduleH/CashAndInKindContributions/NumberOfActivitiesOrPrograms",436,436,"2011v1.5, 2011v1.2, 2011v1.3"
"/Return/ReturnData/IRS990ScheduleH/CashAndInKindContributions/PersonsServed",435,435,"2011v1.2, 2011v1.5, 2011v1.3"
"/Return/ReturnData/IRS990ScheduleH/CharityCareAtCost/PersonsServed",435,435,"2011v1.2, 2011v1.5, 2011v1.3"
"/Return/ReturnData/IRS990ScheduleH/EconomicDevelopment/PercentOfTotalExpense",433,433,"2011v1.5, 2011v1.2, 2011v1.3"
"/Return/ReturnData/IRS990ScheduleH/LeadershipDevelopment",433,433,"2011v1.3, 2011v1.5, 2011v1.2"
"/Return/ReturnData/IRS990ScheduleM/Collectibles/MethodOfDeterminingRevenues",432,432,"2011v1.5, 2011v1.2, 2011v1.3"
"/Return/ReturnData/IRS990ScheduleH/HealthProfessionsEducation/NumberOfActivitiesOrPrograms",430,430,"2011v1.2, 2011v1.5, 2011v1.3"
"/Return/ReturnData/IRS990ScheduleD/PreservationForPublicUse",426,426,"2011v1.3, 2011v1.5, 2011v1.2"
"/Return/ReturnData/IRS990ScheduleH/DiscountedOther/DiscountedOtherPercentage",423,423,"2011v1.3, 2011v1.2, 2011v1.5"
"/Return/ReturnData/IRS990ScheduleH/DiscountedOther",423,423,"2011v1.2, 2011v1.5, 2011v1.3"
"/Return/ReturnData/IRS990ScheduleH/DiscountedOther/Other",423,423,"2011v1.2, 2011v1.5, 2011v1.3"
"/Return/ReturnData/IRS990ScheduleH/Other",422,422,"2011v1.3, 2011v1.5, 2011v1.2"
"/Return/ReturnData/IRS990/ContractorCompensation/AddressOfContractor/AddressForeign/PostalCode",422,284,"2011v1.5, 2011v1.2, 2011v1.3"
"/Return/ReturnData/IRS990ScheduleR/Form990ScheduleRPartIII/NameOfRelatedOrg/BusinessNameLine2",419,37,"2011v1.2, 2011v1.5"
"/Return/ReturnData/IRS990ScheduleD/NmbrHistStructEasements",418,418,"2011v1.5, 2011v1.2, 2011v1.3"
"/Return/ReturnData/IRS990ScheduleH/Form990ScheduleHPartVSectionB/Lawsuit",411,305,"2011v1.2, 2011v1.5, 2011v1.3"
"/Return/ReturnData/IRS990ScheduleN/Form990ScheduleNPartIII/Identifier",402,322,"2011v1.3, 2011v1.2, 2011v1.5"
"/Return/ReturnData/IRS990ScheduleH/Pcent200D",402,402,"2011v1.5, 2011v1.2, 2011v1.3"
"/Return/ReturnData/IRS990ScheduleH/PhysicalImprovementsAndHousing",390,390,"2011v1.3, 2011v1.5, 2011v1.2"
"/Return/ReturnData/IRS990ScheduleH/Total/DirectOffsettingRevenue",387,387,"2011v1.3, 2011v1.2, 2011v1.5"
"/Return/ReturnData/IRS990ScheduleN/Form990ScheduleNPartIII/ReturnReference",386,321,"2011v1.3, 2011v1.2, 2011v1.5"
"/Return/ReturnData/IRS990ScheduleH/Form990ScheduleHPartVSectionA/ResearchFacility",384,252,"2011v1.5, 2011v1.2, 2011v1.3"
"/Return/ReturnData/IRS990ScheduleH/LeadershipDevelopment/NetCommunityBuildingExpense",380,380,"2011v1.2, 2011v1.5, 2011v1.3"
"/Return/ReturnData/IRS990ScheduleD/HeldWorksOfArtAmts/AssetsInPartX",379,379,"2011v1.3, 2011v1.2, 2011v1.5"
"/Return/ReturnData/IRS990ScheduleA/GovernmentalUnit170b1Av",378,378,"2011v1.3, 2011v1.2, 2011v1.5"
"/Return/ReturnData/IRS990/ContractorCompensation/AddressOfContractor/AddressForeign/ProvinceOrState",378,242,"2011v1.5, 2011v1.2, 2011v1.3"
"/Return/ReturnData/IRS990ScheduleH/Other/PercentOfTotalExpense",376,376,"2011v1.3, 2011v1.5, 2011v1.2"
"/Return/ReturnData/IRS990ScheduleD/NmbrEasementsModified",372,372,"2011v1.2, 2011v1.5, 2011v1.3"
"/Return/ReturnData/IRS990ScheduleD/NmbrHistStructEasementsAfter",371,371,"2011v1.3, 2011v1.5, 2011v1.2"
"/Return/ReturnData/IRS990ScheduleH/Other/NetCommunityBuildingExpense",368,368,"2011v1.5, 2011v1.2, 2011v1.3"
"/Return/ReturnData/IRS990ScheduleH/UnreimbursedMedicaid/PersonsServed",366,366,"2011v1.2, 2011v1.3, 2011v1.5"
"/Return/ReturnData/IRS990ScheduleH/LeadershipDevelopment/PercentOfTotalExpense",365,365,"2011v1.5, 2011v1.2, 2011v1.3"
"/Return/ReturnData/IRS990ScheduleR/Form990ScheduleRPartII/AddressForeign/ProvinceOrState",354,219,"2011v1.5, 2011v1.2, 2011v1.3"
"/Return/ReturnData/IRS990ScheduleH/PhysicalImprovementsAndHousing/NetCommunityBuildingExpense",350,350,"2011v1.5, 2011v1.2, 2011v1.3"
"/Return/ReturnData/IRS990ScheduleC/RalliesDemonstrationsAmount",350,350,"2011v1.5, 2011v1.3, 2011v1.2"
"/Return/ReturnData/IRS990ScheduleH/SubsidizedHealthServices/PersonsServed",349,349,"2011v1.3, 2011v1.2, 2011v1.5"
"/Return/ReturnData/IRS990ScheduleH/LeadershipDevelopment/TotalCommunityBuildingExpense",348,348,"2011v1.3, 2011v1.2, 2011v1.5"
"/Return/ReturnData/IRS990ScheduleH/CommunitySupport/NumberOfActivitiesOrPrograms",345,345,"2011v1.2, 2011v1.3, 2011v1.5"
"/Return/ReturnData/IRS990EZ/ForeignOfficeCountry",344,332,"2011v1.2, 2011v1.5, 2011v1.3"
"/Return/ReturnData/IRS990ScheduleN/DispositionTable/NamePerson",343,202,"2011v1.3, 2011v1.5, 2011v1.2"
"/Return/ReturnData/IRS990ScheduleH/Other/TotalCommunityBuildingExpense",339,339,"2011v1.2, 2011v1.5, 2011v1.3"
"/Return/ReturnData/IRS990ScheduleH/EnvironmentalImprovements",338,338,"2011v1.2, 2011v1.5, 2011v1.3"
"/Return/ReturnData/IRS990ScheduleH/PhysicalImprovementsAndHousing/PercentOfTotalExpense",333,333,"2011v1.3, 2011v1.2, 2011v1.5"
"/Return/ReturnData/IRS990ScheduleH/CommunitySupport/PersonsServed",326,326,"2011v1.3, 2011v1.5, 2011v1.2"
"/Return/ReturnData/IRS990EZ/ForeignFinancialAccountCountry",324,309,"2011v1.5, 2011v1.2, 2011v1.3"
"/Return/ReturnData/IRS990EZ/AmendedReturn",321,321,"2011v1.5, 2011v1.2, 2011v1.3"
"/Return/ReturnData/IRS990ScheduleA/HospitalNameAndAddress/Name",321,260,"2011v1.2, 2011v1.5, 2011v1.3"
"/Return/ReturnData/IRS990ScheduleA/HospitalNameAndAddress/Name/BusinessNameLine1",321,260,"2011v1.5, 2011v1.2, 2011v1.3"
"/Return/ReturnData/IRS990ScheduleA/HospitalNameAndAddress",321,260,"2011v1.3, 2011v1.2, 2011v1.5"
"/Return/ReturnData/IRS990ScheduleA/HospitalNameAndAddress/City",321,260,"2011v1.5, 2011v1.2, 2011v1.3"
"/Return/ReturnData/IRS990ScheduleD/CollectionUsedForOther/DescriptionOfOtherPurposes",316,316,"2011v1.3, 2011v1.5, 2011v1.2"
"/Return/ReturnData/IRS990ScheduleD/CollectionUsedForOther/CollectionUsedForOtherPurposes",316,316,"2011v1.2, 2011v1.5, 2011v1.3"
"/Return/ReturnData/IRS990ScheduleD/CollectionUsedForOther",316,316,"2011v1.5, 2011v1.2, 2011v1.3"
"/Return/ReturnData/IRS990ScheduleC/OrgBelongsToAffiliatedGroup",315,315,"2011v1.5, 2011v1.2, 2011v1.3"
"/Return/ReturnData/IRS990ScheduleH/TotalCharityCare/NumberOfActivitiesOrPrograms",313,313,"2011v1.2, 2011v1.3, 2011v1.5"
"/Return/ReturnData/IRS990ScheduleH/PhysicalImprovementsAndHousing/TotalCommunityBuildingExpense",312,312,"2011v1.3, 2011v1.5, 2011v1.2"
"/Return/ReturnData/IRS990ScheduleK/Form990ScheduleKPartI/IssuerName/BusinessNameLine2",311,149,"2011v1.2, 2011v1.5"
"/Return/ReturnData/IRS990ScheduleA/HospitalNameAndAddress/State",311,256,"2011v1.3, 2011v1.2, 2011v1.5"
"/Return/ReturnData/IRS990/ActivityCode",308,308,"2011v1.5, 2011v1.3, 2011v1.2"
"/Return/ReturnData/IRS990ScheduleH/SubsidizedHealthServices/NumberOfActivitiesOrPrograms",303,303,"2011v1.5, 2011v1.2, 2011v1.3"
"/Return/ReturnData/IRS990ScheduleH/EnvironmentalImprovements/NetCommunityBuildingExpense",292,292,"2011v1.3, 2011v1.2, 2011v1.5"
"/Return/ReturnData/IRS990ScheduleD/FinancialDerivatives/MethodOfValuation",289,289,"2011v1.3, 2011v1.5, 2011v1.2"
"/Return/ReturnData/IRS990ScheduleC/LobbyingNontaxableAmount/AffiliatedGroupTotals",286,286,"2011v1.3, 2011v1.5, 2011v1.2"
"/Return/ReturnData/IRS990ScheduleC/GrassrootsNontaxableAmount/AffiliatedGroupTotals",286,286,"2011v1.3, 2011v1.2, 2011v1.5"
"/Return/ReturnData/IRS990ScheduleH/Form990ScheduleHPartVSectionB/CHNAWidelyAvailable",286,206,"2011v1.3, 2011v1.5, 2011v1.2"
"/Return/ReturnData/IRS990ScheduleH/Form990ScheduleHPartVSectionB/TakeIntoAccount",286,206,"2011v1.2, 2011v1.5, 2011v1.3"
"/Return/ReturnData/IRS990ScheduleH/Form990ScheduleHPartVSectionB/OtherFacilities",286,206,"2011v1.3, 2011v1.2, 2011v1.5"
"/Return/ReturnData/IRS990ScheduleC/TotalExemptPurposeExpenditures/AffiliatedGroupTotals",285,285,"2011v1.5, 2011v1.3, 2011v1.2"
"/Return/ReturnData/IRS990/Organization4947a1",282,282,"2011v1.5, 2011v1.2"
"/Return/ReturnData/IRS990ScheduleH/EnvironmentalImprovements/PercentOfTotalExpense",279,279,"2011v1.3, 2011v1.2, 2011v1.5"
"/Return/ReturnData/IRS990ScheduleC/TotalLobbyingExpenditures/AffiliatedGroupTotals",277,277,"2011v1.5, 2011v1.2, 2011v1.3"
"/Return/ReturnData/IRS990ScheduleH/Form990ScheduleHPartVSectionB/AllNeedsAddressed",276,197,"2011v1.2, 2011v1.5, 2011v1.3"
"/Return/ReturnData/AffiliateListing/Affiliate/AddressUS/AddressLine2",275,7,"2011v1.2, 2011v1.5"
"/Return/ReturnData/IRS990ScheduleH/CommunitySupport/DirectOffsettingRevenue",274,274,"2011v1.5, 2011v1.2, 2011v1.3"
"/Return/ReturnData/IRS990ScheduleR/Form990ScheduleRPartIII/AddressForeign",271,47,"2011v1.5, 2011v1.2"
"/Return/ReturnData/IRS990ScheduleR/Form990ScheduleRPartIII/AddressForeign/Country",271,47,"2011v1.5, 2011v1.2"
"/Return/ReturnData/IRS990ScheduleR/Form990ScheduleRPartIII/AddressForeign/AddressLine1",271,47,"2011v1.5, 2011v1.2"
"/Return/ReturnData/IRS990ScheduleH/Form990ScheduleHPartVSectionB/CommunityDefinition",271,196,"2011v1.3, 2011v1.5, 2011v1.2"
"/Return/ReturnData/IRS990ScheduleH/Form990ScheduleHPartVSectionB/CommunityHealthNeeds",270,194,"2011v1.5, 2011v1.2, 2011v1.3"
"/Return/ReturnData/IRS990ScheduleH/Form990ScheduleHPartVSectionB/HowDataObtained",269,193,"2011v1.5, 2011v1.2, 2011v1.3"
"/Return/ReturnData/IRS990ScheduleH/Form990ScheduleHPartVSectionB/CommunityDemographics",269,194,"2011v1.5, 2011v1.2, 2011v1.3"
"/Return/ReturnData/IRS990/TheBooksAreInCareOf/AddressForeign/Country",263,263,"2011v1.3, 2011v1.2, 2011v1.5"
"/Return/ReturnData/IRS990/TheBooksAreInCareOf/AddressForeign",263,263,"2011v1.5, 2011v1.2, 2011v1.3"
"/Return/ReturnData/IRS990/TheBooksAreInCareOf/AddressForeign/AddressLine1",263,263,"2011v1.5, 2011v1.2, 2011v1.3"
"/Return/ReturnData/IRS990ScheduleH/EnvironmentalImprovements/TotalCommunityBuildingExpense",260,260,"2011v1.3, 2011v1.2, 2011v1.5"
"/Return/ReturnData/IRS990ScheduleA/MedicalResearchOrg170b1Aiii",260,260,"2011v1.3, 2011v1.2, 2011v1.5"
"/Return/ReturnData/IRS990ScheduleC/OtherExemptPurposeExpenditures/AffiliatedGroupTotals",259,259,"2011v1.5, 2011v1.3, 2011v1.2"
"/Return/ReturnData/IRS990ScheduleL/Form990ScheduleLPartIV/NameOfInterestedPerson/NameBusiness/BusinessNameLine2",256,125,"2011v1.3, 2011v1.2, 2011v1.5"
"/Return/ReturnData/IRS990ScheduleH/Form990ScheduleHPartVSectionB/PermitLienOnResidence",256,189,"2011v1.3, 2011v1.5, 2011v1.2"
"/Return/ReturnData/IRS990ScheduleR/Form990ScheduleRPartIV/AddressForeign/AddressLine2",253,24,"2011v1.2, 2011v1.5"
"/Return/ReturnData/IRS990ScheduleD/HeldWorksOfArtAmts/RevenuesIncluded",253,253,"2011v1.5, 2011v1.2, 2011v1.3"
"/Return/ReturnData/IRS990ScheduleH/Form990ScheduleHPartVSectionA/ChildrensHospital",252,194,"2011v1.2, 2011v1.5, 2011v1.3"
"/Return/ReturnData/IRS990ScheduleH/Form990ScheduleHPartVSectionB/ConsultingProcess",251,180,"2011v1.3, 2011v1.5, 2011v1.2"
"/Return/ReturnData/IRS990ScheduleC/TotalDirectLobbying/AffiliatedGroupTotals",251,251,"2011v1.3, 2011v1.2, 2011v1.5"
"/Return/ReturnData/IRS990ScheduleH/Form990ScheduleHPartVSectionB/OtherHealthIssues",251,176,"2011v1.2, 2011v1.5, 2011v1.3"
"/Return/ReturnData/IRS990ScheduleH/Form990ScheduleHPartVSectionB/IdentifyingProcess",250,179,"2011v1.3, 2011v1.2, 2011v1.5"
"/Return/ReturnData/IRS990/TheBooksAreInCareOf/AddressForeign/City",250,250,"2011v1.3, 2011v1.2, 2011v1.5"
"/Return/ReturnData/IRS990ScheduleH/Form990ScheduleHPartVSectionB/ExistingResources",249,176,"2011v1.3, 2011v1.2, 2011v1.5"
"/Return/ReturnData/IRS990ScheduleH/Pcent150",244,244,"2011v1.5, 2011v1.2, 2011v1.3"
"/Return/ReturnData/IRS990ScheduleL/Form990ScheduleLPartIII/NameOfInterestedBusiness",244,156,"2011v1.2, 2011v1.5"
"/Return/ReturnData/IRS990ScheduleL/Form990ScheduleLPartIII/NameOfInterestedBusiness/BusinessNameLine1",244,156,"2011v1.5, 2011v1.2"
"/Return/ReturnData/IRS990ScheduleH/Form990ScheduleHPartVSectionB/NeedsAssessmentConducted",239,175,"2011v1.3, 2011v1.2, 2011v1.5"
"/Return/ReturnData/IRS990ScheduleH/CoalitionBuilding/NumberOfActivitiesOrPrograms",239,239,"2011v1.5, 2011v1.2, 2011v1.3"
"/Return/ReturnData/IRS990ScheduleH/WorkforceDevelopment/PersonsServed",239,239,"2011v1.5, 2011v1.2, 2011v1.3"
"/Return/ReturnData/IRS990ScheduleG/GamingManagerNameBusiness/BusinessNameLine1",238,238,"2011v1.2, 2011v1.5"
"/Return/ReturnData/IRS990ScheduleG/GamingManagerNameBusiness",238,238,"2011v1.5, 2011v1.2"
"/Return/ReturnData/IRS990ScheduleH/Form990ScheduleHPartVSectionB/OnRequest",236,163,"2011v1.5, 2011v1.2, 2011v1.3"
"/Return/ReturnData/IRS990ScheduleH/WorkforceDevelopment/NumberOfActivitiesOrPrograms",236,236,"2011v1.3, 2011v1.5, 2011v1.2"
"/Return/ReturnData/IRS990ScheduleH/Form990ScheduleHPartVSectionB/LowestNegotiatedRates",236,172,"2011v1.3, 2011v1.5, 2011v1.2"
"/Return/ReturnData/IRS990ScheduleH/CostingMethodologyUsed/CostAccountingSystem",236,236,"2011v1.2, 2011v1.5, 2011v1.3"
"/Return/ReturnData/IRS990ScheduleK/Form990ScheduleKPartIV/NameOfHedgeProvider/BusinessNameLine2",234,189,"2011v1.5, 2011v1.2"
"/Return/ReturnData/IRS990/ContractorCompensation/NameOfContractor/NameBusiness/BusinessNameLine2",233,148,"2011v1.2, 2011v1.5"
"/Return/ReturnData/IRS990ScheduleR/Form990ScheduleRPartIII/LegalDomicileForeignCountry",231,57,"2011v1.2, 2011v1.5, 2011v1.3"
"/Return/ReturnData/IRS990ScheduleH/Form990ScheduleHPartVSectionB/AdoptImplementStrategy",230,157,"2011v1.2, 2011v1.5, 2011v1.3"
"/Return/ReturnData/IRS990ScheduleH/Form990ScheduleHPartVSectionB/PrioritizeHealthNeeds",229,161,"2011v1.2, 2011v1.5, 2011v1.3"
"/Return/ReturnData/IRS990ScheduleG/AddressOfThirdPartyUS/State",224,224,"2011v1.5, 2011v1.2"
"/Return/ReturnData/IRS990ScheduleG/AddressOfThirdPartyUS/ZIPCode",224,224,"2011v1.2, 2011v1.5"
"/Return/ReturnData/IRS990ScheduleG/AddressOfThirdPartyUS/AddressLine1",224,224,"2011v1.2, 2011v1.5"
"/Return/ReturnData/IRS990ScheduleG/AddressOfThirdPartyUS",224,224,"2011v1.2, 2011v1.5"
"/Return/ReturnData/IRS990/AmountOfTaxExemptInterest",224,224,"2011v1.5, 2011v1.2"
"/Return/ReturnData/IRS990ScheduleG/AddressOfThirdPartyUS/City",224,224,"2011v1.5, 2011v1.2"
"/Return/ReturnData/IRS990ScheduleH/CoalitionBuilding/PersonsServed",223,223,"2011v1.3, 2011v1.2, 2011v1.5"
"/Return/ReturnData/IRS990ScheduleH/HealthImprovementAdvocacy/NumberOfActivitiesOrPrograms",221,221,"2011v1.3, 2011v1.5, 2011v1.2"
"/Return/ReturnData/IRS990/AddressPrincipalOfficerForeign",217,217,"2011v1.5, 2011v1.2, 2011v1.3"
"/Return/ReturnData/IRS990/AddressPrincipalOfficerForeign/Country",217,217,"2011v1.3, 2011v1.5, 2011v1.2"
"/Return/ReturnData/IRS990/AddressPrincipalOfficerForeign/AddressLine1",217,217,"2011v1.5, 2011v1.3, 2011v1.2"
"/Return/ReturnData/IRS990ScheduleH/Form990ScheduleHPartVSectionB/LienOnResidence",216,163,"2011v1.5, 2011v1.2, 2011v1.3"
"/Return/ReturnData/IRS990ScheduleH/HealthImprovementAdvocacy/DirectOffsettingRevenue",213,213,"2011v1.2, 2011v1.5, 2011v1.3"
"/Return/ReturnData/IRS990ScheduleH/Form990ScheduleHPartVSectionB/PrioritizeServices",209,143,"2011v1.5, 2011v1.2, 2011v1.3"
"/Return/ReturnData/IRS990ScheduleR/Form990ScheduleRPartVI",208,119,"2011v1.2, 2011v1.5, 2011v1.3"
"/Return/ReturnData/IRS990ScheduleR/Form990ScheduleRPartVI/NameOfBusiness/BusinessNameLine1",207,119,"2011v1.5, 2011v1.2, 2011v1.3"
"/Return/ReturnData/IRS990ScheduleR/Form990ScheduleRPartVI/GeneralOrManagingPartner",207,118,"2011v1.3, 2011v1.2, 2011v1.5"
"/Return/ReturnData/IRS990ScheduleR/Form990ScheduleRPartVI/NameOfBusiness",207,119,"2011v1.5, 2011v1.2, 2011v1.3"
"/Return/ReturnData/IRS990ScheduleR/Form990ScheduleRPartVI/DisproportionateAllocations",206,117,"2011v1.3, 2011v1.2, 2011v1.5"
"/Return/ReturnData/IRS990ScheduleR/Form990ScheduleRPartVI/AllPartnersC3S",206,117,"2011v1.2, 2011v1.5, 2011v1.3"
"/Return/ReturnData/IRS990ScheduleR/Form990ScheduleRPartVI/AddressUS/AddressLine1",205,118,"2011v1.2, 2011v1.5, 2011v1.3"
"/Return/ReturnData/IRS990ScheduleR/Form990ScheduleRPartVI/AddressUS/ZIPCode",205,118,"2011v1.2, 2011v1.5, 2011v1.3"
"/Return/ReturnData/IRS990/TheBooksAreInCareOf/AddressForeign/PostalCode",205,205,"2011v1.3, 2011v1.2, 2011v1.5"
"/Return/ReturnData/IRS990ScheduleR/Form990ScheduleRPartVI/AddressUS/State",205,118,"2011v1.3, 2011v1.2, 2011v1.5"
"/Return/ReturnData/IRS990ScheduleR/Form990ScheduleRPartVI/AddressUS",205,118,"2011v1.5, 2011v1.3, 2011v1.2"
"/Return/ReturnData/IRS990ScheduleR/Form990ScheduleRPartVI/AddressUS/City",205,118,"2011v1.3, 2011v1.2, 2011v1.5"
"/Return/ReturnData/IRS990ScheduleR/Form990ScheduleRPartIII/AddressForeign/City",203,45,"2011v1.2, 2011v1.5"
"/Return/ReturnData/IRS990ScheduleR/Form990ScheduleRPartVI/LegalDomicileState",203,116,"2011v1.2, 2011v1.5, 2011v1.3"
"/Return/ReturnData/IRS990ScheduleR/Form990ScheduleRPartVI/PrimaryActivity",203,115,"2011v1.3, 2011v1.2, 2011v1.5"
"/Return/ReturnData/IRS990ScheduleD/HistoricStructure",203,203,"2011v1.3, 2011v1.2, 2011v1.5"
"/Return/ReturnData/IRS990ScheduleH/HealthImprovementAdvocacy/PersonsServed",202,202,"2011v1.3, 2011v1.5, 2011v1.2"
"/Return/ReturnData/IRS990ScheduleH/Research/PersonsServed",202,202,"2011v1.3, 2011v1.2, 2011v1.5"
"/Return/ReturnData/IRS990ScheduleH/Form990ScheduleHPartVSectionB/NoEmergencyCare",201,115,"2011v1.5, 2011v1.2, 2011v1.3"
"/Return/ReturnData/IRS990/AddressPrincipalOfficerForeign/City",201,201,"2011v1.2, 2011v1.5, 2011v1.3"
"/Return/ReturnData/IRS990ScheduleR/Form990ScheduleRPartVI/EIN",200,114,"2011v1.3, 2011v1.2, 2011v1.5"
"/Return/ReturnData/IRS990ScheduleD/HistoricLandArea",198,198,"2011v1.3, 2011v1.2, 2011v1.5"
"/Return/ReturnData/IRS990ScheduleH/Form990ScheduleHPartVSectionB/OtherActionsTaken",195,126,"2011v1.5, 2011v1.2, 2011v1.3"
"/Return/ReturnData/IRS990ScheduleH/Form990ScheduleHPartVSectionB/ExecuteImplementStrategy",194,127,"2011v1.5, 2011v1.3, 2011v1.2"
"/Return/ReturnData/IRS990ScheduleH/Research/NumberOfActivitiesOrPrograms",192,192,"2011v1.3, 2011v1.2, 2011v1.5"
"/Return/ReturnData/IRS990ScheduleM/HistoricalArtifacts/NonCashCheckbox",191,191,"2011v1.3, 2011v1.5, 2011v1.2"
"/Return/ReturnData/IRS990ScheduleM/HistoricalArtifacts/NumberOfContributions",189,189,"2011v1.2, 2011v1.3, 2011v1.5"
"/Return/ReturnData/IRS990ScheduleG/AmtOfGamingRevenueRecvdByOrg",189,189,"2011v1.5, 2011v1.2"
"/Return/ReturnData/IRS990ScheduleH/CoalitionBuilding/DirectOffsettingRevenue",187,187,"2011v1.5, 2011v1.3, 2011v1.2"
"/Return/ReturnData/IRS990ScheduleH/Form990ScheduleHPartVSectionB/DevelopCommunityPlan",186,127,"2011v1.3, 2011v1.2, 2011v1.5"
"/Return/ReturnData/IRS990ScheduleH/Form990ScheduleHPartVSectionB/OwnWebsite",186,134,"2011v1.3, 2011v1.2, 2011v1.5"
"/Return/ReturnData/IRS990ScheduleH/Form990ScheduleHPartVSectionB/PermitOtherActions",186,143,"2011v1.5, 2011v1.2, 2011v1.3"
"/Return/ReturnData/IRS990ScheduleC/PublicationsOrBroadcastAmount",185,185,"2011v1.3, 2011v1.2, 2011v1.5"
"/Return/ReturnData/IRS990ScheduleJ/Form990ScheduleJPartII/NameBusiness",183,115,"2011v1.5, 2011v1.2"
"/Return/ReturnData/IRS990ScheduleJ/Form990ScheduleJPartII/NameBusiness/BusinessNameLine1",183,115,"2011v1.5, 2011v1.2"
"/Return/ReturnData/IRS990ScheduleR/Form990ScheduleRPartI/LegalDomicileForeignCountry",182,98,"2011v1.3, 2011v1.5, 2011v1.2"
"/Return/ReturnData/IRS990ScheduleH/WorkforceDevelopment/DirectOffsettingRevenue",181,181,"2011v1.5, 2011v1.2, 2011v1.3"
"/Return/ReturnData/IRS990ScheduleH/EconomicDevelopment/NumberOfActivitiesOrPrograms",179,179,"2011v1.3, 2011v1.5, 2011v1.2"
"/Return/ReturnData/IRS990ScheduleG/GamingInformation/NonCashPrizesBingo",173,173,"2011v1.2, 2011v1.5, 2011v1.4, 2011v1.3"
"/Return/ReturnData/IRS990ScheduleC/AmtOf4955Tax",169,169,"2011v1.5, 2011v1.2, 2011v1.3"
"/Return/ReturnData/IRS990ScheduleH/LeadershipDevelopment/PersonsServed",168,168,"2011v1.2, 2011v1.5, 2011v1.3"
"/Return/ReturnData/IRS990ScheduleH/UnreimbursedCosts/PersonsServed",168,168,"2011v1.5, 2011v1.2, 2011v1.3"
"/Return/ReturnData/IRS990ScheduleH/Form990ScheduleHPartVSectionC/OtherFacilities/Address/AddressLine2",167,62,"2011v1.2, 2011v1.5"
"/Return/ReturnData/AffiliatedGroupSchedule/AffiliatedSchedule/ElectingOrg",166,75,"2011v1.2, 2011v1.5"
"/Return/ReturnData/IRS990EZ/InfoInScheduleOPartVI",166,166,"2011v1.3, 2011v1.5, 2011v1.2"
"/Return/ReturnData/IRS990ScheduleH/CharityCareAtCost/NumberOfActivitiesOrPrograms",165,165,"2011v1.5, 2011v1.2, 2011v1.3"
"/Return/ReturnData/IRS990ScheduleR/Form990ScheduleRPartVI/ShareOfEOYAssets",165,92,"2011v1.2, 2011v1.3, 2011v1.5"
"/Return/ReturnData/IRS990ScheduleG/GamingManagerIsIndContractor",164,164,"2011v1.5, 2011v1.2, 2011v1.3"
"/Return/ReturnData/IRS990ScheduleC/AmtOf4955TaxOnManagers",161,161,"2011v1.3, 2011v1.2, 2011v1.5"
"/Return/ReturnData/IRS990ScheduleA/TestingForPublicSafety509a4",160,160,"2011v1.2, 2011v1.5, 2011v1.3"
"/Return/ReturnData/IRS990ScheduleH/Form990ScheduleHPartVSectionB/InformationGaps",159,116,"2011v1.2, 2011v1.5, 2011v1.3"
"/Return/ReturnData/IRS990ScheduleG/NameOfThirdPartyBusiness/BusinessNameLine1",159,159,"2011v1.2, 2011v1.5"
"/Return/ReturnData/IRS990ScheduleG/NameOfThirdPartyBusiness",159,159,"2011v1.2, 2011v1.5"
"/Return/ReturnData/IRS990ScheduleR/Form990ScheduleRPartIII/AddressForeign/ProvinceOrState",158,29,"2011v1.2, 2011v1.5"
"/Return/ReturnData/IRS990ScheduleH/Form990ScheduleHPartVSectionB/IncludeOperationalPlans",157,114,"2011v1.5, 2011v1.2, 2011v1.3"
"/Return/ReturnData/IRS990ScheduleM/SecuritiesCloselyHeldStock/NumberOfContributions",156,156,"2011v1.3, 2011v1.2, 2011v1.5"
"/Return/ReturnData/IRS990ScheduleM/SecuritiesCloselyHeldStock/NonCashCheckbox",156,156,"2011v1.2, 2011v1.5, 2011v1.3"
"/Return/ReturnData/IRS990ScheduleH/Form990ScheduleHPartVSectionB/ParticipateCommunityPlan",156,104,"2011v1.5, 2011v1.3, 2011v1.2"
"/Return/ReturnData/IRS990ScheduleM/SecuritiesCloselyHeldStock/NoncashContribsRptdF990",155,155,"2011v1.5, 2011v1.2, 2011v1.3"
"/Return/ReturnData/IRS990ScheduleM/SecuritiesMiscellaneous/NonCashCheckbox",155,155,"2011v1.5, 2011v1.3, 2011v1.2"
"/Return/ReturnData/IRS990ScheduleM/SecuritiesMiscellaneous/NoncashContribsRptdF990",154,154,"2011v1.3, 2011v1.2, 2011v1.5"
"/Return/ReturnData/IRS990ScheduleR/Form990ScheduleRPartI/AddressForeign/AddressLine1",154,86,"2011v1.5, 2011v1.2, 2011v1.3"
"/Return/ReturnData/IRS990ScheduleR/Form990ScheduleRPartI/AddressForeign/Country",154,86,"2011v1.3, 2011v1.5, 2011v1.2"
"/Return/ReturnData/IRS990ScheduleH/LeadershipDevelopment/NumberOfActivitiesOrPrograms",154,154,"2011v1.2, 2011v1.5, 2011v1.3"
"/Return/ReturnData/IRS990ScheduleR/Form990ScheduleRPartI/AddressForeign",154,86,"2011v1.5, 2011v1.3, 2011v1.2"
"/Return/ReturnData/IRS990ScheduleH/Other/DirectOffsettingRevenue",153,153,"2011v1.3, 2011v1.2, 2011v1.5"
"/Return/ReturnData/IRS990ScheduleM/SecuritiesMiscellaneous/NumberOfContributions",153,153,"2011v1.5, 2011v1.2, 2011v1.3"
"/Return/ReturnData/IRS990ScheduleC/TotalGrassrootsLobbying/AffiliatedGroupTotals",152,152,"2011v1.2, 2011v1.3, 2011v1.5"
"/Return/ReturnData/IRS990ScheduleH/EconomicDevelopment/PersonsServed",150,150,"2011v1.2, 2011v1.5, 2011v1.3"
"/Return/ReturnData/IRS990EZ/OfficerDirectorTrusteeKeyEmpl/AddressForeign/AddressLine2",149,78,"2011v1.2, 2011v1.5"
"/Return/ReturnData/IRS990ScheduleH/EconomicDevelopment/DirectOffsettingRevenue",148,148,"2011v1.2, 2011v1.5, 2011v1.3"
"/Return/ReturnData/IRS990ScheduleG/FundraiserActivityInformation/AddressUS/AddressLine2",148,120,"2011v1.5, 2011v1.2, 2011v1.3"
"/Return/ReturnData/IRS990ScheduleM/BoatsAndPlanes/NoncashContribsRptdF990",148,148,"2011v1.3, 2011v1.2, 2011v1.5"
"/Return/ReturnData/IRS990ScheduleM/BoatsAndPlanes/NumberOfContributions",147,147,"2011v1.3, 2011v1.5, 2011v1.2"
"/Return/ReturnData/IRS990ScheduleH/LeadershipDevelopment/DirectOffsettingRevenue",146,146,"2011v1.3, 2011v1.2, 2011v1.5"
"/Return/ReturnData/IRS990ScheduleM/BoatsAndPlanes/NonCashCheckbox",146,146,"2011v1.3, 2011v1.5, 2011v1.2"
"/Return/ReturnData/IRS990EZ/CompensationOfHighestPaidEmpl/Compensation",145,78,"2011v1.3, 2011v1.2, 2011v1.5"
"/Return/ReturnData/IRS990EZ/CompensationOfHighestPaidEmpl",145,78,"2011v1.5, 2011v1.2, 2011v1.3"
"/Return/ReturnData/IRS990EZ/CompensationOfHighestPaidEmpl/EmployeeBenefits",145,78,"2011v1.3, 2011v1.5, 2011v1.2"
"/Return/ReturnData/IRS990EZ/CompensationOfHighestPaidEmpl/AverageHoursPerWeek",145,78,"2011v1.3, 2011v1.2, 2011v1.5"
"/Return/ReturnData/IRS990EZ/CompensationOfHighestPaidEmpl/Name",145,78,"2011v1.2, 2011v1.5, 2011v1.3"
"/Return/ReturnData/IRS990EZ/CompensationOfHighestPaidEmpl/ExpenseAccount",145,78,"2011v1.2, 2011v1.5, 2011v1.3"
"/Return/ReturnData/IRS990EZ/CompensationOfHighestPaidEmpl/Title",145,78,"2011v1.3, 2011v1.5, 2011v1.2"
"/Return/ReturnData/IRS990ScheduleG/AllStates",145,145,"2011v1.2, 2011v1.5, 2011v1.3"
"/Return/ReturnData/IRS990ScheduleH/Pcent250",144,144,"2011v1.3, 2011v1.2, 2011v1.5"
"/Return/ReturnData/IRS990ScheduleR/Form990ScheduleRPartVI/PercentageOwnership",144,81,"2011v1.3, 2011v1.2, 2011v1.5"
"/Return/ReturnData/IRS990ScheduleH/Form990ScheduleHPartVSectionB/AdoptBudget",143,109,"2011v1.2, 2011v1.5, 2011v1.3"
"/Return/ReturnData/IRS990ScheduleH/PhysicalImprovementsAndHousing/DirectOffsettingRevenue",143,143,"2011v1.2, 2011v1.5, 2011v1.3"
"/Return/ReturnData/IRS990ScheduleG/AmtOfGamingRevenueRetndBy3Prty",143,143,"2011v1.2, 2011v1.5"
"/Return/ReturnData/IRS990EZ/CompOfHghstPaidCntrctProfSer",142,106,"2011v1.5, 2011v1.2, 2011v1.3"
"/Return/ReturnData/IRS990ScheduleR/Form990ScheduleRPartIII/AddressForeign/PostalCode",142,41,"2011v1.2, 2011v1.5"
"/Return/ReturnData/IRS990EZ/CompOfHghstPaidCntrctProfSer/TypeOfService",142,106,"2011v1.3, 2011v1.2, 2011v1.5"
"/Return/ReturnData/IRS990ScheduleK/Form990ScheduleKPartIV/NameOfGICProvider/BusinessNameLine2",142,100,"2011v1.5, 2011v1.2"
"/Return/ReturnData/IRS990EZ/CompOfHghstPaidCntrctProfSer/Compensation",142,106,"2011v1.3, 2011v1.5, 2011v1.2"
"/Return/ReturnData/IRS990EZ/CompensationOfHighestPaidEmpl/AddressUS/AddressLine1",141,76,"2011v1.2, 2011v1.5, 2011v1.3"
"/Return/ReturnData/IRS990EZ/CompensationOfHighestPaidEmpl/AddressUS/ZIPCode",141,76,"2011v1.2, 2011v1.5, 2011v1.3"
"/Return/ReturnData/IRS990ScheduleM/SecuritiesCloselyHeldStock/MethodOfDeterminingRevenues",141,141,"2011v1.5, 2011v1.2, 2011v1.3"
"/Return/ReturnData/IRS990/AddressPrincipalOfficerForeign/PostalCode",141,141,"2011v1.2, 2011v1.5, 2011v1.3"
"/Return/ReturnData/IRS990EZ/CompensationOfHighestPaidEmpl/AddressUS",141,76,"2011v1.3, 2011v1.2, 2011v1.5"
"/Return/ReturnData/IRS990EZ/CompensationOfHighestPaidEmpl/AddressUS/State",141,76,"2011v1.2, 2011v1.5, 2011v1.3"
"/Return/ReturnData/IRS990EZ/CompensationOfHighestPaidEmpl/AddressUS/City",141,76,"2011v1.5, 2011v1.2, 2011v1.3"
"/Return/ReturnData/IRS990EZ/CompOfHghstPaidCntrctProfSer/AddressUS/AddressLine1",140,104,"2011v1.5, 2011v1.3, 2011v1.2"
"/Return/ReturnData/IRS990ScheduleH/UnreimbursedMedicaid/NumberOfActivitiesOrPrograms",140,140,"2011v1.2, 2011v1.5, 2011v1.3"
"/Return/ReturnData/IRS990EZ/CompOfHghstPaidCntrctProfSer/AddressUS/ZIPCode",140,104,"2011v1.2, 2011v1.5, 2011v1.3"
"/Return/ReturnData/IRS990EZ/CompOfHghstPaidCntrctProfSer/AddressUS/City",140,104,"2011v1.2, 2011v1.5, 2011v1.3"
"/Return/ReturnData/IRS990EZ/CompOfHghstPaidCntrctProfSer/AddressUS",140,104,"2011v1.3, 2011v1.2, 2011v1.5"
"/Return/ReturnData/IRS990EZ/CompOfHghstPaidCntrctProfSer/AddressUS/State",140,104,"2011v1.5, 2011v1.2, 2011v1.3"
"/Return/ReturnData/IRS990ScheduleR/Form990ScheduleRPartVI/ShareOfTotalIncome",140,77,"2011v1.2, 2011v1.5, 2011v1.3"
"/Return/ReturnData/IRS990ScheduleJ/PaymentsForUseOfResidence",138,138,"2011v1.3, 2011v1.5, 2011v1.2"
"/Return/ReturnHeader/Filer/ForeignAddress",136,136,"2011v1.2, 2011v1.5, 2011v1.3"
"/Return/ReturnHeader/Filer/ForeignAddress/AddressLine1",136,136,"2011v1.5, 2011v1.3, 2011v1.2"
"/Return/ReturnHeader/Filer/ForeignAddress/Country",136,136,"2011v1.5, 2011v1.2, 2011v1.3"
"/Return/ReturnData/IRS990ScheduleH/Other/PersonsServed",135,135,"2011v1.3, 2011v1.2, 2011v1.5"
"/Return/ReturnData/IRS990ScheduleR/Form990ScheduleRPartVI/PredominateIncomeDesc",134,72,"2011v1.5, 2011v1.2, 2011v1.3"
"/Return/ReturnHeader/DisasterRelief",133,133,"2011v1.5, 2011v1.2, 2011v1.3"
"/Return/ReturnHeader/Filer/ForeignAddress/City",132,132,"2011v1.3, 2011v1.2, 2011v1.5"
"/Return/ReturnData/IRS990ScheduleH/PhysicalImprovementsAndHousing/PersonsServed",132,132,"2011v1.5, 2011v1.3, 2011v1.2"
"/Return/ReturnData/IRS990ScheduleH/PhysicalImprovementsAndHousing/NumberOfActivitiesOrPrograms",130,130,"2011v1.2, 2011v1.3, 2011v1.5"
"/Return/ReturnData/IRS990ScheduleM/BoatsAndPlanes/MethodOfDeterminingRevenues",130,130,"2011v1.5, 2011v1.2, 2011v1.3"
"/Return/ReturnData/IRS990ScheduleH/EnvironmentalImprovements/DirectOffsettingRevenue",129,129,"2011v1.3, 2011v1.2, 2011v1.5"
"/Return/ReturnData/IRS990ScheduleM/SecuritiesMiscellaneous/MethodOfDeterminingRevenues",126,126,"2011v1.3, 2011v1.2, 2011v1.5"
"/Return/ReturnData/IRS990ScheduleI/RecipientTable/AddressForeign",125,72,"2011v1.5, 2011v1.2"
"/Return/ReturnData/IRS990ScheduleI/RecipientTable/AddressForeign/AddressLine1",125,72,"2011v1.2, 2011v1.5"
"/Return/ReturnData/IRS990ScheduleI/RecipientTable/AddressForeign/Country",125,72,"2011v1.2, 2011v1.5"
"/Return/ReturnData/IRS990ScheduleM/QualifiedContribOther/NonCashCheckbox",125,125,"2011v1.5, 2011v1.2, 2011v1.3"
"/Return/ReturnData/IRS990ScheduleM/QualifiedContribOther/NumberOfContributions",124,124,"2011v1.2, 2011v1.5, 2011v1.3"
"/Return/ReturnData/IRS990ScheduleC/TotLobbyExpendMnsLobbyingNontx/AffiliatedGroupTotals",124,124,"2011v1.3, 2011v1.2, 2011v1.5"
"/Return/ReturnData/IRS990ScheduleR/Form990ScheduleRPartI/AddressForeign/City",123,76,"2011v1.2, 2011v1.5, 2011v1.3"
"/Return/ReturnData/IRS990ScheduleM/HistoricalArtifacts/NoncashContribsRptdF990",123,123,"2011v1.5, 2011v1.2, 2011v1.3"
"/Return/ReturnData/IRS990ScheduleM/SecuritiesPrtnrshpTrustIntrsts/NoncashContribsRptdF990",122,122,"2011v1.3, 2011v1.2, 2011v1.5"
"/Return/ReturnData/IRS990ScheduleM/SecuritiesPrtnrshpTrustIntrsts/NonCashCheckbox",121,121,"2011v1.5, 2011v1.2, 2011v1.3"
"/Return/ReturnData/IRS990ScheduleM/ArtHistoricalTreasures/NonCashCheckbox",121,121,"2011v1.2, 2011v1.5, 2011v1.3"
"/Return/ReturnData/IRS990ScheduleM/SecuritiesPrtnrshpTrustIntrsts/NumberOfContributions",121,121,"2011v1.5, 2011v1.2, 2011v1.3"
"/Return/ReturnData/IRS990/Activity2/ActivityCode",117,117,"2011v1.2, 2011v1.5, 2011v1.3"
"/Return/ReturnData/IRS990ScheduleH/EnvironmentalImprovements/PersonsServed",116,116,"2011v1.5, 2011v1.2, 2011v1.3"
"/Return/ReturnData/AffiliateListing/Affiliate/Name/BusinessNameLine2",116,7,"2011v1.3, 2011v1.5, 2011v1.2"
"/Return/ReturnData/IRS990ScheduleM/SecuritiesPrtnrshpTrustIntrsts/MethodOfDeterminingRevenues",115,115,"2011v1.2, 2011v1.3, 2011v1.5"
"/Return/ReturnData/IRS990ScheduleM/IntellectualProperty/NonCashCheckbox",115,115,"2011v1.5, 2011v1.3, 2011v1.2"
"/Return/ReturnData/IRS990ScheduleM/IntellectualProperty/NoncashContribsRptdF990",113,113,"2011v1.2, 2011v1.5, 2011v1.3"
"/Return/ReturnData/IRS990ScheduleM/IntellectualProperty/NumberOfContributions",112,112,"2011v1.5, 2011v1.3, 2011v1.2"
"/Return/ReturnData/IRS990ScheduleM/HistoricalArtifacts/MethodOfDeterminingRevenues",112,112,"2011v1.2, 2011v1.5"
"/Return/ReturnData/IRS990ScheduleH/Form990ScheduleHPartVSectionB/OtherMethod",112,70,"2011v1.5, 2011v1.2, 2011v1.3"
"/Return/ReturnData/IRS990ScheduleM/ArtHistoricalTreasures/NumberOfContributions",111,111,"2011v1.3, 2011v1.5, 2011v1.2"
"/Return/ReturnData/IRS990ScheduleC/TotLobbyingGrassrootMinusNonTx/AffiliatedGroupTotals",110,110,"2011v1.3, 2011v1.2, 2011v1.5"
"/Return/ReturnData/IRS990ScheduleR/Form990ScheduleRPartI/DirectControllingEntityName/BusinessNameLine2",110,56,"2011v1.2, 2011v1.5"
"/Return/ReturnData/IRS990ScheduleH/EnvironmentalImprovements/NumberOfActivitiesOrPrograms",109,109,"2011v1.3, 2011v1.2, 2011v1.5"
"/Return/ReturnData/IRS990ScheduleH/Other/NumberOfActivitiesOrPrograms",109,109,"2011v1.2, 2011v1.5, 2011v1.3"
"/Return/ReturnData/IRS990/TheBooksAreInCareOf/AddressForeign/ProvinceOrState",108,108,"2011v1.3, 2011v1.5, 2011v1.2"
"/Return/ReturnData/IRS990ScheduleR/Form990ScheduleRPartIII/DirectControllingEntityName/BusinessNameLine2",107,45,"2011v1.2, 2011v1.5"
"/Return/ReturnData/IRS990ScheduleG/GamingInformation/NonCashPrizesPullTabs",107,107,"2011v1.5, 2011v1.2"
"/Return/ReturnData/IRS990ScheduleM/QualifiedContribOther/MethodOfDeterminingRevenues",107,107,"2011v1.2, 2011v1.5, 2011v1.3"
"/Return/ReturnData/AveragingAttachment",107,107,"2011v1.2, 2011v1.5, 2011v1.3"
"/Return/ReturnData/IRS990ScheduleH/Form990ScheduleHPartVSectionB/OtherActions",106,79,"2011v1.3, 2011v1.2, 2011v1.5"
"/Return/ReturnData/IRS990/AddressPrincipalOfficerForeign/ProvinceOrState",106,106,"2011v1.3, 2011v1.5, 2011v1.2"
"/Return/ReturnData/AveragingAttachment/Explanation",105,105,"2011v1.2, 2011v1.5"
"/Return/ReturnData/IRS990EZ/TheBooksAreInCareOf/AddressForeign/Country",101,101,"2011v1.3, 2011v1.5, 2011v1.2"
"/Return/ReturnData/IRS990/DoingBusinessAs/BusinessNameLine2",101,101,"2011v1.5, 2011v1.2"
"/Return/ReturnData/IRS990EZ/TheBooksAreInCareOf/AddressForeign",101,101,"2011v1.3, 2011v1.2, 2011v1.5"
"/Return/ReturnData/IRS990EZ/TheBooksAreInCareOf/AddressForeign/AddressLine1",101,101,"2011v1.3, 2011v1.2, 2011v1.5"
"/Return/ReturnData/IRS990ScheduleC/Sec527PolOrgs/NameOf527Organization/BusinessNameLine2",99,48,"2011v1.2, 2011v1.5, 2011v1.3"
"/Return/ReturnData/AffiliatedGroupSchedule",98,98,"2011v1.2, 2011v1.5, 2011v1.3"
"/Return/ReturnData/IRS990ScheduleM/ArtHistoricalTreasures/NoncashContribsRptdF990",97,97,"2011v1.5, 2011v1.3, 2011v1.2"
"/Return/ReturnData/IRS990ScheduleM/QualifiedContribOther/NoncashContribsRptdF990",96,96,"2011v1.2, 2011v1.3, 2011v1.5"
"/Return/ReturnData/IRS990EZ/TheBooksAreInCareOf/AddressForeign/City",95,95,"2011v1.3, 2011v1.2, 2011v1.5"
"/Return/ReturnHeader/Filer/ForeignAddress/PostalCode",94,94,"2011v1.3, 2011v1.2, 2011v1.5"
"/Return/ReturnData/IRS990ScheduleI/RecipientTable/AddressForeign/City",94,58,"2011v1.5, 2011v1.2"
"/Return/ReturnData/IRS990ScheduleH/Pcent350",92,92,"2011v1.3, 2011v1.2, 2011v1.5"
"/Return/ReturnData/IRS990ScheduleL/DQPTable",90,63,"2011v1.5, 2011v1.2, 2011v1.3"
"/Return/ReturnData/IRS990ScheduleH/Form990ScheduleHPartVSectionA/ErOther",89,66,"2011v1.2, 2011v1.5, 2011v1.3"
"/Return/ReturnData/IRS990EZ/CompOfHghstPaidCntrctProfSer/NamePerson",87,61,"2011v1.3, 2011v1.5, 2011v1.2"
"/Return/ReturnData/IRS990ScheduleR/Form990ScheduleRPartVI/CodeVAmount",86,35,"2011v1.3, 2011v1.2, 2011v1.5"
"/Return/ReturnData/IRS990ScheduleL/DQPTable/TransactionCorrected",86,59,"2011v1.3, 2011v1.5, 2011v1.2"
"/Return/ReturnData/IRS990ScheduleM/ArtHistoricalTreasures/MethodOfDeterminingRevenues",84,84,"2011v1.5, 2011v1.3, 2011v1.2"
"/Return/ReturnData/IRS990/Activity3/ActivityCode",81,81,"2011v1.3, 2011v1.5, 2011v1.2"
"/Return/ReturnData/IRS990ScheduleI/RecipientTable/AddressForeign/ProvinceOrState",80,44,"2011v1.2, 2011v1.5"
"/Return/ReturnData/AffiliateListing",80,80,"2011v1.5, 2011v1.2, 2011v1.3"
"/Return/ReturnData/IRS990/CountryLegalDomicile",80,80,"2011v1.5, 2011v1.2, 2011v1.3"
"/Return/ReturnData/IRS990ScheduleL/DQPTable/DescriptionOfTransaction",79,52,"2011v1.3, 2011v1.5, 2011v1.2"
"/Return/ReturnHeader/Filer/ForeignAddress/ProvinceOrState",78,78,"2011v1.2, 2011v1.5, 2011v1.3"
"/Return/ReturnData/IRS990EZ/TheBooksAreInCareOf/AddressForeign/PostalCode",77,77,"2011v1.5, 2011v1.2"
"/Return/ReturnData/IRS990ScheduleL/DQPTable/NamePerson",74,54,"2011v1.3, 2011v1.2, 2011v1.5"
"/Return/ReturnData/IRS990ScheduleG/NameOfThirdPartyPerson",71,71,"2011v1.5, 2011v1.2"
"/Return/ReturnData/IRS990ScheduleG/AddressOfGamingRecKeeperUS/AddressLine2",71,71,"2011v1.5, 2011v1.2"
"/Return/ReturnData/IRS990ScheduleA/TenPercentTestPriorYear",69,69,"2011v1.5, 2011v1.2"
"/Return/ReturnData/IRS990ScheduleI/RecipientTable/AddressForeign/PostalCode",64,43,"2011v1.2, 2011v1.5"
"/Return/ReturnData/IRS990ScheduleR/Form990ScheduleRPartI/AddressForeign/ProvinceOrState",64,37,"2011v1.3, 2011v1.5, 2011v1.2"
"/Return/ReturnData/IRS990ScheduleM/IntellectualProperty/MethodOfDeterminingRevenues",62,62,"2011v1.3, 2011v1.2, 2011v1.5"
"/Return/ReturnData/IRS990ScheduleC/MediaAdvertisementsAmount",60,60,"2011v1.5, 2011v1.2, 2011v1.3"
"/Return/ReturnData/IRS990ScheduleR/Form990ScheduleRPartI/NameOfDisregardedEntity/BusinessNameLine2",59,49,"2011v1.5, 2011v1.2"
"/Return/ReturnData/IRS990EZ/CompOfHghstPaidCntrctProfSer/NameBusiness/BusinessNameLine1",55,47,"2011v1.2, 2011v1.5"
"/Return/ReturnData/IRS990EZ/CompOfHghstPaidCntrctProfSer/NameBusiness",55,47,"2011v1.5, 2011v1.2"
"/Return/ReturnData/IRS990ScheduleH/UnreimbursedCosts/NumberOfActivitiesOrPrograms",54,54,"2011v1.5, 2011v1.3, 2011v1.2"
"/Return/ReturnData/IRS990ScheduleR/Form990ScheduleRPartI/AddressForeign/PostalCode",53,38,"2011v1.3, 2011v1.2, 2011v1.5"
"/Return/ReturnData/IRS990ScheduleH/Form990ScheduleHPartVSectionB/OtherReason",50,38,"2011v1.2, 2011v1.5, 2011v1.3"
"/Return/ReturnData/IRS990ScheduleR/Form990ScheduleRPartI/AddressUS/AddressLine2",49,35,"2011v1.2, 2011v1.5"
"/Return/ReturnData/IRS990ScheduleH/Form990ScheduleHPartVSectionB/Other",46,37,"2011v1.2, 2011v1.5"
"/Return/ReturnData/IRS990ScheduleM/ScientificSpecimens/NonCashCheckbox",45,45,"2011v1.2, 2011v1.5"
"/Return/ReturnData/IRS990ScheduleM/ScientificSpecimens/NumberOfContributions",45,45,"2011v1.5, 2011v1.2"
"/Return/ReturnData/IRS990/SpecialConditionDescription",43,43,"2011v1.2, 2011v1.5"
"/Return/ReturnData/IRS990ScheduleC/Sec527PolOrgs/AddressUS/AddressLine2",41,16,"2011v1.5, 2011v1.2"
"/Return/ReturnData/IRS990ScheduleC/LimitedControlProvisionsApply",41,41,"2011v1.3, 2011v1.2, 2011v1.5"
"/Return/ReturnData/IRS990ScheduleG/FundraiserActivityInformation/AddressForeign/Country",40,33,"2011v1.2, 2011v1.5"
"/Return/ReturnData/IRS990ScheduleG/FundraiserActivityInformation/AddressForeign/AddressLine1",40,33,"2011v1.5, 2011v1.2"
"/Return/ReturnData/IRS990ScheduleG/FundraiserActivityInformation/AddressForeign",40,33,"2011v1.2, 2011v1.5"
"/Return/ReturnData/IRS990EZ/Organization4947a1",40,40,"2011v1.5, 2011v1.2"
"/Return/ReturnData/IRS990ScheduleN/LiquidationTable/LiquidationDetail/AddressUS/AddressLine2",38,17,"2011v1.2, 2011v1.5"
"/Return/ReturnData/IRS990ScheduleR/Form990ScheduleRPartII/AddressForeign/AddressLine2",38,22,"2011v1.3, 2011v1.5, 2011v1.2"
"/Return/ReturnData/IRS990ScheduleG/FundraiserActivityInformation/AddressForeign/City",38,31,"2011v1.5, 2011v1.2"
"/Return/ReturnData/IRS990ScheduleH/Form990ScheduleHPartVSectionA/Name/BusinessNameLine2",37,29,"2011v1.5, 2011v1.2, 2011v1.3"
"/Return/ReturnData/IRS990ScheduleH/PolicyAppliedToMostHospitals",37,37,"2011v1.2, 2011v1.3, 2011v1.5"
"/Return/ReturnData/IRS990ScheduleL/LoanTable/NameBusiness/BusinessNameLine2",36,28,"2011v1.3, 2011v1.2, 2011v1.5"
"/Return/ReturnData/IRS990EZ/TheBooksAreInCareOf/AddressForeign/ProvinceOrState",36,36,"2011v1.2, 2011v1.5"
"/Return/ReturnData/IRS990ScheduleM/ScientificSpecimens/NoncashContribsRptdF990",36,36,"2011v1.2, 2011v1.5"
"/Return/ReturnData/IRS990ScheduleG/NameOfGamingRecKeeperBus/BusinessNameLine2",34,34,"2011v1.2, 2011v1.5"
"/Return/ReturnData/IRS990ScheduleG/FundraiserActivityInformation/AddressForeign/ProvinceOrState",34,27,"2011v1.2, 2011v1.5"
"/Return/ReturnData/IRS990ScheduleM/ScientificSpecimens/MethodOfDeterminingRevenues",30,30,"2011v1.5, 2011v1.2"
"/Return/ReturnData/IRS990ScheduleH/Form990ScheduleHPartVSectionB/OtherNeedsAddressed",30,27,"2011v1.2, 2011v1.5"
"/Return/ReturnData/AffiliatedGroupAttachment/Explanation",28,28,"2011v1.3, 2011v1.2, 2011v1.5"
"/Return/ReturnData/AffiliatedGroupAttachment",28,28,"2011v1.3, 2011v1.2, 2011v1.5"
"/Return/ReturnData/IRS990ScheduleJ/Form990ScheduleJPartII/NameBusiness/BusinessNameLine2",28,20,"2011v1.2, 2011v1.5"
"/Return/ReturnData/IRS990ScheduleG/FundraiserActivityInformation/AddressForeign/PostalCode",27,21,"2011v1.5, 2011v1.2"
"/Return/ReturnHeader/PreparerFirm/PreparerFirmForeignAddress/AddressLine1",27,27,"2011v1.2, 2011v1.5"
"/Return/ReturnData/IRS990ScheduleH/Form990ScheduleHPartVSectionB/PermitBodyAttachment",27,17,"2011v1.2, 2011v1.5"
"/Return/ReturnHeader/PreparerFirm/PreparerFirmForeignAddress",27,27,"2011v1.5, 2011v1.2"
"/Return/ReturnHeader/PreparerFirm/PreparerFirmForeignAddress/Country",27,27,"2011v1.5, 2011v1.2"
"/Return/ReturnData/IRS990ScheduleL/AmountOfTaxImposed",27,27,"2011v1.5, 2011v1.2, 2011v1.3"
"/Return/ReturnHeader/PreparerFirm/PreparerFirmForeignAddress/City",27,27,"2011v1.2, 2011v1.5"
"/Return/ReturnData/IRS990ScheduleG/ExplanationIfYes",25,25,"2011v1.3, 2011v1.2, 2011v1.5"
"/Return/ReturnData/IRS990/TheBooksAreInCareOf/AddressForeign/AddressLine2",24,24,"2011v1.5, 2011v1.2"
"/Return/ReturnData/IRS990ScheduleN/DispositionTable/AddressUS/AddressLine2",23,18,"2011v1.5, 2011v1.2"
"/Return/ReturnData/IRS990ScheduleM/ArtFractionalInterest/NumberOfContributions",23,23,"2011v1.5, 2011v1.3, 2011v1.2"
"/Return/ReturnData/IRS990ScheduleM/ArtFractionalInterest/NonCashCheckbox",23,23,"2011v1.3, 2011v1.2, 2011v1.5"
"/Return/ReturnData/IRS990ScheduleM/ArchaeologicalArtifacts/NonCashCheckbox",23,23,"2011v1.5, 2011v1.2"
"/Return/ReturnData/IRS990ScheduleM/ArchaeologicalArtifacts/NumberOfContributions",22,22,"2011v1.2, 2011v1.5"
"/Return/ReturnData/IRS990ScheduleG/FundraiserActivityInformation/NameOfOrganization/BusinessNameLine2",22,22,"2011v1.5, 2011v1.2, 2011v1.3"
"/Return/ReturnData/IRS990ScheduleN/DispositionTable/AddressForeign/AddressLine1",21,11,"2011v1.3, 2011v1.2, 2011v1.5"
"/Return/ReturnData/IRS990ScheduleH/Form990ScheduleHPartVSectionB/BodyAttachment",21,15,"2011v1.2, 2011v1.5"
"/Return/ReturnData/IRS990ScheduleN/LiquidationTable/LiquidationDetail/NameBusiness/BusinessNameLine2",21,11,"2011v1.5, 2011v1.2"
"/Return/ReturnData/IRS990ScheduleN/DispositionTable/AddressForeign",21,11,"2011v1.2, 2011v1.5, 2011v1.3"
"/Return/ReturnHeader/PreparerFirm/PreparerFirmBusinessName/BusinessNameLine2",21,21,"2011v1.2"
"/Return/ReturnData/IRS990ScheduleN/DispositionTable/AddressForeign/Country",21,11,"2011v1.2, 2011v1.5, 2011v1.3"
"/Return/ReturnData/IRS990/ContractorCompensation/AddressOfContractor/AddressForeign/AddressLine2",19,15,"2011v1.2"
"/Return/ReturnData/IRS990ScheduleN/DispositionTable/AddressForeign/City",19,10,"2011v1.3, 2011v1.2, 2011v1.5"
"/Return/ReturnData/IRS990EZ/TheBooksAreInCareOf/AddressForeign/AddressLine2",18,18,"2011v1.2"
"/Return/ReturnData/IRS990EZ/NECTFilingForm990",18,18,"2011v1.2"
"/Return/ReturnData/IRS990ScheduleH/Form990ScheduleHPartVSectionB/NoEmergencyPolicy",17,13,"2011v1.2, 2011v1.5"
"/Return/ReturnData/IRS990/StateRequiredReserves",17,17,"2011v1.2"
"/Return/ReturnData/IRS990ScheduleM/Taxidermy/NonCashCheckbox",17,17,"2011v1.5, 2011v1.2, 2011v1.3"
"/Return/ReturnData/IRS990ScheduleM/Taxidermy/NumberOfContributions",17,17,"2011v1.2, 2011v1.3, 2011v1.5"
"/Return/ReturnData/IRS990ScheduleH/PolicyTailoredToIndHospitals",17,17,"2011v1.5, 2011v1.2"
"/Return/ReturnData/IRS990ScheduleM/ArchaeologicalArtifacts/NoncashContribsRptdF990",16,16,"2011v1.2, 2011v1.5"
"/Return/ReturnData/IRS990ScheduleL/AmountOfTaxReimbursed",16,16,"2011v1.5, 2011v1.2, 2011v1.3"
"/Return/ReturnData/IRS990/NameOfPrincipalOfficerBusiness/BusinessNameLine2",16,16,"2011v1.3, 2011v1.2"
"/Return/ReturnData/IRS990ScheduleM/Taxidermy/NoncashContribsRptdF990",15,15,"2011v1.5, 2011v1.2, 2011v1.3"
"/Return/ReturnHeader/PreparerFirm/PreparerFirmForeignAddress/ProvinceOrState",15,15,"2011v1.2, 2011v1.5"
"/Return/ReturnData/IRS990ScheduleM/ArtFractionalInterest/MethodOfDeterminingRevenues",15,15,"2011v1.5, 2011v1.2"
"/Return/ReturnData/IRS990ScheduleH/Form990ScheduleHPartVSectionA/Address/AddressLine2",14,14,"2011v1.5, 2011v1.2"
"/Return/ReturnData/IRS990ScheduleN/DispositionTable/AddressForeign/PostalCode",14,6,"2011v1.2, 2011v1.5, 2011v1.3"
"/Return/ReturnHeader/PreparerFirm/PreparerFirmForeignAddress/PostalCode",14,14,"2011v1.2"
"/Return/ReturnData/IRS990ScheduleM/ArtFractionalInterest/NoncashContribsRptdF990",14,14,"2011v1.2, 2011v1.5"
"/Return/ReturnData/IRS990/AddressPrincipalOfficerForeign/AddressLine2",13,13,"2011v1.5, 2011v1.2"
"/Return/ReturnData/IRS990ScheduleL/DQPTable/NameBusiness",13,11,"2011v1.2, 2011v1.5"
"/Return/ReturnData/IRS990ScheduleL/DQPTable/NameBusiness/BusinessNameLine1",13,11,"2011v1.5, 2011v1.2"
"/Return/ReturnData/IRS990ScheduleM/ArchaeologicalArtifacts/MethodOfDeterminingRevenues",12,12,"2011v1.5, 2011v1.2"
"/Return/ReturnData/IRS990ScheduleM/Taxidermy/MethodOfDeterminingRevenues",12,12,"2011v1.5, 2011v1.2, 2011v1.3"
"/Return/ReturnData/IRS990EZ/SpecialConditionDescription",12,12,"2011v1.2, 2011v1.5"
"/Return/ReturnData/IRS990ScheduleN/DispositionTable/AddressForeign/ProvinceOrState",11,5,"2011v1.2"
"/Return/ReturnData/IRS990ScheduleA/HospitalNameAndAddress/Country",10,6,"2011v1.2"
"/Return/ReturnData/IRS990ScheduleA/HospitalNameAndAddress/Name/BusinessNameLine2",9,9,"2011v1.3, 2011v1.2"
"/Return/ReturnData/IRS990ScheduleG/GamingManagerNameBusiness/BusinessNameLine2",9,9,"2011v1.5, 2011v1.2"
"/Return/ReturnHeader/Filer/ForeignAddress/AddressLine2",8,8,"2011v1.2"
"/Return/ReturnData/IRS990ScheduleN/DispositionTable/NameBusiness/BusinessNameLine2",8,8,"2011v1.5, 2011v1.2"
"/Return/ReturnData/EmployeeCompensationExpln/EmployeeCompExplanation/EmployeeName",8,4,"2011v1.3, 2011v1.5, 2011v1.2"
"/Return/ReturnData/EmployeeCompensationExpln/EmployeeCompExplanation",8,4,"2011v1.5, 2011v1.2, 2011v1.3"
"/Return/ReturnData/IRS990ScheduleH/Form990ScheduleHPartVSectionB/HospitalFacilityName/BusinessNameLine2",8,4,"2011v1.2"
"/Return/ReturnData/IRS990ScheduleI/RecipientTable/AddressForeign/AddressLine2",7,5,"2011v1.2"
"/Return/ReturnData/EmployeeCompensationExpln/EmployeeCompExplanation/Explanation",6,2,"2011v1.3, 2011v1.2"
"/Return/ReturnData/EmployeeCompensationExpln",6,6,"2011v1.3, 2011v1.5, 2011v1.2"
"/Return/ReturnData/IRS990ScheduleN/DispositionTable/AddressForeign/AddressLine2",5,2,"2011v1.2"
"/Return/ReturnData/IRS990/AmtReservesMaintained",5,5,"2011v1.2"
"/Return/ReturnData/IRS990ScheduleM/QualifiedContribHistStruct/NonCashCheckbox",5,5,"2011v1.2, 2011v1.5"
"/Return/ReturnData/IRS990EZ/CompensationOfHighestPaidEmpl/AddressForeign/ProvinceOrState",4,2,"2011v1.2"
"/Return/ReturnData/IRS990ScheduleM/QualifiedContribHistStruct/NumberOfContributions",4,4,"2011v1.2, 2011v1.5"
"/Return/ReturnData/IRS990ScheduleC/AmountOfManagers4912Tax",4,4,"2011v1.5, 2011v1.2"
"/Return/ReturnData/IRS990ScheduleC/AmountOf4912Tax",4,4,"2011v1.5, 2011v1.2"
"/Return/ReturnData/IRS990EZ/CompensationOfHighestPaidEmpl/AddressForeign/Country",4,2,"2011v1.2"
"/Return/ReturnData/IRS990ScheduleN/LiquidationTable/LiquidationDetail/AddressForeign/AddressLine1",4,4,"2011v1.2"
"/Return/ReturnData/IRS990ScheduleN/LiquidationTable/LiquidationDetail/AddressForeign",4,4,"2011v1.2"
"/Return/ReturnData/IRS990EZ/CompensationOfHighestPaidEmpl/AddressForeign",4,2,"2011v1.2"
"/Return/ReturnData/IRS990ScheduleN/LiquidationTable/LiquidationDetail/AddressForeign/Country",4,4,"2011v1.2"
"/Return/ReturnData/IRS990EZ/CompensationOfHighestPaidEmpl/AddressForeign/PostalCode",4,2,"2011v1.2"
"/Return/ReturnData/IRS990EZ/CompensationOfHighestPaidEmpl/AddressForeign/City",4,2,"2011v1.2"
"/Return/ReturnData/IRS990EZ/CompensationOfHighestPaidEmpl/AddressForeign/AddressLine1",4,2,"2011v1.2"
"/Return/ReturnData/IRS990ScheduleR/Form990ScheduleRPartI/AddressForeign/AddressLine2",4,4,"2011v1.2"
"/Return/ReturnData/IRS990ScheduleG/AddressOfGamingRecKeeperFrgn/AddressLine1",3,3,"2011v1.2"
"/Return/ReturnData/IRS990ScheduleG/AddressOfGamingRecKeeperFrgn/City",3,3,"2011v1.2"
"/Return/ReturnData/IRS990ScheduleG/AddressOfGamingRecKeeperFrgn",3,3,"2011v1.2"
"/Return/ReturnData/IRS990ScheduleG/AddressOfGamingRecKeeperFrgn/Country",3,3,"2011v1.2"
"/Return/ReturnData/IRS990ScheduleN/LiquidationTable/LiquidationDetail/AddressForeign/City",3,3,"2011v1.2"
"/Return/ReturnData/IRS990ScheduleM/QualifiedContribHistStruct/NoncashContribsRptdF990",3,3,"2011v1.2, 2011v1.5"
"/Return/ReturnData/IRS990ScheduleH/Form990ScheduleHPartVSectionC/OtherFacilities/Name/BusinessNameLine2",3,1,"2011v1.2"
"/Return/ReturnData/IRS990ScheduleG/AddressOfGamingRecKeeperFrgn/PostalCode",2,2,"2011v1.2"
"/Return/ReturnData/IRS990EZ/CompOfHghstPaidCntrctProfSer/NameBusiness/BusinessNameLine2",2,2,"2011v1.2"
"/Return/ReturnData/IRS990EZ/CompOfHghstPaidCntrctProfSer/AddressForeign/AddressLine1",2,2,"2011v1.2"
"/Return/ReturnData/IRS990EZ/CompOfHghstPaidCntrctProfSer/AddressForeign",2,2,"2011v1.2"
"/Return/ReturnData/IRS990EZ/CompOfHghstPaidCntrctProfSer/AddressForeign/PostalCode",2,2,"2011v1.2"
"/Return/ReturnData/IRS990EZ/CompOfHghstPaidCntrctProfSer/AddressForeign/City",2,2,"2011v1.2"
"/Return/ReturnData/IRS990EZ/CompOfHghstPaidCntrctProfSer/AddressForeign/Country",2,2,"2011v1.2"
"/Return/ReturnData/IRS990ScheduleM/QualifiedContribHistStruct/MethodOfDeterminingRevenues",2,2,"2011v1.5, 2011v1.2"
"/Return/ReturnData/IRS990ScheduleN/LiquidationTable/LiquidationDetail/AddressForeign/ProvinceOrState",2,2,"2011v1.2"
"/Return/ReturnData/IRS990ScheduleR/Form990ScheduleRPartVI/LegalDomicileForeignCountry",1,1,"2011v1.5"
"/Return/ReturnData/IRS990ScheduleG/AddressOfThirdPartyUS/AddressLine2",1,1,"2011v1.2"
"/Return/ReturnData/IRS990ScheduleR/Form990ScheduleRPartVI/AddressForeign/ProvinceOrState",1,1,"2011v1.5"
"/Return/ReturnData/IRS990EZ/CompOfHghstPaidCntrctProfSer/AddressForeign/ProvinceOrState",1,1,"2011v1.2"
"/Return/ReturnData/IRS990ScheduleC/Sec527PolOrgs/AddressForeign/City",1,1,"2011v1.2"
"/Return/ReturnData/IRS990ScheduleG/NameOfThirdPartyBusiness/BusinessNameLine2",1,1,"2011v1.5"
"/Return/ReturnData/IRS990ScheduleR/Form990ScheduleRPartVI/AddressUS/AddressLine2",1,1,"2011v1.2"
"/Return/ReturnData/IRS990ScheduleC/Sec527PolOrgs/AddressForeign/PostalCode",1,1,"2011v1.2"
"/Return/ReturnData/IRS990ScheduleR/Form990ScheduleRPartVI/AddressForeign/City",1,1,"2011v1.5"
"/Return/ReturnData/IRS990ScheduleC/Sec527PolOrgs/AddressForeign",1,1,"2011v1.2"
"/Return/ReturnData/IRS990ScheduleL/Form990ScheduleLPartIII/NameOfInterestedBusiness/BusinessNameLine2",1,1,"2011v1.5"
"/Return/ReturnData/IRS990ScheduleC/Sec527PolOrgs/AddressForeign/Country",1,1,"2011v1.2"
"/Return/ReturnData/IRS990ScheduleC/Sec527PolOrgs/AddressForeign/AddressLine1",1,1,"2011v1.2"
"/Return/ReturnData/IRS990ScheduleN/LiquidationTable/LiquidationDetail/AddressForeign/AddressLine2",1,1,"2011v1.2"
"/Return/ReturnData/IRS990ScheduleG/FundraiserActivityInformation/AddressForeign/AddressLine2",1,1,"2011v1.2"
"/Return/ReturnData/IRS990ScheduleR/Form990ScheduleRPartVI/AddressForeign/Country",1,1,"2011v1.5"
"/Return/ReturnData/IRS990ScheduleR/Form990ScheduleRPartVI/AddressForeign",1,1,"2011v1.5"
"/Return/ReturnHeader/PreparerFirm/PreparerFirmForeignAddress/AddressLine2",1,1,"2011v1.2"
"/Return/ReturnData/IRS990ScheduleN/LiquidationTable/LiquidationDetail/AddressForeign/PostalCode",1,1,"2011v1.2"
"/Return/ReturnData/AffiliatedGroupSchedule/AffiliatedSchedule/AddressUS/AddressLine2",1,1,"2011v1.5"
"/Return/ReturnData/IRS990ScheduleR/Form990ScheduleRPartVI/AddressForeign/PostalCode",1,1,"2011v1.5"
"/Return/ReturnData/IRS990ScheduleL/DQPTable/NameBusiness/BusinessNameLine2",1,1,"2011v1.2"
"/Return/ReturnData/IRS990ScheduleR/Form990ScheduleRPartVI/AddressForeign/AddressLine1",1,1,"2011v1.5"
