"xpath","count_occurrences","count_filings","schema_versions"
"/Return/ReturnData/IRS990/Form990PartVIISectionA",2302737,179688,"2012v2.0, 2012v2.1, 2012v2.2, 2012v2.3, 2012v3.0"
"/Return/ReturnData/IRS990/Form990PartVIISectionA/NamePerson",2296993,179121,"2012v2.0, 2012v2.1, 2012v2.2, 2012v2.3, 2012v3.0"
"/Return/ReturnData/IRS990/Form990PartVIISectionA/Title",2287091,179688,"2012v2.0, 2012v2.1, 2012v2.2, 2012v2.3, 2012v3.0"
"/Return/ReturnData/IRS990/Form990PartVIISectionA/ReportableCompFromOrganization",2245985,178001,"2012v2.0, 2012v2.1, 2012v2.2, 2012v2.3, 2012v3.0"
"/Return/ReturnData/IRS990/Form990PartVIISectionA/OtherCompensation",2238633,177703,"2012v2.0, 2012v2.1, 2012v2.2, 2012v2.3, 2012v3.0"
"/Return/ReturnData/IRS990/Form990PartVIISectionA/ReportableCompFromRelatedOrgs",2233584,177656,"2012v2.0, 2012v2.1, 2012v2.2, 2012v2.3, 2012v3.0"
"/Return/ReturnData/IRS990/Form990PartVIISectionA/AverageHoursPerWeek",2222158,174145,"2012v2.0, 2012v2.1, 2012v2.2, 2012v2.3, 2012v3.0"
"/Return/ReturnData/IRS990/Form990PartVIISectionA/IndividualTrusteeOrDirector",1829764,158884,"2012v2.0, 2012v2.1, 2012v2.2, 2012v2.3, 2012v3.0"
"/Return/ReturnData/IRS990ScheduleO/GeneralExplanation",1534224,269145,"2012v2.0, 2012v2.1, 2012v2.2, 2012v2.3, 2012v3.0"
"/Return/ReturnData/IRS990ScheduleO/GeneralExplanation/Explanation",1534224,269145,"2012v2.0, 2012v2.1, 2012v2.2, 2012v2.3, 2012v3.0"
"/Return/ReturnData/IRS990ScheduleO/GeneralExplanation/ReturnReference",1262583,229768,"2012v2.0, 2012v2.1, 2012v2.2, 2012v2.3, 2012v3.0"
"/Return/ReturnData/IRS990ScheduleO/GeneralExplanation/Identifier",1044432,215469,"2012v2.0, 2012v2.1, 2012v2.2, 2012v2.3, 2012v3.0"
"/Return/ReturnData/IRS990/Form990PartVIISectionA/Officer",736022,161432,"2012v2.0, 2012v2.1, 2012v2.2, 2012v2.3, 2012v3.0"
"/Return/ReturnData/IRS990EZ/OfficerDirectorTrusteeKeyEmpl",632705,93750,"2012v2.0, 2012v2.1, 2012v2.2, 2012v2.3, 2012v3.0"
"/Return/ReturnData/IRS990EZ/OfficerDirectorTrusteeKeyEmpl/AvgHoursPerWkDevotedToPosition",632705,93750,"2012v2.0, 2012v2.1, 2012v2.2, 2012v2.3, 2012v3.0"
"/Return/ReturnData/IRS990EZ/OfficerDirectorTrusteeKeyEmpl/Compensation",632705,93750,"2012v2.0, 2012v2.1, 2012v2.2, 2012v2.3, 2012v3.0"
"/Return/ReturnData/IRS990EZ/OfficerDirectorTrusteeKeyEmpl/Title",632705,93750,"2012v2.0, 2012v2.1, 2012v2.2, 2012v2.3, 2012v3.0"
"/Return/ReturnData/IRS990EZ/OfficerDirectorTrusteeKeyEmpl/PersonName",629906,93335,"2012v2.0, 2012v2.1, 2012v2.2, 2012v2.3, 2012v3.0"
"/Return/ReturnData/IRS990/OtherExpenses",597052,167999,"2012v2.0, 2012v2.1, 2012v2.2, 2012v2.3, 2012v3.0"
"/Return/ReturnData/IRS990/OtherExpenses/Total",596513,167924,"2012v2.0, 2012v2.1, 2012v2.2, 2012v2.3, 2012v3.0"
"/Return/ReturnData/IRS990/OtherExpenses/Description",594346,167348,"2012v2.0, 2012v2.1, 2012v2.2, 2012v2.3, 2012v3.0"
"/Return/ReturnData/IRS990/Form990PartVIISectionA/AverageHoursPerWeekRelated",590415,51102,"2012v2.0, 2012v2.1, 2012v2.2, 2012v2.3, 2012v3.0"
"/Return/ReturnData/IRS990ScheduleR/Form990ScheduleRPartIV",467522,14583,"2012v2.0, 2012v2.1, 2012v2.2, 2012v2.3, 2012v3.0"
"/Return/ReturnData/IRS990ScheduleR/Form990ScheduleRPartIV/NameOfRelatedOrg",467081,14582,"2012v2.0, 2012v2.1, 2012v2.2, 2012v2.3, 2012v3.0"
"/Return/ReturnData/IRS990ScheduleR/Form990ScheduleRPartIV/NameOfRelatedOrg/BusinessNameLine1",467081,14582,"2012v2.0, 2012v2.1, 2012v2.2, 2012v2.3, 2012v3.0"
"/Return/ReturnData/IRS990/OtherExpenses/ProgramServices",440469,136198,"2012v2.0, 2012v2.1, 2012v2.2, 2012v2.3, 2012v3.0"
"/Return/ReturnData/IRS990ScheduleR/Form990ScheduleRPartIV/ControlledOrg",422679,13163,"2012v2.0, 2012v2.1, 2012v2.2, 2012v2.3, 2012v3.0"
"/Return/ReturnData/IRS990ScheduleR/Form990ScheduleRPartIV/DirectControllingEntityNA",347488,6069,"2012v2.0, 2012v2.1, 2012v2.2, 2012v2.3, 2012v3.0"
"/Return/ReturnData/IRS990ScheduleI/RecipientTable",306683,25625,"2012v2.0, 2012v2.1, 2012v2.2, 2012v2.3, 2012v3.0"
"/Return/ReturnData/IRS990ScheduleI/RecipientTable/RecipientNameBusiness",305640,25552,"2012v2.0, 2012v2.1, 2012v2.2, 2012v2.3, 2012v3.0"
"/Return/ReturnData/IRS990ScheduleI/RecipientTable/RecipientNameBusiness/BusinessNameLine1",305640,25552,"2012v2.0, 2012v2.1, 2012v2.2, 2012v2.3, 2012v3.0"
"/Return/ReturnData/IRS990ScheduleR/Form990ScheduleRPartII",305508,45151,"2012v2.0, 2012v2.1, 2012v2.2, 2012v2.3, 2012v3.0"
"/Return/ReturnData/IRS990ScheduleR/Form990ScheduleRPartII/NameOfDisregardedEntity",305428,45135,"2012v2.0, 2012v2.1, 2012v2.2, 2012v2.3, 2012v3.0"
"/Return/ReturnData/IRS990ScheduleR/Form990ScheduleRPartII/NameOfDisregardedEntity/BusinessNameLine1",305428,45135,"2012v2.0, 2012v2.1, 2012v2.2, 2012v2.3, 2012v3.0"
"/Return/ReturnData/IRS990ScheduleR/Form990ScheduleRPartII/PrimaryActivities",301028,44094,"2012v2.0, 2012v2.1, 2012v2.2, 2012v2.3, 2012v3.0"
"/Return/ReturnData/IRS990ScheduleR/Form990ScheduleRPartII/ControlledOrg",300624,43945,"2012v2.0, 2012v2.1, 2012v2.2, 2012v2.3, 2012v3.0"
"/Return/ReturnData/IRS990ScheduleR/Form990ScheduleRPartII/LegalDomicileState",300361,44424,"2012v2.0, 2012v2.1, 2012v2.2, 2012v2.3, 2012v3.0"
"/Return/ReturnData/IRS990ScheduleR/Form990ScheduleRPartII/AddressUS",300067,44490,"2012v2.0, 2012v2.1, 2012v2.2, 2012v2.3, 2012v3.0"
"/Return/ReturnData/IRS990ScheduleR/Form990ScheduleRPartII/AddressUS/AddressLine1",300067,44490,"2012v2.0, 2012v2.1, 2012v2.2, 2012v2.3, 2012v3.0"
"/Return/ReturnData/IRS990ScheduleR/Form990ScheduleRPartII/AddressUS/City",300067,44490,"2012v2.0, 2012v2.1, 2012v2.2, 2012v2.3, 2012v3.0"
"/Return/ReturnData/IRS990ScheduleR/Form990ScheduleRPartII/AddressUS/State",300067,44490,"2012v2.0, 2012v2.1, 2012v2.2, 2012v2.3, 2012v3.0"
"/Return/ReturnData/IRS990ScheduleR/Form990ScheduleRPartII/AddressUS/ZIPCode",300067,44490,"2012v2.0, 2012v2.1, 2012v2.2, 2012v2.3, 2012v3.0"
"/Return/ReturnData/IRS990ScheduleI/RecipientTable/PurposeOfGrant",296981,23631,"2012v2.0, 2012v2.1, 2012v2.2, 2012v2.3, 2012v3.0"
"/Return/ReturnData/IRS990ScheduleR/Form990ScheduleRPartII/ExemptCodeSection",296723,43138,"2012v2.0, 2012v2.1, 2012v2.2, 2012v2.3, 2012v3.0"
"/Return/ReturnData/IRS990ScheduleI/RecipientTable/AmountOfCashGrant",289408,24846,"2012v2.0, 2012v2.1, 2012v2.2, 2012v2.3, 2012v3.0"
"/Return/ReturnData/IRS990/ProgramServiceRevenue",283866,124084,"2012v2.0, 2012v2.1, 2012v2.2, 2012v2.3, 2012v3.0"
"/Return/ReturnData/IRS990ScheduleI/RecipientTable/AddressUS",283211,24654,"2012v2.0, 2012v2.1, 2012v2.2, 2012v2.3, 2012v3.0"
"/Return/ReturnData/IRS990ScheduleI/RecipientTable/AddressUS/AddressLine1",283211,24654,"2012v2.0, 2012v2.1, 2012v2.2, 2012v2.3, 2012v3.0"
"/Return/ReturnData/IRS990ScheduleI/RecipientTable/AddressUS/City",283211,24654,"2012v2.0, 2012v2.1, 2012v2.2, 2012v2.3, 2012v3.0"
"/Return/ReturnData/IRS990ScheduleI/RecipientTable/AddressUS/State",283211,24654,"2012v2.0, 2012v2.1, 2012v2.2, 2012v2.3, 2012v3.0"
"/Return/ReturnData/IRS990ScheduleI/RecipientTable/AddressUS/ZIPCode",283211,24654,"2012v2.0, 2012v2.1, 2012v2.2, 2012v2.3, 2012v3.0"
"/Return/ReturnData/IRS990ScheduleI/RecipientTable/EINOfRecipient",282406,22011,"2012v2.0, 2012v2.1, 2012v2.2, 2012v2.3, 2012v3.0"
"/Return/ReturnData/IRS990/ProgramServiceRevenue/TotalRevenueColumn",282257,123702,"2012v2.0, 2012v2.1, 2012v2.2, 2012v2.3, 2012v3.0"
"/Return/ReturnData/IRS990/ProgramServiceRevenue/Description",280729,123489,"2012v2.0, 2012v2.1, 2012v2.2, 2012v2.3, 2012v3.0"
"/Return/ReturnData/IRS990ScheduleR/Form990ScheduleRPartII/PublicCharityStatus",277528,35848,"2012v2.0, 2012v2.1, 2012v2.2, 2012v2.3, 2012v3.0"
"/Return",273438,273438,"2012v2.0, 2012v2.1, 2012v2.2, 2012v2.3, 2012v3.0"
"/Return/ReturnData",273438,273438,"2012v2.0, 2012v2.1, 2012v2.2, 2012v2.3, 2012v3.0"
"/Return/ReturnHeader",273438,273438,"2012v2.0, 2012v2.1, 2012v2.2, 2012v2.3, 2012v3.0"
"/Return/ReturnHeader/BuildTS",273438,273438,"2012v2.0, 2012v2.1, 2012v2.2, 2012v2.3, 2012v3.0"
"/Return/ReturnHeader/Filer",273438,273438,"2012v2.0, 2012v2.1, 2012v2.2, 2012v2.3, 2012v3.0"
"/Return/ReturnHeader/Filer/EIN",273438,273438,"2012v2.0, 2012v2.1, 2012v2.2, 2012v2.3, 2012v3.0"
"/Return/ReturnHeader/Filer/Name",273438,273438,"2012v2.0, 2012v2.1, 2012v2.2, 2012v2.3, 2012v3.0"
"/Return/ReturnHeader/Filer/Name/BusinessNameLine1",273438,273438,"2012v2.0, 2012v2.1, 2012v2.2, 2012v2.3, 2012v3.0"
"/Return/ReturnHeader/Filer/NameControl",273438,273438,"2012v2.0, 2012v2.1, 2012v2.2, 2012v2.3, 2012v3.0"
"/Return/ReturnHeader/Officer",273438,273438,"2012v2.0, 2012v2.1, 2012v2.2, 2012v2.3, 2012v3.0"
"/Return/ReturnHeader/Officer/DateSigned",273438,273438,"2012v2.0, 2012v2.1, 2012v2.2, 2012v2.3, 2012v3.0"
"/Return/ReturnHeader/Officer/Name",273438,273438,"2012v2.0, 2012v2.1, 2012v2.2, 2012v2.3, 2012v3.0"
"/Return/ReturnHeader/Officer/Title",273438,273438,"2012v2.0, 2012v2.1, 2012v2.2, 2012v2.3, 2012v3.0"
"/Return/ReturnHeader/ReturnType",273438,273438,"2012v2.0, 2012v2.1, 2012v2.2, 2012v2.3, 2012v3.0"
"/Return/ReturnHeader/TaxPeriodBeginDate",273438,273438,"2012v2.0, 2012v2.1, 2012v2.2, 2012v2.3, 2012v3.0"
"/Return/ReturnHeader/TaxPeriodEndDate",273438,273438,"2012v2.0, 2012v2.1, 2012v2.2, 2012v2.3, 2012v3.0"
"/Return/ReturnHeader/TaxYear",273438,273438,"2012v2.0, 2012v2.1, 2012v2.2, 2012v2.3, 2012v3.0"
"/Return/ReturnHeader/Timestamp",273438,273438,"2012v2.0, 2012v2.1, 2012v2.2, 2012v2.3, 2012v3.0"
"/Return/ReturnHeader/Filer/USAddress",273273,273273,"2012v2.0, 2012v2.1, 2012v2.2, 2012v2.3, 2012v3.0"
"/Return/ReturnHeader/Filer/USAddress/AddressLine1",273273,273273,"2012v2.0, 2012v2.1, 2012v2.2, 2012v2.3, 2012v3.0"
"/Return/ReturnHeader/Filer/USAddress/City",273273,273273,"2012v2.0, 2012v2.1, 2012v2.2, 2012v2.3, 2012v3.0"
"/Return/ReturnHeader/Filer/USAddress/State",273273,273273,"2012v2.0, 2012v2.1, 2012v2.2, 2012v2.3, 2012v3.0"
"/Return/ReturnHeader/Filer/USAddress/ZIPCode",273273,273273,"2012v2.0, 2012v2.1, 2012v2.2, 2012v2.3, 2012v3.0"
"/Return/ReturnData/IRS990ScheduleR/Form990ScheduleRPartII/EIN",271263,42367,"2012v2.0, 2012v2.1, 2012v2.2, 2012v2.3, 2012v3.0"
"/Return/ReturnData/IRS990ScheduleO",269145,269145,"2012v2.0, 2012v2.1, 2012v2.2, 2012v2.3, 2012v3.0"
"/Return/ReturnHeader/Preparer",260163,260163,"2012v2.0, 2012v2.1, 2012v2.2, 2012v2.3, 2012v3.0"
"/Return/ReturnHeader/PreparerFirm",259165,259165,"2012v2.0, 2012v2.1, 2012v2.2, 2012v2.3, 2012v3.0"
"/Return/ReturnHeader/PreparerFirm/PreparerFirmBusinessName",259165,259165,"2012v2.0, 2012v2.1, 2012v2.2, 2012v2.3, 2012v3.0"
"/Return/ReturnHeader/PreparerFirm/PreparerFirmBusinessName/BusinessNameLine1",259165,259165,"2012v2.0, 2012v2.1, 2012v2.2, 2012v2.3, 2012v3.0"
"/Return/ReturnHeader/PreparerFirm/PreparerFirmUSAddress",259136,259136,"2012v2.0, 2012v2.1, 2012v2.2, 2012v2.3, 2012v3.0"
"/Return/ReturnHeader/PreparerFirm/PreparerFirmUSAddress/AddressLine1",259136,259136,"2012v2.0, 2012v2.1, 2012v2.2, 2012v2.3, 2012v3.0"
"/Return/ReturnHeader/PreparerFirm/PreparerFirmUSAddress/City",259136,259136,"2012v2.0, 2012v2.1, 2012v2.2, 2012v2.3, 2012v3.0"
"/Return/ReturnHeader/PreparerFirm/PreparerFirmUSAddress/State",259136,259136,"2012v2.0, 2012v2.1, 2012v2.2, 2012v2.3, 2012v3.0"
"/Return/ReturnHeader/PreparerFirm/PreparerFirmUSAddress/ZIPCode",259136,259136,"2012v2.0, 2012v2.1, 2012v2.2, 2012v2.3, 2012v3.0"
"/Return/ReturnHeader/Preparer/Phone",257664,257664,"2012v2.0, 2012v2.1, 2012v2.2, 2012v2.3, 2012v3.0"
"/Return/ReturnData/IRS990ScheduleI/RecipientTable/IRCSection",257158,18499,"2012v2.0, 2012v2.1, 2012v2.2, 2012v2.3, 2012v3.0"
"/Return/ReturnHeader/Preparer/Name",253982,253982,"2012v2.0, 2012v2.1, 2012v2.2, 2012v2.3, 2012v3.0"
"/Return/ReturnData/IRS990/OtherExpenses/ManagementAndGeneral",248258,103274,"2012v2.0, 2012v2.1, 2012v2.2, 2012v2.3, 2012v3.0"
"/Return/ReturnData/IRS990/ProgramServiceRevenue/RelatedOrExemptFunctionIncome",246695,110704,"2012v2.0, 2012v2.1, 2012v2.2, 2012v2.3, 2012v3.0"
"/Return/ReturnData/IRS990EZ/OfficerDirectorTrusteeKeyEmpl/ExpenseAccountOtherAllowances",241874,36716,"2012v2.0, 2012v2.1, 2012v2.2, 2012v2.3, 2012v3.0"
"/Return/ReturnData/IRS990EZ/OfficerDirectorTrusteeKeyEmpl/ContriToEmplBenefitPlansEtc",241771,37098,"2012v2.0, 2012v2.1, 2012v2.2, 2012v2.3, 2012v3.0"
"/Return/ReturnHeader/Filer/Phone",241058,241058,"2012v2.0, 2012v2.1, 2012v2.2, 2012v2.3, 2012v3.0"
"/Return/ReturnHeader/Officer/AuthorizeThirdParty",239940,239940,"2012v2.0, 2012v2.1, 2012v2.2, 2012v2.3, 2012v3.0"
"/Return/ReturnData/IRS990ScheduleR/Form990ScheduleRPartII/DirectControllingEntityName",206839,20275,"2012v2.0, 2012v2.1, 2012v2.2, 2012v2.3, 2012v3.0"
"/Return/ReturnData/IRS990ScheduleR/Form990ScheduleRPartII/DirectControllingEntityName/BusinessNameLine1",206839,20275,"2012v2.0, 2012v2.1, 2012v2.2, 2012v2.3, 2012v3.0"
"/Return/ReturnData/IRS990ScheduleA",206478,206478,"2012v2.0, 2012v2.1, 2012v2.2, 2012v2.3, 2012v3.0"
"/Return/ReturnData/IRS990/ProgramServiceRevenue/BusinessCode",201720,90633,"2012v2.0, 2012v2.1, 2012v2.2, 2012v2.3, 2012v3.0"
"/Return/ReturnHeader/Officer/Phone",199479,199479,"2012v2.0, 2012v2.1, 2012v2.2, 2012v2.3, 2012v3.0"
"/Return/ReturnData/IRS990",179688,179688,"2012v2.0, 2012v2.1, 2012v2.2, 2012v2.3, 2012v3.0"
"/Return/ReturnData/IRS990/AccountantCompileOrReview",179688,179688,"2012v2.0, 2012v2.1, 2012v2.2, 2012v2.3, 2012v3.0"
"/Return/ReturnData/IRS990/ActivitiesConductedPartnership",179688,179688,"2012v2.0, 2012v2.1, 2012v2.2, 2012v2.3, 2012v3.0"
"/Return/ReturnData/IRS990/ActivityOrMissionDescription",179688,179688,"2012v2.0, 2012v2.1, 2012v2.2, 2012v2.3, 2012v3.0"
"/Return/ReturnData/IRS990/BenefitsPaidToMembersCY",179688,179688,"2012v2.0, 2012v2.1, 2012v2.2, 2012v2.3, 2012v3.0"
"/Return/ReturnData/IRS990/BsnssRltnshpThruFamilyMember",179688,179688,"2012v2.0, 2012v2.1, 2012v2.2, 2012v2.3, 2012v3.0"
"/Return/ReturnData/IRS990/BsnssRltnshpWithOrganization",179688,179688,"2012v2.0, 2012v2.1, 2012v2.2, 2012v2.3, 2012v3.0"
"/Return/ReturnData/IRS990/ChangesToOrganizingDocs",179688,179688,"2012v2.0, 2012v2.1, 2012v2.2, 2012v2.3, 2012v3.0"
"/Return/ReturnData/IRS990/CollectionsOfArt",179688,179688,"2012v2.0, 2012v2.1, 2012v2.2, 2012v2.3, 2012v3.0"
"/Return/ReturnData/IRS990/CompensationFromOtherSources",179688,179688,"2012v2.0, 2012v2.1, 2012v2.2, 2012v2.3, 2012v3.0"
"/Return/ReturnData/IRS990/ConflictOfInterestPolicy",179688,179688,"2012v2.0, 2012v2.1, 2012v2.2, 2012v2.3, 2012v3.0"
"/Return/ReturnData/IRS990/ConservationEasements",179688,179688,"2012v2.0, 2012v2.1, 2012v2.2, 2012v2.3, 2012v3.0"
"/Return/ReturnData/IRS990/ConsolidatedAuditFinancialStmt",179688,179688,"2012v2.0, 2012v2.1, 2012v2.2, 2012v2.3, 2012v3.0"
"/Return/ReturnData/IRS990/ContributionsGrantsCurrentYear",179688,179688,"2012v2.0, 2012v2.1, 2012v2.2, 2012v2.3, 2012v3.0"
"/Return/ReturnData/IRS990/CreditCounseling",179688,179688,"2012v2.0, 2012v2.1, 2012v2.2, 2012v2.3, 2012v3.0"
"/Return/ReturnData/IRS990/DecisionsSubjectToApproval",179688,179688,"2012v2.0, 2012v2.1, 2012v2.2, 2012v2.3, 2012v3.0"
"/Return/ReturnData/IRS990/DeductibleContributionsOfArt",179688,179688,"2012v2.0, 2012v2.1, 2012v2.2, 2012v2.3, 2012v3.0"
"/Return/ReturnData/IRS990/DeductibleNonCashContributions",179688,179688,"2012v2.0, 2012v2.1, 2012v2.2, 2012v2.3, 2012v3.0"
"/Return/ReturnData/IRS990/DelegationOfManagementDuties",179688,179688,"2012v2.0, 2012v2.1, 2012v2.2, 2012v2.3, 2012v3.0"
"/Return/ReturnData/IRS990/DescribedIn501C3",179688,179688,"2012v2.0, 2012v2.1, 2012v2.2, 2012v2.3, 2012v3.0"
"/Return/ReturnData/IRS990/Description",179688,179688,"2012v2.0, 2012v2.1, 2012v2.2, 2012v2.3, 2012v3.0"
"/Return/ReturnData/IRS990/DisregardedEntity",179688,179688,"2012v2.0, 2012v2.1, 2012v2.2, 2012v2.3, 2012v3.0"
"/Return/ReturnData/IRS990/DocumentRetentionPolicy",179688,179688,"2012v2.0, 2012v2.1, 2012v2.2, 2012v2.3, 2012v3.0"
"/Return/ReturnData/IRS990/DonorAdvisedFunds",179688,179688,"2012v2.0, 2012v2.1, 2012v2.2, 2012v2.3, 2012v3.0"
"/Return/ReturnData/IRS990/ElectionOfBoardMembers",179688,179688,"2012v2.0, 2012v2.1, 2012v2.2, 2012v2.3, 2012v3.0"
"/Return/ReturnData/IRS990/FSAudited",179688,179688,"2012v2.0, 2012v2.1, 2012v2.2, 2012v2.3, 2012v3.0"
"/Return/ReturnData/IRS990/FamilyOrBusinessRelationship",179688,179688,"2012v2.0, 2012v2.1, 2012v2.2, 2012v2.3, 2012v3.0"
"/Return/ReturnData/IRS990/ForeignActivities",179688,179688,"2012v2.0, 2012v2.1, 2012v2.2, 2012v2.3, 2012v3.0"
"/Return/ReturnData/IRS990/ForeignFinancialAccount",179688,179688,"2012v2.0, 2012v2.1, 2012v2.2, 2012v2.3, 2012v3.0"
"/Return/ReturnData/IRS990/ForeignOffice",179688,179688,"2012v2.0, 2012v2.1, 2012v2.2, 2012v2.3, 2012v3.0"
"/Return/ReturnData/IRS990/Form990ProvidedToGoverningBody",179688,179688,"2012v2.0, 2012v2.1, 2012v2.2, 2012v2.3, 2012v3.0"
"/Return/ReturnData/IRS990/FormersListed",179688,179688,"2012v2.0, 2012v2.1, 2012v2.2, 2012v2.3, 2012v3.0"
"/Return/ReturnData/IRS990/FundraisingActivities",179688,179688,"2012v2.0, 2012v2.1, 2012v2.2, 2012v2.3, 2012v3.0"
"/Return/ReturnData/IRS990/Gaming",179688,179688,"2012v2.0, 2012v2.1, 2012v2.2, 2012v2.3, 2012v3.0"
"/Return/ReturnData/IRS990/GrantToRelatedPerson",179688,179688,"2012v2.0, 2012v2.1, 2012v2.2, 2012v2.3, 2012v3.0"
"/Return/ReturnData/IRS990/GrantsAndSimilarAmntsCY",179688,179688,"2012v2.0, 2012v2.1, 2012v2.2, 2012v2.3, 2012v3.0"
"/Return/ReturnData/IRS990/GrantsToIndividuals",179688,179688,"2012v2.0, 2012v2.1, 2012v2.2, 2012v2.3, 2012v3.0"
"/Return/ReturnData/IRS990/GrantsToOrganizations",179688,179688,"2012v2.0, 2012v2.1, 2012v2.2, 2012v2.3, 2012v3.0"
"/Return/ReturnData/IRS990/GrossReceipts",179688,179688,"2012v2.0, 2012v2.1, 2012v2.2, 2012v2.3, 2012v3.0"
"/Return/ReturnData/IRS990/GroupReturnForAffiliates",179688,179688,"2012v2.0, 2012v2.1, 2012v2.2, 2012v2.3, 2012v3.0"
"/Return/ReturnData/IRS990/Hospital",179688,179688,"2012v2.0, 2012v2.1, 2012v2.2, 2012v2.3, 2012v3.0"
"/Return/ReturnData/IRS990/IndependentAuditFinancialStmt",179688,179688,"2012v2.0, 2012v2.1, 2012v2.2, 2012v2.3, 2012v3.0"
"/Return/ReturnData/IRS990/IndoorTanningServices",179688,179688,"2012v2.0, 2012v2.1, 2012v2.2, 2012v2.3, 2012v3.0"
"/Return/ReturnData/IRS990/InvestmentInJointVenture",179688,179688,"2012v2.0, 2012v2.1, 2012v2.2, 2012v2.3, 2012v3.0"
"/Return/ReturnData/IRS990/InvestmentIncomeCurrentYear",179688,179688,"2012v2.0, 2012v2.1, 2012v2.2, 2012v2.3, 2012v3.0"
"/Return/ReturnData/IRS990/LoanToOfficerOrDQP",179688,179688,"2012v2.0, 2012v2.1, 2012v2.2, 2012v2.3, 2012v3.0"
"/Return/ReturnData/IRS990/LocalChapters",179688,179688,"2012v2.0, 2012v2.1, 2012v2.2, 2012v2.3, 2012v3.0"
"/Return/ReturnData/IRS990/MaterialDiversionOrMisuse",179688,179688,"2012v2.0, 2012v2.1, 2012v2.2, 2012v2.3, 2012v3.0"
"/Return/ReturnData/IRS990/MembersOrStockholders",179688,179688,"2012v2.0, 2012v2.1, 2012v2.2, 2012v2.3, 2012v3.0"
"/Return/ReturnData/IRS990/MinutesOfGoverningBody",179688,179688,"2012v2.0, 2012v2.1, 2012v2.2, 2012v2.3, 2012v3.0"
"/Return/ReturnData/IRS990/MoreThan5000KToIndividuals",179688,179688,"2012v2.0, 2012v2.1, 2012v2.2, 2012v2.3, 2012v3.0"
"/Return/ReturnData/IRS990/MoreThan5000KToOrganizations",179688,179688,"2012v2.0, 2012v2.1, 2012v2.2, 2012v2.3, 2012v3.0"
"/Return/ReturnData/IRS990/NbrIndependentVotingMembers",179688,179688,"2012v2.0, 2012v2.1, 2012v2.2, 2012v2.3, 2012v3.0"
"/Return/ReturnData/IRS990/NbrVotingGoverningBodyMembers",179688,179688,"2012v2.0, 2012v2.1, 2012v2.2, 2012v2.3, 2012v3.0"
"/Return/ReturnData/IRS990/NbrVotingMembersGoverningBody",179688,179688,"2012v2.0, 2012v2.1, 2012v2.2, 2012v2.3, 2012v3.0"
"/Return/ReturnData/IRS990/NetAssetsOrFundBalancesEOY",179688,179688,"2012v2.0, 2012v2.1, 2012v2.2, 2012v2.3, 2012v3.0"
"/Return/ReturnData/IRS990/NonDeductibleContributions",179688,179688,"2012v2.0, 2012v2.1, 2012v2.2, 2012v2.3, 2012v3.0"
"/Return/ReturnData/IRS990/NumberFormsTransmittedWith1096",179688,179688,"2012v2.0, 2012v2.1, 2012v2.2, 2012v2.3, 2012v3.0"
"/Return/ReturnData/IRS990/NumberIndependentVotingMembers",179688,179688,"2012v2.0, 2012v2.1, 2012v2.2, 2012v2.3, 2012v3.0"
"/Return/ReturnData/IRS990/NumberOfEmployees",179688,179688,"2012v2.0, 2012v2.1, 2012v2.2, 2012v2.3, 2012v3.0"
"/Return/ReturnData/IRS990/NumberW2GIncluded",179688,179688,"2012v2.0, 2012v2.1, 2012v2.2, 2012v2.3, 2012v3.0"
"/Return/ReturnData/IRS990/OfficerEntityWithBsnssRltnshp",179688,179688,"2012v2.0, 2012v2.1, 2012v2.2, 2012v2.3, 2012v3.0"
"/Return/ReturnData/IRS990/OfficerMailingAddress",179688,179688,"2012v2.0, 2012v2.1, 2012v2.2, 2012v2.3, 2012v3.0"
"/Return/ReturnData/IRS990/OtherExpensesCurrentYear",179688,179688,"2012v2.0, 2012v2.1, 2012v2.2, 2012v2.3, 2012v3.0"
"/Return/ReturnData/IRS990/OtherRevenueCurrentYear",179688,179688,"2012v2.0, 2012v2.1, 2012v2.2, 2012v2.3, 2012v3.0"
"/Return/ReturnData/IRS990/PartialLiquidation",179688,179688,"2012v2.0, 2012v2.1, 2012v2.2, 2012v2.3, 2012v3.0"
"/Return/ReturnData/IRS990/PoliticalActivities",179688,179688,"2012v2.0, 2012v2.1, 2012v2.2, 2012v2.3, 2012v3.0"
"/Return/ReturnData/IRS990/ProfessionalFundraising",179688,179688,"2012v2.0, 2012v2.1, 2012v2.2, 2012v2.3, 2012v3.0"
"/Return/ReturnData/IRS990/ProgramServiceRevenueCY",179688,179688,"2012v2.0, 2012v2.1, 2012v2.2, 2012v2.3, 2012v3.0"
"/Return/ReturnData/IRS990/ProhibitedTaxShelterTrans",179688,179688,"2012v2.0, 2012v2.1, 2012v2.2, 2012v2.3, 2012v3.0"
"/Return/ReturnData/IRS990/ReconcilationRevenueExpenses",179688,179688,"2012v2.0, 2012v2.1, 2012v2.2, 2012v2.3, 2012v3.0"
"/Return/ReturnData/IRS990/RelatedEntity",179688,179688,"2012v2.0, 2012v2.1, 2012v2.2, 2012v2.3, 2012v3.0"
"/Return/ReturnData/IRS990/RelatedOrgControlledEntity",179688,179688,"2012v2.0, 2012v2.1, 2012v2.2, 2012v2.3, 2012v3.0"
"/Return/ReturnData/IRS990/ReportFin48Footnote",179688,179688,"2012v2.0, 2012v2.1, 2012v2.2, 2012v2.3, 2012v3.0"
"/Return/ReturnData/IRS990/ReportInvestOthSecurities",179688,179688,"2012v2.0, 2012v2.1, 2012v2.2, 2012v2.3, 2012v3.0"
"/Return/ReturnData/IRS990/ReportLandBldgEquip",179688,179688,"2012v2.0, 2012v2.1, 2012v2.2, 2012v2.3, 2012v3.0"
"/Return/ReturnData/IRS990/ReportOtherAssets",179688,179688,"2012v2.0, 2012v2.1, 2012v2.2, 2012v2.3, 2012v3.0"
"/Return/ReturnData/IRS990/ReportOtherLiabilities",179688,179688,"2012v2.0, 2012v2.1, 2012v2.2, 2012v2.3, 2012v3.0"
"/Return/ReturnData/IRS990/ReportProgRelInvest",179688,179688,"2012v2.0, 2012v2.1, 2012v2.2, 2012v2.3, 2012v3.0"
"/Return/ReturnData/IRS990/RevenuesLessExpensesCY",179688,179688,"2012v2.0, 2012v2.1, 2012v2.2, 2012v2.3, 2012v3.0"
"/Return/ReturnData/IRS990/SalariesEtcCurrentYear",179688,179688,"2012v2.0, 2012v2.1, 2012v2.2, 2012v2.3, 2012v3.0"
"/Return/ReturnData/IRS990/ScheduleBRequired",179688,179688,"2012v2.0, 2012v2.1, 2012v2.2, 2012v2.3, 2012v3.0"
"/Return/ReturnData/IRS990/ScheduleJRequired",179688,179688,"2012v2.0, 2012v2.1, 2012v2.2, 2012v2.3, 2012v3.0"
"/Return/ReturnData/IRS990/ScheduleORequired",179688,179688,"2012v2.0, 2012v2.1, 2012v2.2, 2012v2.3, 2012v3.0"
"/Return/ReturnData/IRS990/School",179688,179688,"2012v2.0, 2012v2.1, 2012v2.2, 2012v2.3, 2012v3.0"
"/Return/ReturnData/IRS990/TaxExemptBonds",179688,179688,"2012v2.0, 2012v2.1, 2012v2.2, 2012v2.3, 2012v3.0"
"/Return/ReturnData/IRS990/TaxablePartyNotification",179688,179688,"2012v2.0, 2012v2.1, 2012v2.2, 2012v2.3, 2012v3.0"
"/Return/ReturnData/IRS990/TermOrPermanentEndowments",179688,179688,"2012v2.0, 2012v2.1, 2012v2.2, 2012v2.3, 2012v3.0"
"/Return/ReturnData/IRS990/Terminated",179688,179688,"2012v2.0, 2012v2.1, 2012v2.2, 2012v2.3, 2012v3.0"
"/Return/ReturnData/IRS990/TheBooksAreInCareOf",179688,179688,"2012v2.0, 2012v2.1, 2012v2.2, 2012v2.3, 2012v3.0"
"/Return/ReturnData/IRS990/TheBooksAreInCareOf/TelephoneNumber",179688,179688,"2012v2.0, 2012v2.1, 2012v2.2, 2012v2.3, 2012v3.0"
"/Return/ReturnData/IRS990/TotalAssets",179688,179688,"2012v2.0, 2012v2.1, 2012v2.2, 2012v2.3, 2012v3.0"
"/Return/ReturnData/IRS990/TotalAssets/BOY",179688,179688,"2012v2.0, 2012v2.1, 2012v2.2, 2012v2.3, 2012v3.0"
"/Return/ReturnData/IRS990/TotalAssets/EOY",179688,179688,"2012v2.0, 2012v2.1, 2012v2.2, 2012v2.3, 2012v3.0"
"/Return/ReturnData/IRS990/TotalAssetsEOY",179688,179688,"2012v2.0, 2012v2.1, 2012v2.2, 2012v2.3, 2012v3.0"
"/Return/ReturnData/IRS990/TotalCompGT150K",179688,179688,"2012v2.0, 2012v2.1, 2012v2.2, 2012v2.3, 2012v3.0"
"/Return/ReturnData/IRS990/TotalExpensesCurrentYear",179688,179688,"2012v2.0, 2012v2.1, 2012v2.2, 2012v2.3, 2012v3.0"
"/Return/ReturnData/IRS990/TotalFunctionalExpenses",179688,179688,"2012v2.0, 2012v2.1, 2012v2.2, 2012v2.3, 2012v3.0"
"/Return/ReturnData/IRS990/TotalFunctionalExpenses/Total",179688,179688,"2012v2.0, 2012v2.1, 2012v2.2, 2012v2.3, 2012v3.0"
"/Return/ReturnData/IRS990/TotalFundrsngExpCurrentYear",179688,179688,"2012v2.0, 2012v2.1, 2012v2.2, 2012v2.3, 2012v3.0"
"/Return/ReturnData/IRS990/TotalGrossUBI",179688,179688,"2012v2.0, 2012v2.1, 2012v2.2, 2012v2.3, 2012v3.0"
"/Return/ReturnData/IRS990/TotalLiabNetAssetsFundBalances",179688,179688,"2012v2.0, 2012v2.1, 2012v2.2, 2012v2.3, 2012v3.0"
"/Return/ReturnData/IRS990/TotalLiabNetAssetsFundBalances/BOY",179688,179688,"2012v2.0, 2012v2.1, 2012v2.2, 2012v2.3, 2012v3.0"
"/Return/ReturnData/IRS990/TotalLiabNetAssetsFundBalances/EOY",179688,179688,"2012v2.0, 2012v2.1, 2012v2.2, 2012v2.3, 2012v3.0"
"/Return/ReturnData/IRS990/TotalLiabilities",179688,179688,"2012v2.0, 2012v2.1, 2012v2.2, 2012v2.3, 2012v3.0"
"/Return/ReturnData/IRS990/TotalLiabilities/BOY",179688,179688,"2012v2.0, 2012v2.1, 2012v2.2, 2012v2.3, 2012v3.0"
"/Return/ReturnData/IRS990/TotalLiabilities/EOY",179688,179688,"2012v2.0, 2012v2.1, 2012v2.2, 2012v2.3, 2012v3.0"
"/Return/ReturnData/IRS990/TotalLiabilitiesEOY",179688,179688,"2012v2.0, 2012v2.1, 2012v2.2, 2012v2.3, 2012v3.0"
"/Return/ReturnData/IRS990/TotalNbrEmployees",179688,179688,"2012v2.0, 2012v2.1, 2012v2.2, 2012v2.3, 2012v3.0"
"/Return/ReturnData/IRS990/TotalNetAssetsFundBalances",179688,179688,"2012v2.0, 2012v2.1, 2012v2.2, 2012v2.3, 2012v3.0"
"/Return/ReturnData/IRS990/TotalNetAssetsFundBalances/BOY",179688,179688,"2012v2.0, 2012v2.1, 2012v2.2, 2012v2.3, 2012v3.0"
"/Return/ReturnData/IRS990/TotalNetAssetsFundBalances/EOY",179688,179688,"2012v2.0, 2012v2.1, 2012v2.2, 2012v2.3, 2012v3.0"
"/Return/ReturnData/IRS990/TotalProfFundrsngExpCY",179688,179688,"2012v2.0, 2012v2.1, 2012v2.2, 2012v2.3, 2012v3.0"
"/Return/ReturnData/IRS990/TotalRevenue",179688,179688,"2012v2.0, 2012v2.1, 2012v2.2, 2012v2.3, 2012v3.0"
"/Return/ReturnData/IRS990/TotalRevenue/TotalRevenueColumn",179688,179688,"2012v2.0, 2012v2.1, 2012v2.2, 2012v2.3, 2012v3.0"
"/Return/ReturnData/IRS990/TotalRevenueCurrentYear",179688,179688,"2012v2.0, 2012v2.1, 2012v2.2, 2012v2.3, 2012v3.0"
"/Return/ReturnData/IRS990/UnrelatedBusinessIncome",179688,179688,"2012v2.0, 2012v2.1, 2012v2.2, 2012v2.3, 2012v3.0"
"/Return/ReturnData/IRS990/WhistleblowerPolicy",179688,179688,"2012v2.0, 2012v2.1, 2012v2.2, 2012v2.3, 2012v3.0"
"/Return/ReturnData/IRS990/MissionDescription",179556,179556,"2012v2.0, 2012v2.1, 2012v2.2, 2012v2.3, 2012v3.0"
"/Return/ReturnData/IRS990/TheBooksAreInCareOf/AddressUS",179396,179396,"2012v2.0, 2012v2.1, 2012v2.2, 2012v2.3, 2012v3.0"
"/Return/ReturnData/IRS990/TheBooksAreInCareOf/AddressUS/AddressLine1",179396,179396,"2012v2.0, 2012v2.1, 2012v2.2, 2012v2.3, 2012v3.0"
"/Return/ReturnData/IRS990/TheBooksAreInCareOf/AddressUS/City",179396,179396,"2012v2.0, 2012v2.1, 2012v2.2, 2012v2.3, 2012v3.0"
"/Return/ReturnData/IRS990/TheBooksAreInCareOf/AddressUS/State",179396,179396,"2012v2.0, 2012v2.1, 2012v2.2, 2012v2.3, 2012v3.0"
"/Return/ReturnData/IRS990/TheBooksAreInCareOf/AddressUS/ZIPCode",179396,179396,"2012v2.0, 2012v2.1, 2012v2.2, 2012v2.3, 2012v3.0"
"/Return/ReturnData/IRS990/MinutesOfCommittees",178575,178575,"2012v2.0, 2012v2.1, 2012v2.2, 2012v2.3, 2012v3.0"
"/Return/ReturnData/IRS990/TotalAssetsBOY",178454,178454,"2012v2.0, 2012v2.1, 2012v2.2, 2012v2.3, 2012v3.0"
"/Return/ReturnData/IRS990/NetAssetsOrFundBalancesBOY",178242,178242,"2012v2.0, 2012v2.1, 2012v2.2, 2012v2.3, 2012v3.0"
"/Return/ReturnData/IRS990/SignificantNewProgramServices",178127,178127,"2012v2.0, 2012v2.1, 2012v2.2, 2012v2.3, 2012v3.0"
"/Return/ReturnData/IRS990/SignificantChange",178092,178092,"2012v2.0, 2012v2.1, 2012v2.2, 2012v2.3, 2012v3.0"
"/Return/ReturnData/IRS990/CompensationProcessCEO",178043,178043,"2012v2.0, 2012v2.1, 2012v2.2, 2012v2.3, 2012v3.0"
"/Return/ReturnData/IRS990/CompensationProcessOther",177742,177742,"2012v2.0, 2012v2.1, 2012v2.2, 2012v2.3, 2012v3.0"
"/Return/ReturnData/IRS990/TotalRevenuePriorYear",175444,175444,"2012v2.0, 2012v2.1, 2012v2.2, 2012v2.3, 2012v3.0"
"/Return/ReturnData/IRS990/RevenuesLessExpensesPriorYear",175137,175137,"2012v2.0, 2012v2.1, 2012v2.2, 2012v2.3, 2012v3.0"
"/Return/ReturnData/IRS990/TotalExpensesPriorYear",175080,175080,"2012v2.0, 2012v2.1, 2012v2.2, 2012v2.3, 2012v3.0"
"/Return/ReturnData/IRS990/OtherExpensePriorYear",174568,174568,"2012v2.0, 2012v2.1, 2012v2.2, 2012v2.3, 2012v3.0"
"/Return/ReturnData/IRS990/InfoInScheduleOPartVI",173376,173376,"2012v2.0, 2012v2.1, 2012v2.2, 2012v2.3, 2012v3.0"
"/Return/ReturnData/IRS990/StateLegalDomicile",168521,168521,"2012v2.0, 2012v2.1, 2012v2.2, 2012v2.3, 2012v3.0"
"/Return/ReturnData/IRS990/TotalFunctionalExpenses/ProgramServices",166529,166529,"2012v2.0, 2012v2.1, 2012v2.2, 2012v2.3, 2012v3.0"
"/Return/ReturnData/IRS990/TotalFunctionalExpenses/ManagementAndGeneral",165848,165848,"2012v2.0, 2012v2.1, 2012v2.2, 2012v2.3, 2012v3.0"
"/Return/ReturnData/IRS990/UponRequest",165382,165382,"2012v2.0, 2012v2.1, 2012v2.2, 2012v2.3, 2012v3.0"
"/Return/ReturnData/IRS990/FederalGrantAuditRequired",164365,164365,"2012v2.0, 2012v2.1, 2012v2.2, 2012v2.3, 2012v3.0"
"/Return/ReturnData/IRS990/TotalFunctionalExpenses/Fundraising",164211,164211,"2012v2.0, 2012v2.1, 2012v2.2, 2012v2.3, 2012v3.0"
"/Return/ReturnData/IRS990/YearFormation",164188,164188,"2012v2.0, 2012v2.1, 2012v2.2, 2012v2.3, 2012v3.0"
"/Return/ReturnData/IRS990ScheduleR/Form990ScheduleRPartIV/PrimaryActivity",163876,13990,"2012v2.0, 2012v2.1, 2012v2.2, 2012v2.3, 2012v3.0"
"/Return/ReturnData/IRS990/CashNonInterestBearing",163746,163746,"2012v2.0, 2012v2.1, 2012v2.2, 2012v2.3, 2012v3.0"
"/Return/ReturnData/IRS990/SubjectToProxyTax",162711,162711,"2012v2.0, 2012v2.1, 2012v2.2, 2012v2.3, 2012v3.0"
"/Return/ReturnData/IRS990/CashNonInterestBearing/EOY",162134,162134,"2012v2.0, 2012v2.1, 2012v2.2, 2012v2.3, 2012v3.0"
"/Return/ReturnData/IRS990/WebSite",161887,161887,"2012v2.0, 2012v2.1, 2012v2.2, 2012v2.3, 2012v3.0"
"/Return/ReturnData/IRS990/TotalRevenue/RelatedOrExemptFunctionIncome",160831,160831,"2012v2.0, 2012v2.1, 2012v2.2, 2012v2.3, 2012v3.0"
"/Return/ReturnHeader/Preparer/PTIN",160681,160681,"2012v2.0, 2012v2.1, 2012v2.2, 2012v2.3, 2012v3.0"
"/Return/ReturnData/IRS990ScheduleJ/Form990ScheduleJPartII",159751,39793,"2012v2.0, 2012v2.1, 2012v2.2, 2012v2.3, 2012v3.0"
"/Return/ReturnData/IRS990ScheduleJ/Form990ScheduleJPartII/NamePerson",159604,39740,"2012v2.0, 2012v2.1, 2012v2.2, 2012v2.3, 2012v3.0"
"/Return/ReturnData/IRS990/CashNonInterestBearing/BOY",157935,157935,"2012v2.0, 2012v2.1, 2012v2.2, 2012v2.3, 2012v3.0"
"/Return/ReturnData/IRS990/StatesWhereCopyOfReturnIsFiled",157689,92832,"2012v2.0, 2012v2.1, 2012v2.2, 2012v2.3, 2012v3.0"
"/Return/ReturnData/IRS990ScheduleD",157024,157024,"2012v2.0, 2012v2.1, 2012v2.2, 2012v2.3, 2012v3.0"
"/Return/ReturnData/IRS990/TypeOfOrganizationCorporation",156960,156960,"2012v2.0, 2012v2.1, 2012v2.2, 2012v2.3, 2012v3.0"
"/Return/ReturnData/IRS990/ContributionsGrantsPriorYear",156439,156439,"2012v2.0, 2012v2.1, 2012v2.2, 2012v2.3, 2012v3.0"
"/Return/ReturnData/IRS990ScheduleJ/Form990ScheduleJPartII/Title",156357,38534,"2012v2.0, 2012v2.1, 2012v2.2, 2012v2.3, 2012v3.0"
"/Return/ReturnData/IRS990/InvestmentIncomePriorYear",156240,156240,"2012v2.0, 2012v2.1, 2012v2.2, 2012v2.3, 2012v3.0"
"/Return/ReturnData/IRS990/TotalProgramServiceExpense",156028,156028,"2012v2.0, 2012v2.1, 2012v2.2, 2012v2.3, 2012v3.0"
"/Return/ReturnData/IRS990/TotalLiabilitiesBOY",155521,155521,"2012v2.0, 2012v2.1, 2012v2.2, 2012v2.3, 2012v3.0"
"/Return/ReturnData/IRS990ScheduleD/Form990ScheduleDPartXIII",153184,71119,"2012v2.0, 2012v2.1, 2012v2.2, 2012v2.3, 2012v3.0"
"/Return/ReturnData/IRS990ScheduleD/Form990ScheduleDPartXIII/Explanation",153023,71082,"2012v2.0, 2012v2.1, 2012v2.2, 2012v2.3, 2012v3.0"
"/Return/ReturnData/IRS990/Expense",152660,152660,"2012v2.0, 2012v2.1, 2012v2.2, 2012v2.3, 2012v3.0"
"/Return/ReturnData/IRS990/ExcessBenefitTransaction",151555,151555,"2012v2.0, 2012v2.1, 2012v2.2, 2012v2.3, 2012v3.0"
"/Return/ReturnData/IRS990/PriorExcessBenefitTransaction",151532,151532,"2012v2.0, 2012v2.1, 2012v2.2, 2012v2.3, 2012v3.0"
"/Return/ReturnData/IRS990/OfficeExpenses",150617,150617,"2012v2.0, 2012v2.1, 2012v2.2, 2012v2.3, 2012v3.0"
"/Return/ReturnData/IRS990/OfficeExpenses/Total",150616,150616,"2012v2.0, 2012v2.1, 2012v2.2, 2012v2.3, 2012v3.0"
"/Return/ReturnData/IRS990/InvestmentIncome",150589,150589,"2012v2.0, 2012v2.1, 2012v2.2, 2012v2.3, 2012v3.0"
"/Return/ReturnData/IRS990/InvestmentIncome/TotalRevenueColumn",150585,150585,"2012v2.0, 2012v2.1, 2012v2.2, 2012v2.3, 2012v3.0"
"/Return/ReturnData/IRS990ScheduleJ/Form990ScheduleJPartII/TotalCompensationFilingOrg",149352,37170,"2012v2.0, 2012v2.1, 2012v2.2, 2012v2.3, 2012v3.0"
"/Return/ReturnData/IRS990/TotalContributions",149028,149028,"2012v2.0, 2012v2.1, 2012v2.2, 2012v2.3, 2012v3.0"
"/Return/ReturnData/IRS990ScheduleJ/Form990ScheduleJPartII/BaseCompensationFilingOrg",149012,37081,"2012v2.0, 2012v2.1, 2012v2.2, 2012v2.3, 2012v3.0"
"/Return/ReturnData/IRS990/FeesForServicesAccounting",148747,148747,"2012v2.0, 2012v2.1, 2012v2.2, 2012v2.3, 2012v3.0"
"/Return/ReturnData/IRS990/FeesForServicesAccounting/Total",148747,148747,"2012v2.0, 2012v2.1, 2012v2.2, 2012v2.3, 2012v3.0"
"/Return/ReturnData/IRS990/SalariesEtcPriorYear",148527,148527,"2012v2.0, 2012v2.1, 2012v2.2, 2012v2.3, 2012v3.0"
"/Return/ReturnData/IRS990ScheduleD/OtherLiabilities",147060,76153,"2012v2.0, 2012v2.1, 2012v2.2, 2012v2.3, 2012v3.0"
"/Return/ReturnData/IRS990ScheduleD/OtherLiabilities/Description",146827,75995,"2012v2.0, 2012v2.1, 2012v2.2, 2012v2.3, 2012v3.0"
"/Return/ReturnData/IRS990/LobbyingActivities",146589,146589,"2012v2.0, 2012v2.1, 2012v2.2, 2012v2.3, 2012v3.0"
"/Return/ReturnData/IRS990/NameOfPrincipalOfficerPerson",146550,146550,"2012v2.0, 2012v2.1, 2012v2.2, 2012v2.3, 2012v3.0"
"/Return/ReturnData/IRS990/ProgramServiceRevenuePriorYear",145449,145449,"2012v2.0, 2012v2.1, 2012v2.2, 2012v2.3, 2012v3.0"
"/Return/ReturnData/IRS990/AddressPrincipalOfficerUS",145315,145315,"2012v2.0, 2012v2.1, 2012v2.2, 2012v2.3, 2012v3.0"
"/Return/ReturnData/IRS990/AddressPrincipalOfficerUS/AddressLine1",145315,145315,"2012v2.0, 2012v2.1, 2012v2.2, 2012v2.3, 2012v3.0"
"/Return/ReturnData/IRS990/AddressPrincipalOfficerUS/City",145315,145315,"2012v2.0, 2012v2.1, 2012v2.2, 2012v2.3, 2012v3.0"
"/Return/ReturnData/IRS990/AddressPrincipalOfficerUS/State",145315,145315,"2012v2.0, 2012v2.1, 2012v2.2, 2012v2.3, 2012v3.0"
"/Return/ReturnData/IRS990/AddressPrincipalOfficerUS/ZIPCode",145315,145315,"2012v2.0, 2012v2.1, 2012v2.2, 2012v2.3, 2012v3.0"
"/Return/ReturnData/IRS990/LandBuildingsEquipmentBasisNet",143968,143968,"2012v2.0, 2012v2.1, 2012v2.2, 2012v2.3, 2012v3.0"
"/Return/ReturnData/IRS990ScheduleJ/Form990ScheduleJPartII/NontaxableBenefitsFilingOrg",143532,34111,"2012v2.0, 2012v2.1, 2012v2.2, 2012v2.3, 2012v3.0"
"/Return/ReturnData/IRS990ScheduleD/TotalOfBookValueLandBuildings",142260,142260,"2012v2.0, 2012v2.1, 2012v2.2, 2012v2.3, 2012v3.0"
"/Return/ReturnData/IRS990ScheduleJ/Form990ScheduleJPartII/DeferredCompFilingOrg",142046,33707,"2012v2.0, 2012v2.1, 2012v2.2, 2012v2.3, 2012v3.0"
"/Return/ReturnData/IRS990EZ/ProgramServiceAccomplishment",140936,93750,"2012v2.0, 2012v2.1, 2012v2.2, 2012v2.3, 2012v3.0"
"/Return/ReturnData/IRS990EZ/ProgramServiceAccomplishment/DescriptionProgramServiceAccom",140936,93750,"2012v2.0, 2012v2.1, 2012v2.2, 2012v2.3, 2012v3.0"
"/Return/ReturnData/IRS990ScheduleD/Form990ScheduleDPartXIII/Identifier",140913,68888,"2012v2.0, 2012v2.1, 2012v2.2, 2012v2.3, 2012v3.0"
"/Return/ReturnData/IRS990/LandBuildingsEquipmentBasisNet/EOY",140260,140260,"2012v2.0, 2012v2.1, 2012v2.2, 2012v2.3, 2012v3.0"
"/Return/ReturnHeader/Preparer/DatePrepared",139638,139638,"2012v2.0, 2012v2.1, 2012v2.2, 2012v2.3, 2012v3.0"
"/Return/ReturnData/IRS990ScheduleR/Form990ScheduleRPartIV/TypeOfEntity",139341,13456,"2012v2.0, 2012v2.1, 2012v2.2, 2012v2.3, 2012v3.0"
"/Return/ReturnData/IRS990ScheduleR/Form990ScheduleRPartIII",139251,8046,"2012v2.0, 2012v2.1, 2012v2.2, 2012v2.3, 2012v3.0"
"/Return/ReturnData/IRS990ScheduleR/Form990ScheduleRPartIII/NameOfRelatedOrg",139241,8045,"2012v2.0, 2012v2.1, 2012v2.2, 2012v2.3, 2012v3.0"
"/Return/ReturnData/IRS990ScheduleR/Form990ScheduleRPartIII/NameOfRelatedOrg/BusinessNameLine1",139241,8045,"2012v2.0, 2012v2.1, 2012v2.2, 2012v2.3, 2012v3.0"
"/Return/ReturnData/IRS990/Insurance",138586,138586,"2012v2.0, 2012v2.1, 2012v2.2, 2012v2.3, 2012v3.0"
"/Return/ReturnData/IRS990/Insurance/Total",138586,138586,"2012v2.0, 2012v2.1, 2012v2.2, 2012v2.3, 2012v3.0"
"/Return/ReturnData/IRS990ScheduleJ/Form990ScheduleJPartII/TotalCompensationRelatedOrgs",138312,33054,"2012v2.0, 2012v2.1, 2012v2.2, 2012v2.3, 2012v3.0"
"/Return/ReturnData/IRS990/OtherRevenuePriorYear",138137,138137,"2012v2.0, 2012v2.1, 2012v2.2, 2012v2.3, 2012v3.0"
"/Return/ReturnData/IRS990/TotalRevenue/ExclusionAmount",138091,138091,"2012v2.0, 2012v2.1, 2012v2.2, 2012v2.3, 2012v3.0"
"/Return/ReturnData/IRS990ScheduleJ/Form990ScheduleJPartII/CompBasedOnRelatedOrgs",137793,32967,"2012v2.0, 2012v2.1, 2012v2.2, 2012v2.3, 2012v3.0"
"/Return/ReturnData/IRS990/FollowSFAS117",137749,137749,"2012v2.0, 2012v2.1, 2012v2.2, 2012v2.3, 2012v3.0"
"/Return/ReturnData/IRS990/DepreciationDepletion",137421,137421,"2012v2.0, 2012v2.1, 2012v2.2, 2012v2.3, 2012v3.0"
"/Return/ReturnData/IRS990/DepreciationDepletion/Total",137400,137400,"2012v2.0, 2012v2.1, 2012v2.2, 2012v2.3, 2012v3.0"
"/Return/ReturnData/IRS990/TotalProgramServiceRevenue",136885,136885,"2012v2.0, 2012v2.1, 2012v2.2, 2012v2.3, 2012v3.0"
"/Return/ReturnData/IRS990/LandBuildingsEquipmentBasis",136656,136656,"2012v2.0, 2012v2.1, 2012v2.2, 2012v2.3, 2012v3.0"
"/Return/ReturnData/IRS990ScheduleD/OtherLiabilities/Amount",136582,71913,"2012v2.0, 2012v2.1, 2012v2.2, 2012v2.3, 2012v3.0"
"/Return/ReturnData/IRS990/UnrestrictedNetAssets",136383,136383,"2012v2.0, 2012v2.1, 2012v2.2, 2012v2.3, 2012v3.0"
"/Return/ReturnData/IRS990ScheduleJ/Form990ScheduleJPartII/OtherCompensationFilingOrg",136157,31763,"2012v2.0, 2012v2.1, 2012v2.2, 2012v2.3, 2012v3.0"
"/Return/ReturnData/IRS990ScheduleJ/Form990ScheduleJPartII/NontaxableBenefitsRelatedOrgs",136092,32246,"2012v2.0, 2012v2.1, 2012v2.2, 2012v2.3, 2012v3.0"
"/Return/ReturnData/IRS990/UnrestrictedNetAssets/EOY",136007,136007,"2012v2.0, 2012v2.1, 2012v2.2, 2012v2.3, 2012v3.0"
"/Return/ReturnData/IRS990/Organization501c3",135774,135774,"2012v2.0, 2012v2.1, 2012v2.2, 2012v2.3, 2012v3.0"
"/Return/ReturnData/IRS990ScheduleJ/Form990ScheduleJPartII/DeferredCompRelatedOrgs",135574,31996,"2012v2.0, 2012v2.1, 2012v2.2, 2012v2.3, 2012v3.0"
"/Return/ReturnData/IRS990/TotalReportableCompFromOrg",135515,135515,"2012v2.0, 2012v2.1, 2012v2.2, 2012v2.3, 2012v3.0"
"/Return/ReturnData/IRS990/UnrestrictedNetAssets/BOY",135452,135452,"2012v2.0, 2012v2.1, 2012v2.2, 2012v2.3, 2012v3.0"
"/Return/ReturnData/IRS990/LandBuildingsEquipmentBasisNet/BOY",134809,134809,"2012v2.0, 2012v2.1, 2012v2.2, 2012v2.3, 2012v3.0"
"/Return/ReturnData/IRS990ScheduleJ/Form990ScheduleJPartII/BonusFilingOrg",134805,31789,"2012v2.0, 2012v2.1, 2012v2.2, 2012v2.3, 2012v3.0"
"/Return/ReturnData/CompensationExplanation/Compensation",134011,19259,"2012v2.0, 2012v2.1, 2012v2.2, 2012v2.3, 2012v3.0"
"/Return/ReturnData/IRS990/TotalNbrVolunteers",133055,133055,"2012v2.0, 2012v2.1, 2012v2.2, 2012v2.3, 2012v3.0"
"/Return/ReturnData/IRS990ScheduleJ/Form990ScheduleJPartII/OtherCompensationRelatedOrgs",132941,31188,"2012v2.0, 2012v2.1, 2012v2.2, 2012v2.3, 2012v3.0"
"/Return/ReturnData/CompensationExplanation/Compensation/PersonName",132695,19127,"2012v2.0, 2012v2.1, 2012v2.2, 2012v2.3, 2012v3.0"
"/Return/ReturnData/IRS990/Occupancy",132609,132609,"2012v2.0, 2012v2.1, 2012v2.2, 2012v2.3, 2012v3.0"
"/Return/ReturnData/IRS990/Occupancy/Total",132605,132605,"2012v2.0, 2012v2.1, 2012v2.2, 2012v2.3, 2012v3.0"
"/Return/ReturnData/IRS990/TransfersToExemptNonChrtblOrg",132462,132462,"2012v2.0, 2012v2.1, 2012v2.2, 2012v2.3, 2012v3.0"
"/Return/ReturnData/IRS990/OtherSalariesAndWages",131762,131762,"2012v2.0, 2012v2.1, 2012v2.2, 2012v2.3, 2012v3.0"
"/Return/ReturnData/IRS990/OtherSalariesAndWages/Total",131761,131761,"2012v2.0, 2012v2.1, 2012v2.2, 2012v2.3, 2012v3.0"
"/Return/ReturnData/IRS990ScheduleJ/Form990ScheduleJPartII/BonusRelatedOrgs",131685,30961,"2012v2.0, 2012v2.1, 2012v2.2, 2012v2.3, 2012v3.0"
"/Return/ReturnData/IRS990/LandBldgEquipmentAccumDeprec",131227,131227,"2012v2.0, 2012v2.1, 2012v2.2, 2012v2.3, 2012v3.0"
"/Return/ReturnData/IRS990/QuidProQuoContributions",130346,130346,"2012v2.0, 2012v2.1, 2012v2.2, 2012v2.3, 2012v3.0"
"/Return/ReturnData/IRS990/PayrollTaxes",129817,129817,"2012v2.0, 2012v2.1, 2012v2.2, 2012v2.3, 2012v3.0"
"/Return/ReturnData/IRS990/PayrollTaxes/Total",129817,129817,"2012v2.0, 2012v2.1, 2012v2.2, 2012v2.3, 2012v3.0"
"/Return/ReturnData/IRS990/Form8282PropertyDisposedOf",129815,129815,"2012v2.0, 2012v2.1, 2012v2.2, 2012v2.3, 2012v3.0"
"/Return/ReturnData/IRS990/AccountsPayableAccruedExpenses",129760,129760,"2012v2.0, 2012v2.1, 2012v2.2, 2012v2.3, 2012v3.0"
"/Return/ReturnData/IRS990/NumberIndividualsGT100K",128933,128933,"2012v2.0, 2012v2.1, 2012v2.2, 2012v2.3, 2012v3.0"
"/Return/ReturnData/IRS990/EmploymentTaxReturnsFiled",128000,128000,"2012v2.0, 2012v2.1, 2012v2.2, 2012v2.3, 2012v3.0"
"/Return/ReturnData/IRS990ScheduleJ/Form990ScheduleJPartII/CompReportPrior990FilingOrg",127887,30123,"2012v2.0, 2012v2.1, 2012v2.2, 2012v2.3, 2012v3.0"
"/Return/ReturnData/IRS990ScheduleJ/Form990ScheduleJPartII/CompReportPrior990RelatedOrgs",127015,30032,"2012v2.0, 2012v2.1, 2012v2.2, 2012v2.3, 2012v3.0"
"/Return/ReturnData/IRS990/AllOtherExpenses",126636,126636,"2012v2.0, 2012v2.1, 2012v2.2, 2012v2.3, 2012v3.0"
"/Return/ReturnData/IRS990/AllOtherExpenses/Total",126555,126555,"2012v2.0, 2012v2.1, 2012v2.2, 2012v2.3, 2012v3.0"
"/Return/ReturnData/IRS990/AnnualDisclosureCoveredPersons",126307,126307,"2012v2.0, 2012v2.1, 2012v2.2, 2012v2.3, 2012v3.0"
"/Return/ReturnData/IRS990/RegularMonitoringEnforcement",125976,125976,"2012v2.0, 2012v2.1, 2012v2.2, 2012v2.3, 2012v3.0"
"/Return/ReturnData/IRS990/AccountsPayableAccruedExpenses/EOY",125672,125672,"2012v2.0, 2012v2.1, 2012v2.2, 2012v2.3, 2012v3.0"
"/Return/ReturnData/IRS990/SavingsAndTempCashInvestments",125023,125023,"2012v2.0, 2012v2.1, 2012v2.2, 2012v2.3, 2012v3.0"
"/Return/ReturnData/IRS990/AccountsPayableAccruedExpenses/BOY",124504,124504,"2012v2.0, 2012v2.1, 2012v2.2, 2012v2.3, 2012v3.0"
"/Return/ReturnData/IRS990ScheduleR/Form990ScheduleRPartIII/PrimaryActivity",124026,7774,"2012v2.0, 2012v2.1, 2012v2.2, 2012v2.3, 2012v3.0"
"/Return/ReturnData/IRS990/MethodOfAccountingAccrual",123672,123672,"2012v2.0, 2012v2.1, 2012v2.2, 2012v2.3, 2012v3.0"
"/Return/ReturnData/IRS990/SavingsAndTempCashInvestments/EOY",122424,122424,"2012v2.0, 2012v2.1, 2012v2.2, 2012v2.3, 2012v3.0"
"/Return/ReturnData/IRS990ScheduleR/Form990ScheduleRPartIV/AddressUS",121890,13398,"2012v2.0, 2012v2.1, 2012v2.2, 2012v2.3, 2012v3.0"
"/Return/ReturnData/IRS990ScheduleR/Form990ScheduleRPartIV/AddressUS/AddressLine1",121890,13398,"2012v2.0, 2012v2.1, 2012v2.2, 2012v2.3, 2012v3.0"
"/Return/ReturnData/IRS990ScheduleR/Form990ScheduleRPartIV/AddressUS/City",121890,13398,"2012v2.0, 2012v2.1, 2012v2.2, 2012v2.3, 2012v3.0"
"/Return/ReturnData/IRS990ScheduleR/Form990ScheduleRPartIV/AddressUS/State",121890,13398,"2012v2.0, 2012v2.1, 2012v2.2, 2012v2.3, 2012v3.0"
"/Return/ReturnData/IRS990ScheduleR/Form990ScheduleRPartIV/AddressUS/ZIPCode",121890,13398,"2012v2.0, 2012v2.1, 2012v2.2, 2012v2.3, 2012v3.0"
"/Return/ReturnData/IRS990ScheduleR/Form990ScheduleRPartIV/LegalDomicileState",119525,13826,"2012v2.0, 2012v2.1, 2012v2.2, 2012v2.3, 2012v3.0"
"/Return/ReturnData/IRS990/AllOtherContributions",117312,117312,"2012v2.0, 2012v2.1, 2012v2.2, 2012v2.3, 2012v3.0"
"/Return/ReturnData/IRS990/OtherExpenses/Fundraising",117302,48524,"2012v2.0, 2012v2.1, 2012v2.2, 2012v2.3, 2012v3.0"
"/Return/ReturnData/IRS990/NumberOfContractorsGT100K",117082,117082,"2012v2.0, 2012v2.1, 2012v2.2, 2012v2.3, 2012v3.0"
"/Return/ReturnData/IRS990/Travel",116718,116718,"2012v2.0, 2012v2.1, 2012v2.2, 2012v2.3, 2012v3.0"
"/Return/ReturnData/IRS990/Travel/Total",116718,116718,"2012v2.0, 2012v2.1, 2012v2.2, 2012v2.3, 2012v3.0"
"/Return/ReturnData/IRS990ScheduleR/Form990ScheduleRPartIII/LegalDomicileState",115227,7772,"2012v2.0, 2012v2.1, 2012v2.2, 2012v2.3, 2012v3.0"
"/Return/ReturnData/IRS990ScheduleR/Form990ScheduleRPartIII/AddressUS",114919,7721,"2012v2.0, 2012v2.1, 2012v2.2, 2012v2.3, 2012v3.0"
"/Return/ReturnData/IRS990ScheduleR/Form990ScheduleRPartIII/AddressUS/AddressLine1",114919,7721,"2012v2.0, 2012v2.1, 2012v2.2, 2012v2.3, 2012v3.0"
"/Return/ReturnData/IRS990ScheduleR/Form990ScheduleRPartIII/AddressUS/City",114919,7721,"2012v2.0, 2012v2.1, 2012v2.2, 2012v2.3, 2012v3.0"
"/Return/ReturnData/IRS990ScheduleR/Form990ScheduleRPartIII/AddressUS/State",114919,7721,"2012v2.0, 2012v2.1, 2012v2.2, 2012v2.3, 2012v3.0"
"/Return/ReturnData/IRS990ScheduleR/Form990ScheduleRPartIII/AddressUS/ZIPCode",114919,7721,"2012v2.0, 2012v2.1, 2012v2.2, 2012v2.3, 2012v3.0"
"/Return/ReturnData/IRS990/ComplianceWithBackupWitholding",113821,113821,"2012v2.0, 2012v2.1, 2012v2.2, 2012v2.3, 2012v3.0"
"/Return/ReturnData/IRS990ScheduleR/Form990ScheduleRPartIII/EIN",113553,7589,"2012v2.0, 2012v2.1, 2012v2.2, 2012v2.3, 2012v3.0"
"/Return/ReturnData/IRS990/OtherRevenueMisc",112771,71909,"2012v2.0, 2012v2.1, 2012v2.2, 2012v2.3, 2012v3.0"
"/Return/ReturnData/IRS990ScheduleB",112124,112124,"2012v2.0, 2012v2.1, 2012v2.2, 2012v2.3, 2012v3.0"
"/Return/ReturnData/IRS990ScheduleB/ContributorInfo",112124,112124,"2012v2.0, 2012v2.1, 2012v2.2, 2012v2.3, 2012v3.0"
"/Return/ReturnData/IRS990ScheduleB/ContributorInfo/AggregateContributions",112124,112124,"2012v2.0, 2012v2.1, 2012v2.2, 2012v2.3, 2012v3.0"
"/Return/ReturnData/IRS990ScheduleB/ContributorInfo/ContributorAddressUS",112124,112124,"2012v2.0, 2012v2.1, 2012v2.2, 2012v2.3, 2012v3.0"
"/Return/ReturnData/IRS990ScheduleB/ContributorInfo/ContributorAddressUS/AddressLine1",112124,112124,"2012v2.0, 2012v2.1, 2012v2.2, 2012v2.3, 2012v3.0"
"/Return/ReturnData/IRS990ScheduleB/ContributorInfo/ContributorAddressUS/AddressLine2",112124,112124,"2012v2.0, 2012v2.1, 2012v2.2, 2012v2.3, 2012v3.0"
"/Return/ReturnData/IRS990ScheduleB/ContributorInfo/ContributorAddressUS/City",112124,112124,"2012v2.0, 2012v2.1, 2012v2.2, 2012v2.3, 2012v3.0"
"/Return/ReturnData/IRS990ScheduleB/ContributorInfo/ContributorAddressUS/State",112124,112124,"2012v2.0, 2012v2.1, 2012v2.2, 2012v2.3, 2012v3.0"
"/Return/ReturnData/IRS990ScheduleB/ContributorInfo/ContributorAddressUS/ZIPCode",112124,112124,"2012v2.0, 2012v2.1, 2012v2.2, 2012v2.3, 2012v3.0"
"/Return/ReturnData/IRS990ScheduleB/ContributorInfo/ContributorNameBusiness",112124,112124,"2012v2.0, 2012v2.1, 2012v2.2, 2012v2.3, 2012v3.0"
"/Return/ReturnData/IRS990ScheduleB/ContributorInfo/ContributorNameBusiness/BusinessNameLine1",112124,112124,"2012v2.0, 2012v2.1, 2012v2.2, 2012v2.3, 2012v3.0"
"/Return/ReturnData/IRS990ScheduleB/ContributorInfo/ContributorNumber",112124,112124,"2012v2.0, 2012v2.1, 2012v2.2, 2012v2.3, 2012v3.0"
"/Return/ReturnData/IRS990/AuditCommittee",111449,111449,"2012v2.0, 2012v2.1, 2012v2.2, 2012v2.3, 2012v3.0"
"/Return/ReturnData/IRS990/OtherRevenueMisc/TotalRevenueColumn",111437,71152,"2012v2.0, 2012v2.1, 2012v2.2, 2012v2.3, 2012v3.0"
"/Return/ReturnData/IRS990/OtherRevenueMisc/Description",111011,71401,"2012v2.0, 2012v2.1, 2012v2.2, 2012v2.3, 2012v3.0"
"/Return/ReturnData/IRS990/Advertising",110816,110816,"2012v2.0, 2012v2.1, 2012v2.2, 2012v2.3, 2012v3.0"
"/Return/ReturnData/IRS990/Advertising/Total",110814,110814,"2012v2.0, 2012v2.1, 2012v2.2, 2012v2.3, 2012v3.0"
"/Return/ReturnData/IRS990/FundsToPayPremiums",110622,110622,"2012v2.0, 2012v2.1, 2012v2.2, 2012v2.3, 2012v3.0"
"/Return/ReturnData/IRS990/SavingsAndTempCashInvestments/BOY",110588,110588,"2012v2.0, 2012v2.1, 2012v2.2, 2012v2.3, 2012v3.0"
"/Return/ReturnData/IRS990/PremiumsPaid",109875,109875,"2012v2.0, 2012v2.1, 2012v2.2, 2012v2.3, 2012v3.0"
"/Return/ReturnData/IRS990/TotalOtherCompensation",109732,109732,"2012v2.0, 2012v2.1, 2012v2.2, 2012v2.3, 2012v3.0"
"/Return/ReturnData/IRS990/AccountsReceivable",109711,109711,"2012v2.0, 2012v2.1, 2012v2.2, 2012v2.3, 2012v3.0"
"/Return/ReturnData/IRS990/OtherEmployeeBenefits",109556,109556,"2012v2.0, 2012v2.1, 2012v2.2, 2012v2.3, 2012v3.0"
"/Return/ReturnData/IRS990/OtherEmployeeBenefits/Total",109556,109556,"2012v2.0, 2012v2.1, 2012v2.2, 2012v2.3, 2012v3.0"
"/Return/ReturnHeader/PreparerFirm/EIN",109152,109152,"2012v2.0, 2012v2.1, 2012v2.2, 2012v2.3, 2012v3.0"
"/Return/ReturnData/IRS990/CompCurrentOfficersDirectors",108408,108408,"2012v2.0, 2012v2.1, 2012v2.2, 2012v2.3, 2012v3.0"
"/Return/ReturnData/IRS990/CompCurrentOfficersDirectors/Total",108407,108407,"2012v2.0, 2012v2.1, 2012v2.2, 2012v2.3, 2012v3.0"
"/Return/ReturnData/IRS990ScheduleD/Equipment",107155,107155,"2012v2.0, 2012v2.1, 2012v2.2, 2012v2.3, 2012v3.0"
"/Return/ReturnData/IRS990/FeesForServicesOther",106222,106222,"2012v2.0, 2012v2.1, 2012v2.2, 2012v2.3, 2012v3.0"
"/Return/ReturnData/IRS990/FeesForServicesOther/Total",106220,106220,"2012v2.0, 2012v2.1, 2012v2.2, 2012v2.3, 2012v3.0"
"/Return/ReturnData/IRS990/PrepaidExpensesDeferredCharges",106055,106055,"2012v2.0, 2012v2.1, 2012v2.2, 2012v2.3, 2012v3.0"
"/Return/ReturnData/IRS990/AccountsReceivable/EOY",105817,105817,"2012v2.0, 2012v2.1, 2012v2.2, 2012v2.3, 2012v3.0"
"/Return/ReturnData/IRS990/GrantsAndSimilarAmntsPriorYear",105272,105272,"2012v2.0, 2012v2.1, 2012v2.2, 2012v2.3, 2012v3.0"
"/Return/ReturnData/IRS990/FeesForServicesAccounting/ManagementAndGeneral",104637,104637,"2012v2.0, 2012v2.1, 2012v2.2, 2012v2.3, 2012v3.0"
"/Return/ReturnData/IRS990/ConferencesMeetings",104177,104177,"2012v2.0, 2012v2.1, 2012v2.2, 2012v2.3, 2012v3.0"
"/Return/ReturnData/IRS990/ConferencesMeetings/Total",104177,104177,"2012v2.0, 2012v2.1, 2012v2.2, 2012v2.3, 2012v3.0"
"/Return/ReturnData/IRS990ScheduleA/PublicSupportTotal170",103753,103753,"2012v2.0, 2012v2.1, 2012v2.2, 2012v2.3, 2012v3.0"
"/Return/ReturnData/IRS990/ReconcilationOtherChanges",103197,103197,"2012v2.0, 2012v2.1, 2012v2.2, 2012v2.3, 2012v3.0"
"/Return/ReturnData/IRS990/PrepaidExpensesDeferredCharges/EOY",102853,102853,"2012v2.0, 2012v2.1, 2012v2.2, 2012v2.3, 2012v3.0"
"/Return/ReturnData/IRS990/TheBooksAreInCareOf/NamePerson",102582,102582,"2012v2.0, 2012v2.1, 2012v2.2, 2012v2.3, 2012v3.0"
"/Return/ReturnData/IRS990ScheduleA/PublicSupportPertcentage170",101152,101152,"2012v2.0, 2012v2.1, 2012v2.2, 2012v2.3, 2012v3.0"
"/Return/ReturnData/IRS990ScheduleD/Equipment/Depreciation",100735,100735,"2012v2.0, 2012v2.1, 2012v2.2, 2012v2.3, 2012v3.0"
"/Return/ReturnData/IRS990ScheduleD/Equipment/BookValue",100626,100626,"2012v2.0, 2012v2.1, 2012v2.2, 2012v2.3, 2012v3.0"
"/Return/ReturnData/IRS990/OfficeExpenses/ManagementAndGeneral",100385,100385,"2012v2.0, 2012v2.1, 2012v2.2, 2012v2.3, 2012v3.0"
"/Return/ReturnData/IRS990ScheduleR/TransactionsRelatedOrgsTable",99706,26187,"2012v2.0, 2012v2.1, 2012v2.2, 2012v2.3, 2012v3.0"
"/Return/ReturnData/IRS990ScheduleR/TransactionsRelatedOrgsTable/NameOfOtherOrganization",99622,26167,"2012v2.0, 2012v2.1, 2012v2.2, 2012v2.3, 2012v3.0"
"/Return/ReturnData/IRS990ScheduleR/TransactionsRelatedOrgsTable/NameOfOtherOrganization/BusinessNameLine1",99622,26167,"2012v2.0, 2012v2.1, 2012v2.2, 2012v2.3, 2012v3.0"
"/Return/ReturnData/IRS990/TotalReportableCompFrmRltdOrgs",98804,98804,"2012v2.0, 2012v2.1, 2012v2.2, 2012v2.3, 2012v3.0"
"/Return/ReturnData/IRS990ScheduleR/TransactionsRelatedOrgsTable/TransactionType",98663,25912,"2012v2.0, 2012v2.1, 2012v2.2, 2012v2.3, 2012v3.0"
"/Return/ReturnData/IRS990/InvestmentIncome/ExclusionAmount",98441,98441,"2012v2.0, 2012v2.1, 2012v2.2, 2012v2.3, 2012v3.0"
"/Return/ReturnData/IRS990ScheduleA/PublicSupportPercentage509",97926,97926,"2012v2.0, 2012v2.1, 2012v2.2, 2012v2.3, 2012v3.0"
"/Return/ReturnData/IRS990ScheduleR/Form990ScheduleRPartIV/EIN",97877,13063,"2012v2.0, 2012v2.1, 2012v2.2, 2012v2.3, 2012v3.0"
"/Return/ReturnData/IRS990/TotalOtherRevenue",97829,97829,"2012v2.0, 2012v2.1, 2012v2.2, 2012v2.3, 2012v3.0"
"/Return/ReturnData/IRS990ScheduleA/InvestmentIncomePercentage",97392,97392,"2012v2.0, 2012v2.1, 2012v2.2, 2012v2.3, 2012v3.0"
"/Return/ReturnData/IRS990/TotalRevenue/UnrelatedBusinessRevenue",97349,97349,"2012v2.0, 2012v2.1, 2012v2.2, 2012v2.3, 2012v3.0"
"/Return/ReturnData/IRS990/OtherAssetsTotal",96912,96912,"2012v2.0, 2012v2.1, 2012v2.2, 2012v2.3, 2012v3.0"
"/Return/ReturnData/IRS990ScheduleA/PublicSupportTotal509",96637,96637,"2012v2.0, 2012v2.1, 2012v2.2, 2012v2.3, 2012v3.0"
"/Return/ReturnData/IRS990/OtherSalariesAndWages/ProgramServices",95812,95812,"2012v2.0, 2012v2.1, 2012v2.2, 2012v2.3, 2012v3.0"
"/Return/ReturnData/IRS990ScheduleD/Form990ScheduleDPartXIII/ReturnReference",95750,62063,"2012v2.0, 2012v2.1, 2012v2.2, 2012v2.3, 2012v3.0"
"/Return/ReturnData/IRS990ScheduleR/TransactionsRelatedOrgsTable/AmountInvolved",94624,24863,"2012v2.0, 2012v2.1, 2012v2.2, 2012v2.3, 2012v3.0"
"/Return/ReturnData/IRS990/OtherAssetsTotal/EOY",94281,94281,"2012v2.0, 2012v2.1, 2012v2.2, 2012v2.3, 2012v3.0"
"/Return/ReturnData/IRS990ScheduleD/Equipment/OtherCostOrOtherBasis",94206,94206,"2012v2.0, 2012v2.1, 2012v2.2, 2012v2.3, 2012v3.0"
"/Return/ReturnData/IRS990/NetUnrelatedBusinessTxblIncome",94188,94188,"2012v2.0, 2012v2.1, 2012v2.2, 2012v2.3, 2012v3.0"
"/Return/ReturnData/IRS990EZ/ProgramServiceAccomplishment/ProgramServiceExpenses",93934,62375,"2012v2.0, 2012v2.1, 2012v2.2, 2012v2.3, 2012v3.0"
"/Return/ReturnData/IRS990EZ",93750,93750,"2012v2.0, 2012v2.1, 2012v2.2, 2012v2.3, 2012v3.0"
"/Return/ReturnData/IRS990EZ/ActivitiesNotPreviouslyRpt",93750,93750,"2012v2.0, 2012v2.1, 2012v2.2, 2012v2.3, 2012v3.0"
"/Return/ReturnData/IRS990EZ/DoesOrgHaveHospital",93750,93750,"2012v2.0, 2012v2.1, 2012v2.2, 2012v2.3, 2012v3.0"
"/Return/ReturnData/IRS990EZ/MadeChangesToOrgnzngEtcDoc",93750,93750,"2012v2.0, 2012v2.1, 2012v2.2, 2012v2.3, 2012v3.0"
"/Return/ReturnData/IRS990EZ/MadeLoansToFromOfficers",93750,93750,"2012v2.0, 2012v2.1, 2012v2.2, 2012v2.3, 2012v3.0"
"/Return/ReturnData/IRS990EZ/MaintainAnyDonorAdvisedFunds",93750,93750,"2012v2.0, 2012v2.1, 2012v2.2, 2012v2.3, 2012v3.0"
"/Return/ReturnData/IRS990EZ/NetAssetsOrFundBalances",93750,93750,"2012v2.0, 2012v2.1, 2012v2.2, 2012v2.3, 2012v3.0"
"/Return/ReturnData/IRS990EZ/NetAssetsOrFundBalances/BOY",93750,93750,"2012v2.0, 2012v2.1, 2012v2.2, 2012v2.3, 2012v3.0"
"/Return/ReturnData/IRS990EZ/NetAssetsOrFundBalances/EOY",93750,93750,"2012v2.0, 2012v2.1, 2012v2.2, 2012v2.3, 2012v3.0"
"/Return/ReturnData/IRS990EZ/OrganizationDissolvedEtc",93750,93750,"2012v2.0, 2012v2.1, 2012v2.2, 2012v2.3, 2012v3.0"
"/Return/ReturnData/IRS990EZ/OrganizationHadUBI",93750,93750,"2012v2.0, 2012v2.1, 2012v2.2, 2012v2.3, 2012v3.0"
"/Return/ReturnData/IRS990EZ/PrimaryExemptPurpose",93750,93750,"2012v2.0, 2012v2.1, 2012v2.2, 2012v2.3, 2012v3.0"
"/Return/ReturnData/IRS990EZ/RelatedOrgControlledEntity",93750,93750,"2012v2.0, 2012v2.1, 2012v2.2, 2012v2.3, 2012v3.0"
"/Return/ReturnData/IRS990EZ/SubjectToProxyTax",93750,93750,"2012v2.0, 2012v2.1, 2012v2.2, 2012v2.3, 2012v3.0"
"/Return/ReturnData/IRS990EZ/TanningServicesProvided",93750,93750,"2012v2.0, 2012v2.1, 2012v2.2, 2012v2.3, 2012v3.0"
"/Return/ReturnData/IRS990EZ/TheBooksAreInCareOf",93750,93750,"2012v2.0, 2012v2.1, 2012v2.2, 2012v2.3, 2012v3.0"
"/Return/ReturnData/IRS990EZ/TheBooksAreInCareOf/TelephoneNumber",93750,93750,"2012v2.0, 2012v2.1, 2012v2.2, 2012v2.3, 2012v3.0"
"/Return/ReturnData/IRS990EZ/TotalAssets",93750,93750,"2012v2.0, 2012v2.1, 2012v2.2, 2012v2.3, 2012v3.0"
"/Return/ReturnData/IRS990EZ/TotalAssets/BOY",93750,93750,"2012v2.0, 2012v2.1, 2012v2.2, 2012v2.3, 2012v3.0"
"/Return/ReturnData/IRS990EZ/TotalAssets/EOY",93750,93750,"2012v2.0, 2012v2.1, 2012v2.2, 2012v2.3, 2012v3.0"
"/Return/ReturnData/IRS990EZ/TheBooksAreInCareOf/AddressUS",93639,93639,"2012v2.0, 2012v2.1, 2012v2.2, 2012v2.3, 2012v3.0"
"/Return/ReturnData/IRS990EZ/TheBooksAreInCareOf/AddressUS/AddressLine1",93639,93639,"2012v2.0, 2012v2.1, 2012v2.2, 2012v2.3, 2012v3.0"
"/Return/ReturnData/IRS990EZ/TheBooksAreInCareOf/AddressUS/City",93639,93639,"2012v2.0, 2012v2.1, 2012v2.2, 2012v2.3, 2012v3.0"
"/Return/ReturnData/IRS990EZ/TheBooksAreInCareOf/AddressUS/State",93639,93639,"2012v2.0, 2012v2.1, 2012v2.2, 2012v2.3, 2012v3.0"
"/Return/ReturnData/IRS990EZ/TheBooksAreInCareOf/AddressUS/ZIPCode",93639,93639,"2012v2.0, 2012v2.1, 2012v2.2, 2012v2.3, 2012v3.0"
"/Return/ReturnData/IRS990EZ/TotalRevenue",92768,92768,"2012v2.0, 2012v2.1, 2012v2.2, 2012v2.3, 2012v3.0"
"/Return/ReturnData/IRS990/PayrollTaxes/ProgramServices",92627,92627,"2012v2.0, 2012v2.1, 2012v2.2, 2012v2.3, 2012v3.0"
"/Return/ReturnData/IRS990/OfficeExpenses/ProgramServices",92483,92483,"2012v2.0, 2012v2.1, 2012v2.2, 2012v2.3, 2012v3.0"
"/Return/ReturnData/IRS990EZ/GrossReceipts",92466,92466,"2012v2.0, 2012v2.1, 2012v2.2, 2012v2.3, 2012v3.0"
"/Return/ReturnData/IRS990EZ/ExcessOrDeficitForYear",92389,92389,"2012v2.0, 2012v2.1, 2012v2.2, 2012v2.3, 2012v3.0"
"/Return/ReturnData/IRS990EZ/TotalExpenses",92355,92355,"2012v2.0, 2012v2.1, 2012v2.2, 2012v2.3, 2012v3.0"
"/Return/ReturnData/IRS990EZ/NetAssetsOrFundBalancesEOY",92350,92350,"2012v2.0, 2012v2.1, 2012v2.2, 2012v2.3, 2012v3.0"
"/Return/ReturnData/IRS990EZ/CashSavingsAndInvestments",92208,92208,"2012v2.0, 2012v2.1, 2012v2.2, 2012v2.3, 2012v3.0"
"/Return/ReturnData/IRS990EZ/ForeignFinancialAccount",91795,91795,"2012v2.0, 2012v2.1, 2012v2.2, 2012v2.3, 2012v3.0"
"/Return/ReturnData/IRS990EZ/ForeignOffice",91741,91741,"2012v2.0, 2012v2.1, 2012v2.2, 2012v2.3, 2012v3.0"
"/Return/ReturnData/IRS990/AllOtherExpenses/ProgramServices",91525,91525,"2012v2.0, 2012v2.1, 2012v2.2, 2012v2.3, 2012v3.0"
"/Return/ReturnData/IRS990EZ/CashSavingsAndInvestments/EOY",91264,91264,"2012v2.0, 2012v2.1, 2012v2.2, 2012v2.3, 2012v3.0"
"/Return/ReturnData/IRS990EZ/NetAssetsOrFundBalancesBOY",91185,91185,"2012v2.0, 2012v2.1, 2012v2.2, 2012v2.3, 2012v3.0"
"/Return/ReturnData/IRS990/FeesForServicesLegal",91182,91182,"2012v2.0, 2012v2.1, 2012v2.2, 2012v2.3, 2012v3.0"
"/Return/ReturnData/IRS990/FeesForServicesLegal/Total",91181,91181,"2012v2.0, 2012v2.1, 2012v2.2, 2012v2.3, 2012v3.0"
"/Return/ReturnData/IRS990/DepreciationDepletion/ProgramServices",91066,91066,"2012v2.0, 2012v2.1, 2012v2.2, 2012v2.3, 2012v3.0"
"/Return/ReturnData/IRS990EZ/ProhibitedTaxShelterTrans",90952,90952,"2012v2.0, 2012v2.1, 2012v2.2, 2012v2.3, 2012v3.0"
"/Return/ReturnData/IRS990EZ/CashSavingsAndInvestments/BOY",90856,90856,"2012v2.0, 2012v2.1, 2012v2.2, 2012v2.3, 2012v3.0"
"/Return/ReturnData/IRS990/FSAuditedBasis",90758,90758,"2012v2.0, 2012v2.1, 2012v2.2, 2012v2.3, 2012v3.0"
"/Return/ReturnData/IRS990/Occupancy/ProgramServices",90313,90313,"2012v2.0, 2012v2.1, 2012v2.2, 2012v2.3, 2012v3.0"
"/Return/ReturnData/IRS990EZ/InfoInScheduleOPartI",89601,89601,"2012v2.0, 2012v2.1, 2012v2.2, 2012v2.3, 2012v3.0"
"/Return/ReturnData/IRS990ScheduleR/Form990ScheduleRPartIII/GeneralOrManagingPartner",89028,5437,"2012v2.0, 2012v2.1, 2012v2.2, 2012v2.3, 2012v3.0"
"/Return/ReturnData/IRS990/BenefitsPaidToMembersPriorYear",89011,89011,"2012v2.0, 2012v2.1, 2012v2.2, 2012v2.3, 2012v3.0"
"/Return/ReturnData/IRS990/AccountsReceivable/BOY",88982,88982,"2012v2.0, 2012v2.1, 2012v2.2, 2012v2.3, 2012v3.0"
"/Return/ReturnData/IRS990EZ/EngagePoliticalCmpgnActivities",88900,88900,"2012v2.0, 2012v2.1, 2012v2.2, 2012v2.3, 2012v3.0"
"/Return/ReturnData/IRS990EZ/OtherExpensesTotal",88868,88868,"2012v2.0, 2012v2.1, 2012v2.2, 2012v2.3, 2012v3.0"
"/Return/ReturnData/IRS990/Revenue",88342,88342,"2012v2.0, 2012v2.1, 2012v2.2, 2012v2.3, 2012v3.0"
"/Return/ReturnData/IRS990ScheduleR/Form990ScheduleRPartIII/DisproportionateAllocations",88293,5448,"2012v2.0, 2012v2.1, 2012v2.2, 2012v2.3, 2012v3.0"
"/Return/ReturnData/IRS990/Interest",88061,88061,"2012v2.0, 2012v2.1, 2012v2.2, 2012v2.3, 2012v3.0"
"/Return/ReturnData/IRS990/Interest/Total",88061,88061,"2012v2.0, 2012v2.1, 2012v2.2, 2012v2.3, 2012v3.0"
"/Return/ReturnData/IRS990/TotalProfFundrsngExpPriorYear",87331,87331,"2012v2.0, 2012v2.1, 2012v2.2, 2012v2.3, 2012v3.0"
"/Return/ReturnData/IRS990ScheduleA/TotalSupport",87306,87306,"2012v2.0, 2012v2.1, 2012v2.2, 2012v2.3, 2012v3.0"
"/Return/ReturnData/IRS990ScheduleR/Form990ScheduleRPartIII/DirectControllingEntityNA",87246,3922,"2012v2.0, 2012v2.1, 2012v2.2, 2012v2.3, 2012v3.0"
"/Return/ReturnData/IRS990ScheduleA/GiftsGrantsContribReceived170",86923,86923,"2012v2.0, 2012v2.1, 2012v2.2, 2012v2.3, 2012v3.0"
"/Return/ReturnData/IRS990ScheduleA/GiftsGrantsContribReceived170/Total",86921,86921,"2012v2.0, 2012v2.1, 2012v2.2, 2012v2.3, 2012v3.0"
"/Return/ReturnData/IRS990ScheduleA/Total170",86732,86732,"2012v2.0, 2012v2.1, 2012v2.2, 2012v2.3, 2012v3.0"
"/Return/ReturnData/IRS990ScheduleA/Total170/Total",86732,86732,"2012v2.0, 2012v2.1, 2012v2.2, 2012v2.3, 2012v3.0"
"/Return/ReturnData/IRS990ScheduleA/PubliclySupportedOrg509a2",86381,86381,"2012v2.0, 2012v2.1, 2012v2.2, 2012v2.3, 2012v3.0"
"/Return/ReturnData/IRS990ScheduleA/TotalSupportTotal",86253,86253,"2012v2.0, 2012v2.1, 2012v2.2, 2012v2.3, 2012v3.0"
"/Return/ReturnData/IRS990ScheduleA/TotalSupportTotal/Total",86192,86192,"2012v2.0, 2012v2.1, 2012v2.2, 2012v2.3, 2012v3.0"
"/Return/ReturnData/IRS990ScheduleA/Total509",86000,86000,"2012v2.0, 2012v2.1, 2012v2.2, 2012v2.3, 2012v3.0"
"/Return/ReturnData/IRS990ScheduleA/Total509/Total",86000,86000,"2012v2.0, 2012v2.1, 2012v2.2, 2012v2.3, 2012v3.0"
"/Return/ReturnData/IRS990/PrepaidExpensesDeferredCharges/BOY",85200,85200,"2012v2.0, 2012v2.1, 2012v2.2, 2012v2.3, 2012v3.0"
"/Return/ReturnData/IRS990/Insurance/ProgramServices",84933,84933,"2012v2.0, 2012v2.1, 2012v2.2, 2012v2.3, 2012v3.0"
"/Return/ReturnData/IRS990ScheduleA/GrossInvestmentIncome170",84608,84608,"2012v2.0, 2012v2.1, 2012v2.2, 2012v2.3, 2012v3.0"
"/Return/ReturnData/IRS990ScheduleA/GrossInvestmentIncome170/Total",84607,84607,"2012v2.0, 2012v2.1, 2012v2.2, 2012v2.3, 2012v3.0"
"/Return/ReturnData/IRS990ScheduleA/Total170/CurrentTaxYear",84491,84491,"2012v2.0, 2012v2.1, 2012v2.2, 2012v2.3, 2012v3.0"
"/Return/ReturnData/IRS990EZ/WebSite",84356,84356,"2012v2.0, 2012v2.1, 2012v2.2, 2012v2.3, 2012v3.0"
"/Return/ReturnData/IRS990ScheduleA/PubliclySupportedOrg170b1Avi",84351,84351,"2012v2.0, 2012v2.1, 2012v2.2, 2012v2.3, 2012v3.0"
"/Return/ReturnData/IRS990ScheduleA/GiftsGrantsContribReceived170/CurrentTaxYear",84343,84343,"2012v2.0, 2012v2.1, 2012v2.2, 2012v2.3, 2012v3.0"
"/Return/ReturnData/IRS990ScheduleA/Total509/CurrentTaxYear",83607,83607,"2012v2.0, 2012v2.1, 2012v2.2, 2012v2.3, 2012v3.0"
"/Return/ReturnData/IRS990ScheduleA/Total170/CurrentTaxYearMinus1Year",83226,83226,"2012v2.0, 2012v2.1, 2012v2.2, 2012v2.3, 2012v3.0"
"/Return/ReturnData/IRS990ScheduleR/TransactionsRelatedOrgsTable/MethodOfAmtDetermination",82984,21246,"2012v2.0, 2012v2.1, 2012v2.2, 2012v2.3, 2012v3.0"
"/Return/ReturnData/IRS990ScheduleA/GiftsGrantsContribReceived170/CurrentTaxYearMinus1Year",82945,82945,"2012v2.0, 2012v2.1, 2012v2.2, 2012v2.3, 2012v3.0"
"/Return/ReturnData/IRS990/OtherLiabilities",81988,81988,"2012v2.0, 2012v2.1, 2012v2.2, 2012v2.3, 2012v3.0"
"/Return/ReturnData/IRS990ScheduleA/Total509/CurrentTaxYearMinus1Year",81675,81675,"2012v2.0, 2012v2.1, 2012v2.2, 2012v2.3, 2012v3.0"
"/Return/ReturnData/IRS990/Insurance/ManagementAndGeneral",81657,81657,"2012v2.0, 2012v2.1, 2012v2.2, 2012v2.3, 2012v3.0"
"/Return/ReturnData/IRS990/InformationTechnology",81612,81612,"2012v2.0, 2012v2.1, 2012v2.2, 2012v2.3, 2012v3.0"
"/Return/ReturnData/IRS990/InformationTechnology/Total",81610,81610,"2012v2.0, 2012v2.1, 2012v2.2, 2012v2.3, 2012v3.0"
"/Return/ReturnData/IRS990/PensionPlanContributions",80912,80912,"2012v2.0, 2012v2.1, 2012v2.2, 2012v2.3, 2012v3.0"
"/Return/ReturnData/IRS990/PensionPlanContributions/Total",80911,80911,"2012v2.0, 2012v2.1, 2012v2.2, 2012v2.3, 2012v3.0"
"/Return/ReturnData/IRS990ScheduleA/Total170/CurrentTaxYearMinus2Years",80855,80855,"2012v2.0, 2012v2.1, 2012v2.2, 2012v2.3, 2012v3.0"
"/Return/ReturnData/IRS990ScheduleA/GiftsGrantsContribReceived509",80802,80802,"2012v2.0, 2012v2.1, 2012v2.2, 2012v2.3, 2012v3.0"
"/Return/ReturnData/IRS990ScheduleA/GiftsGrantsContribReceived509/Total",80790,80790,"2012v2.0, 2012v2.1, 2012v2.2, 2012v2.3, 2012v3.0"
"/Return/ReturnData/IRS990/OtherRevenueMisc/BusinessCode",80779,52403,"2012v2.0, 2012v2.1, 2012v2.2, 2012v2.3, 2012v3.0"
"/Return/ReturnData/IRS990/PayrollTaxes/ManagementAndGeneral",80644,80644,"2012v2.0, 2012v2.1, 2012v2.2, 2012v2.3, 2012v3.0"
"/Return/ReturnData/IRS990ScheduleA/GiftsGrantsContribReceived170/CurrentTaxYearMinus2Years",80459,80459,"2012v2.0, 2012v2.1, 2012v2.2, 2012v2.3, 2012v3.0"
"/Return/ReturnData/IRS990/OtherSalariesAndWages/ManagementAndGeneral",79642,79642,"2012v2.0, 2012v2.1, 2012v2.2, 2012v2.3, 2012v3.0"
"/Return/ReturnData/IRS990/AllOtherExpenses/ManagementAndGeneral",79125,79125,"2012v2.0, 2012v2.1, 2012v2.2, 2012v2.3, 2012v3.0"
"/Return/ReturnData/IRS990ScheduleA/Total509/CurrentTaxYearMinus2Years",79014,79014,"2012v2.0, 2012v2.1, 2012v2.2, 2012v2.3, 2012v3.0"
"/Return/ReturnData/IRS990/OtherLiabilities/BOY",78331,78331,"2012v2.0, 2012v2.1, 2012v2.2, 2012v2.3, 2012v3.0"
"/Return/ReturnData/IRS990/OtherLiabilities/EOY",78295,78295,"2012v2.0, 2012v2.1, 2012v2.2, 2012v2.3, 2012v3.0"
"/Return/ReturnData/IRS990ScheduleD/TotalRevenuePerForm990",78200,78200,"2012v2.0, 2012v2.1, 2012v2.2, 2012v2.3, 2012v3.0"
"/Return/ReturnData/IRS990ScheduleD/RevenueSubtotal",78191,78191,"2012v2.0, 2012v2.1, 2012v2.2, 2012v2.3, 2012v3.0"
"/Return/ReturnData/IRS990ScheduleA/Total170/CurrentTaxYearMinus3Years",78162,78162,"2012v2.0, 2012v2.1, 2012v2.2, 2012v2.3, 2012v3.0"
"/Return/ReturnData/IRS990ScheduleD/TotalExpensesPerForm990",78101,78101,"2012v2.0, 2012v2.1, 2012v2.2, 2012v2.3, 2012v3.0"
"/Return/ReturnData/IRS990ScheduleD/ExpensesSubtotal",78097,78097,"2012v2.0, 2012v2.1, 2012v2.2, 2012v2.3, 2012v3.0"
"/Return/ReturnData/IRS990ScheduleD/TotRevenueEtcAuditedFinclStmt",78075,78075,"2012v2.0, 2012v2.1, 2012v2.2, 2012v2.3, 2012v3.0"
"/Return/ReturnData/IRS990ScheduleD/TotExpensesEtcAuditedFinclStmt",78002,78002,"2012v2.0, 2012v2.1, 2012v2.2, 2012v2.3, 2012v3.0"
"/Return/ReturnData/IRS990/OtherAssetsTotal/BOY",77945,77945,"2012v2.0, 2012v2.1, 2012v2.2, 2012v2.3, 2012v3.0"
"/Return/ReturnData/IRS990ScheduleA/GiftsGrantsContribReceived170/CurrentTaxYearMinus3Years",77638,77638,"2012v2.0, 2012v2.1, 2012v2.2, 2012v2.3, 2012v3.0"
"/Return/ReturnData/IRS990/TheBooksAreInCareOf/NameBusiness",77106,77106,"2012v2.0, 2012v2.1, 2012v2.2, 2012v2.3, 2012v3.0"
"/Return/ReturnData/IRS990/TheBooksAreInCareOf/NameBusiness/BusinessNameLine1",77106,77106,"2012v2.0, 2012v2.1, 2012v2.2, 2012v2.3, 2012v3.0"
"/Return/ReturnData/IRS990/NetIncomeFromFundraisingEvents",76406,76406,"2012v2.0, 2012v2.1, 2012v2.2, 2012v2.3, 2012v3.0"
"/Return/ReturnData/IRS990/NetIncomeFromFundraisingEvents/TotalRevenueColumn",76406,76406,"2012v2.0, 2012v2.1, 2012v2.2, 2012v2.3, 2012v3.0"
"/Return/ReturnData/IRS990ScheduleA/ThirtyThreePercntTestsCY170",76078,76078,"2012v2.0, 2012v2.1, 2012v2.2, 2012v2.3, 2012v3.0"
"/Return/ReturnData/IRS990ScheduleA/Total509/CurrentTaxYearMinus3Years",76046,76046,"2012v2.0, 2012v2.1, 2012v2.2, 2012v2.3, 2012v3.0"
"/Return/ReturnData/IRS990ScheduleA/ThirtyThreePercntTestsCY509",76018,76018,"2012v2.0, 2012v2.1, 2012v2.2, 2012v2.3, 2012v3.0"
"/Return/ReturnData/IRS990EZ/EngagedInExcessBenefitTrans",75392,75392,"2012v2.0, 2012v2.1, 2012v2.2, 2012v2.3, 2012v3.0"
"/Return/ReturnData/IRS990EZ/PartVIOfCompOfHighestPaidEmpl",75273,75273,"2012v2.0, 2012v2.1, 2012v2.2, 2012v2.3, 2012v3.0"
"/Return/ReturnData/IRS990ScheduleA/Total170/CurrentTaxYearMinus4Years",75257,75257,"2012v2.0, 2012v2.1, 2012v2.2, 2012v2.3, 2012v3.0"
"/Return/ReturnData/IRS990ScheduleD/Buildings",75176,75176,"2012v2.0, 2012v2.1, 2012v2.2, 2012v2.3, 2012v3.0"
"/Return/ReturnData/IRS990/NetGainOrLossInvestments",75153,75153,"2012v2.0, 2012v2.1, 2012v2.2, 2012v2.3, 2012v3.0"
"/Return/ReturnData/IRS990/NetGainOrLossInvestments/TotalRevenueColumn",75151,75151,"2012v2.0, 2012v2.1, 2012v2.2, 2012v2.3, 2012v3.0"
"/Return/ReturnData/IRS990ScheduleA/TotalSupportTotal/CurrentTaxYear",74579,74579,"2012v2.0, 2012v2.1, 2012v2.2, 2012v2.3, 2012v3.0"
"/Return/ReturnData/IRS990ScheduleA/GiftsGrantsContribReceived170/CurrentTaxYearMinus4Years",74554,74554,"2012v2.0, 2012v2.1, 2012v2.2, 2012v2.3, 2012v3.0"
"/Return/ReturnData/IRS990ScheduleA/GiftsGrantsContribReceived509/CurrentTaxYear",74496,74496,"2012v2.0, 2012v2.1, 2012v2.2, 2012v2.3, 2012v3.0"
"/Return/ReturnData/IRS990EZ/PartVIAHghstPaidCntrctProfSer",74403,74403,"2012v2.0, 2012v2.1, 2012v2.2, 2012v2.3, 2012v3.0"
"/Return/ReturnData/IRS990/Travel/ProgramServices",74324,74324,"2012v2.0, 2012v2.1, 2012v2.2, 2012v2.3, 2012v3.0"
"/Return/ReturnData/IRS990ScheduleD/TotalOfAmounts",73714,73714,"2012v2.0, 2012v2.1, 2012v2.2, 2012v2.3, 2012v3.0"
"/Return/ReturnData/IRS990/ContractorCompensation",73322,26329,"2012v2.0, 2012v2.1, 2012v2.2, 2012v2.3, 2012v3.0"
"/Return/ReturnData/IRS990/ContractorCompensation/NameOfContractor",73292,26318,"2012v2.0, 2012v2.1, 2012v2.2, 2012v2.3, 2012v3.0"
"/Return/ReturnData/IRS990ScheduleD/OtherLandBuildings",73248,73248,"2012v2.0, 2012v2.1, 2012v2.2, 2012v2.3, 2012v3.0"
"/Return/ReturnData/IRS990EZ/TransactionWithControlEntity",73204,73204,"2012v2.0, 2012v2.1, 2012v2.2, 2012v2.3, 2012v3.0"
"/Return/ReturnData/IRS990ScheduleA/TotalSupportTotal/CurrentTaxYearMinus1Year",72960,72960,"2012v2.0, 2012v2.1, 2012v2.2, 2012v2.3, 2012v3.0"
"/Return/ReturnData/IRS990/Occupancy/ManagementAndGeneral",72764,72764,"2012v2.0, 2012v2.1, 2012v2.2, 2012v2.3, 2012v3.0"
"/Return/ReturnData/IRS990/InvestmentsPubTradedSecurities",72718,72718,"2012v2.0, 2012v2.1, 2012v2.2, 2012v2.3, 2012v3.0"
"/Return/ReturnData/IRS990ScheduleA/PublicSupportPertcentPriorYear",72675,72675,"2012v2.0, 2012v2.1, 2012v2.2, 2012v2.3, 2012v3.0"
"/Return/ReturnData/IRS990/ContractorCompensation/AddressOfContractor",72670,25818,"2012v2.0, 2012v2.1, 2012v2.2, 2012v2.3, 2012v3.0"
"/Return/ReturnData/IRS990ScheduleA/Total509/CurrentTaxYearMinus4Years",72393,72393,"2012v2.0, 2012v2.1, 2012v2.2, 2012v2.3, 2012v3.0"
"/Return/ReturnData/IRS990ScheduleA/GiftsGrantsContribReceived509/CurrentTaxYearMinus1Year",72329,72329,"2012v2.0, 2012v2.1, 2012v2.2, 2012v2.3, 2012v3.0"
"/Return/ReturnData/IRS990/Form990PartVIISectionA/HighestCompensatedEmployee",72283,25798,"2012v2.0, 2012v2.1, 2012v2.2, 2012v2.3, 2012v3.0"
"/Return/ReturnData/IRS990/ContractorCompensation/Compensation",72022,25154,"2012v2.0, 2012v2.1, 2012v2.2, 2012v2.3, 2012v3.0"
"/Return/ReturnData/IRS990EZ/ContributionsGiftsGrantsEtc",72013,72013,"2012v2.0, 2012v2.1, 2012v2.2, 2012v2.3, 2012v3.0"
"/Return/ReturnData/IRS990/ContractorCompensation/DescriptionOfServices",71965,25211,"2012v2.0, 2012v2.1, 2012v2.2, 2012v2.3, 2012v3.0"
"/Return/ReturnData/IRS990/InvestmentsPubTradedSecurities/EOY",71709,71709,"2012v2.0, 2012v2.1, 2012v2.2, 2012v2.3, 2012v3.0"
"/Return/ReturnData/IRS990EZ/MethodOfAccountingCash",71638,71638,"2012v2.0, 2012v2.1, 2012v2.2, 2012v2.3, 2012v3.0"
"/Return/ReturnData/IRS990ScheduleA/TotalSupportTotal/CurrentTaxYearMinus2Years",71592,71592,"2012v2.0, 2012v2.1, 2012v2.2, 2012v2.3, 2012v3.0"
"/Return/ReturnData/IRS990/NoListedPersonsCompensated",71291,71291,"2012v2.0, 2012v2.1, 2012v2.2, 2012v2.3, 2012v3.0"
"/Return/ReturnData/IRS990EZ/TheBooksAreInCareOf/NamePerson",71245,71245,"2012v2.0, 2012v2.1, 2012v2.2, 2012v2.3, 2012v3.0"
"/Return/ReturnData/IRS990/OtherEmployeeBenefits/ProgramServices",71074,71074,"2012v2.0, 2012v2.1, 2012v2.2, 2012v2.3, 2012v3.0"
"/Return/ReturnData/IRS990ScheduleD/Buildings/BookValue",70889,70889,"2012v2.0, 2012v2.1, 2012v2.2, 2012v2.3, 2012v3.0"
"/Return/ReturnData/IRS990/OtherRevenueMisc/RelatedOrExemptFunctionIncome",70870,48323,"2012v2.0, 2012v2.1, 2012v2.2, 2012v2.3, 2012v3.0"
"/Return/ReturnData/IRS990EZ/TotalProgramServiceExpenses",70438,70438,"2012v2.0, 2012v2.1, 2012v2.2, 2012v2.3, 2012v3.0"
"/Return/ReturnData/IRS990/GrantsToDomesticOrgs",70436,70436,"2012v2.0, 2012v2.1, 2012v2.2, 2012v2.3, 2012v3.0"
"/Return/ReturnData/IRS990/GrantsToDomesticOrgs/Total",70436,70436,"2012v2.0, 2012v2.1, 2012v2.2, 2012v2.3, 2012v3.0"
"/Return/ReturnData/IRS990/ContractorCompensation/AddressOfContractor/AddressUS",70361,24823,"2012v2.0, 2012v2.1, 2012v2.2, 2012v2.3, 2012v3.0"
"/Return/ReturnData/IRS990/ContractorCompensation/AddressOfContractor/AddressUS/AddressLine1",70361,24823,"2012v2.0, 2012v2.1, 2012v2.2, 2012v2.3, 2012v3.0"
"/Return/ReturnData/IRS990/ContractorCompensation/AddressOfContractor/AddressUS/City",70361,24823,"2012v2.0, 2012v2.1, 2012v2.2, 2012v2.3, 2012v3.0"
"/Return/ReturnData/IRS990/ContractorCompensation/AddressOfContractor/AddressUS/State",70361,24823,"2012v2.0, 2012v2.1, 2012v2.2, 2012v2.3, 2012v3.0"
"/Return/ReturnData/IRS990/ContractorCompensation/AddressOfContractor/AddressUS/ZIPCode",70361,24823,"2012v2.0, 2012v2.1, 2012v2.2, 2012v2.3, 2012v3.0"
"/Return/ReturnData/IRS990EZ/DidOrgFileForm1120POLThisYear",70086,70086,"2012v2.0, 2012v2.1, 2012v2.2, 2012v2.3, 2012v3.0"
"/Return/ReturnData/IRS990ScheduleA/PriorYearSupportPercentage",69995,69995,"2012v2.0, 2012v2.1, 2012v2.2, 2012v2.3, 2012v3.0"
"/Return/ReturnData/IRS990EZ/ProgramServiceAccomplishment/GrantsAndAllocations",69825,46069,"2012v2.0, 2012v2.1, 2012v2.2, 2012v2.3, 2012v3.0"
"/Return/ReturnData/IRS990ScheduleA/GiftsGrantsContribReceived509/CurrentTaxYearMinus2Years",69625,69625,"2012v2.0, 2012v2.1, 2012v2.2, 2012v2.3, 2012v3.0"
"/Return/ReturnData/IRS990ScheduleA/GrossReceiptsFromAdmissions",69351,69351,"2012v2.0, 2012v2.1, 2012v2.2, 2012v2.3, 2012v3.0"
"/Return/ReturnData/IRS990ScheduleA/GrossReceiptsFromAdmissions/Total",69334,69334,"2012v2.0, 2012v2.1, 2012v2.2, 2012v2.3, 2012v3.0"
"/Return/ReturnData/IRS990/DepreciationDepletion/ManagementAndGeneral",69255,69255,"2012v2.0, 2012v2.1, 2012v2.2, 2012v2.3, 2012v3.0"
"/Return/ReturnData/IRS990ScheduleG",69186,69186,"2012v2.0, 2012v2.1, 2012v2.2, 2012v2.3, 2012v3.0"
"/Return/ReturnData/IRS990EZ/Organization501c3",68932,68932,"2012v2.0, 2012v2.1, 2012v2.2, 2012v2.3, 2012v3.0"
"/Return/ReturnData/IRS990/PledgesAndGrantsReceivable",68725,68725,"2012v2.0, 2012v2.1, 2012v2.2, 2012v2.3, 2012v3.0"
"/Return/ReturnData/IRS990ScheduleD/Land",68490,68490,"2012v2.0, 2012v2.1, 2012v2.2, 2012v2.3, 2012v3.0"
"/Return/ReturnData/IRS990ScheduleA/TotalSupportTotal/CurrentTaxYearMinus3Years",68284,68284,"2012v2.0, 2012v2.1, 2012v2.2, 2012v2.3, 2012v3.0"
"/Return/ReturnData/IRS990EZ/OperatingSchool",67745,67745,"2012v2.0, 2012v2.1, 2012v2.2, 2012v2.3, 2012v3.0"
"/Return/ReturnData/IRS990EZ/ScheduleBNotRequired",67669,67669,"2012v2.0, 2012v2.1, 2012v2.2, 2012v2.3, 2012v3.0"
"/Return/ReturnData/IRS990ScheduleA/GrossInvestmentIncome509",67373,67373,"2012v2.0, 2012v2.1, 2012v2.2, 2012v2.3, 2012v3.0"
"/Return/ReturnData/IRS990ScheduleA/GrossInvestmentIncome509/Total",67368,67368,"2012v2.0, 2012v2.1, 2012v2.2, 2012v2.3, 2012v3.0"
"/Return/ReturnData/IRS990EZ/FeesAndOthPymtToIndContractors",67149,67149,"2012v2.0, 2012v2.1, 2012v2.2, 2012v2.3, 2012v3.0"
"/Return/ReturnData/IRS990ScheduleD/Buildings/Depreciation",67122,67122,"2012v2.0, 2012v2.1, 2012v2.2, 2012v2.3, 2012v3.0"
"/Return/ReturnData/IRS990ScheduleA/TotalSupportTotal/CurrentTaxYearMinus4Years",66870,66870,"2012v2.0, 2012v2.1, 2012v2.2, 2012v2.3, 2012v3.0"
"/Return/ReturnData/IRS990/PledgesAndGrantsReceivable/EOY",66717,66717,"2012v2.0, 2012v2.1, 2012v2.2, 2012v2.3, 2012v3.0"
"/Return/ReturnData/IRS990ScheduleA/GiftsGrantsContribReceived509/CurrentTaxYearMinus3Years",66433,66433,"2012v2.0, 2012v2.1, 2012v2.2, 2012v2.3, 2012v3.0"
"/Return/ReturnData/IRS990/CompCurrentOfficersDirectors/ManagementAndGeneral",65992,65992,"2012v2.0, 2012v2.1, 2012v2.2, 2012v2.3, 2012v3.0"
"/Return/ReturnData/IRS990EZ/EngageInLobbyingActivities",65989,65989,"2012v2.0, 2012v2.1, 2012v2.2, 2012v2.3, 2012v3.0"
"/Return/ReturnData/IRS990ScheduleD/OtherLandBuildings/BookValue",65988,65988,"2012v2.0, 2012v2.1, 2012v2.2, 2012v2.3, 2012v3.0"
"/Return/ReturnData/IRS990EZ/TrnsfrsExemptNonCharRelatedOrg",65868,65868,"2012v2.0, 2012v2.1, 2012v2.2, 2012v2.3, 2012v3.0"
"/Return/ReturnData/IRS990/FeesForServicesManagement",65321,65321,"2012v2.0, 2012v2.1, 2012v2.2, 2012v2.3, 2012v3.0"
"/Return/ReturnData/IRS990/FeesForServicesManagement/Total",65320,65320,"2012v2.0, 2012v2.1, 2012v2.2, 2012v2.3, 2012v3.0"
"/Return/ReturnData/IRS990ScheduleD/Land/BookValue",64774,64774,"2012v2.0, 2012v2.1, 2012v2.2, 2012v2.3, 2012v3.0"
"/Return/ReturnData/IRS990EZ/FiledScheduleA",64348,64348,"2012v2.0, 2012v2.1, 2012v2.2, 2012v2.3, 2012v3.0"
"/Return/ReturnData/IRS990/TemporarilyRestrictedNetAssets",64175,64175,"2012v2.0, 2012v2.1, 2012v2.2, 2012v2.3, 2012v3.0"
"/Return/ReturnData/IRS990/FSAuditedBasis/FinancialStatementSeparate",64120,64120,"2012v2.0, 2012v2.1, 2012v2.2, 2012v2.3, 2012v3.0"
"/Return/ReturnData/IRS990/GrantsToDomesticIndividuals",63794,63794,"2012v2.0, 2012v2.1, 2012v2.2, 2012v2.3, 2012v3.0"
"/Return/ReturnData/IRS990/GrantsToDomesticIndividuals/Total",63794,63794,"2012v2.0, 2012v2.1, 2012v2.2, 2012v2.3, 2012v3.0"
"/Return/ReturnData/IRS990ScheduleD/OtherLandBuildings/OtherCostOrOtherBasis",63775,63775,"2012v2.0, 2012v2.1, 2012v2.2, 2012v2.3, 2012v3.0"
"/Return/ReturnData/IRS990ScheduleD/Buildings/OtherCostOrOtherBasis",63689,63689,"2012v2.0, 2012v2.1, 2012v2.2, 2012v2.3, 2012v3.0"
"/Return/ReturnData/IRS990/InventoriesForSaleOrUse",63370,63370,"2012v2.0, 2012v2.1, 2012v2.2, 2012v2.3, 2012v3.0"
"/Return/ReturnData/IRS990/TransactionRelatedEntity",63001,63001,"2012v2.0, 2012v2.1, 2012v2.2, 2012v2.3, 2012v3.0"
"/Return/ReturnData/IRS990ScheduleA/GiftsGrantsContribReceived509/CurrentTaxYearMinus4Years",62836,62836,"2012v2.0, 2012v2.1, 2012v2.2, 2012v2.3, 2012v3.0"
"/Return/ReturnData/IRS990ScheduleR/Form990ScheduleRPartIII/PredominantIncomeType",62508,4489,"2012v2.0, 2012v2.1, 2012v2.2, 2012v2.3, 2012v3.0"
"/Return/ReturnData/IRS990ScheduleD/OtherAssets",62450,25878,"2012v2.0, 2012v2.1, 2012v2.2, 2012v2.3, 2012v3.0"
"/Return/ReturnData/IRS990/OtherEmployeeBenefits/ManagementAndGeneral",62399,62399,"2012v2.0, 2012v2.1, 2012v2.2, 2012v2.3, 2012v3.0"
"/Return/ReturnData/IRS990/InventoriesForSaleOrUse/EOY",62378,62378,"2012v2.0, 2012v2.1, 2012v2.2, 2012v2.3, 2012v3.0"
"/Return/ReturnData/IRS990ScheduleD/OtherAssets/Description",62368,25817,"2012v2.0, 2012v2.1, 2012v2.2, 2012v2.3, 2012v3.0"
"/Return/ReturnData/IRS990/TemporarilyRestrictedNetAssets/EOY",62341,62341,"2012v2.0, 2012v2.1, 2012v2.2, 2012v2.3, 2012v3.0"
"/Return/ReturnData/IRS990/FeesForServicesInvstMgmntFees",61841,61841,"2012v2.0, 2012v2.1, 2012v2.2, 2012v2.3, 2012v3.0"
"/Return/ReturnData/IRS990/FeesForServicesInvstMgmntFees/Total",61838,61838,"2012v2.0, 2012v2.1, 2012v2.2, 2012v2.3, 2012v3.0"
"/Return/ReturnData/IRS990ScheduleD/OtherLandBuildings/Depreciation",61729,61729,"2012v2.0, 2012v2.1, 2012v2.2, 2012v2.3, 2012v3.0"
"/Return/ReturnData/IRS990/Advertising/ProgramServices",60969,60969,"2012v2.0, 2012v2.1, 2012v2.2, 2012v2.3, 2012v3.0"
"/Return/ReturnData/IRS990ScheduleG/EventsInformation",60662,60662,"2012v2.0, 2012v2.1, 2012v2.2, 2012v2.3, 2012v3.0"
"/Return/ReturnData/IRS990ScheduleD/OtherAssets/BookValue",60661,25721,"2012v2.0, 2012v2.1, 2012v2.2, 2012v2.3, 2012v3.0"
"/Return/ReturnData/IRS990ScheduleA/InvestmentIncomeAndUBTI",60515,60515,"2012v2.0, 2012v2.1, 2012v2.2, 2012v2.3, 2012v3.0"
"/Return/ReturnData/IRS990/CompCurrentOfficersDirectors/ProgramServices",60509,60509,"2012v2.0, 2012v2.1, 2012v2.2, 2012v2.3, 2012v3.0"
"/Return/ReturnData/IRS990ScheduleA/InvestmentIncomeAndUBTI/Total",60506,60506,"2012v2.0, 2012v2.1, 2012v2.2, 2012v2.3, 2012v3.0"
"/Return/ReturnData/IRS990/TemporarilyRestrictedNetAssets/BOY",60448,60448,"2012v2.0, 2012v2.1, 2012v2.2, 2012v2.3, 2012v3.0"
"/Return/ReturnData/IRS990ScheduleG/EventsInformation/NameOfEvent1",60023,60023,"2012v2.0, 2012v2.1, 2012v2.2, 2012v2.3, 2012v3.0"
"/Return/ReturnData/IRS990ScheduleA/GrossReceiptsFromAdmissions/CurrentTaxYear",60002,60002,"2012v2.0, 2012v2.1, 2012v2.2, 2012v2.3, 2012v3.0"
"/Return/ReturnData/IRS990ScheduleD/RevenueNotRptdF990",59912,59912,"2012v2.0, 2012v2.1, 2012v2.2, 2012v2.3, 2012v3.0"
"/Return/ReturnData/IRS990ScheduleG/EventsInformation/GrossReceiptsTotal",59304,59304,"2012v2.0, 2012v2.1, 2012v2.2, 2012v2.3, 2012v3.0"
"/Return/ReturnData/IRS990ScheduleG/EventsInformation/GrossReceiptsEvent1",59130,59130,"2012v2.0, 2012v2.1, 2012v2.2, 2012v2.3, 2012v3.0"
"/Return/ReturnData/IRS990ScheduleA/GrossReceiptsFromAdmissions/CurrentTaxYearMinus1Year",59128,59128,"2012v2.0, 2012v2.1, 2012v2.2, 2012v2.3, 2012v3.0"
"/Return/ReturnData/IRS990/Travel/ManagementAndGeneral",58865,58865,"2012v2.0, 2012v2.1, 2012v2.2, 2012v2.3, 2012v3.0"
"/Return/ReturnData/IRS990/FeesForServicesOther/ProgramServices",58661,58661,"2012v2.0, 2012v2.1, 2012v2.2, 2012v2.3, 2012v3.0"
"/Return/ReturnData/IRS990ScheduleA/GrossInvestmentIncome170/CurrentTaxYearMinus1Year",58595,58595,"2012v2.0, 2012v2.1, 2012v2.2, 2012v2.3, 2012v3.0"
"/Return/ReturnData/IRS990ScheduleA/GrossInvestmentIncome170/CurrentTaxYearMinus2Years",58547,58547,"2012v2.0, 2012v2.1, 2012v2.2, 2012v2.3, 2012v3.0"
"/Return/ReturnData/IRS990/InfoInScheduleOPartIII",58525,58525,"2012v2.0, 2012v2.1, 2012v2.2, 2012v2.3, 2012v3.0"
"/Return/ReturnData/IRS990/NetRentalIncomeOrLoss",58016,58016,"2012v2.0, 2012v2.1, 2012v2.2, 2012v2.3, 2012v3.0"
"/Return/ReturnData/IRS990/NetRentalIncomeOrLoss/TotalRevenueColumn",58010,58010,"2012v2.0, 2012v2.1, 2012v2.2, 2012v2.3, 2012v3.0"
"/Return/ReturnData/IRS990EZ/InvestmentIncome",58007,58007,"2012v2.0, 2012v2.1, 2012v2.2, 2012v2.3, 2012v3.0"
"/Return/ReturnData/IRS990ScheduleA/GrossInvestmentIncome170/CurrentTaxYear",57720,57720,"2012v2.0, 2012v2.1, 2012v2.2, 2012v2.3, 2012v3.0"
"/Return/ReturnData/IRS990ScheduleA/GrossInvestmentIncome170/CurrentTaxYearMinus3Years",57652,57652,"2012v2.0, 2012v2.1, 2012v2.2, 2012v2.3, 2012v3.0"
"/Return/ReturnData/IRS990ScheduleD/Land/OtherCostOrOtherBasis",57609,57609,"2012v2.0, 2012v2.1, 2012v2.2, 2012v2.3, 2012v3.0"
"/Return/ReturnData/IRS990ScheduleA/GrossReceiptsFromAdmissions/CurrentTaxYearMinus2Years",57551,57551,"2012v2.0, 2012v2.1, 2012v2.2, 2012v2.3, 2012v3.0"
"/Return/ReturnData/IRS990ScheduleG/EventsInformation/NetIncomeSummary",57195,57195,"2012v2.0, 2012v2.1, 2012v2.2, 2012v2.3, 2012v3.0"
"/Return/ReturnData/IRS990ScheduleG/EventsInformation/GrossRevenueTotalEvents",56924,56924,"2012v2.0, 2012v2.1, 2012v2.2, 2012v2.3, 2012v3.0"
"/Return/ReturnData/IRS990/ContractorCompensation/NameOfContractor/NameBusiness",56861,20817,"2012v2.0, 2012v2.1, 2012v2.2, 2012v2.3, 2012v3.0"
"/Return/ReturnData/IRS990/ContractorCompensation/NameOfContractor/NameBusiness/BusinessNameLine1",56861,20817,"2012v2.0, 2012v2.1, 2012v2.2, 2012v2.3, 2012v3.0"
"/Return/ReturnData/IRS990/InvestmentsOtherSecurities",56470,56470,"2012v2.0, 2012v2.1, 2012v2.2, 2012v2.3, 2012v3.0"
"/Return/ReturnData/IRS990ScheduleA/GrossInvestmentIncome170/CurrentTaxYearMinus4Years",56457,56457,"2012v2.0, 2012v2.1, 2012v2.2, 2012v2.3, 2012v3.0"
"/Return/ReturnData/IRS990/Activity2",56400,56400,"2012v2.0, 2012v2.1, 2012v2.2, 2012v2.3, 2012v3.0"
"/Return/ReturnData/IRS990EZ/SumOfTotalLiabilities",56280,56280,"2012v2.0, 2012v2.1, 2012v2.2, 2012v2.3, 2012v3.0"
"/Return/ReturnData/IRS990/Activity2/Description",56196,56196,"2012v2.0, 2012v2.1, 2012v2.2, 2012v2.3, 2012v3.0"
"/Return/ReturnData/IRS990ScheduleG/EventsInformation/GrossRevenueEvent1",56097,56097,"2012v2.0, 2012v2.1, 2012v2.2, 2012v2.3, 2012v3.0"
"/Return/ReturnData/IRS990ScheduleD/ExpensesNotRptdF990",55748,55748,"2012v2.0, 2012v2.1, 2012v2.2, 2012v2.3, 2012v3.0"
"/Return/ReturnData/IRS990/NetIncomeOrLoss",55728,55728,"2012v2.0, 2012v2.1, 2012v2.2, 2012v2.3, 2012v3.0"
"/Return/ReturnData/IRS990/NetIncomeOrLoss/TotalRevenueColumn",55727,55727,"2012v2.0, 2012v2.1, 2012v2.2, 2012v2.3, 2012v3.0"
"/Return/ReturnData/IRS990/InvestmentsOtherSecurities/EOY",55608,55608,"2012v2.0, 2012v2.1, 2012v2.2, 2012v2.3, 2012v3.0"
"/Return/ReturnData/IRS990EZ/FundraisingGrossIncome",55531,55531,"2012v2.0, 2012v2.1, 2012v2.2, 2012v2.3, 2012v3.0"
"/Return/ReturnData/IRS990ScheduleA/GrossReceiptsFromAdmissions/CurrentTaxYearMinus3Years",55357,55357,"2012v2.0, 2012v2.1, 2012v2.2, 2012v2.3, 2012v3.0"
"/Return/ReturnData/IRS990ScheduleG/EventsInformation/DirectExpenseSummaryEvents",55315,55315,"2012v2.0, 2012v2.1, 2012v2.2, 2012v2.3, 2012v3.0"
"/Return/ReturnData/IRS990EZ/SpecialEventsDirectExpenses",54994,54994,"2012v2.0, 2012v2.1, 2012v2.2, 2012v2.3, 2012v3.0"
"/Return/ReturnData/IRS990EZ/SumOfTotalLiabilities/EOY",53930,53930,"2012v2.0, 2012v2.1, 2012v2.2, 2012v2.3, 2012v3.0"
"/Return/ReturnData/IRS990/DeferredRevenue",53819,53819,"2012v2.0, 2012v2.1, 2012v2.2, 2012v2.3, 2012v3.0"
"/Return/ReturnData/IRS990EZ/SumOfTotalLiabilities/BOY",53534,53534,"2012v2.0, 2012v2.1, 2012v2.2, 2012v2.3, 2012v3.0"
"/Return/ReturnData/IRS990/ConferencesMeetings/ProgramServices",53216,53216,"2012v2.0, 2012v2.1, 2012v2.2, 2012v2.3, 2012v3.0"
"/Return/ReturnData/IRS990ScheduleA/InvestmentIncomeAndUBTI/CurrentTaxYearMinus1Year",53176,53176,"2012v2.0, 2012v2.1, 2012v2.2, 2012v2.3, 2012v3.0"
"/Return/ReturnData/IRS990ScheduleA/InvestmentIncomeAndUBTI/CurrentTaxYearMinus2Years",53011,53011,"2012v2.0, 2012v2.1, 2012v2.2, 2012v2.3, 2012v3.0"
"/Return/ReturnData/IRS990EZ/OtherAssetsTotal",52575,52575,"2012v2.0, 2012v2.1, 2012v2.2, 2012v2.3, 2012v3.0"
"/Return/ReturnData/IRS990ScheduleA/GrossInvestmentIncome509/CurrentTaxYearMinus1Year",52500,52500,"2012v2.0, 2012v2.1, 2012v2.2, 2012v2.3, 2012v3.0"
"/Return/ReturnData/IRS990/FeesForServicesOther/ManagementAndGeneral",52488,52488,"2012v2.0, 2012v2.1, 2012v2.2, 2012v2.3, 2012v3.0"
"/Return/ReturnData/IRS990/MethodOfAccountingCash",52423,52423,"2012v2.0, 2012v2.1, 2012v2.2, 2012v2.3, 2012v3.0"
"/Return/ReturnData/IRS990ScheduleG/EventsInformation/OtherDirectExpensesTotalEvents",52334,52334,"2012v2.0, 2012v2.1, 2012v2.2, 2012v2.3, 2012v3.0"
"/Return/ReturnData/IRS990ScheduleA/InvestmentIncomeAndUBTI/CurrentTaxYear",52311,52311,"2012v2.0, 2012v2.1, 2012v2.2, 2012v2.3, 2012v3.0"
"/Return/ReturnData/IRS990ScheduleA/GrossInvestmentIncome509/CurrentTaxYearMinus2Years",52297,52297,"2012v2.0, 2012v2.1, 2012v2.2, 2012v2.3, 2012v3.0"
"/Return/ReturnData/IRS990ScheduleA/GrossReceiptsFromAdmissions/CurrentTaxYearMinus4Years",52286,52286,"2012v2.0, 2012v2.1, 2012v2.2, 2012v2.3, 2012v3.0"
"/Return/ReturnData/IRS990/PaymentsToAffiliates",52147,52147,"2012v2.0, 2012v2.1, 2012v2.2, 2012v2.3, 2012v3.0"
"/Return/ReturnData/IRS990/PaymentsToAffiliates/Total",52146,52146,"2012v2.0, 2012v2.1, 2012v2.2, 2012v2.3, 2012v3.0"
"/Return/ReturnData/IRS990ScheduleA/InvestmentIncomeAndUBTI/CurrentTaxYearMinus3Years",52057,52057,"2012v2.0, 2012v2.1, 2012v2.2, 2012v2.3, 2012v3.0"
"/Return/ReturnData/IRS990/BenefitsToMembers",51950,51950,"2012v2.0, 2012v2.1, 2012v2.2, 2012v2.3, 2012v3.0"
"/Return/ReturnData/IRS990/BenefitsToMembers/Total",51949,51949,"2012v2.0, 2012v2.1, 2012v2.2, 2012v2.3, 2012v3.0"
"/Return/ReturnData/IRS990ScheduleI/RecipientTable/AmountOfNonCashAssistance",51656,5341,"2012v2.0, 2012v2.1, 2012v2.2, 2012v2.3, 2012v3.0"
"/Return/ReturnData/IRS990/GovernmentGrants",51640,51640,"2012v2.0, 2012v2.1, 2012v2.2, 2012v2.3, 2012v3.0"
"/Return/ReturnData/IRS990ScheduleA/GrossInvestmentIncome509/CurrentTaxYear",51586,51586,"2012v2.0, 2012v2.1, 2012v2.2, 2012v2.3, 2012v3.0"
"/Return/ReturnData/IRS990/GainOrLoss",51565,51565,"2012v2.0, 2012v2.1, 2012v2.2, 2012v2.3, 2012v3.0"
"/Return/ReturnData/IRS990ScheduleA/GrossInvestmentIncome509/CurrentTaxYearMinus3Years",51291,51291,"2012v2.0, 2012v2.1, 2012v2.2, 2012v2.3, 2012v3.0"
"/Return/ReturnData/IRS990ScheduleR",50979,50979,"2012v2.0, 2012v2.1, 2012v2.2, 2012v2.3, 2012v3.0"
"/Return/ReturnData/IRS990ScheduleA/InvestmentIncomeAndUBTI/CurrentTaxYearMinus4Years",50927,50927,"2012v2.0, 2012v2.1, 2012v2.2, 2012v2.3, 2012v3.0"
"/Return/ReturnData/IRS990/OtherNotesLoansReceivableNet",50772,50772,"2012v2.0, 2012v2.1, 2012v2.2, 2012v2.3, 2012v3.0"
"/Return/ReturnData/IRS990EZ/InfoInScheduleOPartII",50669,50669,"2012v2.0, 2012v2.1, 2012v2.2, 2012v2.3, 2012v3.0"
"/Return/ReturnData/IRS990/MortNotesPyblSecuredInvestProp",50518,50518,"2012v2.0, 2012v2.1, 2012v2.2, 2012v2.3, 2012v3.0"
"/Return/ReturnData/IRS990/DeferredRevenue/EOY",50507,50507,"2012v2.0, 2012v2.1, 2012v2.2, 2012v2.3, 2012v3.0"
"/Return/ReturnData/IRS990EZ/OtherAssetsTotal/EOY",50392,50392,"2012v2.0, 2012v2.1, 2012v2.2, 2012v2.3, 2012v3.0"
"/Return/ReturnData/IRS990/FeesForServicesProfFundraising",50359,50359,"2012v2.0, 2012v2.1, 2012v2.2, 2012v2.3, 2012v3.0"
"/Return/ReturnData/IRS990ScheduleG/EventsInformation/OtherDirectExpensesEvent1",50269,50269,"2012v2.0, 2012v2.1, 2012v2.2, 2012v2.3, 2012v3.0"
"/Return/ReturnData/IRS990ScheduleA/GrossInvestmentIncome509/CurrentTaxYearMinus4Years",50085,50085,"2012v2.0, 2012v2.1, 2012v2.2, 2012v2.3, 2012v3.0"
"/Return/ReturnData/IRS990EZ/OtherAssetsTotal/BOY",50056,50056,"2012v2.0, 2012v2.1, 2012v2.2, 2012v2.3, 2012v3.0"
"/Return/ReturnData/IRS990/FeesForServicesLobbying",50005,50005,"2012v2.0, 2012v2.1, 2012v2.2, 2012v2.3, 2012v3.0"
"/Return/ReturnData/IRS990/FeesForServicesLobbying/Total",50005,50005,"2012v2.0, 2012v2.1, 2012v2.2, 2012v2.3, 2012v3.0"
"/Return/ReturnData/IRS990EZ/PrintingPublicationsPostage",49915,49915,"2012v2.0, 2012v2.1, 2012v2.2, 2012v2.3, 2012v3.0"
"/Return/ReturnData/IRS990/GrossIncomeFundraisingEvents",49735,49735,"2012v2.0, 2012v2.1, 2012v2.2, 2012v2.3, 2012v3.0"
"/Return/ReturnData/IRS990/DeferredRevenue/BOY",49612,49612,"2012v2.0, 2012v2.1, 2012v2.2, 2012v2.3, 2012v3.0"
"/Return/ReturnData/IRS990/OtherNotesLoansReceivableNet/EOY",49526,49526,"2012v2.0, 2012v2.1, 2012v2.2, 2012v2.3, 2012v3.0"
"/Return/ReturnData/IRS990/CompDisqualPersons",49469,49469,"2012v2.0, 2012v2.1, 2012v2.2, 2012v2.3, 2012v3.0"
"/Return/ReturnData/IRS990/CompDisqualPersons/Total",49469,49469,"2012v2.0, 2012v2.1, 2012v2.2, 2012v2.3, 2012v3.0"
"/Return/ReturnData/IRS990ScheduleA/PriorYrInvestIncomePercentage",49351,49351,"2012v2.0, 2012v2.1, 2012v2.2, 2012v2.3, 2012v3.0"
"/Return/ReturnData/IRS990/InvestmentsPubTradedSecurities/BOY",49294,49294,"2012v2.0, 2012v2.1, 2012v2.2, 2012v2.3, 2012v3.0"
"/Return/ReturnData/IRS990/ForeignGrants",49276,49276,"2012v2.0, 2012v2.1, 2012v2.2, 2012v2.3, 2012v3.0"
"/Return/ReturnData/IRS990/ForeignGrants/Total",49276,49276,"2012v2.0, 2012v2.1, 2012v2.2, 2012v2.3, 2012v3.0"
"/Return/ReturnData/IRS990ScheduleR/SharingOfFacilities",49231,49231,"2012v2.0, 2012v2.1, 2012v2.2, 2012v2.3, 2012v3.0"
"/Return/ReturnData/IRS990ScheduleR/GiftGrantOrCapContrFrOtherOrg",49220,49220,"2012v2.0, 2012v2.1, 2012v2.2, 2012v2.3, 2012v3.0"
"/Return/ReturnData/IRS990ScheduleR/ReimbursementPaidByOtherOrg",49219,49219,"2012v2.0, 2012v2.1, 2012v2.2, 2012v2.3, 2012v3.0"
"/Return/ReturnData/IRS990ScheduleR/SharingOfPaidEmployees",49218,49218,"2012v2.0, 2012v2.1, 2012v2.2, 2012v2.3, 2012v3.0"
"/Return/ReturnData/IRS990ScheduleR/ReimbursementPaidToOtherOrg",49217,49217,"2012v2.0, 2012v2.1, 2012v2.2, 2012v2.3, 2012v3.0"
"/Return/ReturnData/IRS990ScheduleR/GiftGrantOrCapContrToOtherOrg",49214,49214,"2012v2.0, 2012v2.1, 2012v2.2, 2012v2.3, 2012v3.0"
"/Return/ReturnData/IRS990ScheduleR/PerformOfServicesByOtherOrgs",49214,49214,"2012v2.0, 2012v2.1, 2012v2.2, 2012v2.3, 2012v3.0"
"/Return/ReturnData/IRS990ScheduleR/LoansOrGuaranteesToOtherOrg",49212,49212,"2012v2.0, 2012v2.1, 2012v2.2, 2012v2.3, 2012v3.0"
"/Return/ReturnData/IRS990ScheduleR/OtherTransferToOtherOrg",49212,49212,"2012v2.0, 2012v2.1, 2012v2.2, 2012v2.3, 2012v3.0"
"/Return/ReturnData/IRS990ScheduleR/RentalOfFacilitiesFrOtherOrgs",49210,49210,"2012v2.0, 2012v2.1, 2012v2.2, 2012v2.3, 2012v3.0"
"/Return/ReturnData/IRS990ScheduleR/LoansOrGuaranteesFromOtherOrg",49208,49208,"2012v2.0, 2012v2.1, 2012v2.2, 2012v2.3, 2012v3.0"
"/Return/ReturnData/IRS990ScheduleR/PerformOfServicesForOtherOrgs",49207,49207,"2012v2.0, 2012v2.1, 2012v2.2, 2012v2.3, 2012v3.0"
"/Return/ReturnData/IRS990ScheduleR/PurchaseOfAssetsFromOtherOrg",49204,49204,"2012v2.0, 2012v2.1, 2012v2.2, 2012v2.3, 2012v3.0"
"/Return/ReturnData/IRS990ScheduleR/ReceiptOfIntAnnRentsRoyalties",49203,49203,"2012v2.0, 2012v2.1, 2012v2.2, 2012v2.3, 2012v3.0"
"/Return/ReturnData/IRS990ScheduleR/RentalOfFacilitiesToOtherOrgs",49203,49203,"2012v2.0, 2012v2.1, 2012v2.2, 2012v2.3, 2012v3.0"
"/Return/ReturnData/IRS990ScheduleR/SaleOfAssetsToOtherOrg",49200,49200,"2012v2.0, 2012v2.1, 2012v2.2, 2012v2.3, 2012v3.0"
"/Return/ReturnData/IRS990ScheduleR/ExchangeOfAssets",49197,49197,"2012v2.0, 2012v2.1, 2012v2.2, 2012v2.3, 2012v3.0"
"/Return/ReturnData/IRS990ScheduleR/OtherTransferFromOtherOrg",49188,49188,"2012v2.0, 2012v2.1, 2012v2.2, 2012v2.3, 2012v3.0"
"/Return/ReturnData/IRS990ScheduleA/AmtsFromSubstContributors",48736,48736,"2012v2.0, 2012v2.1, 2012v2.2, 2012v2.3, 2012v3.0"
"/Return/ReturnData/IRS990ScheduleA/AmtsFromSubstContributors/Total",48734,48734,"2012v2.0, 2012v2.1, 2012v2.2, 2012v2.3, 2012v3.0"
"/Return/ReturnData/IRS990ScheduleD/RevenueNotRptdOnFinStmt",48698,48698,"2012v2.0, 2012v2.1, 2012v2.2, 2012v2.3, 2012v3.0"
"/Return/ReturnData/IRS990ScheduleA/AmtsRecdFromDisqualPersons",48674,48674,"2012v2.0, 2012v2.1, 2012v2.2, 2012v2.3, 2012v3.0"
"/Return/ReturnData/IRS990ScheduleA/AmtsRecdFromDisqualPersons/Total",48674,48674,"2012v2.0, 2012v2.1, 2012v2.2, 2012v2.3, 2012v3.0"
"/Return/ReturnData/IRS990ScheduleD/ExpensesNotRptdOnFinStmt",48600,48600,"2012v2.0, 2012v2.1, 2012v2.2, 2012v2.3, 2012v3.0"
"/Return/ReturnHeader/Preparer/SelfEmployed",48550,48550,"2012v2.0, 2012v2.1, 2012v2.2, 2012v2.3, 2012v3.0"
"/Return/ReturnData/IRS990/MortNotesPyblSecuredInvestProp/EOY",48288,48288,"2012v2.0, 2012v2.1, 2012v2.2, 2012v2.3, 2012v3.0"
"/Return/ReturnData/IRS990EZ/ProgramServiceRevenue",48216,48216,"2012v2.0, 2012v2.1, 2012v2.2, 2012v2.3, 2012v3.0"
"/Return/ReturnData/IRS990/MortNotesPyblSecuredInvestProp/BOY",48176,48176,"2012v2.0, 2012v2.1, 2012v2.2, 2012v2.3, 2012v3.0"
"/Return/ReturnData/IRS990/Activity2/Expense",48031,48031,"2012v2.0, 2012v2.1, 2012v2.2, 2012v2.3, 2012v3.0"
"/Return/ReturnData/IRS990/FundraisingDirectExpenses",47734,47734,"2012v2.0, 2012v2.1, 2012v2.2, 2012v2.3, 2012v3.0"
"/Return/ReturnHeader/Filer/Name/BusinessNameLine2",47619,47619,"2012v2.0, 2012v2.1, 2012v2.2, 2012v2.3, 2012v3.0"
"/Return/ReturnData/IRS990ScheduleR/Form990ScheduleRPartII/DirectControllingEntityNA",47579,20708,"2012v2.0, 2012v2.1, 2012v2.2, 2012v2.3, 2012v3.0"
"/Return/ReturnData/IRS990ScheduleR/Form990ScheduleRPartIII/DirectControllingEntityName",47479,3903,"2012v2.0, 2012v2.1, 2012v2.2, 2012v2.3, 2012v3.0"
"/Return/ReturnData/IRS990ScheduleR/Form990ScheduleRPartIII/DirectControllingEntityName/BusinessNameLine1",47479,3903,"2012v2.0, 2012v2.1, 2012v2.2, 2012v2.3, 2012v3.0"
"/Return/ReturnData/IRS990ScheduleD/FootnoteInPartXIII",47319,47319,"2012v2.0, 2012v2.1, 2012v2.2, 2012v2.3, 2012v3.0"
"/Return/ReturnData/IRS990ScheduleI/RecipientTable/MethodOfValuation",47245,4904,"2012v2.0, 2012v2.1, 2012v2.2, 2012v2.3, 2012v3.0"
"/Return/ReturnData/IRS990ScheduleR/DividendsRelatedOrganization",47131,47131,"2012v2.0, 2012v2.1, 2012v2.2, 2012v2.3, 2012v3.0"
"/Return/ReturnData/IRS990ScheduleF/GrantsToOrgsOutsideUS",47129,3717,"2012v2.0, 2012v2.1, 2012v2.2, 2012v2.3, 2012v3.0"
"/Return/ReturnData/IRS990/Royalties",47023,47023,"2012v2.0, 2012v2.1, 2012v2.2, 2012v2.3, 2012v3.0"
"/Return/ReturnData/IRS990/Royalties/Total",47023,47023,"2012v2.0, 2012v2.1, 2012v2.2, 2012v2.3, 2012v3.0"
"/Return/ReturnData/IRS990ScheduleF/GrantsToOrgsOutsideUS/Region",46617,3465,"2012v2.0, 2012v2.1, 2012v2.2, 2012v2.3, 2012v3.0"
"/Return/ReturnData/IRS990/FeesForServicesAccounting/ProgramServices",46352,46352,"2012v2.0, 2012v2.1, 2012v2.2, 2012v2.3, 2012v3.0"
"/Return/ReturnData/IRS990/TravelEntrtnmntPublicOfficials",46323,46323,"2012v2.0, 2012v2.1, 2012v2.2, 2012v2.3, 2012v3.0"
"/Return/ReturnData/IRS990/TravelEntrtnmntPublicOfficials/Total",46323,46323,"2012v2.0, 2012v2.1, 2012v2.2, 2012v2.3, 2012v3.0"
"/Return/ReturnData/IRS990ScheduleF/GrantsToOrgsOutsideUS/PurposeOfGrant",45774,3614,"2012v2.0, 2012v2.1, 2012v2.2, 2012v2.3, 2012v3.0"
"/Return/ReturnData/IRS990/LessCostOthBasisSalesExpenses",45500,45500,"2012v2.0, 2012v2.1, 2012v2.2, 2012v2.3, 2012v3.0"
"/Return/ReturnData/IRS990/ExcessBusinessHoldings",45015,45015,"2012v2.0, 2012v2.1, 2012v2.2, 2012v2.3, 2012v3.0"
"/Return/ReturnData/IRS990ScheduleD/LeaseholdImprovements",44998,44998,"2012v2.0, 2012v2.1, 2012v2.2, 2012v2.3, 2012v3.0"
"/Return/ReturnData/IRS990/ReconciliationUnrealizedInvest",44816,44816,"2012v2.0, 2012v2.1, 2012v2.2, 2012v2.3, 2012v3.0"
"/Return/ReturnData/IRS990ScheduleA/OtherIncome170",44772,44772,"2012v2.0, 2012v2.1, 2012v2.2, 2012v2.3, 2012v3.0"
"/Return/ReturnData/IRS990ScheduleA/OtherIncome170/Total",44772,44772,"2012v2.0, 2012v2.1, 2012v2.2, 2012v2.3, 2012v3.0"
"/Return/ReturnData/IRS990/TaxableDistributions",44667,44667,"2012v2.0, 2012v2.1, 2012v2.2, 2012v2.3, 2012v3.0"
"/Return/ReturnData/IRS990/GrossAmountSalesAssets",44610,44610,"2012v2.0, 2012v2.1, 2012v2.2, 2012v2.3, 2012v3.0"
"/Return/ReturnData/IRS990ScheduleD/OtherSecurities",44536,18786,"2012v2.0, 2012v2.1, 2012v2.2, 2012v2.3, 2012v3.0"
"/Return/ReturnData/IRS990/IntangibleAssets",44479,44479,"2012v2.0, 2012v2.1, 2012v2.2, 2012v2.3, 2012v3.0"
"/Return/ReturnData/IRS990ScheduleD/OtherSecurities/Description",44479,18741,"2012v2.0, 2012v2.1, 2012v2.2, 2012v2.3, 2012v3.0"
"/Return/ReturnData/IRS990/DistributionToDonor",44447,44447,"2012v2.0, 2012v2.1, 2012v2.2, 2012v2.3, 2012v3.0"
"/Return/ReturnData/IRS990/Form1098CFiled",44300,44300,"2012v2.0, 2012v2.1, 2012v2.2, 2012v2.3, 2012v3.0"
"/Return/ReturnData/IRS990ScheduleR/Form990ScheduleRPartIV/DirectControllingEntityName",44300,7348,"2012v2.0, 2012v2.1, 2012v2.2, 2012v2.3, 2012v3.0"
"/Return/ReturnData/IRS990ScheduleR/Form990ScheduleRPartIV/DirectControllingEntityName/BusinessNameLine1",44300,7348,"2012v2.0, 2012v2.1, 2012v2.2, 2012v2.3, 2012v3.0"
"/Return/ReturnData/IRS990EZ/CostOfGoodsSold",44028,44028,"2012v2.0, 2012v2.1, 2012v2.2, 2012v2.3, 2012v3.0"
"/Return/ReturnData/IRS990/Form8899Filed",44001,44001,"2012v2.0, 2012v2.1, 2012v2.2, 2012v2.3, 2012v3.0"
"/Return/ReturnData/IRS990EZ/SpecialEventsNetIncomeLoss",43900,43900,"2012v2.0, 2012v2.1, 2012v2.2, 2012v2.3, 2012v3.0"
"/Return/ReturnData/IRS990/IntangibleAssets/EOY",43783,43783,"2012v2.0, 2012v2.1, 2012v2.2, 2012v2.3, 2012v3.0"
"/Return/ReturnData/IRS990/Organization501c",43779,43779,"2012v2.0, 2012v2.1, 2012v2.2, 2012v2.3, 2012v3.0"
"/Return/ReturnData/IRS990/FeesForServicesProfFundraising/Total",43480,43480,"2012v2.0, 2012v2.1, 2012v2.2, 2012v2.3, 2012v3.0"
"/Return/ReturnData/IRS990EZ/MembershipDues",43432,43432,"2012v2.0, 2012v2.1, 2012v2.2, 2012v2.3, 2012v3.0"
"/Return/ReturnData/IRS990EZ/OccupancyRentUtilitiesAndMaint",43343,43343,"2012v2.0, 2012v2.1, 2012v2.2, 2012v2.3, 2012v3.0"
"/Return/ReturnData/IRS990/InvestmentsProgramRelated",43297,43297,"2012v2.0, 2012v2.1, 2012v2.2, 2012v2.3, 2012v3.0"
"/Return/ReturnData/IRS990/NetIncomeFromGaming",43109,43109,"2012v2.0, 2012v2.1, 2012v2.2, 2012v2.3, 2012v3.0"
"/Return/ReturnData/IRS990/NetIncomeFromGaming/TotalRevenueColumn",43107,43107,"2012v2.0, 2012v2.1, 2012v2.2, 2012v2.3, 2012v3.0"
"/Return/ReturnData/IRS990/RoyaltiesRevenue",42987,42987,"2012v2.0, 2012v2.1, 2012v2.2, 2012v2.3, 2012v3.0"
"/Return/ReturnData/IRS990/RoyaltiesRevenue/TotalRevenueColumn",42986,42986,"2012v2.0, 2012v2.1, 2012v2.2, 2012v2.3, 2012v3.0"
"/Return/ReturnData/IRS990/PledgesAndGrantsReceivable/BOY",42968,42968,"2012v2.0, 2012v2.1, 2012v2.2, 2012v2.3, 2012v3.0"
"/Return/ReturnData/IRS990/InvestmentsProgramRelated/EOY",42891,42891,"2012v2.0, 2012v2.1, 2012v2.2, 2012v2.3, 2012v3.0"
"/Return/ReturnData/IRS990/Advertising/ManagementAndGeneral",42817,42817,"2012v2.0, 2012v2.1, 2012v2.2, 2012v2.3, 2012v3.0"
"/Return/ReturnData/IRS990/ConferencesMeetings/ManagementAndGeneral",42659,42659,"2012v2.0, 2012v2.1, 2012v2.2, 2012v2.3, 2012v3.0"
"/Return/ReturnData/IRS990/Form990-TFiled",42623,42623,"2012v2.0, 2012v2.1, 2012v2.2, 2012v2.3, 2012v3.0"
"/Return/ReturnData/IRS990/FeesForServicesLegal/ManagementAndGeneral",42024,42024,"2012v2.0, 2012v2.1, 2012v2.2, 2012v2.3, 2012v3.0"
"/Return/ReturnData/IRS990ScheduleI",41909,41909,"2012v2.0, 2012v2.1, 2012v2.2, 2012v2.3, 2012v3.0"
"/Return/ReturnData/IRS990ScheduleJ",41496,41496,"2012v2.0, 2012v2.1, 2012v2.2, 2012v2.3, 2012v3.0"
"/Return/ReturnData/IRS990/DoNotFollowSFAS117",41447,41447,"2012v2.0, 2012v2.1, 2012v2.2, 2012v2.3, 2012v3.0"
"/Return/ReturnData/IRS990ScheduleI/RecordsMaintained",41356,41356,"2012v2.0, 2012v2.1, 2012v2.2, 2012v2.3, 2012v3.0"
"/Return/ReturnData/IRS990/PayrollTaxes/Fundraising",41354,41354,"2012v2.0, 2012v2.1, 2012v2.2, 2012v2.3, 2012v3.0"
"/Return/ReturnData/IRS990/OfficeExpenses/Fundraising",41293,41293,"2012v2.0, 2012v2.1, 2012v2.2, 2012v2.3, 2012v3.0"
"/Return/ReturnData/IRS990/Grants",41093,41093,"2012v2.0, 2012v2.1, 2012v2.2, 2012v2.3, 2012v3.0"
"/Return/ReturnData/IRS990ScheduleF/GrantsToOrgsOutsideUS/AmountOfCashGrant",40938,3435,"2012v2.0, 2012v2.1, 2012v2.2, 2012v2.3, 2012v3.0"
"/Return/ReturnData/IRS990ScheduleJ/SupplementalNonqualRetirePlan",40938,40938,"2012v2.0, 2012v2.1, 2012v2.2, 2012v2.3, 2012v3.0"
"/Return/ReturnData/IRS990ScheduleJ/SeverancePayment",40933,40933,"2012v2.0, 2012v2.1, 2012v2.2, 2012v2.3, 2012v3.0"
"/Return/ReturnData/IRS990ScheduleJ/EquityBasedCompArrangement",40918,40918,"2012v2.0, 2012v2.1, 2012v2.2, 2012v2.3, 2012v3.0"
"/Return/ReturnData/IRS990/OtherSalariesAndWages/Fundraising",40833,40833,"2012v2.0, 2012v2.1, 2012v2.2, 2012v2.3, 2012v3.0"
"/Return/ReturnData/IRS990EZ/CostOtherBasisAndSalesExpenses",40608,40608,"2012v2.0, 2012v2.1, 2012v2.2, 2012v2.3, 2012v3.0"
"/Return/ReturnData/IRS990/ReceivablesFromOfficersEtc",40478,40478,"2012v2.0, 2012v2.1, 2012v2.2, 2012v2.3, 2012v3.0"
"/Return/ReturnData/IRS990ScheduleI/Form990ScheduleIPartIII",40324,18718,"2012v2.0, 2012v2.1, 2012v2.2, 2012v2.3, 2012v3.0"
"/Return/ReturnData/IRS990ScheduleI/Form990ScheduleIPartIII/TypeOfGrant",40052,18661,"2012v2.0, 2012v2.1, 2012v2.2, 2012v2.3, 2012v3.0"
"/Return/ReturnData/IRS990/ReceivablesFromOfficersEtc/EOY",40000,40000,"2012v2.0, 2012v2.1, 2012v2.2, 2012v2.3, 2012v3.0"
"/Return/ReturnData/IRS990/Activity3",39869,39869,"2012v2.0, 2012v2.1, 2012v2.2, 2012v2.3, 2012v3.0"
"/Return/ReturnData/IRS990/Activity3/Description",39823,39823,"2012v2.0, 2012v2.1, 2012v2.2, 2012v2.3, 2012v3.0"
"/Return/ReturnData/IRS990ScheduleI/RecipientTable/DescriptionOfNonCashAssistance",39818,3096,"2012v2.0, 2012v2.1, 2012v2.2, 2012v2.3, 2012v3.0"
"/Return/ReturnData/IRS990ScheduleG/LicensedStates",39766,5549,"2012v2.0, 2012v2.1, 2012v2.2, 2012v2.3, 2012v3.0"
"/Return/ReturnData/IRS990/IncomeFromInvestBondProceeds",39745,39745,"2012v2.0, 2012v2.1, 2012v2.2, 2012v2.3, 2012v3.0"
"/Return/ReturnData/IRS990/IncomeFromInvestBondProceeds/TotalRevenueColumn",39743,39743,"2012v2.0, 2012v2.1, 2012v2.2, 2012v2.3, 2012v3.0"
"/Return/ReturnData/IRS990/RetainedEarningsEndowmentEtc",39386,39386,"2012v2.0, 2012v2.1, 2012v2.2, 2012v2.3, 2012v3.0"
"/Return/ReturnData/IRS990ScheduleA/AmountsSubstContributorsTotal",39343,39343,"2012v2.0, 2012v2.1, 2012v2.2, 2012v2.3, 2012v3.0"
"/Return/ReturnData/IRS990ScheduleD/LeaseholdImprovements/BookValue",39229,39229,"2012v2.0, 2012v2.1, 2012v2.2, 2012v2.3, 2012v3.0"
"/Return/ReturnData/IRS990/RetainedEarningsEndowmentEtc/EOY",39185,39185,"2012v2.0, 2012v2.1, 2012v2.2, 2012v2.3, 2012v3.0"
"/Return/ReturnData/IRS990/RetainedEarningsEndowmentEtc/BOY",39065,39065,"2012v2.0, 2012v2.1, 2012v2.2, 2012v2.3, 2012v3.0"
"/Return/ReturnData/IRS990/ReceivablesFromDisqualPersons",38830,38830,"2012v2.0, 2012v2.1, 2012v2.2, 2012v2.3, 2012v3.0"
"/Return/ReturnData/IRS990ScheduleA/OtherIncome509",38820,38820,"2012v2.0, 2012v2.1, 2012v2.2, 2012v2.3, 2012v3.0"
"/Return/ReturnData/IRS990ScheduleA/OtherIncome509/Total",38819,38819,"2012v2.0, 2012v2.1, 2012v2.2, 2012v2.3, 2012v3.0"
"/Return/ReturnData/IRS990/Form990PartVIISectionA/KeyEmployee",38723,18263,"2012v2.0, 2012v2.1, 2012v2.2, 2012v2.3, 2012v3.0"
"/Return/ReturnData/IRS990/InventoriesForSaleOrUse/BOY",38714,38714,"2012v2.0, 2012v2.1, 2012v2.2, 2012v2.3, 2012v3.0"
"/Return/ReturnData/IRS990EZ/StatesWhereCopyOfReturnIsFiled",38577,37180,"2012v2.0, 2012v2.1, 2012v2.2, 2012v2.3, 2012v3.0"
"/Return/ReturnData/IRS990/ReceivablesFromDisqualPersons/EOY",38552,38552,"2012v2.0, 2012v2.1, 2012v2.2, 2012v2.3, 2012v3.0"
"/Return/ReturnData/IRS990ScheduleA/GrossReceiptsFromAdmissionsEtc",38435,38435,"2012v2.0, 2012v2.1, 2012v2.2, 2012v2.3, 2012v3.0"
"/Return/ReturnData/IRS990/GainOrLoss/Securities",38216,38216,"2012v2.0, 2012v2.1, 2012v2.2, 2012v2.3, 2012v3.0"
"/Return/ReturnData/IRS990/InvestmentIncome/RelatedOrExemptFunctionIncome",38192,38192,"2012v2.0, 2012v2.1, 2012v2.2, 2012v2.3, 2012v3.0"
"/Return/ReturnData/IRS990ScheduleD/LeaseholdImprovements/Depreciation",38005,38005,"2012v2.0, 2012v2.1, 2012v2.2, 2012v2.3, 2012v3.0"
"/Return/ReturnData/IRS990ScheduleF/GrantsToOrgsOutsideUS/MannerOfCashDisbursement",37965,3101,"2012v2.0, 2012v2.1, 2012v2.2, 2012v2.3, 2012v3.0"
"/Return/ReturnData/IRS990/ActivityOther",37622,26082,"2012v2.0, 2012v2.1, 2012v2.2, 2012v2.3, 2012v3.0"
"/Return/ReturnData/IRS990/Interest/ProgramServices",37557,37557,"2012v2.0, 2012v2.1, 2012v2.2, 2012v2.3, 2012v3.0"
"/Return/ReturnData/IRS990ScheduleA/SupportFromDQPsEtc",37413,37413,"2012v2.0, 2012v2.1, 2012v2.2, 2012v2.3, 2012v3.0"
"/Return/ReturnData/IRS990ScheduleA/SupportFromDQPsEtc/Total",37413,37413,"2012v2.0, 2012v2.1, 2012v2.2, 2012v2.3, 2012v3.0"
"/Return/ReturnData/IRS990ScheduleH/Form990ScheduleHPartVI",37370,2448,"2012v2.0, 2012v2.1, 2012v2.2, 2012v2.3, 2012v3.0"
"/Return/ReturnData/IRS990/PensionPlanContributions/ProgramServices",37254,37254,"2012v2.0, 2012v2.1, 2012v2.2, 2012v2.3, 2012v3.0"
"/Return/ReturnData/IRS990ScheduleH/Form990ScheduleHPartVI/Explanation",37182,2448,"2012v2.0, 2012v2.1, 2012v2.2, 2012v2.3, 2012v3.0"
"/Return/ReturnData/IRS990/InvestTaxExemptBonds",36640,36640,"2012v2.0, 2012v2.1, 2012v2.2, 2012v2.3, 2012v3.0"
"/Return/ReturnData/IRS990/EscrowAccount",36607,36607,"2012v2.0, 2012v2.1, 2012v2.2, 2012v2.3, 2012v3.0"
"/Return/ReturnData/IRS990/RentalIncomeOrLoss",36595,36595,"2012v2.0, 2012v2.1, 2012v2.2, 2012v2.3, 2012v3.0"
"/Return/ReturnData/IRS990/OnBehalfOfIssuer",36573,36573,"2012v2.0, 2012v2.1, 2012v2.2, 2012v2.3, 2012v3.0"
"/Return/ReturnData/IRS990ScheduleD/LeaseholdImprovements/OtherCostOrOtherBasis",36383,36383,"2012v2.0, 2012v2.1, 2012v2.2, 2012v2.3, 2012v3.0"
"/Return/ReturnData/IRS990ScheduleI/Form990ScheduleIPartIII/NumberOfRecipients",36281,17361,"2012v2.0, 2012v2.1, 2012v2.2, 2012v2.3, 2012v3.0"
"/Return/ReturnData/IRS990/InfoInScheduleOPartXII",36174,36174,"2012v2.0, 2012v2.1, 2012v2.2, 2012v2.3, 2012v3.0"
"/Return/ReturnData/IRS990/ActivityOther/Description",36101,24579,"2012v2.0, 2012v2.1, 2012v2.2, 2012v2.3, 2012v3.0"
"/Return/ReturnData/IRS990EZ/InfoInScheduleOPartV",35988,35988,"2012v2.0, 2012v2.1, 2012v2.2, 2012v2.3, 2012v3.0"
"/Return/ReturnData/IRS990/RentalIncomeOrLoss/Real",35762,35762,"2012v2.0, 2012v2.1, 2012v2.2, 2012v2.3, 2012v3.0"
"/Return/ReturnData/IRS990/NetIncomeFromFundraisingEvents/ExclusionAmount",35514,35514,"2012v2.0, 2012v2.1, 2012v2.2, 2012v2.3, 2012v3.0"
"/Return/ReturnData/IRS990ScheduleI/Form990ScheduleIPartIII/AmountOfCashGrant",35282,16652,"2012v2.0, 2012v2.1, 2012v2.2, 2012v2.3, 2012v3.0"
"/Return/ReturnData/IRS990/GrossAmountSalesAssets/Securities",34761,34761,"2012v2.0, 2012v2.1, 2012v2.2, 2012v2.3, 2012v3.0"
"/Return/ReturnData/IRS990/AllOtherExpenses/Fundraising",34737,34737,"2012v2.0, 2012v2.1, 2012v2.2, 2012v2.3, 2012v3.0"
"/Return/ReturnData/IRS990/LessCostOthBasisSalesExpenses/Securities",33865,33865,"2012v2.0, 2012v2.1, 2012v2.2, 2012v2.3, 2012v3.0"
"/Return/ReturnData/IRS990/PensionPlanContributions/ManagementAndGeneral",33857,33857,"2012v2.0, 2012v2.1, 2012v2.2, 2012v2.3, 2012v3.0"
"/Return/ReturnData/IRS990/Activity3/Expense",33820,33820,"2012v2.0, 2012v2.1, 2012v2.2, 2012v2.3, 2012v3.0"
"/Return/ReturnData/IRS990EZ/OtherChangesInNetAssets",33820,33820,"2012v2.0, 2012v2.1, 2012v2.2, 2012v2.3, 2012v3.0"
"/Return/ReturnData/IRS990EZ/InfoInScheduleOPartIII",33741,33741,"2012v2.0, 2012v2.1, 2012v2.2, 2012v2.3, 2012v3.0"
"/Return/ReturnData/IRS990/OtherRevenueMisc/ExclusionAmount",33614,23297,"2012v2.0, 2012v2.1, 2012v2.2, 2012v2.3, 2012v3.0"
"/Return/ReturnData/IRS990ScheduleL/Form990ScheduleLPartIV",33518,15660,"2012v2.0, 2012v2.1, 2012v2.2, 2012v2.3, 2012v3.0"
"/Return/ReturnData/IRS990ScheduleJ/CompBasedOnRevenueOfFilingOrg",33421,33421,"2012v2.0, 2012v2.1, 2012v2.2, 2012v2.3, 2012v3.0"
"/Return/ReturnData/IRS990ScheduleJ/CompBasedNetEarningsFilingOrg",33415,33415,"2012v2.0, 2012v2.1, 2012v2.2, 2012v2.3, 2012v3.0"
"/Return/ReturnData/IRS990ScheduleJ/CompBasedOnRevenueRelatedOrgs",33411,33411,"2012v2.0, 2012v2.1, 2012v2.2, 2012v2.3, 2012v3.0"
"/Return/ReturnData/IRS990ScheduleJ/CompBasedNetEarningsRelateOrgs",33409,33409,"2012v2.0, 2012v2.1, 2012v2.2, 2012v2.3, 2012v3.0"
"/Return/ReturnData/IRS990ScheduleL/Form990ScheduleLPartIV/SharingOfRevenues",33296,15560,"2012v2.0, 2012v2.1, 2012v2.2, 2012v2.3, 2012v3.0"
"/Return/ReturnData/IRS990ScheduleJ/AnyNonFixedPayments",33279,33279,"2012v2.0, 2012v2.1, 2012v2.2, 2012v2.3, 2012v3.0"
"/Return/ReturnData/IRS990ScheduleJ/InitialContractException",33272,33272,"2012v2.0, 2012v2.1, 2012v2.2, 2012v2.3, 2012v3.0"
"/Return/ReturnData/IRS990ScheduleG/EventsInformation/NameOfEvent2",33111,33111,"2012v2.0, 2012v2.1, 2012v2.2, 2012v2.3, 2012v3.0"
"/Return/ReturnData/IRS990/CompCurrentOfficersDirectors/Fundraising",33074,33074,"2012v2.0, 2012v2.1, 2012v2.2, 2012v2.3, 2012v3.0"
"/Return/ReturnData/IRS990/InformationTechnology/ProgramServices",32943,32943,"2012v2.0, 2012v2.1, 2012v2.2, 2012v2.3, 2012v3.0"
"/Return/ReturnData/IRS990ScheduleL/Form990ScheduleLPartIV/NameOfInterestedPerson",32915,15643,"2012v2.0, 2012v2.1, 2012v2.2, 2012v2.3, 2012v3.0"
"/Return/ReturnData/IRS990ScheduleD/OtherSecurities/BookValue",32808,13212,"2012v2.0, 2012v2.1, 2012v2.2, 2012v2.3, 2012v3.0"
"/Return/ReturnData/IRS990ScheduleL/Form990ScheduleLPartIV/Relationship",32805,15453,"2012v2.0, 2012v2.1, 2012v2.2, 2012v2.3, 2012v3.0"
"/Return/ReturnData/IRS990ScheduleD/OtherSecurities/MethodOfValuation",32655,13061,"2012v2.0, 2012v2.1, 2012v2.2, 2012v2.3, 2012v3.0"
"/Return/ReturnData/IRS990/InformationTechnology/ManagementAndGeneral",32596,32596,"2012v2.0, 2012v2.1, 2012v2.2, 2012v2.3, 2012v3.0"
"/Return/ReturnData/IRS990/Interest/ManagementAndGeneral",32566,32566,"2012v2.0, 2012v2.1, 2012v2.2, 2012v2.3, 2012v3.0"
"/Return/ReturnData/IRS990EZ/SalariesOtherCompEmplBenefits",32505,32505,"2012v2.0, 2012v2.1, 2012v2.2, 2012v2.3, 2012v3.0"
"/Return/ReturnData/IRS990/OtherEmployeeBenefits/Fundraising",32444,32444,"2012v2.0, 2012v2.1, 2012v2.2, 2012v2.3, 2012v3.0"
"/Return/ReturnData/IRS990ScheduleG/EventsInformation/GrossReceiptsEvent2",32247,32247,"2012v2.0, 2012v2.1, 2012v2.2, 2012v2.3, 2012v3.0"
"/Return/ReturnData/IRS990/GrantsToDomesticOrgs/ProgramServices",32063,32063,"2012v2.0, 2012v2.1, 2012v2.2, 2012v2.3, 2012v3.0"
"/Return/ReturnData/IRS990ScheduleI/Form990ScheduleIPartIV",31479,26787,"2012v2.0, 2012v2.1, 2012v2.2, 2012v2.3, 2012v3.0"
"/Return/ReturnData/IRS990ScheduleI/Form990ScheduleIPartIV/Explanation",31434,26778,"2012v2.0, 2012v2.1, 2012v2.2, 2012v2.3, 2012v3.0"
"/Return/ReturnData/IRS990/PermanentlyRestrictedNetAssets",31391,31391,"2012v2.0, 2012v2.1, 2012v2.2, 2012v2.3, 2012v3.0"
"/Return/ReturnData/IRS990/PermanentlyRestrictedNetAssets/EOY",31126,31126,"2012v2.0, 2012v2.1, 2012v2.2, 2012v2.3, 2012v3.0"
"/Return/ReturnData/IRS990/MembershipDues",30723,30723,"2012v2.0, 2012v2.1, 2012v2.2, 2012v2.3, 2012v3.0"
"/Return/ReturnData/IRS990/NetGainOrLossInvestments/ExclusionAmount",30675,30675,"2012v2.0, 2012v2.1, 2012v2.2, 2012v2.3, 2012v3.0"
"/Return/ReturnData/IRS990/FundraisingEvents",30672,30672,"2012v2.0, 2012v2.1, 2012v2.2, 2012v2.3, 2012v3.0"
"/Return/ReturnData/IRS990/PermanentlyRestrictedNetAssets/BOY",30541,30541,"2012v2.0, 2012v2.1, 2012v2.2, 2012v2.3, 2012v3.0"
"/Return/ReturnData/IRS990/ActivityOther/Expense",30491,20616,"2012v2.0, 2012v2.1, 2012v2.2, 2012v2.3, 2012v3.0"
"/Return/ReturnData/IRS990ScheduleG/EventsInformation/GrossRevenueEvent2",30299,30299,"2012v2.0, 2012v2.1, 2012v2.2, 2012v2.3, 2012v3.0"
"/Return/ReturnData/IRS990ScheduleL/Form990ScheduleLPartIV/DescriptionOfTransaction",29721,15232,"2012v2.0, 2012v2.1, 2012v2.2, 2012v2.3, 2012v3.0"
"/Return/ReturnData/IRS990/AllAffiliatesIncluded",29713,29713,"2012v2.0, 2012v2.1, 2012v2.2, 2012v2.3, 2012v3.0"
"/Return/ReturnData/IRS990ScheduleJ/Form990ScheduleJPartIII",29521,17500,"2012v2.0, 2012v2.1, 2012v2.2, 2012v2.3, 2012v3.0"
"/Return/ReturnData/IRS990/InfoInScheduleOPartXI",29486,29486,"2012v2.0, 2012v2.1, 2012v2.2, 2012v2.3, 2012v3.0"
"/Return/ReturnData/IRS990/Occupancy/Fundraising",29324,29324,"2012v2.0, 2012v2.1, 2012v2.2, 2012v2.3, 2012v3.0"
"/Return/ReturnData/IRS990/CntrbtnsRprtdFundraisingEvents",29281,29281,"2012v2.0, 2012v2.1, 2012v2.2, 2012v2.3, 2012v3.0"
"/Return/ReturnData/IRS990/InvestmentsOtherSecurities/BOY",29211,29211,"2012v2.0, 2012v2.1, 2012v2.2, 2012v2.3, 2012v3.0"
"/Return/ReturnData/IRS990/NoncashContributions",29197,29197,"2012v2.0, 2012v2.1, 2012v2.2, 2012v2.3, 2012v3.0"
"/Return/ReturnData/IRS990ScheduleJ/Form990ScheduleJPartIII/Explanation",29183,17295,"2012v2.0, 2012v2.1, 2012v2.2, 2012v2.3, 2012v3.0"
"/Return/ReturnData/IRS990/LicensedMoreThanOneState",29092,29092,"2012v2.0, 2012v2.1, 2012v2.2, 2012v2.3, 2012v3.0"
"/Return/ReturnData/IRS990ScheduleI/Form990ScheduleIPartIV/Identifier",28465,25623,"2012v2.0, 2012v2.1, 2012v2.2, 2012v2.3, 2012v3.0"
"/Return/ReturnData/IRS990/FiledLieu1041",28301,28301,"2012v2.0, 2012v2.1, 2012v2.2, 2012v2.3, 2012v3.0"
"/Return/ReturnData/IRS990ScheduleA/GrossReceiptsFromNonUBI",28043,28043,"2012v2.0, 2012v2.1, 2012v2.2, 2012v2.3, 2012v3.0"
"/Return/ReturnData/IRS990ScheduleA/GrossReceiptsFromNonUBI/Total",28041,28041,"2012v2.0, 2012v2.1, 2012v2.2, 2012v2.3, 2012v3.0"
"/Return/ReturnData/IRS990ScheduleD/NetUnrealizedGainsInvestments",27623,27623,"2012v2.0, 2012v2.1, 2012v2.2, 2012v2.3, 2012v3.0"
"/Return/ReturnData/IRS990/TotalOfOtherProgramServiceExp",27582,27582,"2012v2.0, 2012v2.1, 2012v2.2, 2012v2.3, 2012v3.0"
"/Return/ReturnData/IRS990ScheduleA/NetIncomeFromOtherUBI",27395,27395,"2012v2.0, 2012v2.1, 2012v2.2, 2012v2.3, 2012v3.0"
"/Return/ReturnData/IRS990ScheduleA/NetIncomeFromOtherUBI/Total",27395,27395,"2012v2.0, 2012v2.1, 2012v2.2, 2012v2.3, 2012v3.0"
"/Return/ReturnData/IRS990/Travel/Fundraising",27329,27329,"2012v2.0, 2012v2.1, 2012v2.2, 2012v2.3, 2012v3.0"
"/Return/ReturnData/IRS990EZ/GrantsAndSimilarAmountsPaid",27314,27314,"2012v2.0, 2012v2.1, 2012v2.2, 2012v2.3, 2012v3.0"
"/Return/ReturnData/IRS990EZ/LandAndBuildings",27310,27310,"2012v2.0, 2012v2.1, 2012v2.2, 2012v2.3, 2012v3.0"
"/Return/ReturnData/IRS990/GrossRents",27246,27246,"2012v2.0, 2012v2.1, 2012v2.2, 2012v2.3, 2012v3.0"
"/Return/ReturnData/IRS990ScheduleJ/Form990ScheduleJPartIII/ReturnReference",27227,16299,"2012v2.0, 2012v2.1, 2012v2.2, 2012v2.3, 2012v3.0"
"/Return/ReturnData/IRS990EZ/GroProfitLossSalesOfInventory",27001,27001,"2012v2.0, 2012v2.1, 2012v2.2, 2012v2.3, 2012v3.0"
"/Return/ReturnData/IRS990EZ/LandAndBuildings/EOY",26935,26935,"2012v2.0, 2012v2.1, 2012v2.2, 2012v2.3, 2012v3.0"
"/Return/ReturnData/IRS990EZ/LandAndBuildings/BOY",26832,26832,"2012v2.0, 2012v2.1, 2012v2.2, 2012v2.3, 2012v3.0"
"/Return/ReturnData/IRS990ScheduleG/EventsInformation/OtherDirectExpensesEvent2",26513,26513,"2012v2.0, 2012v2.1, 2012v2.2, 2012v2.3, 2012v3.0"
"/Return/ReturnData/IRS990ScheduleL/Form990ScheduleLPartIV/AmountOfTransaction",26455,13701,"2012v2.0, 2012v2.1, 2012v2.2, 2012v2.3, 2012v3.0"
"/Return/ReturnData/IRS990/GrossRents/Real",26363,26363,"2012v2.0, 2012v2.1, 2012v2.2, 2012v2.3, 2012v3.0"
"/Return/ReturnData/IRS990ScheduleD/CurrentYearMinus3Years",26328,26328,"2012v2.0, 2012v2.1, 2012v2.2, 2012v2.3, 2012v3.0"
"/Return/ReturnData/IRS990ScheduleA/SupportedOrgInformation",26310,14021,"2012v2.0, 2012v2.1, 2012v2.2, 2012v2.3, 2012v3.0"
"/Return/ReturnData/IRS990ScheduleA/SupportedOrgInformation/Amount",26310,14021,"2012v2.0, 2012v2.1, 2012v2.2, 2012v2.3, 2012v3.0"
"/Return/ReturnData/IRS990ScheduleA/SupportedOrgInformation/EIN",26310,14021,"2012v2.0, 2012v2.1, 2012v2.2, 2012v2.3, 2012v3.0"
"/Return/ReturnData/IRS990ScheduleA/SupportedOrgInformation/ListedInGoverningDoc",26310,14021,"2012v2.0, 2012v2.1, 2012v2.2, 2012v2.3, 2012v3.0"
"/Return/ReturnData/IRS990ScheduleA/SupportedOrgInformation/Name",26310,14021,"2012v2.0, 2012v2.1, 2012v2.2, 2012v2.3, 2012v3.0"
"/Return/ReturnData/IRS990ScheduleA/SupportedOrgInformation/Name/BusinessNameLine1",26310,14021,"2012v2.0, 2012v2.1, 2012v2.2, 2012v2.3, 2012v3.0"
"/Return/ReturnData/IRS990ScheduleA/SupportedOrgInformation/TypeOfOrganization",26310,14021,"2012v2.0, 2012v2.1, 2012v2.2, 2012v2.3, 2012v3.0"
"/Return/ReturnData/IRS990ScheduleD/TotalBookValueOtherAssets",26290,26290,"2012v2.0, 2012v2.1, 2012v2.2, 2012v2.3, 2012v3.0"
"/Return/ReturnData/IRS990/Activity2/Revenue",26023,26023,"2012v2.0, 2012v2.1, 2012v2.2, 2012v2.3, 2012v3.0"
"/Return/ReturnData/IRS990EZ/DirectIndirectPoliticalExpend",25981,25981,"2012v2.0, 2012v2.1, 2012v2.2, 2012v2.3, 2012v3.0"
"/Return/ReturnData/IRS990EZ/OtherRevenueTotal",25706,25706,"2012v2.0, 2012v2.1, 2012v2.2, 2012v2.3, 2012v3.0"
"/Return/ReturnData/IRS990/Advertising/Fundraising",25675,25675,"2012v2.0, 2012v2.1, 2012v2.2, 2012v2.3, 2012v3.0"
"/Return/ReturnData/IRS990/InfoInScheduleOPartIX",25585,25585,"2012v2.0, 2012v2.1, 2012v2.2, 2012v2.3, 2012v3.0"
"/Return/ReturnData/IRS990ScheduleJ/BoardOrCommitteeApproval",25518,25518,"2012v2.0, 2012v2.1, 2012v2.2, 2012v2.3, 2012v3.0"
"/Return/ReturnData/IRS990/GainOrLoss/Other",25498,25498,"2012v2.0, 2012v2.1, 2012v2.2, 2012v2.3, 2012v3.0"
"/Return/ReturnData/IRS990ScheduleF/AcctsActvsOutUSTable",25336,6933,"2012v2.0, 2012v2.1, 2012v2.2, 2012v2.3, 2012v3.0"
"/Return/ReturnData/IRS990ScheduleA/Post1975UBTI",25247,25247,"2012v2.0, 2012v2.1, 2012v2.2, 2012v2.3, 2012v3.0"
"/Return/ReturnData/IRS990ScheduleA/Post1975UBTI/Total",25247,25247,"2012v2.0, 2012v2.1, 2012v2.2, 2012v2.3, 2012v3.0"
"/Return/ReturnData/IRS990ScheduleA/OtherIncome170/CurrentTaxYear",25241,25241,"2012v2.0, 2012v2.1, 2012v2.2, 2012v2.3, 2012v3.0"
"/Return/ReturnData/IRS990ScheduleF/AcctsActvsOutUSTable/Region",25163,6925,"2012v2.0, 2012v2.1, 2012v2.2, 2012v2.3, 2012v3.0"
"/Return/ReturnData/IRS990ScheduleF/AcctsActvsOutUSTable/TypeOfActivitiesConducted",25087,6883,"2012v2.0, 2012v2.1, 2012v2.2, 2012v2.3, 2012v3.0"
"/Return/ReturnData/IRS990/Insurance/Fundraising",25076,25076,"2012v2.0, 2012v2.1, 2012v2.2, 2012v2.3, 2012v3.0"
"/Return/ReturnData/IRS990ScheduleG/EventsInformation/CharitableContributionsTotal",25047,25047,"2012v2.0, 2012v2.1, 2012v2.2, 2012v2.3, 2012v3.0"
"/Return/ReturnData/IRS990/DepreciationDepletion/Fundraising",24983,24983,"2012v2.0, 2012v2.1, 2012v2.2, 2012v2.3, 2012v3.0"
"/Return/ReturnData/IRS990/OtherWebsite",24977,24977,"2012v2.0, 2012v2.1, 2012v2.2, 2012v2.3, 2012v3.0"
"/Return/ReturnData/IRS990ScheduleA/OtherIncome170/CurrentTaxYearMinus1Year",24976,24976,"2012v2.0, 2012v2.1, 2012v2.2, 2012v2.3, 2012v3.0"
"/Return/ReturnData/IRS990/FeesForServicesLegal/ProgramServices",24934,24934,"2012v2.0, 2012v2.1, 2012v2.2, 2012v2.3, 2012v3.0"
"/Return/ReturnData/IRS990EZ/Organization501c",24791,24791,"2012v2.0, 2012v2.1, 2012v2.2, 2012v2.3, 2012v3.0"
"/Return/ReturnData/IRS990ScheduleD/OtherExpensesIncluded",24770,24770,"2012v2.0, 2012v2.1, 2012v2.2, 2012v2.3, 2012v3.0"
"/Return/ReturnData/IRS990/GrantsToDomesticIndividuals/ProgramServices",24577,24577,"2012v2.0, 2012v2.1, 2012v2.2, 2012v2.3, 2012v3.0"
"/Return/ReturnData/IRS990ScheduleA/OtherIncome170/CurrentTaxYearMinus2Years",24487,24487,"2012v2.0, 2012v2.1, 2012v2.2, 2012v2.3, 2012v3.0"
"/Return/ReturnData/CompensationExplanation",24424,24397,"2012v2.0, 2012v2.1, 2012v2.2, 2012v2.3, 2012v3.0"
"/Return/ReturnData/IRS990EZ/InitiationFeesAndCapitalContri",24326,24326,"2012v2.0, 2012v2.1, 2012v2.2, 2012v2.3, 2012v3.0"
"/Return/ReturnData/IRS990EZ/GrossReceiptsForPublicUse",24221,24221,"2012v2.0, 2012v2.1, 2012v2.2, 2012v2.3, 2012v3.0"
"/Return/ReturnData/IRS990ScheduleF/AcctsActvsOutUSTable/TotalExpenditures",24156,6607,"2012v2.0, 2012v2.1, 2012v2.2, 2012v2.3, 2012v3.0"
"/Return/ReturnData/IRS990/GrossSalesOfInventory",24124,24124,"2012v2.0, 2012v2.1, 2012v2.2, 2012v2.3, 2012v3.0"
"/Return/ReturnData/IRS990ScheduleG/EventsInformation/CharitableContributionsEvent1",24084,24084,"2012v2.0, 2012v2.1, 2012v2.2, 2012v2.3, 2012v3.0"
"/Return/ReturnData/IRS990ScheduleA/NetUBI",24057,24057,"2012v2.0, 2012v2.1, 2012v2.2, 2012v2.3, 2012v3.0"
"/Return/ReturnData/IRS990ScheduleA/NetUBI/Total",24054,24054,"2012v2.0, 2012v2.1, 2012v2.2, 2012v2.3, 2012v3.0"
"/Return/ReturnData/IRS990ScheduleD/EndowmentsHeldByUnrelatedOrgs",23995,23995,"2012v2.0, 2012v2.1, 2012v2.2, 2012v2.3, 2012v3.0"
"/Return/ReturnData/IRS990ScheduleL",23953,23953,"2012v2.0, 2012v2.1, 2012v2.2, 2012v2.3, 2012v3.0"
"/Return/ReturnData/IRS990ScheduleA/SupportedOrgInformation/OrganizedInUS",23951,12783,"2012v2.0, 2012v2.1, 2012v2.2, 2012v2.3, 2012v3.0"
"/Return/ReturnData/IRS990ScheduleD/EndowmentsHeldByRelatedOrgs",23900,23900,"2012v2.0, 2012v2.1, 2012v2.2, 2012v2.3, 2012v3.0"
"/Return/ReturnData/IRS990ScheduleD/CurrentYear",23720,23720,"2012v2.0, 2012v2.1, 2012v2.2, 2012v2.3, 2012v3.0"
"/Return/ReturnData/IRS990ScheduleD/OtherRevenues",23656,23656,"2012v2.0, 2012v2.1, 2012v2.2, 2012v2.3, 2012v3.0"
"/Return/ReturnData/IRS990EZ/TaxImposedUnderIRC4911",23521,23521,"2012v2.0, 2012v2.1, 2012v2.2, 2012v2.3, 2012v3.0"
"/Return/ReturnData/IRS990ScheduleM/OtherNonCashContributionsTable",23489,10772,"2012v2.0, 2012v2.1, 2012v2.2, 2012v2.3, 2012v3.0"
"/Return/ReturnData/IRS990EZ/TaxImposedUnderIRC4955",23485,23485,"2012v2.0, 2012v2.1, 2012v2.2, 2012v2.3, 2012v3.0"
"/Return/ReturnData/IRS990EZ/TaxImposedUnderIRC4912",23482,23482,"2012v2.0, 2012v2.1, 2012v2.2, 2012v2.3, 2012v3.0"
"/Return/ReturnData/IRS990ScheduleD/CurrentYear/EndOfYearBalance",23453,23453,"2012v2.0, 2012v2.1, 2012v2.2, 2012v2.3, 2012v3.0"
"/Return/ReturnData/IRS990ScheduleL/Form990ScheduleLPartIV/NameOfInterestedPerson/NamePerson",23370,11193,"2012v2.0, 2012v2.1, 2012v2.2, 2012v2.3, 2012v3.0"
"/Return/ReturnData/IRS990/OtherNotesLoansReceivableNet/BOY",23357,23357,"2012v2.0, 2012v2.1, 2012v2.2, 2012v2.3, 2012v3.0"
"/Return/ReturnData/IRS990ScheduleD/CurrentYear/BeginningOfYearBalance",23326,23326,"2012v2.0, 2012v2.1, 2012v2.2, 2012v2.3, 2012v3.0"
"/Return/ReturnData/IRS990ScheduleD/CurrentYearMinus1Year",23272,23272,"2012v2.0, 2012v2.1, 2012v2.2, 2012v2.3, 2012v3.0"
"/Return/ReturnData/IRS990ScheduleA/SupportedOrgInformation/SupportedOrganizationNotified",23225,12473,"2012v2.0, 2012v2.1, 2012v2.2, 2012v2.3, 2012v3.0"
"/Return/ReturnData/IRS990ScheduleA/OtherIncome170/CurrentTaxYearMinus3Years",23221,23221,"2012v2.0, 2012v2.1, 2012v2.2, 2012v2.3, 2012v3.0"
"/Return/ReturnData/IRS990ScheduleD/CurrentYearMinus4Years",23211,23211,"2012v2.0, 2012v2.1, 2012v2.2, 2012v2.3, 2012v3.0"
"/Return/ReturnData/IRS990ScheduleD/CurrentYearMinus1Year/EndOfYearBalance",23131,23131,"2012v2.0, 2012v2.1, 2012v2.2, 2012v2.3, 2012v3.0"
"/Return/ReturnData/IRS990ScheduleM/OtherNonCashContributionsTable/NoncashContribsRptdF990",23073,10616,"2012v2.0, 2012v2.1, 2012v2.2, 2012v2.3, 2012v3.0"
"/Return/ReturnData/IRS990/CostOfGoodsSold",22856,22856,"2012v2.0, 2012v2.1, 2012v2.2, 2012v2.3, 2012v3.0"
"/Return/ReturnData/IRS990EZ/OrganizationFiled990T",22844,22844,"2012v2.0, 2012v2.1, 2012v2.2, 2012v2.3, 2012v3.0"
"/Return/ReturnData/IRS990ScheduleC",22805,22805,"2012v2.0, 2012v2.1, 2012v2.2, 2012v2.3, 2012v3.0"
"/Return/ReturnData/IRS990/FeesForServicesOther/Fundraising",22788,22788,"2012v2.0, 2012v2.1, 2012v2.2, 2012v2.3, 2012v3.0"
"/Return/ReturnData/IRS990ScheduleM/OtherNonCashContributionsTable/NonCashCheckbox",22730,10444,"2012v2.0, 2012v2.1, 2012v2.2, 2012v2.3, 2012v3.0"
"/Return/ReturnData/IRS990ScheduleD/CurrentYearMinus1Year/BeginningOfYearBalance",22707,22707,"2012v2.0, 2012v2.1, 2012v2.2, 2012v2.3, 2012v3.0"
"/Return/ReturnData/IRS990ScheduleD/CurrentYearMinus2Years",22586,22586,"2012v2.0, 2012v2.1, 2012v2.2, 2012v2.3, 2012v3.0"
"/Return/ReturnData/IRS990ScheduleM/OtherNonCashContributionsTable/Description",22572,10029,"2012v2.0, 2012v2.1, 2012v2.2, 2012v2.3, 2012v3.0"
"/Return/ReturnData/IRS990EZ/TheBooksAreInCareOf/NameBusiness",22505,22505,"2012v2.0, 2012v2.1, 2012v2.2, 2012v2.3, 2012v3.0"
"/Return/ReturnData/IRS990EZ/TheBooksAreInCareOf/NameBusiness/BusinessNameLine1",22505,22505,"2012v2.0, 2012v2.1, 2012v2.2, 2012v2.3, 2012v3.0"
"/Return/ReturnData/IRS990EZ/Form720Filed",22430,22430,"2012v2.0, 2012v2.1, 2012v2.2, 2012v2.3, 2012v3.0"
"/Return/ReturnData/IRS990ScheduleD/CurrentYearMinus2Years/EndOfYearBalance",22416,22416,"2012v2.0, 2012v2.1, 2012v2.2, 2012v2.3, 2012v3.0"
"/Return/ReturnData/IRS990EZ/GainOrLossFromSaleOfAssets",22360,22360,"2012v2.0, 2012v2.1, 2012v2.2, 2012v2.3, 2012v3.0"
"/Return/ReturnData/IRS990/NumberOf8282Filed",22345,22345,"2012v2.0, 2012v2.1, 2012v2.2, 2012v2.3, 2012v3.0"
"/Return/ReturnData/IRS990ScheduleM/OtherNonCashContributionsTable/NumberOfContributions",22216,10180,"2012v2.0, 2012v2.1, 2012v2.2, 2012v2.3, 2012v3.0"
"/Return/ReturnData/IRS990ScheduleA/ValueSrvcFcltsFurnishedByGovt",22120,22120,"2012v2.0, 2012v2.1, 2012v2.2, 2012v2.3, 2012v3.0"
"/Return/ReturnData/IRS990ScheduleA/ValueSrvcFcltsFurnishedByGovt/Total",22114,22114,"2012v2.0, 2012v2.1, 2012v2.2, 2012v2.3, 2012v3.0"
"/Return/ReturnData/IRS990ScheduleG/EventsInformation/FoodAndBeverageTotalEvents",21987,21987,"2012v2.0, 2012v2.1, 2012v2.2, 2012v2.3, 2012v3.0"
"/Return/ReturnData/IRS990ScheduleD/CurrentYearMinus2Years/BeginningOfYearBalance",21959,21959,"2012v2.0, 2012v2.1, 2012v2.2, 2012v2.3, 2012v3.0"
"/Return/ReturnData/IRS990ScheduleA/OtherIncome170/CurrentTaxYearMinus4Years",21682,21682,"2012v2.0, 2012v2.1, 2012v2.2, 2012v2.3, 2012v3.0"
"/Return/ReturnData/IRS990ScheduleI/Form990ScheduleIPartIV/ReturnReference",21546,20871,"2012v2.0, 2012v2.1, 2012v2.2, 2012v2.3, 2012v3.0"
"/Return/ReturnData/IRS990ScheduleH/Form990ScheduleHPartVI/Identifier",21501,2379,"2012v2.0, 2012v2.1, 2012v2.2, 2012v2.3, 2012v3.0"
"/Return/ReturnData/IRS990ScheduleR/Form990ScheduleRPartIV/PercentageOwnership",21494,5764,"2012v2.0, 2012v2.1, 2012v2.2, 2012v2.3, 2012v3.0"
"/Return/ReturnData/IRS990ScheduleA/TaxRevLeviedForOrgBenefit170",21442,21442,"2012v2.0, 2012v2.1, 2012v2.2, 2012v2.3, 2012v3.0"
"/Return/ReturnData/IRS990ScheduleA/TaxRevLeviedForOrgBenefit170/Total",21441,21441,"2012v2.0, 2012v2.1, 2012v2.2, 2012v2.3, 2012v3.0"
"/Return/ReturnData/IRS990ScheduleD/CurrentYearMinus3Years/EndOfYearBalance",21188,21188,"2012v2.0, 2012v2.1, 2012v2.2, 2012v2.3, 2012v3.0"
"/Return/ReturnData/IRS990/FSAuditedBasis/FinancialStatementConsolidated",21124,21124,"2012v2.0, 2012v2.1, 2012v2.2, 2012v2.3, 2012v3.0"
"/Return/ReturnData/IRS990EZ/MethodOfAccountingAccrual",21053,21053,"2012v2.0, 2012v2.1, 2012v2.2, 2012v2.3, 2012v3.0"
"/Return/ReturnData/IRS990ScheduleM/OtherNonCashContributionsTable/MethodOfDeterminingRevenues",21018,9201,"2012v2.0, 2012v2.1, 2012v2.2, 2012v2.3, 2012v3.0"
"/Return/ReturnData/IRS990EZ/AmountOfTaxImposedOnOrgMgr",21011,21011,"2012v2.0, 2012v2.1, 2012v2.3, 2012v3.0"
"/Return/ReturnData/IRS990EZ/AmountOfTaxReimbursedByOrg",20997,20997,"2012v2.0, 2012v2.1, 2012v2.3, 2012v3.0"
"/Return/ReturnData/IRS990/CapStckTrstPrinCurrentFunds",20960,20960,"2012v2.0, 2012v2.1, 2012v2.2, 2012v2.3, 2012v3.0"
"/Return/ReturnData/IRS990ScheduleD/CurrentYearMinus3Years/BeginningOfYearBalance",20927,20927,"2012v2.0, 2012v2.1, 2012v2.2, 2012v2.3, 2012v3.0"
"/Return/ReturnData/IRS990/CapStckTrstPrinCurrentFunds/BOY",20894,20894,"2012v2.0, 2012v2.1, 2012v2.2, 2012v2.3, 2012v3.0"
"/Return/ReturnData/IRS990ScheduleG/EventsInformation/TotalNumberOfOtherEvents",20782,20782,"2012v2.0, 2012v2.1, 2012v2.2, 2012v2.3, 2012v3.0"
"/Return/ReturnData/IRS990/CapStckTrstPrinCurrentFunds/EOY",20780,20780,"2012v2.0, 2012v2.1, 2012v2.2, 2012v2.3, 2012v3.0"
"/Return/ReturnData/IRS990/FederalGrantAuditPerformed",20669,20669,"2012v2.0, 2012v2.1, 2012v2.2, 2012v2.3, 2012v3.0"
"/Return/ReturnData/IRS990/AccountantCompileOrReviewBasis",20618,20618,"2012v2.0, 2012v2.1, 2012v2.2, 2012v2.3, 2012v3.0"
"/Return/ReturnData/IRS990ScheduleA/ValueOfSvcsFcltsFurnishdByGovt",20523,20523,"2012v2.0, 2012v2.1, 2012v2.2, 2012v2.3, 2012v3.0"
"/Return/ReturnData/IRS990ScheduleA/ValueOfSvcsFcltsFurnishdByGovt/Total",20523,20523,"2012v2.0, 2012v2.1, 2012v2.2, 2012v2.3, 2012v3.0"
"/Return/ReturnData/IRS990ScheduleA/TaxRevLeviedForOrgBenefit509",20305,20305,"2012v2.0, 2012v2.1, 2012v2.2, 2012v2.3, 2012v3.0"
"/Return/ReturnData/IRS990ScheduleA/TaxRevLeviedForOrgBenefit509/Total",20305,20305,"2012v2.0, 2012v2.1, 2012v2.2, 2012v2.3, 2012v3.0"
"/Return/ReturnData/IRS990ScheduleR/Form990ScheduleRPartIII/PercentageOwnership",20160,2903,"2012v2.0, 2012v2.1, 2012v2.2, 2012v2.3, 2012v3.0"
"/Return/ReturnData/IRS990/UnsecuredNotesLoansPayable",20003,20003,"2012v2.0, 2012v2.1, 2012v2.2, 2012v2.3, 2012v3.0"
"/Return/ReturnData/IRS990ScheduleG/EventsInformation/RentFacilityCostsTotalEvents",19762,19762,"2012v2.0, 2012v2.1, 2012v2.2, 2012v2.3, 2012v3.0"
"/Return/ReturnData/IRS990ScheduleR/Form990ScheduleRPartIII/ShareOfEOYAssets",19755,2752,"2012v2.0, 2012v2.1, 2012v2.2, 2012v2.3, 2012v3.0"
"/Return/ReturnData/IRS990EZ/GamingGrossIncome",19636,19636,"2012v2.0, 2012v2.1, 2012v2.2, 2012v2.3, 2012v3.0"
"/Return/ReturnData/IRS990/LessRentalExpenses",19608,19608,"2012v2.0, 2012v2.1, 2012v2.2, 2012v2.3, 2012v3.0"
"/Return/ReturnData/IRS990ScheduleR/Form990ScheduleRPartIII/ShareOfTotalIncome",19579,2759,"2012v2.0, 2012v2.1, 2012v2.2, 2012v2.3, 2012v3.0"
"/Return/ReturnData/IRS990ScheduleI/TotalNbrOf501C3AndGovtGrants",19556,19556,"2012v2.0, 2012v2.1, 2012v2.2, 2012v2.3, 2012v3.0"
"/Return/ReturnData/IRS990ScheduleG/EventsInformation/FoodAndBeverageEvent1",19532,19532,"2012v2.0, 2012v2.1, 2012v2.2, 2012v2.3, 2012v3.0"
"/Return/ReturnData/IRS990ScheduleD/CurrentYear/InvestmentEarningsOrLosses",19515,19515,"2012v2.0, 2012v2.1, 2012v2.2, 2012v2.3, 2012v3.0"
"/Return/ReturnData/IRS990ScheduleG/EventsInformation/GrossReceiptsOtherEvents",19483,19483,"2012v2.0, 2012v2.1, 2012v2.2, 2012v2.3, 2012v3.0"
"/Return/ReturnData/TransferPrsnlBnftContractsDecl",19302,19302,"2012v2.0, 2012v2.1, 2012v2.2, 2012v3.0"
"/Return/ReturnData/TransferPrsnlBnftContractsDecl/Declaration",19302,19302,"2012v2.0, 2012v2.1, 2012v2.2, 2012v3.0"
"/Return/ReturnData/IRS990ScheduleD/CurrentYearMinus1Year/InvestmentEarningsOrLosses",19206,19206,"2012v2.0, 2012v2.1, 2012v2.2, 2012v2.3, 2012v3.0"
"/Return/ReturnData/IRS990ScheduleF/AcctsActvsOutUSTable/SpecificServicesProvided",19169,5504,"2012v2.0, 2012v2.1, 2012v2.2, 2012v2.3, 2012v3.0"
"/Return/ReturnData/IRS990/LessRentalExpenses/Real",19070,19070,"2012v2.0, 2012v2.1, 2012v2.2, 2012v2.3, 2012v3.0"
"/Return/ReturnData/IRS990ScheduleM",19064,19064,"2012v2.0, 2012v2.1, 2012v2.2, 2012v2.3, 2012v3.0"
"/Return/ReturnData/IRS990/FeesForServicesManagement/ManagementAndGeneral",19012,19012,"2012v2.0, 2012v2.1, 2012v2.2, 2012v2.3, 2012v3.0"
"/Return/ReturnData/IRS990/PaidInCapSrplsLandBldgEqpFund",18971,18971,"2012v2.0, 2012v2.1, 2012v2.2, 2012v2.3, 2012v3.0"
"/Return/ReturnData/IRS990/LessCostOthBasisSalesExpenses/Other",18909,18909,"2012v2.0, 2012v2.1, 2012v2.2, 2012v2.3, 2012v3.0"
"/Return/ReturnData/IRS990ScheduleM/ThirdPartiesUsed",18890,18890,"2012v2.0, 2012v2.1, 2012v2.2, 2012v2.3, 2012v3.0"
"/Return/ReturnData/IRS990/PaidInCapSrplsLandBldgEqpFund/BOY",18889,18889,"2012v2.0, 2012v2.1, 2012v2.2, 2012v2.3, 2012v3.0"
"/Return/ReturnData/IRS990ScheduleM/ReviewProcessUnusualNCGifts",18889,18889,"2012v2.0, 2012v2.1, 2012v2.2, 2012v2.3, 2012v3.0"
"/Return/ReturnData/IRS990/PaidInCapSrplsLandBldgEqpFund/EOY",18851,18851,"2012v2.0, 2012v2.1, 2012v2.2, 2012v2.3, 2012v3.0"
"/Return/ReturnData/IRS990/NetGainOrLossInvestments/RelatedOrExemptFunctionIncome",18847,18847,"2012v2.0, 2012v2.1, 2012v2.2, 2012v2.3, 2012v3.0"
"/Return/ReturnData/IRS990ScheduleM/AnyPropertyThatMustBeHeld",18806,18806,"2012v2.0, 2012v2.1, 2012v2.2, 2012v2.3, 2012v3.0"
"/Return/ReturnData/IRS990ScheduleD/CurrentYearMinus2Years/InvestmentEarningsOrLosses",18676,18676,"2012v2.0, 2012v2.1, 2012v2.2, 2012v2.3, 2012v3.0"
"/Return/ReturnData/IRS990ScheduleF/AcctsActvsOutUSTable/NumberOfEmployees",18658,5644,"2012v2.0, 2012v2.1, 2012v2.2, 2012v2.3, 2012v3.0"
"/Return/ReturnData/IRS990ScheduleR/Form990ScheduleRPartIV/ShareOfEOYAssets",18653,4592,"2012v2.0, 2012v2.1, 2012v2.2, 2012v2.3, 2012v3.0"
"/Return/ReturnData/IRS990ScheduleG/EventsInformation/GrossRevenueOtherEvents",18527,18527,"2012v2.0, 2012v2.1, 2012v2.2, 2012v2.3, 2012v3.0"
"/Return/ReturnData/IRS990ScheduleL/LoanTable",18465,8888,"2012v2.0, 2012v2.1, 2012v2.2, 2012v2.3, 2012v3.0"
"/Return/ReturnData/IRS990/UnsecuredNotesLoansPayable/EOY",18448,18448,"2012v2.0, 2012v2.1, 2012v2.2, 2012v2.3, 2012v3.0"
"/Return/ReturnData/IRS990ScheduleL/LoanTable/Default",18375,8868,"2012v2.0, 2012v2.1, 2012v2.2, 2012v2.3, 2012v3.0"
"/Return/ReturnData/IRS990ScheduleL/LoanTable/ApprovedByBoard",18367,8860,"2012v2.0, 2012v2.1, 2012v2.2, 2012v2.3, 2012v3.0"
"/Return/ReturnData/IRS990ScheduleL/LoanTable/WrittenAgreement",18328,8840,"2012v2.0, 2012v2.1, 2012v2.2, 2012v2.3, 2012v3.0"
"/Return/ReturnData/IRS990/ConferencesMeetings/Fundraising",18286,18286,"2012v2.0, 2012v2.1, 2012v2.2, 2012v2.3, 2012v3.0"
"/Return/ReturnData/IRS990/FeesForServicesAccounting/Fundraising",18220,18220,"2012v2.0, 2012v2.1, 2012v2.2, 2012v2.3, 2012v3.0"
"/Return/ReturnData/IRS990ScheduleR/Form990ScheduleRPartIV/ShareOfTotalIncome",18206,4392,"2012v2.0, 2012v2.1, 2012v2.2, 2012v2.3, 2012v3.0"
"/Return/ReturnData/IRS990/UnsecuredNotesLoansPayable/BOY",18199,18199,"2012v2.0, 2012v2.1, 2012v2.2, 2012v2.3, 2012v3.0"
"/Return/ReturnData/IRS990/Activity3/Revenue",18035,18035,"2012v2.0, 2012v2.1, 2012v2.2, 2012v2.3, 2012v3.0"
"/Return/ReturnData/IRS990ScheduleD/CurrentYearMinus4Years/EndOfYearBalance",18012,18012,"2012v2.0, 2012v2.1, 2012v2.2, 2012v2.3, 2012v3.0"
"/Return/ReturnData/IRS990ScheduleF/AcctsActvsOutUSTable/NumberOfOffices",17977,5501,"2012v2.0, 2012v2.1, 2012v2.2, 2012v2.3, 2012v3.0"
"/Return/ReturnData/IRS990/QuidProQuoDisclosure",17889,17889,"2012v2.0, 2012v2.1, 2012v2.2, 2012v2.3, 2012v3.0"
"/Return/ReturnData/IRS990ScheduleD/CurrentYearMinus3Years/InvestmentEarningsOrLosses",17720,17720,"2012v2.0, 2012v2.1, 2012v2.2, 2012v2.3, 2012v3.0"
"/Return/ReturnData/IRS990/ProgramServiceRevenue/ExclusionAmount",17714,9563,"2012v2.0, 2012v2.1, 2012v2.2, 2012v2.3, 2012v3.0"
"/Return/ReturnData/IRS990/FeesForServicesInvstMgmntFees/ManagementAndGeneral",17565,17565,"2012v2.0, 2012v2.1, 2012v2.2, 2012v2.3, 2012v3.0"
"/Return/ReturnData/IRS990/AccountantCompileOrReviewBasis/FinancialStatementSeparate",17537,17537,"2012v2.0, 2012v2.1, 2012v2.2, 2012v2.3, 2012v3.0"
"/Return/ReturnData/IRS990ScheduleL/LoanTable/BalanceDue",17491,8451,"2012v2.0, 2012v2.1, 2012v2.2, 2012v2.3, 2012v3.0"
"/Return/ReturnData/IRS990ScheduleL/LoanTable/OriginalPrincipalAmount",17465,8445,"2012v2.0, 2012v2.1, 2012v2.2, 2012v2.3, 2012v3.0"
"/Return/ReturnData/IRS990ScheduleG/EventsInformation/RentFacilityCostsEvent1",17446,17446,"2012v2.0, 2012v2.1, 2012v2.2, 2012v2.3, 2012v3.0"
"/Return/ReturnData/IRS990ScheduleD/CurrentYearMinus4Years/BeginningOfYearBalance",17372,17372,"2012v2.0, 2012v2.1, 2012v2.2, 2012v2.3, 2012v3.0"
"/Return/ReturnHeader/Filer/USAddress/AddressLine2",17326,17326,"2012v2.0, 2012v2.1, 2012v2.2, 2012v2.3, 2012v3.0"
"/Return/ReturnData/IRS990ScheduleJ/CompensationSurvey",17305,17305,"2012v2.0, 2012v2.1, 2012v2.2, 2012v2.3, 2012v3.0"
"/Return/ReturnData/IRS990/PensionPlanContributions/Fundraising",17093,17093,"2012v2.0, 2012v2.1, 2012v2.2, 2012v2.3, 2012v3.0"
"/Return/ReturnData/IRS990/GrossAmountSalesAssets/Other",17040,17040,"2012v2.0, 2012v2.1, 2012v2.2, 2012v2.3, 2012v3.0"
"/Return/ReturnData/IRS990/IntangibleAssets/BOY",17008,17008,"2012v2.0, 2012v2.1, 2012v2.2, 2012v2.3, 2012v3.0"
"/Return/ReturnData/IRS990ScheduleD/PermanentEndowmentEOYBalance",16869,16869,"2012v2.0, 2012v2.1, 2012v2.2, 2012v2.3, 2012v3.0"
"/Return/ReturnData/IRS990ScheduleL/LoanTable/PurposeOfLoan",16723,7960,"2012v2.0, 2012v2.1, 2012v2.2, 2012v2.3, 2012v3.0"
"/Return/ReturnData/IRS990EZ/RelatedOrgSection527Org",16627,16627,"2012v2.0, 2012v2.1, 2012v2.2, 2012v2.3, 2012v3.0"
"/Return/ReturnData/IRS990/ContractorCompensation/NameOfContractor/NamePerson",16431,6441,"2012v2.0, 2012v2.1, 2012v2.2, 2012v2.3, 2012v3.0"
"/Return/ReturnData/IRS990ScheduleG/EventsInformation/OtherDirectExpensesOtherEvents",16401,16401,"2012v2.0, 2012v2.1, 2012v2.2, 2012v2.3, 2012v3.0"
"/Return/ReturnData/IRS990ScheduleL/LoanTable/NamePerson",16313,7990,"2012v2.0, 2012v2.1, 2012v2.2, 2012v2.3, 2012v3.0"
"/Return/ReturnData/IRS990/NetIncomeOrLoss/RelatedOrExemptFunctionIncome",16241,16241,"2012v2.0, 2012v2.1, 2012v2.2, 2012v2.3, 2012v3.0"
"/Return/ReturnData/IRS990ScheduleA/OtherIncome509/CurrentTaxYear",16232,16232,"2012v2.0, 2012v2.1, 2012v2.2, 2012v2.3, 2012v3.0"
"/Return/ReturnData/IRS990ScheduleA/OtherIncome509/CurrentTaxYearMinus1Year",16211,16211,"2012v2.0, 2012v2.1, 2012v2.2, 2012v2.3, 2012v3.0"
"/Return/ReturnData/IRS990ScheduleJ/Form990ScheduleJPartIII/Identifier",16164,10121,"2012v2.0, 2012v2.1, 2012v2.2, 2012v2.3, 2012v3.0"
"/Return/ReturnData/IRS990EZ/GrossReceiptsLessThan25000",16068,16068,"2012v2.0, 2012v2.1, 2012v2.2, 2012v2.3, 2012v3.0"
"/Return/ReturnData/IRS990ScheduleD/DonatedSrvcAndUseOfFacilities",15921,15921,"2012v2.0, 2012v2.1, 2012v2.2, 2012v2.3, 2012v3.0"
"/Return/ReturnData/IRS990ScheduleR/Form990ScheduleRPartI",15871,5255,"2012v2.0, 2012v2.1, 2012v2.2, 2012v2.3, 2012v3.0"
"/Return/ReturnData/IRS990ScheduleR/Form990ScheduleRPartI/NameOfDisregardedEntity",15867,5255,"2012v2.0, 2012v2.1, 2012v2.2, 2012v2.3, 2012v3.0"
"/Return/ReturnData/IRS990ScheduleR/Form990ScheduleRPartI/NameOfDisregardedEntity/BusinessNameLine1",15867,5255,"2012v2.0, 2012v2.1, 2012v2.2, 2012v2.3, 2012v3.0"
"/Return/ReturnData/IRS990ScheduleA/OtherIncome509/CurrentTaxYearMinus2Years",15809,15809,"2012v2.0, 2012v2.1, 2012v2.2, 2012v2.3, 2012v3.0"
"/Return/ReturnData/IRS990ScheduleH/Form990ScheduleHPartVSectionC/OtherFacilities",15721,1470,"2012v2.0, 2012v2.1, 2012v2.2, 2012v2.3, 2012v3.0"
"/Return/ReturnData/IRS990ScheduleH/Form990ScheduleHPartVSectionC/OtherFacilities/Address",15721,1470,"2012v2.0, 2012v2.1, 2012v2.2, 2012v2.3, 2012v3.0"
"/Return/ReturnData/IRS990ScheduleH/Form990ScheduleHPartVSectionC/OtherFacilities/Address/AddressLine1",15721,1470,"2012v2.0, 2012v2.1, 2012v2.2, 2012v2.3, 2012v3.0"
"/Return/ReturnData/IRS990ScheduleH/Form990ScheduleHPartVSectionC/OtherFacilities/Address/City",15721,1470,"2012v2.0, 2012v2.1, 2012v2.2, 2012v2.3, 2012v3.0"
"/Return/ReturnData/IRS990ScheduleH/Form990ScheduleHPartVSectionC/OtherFacilities/Address/State",15721,1470,"2012v2.0, 2012v2.1, 2012v2.2, 2012v2.3, 2012v3.0"
"/Return/ReturnData/IRS990ScheduleH/Form990ScheduleHPartVSectionC/OtherFacilities/Address/ZIPCode",15721,1470,"2012v2.0, 2012v2.1, 2012v2.2, 2012v2.3, 2012v3.0"
"/Return/ReturnData/IRS990ScheduleH/Form990ScheduleHPartVSectionC/OtherFacilities/FacilityType",15721,1470,"2012v2.0, 2012v2.1, 2012v2.2, 2012v2.3, 2012v3.0"
"/Return/ReturnData/IRS990ScheduleH/Form990ScheduleHPartVSectionC/OtherFacilities/Name",15721,1470,"2012v2.0, 2012v2.1, 2012v2.2, 2012v2.3, 2012v3.0"
"/Return/ReturnData/IRS990ScheduleH/Form990ScheduleHPartVSectionC/OtherFacilities/Name/BusinessNameLine1",15721,1470,"2012v2.0, 2012v2.1, 2012v2.2, 2012v2.3, 2012v3.0"
"/Return/ReturnData/IRS990ScheduleG/AgreementRefFundraising",15678,15678,"2012v2.0, 2012v2.1, 2012v2.2, 2012v2.3, 2012v3.0"
"/Return/ReturnData/IRS990ScheduleR/Form990ScheduleRPartI/LegalDomicileState",15646,5183,"2012v2.0, 2012v2.1, 2012v2.2, 2012v2.3, 2012v3.0"
"/Return/ReturnData/IRS990ScheduleR/Form990ScheduleRPartI/AddressUS",15605,5157,"2012v2.0, 2012v2.1, 2012v2.2, 2012v2.3, 2012v3.0"
"/Return/ReturnData/IRS990ScheduleR/Form990ScheduleRPartI/AddressUS/AddressLine1",15605,5157,"2012v2.0, 2012v2.1, 2012v2.2, 2012v2.3, 2012v3.0"
"/Return/ReturnData/IRS990ScheduleR/Form990ScheduleRPartI/AddressUS/City",15605,5157,"2012v2.0, 2012v2.1, 2012v2.2, 2012v2.3, 2012v3.0"
"/Return/ReturnData/IRS990ScheduleR/Form990ScheduleRPartI/AddressUS/State",15605,5157,"2012v2.0, 2012v2.1, 2012v2.2, 2012v2.3, 2012v3.0"
"/Return/ReturnData/IRS990ScheduleR/Form990ScheduleRPartI/AddressUS/ZIPCode",15605,5157,"2012v2.0, 2012v2.1, 2012v2.2, 2012v2.3, 2012v3.0"
"/Return/ReturnData/IRS990ScheduleR/Form990ScheduleRPartI/PrimaryActivities",15555,5184,"2012v2.0, 2012v2.1, 2012v2.2, 2012v2.3, 2012v3.0"
"/Return/ReturnData/IRS990/TotalOthProgramServiceRevenue",15496,15496,"2012v2.0, 2012v2.1, 2012v2.2, 2012v2.3, 2012v3.0"
"/Return/ReturnData/IRS990/TotalOthProgramServiceRevenue/TotalRevenueColumn",15493,15493,"2012v2.0, 2012v2.1, 2012v2.2, 2012v2.3, 2012v3.0"
"/Return/ReturnData/IRS990/ProgramServiceRevenue/UnrelatedBusinessRevenue",15488,9504,"2012v2.0, 2012v2.1, 2012v2.2, 2012v2.3, 2012v3.0"
"/Return/ReturnData/IRS990/LoansFromOfficersDirectors",15317,15317,"2012v2.0, 2012v2.1, 2012v2.2, 2012v2.3, 2012v3.0"
"/Return/ReturnData/IRS990/InvestmentsProgramRelated/BOY",15257,15257,"2012v2.0, 2012v2.1, 2012v2.2, 2012v2.3, 2012v3.0"
"/Return/ReturnData/IRS990ScheduleD/DonatedServicesUseOfFacilities",15254,15254,"2012v2.0, 2012v2.1, 2012v2.2, 2012v2.3, 2012v3.0"
"/Return/ReturnData/IRS990ScheduleA/OtherIncome509/CurrentTaxYearMinus3Years",15212,15212,"2012v2.0, 2012v2.1, 2012v2.2, 2012v2.3, 2012v3.0"
"/Return/ReturnData/IRS990/NetRentalIncomeOrLoss/ExclusionAmount",15134,15134,"2012v2.0, 2012v2.1, 2012v2.2, 2012v2.3, 2012v3.0"
"/Return/ReturnData/IRS990ScheduleD/TotalOfBookValueSecurities",15065,15065,"2012v2.0, 2012v2.1, 2012v2.2, 2012v2.3, 2012v3.0"
"/Return/ReturnData/IRS990ScheduleH/Form990ScheduleHPartVI/ReturnReference",14975,1821,"2012v2.0, 2012v2.1, 2012v2.3, 2012v3.0"
"/Return/ReturnData/IRS990ScheduleE/Form990ScheduleEPartII",14905,9478,"2012v2.0, 2012v2.1, 2012v2.2, 2012v2.3, 2012v3.0"
"/Return/ReturnData/IRS990ScheduleE/Form990ScheduleEPartII/Explanation",14838,9472,"2012v2.0, 2012v2.1, 2012v2.2, 2012v2.3, 2012v3.0"
"/Return/ReturnData/IRS990ScheduleE/Form990ScheduleEPartII/Identifier",14832,9454,"2012v2.0, 2012v2.1, 2012v2.2, 2012v2.3, 2012v3.0"
"/Return/ReturnData/IRS990EZ/GrossSalesOfInventory",14820,14820,"2012v2.0, 2012v2.1, 2012v2.2, 2012v2.3, 2012v3.0"
"/Return/ReturnData/IRS990/TaxExemptBondLiabilities",14813,14813,"2012v2.0, 2012v2.1, 2012v2.2, 2012v2.3, 2012v3.0"
"/Return/ReturnData/IRS990ScheduleA/ContribByControllingIndividual",14782,14782,"2012v2.0, 2012v2.1, 2012v2.2, 2012v2.3, 2012v3.0"
"/Return/ReturnData/IRS990ScheduleA/ContributionByRelatedParty",14776,14776,"2012v2.0, 2012v2.1, 2012v2.2, 2012v2.3, 2012v3.0"
"/Return/ReturnData/IRS990ScheduleA/ContribBy35ControlledEntity",14772,14772,"2012v2.0, 2012v2.1, 2012v2.2, 2012v2.3, 2012v3.0"
"/Return/ReturnData/IRS990/ActivityOther/Revenue",14679,9703,"2012v2.0, 2012v2.1, 2012v2.3, 2012v3.0"
"/Return/ReturnData/IRS990ScheduleD/OtherRevenuesNotIncluded",14651,14651,"2012v2.0, 2012v2.1, 2012v2.2, 2012v2.3, 2012v3.0"
"/Return/ReturnData/IRS990/TaxExemptBondLiabilities/BOY",14631,14631,"2012v2.0, 2012v2.1, 2012v2.2, 2012v2.3, 2012v3.0"
"/Return/ReturnData/IRS990ScheduleA/OtherIncome509/CurrentTaxYearMinus4Years",14626,14626,"2012v2.0, 2012v2.1, 2012v2.2, 2012v2.3, 2012v3.0"
"/Return/ReturnData/IRS990/FeesForServicesManagement/ProgramServices",14563,14563,"2012v2.0, 2012v2.1, 2012v2.2, 2012v2.3, 2012v3.0"
"/Return/ReturnData/IRS990/TaxExemptBondLiabilities/EOY",14439,14439,"2012v2.0, 2012v2.1, 2012v2.2, 2012v2.3, 2012v3.0"
"/Return/ReturnData/IRS990/LoansFromOfficersDirectors/EOY",14432,14432,"2012v2.0, 2012v2.1, 2012v2.2, 2012v2.3, 2012v3.0"
"/Return/ReturnData/IRS990ScheduleD/CurrentYear/Contributions",14425,14425,"2012v2.0, 2012v2.1, 2012v2.2, 2012v2.3, 2012v3.0"
"/Return/ReturnData/IRS990/TotalOfOtherProgramServiceRev",14389,14389,"2012v2.0, 2012v2.1, 2012v2.2, 2012v2.3, 2012v3.0"
"/Return/ReturnData/IRS990/GrantsPayable",14365,14365,"2012v2.0, 2012v2.1, 2012v2.2, 2012v2.3, 2012v3.0"
"/Return/ReturnData/IRS990ScheduleD/CurrentYearMinus4Years/InvestmentEarningsOrLosses",14312,14312,"2012v2.0, 2012v2.1, 2012v2.2, 2012v2.3, 2012v3.0"
"/Return/ReturnData/IRS990ScheduleD/CurrentYearMinus1Year/Contributions",14242,14242,"2012v2.0, 2012v2.1, 2012v2.2, 2012v2.3, 2012v3.0"
"/Return/ReturnData/IRS990/ReconcilationPriorAdjustment",14237,14237,"2012v2.0, 2012v2.1, 2012v2.2, 2012v2.3, 2012v3.0"
"/Return/ReturnData/IRS990ScheduleD/CurrentYearMinus2Years/Contributions",14126,14126,"2012v2.0, 2012v2.1, 2012v2.2, 2012v2.3, 2012v3.0"
"/Return/ReturnData/IRS990/InformationTechnology/Fundraising",14089,14089,"2012v2.0, 2012v2.1, 2012v2.2, 2012v2.3, 2012v3.0"
"/Return/ReturnData/IRS990/RentalIncomeOrLoss/Personal",13955,13955,"2012v2.0, 2012v2.1, 2012v2.2, 2012v2.3, 2012v3.0"
"/Return/ReturnData/IRS990ScheduleI/TotalNbrOfOtherOrganizations",13953,13953,"2012v2.0, 2012v2.1, 2012v2.2, 2012v2.3, 2012v3.0"
"/Return/ReturnData/IRS990ScheduleA/SupportingOrganization509a3",13917,13917,"2012v2.0, 2012v2.1, 2012v2.2, 2012v2.3, 2012v3.0"
"/Return/ReturnData/IRS990ScheduleA/TotalNumberOfSupportedOrgs",13917,13917,"2012v2.0, 2012v2.1, 2012v2.2, 2012v2.3, 2012v3.0"
"/Return/ReturnData/IRS990ScheduleD/Equipment/InvestmentCostOrOtherBasis",13884,13884,"2012v2.0, 2012v2.1, 2012v2.2, 2012v2.3, 2012v3.0"
"/Return/ReturnData/IRS990ScheduleF/GrantsToOrgsOutsideUS/MethodOfValuation",13813,1052,"2012v2.0, 2012v2.1, 2012v2.2, 2012v2.3, 2012v3.0"
"/Return/ReturnData/IRS990/GrantsPayable/BOY",13759,13759,"2012v2.0, 2012v2.1, 2012v2.2, 2012v2.3, 2012v3.0"
"/Return/ReturnData/IRS990/LoansFromOfficersDirectors/BOY",13687,13687,"2012v2.0, 2012v2.1, 2012v2.2, 2012v2.3, 2012v3.0"
"/Return/ReturnData/IRS990/GrantsPayable/EOY",13668,13668,"2012v2.0, 2012v2.1, 2012v2.2, 2012v2.3, 2012v3.0"
"/Return/ReturnData/IRS990ScheduleJ/CompensationCommittee",13606,13606,"2012v2.0, 2012v2.1, 2012v2.2, 2012v2.3, 2012v3.0"
"/Return/ReturnData/IRS990ScheduleD/CurrentYearMinus3Years/Contributions",13539,13539,"2012v2.0, 2012v2.1, 2012v2.2, 2012v2.3, 2012v3.0"
"/Return/ReturnData/IRS990/EscrowAccountLiability",13498,13498,"2012v2.0, 2012v2.1, 2012v2.2, 2012v2.3, 2012v3.0"
"/Return/ReturnData/IRS990/TotalOthProgramServiceRevenue/RelatedOrExemptFunctionIncome",13198,13198,"2012v2.0, 2012v2.1, 2012v2.2, 2012v2.3, 2012v3.0"
"/Return/ReturnData/IRS990/EscrowAccountLiability/EOY",13168,13168,"2012v2.0, 2012v2.1, 2012v2.2, 2012v2.3, 2012v3.0"
"/Return/ReturnData/IRS990/EscrowAccountLiability/BOY",13148,13148,"2012v2.0, 2012v2.1, 2012v2.2, 2012v2.3, 2012v3.0"
"/Return/ReturnData/IRS990ScheduleR/Form990ScheduleRPartI/DirectControllingEntityName",13144,4012,"2012v2.0, 2012v2.1, 2012v2.2, 2012v2.3, 2012v3.0"
"/Return/ReturnData/IRS990ScheduleR/Form990ScheduleRPartI/DirectControllingEntityName/BusinessNameLine1",13144,4012,"2012v2.0, 2012v2.1, 2012v2.2, 2012v2.3, 2012v3.0"
"/Return/ReturnData/IRS990ScheduleG/EventsInformation/EntertainmentTotalEvents",12635,12635,"2012v2.0, 2012v2.1, 2012v2.2, 2012v2.3, 2012v3.0"
"/Return/ReturnData/IRS990/FederatedCampaigns",12455,12455,"2012v2.0, 2012v2.1, 2012v2.2, 2012v2.3, 2012v3.0"
"/Return/ReturnData/IRS990ScheduleD/BoardDesignatedEOYBalance",12264,12264,"2012v2.0, 2012v2.1, 2012v2.2, 2012v2.3, 2012v3.0"
"/Return/ReturnData/IRS990ScheduleA/SumOfAmounts",12253,12253,"2012v2.0, 2012v2.1, 2012v2.2, 2012v2.3, 2012v3.0"
"/Return/ReturnData/IRS990ScheduleI/RecipientTable/AddressUS/AddressLine2",12242,1818,"2012v2.0, 2012v2.1, 2012v2.2, 2012v2.3, 2012v3.0"
"/Return/ReturnData/IRS990ScheduleD/OtherExpensesNotIncluded",12238,12238,"2012v2.0, 2012v2.1, 2012v2.2, 2012v2.3, 2012v3.0"
"/Return/ReturnData/IRS990ScheduleR/Form990ScheduleRPartI/EIN",12220,4564,"2012v2.0, 2012v2.1, 2012v2.2, 2012v2.3, 2012v3.0"
"/Return/ReturnData/IRS990/RelatedOrganizations",12192,12192,"2012v2.0, 2012v2.1, 2012v2.2, 2012v2.3, 2012v3.0"
"/Return/ReturnData/IRS990ScheduleF/GrantsToOrgsOutsideUS/DescriptionOfNonCashAssistance",12190,659,"2012v2.0, 2012v2.1, 2012v2.2, 2012v2.3, 2012v3.0"
"/Return/ReturnData/IRS990ScheduleA/SupportFromDQPsEtc/CurrentTaxYearMinus4Years",12136,12136,"2012v2.0, 2012v2.1, 2012v2.2, 2012v2.3, 2012v3.0"
"/Return/ReturnData/IRS990/Activity2/Grants",12098,12098,"2012v2.0, 2012v2.1, 2012v2.2, 2012v2.3, 2012v3.0"
"/Return/ReturnData/IRS990ScheduleD/IncludedOnFS",12032,12032,"2012v2.0, 2012v2.1, 2012v2.2, 2012v2.3, 2012v3.0"
"/Return/ReturnData/IRS990ScheduleD/CurrentYearMinus4Years/Contributions",11938,11938,"2012v2.0, 2012v2.1, 2012v2.2, 2012v2.3, 2012v3.0"
"/Return/ReturnData/IRS990ScheduleL/LoanTable/RelationshipWithOrganization",11832,5502,"2012v2.0, 2012v2.1, 2012v2.2, 2012v2.3, 2012v3.0"
"/Return/ReturnData/IRS990ScheduleK/Form990ScheduleKPartI",11810,5856,"2012v2.0, 2012v2.1, 2012v2.2, 2012v2.3, 2012v3.0"
"/Return/ReturnData/IRS990ScheduleK/Form990ScheduleKPartI/BondReferenceCd",11810,5856,"2012v2.0, 2012v2.1, 2012v2.2, 2012v2.3, 2012v3.0"
"/Return/ReturnData/IRS990ScheduleK/Form990ScheduleKPartI/IssuerName",11803,5852,"2012v2.0, 2012v2.1, 2012v2.2, 2012v2.3, 2012v3.0"
"/Return/ReturnData/IRS990ScheduleK/Form990ScheduleKPartI/IssuerName/BusinessNameLine1",11803,5852,"2012v2.0, 2012v2.1, 2012v2.2, 2012v2.3, 2012v3.0"
"/Return/ReturnData/IRS990ScheduleA/SupportFromDQPsEtc/CurrentTaxYear",11798,11798,"2012v2.0, 2012v2.1, 2012v2.2, 2012v2.3, 2012v3.0"
"/Return/ReturnData/IRS990ScheduleK/Form990ScheduleKPartI/DateIssued",11785,5843,"2012v2.0, 2012v2.1, 2012v2.2, 2012v2.3, 2012v3.0"
"/Return/ReturnData/IRS990ScheduleK/Form990ScheduleKPartI/IssuePrice",11764,5830,"2012v2.0, 2012v2.1, 2012v2.2, 2012v2.3, 2012v3.0"
"/Return/ReturnData/IRS990ScheduleA/SupportFromDQPsEtc/CurrentTaxYearMinus1Year",11763,11763,"2012v2.0, 2012v2.1, 2012v2.2, 2012v2.3, 2012v3.0"
"/Return/ReturnData/IRS990ScheduleK/Form990ScheduleKPartI/Defeased",11748,5825,"2012v2.0, 2012v2.1, 2012v2.2, 2012v2.3, 2012v3.0"
"/Return/ReturnData/IRS990ScheduleK/Form990ScheduleKPartI/OnBehalfOfIssuer",11727,5811,"2012v2.0, 2012v2.1, 2012v2.2, 2012v2.3, 2012v3.0"
"/Return/ReturnData/IRS990ScheduleG/EventsInformation/CharitableContributionsEvent2",11723,11723,"2012v2.0, 2012v2.1, 2012v2.2, 2012v2.3, 2012v3.0"
"/Return/ReturnData/IRS990ScheduleD/CurrentYear/OtherExpenditures",11692,11692,"2012v2.0, 2012v2.1, 2012v2.2, 2012v2.3, 2012v3.0"
"/Return/ReturnData/IRS990ScheduleK/Form990ScheduleKPartI/DescriptionOfPurpose",11688,5782,"2012v2.0, 2012v2.1, 2012v2.2, 2012v2.3, 2012v3.0"
"/Return/ReturnData/IRS990ScheduleA/SupportFromDQPsEtc/CurrentTaxYearMinus3Years",11681,11681,"2012v2.0, 2012v2.1, 2012v2.2, 2012v2.3, 2012v3.0"
"/Return/ReturnData/IRS990ScheduleA/SupportFromDQPsEtc/CurrentTaxYearMinus2Years",11642,11642,"2012v2.0, 2012v2.1, 2012v2.2, 2012v2.3, 2012v3.0"
"/Return/ReturnData/IRS990ScheduleK/Form990ScheduleKPartII",11615,5761,"2012v2.0, 2012v2.1, 2012v2.2, 2012v2.3, 2012v3.0"
"/Return/ReturnData/IRS990ScheduleK/Form990ScheduleKPartII/BondReferenceCd",11615,5761,"2012v2.0, 2012v2.1, 2012v2.2, 2012v2.3, 2012v3.0"
"/Return/ReturnData/IRS990ScheduleK/Form990ScheduleKPartII/CurrentRefunding",11582,5746,"2012v2.0, 2012v2.1, 2012v2.2, 2012v2.3, 2012v3.0"
"/Return/ReturnData/IRS990ScheduleK/Form990ScheduleKPartII/AdvanceRefunding",11577,5746,"2012v2.0, 2012v2.1, 2012v2.2, 2012v2.3, 2012v3.0"
"/Return/ReturnData/IRS990ScheduleD/TermEndowmentEOYBalance",11566,11566,"2012v2.0, 2012v2.1, 2012v2.2, 2012v2.3, 2012v3.0"
"/Return/ReturnData/IRS990ScheduleK/Form990ScheduleKPartII/AdequateBooksAndRecdsMaintaind",11548,5738,"2012v2.0, 2012v2.1, 2012v2.2, 2012v2.3, 2012v3.0"
"/Return/ReturnData/IRS990ScheduleK/Form990ScheduleKPartII/FinalAllocationMade",11548,5719,"2012v2.0, 2012v2.1, 2012v2.2, 2012v2.3, 2012v3.0"
"/Return/ReturnData/IRS990/ReceivablesFromOfficersEtc/BOY",11481,11481,"2012v2.0, 2012v2.1, 2012v2.2, 2012v2.3, 2012v3.0"
"/Return/ReturnData/IRS990ScheduleK/Form990ScheduleKPartI/PoolFinancing",11475,5687,"2012v2.0, 2012v2.1, 2012v2.2, 2012v2.3, 2012v3.0"
"/Return/ReturnData/IRS990ScheduleK/Form990ScheduleKPartIV",11350,5612,"2012v2.0, 2012v2.1, 2012v2.2, 2012v2.3, 2012v3.0"
"/Return/ReturnData/IRS990ScheduleK/Form990ScheduleKPartIV/BondReferenceCd",11350,5612,"2012v2.0, 2012v2.1, 2012v2.2, 2012v2.3, 2012v3.0"
"/Return/ReturnData/IRS990ScheduleA/School170b1Aii",11348,11348,"2012v2.0, 2012v2.1, 2012v2.2, 2012v2.3, 2012v3.0"
"/Return/ReturnData/IRS990ScheduleD/CurrentYearMinus1Year/OtherExpenditures",11311,11311,"2012v2.0, 2012v2.1, 2012v2.2, 2012v2.3, 2012v3.0"
"/Return/ReturnData/IRS990ScheduleK/Form990ScheduleKPartIV/Form8038TFiled",11278,5567,"2012v2.0, 2012v2.1, 2012v2.2, 2012v2.3, 2012v3.0"
"/Return/ReturnData/IRS990ScheduleE",11263,11263,"2012v2.0, 2012v2.1, 2012v2.2, 2012v2.3, 2012v3.0"
"/Return/ReturnData/IRS990ScheduleK/Form990ScheduleKPartIV/HedgeIdentifiedInBooksAndRecds",11256,5569,"2012v2.0, 2012v2.1, 2012v2.2, 2012v2.3, 2012v3.0"
"/Return/ReturnData/IRS990ScheduleK/Form990ScheduleKPartIV/GrossProceedsInvestedInGIC",11238,5551,"2012v2.0, 2012v2.1, 2012v2.2, 2012v2.3, 2012v3.0"
"/Return/ReturnData/IRS990ScheduleE/Form990ScheduleEPartII/ReturnReference",11173,6963,"2012v2.0, 2012v2.1, 2012v2.2, 2012v2.3, 2012v3.0"
"/Return/ReturnData/IRS990ScheduleD/Buildings/InvestmentCostOrOtherBasis",11170,11170,"2012v2.0, 2012v2.1, 2012v2.2, 2012v2.3, 2012v3.0"
"/Return/ReturnData/IRS990ScheduleE/NondiscriminatoryPolicyStmt",11158,11158,"2012v2.0, 2012v2.1, 2012v2.2, 2012v2.3, 2012v3.0"
"/Return/ReturnData/IRS990ScheduleE/PolicyStatementInBrochuresEtc",11155,11155,"2012v2.0, 2012v2.1, 2012v2.2, 2012v2.3, 2012v3.0"
"/Return/ReturnData/IRS990ScheduleE/MaintCopiesOfBrochuresEtc",11143,11143,"2012v2.0, 2012v2.1, 2012v2.2, 2012v2.3, 2012v3.0"
"/Return/ReturnData/IRS990ScheduleE/PolicyPublViaBroadcastMedia",11143,11143,"2012v2.0, 2012v2.1, 2012v2.2, 2012v2.3, 2012v3.0"
"/Return/ReturnData/IRS990ScheduleE/MaintRacialCompositionRecords",11141,11141,"2012v2.0, 2012v2.1, 2012v2.2, 2012v2.3, 2012v3.0"
"/Return/ReturnData/IRS990ScheduleE/MaintCopiesOfAllSolicitations",11139,11139,"2012v2.0, 2012v2.1, 2012v2.2, 2012v2.3, 2012v3.0"
"/Return/ReturnData/IRS990ScheduleE/ComplianceWithRevProc7550",11136,11136,"2012v2.0, 2012v2.1, 2012v2.2, 2012v2.3, 2012v3.0"
"/Return/ReturnData/IRS990ScheduleE/MaintScholarshipsRecords",11132,11132,"2012v2.0, 2012v2.1, 2012v2.2, 2012v2.3, 2012v3.0"
"/Return/ReturnData/IRS990ScheduleE/DiscriminateRaceStudentsRights",11125,11125,"2012v2.0, 2012v2.1, 2012v2.2, 2012v2.3, 2012v3.0"
"/Return/ReturnData/IRS990ScheduleE/DiscriminateRaceEmplmnFaculty",11124,11124,"2012v2.0, 2012v2.1, 2012v2.2, 2012v2.3, 2012v3.0"
"/Return/ReturnData/IRS990ScheduleE/GovernmentFinancialAidReceived",11124,11124,"2012v2.0, 2012v2.1, 2012v2.2, 2012v2.3, 2012v3.0"
"/Return/ReturnData/IRS990ScheduleE/DiscriminateRaceEducPolicies",11123,11123,"2012v2.0, 2012v2.1, 2012v2.2, 2012v2.3, 2012v3.0"
"/Return/ReturnData/IRS990ScheduleE/DiscriminateRaceAdmissPolicies",11122,11122,"2012v2.0, 2012v2.1, 2012v2.2, 2012v2.3, 2012v3.0"
"/Return/ReturnData/IRS990ScheduleE/DiscriminateRaceScholarships",11121,11121,"2012v2.0, 2012v2.1, 2012v2.2, 2012v2.3, 2012v3.0"
"/Return/ReturnData/IRS990ScheduleE/DiscriminateRaceUseOfFclts",11121,11121,"2012v2.0, 2012v2.1, 2012v2.2, 2012v2.3, 2012v3.0"
"/Return/ReturnData/IRS990ScheduleK/Form990ScheduleKPartIV/GrossProceedsInvested",11121,5493,"2012v2.0, 2012v2.1, 2012v2.2, 2012v2.3, 2012v3.0"
"/Return/ReturnData/IRS990ScheduleE/DiscriminateRaceAthleticProg",11115,11115,"2012v2.0, 2012v2.1, 2012v2.2, 2012v2.3, 2012v3.0"
"/Return/ReturnData/IRS990ScheduleK/Form990ScheduleKPartIII",11110,5525,"2012v2.0, 2012v2.1, 2012v2.2, 2012v2.3, 2012v3.0"
"/Return/ReturnData/IRS990ScheduleK/Form990ScheduleKPartIII/BondReferenceCd",11110,5525,"2012v2.0, 2012v2.1, 2012v2.2, 2012v2.3, 2012v3.0"
"/Return/ReturnData/IRS990ScheduleE/DiscriminateRaceOtherActy",11109,11109,"2012v2.0, 2012v2.1, 2012v2.2, 2012v2.3, 2012v3.0"
"/Return/ReturnData/IRS990ScheduleK/Form990ScheduleKPartI/IssuerEIN",11087,5408,"2012v2.0, 2012v2.1, 2012v2.2, 2012v2.3, 2012v3.0"
"/Return/ReturnData/IRS990ScheduleE/GovernmentFinancialAidRevoked",11073,11073,"2012v2.0, 2012v2.1, 2012v2.2, 2012v2.3, 2012v3.0"
"/Return/ReturnData/IRS990ScheduleK/Form990ScheduleKPartIV/WrittenProcToMonitorReqs",11057,5454,"2012v2.0, 2012v2.1, 2012v2.2, 2012v2.3, 2012v3.0"
"/Return/ReturnData/IRS990ScheduleI/Form990ScheduleIPartIII/MethodOfValuation",11021,5933,"2012v2.0, 2012v2.1, 2012v2.2, 2012v2.3, 2012v3.0"
"/Return/ReturnData/IRS990ScheduleJ/WrittenEmploymentContract",10994,10994,"2012v2.0, 2012v2.1, 2012v2.2, 2012v2.3, 2012v3.0"
"/Return/ReturnData/IRS990/OwnWebsite",10860,10860,"2012v2.0, 2012v2.1, 2012v2.2, 2012v2.3, 2012v3.0"
"/Return/ReturnData/IRS990ScheduleD/CurrentYearMinus2Years/OtherExpenditures",10850,10850,"2012v2.0, 2012v2.1, 2012v2.2, 2012v2.3, 2012v3.0"
"/Return/ReturnData/IRS990ScheduleK/Form990ScheduleKPartIII/OwningBondFinancedProperty",10820,5460,"2012v2.0, 2012v2.1, 2012v2.2, 2012v2.3, 2012v3.0"
"/Return/ReturnData/IRS990ScheduleK/Form990ScheduleKPartIII/AnyLeaseArrangements",10812,5455,"2012v2.0, 2012v2.1, 2012v2.2, 2012v2.3, 2012v3.0"
"/Return/ReturnData/IRS990ScheduleK/Form990ScheduleKPartIII/MngmentCntrctBondFinancdPrprty",10791,5445,"2012v2.0, 2012v2.1, 2012v2.2, 2012v2.3, 2012v3.0"
"/Return/ReturnData/IRS990ScheduleC/SubstantiallyAllDuesNondeduct",10788,10788,"2012v2.0, 2012v2.1, 2012v2.2, 2012v2.3, 2012v3.0"
"/Return/ReturnData/IRS990ScheduleK/Form990ScheduleKPartIII/AnyResearchAgreements",10778,5433,"2012v2.0, 2012v2.1, 2012v2.2, 2012v2.3, 2012v3.0"
"/Return/ReturnData/IRS990ScheduleK/Form990ScheduleKPartIV/VariableRateIssue",10756,5268,"2012v2.0, 2012v2.1, 2012v2.2, 2012v2.3, 2012v3.0"
"/Return/ReturnData/IRS990ScheduleC/OnlyInHouseLobbying",10746,10746,"2012v2.0, 2012v2.1, 2012v2.2, 2012v2.3, 2012v3.0"
"/Return/ReturnData/IRS990ScheduleG/EventsInformation/EntertainmentEvent1",10724,10724,"2012v2.0, 2012v2.1, 2012v2.2, 2012v2.3, 2012v3.0"
"/Return/ReturnData/IRS990ScheduleK/Form990ScheduleKPartIII/NonQualifiedBondRemedProcdrs",10675,5364,"2012v2.0, 2012v2.1, 2012v2.2, 2012v2.3, 2012v3.0"
"/Return/ReturnData/IRS990ScheduleK/Form990ScheduleKPartII/TotalProceeds",10656,5192,"2012v2.0, 2012v2.1, 2012v2.2, 2012v2.3, 2012v3.0"
"/Return/ReturnData/IRS990ScheduleC/AgreeToCarryoverPriorYear",10611,10611,"2012v2.0, 2012v2.1, 2012v2.2, 2012v2.3, 2012v3.0"
"/Return/ReturnData/IRS990/Form990PartVIISectionA/Former",10525,5837,"2012v2.0, 2012v2.1, 2012v2.2, 2012v2.3, 2012v3.0"
"/Return/ReturnData/IRS990ScheduleD/Land/InvestmentCostOrOtherBasis",10515,10515,"2012v2.0, 2012v2.1, 2012v2.2, 2012v2.3, 2012v3.0"
"/Return/ReturnData/IRS990ScheduleK/Form990ScheduleKPartIII/ChangeInUseBondFinancedProp",10430,5221,"2012v2.0, 2012v2.1, 2012v2.2, 2012v2.3, 2012v3.0"
"/Return/ReturnData/IRS990ScheduleG/EventsInformation/NonCashPrizesTotalEvents",10397,10397,"2012v2.0, 2012v2.1, 2012v2.2, 2012v2.3, 2012v3.0"
"/Return/ReturnData/IRS990/MiscellaneousRevenue",10394,10394,"2012v2.0, 2012v2.1, 2012v2.2, 2012v2.3, 2012v3.0"
"/Return/ReturnData/IRS990/MiscellaneousRevenue/TotalRevenueColumn",10387,10387,"2012v2.0, 2012v2.1, 2012v2.2, 2012v2.3, 2012v3.0"
"/Return/ReturnData/IRS990/PoliciesReferenceChapters",10335,10335,"2012v2.0, 2012v2.1, 2012v2.2, 2012v2.3, 2012v3.0"
"/Return/ReturnData/IRS990ScheduleK/Form990ScheduleKPartIII/BondIssMeetPrvtSecurityPayTest",10312,5156,"2012v2.0, 2012v2.1, 2012v2.2, 2012v2.3, 2012v3.0"
"/Return/ReturnData/IRS990ScheduleD/CurrentYearMinus3Years/OtherExpenditures",10140,10140,"2012v2.0, 2012v2.1, 2012v2.2, 2012v2.3, 2012v3.0"
"/Return/ReturnData/IRS990/OtherRevenueMisc/UnrelatedBusinessRevenue",10114,7437,"2012v2.0, 2012v2.1, 2012v2.2, 2012v2.3, 2012v3.0"
"/Return/ReturnData/IRS990/NetRentalIncomeOrLoss/RelatedOrExemptFunctionIncome",10108,10108,"2012v2.0, 2012v2.1, 2012v2.2, 2012v2.3, 2012v3.0"
"/Return/ReturnData/IRS990ScheduleR/Form990ScheduleRPartIII/CodeVAmount",10065,931,"2012v2.0, 2012v2.1, 2012v2.2, 2012v2.3, 2012v3.0"
"/Return/ReturnData/IRS990ScheduleA/GeneralExplanation",10014,9519,"2012v2.0, 2012v2.1, 2012v2.2, 2012v2.3, 2012v3.0"
"/Return/ReturnData/IRS990ScheduleF/GrantsToOrgsOutsideUS/AmountOfNonCashAssistance",9958,561,"2012v2.0, 2012v2.1, 2012v2.2, 2012v2.3, 2012v3.0"
"/Return/ReturnData/IRS990/ReceivablesFromDisqualPersons/BOY",9892,9892,"2012v2.0, 2012v2.1, 2012v2.2, 2012v2.3, 2012v3.0"
"/Return/ReturnData/IRS990ScheduleR/Form990ScheduleRPartI/EOYAssets",9667,3922,"2012v2.0, 2012v2.1, 2012v2.2, 2012v2.3, 2012v3.0"
"/Return/ReturnData/IRS990EZ/BenefitsPaidToOrForMembers",9593,9593,"2012v2.0, 2012v2.1, 2012v2.2, 2012v2.3, 2012v3.0"
"/Return/ReturnData/IRS990ScheduleA/GrossReceiptsFromNonUBI/CurrentTaxYear",9567,9567,"2012v2.0, 2012v2.1, 2012v2.2, 2012v2.3, 2012v3.0"
"/Return/ReturnData/IRS990ScheduleL/Form990ScheduleLPartIV/NameOfInterestedPerson/NameBusiness",9545,5317,"2012v2.0, 2012v2.1, 2012v2.2, 2012v2.3, 2012v3.0"
"/Return/ReturnData/IRS990ScheduleL/Form990ScheduleLPartIV/NameOfInterestedPerson/NameBusiness/BusinessNameLine1",9545,5317,"2012v2.0, 2012v2.1, 2012v2.2, 2012v2.3, 2012v3.0"
"/Return/ReturnData/IRS990/DoingBusinessAs",9480,9480,"2012v2.0, 2012v2.1, 2012v2.2, 2012v2.3, 2012v3.0"
"/Return/ReturnData/IRS990/DoingBusinessAs/BusinessNameLine1",9480,9480,"2012v2.0, 2012v2.1, 2012v2.2, 2012v2.3, 2012v3.0"
"/Return/ReturnData/IRS990ScheduleA/CertificationCheckbox",9465,9465,"2012v2.0, 2012v2.1, 2012v2.2, 2012v2.3, 2012v3.0"
"/Return/ReturnData/IRS990ScheduleD/InvestmentsProgramRelated",9407,3576,"2012v2.0, 2012v2.1, 2012v2.2, 2012v2.3, 2012v3.0"
"/Return/ReturnData/IRS990ScheduleD/InvestmentsProgramRelated/Description",9396,3567,"2012v2.0, 2012v2.1, 2012v2.2, 2012v2.3, 2012v3.0"
"/Return/ReturnData/IRS990ScheduleG/SpecialFundraisingEvents",9365,9365,"2012v2.0, 2012v2.1, 2012v2.2, 2012v2.3, 2012v3.0"
"/Return/ReturnData/IRS990/Interest/Fundraising",9325,9325,"2012v2.0, 2012v2.1, 2012v2.2, 2012v2.3, 2012v3.0"
"/Return/ReturnData/IRS990ScheduleA/First5Years509",9277,9277,"2012v2.0, 2012v2.1, 2012v2.2, 2012v2.3, 2012v3.0"
"/Return/ReturnData/IRS990ScheduleL/LoanTable/LoanToOrganization",9275,5799,"2012v2.0, 2012v2.1, 2012v2.2, 2012v2.3, 2012v3.0"
"/Return/ReturnData/IRS990ScheduleD/InvestmentsProgramRelated/BookValue",9259,3566,"2012v2.0, 2012v2.1, 2012v2.2, 2012v2.3, 2012v3.0"
"/Return/ReturnData/IRS990ScheduleR/Form990ScheduleRPartI/TotalIncome",9237,3764,"2012v2.0, 2012v2.1, 2012v2.2, 2012v2.3, 2012v3.0"
"/Return/ReturnData/IRS990/TotalOfOtherProgramServiceGrnt",9218,9218,"2012v2.0, 2012v2.1, 2012v2.2, 2012v2.3, 2012v3.0"
"/Return/ReturnData/IRS990ScheduleK/Form990ScheduleKPartII/IssuanceCostsFromProceeds",9185,4575,"2012v2.0, 2012v2.1, 2012v2.2, 2012v2.3, 2012v3.0"
"/Return/ReturnData/IRS990ScheduleR/Form990ScheduleRPartIV/NameOfRelatedOrg/BusinessNameLine2",9160,256,"2012v2.0, 2012v2.1, 2012v2.3, 2012v3.0"
"/Return/ReturnData/IRS990ScheduleK/Form990ScheduleKPartIV/RebateNotDueYet",9115,4749,"2012v2.0, 2012v2.1, 2012v2.2, 2012v2.3, 2012v3.0"
"/Return/ReturnData/IRS990ScheduleL/LoanTable/LoanFromOrganization",9099,3302,"2012v2.0, 2012v2.1, 2012v2.2, 2012v2.3, 2012v3.0"
"/Return/ReturnData/IRS990ScheduleR/Form990ScheduleRPartIV/AddressUS/AddressLine2",9093,118,"2012v2.0, 2012v2.1, 2012v2.3"
"/Return/ReturnData/IRS990ScheduleK/Form990ScheduleKPartIV/ExceptionToRebate",9084,4699,"2012v2.0, 2012v2.1, 2012v2.2, 2012v2.3, 2012v3.0"
"/Return/ReturnData/IRS990EZ/GrossAmountFromSaleOfAssets",9061,9061,"2012v2.0, 2012v2.1, 2012v2.2, 2012v2.3, 2012v3.0"
"/Return/ReturnData/IRS990ScheduleD/InvestmentsProgramRelated/MethodOfValuation",9032,3442,"2012v2.0, 2012v2.1, 2012v2.2, 2012v2.3, 2012v3.0"
"/Return/ReturnData/IRS990ScheduleK/Form990ScheduleKPartIV/NoRebateDue",9007,4686,"2012v2.0, 2012v2.1, 2012v2.2, 2012v2.3, 2012v3.0"
"/Return/ReturnData/IRS990ScheduleA/GrossReceiptsFromNonUBI/CurrentTaxYearMinus1Year",9000,9000,"2012v2.0, 2012v2.1, 2012v2.2, 2012v2.3, 2012v3.0"
"/Return/ReturnData/IRS990ScheduleA/First5Years170",8989,8989,"2012v2.0, 2012v2.1, 2012v2.2, 2012v2.3, 2012v3.0"
"/Return/ReturnData/IRS990ScheduleJ/SubstantiationRequired",8916,8916,"2012v2.0, 2012v2.1, 2012v2.2, 2012v2.3, 2012v3.0"
"/Return/ReturnData/IRS990ScheduleK/Form990ScheduleKPartII/YearOfSubstCompletion",8863,4547,"2012v2.0, 2012v2.1, 2012v2.2, 2012v2.3, 2012v3.0"
"/Return/ReturnHeader/Filer/InCareOfName",8707,8707,"2012v2.1, 2012v2.2, 2012v2.3, 2012v3.0"
"/Return/ReturnData/IRS990ScheduleG/EventsInformation/NonCashPrizesEvent1",8642,8642,"2012v2.0, 2012v2.1, 2012v2.2, 2012v2.3, 2012v3.0"
"/Return/ReturnData/IRS990ScheduleG/EventsInformation/FoodAndBeverageEvent2",8633,8633,"2012v2.0, 2012v2.1, 2012v2.2, 2012v2.3, 2012v3.0"
"/Return/ReturnData/IRS990/InvestmentIncome/UnrelatedBusinessRevenue",8610,8610,"2012v2.0, 2012v2.1, 2012v2.2, 2012v2.3, 2012v3.0"
"/Return/ReturnData/IRS990ScheduleD/CurrentYearMinus4Years/OtherExpenditures",8561,8561,"2012v2.0, 2012v2.1, 2012v2.2, 2012v2.3, 2012v3.0"
"/Return/ReturnData/IRS990ScheduleL/TotalBalanceDue",8503,8503,"2012v2.0, 2012v2.1, 2012v2.2, 2012v2.3, 2012v3.0"
"/Return/ReturnData/IRS990/FeesForServicesLegal/Fundraising",8384,8384,"2012v2.0, 2012v2.1, 2012v2.2, 2012v2.3, 2012v3.0"
"/Return/ReturnData/IRS990ScheduleA/GrossReceiptsFromNonUBI/CurrentTaxYearMinus2Years",8352,8352,"2012v2.0, 2012v2.1, 2012v2.2, 2012v2.3, 2012v3.0"
"/Return/ReturnData/IRS990ScheduleF",8347,8347,"2012v2.0, 2012v2.1, 2012v2.2, 2012v2.3, 2012v3.0"
"/Return/ReturnData/IRS990ScheduleK/Form990ScheduleKPartI/CUSIPNumber",8318,3976,"2012v2.0, 2012v2.1, 2012v2.2, 2012v2.3, 2012v3.0"
"/Return/ReturnData/IRS990ScheduleD/ArtPublicExhibitionAmts",8283,8283,"2012v2.0, 2012v2.1, 2012v2.2, 2012v2.3, 2012v3.0"
"/Return/ReturnData/IRS990ScheduleK/Form990ScheduleKPartV",8259,3995,"2012v2.0, 2012v2.1, 2012v2.2, 2012v2.3, 2012v3.0"
"/Return/ReturnData/IRS990ScheduleK/Form990ScheduleKPartV/BondReferenceCd",8259,3995,"2012v2.0, 2012v2.1, 2012v2.2, 2012v2.3, 2012v3.0"
"/Return/ReturnData/IRS990ScheduleA/AmtsRecdFromDisqualPersons/CurrentTaxYearMinus1Year",8233,8233,"2012v2.0, 2012v2.1, 2012v2.2, 2012v2.3, 2012v3.0"
"/Return/ReturnData/IRS990ScheduleA/AmtsRecdFromDisqualPersons/CurrentTaxYear",8205,8205,"2012v2.0, 2012v2.1, 2012v2.2, 2012v2.3, 2012v3.0"
"/Return/ReturnData/IRS990ScheduleK/Form990ScheduleKPartV/ProcToUndertkCorrectiveAction",8201,3962,"2012v2.0, 2012v2.1, 2012v2.2, 2012v2.3, 2012v3.0"
"/Return/ReturnData/IRS990ScheduleK/Form990ScheduleKPartII/CapitalExpenditures",8192,4216,"2012v2.0, 2012v2.1, 2012v2.2, 2012v2.3, 2012v3.0"
"/Return/ReturnData/IRS990ScheduleR/Form990ScheduleRPartIV/LegalDomicileForeignCountry",8181,2137,"2012v2.0, 2012v2.1, 2012v2.2, 2012v2.3, 2012v3.0"
"/Return/ReturnData/IRS990/FeesForServicesProfFundraising/Fundraising",8178,8178,"2012v2.0, 2012v2.1, 2012v2.2, 2012v2.3, 2012v3.0"
"/Return/ReturnData/IRS990ScheduleA/AmtsRecdFromDisqualPersons/CurrentTaxYearMinus2Years",8151,8151,"2012v2.0, 2012v2.1, 2012v2.2, 2012v2.3, 2012v3.0"
"/Return/ReturnData/IRS990ScheduleF/OwnForeignCorp",8125,8125,"2012v2.0, 2012v2.1, 2012v2.2, 2012v2.3, 2012v3.0"
"/Return/ReturnData/IRS990ScheduleF/TransferToForeignCorp",8125,8125,"2012v2.0, 2012v2.1, 2012v2.2, 2012v2.3, 2012v3.0"
"/Return/ReturnData/IRS990ScheduleF/ForeignPartnership",8124,8124,"2012v2.0, 2012v2.1, 2012v2.2, 2012v2.3, 2012v3.0"
"/Return/ReturnData/IRS990ScheduleF/InterestInForeignTrust",8124,8124,"2012v2.0, 2012v2.1, 2012v2.2, 2012v2.3, 2012v3.0"
"/Return/ReturnData/IRS990ScheduleF/PassiveForeignInvestCo",8124,8124,"2012v2.0, 2012v2.1, 2012v2.2, 2012v2.3, 2012v3.0"
"/Return/ReturnData/IRS990ScheduleF/BoycottCountries",8123,8123,"2012v2.0, 2012v2.1, 2012v2.2, 2012v2.3, 2012v3.0"
"/Return/ReturnData/IRS990/Activity3/Grants",8063,8063,"2012v2.0, 2012v2.1, 2012v2.2, 2012v2.3, 2012v3.0"
"/Return/ReturnData/IRS990ScheduleD/FederalIncomeTaxLiability",8053,8053,"2012v2.0, 2012v2.1, 2012v2.2, 2012v2.3, 2012v3.0"
"/Return/ReturnData/IRS990ScheduleA/AmtsRecdFromDisqualPersons/CurrentTaxYearMinus3Years",8017,8017,"2012v2.0, 2012v2.1, 2012v2.2, 2012v2.3, 2012v3.0"
"/Return/ReturnData/IRS990ScheduleI/Form990ScheduleIPartIII/DescriptionOfNonCashAssistance",8005,4498,"2012v2.0, 2012v2.1, 2012v2.2, 2012v2.3, 2012v3.0"
"/Return/ReturnData/IRS990ScheduleD/OtherLandBuildings/InvestmentCostOrOtherBasis",7968,7968,"2012v2.0, 2012v2.1, 2012v2.2, 2012v2.3, 2012v3.0"
"/Return/ReturnData/IRS990/GrossIncomeGaming",7952,7952,"2012v2.0, 2012v2.1, 2012v2.2, 2012v2.3, 2012v3.0"
"/Return/ReturnData/IRS990ScheduleA/AmtsRecdFromDisqualPersons/CurrentTaxYearMinus4Years",7893,7893,"2012v2.0, 2012v2.1, 2012v2.2, 2012v2.3, 2012v3.0"
"/Return/ReturnData/IRS990/TypeOfOrganizationAssociation",7891,7891,"2012v2.0, 2012v2.1, 2012v2.2, 2012v2.3, 2012v3.0"
"/Return/ReturnData/IRS990/ActivityOther/Grants",7833,5265,"2012v2.0, 2012v2.1, 2012v2.3, 2012v3.0"
"/Return/ReturnData/IRS990/MiscellaneousRevenue/RelatedOrExemptFunctionIncome",7637,7637,"2012v2.0, 2012v2.1, 2012v2.2, 2012v2.3, 2012v3.0"
"/Return/ReturnData/IRS990ScheduleR/Form990ScheduleRPartIV/AddressForeign",7596,1868,"2012v2.0, 2012v2.1, 2012v2.3, 2012v3.0"
"/Return/ReturnData/IRS990ScheduleR/Form990ScheduleRPartIV/AddressForeign/AddressLine1",7596,1868,"2012v2.0, 2012v2.1, 2012v2.3, 2012v3.0"
"/Return/ReturnData/IRS990ScheduleR/Form990ScheduleRPartIV/AddressForeign/Country",7596,1868,"2012v2.0, 2012v2.1, 2012v2.3, 2012v3.0"
"/Return/ReturnData/IRS990ScheduleJ/WrittenPolicyReTAndEExpenses",7569,7569,"2012v2.0, 2012v2.1, 2012v2.2, 2012v2.3, 2012v3.0"
"/Return/ReturnData/IRS990/GamingDirectExpenses",7481,7481,"2012v2.0, 2012v2.1, 2012v2.2, 2012v2.3, 2012v3.0"
"/Return/ReturnData/IRS990ScheduleC/Form990ScheduleCPartIV",7463,7016,"2012v2.0, 2012v2.1, 2012v2.2, 2012v2.3, 2012v3.0"
"/Return/ReturnData/IRS990ScheduleG/EventsInformation/RentFacilityCostsEvent2",7457,7457,"2012v2.0, 2012v2.1, 2012v2.2, 2012v2.3, 2012v3.0"
"/Return/ReturnData/IRS990ScheduleC/Form990ScheduleCPartIV/Explanation",7439,7006,"2012v2.0, 2012v2.1, 2012v2.2, 2012v2.3, 2012v3.0"
"/Return/ReturnData/IRS990ScheduleD/CurrentYear/AdministrativeExpenses",7398,7398,"2012v2.0, 2012v2.1, 2012v2.2, 2012v2.3, 2012v3.0"
"/Return/ReturnData/IRS990ScheduleA/GrossReceiptsFromNonUBI/CurrentTaxYearMinus3Years",7296,7296,"2012v2.0, 2012v2.1, 2012v2.2, 2012v2.3, 2012v3.0"
"/Return/ReturnData/IRS990ScheduleD/CurrentYearMinus1Year/AdministrativeExpenses",7264,7264,"2012v2.0, 2012v2.1, 2012v2.2, 2012v2.3, 2012v3.0"
"/Return/ReturnData/IRS990ScheduleD/HeldWorksOfArtAmts",7253,7253,"2012v2.0, 2012v2.1, 2012v2.2, 2012v2.3, 2012v3.0"
"/Return/ReturnData/IRS990/ForeignGrants/ProgramServices",7238,7238,"2012v2.0, 2012v2.1, 2012v2.2, 2012v2.3, 2012v3.0"
"/Return/ReturnData/IRS990ScheduleI/Form990ScheduleIPartIII/AmountOfNonCashAssistance",7228,4054,"2012v2.0, 2012v2.1, 2012v2.2, 2012v2.3, 2012v3.0"
"/Return/ReturnData/IRS990ScheduleJ/Form990OfOtherOrganizations",7175,7175,"2012v2.0, 2012v2.1, 2012v2.2, 2012v2.3, 2012v3.0"
"/Return/ReturnData/IRS990ScheduleF/TotalAmountSpent",7170,7170,"2012v2.0, 2012v2.1, 2012v2.2, 2012v2.3, 2012v3.0"
"/Return/ReturnData/IRS990/InfoInScheduleOPartVII",7115,7115,"2012v2.0, 2012v2.1, 2012v2.2, 2012v2.3, 2012v3.0"
"/Return/ReturnData/IRS990ScheduleJ/IndependentConsultant",7084,7084,"2012v2.0, 2012v2.1, 2012v2.2, 2012v2.3, 2012v3.0"
"/Return/ReturnData/IRS990/NameOfForeignCountry",7077,2948,"2012v2.0, 2012v2.1, 2012v2.2, 2012v2.3, 2012v3.0"
"/Return/ReturnData/IRS990ScheduleA/SupportingOrg509a3Type1",7076,7076,"2012v2.0, 2012v2.1, 2012v2.2, 2012v2.3, 2012v3.0"
"/Return/ReturnData/IRS990ScheduleD/CurrentYearMinus2Years/AdministrativeExpenses",7075,7075,"2012v2.0, 2012v2.1, 2012v2.2, 2012v2.3, 2012v3.0"
"/Return/ReturnData/IRS990ScheduleG/GamingInformation",7075,7075,"2012v2.0, 2012v2.1, 2012v2.2, 2012v2.3, 2012v3.0"
"/Return/ReturnData/IRS990ScheduleG/GamingWithNonmembers",7032,7032,"2012v2.0, 2012v2.1, 2012v2.2, 2012v2.3, 2012v3.0"
"/Return/ReturnData/IRS990ScheduleG/MemberOfOtherEntity",6983,6983,"2012v2.0, 2012v2.1, 2012v2.2, 2012v2.3, 2012v3.0"
"/Return/ReturnData/IRS990ScheduleG/FundraiserActivityInformation",6974,4348,"2012v2.0, 2012v2.1, 2012v2.2, 2012v2.3, 2012v3.0"
"/Return/ReturnData/IRS990ScheduleG/StatesWhereGamingConducted",6927,6392,"2012v2.0, 2012v2.1, 2012v2.2, 2012v2.3, 2012v3.0"
"/Return/ReturnData/IRS990/AddressChange",6905,6905,"2012v2.0, 2012v2.1, 2012v2.2, 2012v2.3, 2012v3.0"
"/Return/ReturnData/IRS990ScheduleG/FundraiserActivityInformation/FundraiserControlOfFunds",6897,4283,"2012v2.0, 2012v2.1, 2012v2.2, 2012v2.3, 2012v3.0"
"/Return/ReturnData/IRS990ScheduleG/Licensed",6847,6847,"2012v2.0, 2012v2.1, 2012v2.2, 2012v2.3, 2012v3.0"
"/Return/ReturnData/IRS990ScheduleR/Form990ScheduleRPartIV/AddressForeign/City",6817,1547,"2012v2.0, 2012v2.1, 2012v2.3, 2012v3.0"
"/Return/ReturnData/IRS990/GroupExemptionNumber",6805,6805,"2012v2.0, 2012v2.1, 2012v2.2, 2012v2.3, 2012v3.0"
"/Return/ReturnData/IRS990ScheduleD/InvestmentExpensesNotIncluded",6761,6761,"2012v2.0, 2012v2.1, 2012v2.2, 2012v2.3, 2012v3.0"
"/Return/ReturnData/IRS990ScheduleG/EventsInformation/CharitableContribOtherEvents",6745,6745,"2012v2.0, 2012v2.1, 2012v2.2, 2012v2.3, 2012v3.0"
"/Return/ReturnData/IRS990ScheduleD/InvestmentExpensesNotIncluded2",6739,6739,"2012v2.0, 2012v2.1, 2012v2.2, 2012v2.3, 2012v3.0"
"/Return/ReturnData/IRS990ScheduleF/SubtotalAmountSpent",6736,6736,"2012v2.0, 2012v2.1, 2012v2.2, 2012v2.3, 2012v3.0"
"/Return/ReturnData/IRS990ScheduleC/Form990ScheduleCPartIV/Identifier",6712,6432,"2012v2.0, 2012v2.1, 2012v2.2, 2012v2.3, 2012v3.0"
"/Return/ReturnData/IRS990/PaymentsToAffiliates/ProgramServices",6708,6708,"2012v2.0, 2012v2.1, 2012v2.2, 2012v2.3, 2012v3.0"
"/Return/ReturnData/IRS990/NetIncomeOrLoss/ExclusionAmount",6692,6692,"2012v2.0, 2012v2.1, 2012v2.2, 2012v2.3, 2012v3.0"
"/Return/ReturnData/IRS990ScheduleC/DirectContactLegislators",6691,6691,"2012v2.0, 2012v2.1, 2012v2.2, 2012v2.3, 2012v3.0"
"/Return/ReturnData/IRS990/BenefitsToMembers/ProgramServices",6688,6688,"2012v2.0, 2012v2.1, 2012v2.2, 2012v2.3, 2012v3.0"
"/Return/ReturnData/IRS990ScheduleG/ContractWith3rdPartyForGamRev",6686,6686,"2012v2.0, 2012v2.1, 2012v2.2, 2012v2.3, 2012v3.0"
"/Return/ReturnData/IRS990ScheduleC/PaidStaffOrManagement",6674,6674,"2012v2.0, 2012v2.1, 2012v2.2, 2012v2.3, 2012v3.0"
"/Return/ReturnData/IRS990ScheduleD/CurrentYearMinus3Years/AdministrativeExpenses",6674,6674,"2012v2.0, 2012v2.1, 2012v2.2, 2012v2.3, 2012v3.0"
"/Return/ReturnData/IRS990ScheduleG/FundraiserActivityInformation/AmountRetainedByContractor",6672,4182,"2012v2.0, 2012v2.1, 2012v2.2, 2012v2.3, 2012v3.0"
"/Return/ReturnData/IRS990ScheduleC/GrantsOtherOrganizations",6665,6665,"2012v2.0, 2012v2.1, 2012v2.2, 2012v2.3, 2012v3.0"
"/Return/ReturnData/IRS990ScheduleC/RalliesDemonstrations",6662,6662,"2012v2.0, 2012v2.1, 2012v2.2, 2012v2.3, 2012v3.0"
"/Return/ReturnData/IRS990ScheduleK/Form990ScheduleKPartII/AmountRetired",6659,3422,"2012v2.0, 2012v2.1, 2012v2.2, 2012v2.3, 2012v3.0"
"/Return/ReturnData/IRS990ScheduleC/MailingsMembers",6658,6658,"2012v2.0, 2012v2.1, 2012v2.2, 2012v2.3, 2012v3.0"
"/Return/ReturnData/IRS990ScheduleC/PublicationsOrBroadcast",6651,6651,"2012v2.0, 2012v2.1, 2012v2.2, 2012v2.3, 2012v3.0"
"/Return/ReturnData/IRS990ScheduleC/MediaAdvertisements",6650,6650,"2012v2.0, 2012v2.1, 2012v2.2, 2012v2.3, 2012v3.0"
"/Return/ReturnData/IRS990ScheduleG/FundraiserActivityInformation/Activity",6638,4156,"2012v2.0, 2012v2.1, 2012v2.2, 2012v2.3, 2012v3.0"
"/Return/ReturnData/IRS990ScheduleG/LicenseSuspendedEtc",6637,6637,"2012v2.0, 2012v2.1, 2012v2.2, 2012v2.3, 2012v3.0"
"/Return/ReturnData/IRS990ScheduleG/GamingInformation/GrossRevenueTotalGaming",6634,6634,"2012v2.0, 2012v2.1, 2012v2.2, 2012v2.3, 2012v3.0"
"/Return/ReturnData/IRS990ScheduleC/Volunteers",6620,6620,"2012v2.0, 2012v2.1, 2012v2.2, 2012v2.3, 2012v3.0"
"/Return/ReturnData/IRS990ScheduleG/GamingInformation/NetGamingIncomeSummary",6620,6620,"2012v2.0, 2012v2.1, 2012v2.2, 2012v2.3, 2012v3.0"
"/Return/ReturnData/IRS990/RoyaltiesRevenue/ExclusionAmount",6604,6604,"2012v2.0, 2012v2.1, 2012v2.2, 2012v2.3, 2012v3.0"
"/Return/ReturnData/IRS990ScheduleA/AmtsFromSubstContributors/CurrentTaxYearMinus4Years",6598,6598,"2012v2.0, 2012v2.1, 2012v2.2, 2012v2.3, 2012v3.0"
"/Return/ReturnData/IRS990ScheduleC/OtherActivities",6593,6593,"2012v2.0, 2012v2.1, 2012v2.2, 2012v2.3, 2012v3.0"
"/Return/ReturnData/IRS990ScheduleK",6554,5884,"2012v2.0, 2012v2.1, 2012v2.2, 2012v2.3, 2012v3.0"
"/Return/ReturnData/IRS990/FeesForServicesInvstMgmntFees/ProgramServices",6487,6487,"2012v2.0, 2012v2.1, 2012v2.2, 2012v2.3, 2012v3.0"
"/Return/ReturnData/IRS990ScheduleG/CharitableDistribRequired",6423,6423,"2012v2.0, 2012v2.1, 2012v2.2, 2012v2.3, 2012v3.0"
"/Return/ReturnData/IRS990ScheduleM/SecuritiesPubliclyTraded",6421,6421,"2012v2.0, 2012v2.1, 2012v2.2, 2012v2.3, 2012v3.0"
"/Return/ReturnData/IRS990ScheduleF/Form990ScheduleFPartV",6410,4751,"2012v2.0, 2012v2.1, 2012v2.2, 2012v2.3, 2012v3.0"
"/Return/ReturnData/IRS990ScheduleC/NotDescribedIn501c3",6392,6392,"2012v2.0, 2012v2.1, 2012v2.2, 2012v2.3, 2012v3.0"
"/Return/ReturnData/IRS990ScheduleF/Form990ScheduleFPartV/Explanation",6392,4738,"2012v2.0, 2012v2.1, 2012v2.2, 2012v2.3, 2012v3.0"
"/Return/ReturnData/IRS990ScheduleG/EventsInformation/CashPrizesTotalEvents",6378,6378,"2012v2.0, 2012v2.1, 2012v2.2, 2012v2.3, 2012v3.0"
"/Return/ReturnData/IRS990/Form990PartVIISectionA/InstitutionalTrustee",6366,2514,"2012v2.0, 2012v2.1, 2012v2.2, 2012v2.3, 2012v3.0"
"/Return/ReturnData/IRS990ScheduleD/LeaseholdImprovements/InvestmentCostOrOtherBasis",6357,6357,"2012v2.0, 2012v2.1, 2012v2.2, 2012v2.3, 2012v3.0"
"/Return/ReturnData/IRS990ScheduleG/GamingInformation/DirectExpenseSummaryGaming",6333,6333,"2012v2.0, 2012v2.1, 2012v2.2, 2012v2.3, 2012v3.0"
"/Return/ReturnData/IRS990ScheduleG/FundraiserActivityInformation/NetToOrganization",6174,3915,"2012v2.0, 2012v2.1, 2012v2.2, 2012v2.3, 2012v3.0"
"/Return/ReturnData/IRS990ScheduleG/AddressOfGamingRecKeeperUS",6172,6172,"2012v2.0, 2012v2.1, 2012v2.2, 2012v2.3, 2012v3.0"
"/Return/ReturnData/IRS990ScheduleG/AddressOfGamingRecKeeperUS/AddressLine1",6172,6172,"2012v2.0, 2012v2.1, 2012v2.2, 2012v2.3, 2012v3.0"
"/Return/ReturnData/IRS990ScheduleG/AddressOfGamingRecKeeperUS/City",6172,6172,"2012v2.0, 2012v2.1, 2012v2.2, 2012v2.3, 2012v3.0"
"/Return/ReturnData/IRS990ScheduleG/AddressOfGamingRecKeeperUS/State",6172,6172,"2012v2.0, 2012v2.1, 2012v2.2, 2012v2.3, 2012v3.0"
"/Return/ReturnData/IRS990ScheduleG/AddressOfGamingRecKeeperUS/ZIPCode",6172,6172,"2012v2.0, 2012v2.1, 2012v2.2, 2012v2.3, 2012v3.0"
"/Return/ReturnData/IRS990ScheduleC/Form990ScheduleCPartIV/ReturnReference",6171,5967,"2012v2.0, 2012v2.1, 2012v2.2, 2012v2.3, 2012v3.0"
"/Return/ReturnData/IRS990ScheduleA/AmtsFromSubstContributors/CurrentTaxYearMinus3Years",6113,6113,"2012v2.0, 2012v2.1, 2012v2.2, 2012v2.3, 2012v3.0"
"/Return/ReturnData/IRS990ScheduleD/CurrentYearMinus4Years/AdministrativeExpenses",6090,6090,"2012v2.0, 2012v2.1, 2012v2.2, 2012v2.3, 2012v3.0"
"/Return/ReturnData/IRS990EZ/GroupExemptionNumber",6055,6055,"2012v2.0, 2012v2.1, 2012v2.2, 2012v2.3, 2012v3.0"
"/Return/ReturnData/IRS990ScheduleG/FundraiserActivityInformation/GrossReceipts",6053,3857,"2012v2.0, 2012v2.1, 2012v2.2, 2012v2.3, 2012v3.0"
"/Return/ReturnData/IRS990ScheduleF/Form990ScheduleFPartV/Identifier",6046,4551,"2012v2.0, 2012v2.1, 2012v2.2, 2012v2.3, 2012v3.0"
"/Return/ReturnData/IRS990ScheduleA/AmtsFromSubstContributors/CurrentTaxYearMinus1Year",6037,6037,"2012v2.0, 2012v2.1, 2012v2.2, 2012v2.3, 2012v3.0"
"/Return/ReturnData/IRS990ScheduleK/Form990ScheduleKPartIII/PrcntgePrvtBusinessUseByOthers",6032,2772,"2012v2.0, 2012v2.1, 2012v2.2, 2012v2.3, 2012v3.0"
"/Return/ReturnData/IRS990ScheduleF/GrantsToIndOutsideUS",6023,1433,"2012v2.0, 2012v2.1, 2012v2.2, 2012v2.3, 2012v3.0"
"/Return/ReturnData/IRS990ScheduleA/AmtsFromSubstContributors/CurrentTaxYearMinus2Years",6015,6015,"2012v2.0, 2012v2.1, 2012v2.2, 2012v2.3, 2012v3.0"
"/Return/ReturnData/IRS990ScheduleF/TotalNumberOfEmployees",6002,6002,"2012v2.0, 2012v2.1, 2012v2.2, 2012v2.3, 2012v3.0"
"/Return/ReturnData/IRS990ScheduleF/GrantsToIndOutsideUS/TypeOfAssistance",5966,1408,"2012v2.0, 2012v2.1, 2012v2.2, 2012v2.3, 2012v3.0"
"/Return/ReturnData/IRS990/TypeOfOrganizationTrust",5958,5958,"2012v2.0, 2012v2.1, 2012v2.2, 2012v2.3, 2012v3.0"
"/Return/ReturnData/IRS990ScheduleM/Form990ScheduleMPartII",5948,4603,"2012v2.0, 2012v2.1, 2012v2.2, 2012v2.3, 2012v3.0"
"/Return/ReturnData/IRS990ScheduleA/AmtsFromSubstContributors/CurrentTaxYear",5918,5918,"2012v2.0, 2012v2.1, 2012v2.2, 2012v2.3, 2012v3.0"
"/Return/ReturnData/IRS990ScheduleF/GrantsToIndOutsideUS/Region",5883,1410,"2012v2.0, 2012v2.1, 2012v2.2, 2012v2.3, 2012v3.0"
"/Return/ReturnData/IRS990ScheduleK/Form990ScheduleKPartII/AmountInReserveFund",5865,2798,"2012v2.0, 2012v2.1, 2012v2.2, 2012v2.3, 2012v3.0"
"/Return/ReturnData/IRS990ScheduleG/FundraiserActivityInformation/AddressUS",5845,3740,"2012v2.0, 2012v2.1, 2012v2.2, 2012v2.3, 2012v3.0"
"/Return/ReturnData/IRS990ScheduleG/FundraiserActivityInformation/AddressUS/AddressLine1",5845,3740,"2012v2.0, 2012v2.1, 2012v2.2, 2012v2.3, 2012v3.0"
"/Return/ReturnData/IRS990ScheduleG/FundraiserActivityInformation/AddressUS/City",5845,3740,"2012v2.0, 2012v2.1, 2012v2.2, 2012v2.3, 2012v3.0"
"/Return/ReturnData/IRS990ScheduleG/FundraiserActivityInformation/AddressUS/State",5845,3740,"2012v2.0, 2012v2.1, 2012v2.2, 2012v2.3, 2012v3.0"
"/Return/ReturnData/IRS990ScheduleG/FundraiserActivityInformation/AddressUS/ZIPCode",5845,3740,"2012v2.0, 2012v2.1, 2012v2.2, 2012v2.3, 2012v3.0"
"/Return/ReturnData/IRS990ScheduleG/MailSolicitations",5839,5839,"2012v2.0, 2012v2.1, 2012v2.2, 2012v2.3, 2012v3.0"
"/Return/ReturnData/IRS990/FeesForServicesManagement/Fundraising",5836,5836,"2012v2.0, 2012v2.1, 2012v2.2, 2012v2.3, 2012v3.0"
"/Return/ReturnData/IRS990/CompDisqualPersons/ProgramServices",5830,5830,"2012v2.0, 2012v2.1, 2012v2.2, 2012v2.3, 2012v3.0"
"/Return/ReturnData/IRS990/ReconcilationDonatedServices",5828,5828,"2012v2.0, 2012v2.1, 2012v2.2, 2012v2.3, 2012v3.0"
"/Return/ReturnData/IRS990/NonDeductibleDisclosure",5811,5811,"2012v2.0, 2012v2.1, 2012v2.2, 2012v2.3, 2012v3.0"
"/Return/ReturnData/IRS990ScheduleM/SecuritiesPubliclyTraded/NoncashContribsRptdF990",5783,5783,"2012v2.0, 2012v2.1, 2012v2.2, 2012v2.3, 2012v3.0"
"/Return/ReturnData/IRS990ScheduleM/SecuritiesPubliclyTraded/NonCashCheckbox",5777,5777,"2012v2.0, 2012v2.1, 2012v2.2, 2012v2.3, 2012v3.0"
"/Return/ReturnData/IRS990ScheduleM/Form990ScheduleMPartII/Explanation",5772,4558,"2012v2.0, 2012v2.1, 2012v2.2, 2012v2.3, 2012v3.0"
"/Return/ReturnData/IRS990ScheduleA/GrossReceiptsFromNonUBI/CurrentTaxYearMinus4Years",5753,5753,"2012v2.0, 2012v2.1, 2012v2.2, 2012v2.3, 2012v3.0"
"/Return/ReturnData/IRS990ScheduleM/SecuritiesPubliclyTraded/NumberOfContributions",5752,5752,"2012v2.0, 2012v2.1, 2012v2.2, 2012v2.3, 2012v3.0"
"/Return/ReturnData/IRS990/Form990PartVIISectionA/NameBusiness",5744,1660,"2012v2.0, 2012v2.1, 2012v2.2, 2012v2.3, 2012v3.0"
"/Return/ReturnData/IRS990/Form990PartVIISectionA/NameBusiness/BusinessNameLine1",5744,1660,"2012v2.0, 2012v2.1, 2012v2.2, 2012v2.3, 2012v3.0"
"/Return/ReturnData/IRS990ScheduleF/TotalNumberOfOffices",5728,5728,"2012v2.0, 2012v2.1, 2012v2.2, 2012v2.3, 2012v3.0"
"/Return/ReturnData/IRS990ScheduleM/Form990ScheduleMPartII/Identifier",5727,4576,"2012v2.0, 2012v2.1, 2012v2.2, 2012v2.3, 2012v3.0"
"/Return/ReturnData/IRS990ScheduleG/EventsInformation/FoodAndBeverageOtherEvents",5580,5580,"2012v2.0, 2012v2.1, 2012v2.2, 2012v2.3, 2012v3.0"
"/Return/ReturnData/IRS990ScheduleF/SubtotalNumberOfEmployees",5575,5575,"2012v2.0, 2012v2.1, 2012v2.2, 2012v2.3, 2012v3.0"
"/Return/ReturnData/IRS990ScheduleF/GrantsToIndOutsideUS/NumberOfRecipients",5559,1333,"2012v2.0, 2012v2.1, 2012v2.2, 2012v2.3, 2012v3.0"
"/Return/ReturnData/IRS990ScheduleD/AgentTrusteeEtc",5547,5547,"2012v2.0, 2012v2.1, 2012v2.2, 2012v2.3, 2012v3.0"
"/Return/ReturnData/IRS990EZ/InfoInScheduleOPartIV",5529,5529,"2012v2.0, 2012v2.1, 2012v2.2, 2012v2.3, 2012v3.0"
"/Return/ReturnData/IRS990ScheduleG/GamingInformation/OtherDirectExpensesTotalGaming",5518,5518,"2012v2.0, 2012v2.1, 2012v2.2, 2012v2.3, 2012v3.0"
"/Return/ReturnData/IRS990ScheduleD/CurrentYear/GrantsOrScholarships",5514,5514,"2012v2.0, 2012v2.1, 2012v2.2, 2012v2.3, 2012v3.0"
"/Return/ReturnData/IRS990ScheduleM/Form990ScheduleMPartII/ReturnReference",5445,4209,"2012v2.0, 2012v2.1, 2012v2.2, 2012v2.3, 2012v3.0"
"/Return/ReturnData/IRS990ScheduleM/SecuritiesPubliclyTraded/MethodOfDeterminingRevenues",5421,5421,"2012v2.0, 2012v2.1, 2012v2.2, 2012v2.3, 2012v3.0"
"/Return/ReturnData/IRS990/NetRentalIncomeOrLoss/UnrelatedBusinessRevenue",5404,5404,"2012v2.0, 2012v2.1, 2012v2.2, 2012v2.3, 2012v3.0"
"/Return/ReturnData/IRS990ScheduleD/CurrentYearMinus1Year/GrantsOrScholarships",5386,5386,"2012v2.0, 2012v2.1, 2012v2.2, 2012v2.3, 2012v3.0"
"/Return/ReturnData/IRS990ScheduleK/Form990ScheduleKPartII/OtherSpentProceeds",5358,2624,"2012v2.0, 2012v2.1, 2012v2.2, 2012v2.3, 2012v3.0"
"/Return/ReturnData/IRS990ScheduleC/TotalLobbyingExpendituresIIB",5318,5318,"2012v2.0, 2012v2.1, 2012v2.2, 2012v2.3, 2012v3.0"
"/Return/ReturnData/IRS990ScheduleF/SubtotalNumberOfOffices",5305,5305,"2012v2.0, 2012v2.1, 2012v2.2, 2012v2.3, 2012v3.0"
"/Return/ReturnData/IRS990ScheduleG/InPersonSolicitations",5281,5281,"2012v2.0, 2012v2.1, 2012v2.2, 2012v2.3, 2012v3.0"
"/Return/ReturnData/IRS990/FSAuditedBasis/FinancialStatementBoth",5256,5256,"2012v2.0, 2012v2.1, 2012v2.2, 2012v2.3, 2012v3.0"
"/Return/ReturnData/IRS990ScheduleF/GrantsToIndOutsideUS/AmountOfCashGrant",5241,1257,"2012v2.0, 2012v2.1, 2012v2.2, 2012v2.3, 2012v3.0"
"/Return/ReturnData/IRS990ScheduleK/Form990ScheduleKPartVI",5234,2529,"2012v2.0, 2012v2.1, 2012v2.2, 2012v2.3, 2012v3.0"
"/Return/ReturnData/IRS990/CompDisqualPersons/ManagementAndGeneral",5225,5225,"2012v2.0, 2012v2.1, 2012v2.2, 2012v2.3, 2012v3.0"
"/Return/ReturnData/IRS990ScheduleD/CurrentYearMinus2Years/GrantsOrScholarships",5224,5224,"2012v2.0, 2012v2.1, 2012v2.2, 2012v2.3, 2012v3.0"
"/Return/ReturnData/IRS990ScheduleK/Form990ScheduleKPartIII/TotalPrivateBusinessUse",5178,2528,"2012v2.0, 2012v2.1, 2012v2.2, 2012v2.3, 2012v3.0"
"/Return/ReturnData/IRS990ScheduleG/EventsInformation/CashPrizesEvent1",5160,5160,"2012v2.0, 2012v2.1, 2012v2.2, 2012v2.3, 2012v3.0"
"/Return/ReturnData/IRS990ScheduleG/NameOfGamingRecKeeperPerson",5150,5150,"2012v2.0, 2012v2.1, 2012v2.2, 2012v2.3, 2012v3.0"
"/Return/ReturnData/IRS990ScheduleK/Form990ScheduleKPartVI/Explanation",5086,2483,"2012v2.0, 2012v2.1, 2012v2.2, 2012v2.3, 2012v3.0"
"/Return/ReturnData/IRS990ScheduleG/GamingInformation/VolunteerLaborOtherGaming",5039,5039,"2012v2.0, 2012v2.1, 2012v2.2, 2012v2.3, 2012v3.0"
"/Return/ReturnData/IRS990/MiscellaneousRevenue/ExclusionAmount",5037,5037,"2012v2.0, 2012v2.1, 2012v2.2, 2012v2.3, 2012v3.0"
"/Return/ReturnData/IRS990ScheduleD/CurrentYearMinus3Years/GrantsOrScholarships",5006,5006,"2012v2.0, 2012v2.1, 2012v2.2, 2012v2.3, 2012v3.0"
"/Return/ReturnData/IRS990ScheduleK/Form990ScheduleKPartVI/Identifier",4978,2425,"2012v2.0, 2012v2.1, 2012v2.2, 2012v2.3, 2012v3.0"
"/Return/ReturnData/IRS990/PaymentsToAffiliates/ManagementAndGeneral",4867,4867,"2012v2.0, 2012v2.1, 2012v2.2, 2012v2.3, 2012v3.0"
"/Return/ReturnData/IRS990ScheduleF/GrantsToIndOutsideUS/MannerOfCashDisbursement",4811,1142,"2012v2.0, 2012v2.1, 2012v2.2, 2012v2.3, 2012v3.0"
"/Return/ReturnData/IRS990/WrittenPolicyOrProcedure",4721,4721,"2012v2.0, 2012v2.1, 2012v2.2, 2012v2.3, 2012v3.0"
"/Return/ReturnData/IRS990ScheduleF/GrantRecordsMaintained",4718,4718,"2012v2.0, 2012v2.1, 2012v2.2, 2012v2.3, 2012v3.0"
"/Return/ReturnData/IRS990ScheduleK/Form990ScheduleKPartIII/PercentageOfPrvtBusinessReUBI",4692,2286,"2012v2.0, 2012v2.1, 2012v2.2, 2012v2.3, 2012v3.0"
"/Return/ReturnData/IRS990ScheduleC/Sec527PolOrgs",4688,1187,"2012v2.0, 2012v2.1, 2012v2.2, 2012v2.3, 2012v3.0"
"/Return/ReturnData/IRS990ScheduleC/Sec527PolOrgs/NameOf527Organization",4688,1187,"2012v2.0, 2012v2.1, 2012v2.2, 2012v2.3, 2012v3.0"
"/Return/ReturnData/IRS990ScheduleC/Sec527PolOrgs/NameOf527Organization/BusinessNameLine1",4688,1187,"2012v2.0, 2012v2.1, 2012v2.2, 2012v2.3, 2012v3.0"
"/Return/ReturnData/IRS990ScheduleC/Sec527PolOrgs/AddressUS",4687,1187,"2012v2.0, 2012v2.1, 2012v2.2, 2012v2.3, 2012v3.0"
"/Return/ReturnData/IRS990ScheduleC/Sec527PolOrgs/AddressUS/AddressLine1",4687,1187,"2012v2.0, 2012v2.1, 2012v2.2, 2012v2.3, 2012v3.0"
"/Return/ReturnData/IRS990ScheduleC/Sec527PolOrgs/AddressUS/City",4687,1187,"2012v2.0, 2012v2.1, 2012v2.2, 2012v2.3, 2012v3.0"
"/Return/ReturnData/IRS990ScheduleC/Sec527PolOrgs/AddressUS/State",4687,1187,"2012v2.0, 2012v2.1, 2012v2.2, 2012v2.3, 2012v3.0"
"/Return/ReturnData/IRS990ScheduleC/Sec527PolOrgs/AddressUS/ZIPCode",4687,1187,"2012v2.0, 2012v2.1, 2012v2.2, 2012v2.3, 2012v3.0"
"/Return/ReturnData/IRS990ScheduleD/CurrentYearMinus4Years/GrantsOrScholarships",4662,4662,"2012v2.0, 2012v2.1, 2012v2.2, 2012v2.3, 2012v3.0"
"/Return/ReturnData/IRS990ScheduleC/GrassrootsNontaxableAmount",4650,4650,"2012v2.0, 2012v2.1, 2012v2.2, 2012v2.3, 2012v3.0"
"/Return/ReturnData/IRS990ScheduleC/LobbyingNontaxableAmount",4650,4650,"2012v2.0, 2012v2.1, 2012v2.2, 2012v2.3, 2012v3.0"
"/Return/ReturnData/IRS990ScheduleC/TotalExemptPurposeExpenditures",4650,4650,"2012v2.0, 2012v2.1, 2012v2.2, 2012v2.3, 2012v3.0"
"/Return/ReturnData/IRS990ScheduleA/FactsAndCircumstancesTest",4643,4643,"2012v2.0, 2012v2.1, 2012v2.2, 2012v2.3, 2012v3.0"
"/Return/ReturnData/IRS990/TotalOthProgramServiceRevenue/UnrelatedBusinessRevenue",4586,4586,"2012v2.0, 2012v2.1, 2012v2.2, 2012v2.3, 2012v3.0"
"/Return/ReturnData/IRS990ScheduleM/ClothingAndHouseholdGoods",4582,4582,"2012v2.0, 2012v2.1, 2012v2.2, 2012v2.3, 2012v3.0"
"/Return/ReturnData/IRS990/TypeOfOrganizationOther",4539,4539,"2012v2.0, 2012v2.1, 2012v2.2, 2012v2.3, 2012v3.0"
"/Return/ReturnData/IRS990ScheduleG/GamingInformation/VolunteerLaborPullTabs",4517,4517,"2012v2.0, 2012v2.1, 2012v2.2, 2012v2.3, 2012v3.0"
"/Return/ReturnData/IRS990ScheduleG/FundraiserActivityInformation/NameOfOrganization",4490,2924,"2012v2.0, 2012v2.1, 2012v2.2, 2012v2.3, 2012v3.0"
"/Return/ReturnData/IRS990ScheduleG/FundraiserActivityInformation/NameOfOrganization/BusinessNameLine1",4490,2924,"2012v2.0, 2012v2.1, 2012v2.2, 2012v2.3, 2012v3.0"
"/Return/ReturnData/IRS990ScheduleC/OtherExemptPurposeExpenditures",4489,4489,"2012v2.0, 2012v2.1, 2012v2.2, 2012v2.3, 2012v3.0"
"/Return/ReturnData/IRS990/FeesForServicesLobbying/ProgramServices",4485,4485,"2012v2.0, 2012v2.1, 2012v2.2, 2012v2.3, 2012v3.0"
"/Return/ReturnData/IRS990/NetIncomeFromGaming/ExclusionAmount",4456,4456,"2012v2.0, 2012v2.1, 2012v2.2, 2012v2.3, 2012v3.0"
"/Return/ReturnData/IRS990EZ/AddressChange",4440,4440,"2012v2.0, 2012v2.1, 2012v2.2, 2012v2.3, 2012v3.0"
"/Return/ReturnData/IRS990ScheduleC/TotalLobbyingExpenditures",4436,4436,"2012v2.0, 2012v2.1, 2012v2.2, 2012v2.3, 2012v3.0"
"/Return/ReturnData/IRS990/TotalOthProgramServiceRevenue/ExclusionAmount",4433,4433,"2012v2.0, 2012v2.1, 2012v2.2, 2012v2.3, 2012v3.0"
"/Return/ReturnData/IRS990ScheduleD/AreRelatedOrgsListedScheduleR",4410,4410,"2012v2.0, 2012v2.1, 2012v2.2, 2012v2.3, 2012v3.0"
"/Return/ReturnData/IRS990/FeesForServicesLobbying/ManagementAndGeneral",4409,4409,"2012v2.0, 2012v2.1, 2012v2.2, 2012v2.3, 2012v3.0"
"/Return/ReturnData/IRS990ScheduleG/GamingInformation/CashPrizesTotalGaming",4394,4394,"2012v2.0, 2012v2.1, 2012v2.2, 2012v2.3, 2012v3.0"
"/Return/ReturnData/IRS990ScheduleA/NetUBI/CurrentTaxYear",4380,4380,"2012v2.0, 2012v2.1, 2012v2.2, 2012v2.3, 2012v3.0"
"/Return/ReturnData/IRS990/ReconcilationInvestExpenses",4377,4377,"2012v2.0, 2012v2.1, 2012v2.2, 2012v2.3, 2012v3.0"
"/Return/ReturnData/IRS990ScheduleG/GamingInformation/VolunteerLaborBingo",4366,4366,"2012v2.0, 2012v2.1, 2012v2.2, 2012v2.3, 2012v3.0"
"/Return/ReturnData/IRS990ScheduleG/EmailSolicitations",4350,4350,"2012v2.0, 2012v2.1, 2012v2.2, 2012v2.3, 2012v3.0"
"/Return/ReturnData/IRS990ScheduleD/SolicitedAssetsForSale",4323,4323,"2012v2.0, 2012v2.1, 2012v2.2, 2012v2.3, 2012v3.0"
"/Return/ReturnData/IRS990ScheduleK/Form990ScheduleKPartII/RefundingEscrow",4295,2052,"2012v2.0, 2012v2.1, 2012v2.2, 2012v2.3, 2012v3.0"
"/Return/ReturnData/IRS990ScheduleG/EventsInformation/EntertainmentEvent2",4281,4281,"2012v2.0, 2012v2.1, 2012v2.2, 2012v2.3, 2012v3.0"
"/Return/ReturnData/IRS990ScheduleK/Form990ScheduleKPartII/CapitalizedInterest",4252,1977,"2012v2.0, 2012v2.1, 2012v2.2, 2012v2.3, 2012v3.0"
"/Return/ReturnData/IRS990ScheduleA/NetUBI/CurrentTaxYearMinus1Year",4236,4236,"2012v2.0, 2012v2.1, 2012v2.2, 2012v2.3, 2012v3.0"
"/Return/ReturnData/IRS990/NetIncomeOrLoss/UnrelatedBusinessRevenue",4215,4215,"2012v2.0, 2012v2.1, 2012v2.2, 2012v2.3, 2012v3.0"
"/Return/ReturnData/IRS990ScheduleM/FoodInventory",4182,4182,"2012v2.0, 2012v2.1, 2012v2.2, 2012v2.3, 2012v3.0"
"/Return/ReturnData/IRS990ScheduleA/NetUBI/CurrentTaxYearMinus2Years",4174,4174,"2012v2.0, 2012v2.1, 2012v2.2, 2012v2.3, 2012v3.0"
"/Return/ReturnData/IRS990ScheduleL/Form990ScheduleLPartV",4158,3269,"2012v2.0, 2012v2.1, 2012v2.2, 2012v2.3, 2012v3.0"
"/Return/ReturnData/IRS990ScheduleG/TotalRetainedByContractors",4152,4152,"2012v2.0, 2012v2.1, 2012v2.2, 2012v2.3, 2012v3.0"
"/Return/ReturnData/IRS990ScheduleL/Form990ScheduleLPartV/Explanation",4148,3259,"2012v2.0, 2012v2.1, 2012v2.2, 2012v2.3, 2012v3.0"
"/Return/ReturnData/IRS990ScheduleC/TotalDirectLobbying",4146,4146,"2012v2.0, 2012v2.1, 2012v2.2, 2012v2.3, 2012v3.0"
"/Return/ReturnData/IRS990/RoyaltiesRevenue/RelatedOrExemptFunctionIncome",4095,4095,"2012v2.0, 2012v2.1, 2012v2.2, 2012v2.3, 2012v3.0"
"/Return/ReturnData/IRS990ScheduleF/ContAmountSpent",4083,4083,"2012v2.0, 2012v2.1, 2012v2.2, 2012v2.3, 2012v3.0"
"/Return/ReturnData/IRS990ScheduleF/ContNumberOfEmployees",4045,4045,"2012v2.0, 2012v2.1, 2012v2.2, 2012v2.3, 2012v3.0"
"/Return/ReturnData/IRS990ScheduleA/NetIncomeFromOtherUBI/CurrentTaxYear",4035,4035,"2012v2.0, 2012v2.1, 2012v2.2, 2012v2.3, 2012v3.0"
"/Return/ReturnData/IRS990ScheduleF/ContNumberOfOffices",4033,4033,"2012v2.0, 2012v2.1, 2012v2.2, 2012v2.3, 2012v3.0"
"/Return/ReturnData/IRS990ScheduleK/Form990ScheduleKPartII/CreditEnhancement",4028,1876,"2012v2.0, 2012v2.1, 2012v2.2, 2012v2.3, 2012v3.0"
"/Return/ReturnData/IRS990/TheBooksAreInCareOf/AddressUS/AddressLine2",3999,3999,"2012v2.0, 2012v2.1, 2012v2.2, 2012v2.3, 2012v3.0"
"/Return/ReturnData/IRS990ScheduleK/Form990ScheduleKPartII/AmountUnspent",3954,1862,"2012v2.0, 2012v2.1, 2012v2.2, 2012v2.3, 2012v3.0"
"/Return/ReturnData/IRS990ScheduleD/TotalOfBookValueProgramRelated",3938,3938,"2012v2.0, 2012v2.1, 2012v2.2, 2012v2.3, 2012v3.0"
"/Return/ReturnData/IRS990ScheduleG/EventsInformation/NonCashPrizesEvent2",3912,3912,"2012v2.0, 2012v2.1, 2012v2.2, 2012v2.3, 2012v3.0"
"/Return/ReturnData/IRS990ScheduleG/SolicitationOfNonGovtGrants",3912,3912,"2012v2.0, 2012v2.1, 2012v2.2, 2012v2.3, 2012v3.0"
"/Return/ReturnData/IRS990ScheduleG/EventsInformation/RentFacilityCostsOtherEvents",3899,3899,"2012v2.0, 2012v2.1, 2012v2.2, 2012v2.3, 2012v3.0"
"/Return/ReturnData/IRS990ScheduleK/Form990ScheduleKPartII/WorkingCapitalExpenditures",3898,1761,"2012v2.0, 2012v2.1, 2012v2.2, 2012v2.3, 2012v3.0"
"/Return/ReturnData/IRS990ScheduleC/DuesAssessments",3896,3896,"2012v2.0, 2012v2.1, 2012v2.2, 2012v2.3, 2012v3.0"
"/Return/ReturnData/IRS990ScheduleA/NetIncomeFromOtherUBI/CurrentTaxYearMinus1Year",3887,3887,"2012v2.0, 2012v2.1, 2012v2.2, 2012v2.3, 2012v3.0"
"/Return/ReturnData/IRS990ScheduleG/PhoneSolicitations",3826,3826,"2012v2.0, 2012v2.1, 2012v2.2, 2012v2.3, 2012v3.0"
"/Return/ReturnData/IRS990/FeesForServicesInvstMgmntFees/Fundraising",3821,3821,"2012v2.0, 2012v2.1, 2012v2.2, 2012v2.3, 2012v3.0"
"/Return/ReturnData/IRS990ScheduleH/Form990ScheduleHPartVSectionA",3815,2454,"2012v2.0, 2012v2.1, 2012v2.2, 2012v2.3, 2012v3.0"
"/Return/ReturnData/IRS990ScheduleH/Form990ScheduleHPartVSectionA/FacilityNumber",3815,2454,"2012v2.0, 2012v2.1, 2012v2.2, 2012v2.3, 2012v3.0"
"/Return/ReturnData/IRS990ScheduleK/Form990ScheduleKPartIV/NameOfHedgeProvider",3815,1992,"2012v2.0, 2012v2.1, 2012v2.2, 2012v2.3, 2012v3.0"
"/Return/ReturnData/IRS990ScheduleK/Form990ScheduleKPartIV/NameOfHedgeProvider/BusinessNameLine1",3815,1992,"2012v2.0, 2012v2.1, 2012v2.2, 2012v2.3, 2012v3.0"
"/Return/ReturnData/IRS990ScheduleH/Form990ScheduleHPartVSectionA/Address",3813,2454,"2012v2.0, 2012v2.1, 2012v2.2, 2012v2.3, 2012v3.0"
"/Return/ReturnData/IRS990ScheduleH/Form990ScheduleHPartVSectionA/Address/AddressLine1",3813,2454,"2012v2.0, 2012v2.1, 2012v2.2, 2012v2.3, 2012v3.0"
"/Return/ReturnData/IRS990ScheduleH/Form990ScheduleHPartVSectionA/Address/City",3813,2454,"2012v2.0, 2012v2.1, 2012v2.2, 2012v2.3, 2012v3.0"
"/Return/ReturnData/IRS990ScheduleH/Form990ScheduleHPartVSectionA/Address/State",3813,2454,"2012v2.0, 2012v2.1, 2012v2.2, 2012v2.3, 2012v3.0"
"/Return/ReturnData/IRS990ScheduleH/Form990ScheduleHPartVSectionA/Address/ZIPCode",3813,2454,"2012v2.0, 2012v2.1, 2012v2.2, 2012v2.3, 2012v3.0"
"/Return/ReturnData/IRS990ScheduleH/Form990ScheduleHPartVSectionA/Name",3813,2454,"2012v2.0, 2012v2.1, 2012v2.2, 2012v2.3, 2012v3.0"
"/Return/ReturnData/IRS990ScheduleH/Form990ScheduleHPartVSectionA/Name/BusinessNameLine1",3813,2454,"2012v2.0, 2012v2.1, 2012v2.2, 2012v2.3, 2012v3.0"
"/Return/ReturnData/IRS990ScheduleA/Hospital170b1Aiii",3803,3803,"2012v2.0, 2012v2.1, 2012v2.2, 2012v2.3, 2012v3.0"
"/Return/ReturnData/IRS990ScheduleA/NetIncomeFromOtherUBI/CurrentTaxYearMinus2Years",3797,3797,"2012v2.0, 2012v2.1, 2012v2.2, 2012v2.3, 2012v3.0"
"/Return/ReturnData/IRS990ScheduleA/NetUBI/CurrentTaxYearMinus3Years",3776,3776,"2012v2.0, 2012v2.1, 2012v2.2, 2012v2.3, 2012v3.0"
"/Return/ReturnData/IRS990ScheduleG/TotalNetToOrganization",3776,3776,"2012v2.0, 2012v2.1, 2012v2.2, 2012v2.3, 2012v3.0"
"/Return/ReturnData/IRS990ScheduleR/Form990ScheduleRPartIV/AddressForeign/ProvinceOrState",3744,1152,"2012v2.0, 2012v2.1, 2012v2.3, 2012v3.0"
"/Return/ReturnData/IRS990ScheduleR/Form990ScheduleRPartVII",3742,3012,"2012v2.0, 2012v2.1, 2012v2.2, 2012v2.3, 2012v3.0"
"/Return/ReturnData/IRS990/CompDisqualPersons/Fundraising",3734,3734,"2012v2.0, 2012v2.1, 2012v2.2, 2012v2.3, 2012v3.0"
"/Return/ReturnData/IRS990ScheduleC/Sec527PolOrgs/AmtPdFromInternalFunds",3730,643,"2012v2.0, 2012v2.1, 2012v2.2, 2012v2.3, 2012v3.0"
"/Return/ReturnData/IRS990ScheduleC/TotLobbyExpendMnsLobbyingNontx",3729,3729,"2012v2.0, 2012v2.1, 2012v2.2, 2012v2.3, 2012v3.0"
"/Return/ReturnData/IRS990ScheduleR/Form990ScheduleRPartVII/Explanation",3729,3007,"2012v2.0, 2012v2.1, 2012v2.2, 2012v2.3, 2012v3.0"
"/Return/ReturnData/IRS990ScheduleC/TotLobbyingGrassrootMinusNonTx",3677,3677,"2012v2.0, 2012v2.1, 2012v2.2, 2012v2.3, 2012v3.0"
"/Return/ReturnData/IRS990ScheduleK/Form990ScheduleKPartVI/ReturnReference",3673,1904,"2012v2.0, 2012v2.1, 2012v2.2, 2012v2.3, 2012v3.0"
"/Return/ReturnData/IRS990/Royalties/ProgramServices",3660,3660,"2012v2.0, 2012v2.1, 2012v2.2, 2012v2.3, 2012v3.0"
"/Return/ReturnData/IRS990/IncomeFromInvestBondProceeds/ExclusionAmount",3638,3638,"2012v2.0, 2012v2.1, 2012v2.2, 2012v2.3, 2012v3.0"
"/Return/ReturnData/IRS990ScheduleR/Form990ScheduleRPartIV/AddressForeign/PostalCode",3634,1013,"2012v2.0, 2012v2.1, 2012v2.3, 2012v3.0"
"/Return/ReturnData/IRS990/MethodOfAccountingOther",3593,3593,"2012v2.0, 2012v2.1, 2012v2.2, 2012v2.3, 2012v3.0"
"/Return/ReturnData/IRS990ScheduleG/GamingInformation/GrossRevenueOtherGaming",3592,3592,"2012v2.0, 2012v2.1, 2012v2.2, 2012v2.3, 2012v3.0"
"/Return/ReturnData/IRS990/InfoInScheduleOPartV",3532,3532,"2012v2.0, 2012v2.1, 2012v2.2, 2012v2.3, 2012v3.0"
"/Return/ReturnData/IRS990ScheduleK/Form990ScheduleKPartII/AmountBondDefeased",3508,1501,"2012v2.0, 2012v2.1, 2012v2.2, 2012v2.3, 2012v3.0"
"/Return/ReturnData/IRS990ScheduleA/NetIncomeFromOtherUBI/CurrentTaxYearMinus3Years",3505,3505,"2012v2.0, 2012v2.1, 2012v2.2, 2012v2.3, 2012v3.0"
"/Return/ReturnData/IRS990/NetIncomeFromGaming/RelatedOrExemptFunctionIncome",3495,3495,"2012v2.0, 2012v2.1, 2012v2.2, 2012v2.3, 2012v3.0"
"/Return/ReturnData/IRS990/NameOfPrincipalOfficerBusiness",3490,3490,"2012v2.0, 2012v2.1, 2012v2.2, 2012v3.0"
"/Return/ReturnData/IRS990/NameOfPrincipalOfficerBusiness/BusinessNameLine1",3490,3490,"2012v2.0, 2012v2.1, 2012v2.2, 2012v3.0"
"/Return/ReturnData/IRS990ScheduleH/Form990ScheduleHPartVSectionA/LicensedHospital",3459,2388,"2012v2.0, 2012v2.1, 2012v2.2, 2012v2.3, 2012v3.0"
"/Return/ReturnData/IRS990ScheduleD/ExplanationInPartXIII",3445,3445,"2012v2.0, 2012v2.1, 2012v2.2, 2012v2.3, 2012v3.0"
"/Return/ReturnData/IRS990ScheduleD/CollectUsedForPublicExhibition",3426,3426,"2012v2.0, 2012v2.1, 2012v2.2, 2012v2.3, 2012v3.0"
"/Return/ReturnData/IRS990ScheduleA/ValueSrvcFcltsFurnishedByGovt/CurrentTaxYearMinus2Years",3396,3396,"2012v2.0, 2012v2.1, 2012v2.2, 2012v2.3, 2012v3.0"
"/Return/ReturnData/IRS990ScheduleA/ValueSrvcFcltsFurnishedByGovt/CurrentTaxYearMinus1Year",3394,3394,"2012v2.0, 2012v2.1, 2012v2.2, 2012v2.3, 2012v3.0"
"/Return/ReturnData/IRS990ScheduleM/ClothingAndHouseholdGoods/NoncashContribsRptdF990",3385,3385,"2012v2.0, 2012v2.1, 2012v2.2, 2012v2.3, 2012v3.0"
"/Return/ReturnData/IRS990ScheduleA/ValueSrvcFcltsFurnishedByGovt/CurrentTaxYearMinus3Years",3352,3352,"2012v2.0, 2012v2.1, 2012v2.2, 2012v2.3, 2012v3.0"
"/Return/ReturnData/IRS990/MiscellaneousRevenue/UnrelatedBusinessRevenue",3337,3337,"2012v2.0, 2012v2.1, 2012v2.2, 2012v2.3, 2012v3.0"
"/Return/ReturnData/IRS990/TypeOfOrgOtherDescription",3328,3328,"2012v2.0, 2012v2.1, 2012v2.2, 2012v2.3, 2012v3.0"
"/Return/ReturnData/IRS990ScheduleM/ClothingAndHouseholdGoods/NonCashCheckbox",3323,3323,"2012v2.0, 2012v2.1, 2012v2.2, 2012v2.3, 2012v3.0"
"/Return/ReturnData/IRS990ScheduleC/LobbyingNontaxableAmount2",3292,3292,"2012v2.0, 2012v2.1, 2012v2.2, 2012v2.3, 2012v3.0"
"/Return/ReturnData/IRS990ScheduleG/EventsInformation/EntertainmentOtherEvents",3279,3279,"2012v2.0, 2012v2.1, 2012v2.2, 2012v2.3, 2012v3.0"
"/Return/ReturnData/IRS990ScheduleC/GrassrootsNontaxableAmount2",3277,3277,"2012v2.0, 2012v2.1, 2012v2.2, 2012v2.3, 2012v3.0"
"/Return/ReturnData/IRS990ScheduleC/LobbyingNontaxableAmount2/Total",3275,3275,"2012v2.0, 2012v2.1, 2012v2.2, 2012v2.3, 2012v3.0"
"/Return/ReturnData/IRS990ScheduleC/LobbyingCeilingAmount",3274,3274,"2012v2.0, 2012v2.1, 2012v2.2, 2012v2.3, 2012v3.0"
"/Return/ReturnData/IRS990ScheduleA/ValueSrvcFcltsFurnishedByGovt/CurrentTaxYearMinus4Years",3268,3268,"2012v2.0, 2012v2.1, 2012v2.2, 2012v2.3, 2012v3.0"
"/Return/ReturnData/IRS990ScheduleA/NetUBI/CurrentTaxYearMinus4Years",3266,3266,"2012v2.0, 2012v2.1, 2012v2.2, 2012v2.3, 2012v3.0"
"/Return/ReturnData/IRS990ScheduleC/GrassrootsCeilingAmount",3257,3257,"2012v2.0, 2012v2.1, 2012v2.2, 2012v2.3, 2012v3.0"
"/Return/ReturnData/IRS990ScheduleC/GrassrootsNontaxableAmount2/Total",3257,3257,"2012v2.0, 2012v2.1, 2012v2.2, 2012v2.3, 2012v3.0"
"/Return/ReturnData/IRS990/RoyaltiesRevenue/UnrelatedBusinessRevenue",3254,3254,"2012v2.0, 2012v2.1, 2012v2.3, 2012v3.0"
"/Return/ReturnData/IRS990ScheduleA/ValueSrvcFcltsFurnishedByGovt/CurrentTaxYear",3243,3243,"2012v2.0, 2012v2.1, 2012v2.2, 2012v2.3, 2012v3.0"
"/Return/ReturnData/IRS990ScheduleC/NonDedLobbyPoliticalTotal",3232,3232,"2012v2.0, 2012v2.1, 2012v2.2, 2012v2.3, 2012v3.0"
"/Return/ReturnData/IRS990/IncomeFromInvestBondProceeds/RelatedOrExemptFunctionIncome",3214,3214,"2012v2.0, 2012v2.1, 2012v2.2, 2012v2.3, 2012v3.0"
"/Return/ReturnData/IRS990ScheduleC/GrassrootsNontaxableAmount/FilingOrganizationsTotals",3210,3210,"2012v2.0, 2012v2.1, 2012v2.2, 2012v2.3, 2012v3.0"
"/Return/ReturnData/IRS990ScheduleC/LobbyingNontaxableAmount/FilingOrganizationsTotals",3210,3210,"2012v2.0, 2012v2.1, 2012v2.2, 2012v2.3, 2012v3.0"
"/Return/ReturnData/IRS990ScheduleC/TotalExemptPurposeExpenditures/FilingOrganizationsTotals",3208,3208,"2012v2.0, 2012v2.1, 2012v2.2, 2012v2.3, 2012v3.0"
"/Return/ReturnData/IRS990ScheduleG/TotalGrossReceipts",3205,3205,"2012v2.0, 2012v2.1, 2012v2.2, 2012v2.3, 2012v3.0"
"/Return/ReturnData/IRS990ScheduleA/NetIncomeFromOtherUBI/CurrentTaxYearMinus4Years",3192,3192,"2012v2.0, 2012v2.1, 2012v2.2, 2012v2.3, 2012v3.0"
"/Return/ReturnData/IRS990ScheduleC/TotalGrassrootsLobbying",3180,3180,"2012v2.0, 2012v2.1, 2012v2.2, 2012v2.3, 2012v3.0"
"/Return/ReturnData/IRS990ScheduleC/NonDedLobbyPoliticalCurrent",3168,3168,"2012v2.0, 2012v2.1, 2012v2.2, 2012v2.3, 2012v3.0"
"/Return/ReturnData/IRS990/InitiationFeesAmount",3137,3137,"2012v2.0, 2012v2.1, 2012v2.2, 2012v2.3, 2012v3.0"
"/Return/ReturnData/IRS990ScheduleJ/ClubDuesOrFees",3137,3137,"2012v2.0, 2012v2.1, 2012v2.2, 2012v2.3, 2012v3.0"
"/Return/ReturnData/IRS990ScheduleM/ClothingAndHouseholdGoods/MethodOfDeterminingRevenues",3130,3130,"2012v2.0, 2012v2.1, 2012v2.2, 2012v2.3, 2012v3.0"
"/Return/ReturnData/CompensationExplanation/Compensation/Explanation",3109,1266,"2012v2.0, 2012v2.1, 2012v2.2, 2012v2.3, 2012v3.0"
"/Return/ReturnData/IRS990ScheduleC/LobbyingNontaxableAmount2/CurrentYear",3108,3108,"2012v2.0, 2012v2.1, 2012v2.2, 2012v2.3, 2012v3.0"
"/Return/ReturnData/IRS990ScheduleA/Church170b1Ai",3101,3101,"2012v2.0, 2012v2.1, 2012v2.2, 2012v2.3, 2012v3.0"
"/Return/ReturnData/IRS990ScheduleC/GrassrootsNontaxableAmount2/CurrentYear",3095,3095,"2012v2.0, 2012v2.1, 2012v2.2, 2012v2.3, 2012v3.0"
"/Return/ReturnData/IRS990ScheduleC/TotalLobbyingExpenditures2",3093,3093,"2012v2.0, 2012v2.1, 2012v2.2, 2012v2.3, 2012v3.0"
"/Return/ReturnData/IRS990ScheduleG/PercentageOfGamingOwnFacility",3087,3087,"2012v2.0, 2012v2.1, 2012v2.2, 2012v2.3, 2012v3.0"
"/Return/ReturnData/IRS990ScheduleM/NumberOf8283Received",3073,3073,"2012v2.0, 2012v2.1, 2012v2.2, 2012v2.3, 2012v3.0"
"/Return/ReturnData/IRS990/IncomeFromInvestBondProceeds/UnrelatedBusinessRevenue",3051,3051,"2012v2.0, 2012v2.1, 2012v2.3, 2012v3.0"
"/Return/ReturnData/IRS990ScheduleC/TotalLobbyingExpenditures2/Total",3045,3045,"2012v2.0, 2012v2.1, 2012v2.2, 2012v2.3, 2012v3.0"
"/Return/ReturnData/IRS990ScheduleC/OtherExemptPurposeExpenditures/FilingOrganizationsTotals",3039,3039,"2012v2.0, 2012v2.1, 2012v2.2, 2012v2.3, 2012v3.0"
"/Return/ReturnData/IRS990ScheduleJ/RebuttablePresumptionProcedure",3021,3021,"2012v2.0, 2012v2.1, 2012v2.2, 2012v2.3, 2012v3.0"
"/Return/ReturnData/IRS990ScheduleK/Form990ScheduleKPartIII/RemedialActionTaken",3013,1424,"2012v2.0, 2012v2.1, 2012v2.2, 2012v2.3, 2012v3.0"
"/Return/ReturnData/IRS990ScheduleG/GamingManagerNamePerson",3012,3012,"2012v2.0, 2012v2.1, 2012v2.2, 2012v2.3, 2012v3.0"
"/Return/ReturnData/IRS990ScheduleG/GamingManagerServicesProvided",3003,3003,"2012v2.0, 2012v2.1, 2012v2.2, 2012v2.3, 2012v3.0"
"/Return/ReturnData/IRS990/PaymentsToAffiliates/Fundraising",2992,2992,"2012v2.0, 2012v2.1, 2012v2.2, 2012v2.3, 2012v3.0"
"/Return/ReturnData/IRS990ScheduleC/LobbyingNontaxableAmount2/CurrentYearMinus1",2980,2980,"2012v2.0, 2012v2.1, 2012v2.2, 2012v2.3, 2012v3.0"
"/Return/ReturnData/IRS990ScheduleH/Form990ScheduleHPartVSectionB",2979,2452,"2012v2.0, 2012v2.1, 2012v2.2, 2012v2.3, 2012v3.0"
"/Return/ReturnData/IRS990ScheduleH/Form990ScheduleHPartVSectionB/ActionsOnNonpayment",2979,2452,"2012v2.0, 2012v2.1, 2012v2.2, 2012v2.3, 2012v3.0"
"/Return/ReturnData/IRS990ScheduleH/Form990ScheduleHPartVSectionB/AmountsGenerallyBilled",2979,2452,"2012v2.0, 2012v2.1, 2012v2.2, 2012v2.3, 2012v3.0"
"/Return/ReturnData/IRS990ScheduleH/Form990ScheduleHPartVSectionB/CollectionActivities",2979,2452,"2012v2.0, 2012v2.1, 2012v2.2, 2012v2.3, 2012v3.0"
"/Return/ReturnData/IRS990ScheduleH/Form990ScheduleHPartVSectionB/EligibilityCriteriaExplained",2979,2452,"2012v2.0, 2012v2.1, 2012v2.2, 2012v2.3, 2012v3.0"
"/Return/ReturnData/IRS990ScheduleH/Form990ScheduleHPartVSectionB/ExplainsApplicationMethod",2979,2452,"2012v2.0, 2012v2.1, 2012v2.2, 2012v2.3, 2012v3.0"
"/Return/ReturnData/IRS990ScheduleH/Form990ScheduleHPartVSectionB/ExplainsBasis",2979,2452,"2012v2.0, 2012v2.1, 2012v2.2, 2012v2.3, 2012v3.0"
"/Return/ReturnData/IRS990ScheduleH/Form990ScheduleHPartVSectionB/GrossCharges",2979,2452,"2012v2.0, 2012v2.1, 2012v2.2, 2012v2.3, 2012v3.0"
"/Return/ReturnData/IRS990ScheduleH/Form990ScheduleHPartVSectionB/IncludesPublicityMeasures",2979,2452,"2012v2.0, 2012v2.1, 2012v2.2, 2012v2.3, 2012v3.0"
"/Return/ReturnData/IRS990ScheduleH/Form990ScheduleHPartVSectionB/NondiscrimEmergencyCarePolicy",2979,2452,"2012v2.0, 2012v2.1, 2012v2.2, 2012v2.3, 2012v3.0"
"/Return/ReturnData/IRS990ScheduleH/Form990ScheduleHPartVSectionB/UsesFPGDiscounted",2979,2452,"2012v2.0, 2012v2.1, 2012v2.2, 2012v2.3, 2012v3.0"
"/Return/ReturnData/IRS990ScheduleH/Form990ScheduleHPartVSectionB/UsesFPGFree",2979,2452,"2012v2.0, 2012v2.1, 2012v2.2, 2012v2.3, 2012v3.0"
"/Return/ReturnData/ReasonableCauseExplanation",2976,2976,"2012v2.0, 2012v2.1, 2012v2.2, 2012v2.3, 2012v3.0"
"/Return/ReturnData/ReasonableCauseExplanation/Explanation",2973,2973,"2012v2.0, 2012v2.1, 2012v2.2, 2012v2.3, 2012v3.0"
"/Return/ReturnData/IRS990ScheduleC/GrassrootsNontaxableAmount2/CurrentYearMinus1",2964,2964,"2012v2.0, 2012v2.1, 2012v2.2, 2012v2.3, 2012v3.0"
"/Return/ReturnData/IRS990ScheduleC/TotalLobbyingExpenditures/FilingOrganizationsTotals",2950,2950,"2012v2.0, 2012v2.1, 2012v2.2, 2012v2.3, 2012v3.0"
"/Return/ReturnData/IRS990/GrossReceiptsAmount",2945,2945,"2012v2.0, 2012v2.1, 2012v2.2, 2012v2.3, 2012v3.0"
"/Return/ReturnData/IRS990ScheduleM/FoodInventory/NoncashContribsRptdF990",2944,2944,"2012v2.0, 2012v2.1, 2012v2.2, 2012v2.3, 2012v3.0"
"/Return/ReturnData/IRS990ScheduleG/GamingInformation/GrossRevenuePullTabs",2943,2943,"2012v2.0, 2012v2.1, 2012v2.2, 2012v2.3, 2012v3.0"
"/Return/ReturnData/IRS990ScheduleH/Form990ScheduleHPartVSectionB/HospitalFacilityName",2937,2410,"2012v2.0, 2012v2.1, 2012v2.2, 2012v2.3, 2012v3.0"
"/Return/ReturnData/IRS990ScheduleH/Form990ScheduleHPartVSectionB/HospitalFacilityName/BusinessNameLine1",2937,2410,"2012v2.0, 2012v2.1, 2012v2.2, 2012v2.3, 2012v3.0"
"/Return/ReturnData/IRS990ScheduleR/Form990ScheduleRPartVII/Identifier",2932,2427,"2012v2.0, 2012v2.1, 2012v2.2, 2012v2.3, 2012v3.0"
"/Return/ReturnData/IRS990ScheduleH/Form990ScheduleHPartVSectionA/Er24Hours",2910,2099,"2012v2.0, 2012v2.1, 2012v2.2, 2012v2.3, 2012v3.0"
"/Return/ReturnData/IRS990ScheduleK/Form990ScheduleKPartIV/NameOfGICProvider",2909,1260,"2012v2.0, 2012v2.1, 2012v2.2, 2012v2.3, 2012v3.0"
"/Return/ReturnData/IRS990ScheduleK/Form990ScheduleKPartIV/NameOfGICProvider/BusinessNameLine1",2909,1260,"2012v2.0, 2012v2.1, 2012v2.2, 2012v2.3, 2012v3.0"
"/Return/ReturnData/IRS990ScheduleM/FoodInventory/NonCashCheckbox",2900,2900,"2012v2.0, 2012v2.1, 2012v2.2, 2012v2.3, 2012v3.0"
"/Return/ReturnData/IRS990ScheduleN/LiquidationTable/LiquidationDetail",2867,1365,"2012v2.0, 2012v2.1, 2012v2.2, 2012v2.3, 2012v3.0"
"/Return/ReturnData/IRS990ScheduleH/Form990ScheduleHPartVSectionA/GeneralMedicalAndSurgical",2864,2022,"2012v2.0, 2012v2.1, 2012v2.2, 2012v2.3, 2012v3.0"
"/Return/ReturnData/IRS990ScheduleC/AggrAmtReportedInDuesNotices",2861,2861,"2012v2.0, 2012v2.1, 2012v2.2, 2012v2.3, 2012v3.0"
"/Return/ReturnData/IRS990ScheduleG/PercentageOfGamingOthrFacility",2860,2860,"2012v2.0, 2012v2.1, 2012v2.2, 2012v2.3, 2012v3.0"
"/Return/ReturnData/IRS990ScheduleN/LiquidationTable/LiquidationDetail/DescriptionOfAsset",2845,1353,"2012v2.0, 2012v2.1, 2012v2.2, 2012v2.3, 2012v3.0"
"/Return/ReturnData/IRS990ScheduleC/LobbyingNontaxableAmount2/CurrentYearMinus2",2838,2838,"2012v2.0, 2012v2.1, 2012v2.2, 2012v2.3, 2012v3.0"
"/Return/ReturnData/IRS990EZ/TheBooksAreInCareOf/AddressUS/AddressLine2",2827,2827,"2012v2.0, 2012v2.1, 2012v2.2, 2012v2.3, 2012v3.0"
"/Return/ReturnData/IRS990ScheduleA/TaxRevLeviedForOrgBenefit170/CurrentTaxYearMinus2Years",2826,2826,"2012v2.0, 2012v2.1, 2012v2.2, 2012v2.3, 2012v3.0"
"/Return/ReturnData/IRS990/TravelEntrtnmntPublicOfficials/ProgramServices",2825,2825,"2012v2.0, 2012v2.1, 2012v2.2, 2012v2.3, 2012v3.0"
"/Return/ReturnData/IRS990ScheduleL/Form990ScheduleLPartV/Identifier",2819,2380,"2012v2.0, 2012v2.1, 2012v2.2, 2012v2.3, 2012v3.0"
"/Return/ReturnData/IRS990ScheduleA/TaxRevLeviedForOrgBenefit170/CurrentTaxYearMinus3Years",2811,2811,"2012v2.0, 2012v2.1, 2012v2.2, 2012v2.3, 2012v3.0"
"/Return/ReturnData/IRS990ScheduleC/GrassrootsNontaxableAmount2/CurrentYearMinus2",2807,2807,"2012v2.0, 2012v2.1, 2012v2.2, 2012v2.3, 2012v3.0"
"/Return/ReturnData/IRS990ScheduleH/Form990ScheduleHPartVSectionB/FPGFreePercent",2804,2305,"2012v2.0, 2012v2.1, 2012v2.2, 2012v2.3, 2012v3.0"
"/Return/ReturnData/IRS990ScheduleA/TaxRevLeviedForOrgBenefit170/CurrentTaxYearMinus1Year",2802,2802,"2012v2.0, 2012v2.1, 2012v2.2, 2012v2.3, 2012v3.0"
"/Return/ReturnData/IRS990/GrossRents/Personal",2800,2800,"2012v2.0, 2012v2.1, 2012v2.2, 2012v2.3, 2012v3.0"
"/Return/ReturnData/IRS990EZ/OfficerDirectorTrusteeKeyEmpl/BusinessName",2799,994,"2012v2.0, 2012v2.1, 2012v2.2, 2012v2.3, 2012v3.0"
"/Return/ReturnData/IRS990EZ/OfficerDirectorTrusteeKeyEmpl/BusinessName/BusinessNameLine1",2799,994,"2012v2.0, 2012v2.1, 2012v2.2, 2012v2.3, 2012v3.0"
"/Return/ReturnData/IRS990ScheduleC/TotalLobbyingExpenditures2/CurrentYear",2783,2783,"2012v2.0, 2012v2.1, 2012v2.2, 2012v2.3, 2012v3.0"
"/Return/ReturnData/IRS990ScheduleH/Form990ScheduleHPartVSectionB/IncomeLevel",2737,2240,"2012v2.0, 2012v2.1, 2012v2.2, 2012v2.3, 2012v3.0"
"/Return/ReturnData/IRS990ScheduleR/Form990ScheduleRPartVII/ReturnReference",2725,2341,"2012v2.0, 2012v2.1, 2012v2.2, 2012v2.3, 2012v3.0"
"/Return/ReturnData/IRS990ScheduleA/TaxRevLeviedForOrgBenefit170/CurrentTaxYearMinus4Years",2721,2721,"2012v2.0, 2012v2.1, 2012v2.2, 2012v2.3, 2012v3.0"
"/Return/ReturnData/IRS990ScheduleN/LiquidationTable/LiquidationDetail/DateOfDistribution",2719,1237,"2012v2.0, 2012v2.1, 2012v2.2, 2012v2.3, 2012v3.0"
"/Return/ReturnData/IRS990ScheduleD/CollectUsedForPreservation",2717,2717,"2012v2.0, 2012v2.1, 2012v2.2, 2012v2.3, 2012v3.0"
"/Return/ReturnData/IRS990ScheduleM/WorksOfArt",2714,2714,"2012v2.0, 2012v2.1, 2012v2.2, 2012v2.3, 2012v3.0"
"/Return/ReturnData/IRS990ScheduleC/TotalLobbyingExpenditures2/CurrentYearMinus1",2701,2701,"2012v2.0, 2012v2.1, 2012v2.2, 2012v2.3, 2012v3.0"
"/Return/ReturnData/IRS990ScheduleC/OtherActivitiesAmount",2675,2675,"2012v2.0, 2012v2.1, 2012v2.2, 2012v2.3, 2012v3.0"
"/Return/ReturnData/IRS990ScheduleC/Form1120PolFiled",2666,2666,"2012v2.0, 2012v2.1, 2012v2.2, 2012v2.3, 2012v3.0"
"/Return/ReturnData/IRS990ScheduleH/Form990ScheduleHPartVSectionB/AvailableOnRequest",2663,2183,"2012v2.0, 2012v2.1, 2012v2.2, 2012v2.3, 2012v3.0"
"/Return/ReturnData/IRS990ScheduleN/LiquidationTable/LiquidationDetail/FMVOfAsset",2657,1185,"2012v2.0, 2012v2.1, 2012v2.2, 2012v2.3, 2012v3.0"
"/Return/ReturnData/IRS990ScheduleG/SolicitationOfGovtGrants",2656,2656,"2012v2.0, 2012v2.1, 2012v2.2, 2012v2.3, 2012v3.0"
"/Return/ReturnData/IRS990ScheduleA/TaxRevLeviedForOrgBenefit170/CurrentTaxYear",2652,2652,"2012v2.0, 2012v2.1, 2012v2.2, 2012v2.3, 2012v3.0"
"/Return/ReturnData/IRS990ScheduleC/TotalDirectLobbying/FilingOrganizationsTotals",2644,2644,"2012v2.0, 2012v2.1, 2012v2.2, 2012v2.3, 2012v3.0"
"/Return/ReturnData/IRS990ScheduleC/LobbyingNontaxableAmount2/CurrentYearMinus3",2639,2639,"2012v2.0, 2012v2.1, 2012v2.2, 2012v2.3, 2012v3.0"
"/Return/ReturnData/IRS990ScheduleM/FoodInventory/MethodOfDeterminingRevenues",2630,2630,"2012v2.0, 2012v2.1, 2012v2.2, 2012v2.3, 2012v3.0"
"/Return/ReturnData/IRS990ScheduleG/GamingInformation/GrossRevenueBingo",2614,2614,"2012v2.0, 2012v2.1, 2012v2.2, 2012v2.3, 2012v3.0"
"/Return/ReturnData/IRS990ScheduleJ/HousingAllowanceOrResidence",2612,2612,"2012v2.0, 2012v2.1, 2012v2.2, 2012v2.3, 2012v3.0"
"/Return/ReturnData/IRS990ScheduleC/GrassrootsNontaxableAmount2/CurrentYearMinus3",2602,2602,"2012v2.0, 2012v2.1, 2012v2.2, 2012v2.3, 2012v3.0"
"/Return/ReturnData/IRS990ScheduleC/TotalLobbyingExpenditures2/CurrentYearMinus2",2602,2602,"2012v2.0, 2012v2.1, 2012v2.2, 2012v2.3, 2012v3.0"
"/Return/ReturnData/IRS990ScheduleH/Form990ScheduleHPartVSectionB/HospitalFacilityNumber",2598,2145,"2012v2.0, 2012v2.1, 2012v2.2, 2012v2.3, 2012v3.0"
"/Return/ReturnData/IRS990ScheduleM/FoodInventory/NumberOfContributions",2597,2597,"2012v2.0, 2012v2.1, 2012v2.2, 2012v2.3, 2012v3.0"
"/Return/ReturnData/IRS990ScheduleH/Form990ScheduleHPartVSectionB/FPGDiscountPercent",2594,2133,"2012v2.0, 2012v2.1, 2012v2.2, 2012v2.3, 2012v3.0"
"/Return/ReturnData/IRS990ScheduleN/LiquidationTable/LiquidationDetail/AddressUS",2586,1176,"2012v2.0, 2012v2.1, 2012v2.2, 2012v2.3, 2012v3.0"
"/Return/ReturnData/IRS990ScheduleN/LiquidationTable/LiquidationDetail/AddressUS/AddressLine1",2586,1176,"2012v2.0, 2012v2.1, 2012v2.2, 2012v2.3, 2012v3.0"
"/Return/ReturnData/IRS990ScheduleN/LiquidationTable/LiquidationDetail/AddressUS/City",2586,1176,"2012v2.0, 2012v2.1, 2012v2.2, 2012v2.3, 2012v3.0"
"/Return/ReturnData/IRS990ScheduleN/LiquidationTable/LiquidationDetail/AddressUS/State",2586,1176,"2012v2.0, 2012v2.1, 2012v2.2, 2012v2.3, 2012v3.0"
"/Return/ReturnData/IRS990ScheduleN/LiquidationTable/LiquidationDetail/AddressUS/ZIPCode",2586,1176,"2012v2.0, 2012v2.1, 2012v2.2, 2012v2.3, 2012v3.0"
"/Return/ReturnData/IRS990ScheduleM/CarsAndOtherVehicles",2560,2560,"2012v2.0, 2012v2.1, 2012v2.2, 2012v2.3, 2012v3.0"
"/Return/ReturnData/IRS990ScheduleA/ValueOfSvcsFcltsFurnishdByGovt/CurrentTaxYearMinus1Year",2558,2558,"2012v2.0, 2012v2.1, 2012v2.2, 2012v2.3, 2012v3.0"
"/Return/ReturnData/IRS990ScheduleA/SupportingOrg509a3Type2",2557,2557,"2012v2.0, 2012v2.1, 2012v2.2, 2012v2.3, 2012v3.0"
"/Return/ReturnData/IRS990/TravelEntrtnmntPublicOfficials/ManagementAndGeneral",2555,2555,"2012v2.0, 2012v2.1, 2012v2.2, 2012v2.3, 2012v3.0"
"/Return/ReturnData/IRS990ScheduleA/ValueOfSvcsFcltsFurnishdByGovt/CurrentTaxYearMinus2Years",2555,2555,"2012v2.0, 2012v2.1, 2012v2.2, 2012v2.3, 2012v3.0"
"/Return/ReturnData/IRS990ScheduleC/Sec527PolOrgs/EIN",2553,949,"2012v2.0, 2012v2.1, 2012v2.2, 2012v2.3, 2012v3.0"
"/Return/ReturnData/IRS990/FeesForServicesLobbying/Fundraising",2551,2551,"2012v2.0, 2012v2.1, 2012v2.2, 2012v2.3, 2012v3.0"
"/Return/ReturnData/IRS990ScheduleF/Form990ScheduleFPartV/ReturnReference",2546,1740,"2012v2.0, 2012v2.1, 2012v2.2, 2012v2.3, 2012v3.0"
"/Return/ReturnData/IRS990ScheduleN/LiquidationTable/LiquidationDetail/IRCSection",2544,1136,"2012v2.0, 2012v2.1, 2012v2.2, 2012v2.3, 2012v3.0"
"/Return/ReturnData/IRS990ScheduleA/ValueOfSvcsFcltsFurnishdByGovt/CurrentTaxYearMinus3Years",2542,2542,"2012v2.0, 2012v2.1, 2012v2.2, 2012v2.3, 2012v3.0"
"/Return/ReturnData/IRS990ScheduleA/ValueOfSvcsFcltsFurnishdByGovt/CurrentTaxYearMinus4Years",2495,2495,"2012v2.0, 2012v2.1, 2012v2.2, 2012v2.3, 2012v3.0"
"/Return/ReturnData/IRS990ScheduleD/DisclosedForCharitablePurposes",2472,2472,"2012v2.0, 2012v2.1, 2012v2.2, 2012v2.3, 2012v3.0"
"/Return/ReturnData/IRS990ScheduleC/TotalLobbyingExpenditures2/CurrentYearMinus3",2462,2462,"2012v2.0, 2012v2.1, 2012v2.2, 2012v2.3, 2012v3.0"
"/Return/ReturnData/IRS990ScheduleA/Post1975UBTI/CurrentTaxYearMinus1Year",2457,2457,"2012v2.0, 2012v2.1, 2012v2.2, 2012v2.3, 2012v3.0"
"/Return/ReturnData/IRS990/Royalties/ManagementAndGeneral",2455,2455,"2012v2.0, 2012v2.1, 2012v2.2, 2012v2.3, 2012v3.0"
"/Return/ReturnData/IRS990ScheduleH",2454,2454,"2012v2.0, 2012v2.1, 2012v2.2, 2012v2.3, 2012v3.0"
"/Return/ReturnData/IRS990ScheduleH/CharityCarePolicy",2454,2454,"2012v2.0, 2012v2.1, 2012v2.2, 2012v2.3, 2012v3.0"
"/Return/ReturnData/IRS990ScheduleH/NumberOfHospitalFacilities",2454,2454,"2012v2.0, 2012v2.1, 2012v2.2, 2012v2.3, 2012v3.0"
"/Return/ReturnData/IRS990/FinancialStmtAttached",2453,2453,"2012v2.0, 2012v2.1, 2012v2.2, 2012v2.3, 2012v3.0"
"/Return/ReturnData/IRS990ScheduleN/LiquidationTable/LiquidationDetail/MethodOfFMVDetermination",2451,1107,"2012v2.0, 2012v2.1, 2012v2.2, 2012v2.3, 2012v3.0"
"/Return/ReturnData/IRS990ScheduleD/DisclosedOrgsLegalControl",2447,2447,"2012v2.0, 2012v2.1, 2012v2.2, 2012v2.3, 2012v3.0"
"/Return/ReturnData/IRS990ScheduleH/AnnualCommunityBenefitReport",2447,2447,"2012v2.0, 2012v2.1, 2012v2.2, 2012v2.3, 2012v3.0"
"/Return/ReturnData/IRS990ScheduleA/Post1975UBTI/CurrentTaxYearMinus2Years",2445,2445,"2012v2.0, 2012v2.1, 2012v2.2, 2012v2.3, 2012v3.0"
"/Return/ReturnData/IRS990ScheduleG/GamingInformation/OtherDirectExpensesPullTabs",2445,2445,"2012v2.0, 2012v2.1, 2012v2.2, 2012v2.3, 2012v3.0"
"/Return/ReturnData/IRS990ScheduleH/WrittenDebtCollectionPolicy",2442,2442,"2012v2.0, 2012v2.1, 2012v2.2, 2012v2.3, 2012v3.0"
"/Return/ReturnData/IRS990ScheduleH/BadDebtExpenseReported",2439,2439,"2012v2.0, 2012v2.1, 2012v2.2, 2012v2.3, 2012v3.0"
"/Return/ReturnData/IRS990ScheduleA/ValueOfSvcsFcltsFurnishdByGovt/CurrentTaxYear",2436,2436,"2012v2.0, 2012v2.1, 2012v2.2, 2012v2.3, 2012v3.0"
"/Return/ReturnData/IRS990ScheduleH/AmountsBudgetedForCharityCare",2435,2435,"2012v2.0, 2012v2.1, 2012v2.2, 2012v2.3, 2012v3.0"
"/Return/ReturnData/IRS990ScheduleH/FPGReferenceFreeCare",2435,2435,"2012v2.0, 2012v2.1, 2012v2.2, 2012v2.3, 2012v3.0"
"/Return/ReturnData/IRS990ScheduleG/EventsInformation/CashPrizesEvent2",2434,2434,"2012v2.0, 2012v2.1, 2012v2.2, 2012v2.3, 2012v3.0"
"/Return/ReturnData/IRS990ScheduleH/FPGReferenceDiscountedCare",2434,2434,"2012v2.0, 2012v2.1, 2012v2.2, 2012v2.3, 2012v3.0"
"/Return/ReturnData/IRS990ScheduleH/FreeDiscCareMedicallyIndigent",2434,2434,"2012v2.0, 2012v2.1, 2012v2.2, 2012v2.3, 2012v3.0"
"/Return/ReturnData/IRS990ScheduleH/WrittenPolicy",2434,2434,"2012v2.0, 2012v2.1, 2012v2.2, 2012v2.3, 2012v3.0"
"/Return/ReturnData/IRS990ScheduleH/TotalCommunityBenefits",2431,2431,"2012v2.0, 2012v2.1, 2012v2.2, 2012v2.3, 2012v3.0"
"/Return/ReturnData/IRS990ScheduleH/TotalCommunityBenefits/NetCommunityBenefitExpense",2430,2430,"2012v2.0, 2012v2.1, 2012v2.2, 2012v2.3, 2012v3.0"
"/Return/ReturnData/IRS990ScheduleH/TotalCommunityBenefits/TotalCommunityBenefitExpense",2430,2430,"2012v2.0, 2012v2.1, 2012v2.2, 2012v2.3, 2012v3.0"
"/Return/ReturnData/IRS990ScheduleH/TotalCharityCare",2425,2425,"2012v2.0, 2012v2.1, 2012v2.2, 2012v2.3, 2012v3.0"
"/Return/ReturnData/IRS990ScheduleH/BadDebtExpenseAmount",2424,2424,"2012v2.0, 2012v2.1, 2012v2.2, 2012v2.3, 2012v3.0"
"/Return/ReturnData/IRS990ScheduleH/TotalCharityCare/TotalCommunityBenefitExpense",2424,2424,"2012v2.0, 2012v2.1, 2012v2.2, 2012v2.3, 2012v3.0"
"/Return/ReturnData/IRS990ScheduleH/TotalCharityCare/NetCommunityBenefitExpense",2422,2422,"2012v2.0, 2012v2.1, 2012v2.2, 2012v2.3, 2012v3.0"
"/Return/ReturnData/IRS990ScheduleG/FundraiserActivityInformation/NameOfIndividual",2421,1585,"2012v2.0, 2012v2.1, 2012v2.2, 2012v2.3, 2012v3.0"
"/Return/ReturnData/IRS990ScheduleA/SupportingOrg509a3Type3FuncInt",2419,2419,"2012v2.0, 2012v2.1, 2012v2.2, 2012v2.3, 2012v3.0"
"/Return/ReturnData/IRS990ScheduleM/BooksAndPublications",2418,2418,"2012v2.0, 2012v2.1, 2012v2.2, 2012v2.3, 2012v3.0"
"/Return/ReturnData/IRS990ScheduleH/TotalCommunityBenefits/PercentOfTotalExpense",2417,2417,"2012v2.0, 2012v2.1, 2012v2.2, 2012v2.3, 2012v3.0"
"/Return/ReturnData/IRS990ScheduleH/TotalCharityCare/PercentOfTotalExpense",2402,2402,"2012v2.0, 2012v2.1, 2012v2.2, 2012v2.3, 2012v3.0"
"/Return/ReturnData/IRS990ScheduleA/Post1975UBTI/CurrentTaxYear",2398,2398,"2012v2.0, 2012v2.1, 2012v2.2, 2012v2.3, 2012v3.0"
"/Return/ReturnData/IRS990ScheduleH/CharityCareAtCost",2397,2397,"2012v2.0, 2012v2.1, 2012v2.2, 2012v2.3, 2012v3.0"
"/Return/ReturnData/IRS990ScheduleH/CharityCareAtCost/TotalCommunityBenefitExpense",2393,2393,"2012v2.0, 2012v2.1, 2012v2.2, 2012v2.3, 2012v3.0"
"/Return/ReturnData/IRS990ScheduleH/AmountReimbursedByMedicare",2390,2390,"2012v2.0, 2012v2.1, 2012v2.2, 2012v2.3, 2012v3.0"
"/Return/ReturnData/IRS990ScheduleH/CostOfCareReimbursedByMedicare",2390,2390,"2012v2.0, 2012v2.1, 2012v2.2, 2012v2.3, 2012v3.0"
"/Return/ReturnData/IRS990ScheduleH/CharityCareAtCost/NetCommunityBenefitExpense",2386,2386,"2012v2.0, 2012v2.1, 2012v2.2, 2012v2.3, 2012v3.0"
"/Return/ReturnData/IRS990ScheduleA/TaxRevLeviedForOrgBenefit509/CurrentTaxYearMinus2Years",2372,2372,"2012v2.0, 2012v2.1, 2012v2.2, 2012v2.3, 2012v3.0"
"/Return/ReturnData/IRS990ScheduleH/CostingMethodologyUsed",2372,2372,"2012v2.0, 2012v2.1, 2012v2.2, 2012v2.3, 2012v3.0"
"/Return/ReturnData/IRS990ScheduleH/CharityCareAtCost/PercentOfTotalExpense",2370,2370,"2012v2.0, 2012v2.1, 2012v2.2, 2012v2.3, 2012v3.0"
"/Return/ReturnData/IRS990ScheduleH/ProvisionForCharityCare",2370,2370,"2012v2.0, 2012v2.1, 2012v2.2, 2012v2.3, 2012v3.0"
"/Return/ReturnData/IRS990ScheduleG/GamingInformation/OtherDirectExpensesOtherGaming",2363,2363,"2012v2.0, 2012v2.1, 2012v2.2, 2012v2.3, 2012v3.0"
"/Return/ReturnData/IRS990ScheduleA/TaxRevLeviedForOrgBenefit509/CurrentTaxYearMinus3Years",2359,2359,"2012v2.0, 2012v2.1, 2012v2.2, 2012v2.3, 2012v3.0"
"/Return/ReturnData/IRS990ScheduleA/TaxRevLeviedForOrgBenefit509/CurrentTaxYearMinus1Year",2357,2357,"2012v2.0, 2012v2.1, 2012v2.2, 2012v2.3, 2012v3.0"
"/Return/ReturnData/IRS990ScheduleA/Post1975UBTI/CurrentTaxYearMinus3Years",2356,2356,"2012v2.0, 2012v2.1, 2012v2.2, 2012v2.3, 2012v3.0"
"/Return/ReturnData/IRS990ScheduleN",2350,2350,"2012v2.0, 2012v2.1, 2012v2.2, 2012v2.3, 2012v3.0"
"/Return/ReturnData/IRS990ScheduleK/Form990ScheduleKPartIV/SuperintegratedHedge",2345,1512,"2012v2.0, 2012v2.1, 2012v2.2, 2012v2.3, 2012v3.0"
"/Return/ReturnData/IRS990ScheduleM/DrugsAndMedicalSupplies",2341,2341,"2012v2.0, 2012v2.1, 2012v2.2, 2012v2.3, 2012v3.0"
"/Return/ReturnData/IRS990ScheduleH/MedicareSurplusOrShortfall",2335,2335,"2012v2.0, 2012v2.1, 2012v2.2, 2012v2.3, 2012v3.0"
"/Return/ReturnData/IRS990ScheduleF/TotalNumberOf501c3Orgs",2333,2333,"2012v2.0, 2012v2.1, 2012v2.2, 2012v2.3, 2012v3.0"
"/Return/ReturnData/IRS990/NetGainOrLossInvestments/UnrelatedBusinessRevenue",2332,2332,"2012v2.0, 2012v2.1, 2012v2.2, 2012v2.3, 2012v3.0"
"/Return/ReturnData/IRS990ScheduleK/Form990ScheduleKPartIV/HedgeTerminated",2330,1512,"2012v2.0, 2012v2.1, 2012v2.2, 2012v2.3, 2012v3.0"
"/Return/ReturnData/IRS990ScheduleH/TotalCommunityBenefits/DirectOffsettingRevenue",2314,2314,"2012v2.0, 2012v2.1, 2012v2.2, 2012v2.3, 2012v3.0"
"/Return/ReturnData/IRS990ScheduleA/TaxRevLeviedForOrgBenefit509/CurrentTaxYearMinus4Years",2299,2299,"2012v2.0, 2012v2.1, 2012v2.2, 2012v2.3, 2012v3.0"
"/Return/ReturnData/IRS990ScheduleN/LiquidationTable/LiquidationDetail/EIN",2299,1034,"2012v2.0, 2012v2.1, 2012v2.2, 2012v2.3, 2012v3.0"
"/Return/ReturnData/IRS990ScheduleG/Form990ScheduleGPartIV",2279,2016,"2012v2.0, 2012v2.1, 2012v2.2, 2012v2.3, 2012v3.0"
"/Return/ReturnData/IRS990ScheduleG/EventsInformation/NonCashPrizesOtherEvents",2276,2276,"2012v2.0, 2012v2.1, 2012v2.2, 2012v2.3, 2012v3.0"
"/Return/ReturnData/IRS990ScheduleG/Form990ScheduleGPartIV/Explanation",2274,2011,"2012v2.0, 2012v2.1, 2012v2.2, 2012v2.3, 2012v3.0"
"/Return/ReturnData/IRS990ScheduleG/GamingInformation/CashPrizesPullTabs",2268,2268,"2012v2.0, 2012v2.1, 2012v2.2, 2012v2.3, 2012v3.0"
"/Return/ReturnData/IRS990ScheduleA/Post1975UBTI/CurrentTaxYearMinus4Years",2265,2265,"2012v2.0, 2012v2.1, 2012v2.2, 2012v2.3, 2012v3.0"
"/Return/ReturnData/IRS990ScheduleH/UnreimbursedMedicaid",2263,2263,"2012v2.0, 2012v2.1, 2012v2.2, 2012v2.3, 2012v3.0"
"/Return/ReturnData/IRS990ScheduleH/ExpensesExceededBudget",2261,2261,"2012v2.0, 2012v2.1, 2012v2.2, 2012v2.3, 2012v3.0"
"/Return/ReturnData/IRS990/TravelEntrtnmntPublicOfficials/Fundraising",2259,2259,"2012v2.0, 2012v2.1, 2012v2.2, 2012v2.3, 2012v3.0"
"/Return/ReturnData/IRS990ScheduleH/UnreimbursedMedicaid/TotalCommunityBenefitExpense",2257,2257,"2012v2.0, 2012v2.1, 2012v2.2, 2012v2.3, 2012v3.0"
"/Return/ReturnData/IRS990ScheduleH/UnreimbursedMedicaid/NetCommunityBenefitExpense",2249,2249,"2012v2.0, 2012v2.1, 2012v2.2, 2012v2.3, 2012v3.0"
"/Return/ReturnData/IRS990ScheduleH/TotalOtherBenefits",2247,2247,"2012v2.0, 2012v2.1, 2012v2.2, 2012v2.3, 2012v3.0"
"/Return/ReturnData/IRS990ScheduleH/TotalOtherBenefits/NetCommunityBenefitExpense",2246,2246,"2012v2.0, 2012v2.1, 2012v2.2, 2012v2.3, 2012v3.0"
"/Return/ReturnData/IRS990ScheduleH/TotalOtherBenefits/TotalCommunityBenefitExpense",2246,2246,"2012v2.0, 2012v2.1, 2012v2.2, 2012v2.3, 2012v3.0"
"/Return/ReturnData/IRS990/Royalties/Fundraising",2244,2244,"2012v2.0, 2012v2.1, 2012v2.2, 2012v2.3, 2012v3.0"
"/Return/ReturnData/IRS990ScheduleC/DirectContactLegislatorsAmount",2244,2244,"2012v2.0, 2012v2.1, 2012v2.2, 2012v2.3, 2012v3.0"
"/Return/ReturnData/IRS990ScheduleA/TaxRevLeviedForOrgBenefit509/CurrentTaxYear",2241,2241,"2012v2.0, 2012v2.1, 2012v2.2, 2012v2.3, 2012v3.0"
"/Return/ReturnData/IRS990ScheduleG/GamingInformation/OtherDirectExpensesBingo",2225,2225,"2012v2.0, 2012v2.1, 2012v2.2, 2012v2.3, 2012v3.0"
"/Return/ReturnData/IRS990ScheduleH/TotalOtherBenefits/PercentOfTotalExpense",2221,2221,"2012v2.0, 2012v2.1, 2012v2.2, 2012v2.3, 2012v3.0"
"/Return/ReturnData/IRS990/LessRentalExpenses/Personal",2220,2220,"2012v2.0, 2012v2.1, 2012v2.2, 2012v2.3, 2012v3.0"
"/Return/ReturnData/IRS990ScheduleH/TotalCharityCare/DirectOffsettingRevenue",2220,2220,"2012v2.0, 2012v2.1, 2012v2.2, 2012v2.3, 2012v3.0"
"/Return/ReturnData/IRS990ScheduleK/Form990ScheduleKPartIII/EngageBondCounselContracts",2204,974,"2012v2.0, 2012v2.1, 2012v2.2, 2012v2.3, 2012v3.0"
"/Return/ReturnData/IRS990ScheduleJ/TravelForCompanions",2198,2198,"2012v2.0, 2012v2.1, 2012v2.2, 2012v2.3, 2012v3.0"
"/Return/ReturnData/IRS990ScheduleR/Form990ScheduleRPartII/NameOfDisregardedEntity/BusinessNameLine2",2182,1038,"2012v2.0, 2012v2.1, 2012v2.2, 2012v2.3, 2012v3.0"
"/Return/ReturnData/IRS990ScheduleH/UnreimbursedMedicaid/PercentOfTotalExpense",2173,2173,"2012v2.0, 2012v2.1, 2012v2.2, 2012v2.3, 2012v3.0"
"/Return/ReturnData/IRS990EZ/InitialReturn",2162,2162,"2012v2.0, 2012v2.1, 2012v2.2, 2012v2.3, 2012v3.0"
"/Return/ReturnData/IRS990ScheduleH/UnreimbursedMedicaid/DirectOffsettingRevenue",2161,2161,"2012v2.0, 2012v2.1, 2012v2.2, 2012v2.3, 2012v3.0"
"/Return/ReturnData/IRS990ScheduleH/Form990ScheduleHPartVSectionB/CHNAConducted",2157,1767,"2012v2.0, 2012v2.1, 2012v2.2, 2012v2.3, 2012v3.0"
"/Return/ReturnData/IRS990ScheduleA/WrittenIRSDetermination",2147,2147,"2012v2.0, 2012v2.1, 2012v2.2, 2012v2.3, 2012v3.0"
"/Return/ReturnData/IRS990ScheduleD/CloselyHeldEquityInterests",2128,2128,"2012v2.0, 2012v2.1, 2012v2.2, 2012v2.3, 2012v3.0"
"/Return/ReturnData/IRS990ScheduleL/LoanTable/NameBusiness",2111,1142,"2012v2.0, 2012v2.1, 2012v2.2, 2012v2.3, 2012v3.0"
"/Return/ReturnData/IRS990ScheduleL/LoanTable/NameBusiness/BusinessNameLine1",2111,1142,"2012v2.0, 2012v2.1, 2012v2.2, 2012v2.3, 2012v3.0"
"/Return/ReturnData/IRS990/NetIncomeFromFundraisingEvents/UnrelatedBusinessRevenue",2078,2078,"2012v2.0, 2012v2.1, 2012v2.2, 2012v2.3, 2012v3.0"
"/Return/ReturnData/IRS990ScheduleF/GrantsToIndOutsideUS/MethodOfValuation",2068,499,"2012v2.0, 2012v2.1, 2012v2.2, 2012v2.3, 2012v3.0"
"/Return/ReturnData/IRS990ScheduleH/ReportPublicallyAvailable",2029,2029,"2012v2.0, 2012v2.1, 2012v2.2, 2012v2.3, 2012v3.0"
"/Return/ReturnData/IRS990ScheduleM/RealEstateResidential",2029,2029,"2012v2.0, 2012v2.1, 2012v2.2, 2012v2.3, 2012v3.0"
"/Return/ReturnData/IRS990ScheduleL/Form990ScheduleLPartV/ReturnReference",2019,1814,"2012v2.0, 2012v2.1, 2012v2.2, 2012v2.3, 2012v3.0"
"/Return/ReturnData/IRS990ScheduleM/RealEstateCommercial",2017,2017,"2012v2.0, 2012v2.1, 2012v2.2, 2012v2.3, 2012v3.0"
"/Return/ReturnData/IRS990/JointCosts",2013,2013,"2012v2.0, 2012v2.1, 2012v2.2, 2012v2.3, 2012v3.0"
"/Return/ReturnData/IRS990ScheduleH/CommunityHealthServices",2013,2013,"2012v2.0, 2012v2.1, 2012v2.2, 2012v2.3, 2012v3.0"
"/Return/ReturnData/IRS990ScheduleH/CommunityHealthServices/NetCommunityBenefitExpense",2010,2010,"2012v2.0, 2012v2.1, 2012v2.2, 2012v2.3, 2012v3.0"
"/Return/ReturnData/IRS990ScheduleG/GamingInformation/CashPrizesBingo",2008,2008,"2012v2.0, 2012v2.1, 2012v2.2, 2012v2.3, 2012v3.0"
"/Return/ReturnData/IRS990ScheduleH/CommunityHealthServices/TotalCommunityBenefitExpense",2004,2004,"2012v2.0, 2012v2.1, 2012v2.2, 2012v2.3, 2012v3.0"
"/Return/ReturnData/IRS990ScheduleC/TotLobbyExpendMnsLobbyingNontx/FilingOrganizationsTotals",2000,2000,"2012v2.0, 2012v2.1, 2012v2.2, 2012v2.3, 2012v3.0"
"/Return/ReturnData/IRS990ScheduleH/CommunityHealthServices/PercentOfTotalExpense",1992,1992,"2012v2.0, 2012v2.1, 2012v2.2, 2012v2.3, 2012v3.0"
"/Return/ReturnData/IRS990ScheduleG/Form990ScheduleGPartIV/Identifier",1970,1793,"2012v2.0, 2012v2.1, 2012v2.2, 2012v2.3, 2012v3.0"
"/Return/ReturnData/IRS990/AccountantCompileOrReviewBasis/FinancialStatementConsolidated",1966,1966,"2012v2.0, 2012v2.1, 2012v2.2, 2012v2.3, 2012v3.0"
"/Return/ReturnData/IRS990ScheduleD/PriorYearAdjustments",1960,1960,"2012v2.0, 2012v2.1, 2012v2.2, 2012v2.3, 2012v3.0"
"/Return/ReturnData/IRS990ScheduleK/Form990ScheduleKPartIV/TermOfHedge",1946,1347,"2012v2.0, 2012v2.1, 2012v2.2, 2012v2.3, 2012v3.0"
"/Return/ReturnData/IRS990ScheduleC/TotLobbyingGrassrootMinusNonTx/FilingOrganizationsTotals",1945,1945,"2012v2.0, 2012v2.1, 2012v2.2, 2012v2.3, 2012v3.0"
"/Return/ReturnData/IRS990ScheduleL/Form990ScheduleLPartIII",1945,961,"2012v2.0, 2012v2.1, 2012v2.2, 2012v2.3, 2012v3.0"
"/Return/ReturnData/IRS990/Form990PartVIISectionA/NameBusiness/BusinessNameLine2",1944,367,"2012v2.0, 2012v2.1, 2012v2.2, 2012v2.3, 2012v3.0"
"/Return/ReturnData/IRS990ScheduleM/RealEstateOther",1940,1940,"2012v2.0, 2012v2.1, 2012v2.2, 2012v2.3, 2012v3.0"
"/Return/ReturnData/IRS990/NetIncomeFromGaming/UnrelatedBusinessRevenue",1918,1918,"2012v2.0, 2012v2.1, 2012v2.2, 2012v2.3, 2012v3.0"
"/Return/ReturnData/IRS990ScheduleH/Form990ScheduleHPartVSectionB/MedicalIndigency",1916,1543,"2012v2.0, 2012v2.1, 2012v2.2, 2012v2.3, 2012v3.0"
"/Return/ReturnData/IRS990/TotalJointCosts",1915,1915,"2012v2.0, 2012v2.1, 2012v2.2, 2012v2.3, 2012v3.0"
"/Return/ReturnData/IRS990ScheduleG/GamingInformation/RentFacilityCostsTotalGaming",1915,1915,"2012v2.0, 2012v2.1, 2012v2.2, 2012v2.3, 2012v3.0"
"/Return/ReturnData/IRS990/TotalJointCosts/Total",1894,1894,"2012v2.0, 2012v2.1, 2012v2.2, 2012v2.3, 2012v3.0"
"/Return/ReturnData/IRS990ScheduleH/Form990ScheduleHPartVSectionB/UsedOtherMethod",1885,1549,"2012v2.0, 2012v2.1, 2012v2.2, 2012v2.3, 2012v3.0"
"/Return/ReturnData/IRS990ScheduleH/Form990ScheduleHPartVSectionB/OtherFacilities",1876,1552,"2012v2.0, 2012v2.1, 2012v2.2, 2012v2.3, 2012v3.0"
"/Return/ReturnData/IRS990ScheduleH/Form990ScheduleHPartVSectionB/TakeIntoAccount",1875,1551,"2012v2.0, 2012v2.1, 2012v2.2, 2012v2.3, 2012v3.0"
"/Return/ReturnData/IRS990ScheduleH/Form990ScheduleHPartVSectionB/CHNAWidelyAvailable",1871,1551,"2012v2.0, 2012v2.1, 2012v2.2, 2012v2.3, 2012v3.0"
"/Return/ReturnData/IRS990ScheduleH/Form990ScheduleHPartVSectionB/PostedOnWebsite",1870,1543,"2012v2.0, 2012v2.1, 2012v2.2, 2012v2.3, 2012v3.0"
"/Return/ReturnData/IRS990EZ/LoansToFromOfficers",1869,1869,"2012v2.0, 2012v2.1, 2012v2.2, 2012v2.3, 2012v3.0"
"/Return/ReturnData/IRS990ScheduleH/Form990ScheduleHPartVSectionB/AllNeedsAddressed",1867,1550,"2012v2.0, 2012v2.1, 2012v2.2, 2012v2.3, 2012v3.0"
"/Return/ReturnData/IRS990ScheduleA/SupportingOrg509a3Type3NonFunc",1865,1865,"2012v2.0, 2012v2.1, 2012v2.2, 2012v2.3, 2012v3.0"
"/Return/ReturnData/IRS990ScheduleD/LossesReported",1865,1865,"2012v2.0, 2012v2.1, 2012v2.2, 2012v2.3, 2012v3.0"
"/Return/ReturnData/IRS990ScheduleH/Form990ScheduleHPartVSectionB/OrganizationIncurExciseTax",1863,1551,"2012v2.0, 2012v2.1, 2012v2.2, 2012v2.3, 2012v3.0"
"/Return/ReturnData/IRS990ScheduleH/Form990ScheduleHPartVSectionB/NeedsAssessmentConducted",1855,1538,"2012v2.0, 2012v2.1, 2012v2.2, 2012v2.3, 2012v3.0"
"/Return/ReturnData/IRS990ScheduleG/GamingInformation/CashPrizesOtherGaming",1852,1852,"2012v2.0, 2012v2.1, 2012v2.2, 2012v2.3, 2012v3.0"
"/Return/ReturnData/IRS990ScheduleH/Form990ScheduleHPartVSectionB/CommunityDefinition",1849,1538,"2012v2.0, 2012v2.1, 2012v2.2, 2012v2.3, 2012v3.0"
"/Return/ReturnData/IRS990ScheduleH/Form990ScheduleHPartVSectionB/CommunityHealthNeeds",1849,1537,"2012v2.0, 2012v2.1, 2012v2.2, 2012v2.3, 2012v3.0"
"/Return/ReturnData/IRS990ScheduleG/GamingInformation/VolunteerLaborPrcntOtherGaming",1848,1848,"2012v2.0, 2012v2.1, 2012v2.2, 2012v2.3, 2012v3.0"
"/Return/ReturnData/IRS990ScheduleH/Form990ScheduleHPartVSectionB/CommunityDemographics",1843,1534,"2012v2.0, 2012v2.1, 2012v2.2, 2012v2.3, 2012v3.0"
"/Return/ReturnData/IRS990ScheduleH/Form990ScheduleHPartVSectionB/HowDataObtained",1843,1531,"2012v2.0, 2012v2.1, 2012v2.2, 2012v2.3, 2012v3.0"
"/Return/ReturnData/IRS990ScheduleC/TaxableAmount",1836,1836,"2012v2.0, 2012v2.1, 2012v2.2, 2012v2.3, 2012v3.0"
"/Return/ReturnData/IRS990ScheduleR/Form990ScheduleRPartI/DirectControllingEntityNA",1829,896,"2012v2.0, 2012v2.1, 2012v2.2, 2012v2.3, 2012v3.0"
"/Return/ReturnData/IRS990ScheduleM/Collectibles",1822,1822,"2012v2.0, 2012v2.1, 2012v2.2, 2012v2.3, 2012v3.0"
"/Return/ReturnData/IRS990ScheduleL/Form990ScheduleLPartIII/AmountOfGrant",1820,895,"2012v2.0, 2012v2.1, 2012v2.2, 2012v2.3, 2012v3.0"
"/Return/ReturnData/IRS990EZ/ProgramServiceAccomplishment/IncludesForeignGrants",1818,1298,"2012v2.0, 2012v2.1, 2012v2.2, 2012v2.3, 2012v3.0"
"/Return/ReturnData/IRS990ScheduleH/Form990ScheduleHPartVSectionB/IdentifyingProcess",1806,1502,"2012v2.0, 2012v2.1, 2012v2.2, 2012v2.3, 2012v3.0"
"/Return/ReturnData/IRS990ScheduleH/Form990ScheduleHPartVSectionB/AssetLevel",1800,1496,"2012v2.0, 2012v2.1, 2012v2.2, 2012v2.3, 2012v3.0"
"/Return/ReturnData/IRS990ScheduleH/Form990ScheduleHPartVSectionB/ConsultingProcess",1792,1491,"2012v2.0, 2012v2.1, 2012v2.2, 2012v2.3, 2012v3.0"
"/Return/ReturnData/IRS990ScheduleH/Form990ScheduleHPartVSectionB/NotifiedAllPatients",1764,1463,"2012v2.0, 2012v2.1, 2012v2.2, 2012v2.3, 2012v3.0"
"/Return/ReturnData/IRS990ScheduleH/Form990ScheduleHPartVSectionB/OtherHealthIssues",1759,1457,"2012v2.0, 2012v2.1, 2012v2.2, 2012v2.3, 2012v3.0"
"/Return/ReturnData/IRS990ScheduleH/Form990ScheduleHPartVSectionB/ExistingResources",1752,1453,"2012v2.0, 2012v2.1, 2012v2.2, 2012v2.3, 2012v3.0"
"/Return/ReturnData/IRS990ScheduleH/Form990ScheduleHPartVSectionB/InsuranceStatus",1752,1406,"2012v2.0, 2012v2.1, 2012v2.2, 2012v2.3, 2012v3.0"
"/Return/ReturnData/IRS990ScheduleH/Form990ScheduleHPartVSectionB/UninsuredDiscount",1752,1400,"2012v2.0, 2012v2.1, 2012v2.2, 2012v2.3, 2012v3.0"
"/Return/ReturnData/IRS990ScheduleH/Form990ScheduleHPartVSectionB/OwnWebsite",1742,1440,"2012v2.0, 2012v2.1, 2012v2.2, 2012v2.3, 2012v3.0"
"/Return/ReturnData/IRS990ScheduleH/Form990ScheduleHPartVSectionB/AdoptImplementStrategy",1741,1437,"2012v2.0, 2012v2.1, 2012v2.2, 2012v2.3, 2012v3.0"
"/Return/ReturnData/IRS990ScheduleC/PoliticalExpenditures",1738,1738,"2012v2.0, 2012v2.1, 2012v2.2, 2012v2.3, 2012v3.0"
"/Return/ReturnData/IRS990ScheduleG/GamingManagerIsDirectorOfficer",1735,1735,"2012v2.0, 2012v2.1, 2012v2.2, 2012v2.3, 2012v3.0"
"/Return/ReturnData/IRS990ScheduleL/Form990ScheduleLPartIII/TypeOfAssistance",1733,898,"2012v2.0, 2012v2.1, 2012v2.2, 2012v2.3, 2012v3.0"
"/Return/ReturnData/IRS990ScheduleH/CashAndInKindContributions",1728,1728,"2012v2.0, 2012v2.1, 2012v2.2, 2012v2.3, 2012v3.0"
"/Return/ReturnData/IRS990ScheduleH/CashAndInKindContributions/NetCommunityBenefitExpense",1712,1712,"2012v2.0, 2012v2.1, 2012v2.2, 2012v2.3, 2012v3.0"
"/Return/ReturnData/IRS990ScheduleH/TotalOtherBenefits/DirectOffsettingRevenue",1709,1709,"2012v2.0, 2012v2.1, 2012v2.2, 2012v2.3, 2012v3.0"
"/Return/ReturnData/IRS990ScheduleH/CashAndInKindContributions/TotalCommunityBenefitExpense",1707,1707,"2012v2.0, 2012v2.1, 2012v2.2, 2012v2.3, 2012v3.0"
"/Return/ReturnData/IRS990ScheduleN/LiquidationTable/LiquidationDetail/NameBusiness",1706,708,"2012v2.0, 2012v2.1, 2012v2.2, 2012v2.3, 2012v3.0"
"/Return/ReturnData/IRS990ScheduleN/LiquidationTable/LiquidationDetail/NameBusiness/BusinessNameLine1",1706,708,"2012v2.0, 2012v2.1, 2012v2.2, 2012v2.3, 2012v3.0"
"/Return/ReturnData/IRS990ScheduleH/Form990ScheduleHPartVSectionB/OnRequest",1705,1412,"2012v2.0, 2012v2.1, 2012v2.2, 2012v2.3, 2012v3.0"
"/Return/ReturnData/IRS990ScheduleC/GrassrootsLobbyingExpenditures",1704,1704,"2012v2.0, 2012v2.1, 2012v2.2, 2012v2.3, 2012v3.0"
"/Return/ReturnData/IRS990ScheduleD/CollectUsedForScholarResearch",1698,1698,"2012v2.0, 2012v2.1, 2012v2.2, 2012v2.3, 2012v3.0"
"/Return/ReturnData/IRS990ScheduleH/Form990ScheduleHPartVSectionB/DocumentedDetermination",1697,1397,"2012v2.0, 2012v2.1, 2012v2.2, 2012v2.3, 2012v3.0"
"/Return/ReturnData/IRS990ScheduleH/AmountAttributableTo",1690,1690,"2012v2.0, 2012v2.1, 2012v2.2, 2012v2.3, 2012v3.0"
"/Return/ReturnData/IRS990ScheduleH/HealthProfessionsEducation",1685,1685,"2012v2.0, 2012v2.1, 2012v2.2, 2012v2.3, 2012v3.0"
"/Return/ReturnData/IRS990ScheduleD/WrittenPolicyMonitoring",1682,1682,"2012v2.0, 2012v2.1, 2012v2.2, 2012v2.3, 2012v3.0"
"/Return/ReturnData/IRS990ScheduleH/CashAndInKindContributions/PercentOfTotalExpense",1673,1673,"2012v2.0, 2012v2.1, 2012v2.2, 2012v2.3, 2012v3.0"
"/Return/ReturnData/IRS990ScheduleL/Form990ScheduleLPartIII/RelationshipWithOrganization",1671,758,"2012v2.0, 2012v2.1, 2012v2.2, 2012v2.3, 2012v3.0"
"/Return/ReturnData/IRS990ScheduleH/Form990ScheduleHPartVSectionB/PrioritizeHealthNeeds",1667,1380,"2012v2.0, 2012v2.1, 2012v2.2, 2012v2.3, 2012v3.0"
"/Return/ReturnData/IRS990ScheduleH/HealthProfessionsEducation/NetCommunityBenefitExpense",1666,1666,"2012v2.0, 2012v2.1, 2012v2.2, 2012v2.3, 2012v3.0"
"/Return/ReturnData/IRS990ScheduleH/HealthProfessionsEducation/TotalCommunityBenefitExpense",1664,1664,"2012v2.0, 2012v2.1, 2012v2.2, 2012v2.3, 2012v3.0"
"/Return/ReturnData/IRS990ScheduleD/FinancialDerivatives",1654,1654,"2012v2.0, 2012v2.1, 2012v2.2, 2012v2.3, 2012v3.0"
"/Return/ReturnData/IRS990ScheduleH/HealthProfessionsEducation/PercentOfTotalExpense",1644,1644,"2012v2.0, 2012v2.1, 2012v2.2, 2012v2.3, 2012v3.0"
"/Return/ReturnData/IRS990/AmendedReturn",1635,1635,"2012v2.0, 2012v2.1, 2012v2.2, 2012v2.3, 2012v3.0"
"/Return/ReturnData/IRS990ScheduleD/RecoveriesOfPriorYearGrants",1633,1633,"2012v2.0, 2012v2.1, 2012v2.2, 2012v2.3, 2012v3.0"
"/Return/ReturnData/IRS990ScheduleF/TotalNumberOfOtherOrgs",1624,1624,"2012v2.0, 2012v2.1, 2012v2.2, 2012v2.3, 2012v3.0"
"/Return/ReturnData/IRS990ScheduleH/Form990ScheduleHPartVSectionB/PostedInAdmissionOffice",1624,1377,"2012v2.0, 2012v2.1, 2012v2.2, 2012v2.3, 2012v3.0"
"/Return/ReturnData/IRS990ScheduleC/GrassrootsLobbyingExpenditures/Total",1621,1621,"2012v2.0, 2012v2.1, 2012v2.2, 2012v2.3, 2012v3.0"
"/Return/ReturnData/IRS990ScheduleF/GrantsToIndOutsideUS/DescriptionOfNonCashAssistance",1608,361,"2012v2.0, 2012v2.1, 2012v2.2, 2012v2.3, 2012v3.0"
"/Return/ReturnData/IRS990ScheduleH/CostingMethodologyUsed/CostToChargeRatio",1601,1601,"2012v2.0, 2012v2.1, 2012v2.2, 2012v2.3, 2012v3.0"
"/Return/ReturnData/IRS990ScheduleD/NumberDAFsHeld",1590,1590,"2012v2.0, 2012v2.1, 2012v2.2, 2012v2.3, 2012v3.0"
"/Return/ReturnData/IRS990ScheduleH/Form990ScheduleHPartVSectionB/MedicaidMedicare",1583,1290,"2012v2.0, 2012v2.1, 2012v2.2, 2012v2.3, 2012v3.0"
"/Return/ReturnData/IRS990/OtherExplainInSchO",1580,1580,"2012v2.0, 2012v2.1, 2012v2.2, 2012v2.3, 2012v3.0"
"/Return/ReturnData/IRS990ScheduleC/TotalGrassrootsLobbying/FilingOrganizationsTotals",1580,1580,"2012v2.0, 2012v2.1, 2012v2.2, 2012v2.3, 2012v3.0"
"/Return/ReturnData/IRS990ScheduleI/RecipientTable/RecipientNameBusiness/BusinessNameLine2",1574,614,"2012v2.0, 2012v2.1, 2012v2.2, 2012v2.3, 2012v3.0"
"/Return/ReturnData/IRS990ScheduleH/Form990ScheduleHPartVSectionB/NotifyUponAdmission",1563,1270,"2012v2.0, 2012v2.1, 2012v2.2, 2012v2.3, 2012v3.0"
"/Return/ReturnData/IRS990ScheduleH/Form990ScheduleHPartVSectionB/PrioritizeServices",1560,1290,"2012v2.0, 2012v2.1, 2012v2.2, 2012v2.3, 2012v3.0"
"/Return/ReturnData/IRS990ScheduleH/Form990ScheduleHPartVSectionB/PostedInEmergencyRoom",1555,1320,"2012v2.0, 2012v2.1, 2012v2.2, 2012v2.3, 2012v3.0"
"/Return/ReturnData/IRS990ScheduleG/Form990ScheduleGPartIV/ReturnReference",1553,1397,"2012v2.0, 2012v2.1, 2012v2.2, 2012v2.3, 2012v3.0"
"/Return/ReturnData/IRS990ScheduleM/HistoricalArtifacts",1543,1543,"2012v2.0, 2012v2.1, 2012v2.2, 2012v2.3, 2012v3.0"
"/Return/ReturnData/IRS990ScheduleD/ArtPublicExhibitionAmts/AssetsInPartX",1541,1541,"2012v2.0, 2012v2.1, 2012v2.2, 2012v2.3, 2012v3.0"
"/Return/ReturnData/IRS990/TheBooksAreInCareOf/NameBusiness/BusinessNameLine2",1540,1540,"2012v2.0, 2012v2.1, 2012v2.2, 2012v2.3, 2012v3.0"
"/Return/ReturnData/IRS990ScheduleM/WorksOfArt/NonCashCheckbox",1537,1537,"2012v2.0, 2012v2.1, 2012v2.2, 2012v2.3, 2012v3.0"
"/Return/ReturnData/IRS990/GrossIncomeFromMembers",1532,1532,"2012v2.0, 2012v2.1, 2012v2.2, 2012v2.3, 2012v3.0"
"/Return/ReturnData/IRS990ScheduleM/SecuritiesCloselyHeldStock",1527,1527,"2012v2.0, 2012v2.1, 2012v2.2, 2012v2.3, 2012v3.0"
"/Return/ReturnData/IRS990ScheduleD/AggregateDAFValue",1526,1526,"2012v2.0, 2012v2.1, 2012v2.2, 2012v2.3, 2012v3.0"
"/Return/ReturnData/IRS990ScheduleM/WorksOfArt/NumberOfContributions",1526,1526,"2012v2.0, 2012v2.1, 2012v2.2, 2012v2.3, 2012v3.0"
"/Return/ReturnData/IRS990ScheduleM/BoatsAndPlanes",1519,1519,"2012v2.0, 2012v2.1, 2012v2.2, 2012v2.3, 2012v3.0"
"/Return/ReturnData/IRS990ScheduleN/AssetsDistributed",1506,1506,"2012v2.0, 2012v2.1, 2012v2.2, 2012v2.3, 2012v3.0"
"/Return/ReturnData/IRS990ScheduleN/DirectorOfSuccessor",1502,1502,"2012v2.0, 2012v2.1, 2012v2.2, 2012v2.3, 2012v3.0"
"/Return/ReturnData/IRS990ScheduleN/LiabilitiesPaid",1502,1502,"2012v2.0, 2012v2.1, 2012v2.2, 2012v2.3, 2012v3.0"
"/Return/ReturnData/IRS990ScheduleN/BondsOutstanding",1501,1501,"2012v2.0, 2012v2.1, 2012v2.2, 2012v2.3, 2012v3.0"
"/Return/ReturnData/IRS990ScheduleN/EmployeeOfSuccessor",1501,1501,"2012v2.0, 2012v2.1, 2012v2.2, 2012v2.3, 2012v3.0"
"/Return/ReturnData/IRS990ScheduleN/OwnerOfSuccessor",1501,1501,"2012v2.0, 2012v2.1, 2012v2.2, 2012v2.3, 2012v3.0"
"/Return/ReturnData/IRS990ScheduleN/ReceiveCompensation",1501,1501,"2012v2.0, 2012v2.1, 2012v2.2, 2012v2.3, 2012v3.0"
"/Return/ReturnData/IRS990ScheduleN/RequiredToNotifyAG",1499,1499,"2012v2.0, 2012v2.1, 2012v2.2, 2012v2.3, 2012v3.0"
"/Return/ReturnData/IRS990ScheduleM/SecuritiesMiscellaneous",1496,1496,"2012v2.0, 2012v2.1, 2012v2.3, 2012v3.0"
"/Return/ReturnData/IRS990ScheduleM/SecuritiesPrtnrshpTrustIntrsts",1493,1493,"2012v2.0, 2012v2.1, 2012v2.2, 2012v2.3, 2012v3.0"
"/Return/ReturnData/IRS990ScheduleM/QualifiedContribOther",1487,1487,"2012v2.0, 2012v2.1, 2012v2.2, 2012v2.3, 2012v3.0"
"/Return/ReturnData/IRS990ScheduleG/GamingInformation/VolunteerLaborPercentageBingo",1482,1482,"2012v2.0, 2012v2.1, 2012v2.2, 2012v2.3, 2012v3.0"
"/Return/ReturnData/IRS990ScheduleM/ArtHistoricalTreasures",1479,1479,"2012v2.0, 2012v2.1, 2012v2.2, 2012v2.3, 2012v3.0"
"/Return/ReturnData/IRS990/GrossIncomeOtherSources",1476,1476,"2012v2.0, 2012v2.1, 2012v2.2, 2012v2.3, 2012v3.0"
"/Return/ReturnData/IRS990ScheduleH/Form990ScheduleHPartVSectionC",1470,1470,"2012v2.0, 2012v2.1, 2012v2.2, 2012v2.3, 2012v3.0"
"/Return/ReturnData/IRS990ScheduleH/Form990ScheduleHPartVSectionC/NumberOfOtherFacilities",1470,1470,"2012v2.0, 2012v2.1, 2012v2.2, 2012v2.3, 2012v3.0"
"/Return/ReturnData/IRS990ScheduleH/Form990ScheduleHPartVSectionB/ExecuteImplementStrategy",1460,1175,"2012v2.0, 2012v2.1, 2012v2.2, 2012v2.3, 2012v3.0"
"/Return/ReturnData/IRS990ScheduleG/EventsInformation/CashPrizesOtherEvents",1451,1451,"2012v2.0, 2012v2.1, 2012v2.2, 2012v2.3, 2012v3.0"
"/Return/ReturnData/IRS990ScheduleJ/IdemnificationGrossUpPayments",1444,1444,"2012v2.0, 2012v2.1, 2012v2.2, 2012v2.3, 2012v3.0"
"/Return/ReturnData/IRS990ScheduleM/IntellectualProperty",1444,1444,"2012v2.0, 2012v2.1, 2012v2.2, 2012v2.3, 2012v3.0"
"/Return/ReturnData/IRS990ScheduleN/DispositionTable",1441,824,"2012v2.0, 2012v2.1, 2012v2.2, 2012v2.3, 2012v3.0"
"/Return/ReturnData/IRS990ScheduleN/LiquidationTable",1438,1438,"2012v2.0, 2012v2.1, 2012v2.2, 2012v2.3, 2012v3.0"
"/Return/ReturnData/IRS990ScheduleA/CommunityTrust170b1Avi",1437,1437,"2012v2.0, 2012v2.1, 2012v2.2, 2012v2.3, 2012v3.0"
"/Return/ReturnData/IRS990/AddressPrincipalOfficerUS/AddressLine2",1436,1436,"2012v2.0, 2012v2.1, 2012v2.2, 2012v3.0"
"/Return/ReturnData/IRS990ScheduleN/DispositionTable/DescriptionOfAsset",1436,819,"2012v2.0, 2012v2.1, 2012v2.2, 2012v2.3, 2012v3.0"
"/Return/ReturnData/IRS990ScheduleL/Form990ScheduleLPartIII/NameOfInterestedPerson",1435,618,"2012v2.0, 2012v2.1, 2012v2.2, 2012v2.3, 2012v3.0"
"/Return/ReturnData/IRS990ScheduleH/Form990ScheduleHPartIV",1423,606,"2012v2.0, 2012v2.1, 2012v2.2, 2012v2.3, 2012v3.0"
"/Return/ReturnData/IRS990ScheduleH/Form990ScheduleHPartIV/NameOfEntity",1423,606,"2012v2.0, 2012v2.1, 2012v2.2, 2012v2.3, 2012v3.0"
"/Return/ReturnData/IRS990ScheduleH/Form990ScheduleHPartIV/NameOfEntity/BusinessNameLine1",1423,606,"2012v2.0, 2012v2.1, 2012v2.2, 2012v2.3, 2012v3.0"
"/Return/ReturnData/IRS990ScheduleH/UnableToProvideCare",1421,1421,"2012v2.0, 2012v2.1, 2012v2.2, 2012v2.3, 2012v3.0"
"/Return/ReturnData/IRS990ScheduleM/ScientificSpecimens",1421,1421,"2012v2.0, 2012v2.1, 2012v2.2, 2012v2.3, 2012v3.0"
"/Return/ReturnHeader/PreparerFirm/PreparerFirmUSAddress/AddressLine2",1421,1421,"2012v2.0, 2012v2.1, 2012v2.2, 2012v3.0"
"/Return/ReturnData/IRS990ScheduleC/Sec527PolOrgs/AmtOfContribsRecdDelivered",1419,697,"2012v2.0, 2012v2.1, 2012v2.2, 2012v2.3, 2012v3.0"
"/Return/ReturnData/IRS990ScheduleH/PolicyAppliedToAllHospitals",1415,1415,"2012v2.0, 2012v2.1, 2012v2.2, 2012v2.3, 2012v3.0"
"/Return/ReturnData/IRS990EZ/TotNumCntrctPdOver100KProfSer",1397,1397,"2012v2.0, 2012v2.1, 2012v2.2, 2012v2.3, 2012v3.0"
"/Return/ReturnData/IRS990ScheduleH/SubsidizedHealthServices",1395,1395,"2012v2.0, 2012v2.1, 2012v2.2, 2012v2.3, 2012v3.0"
"/Return/ReturnData/IRS990ScheduleM/ArchaeologicalArtifacts",1390,1390,"2012v2.0, 2012v2.1, 2012v2.3, 2012v3.0"
"/Return/ReturnData/IRS990ScheduleM/ArtFractionalInterest",1389,1389,"2012v2.0, 2012v2.1, 2012v2.3, 2012v3.0"
"/Return/ReturnData/IRS990ScheduleM/Taxidermy",1388,1388,"2012v2.0, 2012v2.1, 2012v2.2, 2012v2.3, 2012v3.0"
"/Return/ReturnData/IRS990ScheduleM/WorksOfArt/NoncashContribsRptdF990",1388,1388,"2012v2.0, 2012v2.1, 2012v2.2, 2012v2.3, 2012v3.0"
"/Return/ReturnData/IRS990ScheduleN/DispositionTable/FMVOfAsset",1387,783,"2012v2.0, 2012v2.1, 2012v2.2, 2012v2.3, 2012v3.0"
"/Return/ReturnData/IRS990ScheduleH/Total",1386,1386,"2012v2.0, 2012v2.1, 2012v2.2, 2012v2.3, 2012v3.0"
"/Return/ReturnData/IRS990ScheduleH/Total/TotalCommunityBuildingExpense",1384,1384,"2012v2.0, 2012v2.1, 2012v2.2, 2012v2.3, 2012v3.0"
"/Return/ReturnData/IRS990ScheduleN/DispositionTable/DateOfDistribution",1384,786,"2012v2.0, 2012v2.1, 2012v2.2, 2012v2.3, 2012v3.0"
"/Return/ReturnData/IRS990ScheduleC/GrassrootsLobbyingExpenditures/CurrentYear",1378,1378,"2012v2.0, 2012v2.1, 2012v2.2, 2012v2.3, 2012v3.0"
"/Return/ReturnData/IRS990ScheduleH/Total/NetCommunityBuildingExpense",1378,1378,"2012v2.0, 2012v2.1, 2012v2.2, 2012v2.3, 2012v3.0"
"/Return/ReturnData/IRS990ScheduleM/QualifiedContribHistStruct",1375,1375,"2012v2.0, 2012v2.1, 2012v2.3, 2012v3.0"
"/Return/ReturnData/IRS990/InfoInScheduleOPartVIII",1373,1373,"2012v2.0, 2012v2.1, 2012v2.2, 2012v2.3, 2012v3.0"
"/Return/ReturnData/IRS990ScheduleR/TransactionsRelatedOrgsTable/NameOfOtherOrganization/BusinessNameLine2",1361,437,"2012v2.0, 2012v2.1, 2012v2.3, 2012v3.0"
"/Return/ReturnData/IRS990ScheduleD/DonorAdvisedContributions",1357,1357,"2012v2.0, 2012v2.1, 2012v2.2, 2012v2.3, 2012v3.0"
"/Return/ReturnData/IRS990ScheduleH/SubsidizedHealthServices/NetCommunityBenefitExpense",1356,1356,"2012v2.0, 2012v2.1, 2012v2.2, 2012v2.3, 2012v3.0"
"/Return/ReturnData/IRS990ScheduleH/SubsidizedHealthServices/PercentOfTotalExpense",1352,1352,"2012v2.0, 2012v2.1, 2012v2.2, 2012v2.3, 2012v3.0"
"/Return/ReturnData/IRS990ScheduleG/GamingManagerCompensation",1347,1347,"2012v2.0, 2012v2.1, 2012v2.2, 2012v2.3, 2012v3.0"
"/Return/ReturnData/IRS990ScheduleH/SubsidizedHealthServices/TotalCommunityBenefitExpense",1345,1345,"2012v2.0, 2012v2.1, 2012v2.2, 2012v2.3, 2012v3.0"
"/Return/ReturnData/IRS990ScheduleF/GrantsToIndOutsideUS/AmountOfNonCashAssistance",1341,336,"2012v2.0, 2012v2.1, 2012v2.2, 2012v2.3, 2012v3.0"
"/Return/ReturnData/IRS990ScheduleC/GrassrootsLobbyingExpenditures/CurrentYearMinus1",1340,1340,"2012v2.0, 2012v2.1, 2012v2.2, 2012v2.3, 2012v3.0"
"/Return/ReturnData/IRS990ScheduleH/Form990ScheduleHPartIV/DescriptionEntPrimaryActivity",1336,560,"2012v2.0, 2012v2.1, 2012v2.2, 2012v2.3, 2012v3.0"
"/Return/ReturnData/IRS990/InfoInScheduleOPartX",1331,1331,"2012v2.0, 2012v2.1, 2012v2.2, 2012v2.3, 2012v3.0"
"/Return/ReturnData/IRS990ScheduleM/WorksOfArt/MethodOfDeterminingRevenues",1329,1329,"2012v2.0, 2012v2.1, 2012v2.2, 2012v2.3, 2012v3.0"
"/Return/ReturnData/CompensationExplanation/Compensation/BusinessName",1313,395,"2012v2.1, 2012v2.2, 2012v2.3"
"/Return/ReturnData/CompensationExplanation/Compensation/BusinessName/BusinessNameLine1",1313,395,"2012v2.1, 2012v2.2, 2012v2.3"
"/Return/ReturnData/IRS990ScheduleR/Form990ScheduleRPartII/LegalDomicileForeignCountry",1312,652,"2012v2.0, 2012v2.1, 2012v2.2, 2012v2.3, 2012v3.0"
"/Return/ReturnData/IRS990ScheduleG/GamingInformation/VolunteerLaborPrcntagePullTabs",1304,1304,"2012v2.0, 2012v2.1, 2012v2.2, 2012v2.3, 2012v3.0"
"/Return/ReturnData/IRS990ScheduleN/DispositionTable/AddressUS",1304,746,"2012v2.0, 2012v2.1, 2012v2.2, 2012v2.3, 2012v3.0"
"/Return/ReturnData/IRS990ScheduleN/DispositionTable/AddressUS/AddressLine1",1304,746,"2012v2.0, 2012v2.1, 2012v2.2, 2012v2.3, 2012v3.0"
"/Return/ReturnData/IRS990ScheduleN/DispositionTable/AddressUS/City",1304,746,"2012v2.0, 2012v2.1, 2012v2.2, 2012v2.3, 2012v3.0"
"/Return/ReturnData/IRS990ScheduleN/DispositionTable/AddressUS/State",1304,746,"2012v2.0, 2012v2.1, 2012v2.2, 2012v2.3, 2012v3.0"
"/Return/ReturnData/IRS990ScheduleN/DispositionTable/AddressUS/ZIPCode",1304,746,"2012v2.0, 2012v2.1, 2012v2.2, 2012v2.3, 2012v3.0"
"/Return/ReturnData/IRS990EZ/TotNumberOfOthEmplPaidOver100k",1301,1301,"2012v2.0, 2012v2.1, 2012v2.3, 2012v3.0"
"/Return/ReturnData/IRS990ScheduleC/GrassrootsLobbyingExpenditures/CurrentYearMinus2",1297,1297,"2012v2.0, 2012v2.1, 2012v2.2, 2012v2.3, 2012v3.0"
"/Return/ReturnData/IRS990ScheduleH/Form990ScheduleHPartVSectionB/InformationGaps",1289,1083,"2012v2.0, 2012v2.1, 2012v2.2, 2012v2.3, 2012v3.0"
"/Return/ReturnData/IRS990ScheduleC/NonDedLobbyPoliticalCarryover",1287,1287,"2012v2.0, 2012v2.1, 2012v2.2, 2012v2.3, 2012v3.0"
"/Return/ReturnData/IRS990ScheduleG/AmountDistributed",1287,1287,"2012v2.0, 2012v2.1, 2012v2.2, 2012v2.3, 2012v3.0"
"/Return/ReturnData/IRS990ScheduleH/Form990ScheduleHPartIV/OrganizationProfitOrOwnership",1284,548,"2012v2.0, 2012v2.1, 2012v2.2, 2012v2.3, 2012v3.0"
"/Return/ReturnData/IRS990ScheduleM/CarsAndOtherVehicles/NoncashContribsRptdF990",1283,1283,"2012v2.0, 2012v2.1, 2012v2.2, 2012v2.3, 2012v3.0"
"/Return/ReturnData/IRS990ScheduleH/Form990ScheduleHPartVSectionA/WebsiteAddress",1280,756,"2012v2.0, 2012v2.1, 2012v2.2, 2012v2.3, 2012v3.0"
"/Return/ReturnData/IRS990ScheduleA/CollegeSupportOrg170b1Aiv",1278,1278,"2012v2.0, 2012v2.1, 2012v2.2, 2012v2.3, 2012v3.0"
"/Return/ReturnData/IRS990ScheduleD/GrantsPaidFromDonorFunds",1275,1275,"2012v2.0, 2012v2.1, 2012v2.2, 2012v2.3, 2012v3.0"
"/Return/ReturnData/IRS990ScheduleM/CarsAndOtherVehicles/NonCashCheckbox",1273,1273,"2012v2.0, 2012v2.1, 2012v2.2, 2012v2.3, 2012v3.0"
"/Return/ReturnData/IRS990ScheduleK/Form990ScheduleKPartIII/EngageBondCounselResearch",1267,494,"2012v2.0, 2012v2.1, 2012v2.2, 2012v2.3, 2012v3.0"
"/Return/ReturnData/IRS990ScheduleM/CarsAndOtherVehicles/NumberOfContributions",1260,1260,"2012v2.0, 2012v2.1, 2012v2.2, 2012v2.3, 2012v3.0"
"/Return/ReturnData/IRS990ScheduleN/DispositionTable/IRCSection",1258,713,"2012v2.0, 2012v2.1, 2012v2.2, 2012v2.3, 2012v3.0"
"/Return/ReturnData/IRS990/Form8886TFiled",1255,1255,"2012v2.0, 2012v2.1, 2012v2.2, 2012v2.3, 2012v3.0"
"/Return/ReturnData/IRS990/InitialReturn",1252,1252,"2012v2.0, 2012v2.1, 2012v2.2, 2012v2.3, 2012v3.0"
"/Return/ReturnData/IRS990ScheduleG/GamingInformation/NonCashPrizesTotalGaming",1237,1237,"2012v2.0, 2012v2.1, 2012v2.2, 2012v2.3, 2012v3.0"
"/Return/ReturnData/IRS990ScheduleH/Form990ScheduleHPartVSectionB/NotifyBeforeDischarge",1237,1048,"2012v2.0, 2012v2.1, 2012v2.2, 2012v2.3, 2012v3.0"
"/Return/ReturnData/IRS990ScheduleL/Form990ScheduleLPartIII/PurposeOfAssistance",1224,607,"2012v2.0, 2012v2.1, 2012v2.2, 2012v2.3, 2012v3.0"
"/Return/ReturnData/IRS990ScheduleH/Form990ScheduleHPartVSectionB/ProvidedOnAdmission",1222,1033,"2012v2.0, 2012v2.1, 2012v2.2, 2012v2.3, 2012v3.0"
"/Return/ReturnData/IRS990ScheduleC/GrassrootsLobbyingExpenditures/CurrentYearMinus3",1221,1221,"2012v2.0, 2012v2.1, 2012v2.2, 2012v2.3, 2012v3.0"
"/Return/ReturnData/IRS990ScheduleN/DispositionTable/MethodOfFMVDetermination",1216,727,"2012v2.0, 2012v2.1, 2012v2.2, 2012v2.3, 2012v3.0"
"/Return/ReturnData/IRS990ScheduleM/CarsAndOtherVehicles/MethodOfDeterminingRevenues",1205,1205,"2012v2.0, 2012v2.1, 2012v2.2, 2012v2.3, 2012v3.0"
"/Return/ReturnData/AffiliateListing/Affiliate",1204,88,"2012v2.0, 2012v2.1, 2012v2.2, 2012v2.3"
"/Return/ReturnData/AffiliateListing/Affiliate/AddressUS",1204,88,"2012v2.0, 2012v2.1, 2012v2.2, 2012v2.3"
"/Return/ReturnData/AffiliateListing/Affiliate/AddressUS/AddressLine1",1204,88,"2012v2.0, 2012v2.1, 2012v2.2, 2012v2.3"
"/Return/ReturnData/AffiliateListing/Affiliate/AddressUS/City",1204,88,"2012v2.0, 2012v2.1, 2012v2.2, 2012v2.3"
"/Return/ReturnData/AffiliateListing/Affiliate/AddressUS/State",1204,88,"2012v2.0, 2012v2.1, 2012v2.2, 2012v2.3"
"/Return/ReturnData/AffiliateListing/Affiliate/AddressUS/ZIPCode",1204,88,"2012v2.0, 2012v2.1, 2012v2.2, 2012v2.3"
"/Return/ReturnData/AffiliateListing/Affiliate/EIN",1204,88,"2012v2.0, 2012v2.1, 2012v2.2, 2012v2.3"
"/Return/ReturnData/AffiliateListing/Affiliate/Name",1204,88,"2012v2.0, 2012v2.1, 2012v2.2, 2012v2.3"
"/Return/ReturnData/AffiliateListing/Affiliate/Name/BusinessNameLine1",1204,88,"2012v2.0, 2012v2.1, 2012v2.2, 2012v2.3"
"/Return/ReturnData/AffiliateListing/Affiliate/NameControl",1204,88,"2012v2.0, 2012v2.1, 2012v2.2, 2012v2.3"
"/Return/ReturnData/IRS990ScheduleH/Total/PercentOfTotalExpense",1189,1189,"2012v2.0, 2012v2.1, 2012v2.2, 2012v2.3, 2012v3.0"
"/Return/ReturnData/IRS990ScheduleN/Form990ScheduleNPartIII",1189,805,"2012v2.0, 2012v2.1, 2012v2.2, 2012v2.3, 2012v3.0"
"/Return/ReturnData/IRS990ScheduleN/Form990ScheduleNPartIII/Explanation",1186,803,"2012v2.0, 2012v2.1, 2012v2.2, 2012v2.3, 2012v3.0"
"/Return/ReturnData/IRS990ScheduleM/BooksAndPublications/NonCashCheckbox",1181,1181,"2012v2.0, 2012v2.1, 2012v2.2, 2012v2.3, 2012v3.0"
"/Return/ReturnData/IRS990ScheduleH/Form990ScheduleHPartVSectionB/StateRegulation",1180,953,"2012v2.0, 2012v2.1, 2012v2.2, 2012v2.3, 2012v3.0"
"/Return/ReturnData/IRS990ScheduleM/BooksAndPublications/NoncashContribsRptdF990",1167,1167,"2012v2.0, 2012v2.1, 2012v2.2, 2012v2.3, 2012v3.0"
"/Return/ReturnData/IRS990ScheduleR/Form990ScheduleRPartII/AddressForeign",1165,598,"2012v2.0, 2012v2.1, 2012v2.2, 2012v2.3, 2012v3.0"
"/Return/ReturnData/IRS990ScheduleR/Form990ScheduleRPartII/AddressForeign/AddressLine1",1165,598,"2012v2.0, 2012v2.1, 2012v2.2, 2012v2.3, 2012v3.0"
"/Return/ReturnData/IRS990ScheduleR/Form990ScheduleRPartII/AddressForeign/Country",1165,598,"2012v2.0, 2012v2.1, 2012v2.2, 2012v2.3, 2012v3.0"
"/Return/ReturnData/IRS990ScheduleH/Pcent200",1163,1163,"2012v2.0, 2012v2.1, 2012v2.2, 2012v2.3, 2012v3.0"
"/Return/ReturnData/IRS990ScheduleH/CommunityHealthServices/DirectOffsettingRevenue",1162,1162,"2012v2.0, 2012v2.1, 2012v2.2, 2012v2.3, 2012v3.0"
"/Return/ReturnData/IRS990ScheduleC/Form4720Filed4955Tax",1158,1158,"2012v2.0, 2012v2.1, 2012v2.2, 2012v2.3, 2012v3.0"
"/Return/ReturnData/IRS990ScheduleD/CloselyHeldEquityInterests/BookValue",1138,1138,"2012v2.0, 2012v2.1, 2012v2.2, 2012v2.3, 2012v3.0"
"/Return/ReturnData/IRS990ScheduleJ/FirstClassOrCharterTravel",1137,1137,"2012v2.0, 2012v2.1, 2012v2.2, 2012v2.3, 2012v3.0"
"/Return/ReturnData/IRS990ScheduleG/GamingManagerIsEmployee",1135,1135,"2012v2.0, 2012v2.1, 2012v2.2, 2012v2.3, 2012v3.0"
"/Return/ReturnData/IRS990ScheduleR/Form990ScheduleRPartII/DirectControllingEntityName/BusinessNameLine2",1127,369,"2012v2.0, 2012v2.1, 2012v2.3, 2012v3.0"
"/Return/ReturnData/IRS990ScheduleM/BooksAndPublications/MethodOfDeterminingRevenues",1126,1126,"2012v2.0, 2012v2.1, 2012v2.2, 2012v2.3, 2012v3.0"
"/Return/ReturnData/IRS990ScheduleH/Form990ScheduleHPartVSectionB/IncludeOperationalPlans",1117,890,"2012v2.0, 2012v2.1, 2012v2.2, 2012v2.3, 2012v3.0"
"/Return/ReturnData/IRS990ScheduleH/Form990ScheduleHPartVSectionB/DevelopCommunityPlan",1113,915,"2012v2.0, 2012v2.1, 2012v2.2, 2012v2.3, 2012v3.0"
"/Return/ReturnData/IRS990ScheduleK/Form990ScheduleKPartIV/RegulatorySafeHarborSatisfied",1107,617,"2012v2.0, 2012v2.1, 2012v2.2, 2012v2.3, 2012v3.0"
"/Return/ReturnData/IRS990ScheduleH/Form990ScheduleHPartVSectionB/AdoptBudget",1105,900,"2012v2.0, 2012v2.1, 2012v2.2, 2012v2.3, 2012v3.0"
"/Return/ReturnData/IRS990ScheduleH/Form990ScheduleHPartIV/PhysicansProfitOrOwnership",1102,476,"2012v2.0, 2012v2.1, 2012v2.2, 2012v2.3, 2012v3.0"
"/Return/ReturnData/IRS990ScheduleH/SubsidizedHealthServices/DirectOffsettingRevenue",1092,1092,"2012v2.0, 2012v2.1, 2012v2.2, 2012v2.3, 2012v3.0"
"/Return/ReturnData/IRS990ScheduleC/CorrectionMade",1080,1080,"2012v2.0, 2012v2.1, 2012v2.2, 2012v2.3, 2012v3.0"
"/Return/ReturnData/IRS990ScheduleN/DispositionTable/EIN",1077,610,"2012v2.0, 2012v2.1, 2012v2.2, 2012v2.3, 2012v3.0"
"/Return/ReturnData/IRS990ScheduleM/DrugsAndMedicalSupplies/NoncashContribsRptdF990",1075,1075,"2012v2.0, 2012v2.1, 2012v2.2, 2012v2.3, 2012v3.0"
"/Return/ReturnData/IRS990ScheduleM/DrugsAndMedicalSupplies/NonCashCheckbox",1072,1072,"2012v2.0, 2012v2.1, 2012v2.2, 2012v2.3, 2012v3.0"
"/Return/ReturnData/IRS990ScheduleD/NmbrStatesInWhichEasementsHeld",1063,1063,"2012v2.0, 2012v2.1, 2012v2.2, 2012v2.3, 2012v3.0"
"/Return/ReturnData/IRS990ScheduleA/SupportedOrgInformation/Name/BusinessNameLine2",1062,752,"2012v2.0, 2012v2.1, 2012v2.2, 2012v2.3, 2012v3.0"
"/Return/ReturnData/IRS990ScheduleH/Form990ScheduleHPartVSectionB/OtherPublicity",1057,852,"2012v2.0, 2012v2.1, 2012v2.2, 2012v2.3, 2012v3.0"
"/Return/ReturnData/IRS990ScheduleR/Form990ScheduleRPartII/AddressForeign/City",1056,560,"2012v2.0, 2012v2.1, 2012v2.2, 2012v2.3, 2012v3.0"
"/Return/ReturnData/IRS990ScheduleN/AGNotified",1054,1054,"2012v2.0, 2012v2.1, 2012v2.2, 2012v2.3, 2012v3.0"
"/Return/ReturnData/IRS990ScheduleR/Form990ScheduleRPartII/AddressUS/AddressLine2",1049,432,"2012v2.0, 2012v2.1, 2012v2.2, 2012v2.3, 2012v3.0"
"/Return/ReturnData/IRS990ScheduleD/EndingBalance",1048,1048,"2012v2.0, 2012v2.1, 2012v2.2, 2012v2.3, 2012v3.0"
"/Return/ReturnData/IRS990ScheduleA/TenPercentTestCurrentYear",1046,1046,"2012v2.0, 2012v2.1, 2012v2.2, 2012v2.3, 2012v3.0"
"/Return/ReturnData/IRS990ScheduleH/Form990ScheduleHPartVSectionA/FacilityReportingGroup",1045,246,"2012v2.0, 2012v2.1, 2012v2.2, 2012v2.3, 2012v3.0"
"/Return/ReturnData/IRS990ScheduleD/TotalNumberOfEasements",1036,1036,"2012v2.0, 2012v2.1, 2012v2.2, 2012v2.3, 2012v3.0"
"/Return/ReturnData/IRS990ScheduleD/BeginningBalance",1025,1025,"2012v2.0, 2012v2.1, 2012v2.2, 2012v2.3, 2012v3.0"
"/Return/ReturnData/IRS990ScheduleH/Form990ScheduleHPartVSectionB/AttachedToInvoices",1022,880,"2012v2.0, 2012v2.1, 2012v2.2, 2012v2.3, 2012v3.0"
"/Return/ReturnData/IRS990ScheduleM/DrugsAndMedicalSupplies/NumberOfContributions",1008,1008,"2012v2.0, 2012v2.1, 2012v2.2, 2012v2.3, 2012v3.0"
"/Return/ReturnData/IRS990ScheduleC/AmountToBeCarriedOver",992,992,"2012v2.0, 2012v2.1, 2012v2.2, 2012v2.3, 2012v3.0"
"/Return/ReturnData/IRS990ScheduleG/NameOfGamingRecKeeperBus",985,985,"2012v2.0, 2012v2.1, 2012v2.2, 2012v2.3, 2012v3.0"
"/Return/ReturnData/IRS990ScheduleG/NameOfGamingRecKeeperBus/BusinessNameLine1",985,985,"2012v2.0, 2012v2.1, 2012v2.2, 2012v2.3, 2012v3.0"
"/Return/ReturnData/IRS990ScheduleN/DispositionTable/NameBusiness",982,531,"2012v2.0, 2012v2.1, 2012v2.2, 2012v2.3, 2012v3.0"
"/Return/ReturnData/IRS990ScheduleN/DispositionTable/NameBusiness/BusinessNameLine1",982,531,"2012v2.0, 2012v2.1, 2012v2.2, 2012v2.3, 2012v3.0"
"/Return/ReturnData/IRS990ScheduleM/DrugsAndMedicalSupplies/MethodOfDeterminingRevenues",976,976,"2012v2.0, 2012v2.1, 2012v2.2, 2012v2.3, 2012v3.0"
"/Return/ReturnData/IRS990ScheduleD/TotalAcreage",971,971,"2012v2.0, 2012v2.1, 2012v2.2, 2012v2.3, 2012v3.0"
"/Return/ReturnData/IRS990ScheduleH/CharityCareAtCost/DirectOffsettingRevenue",965,965,"2012v2.0, 2012v2.1, 2012v2.2, 2012v2.3, 2012v3.0"
"/Return/ReturnData/IRS990ScheduleH/Form990ScheduleHPartVSectionB/ParticipateCommunityPlan",962,789,"2012v2.0, 2012v2.1, 2012v2.2, 2012v2.3, 2012v3.0"
"/Return/ReturnData/IRS990ScheduleH/CommunitySupport",960,960,"2012v2.0, 2012v2.1, 2012v2.2, 2012v2.3, 2012v3.0"
"/Return/ReturnData/IRS990ScheduleH/Form990ScheduleHPartVSectionA/Other",957,624,"2012v2.0, 2012v2.1, 2012v2.2, 2012v2.3, 2012v3.0"
"/Return/ReturnData/IRS990ScheduleH/CommunitySupport/NetCommunityBuildingExpense",938,938,"2012v2.0, 2012v2.1, 2012v2.2, 2012v2.3, 2012v3.0"
"/Return/ReturnData/IRS990ScheduleH/HealthProfessionsEducation/DirectOffsettingRevenue",929,929,"2012v2.0, 2012v2.1, 2012v2.2, 2012v2.3, 2012v3.0"
"/Return/ReturnData/IRS990ScheduleG/GamingInformation/RentFacilityCostsBingo",925,925,"2012v2.0, 2012v2.1, 2012v2.2, 2012v2.3, 2012v3.0"
"/Return/ReturnData/IRS990ScheduleG/GamingInformation/NonCashPrizesOtherGaming",905,905,"2012v2.0, 2012v2.1, 2012v2.2, 2012v2.3, 2012v3.0"
"/Return/ReturnData/IRS990ScheduleK/Form990ScheduleKPartIV/TermOfGIC",893,495,"2012v2.0, 2012v2.1, 2012v2.2, 2012v2.3, 2012v3.0"
"/Return/ReturnData/IRS990ScheduleD/CollectUsedForLoanOrExchPrgrms",891,891,"2012v2.0, 2012v2.1, 2012v2.2, 2012v2.3, 2012v3.0"
"/Return/ReturnData/IRS990ScheduleH/CommunitySupport/TotalCommunityBuildingExpense",887,887,"2012v2.0, 2012v2.1, 2012v2.2, 2012v2.3, 2012v3.0"
"/Return/ReturnData/IRS990ScheduleG/GamingInformation/RentFacilityCostsPullTabs",883,883,"2012v2.0, 2012v2.1, 2012v2.2, 2012v2.3, 2012v3.0"
"/Return/ReturnData/IRS990ScheduleN/EmployeeOfSuccessor2",883,883,"2012v2.0, 2012v2.1, 2012v2.2, 2012v2.3, 2012v3.0"
"/Return/ReturnData/IRS990ScheduleN/DirectorOfSuccessor2",882,882,"2012v2.0, 2012v2.1, 2012v2.2, 2012v2.3, 2012v3.0"
"/Return/ReturnData/IRS990ScheduleN/OwnerOfSuccessor2",881,881,"2012v2.0, 2012v2.1, 2012v2.2, 2012v2.3, 2012v3.0"
"/Return/ReturnData/IRS990ScheduleH/Form990ScheduleHPartVSectionA/TeachingHospital",880,578,"2012v2.0, 2012v2.1, 2012v2.2, 2012v2.3, 2012v3.0"
"/Return/ReturnData/IRS990ScheduleN/ReceiveCompensation2",880,880,"2012v2.0, 2012v2.1, 2012v2.2, 2012v2.3, 2012v3.0"
"/Return/ReturnData/IRS990/ContractorCompensation/AddressOfContractor/AddressForeign",868,518,"2012v2.0, 2012v2.1, 2012v2.2, 2012v2.3, 2012v3.0"
"/Return/ReturnData/IRS990/ContractorCompensation/AddressOfContractor/AddressForeign/AddressLine1",868,518,"2012v2.0, 2012v2.1, 2012v2.2, 2012v2.3, 2012v3.0"
"/Return/ReturnData/IRS990/ContractorCompensation/AddressOfContractor/AddressForeign/Country",868,518,"2012v2.0, 2012v2.1, 2012v2.2, 2012v2.3, 2012v3.0"
"/Return/ReturnData/IRS990ScheduleD/AdditionsDuringYear",863,863,"2012v2.0, 2012v2.1, 2012v2.2, 2012v2.3, 2012v3.0"
"/Return/ReturnData/IRS990/TerminationOrContraction",856,856,"2012v2.0, 2012v2.1, 2012v2.2, 2012v2.3, 2012v3.0"
"/Return/ReturnData/IRS990EZ/TerminatedReturn",854,854,"2012v2.0, 2012v2.1, 2012v2.2, 2012v2.3, 2012v3.0"
"/Return/ReturnData/IRS990ScheduleJ/DiscretionarySpendingAccount",851,851,"2012v2.0, 2012v2.1, 2012v2.2, 2012v2.3, 2012v3.0"
"/Return/ReturnData/IRS990ScheduleD/DistributionsDuringYear",847,847,"2012v2.0, 2012v2.1, 2012v2.2, 2012v2.3, 2012v3.0"
"/Return/ReturnData/IRS990ScheduleH/CommunitySupport/PercentOfTotalExpense",846,846,"2012v2.0, 2012v2.1, 2012v2.2, 2012v2.3, 2012v3.0"
"/Return/ReturnData/IRS990ScheduleC/GrantsOtherOrganizationsAmount",840,840,"2012v2.0, 2012v2.1, 2012v2.2, 2012v2.3, 2012v3.0"
"/Return/ReturnData/IRS990EZ/MethodOfAccountingOther",837,837,"2012v2.0, 2012v2.1, 2012v2.2, 2012v2.3, 2012v3.0"
"/Return/ReturnData/IRS990/ContractorCompensation/AddressOfContractor/AddressForeign/City",833,502,"2012v2.0, 2012v2.1, 2012v2.2, 2012v2.3, 2012v3.0"
"/Return/ReturnData/IRS990ScheduleD/Sect170hRequirementsSatisfied",815,815,"2012v2.0, 2012v2.1, 2012v2.2, 2012v2.3, 2012v3.0"
"/Return/ReturnData/IRS990ScheduleD/StaffHoursSpentOnEnforcement",809,809,"2012v2.0, 2012v2.1, 2012v2.2, 2012v2.3, 2012v3.0"
"/Return/ReturnData/IRS990ScheduleH/UnreimbursedCosts",808,808,"2012v2.0, 2012v2.1, 2012v2.2, 2012v2.3, 2012v3.0"
"/Return/ReturnData/IRS990ScheduleD/CloselyHeldEquityInterests/MethodOfValuation",806,806,"2012v2.0, 2012v2.1, 2012v2.2, 2012v2.3, 2012v3.0"
"/Return/ReturnData/IRS990ScheduleC/TotalExmptFunctionExpenditures",801,801,"2012v2.0, 2012v2.1, 2012v2.2, 2012v2.3, 2012v3.0"
"/Return/ReturnData/IRS990ScheduleK/Form990ScheduleKPartIII/PrcntgeBondFinancedProp",794,345,"2012v2.0, 2012v2.1, 2012v2.2, 2012v2.3, 2012v3.0"
"/Return/ReturnData/IRS990/TerminatedReturn",791,791,"2012v2.0, 2012v2.1, 2012v2.2, 2012v2.3, 2012v3.0"
"/Return/ReturnData/IRS990ScheduleD/ProtectionOfNaturalHabitat",785,785,"2012v2.0, 2012v2.1, 2012v2.2, 2012v2.3, 2012v3.0"
"/Return/ReturnData/IRS990/ContractorCompensation/AddressOfContractor/AddressUS/AddressLine2",784,525,"2012v2.0, 2012v2.1, 2012v2.2, 2012v2.3, 2012v3.0"
"/Return/ReturnData/IRS990ScheduleH/TotalCommunityBenefits/PersonsServed",782,782,"2012v2.0, 2012v2.1, 2012v2.2, 2012v2.3, 2012v3.0"
"/Return/ReturnData/IRS990ScheduleN/LiquidationTable/LiquidationDetail/NamePerson",779,405,"2012v2.0, 2012v2.1, 2012v2.2, 2012v2.3"
"/Return/ReturnData/IRS990ScheduleC/Form4720Filed4912Tax",777,777,"2012v2.0, 2012v2.1, 2012v2.2, 2012v2.3, 2012v3.0"
"/Return/ReturnData/IRS990EZ/TheBooksAreInCareOf/NameBusiness/BusinessNameLine2",774,774,"2012v2.0, 2012v2.1, 2012v2.2, 2012v2.3, 2012v3.0"
"/Return/ReturnData/IRS990/AccountantCompileOrReviewBasis/FinancialStatementBoth",764,764,"2012v2.0, 2012v2.1, 2012v2.2, 2012v2.3, 2012v3.0"
"/Return/ReturnData/IRS990ScheduleA/PrivateFoundation170",762,762,"2012v2.0, 2012v2.1, 2012v2.2, 2012v2.3, 2012v3.0"
"/Return/ReturnData/AffiliatedGroupSchedule/AffiliatedSchedule",761,117,"2012v2.1, 2012v2.2, 2012v2.3"
"/Return/ReturnData/AffiliatedGroupSchedule/AffiliatedSchedule/AddressUS",761,117,"2012v2.1, 2012v2.2, 2012v2.3"
"/Return/ReturnData/AffiliatedGroupSchedule/AffiliatedSchedule/AddressUS/AddressLine1",761,117,"2012v2.1, 2012v2.2, 2012v2.3"
"/Return/ReturnData/AffiliatedGroupSchedule/AffiliatedSchedule/AddressUS/City",761,117,"2012v2.1, 2012v2.2, 2012v2.3"
"/Return/ReturnData/AffiliatedGroupSchedule/AffiliatedSchedule/AddressUS/State",761,117,"2012v2.1, 2012v2.2, 2012v2.3"
"/Return/ReturnData/AffiliatedGroupSchedule/AffiliatedSchedule/AddressUS/ZIPCode",761,117,"2012v2.1, 2012v2.2, 2012v2.3"
"/Return/ReturnData/AffiliatedGroupSchedule/AffiliatedSchedule/BusinessName",761,117,"2012v2.1, 2012v2.2, 2012v2.3"
"/Return/ReturnData/AffiliatedGroupSchedule/AffiliatedSchedule/BusinessName/BusinessNameLine1",761,117,"2012v2.1, 2012v2.2, 2012v2.3"
"/Return/ReturnData/AffiliatedGroupSchedule/AffiliatedSchedule/EIN",761,117,"2012v2.1, 2012v2.2, 2012v2.3"
"/Return/ReturnData/AffiliatedGroupSchedule/AffiliatedSchedule/GrassrootsNontaxableAmount",761,117,"2012v2.1, 2012v2.2, 2012v2.3"
"/Return/ReturnData/AffiliatedGroupSchedule/AffiliatedSchedule/LobbyingNontaxableAmount",761,117,"2012v2.1, 2012v2.2, 2012v2.3"
"/Return/ReturnData/AffiliatedGroupSchedule/AffiliatedSchedule/OtherExemptPurposeExpenditures",761,117,"2012v2.1, 2012v2.2, 2012v2.3"
"/Return/ReturnData/AffiliatedGroupSchedule/AffiliatedSchedule/ShareOfExcessLobbyingExpendtrs",761,117,"2012v2.1, 2012v2.2, 2012v2.3"
"/Return/ReturnData/AffiliatedGroupSchedule/AffiliatedSchedule/TotLobbyExpendMnsLobbyingNontx",761,117,"2012v2.1, 2012v2.2, 2012v2.3"
"/Return/ReturnData/AffiliatedGroupSchedule/AffiliatedSchedule/TotLobbyingGrassrootMinusNontx",761,117,"2012v2.1, 2012v2.2, 2012v2.3"
"/Return/ReturnData/AffiliatedGroupSchedule/AffiliatedSchedule/TotalDirectLobbying",761,117,"2012v2.1, 2012v2.2, 2012v2.3"
"/Return/ReturnData/AffiliatedGroupSchedule/AffiliatedSchedule/TotalExemptPurposeExpenditures",761,117,"2012v2.1, 2012v2.2, 2012v2.3"
"/Return/ReturnData/AffiliatedGroupSchedule/AffiliatedSchedule/TotalGrassrootsLobbying",761,117,"2012v2.1, 2012v2.2, 2012v2.3"
"/Return/ReturnData/AffiliatedGroupSchedule/AffiliatedSchedule/TotalLobbyingExpenditures",761,117,"2012v2.1, 2012v2.2, 2012v2.3"
"/Return/ReturnData/IRS990ScheduleH/Research",759,759,"2012v2.0, 2012v2.1, 2012v2.2, 2012v2.3, 2012v3.0"
"/Return/ReturnData/IRS990ScheduleN/BondLiabilitiesDischarged",753,753,"2012v2.0, 2012v2.1, 2012v2.2, 2012v2.3"
"/Return/ReturnData/IRS990ScheduleH/Form990ScheduleHPartVSectionA/CriticalAccessHospital",750,672,"2012v2.0, 2012v2.1, 2012v2.2, 2012v2.3, 2012v3.0"
"/Return/ReturnData/IRS990ScheduleH/UnreimbursedCosts/NetCommunityBenefitExpense",743,743,"2012v2.0, 2012v2.1, 2012v2.2, 2012v2.3, 2012v3.0"
"/Return/ReturnData/IRS990ScheduleH/UnreimbursedCosts/PercentOfTotalExpense",737,737,"2012v2.0, 2012v2.1, 2012v2.2, 2012v2.3, 2012v3.0"
"/Return/ReturnData/IRS990ScheduleH/TotalOtherBenefits/PersonsServed",736,736,"2012v2.0, 2012v2.1, 2012v2.2, 2012v2.3, 2012v3.0"
"/Return/ReturnData/IRS990ScheduleA/PrivateFoundation509",734,734,"2012v2.0, 2012v2.1, 2012v2.2, 2012v2.3, 2012v3.0"
"/Return/ReturnData/IRS990ScheduleC/Form4720Filed",734,734,"2012v2.0, 2012v2.1, 2012v2.2, 2012v2.3, 2012v3.0"
"/Return/ReturnData/IRS990ScheduleH/UnreimbursedCosts/TotalCommunityBenefitExpense",733,733,"2012v2.0, 2012v2.1, 2012v2.2, 2012v2.3, 2012v3.0"
"/Return/ReturnData/IRS990/TotalJointCosts/ProgramServices",729,729,"2012v2.0, 2012v2.1, 2012v2.2, 2012v2.3, 2012v3.0"
"/Return/ReturnData/IRS990/TotalJointCosts/Fundraising",714,714,"2012v2.0, 2012v2.1, 2012v2.2, 2012v2.3, 2012v3.0"
"/Return/ReturnData/IRS990ScheduleM/RealEstateResidential/NoncashContribsRptdF990",714,714,"2012v2.0, 2012v2.1, 2012v2.2, 2012v2.3, 2012v3.0"
"/Return/ReturnData/IRS990ScheduleM/RealEstateResidential/NonCashCheckbox",709,709,"2012v2.0, 2012v2.1, 2012v2.2, 2012v2.3, 2012v3.0"
"/Return/ReturnData/IRS990ScheduleM/RealEstateResidential/NumberOfContributions",705,705,"2012v2.0, 2012v2.1, 2012v2.2, 2012v2.3, 2012v3.0"
"/Return/ReturnData/IRS990ScheduleH/WorkforceDevelopment",703,703,"2012v2.0, 2012v2.1, 2012v2.2, 2012v2.3, 2012v3.0"
"/Return/ReturnData/IRS990ScheduleA/ThirtyThreePercntTestsPY170",695,695,"2012v2.0, 2012v2.1, 2012v2.2, 2012v2.3, 2012v3.0"
"/Return/ReturnData/IRS990ScheduleD/ExpensesIncurredForEnforcement",690,690,"2012v2.0, 2012v2.1, 2012v2.2, 2012v2.3, 2012v3.0"
"/Return/ReturnData/IRS990ScheduleH/Research/TotalCommunityBenefitExpense",685,685,"2012v2.0, 2012v2.1, 2012v2.2, 2012v2.3, 2012v3.0"
"/Return/ReturnData/IRS990ScheduleH/Research/NetCommunityBenefitExpense",678,678,"2012v2.0, 2012v2.1, 2012v2.2, 2012v2.3, 2012v3.0"
"/Return/ReturnData/IRS990ScheduleM/RealEstateCommercial/NonCashCheckbox",678,678,"2012v2.0, 2012v2.1, 2012v2.2, 2012v2.3, 2012v3.0"
"/Return/ReturnData/IRS990ScheduleH/Research/PercentOfTotalExpense",677,677,"2012v2.0, 2012v2.1, 2012v2.2, 2012v2.3, 2012v3.0"
"/Return/ReturnData/IRS990ScheduleD/PreservationOfOpenSpace",675,675,"2012v2.0, 2012v2.1, 2012v2.2, 2012v2.3, 2012v3.0"
"/Return/ReturnData/IRS990ScheduleM/RealEstateCommercial/NumberOfContributions",675,675,"2012v2.0, 2012v2.1, 2012v2.2, 2012v2.3, 2012v3.0"
"/Return/ReturnData/IRS990ScheduleC/VolunteerHours",674,674,"2012v2.0, 2012v2.1, 2012v2.2, 2012v2.3, 2012v3.0"
"/Return/ReturnData/IRS990ScheduleM/RealEstateCommercial/NoncashContribsRptdF990",673,673,"2012v2.0, 2012v2.1, 2012v2.2, 2012v2.3, 2012v3.0"
"/Return/ReturnData/IRS990ScheduleH/TotalCommunityBenefits/NumberOfActivitiesOrPrograms",671,671,"2012v2.0, 2012v2.1, 2012v2.2, 2012v2.3, 2012v3.0"
"/Return/ReturnData/IRS990EZ/OfficerDirectorTrusteeKeyEmpl/BusinessName/BusinessNameLine2",669,182,"2012v2.0, 2012v2.1, 2012v2.2, 2012v2.3"
"/Return/ReturnData/IRS990ScheduleH/UnreimbursedCosts/DirectOffsettingRevenue",667,667,"2012v2.0, 2012v2.1, 2012v2.2, 2012v2.3, 2012v3.0"
"/Return/ReturnData/IRS990ScheduleH/WorkforceDevelopment/NetCommunityBuildingExpense",667,667,"2012v2.0, 2012v2.1, 2012v2.2, 2012v2.3, 2012v3.0"
"/Return/ReturnData/IRS990ScheduleC/AmtOfInternalFundsContributed",658,658,"2012v2.0, 2012v2.1, 2012v2.2, 2012v2.3, 2012v3.0"
"/Return/ReturnData/IRS990ScheduleH/TotalOtherBenefits/NumberOfActivitiesOrPrograms",658,658,"2012v2.0, 2012v2.1, 2012v2.2, 2012v2.3, 2012v3.0"
"/Return/ReturnData/IRS990ScheduleH/HealthImprovementAdvocacy",652,652,"2012v2.0, 2012v2.1, 2012v2.2, 2012v2.3, 2012v3.0"
"/Return/ReturnData/IRS990ScheduleD/NumberFundsHeld",645,645,"2012v2.0, 2012v2.1, 2012v2.2, 2012v2.3, 2012v3.0"
"/Return/ReturnData/IRS990ScheduleH/Pcent400",643,643,"2012v2.0, 2012v2.1, 2012v2.2, 2012v2.3, 2012v3.0"
"/Return/ReturnData/CompensationExplanation/Compensation/BusinessName/BusinessNameLine2",642,170,"2012v2.1, 2012v2.3"
"/Return/ReturnData/IRS990ScheduleD/ArtPublicExhibitionAmts/RevenuesIncluded",634,634,"2012v2.0, 2012v2.1, 2012v2.2, 2012v2.3, 2012v3.0"
"/Return/ReturnData/IRS990ScheduleM/RealEstateResidential/MethodOfDeterminingRevenues",632,632,"2012v2.0, 2012v2.1, 2012v2.2, 2012v2.3, 2012v3.0"
"/Return/ReturnData/IRS990/TotalJointCosts/ManagementAndGeneral",631,631,"2012v2.0, 2012v2.1, 2012v2.2, 2012v2.3, 2012v3.0"
"/Return/ReturnData/IRS990ScheduleH/CoalitionBuilding",625,625,"2012v2.0, 2012v2.1, 2012v2.2, 2012v2.3, 2012v3.0"
"/Return/ReturnData/IRS990ScheduleH/WorkforceDevelopment/PercentOfTotalExpense",621,621,"2012v2.0, 2012v2.1, 2012v2.2, 2012v2.3, 2012v3.0"
"/Return/ReturnData/IRS990ScheduleC/AmtExpendedFor527Activities",615,615,"2012v2.0, 2012v2.1, 2012v2.2, 2012v2.3, 2012v3.0"
"/Return/ReturnData/IRS990ScheduleM/RealEstateOther/NonCashCheckbox",615,615,"2012v2.0, 2012v2.1, 2012v2.2, 2012v2.3, 2012v3.0"
"/Return/ReturnData/IRS990ScheduleH/CommunityHealthServices/PersonsServed",613,613,"2012v2.0, 2012v2.1, 2012v2.2, 2012v2.3, 2012v3.0"
"/Return/ReturnData/IRS990ScheduleD/AggregateFundValue",609,609,"2012v2.0, 2012v2.1, 2012v2.2, 2012v2.3, 2012v3.0"
"/Return/ReturnData/IRS990ScheduleM/RealEstateOther/NumberOfContributions",609,609,"2012v2.0, 2012v2.1, 2012v2.2, 2012v2.3, 2012v3.0"
"/Return/ReturnData/IRS990ScheduleM/RealEstateOther/NoncashContribsRptdF990",606,606,"2012v2.0, 2012v2.1, 2012v2.2, 2012v2.3, 2012v3.0"
"/Return/ReturnData/IRS990ScheduleH/HealthImprovementAdvocacy/NetCommunityBuildingExpense",604,604,"2012v2.0, 2012v2.1, 2012v2.2, 2012v2.3, 2012v3.0"
"/Return/ReturnData/IRS990ScheduleD/FinancialDerivatives/BookValue",597,597,"2012v2.0, 2012v2.1, 2012v2.2, 2012v2.3, 2012v3.0"
"/Return/ReturnData/IRS990ScheduleH/WorkforceDevelopment/TotalCommunityBuildingExpense",596,596,"2012v2.0, 2012v2.1, 2012v2.2, 2012v2.3, 2012v3.0"
"/Return/ReturnData/IRS990ScheduleH/CoalitionBuilding/NetCommunityBuildingExpense",587,587,"2012v2.0, 2012v2.1, 2012v2.2, 2012v2.3, 2012v3.0"
"/Return/ReturnData/IRS990ScheduleR/Form990ScheduleRPartII/AddressForeign/PostalCode",573,338,"2012v2.0, 2012v2.1, 2012v2.2, 2012v2.3"
"/Return/ReturnData/IRS990ScheduleD/ContribToFundsAndOtherAccounts",572,572,"2012v2.0, 2012v2.1, 2012v2.2, 2012v2.3, 2012v3.0"
"/Return/ReturnData/IRS990ScheduleJ/PersonalServices",560,560,"2012v2.0, 2012v2.1, 2012v2.2, 2012v2.3, 2012v3.0"
"/Return/ReturnData/IRS990ScheduleC/MailingsMembersAmount",553,553,"2012v2.0, 2012v2.1, 2012v2.2, 2012v2.3, 2012v3.0"
"/Return/ReturnData/IRS990ScheduleH/HealthImprovementAdvocacy/PercentOfTotalExpense",552,552,"2012v2.0, 2012v2.1, 2012v2.2, 2012v2.3, 2012v3.0"
"/Return/ReturnData/IRS990ScheduleH/Total/NumberOfActivitiesOrPrograms",552,552,"2012v2.0, 2012v2.1, 2012v2.2, 2012v2.3, 2012v3.0"
"/Return/ReturnData/IRS990ScheduleH/HealthImprovementAdvocacy/TotalCommunityBuildingExpense",550,550,"2012v2.0, 2012v2.1, 2012v2.2, 2012v2.3, 2012v3.0"
"/Return/ReturnData/IRS990ScheduleM/RealEstateCommercial/MethodOfDeterminingRevenues",550,550,"2012v2.0, 2012v2.1, 2012v2.2, 2012v2.3, 2012v3.0"
"/Return/ReturnData/IRS990ScheduleH/CostingMethodologyUsed/Other",538,538,"2012v2.0, 2012v2.1, 2012v2.2, 2012v2.3, 2012v3.0"
"/Return/ReturnData/IRS990ScheduleH/EconomicDevelopment",533,533,"2012v2.0, 2012v2.1, 2012v2.2, 2012v2.3, 2012v3.0"
"/Return/ReturnData/IRS990ScheduleD/GrantsFundsAndOtherAccounts",531,531,"2012v2.0, 2012v2.1, 2012v2.2, 2012v2.3, 2012v3.0"
"/Return/ReturnData/IRS990ScheduleH/CoalitionBuilding/TotalCommunityBuildingExpense",531,531,"2012v2.0, 2012v2.1, 2012v2.2, 2012v2.3, 2012v3.0"
"/Return/ReturnData/IRS990ScheduleA/ThirtyThreePercntTestsPY509",529,529,"2012v2.0, 2012v2.1, 2012v2.2, 2012v2.3, 2012v3.0"
"/Return/ReturnData/IRS990ScheduleG/ExplanationIfNo",527,527,"2012v2.0, 2012v2.1, 2012v2.2, 2012v2.3, 2012v3.0"
"/Return/ReturnData/IRS990ScheduleH/CommunityHealthServices/NumberOfActivitiesOrPrograms",525,525,"2012v2.0, 2012v2.1, 2012v2.2, 2012v2.3, 2012v3.0"
"/Return/ReturnData/IRS990ScheduleH/Form990ScheduleHPartVSectionB/OtherMethod",522,435,"2012v2.0, 2012v2.1, 2012v2.3, 2012v3.0"
"/Return/ReturnData/IRS990ScheduleH/CashAndInKindContributions/DirectOffsettingRevenue",521,521,"2012v2.0, 2012v2.1, 2012v2.2, 2012v2.3, 2012v3.0"
"/Return/ReturnData/IRS990ScheduleH/TotalCharityCare/PersonsServed",521,521,"2012v2.0, 2012v2.1, 2012v2.2, 2012v2.3, 2012v3.0"
"/Return/ReturnData/IRS990ScheduleM/Collectibles/NumberOfContributions",520,520,"2012v2.0, 2012v2.1, 2012v2.2, 2012v2.3"
"/Return/ReturnData/IRS990ScheduleM/Collectibles/NonCashCheckbox",517,517,"2012v2.0, 2012v2.1, 2012v2.2, 2012v2.3"
"/Return/ReturnData/IRS990ScheduleG/GamingInformation/RentFacilityCostsOtherGaming",516,516,"2012v2.0, 2012v2.1, 2012v2.2, 2012v2.3, 2012v3.0"
"/Return/ReturnData/IRS990ScheduleH/Pcent300",515,515,"2012v2.0, 2012v2.1, 2012v2.2, 2012v2.3, 2012v3.0"
"/Return/ReturnData/IRS990ScheduleH/CoalitionBuilding/PercentOfTotalExpense",514,514,"2012v2.0, 2012v2.1, 2012v2.2, 2012v2.3, 2012v3.0"
"/Return/ReturnData/IRS990ScheduleM/RealEstateOther/MethodOfDeterminingRevenues",511,511,"2012v2.0, 2012v2.1, 2012v2.2, 2012v2.3, 2012v3.0"
"/Return/ReturnData/IRS990ScheduleH/Total/PersonsServed",505,505,"2012v2.0, 2012v2.1, 2012v2.2, 2012v2.3, 2012v3.0"
"/Return/ReturnData/IRS990ScheduleM/Collectibles/NoncashContribsRptdF990",496,496,"2012v2.0, 2012v2.1, 2012v2.2, 2012v2.3"
"/Return/ReturnData/IRS990ScheduleH/EconomicDevelopment/NetCommunityBuildingExpense",495,495,"2012v2.0, 2012v2.1, 2012v2.2, 2012v2.3, 2012v3.0"
"/Return/ReturnData/IRS990ScheduleH/Form990ScheduleHPartVSectionB/OtherFactors",492,404,"2012v2.0, 2012v2.1, 2012v2.2, 2012v2.3, 2012v3.0"
"/Return/ReturnData/IRS990ScheduleD/PreservationForPublicUse",490,490,"2012v2.0, 2012v2.1, 2012v2.2, 2012v2.3, 2012v3.0"
"/Return/ReturnData/IRS990ScheduleH/Form990ScheduleHPartIV/OfficersEtcProfitOrOwnership",482,240,"2012v2.0, 2012v2.1, 2012v2.3, 2012v3.0"
"/Return/ReturnData/IRS990ScheduleH/HealthProfessionsEducation/PersonsServed",479,479,"2012v2.0, 2012v2.1, 2012v2.2, 2012v2.3, 2012v3.0"
"/Return/ReturnData/IRS990/ContractorCompensation/AddressOfContractor/AddressForeign/PostalCode",472,306,"2012v2.0, 2012v2.1, 2012v2.2, 2012v2.3, 2012v3.0"
"/Return/ReturnData/IRS990ScheduleM/Collectibles/MethodOfDeterminingRevenues",472,472,"2012v2.0, 2012v2.1, 2012v2.2, 2012v2.3"
"/Return/ReturnData/IRS990ScheduleH/Pcent100",462,462,"2012v2.0, 2012v2.1, 2012v2.2, 2012v2.3, 2012v3.0"
"/Return/ReturnData/IRS990ScheduleH/OtherPercentage",461,461,"2012v2.0, 2012v2.1, 2012v2.2, 2012v2.3, 2012v3.0"
"/Return/ReturnData/IRS990ScheduleH/OtherPercentage/FreeOtherPercentage",461,461,"2012v2.0, 2012v2.1, 2012v2.2, 2012v2.3, 2012v3.0"
"/Return/ReturnData/IRS990ScheduleH/OtherPercentage/Other",461,461,"2012v2.0, 2012v2.1, 2012v2.2, 2012v2.3, 2012v3.0"
"/Return/ReturnData/IRS990ScheduleH/EconomicDevelopment/PercentOfTotalExpense",458,458,"2012v2.0, 2012v2.1, 2012v2.2, 2012v2.3, 2012v3.0"
"/Return/ReturnData/IRS990ScheduleD/NmbrHistStructEasements",443,443,"2012v2.0, 2012v2.1, 2012v2.2, 2012v2.3, 2012v3.0"
"/Return/ReturnData/IRS990ScheduleH/Research/DirectOffsettingRevenue",436,436,"2012v2.0, 2012v2.1, 2012v2.2, 2012v2.3, 2012v3.0"
"/Return/ReturnData/IRS990/ContractorCompensation/AddressOfContractor/AddressForeign/ProvinceOrState",434,279,"2012v2.0, 2012v2.1, 2012v2.2, 2012v2.3"
"/Return/ReturnData/IRS990ScheduleH/Form990ScheduleHPartVSectionB/PermitReportToCreditAgency",433,378,"2012v2.0, 2012v2.1, 2012v2.2, 2012v2.3, 2012v3.0"
"/Return/ReturnData/IRS990ScheduleH/CashAndInKindContributions/PersonsServed",432,432,"2012v2.0, 2012v2.1, 2012v2.3, 2012v3.0"
"/Return/ReturnData/IRS990ScheduleH/Form990ScheduleHPartVSectionB/AverageNegotiatedRates",427,368,"2012v2.0, 2012v2.1, 2012v2.2, 2012v2.3, 2012v3.0"
"/Return/ReturnData/IRS990ScheduleH/LeadershipDevelopment",424,424,"2012v2.0, 2012v2.1, 2012v2.2, 2012v2.3, 2012v3.0"
"/Return/ReturnData/IRS990ScheduleH/HealthProfessionsEducation/NumberOfActivitiesOrPrograms",420,420,"2012v2.0, 2012v2.1, 2012v2.2, 2012v2.3, 2012v3.0"
"/Return/ReturnData/IRS990ScheduleH/Other",420,420,"2012v2.0, 2012v2.1, 2012v2.3, 2012v3.0"
"/Return/ReturnData/IRS990ScheduleH/EconomicDevelopment/TotalCommunityBuildingExpense",418,418,"2012v2.0, 2012v2.1, 2012v2.2, 2012v2.3, 2012v3.0"
"/Return/ReturnData/IRS990ScheduleR/Form990ScheduleRPartIV/DirectControllingEntityName/BusinessNameLine2",417,63,"2012v2.0, 2012v2.1, 2012v2.3, 2012v3.0"
"/Return/ReturnData/IRS990EZ/AmendedReturn",415,415,"2012v2.0, 2012v2.1, 2012v2.2, 2012v2.3, 2012v3.0"
"/Return/ReturnData/IRS990ScheduleA/GovernmentalUnit170b1Av",413,413,"2012v2.0, 2012v2.1, 2012v2.2, 2012v2.3, 2012v3.0"
"/Return/ReturnData/IRS990ScheduleH/DiscountedOther",413,413,"2012v2.0, 2012v2.1, 2012v2.2, 2012v2.3, 2012v3.0"
"/Return/ReturnData/IRS990ScheduleH/DiscountedOther/DiscountedOtherPercentage",413,413,"2012v2.0, 2012v2.1, 2012v2.2, 2012v2.3, 2012v3.0"
"/Return/ReturnData/IRS990ScheduleH/DiscountedOther/Other",413,413,"2012v2.0, 2012v2.1, 2012v2.2, 2012v2.3, 2012v3.0"
"/Return/ReturnData/IRS990ScheduleH/CashAndInKindContributions/NumberOfActivitiesOrPrograms",411,411,"2012v2.0, 2012v2.1, 2012v2.3, 2012v3.0"
"/Return/ReturnData/IRS990ScheduleN/Form990ScheduleNPartIII/Identifier",410,341,"2012v2.0, 2012v2.1, 2012v2.2, 2012v2.3"
"/Return/ReturnData/IRS990ScheduleH/CharityCareAtCost/PersonsServed",407,407,"2012v2.0, 2012v2.1, 2012v2.2, 2012v2.3, 2012v3.0"
"/Return/ReturnData/IRS990ScheduleN/Form990ScheduleNPartIII/ReturnReference",405,339,"2012v2.0, 2012v2.1, 2012v2.2, 2012v2.3, 2012v3.0"
"/Return/ReturnData/IRS990ScheduleH/Form990ScheduleHPartVSectionA/ResearchFacility",403,255,"2012v2.0, 2012v2.1, 2012v2.2, 2012v2.3, 2012v3.0"
"/Return/ReturnData/IRS990ScheduleC/RalliesDemonstrationsAmount",397,397,"2012v2.0, 2012v2.1, 2012v2.2, 2012v2.3, 2012v3.0"
"/Return/ReturnData/IRS990/Form720Filed",393,393,"2012v2.0, 2012v2.1, 2012v2.2, 2012v2.3"
"/Return/ReturnData/IRS990ScheduleH/Form990ScheduleHPartVSectionB/MedicareRate",393,333,"2012v2.0, 2012v2.1, 2012v2.2, 2012v2.3, 2012v3.0"
"/Return/ReturnData/IRS990ScheduleD/NmbrEasementsModified",392,392,"2012v2.0, 2012v2.1, 2012v2.2, 2012v2.3, 2012v3.0"
"/Return/ReturnData/IRS990ScheduleD/NmbrHistStructEasementsAfter",390,390,"2012v2.0, 2012v2.1, 2012v2.2, 2012v2.3, 2012v3.0"
"/Return/ReturnData/IRS990EZ/ForeignOfficeCountry",388,375,"2012v2.0, 2012v2.1, 2012v2.2, 2012v2.3, 2012v3.0"
"/Return/ReturnData/IRS990ScheduleR/Form990ScheduleRPartII/AddressForeign/ProvinceOrState",387,252,"2012v2.0, 2012v2.1, 2012v2.2, 2012v2.3"
"/Return/ReturnData/IRS990ScheduleR/Form990ScheduleRPartIII/AddressUS/AddressLine2",385,42,"2012v2.0, 2012v2.1, 2012v2.3"
"/Return/ReturnData/IRS990ScheduleD/HeldWorksOfArtAmts/AssetsInPartX",380,380,"2012v2.0, 2012v2.1, 2012v2.2, 2012v2.3, 2012v3.0"
"/Return/ReturnData/IRS990ScheduleH/LeadershipDevelopment/NetCommunityBuildingExpense",379,379,"2012v2.0, 2012v2.1, 2012v2.2, 2012v2.3, 2012v3.0"
"/Return/ReturnData/IRS990ScheduleH/PhysicalImprovementsAndHousing",379,379,"2012v2.0, 2012v2.1, 2012v2.2, 2012v2.3, 2012v3.0"
"/Return/ReturnData/IRS990ScheduleH/Total/DirectOffsettingRevenue",378,378,"2012v2.0, 2012v2.1, 2012v2.3, 2012v3.0"
"/Return/ReturnData/IRS990ScheduleN/DispositionTable/NamePerson",375,245,"2012v2.0, 2012v2.1, 2012v2.2, 2012v2.3"
"/Return/ReturnData/IRS990ScheduleH/Other/NetCommunityBuildingExpense",368,368,"2012v2.0, 2012v2.1, 2012v2.3, 2012v3.0"
"/Return/ReturnData/IRS990ScheduleH/Other/PercentOfTotalExpense",366,366,"2012v2.0, 2012v2.1, 2012v2.3, 2012v3.0"
"/Return/ReturnData/IRS990EZ/ForeignFinancialAccountCountry",360,342,"2012v2.0, 2012v2.1, 2012v2.2, 2012v2.3, 2012v3.0"
"/Return/ReturnData/IRS990ScheduleH/LeadershipDevelopment/PercentOfTotalExpense",360,360,"2012v2.0, 2012v2.1, 2012v2.2, 2012v2.3, 2012v3.0"
"/Return/ReturnData/AffiliateListing/Affiliate/Name/BusinessNameLine2",354,11,"2012v2.1, 2012v2.3"
"/Return/ReturnData/IRS990ScheduleH/Pcent200D",354,354,"2012v2.0, 2012v2.1, 2012v2.2, 2012v2.3, 2012v3.0"
"/Return/ReturnData/IRS990ScheduleH/Form990ScheduleHPartVSectionB/ReportToCreditAgency",348,300,"2012v2.0, 2012v2.1, 2012v2.2, 2012v2.3, 2012v3.0"
"/Return/ReturnData/IRS990ScheduleR/Form990ScheduleRPartIII/NameOfRelatedOrg/BusinessNameLine2",341,48,"2012v2.0, 2012v2.1, 2012v2.3"
"/Return/ReturnData/IRS990ScheduleH/CommunitySupport/NumberOfActivitiesOrPrograms",340,340,"2012v2.0, 2012v2.1, 2012v2.2, 2012v2.3, 2012v3.0"
"/Return/ReturnData/IRS990ScheduleA/HospitalNameAndAddress",338,276,"2012v2.0, 2012v2.1, 2012v2.2, 2012v2.3, 2012v3.0"
"/Return/ReturnData/IRS990ScheduleA/HospitalNameAndAddress/City",338,276,"2012v2.0, 2012v2.1, 2012v2.2, 2012v2.3, 2012v3.0"
"/Return/ReturnData/IRS990ScheduleA/HospitalNameAndAddress/Name",338,276,"2012v2.0, 2012v2.1, 2012v2.2, 2012v2.3, 2012v3.0"
"/Return/ReturnData/IRS990ScheduleA/HospitalNameAndAddress/Name/BusinessNameLine1",338,276,"2012v2.0, 2012v2.1, 2012v2.2, 2012v2.3, 2012v3.0"
"/Return/ReturnData/IRS990ScheduleH/PhysicalImprovementsAndHousing/NetCommunityBuildingExpense",337,337,"2012v2.0, 2012v2.1, 2012v2.2, 2012v2.3, 2012v3.0"
"/Return/ReturnData/IRS990ScheduleH/UnreimbursedMedicaid/PersonsServed",337,337,"2012v2.0, 2012v2.1, 2012v2.2, 2012v2.3, 2012v3.0"
"/Return/ReturnData/IRS990ScheduleA/HospitalNameAndAddress/State",330,272,"2012v2.0, 2012v2.1, 2012v2.2, 2012v2.3, 2012v3.0"
"/Return/ReturnData/IRS990ScheduleD/CollectionUsedForOther",329,329,"2012v2.0, 2012v2.1, 2012v2.2, 2012v2.3, 2012v3.0"
"/Return/ReturnData/IRS990ScheduleD/CollectionUsedForOther/CollectionUsedForOtherPurposes",329,329,"2012v2.0, 2012v2.1, 2012v2.2, 2012v2.3, 2012v3.0"
"/Return/ReturnData/IRS990ScheduleD/CollectionUsedForOther/DescriptionOfOtherPurposes",329,329,"2012v2.0, 2012v2.1, 2012v2.2, 2012v2.3, 2012v3.0"
"/Return/ReturnData/IRS990ScheduleC/OrgBelongsToAffiliatedGroup",327,327,"2012v2.0, 2012v2.1, 2012v2.2, 2012v2.3, 2012v3.0"
"/Return/ReturnData/IRS990ScheduleH/PhysicalImprovementsAndHousing/PercentOfTotalExpense",326,326,"2012v2.0, 2012v2.1, 2012v2.2, 2012v2.3, 2012v3.0"
"/Return/ReturnData/IRS990ScheduleH/EnvironmentalImprovements",319,319,"2012v2.0, 2012v2.1, 2012v2.2, 2012v2.3, 2012v3.0"
"/Return/ReturnData/IRS990ScheduleH/TotalCharityCare/NumberOfActivitiesOrPrograms",317,317,"2012v2.0, 2012v2.1, 2012v2.3, 2012v3.0"
"/Return/ReturnData/IRS990/ActivityCode",316,316,"2012v2.0, 2012v2.1, 2012v2.3, 2012v3.0"
"/Return/ReturnData/IRS990ScheduleH/Form990ScheduleHPartVSectionB/OtherActionsTaken",312,271,"2012v2.0, 2012v2.1, 2012v2.3, 2012v3.0"
"/Return/ReturnData/IRS990ScheduleD/FinancialDerivatives/MethodOfValuation",311,311,"2012v2.0, 2012v2.1, 2012v2.2, 2012v2.3"
"/Return/ReturnData/IRS990ScheduleH/LeadershipDevelopment/TotalCommunityBuildingExpense",307,307,"2012v2.0, 2012v2.1, 2012v2.2, 2012v2.3, 2012v3.0"
"/Return/ReturnData/IRS990ScheduleR/Form990ScheduleRPartIII/AddressForeign",301,56,"2012v2.0, 2012v2.1, 2012v2.2, 2012v2.3, 2012v3.0"
"/Return/ReturnData/IRS990ScheduleR/Form990ScheduleRPartIII/AddressForeign/AddressLine1",301,56,"2012v2.0, 2012v2.1, 2012v2.2, 2012v2.3, 2012v3.0"
"/Return/ReturnData/IRS990ScheduleR/Form990ScheduleRPartIII/AddressForeign/Country",301,56,"2012v2.0, 2012v2.1, 2012v2.2, 2012v2.3, 2012v3.0"
"/Return/ReturnData/IRS990ScheduleH/Other/TotalCommunityBuildingExpense",299,299,"2012v2.0, 2012v2.1, 2012v2.3, 2012v3.0"
"/Return/ReturnData/IRS990ScheduleH/CommunitySupport/PersonsServed",298,298,"2012v2.0, 2012v2.1, 2012v2.2, 2012v2.3, 2012v3.0"
"/Return/ReturnData/IRS990/TheBooksAreInCareOf/AddressForeign",292,292,"2012v2.0, 2012v2.1, 2012v2.2, 2012v2.3"
"/Return/ReturnData/IRS990/TheBooksAreInCareOf/AddressForeign/AddressLine1",292,292,"2012v2.0, 2012v2.1, 2012v2.2, 2012v2.3"
"/Return/ReturnData/IRS990/TheBooksAreInCareOf/AddressForeign/Country",292,292,"2012v2.0, 2012v2.1, 2012v2.2, 2012v2.3"
"/Return/ReturnData/IRS990ScheduleH/Form990ScheduleHPartVSectionB/PermitLawsuit",283,234,"2012v2.0, 2012v2.1, 2012v2.2, 2012v2.3, 2012v3.0"
"/Return/ReturnData/IRS990ScheduleK/Form990ScheduleKPartI/IssuerName/BusinessNameLine2",283,155,"2012v2.0, 2012v2.1, 2012v2.3, 2012v3.0"
"/Return/ReturnData/IRS990ScheduleR/Form990ScheduleRPartIII/LegalDomicileForeignCountry",282,64,"2012v2.0, 2012v2.1, 2012v2.2, 2012v2.3, 2012v3.0"
"/Return/ReturnData/IRS990ScheduleH/SubsidizedHealthServices/PersonsServed",279,279,"2012v2.0, 2012v2.1, 2012v2.2, 2012v2.3, 2012v3.0"
"/Return/ReturnData/IRS990/TheBooksAreInCareOf/AddressForeign/City",277,277,"2012v2.0, 2012v2.1, 2012v2.2, 2012v2.3"
"/Return/ReturnData/IRS990ScheduleA/MedicalResearchOrg170b1Aiii",276,276,"2012v2.0, 2012v2.1, 2012v2.2, 2012v2.3, 2012v3.0"
"/Return/ReturnData/AffiliatedGroupSchedule/AffiliatedSchedule/ElectingOrg",273,92,"2012v2.1, 2012v2.2, 2012v2.3"
"/Return/ReturnData/IRS990ScheduleC/GrassrootsNontaxableAmount/AffiliatedGroupTotals",271,271,"2012v2.0, 2012v2.1, 2012v2.2, 2012v2.3"
"/Return/ReturnData/IRS990ScheduleC/LobbyingNontaxableAmount/AffiliatedGroupTotals",271,271,"2012v2.0, 2012v2.1, 2012v2.2, 2012v2.3"
"/Return/ReturnData/IRS990ScheduleC/TotalExemptPurposeExpenditures/AffiliatedGroupTotals",271,271,"2012v2.0, 2012v2.1, 2012v2.2, 2012v2.3"
"/Return/ReturnData/IRS990ScheduleR/Form990ScheduleRPartIV/AddressForeign/AddressLine2",270,25,"2012v2.0, 2012v2.1, 2012v2.3"
"/Return/ReturnData/IRS990ScheduleG/GamingManagerNameBusiness",269,269,"2012v2.0, 2012v2.1, 2012v2.2, 2012v2.3"
"/Return/ReturnData/IRS990ScheduleG/GamingManagerNameBusiness/BusinessNameLine1",269,269,"2012v2.0, 2012v2.1, 2012v2.2, 2012v2.3"
"/Return/ReturnData/IRS990ScheduleH/SubsidizedHealthServices/NumberOfActivitiesOrPrograms",268,268,"2012v2.0, 2012v2.1, 2012v2.2, 2012v2.3, 2012v3.0"
"/Return/ReturnData/IRS990ScheduleH/EnvironmentalImprovements/NetCommunityBuildingExpense",267,267,"2012v2.0, 2012v2.1, 2012v2.2, 2012v2.3, 2012v3.0"
"/Return/ReturnData/IRS990ScheduleH/EnvironmentalImprovements/PercentOfTotalExpense",264,264,"2012v2.0, 2012v2.1, 2012v2.2, 2012v2.3, 2012v3.0"
"/Return/ReturnData/IRS990ScheduleR/Form990ScheduleRPartVI",263,139,"2012v2.0, 2012v2.1, 2012v2.2, 2012v2.3"
"/Return/ReturnData/IRS990ScheduleR/Form990ScheduleRPartVI/NameOfBusiness",263,139,"2012v2.0, 2012v2.1, 2012v2.2, 2012v2.3"
"/Return/ReturnData/IRS990ScheduleR/Form990ScheduleRPartVI/NameOfBusiness/BusinessNameLine1",263,139,"2012v2.0, 2012v2.1, 2012v2.2, 2012v2.3"
"/Return/ReturnData/IRS990ScheduleR/Form990ScheduleRPartVI/AllPartnersC3S",261,137,"2012v2.0, 2012v2.1, 2012v2.2, 2012v2.3"
"/Return/ReturnData/IRS990ScheduleR/Form990ScheduleRPartVI/DisproportionateAllocations",261,137,"2012v2.0, 2012v2.1, 2012v2.2, 2012v2.3"
"/Return/ReturnData/IRS990ScheduleR/Form990ScheduleRPartVI/GeneralOrManagingPartner",261,137,"2012v2.0, 2012v2.1, 2012v2.2, 2012v2.3"
"/Return/ReturnData/IRS990ScheduleR/Form990ScheduleRPartVI/LegalDomicileState",261,138,"2012v2.0, 2012v2.1, 2012v2.2, 2012v2.3"
"/Return/ReturnData/IRS990ScheduleC/TotalLobbyingExpenditures/AffiliatedGroupTotals",257,257,"2012v2.0, 2012v2.1, 2012v2.2, 2012v2.3"
"/Return/ReturnData/IRS990ScheduleH/PhysicalImprovementsAndHousing/TotalCommunityBuildingExpense",257,257,"2012v2.0, 2012v2.1, 2012v2.2, 2012v2.3, 2012v3.0"
"/Return/ReturnData/IRS990ScheduleL/Form990ScheduleLPartIII/NameOfInterestedBusiness",253,160,"2012v2.0, 2012v2.1, 2012v2.2, 2012v2.3"
"/Return/ReturnData/IRS990ScheduleL/Form990ScheduleLPartIII/NameOfInterestedBusiness/BusinessNameLine1",253,160,"2012v2.0, 2012v2.1, 2012v2.2, 2012v2.3"
"/Return/ReturnData/IRS990ScheduleR/Form990ScheduleRPartVI/AddressUS",253,138,"2012v2.0, 2012v2.1, 2012v2.2, 2012v2.3"
"/Return/ReturnData/IRS990ScheduleR/Form990ScheduleRPartVI/AddressUS/AddressLine1",253,138,"2012v2.0, 2012v2.1, 2012v2.2, 2012v2.3"
"/Return/ReturnData/IRS990ScheduleR/Form990ScheduleRPartVI/AddressUS/City",253,138,"2012v2.0, 2012v2.1, 2012v2.2, 2012v2.3"
"/Return/ReturnData/IRS990ScheduleR/Form990ScheduleRPartVI/AddressUS/State",253,138,"2012v2.0, 2012v2.1, 2012v2.2, 2012v2.3"
"/Return/ReturnData/IRS990ScheduleR/Form990ScheduleRPartVI/AddressUS/ZIPCode",253,138,"2012v2.0, 2012v2.1, 2012v2.2, 2012v2.3"
"/Return/ReturnData/IRS990ScheduleR/Form990ScheduleRPartVI/PrimaryActivity",252,136,"2012v2.0, 2012v2.1, 2012v2.2, 2012v2.3"
"/Return/ReturnData/IRS990ScheduleH/Form990ScheduleHPartVSectionB/Other",251,224,"2012v2.0, 2012v2.1, 2012v2.3, 2012v3.0"
"/Return/ReturnData/IRS990ScheduleC/OtherExemptPurposeExpenditures/AffiliatedGroupTotals",250,250,"2012v2.0, 2012v2.1, 2012v2.2, 2012v2.3"
"/Return/ReturnData/IRS990ScheduleH/Form990ScheduleHPartVSectionA/ChildrensHospital",249,195,"2012v2.0, 2012v2.1, 2012v2.2, 2012v2.3, 2012v3.0"
"/Return/ReturnData/IRS990ScheduleG/AddressOfThirdPartyUS",245,245,"2012v2.0, 2012v2.1, 2012v2.2, 2012v2.3, 2012v3.0"
"/Return/ReturnData/IRS990ScheduleG/AddressOfThirdPartyUS/AddressLine1",245,245,"2012v2.0, 2012v2.1, 2012v2.2, 2012v2.3, 2012v3.0"
"/Return/ReturnData/IRS990ScheduleG/AddressOfThirdPartyUS/City",245,245,"2012v2.0, 2012v2.1, 2012v2.2, 2012v2.3, 2012v3.0"
"/Return/ReturnData/IRS990ScheduleG/AddressOfThirdPartyUS/State",245,245,"2012v2.0, 2012v2.1, 2012v2.2, 2012v2.3, 2012v3.0"
"/Return/ReturnData/IRS990ScheduleG/AddressOfThirdPartyUS/ZIPCode",245,245,"2012v2.0, 2012v2.1, 2012v2.2, 2012v2.3, 2012v3.0"
"/Return/ReturnData/IRS990ScheduleD/HeldWorksOfArtAmts/RevenuesIncluded",243,243,"2012v2.0, 2012v2.1, 2012v2.2, 2012v2.3, 2012v3.0"
"/Return/ReturnData/IRS990/AddressPrincipalOfficerForeign",239,239,"2012v2.0, 2012v2.1, 2012v2.2, 2012v2.3"
"/Return/ReturnData/IRS990/AddressPrincipalOfficerForeign/AddressLine1",239,239,"2012v2.0, 2012v2.1, 2012v2.2, 2012v2.3"
"/Return/ReturnData/IRS990/AddressPrincipalOfficerForeign/Country",239,239,"2012v2.0, 2012v2.1, 2012v2.2, 2012v2.3"
"/Return/ReturnData/IRS990ScheduleR/Form990ScheduleRPartVI/EIN",239,131,"2012v2.0, 2012v2.1, 2012v2.2, 2012v2.3"
"/Return/ReturnData/IRS990ScheduleL/Form990ScheduleLPartIV/NameOfInterestedPerson/NameBusiness/BusinessNameLine2",238,125,"2012v2.0, 2012v2.1, 2012v2.3, 2012v3.0"
"/Return/ReturnData/IRS990ScheduleH/Pcent150",235,235,"2012v2.0, 2012v2.1, 2012v2.2, 2012v2.3"
"/Return/ReturnData/IRS990ScheduleH/CommunitySupport/DirectOffsettingRevenue",234,234,"2012v2.0, 2012v2.1, 2012v2.3, 2012v3.0"
"/Return/ReturnData/IRS990ScheduleK/Form990ScheduleKPartIV/NameOfHedgeProvider/BusinessNameLine2",234,190,"2012v2.0, 2012v2.1, 2012v2.3"
"/Return/ReturnData/IRS990ScheduleC/TotalDirectLobbying/AffiliatedGroupTotals",232,232,"2012v2.0, 2012v2.1, 2012v2.2, 2012v2.3"
"/Return/ReturnData/IRS990ScheduleD/HistoricStructure",231,231,"2012v2.0, 2012v2.1, 2012v2.2, 2012v2.3, 2012v3.0"
"/Return/ReturnData/IRS990ScheduleH/CoalitionBuilding/NumberOfActivitiesOrPrograms",231,231,"2012v2.0, 2012v2.1, 2012v2.3, 2012v3.0"
"/Return/ReturnData/IRS990ScheduleC/PublicationsOrBroadcastAmount",230,230,"2012v2.0, 2012v2.1, 2012v2.2, 2012v2.3, 2012v3.0"
"/Return/ReturnData/IRS990ScheduleR/Form990ScheduleRPartIII/AddressForeign/City",228,49,"2012v2.0, 2012v2.1, 2012v2.2, 2012v2.3"
"/Return/ReturnData/IRS990ScheduleH/Form990ScheduleHPartVSectionB/Lawsuit",227,179,"2012v2.0, 2012v2.1, 2012v2.2, 2012v2.3, 2012v3.0"
"/Return/ReturnData/IRS990ScheduleD/HistoricLandArea",226,226,"2012v2.0, 2012v2.1, 2012v2.2, 2012v2.3"
"/Return/ReturnData/IRS990/TheBooksAreInCareOf/AddressForeign/PostalCode",225,225,"2012v2.0, 2012v2.1, 2012v2.2, 2012v2.3"
"/Return/ReturnData/IRS990ScheduleH/Form990ScheduleHPartVSectionB/LowestNegotiatedRates",222,183,"2012v2.0, 2012v2.1, 2012v2.2, 2012v2.3"
"/Return/ReturnData/IRS990/ContractorCompensation/NameOfContractor/NameBusiness/BusinessNameLine2",220,153,"2012v2.0, 2012v2.1, 2012v2.3, 2012v3.0"
"/Return/ReturnData/IRS990ScheduleH/CostingMethodologyUsed/CostAccountingSystem",218,218,"2012v2.0, 2012v2.1, 2012v2.2, 2012v2.3, 2012v3.0"
"/Return/ReturnData/IRS990/AddressPrincipalOfficerForeign/City",216,216,"2012v2.0, 2012v2.1, 2012v2.2, 2012v2.3"
"/Return/ReturnData/IRS990ScheduleH/HealthImprovementAdvocacy/NumberOfActivitiesOrPrograms",216,216,"2012v2.0, 2012v2.1, 2012v2.2, 2012v2.3, 2012v3.0"
"/Return/ReturnData/IRS990ScheduleR/Form990ScheduleRPartVI/PercentageOwnership",215,116,"2012v2.0, 2012v2.1, 2012v2.2, 2012v2.3"
"/Return/ReturnData/IRS990ScheduleR/Form990ScheduleRPartVI/ShareOfEOYAssets",212,119,"2012v2.0, 2012v2.1, 2012v2.2, 2012v2.3"
"/Return/ReturnData/IRS990ScheduleH/Form990ScheduleHPartVSectionC/OtherFacilities/Address/AddressLine2",211,77,"2012v2.0, 2012v2.1, 2012v2.3, 2012v3.0"
"/Return/ReturnData/IRS990ScheduleH/WorkforceDevelopment/NumberOfActivitiesOrPrograms",207,207,"2012v2.0, 2012v2.1, 2012v2.3, 2012v3.0"
"/Return/ReturnData/IRS990ScheduleR/Form990ScheduleRPartIII/AddressForeign/PostalCode",205,50,"2012v2.0, 2012v2.1, 2012v2.2, 2012v2.3"
"/Return/ReturnData/IRS990EZ/InfoInScheduleOPartVI",203,203,"2012v2.0, 2012v2.1, 2012v2.2, 2012v2.3"
"/Return/ReturnData/IRS990ScheduleR/Form990ScheduleRPartVI/PredominateIncomeDesc",203,108,"2012v2.0, 2012v2.1, 2012v2.2, 2012v2.3"
"/Return/ReturnData/IRS990ScheduleG/AmtOfGamingRevenueRecvdByOrg",201,201,"2012v2.0, 2012v2.1, 2012v2.2, 2012v2.3, 2012v3.0"
"/Return/ReturnData/IRS990ScheduleR/Form990ScheduleRPartI/LegalDomicileForeignCountry",200,104,"2012v2.0, 2012v2.1, 2012v2.2, 2012v2.3, 2012v3.0"
"/Return/ReturnData/IRS990ScheduleC/AmtOf4955Tax",198,198,"2012v2.0, 2012v2.1, 2012v2.3, 2012v3.0"
"/Return/ReturnData/IRS990ScheduleR/Form990ScheduleRPartVI/ShareOfTotalIncome",196,111,"2012v2.0, 2012v2.1, 2012v2.2, 2012v2.3"
"/Return/ReturnData/IRS990EZ/CompensationOfHighestPaidEmpl",194,102,"2012v2.0, 2012v2.1, 2012v2.3"
"/Return/ReturnData/IRS990EZ/CompensationOfHighestPaidEmpl/AverageHoursPerWeek",194,102,"2012v2.0, 2012v2.1, 2012v2.3"
"/Return/ReturnData/IRS990EZ/CompensationOfHighestPaidEmpl/Compensation",194,102,"2012v2.0, 2012v2.1, 2012v2.3"
"/Return/ReturnData/IRS990EZ/CompensationOfHighestPaidEmpl/EmployeeBenefits",194,102,"2012v2.0, 2012v2.1, 2012v2.3"
"/Return/ReturnData/IRS990EZ/CompensationOfHighestPaidEmpl/ExpenseAccount",194,102,"2012v2.0, 2012v2.1, 2012v2.3"
"/Return/ReturnData/IRS990EZ/CompensationOfHighestPaidEmpl/Name",194,102,"2012v2.0, 2012v2.1, 2012v2.3"
"/Return/ReturnData/IRS990EZ/CompensationOfHighestPaidEmpl/Title",194,102,"2012v2.0, 2012v2.1, 2012v2.3"
"/Return/ReturnData/IRS990ScheduleH/EnvironmentalImprovements/TotalCommunityBuildingExpense",191,191,"2012v2.0, 2012v2.1, 2012v2.2, 2012v2.3, 2012v3.0"
"/Return/ReturnData/IRS990ScheduleH/Form990ScheduleHPartVSectionB/OtherNeedsAddressed",190,166,"2012v2.0, 2012v2.1, 2012v2.3"
"/Return/ReturnData/IRS990ScheduleM/SecuritiesCloselyHeldStock/NumberOfContributions",188,188,"2012v2.0, 2012v2.1, 2012v2.2, 2012v2.3, 2012v3.0"
"/Return/ReturnData/IRS990ScheduleG/GamingInformation/NonCashPrizesBingo",185,185,"2012v2.0, 2012v2.1, 2012v2.2, 2012v2.3, 2012v3.0"
"/Return/ReturnData/IRS990ScheduleM/HistoricalArtifacts/NonCashCheckbox",185,185,"2012v2.0, 2012v2.1, 2012v2.2, 2012v2.3"
"/Return/ReturnData/IRS990ScheduleM/HistoricalArtifacts/NumberOfContributions",185,185,"2012v2.0, 2012v2.1, 2012v2.2, 2012v2.3"
"/Return/ReturnData/IRS990ScheduleM/SecuritiesCloselyHeldStock/NonCashCheckbox",185,185,"2012v2.0, 2012v2.1, 2012v2.2, 2012v2.3, 2012v3.0"
"/Return/ReturnData/IRS990ScheduleM/SecuritiesCloselyHeldStock/NoncashContribsRptdF990",183,183,"2012v2.0, 2012v2.1, 2012v2.2, 2012v2.3, 2012v3.0"
"/Return/ReturnData/IRS990ScheduleH/CoalitionBuilding/PersonsServed",181,181,"2012v2.0, 2012v2.1, 2012v2.3, 2012v3.0"
"/Return/ReturnData/IRS990ScheduleC/AmtOf4955TaxOnManagers",180,180,"2012v2.0, 2012v2.1, 2012v2.3, 2012v3.0"
"/Return/ReturnData/IRS990ScheduleG/GamingManagerIsIndContractor",179,179,"2012v2.0, 2012v2.1, 2012v2.2, 2012v2.3"
"/Return/ReturnData/IRS990ScheduleH/WorkforceDevelopment/PersonsServed",179,179,"2012v2.0, 2012v2.1, 2012v2.3, 2012v3.0"
"/Return/ReturnData/IRS990ScheduleH/Form990ScheduleHPartVSectionB/PermitLienOnResidence",177,141,"2012v2.0, 2012v2.1, 2012v2.2, 2012v2.3, 2012v3.0"
"/Return/ReturnData/IRS990ScheduleH/Form990ScheduleHPartVSectionB/NoEmergencyCare",176,118,"2012v2.0, 2012v2.1, 2012v2.2, 2012v2.3"
"/Return/ReturnData/IRS990ScheduleM/SecuritiesCloselyHeldStock/MethodOfDeterminingRevenues",176,176,"2012v2.0, 2012v2.1, 2012v2.2, 2012v2.3, 2012v3.0"
"/Return/ReturnData/IRS990ScheduleA/TestingForPublicSafety509a4",173,173,"2012v2.0, 2012v2.1, 2012v2.2, 2012v2.3, 2012v3.0"
"/Return/ReturnData/IRS990ScheduleR/Form990ScheduleRPartI/AddressForeign",172,92,"2012v2.0, 2012v2.1, 2012v2.2, 2012v2.3, 2012v3.0"
"/Return/ReturnData/IRS990ScheduleR/Form990ScheduleRPartI/AddressForeign/AddressLine1",172,92,"2012v2.0, 2012v2.1, 2012v2.2, 2012v2.3, 2012v3.0"
"/Return/ReturnData/IRS990ScheduleR/Form990ScheduleRPartI/AddressForeign/Country",172,92,"2012v2.0, 2012v2.1, 2012v2.2, 2012v2.3, 2012v3.0"
"/Return/ReturnData/IRS990ScheduleG/AllStates",170,170,"2012v2.0, 2012v2.1, 2012v2.2, 2012v2.3"
"/Return/ReturnData/IRS990ScheduleG/NameOfThirdPartyBusiness",169,169,"2012v2.0, 2012v2.1, 2012v2.2, 2012v2.3"
"/Return/ReturnData/IRS990ScheduleG/NameOfThirdPartyBusiness/BusinessNameLine1",169,169,"2012v2.0, 2012v2.1, 2012v2.2, 2012v2.3"
"/Return/ReturnData/IRS990ScheduleH/CharityCareAtCost/NumberOfActivitiesOrPrograms",168,168,"2012v2.0, 2012v2.1, 2012v2.3, 2012v3.0"
"/Return/ReturnData/IRS990ScheduleH/EconomicDevelopment/NumberOfActivitiesOrPrograms",165,165,"2012v2.0, 2012v2.1, 2012v2.3, 2012v3.0"
"/Return/ReturnData/IRS990ScheduleH/Research/NumberOfActivitiesOrPrograms",165,165,"2012v2.0, 2012v2.1, 2012v2.3, 2012v3.0"
"/Return/ReturnHeader/Filer/ForeignAddress",165,165,"2012v2.0, 2012v2.1, 2012v2.3"
"/Return/ReturnHeader/Filer/ForeignAddress/AddressLine1",165,165,"2012v2.0, 2012v2.1, 2012v2.3"
"/Return/ReturnHeader/Filer/ForeignAddress/Country",165,165,"2012v2.0, 2012v2.1, 2012v2.3"
"/Return/ReturnData/IRS990ScheduleR/Form990ScheduleRPartI/DirectControllingEntityName/BusinessNameLine2",162,78,"2012v2.0, 2012v2.1, 2012v2.2, 2012v2.3"
"/Return/ReturnHeader/Filer/ForeignAddress/City",161,161,"2012v2.0, 2012v2.1, 2012v2.3"
"/Return/ReturnData/IRS990ScheduleM/BoatsAndPlanes/NonCashCheckbox",160,160,"2012v2.0, 2012v2.1, 2012v2.2, 2012v2.3"
"/Return/ReturnData/IRS990ScheduleM/BoatsAndPlanes/NoncashContribsRptdF990",157,157,"2012v2.0, 2012v2.1, 2012v2.2, 2012v2.3"
"/Return/ReturnData/IRS990ScheduleM/BoatsAndPlanes/NumberOfContributions",157,157,"2012v2.0, 2012v2.1, 2012v2.2, 2012v2.3"
"/Return/ReturnData/IRS990ScheduleH/HealthImprovementAdvocacy/PersonsServed",154,154,"2012v2.0, 2012v2.1, 2012v2.2, 2012v2.3, 2012v3.0"
"/Return/ReturnData/IRS990ScheduleG/FundraiserActivityInformation/AddressUS/AddressLine2",153,114,"2012v2.0, 2012v2.1, 2012v2.2, 2012v2.3, 2012v3.0"
"/Return/ReturnData/IRS990ScheduleR/Form990ScheduleRPartIII/AddressForeign/ProvinceOrState",151,38,"2012v2.0, 2012v2.1, 2012v2.3"
"/Return/ReturnData/IRS990ScheduleG/AmtOfGamingRevenueRetndBy3Prty",149,149,"2012v2.0, 2012v2.1, 2012v2.2, 2012v2.3"
"/Return/ReturnData/IRS990ScheduleM/SecuritiesMiscellaneous/NoncashContribsRptdF990",149,149,"2012v2.0, 2012v2.1, 2012v2.3, 2012v3.0"
"/Return/ReturnData/IRS990ScheduleH/UnreimbursedMedicaid/NumberOfActivitiesOrPrograms",148,148,"2012v2.0, 2012v2.1, 2012v2.3, 2012v3.0"
"/Return/ReturnData/IRS990ScheduleM/BoatsAndPlanes/MethodOfDeterminingRevenues",148,148,"2012v2.0, 2012v2.1, 2012v2.2, 2012v2.3"
"/Return/ReturnData/IRS990EZ/CompOfHghstPaidCntrctProfSer",147,118,"2012v2.0, 2012v2.1, 2012v2.2, 2012v2.3"
"/Return/ReturnData/IRS990EZ/CompOfHghstPaidCntrctProfSer/AddressUS",147,118,"2012v2.0, 2012v2.1, 2012v2.2, 2012v2.3"
"/Return/ReturnData/IRS990EZ/CompOfHghstPaidCntrctProfSer/AddressUS/AddressLine1",147,118,"2012v2.0, 2012v2.1, 2012v2.2, 2012v2.3"
"/Return/ReturnData/IRS990EZ/CompOfHghstPaidCntrctProfSer/AddressUS/City",147,118,"2012v2.0, 2012v2.1, 2012v2.2, 2012v2.3"
"/Return/ReturnData/IRS990EZ/CompOfHghstPaidCntrctProfSer/AddressUS/State",147,118,"2012v2.0, 2012v2.1, 2012v2.2, 2012v2.3"
"/Return/ReturnData/IRS990EZ/CompOfHghstPaidCntrctProfSer/AddressUS/ZIPCode",147,118,"2012v2.0, 2012v2.1, 2012v2.2, 2012v2.3"
"/Return/ReturnData/IRS990EZ/CompOfHghstPaidCntrctProfSer/Compensation",147,118,"2012v2.0, 2012v2.1, 2012v2.2, 2012v2.3"
"/Return/ReturnData/IRS990EZ/CompOfHghstPaidCntrctProfSer/TypeOfService",147,118,"2012v2.0, 2012v2.1, 2012v2.2, 2012v2.3"
"/Return/ReturnData/IRS990ScheduleM/SecuritiesMiscellaneous/NonCashCheckbox",147,147,"2012v2.0, 2012v2.1, 2012v2.3, 2012v3.0"
"/Return/ReturnData/IRS990ScheduleM/SecuritiesMiscellaneous/NumberOfContributions",147,147,"2012v2.0, 2012v2.1, 2012v2.3, 2012v3.0"
"/Return/ReturnData/IRS990/AddressPrincipalOfficerForeign/PostalCode",146,146,"2012v2.0, 2012v2.1, 2012v2.2, 2012v2.3"
"/Return/ReturnData/IRS990ScheduleH/HealthImprovementAdvocacy/DirectOffsettingRevenue",144,144,"2012v2.0, 2012v2.1, 2012v2.3, 2012v3.0"
"/Return/ReturnData/IRS990ScheduleH/Research/PersonsServed",141,141,"2012v2.0, 2012v2.1, 2012v2.3, 2012v3.0"
"/Return/ReturnData/IRS990ScheduleM/SecuritiesPrtnrshpTrustIntrsts/NumberOfContributions",141,141,"2012v2.0, 2012v2.1, 2012v2.2, 2012v2.3, 2012v3.0"
"/Return/ReturnData/IRS990ScheduleJ/PaymentsForUseOfResidence",140,140,"2012v2.0, 2012v2.1, 2012v2.2, 2012v2.3, 2012v3.0"
"/Return/ReturnData/IRS990ScheduleM/SecuritiesPrtnrshpTrustIntrsts/NonCashCheckbox",140,140,"2012v2.0, 2012v2.1, 2012v2.2, 2012v2.3, 2012v3.0"
"/Return/ReturnData/IRS990ScheduleM/SecuritiesPrtnrshpTrustIntrsts/NoncashContribsRptdF990",140,140,"2012v2.0, 2012v2.1, 2012v2.2, 2012v2.3, 2012v3.0"
"/Return/ReturnData/IRS990ScheduleC/TotalGrassrootsLobbying/AffiliatedGroupTotals",138,138,"2012v2.0, 2012v2.1, 2012v2.2, 2012v2.3"
"/Return/ReturnData/IRS990ScheduleH/Form990ScheduleHPartVSectionB/PermitOtherActions",138,113,"2012v2.0, 2012v2.1, 2012v2.3, 2012v3.0"
"/Return/ReturnData/IRS990ScheduleJ/Form990ScheduleJPartII/NameBusiness",138,88,"2012v2.0, 2012v2.1, 2012v2.2, 2012v2.3"
"/Return/ReturnData/IRS990ScheduleJ/Form990ScheduleJPartII/NameBusiness/BusinessNameLine1",138,88,"2012v2.0, 2012v2.1, 2012v2.2, 2012v2.3"
"/Return/ReturnData/IRS990ScheduleR/Form990ScheduleRPartI/AddressForeign/City",138,82,"2012v2.0, 2012v2.1, 2012v2.2, 2012v2.3, 2012v3.0"
"/Return/ReturnData/IRS990ScheduleM/SecuritiesMiscellaneous/MethodOfDeterminingRevenues",137,137,"2012v2.0, 2012v2.1, 2012v2.3, 2012v3.0"
"/Return/ReturnData/IRS990ScheduleH/WorkforceDevelopment/DirectOffsettingRevenue",136,136,"2012v2.0, 2012v2.1, 2012v2.3, 2012v3.0"
"/Return/ReturnData/IRS990/Organization4947a1",135,135,"2012v2.0, 2012v2.1, 2012v2.3"
"/Return/ReturnData/IRS990ScheduleC/Sec527PolOrgs/NameOf527Organization/BusinessNameLine2",135,45,"2012v2.0, 2012v2.1, 2012v2.2, 2012v2.3, 2012v3.0"
"/Return/ReturnData/IRS990ScheduleH/Pcent250",134,134,"2012v2.0, 2012v2.1, 2012v2.3, 2012v3.0"
"/Return/ReturnData/IRS990ScheduleM/SecuritiesPrtnrshpTrustIntrsts/MethodOfDeterminingRevenues",133,133,"2012v2.0, 2012v2.1, 2012v2.2, 2012v2.3, 2012v3.0"
"/Return/ReturnData/IRS990/TheBooksAreInCareOf/AddressForeign/ProvinceOrState",132,132,"2012v2.0, 2012v2.1, 2012v2.2, 2012v2.3"
"/Return/ReturnData/IRS990ScheduleC/TotLobbyExpendMnsLobbyingNontx/AffiliatedGroupTotals",130,130,"2012v2.0, 2012v2.1, 2012v2.3"
"/Return/ReturnData/IRS990ScheduleK/Form990ScheduleKPartIV/NameOfGICProvider/BusinessNameLine2",129,85,"2012v2.1, 2012v2.3"
"/Return/ReturnData/IRS990ScheduleH/CoalitionBuilding/DirectOffsettingRevenue",128,128,"2012v2.0, 2012v2.1, 2012v2.3, 2012v3.0"
"/Return/ReturnHeader/Filer/ForeignAddress/PostalCode",127,127,"2012v2.0, 2012v2.1, 2012v2.3"
"/Return/ReturnData/IRS990/Activity2/ActivityCode",126,126,"2012v2.0, 2012v2.1, 2012v2.3"
"/Return/ReturnData/IRS990ScheduleH/LeadershipDevelopment/NumberOfActivitiesOrPrograms",126,126,"2012v2.0, 2012v2.1, 2012v2.3, 2012v3.0"
"/Return/ReturnData/IRS990ScheduleG/GamingInformation/NonCashPrizesPullTabs",124,124,"2012v2.0, 2012v2.1, 2012v2.2, 2012v2.3, 2012v3.0"
"/Return/ReturnData/IRS990ScheduleM/QualifiedContribOther/NumberOfContributions",124,124,"2012v2.0, 2012v2.1, 2012v2.2, 2012v2.3"
"/Return/ReturnData/IRS990ScheduleM/QualifiedContribOther/NonCashCheckbox",123,123,"2012v2.0, 2012v2.1, 2012v2.2, 2012v2.3"
"/Return/ReturnData/IRS990/AddressPrincipalOfficerForeign/ProvinceOrState",121,121,"2012v2.0, 2012v2.1, 2012v2.2, 2012v2.3"
"/Return/ReturnData/IRS990ScheduleM/ArtHistoricalTreasures/NonCashCheckbox",121,121,"2012v2.0, 2012v2.1, 2012v2.2, 2012v2.3"
"/Return/ReturnData/IRS990/DoingBusinessAs/BusinessNameLine2",119,119,"2012v2.0, 2012v2.1"
"/Return/ReturnData/IRS990ScheduleH/Form990ScheduleHPartVSectionB/LienOnResidence",118,93,"2012v2.0, 2012v2.1, 2012v2.2, 2012v2.3, 2012v3.0"
"/Return/ReturnData/IRS990ScheduleH/UnreimbursedCosts/PersonsServed",118,118,"2012v2.0, 2012v2.1, 2012v2.3, 2012v3.0"
"/Return/ReturnData/AffiliatedGroupSchedule",117,117,"2012v2.1, 2012v2.2, 2012v2.3"
"/Return/ReturnData/IRS990ScheduleM/HistoricalArtifacts/MethodOfDeterminingRevenues",117,117,"2012v2.0, 2012v2.1, 2012v2.2, 2012v2.3"
"/Return/ReturnData/IRS990ScheduleR/Form990ScheduleRPartIII/DirectControllingEntityName/BusinessNameLine2",116,49,"2012v2.0, 2012v2.1, 2012v2.3, 2012v3.0"
"/Return/ReturnData/IRS990ScheduleM/ArtHistoricalTreasures/NumberOfContributions",115,115,"2012v2.0, 2012v2.1, 2012v2.2, 2012v2.3"
"/Return/ReturnData/IRS990EZ/TheBooksAreInCareOf/AddressForeign",111,111,"2012v2.0, 2012v2.1, 2012v2.2, 2012v2.3, 2012v3.0"
"/Return/ReturnData/IRS990EZ/TheBooksAreInCareOf/AddressForeign/AddressLine1",111,111,"2012v2.0, 2012v2.1, 2012v2.2, 2012v2.3, 2012v3.0"
"/Return/ReturnData/IRS990EZ/TheBooksAreInCareOf/AddressForeign/Country",111,111,"2012v2.0, 2012v2.1, 2012v2.2, 2012v2.3, 2012v3.0"
"/Return/ReturnData/IRS990ScheduleC/TotLobbyingGrassrootMinusNonTx/AffiliatedGroupTotals",111,111,"2012v2.1, 2012v2.3"
"/Return/ReturnData/IRS990ScheduleI/RecipientTable/AddressForeign",111,77,"2012v2.0, 2012v2.1, 2012v2.2, 2012v2.3"
"/Return/ReturnData/IRS990ScheduleI/RecipientTable/AddressForeign/AddressLine1",111,77,"2012v2.0, 2012v2.1, 2012v2.2, 2012v2.3"
"/Return/ReturnData/IRS990ScheduleI/RecipientTable/AddressForeign/Country",111,77,"2012v2.0, 2012v2.1, 2012v2.2, 2012v2.3"
"/Return/ReturnData/IRS990ScheduleH/LeadershipDevelopment/PersonsServed",110,110,"2012v2.0, 2012v2.1, 2012v2.3, 2012v3.0"
"/Return/ReturnData/IRS990ScheduleM/HistoricalArtifacts/NoncashContribsRptdF990",109,109,"2012v2.0, 2012v2.1, 2012v2.2, 2012v2.3"
"/Return/ReturnData/IRS990ScheduleM/QualifiedContribOther/MethodOfDeterminingRevenues",109,109,"2012v2.0, 2012v2.1, 2012v2.2, 2012v2.3"
"/Return/ReturnData/AveragingAttachment",105,105,"2012v2.1, 2012v2.3"
"/Return/ReturnData/AveragingAttachment/Explanation",103,103,"2012v2.1, 2012v2.3"
"/Return/ReturnData/IRS990ScheduleH/EconomicDevelopment/DirectOffsettingRevenue",102,102,"2012v2.0, 2012v2.1, 2012v2.3, 2012v3.0"
"/Return/ReturnData/IRS990ScheduleH/LeadershipDevelopment/DirectOffsettingRevenue",100,100,"2012v2.0, 2012v2.1, 2012v2.3, 2012v3.0"
"/Return/ReturnData/IRS990EZ/TheBooksAreInCareOf/AddressForeign/City",99,99,"2012v2.0, 2012v2.1, 2012v2.2, 2012v2.3, 2012v3.0"
"/Return/ReturnData/IRS990ScheduleC/MediaAdvertisementsAmount",98,98,"2012v2.0, 2012v2.1, 2012v2.2, 2012v2.3"
"/Return/ReturnData/IRS990ScheduleH/Other/NumberOfActivitiesOrPrograms",98,98,"2012v2.0, 2012v2.1, 2012v2.3, 2012v3.0"
"/Return/ReturnData/IRS990ScheduleH/Pcent350",97,97,"2012v2.0, 2012v2.1, 2012v2.3"
"/Return/ReturnData/IRS990ScheduleH/Other/DirectOffsettingRevenue",96,96,"2012v2.0, 2012v2.1, 2012v2.3, 2012v3.0"
"/Return/ReturnData/IRS990ScheduleH/PhysicalImprovementsAndHousing/NumberOfActivitiesOrPrograms",96,96,"2012v2.0, 2012v2.1, 2012v2.3, 2012v3.0"
"/Return/ReturnData/IRS990/Activity3/ActivityCode",95,95,"2012v2.0, 2012v2.1, 2012v2.3"
"/Return/ReturnData/IRS990ScheduleG/AddressOfGamingRecKeeperUS/AddressLine2",95,95,"2012v2.0, 2012v2.1, 2012v2.3, 2012v3.0"
"/Return/ReturnData/IRS990EZ/CompOfHghstPaidCntrctProfSer/NameBusiness",94,78,"2012v2.0, 2012v2.1, 2012v2.2, 2012v2.3"
"/Return/ReturnData/IRS990EZ/CompOfHghstPaidCntrctProfSer/NameBusiness/BusinessNameLine1",94,78,"2012v2.0, 2012v2.1, 2012v2.2, 2012v2.3"
"/Return/ReturnHeader/Filer/ForeignAddress/ProvinceOrState",91,91,"2012v2.0, 2012v2.1, 2012v2.3"
"/Return/ReturnData/AffiliateListing",90,90,"2012v2.0, 2012v2.1, 2012v2.2, 2012v2.3"
"/Return/ReturnData/IRS990ScheduleH/EconomicDevelopment/PersonsServed",90,90,"2012v2.0, 2012v2.1, 2012v2.3, 2012v3.0"
"/Return/ReturnData/IRS990ScheduleH/PhysicalImprovementsAndHousing/DirectOffsettingRevenue",90,90,"2012v2.0, 2012v2.1, 2012v2.3, 2012v3.0"
"/Return/ReturnData/IRS990ScheduleI/RecipientTable/AddressForeign/City",89,63,"2012v2.0, 2012v2.1, 2012v2.2, 2012v2.3"
"/Return/ReturnData/IRS990ScheduleH/Other/PersonsServed",88,88,"2012v2.0, 2012v2.1, 2012v2.3, 2012v3.0"
"/Return/ReturnData/IRS990ScheduleM/QualifiedContribOther/NoncashContribsRptdF990",87,87,"2012v2.0, 2012v2.1, 2012v2.2, 2012v2.3"
"/Return/ReturnData/IRS990/CountryLegalDomicile",86,86,"2012v2.0, 2012v2.1, 2012v2.2, 2012v2.3"
"/Return/ReturnData/IRS990ScheduleM/ArtHistoricalTreasures/MethodOfDeterminingRevenues",85,85,"2012v2.0, 2012v2.1, 2012v2.2, 2012v2.3"
"/Return/ReturnData/IRS990ScheduleG/NameOfThirdPartyPerson",84,84,"2012v2.0, 2012v2.1, 2012v2.2, 2012v2.3, 2012v3.0"
"/Return/ReturnData/IRS990ScheduleM/IntellectualProperty/NonCashCheckbox",84,84,"2012v2.0, 2012v2.1, 2012v2.2, 2012v2.3"
"/Return/ReturnData/IRS990EZ/TheBooksAreInCareOf/AddressForeign/PostalCode",83,83,"2012v2.0, 2012v2.1, 2012v2.2, 2012v2.3, 2012v3.0"
"/Return/ReturnData/IRS990ScheduleM/IntellectualProperty/NumberOfContributions",83,83,"2012v2.0, 2012v2.1, 2012v2.2, 2012v2.3"
"/Return/ReturnData/IRS990ScheduleH/Form990ScheduleHPartVSectionB/FileForm4720ReportExciseTax",82,74,"2012v2.0, 2012v2.2, 2012v3.0"
"/Return/ReturnData/IRS990ScheduleM/ArtHistoricalTreasures/NoncashContribsRptdF990",81,81,"2012v2.0, 2012v2.1, 2012v2.2, 2012v2.3"
"/Return/ReturnData/IRS990ScheduleM/IntellectualProperty/NoncashContribsRptdF990",81,81,"2012v2.0, 2012v2.1, 2012v2.2, 2012v2.3"
"/Return/ReturnData/IRS990/AmountOfTaxExemptInterest",80,80,"2012v2.0, 2012v2.1, 2012v2.2, 2012v2.3"
"/Return/ReturnData/IRS990ScheduleH/Form990ScheduleHPartVSectionA/ErOther",79,63,"2012v2.0, 2012v2.1, 2012v2.3"
"/Return/ReturnData/IRS990ScheduleL/DQPTable",79,58,"2012v2.0, 2012v2.1, 2012v2.2, 2012v2.3, 2012v3.0"
"/Return/ReturnData/IRS990ScheduleL/DQPTable/TransactionCorrected",78,57,"2012v2.0, 2012v2.1, 2012v2.2, 2012v2.3, 2012v3.0"
"/Return/ReturnHeader/Preparer/SSN",77,77,"2012v2.1"
"/Return/ReturnData/IRS990ScheduleI/RecipientTable/AddressForeign/PostalCode",70,49,"2012v2.0, 2012v2.1, 2012v2.2, 2012v2.3"
"/Return/ReturnData/IRS990ScheduleI/RecipientTable/AddressForeign/ProvinceOrState",70,51,"2012v2.0, 2012v2.1, 2012v2.2, 2012v2.3"
"/Return/ReturnData/IRS990ScheduleH/EnvironmentalImprovements/DirectOffsettingRevenue",69,69,"2012v2.0, 2012v2.1, 2012v2.3, 2012v3.0"
"/Return/ReturnData/IRS990ScheduleH/PhysicalImprovementsAndHousing/PersonsServed",69,69,"2012v2.0, 2012v2.1, 2012v2.3, 2012v3.0"
"/Return/ReturnData/IRS990ScheduleL/DQPTable/DescriptionOfTransaction",68,47,"2012v2.0, 2012v2.1, 2012v2.2, 2012v2.3, 2012v3.0"
"/Return/ReturnData/IRS990ScheduleR/Form990ScheduleRPartI/AddressForeign/ProvinceOrState",68,37,"2012v2.0, 2012v2.1, 2012v2.3"
"/Return/ReturnData/IRS990ScheduleH/EnvironmentalImprovements/NumberOfActivitiesOrPrograms",67,67,"2012v2.0, 2012v2.1, 2012v2.3, 2012v3.0"
"/Return/ReturnData/IRS990ScheduleH/Form990ScheduleHPartVSectionB/OtherActions",67,53,"2012v2.0, 2012v2.1, 2012v2.3"
"/Return/ReturnData/IRS990ScheduleR/Form990ScheduleRPartI/NameOfDisregardedEntity/BusinessNameLine2",67,54,"2012v2.0, 2012v2.1, 2012v2.3"
"/Return/ReturnData/IRS990ScheduleR/Form990ScheduleRPartI/AddressForeign/PostalCode",66,47,"2012v2.0, 2012v2.1, 2012v2.2, 2012v2.3"
"/Return/ReturnData/IRS990ScheduleC/Sec527PolOrgs/AddressUS/AddressLine2",65,23,"2012v2.0, 2012v2.1, 2012v2.3"
"/Return/ReturnData/IRS990ScheduleA/TenPercentTestPriorYear",64,64,"2012v2.0, 2012v2.1, 2012v2.2, 2012v2.3"
"/Return/ReturnData/IRS990ScheduleM/IntellectualProperty/MethodOfDeterminingRevenues",62,62,"2012v2.0, 2012v2.1, 2012v2.2, 2012v2.3"
"/Return/ReturnData/IRS990ScheduleH/UnreimbursedCosts/NumberOfActivitiesOrPrograms",61,61,"2012v2.0, 2012v2.1, 2012v2.3, 2012v3.0"
"/Return/ReturnData/IRS990ScheduleL/DQPTable/RelationshipDisqualifiedPerson",60,42,"2012v2.0, 2012v2.1, 2012v2.2, 2012v2.3, 2012v3.0"
"/Return/ReturnData/IRS990ScheduleR/Form990ScheduleRPartI/AddressUS/AddressLine2",60,43,"2012v2.0, 2012v2.1, 2012v2.3"
"/Return/ReturnData/IRS990ScheduleL/DQPTable/NamePerson",59,45,"2012v2.0, 2012v2.1, 2012v2.2, 2012v2.3, 2012v3.0"
"/Return/ReturnData/IRS990ScheduleM/ScientificSpecimens/NumberOfContributions",56,56,"2012v2.0, 2012v2.1, 2012v2.2, 2012v2.3"
"/Return/ReturnData/IRS990ScheduleM/ScientificSpecimens/NonCashCheckbox",55,55,"2012v2.0, 2012v2.1, 2012v2.2, 2012v2.3"
"/Return/ReturnData/IRS990EZ/CompOfHghstPaidCntrctProfSer/NamePerson",53,43,"2012v2.0, 2012v2.1, 2012v2.2, 2012v2.3"
"/Return/ReturnData/IRS990ScheduleH/EnvironmentalImprovements/PersonsServed",53,53,"2012v2.0, 2012v2.1, 2012v2.3, 2012v3.0"
"/Return/ReturnData/IRS990ScheduleN/LiquidationTable/LiquidationDetail/AddressUS/AddressLine2",53,22,"2012v2.0, 2012v2.1, 2012v2.3"
"/Return/ReturnData/IRS990ScheduleR/Form990ScheduleRPartVI/CodeVAmount",53,36,"2012v2.0, 2012v2.1, 2012v2.3"
"/Return/ReturnData/IRS990ScheduleM/ScientificSpecimens/NoncashContribsRptdF990",47,47,"2012v2.0, 2012v2.1, 2012v2.3"
"/Return/ReturnData/IRS990ScheduleH/Form990ScheduleHPartVSectionB/OtherReason",44,40,"2012v2.0, 2012v2.1, 2012v2.3"
"/Return/ReturnData/AffiliateListing/Affiliate/AddressUS/AddressLine2",42,9,"2012v2.0, 2012v2.1"
"/Return/ReturnData/IRS990ScheduleG/FundraiserActivityInformation/AddressForeign",42,37,"2012v2.0, 2012v2.1, 2012v2.2, 2012v2.3"
"/Return/ReturnData/IRS990ScheduleG/FundraiserActivityInformation/AddressForeign/AddressLine1",42,37,"2012v2.0, 2012v2.1, 2012v2.2, 2012v2.3"
"/Return/ReturnData/IRS990ScheduleG/FundraiserActivityInformation/AddressForeign/Country",42,37,"2012v2.0, 2012v2.1, 2012v2.2, 2012v2.3"
"/Return/ReturnData/IRS990ScheduleM/ScientificSpecimens/MethodOfDeterminingRevenues",42,42,"2012v2.0, 2012v2.1, 2012v2.3"
"/Return/ReturnData/IRS990ScheduleN/LiquidationTable/LiquidationDetail/NameBusiness/BusinessNameLine2",42,21,"2012v2.0, 2012v2.1, 2012v2.3"
"/Return/ReturnData/IRS990EZ/TheBooksAreInCareOf/AddressForeign/ProvinceOrState",39,39,"2012v2.0, 2012v2.1, 2012v2.2, 2012v2.3, 2012v3.0"
"/Return/ReturnData/IRS990ScheduleC/LimitedControlProvisionsApply",39,39,"2012v2.0, 2012v2.1, 2012v2.2, 2012v2.3"
"/Return/ReturnData/IRS990ScheduleG/FundraiserActivityInformation/AddressForeign/City",38,34,"2012v2.0, 2012v2.1, 2012v2.2, 2012v2.3"
"/Return/ReturnData/IRS990ScheduleH/Form990ScheduleHPartVSectionA/Name/BusinessNameLine2",36,28,"2012v2.0, 2012v2.1, 2012v2.3"
"/Return/ReturnData/IRS990ScheduleH/PolicyAppliedToMostHospitals",36,36,"2012v2.0, 2012v2.1, 2012v2.3"
"/Return/ReturnData/IRS990ScheduleR/Form990ScheduleRPartII/AddressForeign/AddressLine2",36,21,"2012v2.0, 2012v2.1, 2012v2.3"
"/Return/ReturnData/IRS990ScheduleG/NameOfGamingRecKeeperBus/BusinessNameLine2",35,35,"2012v2.0, 2012v2.1, 2012v2.3"
"/Return/ReturnData/IRS990ScheduleL/LoanTable/NameBusiness/BusinessNameLine2",35,28,"2012v2.0, 2012v2.1, 2012v2.3"
"/Return/ReturnData/IRS990/SpecialConditionDescription",31,31,"2012v2.1, 2012v2.3, 2012v3.0"
"/Return/ReturnData/IRS990ScheduleG/FundraiserActivityInformation/AddressForeign/ProvinceOrState",31,26,"2012v2.0, 2012v2.1, 2012v2.2, 2012v2.3"
"/Return/ReturnHeader/DisasterRelief",31,31,"2012v2.0, 2012v2.1, 2012v2.3, 2012v3.0"
"/Return/ReturnData/IRS990ScheduleG/FundraiserActivityInformation/AddressForeign/PostalCode",30,25,"2012v2.0, 2012v2.1, 2012v2.2, 2012v2.3"
"/Return/ReturnHeader/PreparerFirm/PreparerFirmForeignAddress",29,29,"2012v2.0, 2012v2.1, 2012v2.2, 2012v2.3, 2012v3.0"
"/Return/ReturnHeader/PreparerFirm/PreparerFirmForeignAddress/AddressLine1",29,29,"2012v2.0, 2012v2.1, 2012v2.2, 2012v2.3, 2012v3.0"
"/Return/ReturnHeader/PreparerFirm/PreparerFirmForeignAddress/City",29,29,"2012v2.0, 2012v2.1, 2012v2.2, 2012v2.3, 2012v3.0"
"/Return/ReturnHeader/PreparerFirm/PreparerFirmForeignAddress/Country",29,29,"2012v2.0, 2012v2.1, 2012v2.2, 2012v2.3, 2012v3.0"
"/Return/ReturnData/IRS990EZ/Organization4947a1",27,27,"2012v2.0, 2012v2.1, 2012v2.2, 2012v2.3"
"/Return/ReturnData/IRS990ScheduleG/FundraiserActivityInformation/NameOfOrganization/BusinessNameLine2",27,25,"2012v2.0, 2012v2.1, 2012v2.3"
"/Return/ReturnData/IRS990/TheBooksAreInCareOf/AddressForeign/AddressLine2",26,26,"2012v2.0, 2012v2.1, 2012v2.3"
"/Return/ReturnData/AffiliatedGroupAttachment",25,25,"2012v2.1, 2012v2.3"
"/Return/ReturnData/AffiliatedGroupAttachment/Explanation",25,25,"2012v2.1, 2012v2.3"
"/Return/ReturnData/IRS990ScheduleM/ArchaeologicalArtifacts/NonCashCheckbox",23,23,"2012v2.0, 2012v2.1, 2012v2.3"
"/Return/ReturnData/IRS990ScheduleM/ArchaeologicalArtifacts/NumberOfContributions",23,23,"2012v2.0, 2012v2.1, 2012v2.3"
"/Return/ReturnData/IRS990/AddressPrincipalOfficerForeign/AddressLine2",22,22,"2012v2.0, 2012v2.1"
"/Return/ReturnData/IRS990ScheduleM/ArtFractionalInterest/NonCashCheckbox",22,22,"2012v2.0, 2012v2.1, 2012v2.3"
"/Return/ReturnData/IRS990ScheduleM/ArtFractionalInterest/NumberOfContributions",22,22,"2012v2.0, 2012v2.1, 2012v2.3"
"/Return/ReturnData/IRS990ScheduleN/DispositionTable/AddressForeign",22,8,"2012v2.0, 2012v2.1"
"/Return/ReturnData/IRS990ScheduleN/DispositionTable/AddressForeign/AddressLine1",22,8,"2012v2.0, 2012v2.1"
"/Return/ReturnData/IRS990ScheduleN/DispositionTable/AddressForeign/Country",22,8,"2012v2.0, 2012v2.1"
"/Return/ReturnData/IRS990ScheduleG/ExplanationIfYes",21,21,"2012v2.0, 2012v2.1, 2012v2.2, 2012v2.3"
"/Return/ReturnHeader/PreparerFirm/PreparerFirmForeignAddress/PostalCode",21,21,"2012v2.0, 2012v2.1, 2012v2.2"
"/Return/ReturnData/IRS990/StateRequiredReserves",19,19,"2012v2.1"
"/Return/ReturnData/IRS990EZ/TheBooksAreInCareOf/AddressForeign/AddressLine2",19,19,"2012v2.0, 2012v2.1, 2012v2.2, 2012v2.3"
"/Return/ReturnData/IRS990ScheduleJ/Form990ScheduleJPartII/NameBusiness/BusinessNameLine2",19,13,"2012v2.1, 2012v2.3"
"/Return/ReturnData/IRS990ScheduleM/ArchaeologicalArtifacts/MethodOfDeterminingRevenues",18,18,"2012v2.0, 2012v2.1, 2012v2.3"
"/Return/ReturnData/IRS990ScheduleM/Taxidermy/NumberOfContributions",18,18,"2012v2.0, 2012v2.1, 2012v2.2, 2012v2.3"
"/Return/ReturnHeader/PreparerFirm/PreparerFirmForeignAddress/ProvinceOrState",18,18,"2012v2.0, 2012v2.1, 2012v2.2, 2012v2.3"
"/Return/ReturnData/IRS990/ContractorCompensation/AddressOfContractor/AddressForeign/AddressLine2",17,14,"2012v2.0, 2012v2.1, 2012v2.3"
"/Return/ReturnData/IRS990EZ/SpecialConditionDescription",17,17,"2012v2.1, 2012v2.3, 2012v3.0"
"/Return/ReturnData/IRS990ScheduleH/Form990ScheduleHPartVSectionB/PermitBodyAttachment",17,11,"2012v2.0, 2012v2.1, 2012v2.3"
"/Return/ReturnData/IRS990ScheduleH/PolicyTailoredToIndHospitals",17,17,"2012v2.0, 2012v2.1, 2012v2.3"
"/Return/ReturnData/IRS990ScheduleL/AmountOfTaxImposed",17,17,"2012v2.0, 2012v2.1, 2012v2.3"
"/Return/ReturnData/IRS990ScheduleM/ArchaeologicalArtifacts/NoncashContribsRptdF990",17,17,"2012v2.0, 2012v2.1, 2012v2.3"
"/Return/ReturnData/IRS990ScheduleN/DispositionTable/AddressUS/AddressLine2",17,12,"2012v2.0, 2012v2.1, 2012v2.3"
"/Return/ReturnData/IRS990ScheduleN/DispositionTable/NameBusiness/BusinessNameLine2",17,16,"2012v2.0, 2012v2.1, 2012v2.3"
"/Return/ReturnData/IRS990ScheduleH/Form990ScheduleHPartVSectionA/Address/AddressLine2",16,15,"2012v2.0, 2012v2.1, 2012v2.3"
"/Return/ReturnData/IRS990ScheduleM/Taxidermy/NonCashCheckbox",16,16,"2012v2.0, 2012v2.1, 2012v2.2, 2012v2.3"
"/Return/ReturnData/IRS990/NameOfPrincipalOfficerBusiness/BusinessNameLine2",15,15,"2012v2.0, 2012v2.1, 2012v2.2"
"/Return/ReturnData/IRS990ScheduleM/ArtFractionalInterest/MethodOfDeterminingRevenues",15,15,"2012v2.0, 2012v2.1"
"/Return/ReturnData/IRS990ScheduleN/DispositionTable/AddressForeign/ProvinceOrState",15,3,"2012v2.1"
"/Return/ReturnHeader/Filer/ForeignAddress/AddressLine2",15,15,"2012v2.0, 2012v2.1"
"/Return/ReturnHeader/PreparerFirm/PreparerFirmBusinessName/BusinessNameLine2",15,15,"2012v2.0"
"/Return/ReturnData/IRS990ScheduleA/HospitalNameAndAddress/Name/BusinessNameLine2",14,14,"2012v2.0, 2012v2.1, 2012v2.3"
"/Return/ReturnData/IRS990ScheduleL/AmountOfTaxReimbursed",14,14,"2012v2.0, 2012v2.1"
"/Return/ReturnData/IRS990ScheduleM/Taxidermy/MethodOfDeterminingRevenues",14,14,"2012v2.0, 2012v2.1, 2012v2.2, 2012v2.3"
"/Return/ReturnData/IRS990ScheduleN/DispositionTable/AddressForeign/City",14,7,"2012v2.0, 2012v2.1"
"/Return/ReturnData/IRS990EZ/NECTFilingForm990",13,13,"2012v2.0, 2012v2.1, 2012v2.2"
"/Return/ReturnData/IRS990ScheduleL/DQPTable/NameBusiness",13,12,"2012v2.0, 2012v2.1, 2012v2.3"
"/Return/ReturnData/IRS990ScheduleL/DQPTable/NameBusiness/BusinessNameLine1",13,12,"2012v2.0, 2012v2.1, 2012v2.3"
"/Return/ReturnData/IRS990ScheduleN/DispositionTable/AddressForeign/PostalCode",13,6,"2012v2.0, 2012v2.1"
"/Return/ReturnData/IRS990ScheduleH/Form990ScheduleHPartVSectionB/BodyAttachment",12,6,"2012v2.1, 2012v2.3"
"/Return/ReturnData/IRS990ScheduleM/ArtFractionalInterest/NoncashContribsRptdF990",12,12,"2012v2.0, 2012v2.1"
"/Return/ReturnData/IRS990ScheduleM/Taxidermy/NoncashContribsRptdF990",12,12,"2012v2.0, 2012v2.1, 2012v2.2, 2012v2.3"
"/Return/ReturnData/EmployeeCompensationExpln/EmployeeCompExplanation",11,7,"2012v2.1, 2012v2.3"
"/Return/ReturnData/EmployeeCompensationExpln/EmployeeCompExplanation/EmployeeName",11,7,"2012v2.1, 2012v2.3"
"/Return/ReturnData/EmployeeCompensationExpln/EmployeeCompExplanation/Explanation",9,5,"2012v2.1"
"/Return/ReturnData/IRS990ScheduleN/LiquidationTable/LiquidationDetail/AddressForeign",9,6,"2012v2.0, 2012v2.1, 2012v2.3"
"/Return/ReturnData/IRS990ScheduleN/LiquidationTable/LiquidationDetail/AddressForeign/AddressLine1",9,6,"2012v2.0, 2012v2.1, 2012v2.3"
"/Return/ReturnData/IRS990ScheduleN/LiquidationTable/LiquidationDetail/AddressForeign/Country",9,6,"2012v2.0, 2012v2.1, 2012v2.3"
"/Return/ReturnData/IRS990ScheduleA/HospitalNameAndAddress/Country",8,5,"2012v2.0, 2012v2.1, 2012v2.2"
"/Return/ReturnData/IRS990ScheduleH/Form990ScheduleHPartVSectionB/HospitalFacilityName/BusinessNameLine2",8,4,"2012v2.0"
"/Return/ReturnData/IRS990ScheduleN/LiquidationTable/LiquidationDetail/AddressForeign/City",8,5,"2012v2.0, 2012v2.1, 2012v2.3"
"/Return/ReturnData/EmployeeCompensationExpln",7,7,"2012v2.1, 2012v2.3"
"/Return/ReturnData/IRS990ScheduleC/AmountOf4912Tax",7,7,"2012v2.1"
"/Return/ReturnData/IRS990ScheduleG/GamingManagerNameBusiness/BusinessNameLine2",7,7,"2012v2.1, 2012v2.3"
"/Return/ReturnData/IRS990ScheduleH/Form990ScheduleHPartVSectionB/NoEmergencyPolicy",7,7,"2012v2.1, 2012v2.3"
"/Return/ReturnData/IRS990ScheduleC/AmountOfManagers4912Tax",6,6,"2012v2.1"
"/Return/ReturnData/IRS990ScheduleH/Form990ScheduleHPartVSectionC/OtherFacilities/Name/BusinessNameLine2",6,3,"2012v2.0, 2012v2.1"
"/Return/ReturnData/IRS990ScheduleM/QualifiedContribHistStruct/NumberOfContributions",6,6,"2012v2.0, 2012v2.1"
"/Return/ReturnData/IRS990ScheduleR/Form990ScheduleRPartI/AddressForeign/AddressLine2",6,6,"2012v2.0, 2012v2.1"
"/Return/ReturnData/IRS990ScheduleM/QualifiedContribHistStruct/NonCashCheckbox",5,5,"2012v2.0, 2012v2.1"
"/Return/ReturnData/IRS990ScheduleN/DispositionTable/AddressForeign/AddressLine2",5,3,"2012v2.0, 2012v2.1"
"/Return/ReturnData/IRS990ScheduleN/LiquidationTable/LiquidationDetail/AddressForeign/ProvinceOrState",5,3,"2012v2.1, 2012v2.3"
"/Return/ReturnData/IRS990ScheduleL/Form990ScheduleLPartIII/NameOfInterestedBusiness/BusinessNameLine2",4,3,"2012v2.1, 2012v2.3"
"/Return/ReturnData/IRS990ScheduleN/LiquidationTable/LiquidationDetail/AddressForeign/PostalCode",4,2,"2012v2.1"
"/Return/ReturnData/IRS990/AmtReservesMaintained",3,3,"2012v2.1"
"/Return/ReturnData/IRS990ScheduleI/RecipientTable/AddressForeign/AddressLine2",3,3,"2012v2.0, 2012v2.1"
"/Return/ReturnData/IRS990ScheduleM/QualifiedContribHistStruct/MethodOfDeterminingRevenues",3,3,"2012v2.0, 2012v2.1"
"/Return/ReturnData/IRS990ScheduleM/QualifiedContribHistStruct/NoncashContribsRptdF990",3,3,"2012v2.0, 2012v2.1"
"/Return/ReturnHeader/PreparerFirm/PreparerFirmForeignAddress/AddressLine2",3,3,"2012v2.0"
"/Return/ReturnData/IRS990ScheduleG/AddressOfGamingRecKeeperFrgn",2,2,"2012v2.1, 2012v2.3"
"/Return/ReturnData/IRS990ScheduleG/AddressOfGamingRecKeeperFrgn/AddressLine1",2,2,"2012v2.1, 2012v2.3"
"/Return/ReturnData/IRS990ScheduleG/AddressOfGamingRecKeeperFrgn/City",2,2,"2012v2.1, 2012v2.3"
"/Return/ReturnData/IRS990ScheduleG/AddressOfGamingRecKeeperFrgn/Country",2,2,"2012v2.1, 2012v2.3"
"/Return/ReturnData/IRS990ScheduleH/Form990ScheduleHPartVSectionB/ExciseReportForm4720ForAllAmt",2,2,"2012v2.3"
"/Return/ReturnData/IRS990ScheduleL/DQPTable/NameBusiness/BusinessNameLine2",2,2,"2012v2.0, 2012v2.3"
"/Return/ReturnData/IRS990ScheduleR/Form990ScheduleRPartIII/AddressForeign/AddressLine2",2,2,"2012v2.0"
"/Return/ReturnData/AffiliatedGroupSchedule/AffiliatedSchedule/AddressUS/AddressLine2",1,1,"2012v2.1"
"/Return/ReturnData/IRS990EZ/CompOfHghstPaidCntrctProfSer/AddressUS/AddressLine2",1,1,"2012v2.3"
"/Return/ReturnData/IRS990EZ/CompOfHghstPaidCntrctProfSer/NameBusiness/BusinessNameLine2",1,1,"2012v2.3"
"/Return/ReturnData/IRS990ScheduleC/Sec527PolOrgs/AddressForeign",1,1,"2012v2.0"
"/Return/ReturnData/IRS990ScheduleC/Sec527PolOrgs/AddressForeign/AddressLine1",1,1,"2012v2.0"
"/Return/ReturnData/IRS990ScheduleC/Sec527PolOrgs/AddressForeign/City",1,1,"2012v2.0"
"/Return/ReturnData/IRS990ScheduleC/Sec527PolOrgs/AddressForeign/Country",1,1,"2012v2.0"
"/Return/ReturnData/IRS990ScheduleC/Sec527PolOrgs/AddressForeign/PostalCode",1,1,"2012v2.0"
"/Return/ReturnData/IRS990ScheduleG/AddressOfGamingRecKeeperFrgn/PostalCode",1,1,"2012v2.3"
"/Return/ReturnData/IRS990ScheduleG/AddressOfGamingRecKeeperFrgn/ProvinceOrState",1,1,"2012v2.3"
"/Return/ReturnData/IRS990ScheduleG/AddressOfThirdPartyUS/AddressLine2",1,1,"2012v2.1"
"/Return/ReturnData/IRS990ScheduleG/FundraiserActivityInformation/AddressForeign/AddressLine2",1,1,"2012v2.0"
"/Return/ReturnData/IRS990ScheduleG/NameOfThirdPartyBusiness/BusinessNameLine2",1,1,"2012v2.0"
"/Return/ReturnData/IRS990ScheduleH/Form990ScheduleHPartVSectionB/EmergencyCareLimited",1,1,"2012v2.3"
"/Return/ReturnData/IRS990ScheduleR/Form990ScheduleRPartVI/AddressForeign",1,1,"2012v2.1"
"/Return/ReturnData/IRS990ScheduleR/Form990ScheduleRPartVI/AddressForeign/AddressLine1",1,1,"2012v2.1"
"/Return/ReturnData/IRS990ScheduleR/Form990ScheduleRPartVI/AddressForeign/City",1,1,"2012v2.1"
"/Return/ReturnData/IRS990ScheduleR/Form990ScheduleRPartVI/AddressForeign/Country",1,1,"2012v2.1"
"/Return/ReturnData/IRS990ScheduleR/Form990ScheduleRPartVI/AddressForeign/PostalCode",1,1,"2012v2.1"
"/Return/ReturnData/IRS990ScheduleR/Form990ScheduleRPartVI/AddressForeign/ProvinceOrState",1,1,"2012v2.1"
"/Return/ReturnData/IRS990ScheduleR/Form990ScheduleRPartVI/LegalDomicileForeignCountry",1,1,"2012v2.1"
