"xpath","count_occurrences","count_filings","schema_versions"
"/Return/ReturnData/IRS990/Form990PartVIISectionAGrp",2502328,198855,"2013v3.0, 2013v3.1, 2013v4.0"
"/Return/ReturnData/IRS990/Form990PartVIISectionAGrp/PersonNm",2496690,198324,"2013v3.0, 2013v3.1, 2013v4.0"
"/Return/ReturnData/IRS990/Form990PartVIISectionAGrp/TitleTxt",2488312,198855,"2013v3.0, 2013v3.1, 2013v4.0"
"/Return/ReturnData/IRS990/Form990PartVIISectionAGrp/ReportableCompFromOrgAmt",2439614,196999,"2013v3.0, 2013v3.1, 2013v4.0"
"/Return/ReturnData/IRS990/Form990PartVIISectionAGrp/OtherCompensationAmt",2430663,196671,"2013v3.0, 2013v3.1, 2013v4.0"
"/Return/ReturnData/IRS990/Form990PartVIISectionAGrp/ReportableCompFromRltdOrgAmt",2426456,196634,"2013v3.0, 2013v3.1, 2013v4.0"
"/Return/ReturnData/IRS990/Form990PartVIISectionAGrp/AverageHoursPerWeekRt",2415868,192491,"2013v3.0, 2013v3.1, 2013v4.0"
"/Return/ReturnData/IRS990/Form990PartVIISectionAGrp/IndividualTrusteeOrDirectorInd",1988608,175437,"2013v3.0, 2013v3.1, 2013v4.0"
"/Return/ReturnData/IRS990ScheduleO/SupplementalInformationDetail",1696792,300102,"2013v3.0, 2013v3.1, 2013v4.0"
"/Return/ReturnData/IRS990ScheduleO/SupplementalInformationDetail/ExplanationTxt",1696792,300102,"2013v3.0, 2013v3.1, 2013v4.0"
"/Return/ReturnData/IRS990ScheduleO/SupplementalInformationDetail/FormAndLineReferenceDesc",1696792,300102,"2013v3.0, 2013v3.1, 2013v4.0"
"/Return/ReturnData/IRS990/Form990PartVIISectionAGrp/OfficerInd",815503,179125,"2013v3.0, 2013v3.1, 2013v4.0"
"/Return/ReturnData/IRS990/Form990PartVIISectionAGrp/AverageHoursPerWeekRltdOrgRt",767239,70577,"2013v3.0, 2013v3.1, 2013v4.0"
"/Return/ReturnData/IRS990EZ/OfficerDirectorTrusteeEmplGrp",697302,104375,"2013v3.0, 2013v3.1, 2013v4.0"
"/Return/ReturnData/IRS990EZ/OfficerDirectorTrusteeEmplGrp/AverageHrsPerWkDevotedToPosRt",697302,104375,"2013v3.0, 2013v3.1, 2013v4.0"
"/Return/ReturnData/IRS990EZ/OfficerDirectorTrusteeEmplGrp/CompensationAmt",697302,104375,"2013v3.0, 2013v3.1, 2013v4.0"
"/Return/ReturnData/IRS990EZ/OfficerDirectorTrusteeEmplGrp/TitleTxt",697302,104375,"2013v3.0, 2013v3.1, 2013v4.0"
"/Return/ReturnData/IRS990EZ/OfficerDirectorTrusteeEmplGrp/PersonNm",694674,103967,"2013v3.0, 2013v3.1, 2013v4.0"
"/Return/ReturnData/IRS990/OtherExpensesGrp",657065,185383,"2013v3.0, 2013v3.1, 2013v4.0"
"/Return/ReturnData/IRS990/OtherExpensesGrp/TotalAmt",656482,185306,"2013v3.0, 2013v3.1, 2013v4.0"
"/Return/ReturnData/IRS990/OtherExpensesGrp/Desc",654020,184642,"2013v3.0, 2013v3.1, 2013v4.0"
"/Return/ReturnData/IRS990/OtherExpensesGrp/ProgramServicesAmt",486191,150740,"2013v3.0, 2013v3.1, 2013v4.0"
"/Return/ReturnData/IRS990ScheduleI/RecipientTable",344652,28332,"2013v3.0, 2013v3.1, 2013v4.0"
"/Return/ReturnData/IRS990ScheduleI/RecipientTable/RecipientBusinessName",343532,28273,"2013v3.0, 2013v3.1, 2013v4.0"
"/Return/ReturnData/IRS990ScheduleI/RecipientTable/RecipientBusinessName/BusinessNameLine1",343532,28273,"2013v3.0, 2013v3.1, 2013v4.0"
"/Return/ReturnData/IRS990ScheduleI/RecipientTable/PurposeOfGrantTxt",334771,26227,"2013v3.0, 2013v3.1, 2013v4.0"
"/Return/ReturnData/IRS990ScheduleR/IdRelatedTaxExemptOrgGrp",329136,48346,"2013v3.0, 2013v3.1, 2013v4.0"
"/Return/ReturnData/IRS990ScheduleR/IdRelatedTaxExemptOrgGrp/DisregardedEntityName",328996,48298,"2013v3.0, 2013v3.1, 2013v4.0"
"/Return/ReturnData/IRS990ScheduleR/IdRelatedTaxExemptOrgGrp/DisregardedEntityName/BusinessNameLine1",328996,48298,"2013v3.0, 2013v3.1, 2013v4.0"
"/Return/ReturnData/IRS990ScheduleI/RecipientTable/CashGrantAmt",324453,27280,"2013v3.0, 2013v3.1, 2013v4.0"
"/Return/ReturnData/IRS990ScheduleR/IdRelatedTaxExemptOrgGrp/PrimaryActivitiesTxt",323434,47213,"2013v3.0, 2013v3.1, 2013v4.0"
"/Return/ReturnData/IRS990ScheduleR/IdRelatedTaxExemptOrgGrp/ControlledOrganizationInd",323003,47169,"2013v3.0, 2013v3.1, 2013v4.0"
"/Return/ReturnData/IRS990ScheduleR/IdRelatedTaxExemptOrgGrp/LegalDomicileStateCd",322499,47508,"2013v3.0, 2013v3.1, 2013v4.0"
"/Return/ReturnData/IRS990ScheduleR/IdRelatedTaxExemptOrgGrp/USAddress",322382,47596,"2013v3.0, 2013v3.1, 2013v4.0"
"/Return/ReturnData/IRS990ScheduleR/IdRelatedTaxExemptOrgGrp/USAddress/AddressLine1",322382,47596,"2013v3.0, 2013v3.1, 2013v4.0"
"/Return/ReturnData/IRS990ScheduleR/IdRelatedTaxExemptOrgGrp/USAddress/City",322382,47596,"2013v3.0, 2013v3.1, 2013v4.0"
"/Return/ReturnData/IRS990ScheduleR/IdRelatedTaxExemptOrgGrp/USAddress/State",322382,47596,"2013v3.0, 2013v3.1, 2013v4.0"
"/Return/ReturnData/IRS990ScheduleR/IdRelatedTaxExemptOrgGrp/USAddress/ZIPCode",322382,47596,"2013v3.0, 2013v3.1, 2013v4.0"
"/Return/ReturnData/IRS990ScheduleR/IdRelatedTaxExemptOrgGrp/ExemptCodeSectionTxt",320170,46203,"2013v3.0, 2013v3.1, 2013v4.0"
"/Return/ReturnData/IRS990ScheduleR/IdRelatedTaxExemptOrgGrp/EIN",318986,46003,"2013v3.0, 2013v3.1, 2013v4.0"
"/Return/ReturnData/IRS990ScheduleI/RecipientTable/USAddress",318641,27474,"2013v3.0, 2013v3.1, 2013v4.0"
"/Return/ReturnData/IRS990ScheduleI/RecipientTable/USAddress/AddressLine1",318641,27474,"2013v3.0, 2013v3.1, 2013v4.0"
"/Return/ReturnData/IRS990ScheduleI/RecipientTable/USAddress/City",318641,27474,"2013v3.0, 2013v3.1, 2013v4.0"
"/Return/ReturnData/IRS990ScheduleI/RecipientTable/USAddress/State",318641,27474,"2013v3.0, 2013v3.1, 2013v4.0"
"/Return/ReturnData/IRS990ScheduleI/RecipientTable/USAddress/ZIPCode",318641,27474,"2013v3.0, 2013v3.1, 2013v4.0"
"/Return/ReturnData/IRS990ScheduleI/RecipientTable/RecipientEIN",317417,25150,"2013v3.0, 2013v3.1, 2013v4.0"
"/Return/ReturnData/IRS990/ProgramServiceRevenueGrp",309528,135813,"2013v3.0, 2013v3.1, 2013v4.0"
"/Return/ReturnData/IRS990/ProgramServiceRevenueGrp/TotalRevenueColumnAmt",307656,135416,"2013v3.0, 2013v3.1, 2013v4.0"
"/Return/ReturnData/IRS990/ProgramServiceRevenueGrp/Desc",306330,135184,"2013v3.0, 2013v3.1, 2013v4.0"
"/Return",303230,303230,"2013v3.0, 2013v3.1, 2013v4.0"
"/Return/ReturnData",303230,303230,"2013v3.0, 2013v3.1, 2013v4.0"
"/Return/ReturnHeader",303230,303230,"2013v3.0, 2013v3.1, 2013v4.0"
"/Return/ReturnHeader/BuildTS",303230,303230,"2013v3.0, 2013v3.1, 2013v4.0"
"/Return/ReturnHeader/BusinessOfficerGrp",303230,303230,"2013v3.0, 2013v3.1, 2013v4.0"
"/Return/ReturnHeader/BusinessOfficerGrp/PersonNm",303230,303230,"2013v3.0, 2013v3.1, 2013v4.0"
"/Return/ReturnHeader/BusinessOfficerGrp/PersonTitleTxt",303230,303230,"2013v3.0, 2013v3.1, 2013v4.0"
"/Return/ReturnHeader/BusinessOfficerGrp/SignatureDt",303230,303230,"2013v3.0, 2013v3.1, 2013v4.0"
"/Return/ReturnHeader/Filer",303230,303230,"2013v3.0, 2013v3.1, 2013v4.0"
"/Return/ReturnHeader/Filer/BusinessName",303230,303230,"2013v3.0, 2013v3.1, 2013v4.0"
"/Return/ReturnHeader/Filer/BusinessName/BusinessNameLine1",303230,303230,"2013v3.0, 2013v3.1, 2013v4.0"
"/Return/ReturnHeader/Filer/BusinessNameControlTxt",303230,303230,"2013v3.0, 2013v3.1, 2013v4.0"
"/Return/ReturnHeader/Filer/EIN",303230,303230,"2013v3.0, 2013v3.1, 2013v4.0"
"/Return/ReturnHeader/ReturnTs",303230,303230,"2013v3.0, 2013v3.1, 2013v4.0"
"/Return/ReturnHeader/ReturnTypeCd",303230,303230,"2013v3.0, 2013v3.1, 2013v4.0"
"/Return/ReturnHeader/TaxPeriodBeginDt",303230,303230,"2013v3.0, 2013v3.1, 2013v4.0"
"/Return/ReturnHeader/TaxPeriodEndDt",303230,303230,"2013v3.0, 2013v3.1, 2013v4.0"
"/Return/ReturnHeader/TaxYr",303230,303230,"2013v3.0, 2013v3.1, 2013v4.0"
"/Return/ReturnHeader/Filer/USAddress",303024,303024,"2013v3.0, 2013v3.1, 2013v4.0"
"/Return/ReturnHeader/Filer/USAddress/AddressLine1",303024,303024,"2013v3.0, 2013v3.1, 2013v4.0"
"/Return/ReturnHeader/Filer/USAddress/City",303024,303024,"2013v3.0, 2013v3.1, 2013v4.0"
"/Return/ReturnHeader/Filer/USAddress/State",303024,303024,"2013v3.0, 2013v3.1, 2013v4.0"
"/Return/ReturnHeader/Filer/USAddress/ZIPCode",303024,303024,"2013v3.0, 2013v3.1, 2013v4.0"
"/Return/ReturnData/IRS990ScheduleO",300102,300102,"2013v3.0, 2013v3.1, 2013v4.0"
"/Return/ReturnData/IRS990ScheduleR/IdRelatedTaxExemptOrgGrp/PublicCharityStatusTxt",298742,38258,"2013v3.0, 2013v3.1, 2013v4.0"
"/Return/ReturnData/IRS990ScheduleI/RecipientTable/IRCSectionDesc",294286,20444,"2013v3.0, 2013v3.1, 2013v4.0"
"/Return/ReturnHeader/PreparerPersonGrp",289071,289071,"2013v3.0, 2013v3.1, 2013v4.0"
"/Return/ReturnHeader/PreparerFirmGrp",288097,288097,"2013v3.0, 2013v3.1, 2013v4.0"
"/Return/ReturnHeader/PreparerFirmGrp/PreparerFirmName",288097,288097,"2013v3.0, 2013v3.1, 2013v4.0"
"/Return/ReturnHeader/PreparerFirmGrp/PreparerFirmName/BusinessNameLine1",288097,288097,"2013v3.0, 2013v3.1, 2013v4.0"
"/Return/ReturnHeader/PreparerFirmGrp/PreparerUSAddress",288022,288022,"2013v3.0, 2013v3.1, 2013v4.0"
"/Return/ReturnHeader/PreparerFirmGrp/PreparerUSAddress/AddressLine1",288022,288022,"2013v3.0, 2013v3.1, 2013v4.0"
"/Return/ReturnHeader/PreparerFirmGrp/PreparerUSAddress/City",288022,288022,"2013v3.0, 2013v3.1, 2013v4.0"
"/Return/ReturnHeader/PreparerFirmGrp/PreparerUSAddress/State",288022,288022,"2013v3.0, 2013v3.1, 2013v4.0"
"/Return/ReturnHeader/PreparerFirmGrp/PreparerUSAddress/ZIPCode",288022,288022,"2013v3.0, 2013v3.1, 2013v4.0"
"/Return/ReturnHeader/PreparerPersonGrp/PhoneNum",285829,285829,"2013v3.0, 2013v3.1, 2013v4.0"
"/Return/ReturnHeader/PreparerPersonGrp/PreparerPersonNm",285390,285390,"2013v3.0, 2013v3.1, 2013v4.0"
"/Return/ReturnData/IRS990/OtherExpensesGrp/ManagementAndGeneralAmt",270773,113024,"2013v3.0, 2013v3.1, 2013v4.0"
"/Return/ReturnData/IRS990/ProgramServiceRevenueGrp/RelatedOrExemptFuncIncomeAmt",269459,121236,"2013v3.0, 2013v3.1, 2013v4.0"
"/Return/ReturnData/IRS990EZ/OfficerDirectorTrusteeEmplGrp/EmployeeBenefitProgramAmt",266113,41332,"2013v3.0, 2013v3.1, 2013v4.0"
"/Return/ReturnData/IRS990EZ/OfficerDirectorTrusteeEmplGrp/ExpenseAccountOtherAllwncAmt",265387,40970,"2013v3.0, 2013v3.1, 2013v4.0"
"/Return/ReturnHeader/Filer/PhoneNum",264482,264482,"2013v3.0, 2013v3.1, 2013v4.0"
"/Return/ReturnHeader/BusinessOfficerGrp/DiscussWithPaidPreparerInd",258092,258092,"2013v3.0, 2013v3.1, 2013v4.0"
"/Return/ReturnHeader/PreparerPersonGrp/PTIN",244033,244033,"2013v3.0, 2013v3.1, 2013v4.0"
"/Return/ReturnData/IRS990ScheduleA",229399,229399,"2013v3.0, 2013v3.1, 2013v4.0"
"/Return/ReturnData/IRS990ScheduleR/IdRelatedTaxExemptOrgGrp/DirectControllingEntityName",224704,22177,"2013v3.0, 2013v3.1, 2013v4.0"
"/Return/ReturnData/IRS990ScheduleR/IdRelatedTaxExemptOrgGrp/DirectControllingEntityName/BusinessNameLine1",224704,22177,"2013v3.0, 2013v3.1, 2013v4.0"
"/Return/ReturnHeader/BusinessOfficerGrp/PhoneNum",221735,221735,"2013v3.0, 2013v3.1, 2013v4.0"
"/Return/ReturnData/IRS990/ProgramServiceRevenueGrp/BusinessCd",221528,99770,"2013v3.0, 2013v3.1, 2013v4.0"
"/Return/ReturnData/IRS990",198855,198855,"2013v3.0, 2013v3.1, 2013v4.0"
"/Return/ReturnData/IRS990/AccountantCompileOrReviewInd",198855,198855,"2013v3.0, 2013v3.1, 2013v4.0"
"/Return/ReturnData/IRS990/ActivitiesConductedPrtshpInd",198855,198855,"2013v3.0, 2013v3.1, 2013v4.0"
"/Return/ReturnData/IRS990/ActivityOrMissionDesc",198855,198855,"2013v3.0, 2013v3.1, 2013v4.0"
"/Return/ReturnData/IRS990/BooksInCareOfDetail",198855,198855,"2013v3.0, 2013v3.1, 2013v4.0"
"/Return/ReturnData/IRS990/BooksInCareOfDetail/PhoneNum",198855,198855,"2013v3.0, 2013v3.1, 2013v4.0"
"/Return/ReturnData/IRS990/BusinessRlnWithFamMemInd",198855,198855,"2013v3.0, 2013v3.1, 2013v4.0"
"/Return/ReturnData/IRS990/BusinessRlnWithOfficerEntInd",198855,198855,"2013v3.0, 2013v3.1, 2013v4.0"
"/Return/ReturnData/IRS990/BusinessRlnWithOrgMemInd",198855,198855,"2013v3.0, 2013v3.1, 2013v4.0"
"/Return/ReturnData/IRS990/CYBenefitsPaidToMembersAmt",198855,198855,"2013v3.0, 2013v3.1, 2013v4.0"
"/Return/ReturnData/IRS990/CYContributionsGrantsAmt",198855,198855,"2013v3.0, 2013v3.1, 2013v4.0"
"/Return/ReturnData/IRS990/CYGrantsAndSimilarPaidAmt",198855,198855,"2013v3.0, 2013v3.1, 2013v4.0"
"/Return/ReturnData/IRS990/CYInvestmentIncomeAmt",198855,198855,"2013v3.0, 2013v3.1, 2013v4.0"
"/Return/ReturnData/IRS990/CYOtherExpensesAmt",198855,198855,"2013v3.0, 2013v3.1, 2013v4.0"
"/Return/ReturnData/IRS990/CYOtherRevenueAmt",198855,198855,"2013v3.0, 2013v3.1, 2013v4.0"
"/Return/ReturnData/IRS990/CYProgramServiceRevenueAmt",198855,198855,"2013v3.0, 2013v3.1, 2013v4.0"
"/Return/ReturnData/IRS990/CYRevenuesLessExpensesAmt",198855,198855,"2013v3.0, 2013v3.1, 2013v4.0"
"/Return/ReturnData/IRS990/CYSalariesCompEmpBnftPaidAmt",198855,198855,"2013v3.0, 2013v3.1, 2013v4.0"
"/Return/ReturnData/IRS990/CYTotalExpensesAmt",198855,198855,"2013v3.0, 2013v3.1, 2013v4.0"
"/Return/ReturnData/IRS990/CYTotalFundraisingExpenseAmt",198855,198855,"2013v3.0, 2013v3.1, 2013v4.0"
"/Return/ReturnData/IRS990/CYTotalProfFndrsngExpnsAmt",198855,198855,"2013v3.0, 2013v3.1, 2013v4.0"
"/Return/ReturnData/IRS990/CYTotalRevenueAmt",198855,198855,"2013v3.0, 2013v3.1, 2013v4.0"
"/Return/ReturnData/IRS990/ChangeToOrgDocumentsInd",198855,198855,"2013v3.0, 2013v3.1, 2013v4.0"
"/Return/ReturnData/IRS990/CollectionsOfArtInd",198855,198855,"2013v3.0, 2013v3.1, 2013v4.0"
"/Return/ReturnData/IRS990/CompensationFromOtherSrcsInd",198855,198855,"2013v3.0, 2013v3.1, 2013v4.0"
"/Return/ReturnData/IRS990/ConflictOfInterestPolicyInd",198855,198855,"2013v3.0, 2013v3.1, 2013v4.0"
"/Return/ReturnData/IRS990/ConservationEasementsInd",198855,198855,"2013v3.0, 2013v3.1, 2013v4.0"
"/Return/ReturnData/IRS990/ConsolidatedAuditFinclStmtInd",198855,198855,"2013v3.0, 2013v3.1, 2013v4.0"
"/Return/ReturnData/IRS990/CreditCounselingInd",198855,198855,"2013v3.0, 2013v3.1, 2013v4.0"
"/Return/ReturnData/IRS990/DecisionsSubjectToApprovaInd",198855,198855,"2013v3.0, 2013v3.1, 2013v4.0"
"/Return/ReturnData/IRS990/DeductibleArtContributionInd",198855,198855,"2013v3.0, 2013v3.1, 2013v4.0"
"/Return/ReturnData/IRS990/DeductibleNonCashContriInd",198855,198855,"2013v3.0, 2013v3.1, 2013v4.0"
"/Return/ReturnData/IRS990/DelegationOfMgmtDutiesInd",198855,198855,"2013v3.0, 2013v3.1, 2013v4.0"
"/Return/ReturnData/IRS990/Desc",198855,198855,"2013v3.0, 2013v3.1, 2013v4.0"
"/Return/ReturnData/IRS990/DescribedInSection501c3Ind",198855,198855,"2013v3.0, 2013v3.1, 2013v4.0"
"/Return/ReturnData/IRS990/DisregardedEntityInd",198855,198855,"2013v3.0, 2013v3.1, 2013v4.0"
"/Return/ReturnData/IRS990/DocumentRetentionPolicyInd",198855,198855,"2013v3.0, 2013v3.1, 2013v4.0"
"/Return/ReturnData/IRS990/DonorAdvisedFundInd",198855,198855,"2013v3.0, 2013v3.1, 2013v4.0"
"/Return/ReturnData/IRS990/ElectionOfBoardMembersInd",198855,198855,"2013v3.0, 2013v3.1, 2013v4.0"
"/Return/ReturnData/IRS990/EmployeeCnt",198855,198855,"2013v3.0, 2013v3.1, 2013v4.0"
"/Return/ReturnData/IRS990/FSAuditedInd",198855,198855,"2013v3.0, 2013v3.1, 2013v4.0"
"/Return/ReturnData/IRS990/FamilyOrBusinessRlnInd",198855,198855,"2013v3.0, 2013v3.1, 2013v4.0"
"/Return/ReturnData/IRS990/ForeignActivitiesInd",198855,198855,"2013v3.0, 2013v3.1, 2013v4.0"
"/Return/ReturnData/IRS990/ForeignFinancialAccountInd",198855,198855,"2013v3.0, 2013v3.1, 2013v4.0"
"/Return/ReturnData/IRS990/ForeignOfficeInd",198855,198855,"2013v3.0, 2013v3.1, 2013v4.0"
"/Return/ReturnData/IRS990/Form990ProvidedToGvrnBodyInd",198855,198855,"2013v3.0, 2013v3.1, 2013v4.0"
"/Return/ReturnData/IRS990/FormerOfcrEmployeesListedInd",198855,198855,"2013v3.0, 2013v3.1, 2013v4.0"
"/Return/ReturnData/IRS990/FundraisingActivitiesInd",198855,198855,"2013v3.0, 2013v3.1, 2013v4.0"
"/Return/ReturnData/IRS990/GamingActivitiesInd",198855,198855,"2013v3.0, 2013v3.1, 2013v4.0"
"/Return/ReturnData/IRS990/GoverningBodyVotingMembersCnt",198855,198855,"2013v3.0, 2013v3.1, 2013v4.0"
"/Return/ReturnData/IRS990/GrantToRelatedPersonInd",198855,198855,"2013v3.0, 2013v3.1, 2013v4.0"
"/Return/ReturnData/IRS990/GrantsToIndividualsInd",198855,198855,"2013v3.0, 2013v3.1, 2013v4.0"
"/Return/ReturnData/IRS990/GrantsToOrganizationsInd",198855,198855,"2013v3.0, 2013v3.1, 2013v4.0"
"/Return/ReturnData/IRS990/GrossReceiptsAmt",198855,198855,"2013v3.0, 2013v3.1, 2013v4.0"
"/Return/ReturnData/IRS990/GroupReturnForAffiliatesInd",198855,198855,"2013v3.0, 2013v3.1, 2013v4.0"
"/Return/ReturnData/IRS990/IRPDocumentCnt",198855,198855,"2013v3.0, 2013v3.1, 2013v4.0"
"/Return/ReturnData/IRS990/IRPDocumentW2GCnt",198855,198855,"2013v3.0, 2013v3.1, 2013v4.0"
"/Return/ReturnData/IRS990/IncludeFIN48FootnoteInd",198855,198855,"2013v3.0, 2013v3.1, 2013v4.0"
"/Return/ReturnData/IRS990/IndependentAuditFinclStmtInd",198855,198855,"2013v3.0, 2013v3.1, 2013v4.0"
"/Return/ReturnData/IRS990/IndependentVotingMemberCnt",198855,198855,"2013v3.0, 2013v3.1, 2013v4.0"
"/Return/ReturnData/IRS990/IndoorTanningServicesInd",198855,198855,"2013v3.0, 2013v3.1, 2013v4.0"
"/Return/ReturnData/IRS990/InvestmentInJointVentureInd",198855,198855,"2013v3.0, 2013v3.1, 2013v4.0"
"/Return/ReturnData/IRS990/LoanOutstandingInd",198855,198855,"2013v3.0, 2013v3.1, 2013v4.0"
"/Return/ReturnData/IRS990/LocalChaptersInd",198855,198855,"2013v3.0, 2013v3.1, 2013v4.0"
"/Return/ReturnData/IRS990/MaterialDiversionOrMisuseInd",198855,198855,"2013v3.0, 2013v3.1, 2013v4.0"
"/Return/ReturnData/IRS990/MembersOrStockholdersInd",198855,198855,"2013v3.0, 2013v3.1, 2013v4.0"
"/Return/ReturnData/IRS990/MinutesOfGoverningBodyInd",198855,198855,"2013v3.0, 2013v3.1, 2013v4.0"
"/Return/ReturnData/IRS990/MoreThan5000KToIndividualsInd",198855,198855,"2013v3.0, 2013v3.1, 2013v4.0"
"/Return/ReturnData/IRS990/MoreThan5000KToOrgInd",198855,198855,"2013v3.0, 2013v3.1, 2013v4.0"
"/Return/ReturnData/IRS990/NetAssetsOrFundBalancesEOYAmt",198855,198855,"2013v3.0, 2013v3.1, 2013v4.0"
"/Return/ReturnData/IRS990/NondeductibleContributionsInd",198855,198855,"2013v3.0, 2013v3.1, 2013v4.0"
"/Return/ReturnData/IRS990/OfficerMailingAddressInd",198855,198855,"2013v3.0, 2013v3.1, 2013v4.0"
"/Return/ReturnData/IRS990/OperateHospitalInd",198855,198855,"2013v3.0, 2013v3.1, 2013v4.0"
"/Return/ReturnData/IRS990/PartialLiquidationInd",198855,198855,"2013v3.0, 2013v3.1, 2013v4.0"
"/Return/ReturnData/IRS990/PoliticalCampaignActyInd",198855,198855,"2013v3.0, 2013v3.1, 2013v4.0"
"/Return/ReturnData/IRS990/ProfessionalFundraisingInd",198855,198855,"2013v3.0, 2013v3.1, 2013v4.0"
"/Return/ReturnData/IRS990/ProhibitedTaxShelterTransInd",198855,198855,"2013v3.0, 2013v3.1, 2013v4.0"
"/Return/ReturnData/IRS990/ReconcilationRevenueExpnssAmt",198855,198855,"2013v3.0, 2013v3.1, 2013v4.0"
"/Return/ReturnData/IRS990/RelatedEntityInd",198855,198855,"2013v3.0, 2013v3.1, 2013v4.0"
"/Return/ReturnData/IRS990/RelatedOrganizationCtrlEntInd",198855,198855,"2013v3.0, 2013v3.1, 2013v4.0"
"/Return/ReturnData/IRS990/ReportInvestmentsOtherSecInd",198855,198855,"2013v3.0, 2013v3.1, 2013v4.0"
"/Return/ReturnData/IRS990/ReportLandBuildingEquipmentInd",198855,198855,"2013v3.0, 2013v3.1, 2013v4.0"
"/Return/ReturnData/IRS990/ReportOtherAssetsInd",198855,198855,"2013v3.0, 2013v3.1, 2013v4.0"
"/Return/ReturnData/IRS990/ReportOtherLiabilitiesInd",198855,198855,"2013v3.0, 2013v3.1, 2013v4.0"
"/Return/ReturnData/IRS990/ReportProgramRelatedInvstInd",198855,198855,"2013v3.0, 2013v3.1, 2013v4.0"
"/Return/ReturnData/IRS990/ScheduleBRequiredInd",198855,198855,"2013v3.0, 2013v3.1, 2013v4.0"
"/Return/ReturnData/IRS990/ScheduleJRequiredInd",198855,198855,"2013v3.0, 2013v3.1, 2013v4.0"
"/Return/ReturnData/IRS990/ScheduleORequiredInd",198855,198855,"2013v3.0, 2013v3.1, 2013v4.0"
"/Return/ReturnData/IRS990/SchoolOperatingInd",198855,198855,"2013v3.0, 2013v3.1, 2013v4.0"
"/Return/ReturnData/IRS990/TaxExemptBondsInd",198855,198855,"2013v3.0, 2013v3.1, 2013v4.0"
"/Return/ReturnData/IRS990/TaxablePartyNotificationInd",198855,198855,"2013v3.0, 2013v3.1, 2013v4.0"
"/Return/ReturnData/IRS990/TempOrPermanentEndowmentsInd",198855,198855,"2013v3.0, 2013v3.1, 2013v4.0"
"/Return/ReturnData/IRS990/TerminateOperationsInd",198855,198855,"2013v3.0, 2013v3.1, 2013v4.0"
"/Return/ReturnData/IRS990/TotLiabNetAssetsFundBalanceGrp",198855,198855,"2013v3.0, 2013v3.1, 2013v4.0"
"/Return/ReturnData/IRS990/TotLiabNetAssetsFundBalanceGrp/BOYAmt",198855,198855,"2013v3.0, 2013v3.1, 2013v4.0"
"/Return/ReturnData/IRS990/TotLiabNetAssetsFundBalanceGrp/EOYAmt",198855,198855,"2013v3.0, 2013v3.1, 2013v4.0"
"/Return/ReturnData/IRS990/TotalAssetsEOYAmt",198855,198855,"2013v3.0, 2013v3.1, 2013v4.0"
"/Return/ReturnData/IRS990/TotalAssetsGrp",198855,198855,"2013v3.0, 2013v3.1, 2013v4.0"
"/Return/ReturnData/IRS990/TotalAssetsGrp/BOYAmt",198855,198855,"2013v3.0, 2013v3.1, 2013v4.0"
"/Return/ReturnData/IRS990/TotalAssetsGrp/EOYAmt",198855,198855,"2013v3.0, 2013v3.1, 2013v4.0"
"/Return/ReturnData/IRS990/TotalCompGreaterThan150KInd",198855,198855,"2013v3.0, 2013v3.1, 2013v4.0"
"/Return/ReturnData/IRS990/TotalEmployeeCnt",198855,198855,"2013v3.0, 2013v3.1, 2013v4.0"
"/Return/ReturnData/IRS990/TotalFunctionalExpensesGrp",198855,198855,"2013v3.0, 2013v3.1, 2013v4.0"
"/Return/ReturnData/IRS990/TotalFunctionalExpensesGrp/TotalAmt",198855,198855,"2013v3.0, 2013v3.1, 2013v4.0"
"/Return/ReturnData/IRS990/TotalGrossUBIAmt",198855,198855,"2013v3.0, 2013v3.1, 2013v4.0"
"/Return/ReturnData/IRS990/TotalLiabilitiesEOYAmt",198855,198855,"2013v3.0, 2013v3.1, 2013v4.0"
"/Return/ReturnData/IRS990/TotalLiabilitiesGrp",198855,198855,"2013v3.0, 2013v3.1, 2013v4.0"
"/Return/ReturnData/IRS990/TotalLiabilitiesGrp/BOYAmt",198855,198855,"2013v3.0, 2013v3.1, 2013v4.0"
"/Return/ReturnData/IRS990/TotalLiabilitiesGrp/EOYAmt",198855,198855,"2013v3.0, 2013v3.1, 2013v4.0"
"/Return/ReturnData/IRS990/TotalNetAssetsFundBalanceGrp",198855,198855,"2013v3.0, 2013v3.1, 2013v4.0"
"/Return/ReturnData/IRS990/TotalNetAssetsFundBalanceGrp/BOYAmt",198855,198855,"2013v3.0, 2013v3.1, 2013v4.0"
"/Return/ReturnData/IRS990/TotalNetAssetsFundBalanceGrp/EOYAmt",198855,198855,"2013v3.0, 2013v3.1, 2013v4.0"
"/Return/ReturnData/IRS990/TotalRevenueGrp",198855,198855,"2013v3.0, 2013v3.1, 2013v4.0"
"/Return/ReturnData/IRS990/TotalRevenueGrp/TotalRevenueColumnAmt",198855,198855,"2013v3.0, 2013v3.1, 2013v4.0"
"/Return/ReturnData/IRS990/UnrelatedBusIncmOverLimitInd",198855,198855,"2013v3.0, 2013v3.1, 2013v4.0"
"/Return/ReturnData/IRS990/VotingMembersGoverningBodyCnt",198855,198855,"2013v3.0, 2013v3.1, 2013v4.0"
"/Return/ReturnData/IRS990/VotingMembersIndependentCnt",198855,198855,"2013v3.0, 2013v3.1, 2013v4.0"
"/Return/ReturnData/IRS990/WhistleblowerPolicyInd",198855,198855,"2013v3.0, 2013v3.1, 2013v4.0"
"/Return/ReturnData/IRS990/MissionDesc",198699,198699,"2013v3.0, 2013v3.1, 2013v4.0"
"/Return/ReturnData/IRS990/BooksInCareOfDetail/USAddress",198513,198513,"2013v3.0, 2013v3.1, 2013v4.0"
"/Return/ReturnData/IRS990/BooksInCareOfDetail/USAddress/AddressLine1",198513,198513,"2013v3.0, 2013v3.1, 2013v4.0"
"/Return/ReturnData/IRS990/BooksInCareOfDetail/USAddress/City",198513,198513,"2013v3.0, 2013v3.1, 2013v4.0"
"/Return/ReturnData/IRS990/BooksInCareOfDetail/USAddress/State",198513,198513,"2013v3.0, 2013v3.1, 2013v4.0"
"/Return/ReturnData/IRS990/BooksInCareOfDetail/USAddress/ZIPCode",198513,198513,"2013v3.0, 2013v3.1, 2013v4.0"
"/Return/ReturnData/IRS990/MinutesOfCommitteesInd",198002,198002,"2013v3.0, 2013v3.1, 2013v4.0"
"/Return/ReturnData/IRS990/CompensationProcessCEOInd",197384,197384,"2013v3.0, 2013v3.1, 2013v4.0"
"/Return/ReturnData/IRS990/SignificantNewProgramSrvcInd",197356,197356,"2013v3.0, 2013v3.1, 2013v4.0"
"/Return/ReturnData/IRS990/SignificantChangeInd",197320,197320,"2013v3.0, 2013v3.1, 2013v4.0"
"/Return/ReturnData/IRS990/CompensationProcessOtherInd",197125,197125,"2013v3.0, 2013v3.1, 2013v4.0"
"/Return/ReturnData/IRS990/TotalAssetsBOYAmt",197053,197053,"2013v3.0, 2013v3.1, 2013v4.0"
"/Return/ReturnData/IRS990/NetAssetsOrFundBalancesBOYAmt",196835,196835,"2013v3.0, 2013v3.1, 2013v4.0"
"/Return/ReturnData/IRS990/PYTotalRevenueAmt",193492,193492,"2013v3.0, 2013v3.1, 2013v4.0"
"/Return/ReturnData/IRS990/PYRevenuesLessExpensesAmt",193218,193218,"2013v3.0, 2013v3.1, 2013v4.0"
"/Return/ReturnData/IRS990/PYTotalExpensesAmt",193137,193137,"2013v3.0, 2013v3.1, 2013v4.0"
"/Return/ReturnData/IRS990/PYOtherExpensesAmt",192577,192577,"2013v3.0, 2013v3.1, 2013v4.0"
"/Return/ReturnData/IRS990/InfoInScheduleOPartVIInd",192215,192215,"2013v3.0, 2013v3.1, 2013v4.0"
"/Return/ReturnData/IRS990/SubjectToProxyTaxInd",190011,190011,"2013v3.0, 2013v3.1, 2013v4.0"
"/Return/ReturnData/IRS990/LegalDomicileStateCd",187406,187406,"2013v3.0, 2013v3.1, 2013v4.0"
"/Return/ReturnData/IRS990/TotalFunctionalExpensesGrp/ProgramServicesAmt",184551,184551,"2013v3.0, 2013v3.1, 2013v4.0"
"/Return/ReturnData/IRS990ScheduleR/IdRelatedOrgTxblCorpTrGrp",184005,15523,"2013v3.0, 2013v3.1, 2013v4.0"
"/Return/ReturnData/IRS990ScheduleR/IdRelatedOrgTxblCorpTrGrp/RelatedOrganizationName",183978,15520,"2013v3.0, 2013v3.1, 2013v4.0"
"/Return/ReturnData/IRS990ScheduleR/IdRelatedOrgTxblCorpTrGrp/RelatedOrganizationName/BusinessNameLine1",183978,15520,"2013v3.0, 2013v3.1, 2013v4.0"
"/Return/ReturnData/IRS990/TotalFunctionalExpensesGrp/ManagementAndGeneralAmt",183729,183729,"2013v3.0, 2013v3.1, 2013v4.0"
"/Return/ReturnData/IRS990/FormationYr",182682,182682,"2013v3.0, 2013v3.1, 2013v4.0"
"/Return/ReturnData/IRS990/UponRequestInd",182338,182338,"2013v3.0, 2013v3.1, 2013v4.0"
"/Return/ReturnData/IRS990/TotalFunctionalExpensesGrp/FundraisingAmt",182177,182177,"2013v3.0, 2013v3.1, 2013v4.0"
"/Return/ReturnData/IRS990/CashNonInterestBearingGrp",182038,182038,"2013v3.0, 2013v3.1, 2013v4.0"
"/Return/ReturnData/IRS990/FederalGrantAuditRequiredInd",181347,181347,"2013v3.0, 2013v3.1, 2013v4.0"
"/Return/ReturnData/IRS990/CashNonInterestBearingGrp/EOYAmt",180266,180266,"2013v3.0, 2013v3.1, 2013v4.0"
"/Return/ReturnData/IRS990/WebsiteAddressTxt",178400,178400,"2013v3.0, 2013v3.1, 2013v4.0"
"/Return/ReturnData/IRS990/TotalRevenueGrp/RelatedOrExemptFuncIncomeAmt",177852,177852,"2013v3.0, 2013v3.1, 2013v4.0"
"/Return/ReturnData/IRS990/CashNonInterestBearingGrp/BOYAmt",175606,175606,"2013v3.0, 2013v3.1, 2013v4.0"
"/Return/ReturnData/IRS990/TypeOfOrganizationCorpInd",174459,174459,"2013v3.0, 2013v3.1, 2013v4.0"
"/Return/ReturnData/IRS990ScheduleD",172694,172694,"2013v3.0, 2013v3.1, 2013v4.0"
"/Return/ReturnData/IRS990/TotalProgramServiceExpensesAmt",172617,172617,"2013v3.0, 2013v3.1, 2013v4.0"
"/Return/ReturnData/IRS990/PYContributionsGrantsAmt",172532,172532,"2013v3.0, 2013v3.1, 2013v4.0"
"/Return/ReturnData/IRS990/TotalLiabilitiesBOYAmt",170715,170715,"2013v3.0, 2013v3.1, 2013v4.0"
"/Return/ReturnData/IRS990ScheduleJ/RltdOrgOfficerTrstKeyEmplGrp",170550,42914,"2013v3.0, 2013v3.1, 2013v4.0"
"/Return/ReturnData/IRS990ScheduleJ/RltdOrgOfficerTrstKeyEmplGrp/PersonNm",170384,42846,"2013v3.0, 2013v3.1, 2013v4.0"
"/Return/ReturnData/IRS990/PYInvestmentIncomeAmt",170223,170223,"2013v3.0, 2013v3.1, 2013v4.0"
"/Return/ReturnData/IRS990/ExpenseAmt",168629,168629,"2013v3.0, 2013v3.1, 2013v4.0"
"/Return/ReturnData/IRS990/PYExcessBenefitTransInd",167710,167710,"2013v3.0, 2013v3.1, 2013v4.0"
"/Return/ReturnData/IRS990/EngagedInExcessBenefitTransInd",167705,167705,"2013v3.0, 2013v3.1, 2013v4.0"
"/Return/ReturnData/IRS990ScheduleJ/RltdOrgOfficerTrstKeyEmplGrp/TitleTxt",167275,41627,"2013v3.0, 2013v3.1, 2013v4.0"
"/Return/ReturnData/IRS990/OfficeExpensesGrp",167029,167029,"2013v3.0, 2013v3.1, 2013v4.0"
"/Return/ReturnData/IRS990/OfficeExpensesGrp/TotalAmt",167028,167028,"2013v3.0, 2013v3.1, 2013v4.0"
"/Return/ReturnHeader/PreparerFirmGrp/PreparerFirmEIN",165150,165150,"2013v3.0, 2013v3.1, 2013v4.0"
"/Return/ReturnData/IRS990/TotalContributionsAmt",165046,165046,"2013v3.0, 2013v3.1, 2013v4.0"
"/Return/ReturnData/IRS990ScheduleD/SupplementalInformationDetail",164931,77791,"2013v3.0, 2013v3.1, 2013v4.0"
"/Return/ReturnData/IRS990ScheduleD/SupplementalInformationDetail/FormAndLineReferenceDesc",164871,77790,"2013v3.0, 2013v3.1, 2013v4.0"
"/Return/ReturnData/IRS990ScheduleD/SupplementalInformationDetail/ExplanationTxt",164743,77739,"2013v3.0, 2013v3.1, 2013v4.0"
"/Return/ReturnData/IRS990/FeesForServicesAccountingGrp",164030,164030,"2013v3.0, 2013v3.1, 2013v4.0"
"/Return/ReturnData/IRS990/FeesForServicesAccountingGrp/TotalAmt",164030,164030,"2013v3.0, 2013v3.1, 2013v4.0"
"/Return/ReturnData/IRS990/InvestmentIncomeGrp",163911,163911,"2013v3.0, 2013v3.1, 2013v4.0"
"/Return/ReturnData/IRS990/InvestmentIncomeGrp/TotalRevenueColumnAmt",163910,163910,"2013v3.0, 2013v3.1, 2013v4.0"
"/Return/ReturnData/IRS990/PYSalariesCompEmpBnftPaidAmt",162681,162681,"2013v3.0, 2013v3.1, 2013v4.0"
"/Return/ReturnData/IRS990/LobbyingActivitiesInd",162270,162270,"2013v3.0, 2013v3.1, 2013v4.0"
"/Return/ReturnData/IRS990/PrincipalOfficerNm",162110,162110,"2013v3.0, 2013v3.1, 2013v4.0"
"/Return/ReturnData/IRS990/StatesWhereCopyOfReturnIsFldCd",160687,91141,"2013v3.0, 2013v3.1, 2013v4.0"
"/Return/ReturnData/IRS990ScheduleJ/RltdOrgOfficerTrstKeyEmplGrp/TotalCompensationFilingOrgAmt",159850,40112,"2013v3.0, 2013v3.1, 2013v4.0"
"/Return/ReturnHeader/PreparerPersonGrp/PreparationDt",159787,159787,"2013v3.0, 2013v3.1, 2013v4.0"
"/Return/ReturnData/IRS990ScheduleJ/RltdOrgOfficerTrstKeyEmplGrp/BaseCompensationFilingOrgAmt",159580,40017,"2013v3.0, 2013v3.1, 2013v4.0"
"/Return/ReturnData/IRS990/USAddress",159430,159430,"2013v3.0, 2013v3.1, 2013v4.0"
"/Return/ReturnData/IRS990/USAddress/AddressLine1",159430,159430,"2013v3.0, 2013v3.1, 2013v4.0"
"/Return/ReturnData/IRS990/USAddress/City",159430,159430,"2013v3.0, 2013v3.1, 2013v4.0"
"/Return/ReturnData/IRS990/USAddress/State",159430,159430,"2013v3.0, 2013v3.1, 2013v4.0"
"/Return/ReturnData/IRS990/USAddress/ZIPCode",159430,159430,"2013v3.0, 2013v3.1, 2013v4.0"
"/Return/ReturnData/IRS990/PYProgramServiceRevenueAmt",159364,159364,"2013v3.0, 2013v3.1, 2013v4.0"
"/Return/ReturnData/IRS990/LandBldgEquipBasisNetGrp",158145,158145,"2013v3.0, 2013v3.1, 2013v4.0"
"/Return/ReturnData/IRS990ScheduleD/OtherLiabilitiesOrgGrp",156584,81586,"2013v3.0, 2013v3.1, 2013v4.0"
"/Return/ReturnData/IRS990EZ/ProgramSrvcAccomplishmentGrp",156547,104375,"2013v3.0, 2013v3.1, 2013v4.0"
"/Return/ReturnData/IRS990EZ/ProgramSrvcAccomplishmentGrp/DescriptionProgramSrvcAccomTxt",156547,104375,"2013v3.0, 2013v3.1, 2013v4.0"
"/Return/ReturnData/IRS990ScheduleD/OtherLiabilitiesOrgGrp/Desc",156304,81400,"2013v3.0, 2013v3.1, 2013v4.0"
"/Return/ReturnData/IRS990ScheduleD/TotalBookValueLandBuildingsAmt",155632,155632,"2013v3.0, 2013v3.1, 2013v4.0"
"/Return/ReturnData/IRS990/InsuranceGrp",154526,154526,"2013v3.0, 2013v3.1, 2013v4.0"
"/Return/ReturnData/IRS990/InsuranceGrp/TotalAmt",154526,154526,"2013v3.0, 2013v3.1, 2013v4.0"
"/Return/ReturnData/IRS990/LandBldgEquipBasisNetGrp/EOYAmt",153984,153984,"2013v3.0, 2013v3.1, 2013v4.0"
"/Return/ReturnData/IRS990ScheduleJ/RltdOrgOfficerTrstKeyEmplGrp/NontaxableBenefitsFilingOrgAmt",153829,36836,"2013v3.0, 2013v3.1, 2013v4.0"
"/Return/ReturnData/CompensationExplanation/CompensationExplanationGrp",153059,21949,"2013v3.0, 2013v3.1, 2013v4.0"
"/Return/ReturnData/IRS990/OrganizationFollowsSFAS117Ind",152535,152535,"2013v3.0, 2013v3.1, 2013v4.0"
"/Return/ReturnData/IRS990ScheduleJ/RltdOrgOfficerTrstKeyEmplGrp/DeferredCompensationFlngOrgAmt",152259,36349,"2013v3.0, 2013v3.1, 2013v4.0"
"/Return/ReturnData/CompensationExplanation/CompensationExplanationGrp/PersonNm",151848,21825,"2013v3.0, 2013v3.1, 2013v4.0"
"/Return/ReturnData/IRS990/TotalRevenueGrp/ExclusionAmt",151822,151822,"2013v3.0, 2013v3.1, 2013v4.0"
"/Return/ReturnData/IRS990/PYOtherRevenueAmt",151709,151709,"2013v3.0, 2013v3.1, 2013v4.0"
"/Return/ReturnData/IRS990/UnrestrictedNetAssetsGrp",151020,151020,"2013v3.0, 2013v3.1, 2013v4.0"
"/Return/ReturnData/IRS990/UnrestrictedNetAssetsGrp/EOYAmt",150541,150541,"2013v3.0, 2013v3.1, 2013v4.0"
"/Return/ReturnData/IRS990/Organization501c3Ind",150537,150537,"2013v3.0, 2013v3.1, 2013v4.0"
"/Return/ReturnData/IRS990/DepreciationDepletionGrp",150412,150412,"2013v3.0, 2013v3.1, 2013v4.0"
"/Return/ReturnData/IRS990/DepreciationDepletionGrp/TotalAmt",150390,150390,"2013v3.0, 2013v3.1, 2013v4.0"
"/Return/ReturnData/IRS990/TotalProgramServiceRevenueAmt",150209,150209,"2013v3.0, 2013v3.1, 2013v4.0"
"/Return/ReturnData/IRS990/LandBldgEquipCostOrOtherBssAmt",150081,150081,"2013v3.0, 2013v3.1, 2013v4.0"
"/Return/ReturnData/IRS990/UnrestrictedNetAssetsGrp/BOYAmt",149825,149825,"2013v3.0, 2013v3.1, 2013v4.0"
"/Return/ReturnData/IRS990/TotalReportableCompFromOrgAmt",148924,148924,"2013v3.0, 2013v3.1, 2013v4.0"
"/Return/ReturnData/IRS990ScheduleJ/RltdOrgOfficerTrstKeyEmplGrp/TotalCompensationRltdOrgsAmt",148194,35490,"2013v3.0, 2013v3.1, 2013v4.0"
"/Return/ReturnData/IRS990ScheduleJ/RltdOrgOfficerTrstKeyEmplGrp/CompensationBasedOnRltdOrgsAmt",147816,35421,"2013v3.0, 2013v3.1, 2013v4.0"
"/Return/ReturnData/IRS990/LandBldgEquipBasisNetGrp/BOYAmt",147510,147510,"2013v3.0, 2013v3.1, 2013v4.0"
"/Return/ReturnData/IRS990/TrnsfrExmptNonChrtblRltdOrgInd",146505,146505,"2013v3.0, 2013v3.1, 2013v4.0"
"/Return/ReturnData/IRS990/TotalVolunteersCnt",146478,146478,"2013v3.0, 2013v3.1, 2013v4.0"
"/Return/ReturnData/IRS990/OccupancyGrp",145879,145879,"2013v3.0, 2013v3.1, 2013v4.0"
"/Return/ReturnData/IRS990/OccupancyGrp/TotalAmt",145877,145877,"2013v3.0, 2013v3.1, 2013v4.0"
"/Return/ReturnData/IRS990ScheduleJ/RltdOrgOfficerTrstKeyEmplGrp/NontaxableBenefitsRltdOrgsAmt",145660,34622,"2013v3.0, 2013v3.1, 2013v4.0"
"/Return/ReturnData/IRS990ScheduleJ/RltdOrgOfficerTrstKeyEmplGrp/OtherCompensationFilingOrgAmt",145610,34011,"2013v3.0, 2013v3.1, 2013v4.0"
"/Return/ReturnData/IRS990ScheduleD/OtherLiabilitiesOrgGrp/Amt",145568,77296,"2013v3.0, 2013v3.1, 2013v4.0"
"/Return/ReturnData/IRS990ScheduleJ/RltdOrgOfficerTrstKeyEmplGrp/DeferredCompRltdOrgsAmt",145162,34307,"2013v3.0, 2013v3.1, 2013v4.0"
"/Return/ReturnData/IRS990ScheduleJ/RltdOrgOfficerTrstKeyEmplGrp/BonusFilingOrganizationAmount",144312,34082,"2013v3.0, 2013v3.1, 2013v4.0"
"/Return/ReturnData/IRS990/OtherSalariesAndWagesGrp",144233,144233,"2013v3.0, 2013v3.1, 2013v4.0"
"/Return/ReturnData/IRS990/OtherSalariesAndWagesGrp/TotalAmt",144233,144233,"2013v3.0, 2013v3.1, 2013v4.0"
"/Return/ReturnData/IRS990/LandBldgEquipAccumDeprecAmt",144067,144067,"2013v3.0, 2013v3.1, 2013v4.0"
"/Return/ReturnData/IRS990/QuidProQuoContributionsInd",143393,143393,"2013v3.0, 2013v3.1, 2013v4.0"
"/Return/ReturnData/IRS990/Form8282PropertyDisposedOfInd",142818,142818,"2013v3.0, 2013v3.1, 2013v4.0"
"/Return/ReturnData/IRS990/PayrollTaxesGrp",142311,142311,"2013v3.0, 2013v3.1, 2013v4.0"
"/Return/ReturnData/IRS990/PayrollTaxesGrp/TotalAmt",142311,142311,"2013v3.0, 2013v3.1, 2013v4.0"
"/Return/ReturnData/IRS990ScheduleJ/RltdOrgOfficerTrstKeyEmplGrp/OtherCompensationRltdOrgsAmt",142285,33386,"2013v3.0, 2013v3.1, 2013v4.0"
"/Return/ReturnData/IRS990/IndivRcvdGreaterThan100KCnt",141822,141822,"2013v3.0, 2013v3.1, 2013v4.0"
"/Return/ReturnData/IRS990/AccountsPayableAccrExpnssGrp",141551,141551,"2013v3.0, 2013v3.1, 2013v4.0"
"/Return/ReturnData/IRS990ScheduleJ/RltdOrgOfficerTrstKeyEmplGrp/BonusRelatedOrganizationsAmt",141085,33206,"2013v3.0, 2013v3.1, 2013v4.0"
"/Return/ReturnData/IRS990/EmploymentTaxReturnsFiledInd",140694,140694,"2013v3.0, 2013v3.1, 2013v4.0"
"/Return/ReturnData/IRS990/AnnualDisclosureCoveredPrsnInd",139464,139464,"2013v3.0, 2013v3.1, 2013v4.0"
"/Return/ReturnData/IRS990/RegularMonitoringEnfrcInd",139117,139117,"2013v3.0, 2013v3.1, 2013v4.0"
"/Return/ReturnData/IRS990/AllOtherExpensesGrp",138175,138175,"2013v3.0, 2013v3.1, 2013v4.0"
"/Return/ReturnData/IRS990/AllOtherExpensesGrp/TotalAmt",138064,138064,"2013v3.0, 2013v3.1, 2013v4.0"
"/Return/ReturnData/IRS990/AccountsPayableAccrExpnssGrp/EOYAmt",136966,136966,"2013v3.0, 2013v3.1, 2013v4.0"
"/Return/ReturnData/IRS990ScheduleJ/RltdOrgOfficerTrstKeyEmplGrp/CompReportPrior990FilingOrgAmt",136860,32248,"2013v3.0, 2013v3.1, 2013v4.0"
"/Return/ReturnData/IRS990/SavingsAndTempCashInvstGrp",136076,136076,"2013v3.0, 2013v3.1, 2013v4.0"
"/Return/ReturnData/IRS990ScheduleJ/RltdOrgOfficerTrstKeyEmplGrp/CompReportPrior990RltdOrgsAmt",135885,32155,"2013v3.0, 2013v3.1, 2013v4.0"
"/Return/ReturnData/IRS990/AccountsPayableAccrExpnssGrp/BOYAmt",135709,135709,"2013v3.0, 2013v3.1, 2013v4.0"
"/Return/ReturnData/IRS990/MethodOfAccountingAccrualInd",134732,134732,"2013v3.0, 2013v3.1, 2013v4.0"
"/Return/ReturnData/IRS990/SavingsAndTempCashInvstGrp/EOYAmt",133259,133259,"2013v3.0, 2013v3.1, 2013v4.0"
"/Return/ReturnData/IRS990/AllOtherContributionsAmt",130923,130923,"2013v3.0, 2013v3.1, 2013v4.0"
"/Return/ReturnData/IRS990/OtherExpensesGrp/FundraisingAmt",129013,53497,"2013v3.0, 2013v3.1, 2013v4.0"
"/Return/ReturnData/IRS990ScheduleR/IdRelatedOrgTxblPartnershipGrp",128191,8650,"2013v3.0, 2013v3.1, 2013v4.0"
"/Return/ReturnData/IRS990ScheduleR/IdRelatedOrgTxblPartnershipGrp/RelatedOrganizationName",128183,8650,"2013v3.0, 2013v3.1, 2013v4.0"
"/Return/ReturnData/IRS990ScheduleR/IdRelatedOrgTxblPartnershipGrp/RelatedOrganizationName/BusinessNameLine1",128183,8650,"2013v3.0, 2013v3.1, 2013v4.0"
"/Return/ReturnData/IRS990/TravelGrp",127795,127795,"2013v3.0, 2013v3.1, 2013v4.0"
"/Return/ReturnData/IRS990/TravelGrp/TotalAmt",127792,127792,"2013v3.0, 2013v3.1, 2013v4.0"
"/Return/ReturnData/IRS990/CntrctRcvdGreaterThan100KCnt",127255,127255,"2013v3.0, 2013v3.1, 2013v4.0"
"/Return/ReturnData/IRS990/BackupWthldComplianceInd",125403,125403,"2013v3.0, 2013v3.1, 2013v4.0"
"/Return/ReturnData/IRS990ScheduleR/IdRelatedOrgTxblPartnershipGrp/PrimaryActivitiesTxt",125307,8326,"2013v3.0, 2013v3.1, 2013v4.0"
"/Return/ReturnData/IRS990ScheduleR/IdRelatedOrgTxblPartnershipGrp/LegalDomicileStateCd",124700,8319,"2013v3.0, 2013v3.1, 2013v4.0"
"/Return/ReturnData/IRS990ScheduleR/IdRelatedOrgTxblPartnershipGrp/USAddress",124473,8258,"2013v3.0, 2013v3.1, 2013v4.0"
"/Return/ReturnData/IRS990ScheduleR/IdRelatedOrgTxblPartnershipGrp/USAddress/AddressLine1",124473,8258,"2013v3.0, 2013v3.1, 2013v4.0"
"/Return/ReturnData/IRS990ScheduleR/IdRelatedOrgTxblPartnershipGrp/USAddress/City",124473,8258,"2013v3.0, 2013v3.1, 2013v4.0"
"/Return/ReturnData/IRS990ScheduleR/IdRelatedOrgTxblPartnershipGrp/USAddress/State",124473,8258,"2013v3.0, 2013v3.1, 2013v4.0"
"/Return/ReturnData/IRS990ScheduleR/IdRelatedOrgTxblPartnershipGrp/USAddress/ZIPCode",124473,8258,"2013v3.0, 2013v3.1, 2013v4.0"
"/Return/ReturnData/IRS990ScheduleB",124313,124313,"2013v3.0, 2013v3.1, 2013v4.0"
"/Return/ReturnData/IRS990ScheduleB/ContributorInformationGrp",124313,124313,"2013v3.0, 2013v3.1, 2013v4.0"
"/Return/ReturnData/IRS990ScheduleB/ContributorInformationGrp/ContributorBusinessName",124313,124313,"2013v3.0, 2013v3.1, 2013v4.0"
"/Return/ReturnData/IRS990ScheduleB/ContributorInformationGrp/ContributorBusinessName/BusinessNameLine1",124313,124313,"2013v3.0, 2013v3.1, 2013v4.0"
"/Return/ReturnData/IRS990ScheduleB/ContributorInformationGrp/ContributorNum",124313,124313,"2013v3.0, 2013v3.1, 2013v4.0"
"/Return/ReturnData/IRS990ScheduleB/ContributorInformationGrp/ContributorUSAddress",124313,124313,"2013v3.0, 2013v3.1, 2013v4.0"
"/Return/ReturnData/IRS990ScheduleB/ContributorInformationGrp/ContributorUSAddress/AddressLine1",124313,124313,"2013v3.0, 2013v3.1, 2013v4.0"
"/Return/ReturnData/IRS990ScheduleB/ContributorInformationGrp/ContributorUSAddress/AddressLine2",124313,124313,"2013v3.0, 2013v3.1, 2013v4.0"
"/Return/ReturnData/IRS990ScheduleB/ContributorInformationGrp/ContributorUSAddress/City",124313,124313,"2013v3.0, 2013v3.1, 2013v4.0"
"/Return/ReturnData/IRS990ScheduleB/ContributorInformationGrp/ContributorUSAddress/State",124313,124313,"2013v3.0, 2013v3.1, 2013v4.0"
"/Return/ReturnData/IRS990ScheduleB/ContributorInformationGrp/ContributorUSAddress/ZIPCode",124313,124313,"2013v3.0, 2013v3.1, 2013v4.0"
"/Return/ReturnData/IRS990ScheduleB/ContributorInformationGrp/TotalContributionsAmt",124313,124313,"2013v3.0, 2013v3.1, 2013v4.0"
"/Return/ReturnData/IRS990ScheduleR/IdRelatedOrgTxblPartnershipGrp/EIN",122908,8105,"2013v3.0, 2013v3.1, 2013v4.0"
"/Return/ReturnData/IRS990/AdvertisingGrp",122443,122443,"2013v3.0, 2013v3.1, 2013v4.0"
"/Return/ReturnData/IRS990/AdvertisingGrp/TotalAmt",122442,122442,"2013v3.0, 2013v3.1, 2013v4.0"
"/Return/ReturnData/IRS990/RcvFndsToPayPrsnlBnftCntrctInd",121583,121583,"2013v3.0, 2013v3.1, 2013v4.0"
"/Return/ReturnData/IRS990/OtherRevenueMiscGrp",121165,78031,"2013v3.0, 2013v3.1, 2013v4.0"
"/Return/ReturnData/IRS990/PayPremiumsPrsnlBnftCntrctInd",120885,120885,"2013v3.0, 2013v3.1, 2013v4.0"
"/Return/ReturnData/IRS990/TotalOtherCompensationAmt",120513,120513,"2013v3.0, 2013v3.1, 2013v4.0"
"/Return/ReturnData/IRS990/AuditCommitteeInd",119779,119779,"2013v3.0, 2013v3.1, 2013v4.0"
"/Return/ReturnData/IRS990/AccountsReceivableGrp",119701,119701,"2013v3.0, 2013v3.1, 2013v4.0"
"/Return/ReturnData/IRS990/SavingsAndTempCashInvstGrp/BOYAmt",119645,119645,"2013v3.0, 2013v3.1, 2013v4.0"
"/Return/ReturnData/IRS990/OtherRevenueMiscGrp/TotalRevenueColumnAmt",119602,77122,"2013v3.0, 2013v3.1, 2013v4.0"
"/Return/ReturnData/IRS990/OtherRevenueMiscGrp/Desc",119366,77513,"2013v3.0, 2013v3.1, 2013v4.0"
"/Return/ReturnData/IRS990/OtherEmployeeBenefitsGrp",118764,118764,"2013v3.0, 2013v3.1, 2013v4.0"
"/Return/ReturnData/IRS990/OtherEmployeeBenefitsGrp/TotalAmt",118763,118763,"2013v3.0, 2013v3.1, 2013v4.0"
"/Return/ReturnData/IRS990/CompCurrentOfcrDirectorsGrp",118007,118007,"2013v3.0, 2013v3.1, 2013v4.0"
"/Return/ReturnData/IRS990/CompCurrentOfcrDirectorsGrp/TotalAmt",118006,118006,"2013v3.0, 2013v3.1, 2013v4.0"
"/Return/ReturnData/IRS990ScheduleD/EquipmentGrp",117839,117839,"2013v3.0, 2013v3.1, 2013v4.0"
"/Return/ReturnData/IRS990ScheduleR/IdRelatedOrgTxblCorpTrGrp/ControlledOrganizationInd",117679,14121,"2013v3.0, 2013v3.1, 2013v4.0"
"/Return/ReturnData/IRS990/FeesForServicesOtherGrp",117522,117522,"2013v3.0, 2013v3.1, 2013v4.0"
"/Return/ReturnData/IRS990/FeesForServicesOtherGrp/TotalAmt",117518,117518,"2013v3.0, 2013v3.1, 2013v4.0"
"/Return/ReturnData/IRS990/PrepaidExpensesDefrdChargesGrp",115765,115765,"2013v3.0, 2013v3.1, 2013v4.0"
"/Return/ReturnData/IRS990ScheduleR/IdRelatedOrgTxblCorpTrGrp/PrimaryActivitiesTxt",115736,14804,"2013v3.0, 2013v3.1, 2013v4.0"
"/Return/ReturnData/IRS990/FeesForServicesAccountingGrp/ManagementAndGeneralAmt",115600,115600,"2013v3.0, 2013v3.1, 2013v4.0"
"/Return/ReturnData/IRS990/BooksInCareOfDetail/PersonNm",115532,115532,"2013v3.0, 2013v3.1, 2013v4.0"
"/Return/ReturnData/IRS990/AccountsReceivableGrp/EOYAmt",115491,115491,"2013v3.0, 2013v3.1, 2013v4.0"
"/Return/ReturnData/IRS990/PYGrantsAndSimilarPaidAmt",114869,114869,"2013v3.0, 2013v3.1, 2013v4.0"
"/Return/ReturnData/IRS990ScheduleA/PublicSupportTotal170Amt",114684,114684,"2013v3.0, 2013v3.1, 2013v4.0"
"/Return/ReturnData/IRS990/ConferencesMeetingsGrp",113648,113648,"2013v3.0, 2013v3.1, 2013v4.0"
"/Return/ReturnData/IRS990/ConferencesMeetingsGrp/TotalAmt",113647,113647,"2013v3.0, 2013v3.1, 2013v4.0"
"/Return/ReturnData/IRS990/PrepaidExpensesDefrdChargesGrp/EOYAmt",112163,112163,"2013v3.0, 2013v3.1, 2013v4.0"
"/Return/ReturnData/IRS990ScheduleA/PublicSupportCY170Pct",111756,111756,"2013v3.0, 2013v3.1, 2013v4.0"
"/Return/ReturnData/IRS990/OtherChangesInNetAssetsAmt",111617,111617,"2013v3.0, 2013v3.1, 2013v4.0"
"/Return/ReturnData/IRS990/OfficeExpensesGrp/ManagementAndGeneralAmt",111461,111461,"2013v3.0, 2013v3.1, 2013v4.0"
"/Return/ReturnData/IRS990ScheduleD/EquipmentGrp/DepreciationAmt",110655,110655,"2013v3.0, 2013v3.1, 2013v4.0"
"/Return/ReturnData/IRS990ScheduleD/EquipmentGrp/BookValueAmt",110010,110010,"2013v3.0, 2013v3.1, 2013v4.0"
"/Return/ReturnData/IRS990ScheduleR/IdRelatedOrgTxblCorpTrGrp/LegalDomicileStateCd",109792,14616,"2013v3.0, 2013v3.1, 2013v4.0"
"/Return/ReturnData/IRS990ScheduleA/PublicSupportCY509Pct",109584,109584,"2013v3.0, 2013v3.1, 2013v4.0"
"/Return/ReturnData/IRS990ScheduleA/InvestmentIncomeCYPct",108929,108929,"2013v3.0, 2013v3.1, 2013v4.0"
"/Return/ReturnData/IRS990ScheduleA/PublicSupportTotal509Amt",108622,108622,"2013v3.0, 2013v3.1, 2013v4.0"
"/Return/ReturnData/IRS990/TotReportableCompRltdOrgAmt",108553,108553,"2013v3.0, 2013v3.1, 2013v4.0"
"/Return/ReturnData/IRS990/TotalRevenueGrp/UnrelatedBusinessRevenueAmt",106867,106867,"2013v3.0, 2013v3.1, 2013v4.0"
"/Return/ReturnData/IRS990/OtherRevenueTotalAmt",106654,106654,"2013v3.0, 2013v3.1, 2013v4.0"
"/Return/ReturnData/IRS990/InvestmentIncomeGrp/ExclusionAmt",106108,106108,"2013v3.0, 2013v3.1, 2013v4.0"
"/Return/ReturnData/IRS990/OtherAssetsTotalGrp",105199,105199,"2013v3.0, 2013v3.1, 2013v4.0"
"/Return/ReturnData/IRS990/OtherSalariesAndWagesGrp/ProgramServicesAmt",104835,104835,"2013v3.0, 2013v3.1, 2013v4.0"
"/Return/ReturnData/IRS990EZ",104375,104375,"2013v3.0, 2013v3.1, 2013v4.0"
"/Return/ReturnData/IRS990EZ/ActivitiesNotPreviouslyRptInd",104375,104375,"2013v3.0, 2013v3.1, 2013v4.0"
"/Return/ReturnData/IRS990EZ/BooksInCareOfDetail",104375,104375,"2013v3.0, 2013v3.1, 2013v4.0"
"/Return/ReturnData/IRS990EZ/BooksInCareOfDetail/PhoneNum",104375,104375,"2013v3.0, 2013v3.1, 2013v4.0"
"/Return/ReturnData/IRS990EZ/ChgMadeToOrgnzngDocNotRptInd",104375,104375,"2013v3.0, 2013v3.1, 2013v4.0"
"/Return/ReturnData/IRS990EZ/DonorAdvisedFndsInd",104375,104375,"2013v3.0, 2013v3.1, 2013v4.0"
"/Return/ReturnData/IRS990EZ/Form990TotalAssetsGrp",104375,104375,"2013v3.0, 2013v3.1, 2013v4.0"
"/Return/ReturnData/IRS990EZ/Form990TotalAssetsGrp/BOYAmt",104375,104375,"2013v3.0, 2013v3.1, 2013v4.0"
"/Return/ReturnData/IRS990EZ/Form990TotalAssetsGrp/EOYAmt",104375,104375,"2013v3.0, 2013v3.1, 2013v4.0"
"/Return/ReturnData/IRS990EZ/MadeLoansToFromOfficersInd",104375,104375,"2013v3.0, 2013v3.1, 2013v4.0"
"/Return/ReturnData/IRS990EZ/NetAssetsOrFundBalancesGrp",104375,104375,"2013v3.0, 2013v3.1, 2013v4.0"
"/Return/ReturnData/IRS990EZ/NetAssetsOrFundBalancesGrp/BOYAmt",104375,104375,"2013v3.0, 2013v3.1, 2013v4.0"
"/Return/ReturnData/IRS990EZ/NetAssetsOrFundBalancesGrp/EOYAmt",104375,104375,"2013v3.0, 2013v3.1, 2013v4.0"
"/Return/ReturnData/IRS990EZ/OperateHospitalInd",104375,104375,"2013v3.0, 2013v3.1, 2013v4.0"
"/Return/ReturnData/IRS990EZ/OrganizationDissolvedEtcInd",104375,104375,"2013v3.0, 2013v3.1, 2013v4.0"
"/Return/ReturnData/IRS990EZ/OrganizationHadUBIInd",104375,104375,"2013v3.0, 2013v3.1, 2013v4.0"
"/Return/ReturnData/IRS990EZ/PrimaryExemptPurposeTxt",104375,104375,"2013v3.0, 2013v3.1, 2013v4.0"
"/Return/ReturnData/IRS990EZ/RelatedOrganizationCtrlEntInd",104375,104375,"2013v3.0, 2013v3.1, 2013v4.0"
"/Return/ReturnData/IRS990EZ/SubjectToProxyTaxInd",104375,104375,"2013v3.0, 2013v3.1, 2013v4.0"
"/Return/ReturnData/IRS990EZ/TanningServicesProvidedInd",104375,104375,"2013v3.0, 2013v3.1, 2013v4.0"
"/Return/ReturnData/IRS990EZ/BooksInCareOfDetail/USAddress",104251,104251,"2013v3.0, 2013v3.1, 2013v4.0"
"/Return/ReturnData/IRS990EZ/BooksInCareOfDetail/USAddress/AddressLine1",104251,104251,"2013v3.0, 2013v3.1, 2013v4.0"
"/Return/ReturnData/IRS990EZ/BooksInCareOfDetail/USAddress/City",104251,104251,"2013v3.0, 2013v3.1, 2013v4.0"
"/Return/ReturnData/IRS990EZ/BooksInCareOfDetail/USAddress/State",104251,104251,"2013v3.0, 2013v3.1, 2013v4.0"
"/Return/ReturnData/IRS990EZ/BooksInCareOfDetail/USAddress/ZIPCode",104251,104251,"2013v3.0, 2013v3.1, 2013v4.0"
"/Return/ReturnData/IRS990EZ/ProgramSrvcAccomplishmentGrp/ProgramServiceExpensesAmt",104098,69766,"2013v3.0, 2013v3.1, 2013v4.0"
"/Return/ReturnData/IRS990ScheduleD/EquipmentGrp/OtherCostOrOtherBasisAmt",103672,103672,"2013v3.0, 2013v3.1, 2013v4.0"
"/Return/ReturnData/IRS990/NetUnrelatedBusTxblIncmAmt",103387,103387,"2013v3.0, 2013v3.1, 2013v4.0"
"/Return/ReturnData/IRS990EZ/TotalRevenueAmt",103155,103155,"2013v3.0, 2013v3.1, 2013v4.0"
"/Return/ReturnData/IRS990EZ/GrossReceiptsAmt",102829,102829,"2013v3.0, 2013v3.1, 2013v4.0"
"/Return/ReturnData/IRS990EZ/TotalExpensesAmt",102782,102782,"2013v3.0, 2013v3.1, 2013v4.0"
"/Return/ReturnData/IRS990EZ/NetAssetsOrFundBalancesEOYAmt",102752,102752,"2013v3.0, 2013v3.1, 2013v4.0"
"/Return/ReturnData/IRS990EZ/ExcessOrDeficitForYearAmt",102747,102747,"2013v3.0, 2013v3.1, 2013v4.0"
"/Return/ReturnData/IRS990/OfficeExpensesGrp/ProgramServicesAmt",102604,102604,"2013v3.0, 2013v3.1, 2013v4.0"
"/Return/ReturnData/IRS990EZ/CashSavingsAndInvestmentsGrp",102560,102560,"2013v3.0, 2013v3.1, 2013v4.0"
"/Return/ReturnData/IRS990/OtherAssetsTotalGrp/EOYAmt",102276,102276,"2013v3.0, 2013v3.1, 2013v4.0"
"/Return/ReturnData/IRS990EZ/ForeignFinancialAccountInd",102256,102256,"2013v3.0, 2013v3.1, 2013v4.0"
"/Return/ReturnData/IRS990EZ/ForeignOfficeInd",102185,102185,"2013v3.0, 2013v3.1, 2013v4.0"
"/Return/ReturnData/IRS990/PayrollTaxesGrp/ProgramServicesAmt",101598,101598,"2013v3.0, 2013v3.1, 2013v4.0"
"/Return/ReturnData/IRS990EZ/NetAssetsOrFundBalancesBOYAmt",101378,101378,"2013v3.0, 2013v3.1, 2013v4.0"
"/Return/ReturnData/IRS990EZ/CashSavingsAndInvestmentsGrp/EOYAmt",101368,101368,"2013v3.0, 2013v3.1, 2013v4.0"
"/Return/ReturnData/IRS990EZ/ProhibitedTaxShelterTransInd",101230,101230,"2013v3.0, 2013v3.1, 2013v4.0"
"/Return/ReturnData/IRS990EZ/CashSavingsAndInvestmentsGrp/BOYAmt",100886,100886,"2013v3.0, 2013v3.1, 2013v4.0"
"/Return/ReturnData/IRS990/AllOtherExpensesGrp/ProgramServicesAmt",100565,100565,"2013v3.0, 2013v3.1, 2013v4.0"
"/Return/ReturnData/IRS990EZ/InfoInScheduleOPartIInd",99777,99777,"2013v3.0, 2013v3.1, 2013v4.0"
"/Return/ReturnData/IRS990/DepreciationDepletionGrp/ProgramServicesAmt",99668,99668,"2013v3.0, 2013v3.1, 2013v4.0"
"/Return/ReturnData/IRS990/OccupancyGrp/ProgramServicesAmt",99490,99490,"2013v3.0, 2013v3.1, 2013v4.0"
"/Return/ReturnData/IRS990/FeesForServicesLegalGrp",99290,99290,"2013v3.0, 2013v3.1, 2013v4.0"
"/Return/ReturnData/IRS990/FeesForServicesLegalGrp/TotalAmt",99290,99290,"2013v3.0, 2013v3.1, 2013v4.0"
"/Return/ReturnData/IRS990EZ/PoliticalCampaignActyInd",99079,99079,"2013v3.0, 2013v3.1, 2013v4.0"
"/Return/ReturnData/IRS990EZ/OtherExpensesTotalAmt",98772,98772,"2013v3.0, 2013v3.1, 2013v4.0"
"/Return/ReturnData/IRS990ScheduleA/PubliclySupportedOrg509a2Ind",97465,97465,"2013v3.0, 2013v3.1, 2013v4.0"
"/Return/ReturnData/IRS990/FSAuditedBasisGrp",97260,97260,"2013v3.0, 2013v3.1, 2013v4.0"
"/Return/ReturnData/IRS990/RevenueAmt",97214,97214,"2013v3.0, 2013v3.1, 2013v4.0"
"/Return/ReturnData/IRS990ScheduleA/TotalSupportCalendarYearGrp",97091,97091,"2013v3.0, 2013v3.1, 2013v4.0"
"/Return/ReturnData/IRS990ScheduleA/TotalSupportCalendarYearGrp/TotalAmt",96992,96992,"2013v3.0, 2013v3.1, 2013v4.0"
"/Return/ReturnData/IRS990ScheduleA/Total509Grp",96756,96756,"2013v3.0, 2013v3.1, 2013v4.0"
"/Return/ReturnData/IRS990ScheduleA/Total509Grp/TotalAmt",96754,96754,"2013v3.0, 2013v3.1, 2013v4.0"
"/Return/ReturnData/IRS990ScheduleA/TotalSupportAmt",96613,96613,"2013v3.0, 2013v3.1, 2013v4.0"
"/Return/ReturnData/IRS990ScheduleR/IdRelatedOrgTxblCorpTrGrp/EntityTypeTxt",96612,14098,"2013v3.0, 2013v3.1, 2013v4.0"
"/Return/ReturnData/IRS990ScheduleR/IdRelatedOrgTxblCorpTrGrp/USAddress",96434,14114,"2013v3.0, 2013v3.1, 2013v4.0"
"/Return/ReturnData/IRS990ScheduleR/IdRelatedOrgTxblCorpTrGrp/USAddress/AddressLine1",96434,14114,"2013v3.0, 2013v3.1, 2013v4.0"
"/Return/ReturnData/IRS990ScheduleR/IdRelatedOrgTxblCorpTrGrp/USAddress/City",96434,14114,"2013v3.0, 2013v3.1, 2013v4.0"
"/Return/ReturnData/IRS990ScheduleR/IdRelatedOrgTxblCorpTrGrp/USAddress/State",96434,14114,"2013v3.0, 2013v3.1, 2013v4.0"
"/Return/ReturnData/IRS990ScheduleR/IdRelatedOrgTxblCorpTrGrp/USAddress/ZIPCode",96434,14114,"2013v3.0, 2013v3.1, 2013v4.0"
"/Return/ReturnData/IRS990/AccountsReceivableGrp/BOYAmt",96321,96321,"2013v3.0, 2013v3.1, 2013v4.0"
"/Return/ReturnData/IRS990ScheduleA/GiftsGrantsContriRcvd170Grp",96186,96186,"2013v3.0, 2013v3.1, 2013v4.0"
"/Return/ReturnData/IRS990ScheduleA/GiftsGrantsContriRcvd170Grp/TotalAmt",96181,96181,"2013v3.0, 2013v3.1, 2013v4.0"
"/Return/ReturnData/IRS990/PYBenefitsPaidToMembersAmt",96052,96052,"2013v3.0, 2013v3.1, 2013v4.0"
"/Return/ReturnData/IRS990ScheduleA/TotalCalendarYear170Grp",95972,95972,"2013v3.0, 2013v3.1, 2013v4.0"
"/Return/ReturnData/IRS990ScheduleA/TotalCalendarYear170Grp/TotalAmt",95972,95972,"2013v3.0, 2013v3.1, 2013v4.0"
"/Return/ReturnData/IRS990/InterestGrp",95289,95289,"2013v3.0, 2013v3.1, 2013v4.0"
"/Return/ReturnData/IRS990/InterestGrp/TotalAmt",95288,95288,"2013v3.0, 2013v3.1, 2013v4.0"
"/Return/ReturnData/IRS990/InsuranceGrp/ProgramServicesAmt",95018,95018,"2013v3.0, 2013v3.1, 2013v4.0"
"/Return/ReturnData/IRS990ScheduleR/TransactionsRelatedOrgGrp",94718,27772,"2013v3.0, 2013v3.1, 2013v4.0"
"/Return/ReturnData/IRS990ScheduleR/TransactionsRelatedOrgGrp/OtherOrganizationName",94638,27750,"2013v3.0, 2013v3.1, 2013v4.0"
"/Return/ReturnData/IRS990ScheduleR/TransactionsRelatedOrgGrp/OtherOrganizationName/BusinessNameLine1",94638,27750,"2013v3.0, 2013v3.1, 2013v4.0"
"/Return/ReturnData/IRS990/PYTotalProfFndrsngExpnsAmt",94344,94344,"2013v3.0, 2013v3.1, 2013v4.0"
"/Return/ReturnData/IRS990ScheduleR/TransactionsRelatedOrgGrp/TransactionTypeTxt",94159,27484,"2013v3.0, 2013v3.1, 2013v4.0"
"/Return/ReturnData/IRS990ScheduleA/Total509Grp/CurrentTaxYearAmt",94019,94019,"2013v3.0, 2013v3.1, 2013v4.0"
"/Return/ReturnData/IRS990EZ/WebsiteAddressTxt",93495,93495,"2013v3.0, 2013v3.1, 2013v4.0"
"/Return/ReturnData/IRS990ScheduleA/TotalCalendarYear170Grp/CurrentTaxYearAmt",93353,93353,"2013v3.0, 2013v3.1, 2013v4.0"
"/Return/ReturnData/IRS990ScheduleA/GiftsGrantsContriRcvd170Grp/CurrentTaxYearAmt",93192,93192,"2013v3.0, 2013v3.1, 2013v4.0"
"/Return/ReturnData/IRS990ScheduleA/PublicOrganization170Ind",93119,93119,"2013v3.0, 2013v3.1, 2013v4.0"
"/Return/ReturnData/IRS990ScheduleA/GrossInvestmentIncome170Grp",92846,92846,"2013v3.0, 2013v3.1, 2013v4.0"
"/Return/ReturnData/IRS990ScheduleA/GrossInvestmentIncome170Grp/TotalAmt",92845,92845,"2013v3.0, 2013v3.1, 2013v4.0"
"/Return/ReturnData/IRS990/PrepaidExpensesDefrdChargesGrp/BOYAmt",92436,92436,"2013v3.0, 2013v3.1, 2013v4.0"
"/Return/ReturnData/IRS990ScheduleA/TotalCalendarYear170Grp/CurrentTaxYearMinus1YearAmt",91693,91693,"2013v3.0, 2013v3.1, 2013v4.0"
"/Return/ReturnData/IRS990/InsuranceGrp/ManagementAndGeneralAmt",91561,91561,"2013v3.0, 2013v3.1, 2013v4.0"
"/Return/ReturnData/IRS990ScheduleA/Total509Grp/CurrentTaxYearMinus1YearAmt",91429,91429,"2013v3.0, 2013v3.1, 2013v4.0"
"/Return/ReturnData/IRS990ScheduleA/GiftsGrantsContriRcvd170Grp/CurrentTaxYearMinus1YearAmt",91392,91392,"2013v3.0, 2013v3.1, 2013v4.0"
"/Return/ReturnData/IRS990ScheduleA/GiftsGrantsContrisRcvd509Grp",90813,90813,"2013v3.0, 2013v3.1, 2013v4.0"
"/Return/ReturnData/IRS990ScheduleA/GiftsGrantsContrisRcvd509Grp/TotalAmt",90804,90804,"2013v3.0, 2013v3.1, 2013v4.0"
"/Return/ReturnData/IRS990/InformationTechnologyGrp",90292,90292,"2013v3.0, 2013v3.1, 2013v4.0"
"/Return/ReturnData/IRS990/InformationTechnologyGrp/TotalAmt",90288,90288,"2013v3.0, 2013v3.1, 2013v4.0"
"/Return/ReturnData/IRS990ScheduleR/TransactionsRelatedOrgGrp/InvolvedAmt",90030,26273,"2013v3.0, 2013v3.1, 2013v4.0"
"/Return/ReturnData/IRS990ScheduleA/TotalCalendarYear170Grp/CurrentTaxYearMinus2YearsAmt",89372,89372,"2013v3.0, 2013v3.1, 2013v4.0"
"/Return/ReturnData/IRS990ScheduleA/GiftsGrantsContriRcvd170Grp/CurrentTaxYearMinus2YearsAmt",88973,88973,"2013v3.0, 2013v3.1, 2013v4.0"
"/Return/ReturnData/IRS990ScheduleR/IdRelatedOrgTxblCorpTrGrp/EIN",88909,13767,"2013v3.0, 2013v3.1, 2013v4.0"
"/Return/ReturnData/IRS990/OtherLiabilitiesGrp",88518,88518,"2013v3.0, 2013v3.1, 2013v4.0"
"/Return/ReturnData/IRS990ScheduleA/Total509Grp/CurrentTaxYearMinus2YearsAmt",88392,88392,"2013v3.0, 2013v3.1, 2013v4.0"
"/Return/ReturnData/IRS990/PayrollTaxesGrp/ManagementAndGeneralAmt",88183,88183,"2013v3.0, 2013v3.1, 2013v4.0"
"/Return/ReturnData/IRS990/PensionPlanContributionsGrp",87137,87137,"2013v3.0, 2013v3.1, 2013v4.0"
"/Return/ReturnData/IRS990/PensionPlanContributionsGrp/TotalAmt",87135,87135,"2013v3.0, 2013v3.1, 2013v4.0"
"/Return/ReturnData/IRS990/OtherRevenueMiscGrp/BusinessCd",86840,56915,"2013v3.0, 2013v3.1, 2013v4.0"
"/Return/ReturnData/IRS990/OtherSalariesAndWagesGrp/ManagementAndGeneralAmt",86791,86791,"2013v3.0, 2013v3.1, 2013v4.0"
"/Return/ReturnData/IRS990/AllOtherExpensesGrp/ManagementAndGeneralAmt",86664,86664,"2013v3.0, 2013v3.1, 2013v4.0"
"/Return/ReturnData/IRS990ScheduleA/TotalCalendarYear170Grp/CurrentTaxYearMinus3YearsAmt",86503,86503,"2013v3.0, 2013v3.1, 2013v4.0"
"/Return/ReturnData/IRS990ScheduleA/GiftsGrantsContriRcvd170Grp/CurrentTaxYearMinus3YearsAmt",86001,86001,"2013v3.0, 2013v3.1, 2013v4.0"
"/Return/ReturnData/IRS990ScheduleA/ThirtyThrPctSuprtTestsCY509Ind",85613,85613,"2013v3.0, 2013v3.1, 2013v4.0"
"/Return/ReturnData/IRS990ScheduleA/Total509Grp/CurrentTaxYearMinus3YearsAmt",85101,85101,"2013v3.0, 2013v3.1, 2013v4.0"
"/Return/ReturnData/IRS990EZ/TotalProgramServiceExpensesAmt",84720,84720,"2013v3.0, 2013v3.1, 2013v4.0"
"/Return/ReturnData/IRS990/OtherLiabilitiesGrp/BOYAmt",84545,84545,"2013v3.0, 2013v3.1, 2013v4.0"
"/Return/ReturnData/IRS990/OtherLiabilitiesGrp/EOYAmt",84272,84272,"2013v3.0, 2013v3.1, 2013v4.0"
"/Return/ReturnData/IRS990ScheduleA/ThirtyThrPctSuprtTestsCY170Ind",84258,84258,"2013v3.0, 2013v3.1, 2013v4.0"
"/Return/ReturnData/IRS990/NetIncmFromFundraisingEvtGrp",84120,84120,"2013v3.0, 2013v3.1, 2013v4.0"
"/Return/ReturnData/IRS990/NetIncmFromFundraisingEvtGrp/TotalRevenueColumnAmt",84120,84120,"2013v3.0, 2013v3.1, 2013v4.0"
"/Return/ReturnData/IRS990ScheduleA/TotalSupportCalendarYearGrp/CurrentTaxYearAmt",84114,84114,"2013v3.0, 2013v3.1, 2013v4.0"
"/Return/ReturnData/IRS990EZ/EngagedInExcessBenefitTransInd",84104,84104,"2013v3.0, 2013v3.1, 2013v4.0"
"/Return/ReturnData/IRS990/OtherAssetsTotalGrp/BOYAmt",83922,83922,"2013v3.0, 2013v3.1, 2013v4.0"
"/Return/ReturnData/IRS990ScheduleA/GiftsGrantsContrisRcvd509Grp/CurrentTaxYearAmt",83909,83909,"2013v3.0, 2013v3.1, 2013v4.0"
"/Return/ReturnData/IRS990ScheduleD/TotalRevenuePerForm990Amt",83844,83844,"2013v3.0, 2013v3.1, 2013v4.0"
"/Return/ReturnData/IRS990ScheduleD/RevenueSubtotalAmt",83840,83840,"2013v3.0, 2013v3.1, 2013v4.0"
"/Return/ReturnData/IRS990ScheduleD/ExpensesSubtotalAmt",83763,83763,"2013v3.0, 2013v3.1, 2013v4.0"
"/Return/ReturnData/IRS990ScheduleD/TotalExpensesPerForm990Amt",83762,83762,"2013v3.0, 2013v3.1, 2013v4.0"
"/Return/ReturnData/IRS990EZ/PartVIOfCompOfHghstPdEmplTxt",83750,83750,"2013v3.0, 2013v3.1, 2013v4.0"
"/Return/ReturnData/IRS990ScheduleD/TotalRevEtcAuditedFinclStmtAmt",83661,83661,"2013v3.0, 2013v3.1, 2013v4.0"
"/Return/ReturnData/IRS990ScheduleD/TotExpnsEtcAuditedFinclStmtAmt",83605,83605,"2013v3.0, 2013v3.1, 2013v4.0"
"/Return/ReturnData/IRS990ScheduleA/TotalCalendarYear170Grp/CurrentTaxYearMinus4YearsAmt",83564,83564,"2013v3.0, 2013v3.1, 2013v4.0"
"/Return/ReturnData/IRS990/BooksInCareOfDetail/BusinessName",83323,83323,"2013v3.0, 2013v3.1, 2013v4.0"
"/Return/ReturnData/IRS990/BooksInCareOfDetail/BusinessName/BusinessNameLine1",83323,83323,"2013v3.0, 2013v3.1, 2013v4.0"
"/Return/ReturnData/IRS990EZ/ProgramSrvcAccomplishmentGrp/GrantsAndAllocationsAmt",83173,56829,"2013v3.0, 2013v3.1, 2013v4.0"
"/Return/ReturnData/IRS990ScheduleA/GiftsGrantsContriRcvd170Grp/CurrentTaxYearMinus4YearsAmt",82936,82936,"2013v3.0, 2013v3.1, 2013v4.0"
"/Return/ReturnData/IRS990EZ/PartVIHghstPdCntrctProfSrvcTxt",82737,82737,"2013v3.0, 2013v3.1, 2013v4.0"
"/Return/ReturnData/IRS990/NetGainOrLossInvestmentsGrp",82534,82534,"2013v3.0, 2013v3.1, 2013v4.0"
"/Return/ReturnData/IRS990/NetGainOrLossInvestmentsGrp/TotalRevenueColumnAmt",82530,82530,"2013v3.0, 2013v3.1, 2013v4.0"
"/Return/ReturnData/IRS990/NoListedPersonsCompensatedInd",82518,82518,"2013v3.0, 2013v3.1, 2013v4.0"
"/Return/ReturnData/IRS990ScheduleD/BuildingsGrp",81951,81951,"2013v3.0, 2013v3.1, 2013v4.0"
"/Return/ReturnData/IRS990ScheduleA/TotalSupportCalendarYearGrp/CurrentTaxYearMinus1YearAmt",81924,81924,"2013v3.0, 2013v3.1, 2013v4.0"
"/Return/ReturnData/IRS990EZ/TransactionWithControlEntInd",81909,81909,"2013v3.0, 2013v3.1, 2013v4.0"
"/Return/ReturnData/IRS990ScheduleA/Total509Grp/CurrentTaxYearMinus4YearsAmt",81794,81794,"2013v3.0, 2013v3.1, 2013v4.0"
"/Return/ReturnData/IRS990/TravelGrp/ProgramServicesAmt",81745,81745,"2013v3.0, 2013v3.1, 2013v4.0"
"/Return/ReturnData/IRS990ScheduleA/GiftsGrantsContrisRcvd509Grp/CurrentTaxYearMinus1YearAmt",81105,81105,"2013v3.0, 2013v3.1, 2013v4.0"
"/Return/ReturnData/IRS990ScheduleA/PublicSupportPY170Pct",80716,80716,"2013v3.0, 2013v3.1, 2013v4.0"
"/Return/ReturnData/IRS990ScheduleA/TotalSupportCalendarYearGrp/CurrentTaxYearMinus2YearsAmt",80342,80342,"2013v3.0, 2013v3.1, 2013v4.0"
"/Return/ReturnData/IRS990EZ/ContributionsGiftsGrantsEtcAmt",80330,80330,"2013v3.0, 2013v3.1, 2013v4.0"
"/Return/ReturnData/IRS990ScheduleR/TransactionsRelatedOrgGrp/MethodOfAmountDeterminationTxt",80246,23198,"2013v3.0, 2013v3.1, 2013v4.0"
"/Return/ReturnData/IRS990EZ/MethodOfAccountingCashInd",80060,80060,"2013v3.0, 2013v3.1, 2013v4.0"
"/Return/ReturnData/IRS990ScheduleD/OtherLandBuildingsGrp",80007,80007,"2013v3.0, 2013v3.1, 2013v4.0"
"/Return/ReturnData/IRS990EZ/BooksInCareOfDetail/PersonNm",79889,79889,"2013v3.0, 2013v3.1, 2013v4.0"
"/Return/ReturnData/IRS990/InvestmentsPubTradedSecGrp",79775,79775,"2013v3.0, 2013v3.1, 2013v4.0"
"/Return/ReturnData/IRS990/OccupancyGrp/ManagementAndGeneralAmt",79663,79663,"2013v3.0, 2013v3.1, 2013v4.0"
"/Return/ReturnData/IRS990ScheduleD/TotalLiabilityAmt",79341,79341,"2013v3.0, 2013v3.1, 2013v4.0"
"/Return/ReturnData/IRS990ScheduleA/PublicSupportPY509Pct",78760,78760,"2013v3.0, 2013v3.1, 2013v4.0"
"/Return/ReturnData/IRS990/InvestmentsPubTradedSecGrp/EOYAmt",78675,78675,"2013v3.0, 2013v3.1, 2013v4.0"
"/Return/ReturnData/IRS990EZ/Form1120PolFiledInd",78220,78220,"2013v3.0, 2013v3.1, 2013v4.0"
"/Return/ReturnData/IRS990ScheduleA/GiftsGrantsContrisRcvd509Grp/CurrentTaxYearMinus2YearsAmt",78130,78130,"2013v3.0, 2013v3.1, 2013v4.0"
"/Return/ReturnData/IRS990ScheduleG",77699,77699,"2013v3.0, 2013v3.1, 2013v4.0"
"/Return/ReturnData/IRS990ScheduleA/GrossReceiptsAdmissionsGrp",77560,77560,"2013v3.0, 2013v3.1, 2013v4.0"
"/Return/ReturnData/IRS990ScheduleA/GrossReceiptsAdmissionsGrp/TotalAmt",77557,77557,"2013v3.0, 2013v3.1, 2013v4.0"
"/Return/ReturnData/IRS990/ContractorCompensationGrp",77294,27947,"2013v3.0, 2013v3.1, 2013v4.0"
"/Return/ReturnData/IRS990/ContractorCompensationGrp/ContractorName",77275,27936,"2013v3.0, 2013v3.1, 2013v4.0"
"/Return/ReturnData/IRS990/GrantsToDomesticOrgsGrp",77152,77152,"2013v3.0, 2013v3.1, 2013v4.0"
"/Return/ReturnData/IRS990/GrantsToDomesticOrgsGrp/TotalAmt",77149,77149,"2013v3.0, 2013v3.1, 2013v4.0"
"/Return/ReturnData/IRS990ScheduleD/BuildingsGrp/BookValueAmt",77128,77128,"2013v3.0, 2013v3.1, 2013v4.0"
"/Return/ReturnData/IRS990/OtherRevenueMiscGrp/RelatedOrExemptFuncIncomeAmt",76986,52907,"2013v3.0, 2013v3.1, 2013v4.0"
"/Return/ReturnData/IRS990EZ/Organization501c3Ind",76919,76919,"2013v3.0, 2013v3.1, 2013v4.0"
"/Return/ReturnData/IRS990/OtherEmployeeBenefitsGrp/ProgramServicesAmt",76755,76755,"2013v3.0, 2013v3.1, 2013v4.0"
"/Return/ReturnData/IRS990/ContractorCompensationGrp/ContractorAddress",76575,27401,"2013v3.0, 2013v3.1, 2013v4.0"
"/Return/ReturnData/IRS990ScheduleA/TotalSupportCalendarYearGrp/CurrentTaxYearMinus3YearsAmt",76490,76490,"2013v3.0, 2013v3.1, 2013v4.0"
"/Return/ReturnData/IRS990EZ/TypeOfOrganizationCorpInd",76352,76352,"2013v3.0, 2013v3.1, 2013v4.0"
"/Return/ReturnData/IRS990/Form990PartVIISectionAGrp/HighestCompensatedEmployeeInd",76131,26937,"2013v3.0, 2013v3.1, 2013v4.0"
"/Return/ReturnData/IRS990EZ/SchoolOperatingInd",76020,76020,"2013v3.0, 2013v3.1, 2013v4.0"
"/Return/ReturnData/IRS990/ContractorCompensationGrp/CompensationAmt",75976,26718,"2013v3.0, 2013v3.1, 2013v4.0"
"/Return/ReturnData/IRS990/ContractorCompensationGrp/ServicesDesc",75892,26754,"2013v3.0, 2013v3.1, 2013v4.0"
"/Return/ReturnData/IRS990ScheduleA/TotalSupportCalendarYearGrp/CurrentTaxYearMinus4YearsAmt",75656,75656,"2013v3.0, 2013v3.1, 2013v4.0"
"/Return/ReturnData/IRS990/DepreciationDepletionGrp/ManagementAndGeneralAmt",75110,75110,"2013v3.0, 2013v3.1, 2013v4.0"
"/Return/ReturnData/IRS990EZ/ScheduleBNotRequiredInd",74887,74887,"2013v3.0, 2013v3.1, 2013v4.0"
"/Return/ReturnData/IRS990ScheduleA/GiftsGrantsContrisRcvd509Grp/CurrentTaxYearMinus3YearsAmt",74865,74865,"2013v3.0, 2013v3.1, 2013v4.0"
"/Return/ReturnData/IRS990/PledgesAndGrantsReceivableGrp",74788,74788,"2013v3.0, 2013v3.1, 2013v4.0"
"/Return/ReturnData/IRS990ScheduleD/LandGrp",74520,74520,"2013v3.0, 2013v3.1, 2013v4.0"
"/Return/ReturnData/IRS990EZ/FeesAndOtherPymtToIndCntrctAmt",74431,74431,"2013v3.0, 2013v3.1, 2013v4.0"
"/Return/ReturnData/IRS990ScheduleA/GrossInvestmentIncome509Grp",74398,74398,"2013v3.0, 2013v3.1, 2013v4.0"
"/Return/ReturnData/IRS990ScheduleA/GrossInvestmentIncome509Grp/TotalAmt",74396,74396,"2013v3.0, 2013v3.1, 2013v4.0"
"/Return/ReturnData/IRS990/ContractorCompensationGrp/ContractorAddress/USAddress",74054,26338,"2013v3.0, 2013v3.1, 2013v4.0"
"/Return/ReturnData/IRS990/ContractorCompensationGrp/ContractorAddress/USAddress/AddressLine1",74054,26338,"2013v3.0, 2013v3.1, 2013v4.0"
"/Return/ReturnData/IRS990/ContractorCompensationGrp/ContractorAddress/USAddress/City",74054,26338,"2013v3.0, 2013v3.1, 2013v4.0"
"/Return/ReturnData/IRS990/ContractorCompensationGrp/ContractorAddress/USAddress/State",74054,26338,"2013v3.0, 2013v3.1, 2013v4.0"
"/Return/ReturnData/IRS990/ContractorCompensationGrp/ContractorAddress/USAddress/ZIPCode",74054,26338,"2013v3.0, 2013v3.1, 2013v4.0"
"/Return/ReturnData/IRS990EZ/LobbyingActivitiesInd",73740,73740,"2013v3.0, 2013v3.1, 2013v4.0"
"/Return/ReturnData/IRS990EZ/TrnsfrExmptNonChrtblRltdOrgInd",73461,73461,"2013v3.0, 2013v3.1, 2013v4.0"
"/Return/ReturnData/IRS990ScheduleD/BuildingsGrp/DepreciationAmt",72866,72866,"2013v3.0, 2013v3.1, 2013v4.0"
"/Return/ReturnData/IRS990/PledgesAndGrantsReceivableGrp/EOYAmt",72642,72642,"2013v3.0, 2013v3.1, 2013v4.0"
"/Return/ReturnData/IRS990EZ/FiledScheduleAInd",72169,72169,"2013v3.0, 2013v3.1, 2013v4.0"
"/Return/ReturnData/IRS990/CompCurrentOfcrDirectorsGrp/ManagementAndGeneralAmt",71845,71845,"2013v3.0, 2013v3.1, 2013v4.0"
"/Return/ReturnData/IRS990ScheduleD/OtherLandBuildingsGrp/BookValueAmt",71519,71519,"2013v3.0, 2013v3.1, 2013v4.0"
"/Return/ReturnData/IRS990/FeesForServicesManagementGrp",71378,71378,"2013v3.0, 2013v3.1, 2013v4.0"
"/Return/ReturnData/IRS990/FeesForServicesManagementGrp/TotalAmt",71376,71376,"2013v3.0, 2013v3.1, 2013v4.0"
"/Return/ReturnData/IRS990ScheduleA/GiftsGrantsContrisRcvd509Grp/CurrentTaxYearMinus4YearsAmt",71341,71341,"2013v3.0, 2013v3.1, 2013v4.0"
"/Return/ReturnData/IRS990ScheduleD/LandGrp/BookValueAmt",70368,70368,"2013v3.0, 2013v3.1, 2013v4.0"
"/Return/ReturnData/IRS990ScheduleR/IdRelatedOrgTxblPartnershipGrp/GeneralOrManagingPartnerInd",69714,5766,"2013v3.0, 2013v3.1, 2013v4.0"
"/Return/ReturnData/IRS990/GrantsToDomesticIndividualsGrp",69693,69693,"2013v3.0, 2013v3.1, 2013v4.0"
"/Return/ReturnData/IRS990/GrantsToDomesticIndividualsGrp/TotalAmt",69692,69692,"2013v3.0, 2013v3.1, 2013v4.0"
"/Return/ReturnData/IRS990/TemporarilyRstrNetAssetsGrp",69667,69667,"2013v3.0, 2013v3.1, 2013v4.0"
"/Return/ReturnData/IRS990ScheduleD/OtherLandBuildingsGrp/OtherCostOrOtherBasisAmt",69607,69607,"2013v3.0, 2013v3.1, 2013v4.0"
"/Return/ReturnData/IRS990ScheduleD/BuildingsGrp/OtherCostOrOtherBasisAmt",69425,69425,"2013v3.0, 2013v3.1, 2013v4.0"
"/Return/ReturnData/IRS990/InventoriesForSaleOrUseGrp",69047,69047,"2013v3.0, 2013v3.1, 2013v4.0"
"/Return/ReturnData/IRS990/TransactionWithControlEntInd",68886,68886,"2013v3.0, 2013v3.1, 2013v4.0"
"/Return/ReturnData/IRS990/FSAuditedBasisGrp/SeparateBasisFinclStmtInd",68590,68590,"2013v3.0, 2013v3.1, 2013v4.0"
"/Return/ReturnData/IRS990/AdvertisingGrp/ProgramServicesAmt",68194,68194,"2013v3.0, 2013v3.1, 2013v4.0"
"/Return/ReturnData/IRS990/InventoriesForSaleOrUseGrp/EOYAmt",68041,68041,"2013v3.0, 2013v3.1, 2013v4.0"
"/Return/ReturnData/IRS990ScheduleR/IdRelatedOrgTxblPartnershipGrp/DisproportionateAllocationsInd",67987,5788,"2013v3.0, 2013v3.1, 2013v4.0"
"/Return/ReturnData/IRS990ScheduleG/FundraisingEventInformationGrp",67967,67967,"2013v3.0, 2013v3.1, 2013v4.0"
"/Return/ReturnData/IRS990/TemporarilyRstrNetAssetsGrp/EOYAmt",67612,67612,"2013v3.0, 2013v3.1, 2013v4.0"
"/Return/ReturnData/IRS990/FeesForSrvcInvstMgmntFeesGrp",67575,67575,"2013v3.0, 2013v3.1, 2013v4.0"
"/Return/ReturnData/IRS990/FeesForSrvcInvstMgmntFeesGrp/TotalAmt",67575,67575,"2013v3.0, 2013v3.1, 2013v4.0"
"/Return/ReturnData/IRS990ScheduleD/OtherLandBuildingsGrp/DepreciationAmt",67534,67534,"2013v3.0, 2013v3.1, 2013v4.0"
"/Return/ReturnData/IRS990/OtherEmployeeBenefitsGrp/ManagementAndGeneralAmt",67318,67318,"2013v3.0, 2013v3.1, 2013v4.0"
"/Return/ReturnData/IRS990ScheduleG/FundraisingEventInformationGrp/NameOfEvent1Amt",67219,67219,"2013v3.0, 2013v3.1, 2013v4.0"
"/Return/ReturnData/IRS990ScheduleD/OtherAssetsOrgGrp",66676,27977,"2013v3.0, 2013v3.1, 2013v4.0"
"/Return/ReturnData/IRS990/CompCurrentOfcrDirectorsGrp/ProgramServicesAmt",66639,66639,"2013v3.0, 2013v3.1, 2013v4.0"
"/Return/ReturnData/IRS990ScheduleD/OtherAssetsOrgGrp/Desc",66583,27903,"2013v3.0, 2013v3.1, 2013v4.0"
"/Return/ReturnData/IRS990ScheduleA/GrossReceiptsAdmissionsGrp/CurrentTaxYearAmt",66498,66498,"2013v3.0, 2013v3.1, 2013v4.0"
"/Return/ReturnData/IRS990ScheduleG/FundraisingEventInformationGrp/GrossReceiptsTotalAmt",66182,66182,"2013v3.0, 2013v3.1, 2013v4.0"
"/Return/ReturnData/IRS990ScheduleA/InvestmentIncomeAndUBTIGrp",66064,66064,"2013v3.0, 2013v3.1, 2013v4.0"
"/Return/ReturnData/IRS990ScheduleA/InvestmentIncomeAndUBTIGrp/TotalAmt",66054,66054,"2013v3.0, 2013v3.1, 2013v4.0"
"/Return/ReturnData/IRS990ScheduleG/FundraisingEventInformationGrp/GrossReceiptsEvent1Amt",65991,65991,"2013v3.0, 2013v3.1, 2013v4.0"
"/Return/ReturnData/IRS990/FeesForServicesOtherGrp/ProgramServicesAmt",65808,65808,"2013v3.0, 2013v3.1, 2013v4.0"
"/Return/ReturnData/IRS990/TemporarilyRstrNetAssetsGrp/BOYAmt",65603,65603,"2013v3.0, 2013v3.1, 2013v4.0"
"/Return/ReturnData/IRS990ScheduleA/GrossReceiptsAdmissionsGrp/CurrentTaxYearMinus1YearAmt",65411,65411,"2013v3.0, 2013v3.1, 2013v4.0"
"/Return/ReturnData/IRS990/InfoInScheduleOPartIIIInd",64904,64904,"2013v3.0, 2013v3.1, 2013v4.0"
"/Return/ReturnData/IRS990ScheduleD/OtherAssetsOrgGrp/BookValueAmt",64805,27794,"2013v3.0, 2013v3.1, 2013v4.0"
"/Return/ReturnData/IRS990/TravelGrp/ManagementAndGeneralAmt",63970,63970,"2013v3.0, 2013v3.1, 2013v4.0"
"/Return/ReturnData/IRS990ScheduleG/FundraisingEventInformationGrp/NetIncomeSummaryAmt",63929,63929,"2013v3.0, 2013v3.1, 2013v4.0"
"/Return/ReturnData/IRS990ScheduleD/RevenueNotReportedAmt",63755,63755,"2013v3.0, 2013v3.1, 2013v4.0"
"/Return/ReturnData/IRS990ScheduleA/GrossReceiptsAdmissionsGrp/CurrentTaxYearMinus2YearsAmt",63530,63530,"2013v3.0, 2013v3.1, 2013v4.0"
"/Return/ReturnData/IRS990EZ/SumOfTotalLiabilitiesGrp",63522,63522,"2013v3.0, 2013v3.1, 2013v4.0"
"/Return/ReturnData/IRS990ScheduleG/FundraisingEventInformationGrp/GrossRevenueTotalEventsAmt",63485,63485,"2013v3.0, 2013v3.1, 2013v4.0"
"/Return/ReturnData/IRS990/NetRentalIncomeOrLossGrp",63452,63452,"2013v3.0, 2013v3.1, 2013v4.0"
"/Return/ReturnData/IRS990/NetRentalIncomeOrLossGrp/TotalRevenueColumnAmt",63451,63451,"2013v3.0, 2013v3.1, 2013v4.0"
"/Return/ReturnData/IRS990ScheduleA/GrossInvestmentIncome170Grp/CurrentTaxYearMinus1YearAmt",62976,62976,"2013v3.0, 2013v3.1, 2013v4.0"
"/Return/ReturnData/IRS990ScheduleA/GrossInvestmentIncome170Grp/CurrentTaxYearMinus2YearsAmt",62785,62785,"2013v3.0, 2013v3.1, 2013v4.0"
"/Return/ReturnData/IRS990ScheduleD/LandGrp/OtherCostOrOtherBasisAmt",62678,62678,"2013v3.0, 2013v3.1, 2013v4.0"
"/Return/ReturnData/IRS990ScheduleG/FundraisingEventInformationGrp/GrossRevenueEvent1Amt",62577,62577,"2013v3.0, 2013v3.1, 2013v4.0"
"/Return/ReturnData/IRS990ScheduleA/GrossInvestmentIncome170Grp/CurrentTaxYearMinus3YearsAmt",62512,62512,"2013v3.0, 2013v3.1, 2013v4.0"
"/Return/ReturnData/IRS990ScheduleR/IdRelatedOrgTxblPartnershipGrp/DirectControllingEntityName",62315,4404,"2013v3.0, 2013v3.1, 2013v4.0"
"/Return/ReturnData/IRS990ScheduleR/IdRelatedOrgTxblPartnershipGrp/DirectControllingEntityName/BusinessNameLine1",62315,4404,"2013v3.0, 2013v3.1, 2013v4.0"
"/Return/ReturnData/IRS990ScheduleA/GrossInvestmentIncome170Grp/CurrentTaxYearAmt",62128,62128,"2013v3.0, 2013v3.1, 2013v4.0"
"/Return/ReturnData/IRS990EZ/InvestmentIncomeAmt",62068,62068,"2013v3.0, 2013v3.1, 2013v4.0"
"/Return/ReturnData/IRS990ScheduleG/FundraisingEventInformationGrp/DirectExpenseSummaryEventsAmt",61908,61908,"2013v3.0, 2013v3.1, 2013v4.0"
"/Return/ReturnData/IRS990/ProgSrvcAccomActy2Grp",61889,61889,"2013v3.0, 2013v3.1, 2013v4.0"
"/Return/ReturnData/IRS990/ProgSrvcAccomActy2Grp/Desc",61714,61714,"2013v3.0, 2013v3.1, 2013v4.0"
"/Return/ReturnData/IRS990ScheduleA/GrossReceiptsAdmissionsGrp/CurrentTaxYearMinus3YearsAmt",61485,61485,"2013v3.0, 2013v3.1, 2013v4.0"
"/Return/ReturnData/IRS990ScheduleA/GrossInvestmentIncome170Grp/CurrentTaxYearMinus4YearsAmt",61461,61461,"2013v3.0, 2013v3.1, 2013v4.0"
"/Return/ReturnData/IRS990EZ/FundraisingGrossIncomeAmt",61056,61056,"2013v3.0, 2013v3.1, 2013v4.0"
"/Return/ReturnData/IRS990/NetIncomeOrLossGrp",61049,61049,"2013v3.0, 2013v3.1, 2013v4.0"
"/Return/ReturnData/IRS990/NetIncomeOrLossGrp/TotalRevenueColumnAmt",61048,61048,"2013v3.0, 2013v3.1, 2013v4.0"
"/Return/ReturnData/IRS990/InvestmentsOtherSecuritiesGrp",60999,60999,"2013v3.0, 2013v3.1, 2013v4.0"
"/Return/ReturnData/IRS990EZ/SumOfTotalLiabilitiesGrp/EOYAmt",60790,60790,"2013v3.0, 2013v3.1, 2013v4.0"
"/Return/ReturnData/IRS990EZ/SpecialEventsDirectExpensesAmt",60506,60506,"2013v3.0, 2013v3.1, 2013v4.0"
"/Return/ReturnData/IRS990ScheduleI/RecipientTable/NonCashAssistanceAmt",60473,5920,"2013v3.0, 2013v3.1, 2013v4.0"
"/Return/ReturnData/IRS990EZ/SumOfTotalLiabilitiesGrp/BOYAmt",60395,60395,"2013v3.0, 2013v3.1, 2013v4.0"
"/Return/ReturnData/IRS990/MethodOfAccountingCashInd",60142,60142,"2013v3.0, 2013v3.1, 2013v4.0"
"/Return/ReturnData/IRS990/InvestmentsOtherSecuritiesGrp/EOYAmt",60130,60130,"2013v3.0, 2013v3.1, 2013v4.0"
"/Return/ReturnData/IRS990/ContractorCompensationGrp/ContractorName/BusinessName",59900,22029,"2013v3.0, 2013v3.1, 2013v4.0"
"/Return/ReturnData/IRS990/ContractorCompensationGrp/ContractorName/BusinessName/BusinessNameLine1",59900,22029,"2013v3.0, 2013v3.1, 2013v4.0"
"/Return/ReturnData/IRS990ScheduleR/IdRelatedOrgTxblPartnershipGrp/DirectControllingNACd",59809,4026,"2013v3.0, 2013v3.1, 2013v4.0"
"/Return/ReturnData/IRS990ScheduleA/GrossReceiptsAdmissionsGrp/CurrentTaxYearMinus4YearsAmt",59052,59052,"2013v3.0, 2013v3.1, 2013v4.0"
"/Return/ReturnData/IRS990ScheduleD/ExpensesNotReportedAmt",59025,59025,"2013v3.0, 2013v3.1, 2013v4.0"
"/Return/ReturnData/IRS990/FeesForServicesOtherGrp/ManagementAndGeneralAmt",58810,58810,"2013v3.0, 2013v3.1, 2013v4.0"
"/Return/ReturnData/IRS990/DeferredRevenueGrp",58735,58735,"2013v3.0, 2013v3.1, 2013v4.0"
"/Return/ReturnData/IRS990ScheduleG/FundraisingEventInformationGrp/OthDirectExpnssTotalEventsAmt",58619,58619,"2013v3.0, 2013v3.1, 2013v4.0"
"/Return/ReturnData/IRS990/ConferencesMeetingsGrp/ProgramServicesAmt",58158,58158,"2013v3.0, 2013v3.1, 2013v4.0"
"/Return/ReturnData/IRS990EZ/OtherAssetsTotalDetail",57964,57964,"2013v3.0, 2013v3.1, 2013v4.0"
"/Return/ReturnData/IRS990ScheduleA/InvestmentIncomeAndUBTIGrp/CurrentTaxYearMinus1YearAmt",57294,57294,"2013v3.0, 2013v3.1, 2013v4.0"
"/Return/ReturnData/IRS990ScheduleA/InvestmentIncomeAndUBTIGrp/CurrentTaxYearMinus2YearsAmt",57200,57200,"2013v3.0, 2013v3.1, 2013v4.0"
"/Return/ReturnData/IRS990/GainOrLossGrp",56768,56768,"2013v3.0, 2013v3.1, 2013v4.0"
"/Return/ReturnData/IRS990ScheduleA/InvestmentIncomeAndUBTIGrp/CurrentTaxYearMinus3YearsAmt",56723,56723,"2013v3.0, 2013v3.1, 2013v4.0"
"/Return/ReturnData/IRS990ScheduleA/InvestmentIncomeAndUBTIGrp/CurrentTaxYearAmt",56558,56558,"2013v3.0, 2013v3.1, 2013v4.0"
"/Return/ReturnData/IRS990ScheduleA/GrossInvestmentIncome509Grp/CurrentTaxYearMinus1YearAmt",56448,56448,"2013v3.0, 2013v3.1, 2013v4.0"
"/Return/ReturnData/IRS990/PaymentsToAffiliatesGrp",56378,56378,"2013v3.0, 2013v3.1, 2013v4.0"
"/Return/ReturnData/IRS990/PaymentsToAffiliatesGrp/TotalAmt",56376,56376,"2013v3.0, 2013v3.1, 2013v4.0"
"/Return/ReturnData/IRS990ScheduleA/GrossInvestmentIncome509Grp/CurrentTaxYearMinus2YearsAmt",56342,56342,"2013v3.0, 2013v3.1, 2013v4.0"
"/Return/ReturnData/IRS990ScheduleG/FundraisingEventInformationGrp/OtherDirectExpensesEvent1Amt",56341,56341,"2013v3.0, 2013v3.1, 2013v4.0"
"/Return/ReturnData/IRS990/GovernmentGrantsAmt",56089,56089,"2013v3.0, 2013v3.1, 2013v4.0"
"/Return/ReturnData/IRS990/BenefitsToMembersGrp",55988,55988,"2013v3.0, 2013v3.1, 2013v4.0"
"/Return/ReturnData/IRS990/BenefitsToMembersGrp/TotalAmt",55987,55987,"2013v3.0, 2013v3.1, 2013v4.0"
"/Return/ReturnData/IRS990EZ/InfoInScheduleOPartIIInd",55946,55946,"2013v3.0, 2013v3.1, 2013v4.0"
"/Return/ReturnData/IRS990ScheduleA/GrossInvestmentIncome509Grp/CurrentTaxYearMinus3YearsAmt",55826,55826,"2013v3.0, 2013v3.1, 2013v4.0"
"/Return/ReturnData/IRS990ScheduleA/GrossInvestmentIncome509Grp/CurrentTaxYearAmt",55616,55616,"2013v3.0, 2013v3.1, 2013v4.0"
"/Return/ReturnData/IRS990ScheduleA/InvestmentIncomeAndUBTIGrp/CurrentTaxYearMinus4YearsAmt",55574,55574,"2013v3.0, 2013v3.1, 2013v4.0"
"/Return/ReturnData/IRS990EZ/OtherAssetsTotalDetail/EOYAmt",55487,55487,"2013v3.0, 2013v3.1, 2013v4.0"
"/Return/ReturnData/IRS990/OthNotesLoansReceivableNetGrp",55363,55363,"2013v3.0, 2013v3.1, 2013v4.0"
"/Return/ReturnData/IRS990/DeferredRevenueGrp/EOYAmt",55243,55243,"2013v3.0, 2013v3.1, 2013v4.0"
"/Return/ReturnData/IRS990ScheduleD/FootnoteTextInd",55170,55170,"2013v3.0, 2013v3.1, 2013v4.0"
"/Return/ReturnData/IRS990/FundraisingGrossIncomeAmt",54980,54980,"2013v3.0, 2013v3.1, 2013v4.0"
"/Return/ReturnData/IRS990EZ/OtherAssetsTotalDetail/BOYAmt",54930,54930,"2013v3.0, 2013v3.1, 2013v4.0"
"/Return/ReturnData/IRS990ScheduleR",54791,54791,"2013v3.0, 2013v3.1, 2013v4.0"
"/Return/ReturnData/IRS990EZ/PrintingPublicationsPostageAmt",54635,54635,"2013v3.0, 2013v3.1, 2013v4.0"
"/Return/ReturnData/IRS990ScheduleA/GrossInvestmentIncome509Grp/CurrentTaxYearMinus4YearsAmt",54610,54610,"2013v3.0, 2013v3.1, 2013v4.0"
"/Return/ReturnHeader/PreparerPersonGrp/SelfEmployedInd",54512,54512,"2013v3.0, 2013v3.1, 2013v4.0"
"/Return/ReturnData/IRS990/FeesForServicesProfFundraising",54231,54231,"2013v3.0, 2013v3.1, 2013v4.0"
"/Return/ReturnData/IRS990/FeesForServicesLobbyingGrp",54210,54210,"2013v3.0, 2013v3.1, 2013v4.0"
"/Return/ReturnData/IRS990/FeesForServicesLobbyingGrp/TotalAmt",54209,54209,"2013v3.0, 2013v3.1, 2013v4.0"
"/Return/ReturnData/IRS990/MortgNotesPyblScrdInvstPropGrp",54207,54207,"2013v3.0, 2013v3.1, 2013v4.0"
"/Return/ReturnData/IRS990/OthNotesLoansReceivableNetGrp/EOYAmt",54104,54104,"2013v3.0, 2013v3.1, 2013v4.0"
"/Return/ReturnData/IRS990/DeferredRevenueGrp/BOYAmt",54056,54056,"2013v3.0, 2013v3.1, 2013v4.0"
"/Return/ReturnData/IRS990/InvestmentsPubTradedSecGrp/BOYAmt",53814,53814,"2013v3.0, 2013v3.1, 2013v4.0"
"/Return/ReturnData/IRS990ScheduleA/AmountsRcvdDsqlfyPersonGrp",53784,53784,"2013v3.0, 2013v3.1, 2013v4.0"
"/Return/ReturnData/IRS990ScheduleA/AmountsRcvdDsqlfyPersonGrp/TotalAmt",53783,53783,"2013v3.0, 2013v3.1, 2013v4.0"
"/Return/ReturnData/IRS990ScheduleR/IdRelatedOrgTxblCorpTrGrp/DirectControllingNACd",53638,6226,"2013v3.0, 2013v3.1, 2013v4.0"
"/Return/ReturnData/IRS990/CompDisqualPersonsGrp",53577,53577,"2013v3.0, 2013v3.1, 2013v4.0"
"/Return/ReturnData/IRS990/CompDisqualPersonsGrp/TotalAmt",53576,53576,"2013v3.0, 2013v3.1, 2013v4.0"
"/Return/ReturnData/IRS990/ForeignGrantsGrp",53428,53428,"2013v3.0, 2013v3.1, 2013v4.0"
"/Return/ReturnData/IRS990/ForeignGrantsGrp/TotalAmt",53427,53427,"2013v3.0, 2013v3.1, 2013v4.0"
"/Return/ReturnData/IRS990ScheduleR/IdRelatedOrgTxblPartnershipGrp/PredominantIncomeTypeTxt",53175,4592,"2013v3.0, 2013v3.1, 2013v4.0"
"/Return/ReturnData/IRS990ScheduleA/SubstantialContributorsAmtGrp",53150,53150,"2013v3.0, 2013v3.1, 2013v4.0"
"/Return/ReturnData/IRS990ScheduleA/SubstantialContributorsAmtGrp/TotalAmt",53148,53148,"2013v3.0, 2013v3.1, 2013v4.0"
"/Return/ReturnData/IRS990EZ/ProgramServiceRevenueAmt",53092,53092,"2013v3.0, 2013v3.1, 2013v4.0"
"/Return/ReturnData/IRS990ScheduleA/InvestmentIncomePYPct",53079,53079,"2013v3.0, 2013v3.1, 2013v4.0"
"/Return/ReturnData/IRS990ScheduleI/RecipientTable/ValuationMethodUsedDesc",53011,5418,"2013v3.0, 2013v3.1, 2013v4.0"
"/Return/ReturnData/IRS990/FundraisingDirectExpensesAmt",52879,52879,"2013v3.0, 2013v3.1, 2013v4.0"
"/Return/ReturnData/IRS990ScheduleR/GiftGrntCapContriFromOthOrgInd",52786,52786,"2013v3.0, 2013v3.1, 2013v4.0"
"/Return/ReturnData/IRS990ScheduleR/SharingOfFacilitiesInd",52785,52785,"2013v3.0, 2013v3.1, 2013v4.0"
"/Return/ReturnData/IRS990ScheduleR/ReimbursementPaidToOtherOrgInd",52783,52783,"2013v3.0, 2013v3.1, 2013v4.0"
"/Return/ReturnData/IRS990ScheduleR/RentalOfFcltsFromOthOrgInd",52780,52780,"2013v3.0, 2013v3.1, 2013v4.0"
"/Return/ReturnData/IRS990ScheduleR/GiftGrntOrCapContriToOthOrgInd",52778,52778,"2013v3.0, 2013v3.1, 2013v4.0"
"/Return/ReturnData/IRS990ScheduleR/LoansOrGuaranteesFromOthOrgInd",52778,52778,"2013v3.0, 2013v3.1, 2013v4.0"
"/Return/ReturnData/IRS990ScheduleR/ReimbursementPaidByOtherOrgInd",52778,52778,"2013v3.0, 2013v3.1, 2013v4.0"
"/Return/ReturnData/IRS990ScheduleR/PaidEmployeesSharingInd",52777,52777,"2013v3.0, 2013v3.1, 2013v4.0"
"/Return/ReturnData/IRS990ScheduleR/PerformOfServicesByOtherOrgInd",52777,52777,"2013v3.0, 2013v3.1, 2013v4.0"
"/Return/ReturnData/IRS990ScheduleR/LoansOrGuaranteesToOtherOrgInd",52775,52775,"2013v3.0, 2013v3.1, 2013v4.0"
"/Return/ReturnData/IRS990ScheduleR/ReceiptOfIntAnntsRntsRyltsInd",52770,52770,"2013v3.0, 2013v3.1, 2013v4.0"
"/Return/ReturnData/IRS990ScheduleR/TransferToOtherOrgInd",52770,52770,"2013v3.0, 2013v3.1, 2013v4.0"
"/Return/ReturnData/IRS990ScheduleR/AssetSaleToOtherOrgInd",52769,52769,"2013v3.0, 2013v3.1, 2013v4.0"
"/Return/ReturnData/IRS990ScheduleR/PerformOfServicesForOthOrgInd",52769,52769,"2013v3.0, 2013v3.1, 2013v4.0"
"/Return/ReturnData/IRS990ScheduleR/AssetPurchaseFromOtherOrgInd",52768,52768,"2013v3.0, 2013v3.1, 2013v4.0"
"/Return/ReturnData/IRS990ScheduleR/RentalOfFacilitiesToOthOrgInd",52766,52766,"2013v3.0, 2013v3.1, 2013v4.0"
"/Return/ReturnData/IRS990ScheduleR/AssetExchangeInd",52764,52764,"2013v3.0, 2013v3.1, 2013v4.0"
"/Return/ReturnData/IRS990ScheduleR/TransferFromOtherOrgInd",52754,52754,"2013v3.0, 2013v3.1, 2013v4.0"
"/Return/ReturnData/IRS990/ProgSrvcAccomActy2Grp/ExpenseAmt",52366,52366,"2013v3.0, 2013v3.1, 2013v4.0"
"/Return/ReturnHeader/Filer/BusinessName/BusinessNameLine2",52168,52168,"2013v3.0, 2013v3.1, 2013v4.0"
"/Return/ReturnData/IRS990/MortgNotesPyblScrdInvstPropGrp/EOYAmt",51879,51879,"2013v3.0, 2013v3.1, 2013v4.0"
"/Return/ReturnData/IRS990/MortgNotesPyblScrdInvstPropGrp/BOYAmt",51620,51620,"2013v3.0, 2013v3.1, 2013v4.0"
"/Return/ReturnData/IRS990ScheduleD/RevenueNotReportedFinclStmtAmt",51605,51605,"2013v3.0, 2013v3.1, 2013v4.0"
"/Return/ReturnData/IRS990/FeesForServicesAccountingGrp/ProgramServicesAmt",51599,51599,"2013v3.0, 2013v3.1, 2013v4.0"
"/Return/ReturnData/IRS990ScheduleD/ExpensesNotRptFinclStmtAmt",51272,51272,"2013v3.0, 2013v3.1, 2013v4.0"
"/Return/ReturnData/IRS990ScheduleR/DivRelatedOrganizationInd",51065,51065,"2013v3.0, 2013v3.1, 2013v4.0"
"/Return/ReturnData/IRS990/RoyaltiesGrp",50783,50783,"2013v3.0, 2013v3.1, 2013v4.0"
"/Return/ReturnData/IRS990/RoyaltiesGrp/TotalAmt",50782,50782,"2013v3.0, 2013v3.1, 2013v4.0"
"/Return/ReturnData/IRS990/NetUnrlzdGainsLossesInvstAmt",50142,50142,"2013v3.0, 2013v3.1, 2013v4.0"
"/Return/ReturnData/IRS990/PymtTravelEntrtnmntPubOfclGrp",50069,50069,"2013v3.0, 2013v3.1, 2013v4.0"
"/Return/ReturnData/IRS990/PymtTravelEntrtnmntPubOfclGrp/TotalAmt",50068,50068,"2013v3.0, 2013v3.1, 2013v4.0"
"/Return/ReturnData/IRS990ScheduleR/IdRelatedTaxExemptOrgGrp/DirectControllingNACd",50039,22251,"2013v3.0, 2013v3.1, 2013v4.0"
"/Return/ReturnData/IRS990/LessCostOthBasisSalesExpnssGrp",49615,49615,"2013v3.0, 2013v3.1, 2013v4.0"
"/Return/ReturnData/IRS990/IntangibleAssetsGrp",49319,49319,"2013v3.0, 2013v3.1, 2013v4.0"
"/Return/ReturnData/IRS990ScheduleR/IdRelatedOrgTxblCorpTrGrp/DirectControllingEntityName",49304,8000,"2013v3.0, 2013v3.1, 2013v4.0"
"/Return/ReturnData/IRS990ScheduleR/IdRelatedOrgTxblCorpTrGrp/DirectControllingEntityName/BusinessNameLine1",49304,8000,"2013v3.0, 2013v3.1, 2013v4.0"
"/Return/ReturnData/IRS990ScheduleD/LeaseholdImprovementsGrp",49266,49266,"2013v3.0, 2013v3.1, 2013v4.0"
"/Return/ReturnData/IRS990/GrossAmountSalesAssetsGrp",49250,49250,"2013v3.0, 2013v3.1, 2013v4.0"
"/Return/ReturnData/IRS990ScheduleA/OtherIncome170Grp",48777,48777,"2013v3.0, 2013v3.1, 2013v4.0"
"/Return/ReturnData/IRS990ScheduleA/OtherIncome170Grp/TotalAmt",48776,48776,"2013v3.0, 2013v3.1, 2013v4.0"
"/Return/ReturnData/IRS990/Form1098CFiledInd",48706,48706,"2013v3.0, 2013v3.1, 2013v4.0"
"/Return/ReturnData/IRS990/Form8899Filedind",48604,48604,"2013v3.0, 2013v3.1, 2013v4.0"
"/Return/ReturnData/IRS990/IntangibleAssetsGrp/EOYAmt",48553,48553,"2013v3.0, 2013v3.1, 2013v4.0"
"/Return/ReturnData/IRS990/ExcessBusinessHoldingsInd",48546,48546,"2013v3.0, 2013v3.1, 2013v4.0"
"/Return/ReturnData/IRS990EZ/SpecialEventsNetIncomeLossAmt",48313,48313,"2013v3.0, 2013v3.1, 2013v4.0"
"/Return/ReturnData/IRS990/Organization501cInd",48169,48169,"2013v3.0, 2013v3.1, 2013v4.0"
"/Return/ReturnData/IRS990EZ/CostOfGoodsSoldAmt",48166,48166,"2013v3.0, 2013v3.1, 2013v4.0"
"/Return/ReturnData/IRS990/TaxableDistributionsInd",48150,48150,"2013v3.0, 2013v3.1, 2013v4.0"
"/Return/ReturnData/IRS990/DistributionToDonorInd",47901,47901,"2013v3.0, 2013v3.1, 2013v4.0"
"/Return/ReturnData/IRS990/AdvertisingGrp/ManagementAndGeneralAmt",47561,47561,"2013v3.0, 2013v3.1, 2013v4.0"
"/Return/ReturnData/IRS990EZ/OccupancyRentUtltsAndMaintAmt",47528,47528,"2013v3.0, 2013v3.1, 2013v4.0"
"/Return/ReturnData/IRS990/InvestmentsProgramRelatedGrp",47409,47409,"2013v3.0, 2013v3.1, 2013v4.0"
"/Return/ReturnData/IRS990/NetIncomeFromGamingGrp",47316,47316,"2013v3.0, 2013v3.1, 2013v4.0"
"/Return/ReturnData/IRS990/NetIncomeFromGamingGrp/TotalRevenueColumnAmt",47315,47315,"2013v3.0, 2013v3.1, 2013v4.0"
"/Return/ReturnData/IRS990/FeesForServicesProfFundraising/TotalAmt",47277,47277,"2013v3.0, 2013v3.1, 2013v4.0"
"/Return/ReturnData/IRS990EZ/MembershipDuesAmt",47138,47138,"2013v3.0, 2013v3.1, 2013v4.0"
"/Return/ReturnData/IRS990/InvestmentsProgramRelatedGrp/EOYAmt",46995,46995,"2013v3.0, 2013v3.1, 2013v4.0"
"/Return/ReturnData/IRS990ScheduleD/OtherSecuritiesGrp",46963,19535,"2013v3.0, 2013v3.1, 2013v4.0"
"/Return/ReturnData/IRS990/RoyaltiesRevenueGrp",46916,46916,"2013v3.0, 2013v3.1, 2013v4.0"
"/Return/ReturnData/IRS990/RoyaltiesRevenueGrp/TotalRevenueColumnAmt",46916,46916,"2013v3.0, 2013v3.1, 2013v4.0"
"/Return/ReturnData/IRS990ScheduleD/OtherSecuritiesGrp/Desc",46900,19485,"2013v3.0, 2013v3.1, 2013v4.0"
"/Return/ReturnData/IRS990/Form990TFiledInd",46879,46879,"2013v3.0, 2013v3.1, 2013v4.0"
"/Return/ReturnData/IRS990/PledgesAndGrantsReceivableGrp/BOYAmt",46210,46210,"2013v3.0, 2013v3.1, 2013v4.0"
"/Return/ReturnData/IRS990/ConferencesMeetingsGrp/ManagementAndGeneralAmt",45995,45995,"2013v3.0, 2013v3.1, 2013v4.0"
"/Return/ReturnData/IRS990/GrantAmt",45813,45813,"2013v3.0, 2013v3.1, 2013v4.0"
"/Return/ReturnData/IRS990/FeesForServicesLegalGrp/ManagementAndGeneralAmt",45758,45758,"2013v3.0, 2013v3.1, 2013v4.0"
"/Return/ReturnData/IRS990/OrgDoesNotFollowSFAS117Ind",45693,45693,"2013v3.0, 2013v3.1, 2013v4.0"
"/Return/ReturnData/IRS990/OfficeExpensesGrp/FundraisingAmt",45687,45687,"2013v3.0, 2013v3.1, 2013v4.0"
"/Return/ReturnData/IRS990/PayrollTaxesGrp/FundraisingAmt",45552,45552,"2013v3.0, 2013v3.1, 2013v4.0"
"/Return/ReturnData/IRS990ScheduleI",45380,45380,"2013v3.0, 2013v3.1, 2013v4.0"
"/Return/ReturnData/IRS990/OtherSalariesAndWagesGrp/FundraisingAmt",44802,44802,"2013v3.0, 2013v3.1, 2013v4.0"
"/Return/ReturnData/IRS990ScheduleI/GrantRecordsMaintainedInd",44744,44744,"2013v3.0, 2013v3.1, 2013v4.0"
"/Return/ReturnData/IRS990ScheduleJ",44677,44677,"2013v3.0, 2013v3.1, 2013v4.0"
"/Return/ReturnData/IRS990ScheduleA/Form990ScheduleAPartIVGrp",44647,22845,"2013v3.0, 2013v3.1, 2013v4.0"
"/Return/ReturnData/IRS990ScheduleA/Form990ScheduleAPartIVGrp/FormAndLineReferenceDesc",44629,22840,"2013v3.0, 2013v3.1, 2013v4.0"
"/Return/ReturnData/IRS990ScheduleA/Form990ScheduleAPartIVGrp/ExplanationTxt",44363,22589,"2013v3.0, 2013v3.1, 2013v4.0"
"/Return/ReturnData/IRS990/ReceivablesFromOfficersEtcGrp",44326,44326,"2013v3.0, 2013v3.1, 2013v4.0"
"/Return/ReturnData/IRS990EZ/CostOrOtherBasisExpenseSaleAmt",44183,44183,"2013v3.0, 2013v3.1, 2013v4.0"
"/Return/ReturnData/IRS990ScheduleJ/SupplementalNonqualRtrPlanInd",44127,44127,"2013v3.0, 2013v3.1, 2013v4.0"
"/Return/ReturnData/IRS990ScheduleJ/SeverancePaymentInd",44126,44126,"2013v3.0, 2013v3.1, 2013v4.0"
"/Return/ReturnData/IRS990ScheduleJ/EquityBasedCompArrngmInd",44121,44121,"2013v3.0, 2013v3.1, 2013v4.0"
"/Return/ReturnData/IRS990/ReceivablesFromOfficersEtcGrp/EOYAmt",43839,43839,"2013v3.0, 2013v3.1, 2013v4.0"
"/Return/ReturnData/IRS990/RtnEarnEndowmentIncmOthFndsGrp",43496,43496,"2013v3.0, 2013v3.1, 2013v4.0"
"/Return/ReturnData/IRS990/ProgSrvcAccomActy3Grp",43396,43396,"2013v3.0, 2013v3.1, 2013v4.0"
"/Return/ReturnData/IRS990ScheduleG/LicensedStatesCd",43350,6186,"2013v3.0, 2013v3.1, 2013v4.0"
"/Return/ReturnData/IRS990ScheduleA/SubstantialContributorsTotAmt",43333,43333,"2013v3.0, 2013v3.1, 2013v4.0"
"/Return/ReturnData/IRS990/ProgSrvcAccomActy3Grp/Desc",43328,43328,"2013v3.0, 2013v3.1, 2013v4.0"
"/Return/ReturnData/IRS990/IncmFromInvestBondProceedsGrp",43257,43257,"2013v3.0, 2013v3.1, 2013v4.0"
"/Return/ReturnData/IRS990/IncmFromInvestBondProceedsGrp/TotalRevenueColumnAmt",43256,43256,"2013v3.0, 2013v3.1, 2013v4.0"
"/Return/ReturnData/IRS990/RtnEarnEndowmentIncmOthFndsGrp/EOYAmt",43248,43248,"2013v3.0, 2013v3.1, 2013v4.0"
"/Return/ReturnData/IRS990/RtnEarnEndowmentIncmOthFndsGrp/BOYAmt",43093,43093,"2013v3.0, 2013v3.1, 2013v4.0"
"/Return/ReturnData/IRS990ScheduleI/GrantsOtherAsstToIndivInUSGrp",42982,20452,"2013v3.0, 2013v3.1, 2013v4.0"
"/Return/ReturnData/IRS990ScheduleI/RecipientTable/NonCashAssistanceDesc",42918,3319,"2013v3.0, 2013v3.1, 2013v4.0"
"/Return/ReturnData/IRS990ScheduleI/GrantsOtherAsstToIndivInUSGrp/GrantTypeTxt",42841,20390,"2013v3.0, 2013v3.1, 2013v4.0"
"/Return/ReturnData/IRS990ScheduleD/LeaseholdImprovementsGrp/BookValueAmt",42836,42836,"2013v3.0, 2013v3.1, 2013v4.0"
"/Return/ReturnData/IRS990ScheduleA/OtherIncome509Grp",42709,42709,"2013v3.0, 2013v3.1, 2013v4.0"
"/Return/ReturnData/IRS990ScheduleA/OtherIncome509Grp/TotalAmt",42708,42708,"2013v3.0, 2013v3.1, 2013v4.0"
"/Return/ReturnData/IRS990/RcvblFromDisqualifiedPrsnGrp",42566,42566,"2013v3.0, 2013v3.1, 2013v4.0"
"/Return/ReturnData/IRS990/GainOrLossGrp/SecuritiesAmt",42410,42410,"2013v3.0, 2013v3.1, 2013v4.0"
"/Return/ReturnData/IRS990ScheduleA/GrossReceiptsRltdActivitiesAmt",42391,42391,"2013v3.0, 2013v3.1, 2013v4.0"
"/Return/ReturnData/IRS990/RcvblFromDisqualifiedPrsnGrp/EOYAmt",42358,42358,"2013v3.0, 2013v3.1, 2013v4.0"
"/Return/ReturnData/IRS990/InvestmentIncomeGrp/RelatedOrExemptFuncIncomeAmt",41777,41777,"2013v3.0, 2013v3.1, 2013v4.0"
"/Return/ReturnData/IRS990/InventoriesForSaleOrUseGrp/BOYAmt",41659,41659,"2013v3.0, 2013v3.1, 2013v4.0"
"/Return/ReturnData/IRS990ScheduleD/LeaseholdImprovementsGrp/DepreciationAmt",41574,41574,"2013v3.0, 2013v3.1, 2013v4.0"
"/Return/ReturnData/IRS990/InterestGrp/ProgramServicesAmt",40350,40350,"2013v3.0, 2013v3.1, 2013v4.0"
"/Return/ReturnData/IRS990/Form990PartVIISectionAGrp/KeyEmployeeInd",40349,19235,"2013v3.0, 2013v3.1, 2013v4.0"
"/Return/ReturnData/IRS990ScheduleF/GrantsToOrgOutsideUSGrp",40253,4293,"2013v3.0, 2013v3.1, 2013v4.0"
"/Return/ReturnData/IRS990/ProgSrvcAccomActyOtherGrp",40227,28569,"2013v3.0, 2013v3.1, 2013v4.0"
"/Return/ReturnData/IRS990ScheduleA/SubstAndDsqlfyPrsnsTotGrp",40085,40085,"2013v3.0, 2013v3.1, 2013v4.0"
"/Return/ReturnData/IRS990ScheduleA/SubstAndDsqlfyPrsnsTotGrp/TotalAmt",40084,40084,"2013v3.0, 2013v3.1, 2013v4.0"
"/Return/ReturnData/IRS990/RentalIncomeOrLossGrp",39974,39974,"2013v3.0, 2013v3.1, 2013v4.0"
"/Return/ReturnData/IRS990ScheduleD/LeaseholdImprovementsGrp/OtherCostOrOtherBasisAmt",39841,39841,"2013v3.0, 2013v3.1, 2013v4.0"
"/Return/ReturnData/IRS990/InvestTaxExemptBondsInd",39778,39778,"2013v3.0, 2013v3.1, 2013v4.0"
"/Return/ReturnData/IRS990/EscrowAccountInd",39731,39731,"2013v3.0, 2013v3.1, 2013v4.0"
"/Return/ReturnData/IRS990EZ/InfoInScheduleOPartVInd",39694,39694,"2013v3.0, 2013v3.1, 2013v4.0"
"/Return/ReturnData/IRS990/OnBehalfOfIssuerInd",39683,39683,"2013v3.0, 2013v3.1, 2013v4.0"
"/Return/ReturnData/IRS990/PensionPlanContributionsGrp/ProgramServicesAmt",39615,39615,"2013v3.0, 2013v3.1, 2013v4.0"
"/Return/ReturnData/IRS990ScheduleF/GrantsToOrgOutsideUSGrp/RegionTxt",39416,3929,"2013v3.0, 2013v3.1, 2013v4.0"
"/Return/ReturnData/IRS990/NetIncmFromFundraisingEvtGrp/ExclusionAmt",39227,39227,"2013v3.0, 2013v3.1, 2013v4.0"
"/Return/ReturnData/IRS990/RentalIncomeOrLossGrp/RealAmt",39089,39089,"2013v3.0, 2013v3.1, 2013v4.0"
"/Return/ReturnData/IRS990ScheduleI/GrantsOtherAsstToIndivInUSGrp/RecipientCnt",38725,18885,"2013v3.0, 2013v3.1, 2013v4.0"
"/Return/ReturnData/IRS990/GrossAmountSalesAssetsGrp/SecuritiesAmt",38559,38559,"2013v3.0, 2013v3.1, 2013v4.0"
"/Return/ReturnData/IRS990ScheduleF/GrantsToOrgOutsideUSGrp/PurposeOfGrantTxt",38542,4187,"2013v3.0, 2013v3.1, 2013v4.0"
"/Return/ReturnData/IRS990/InfoInScheduleOPartXIIInd",38505,38505,"2013v3.0, 2013v3.1, 2013v4.0"
"/Return/ReturnData/IRS990/ProgSrvcAccomActyOtherGrp/Desc",38503,26870,"2013v3.0, 2013v3.1, 2013v4.0"
"/Return/ReturnData/IRS990/AllOtherExpensesGrp/FundraisingAmt",37942,37942,"2013v3.0, 2013v3.1, 2013v4.0"
"/Return/ReturnData/IRS990EZ/InfoInScheduleOPartIIIInd",37939,37939,"2013v3.0, 2013v3.1, 2013v4.0"
"/Return/ReturnData/IRS990ScheduleI/GrantsOtherAsstToIndivInUSGrp/CashGrantAmt",37638,18235,"2013v3.0, 2013v3.1, 2013v4.0"
"/Return/ReturnData/IRS990/LessCostOthBasisSalesExpnssGrp/SecuritiesAmt",37456,37456,"2013v3.0, 2013v3.1, 2013v4.0"
"/Return/ReturnData/IRS990EZ/StatesWhereCopyOfReturnIsFldCd",37453,35981,"2013v3.0, 2013v3.1, 2013v4.0"
"/Return/ReturnData/IRS990/InformationTechnologyGrp/ProgramServicesAmt",37337,37337,"2013v3.0, 2013v3.1, 2013v4.0"
"/Return/ReturnData/IRS990ScheduleF/GrantsToOrgOutsideUSGrp/CashGrantAmt",37045,3975,"2013v3.0, 2013v3.1, 2013v4.0"
"/Return/ReturnData/IRS990/InformationTechnologyGrp/ManagementAndGeneralAmt",36952,36952,"2013v3.0, 2013v3.1, 2013v4.0"
"/Return/ReturnData/IRS990ScheduleG/FundraisingEventInformationGrp/NameOfEvent2Amt",36913,36913,"2013v3.0, 2013v3.1, 2013v4.0"
"/Return/ReturnData/IRS990EZ/OtherChangesInNetAssetsAmt",36624,36624,"2013v3.0, 2013v3.1, 2013v4.0"
"/Return/ReturnData/IRS990/CompCurrentOfcrDirectorsGrp/FundraisingAmt",36550,36550,"2013v3.0, 2013v3.1, 2013v4.0"
"/Return/ReturnData/IRS990/ProgSrvcAccomActy3Grp/ExpenseAmt",36523,36523,"2013v3.0, 2013v3.1, 2013v4.0"
"/Return/ReturnData/IRS990/PensionPlanContributionsGrp/ManagementAndGeneralAmt",36080,36080,"2013v3.0, 2013v3.1, 2013v4.0"
"/Return/ReturnData/IRS990ScheduleJ/CompBasedOnRevenueOfFlngOrgInd",35870,35870,"2013v3.0, 2013v3.1, 2013v4.0"
"/Return/ReturnData/IRS990ScheduleJ/CompBsdNetEarnsFlngOrgInd",35868,35868,"2013v3.0, 2013v3.1, 2013v4.0"
"/Return/ReturnData/IRS990ScheduleJ/CompBsdNetEarnsRltdOrgsInd",35863,35863,"2013v3.0, 2013v3.1, 2013v4.0"
"/Return/ReturnData/IRS990ScheduleJ/CompBsdOnRevRelatedOrgsInd",35854,35854,"2013v3.0, 2013v3.1, 2013v4.0"
"/Return/ReturnData/IRS990ScheduleG/FundraisingEventInformationGrp/GrossReceiptsEvent2Amt",35835,35835,"2013v3.0, 2013v3.1, 2013v4.0"
"/Return/ReturnData/IRS990/GrantsToDomesticOrgsGrp/ProgramServicesAmt",35753,35753,"2013v3.0, 2013v3.1, 2013v4.0"
"/Return/ReturnData/IRS990ScheduleJ/AnyNonFixedPaymentsInd",35741,35741,"2013v3.0, 2013v3.1, 2013v4.0"
"/Return/ReturnData/IRS990ScheduleJ/InitialContractExceptionInd",35730,35730,"2013v3.0, 2013v3.1, 2013v4.0"
"/Return/ReturnData/IRS990/OtherRevenueMiscGrp/ExclusionAmt",35340,24689,"2013v3.0, 2013v3.1, 2013v4.0"
"/Return/ReturnData/IRS990ScheduleD/OtherSecuritiesGrp/BookValueAmt",35230,13955,"2013v3.0, 2013v3.1, 2013v4.0"
"/Return/ReturnData/IRS990/OtherEmployeeBenefitsGrp/FundraisingAmt",35225,35225,"2013v3.0, 2013v3.1, 2013v4.0"
"/Return/ReturnData/IRS990EZ/SalariesOtherCompEmplBnftAmt",35184,35184,"2013v3.0, 2013v3.1, 2013v4.0"
"/Return/ReturnData/IRS990ScheduleL/BusTrInvolveInterestedPrsnGrp",35088,16454,"2013v3.0, 2013v3.1, 2013v4.0"
"/Return/ReturnData/IRS990ScheduleD/OtherSecuritiesGrp/MethodValuationCd",35058,13782,"2013v3.0, 2013v3.1, 2013v4.0"
"/Return/ReturnData/IRS990/InterestGrp/ManagementAndGeneralAmt",35054,35054,"2013v3.0, 2013v3.1, 2013v4.0"
"/Return/ReturnData/IRS990ScheduleL/BusTrInvolveInterestedPrsnGrp/SharingOfRevenuesInd",34905,16373,"2013v3.0, 2013v3.1, 2013v4.0"
"/Return/ReturnData/IRS990/MembershipDuesAmt",34544,34544,"2013v3.0, 2013v3.1, 2013v4.0"
"/Return/ReturnData/IRS990ScheduleL/BusTrInvolveInterestedPrsnGrp/NameOfInterested",34467,16435,"2013v3.0, 2013v3.1, 2013v4.0"
"/Return/ReturnData/IRS990/FundraisingAmt",34448,34448,"2013v3.0, 2013v3.1, 2013v4.0"
"/Return/ReturnData/IRS990ScheduleL/BusTrInvolveInterestedPrsnGrp/RelationshipDescriptionTxt",34338,16249,"2013v3.0, 2013v3.1, 2013v4.0"
"/Return/ReturnData/IRS990ScheduleF/GrantsToOrgOutsideUSGrp/MannerOfCashDisbursementTxt",34127,3618,"2013v3.0, 2013v3.1, 2013v4.0"
"/Return/ReturnData/IRS990ScheduleI/SupplementalInformationDetail",33886,29040,"2013v3.0, 2013v3.1, 2013v4.0"
"/Return/ReturnData/IRS990ScheduleI/SupplementalInformationDetail/FormAndLineReferenceDesc",33850,29037,"2013v3.0, 2013v3.1, 2013v4.0"
"/Return/ReturnData/IRS990ScheduleI/SupplementalInformationDetail/ExplanationTxt",33832,29030,"2013v3.0, 2013v3.1, 2013v4.0"
"/Return/ReturnData/IRS990/NetGainOrLossInvestmentsGrp/ExclusionAmt",33691,33691,"2013v3.0, 2013v3.1, 2013v4.0"
"/Return/ReturnData/IRS990/PermanentlyRstrNetAssetsGrp",33637,33637,"2013v3.0, 2013v3.1, 2013v4.0"
"/Return/ReturnData/IRS990ScheduleG/FundraisingEventInformationGrp/GrossRevenueEvent2Amt",33607,33607,"2013v3.0, 2013v3.1, 2013v4.0"
"/Return/ReturnData/IRS990/PermanentlyRstrNetAssetsGrp/EOYAmt",33321,33321,"2013v3.0, 2013v3.1, 2013v4.0"
"/Return/ReturnData/IRS990/ContriRptFundraisingEventAmt",32842,32842,"2013v3.0, 2013v3.1, 2013v4.0"
"/Return/ReturnData/IRS990/PermanentlyRstrNetAssetsGrp/BOYAmt",32818,32818,"2013v3.0, 2013v3.1, 2013v4.0"
"/Return/ReturnData/IRS990/NoncashContributionsAmt",32648,32648,"2013v3.0, 2013v3.1, 2013v4.0"
"/Return/ReturnData/IRS990/ProgSrvcAccomActyOtherGrp/ExpenseAmt",32556,22581,"2013v3.0, 2013v3.1, 2013v4.0"
"/Return/ReturnData/IRS990/AllAffiliatesIncludedInd",32524,32524,"2013v3.0, 2013v3.1, 2013v4.0"
"/Return/ReturnData/IRS990/OccupancyGrp/FundraisingAmt",32417,32417,"2013v3.0, 2013v3.1, 2013v4.0"
"/Return/ReturnData/IRS990/LicensedMoreThanOneStateInd",31876,31876,"2013v3.0, 2013v3.1, 2013v4.0"
"/Return/ReturnData/IRS990ScheduleA/GrossReceiptsNonUnrltBusGrp",31870,31870,"2013v3.0, 2013v3.1, 2013v4.0"
"/Return/ReturnData/IRS990ScheduleA/GrossReceiptsNonUnrltBusGrp/TotalAmt",31870,31870,"2013v3.0, 2013v3.1, 2013v4.0"
"/Return/ReturnData/IRS990ScheduleJ/SupplementalInformationDetail",31746,18761,"2013v3.0, 2013v3.1, 2013v4.0"
"/Return/ReturnData/IRS990ScheduleJ/SupplementalInformationDetail/FormAndLineReferenceDesc",31725,18755,"2013v3.0, 2013v3.1, 2013v4.0"
"/Return/ReturnData/IRS990/InfoInScheduleOPartIXInd",31419,31419,"2013v3.0, 2013v3.1, 2013v4.0"
"/Return/ReturnData/IRS990ScheduleJ/SupplementalInformationDetail/ExplanationTxt",31370,18538,"2013v3.0, 2013v3.1, 2013v4.0"
"/Return/ReturnData/IRS990ScheduleL/BusTrInvolveInterestedPrsnGrp/TransactionDesc",31206,16047,"2013v3.0, 2013v3.1, 2013v4.0"
"/Return/ReturnData/IRS990/OrgFiledInLieuOfForm1041Ind",31021,31021,"2013v3.0, 2013v3.1, 2013v4.0"
"/Return/ReturnData/IRS990/InvestmentsOtherSecuritiesGrp/BOYAmt",30950,30950,"2013v3.0, 2013v3.1, 2013v4.0"
"/Return/ReturnData/IRS990ScheduleA/NetIncomeFromOtherUBIGrp",30437,30437,"2013v3.0, 2013v3.1, 2013v4.0"
"/Return/ReturnData/IRS990ScheduleA/NetIncomeFromOtherUBIGrp/TotalAmt",30435,30435,"2013v3.0, 2013v3.1, 2013v4.0"
"/Return/ReturnData/IRS990EZ/LandAndBuildingsGrp",30411,30411,"2013v3.0, 2013v3.1, 2013v4.0"
"/Return/ReturnData/IRS990/InfoInScheduleOPartXIInd",30059,30059,"2013v3.0, 2013v3.1, 2013v4.0"
"/Return/ReturnData/IRS990/TravelGrp/FundraisingAmt",30048,30048,"2013v3.0, 2013v3.1, 2013v4.0"
"/Return/ReturnData/IRS990EZ/LandAndBuildingsGrp/EOYAmt",30041,30041,"2013v3.0, 2013v3.1, 2013v4.0"
"/Return/ReturnData/IRS990/TotalOtherProgSrvcExpenseAmt",30005,30005,"2013v3.0, 2013v3.1, 2013v4.0"
"/Return/ReturnData/IRS990ScheduleD/NetUnrealizedGainsInvstAmt",29861,29861,"2013v3.0, 2013v3.1, 2013v4.0"
"/Return/ReturnData/IRS990EZ/LandAndBuildingsGrp/BOYAmt",29805,29805,"2013v3.0, 2013v3.1, 2013v4.0"
"/Return/ReturnData/IRS990/GrossRentsGrp",29668,29668,"2013v3.0, 2013v3.1, 2013v4.0"
"/Return/ReturnData/IRS990EZ/GrantsAndSimilarAmountsPaidAmt",29665,29665,"2013v3.0, 2013v3.1, 2013v4.0"
"/Return/ReturnData/IRS990ScheduleG/FundraisingEventInformationGrp/OtherDirectExpensesEvent2Amt",29524,29524,"2013v3.0, 2013v3.1, 2013v4.0"
"/Return/ReturnData/IRS990EZ/GrossProfitLossSlsOfInvntryAmt",29414,29414,"2013v3.0, 2013v3.1, 2013v4.0"
"/Return/ReturnData/IRS990ScheduleD/CYMinus3YrEndwmtFundGrp",29087,29087,"2013v3.0, 2013v3.1, 2013v4.0"
"/Return/ReturnData/IRS990ScheduleH/SupplementalInformationDetail",28781,2427,"2013v3.0, 2013v3.1, 2013v4.0"
"/Return/ReturnData/IRS990ScheduleH/SupplementalInformationDetail/FormAndLineReferenceDesc",28781,2427,"2013v3.0, 2013v3.1, 2013v4.0"
"/Return/ReturnData/IRS990ScheduleH/SupplementalInformationDetail/ExplanationTxt",28777,2427,"2013v3.0, 2013v3.1, 2013v4.0"
"/Return/ReturnData/IRS990/GrossRentsGrp/RealAmt",28727,28727,"2013v3.0, 2013v3.1, 2013v4.0"
"/Return/ReturnData/IRS990/AdvertisingGrp/FundraisingAmt",28699,28699,"2013v3.0, 2013v3.1, 2013v4.0"
"/Return/ReturnData/IRS990ScheduleD/TotalBookValueOtherAssetsAmt",28413,28413,"2013v3.0, 2013v3.1, 2013v4.0"
"/Return/ReturnData/IRS990/InsuranceGrp/FundraisingAmt",28342,28342,"2013v3.0, 2013v3.1, 2013v4.0"
"/Return/ReturnData/IRS990ScheduleF/AccountActivitiesOutsideUSGrp",28116,7811,"2013v3.0, 2013v3.1, 2013v4.0"
"/Return/ReturnData/IRS990/ProgSrvcAccomActy2Grp/RevenueAmt",28094,28094,"2013v3.0, 2013v3.1, 2013v4.0"
"/Return/ReturnData/IRS990EZ/DirectIndirectPltclExpendAmt",28005,28005,"2013v3.0, 2013v3.1, 2013v4.0"
"/Return/ReturnData/IRS990ScheduleF/AccountActivitiesOutsideUSGrp/RegionTxt",27974,7802,"2013v3.0, 2013v3.1, 2013v4.0"
"/Return/ReturnData/IRS990ScheduleD/CYMinus4YrEndwmtFundGrp",27957,27957,"2013v3.0, 2013v3.1, 2013v4.0"
"/Return/ReturnData/IRS990ScheduleA/Post1975UBTIGrp",27925,27925,"2013v3.0, 2013v3.1, 2013v4.0"
"/Return/ReturnData/IRS990ScheduleA/Post1975UBTIGrp/TotalAmt",27924,27924,"2013v3.0, 2013v3.1, 2013v4.0"
"/Return/ReturnData/IRS990ScheduleF/AccountActivitiesOutsideUSGrp/TypeOfActivitiesConductedTxt",27880,7744,"2013v3.0, 2013v3.1, 2013v4.0"
"/Return/ReturnData/IRS990EZ/OtherRevenueTotalAmt",27859,27859,"2013v3.0, 2013v3.1, 2013v4.0"
"/Return/ReturnData/IRS990ScheduleG/FundraisingEventInformationGrp/CharitableContributionsTotAmt",27850,27850,"2013v3.0, 2013v3.1, 2013v4.0"
"/Return/ReturnData/IRS990ScheduleL/BusTrInvolveInterestedPrsnGrp/TransactionAmt",27761,14338,"2013v3.0, 2013v3.1, 2013v4.0"
"/Return/ReturnData/IRS990/GainOrLossGrp/OtherAmt",27619,27619,"2013v3.0, 2013v3.1, 2013v4.0"
"/Return/ReturnData/IRS990ScheduleA/SupportedOrgInformationGrp",27438,15009,"2013v3.0, 2013v3.1, 2013v4.0"
"/Return/ReturnData/IRS990ScheduleA/SupportedOrgInformationGrp/EIN",27438,15009,"2013v3.0, 2013v3.1, 2013v4.0"
"/Return/ReturnData/IRS990ScheduleA/SupportedOrgInformationGrp/GoverningDocumentListedInd",27438,15009,"2013v3.0, 2013v3.1, 2013v4.0"
"/Return/ReturnData/IRS990ScheduleA/SupportedOrgInformationGrp/OrganizationTypeDesc",27438,15009,"2013v3.0, 2013v3.1, 2013v4.0"
"/Return/ReturnData/IRS990ScheduleA/SupportedOrgInformationGrp/SupportAmt",27438,15009,"2013v3.0, 2013v3.1, 2013v4.0"
"/Return/ReturnData/IRS990ScheduleA/SupportedOrgInformationGrp/SupportedOrganizationName",27438,15009,"2013v3.0, 2013v3.1, 2013v4.0"
"/Return/ReturnData/IRS990ScheduleA/SupportedOrgInformationGrp/SupportedOrganizationName/BusinessNameLine1",27438,15009,"2013v3.0, 2013v3.1, 2013v4.0"
"/Return/ReturnData/IRS990/GrantsToDomesticIndividualsGrp/ProgramServicesAmt",27433,27433,"2013v3.0, 2013v3.1, 2013v4.0"
"/Return/ReturnData/IRS990EZ/Organization501cInd",27424,27424,"2013v3.0, 2013v3.1, 2013v4.0"
"/Return/ReturnData/CompensationExplanation",27243,27196,"2013v3.0, 2013v3.1, 2013v4.0"
"/Return/ReturnData/IRS990/OtherWebsiteInd",27237,27237,"2013v3.0, 2013v3.1, 2013v4.0"
"/Return/ReturnData/IRS990/FeesForServicesLegalGrp/ProgramServicesAmt",27195,27195,"2013v3.0, 2013v3.1, 2013v4.0"
"/Return/ReturnData/IRS990/DepreciationDepletionGrp/FundraisingAmt",27188,27188,"2013v3.0, 2013v3.1, 2013v4.0"
"/Return/ReturnData/IRS990ScheduleA/OtherIncome170Grp/CurrentTaxYearAmt",27168,27168,"2013v3.0, 2013v3.1, 2013v4.0"
"/Return/ReturnData/IRS990ScheduleF/AccountActivitiesOutsideUSGrp/RegionTotalExpendituresAmt",27053,7467,"2013v3.0, 2013v3.1, 2013v4.0"
"/Return/ReturnData/IRS990EZ/InitiationFeesAndCapContriAmt",27027,27027,"2013v3.0, 2013v3.1, 2013v4.0"
"/Return/ReturnData/IRS990ScheduleA/OtherIncome170Grp/CurrentTaxYearMinus1YearAmt",27009,27009,"2013v3.0, 2013v3.1, 2013v4.0"
"/Return/ReturnData/IRS990EZ/GrossReceiptsForPublicUseAmt",26880,26880,"2013v3.0, 2013v3.1, 2013v4.0"
"/Return/ReturnData/IRS990ScheduleA/UnrelatedBusinessNetIncm170Grp",26801,26801,"2013v3.0, 2013v3.1, 2013v4.0"
"/Return/ReturnData/IRS990ScheduleA/UnrelatedBusinessNetIncm170Grp/TotalAmt",26799,26799,"2013v3.0, 2013v3.1, 2013v4.0"
"/Return/ReturnData/IRS990ScheduleG/FundraisingEventInformationGrp/CharitableContriEvent1Amt",26765,26765,"2013v3.0, 2013v3.1, 2013v4.0"
"/Return/ReturnData/IRS990ScheduleJ/BoardOrCommitteeApprovalInd",26757,26757,"2013v3.0, 2013v3.1, 2013v4.0"
"/Return/ReturnData/IRS990/GrossSalesOfInventoryAmt",26467,26467,"2013v3.0, 2013v3.1, 2013v4.0"
"/Return/ReturnData/IRS990ScheduleD/OtherExpensesIncludedAmt",26330,26330,"2013v3.0, 2013v3.1, 2013v4.0"
"/Return/ReturnData/IRS990ScheduleA/OtherIncome170Grp/CurrentTaxYearMinus2YearsAmt",26301,26301,"2013v3.0, 2013v3.1, 2013v4.0"
"/Return/ReturnData/IRS990ScheduleD/EndowmentsHeldUnrelatedOrgInd",26019,26019,"2013v3.0, 2013v3.1, 2013v4.0"
"/Return/ReturnData/IRS990ScheduleD/EndowmentsHeldRelatedOrgInd",25900,25900,"2013v3.0, 2013v3.1, 2013v4.0"
"/Return/ReturnData/IRS990ScheduleM/OtherNonCashContriTableGrp",25898,11828,"2013v3.0, 2013v3.1, 2013v4.0"
"/Return/ReturnData/IRS990ScheduleM/OtherNonCashContriTableGrp/NoncashContributionsRptF990Amt",25720,11766,"2013v3.0, 2013v3.1, 2013v4.0"
"/Return/ReturnData/IRS990ScheduleA/OtherIncome170Grp/CurrentTaxYearMinus3YearsAmt",25704,25704,"2013v3.0, 2013v3.1, 2013v4.0"
"/Return/ReturnData/IRS990ScheduleD/CYEndwmtFundGrp",25653,25653,"2013v3.0, 2013v3.1, 2013v4.0"
"/Return/ReturnData/IRS990/FeesForServicesOtherGrp/FundraisingAmt",25531,25531,"2013v3.0, 2013v3.1, 2013v4.0"
"/Return/ReturnData/IRS990ScheduleL",25423,25423,"2013v3.0, 2013v3.1, 2013v4.0"
"/Return/ReturnData/IRS990ScheduleD/CYEndwmtFundGrp/EndYearBalanceAmt",25351,25351,"2013v3.0, 2013v3.1, 2013v4.0"
"/Return/ReturnData/IRS990EZ/OrganizationFiled990TInd",25259,25259,"2013v3.0, 2013v3.1, 2013v4.0"
"/Return/ReturnData/IRS990ScheduleD/OtherRevenueAmt",25237,25237,"2013v3.0, 2013v3.1, 2013v4.0"
"/Return/ReturnData/IRS990ScheduleD/CYMinus1YrEndwmtFundGrp",25226,25226,"2013v3.0, 2013v3.1, 2013v4.0"
"/Return/ReturnData/IRS990EZ/TaxImposedUnderIRC4911Amt",25216,25216,"2013v3.0, 2013v3.1, 2013v4.0"
"/Return/ReturnData/IRS990EZ/TaxImposedUnderIRC4912Amt",25152,25152,"2013v3.0, 2013v3.1, 2013v4.0"
"/Return/ReturnData/IRS990EZ/TaxImposedUnderIRC4955Amt",25151,25151,"2013v3.0, 2013v3.1, 2013v4.0"
"/Return/ReturnData/IRS990ScheduleD/CYEndwmtFundGrp/BeginningYearBalanceAmt",25141,25141,"2013v3.0, 2013v3.1, 2013v4.0"
"/Return/ReturnData/IRS990EZ/Form720FiledInd",25129,25129,"2013v3.0, 2013v3.1, 2013v4.0"
"/Return/ReturnData/IRS990/CostOfGoodsSoldAmt",25095,25095,"2013v3.0, 2013v3.1, 2013v4.0"
"/Return/ReturnData/IRS990/OthNotesLoansReceivableNetGrp/BOYAmt",25085,25085,"2013v3.0, 2013v3.1, 2013v4.0"
"/Return/ReturnData/IRS990ScheduleD/CYMinus1YrEndwmtFundGrp/EndYearBalanceAmt",25052,25052,"2013v3.0, 2013v3.1, 2013v4.0"
"/Return/ReturnData/IRS990ScheduleG/FundraisingEventInformationGrp/FoodAndBeverageTotalEventsAmt",24976,24976,"2013v3.0, 2013v3.1, 2013v4.0"
"/Return/ReturnData/IRS990ScheduleM/OtherNonCashContriTableGrp/ContributionCnt",24976,11387,"2013v3.0, 2013v3.1, 2013v4.0"
"/Return/ReturnData/IRS990ScheduleC",24894,24894,"2013v3.0, 2013v3.1, 2013v4.0"
"/Return/ReturnData/IRS990ScheduleM/OtherNonCashContriTableGrp/Desc",24874,10925,"2013v3.0, 2013v3.1, 2013v4.0"
"/Return/ReturnData/IRS990ScheduleM/OtherNonCashContriTableGrp/NonCashCheckboxInd",24731,11315,"2013v3.0, 2013v3.1, 2013v4.0"
"/Return/ReturnData/IRS990ScheduleA/SupportedOrgInformationGrp/USOrganizedInd",24717,13565,"2013v3.0, 2013v3.1, 2013v4.0"
"/Return/ReturnData/IRS990ScheduleD/CYMinus1YrEndwmtFundGrp/BeginningYearBalanceAmt",24595,24595,"2013v3.0, 2013v3.1, 2013v4.0"
"/Return/ReturnData/IRS990ScheduleD/CYMinus2YrEndwmtFundGrp",24544,24544,"2013v3.0, 2013v3.1, 2013v4.0"
"/Return/ReturnData/IRS990/Form8282FiledCnt",24515,24515,"2013v3.0, 2013v3.1, 2013v4.0"
"/Return/ReturnData/IRS990EZ/BooksInCareOfDetail/BusinessName",24486,24486,"2013v3.0, 2013v3.1, 2013v4.0"
"/Return/ReturnData/IRS990EZ/BooksInCareOfDetail/BusinessName/BusinessNameLine1",24486,24486,"2013v3.0, 2013v3.1, 2013v4.0"
"/Return/ReturnData/IRS990ScheduleA/OtherIncome170Grp/CurrentTaxYearMinus4YearsAmt",24464,24464,"2013v3.0, 2013v3.1, 2013v4.0"
"/Return/ReturnData/IRS990ScheduleA/GovtFurnSrvcFcltsVl170Grp",24378,24378,"2013v3.0, 2013v3.1, 2013v4.0"
"/Return/ReturnData/IRS990ScheduleA/GovtFurnSrvcFcltsVl170Grp/TotalAmt",24378,24378,"2013v3.0, 2013v3.1, 2013v4.0"
"/Return/ReturnData/IRS990ScheduleD/CYMinus2YrEndwmtFundGrp/EndYearBalanceAmt",24356,24356,"2013v3.0, 2013v3.1, 2013v4.0"
"/Return/ReturnData/IRS990ScheduleR/IdRelatedOrgTxblCorpTrGrp/OwnershipPct",24264,5984,"2013v3.0, 2013v3.1, 2013v4.0"
"/Return/ReturnData/IRS990EZ/GainOrLossFromSaleOfAssetsAmt",24219,24219,"2013v3.0, 2013v3.1, 2013v4.0"
"/Return/ReturnData/IRS990ScheduleL/BusTrInvolveInterestedPrsnGrp/NameOfInterested/PersonNm",24192,11659,"2013v3.0, 2013v3.1, 2013v4.0"
"/Return/ReturnData/IRS990ScheduleA/SupportedOrgInformationGrp/SupportedOrgNotifiedInd",23939,13223,"2013v3.0, 2013v3.1, 2013v4.0"
"/Return/ReturnData/IRS990ScheduleD/CYMinus2YrEndwmtFundGrp/BeginningYearBalanceAmt",23816,23816,"2013v3.0, 2013v3.1, 2013v4.0"
"/Return/ReturnData/IRS990ScheduleA/TaxRevLeviedOrgnztnlBnft170Grp",23660,23660,"2013v3.0, 2013v3.1, 2013v4.0"
"/Return/ReturnData/IRS990ScheduleA/TaxRevLeviedOrgnztnlBnft170Grp/TotalAmt",23660,23660,"2013v3.0, 2013v3.1, 2013v4.0"
"/Return/ReturnData/IRS990ScheduleD/CYMinus3YrEndwmtFundGrp/EndYearBalanceAmt",23464,23464,"2013v3.0, 2013v3.1, 2013v4.0"
"/Return/ReturnData/IRS990/AcctCompileOrReviewBasisGrp",23419,23419,"2013v3.0, 2013v3.1, 2013v4.0"
"/Return/ReturnData/IRS990EZ/MethodOfAccountingAccrualInd",23196,23196,"2013v3.0, 2013v3.1, 2013v4.0"
"/Return/ReturnData/IRS990ScheduleG/FundraisingEventInformationGrp/OtherEventsTotalCnt",23019,23019,"2013v3.0, 2013v3.1, 2013v4.0"
"/Return/ReturnData/IRS990ScheduleA/GovtFurnSrvcFcltsVl509Grp",22990,22990,"2013v3.0, 2013v3.1, 2013v4.0"
"/Return/ReturnData/IRS990ScheduleA/GovtFurnSrvcFcltsVl509Grp/TotalAmt",22990,22990,"2013v3.0, 2013v3.1, 2013v4.0"
"/Return/ReturnData/IRS990ScheduleD/CYMinus3YrEndwmtFundGrp/BeginningYearBalanceAmt",22979,22979,"2013v3.0, 2013v3.1, 2013v4.0"
"/Return/ReturnData/IRS990/FSAuditedBasisGrp/ConsolidatedBasisFinclStmtInd",22876,22876,"2013v3.0, 2013v3.1, 2013v4.0"
"/Return/ReturnData/IRS990ScheduleM/OtherNonCashContriTableGrp/MethodOfDeterminingRevenuesTxt",22866,9996,"2013v3.0, 2013v3.1, 2013v4.0"
"/Return/ReturnData/IRS990ScheduleA/TaxRevLeviedOrgnztnlBnft509Grp",22818,22818,"2013v3.0, 2013v3.1, 2013v4.0"
"/Return/ReturnData/IRS990ScheduleA/TaxRevLeviedOrgnztnlBnft509Grp/TotalAmt",22818,22818,"2013v3.0, 2013v3.1, 2013v4.0"
"/Return/ReturnData/IRS990/CapStkTrPrinCurrentFundsGrp",22798,22798,"2013v3.0, 2013v3.1, 2013v4.0"
"/Return/ReturnData/IRS990/CapStkTrPrinCurrentFundsGrp/BOYAmt",22718,22718,"2013v3.0, 2013v3.1, 2013v4.0"
"/Return/ReturnData/IRS990EZ/TaxImposedOnOrganizationMgrAmt",22680,22680,"2013v3.0, 2013v3.1, 2013v4.0"
"/Return/ReturnData/IRS990EZ/TaxReimbursedByOrganizationAmt",22647,22647,"2013v3.0, 2013v3.1, 2013v4.0"
"/Return/ReturnData/IRS990/CapStkTrPrinCurrentFundsGrp/EOYAmt",22630,22630,"2013v3.0, 2013v3.1, 2013v4.0"
"/Return/ReturnData/IRS990ScheduleD/CYMinus4YrEndwmtFundGrp/EndYearBalanceAmt",22279,22279,"2013v3.0, 2013v3.1, 2013v4.0"
"/Return/ReturnData/IRS990/UnsecuredNotesLoansPayableGrp",22236,22236,"2013v3.0, 2013v3.1, 2013v4.0"
"/Return/ReturnData/IRS990ScheduleG/FundraisingEventInformationGrp/RentFcltyCostsTotalEventsAmt",22217,22217,"2013v3.0, 2013v3.1, 2013v4.0"
"/Return/ReturnData/IRS990ScheduleG/FundraisingEventInformationGrp/FoodAndBeverageEvent1Amt",22121,22121,"2013v3.0, 2013v3.1, 2013v4.0"
"/Return/ReturnData/IRS990/FederalGrantAuditPerformedInd",21752,21752,"2013v3.0, 2013v3.1, 2013v4.0"
"/Return/ReturnData/IRS990ScheduleR/IdRelatedOrgTxblPartnershipGrp/ShareOfEOYAssetsAmt",21570,2948,"2013v3.0, 2013v3.1, 2013v4.0"
"/Return/ReturnData/IRS990ScheduleG/FundraisingEventInformationGrp/GrossReceiptsOtherEventsAmt",21549,21549,"2013v3.0, 2013v3.1, 2013v4.0"
"/Return/ReturnData/IRS990ScheduleD/CYMinus4YrEndwmtFundGrp/BeginningYearBalanceAmt",21505,21505,"2013v3.0, 2013v3.1, 2013v4.0"
"/Return/ReturnData/IRS990ScheduleR/IdRelatedOrgTxblPartnershipGrp/ShareOfTotalIncomeAmt",21404,2968,"2013v3.0, 2013v3.1, 2013v4.0"
"/Return/ReturnData/IRS990ScheduleE/SupplementalInformationDetail",21185,11081,"2013v3.0, 2013v3.1, 2013v4.0"
"/Return/ReturnData/IRS990ScheduleE/SupplementalInformationDetail/FormAndLineReferenceDesc",21184,11081,"2013v3.0, 2013v3.1, 2013v4.0"
"/Return/ReturnData/IRS990ScheduleD/CYEndwmtFundGrp/InvestmentEarningsOrLossesAmt",21164,21164,"2013v3.0, 2013v3.1, 2013v4.0"
"/Return/ReturnData/IRS990/LessRentalExpensesGrp",21102,21102,"2013v3.0, 2013v3.1, 2013v4.0"
"/Return/ReturnData/IRS990EZ/GamingGrossIncomeAmt",21097,21097,"2013v3.0, 2013v3.1, 2013v4.0"
"/Return/ReturnData/TransferPrsnlBnftContractsDecl",21079,21079,"2013v3.0, 2013v3.1, 2013v4.0"
"/Return/ReturnData/TransferPrsnlBnftContractsDecl/DeclarationDesc",21079,21079,"2013v3.0, 2013v3.1, 2013v4.0"
"/Return/ReturnData/IRS990/FeesForServicesManagementGrp/ManagementAndGeneralAmt",21013,21013,"2013v3.0, 2013v3.1, 2013v4.0"
"/Return/ReturnData/IRS990ScheduleF/AccountActivitiesOutsideUSGrp/SpecificServicesProvidedTxt",20971,6139,"2013v3.0, 2013v3.1, 2013v4.0"
"/Return/ReturnData/IRS990ScheduleM",20950,20950,"2013v3.0, 2013v3.1, 2013v4.0"
"/Return/ReturnData/IRS990ScheduleI/Total501c3OrgCnt",20883,20883,"2013v3.0, 2013v3.1, 2013v4.0"
"/Return/ReturnData/IRS990ScheduleD/CYMinus1YrEndwmtFundGrp/InvestmentEarningsOrLossesAmt",20838,20838,"2013v3.0, 2013v3.1, 2013v4.0"
"/Return/ReturnData/IRS990ScheduleM/ThirdPartiesUsedInd",20762,20762,"2013v3.0, 2013v3.1, 2013v4.0"
"/Return/ReturnData/IRS990ScheduleM/ReviewProcessUnusualNCGiftsInd",20759,20759,"2013v3.0, 2013v3.1, 2013v4.0"
"/Return/ReturnData/IRS990/NetGainOrLossInvestmentsGrp/RelatedOrExemptFuncIncomeAmt",20722,20722,"2013v3.0, 2013v3.1, 2013v4.0"
"/Return/ReturnData/IRS990ScheduleM/AnyPropertyThatMustBeHeldInd",20687,20687,"2013v3.0, 2013v3.1, 2013v4.0"
"/Return/ReturnData/IRS990/PdInCapSrplsLandBldgEqpFundGrp",20651,20651,"2013v3.0, 2013v3.1, 2013v4.0"
"/Return/ReturnData/IRS990/LessRentalExpensesGrp/RealAmt",20559,20559,"2013v3.0, 2013v3.1, 2013v4.0"
"/Return/ReturnData/IRS990/PdInCapSrplsLandBldgEqpFundGrp/BOYAmt",20556,20556,"2013v3.0, 2013v3.1, 2013v4.0"
"/Return/ReturnData/IRS990/PdInCapSrplsLandBldgEqpFundGrp/EOYAmt",20529,20529,"2013v3.0, 2013v3.1, 2013v4.0"
"/Return/ReturnData/IRS990ScheduleF/AccountActivitiesOutsideUSGrp/EmployeeCnt",20507,6259,"2013v3.0, 2013v3.1, 2013v4.0"
"/Return/ReturnData/IRS990/UnsecuredNotesLoansPayableGrp/EOYAmt",20502,20502,"2013v3.0, 2013v3.1, 2013v4.0"
"/Return/ReturnData/IRS990ScheduleG/FundraisingEventInformationGrp/GrossRevenueOtherEventsAmt",20458,20458,"2013v3.0, 2013v3.1, 2013v4.0"
"/Return/ReturnData/IRS990/FeesForServicesAccountingGrp/FundraisingAmt",20436,20436,"2013v3.0, 2013v3.1, 2013v4.0"
"/Return/ReturnData/IRS990/UnsecuredNotesLoansPayableGrp/BOYAmt",20312,20312,"2013v3.0, 2013v3.1, 2013v4.0"
"/Return/ReturnData/IRS990ScheduleR/IdRelatedOrgTxblCorpTrGrp/ShareOfEOYAssetsAmt",20302,4807,"2013v3.0, 2013v3.1, 2013v4.0"
"/Return/ReturnData/IRS990ScheduleD/CYMinus2YrEndwmtFundGrp/InvestmentEarningsOrLossesAmt",20179,20179,"2013v3.0, 2013v3.1, 2013v4.0"
"/Return/ReturnData/IRS990/ConferencesMeetingsGrp/FundraisingAmt",20152,20152,"2013v3.0, 2013v3.1, 2013v4.0"
"/Return/ReturnData/IRS990/AcctCompileOrReviewBasisGrp/SeparateBasisFinclStmtInd",19910,19910,"2013v3.0, 2013v3.1, 2013v4.0"
"/Return/ReturnData/IRS990/FeesForSrvcInvstMgmntFeesGrp/ManagementAndGeneralAmt",19730,19730,"2013v3.0, 2013v3.1, 2013v4.0"
"/Return/ReturnData/IRS990ScheduleF/AccountActivitiesOutsideUSGrp/OfficesCnt",19728,6123,"2013v3.0, 2013v3.1, 2013v4.0"
"/Return/ReturnData/IRS990/LessCostOthBasisSalesExpnssGrp/OtherAmt",19721,19721,"2013v3.0, 2013v3.1, 2013v4.0"
"/Return/ReturnData/IRS990ScheduleR/IdRelatedOrgTxblCorpTrGrp/ShareOfTotalIncomeAmt",19692,4576,"2013v3.0, 2013v3.1, 2013v4.0"
"/Return/ReturnData/IRS990/QuidProQuoContriDisclInd",19605,19605,"2013v3.0, 2013v3.1, 2013v4.0"
"/Return/ReturnData/IRS990ScheduleD/CYMinus3YrEndwmtFundGrp/InvestmentEarningsOrLossesAmt",19572,19572,"2013v3.0, 2013v3.1, 2013v4.0"
"/Return/ReturnData/IRS990ScheduleG/FundraisingEventInformationGrp/RentFacilityCostsEvent1Amt",19568,19568,"2013v3.0, 2013v3.1, 2013v4.0"
"/Return/ReturnData/IRS990ScheduleR/IdRelatedOrgTxblPartnershipGrp/OwnershipPct",19404,3174,"2013v3.0, 2013v3.1, 2013v4.0"
"/Return/ReturnData/IRS990ScheduleL/LoansBtwnOrgInterestedPrsnGrp",19368,9597,"2013v3.0, 2013v3.1, 2013v4.0"
"/Return/ReturnData/IRS990ScheduleL/LoansBtwnOrgInterestedPrsnGrp/DefaultInd",19243,9582,"2013v3.0, 2013v3.1, 2013v4.0"
"/Return/ReturnData/IRS990ScheduleL/LoansBtwnOrgInterestedPrsnGrp/BoardOrCommitteeApprovalInd",19240,9571,"2013v3.0, 2013v3.1, 2013v4.0"
"/Return/ReturnData/IRS990ScheduleL/LoansBtwnOrgInterestedPrsnGrp/WrittenAgreementInd",19194,9544,"2013v3.0, 2013v3.1, 2013v4.0"
"/Return/ReturnData/IRS990/IntangibleAssetsGrp/BOYAmt",19174,19174,"2013v3.0, 2013v3.1, 2013v4.0"
"/Return/ReturnData/IRS990/ProgSrvcAccomActy3Grp/RevenueAmt",19119,19119,"2013v3.0, 2013v3.1, 2013v4.0"
"/Return/ReturnHeader/Filer/USAddress/AddressLine2",18929,18929,"2013v3.0, 2013v3.1, 2013v4.0"
"/Return/ReturnData/IRS990/ProgramServiceRevenueGrp/ExclusionAmt",18823,10150,"2013v3.0, 2013v3.1, 2013v4.0"
"/Return/ReturnData/IRS990ScheduleR/IdDisregardedEntitiesGrp",18784,5820,"2013v3.0, 2013v3.1, 2013v4.0"
"/Return/ReturnData/IRS990ScheduleR/IdDisregardedEntitiesGrp/DisregardedEntityName",18737,5777,"2013v3.0, 2013v3.1, 2013v4.0"
"/Return/ReturnData/IRS990ScheduleR/IdDisregardedEntitiesGrp/DisregardedEntityName/BusinessNameLine1",18737,5777,"2013v3.0, 2013v3.1, 2013v4.0"
"/Return/ReturnData/IRS990/GrossAmountSalesAssetsGrp/OtherAmt",18489,18489,"2013v3.0, 2013v3.1, 2013v4.0"
"/Return/ReturnData/IRS990ScheduleR/IdDisregardedEntitiesGrp/LegalDomicileStateCd",18467,5700,"2013v3.0, 2013v3.1, 2013v4.0"
"/Return/ReturnData/IRS990/PensionPlanContributionsGrp/FundraisingAmt",18439,18439,"2013v3.0, 2013v3.1, 2013v4.0"
"/Return/ReturnData/IRS990EZ/RelatedOrgSect527OrgInd",18427,18427,"2013v3.0, 2013v3.1, 2013v4.0"
"/Return/ReturnData/IRS990ScheduleR/IdDisregardedEntitiesGrp/USAddress",18425,5674,"2013v3.0, 2013v3.1, 2013v4.0"
"/Return/ReturnData/IRS990ScheduleR/IdDisregardedEntitiesGrp/USAddress/AddressLine1",18425,5674,"2013v3.0, 2013v3.1, 2013v4.0"
"/Return/ReturnData/IRS990ScheduleR/IdDisregardedEntitiesGrp/USAddress/City",18425,5674,"2013v3.0, 2013v3.1, 2013v4.0"
"/Return/ReturnData/IRS990ScheduleR/IdDisregardedEntitiesGrp/USAddress/State",18425,5674,"2013v3.0, 2013v3.1, 2013v4.0"
"/Return/ReturnData/IRS990ScheduleR/IdDisregardedEntitiesGrp/USAddress/ZIPCode",18425,5674,"2013v3.0, 2013v3.1, 2013v4.0"
"/Return/ReturnData/IRS990ScheduleL/LoansBtwnOrgInterestedPrsnGrp/OriginalPrincipalAmt",18413,9157,"2013v3.0, 2013v3.1, 2013v4.0"
"/Return/ReturnData/IRS990ScheduleR/IdDisregardedEntitiesGrp/PrimaryActivitiesTxt",18403,5701,"2013v3.0, 2013v3.1, 2013v4.0"
"/Return/ReturnData/IRS990ScheduleG/FundraisingEventInformationGrp/OthDirectExpnssOtherEventsAmt",18157,18157,"2013v3.0, 2013v3.1, 2013v4.0"
"/Return/ReturnData/IRS990ScheduleL/LoansBtwnOrgInterestedPrsnGrp/BalanceDueAmt",18098,9025,"2013v3.0, 2013v3.1, 2013v4.0"
"/Return/ReturnData/IRS990/NetIncomeOrLossGrp/RelatedOrExemptFuncIncomeAmt",18071,18071,"2013v3.0, 2013v3.1, 2013v4.0"
"/Return/ReturnData/IRS990ScheduleD/PrmnntEndowmentBalanceEOYPct",17897,17897,"2013v3.0, 2013v3.1, 2013v4.0"
"/Return/ReturnData/IRS990ScheduleJ/CompensationSurveyInd",17813,17813,"2013v3.0, 2013v3.1, 2013v4.0"
"/Return/ReturnData/IRS990ScheduleD/CYMinus4YrEndwmtFundGrp/InvestmentEarningsOrLossesAmt",17798,17798,"2013v3.0, 2013v3.1, 2013v4.0"
"/Return/ReturnData/IRS990ScheduleL/LoansBtwnOrgInterestedPrsnGrp/LoanPurposeTxt",17777,8807,"2013v3.0, 2013v3.1, 2013v4.0"
"/Return/ReturnData/IRS990ScheduleA/OtherIncome509Grp/CurrentTaxYearAmt",17377,17377,"2013v3.0, 2013v3.1, 2013v4.0"
"/Return/ReturnData/IRS990/ContractorCompensationGrp/ContractorName/PersonNm",17375,6908,"2013v3.0, 2013v3.1, 2013v4.0"
"/Return/ReturnData/IRS990ScheduleH/OthHlthCareFcltsNotHospitalGrp/OthHlthCareFcltsGrp",17343,1493,"2013v3.0, 2013v3.1, 2013v4.0"
"/Return/ReturnData/IRS990ScheduleH/OthHlthCareFcltsNotHospitalGrp/OthHlthCareFcltsGrp/BusinessName",17343,1493,"2013v3.0, 2013v3.1, 2013v4.0"
"/Return/ReturnData/IRS990ScheduleH/OthHlthCareFcltsNotHospitalGrp/OthHlthCareFcltsGrp/BusinessName/BusinessNameLine1",17343,1493,"2013v3.0, 2013v3.1, 2013v4.0"
"/Return/ReturnData/IRS990ScheduleH/OthHlthCareFcltsNotHospitalGrp/OthHlthCareFcltsGrp/FacilityTxt",17343,1493,"2013v3.0, 2013v3.1, 2013v4.0"
"/Return/ReturnData/IRS990ScheduleH/OthHlthCareFcltsNotHospitalGrp/OthHlthCareFcltsGrp/USAddress",17343,1493,"2013v3.0, 2013v3.1, 2013v4.0"
"/Return/ReturnData/IRS990ScheduleH/OthHlthCareFcltsNotHospitalGrp/OthHlthCareFcltsGrp/USAddress/AddressLine1",17343,1493,"2013v3.0, 2013v3.1, 2013v4.0"
"/Return/ReturnData/IRS990ScheduleH/OthHlthCareFcltsNotHospitalGrp/OthHlthCareFcltsGrp/USAddress/City",17343,1493,"2013v3.0, 2013v3.1, 2013v4.0"
"/Return/ReturnData/IRS990ScheduleH/OthHlthCareFcltsNotHospitalGrp/OthHlthCareFcltsGrp/USAddress/State",17343,1493,"2013v3.0, 2013v3.1, 2013v4.0"
"/Return/ReturnData/IRS990ScheduleH/OthHlthCareFcltsNotHospitalGrp/OthHlthCareFcltsGrp/USAddress/ZIPCode",17343,1493,"2013v3.0, 2013v3.1, 2013v4.0"
"/Return/ReturnData/IRS990ScheduleA/OtherIncome509Grp/CurrentTaxYearMinus1YearAmt",17311,17311,"2013v3.0, 2013v3.1, 2013v4.0"
"/Return/ReturnData/IRS990ScheduleD/DonatedServicesAndUseFcltsAmt",17288,17288,"2013v3.0, 2013v3.1, 2013v4.0"
"/Return/ReturnData/IRS990ScheduleL/LoansBtwnOrgInterestedPrsnGrp/PersonNm",17146,8655,"2013v3.0, 2013v3.1, 2013v4.0"
"/Return/ReturnData/IRS990ScheduleG/AgrmtProfFundraisingActyInd",17087,17087,"2013v3.0, 2013v3.1, 2013v4.0"
"/Return/ReturnData/IRS990ScheduleA/OtherIncome509Grp/CurrentTaxYearMinus2YearsAmt",16998,16998,"2013v3.0, 2013v3.1, 2013v4.0"
"/Return/ReturnData/IRS990/PriorPeriodAdjustmentsAmt",16934,16934,"2013v3.0, 2013v3.1, 2013v4.0"
"/Return/ReturnData/IRS990/LoansFromOfficersDirectorsGrp",16832,16832,"2013v3.0, 2013v3.1, 2013v4.0"
"/Return/ReturnData/IRS990/TotalOthProgramServiceRevGrp",16747,16747,"2013v3.0, 2013v3.1, 2013v4.0"
"/Return/ReturnData/IRS990/TotalOthProgramServiceRevGrp/TotalRevenueColumnAmt",16744,16744,"2013v3.0, 2013v3.1, 2013v4.0"
"/Return/ReturnData/IRS990/ProgramServiceRevenueGrp/UnrelatedBusinessRevenueAmt",16695,10165,"2013v3.0, 2013v3.1, 2013v4.0"
"/Return/ReturnData/IRS990ScheduleD/DonatedServicesUseFcltsAmt",16663,16663,"2013v3.0, 2013v3.1, 2013v4.0"
"/Return/ReturnData/IRS990/InvestmentsProgramRelatedGrp/BOYAmt",16524,16524,"2013v3.0, 2013v3.1, 2013v4.0"
"/Return/ReturnData/IRS990ScheduleA/OtherIncome509Grp/CurrentTaxYearMinus3YearsAmt",16492,16492,"2013v3.0, 2013v3.1, 2013v4.0"
"/Return/ReturnData/IRS990/FeesForServicesManagementGrp/ProgramServicesAmt",16353,16353,"2013v3.0, 2013v3.1, 2013v4.0"
"/Return/ReturnData/IRS990ScheduleE/SupplementalInformationDetail/ExplanationTxt",16341,10375,"2013v3.0, 2013v3.1, 2013v4.0"
"/Return/ReturnData/IRS990/NetRentalIncomeOrLossGrp/ExclusionAmt",16272,16272,"2013v3.0, 2013v3.1, 2013v4.0"
"/Return/ReturnData/IRS990/InformationTechnologyGrp/FundraisingAmt",16147,16147,"2013v3.0, 2013v3.1, 2013v4.0"
"/Return/ReturnData/IRS990ScheduleA/ContributionControllerInd",15986,15986,"2013v3.0, 2013v3.1, 2013v4.0"
"/Return/ReturnData/IRS990ScheduleA/ContributionFamilyInd",15982,15982,"2013v3.0, 2013v3.1, 2013v4.0"
"/Return/ReturnData/IRS990ScheduleA/Contribution35ControlledInd",15972,15972,"2013v3.0, 2013v3.1, 2013v4.0"
"/Return/ReturnData/IRS990EZ/GrossSalesOfInventoryAmt",15959,15959,"2013v3.0, 2013v3.1, 2013v4.0"
"/Return/ReturnData/IRS990ScheduleD/TotalBookValueSecuritiesAmt",15959,15959,"2013v3.0, 2013v3.1, 2013v4.0"
"/Return/ReturnData/IRS990/LoansFromOfficersDirectorsGrp/EOYAmt",15896,15896,"2013v3.0, 2013v3.1, 2013v4.0"
"/Return/ReturnData/IRS990/LoansFromOfficersDirectorsGrp/BOYAmt",15862,15862,"2013v3.0, 2013v3.1, 2013v4.0"
"/Return/ReturnData/IRS990ScheduleA/OtherIncome509Grp/CurrentTaxYearMinus4YearsAmt",15847,15847,"2013v3.0, 2013v3.1, 2013v4.0"
"/Return/ReturnData/IRS990ScheduleR/IdDisregardedEntitiesGrp/DirectControllingEntityName",15702,4574,"2013v3.0, 2013v3.1, 2013v4.0"
"/Return/ReturnData/IRS990ScheduleR/IdDisregardedEntitiesGrp/DirectControllingEntityName/BusinessNameLine1",15702,4574,"2013v3.0, 2013v3.1, 2013v4.0"
"/Return/ReturnData/IRS990/TaxExemptBondLiabilitiesGrp",15699,15699,"2013v3.0, 2013v3.1, 2013v4.0"
"/Return/ReturnData/IRS990/GrantsPayableGrp",15636,15636,"2013v3.0, 2013v3.1, 2013v4.0"
"/Return/ReturnData/IRS990/TaxExemptBondLiabilitiesGrp/BOYAmt",15529,15529,"2013v3.0, 2013v3.1, 2013v4.0"
"/Return/ReturnData/IRS990/TotalOtherProgSrvcRevenueAmt",15482,15482,"2013v3.0, 2013v3.1, 2013v4.0"
"/Return/ReturnData/IRS990ScheduleD/OtherRevenuesNotIncludedAmt",15448,15448,"2013v3.0, 2013v3.1, 2013v4.0"
"/Return/ReturnData/IRS990/ProgSrvcAccomActyOtherGrp/RevenueAmt",15393,10340,"2013v3.0, 2013v3.1, 2013v4.0"
"/Return/ReturnData/IRS990/TaxExemptBondLiabilitiesGrp/EOYAmt",15347,15347,"2013v3.0, 2013v3.1, 2013v4.0"
"/Return/ReturnData/IRS990ScheduleD/CYEndwmtFundGrp/ContributionsAmt",15289,15289,"2013v3.0, 2013v3.1, 2013v4.0"
"/Return/ReturnData/IRS990ScheduleD/CYMinus1YrEndwmtFundGrp/ContributionsAmt",15153,15153,"2013v3.0, 2013v3.1, 2013v4.0"
"/Return/ReturnData/IRS990/RentalIncomeOrLossGrp/PersonalAmt",15052,15052,"2013v3.0, 2013v3.1, 2013v4.0"
"/Return/ReturnData/IRS990ScheduleD/EquipmentGrp/InvestmentCostOrOtherBasisAmt",15029,15029,"2013v3.0, 2013v3.1, 2013v4.0"
"/Return/ReturnData/IRS990/GrantsPayableGrp/BOYAmt",14974,14974,"2013v3.0, 2013v3.1, 2013v4.0"
"/Return/ReturnData/IRS990/GrantsPayableGrp/EOYAmt",14962,14962,"2013v3.0, 2013v3.1, 2013v4.0"
"/Return/ReturnData/IRS990ScheduleA/SupportingOrganization509a3Ind",14935,14935,"2013v3.0, 2013v3.1, 2013v4.0"
"/Return/ReturnData/IRS990ScheduleA/SupportedOrganizationsTotalCnt",14933,14933,"2013v3.0, 2013v3.1, 2013v4.0"
"/Return/ReturnData/IRS990ScheduleD/CYMinus2YrEndwmtFundGrp/ContributionsAmt",14835,14835,"2013v3.0, 2013v3.1, 2013v4.0"
"/Return/ReturnData/IRS990/EscrowAccountLiabilityGrp",14796,14796,"2013v3.0, 2013v3.1, 2013v4.0"
"/Return/ReturnData/IRS990ScheduleD/CYMinus3YrEndwmtFundGrp/ContributionsAmt",14716,14716,"2013v3.0, 2013v3.1, 2013v4.0"
"/Return/ReturnData/IRS990ScheduleI/TotalOtherOrgCnt",14630,14630,"2013v3.0, 2013v3.1, 2013v4.0"
"/Return/ReturnData/IRS990/EscrowAccountLiabilityGrp/EOYAmt",14460,14460,"2013v3.0, 2013v3.1, 2013v4.0"
"/Return/ReturnData/IRS990/EscrowAccountLiabilityGrp/BOYAmt",14445,14445,"2013v3.0, 2013v3.1, 2013v4.0"
"/Return/ReturnData/IRS990ScheduleD/CYMinus4YrEndwmtFundGrp/ContributionsAmt",14332,14332,"2013v3.0, 2013v3.1, 2013v4.0"
"/Return/ReturnData/IRS990ScheduleG/FundraisingEventInformationGrp/EntertainmentTotalEventsAmt",14308,14308,"2013v3.0, 2013v3.1, 2013v4.0"
"/Return/ReturnData/IRS990/TotalOthProgramServiceRevGrp/RelatedOrExemptFuncIncomeAmt",14205,14205,"2013v3.0, 2013v3.1, 2013v4.0"
"/Return/ReturnData/IRS990ScheduleL/LoansBtwnOrgInterestedPrsnGrp/RelationshipWithOrgTxt",14204,6945,"2013v3.0, 2013v3.1, 2013v4.0"
"/Return/ReturnData/IRS990ScheduleJ/CompensationCommitteeInd",13998,13998,"2013v3.0, 2013v3.1, 2013v4.0"
"/Return/ReturnData/IRS990ScheduleR/IdDisregardedEntitiesGrp/EIN",13950,4977,"2013v3.0, 2013v3.1, 2013v4.0"
"/Return/ReturnData/IRS990/FederatedCampaignsAmt",13622,13622,"2013v3.0, 2013v3.1, 2013v4.0"
"/Return/ReturnData/IRS990ScheduleI/RecipientTable/USAddress/AddressLine2",13558,2048,"2013v3.0, 2013v3.1, 2013v4.0"
"/Return/ReturnData/IRS990/ProgSrvcAccomActy2Grp/GrantAmt",13349,13349,"2013v3.0, 2013v3.1, 2013v4.0"
"/Return/ReturnData/IRS990/ReceivablesFromOfficersEtcGrp/BOYAmt",13282,13282,"2013v3.0, 2013v3.1, 2013v4.0"
"/Return/ReturnData/IRS990/RelatedOrganizationsAmt",13240,13240,"2013v3.0, 2013v3.1, 2013v4.0"
"/Return/ReturnData/IRS990ScheduleD/BoardDesignatedBalanceEOYPct",13136,13136,"2013v3.0, 2013v3.1, 2013v4.0"
"/Return/ReturnData/IRS990ScheduleA/SupportSumAmt",12998,12998,"2013v3.0, 2013v3.1, 2013v4.0"
"/Return/ReturnData/IRS990ScheduleG/FundraisingEventInformationGrp/CharitableContriEvent2Amt",12965,12965,"2013v3.0, 2013v3.1, 2013v4.0"
"/Return/ReturnData/IRS990ScheduleD/TermEndowmentBalanceEOYPct",12920,12920,"2013v3.0, 2013v3.1, 2013v4.0"
"/Return/ReturnData/IRS990ScheduleD/OtherExpensesNotIncludedAmt",12864,12864,"2013v3.0, 2013v3.1, 2013v4.0"
"/Return/ReturnData/IRS990ScheduleA/SubstAndDsqlfyPrsnsTotGrp/CurrentTaxYearAmt",12841,12841,"2013v3.0, 2013v3.1, 2013v4.0"
"/Return/ReturnData/IRS990ScheduleA/SubstAndDsqlfyPrsnsTotGrp/CurrentTaxYearMinus1YearAmt",12780,12780,"2013v3.0, 2013v3.1, 2013v4.0"
"/Return/ReturnData/IRS990ScheduleD/InclEscrowCustodialAcctLiabInd",12631,12631,"2013v3.0, 2013v3.1, 2013v4.0"
"/Return/ReturnData/IRS990ScheduleA/SubstAndDsqlfyPrsnsTotGrp/CurrentTaxYearMinus2YearsAmt",12616,12616,"2013v3.0, 2013v3.1, 2013v4.0"
"/Return/ReturnData/IRS990ScheduleD/CYEndwmtFundGrp/OtherExpendituresAmt",12561,12561,"2013v3.0, 2013v3.1, 2013v4.0"
"/Return/ReturnData/IRS990ScheduleC/SubstantiallyAllDuesNondedInd",12442,12442,"2013v3.0, 2013v3.1, 2013v4.0"
"/Return/ReturnData/IRS990ScheduleA/SchoolInd",12415,12415,"2013v3.0, 2013v3.1, 2013v4.0"
"/Return/ReturnData/IRS990ScheduleC/OnlyInHouseLobbyingInd",12402,12402,"2013v3.0, 2013v3.1, 2013v4.0"
"/Return/ReturnData/IRS990ScheduleA/SubstAndDsqlfyPrsnsTotGrp/CurrentTaxYearMinus3YearsAmt",12377,12377,"2013v3.0, 2013v3.1, 2013v4.0"
"/Return/ReturnData/IRS990ScheduleE",12351,12351,"2013v3.0, 2013v3.1, 2013v4.0"
"/Return/ReturnData/IRS990ScheduleA/SubstAndDsqlfyPrsnsTotGrp/CurrentTaxYearMinus4YearsAmt",12313,12313,"2013v3.0, 2013v3.1, 2013v4.0"
"/Return/ReturnData/IRS990ScheduleC/AgreeCarryoverPriorYearInd",12282,12282,"2013v3.0, 2013v3.1, 2013v4.0"
"/Return/ReturnData/IRS990ScheduleE/NondiscriminatoryPolicyStmtInd",12250,12250,"2013v3.0, 2013v3.1, 2013v4.0"
"/Return/ReturnData/IRS990ScheduleE/PolicyStmtInBrochuresEtcInd",12246,12246,"2013v3.0, 2013v3.1, 2013v4.0"
"/Return/ReturnData/IRS990ScheduleE/MaintainCpyOfBrochuresEtcInd",12238,12238,"2013v3.0, 2013v3.1, 2013v4.0"
"/Return/ReturnData/IRS990ScheduleE/MaintainRacialCompRecsInd",12238,12238,"2013v3.0, 2013v3.1, 2013v4.0"
"/Return/ReturnData/IRS990ScheduleE/ComplianceWithRevProc7550Ind",12231,12231,"2013v3.0, 2013v3.1, 2013v4.0"
"/Return/ReturnData/IRS990ScheduleE/MaintainCpyOfAllSolInd",12230,12230,"2013v3.0, 2013v3.1, 2013v4.0"
"/Return/ReturnData/IRS990/OwnWebsiteInd",12229,12229,"2013v3.0, 2013v3.1, 2013v4.0"
"/Return/ReturnData/IRS990ScheduleE/GovernmentFinancialAidRcvdInd",12229,12229,"2013v3.0, 2013v3.1, 2013v4.0"
"/Return/ReturnData/IRS990ScheduleD/CYMinus1YrEndwmtFundGrp/OtherExpendituresAmt",12228,12228,"2013v3.0, 2013v3.1, 2013v4.0"
"/Return/ReturnData/IRS990ScheduleE/DiscriminateRaceEducPlcyInd",12227,12227,"2013v3.0, 2013v3.1, 2013v4.0"
"/Return/ReturnData/IRS990ScheduleE/DiscriminateRaceEmplmFcultyInd",12227,12227,"2013v3.0, 2013v3.1, 2013v4.0"
"/Return/ReturnData/IRS990ScheduleE/DiscriminateRaceStdntsRghtsInd",12227,12227,"2013v3.0, 2013v3.1, 2013v4.0"
"/Return/ReturnData/IRS990ScheduleE/MaintainScholarshipsRecsInd",12226,12226,"2013v3.0, 2013v3.1, 2013v4.0"
"/Return/ReturnData/IRS990ScheduleE/PlcyPblczdViaBroadcastMediaInd",12224,12224,"2013v3.0, 2013v3.1, 2013v4.0"
"/Return/ReturnData/IRS990ScheduleE/DiscriminateRaceAdmissPlcyInd",12223,12223,"2013v3.0, 2013v3.1, 2013v4.0"
"/Return/ReturnData/IRS990ScheduleE/DiscriminateRaceUseOfFcltsInd",12222,12222,"2013v3.0, 2013v3.1, 2013v4.0"
"/Return/ReturnData/IRS990ScheduleE/DiscriminateRaceSchsInd",12221,12221,"2013v3.0, 2013v3.1, 2013v4.0"
"/Return/ReturnData/IRS990ScheduleE/DiscriminateRaceAthltProgInd",12220,12220,"2013v3.0, 2013v3.1, 2013v4.0"
"/Return/ReturnData/IRS990ScheduleE/DiscriminateRaceOtherActyInd",12215,12215,"2013v3.0, 2013v3.1, 2013v4.0"
"/Return/ReturnData/IRS990ScheduleE/GovernmentFinancialAidRvkdInd",12175,12175,"2013v3.0, 2013v3.1, 2013v4.0"
"/Return/ReturnData/IRS990ScheduleG/FundraisingEventInformationGrp/EntertainmentEvent1Amt",12106,12106,"2013v3.0, 2013v3.1, 2013v4.0"
"/Return/ReturnData/IRS990ScheduleK/TaxExemptBondsIssuesGrp",12002,5908,"2013v3.0, 2013v3.1, 2013v4.0"
"/Return/ReturnData/IRS990ScheduleK/TaxExemptBondsIssuesGrp/BondReferenceCd",12002,5908,"2013v3.0, 2013v3.1, 2013v4.0"
"/Return/ReturnData/IRS990ScheduleK/TaxExemptBondsIssuesGrp/IssuerName",11993,5906,"2013v3.0, 2013v3.1, 2013v4.0"
"/Return/ReturnData/IRS990ScheduleK/TaxExemptBondsIssuesGrp/IssuerName/BusinessNameLine1",11993,5906,"2013v3.0, 2013v3.1, 2013v4.0"
"/Return/ReturnData/IRS990ScheduleK/TaxExemptBondsIssuesGrp/BondIssuedDt",11980,5900,"2013v3.0, 2013v3.1, 2013v4.0"
"/Return/ReturnData/IRS990ScheduleK/TaxExemptBondsIssuesGrp/IssuePriceAmt",11961,5884,"2013v3.0, 2013v3.1, 2013v4.0"
"/Return/ReturnData/IRS990ScheduleK/TaxExemptBondsIssuesGrp/DefeasedInd",11941,5871,"2013v3.0, 2013v3.1, 2013v4.0"
"/Return/ReturnData/IRS990ScheduleD/BuildingsGrp/InvestmentCostOrOtherBasisAmt",11934,11934,"2013v3.0, 2013v3.1, 2013v4.0"
"/Return/ReturnData/IRS990ScheduleK/TaxExemptBondsIssuesGrp/OnBehalfOfIssuerInd",11933,5863,"2013v3.0, 2013v3.1, 2013v4.0"
"/Return/ReturnData/IRS990ScheduleI/GrantsOtherAsstToIndivInUSGrp/ValuationMethodUsedDesc",11896,6508,"2013v3.0, 2013v3.1, 2013v4.0"
"/Return/ReturnData/IRS990ScheduleK/TaxExemptBondsIssuesGrp/PurposeDesc",11888,5841,"2013v3.0, 2013v3.1, 2013v4.0"
"/Return/ReturnData/IRS990ScheduleK/TaxExemptBondsProceedsGrp",11880,5843,"2013v3.0, 2013v3.1, 2013v4.0"
"/Return/ReturnData/IRS990ScheduleK/TaxExemptBondsProceedsGrp/BondReferenceCd",11880,5843,"2013v3.0, 2013v3.1, 2013v4.0"
"/Return/ReturnData/IRS990ScheduleH/SupplementalInformationGrp",11868,2260,"2013v3.0, 2013v3.1, 2013v4.0"
"/Return/ReturnData/IRS990ScheduleH/SupplementalInformationGrp/FormAndLineReferenceDesc",11867,2259,"2013v3.0, 2013v3.1, 2013v4.0"
"/Return/ReturnData/IRS990ScheduleH/SupplementalInformationGrp/ExplanationTxt",11845,2260,"2013v3.0, 2013v3.1, 2013v4.0"
"/Return/ReturnData/IRS990ScheduleK/TaxExemptBondsProceedsGrp/CurrentRefundingInd",11845,5824,"2013v3.0, 2013v3.1, 2013v4.0"
"/Return/ReturnData/IRS990ScheduleK/TaxExemptBondsProceedsGrp/AdvanceRefundingInd",11839,5823,"2013v3.0, 2013v3.1, 2013v4.0"
"/Return/ReturnData/IRS990ScheduleK/TaxExemptBondsProceedsGrp/FinalAllocationMadeInd",11821,5806,"2013v3.0, 2013v3.1, 2013v4.0"
"/Return/ReturnData/IRS990ScheduleK/TaxExemptBondsProceedsGrp/AdequateBooksAndRecMaintInd",11816,5820,"2013v3.0, 2013v3.1, 2013v4.0"
"/Return/ReturnData/IRS990ScheduleK/TaxExemptBondsIssuesGrp/PoolFinancingInd",11757,5763,"2013v3.0, 2013v3.1, 2013v4.0"
"/Return/ReturnData/IRS990ScheduleD/CYMinus2YrEndwmtFundGrp/OtherExpendituresAmt",11742,11742,"2013v3.0, 2013v3.1, 2013v4.0"
"/Return/ReturnData/IRS990ScheduleK/TaxExemptBondsArbitrageGrp",11720,5738,"2013v3.0, 2013v3.1, 2013v4.0"
"/Return/ReturnData/IRS990ScheduleK/TaxExemptBondsArbitrageGrp/BondReferenceCd",11720,5738,"2013v3.0, 2013v3.1, 2013v4.0"
"/Return/ReturnData/IRS990ScheduleK/TaxExemptBondsArbitrageGrp/Form8038TFiledInd",11660,5693,"2013v3.0, 2013v3.1, 2013v4.0"
"/Return/ReturnData/IRS990ScheduleK/TaxExemptBondsArbitrageGrp/HedgeIdentifiedInBksAndRecInd",11634,5692,"2013v3.0, 2013v3.1, 2013v4.0"
"/Return/ReturnData/IRS990ScheduleK/TaxExemptBondsArbitrageGrp/GrossProceedsInvestedInGICInd",11595,5676,"2013v3.0, 2013v3.1, 2013v4.0"
"/Return/ReturnData/IRS990/RcvblFromDisqualifiedPrsnGrp/BOYAmt",11569,11569,"2013v3.0, 2013v3.1, 2013v4.0"
"/Return/ReturnData/IRS990ScheduleG/FundraisingEventInformationGrp/NonCashPrizesTotalEventsAmt",11561,11561,"2013v3.0, 2013v3.1, 2013v4.0"
"/Return/ReturnData/IRS990ScheduleK/TaxExemptBondsArbitrageGrp/GrossProceedsInvestedInd",11502,5624,"2013v3.0, 2013v3.1, 2013v4.0"
"/Return/ReturnData/IRS990ScheduleK/TaxExemptBondsArbitrageGrp/WrittenProcToMonitorReqsInd",11485,5606,"2013v3.0, 2013v3.1, 2013v4.0"
"/Return/ReturnData/IRS990ScheduleK/TaxExemptBondsPrivateBusUseGrp",11331,5581,"2013v3.0, 2013v3.1, 2013v4.0"
"/Return/ReturnData/IRS990ScheduleK/TaxExemptBondsPrivateBusUseGrp/BondReferenceCd",11328,5581,"2013v3.0, 2013v3.1, 2013v4.0"
"/Return/ReturnData/IRS990/PoliciesReferenceChaptersInd",11273,11273,"2013v3.0, 2013v3.1, 2013v4.0"
"/Return/ReturnData/IRS990ScheduleK/TaxExemptBondsIssuesGrp/BondIssuerEIN",11273,5463,"2013v3.0, 2013v3.1, 2013v4.0"
"/Return/ReturnData/IRS990ScheduleD/CYMinus3YrEndwmtFundGrp/OtherExpendituresAmt",11250,11250,"2013v3.0, 2013v3.1, 2013v4.0"
"/Return/ReturnData/IRS990ScheduleJ/WrittenEmploymentContractInd",11245,11245,"2013v3.0, 2013v3.1, 2013v4.0"
"/Return/ReturnData/IRS990ScheduleR/IdDisregardedEntitiesGrp/EndOfYearAssetsAmt",11229,4486,"2013v3.0, 2013v3.1, 2013v4.0"
"/Return/ReturnData/IRS990ScheduleD/LandGrp/InvestmentCostOrOtherBasisAmt",11168,11168,"2013v3.0, 2013v3.1, 2013v4.0"
"/Return/ReturnData/IRS990/NetRentalIncomeOrLossGrp/RelatedOrExemptFuncIncomeAmt",11163,11163,"2013v3.0, 2013v3.1, 2013v4.0"
"/Return/ReturnData/IRS990ScheduleK/TaxExemptBondsArbitrageGrp/VariableRateIssueInd",11106,5385,"2013v3.0, 2013v3.1, 2013v4.0"
"/Return/ReturnData/IRS990ScheduleK/TaxExemptBondsPrivateBusUseGrp/OwningBondFinancedPropertyInd",11043,5512,"2013v3.0, 2013v3.1, 2013v4.0"
"/Return/ReturnData/IRS990ScheduleK/TaxExemptBondsPrivateBusUseGrp/AnyLeaseArrangementsInd",11037,5511,"2013v3.0, 2013v3.1, 2013v4.0"
"/Return/ReturnData/IRS990ScheduleK/TaxExemptBondsProceedsGrp/TotalProceedsAmt",11023,5320,"2013v3.0, 2013v3.1, 2013v4.0"
"/Return/ReturnData/IRS990ScheduleK/TaxExemptBondsPrivateBusUseGrp/MgmtContractBondFincdPropInd",11018,5501,"2013v3.0, 2013v3.1, 2013v4.0"
"/Return/ReturnData/IRS990ScheduleK/TaxExemptBondsPrivateBusUseGrp/AnyResearchAgreementsInd",10976,5475,"2013v3.0, 2013v3.1, 2013v4.0"
"/Return/ReturnData/IRS990/MiscellaneousRevenueGrp",10917,10917,"2013v3.0, 2013v3.1, 2013v4.0"
"/Return/ReturnData/IRS990/MiscellaneousRevenueGrp/TotalRevenueColumnAmt",10912,10912,"2013v3.0, 2013v3.1, 2013v4.0"
"/Return/ReturnData/IRS990ScheduleA/GrossReceiptsNonUnrltBusGrp/CurrentTaxYearAmt",10889,10889,"2013v3.0, 2013v3.1, 2013v4.0"
"/Return/ReturnData/IRS990/Form990PartVIISectionAGrp/FormerOfcrDirectorTrusteeInd",10824,6139,"2013v3.0, 2013v3.1, 2013v4.0"
"/Return/ReturnData/IRS990ScheduleK/TaxExemptBondsPrivateBusUseGrp/ProcsNonqualifiedBondRemdtdInd",10824,5380,"2013v3.0, 2013v3.1, 2013v4.0"
"/Return/ReturnData/IRS990/DoingBusinessAsName",10823,10823,"2013v3.0, 2013v3.1, 2013v4.0"
"/Return/ReturnData/IRS990/DoingBusinessAsName/BusinessNameLine1",10823,10823,"2013v3.0, 2013v3.1, 2013v4.0"
"/Return/ReturnData/IRS990ScheduleK/TaxExemptBondsPrivateBusUseGrp/ChangeInUseBondFinancedPropInd",10734,5323,"2013v3.0, 2013v3.1, 2013v4.0"
"/Return/ReturnData/IRS990/OtherRevenueMiscGrp/UnrelatedBusinessRevenueAmt",10724,7907,"2013v3.0, 2013v3.1, 2013v4.0"
"/Return/ReturnData/IRS990ScheduleK/TaxExemptBondsPrivateBusUseGrp/BondIssMeetPrvtSecPymtTestInd",10621,5266,"2013v3.0, 2013v3.1, 2013v4.0"
"/Return/ReturnData/IRS990ScheduleR/IdDisregardedEntitiesGrp/TotalIncomeAmt",10579,4287,"2013v3.0, 2013v3.1, 2013v4.0"
"/Return/ReturnData/IRS990ScheduleA/First5Years509Ind",10527,10527,"2013v3.0, 2013v3.1, 2013v4.0"
"/Return/ReturnData/IRS990ScheduleL/LoansBtwnOrgInterestedPrsnGrp/LoanToOrganizationInd",10443,6455,"2013v3.0, 2013v3.1, 2013v4.0"
"/Return/ReturnData/IRS990ScheduleD/CYMinus4YrEndwmtFundGrp/OtherExpendituresAmt",10436,10436,"2013v3.0, 2013v3.1, 2013v4.0"
"/Return/ReturnData/IRS990ScheduleA/GrossReceiptsNonUnrltBusGrp/CurrentTaxYearMinus1YearAmt",10419,10419,"2013v3.0, 2013v3.1, 2013v4.0"
"/Return/ReturnData/IRS990ScheduleG/SpecialFundraisingEventsInd",10387,10387,"2013v3.0, 2013v3.1, 2013v4.0"
"/Return/ReturnData/IRS990ScheduleA/CertificationInd",10313,10313,"2013v3.0, 2013v3.1, 2013v4.0"
"/Return/ReturnData/IRS990ScheduleL/BusTrInvolveInterestedPrsnGrp/NameOfInterested/BusinessName",10275,5711,"2013v3.0, 2013v3.1, 2013v4.0"
"/Return/ReturnData/IRS990ScheduleL/BusTrInvolveInterestedPrsnGrp/NameOfInterested/BusinessName/BusinessNameLine1",10275,5711,"2013v3.0, 2013v3.1, 2013v4.0"
"/Return/ReturnData/IRS990ScheduleR/IdRelatedOrgTxblPartnershipGrp/UBICodeVAmt",10252,812,"2013v3.0, 2013v3.1, 2013v4.0"
"/Return/ReturnData/IRS990ScheduleK/ProceduresCorrectiveActionGrp",10231,4854,"2013v3.0, 2013v3.1, 2013v4.0"
"/Return/ReturnData/IRS990ScheduleK/ProceduresCorrectiveActionGrp/BondReferenceCd",10231,4854,"2013v3.0, 2013v3.1, 2013v4.0"
"/Return/ReturnData/IRS990/InterestGrp/FundraisingAmt",10184,10184,"2013v3.0, 2013v3.1, 2013v4.0"
"/Return/ReturnData/IRS990/TotalOtherProgSrvcGrantAmt",10169,10169,"2013v3.0, 2013v3.1, 2013v4.0"
"/Return/ReturnData/IRS990ScheduleK/ProceduresCorrectiveActionGrp/ProceduresCorrectiveActionInd",10159,4805,"2013v3.0, 2013v3.1, 2013v4.0"
"/Return/ReturnData/IRS990EZ/BenefitsPaidToOrForMembersAmt",10100,10100,"2013v3.0, 2013v3.1, 2013v4.0"
"/Return/ReturnData/IRS990ScheduleD/InvstProgramRelatedOrgGrp",10043,3905,"2013v3.0, 2013v3.1, 2013v4.0"
"/Return/ReturnData/IRS990ScheduleD/InvstProgramRelatedOrgGrp/Desc",10027,3891,"2013v3.0, 2013v3.1, 2013v4.0"
"/Return/ReturnData/IRS990ScheduleD/InvstProgramRelatedOrgGrp/BookValueAmt",9930,3897,"2013v3.0, 2013v3.1, 2013v4.0"
"/Return/ReturnData/IRS990ScheduleG/FundraisingEventInformationGrp/FoodAndBeverageEvent2Amt",9769,9769,"2013v3.0, 2013v3.1, 2013v4.0"
"/Return/ReturnData/IRS990ScheduleA/First5Years170Ind",9739,9739,"2013v3.0, 2013v3.1, 2013v4.0"
"/Return/ReturnData/IRS990ScheduleD/InvstProgramRelatedOrgGrp/MethodValuationCd",9718,3772,"2013v3.0, 2013v3.1, 2013v4.0"
"/Return/ReturnData/IRS990ScheduleK/TaxExemptBondsArbitrageGrp/ExceptionToRebateInd",9646,4894,"2013v3.0, 2013v3.1, 2013v4.0"
"/Return/ReturnData/IRS990ScheduleK/TaxExemptBondsArbitrageGrp/RebateNotDueYetInd",9634,4931,"2013v3.0, 2013v3.1, 2013v4.0"
"/Return/ReturnData/IRS990ScheduleA/GrossReceiptsNonUnrltBusGrp/CurrentTaxYearMinus2YearsAmt",9607,9607,"2013v3.0, 2013v3.1, 2013v4.0"
"/Return/ReturnData/IRS990EZ/SaleOfAssetsGrossAmt",9551,9551,"2013v3.0, 2013v3.1, 2013v4.0"
"/Return/ReturnData/IRS990ScheduleK/TaxExemptBondsArbitrageGrp/NoRebateDueInd",9539,4881,"2013v3.0, 2013v3.1, 2013v4.0"
"/Return/ReturnHeader/Filer/InCareOfNm",9522,9522,"2013v3.0, 2013v3.1, 2013v4.0"
"/Return/ReturnData/IRS990ScheduleG/FundraisingEventInformationGrp/NonCashPrizesEvent1Amt",9520,9520,"2013v3.0, 2013v3.1, 2013v4.0"
"/Return/ReturnData/IRS990ScheduleF",9439,9439,"2013v3.0, 2013v3.1, 2013v4.0"
"/Return/ReturnData/IRS990ScheduleK/TaxExemptBondsProceedsGrp/IssuanceCostsFromProceedsAmt",9335,4667,"2013v3.0, 2013v3.1, 2013v4.0"
"/Return/ReturnData/IRS990/InvestmentIncomeGrp/UnrelatedBusinessRevenueAmt",9232,9232,"2013v3.0, 2013v3.1, 2013v4.0"
"/Return/ReturnData/IRS990ScheduleF/ForeignCorpOwnershipInd",9223,9223,"2013v3.0, 2013v3.1, 2013v4.0"
"/Return/ReturnData/IRS990ScheduleF/TransferToForeignCorpInd",9223,9223,"2013v3.0, 2013v3.1, 2013v4.0"
"/Return/ReturnData/IRS990ScheduleF/ForeignPartnershipInd",9222,9222,"2013v3.0, 2013v3.1, 2013v4.0"
"/Return/ReturnData/IRS990ScheduleF/InterestInForeignTrustInd",9222,9222,"2013v3.0, 2013v3.1, 2013v4.0"
"/Return/ReturnData/IRS990ScheduleF/PassiveForeignInvestmestCoInd",9221,9221,"2013v3.0, 2013v3.1, 2013v4.0"
"/Return/ReturnData/IRS990ScheduleF/BoycottCountriesInd",9219,9219,"2013v3.0, 2013v3.1, 2013v4.0"
"/Return/ReturnData/IRS990ScheduleJ/SubstantiationRequiredInd",9211,9211,"2013v3.0, 2013v3.1, 2013v4.0"
"/Return/ReturnData/IRS990ScheduleF/GrantsToOrgOutsideUSGrp/ValuationMethodUsedDesc",9144,1185,"2013v3.0, 2013v3.1, 2013v4.0"
"/Return/ReturnData/IRS990/FeesForServicesLegalGrp/FundraisingAmt",9082,9082,"2013v3.0, 2013v3.1, 2013v4.0"
"/Return/ReturnData/IRS990ScheduleL/TotalBalanceDueAmt",9003,9003,"2013v3.0, 2013v3.1, 2013v4.0"
"/Return/ReturnData/IRS990ScheduleA/AmountsRcvdDsqlfyPersonGrp/CurrentTaxYearMinus1YearAmt",8997,8997,"2013v3.0, 2013v3.1, 2013v4.0"
"/Return/ReturnData/IRS990ScheduleA/AmountsRcvdDsqlfyPersonGrp/CurrentTaxYearAmt",8993,8993,"2013v3.0, 2013v3.1, 2013v4.0"
"/Return/ReturnData/IRS990ScheduleD/ArtPublicExhibitionAmountsGrp",8956,8956,"2013v3.0, 2013v3.1, 2013v4.0"
"/Return/ReturnData/IRS990ScheduleK/TaxExemptBondsProceedsGrp/SubstantialCompletionYr",8926,4505,"2013v3.0, 2013v3.1, 2013v4.0"
"/Return/ReturnData/IRS990ScheduleA/GrossReceiptsNonUnrltBusGrp/CurrentTaxYearMinus3YearsAmt",8908,8908,"2013v3.0, 2013v3.1, 2013v4.0"
"/Return/ReturnData/IRS990/GamingGrossIncomeAmt",8885,8885,"2013v3.0, 2013v3.1, 2013v4.0"
"/Return/ReturnData/IRS990/ProgSrvcAccomActy3Grp/GrantAmt",8877,8877,"2013v3.0, 2013v3.1, 2013v4.0"
"/Return/ReturnData/IRS990ScheduleA/AmountsRcvdDsqlfyPersonGrp/CurrentTaxYearMinus2YearsAmt",8850,8850,"2013v3.0, 2013v3.1, 2013v4.0"
"/Return/ReturnData/IRS990/TypeOfOrganizationAssocInd",8849,8849,"2013v3.0, 2013v3.1, 2013v4.0"
"/Return/ReturnData/IRS990ScheduleL/LoansBtwnOrgInterestedPrsnGrp/LoanFromOrganizationInd",8797,3391,"2013v3.0, 2013v3.1, 2013v4.0"
"/Return/ReturnData/IRS990/FeesForServicesProfFundraising/FundraisingAmt",8791,8791,"2013v3.0, 2013v3.1, 2013v4.0"
"/Return/ReturnData/IRS990EZ/TypeOfOrganizationAssocInd",8779,8779,"2013v3.0, 2013v3.1, 2013v4.0"
"/Return/ReturnData/IRS990ScheduleI/GrantsOtherAsstToIndivInUSGrp/NonCashAssistanceDesc",8707,4912,"2013v3.0, 2013v3.1, 2013v4.0"
"/Return/ReturnData/IRS990ScheduleA/AmountsRcvdDsqlfyPersonGrp/CurrentTaxYearMinus3YearsAmt",8665,8665,"2013v3.0, 2013v3.1, 2013v4.0"
"/Return/ReturnData/IRS990ScheduleD/OtherLandBuildingsGrp/InvestmentCostOrOtherBasisAmt",8532,8532,"2013v3.0, 2013v3.1, 2013v4.0"
"/Return/ReturnData/IRS990ScheduleD/FederalIncomeTaxLiabilityAmt",8495,8495,"2013v3.0, 2013v3.1, 2013v4.0"
"/Return/ReturnData/IRS990/ProgSrvcAccomActyOtherGrp/GrantAmt",8479,5749,"2013v3.0, 2013v3.1, 2013v4.0"
"/Return/ReturnData/IRS990ScheduleA/AmountsRcvdDsqlfyPersonGrp/CurrentTaxYearMinus4YearsAmt",8441,8441,"2013v3.0, 2013v3.1, 2013v4.0"
"/Return/ReturnData/IRS990/GamingDirectExpensesAmt",8376,8376,"2013v3.0, 2013v3.1, 2013v4.0"
"/Return/ReturnData/IRS990/ForeignGrantsGrp/ProgramServicesAmt",8309,8309,"2013v3.0, 2013v3.1, 2013v4.0"
"/Return/ReturnData/IRS990ScheduleK/TaxExemptBondsProceedsGrp/CapitalExpendituresAmt",8302,4241,"2013v3.0, 2013v3.1, 2013v4.0"
"/Return/ReturnData/IRS990ScheduleG/FundraisingEventInformationGrp/RentFacilityCostsEvent2Amt",8246,8246,"2013v3.0, 2013v3.1, 2013v4.0"
"/Return/ReturnData/IRS990ScheduleK/TaxExemptBondsIssuesGrp/CUSIPNum",8172,3846,"2013v3.0, 2013v3.1, 2013v4.0"
"/Return/ReturnData/IRS990ScheduleD/CYEndwmtFundGrp/AdministrativeExpensesAmt",8130,8130,"2013v3.0, 2013v3.1, 2013v4.0"
"/Return/ReturnData/IRS990ScheduleR/IdRelatedOrgTxblCorpTrGrp/LegalDomicileForeignCountryCd",8048,2248,"2013v3.0, 2013v3.1, 2013v4.0"
"/Return/ReturnData/IRS990/MiscellaneousRevenueGrp/RelatedOrExemptFuncIncomeAmt",8035,8035,"2013v3.0, 2013v3.1, 2013v4.0"
"/Return/ReturnData/IRS990ScheduleF/TotalSpentAmt",8030,8030,"2013v3.0, 2013v3.1, 2013v4.0"
"/Return/ReturnData/IRS990ScheduleG/GamingWithNonmembersInd",7997,7997,"2013v3.0, 2013v3.1, 2013v4.0"
"/Return/ReturnData/IRS990ScheduleG/GamingInformationGrp",7965,7965,"2013v3.0, 2013v3.1, 2013v4.0"
"/Return/ReturnData/IRS990ScheduleG/MemberOfOtherEntityInd",7948,7948,"2013v3.0, 2013v3.1, 2013v4.0"
"/Return/ReturnData/IRS990ScheduleD/CYMinus1YrEndwmtFundGrp/AdministrativeExpensesAmt",7920,7920,"2013v3.0, 2013v3.1, 2013v4.0"
"/Return/ReturnData/IRS990/AddressChangeInd",7891,7891,"2013v3.0, 2013v3.1, 2013v4.0"
"/Return/ReturnData/IRS990ScheduleG/StatesWhereGamingConductedCd",7865,7224,"2013v3.0, 2013v3.1, 2013v4.0"
"/Return/ReturnData/IRS990ScheduleC/SupplementalInformationDetail",7861,7475,"2013v3.0, 2013v3.1, 2013v4.0"
"/Return/ReturnData/IRS990ScheduleC/SupplementalInformationDetail/FormAndLineReferenceDesc",7847,7475,"2013v3.0, 2013v3.1, 2013v4.0"
"/Return/ReturnData/IRS990ScheduleD/HeldWorksArtGrp",7839,7839,"2013v3.0, 2013v3.1, 2013v4.0"
"/Return/ReturnData/IRS990ScheduleC/SupplementalInformationDetail/ExplanationTxt",7837,7467,"2013v3.0, 2013v3.1, 2013v4.0"
"/Return/ReturnData/IRS990ScheduleA/GrossReceiptsNonUnrltBusGrp/CurrentTaxYearMinus4YearsAmt",7834,7834,"2013v3.0, 2013v3.1, 2013v4.0"
"/Return/ReturnData/IRS990ScheduleJ/WrittenPolicyRefTAndEExpnssInd",7796,7796,"2013v3.0, 2013v3.1, 2013v4.0"
"/Return/ReturnData/IRS990ScheduleG/LicensedInd",7763,7763,"2013v3.0, 2013v3.1, 2013v4.0"
"/Return/ReturnData/IRS990ScheduleD/CYMinus2YrEndwmtFundGrp/AdministrativeExpensesAmt",7695,7695,"2013v3.0, 2013v3.1, 2013v4.0"
"/Return/ReturnData/IRS990ScheduleA/SupportingOrgType1Ind",7689,7689,"2013v3.0, 2013v3.1, 2013v4.0"
"/Return/ReturnData/IRS990ScheduleI/GrantsOtherAsstToIndivInUSGrp/NonCashAssistanceAmt",7689,4373,"2013v3.0, 2013v3.1, 2013v4.0"
"/Return/ReturnData/IRS990ScheduleJ/Form990OfOtherOrganizationsInd",7646,7646,"2013v3.0, 2013v3.1, 2013v4.0"
"/Return/ReturnData/IRS990ScheduleG/CntrctWith3rdPrtyForGameRevInd",7589,7589,"2013v3.0, 2013v3.1, 2013v4.0"
"/Return/ReturnData/IRS990ScheduleG/GamingInformationGrp/GrossRevenueTotalGamingAmt",7567,7567,"2013v3.0, 2013v3.1, 2013v4.0"
"/Return/ReturnData/IRS990ScheduleF/SubtotalSpentAmt",7546,7546,"2013v3.0, 2013v3.1, 2013v4.0"
"/Return/ReturnData/IRS990ScheduleG/GamingInformationGrp/NetGamingIncomeSummaryAmt",7544,7544,"2013v3.0, 2013v3.1, 2013v4.0"
"/Return/ReturnData/IRS990ScheduleD/InvestmentExpensesNotIncldAmt",7527,7527,"2013v3.0, 2013v3.1, 2013v4.0"
"/Return/ReturnData/IRS990ScheduleD/InvestmentExpensesNotIncld2Amt",7500,7500,"2013v3.0, 2013v3.1, 2013v4.0"
"/Return/ReturnData/IRS990ScheduleG/LicenseSuspendedEtcInd",7490,7490,"2013v3.0, 2013v3.1, 2013v4.0"
"/Return/ReturnData/IRS990ScheduleG/FundraiserActivityInfoGrp",7484,4637,"2013v3.0, 2013v3.1, 2013v4.0"
"/Return/ReturnData/IRS990ScheduleD/CYMinus4YrEndwmtFundGrp/AdministrativeExpensesAmt",7482,7482,"2013v3.0, 2013v3.1, 2013v4.0"
"/Return/ReturnData/IRS990ScheduleR/IdRelatedOrgTxblCorpTrGrp/ForeignAddress",7461,2008,"2013v3.0, 2013v3.1, 2013v4.0"
"/Return/ReturnData/IRS990ScheduleR/IdRelatedOrgTxblCorpTrGrp/ForeignAddress/AddressLine1",7461,2008,"2013v3.0, 2013v3.1, 2013v4.0"
"/Return/ReturnData/IRS990ScheduleR/IdRelatedOrgTxblCorpTrGrp/ForeignAddress/Country",7461,2008,"2013v3.0, 2013v3.1, 2013v4.0"
"/Return/ReturnData/IRS990ScheduleF/GrantsToOrgOutsideUSGrp/DescriptionOfNonCashAsstTxt",7455,719,"2013v3.0, 2013v3.1, 2013v4.0"
"/Return/ReturnData/IRS990ScheduleD/CYMinus3YrEndwmtFundGrp/AdministrativeExpensesAmt",7444,7444,"2013v3.0, 2013v3.1, 2013v4.0"
"/Return/ReturnData/IRS990/ForeignCountryCd",7409,3098,"2013v3.0, 2013v3.1, 2013v4.0"
"/Return/ReturnData/IRS990ScheduleF/SupplementalInformationDetail",7404,5444,"2013v3.0, 2013v3.1, 2013v4.0"
"/Return/ReturnData/IRS990ScheduleG/FundraiserActivityInfoGrp/FundraiserControlOfFundsInd",7401,4574,"2013v3.0, 2013v3.1, 2013v4.0"
"/Return/ReturnData/IRS990ScheduleG/FundraisingEventInformationGrp/CharitableContriOtherEventsAmt",7398,7398,"2013v3.0, 2013v3.1, 2013v4.0"
"/Return/ReturnData/IRS990ScheduleF/SupplementalInformationDetail/FormAndLineReferenceDesc",7392,5444,"2013v3.0, 2013v3.1, 2013v4.0"
"/Return/ReturnData/IRS990ScheduleF/SupplementalInformationDetail/ExplanationTxt",7381,5440,"2013v3.0, 2013v3.1, 2013v4.0"
"/Return/ReturnData/IRS990/PaymentsToAffiliatesGrp/ProgramServicesAmt",7289,7289,"2013v3.0, 2013v3.1, 2013v4.0"
"/Return/ReturnData/IRS990ScheduleG/CharitableDistributionRqrInd",7268,7268,"2013v3.0, 2013v3.1, 2013v4.0"
"/Return/ReturnData/IRS990ScheduleM/SecuritiesPubliclyTradedGrp",7266,7266,"2013v3.0, 2013v3.1, 2013v4.0"
"/Return/ReturnData/IRS990/BenefitsToMembersGrp/ProgramServicesAmt",7224,7224,"2013v3.0, 2013v3.1, 2013v4.0"
"/Return/ReturnData/IRS990/FeesForSrvcInvstMgmntFeesGrp/ProgramServicesAmt",7206,7206,"2013v3.0, 2013v3.1, 2013v4.0"
"/Return/ReturnData/IRS990ScheduleG/GamingInformationGrp/DirectExpenseSummaryGamingAmt",7190,7190,"2013v3.0, 2013v3.1, 2013v4.0"
"/Return/ReturnData/IRS990ScheduleG/FundraiserActivityInfoGrp/RetainedByContractorAmt",7185,4478,"2013v3.0, 2013v3.1, 2013v4.0"
"/Return/ReturnData/IRS990/NetIncomeOrLossGrp/ExclusionAmt",7183,7183,"2013v3.0, 2013v3.1, 2013v4.0"
"/Return/ReturnData/IRS990/RoyaltiesRevenueGrp/ExclusionAmt",7142,7142,"2013v3.0, 2013v3.1, 2013v4.0"
"/Return/ReturnData/IRS990ScheduleK/TaxExemptBondsProceedsGrp/RetiredAmt",7133,3550,"2013v3.0, 2013v3.1, 2013v4.0"
"/Return/ReturnData/IRS990ScheduleJ/IndependentConsultantInd",7124,7124,"2013v3.0, 2013v3.1, 2013v4.0"
"/Return/ReturnData/IRS990ScheduleG/FundraiserActivityInfoGrp/ActivityTxt",7119,4443,"2013v3.0, 2013v3.1, 2013v4.0"
"/Return/ReturnData/IRS990/InfoInScheduleOPartVIIInd",7062,7062,"2013v3.0, 2013v3.1, 2013v4.0"
"/Return/ReturnData/IRS990ScheduleG/FundraisingEventInformationGrp/CashPrizesTotalEventsAmt",7054,7054,"2013v3.0, 2013v3.1, 2013v4.0"
"/Return/ReturnData/IRS990/GroupExemptionNum",7021,7021,"2013v3.0, 2013v3.1, 2013v4.0"
"/Return/ReturnData/IRS990ScheduleG/PersonsWithBooksUSAddress",6938,6938,"2013v3.0, 2013v3.1, 2013v4.0"
"/Return/ReturnData/IRS990ScheduleG/PersonsWithBooksUSAddress/AddressLine1",6938,6938,"2013v3.0, 2013v3.1, 2013v4.0"
"/Return/ReturnData/IRS990ScheduleG/PersonsWithBooksUSAddress/City",6938,6938,"2013v3.0, 2013v3.1, 2013v4.0"
"/Return/ReturnData/IRS990ScheduleG/PersonsWithBooksUSAddress/State",6938,6938,"2013v3.0, 2013v3.1, 2013v4.0"
"/Return/ReturnData/IRS990ScheduleG/PersonsWithBooksUSAddress/ZIPCode",6938,6938,"2013v3.0, 2013v3.1, 2013v4.0"
"/Return/ReturnData/IRS990/Form990PartVIISectionAGrp/InstitutionalTrusteeInd",6866,2760,"2013v3.0, 2013v3.1, 2013v4.0"
"/Return/ReturnData/IRS990ScheduleC/DirectContactLegislatorsInd",6851,6851,"2013v3.0, 2013v3.1, 2013v4.0"
"/Return/ReturnData/IRS990ScheduleD/LeaseholdImprovementsGrp/InvestmentCostOrOtherBasisAmt",6835,6835,"2013v3.0, 2013v3.1, 2013v4.0"
"/Return/ReturnData/IRS990ScheduleC/PaidStaffOrManagementInd",6826,6826,"2013v3.0, 2013v3.1, 2013v4.0"
"/Return/ReturnData/IRS990ScheduleC/GrantsOtherOrganizationsInd",6817,6817,"2013v3.0, 2013v3.1, 2013v4.0"
"/Return/ReturnData/IRS990ScheduleC/RalliesDemonstrationsInd",6815,6815,"2013v3.0, 2013v3.1, 2013v4.0"
"/Return/ReturnData/IRS990ScheduleC/MailingsMembersInd",6814,6814,"2013v3.0, 2013v3.1, 2013v4.0"
"/Return/ReturnData/IRS990ScheduleC/VolunteersInd",6808,6808,"2013v3.0, 2013v3.1, 2013v4.0"
"/Return/ReturnData/IRS990ScheduleC/PublicationsOrBroadcastInd",6807,6807,"2013v3.0, 2013v3.1, 2013v4.0"
"/Return/ReturnData/IRS990ScheduleC/MediaAdvertisementsInd",6806,6806,"2013v3.0, 2013v3.1, 2013v4.0"
"/Return/ReturnData/IRS990ScheduleC/OtherActivitiesInd",6762,6762,"2013v3.0, 2013v3.1, 2013v4.0"
"/Return/ReturnData/IRS990ScheduleF/ForeignIndividualsGrantsGrp",6727,1637,"2013v3.0, 2013v3.1, 2013v4.0"
"/Return/ReturnData/IRS990ScheduleR/IdRelatedOrgTxblCorpTrGrp/ForeignAddress/City",6725,1682,"2013v3.0, 2013v3.1, 2013v4.0"
"/Return/ReturnData/IRS990EZ/GroupExemptionNum",6669,6669,"2013v3.0, 2013v3.1, 2013v4.0"
"/Return/ReturnData/IRS990ScheduleF/ForeignIndividualsGrantsGrp/TypeOfAssistanceTxt",6656,1603,"2013v3.0, 2013v3.1, 2013v4.0"
"/Return/ReturnData/IRS990ScheduleG/FundraiserActivityInfoGrp/NetToOrganizationAmt",6647,4202,"2013v3.0, 2013v3.1, 2013v4.0"
"/Return/ReturnData/IRS990ScheduleK",6637,5938,"2013v3.0, 2013v3.1, 2013v4.0"
"/Return/ReturnData/IRS990ScheduleF/TotalEmployeeCnt",6636,6636,"2013v3.0, 2013v3.1, 2013v4.0"
"/Return/ReturnData/IRS990ScheduleF/ForeignIndividualsGrantsGrp/RegionTxt",6634,1608,"2013v3.0, 2013v3.1, 2013v4.0"
"/Return/ReturnData/IRS990/CompDisqualPersonsGrp/ProgramServicesAmt",6628,6628,"2013v3.0, 2013v3.1, 2013v4.0"
"/Return/ReturnData/IRS990ScheduleC/NotDescribedSection501c3Ind",6587,6587,"2013v3.0, 2013v3.1, 2013v4.0"
"/Return/ReturnData/IRS990/FeesForServicesManagementGrp/FundraisingAmt",6582,6582,"2013v3.0, 2013v3.1, 2013v4.0"
"/Return/ReturnData/IRS990ScheduleM/SupplementalInformationDetail",6567,5195,"2013v3.0, 2013v3.1, 2013v4.0"
"/Return/ReturnData/IRS990ScheduleM/SupplementalInformationDetail/FormAndLineReferenceDesc",6563,5195,"2013v3.0, 2013v3.1, 2013v4.0"
"/Return/ReturnData/IRS990ScheduleM/SecuritiesPubliclyTradedGrp/NoncashContributionsRptF990Amt",6532,6532,"2013v3.0, 2013v3.1, 2013v4.0"
"/Return/ReturnData/IRS990ScheduleM/SecuritiesPubliclyTradedGrp/NonCashCheckboxInd",6520,6520,"2013v3.0, 2013v3.1, 2013v4.0"
"/Return/ReturnData/IRS990ScheduleM/SecuritiesPubliclyTradedGrp/ContributionCnt",6496,6496,"2013v3.0, 2013v3.1, 2013v4.0"
"/Return/ReturnData/IRS990ScheduleM/SupplementalInformationDetail/ExplanationTxt",6456,5181,"2013v3.0, 2013v3.1, 2013v4.0"
"/Return/ReturnData/IRS990ScheduleA/SubstantialContributorsAmtGrp/CurrentTaxYearMinus1YearAmt",6439,6439,"2013v3.0, 2013v3.1, 2013v4.0"
"/Return/ReturnData/IRS990ScheduleG/FundraiserActivityInfoGrp/GrossReceiptsAmt",6405,4109,"2013v3.0, 2013v3.1, 2013v4.0"
"/Return/ReturnData/IRS990/TypeOfOrganizationTrustInd",6391,6391,"2013v3.0, 2013v3.1, 2013v4.0"
"/Return/ReturnData/IRS990ScheduleG/MailSolicitationsInd",6386,6386,"2013v3.0, 2013v3.1, 2013v4.0"
"/Return/ReturnData/IRS990ScheduleA/SubstantialContributorsAmtGrp/CurrentTaxYearMinus4YearsAmt",6348,6348,"2013v3.0, 2013v3.1, 2013v4.0"
"/Return/ReturnData/IRS990ScheduleA/SubstantialContributorsAmtGrp/CurrentTaxYearMinus2YearsAmt",6347,6347,"2013v3.0, 2013v3.1, 2013v4.0"
"/Return/ReturnData/IRS990ScheduleF/TotalOfficeCnt",6342,6342,"2013v3.0, 2013v3.1, 2013v4.0"
"/Return/ReturnData/IRS990/DonatedServicesAndUseFcltsAmt",6341,6341,"2013v3.0, 2013v3.1, 2013v4.0"
"/Return/ReturnData/IRS990ScheduleA/SubstantialContributorsAmtGrp/CurrentTaxYearAmt",6332,6332,"2013v3.0, 2013v3.1, 2013v4.0"
"/Return/ReturnData/IRS990/NondeductibleContriDisclInd",6321,6321,"2013v3.0, 2013v3.1, 2013v4.0"
"/Return/ReturnData/IRS990ScheduleG/FundraiserActivityInfoGrp/USAddress",6320,4040,"2013v3.0, 2013v3.1, 2013v4.0"
"/Return/ReturnData/IRS990ScheduleG/FundraiserActivityInfoGrp/USAddress/AddressLine1",6320,4040,"2013v3.0, 2013v3.1, 2013v4.0"
"/Return/ReturnData/IRS990ScheduleG/FundraiserActivityInfoGrp/USAddress/City",6320,4040,"2013v3.0, 2013v3.1, 2013v4.0"
"/Return/ReturnData/IRS990ScheduleG/FundraiserActivityInfoGrp/USAddress/State",6320,4040,"2013v3.0, 2013v3.1, 2013v4.0"
"/Return/ReturnData/IRS990ScheduleG/FundraiserActivityInfoGrp/USAddress/ZIPCode",6320,4040,"2013v3.0, 2013v3.1, 2013v4.0"
"/Return/ReturnData/IRS990ScheduleF/ForeignIndividualsGrantsGrp/RecipientCnt",6313,1502,"2013v3.0, 2013v3.1, 2013v4.0"
"/Return/ReturnData/IRS990ScheduleA/SubstantialContributorsAmtGrp/CurrentTaxYearMinus3YearsAmt",6290,6290,"2013v3.0, 2013v3.1, 2013v4.0"
"/Return/ReturnData/IRS990ScheduleG/GamingInformationGrp/OthDirectExpnssTotalGamingAmt",6270,6270,"2013v3.0, 2013v3.1, 2013v4.0"
"/Return/ReturnData/IRS990ScheduleF/GrantsToOrgOutsideUSGrp/NonCashAssistanceAmt",6230,608,"2013v3.0, 2013v3.1, 2013v4.0"
"/Return/ReturnData/IRS990ScheduleD/AgentTrusteeEtcInd",6210,6210,"2013v3.0, 2013v3.1, 2013v4.0"
"/Return/ReturnData/IRS990ScheduleF/SubtotalEmployeesCnt",6176,6176,"2013v3.0, 2013v3.1, 2013v4.0"
"/Return/ReturnData/IRS990ScheduleG/FundraisingEventInformationGrp/FoodAndBeverageOtherEventsAmt",6176,6176,"2013v3.0, 2013v3.1, 2013v4.0"
"/Return/ReturnData/IRS990ScheduleM/SecuritiesPubliclyTradedGrp/MethodOfDeterminingRevenuesTxt",6143,6143,"2013v3.0, 2013v3.1, 2013v4.0"
"/Return/ReturnData/IRS990ScheduleD/CYEndwmtFundGrp/GrantsOrScholarshipsAmt",5977,5977,"2013v3.0, 2013v3.1, 2013v4.0"
"/Return/ReturnData/IRS990ScheduleF/SubtotalOfficesCnt",5880,5880,"2013v3.0, 2013v3.1, 2013v4.0"
"/Return/ReturnData/IRS990/CompDisqualPersonsGrp/ManagementAndGeneralAmt",5869,5869,"2013v3.0, 2013v3.1, 2013v4.0"
"/Return/ReturnData/IRS990EZ/InfoInScheduleOPartIVInd",5859,5859,"2013v3.0, 2013v3.1, 2013v4.0"
"/Return/ReturnData/IRS990ScheduleK/TaxExemptBondsPrivateBusUseGrp/PrivateBusUseByOthersPct",5836,2652,"2013v3.0, 2013v3.1, 2013v4.0"
"/Return/ReturnData/IRS990ScheduleD/CYMinus1YrEndwmtFundGrp/GrantsOrScholarshipsAmt",5834,5834,"2013v3.0, 2013v3.1, 2013v4.0"
"/Return/ReturnData/IRS990ScheduleF/ForeignIndividualsGrantsGrp/CashGrantAmt",5833,1406,"2013v3.0, 2013v3.1, 2013v4.0"
"/Return/ReturnData/IRS990ScheduleK/TaxExemptBondsProceedsGrp/InReserveFundAmt",5831,2785,"2013v3.0, 2013v3.1, 2013v4.0"
"/Return/ReturnData/IRS990ScheduleG/IndividualWithBooksNm",5822,5822,"2013v3.0, 2013v3.1, 2013v4.0"
"/Return/ReturnData/IRS990ScheduleG/InPersonSolicitationsInd",5812,5812,"2013v3.0, 2013v3.1, 2013v4.0"
"/Return/ReturnData/IRS990ScheduleK/TaxExemptBondsProceedsGrp/OtherSpentProceedsAmt",5767,2871,"2013v3.0, 2013v3.1, 2013v4.0"
"/Return/ReturnData/IRS990/NetRentalIncomeOrLossGrp/UnrelatedBusinessRevenueAmt",5689,5689,"2013v3.0, 2013v3.1, 2013v4.0"
"/Return/ReturnData/IRS990ScheduleD/CYMinus2YrEndwmtFundGrp/GrantsOrScholarshipsAmt",5679,5679,"2013v3.0, 2013v3.1, 2013v4.0"
"/Return/ReturnData/IRS990ScheduleG/GamingInformationGrp/VolunteerLaborOtherGamingInd",5678,5678,"2013v3.0, 2013v3.1, 2013v4.0"
"/Return/ReturnData/IRS990/Form990PartVIISectionAGrp/BusinessName",5638,1753,"2013v3.0, 2013v3.1, 2013v4.0"
"/Return/ReturnData/IRS990/Form990PartVIISectionAGrp/BusinessName/BusinessNameLine1",5638,1753,"2013v3.0, 2013v3.1, 2013v4.0"
"/Return/ReturnData/IRS990ScheduleK/SupplementalInformationDetail",5610,2595,"2013v3.0, 2013v3.1, 2013v4.0"
"/Return/ReturnData/IRS990ScheduleK/SupplementalInformationDetail/FormAndLineReferenceDesc",5609,2595,"2013v3.0, 2013v3.1, 2013v4.0"
"/Return/ReturnData/IRS990ScheduleG/FundraisingEventInformationGrp/CashPrizesEvent1Amt",5583,5583,"2013v3.0, 2013v3.1, 2013v4.0"
"/Return/ReturnData/IRS990/FSAuditedBasisGrp/ConsolAndSepBasisFinclStmtInd",5529,5529,"2013v3.0, 2013v3.1, 2013v4.0"
"/Return/ReturnData/IRS990ScheduleK/SupplementalInformationDetail/ExplanationTxt",5524,2577,"2013v3.0, 2013v3.1, 2013v4.0"
"/Return/ReturnData/IRS990ScheduleC/TotalLobbyingExpendituresAmt",5500,5500,"2013v3.0, 2013v3.1, 2013v4.0"
"/Return/ReturnData/IRS990ScheduleD/CYMinus3YrEndwmtFundGrp/GrantsOrScholarshipsAmt",5479,5479,"2013v3.0, 2013v3.1, 2013v4.0"
"/Return/ReturnData/IRS990ScheduleF/ForeignIndividualsGrantsGrp/MannerOfCashDisbursementTxt",5469,1296,"2013v3.0, 2013v3.1, 2013v4.0"
"/Return/ReturnData/IRS990/WrittenPolicyOrProcedureInd",5428,5428,"2013v3.0, 2013v3.1, 2013v4.0"
"/Return/ReturnData/IRS990ScheduleD/CYMinus4YrEndwmtFundGrp/GrantsOrScholarshipsAmt",5411,5411,"2013v3.0, 2013v3.1, 2013v4.0"
"/Return/ReturnData/IRS990ScheduleF/GrantRecordsMaintainedInd",5347,5347,"2013v3.0, 2013v3.1, 2013v4.0"
"/Return/ReturnData/IRS990/PaymentsToAffiliatesGrp/ManagementAndGeneralAmt",5283,5283,"2013v3.0, 2013v3.1, 2013v4.0"
"/Return/ReturnData/IRS990/MiscellaneousRevenueGrp/ExclusionAmt",5204,5204,"2013v3.0, 2013v3.1, 2013v4.0"
"/Return/ReturnData/IRS990ScheduleG/GamingInformationGrp/VolunteerLaborPullTabsInd",5139,5139,"2013v3.0, 2013v3.1, 2013v4.0"
"/Return/ReturnData/IRS990ScheduleC/Section527PoliticalOrgGrp",5128,1313,"2013v3.0, 2013v3.1, 2013v4.0"
"/Return/ReturnData/IRS990ScheduleC/Section527PoliticalOrgGrp/OrganizationBusinessName",5128,1313,"2013v3.0, 2013v3.1, 2013v4.0"
"/Return/ReturnData/IRS990ScheduleC/Section527PoliticalOrgGrp/OrganizationBusinessName/BusinessNameLine1",5128,1313,"2013v3.0, 2013v3.1, 2013v4.0"
"/Return/ReturnData/IRS990ScheduleC/Section527PoliticalOrgGrp/USAddress",5127,1312,"2013v3.0, 2013v3.1, 2013v4.0"
"/Return/ReturnData/IRS990ScheduleC/Section527PoliticalOrgGrp/USAddress/AddressLine1",5127,1312,"2013v3.0, 2013v3.1, 2013v4.0"
"/Return/ReturnData/IRS990ScheduleC/Section527PoliticalOrgGrp/USAddress/City",5127,1312,"2013v3.0, 2013v3.1, 2013v4.0"
"/Return/ReturnData/IRS990ScheduleC/Section527PoliticalOrgGrp/USAddress/State",5127,1312,"2013v3.0, 2013v3.1, 2013v4.0"
"/Return/ReturnData/IRS990ScheduleC/Section527PoliticalOrgGrp/USAddress/ZIPCode",5127,1312,"2013v3.0, 2013v3.1, 2013v4.0"
"/Return/ReturnData/IRS990ScheduleM/ClothingAndHouseholdGoodsGrp",5016,5016,"2013v3.0, 2013v3.1, 2013v4.0"
"/Return/ReturnData/IRS990/FeesForServicesLobbyingGrp/ProgramServicesAmt",5008,5008,"2013v3.0, 2013v3.1, 2013v4.0"
"/Return/ReturnData/IRS990ScheduleA/UnrelatedBusinessNetIncm170Grp/CurrentTaxYearAmt",4988,4988,"2013v3.0, 2013v3.1, 2013v4.0"
"/Return/ReturnData/IRS990ScheduleG/GamingInformationGrp/CashPrizesTotalGamingAmt",4986,4986,"2013v3.0, 2013v3.1, 2013v4.0"
"/Return/ReturnData/IRS990ScheduleC/GrassrootsNontaxableGrp",4985,4985,"2013v3.0, 2013v3.1, 2013v4.0"
"/Return/ReturnData/IRS990ScheduleC/LobbyingNontaxableAmountGrp",4985,4985,"2013v3.0, 2013v3.1, 2013v4.0"
"/Return/ReturnData/IRS990ScheduleC/TotalExemptPurposeExpendGrp",4985,4985,"2013v3.0, 2013v3.1, 2013v4.0"
"/Return/ReturnData/IRS990ScheduleG/GamingInformationGrp/VolunteerLaborBingoInd",4954,4954,"2013v3.0, 2013v3.1, 2013v4.0"
"/Return/ReturnData/IRS990ScheduleG/EmailSolicitationsInd",4946,4946,"2013v3.0, 2013v3.1, 2013v4.0"
"/Return/ReturnData/IRS990ScheduleD/RelatedOrgListSchRInd",4882,4882,"2013v3.0, 2013v3.1, 2013v4.0"
"/Return/ReturnData/IRS990ScheduleA/UnrelatedBusinessNetIncm170Grp/CurrentTaxYearMinus1YearAmt",4880,4880,"2013v3.0, 2013v3.1, 2013v4.0"
"/Return/ReturnData/IRS990/TotalOthProgramServiceRevGrp/UnrelatedBusinessRevenueAmt",4864,4864,"2013v3.0, 2013v3.1, 2013v4.0"
"/Return/ReturnData/IRS990/NetIncomeFromGamingGrp/ExclusionAmt",4863,4863,"2013v3.0, 2013v3.1, 2013v4.0"
"/Return/ReturnData/IRS990/TypeOfOrganizationOtherInd",4841,4841,"2013v3.0, 2013v3.1, 2013v4.0"
"/Return/ReturnData/IRS990ScheduleK/TaxExemptBondsPrivateBusUseGrp/TotalPrivateBusinessUsePct",4833,2308,"2013v3.0, 2013v3.1, 2013v4.0"
"/Return/ReturnData/IRS990ScheduleC/OtherExemptPurposeExpendGrp",4827,4827,"2013v3.0, 2013v3.1, 2013v4.0"
"/Return/ReturnData/IRS990ScheduleG/FundraiserActivityInfoGrp/OrganizationBusinessName",4806,3147,"2013v3.0, 2013v3.1, 2013v4.0"
"/Return/ReturnData/IRS990ScheduleG/FundraiserActivityInfoGrp/OrganizationBusinessName/BusinessNameLine1",4806,3147,"2013v3.0, 2013v3.1, 2013v4.0"
"/Return/ReturnData/IRS990/InvestmentExpenseAmt",4802,4802,"2013v3.0, 2013v3.1, 2013v4.0"
"/Return/ReturnData/IRS990ScheduleL/SupplementalInformationDetail",4793,3832,"2013v3.0, 2013v3.1, 2013v4.0"
"/Return/ReturnData/IRS990ScheduleL/SupplementalInformationDetail/FormAndLineReferenceDesc",4791,3832,"2013v3.0, 2013v3.1, 2013v4.0"
"/Return/ReturnData/IRS990EZ/AddressChangeInd",4781,4781,"2013v3.0, 2013v3.1, 2013v4.0"
"/Return/ReturnData/IRS990ScheduleL/SupplementalInformationDetail/ExplanationTxt",4776,3817,"2013v3.0, 2013v3.1, 2013v4.0"
"/Return/ReturnData/IRS990/FeesForServicesLobbyingGrp/ManagementAndGeneralAmt",4770,4770,"2013v3.0, 2013v3.1, 2013v4.0"
"/Return/ReturnData/IRS990ScheduleD/SolicitedAssetsSaleInd",4743,4743,"2013v3.0, 2013v3.1, 2013v4.0"
"/Return/ReturnData/IRS990ScheduleC/TotalLobbyingExpendGrp",4724,4724,"2013v3.0, 2013v3.1, 2013v4.0"
"/Return/ReturnData/IRS990ScheduleG/FundraisingEventInformationGrp/EntertainmentEvent2Amt",4693,4693,"2013v3.0, 2013v3.1, 2013v4.0"
"/Return/ReturnData/IRS990/TotalOthProgramServiceRevGrp/ExclusionAmt",4687,4687,"2013v3.0, 2013v3.1, 2013v4.0"
"/Return/ReturnData/IRS990ScheduleM/FoodInventoryGrp",4677,4677,"2013v3.0, 2013v3.1, 2013v4.0"
"/Return/ReturnData/IRS990ScheduleA/UnrelatedBusinessNetIncm170Grp/CurrentTaxYearMinus2YearsAmt",4632,4632,"2013v3.0, 2013v3.1, 2013v4.0"
"/Return/ReturnData/IRS990ScheduleR/SupplementalInformationDetail",4587,3475,"2013v3.0, 2013v3.1, 2013v4.0"
"/Return/ReturnData/IRS990ScheduleR/SupplementalInformationDetail/ExplanationTxt",4568,3467,"2013v3.0, 2013v3.1, 2013v4.0"
"/Return/ReturnData/IRS990ScheduleF/ContinuationSpentAmt",4553,4553,"2013v3.0, 2013v3.1, 2013v4.0"
"/Return/ReturnData/IRS990ScheduleA/UnrelatedBusinessNetIncm170Grp/CurrentTaxYearMinus3YearsAmt",4546,4546,"2013v3.0, 2013v3.1, 2013v4.0"
"/Return/ReturnData/IRS990/NetIncomeOrLossGrp/UnrelatedBusinessRevenueAmt",4540,4540,"2013v3.0, 2013v3.1, 2013v4.0"
"/Return/ReturnData/IRS990ScheduleF/ContinutationTotalEmployeeCnt",4508,4508,"2013v3.0, 2013v3.1, 2013v4.0"
"/Return/ReturnData/IRS990ScheduleF/ContinutationTotalOfficeCnt",4498,4498,"2013v3.0, 2013v3.1, 2013v4.0"
"/Return/ReturnData/IRS990ScheduleG/TotalRetainedByContractorsAmt",4481,4481,"2013v3.0, 2013v3.1, 2013v4.0"
"/Return/ReturnData/IRS990/BooksInCareOfDetail/USAddress/AddressLine2",4464,4464,"2013v3.0, 2013v3.1, 2013v4.0"
"/Return/ReturnData/IRS990ScheduleC/TotalDirectLobbyingGrp",4409,4409,"2013v3.0, 2013v3.1, 2013v4.0"
"/Return/ReturnData/IRS990ScheduleC/DuesAssessmentsAmt",4388,4388,"2013v3.0, 2013v3.1, 2013v4.0"
"/Return/ReturnData/IRS990ScheduleA/NetIncomeFromOtherUBIGrp/CurrentTaxYearAmt",4358,4358,"2013v3.0, 2013v3.1, 2013v4.0"
"/Return/ReturnData/IRS990ScheduleG/FundraisingEventInformationGrp/NonCashPrizesEvent2Amt",4357,4357,"2013v3.0, 2013v3.1, 2013v4.0"
"/Return/ReturnData/IRS990/RoyaltiesRevenueGrp/RelatedOrExemptFuncIncomeAmt",4354,4354,"2013v3.0, 2013v3.1, 2013v4.0"
"/Return/ReturnData/IRS990ScheduleD/TotalBookValueProgramRltdAmt",4338,4338,"2013v3.0, 2013v3.1, 2013v4.0"
"/Return/ReturnData/IRS990ScheduleA/NetIncomeFromOtherUBIGrp/CurrentTaxYearMinus1YearAmt",4304,4304,"2013v3.0, 2013v3.1, 2013v4.0"
"/Return/ReturnData/IRS990ScheduleG/FundraisingEventInformationGrp/RentFcltyCostsOtherEventsAmt",4301,4301,"2013v3.0, 2013v3.1, 2013v4.0"
"/Return/ReturnData/IRS990/CompDisqualPersonsGrp/FundraisingAmt",4294,4294,"2013v3.0, 2013v3.1, 2013v4.0"
"/Return/ReturnData/IRS990ScheduleK/TaxExemptBondsProceedsGrp/CapitalizedInterestAmt",4293,1989,"2013v3.0, 2013v3.1, 2013v4.0"
"/Return/ReturnData/IRS990ScheduleR/SupplementalInformationDetail/FormAndLineReferenceDesc",4284,3427,"2013v3.0, 2013v3.1, 2013v4.0"
"/Return/ReturnData/IRS990ScheduleK/TaxExemptBondsProceedsGrp/RefundingEscrowAmt",4264,1993,"2013v3.0, 2013v3.1, 2013v4.0"
"/Return/ReturnData/IRS990ScheduleG/SolicitationOfNonGovtGrantsInd",4250,4250,"2013v3.0, 2013v3.1, 2013v4.0"
"/Return/ReturnData/IRS990ScheduleK/TaxExemptBondsPrivateBusUseGrp/PrivateBusConcerningUBIPct",4241,2010,"2013v3.0, 2013v3.1, 2013v4.0"
"/Return/ReturnData/IRS990/FeesForSrvcInvstMgmntFeesGrp/FundraisingAmt",4202,4202,"2013v3.0, 2013v3.1, 2013v4.0"
"/Return/ReturnData/IRS990ScheduleC/Section527PoliticalOrgGrp/PaidInternalFundsAmt",4182,711,"2013v3.0, 2013v3.1, 2013v4.0"
"/Return/ReturnData/IRS990ScheduleG/PhoneSolicitationsInd",4132,4132,"2013v3.0, 2013v3.1, 2013v4.0"
"/Return/ReturnData/IRS990ScheduleG/GamingInformationGrp/GrossRevenueOtherGamingAmt",4110,4110,"2013v3.0, 2013v3.1, 2013v4.0"
"/Return/ReturnData/IRS990ScheduleA/NetIncomeFromOtherUBIGrp/CurrentTaxYearMinus2YearsAmt",4091,4091,"2013v3.0, 2013v3.1, 2013v4.0"
"/Return/ReturnData/IRS990ScheduleA/UnrelatedBusinessNetIncm170Grp/CurrentTaxYearMinus4YearsAmt",4082,4082,"2013v3.0, 2013v3.1, 2013v4.0"
"/Return/ReturnData/IRS990ScheduleG/TotalNetToOrganizationAmt",4081,4081,"2013v3.0, 2013v3.1, 2013v4.0"
"/Return/ReturnData/IRS990/RoyaltiesGrp/ProgramServicesAmt",4054,4054,"2013v3.0, 2013v3.1, 2013v4.0"
"/Return/ReturnData/IRS990ScheduleA/NetIncomeFromOtherUBIGrp/CurrentTaxYearMinus3YearsAmt",4030,4030,"2013v3.0, 2013v3.1, 2013v4.0"
"/Return/ReturnData/IRS990/MethodOfAccountingOtherInd",3981,3981,"2013v3.0, 2013v3.1, 2013v4.0"
"/Return/ReturnData/IRS990/NetIncomeFromGamingGrp/RelatedOrExemptFuncIncomeAmt",3981,3981,"2013v3.0, 2013v3.1, 2013v4.0"
"/Return/ReturnData/IRS990ScheduleC/TotLbbyExpendMnsLbbyngNonTxGrp",3981,3981,"2013v3.0, 2013v3.1, 2013v4.0"
"/Return/ReturnData/IRS990ScheduleK/TaxExemptBondsProceedsGrp/CreditEnhancementAmt",3980,1818,"2013v3.0, 2013v3.1, 2013v4.0"
"/Return/ReturnData/IRS990ScheduleK/TaxExemptBondsProceedsGrp/UnspentAmt",3940,1831,"2013v3.0, 2013v3.1, 2013v4.0"
"/Return/ReturnData/IRS990ScheduleC/TotLbbyngGrassrootMnsNonTxGrp",3928,3928,"2013v3.0, 2013v3.1, 2013v4.0"
"/Return/ReturnData/IRS990ScheduleD/ExplanationProvidedInd",3914,3914,"2013v3.0, 2013v3.1, 2013v4.0"
"/Return/ReturnData/IRS990ScheduleK/TaxExemptBondsProceedsGrp/WorkingCapitalExpendituresAmt",3855,1710,"2013v3.0, 2013v3.1, 2013v4.0"
"/Return/ReturnData/IRS990ScheduleA/HospitalInd",3841,3841,"2013v3.0, 2013v3.1, 2013v4.0"
"/Return/ReturnData/IRS990/InfoInScheduleOPartVInd",3801,3801,"2013v3.0, 2013v3.1, 2013v4.0"
"/Return/ReturnData/IRS990ScheduleK/TaxExemptBondsArbitrageGrp/HedgeProviderName",3761,1959,"2013v3.0, 2013v3.1, 2013v4.0"
"/Return/ReturnData/IRS990ScheduleK/TaxExemptBondsArbitrageGrp/HedgeProviderName/BusinessNameLine1",3761,1959,"2013v3.0, 2013v3.1, 2013v4.0"
"/Return/ReturnData/IRS990/IncmFromInvestBondProceedsGrp/ExclusionAmt",3751,3751,"2013v3.0, 2013v3.1, 2013v4.0"
"/Return/ReturnData/IRS990ScheduleA/NetIncomeFromOtherUBIGrp/CurrentTaxYearMinus4YearsAmt",3744,3744,"2013v3.0, 2013v3.1, 2013v4.0"
"/Return/ReturnData/IRS990ScheduleA/GovtFurnSrvcFcltsVl170Grp/CurrentTaxYearMinus2YearsAmt",3734,3734,"2013v3.0, 2013v3.1, 2013v4.0"
"/Return/ReturnData/IRS990ScheduleA/GovtFurnSrvcFcltsVl170Grp/CurrentTaxYearMinus1YearAmt",3730,3730,"2013v3.0, 2013v3.1, 2013v4.0"
"/Return/ReturnData/IRS990ScheduleM/ClothingAndHouseholdGoodsGrp/NoncashContributionsRptF990Amt",3712,3712,"2013v3.0, 2013v3.1, 2013v4.0"
"/Return/ReturnData/IRS990ScheduleH/HospitalFacilitiesGrp",3706,2439,"2013v3.0, 2013v3.1, 2013v4.0"
"/Return/ReturnData/IRS990ScheduleH/HospitalFacilitiesGrp/FacilityNum",3706,2439,"2013v3.0, 2013v3.1, 2013v4.0"
"/Return/ReturnData/IRS990ScheduleH/HospitalFacilitiesGrp/BusinessName",3705,2438,"2013v3.0, 2013v3.1, 2013v4.0"
"/Return/ReturnData/IRS990ScheduleH/HospitalFacilitiesGrp/BusinessName/BusinessNameLine1",3705,2438,"2013v3.0, 2013v3.1, 2013v4.0"
"/Return/ReturnData/IRS990ScheduleN/LiquidationOfAssetsTableGrp/LiquidationOfAssetsDetail",3704,1741,"2013v3.0, 2013v3.1, 2013v4.0"
"/Return/ReturnData/IRS990ScheduleH/HospitalFacilitiesGrp/USAddress",3693,2426,"2013v3.0, 2013v3.1, 2013v4.0"
"/Return/ReturnData/IRS990ScheduleH/HospitalFacilitiesGrp/USAddress/AddressLine1",3693,2426,"2013v3.0, 2013v3.1, 2013v4.0"
"/Return/ReturnData/IRS990ScheduleH/HospitalFacilitiesGrp/USAddress/City",3693,2426,"2013v3.0, 2013v3.1, 2013v4.0"
"/Return/ReturnData/IRS990ScheduleH/HospitalFacilitiesGrp/USAddress/State",3693,2426,"2013v3.0, 2013v3.1, 2013v4.0"
"/Return/ReturnData/IRS990ScheduleH/HospitalFacilitiesGrp/USAddress/ZIPCode",3693,2426,"2013v3.0, 2013v3.1, 2013v4.0"
"/Return/ReturnData/IRS990ScheduleN/LiquidationOfAssetsTableGrp/LiquidationOfAssetsDetail/AssetsDistriOrExpnssPaidDesc",3688,1733,"2013v3.0, 2013v3.1, 2013v4.0"
"/Return/ReturnData/IRS990ScheduleD/CollectionUsedPubExhibitionInd",3687,3687,"2013v3.0, 2013v3.1, 2013v4.0"
"/Return/ReturnData/IRS990ScheduleA/GovtFurnSrvcFcltsVl170Grp/CurrentTaxYearMinus3YearsAmt",3686,3686,"2013v3.0, 2013v3.1, 2013v4.0"
"/Return/ReturnData/IRS990ScheduleR/IdRelatedOrgTxblCorpTrGrp/ForeignAddress/PostalCode",3651,1028,"2013v3.0, 2013v3.1, 2013v4.0"
"/Return/ReturnData/CompensationExplanation/CompensationExplanationGrp/ShortExplanationTxt",3641,1394,"2013v3.0, 2013v3.1, 2013v4.0"
"/Return/ReturnData/IRS990ScheduleA/GovtFurnSrvcFcltsVl170Grp/CurrentTaxYearMinus4YearsAmt",3641,3641,"2013v3.0, 2013v3.1, 2013v4.0"
"/Return/ReturnData/IRS990ScheduleA/ChurchInd",3640,3640,"2013v3.0, 2013v3.1, 2013v4.0"
"/Return/ReturnData/IRS990ScheduleG/FundraisingEventInformationGrp/EntertainmentOtherEventsAmt",3610,3610,"2013v3.0, 2013v3.1, 2013v4.0"
"/Return/ReturnData/IRS990ScheduleM/ClothingAndHouseholdGoodsGrp/NonCashCheckboxInd",3601,3601,"2013v3.0, 2013v3.1, 2013v4.0"
"/Return/ReturnData/IRS990ScheduleC/NonDeductibleLbbyngPltclTotAmt",3579,3579,"2013v3.0, 2013v3.1, 2013v4.0"
"/Return/ReturnData/IRS990/OtherOrganizationDsc",3575,3575,"2013v3.0, 2013v3.1, 2013v4.0"
"/Return/ReturnData/IRS990ScheduleC/AvgLobbyingNontaxableAmountGrp",3573,3573,"2013v3.0, 2013v3.1, 2013v4.0"
"/Return/ReturnData/IRS990/PrincipalOfcrBusinessAddress",3570,3570,"2013v3.0, 2013v3.1, 2013v4.0"
"/Return/ReturnData/IRS990/PrincipalOfcrBusinessAddress/BusinessNameLine1",3570,3570,"2013v3.0, 2013v3.1, 2013v4.0"
"/Return/ReturnData/IRS990ScheduleC/AvgGrassrootsNontaxableGrp",3560,3560,"2013v3.0, 2013v3.1, 2013v4.0"
"/Return/ReturnData/IRS990ScheduleC/AvgLobbyingNontaxableAmountGrp/TotalAmt",3559,3559,"2013v3.0, 2013v3.1, 2013v4.0"
"/Return/ReturnData/IRS990ScheduleC/LobbyingCeilingAmt",3558,3558,"2013v3.0, 2013v3.1, 2013v4.0"
"/Return/ReturnData/IRS990ScheduleC/AvgGrassrootsNontaxableGrp/TotalAmt",3543,3543,"2013v3.0, 2013v3.1, 2013v4.0"
"/Return/ReturnData/IRS990ScheduleC/GrassrootsCeilingAmt",3543,3543,"2013v3.0, 2013v3.1, 2013v4.0"
"/Return/ReturnData/IRS990ScheduleG/GamingOwnFacilityPct",3532,3532,"2013v3.0, 2013v3.1, 2013v4.0"
"/Return/ReturnData/IRS990ScheduleK/TaxExemptBondsProceedsGrp/BondDefeasedAmt",3518,1473,"2013v3.0, 2013v3.1, 2013v4.0"
"/Return/ReturnData/IRS990ScheduleC/NonDeductibleLbbyngPltclCYAmt",3510,3510,"2013v3.0, 2013v3.1, 2013v4.0"
"/Return/ReturnData/IRS990ScheduleA/GovtFurnSrvcFcltsVl170Grp/CurrentTaxYearAmt",3493,3493,"2013v3.0, 2013v3.1, 2013v4.0"
"/Return/ReturnData/IRS990/InitiationFeesAndCapContriAmt",3492,3492,"2013v3.0, 2013v3.1, 2013v4.0"
"/Return/ReturnData/IRS990ScheduleC/TotalExemptPurposeExpendGrp/FilingOrganizationsTotalAmt",3481,3481,"2013v3.0, 2013v3.1, 2013v4.0"
"/Return/ReturnData/IRS990/MiscellaneousRevenueGrp/UnrelatedBusinessRevenueAmt",3480,3480,"2013v3.0, 2013v3.1, 2013v4.0"
"/Return/ReturnData/IRS990ScheduleC/GrassrootsNontaxableGrp/FilingOrganizationsTotalAmt",3479,3479,"2013v3.0, 2013v3.1, 2013v4.0"
"/Return/ReturnData/IRS990ScheduleC/LobbyingNontaxableAmountGrp/FilingOrganizationsTotalAmt",3479,3479,"2013v3.0, 2013v3.1, 2013v4.0"
"/Return/ReturnData/IRS990ScheduleN/LiquidationOfAssetsTableGrp/LiquidationOfAssetsDetail/DistributionDt",3458,1550,"2013v3.0, 2013v3.1, 2013v4.0"
"/Return/ReturnData/IRS990EZ/TypeOfOrganizationOtherInd",3453,3453,"2013v3.0, 2013v3.1, 2013v4.0"
"/Return/ReturnData/IRS990ScheduleH/HospitalFacilitiesGrp/LicensedHospitalInd",3445,2367,"2013v3.0, 2013v3.1, 2013v4.0"
"/Return/ReturnData/IRS990ScheduleG/TotalGrossReceiptsAmt",3418,3418,"2013v3.0, 2013v3.1, 2013v4.0"
"/Return/ReturnData/IRS990/RoyaltiesRevenueGrp/UnrelatedBusinessRevenueAmt",3410,3410,"2013v3.0, 2013v3.1, 2013v4.0"
"/Return/ReturnData/IRS990ScheduleG/GamingInformationGrp/GrossRevenuePullTabsAmt",3408,3408,"2013v3.0, 2013v3.1, 2013v4.0"
"/Return/ReturnData/IRS990ScheduleM/ClothingAndHouseholdGoodsGrp/MethodOfDeterminingRevenuesTxt",3394,3394,"2013v3.0, 2013v3.1, 2013v4.0"
"/Return/ReturnData/IRS990ScheduleG/GamingManagerPersonNm",3390,3390,"2013v3.0, 2013v3.1, 2013v4.0"
"/Return/ReturnData/IRS990ScheduleC/TotalGrassrootsLobbyingGrp",3387,3387,"2013v3.0, 2013v3.1, 2013v4.0"
"/Return/ReturnData/IRS990ScheduleG/GamingManagerServicesProvTxt",3377,3377,"2013v3.0, 2013v3.1, 2013v4.0"
"/Return/ReturnData/IRS990ScheduleC/AvgLobbyingNontaxableAmountGrp/CurrentYearAmt",3376,3376,"2013v3.0, 2013v3.1, 2013v4.0"
"/Return/ReturnData/IRS990/IncmFromInvestBondProceedsGrp/RelatedOrExemptFuncIncomeAmt",3375,3375,"2013v3.0, 2013v3.1, 2013v4.0"
"/Return/ReturnData/IRS990ScheduleC/AvgGrassrootsNontaxableGrp/CurrentYearAmt",3365,3365,"2013v3.0, 2013v3.1, 2013v4.0"
"/Return/ReturnData/IRS990ScheduleN/LiquidationOfAssetsTableGrp/LiquidationOfAssetsDetail/FairMarketValueOfAssetAmt",3337,1436,"2013v3.0, 2013v3.1, 2013v4.0"
"/Return/ReturnData/IRS990/PaymentsToAffiliatesGrp/FundraisingAmt",3333,3333,"2013v3.0, 2013v3.1, 2013v4.0"
"/Return/ReturnData/IRS990ScheduleM/FoodInventoryGrp/NoncashContributionsRptF990Amt",3316,3316,"2013v3.0, 2013v3.1, 2013v4.0"
"/Return/ReturnData/IRS990ScheduleC/OtherExemptPurposeExpendGrp/FilingOrganizationsTotalAmt",3314,3314,"2013v3.0, 2013v3.1, 2013v4.0"
"/Return/ReturnData/IRS990/GrossReceiptsForPublicUseAmt",3308,3308,"2013v3.0, 2013v3.1, 2013v4.0"
"/Return/ReturnData/IRS990ScheduleC/AvgTotalLobbyingExpendGrp",3306,3306,"2013v3.0, 2013v3.1, 2013v4.0"
"/Return/ReturnData/IRS990ScheduleM/Form8283ReceivedCnt",3286,3286,"2013v3.0, 2013v3.1, 2013v4.0"
"/Return/ReturnData/IRS990ScheduleN/LiquidationOfAssetsTableGrp/LiquidationOfAssetsDetail/USAddress",3280,1429,"2013v3.0, 2013v3.1, 2013v4.0"
"/Return/ReturnData/IRS990ScheduleN/LiquidationOfAssetsTableGrp/LiquidationOfAssetsDetail/USAddress/AddressLine1",3280,1429,"2013v3.0, 2013v3.1, 2013v4.0"
"/Return/ReturnData/IRS990ScheduleN/LiquidationOfAssetsTableGrp/LiquidationOfAssetsDetail/USAddress/City",3280,1429,"2013v3.0, 2013v3.1, 2013v4.0"
"/Return/ReturnData/IRS990ScheduleN/LiquidationOfAssetsTableGrp/LiquidationOfAssetsDetail/USAddress/State",3280,1429,"2013v3.0, 2013v3.1, 2013v4.0"
"/Return/ReturnData/IRS990ScheduleN/LiquidationOfAssetsTableGrp/LiquidationOfAssetsDetail/USAddress/ZIPCode",3280,1429,"2013v3.0, 2013v3.1, 2013v4.0"
"/Return/ReturnData/IRS990ScheduleC/AvgTotalLobbyingExpendGrp/TotalAmt",3271,3271,"2013v3.0, 2013v3.1, 2013v4.0"
"/Return/ReturnData/IRS990/PymtTravelEntrtnmntPubOfclGrp/ProgramServicesAmt",3246,3246,"2013v3.0, 2013v3.1, 2013v4.0"
"/Return/ReturnData/IRS990ScheduleC/AvgLobbyingNontaxableAmountGrp/CurrentYearMinus1Amt",3246,3246,"2013v3.0, 2013v3.1, 2013v4.0"
"/Return/ReturnData/IRS990ScheduleM/FoodInventoryGrp/NonCashCheckboxInd",3242,3242,"2013v3.0, 2013v3.1, 2013v4.0"
"/Return/ReturnData/IRS990ScheduleC/AvgGrassrootsNontaxableGrp/CurrentYearMinus1Amt",3219,3219,"2013v3.0, 2013v3.1, 2013v4.0"
"/Return/ReturnData/IRS990ScheduleJ/ClubDuesOrFeesInd",3190,3190,"2013v3.0, 2013v3.1, 2013v4.0"
"/Return/ReturnData/IRS990/IncmFromInvestBondProceedsGrp/UnrelatedBusinessRevenueAmt",3183,3183,"2013v3.0, 2013v3.1, 2013v4.0"
"/Return/ReturnData/IRS990ScheduleC/TotalLobbyingExpendGrp/FilingOrganizationsTotalAmt",3181,3181,"2013v3.0, 2013v3.1, 2013v4.0"
"/Return/ReturnData/IRS990ScheduleC/AggregateReportedDuesNtcAmt",3175,3175,"2013v3.0, 2013v3.1, 2013v4.0"
"/Return/ReturnData/IRS990ScheduleR/IdRelatedOrgTxblCorpTrGrp/ForeignAddress/ProvinceOrState",3175,1169,"2013v3.0, 2013v3.1, 2013v4.0"
"/Return/ReturnData/ReasonableCauseExplanation",3128,3128,"2013v3.0, 2013v3.1, 2013v4.0"
"/Return/ReturnData/ReasonableCauseExplanation/ExplanationTxt",3128,3128,"2013v3.0, 2013v3.1, 2013v4.0"
"/Return/ReturnData/IRS990ScheduleJ/RebuttablePresumptionProcInd",3122,3122,"2013v3.0, 2013v3.1, 2013v4.0"
"/Return/ReturnData/IRS990ScheduleG/GamingOtherFacilityPct",3114,3114,"2013v3.0, 2013v3.1, 2013v4.0"
"/Return/ReturnData/IRS990ScheduleA/TaxRevLeviedOrgnztnlBnft170Grp/CurrentTaxYearMinus2YearsAmt",3113,3113,"2013v3.0, 2013v3.1, 2013v4.0"
"/Return/ReturnData/IRS990ScheduleN/LiquidationOfAssetsTableGrp/LiquidationOfAssetsDetail/IRCSectionTxt",3099,1350,"2013v3.0, 2013v3.1, 2013v4.0"
"/Return/ReturnData/IRS990ScheduleA/TaxRevLeviedOrgnztnlBnft170Grp/CurrentTaxYearMinus3YearsAmt",3097,3097,"2013v3.0, 2013v3.1, 2013v4.0"
"/Return/ReturnData/IRS990ScheduleA/TaxRevLeviedOrgnztnlBnft170Grp/CurrentTaxYearMinus1YearAmt",3096,3096,"2013v3.0, 2013v3.1, 2013v4.0"
"/Return/ReturnData/IRS990ScheduleC/AvgLobbyingNontaxableAmountGrp/CurrentYearMinus2Amt",3092,3092,"2013v3.0, 2013v3.1, 2013v4.0"
"/Return/ReturnData/IRS990ScheduleC/AvgGrassrootsNontaxableGrp/CurrentYearMinus2Amt",3068,3068,"2013v3.0, 2013v3.1, 2013v4.0"
"/Return/ReturnData/IRS990ScheduleA/TaxRevLeviedOrgnztnlBnft170Grp/CurrentTaxYearMinus4YearsAmt",3064,3064,"2013v3.0, 2013v3.1, 2013v4.0"
"/Return/ReturnData/IRS990ScheduleN/LiquidationOfAssetsTableGrp/LiquidationOfAssetsDetail/MethodOfFMVDeterminationTxt",3064,1361,"2013v3.0, 2013v3.1, 2013v4.0"
"/Return/ReturnData/IRS990EZ/BooksInCareOfDetail/USAddress/AddressLine2",3006,3006,"2013v3.0, 2013v3.1, 2013v4.0"
"/Return/ReturnData/IRS990ScheduleH/HospitalFcltyPoliciesPrctcGrp",2979,2437,"2013v3.0, 2013v3.1, 2013v4.0"
"/Return/ReturnData/IRS990ScheduleH/HospitalFcltyPoliciesPrctcGrp/AmountsGenerallyBilledInd",2979,2437,"2013v3.0, 2013v3.1, 2013v4.0"
"/Return/ReturnData/IRS990ScheduleH/HospitalFcltyPoliciesPrctcGrp/AppFinancialAsstExplnInd",2979,2437,"2013v3.0, 2013v3.1, 2013v4.0"
"/Return/ReturnData/IRS990ScheduleH/HospitalFcltyPoliciesPrctcGrp/CollectionActivitiesInd",2979,2437,"2013v3.0, 2013v3.1, 2013v4.0"
"/Return/ReturnData/IRS990ScheduleH/HospitalFcltyPoliciesPrctcGrp/EligCriteriaExplainedInd",2979,2437,"2013v3.0, 2013v3.1, 2013v4.0"
"/Return/ReturnData/IRS990ScheduleH/HospitalFcltyPoliciesPrctcGrp/ExplainedBasisInd",2979,2437,"2013v3.0, 2013v3.1, 2013v4.0"
"/Return/ReturnData/IRS990ScheduleH/HospitalFcltyPoliciesPrctcGrp/FAPActionsOnNonpaymentInd",2979,2437,"2013v3.0, 2013v3.1, 2013v4.0"
"/Return/ReturnData/IRS990ScheduleH/HospitalFcltyPoliciesPrctcGrp/FPGUsedDeterEligFreeCareInd",2979,2437,"2013v3.0, 2013v3.1, 2013v4.0"
"/Return/ReturnData/IRS990ScheduleH/HospitalFcltyPoliciesPrctcGrp/FPGUsedDetermEligDscntCareInd",2979,2437,"2013v3.0, 2013v3.1, 2013v4.0"
"/Return/ReturnData/IRS990ScheduleH/HospitalFcltyPoliciesPrctcGrp/GrossChargesInd",2979,2437,"2013v3.0, 2013v3.1, 2013v4.0"
"/Return/ReturnData/IRS990ScheduleH/HospitalFcltyPoliciesPrctcGrp/IncludesPublicityMeasuresInd",2979,2437,"2013v3.0, 2013v3.1, 2013v4.0"
"/Return/ReturnData/IRS990ScheduleH/HospitalFcltyPoliciesPrctcGrp/NondisEmergencyCarePolicyInd",2979,2437,"2013v3.0, 2013v3.1, 2013v4.0"
"/Return/ReturnData/IRS990ScheduleC/Form1120POLFiledInd",2972,2972,"2013v3.0, 2013v3.1, 2013v4.0"
"/Return/ReturnData/IRS990ScheduleH/HospitalFcltyPoliciesPrctcGrp/CHNAConductedInd",2969,2432,"2013v3.0, 2013v3.1, 2013v4.0"
"/Return/ReturnData/IRS990ScheduleM/FoodInventoryGrp/MethodOfDeterminingRevenuesTxt",2966,2966,"2013v3.0, 2013v3.1, 2013v4.0"
"/Return/ReturnData/IRS990ScheduleC/AvgTotalLobbyingExpendGrp/CurrentYearAmt",2964,2964,"2013v3.0, 2013v3.1, 2013v4.0"
"/Return/ReturnData/IRS990ScheduleG/GamingInformationGrp/GrossRevenueBingoAmt",2951,2951,"2013v3.0, 2013v3.1, 2013v4.0"
"/Return/ReturnData/IRS990/PymtTravelEntrtnmntPubOfclGrp/ManagementAndGeneralAmt",2947,2947,"2013v3.0, 2013v3.1, 2013v4.0"
"/Return/ReturnData/IRS990ScheduleH/HospitalFcltyPoliciesPrctcGrp/HospitalFacilityName",2943,2401,"2013v3.0, 2013v3.1, 2013v4.0"
"/Return/ReturnData/IRS990ScheduleH/HospitalFcltyPoliciesPrctcGrp/HospitalFacilityName/BusinessNameLine1",2943,2401,"2013v3.0, 2013v3.1, 2013v4.0"
"/Return/ReturnData/IRS990ScheduleC/AvgLobbyingNontaxableAmountGrp/CurrentYearMinus3Amt",2936,2936,"2013v3.0, 2013v3.1, 2013v4.0"
"/Return/ReturnData/IRS990ScheduleA/TaxRevLeviedOrgnztnlBnft170Grp/CurrentTaxYearAmt",2916,2916,"2013v3.0, 2013v3.1, 2013v4.0"
"/Return/ReturnData/IRS990ScheduleM/FoodInventoryGrp/ContributionCnt",2913,2913,"2013v3.0, 2013v3.1, 2013v4.0"
"/Return/ReturnData/IRS990ScheduleD/CollectionUsedPreservationInd",2908,2908,"2013v3.0, 2013v3.1, 2013v4.0"
"/Return/ReturnData/IRS990ScheduleC/AvgGrassrootsNontaxableGrp/CurrentYearMinus3Amt",2907,2907,"2013v3.0, 2013v3.1, 2013v4.0"
"/Return/ReturnData/IRS990ScheduleK/TaxExemptBondsArbitrageGrp/GICProviderName",2900,1251,"2013v3.0, 2013v3.1, 2013v4.0"
"/Return/ReturnData/IRS990ScheduleK/TaxExemptBondsArbitrageGrp/GICProviderName/BusinessNameLine1",2900,1251,"2013v3.0, 2013v3.1, 2013v4.0"
"/Return/ReturnData/IRS990ScheduleN",2900,2900,"2013v3.0, 2013v3.1, 2013v4.0"
"/Return/ReturnData/IRS990ScheduleC/Section527PoliticalOrgGrp/EIN",2884,1061,"2013v3.0, 2013v3.1, 2013v4.0"
"/Return/ReturnData/IRS990ScheduleC/AvgTotalLobbyingExpendGrp/CurrentYearMinus1Amt",2883,2883,"2013v3.0, 2013v3.1, 2013v4.0"
"/Return/ReturnData/IRS990ScheduleM/WorksOfArtGrp",2876,2876,"2013v3.0, 2013v3.1, 2013v4.0"
"/Return/ReturnData/IRS990ScheduleH/HospitalFacilitiesGrp/EmergencyRoom24HrsInd",2874,2080,"2013v3.0, 2013v3.1, 2013v4.0"
"/Return/ReturnData/IRS990ScheduleG/SolicitationOfGovtGrantsInd",2869,2869,"2013v3.0, 2013v3.1, 2013v4.0"
"/Return/ReturnData/IRS990/GrossRentsGrp/PersonalAmt",2864,2864,"2013v3.0, 2013v3.1, 2013v4.0"
"/Return/ReturnData/IRS990ScheduleC/TotalDirectLobbyingGrp/FilingOrganizationsTotalAmt",2850,2850,"2013v3.0, 2013v3.1, 2013v4.0"
"/Return/ReturnData/IRS990/FeesForServicesLobbyingGrp/FundraisingAmt",2848,2848,"2013v3.0, 2013v3.1, 2013v4.0"
"/Return/ReturnData/IRS990ScheduleH/HospitalFacilitiesGrp/GeneralMedicalAndSurgicalInd",2845,2007,"2013v3.0, 2013v3.1, 2013v4.0"
"/Return/ReturnData/IRS990ScheduleH/HospitalFcltyPoliciesPrctcGrp/AllNeedsAddressedInd",2840,2350,"2013v3.0, 2013v3.1, 2013v4.0"
"/Return/ReturnData/IRS990ScheduleH/HospitalFcltyPoliciesPrctcGrp/CHNAConductedWithOtherFcltsInd",2839,2350,"2013v3.0, 2013v3.1, 2013v4.0"
"/Return/ReturnData/IRS990ScheduleH/HospitalFcltyPoliciesPrctcGrp/TakeIntoAccountOthersInputInd",2839,2349,"2013v3.0, 2013v3.1, 2013v4.0"
"/Return/ReturnData/IRS990ScheduleH/HospitalFcltyPoliciesPrctcGrp/CHNAReportWidelyAvailableInd",2838,2349,"2013v3.0, 2013v3.1, 2013v4.0"
"/Return/ReturnData/IRS990ScheduleH/HospitalFcltyPoliciesPrctcGrp/CHNAConductedYr",2827,2338,"2013v3.0, 2013v3.1, 2013v4.0"
"/Return/ReturnData/IRS990ScheduleH/HospitalFcltyPoliciesPrctcGrp/FPGFamilyIncmLmtFreeCarePct",2824,2295,"2013v3.0, 2013v3.1, 2013v4.0"
"/Return/ReturnData/IRS990ScheduleH/HospitalFcltyPoliciesPrctcGrp/CommunityHealthNeedsInd",2822,2338,"2013v3.0, 2013v3.1, 2013v4.0"
"/Return/ReturnData/IRS990ScheduleG/GamingInformationGrp/OtherDirectExpensesPullTabsAmt",2819,2819,"2013v3.0, 2013v3.1, 2013v4.0"
"/Return/ReturnData/IRS990ScheduleH/HospitalFcltyPoliciesPrctcGrp/CommunityDefinitionInd",2819,2334,"2013v3.0, 2013v3.1, 2013v4.0"
"/Return/ReturnData/IRS990ScheduleH/HospitalFcltyPoliciesPrctcGrp/HowDataObtainedInd",2814,2329,"2013v3.0, 2013v3.1, 2013v4.0"
"/Return/ReturnData/IRS990ScheduleH/HospitalFcltyPoliciesPrctcGrp/CommunityDemographicsInd",2811,2332,"2013v3.0, 2013v3.1, 2013v4.0"
"/Return/ReturnData/IRS990ScheduleM/CarsAndOtherVehiclesGrp",2804,2804,"2013v3.0, 2013v3.1, 2013v4.0"
"/Return/ReturnData/IRS990ScheduleC/OtherActivitiesAmt",2802,2802,"2013v3.0, 2013v3.1, 2013v4.0"
"/Return/ReturnData/IRS990ScheduleH/HospitalFcltyPoliciesPrctcGrp/OrganizationIncurExciseTaxInd",2800,2345,"2013v3.0, 2013v3.1, 2013v4.0"
"/Return/ReturnData/IRS990ScheduleH/HospitalFcltyPoliciesPrctcGrp/IncomeLevelInd",2790,2276,"2013v3.0, 2013v3.1, 2013v4.0"
"/Return/ReturnData/IRS990ScheduleN/LiquidationOfAssetsTableGrp/LiquidationOfAssetsDetail/EIN",2784,1209,"2013v3.0, 2013v3.1, 2013v4.0"
"/Return/ReturnData/IRS990ScheduleH/HospitalFcltyPoliciesPrctcGrp/CommunityHlthNeedsIdProcessInd",2775,2296,"2013v3.0, 2013v3.1, 2013v4.0"
"/Return/ReturnData/IRS990ScheduleC/AvgTotalLobbyingExpendGrp/CurrentYearMinus2Amt",2771,2771,"2013v3.0, 2013v3.1, 2013v4.0"
"/Return/ReturnData/IRS990ScheduleD/DisclosedForCharitablePrpsInd",2770,2770,"2013v3.0, 2013v3.1, 2013v4.0"
"/Return/ReturnData/IRS990/RoyaltiesGrp/ManagementAndGeneralAmt",2754,2754,"2013v3.0, 2013v3.1, 2013v4.0"
"/Return/ReturnData/IRS990ScheduleH/HospitalFcltyPoliciesPrctcGrp/ConsultingProcessInd",2752,2272,"2013v3.0, 2013v3.1, 2013v4.0"
"/Return/ReturnData/IRS990ScheduleD/DisclosedOrgLegCtrlInd",2733,2733,"2013v3.0, 2013v3.1, 2013v4.0"
"/Return/ReturnData/IRS990ScheduleA/GovtFurnSrvcFcltsVl509Grp/CurrentTaxYearMinus2YearsAmt",2731,2731,"2013v3.0, 2013v3.1, 2013v4.0"
"/Return/ReturnData/IRS990ScheduleA/GovtFurnSrvcFcltsVl509Grp/CurrentTaxYearMinus1YearAmt",2719,2719,"2013v3.0, 2013v3.1, 2013v4.0"
"/Return/ReturnData/IRS990ScheduleH/HospitalFcltyPoliciesPrctcGrp/AvailableOnRequestInd",2717,2205,"2013v3.0, 2013v3.1, 2013v4.0"
"/Return/ReturnData/IRS990ScheduleA/GovtFurnSrvcFcltsVl509Grp/CurrentTaxYearMinus3YearsAmt",2711,2711,"2013v3.0, 2013v3.1, 2013v4.0"
"/Return/ReturnData/IRS990ScheduleA/SupportingOrgType2Ind",2700,2700,"2013v3.0, 2013v3.1, 2013v4.0"
"/Return/ReturnData/IRS990ScheduleA/GovtFurnSrvcFcltsVl509Grp/CurrentTaxYearMinus4YearsAmt",2697,2697,"2013v3.0, 2013v3.1, 2013v4.0"
"/Return/ReturnData/IRS990ScheduleJ/HousingAllowanceOrResidenceInd",2697,2697,"2013v3.0, 2013v3.1, 2013v4.0"
"/Return/ReturnData/IRS990EZ/InitialReturnInd",2679,2679,"2013v3.0, 2013v3.1, 2013v4.0"
"/Return/ReturnData/IRS990ScheduleF/Total501c3OrgCnt",2678,2678,"2013v3.0, 2013v3.1, 2013v4.0"
"/Return/ReturnData/IRS990ScheduleH/HospitalFcltyPoliciesPrctcGrp/OtherHealthIssuesInd",2676,2211,"2013v3.0, 2013v3.1, 2013v4.0"
"/Return/ReturnData/IRS990ScheduleG/GamingInformationGrp/OthDirectExpnssOtherGamingAmt",2671,2671,"2013v3.0, 2013v3.1, 2013v4.0"
"/Return/ReturnData/IRS990ScheduleH/HospitalFcltyPoliciesPrctcGrp/ExistingResourcesInd",2669,2211,"2013v3.0, 2013v3.1, 2013v4.0"
"/Return/ReturnData/IRS990ScheduleC/AvgTotalLobbyingExpendGrp/CurrentYearMinus3Amt",2665,2665,"2013v3.0, 2013v3.1, 2013v4.0"
"/Return/ReturnData/IRS990ScheduleM/BooksAndPublicationsGrp",2664,2664,"2013v3.0, 2013v3.1, 2013v4.0"
"/Return/ReturnData/IRS990ScheduleH/HospitalFcltyPoliciesPrctcGrp/FacilityNum",2631,2142,"2013v3.0, 2013v3.1, 2013v4.0"
"/Return/ReturnData/IRS990ScheduleA/Post1975UBTIGrp/CurrentTaxYearMinus1YearAmt",2629,2629,"2013v3.0, 2013v3.1, 2013v4.0"
"/Return/ReturnData/IRS990EZ/OfficerDirectorTrusteeEmplGrp/BusinessName",2628,1027,"2013v3.0, 2013v3.1, 2013v4.0"
"/Return/ReturnData/IRS990EZ/OfficerDirectorTrusteeEmplGrp/BusinessName/BusinessNameLine1",2628,1027,"2013v3.0, 2013v3.1, 2013v4.0"
"/Return/ReturnData/IRS990ScheduleH/HospitalFcltyPoliciesPrctcGrp/AdoptImplementationStrategyInd",2626,2160,"2013v3.0, 2013v3.1, 2013v4.0"
"/Return/ReturnData/IRS990ScheduleH/HospitalFcltyPoliciesPrctcGrp/RptAvailableOnOwnWebsiteInd",2616,2191,"2013v3.0, 2013v3.1, 2013v4.0"
"/Return/ReturnData/IRS990ScheduleH/HospitalFcltyPoliciesPrctcGrp/FPGFamilyIncmLmtDscntCarePct",2615,2131,"2013v3.0, 2013v3.1, 2013v4.0"
"/Return/ReturnData/IRS990ScheduleG/GamingInformationGrp/CashPrizesPullTabsAmt",2614,2614,"2013v3.0, 2013v3.1, 2013v4.0"
"/Return/ReturnData/IRS990ScheduleH/HospitalFcltyPoliciesPrctcGrp/PrioritizeHealthNeedsInd",2605,2139,"2013v3.0, 2013v3.1, 2013v4.0"
"/Return/ReturnData/IRS990ScheduleA/GovtFurnSrvcFcltsVl509Grp/CurrentTaxYearAmt",2590,2590,"2013v3.0, 2013v3.1, 2013v4.0"
"/Return/ReturnData/IRS990ScheduleG/FundraiserActivityInfoGrp/PersonNm",2590,1688,"2013v3.0, 2013v3.1, 2013v4.0"
"/Return/ReturnData/IRS990ScheduleG/SupplementalInformationDetail",2590,2286,"2013v3.0, 2013v3.1, 2013v4.0"
"/Return/ReturnData/IRS990ScheduleG/SupplementalInformationDetail/FormAndLineReferenceDesc",2589,2286,"2013v3.0, 2013v3.1, 2013v4.0"
"/Return/ReturnData/IRS990/OtherInd",2588,2588,"2013v3.0, 2013v3.1, 2013v4.0"
"/Return/ReturnData/IRS990ScheduleA/Post1975UBTIGrp/CurrentTaxYearMinus2YearsAmt",2586,2586,"2013v3.0, 2013v3.1, 2013v4.0"
"/Return/ReturnData/IRS990ScheduleG/SupplementalInformationDetail/ExplanationTxt",2582,2280,"2013v3.0, 2013v3.1, 2013v4.0"
"/Return/ReturnData/IRS990ScheduleH/HospitalFcltyPoliciesPrctcGrp/RptAvailableUponRequestInd",2581,2129,"2013v3.0, 2013v3.1, 2013v4.0"
"/Return/ReturnData/IRS990ScheduleG/FundraisingEventInformationGrp/CashPrizesEvent2Amt",2575,2575,"2013v3.0, 2013v3.1, 2013v4.0"
"/Return/ReturnData/IRS990/PymtTravelEntrtnmntPubOfclGrp/FundraisingAmt",2573,2573,"2013v3.0, 2013v3.1, 2013v4.0"
"/Return/ReturnData/IRS990ScheduleA/Post1975UBTIGrp/CurrentTaxYearMinus3YearsAmt",2562,2562,"2013v3.0, 2013v3.1, 2013v4.0"
"/Return/ReturnData/IRS990ScheduleM/DrugsAndMedicalSuppliesGrp",2557,2557,"2013v3.0, 2013v3.1, 2013v4.0"
"/Return/ReturnData/IRS990ScheduleA/Post1975UBTIGrp/CurrentTaxYearAmt",2541,2541,"2013v3.0, 2013v3.1, 2013v4.0"
"/Return/ReturnData/IRS990ScheduleA/SupportingOrgType3FuncIntInd",2534,2534,"2013v3.0, 2013v3.1, 2013v4.0"
"/Return/ReturnData/IRS990ScheduleA/TaxRevLeviedOrgnztnlBnft509Grp/CurrentTaxYearMinus3YearsAmt",2533,2533,"2013v3.0, 2013v3.1, 2013v4.0"
"/Return/ReturnData/IRS990/RoyaltiesGrp/FundraisingAmt",2531,2531,"2013v3.0, 2013v3.1, 2013v4.0"
"/Return/ReturnData/IRS990ScheduleA/TaxRevLeviedOrgnztnlBnft509Grp/CurrentTaxYearMinus1YearAmt",2531,2531,"2013v3.0, 2013v3.1, 2013v4.0"
"/Return/ReturnData/IRS990ScheduleA/TaxRevLeviedOrgnztnlBnft509Grp/CurrentTaxYearMinus4YearsAmt",2531,2531,"2013v3.0, 2013v3.1, 2013v4.0"
"/Return/ReturnData/IRS990ScheduleA/TaxRevLeviedOrgnztnlBnft509Grp/CurrentTaxYearMinus2YearsAmt",2523,2523,"2013v3.0, 2013v3.1, 2013v4.0"
"/Return/ReturnData/IRS990/NetGainOrLossInvestmentsGrp/UnrelatedBusinessRevenueAmt",2500,2500,"2013v3.0, 2013v3.1, 2013v4.0"
"/Return/ReturnData/IRS990ScheduleG/GamingInformationGrp/OtherDirectExpensesBingoAmt",2497,2497,"2013v3.0, 2013v3.1, 2013v4.0"
"/Return/ReturnData/IRS990ScheduleG/FundraisingEventInformationGrp/NonCashPrizesOtherEventsAmt",2493,2493,"2013v3.0, 2013v3.1, 2013v4.0"
"/Return/ReturnData/IRS990ScheduleA/Post1975UBTIGrp/CurrentTaxYearMinus4YearsAmt",2469,2469,"2013v3.0, 2013v3.1, 2013v4.0"
"/Return/ReturnData/IRS990/AuditedFinancialStmtAttInd",2440,2440,"2013v3.0, 2013v3.1, 2013v4.0"
"/Return/ReturnData/IRS990ScheduleH",2439,2439,"2013v3.0, 2013v3.1, 2013v4.0"
"/Return/ReturnData/IRS990ScheduleH/HospitalFacilitiesCnt",2439,2439,"2013v3.0, 2013v3.1, 2013v4.0"
"/Return/ReturnData/IRS990ScheduleH/FinancialAssistancePolicyInd",2438,2438,"2013v3.0, 2013v3.1, 2013v4.0"
"/Return/ReturnData/IRS990ScheduleH/WrittenDebtCollectionPolicyInd",2432,2432,"2013v3.0, 2013v3.1, 2013v4.0"
"/Return/ReturnData/IRS990ScheduleH/AnnualCommunityBnftReportInd",2429,2429,"2013v3.0, 2013v3.1, 2013v4.0"
"/Return/ReturnData/IRS990ScheduleH/BadDebtExpenseReportedInd",2429,2429,"2013v3.0, 2013v3.1, 2013v4.0"
"/Return/ReturnData/IRS990ScheduleH/HospitalFcltyPoliciesPrctcGrp/OwnWebsiteURLTxt",2426,2030,"2013v3.0, 2013v3.1, 2013v4.0"
"/Return/ReturnData/IRS990ScheduleH/FPGReferenceDiscountedCareInd",2422,2422,"2013v3.0, 2013v3.1, 2013v4.0"
"/Return/ReturnData/IRS990ScheduleH/FPGReferenceFreeCareInd",2422,2422,"2013v3.0, 2013v3.1, 2013v4.0"
"/Return/ReturnData/IRS990ScheduleH/FinancialAssistanceBudgetInd",2422,2422,"2013v3.0, 2013v3.1, 2013v4.0"
"/Return/ReturnData/IRS990ScheduleH/FreeCareMedicallyIndigentInd",2422,2422,"2013v3.0, 2013v3.1, 2013v4.0"
"/Return/ReturnData/IRS990ScheduleH/WrittenPolicyInd",2422,2422,"2013v3.0, 2013v3.1, 2013v4.0"
"/Return/ReturnData/IRS990ScheduleH/TotalCommunityBenefitsGrp",2420,2420,"2013v3.0, 2013v3.1, 2013v4.0"
"/Return/ReturnData/IRS990ScheduleA/IRSWrittenDeterminationInd",2419,2419,"2013v3.0, 2013v3.1, 2013v4.0"
"/Return/ReturnData/IRS990ScheduleH/TotalCommunityBenefitsGrp/NetCommunityBenefitExpnsAmt",2419,2419,"2013v3.0, 2013v3.1, 2013v4.0"
"/Return/ReturnData/IRS990ScheduleH/TotalCommunityBenefitsGrp/TotalCommunityBenefitExpnsAmt",2419,2419,"2013v3.0, 2013v3.1, 2013v4.0"
"/Return/ReturnData/IRS990ScheduleH/TotalFinancialAssistanceTyp",2411,2411,"2013v3.0, 2013v3.1, 2013v4.0"
"/Return/ReturnData/IRS990ScheduleH/TotalFinancialAssistanceTyp/TotalCommunityBenefitExpnsAmt",2410,2410,"2013v3.0, 2013v3.1, 2013v4.0"
"/Return/ReturnData/IRS990ScheduleH/TotalCommunityBenefitsGrp/TotalExpensePct",2408,2408,"2013v3.0, 2013v3.1, 2013v4.0"
"/Return/ReturnData/IRS990ScheduleH/TotalFinancialAssistanceTyp/NetCommunityBenefitExpnsAmt",2407,2407,"2013v3.0, 2013v3.1, 2013v4.0"
"/Return/ReturnData/IRS990ScheduleH/HospitalFcltyPoliciesPrctcGrp/PrioritizeServicesInd",2404,1962,"2013v3.0, 2013v3.1, 2013v4.0"
"/Return/ReturnData/IRS990ScheduleH/BadDebtExpenseAmt",2402,2402,"2013v3.0, 2013v3.1, 2013v4.0"
"/Return/ReturnData/IRS990ScheduleA/TaxRevLeviedOrgnztnlBnft509Grp/CurrentTaxYearAmt",2394,2394,"2013v3.0, 2013v3.1, 2013v4.0"
"/Return/ReturnData/IRS990ScheduleH/TotalFinancialAssistanceTyp/TotalExpensePct",2394,2394,"2013v3.0, 2013v3.1, 2013v4.0"
"/Return/ReturnData/IRS990ScheduleH/FinancialAssistanceAtCostTyp",2379,2379,"2013v3.0, 2013v3.1, 2013v4.0"
"/Return/ReturnData/IRS990ScheduleH/FinancialAssistanceAtCostTyp/TotalCommunityBenefitExpnsAmt",2378,2378,"2013v3.0, 2013v3.1, 2013v4.0"
"/Return/ReturnData/IRS990ScheduleH/ReimbursedByMedicareAmt",2374,2374,"2013v3.0, 2013v3.1, 2013v4.0"
"/Return/ReturnData/IRS990ScheduleH/FinancialAssistancePrvsnInd",2373,2373,"2013v3.0, 2013v3.1, 2013v4.0"
"/Return/ReturnData/IRS990ScheduleH/CostOfCareReimbursedByMedcrAmt",2369,2369,"2013v3.0, 2013v3.1, 2013v4.0"
"/Return/ReturnData/IRS990ScheduleH/FinancialAssistanceAtCostTyp/NetCommunityBenefitExpnsAmt",2365,2365,"2013v3.0, 2013v3.1, 2013v4.0"
"/Return/ReturnData/IRS990ScheduleH/CostingMethodologyUsedGrp",2353,2353,"2013v3.0, 2013v3.1, 2013v4.0"
"/Return/ReturnData/IRS990ScheduleH/FinancialAssistanceAtCostTyp/TotalExpensePct",2352,2352,"2013v3.0, 2013v3.1, 2013v4.0"
"/Return/ReturnData/IRS990ScheduleC/DirectContactLegislatorsAmt",2350,2350,"2013v3.0, 2013v3.1, 2013v4.0"
"/Return/ReturnData/IRS990ScheduleF/ForeignIndividualsGrantsGrp/ValuationMethodUsedDesc",2336,568,"2013v3.0, 2013v3.1, 2013v4.0"
"/Return/ReturnData/IRS990ScheduleH/MedicareSurplusOrShortfallAmt",2325,2325,"2013v3.0, 2013v3.1, 2013v4.0"
"/Return/ReturnData/IRS990ScheduleH/HospitalFacilitiesGrp/WebsiteAddressTxt",2318,1470,"2013v3.0, 2013v3.1, 2013v4.0"
"/Return/ReturnData/IRS990/AcctCompileOrReviewBasisGrp/ConsolidatedBasisFinclStmtInd",2317,2317,"2013v3.0, 2013v3.1, 2013v4.0"
"/Return/ReturnData/IRS990ScheduleH/TotalCommunityBenefitsGrp/DirectOffsettingRevenueAmt",2307,2307,"2013v3.0, 2013v3.1, 2013v4.0"
"/Return/ReturnData/IRS990ScheduleH/HospitalFcltyPoliciesPrctcGrp/ExecImplementationStrategyInd",2290,1877,"2013v3.0, 2013v3.1, 2013v4.0"
"/Return/ReturnData/IRS990ScheduleD/CloselyHeldEquityInterestsGrp",2258,2258,"2013v3.0, 2013v3.1, 2013v4.0"
"/Return/ReturnData/IRS990ScheduleH/ExpensesExceedBudgetInd",2250,2250,"2013v3.0, 2013v3.1, 2013v4.0"
"/Return/ReturnData/IRS990ScheduleH/TotalOtherBenefitsGrp",2247,2247,"2013v3.0, 2013v3.1, 2013v4.0"
"/Return/ReturnData/IRS990ScheduleH/TotalOtherBenefitsGrp/TotalCommunityBenefitExpnsAmt",2245,2245,"2013v3.0, 2013v3.1, 2013v4.0"
"/Return/ReturnData/IRS990ScheduleH/TotalOtherBenefitsGrp/NetCommunityBenefitExpnsAmt",2243,2243,"2013v3.0, 2013v3.1, 2013v4.0"
"/Return/ReturnData/IRS990/LessRentalExpensesGrp/PersonalAmt",2241,2241,"2013v3.0, 2013v3.1, 2013v4.0"
"/Return/ReturnData/IRS990ScheduleJ/TravelForCompanionsInd",2239,2239,"2013v3.0, 2013v3.1, 2013v4.0"
"/Return/ReturnData/IRS990ScheduleG/GamingInformationGrp/CashPrizesBingoAmt",2238,2238,"2013v3.0, 2013v3.1, 2013v4.0"
"/Return/ReturnData/IRS990ScheduleK/TaxExemptBondsPrivateBusUseGrp/EngageBondCounselContractsInd",2236,964,"2013v3.0, 2013v3.1, 2013v4.0"
"/Return/ReturnData/IRS990EZ/TypeOfOrganizationOtherDesc",2234,2234,"2013v3.0, 2013v3.1, 2013v4.0"
"/Return/ReturnData/IRS990ScheduleH/UnreimbursedMedicaidGrp",2230,2230,"2013v3.0, 2013v3.1, 2013v4.0"
"/Return/ReturnData/IRS990/NetIncmFromFundraisingEvtGrp/UnrelatedBusinessRevenueAmt",2225,2225,"2013v3.0, 2013v3.1, 2013v4.0"
"/Return/ReturnData/IRS990ScheduleH/UnreimbursedMedicaidGrp/TotalCommunityBenefitExpnsAmt",2221,2221,"2013v3.0, 2013v3.1, 2013v4.0"
"/Return/ReturnData/IRS990ScheduleH/UnreimbursedMedicaidGrp/NetCommunityBenefitExpnsAmt",2210,2210,"2013v3.0, 2013v3.1, 2013v4.0"
"/Return/ReturnData/IRS990ScheduleH/TotalOtherBenefitsGrp/TotalExpensePct",2208,2208,"2013v3.0, 2013v3.1, 2013v4.0"
"/Return/ReturnData/IRS990ScheduleH/TotalFinancialAssistanceTyp/DirectOffsettingRevenueAmt",2207,2207,"2013v3.0, 2013v3.1, 2013v4.0"
"/Return/ReturnData/IRS990ScheduleM/RealEstateResidentialGrp",2202,2202,"2013v3.0, 2013v3.1, 2013v4.0"
"/Return/ReturnData/IRS990ScheduleC/TotLbbyExpendMnsLbbyngNonTxGrp/FilingOrganizationsTotalAmt",2184,2184,"2013v3.0, 2013v3.1, 2013v4.0"
"/Return/ReturnData/IRS990ScheduleM/RealEstateCommercialGrp",2183,2183,"2013v3.0, 2013v3.1, 2013v4.0"
"/Return/ReturnData/IRS990/TotalJointCostsGrp",2175,2175,"2013v3.0, 2013v3.1, 2013v4.0"
"/Return/ReturnData/IRS990ScheduleG/GamingInformationGrp/RentFcltyCostsTotalGamingAmt",2168,2168,"2013v3.0, 2013v3.1, 2013v4.0"
"/Return/ReturnData/IRS990/TotalJointCostsGrp/TotalAmt",2164,2164,"2013v3.0, 2013v3.1, 2013v4.0"
"/Return/ReturnData/IRS990ScheduleH/UnreimbursedMedicaidGrp/TotalExpensePct",2138,2138,"2013v3.0, 2013v3.1, 2013v4.0"
"/Return/ReturnData/IRS990ScheduleL/LoansBtwnOrgInterestedPrsnGrp/BusinessName",2136,1162,"2013v3.0, 2013v3.1, 2013v4.0"
"/Return/ReturnData/IRS990ScheduleL/LoansBtwnOrgInterestedPrsnGrp/BusinessName/BusinessNameLine1",2136,1162,"2013v3.0, 2013v3.1, 2013v4.0"
"/Return/ReturnData/IRS990ScheduleH/UnreimbursedMedicaidGrp/DirectOffsettingRevenueAmt",2135,2135,"2013v3.0, 2013v3.1, 2013v4.0"
"/Return/ReturnData/IRS990ScheduleC/TotLbbyngGrassrootMnsNonTxGrp/FilingOrganizationsTotalAmt",2123,2123,"2013v3.0, 2013v3.1, 2013v4.0"
"/Return/ReturnData/IRS990ScheduleR/IdDisregardedEntitiesGrp/DirectControllingNACd",2117,887,"2013v3.0, 2013v3.1, 2013v4.0"
"/Return/ReturnData/IRS990ScheduleG/GamingInformationGrp/VolunteerLaborOtherGamingPct",2114,2114,"2013v3.0, 2013v3.1, 2013v4.0"
"/Return/ReturnData/IRS990ScheduleM/RealEstateOtherGrp",2114,2114,"2013v3.0, 2013v3.1, 2013v4.0"
"/Return/ReturnData/IRS990ScheduleG/GamingInformationGrp/CashPrizesOtherGamingAmt",2085,2085,"2013v3.0, 2013v3.1, 2013v4.0"
"/Return/ReturnData/IRS990ScheduleH/HospitalFacilitiesGrp/StateLicenseNum",2085,1348,"2013v3.0, 2013v3.1, 2013v4.0"
"/Return/ReturnData/IRS990ScheduleH/HospitalFcltyPoliciesPrctcGrp/MedicalIndigencyInd",2066,1628,"2013v3.0, 2013v3.1, 2013v4.0"
"/Return/ReturnData/IRS990/NetIncomeFromGamingGrp/UnrelatedBusinessRevenueAmt",2065,2065,"2013v3.0, 2013v3.1, 2013v4.0"
"/Return/ReturnData/IRS990ScheduleK/TaxExemptBondsPrivateBusUseGrp/RemedialActionTakenInd",2065,880,"2013v3.0, 2013v3.1, 2013v4.0"
"/Return/ReturnData/IRS990ScheduleL/GrntAsstBnftInterestedPrsnGrp",2050,1029,"2013v3.0, 2013v3.1, 2013v4.0"
"/Return/ReturnData/IRS990EZ/LoansToFromOfficersAmt",2049,2049,"2013v3.0, 2013v3.1, 2013v4.0"
"/Return/ReturnData/IRS990ScheduleC/TaxableAmt",2032,2032,"2013v3.0, 2013v3.1, 2013v4.0"
"/Return/ReturnData/IRS990ScheduleH/ReportPublicallyAvailableInd",2022,2022,"2013v3.0, 2013v3.1, 2013v4.0"
"/Return/ReturnData/IRS990ScheduleH/CommunityHealthServicesGrp",2021,2021,"2013v3.0, 2013v3.1, 2013v4.0"
"/Return/ReturnData/IRS990ScheduleG/GamingManagerIsDirectorOfcrInd",2018,2018,"2013v3.0, 2013v3.1, 2013v4.0"
"/Return/ReturnData/IRS990ScheduleH/HospitalFcltyPoliciesPrctcGrp/FAPNotifiedAllPatientsInd",2017,1684,"2013v3.0, 2013v3.1, 2013v4.0"
"/Return/ReturnData/IRS990ScheduleA/SupportingOrgType3NonFuncInd",2012,2012,"2013v3.0, 2013v3.1, 2013v4.0"
"/Return/ReturnData/IRS990ScheduleH/CommunityHealthServicesGrp/NetCommunityBenefitExpnsAmt",2011,2011,"2013v3.0, 2013v3.1, 2013v4.0"
"/Return/ReturnData/IRS990ScheduleH/CommunityHealthServicesGrp/TotalCommunityBenefitExpnsAmt",2007,2007,"2013v3.0, 2013v3.1, 2013v4.0"
"/Return/ReturnData/IRS990/JointCostsInd",1996,1996,"2013v3.0, 2013v3.1, 2013v4.0"
"/Return/ReturnData/IRS990ScheduleD/WrittenPolicyMonitoringInd",1994,1994,"2013v3.0, 2013v3.1, 2013v4.0"
"/Return/ReturnData/IRS990ScheduleH/CommunityHealthServicesGrp/TotalExpensePct",1986,1986,"2013v3.0, 2013v3.1, 2013v4.0"
"/Return/ReturnData/IRS990ScheduleH/HospitalFcltyPoliciesPrctcGrp/InformationGapsInd",1977,1626,"2013v3.0, 2013v3.1, 2013v4.0"
"/Return/ReturnData/IRS990ScheduleK/TaxExemptBondsArbitrageGrp/SuperintegratedHedgeInd",1974,1359,"2013v3.0, 2013v3.1, 2013v4.0"
"/Return/ReturnData/IRS990ScheduleN/LiquidationOfAssetsTableGrp/LiquidationOfAssetsDetail/BusinessName",1974,815,"2013v3.0, 2013v3.1, 2013v4.0"
"/Return/ReturnData/IRS990ScheduleN/LiquidationOfAssetsTableGrp/LiquidationOfAssetsDetail/BusinessName/BusinessNameLine1",1974,815,"2013v3.0, 2013v3.1, 2013v4.0"
"/Return/ReturnData/IRS990ScheduleD/LossesReportedAmt",1969,1969,"2013v3.0, 2013v3.1, 2013v4.0"
"/Return/ReturnData/IRS990EZ/ProgramSrvcAccomplishmentGrp/ForeignGrantsInd",1962,1484,"2013v3.0, 2013v3.1, 2013v4.0"
"/Return/ReturnData/IRS990ScheduleR/IdRelatedTaxExemptOrgGrp/DisregardedEntityName/BusinessNameLine2",1959,991,"2013v3.0, 2013v3.1, 2013v4.0"
"/Return/ReturnData/IRS990ScheduleK/TaxExemptBondsArbitrageGrp/HedgeTerminatedInd",1953,1360,"2013v3.0, 2013v3.1, 2013v4.0"
"/Return/ReturnData/IRS990ScheduleM/CollectiblesGrp",1948,1948,"2013v3.0, 2013v3.1, 2013v4.0"
"/Return/ReturnData/IRS990ScheduleH/HospitalFcltyPoliciesPrctcGrp/DocumentedEligDeterminationInd",1940,1606,"2013v3.0, 2013v3.1, 2013v4.0"
"/Return/ReturnData/IRS990ScheduleN/BondsOutstandingInd",1933,1933,"2013v3.0, 2013v3.1, 2013v4.0"
"/Return/ReturnData/IRS990ScheduleN/RequiredToNotifyAGInd",1933,1933,"2013v3.0, 2013v3.1, 2013v4.0"
"/Return/ReturnData/IRS990ScheduleN/AssetsDistributedInd",1932,1932,"2013v3.0, 2013v3.1, 2013v4.0"
"/Return/ReturnData/IRS990ScheduleN/LiabilitiesPaidInd",1932,1932,"2013v3.0, 2013v3.1, 2013v4.0"
"/Return/ReturnData/IRS990ScheduleH/HospitalFcltyPoliciesPrctcGrp/PostedOnWebsiteInd",1912,1567,"2013v3.0, 2013v3.1, 2013v4.0"
"/Return/ReturnData/IRS990ScheduleN/DispositionOfAssetsDetail",1902,978,"2013v3.0, 2013v3.1, 2013v4.0"
"/Return/ReturnData/IRS990ScheduleN/DispositionOfAssetsDetail/AssetsDistriOrExpnssPaidDesc",1899,975,"2013v3.0, 2013v3.1, 2013v4.0"
"/Return/ReturnData/IRS990ScheduleL/GrntAsstBnftInterestedPrsnGrp/CashGrantAmt",1887,946,"2013v3.0, 2013v3.1, 2013v4.0"
"/Return/ReturnData/IRS990ScheduleH/HospitalFcltyPoliciesPrctcGrp/InsuranceStatusInd",1886,1497,"2013v3.0, 2013v3.1, 2013v4.0"
"/Return/ReturnData/IRS990ScheduleH/HospitalFcltyPoliciesPrctcGrp/AssetLevelInd",1859,1543,"2013v3.0, 2013v3.1, 2013v4.0"
"/Return/ReturnData/IRS990ScheduleH/HospitalFcltyPoliciesPrctcGrp/UninsuredDiscountInd",1859,1472,"2013v3.0, 2013v3.1, 2013v4.0"
"/Return/ReturnData/IRS990ScheduleL/GrntAsstBnftInterestedPrsnGrp/TypeOfAssistanceTxt",1859,971,"2013v3.0, 2013v3.1, 2013v4.0"
"/Return/ReturnData/IRS990ScheduleN/DirectorOfSuccessorInd",1857,1857,"2013v3.0, 2013v3.1, 2013v4.0"
"/Return/ReturnData/IRS990ScheduleN/EmployeeOfSuccessorInd",1855,1855,"2013v3.0, 2013v3.1, 2013v4.0"
"/Return/ReturnData/IRS990ScheduleN/OwnerOfSuccessorInd",1855,1855,"2013v3.0, 2013v3.1, 2013v4.0"
"/Return/ReturnData/IRS990ScheduleN/DispositionOfAssetsDetail/DistributionDt",1854,942,"2013v3.0, 2013v3.1, 2013v4.0"
"/Return/ReturnData/IRS990ScheduleN/ReceiveCompensationInd",1852,1852,"2013v3.0, 2013v3.1, 2013v4.0"
"/Return/ReturnData/IRS990ScheduleF/TotalOtherOrgCnt",1847,1847,"2013v3.0, 2013v3.1, 2013v4.0"
"/Return/ReturnData/IRS990ScheduleD/PriorYearAdjustmentsAmt",1843,1843,"2013v3.0, 2013v3.1, 2013v4.0"
"/Return/ReturnData/IRS990ScheduleN/DispositionOfAssetsDetail/FairMarketValueOfAssetAmt",1840,938,"2013v3.0, 2013v3.1, 2013v4.0"
"/Return/ReturnData/IRS990ScheduleC/PoliticalExpendituresAmt",1829,1829,"2013v3.0, 2013v3.1, 2013v4.0"
"/Return/ReturnData/IRS990ScheduleC/AvgGrassrootsLobbyingExpendGrp",1823,1823,"2013v3.0, 2013v3.1, 2013v4.0"
"/Return/ReturnData/IRS990ScheduleD/CollUsedScholarlyRsrchInd",1823,1823,"2013v3.0, 2013v3.1, 2013v4.0"
"/Return/ReturnData/IRS990ScheduleN/LiquidationOfAssetsTableGrp",1822,1822,"2013v3.0, 2013v3.1, 2013v4.0"
"/Return/ReturnData/IRS990/InfoInScheduleOPartVIIIInd",1818,1818,"2013v3.0, 2013v3.1, 2013v4.0"
"/Return/ReturnData/IRS990ScheduleH/HospitalFcltyPoliciesPrctcGrp/OtherMethodUsedInd",1811,1479,"2013v3.0, 2013v3.1, 2013v4.0"
"/Return/ReturnData/IRS990ScheduleH/HospitalFcltyPoliciesPrctcGrp/FAPNotifiedUponAdmissionInd",1805,1497,"2013v3.0, 2013v3.1, 2013v4.0"
"/Return/ReturnData/IRS990ScheduleK/TaxExemptBondsArbitrageGrp/TermOfHedgePct",1799,1277,"2013v3.0, 2013v3.1, 2013v4.0"
"/Return/ReturnData/IRS990ScheduleL/GrntAsstBnftInterestedPrsnGrp/RelationshipWithOrgTxt",1776,813,"2013v3.0, 2013v3.1, 2013v4.0"
"/Return/ReturnData/IRS990ScheduleF/ForeignIndividualsGrantsGrp/DescriptionOfNonCashAsstTxt",1770,403,"2013v3.0, 2013v3.1, 2013v4.0"
"/Return/ReturnData/IRS990/InitialReturnInd",1748,1748,"2013v3.0, 2013v3.1, 2013v4.0"
"/Return/ReturnData/IRS990ScheduleC/AvgGrassrootsLobbyingExpendGrp/TotalAmt",1742,1742,"2013v3.0, 2013v3.1, 2013v4.0"
"/Return/ReturnData/IRS990ScheduleN/DispositionOfAssetsDetail/MethodOfFMVDeterminationTxt",1738,893,"2013v3.0, 2013v3.1, 2013v4.0"
"/Return/ReturnData/IRS990ScheduleH/CashAndInKindContributionsGrp",1736,1736,"2013v3.0, 2013v3.1, 2013v4.0"
"/Return/ReturnData/IRS990ScheduleC/TotalGrassrootsLobbyingGrp/FilingOrganizationsTotalAmt",1719,1719,"2013v3.0, 2013v3.1, 2013v4.0"
"/Return/ReturnData/IRS990ScheduleD/RecoveriesPriorYearGrantsAmt",1719,1719,"2013v3.0, 2013v3.1, 2013v4.0"
"/Return/ReturnData/IRS990ScheduleH/CashAndInKindContributionsGrp/NetCommunityBenefitExpnsAmt",1717,1717,"2013v3.0, 2013v3.1, 2013v4.0"
"/Return/ReturnData/IRS990ScheduleH/CashAndInKindContributionsGrp/TotalCommunityBenefitExpnsAmt",1715,1715,"2013v3.0, 2013v3.1, 2013v4.0"
"/Return/ReturnData/IRS990ScheduleH/TotalOtherBenefitsGrp/DirectOffsettingRevenueAmt",1713,1713,"2013v3.0, 2013v3.1, 2013v4.0"
"/Return/ReturnData/IRS990/AmendedReturnInd",1708,1708,"2013v3.0, 2013v3.1, 2013v4.0"
"/Return/ReturnData/IRS990ScheduleH/HospitalFcltyPoliciesPrctcGrp/DevelopCommunityWidePlanInd",1706,1443,"2013v3.0, 2013v3.1, 2013v4.0"
"/Return/ReturnData/IRS990ScheduleH/HospitalFcltyPoliciesPrctcGrp/MedicaidMedicareInd",1699,1364,"2013v3.0, 2013v3.1, 2013v4.0"
"/Return/ReturnData/IRS990ScheduleH/HospitalFcltyPoliciesPrctcGrp/IncludeOperationalPlanInd",1698,1365,"2013v3.0, 2013v3.1, 2013v4.0"
"/Return/ReturnData/IRS990ScheduleM/HistoricalArtifactsGrp",1692,1692,"2013v3.0, 2013v3.1, 2013v4.0"
"/Return/ReturnData/IRS990ScheduleG/GamingInformationGrp/VolunteerLaborBingoPct",1691,1691,"2013v3.0, 2013v3.1, 2013v4.0"
"/Return/ReturnData/IRS990/Form990PartVIISectionAGrp/BusinessName/BusinessNameLine2",1683,356,"2013v3.0, 2013v3.1, 2013v4.0"
"/Return/ReturnData/IRS990/InfoInScheduleOPartXInd",1682,1682,"2013v3.0, 2013v3.1, 2013v4.0"
"/Return/ReturnData/IRS990ScheduleH/HospitalFcltyPoliciesPrctcGrp/AdoptBudgetInd",1679,1352,"2013v3.0, 2013v3.1, 2013v4.0"
"/Return/ReturnData/IRS990/MembersAndShrGrossIncomeAmt",1672,1672,"2013v3.0, 2013v3.1, 2013v4.0"
"/Return/ReturnData/IRS990/BooksInCareOfDetail/BusinessName/BusinessNameLine2",1669,1669,"2013v3.0, 2013v3.1, 2013v4.0"
"/Return/ReturnData/IRS990ScheduleM/BoatsAndPlanesGrp",1669,1669,"2013v3.0, 2013v3.1, 2013v4.0"
"/Return/ReturnData/IRS990ScheduleD/FinancialDerivativesGrp",1668,1668,"2013v3.0, 2013v3.1, 2013v4.0"
"/Return/ReturnData/IRS990ScheduleH/CashAndInKindContributionsGrp/TotalExpensePct",1661,1661,"2013v3.0, 2013v3.1, 2013v4.0"
"/Return/ReturnData/IRS990ScheduleH/BadDebtExpenseAttributableAmt",1657,1657,"2013v3.0, 2013v3.1, 2013v4.0"
"/Return/ReturnData/IRS990ScheduleH/HealthProfessionsEducationGrp",1652,1652,"2013v3.0, 2013v3.1, 2013v4.0"
"/Return/ReturnData/IRS990ScheduleH/HospitalFcltyPoliciesPrctcGrp/PostedInAdmissionOfficeInd",1652,1384,"2013v3.0, 2013v3.1, 2013v4.0"
"/Return/ReturnData/IRS990ScheduleD/DonorAdvisedFundsHeldCnt",1649,1649,"2013v3.0, 2013v3.1, 2013v4.0"
"/Return/ReturnData/IRS990ScheduleM/SecuritiesMiscellaneousGrp",1648,1648,"2013v3.0, 2013v3.1, 2013v4.0"
"/Return/ReturnData/IRS990ScheduleD/ArtPublicExhibitionAmountsGrp/AssetsIncludedAmt",1641,1641,"2013v3.0, 2013v3.1, 2013v4.0"
"/Return/ReturnData/IRS990ScheduleH/HealthProfessionsEducationGrp/NetCommunityBenefitExpnsAmt",1637,1637,"2013v3.0, 2013v3.1, 2013v4.0"
"/Return/ReturnData/IRS990ScheduleM/QualifiedContribOtherGrp",1637,1637,"2013v3.0, 2013v3.1, 2013v4.0"
"/Return/ReturnData/IRS990ScheduleM/SecuritiesCloselyHeldStockGrp",1636,1636,"2013v3.0, 2013v3.1, 2013v4.0"
"/Return/ReturnData/IRS990ScheduleH/HealthProfessionsEducationGrp/TotalCommunityBenefitExpnsAmt",1633,1633,"2013v3.0, 2013v3.1, 2013v4.0"
"/Return/ReturnData/IRS990ScheduleA/CommunityTrustInd",1631,1631,"2013v3.0, 2013v3.1, 2013v4.0"
"/Return/ReturnData/IRS990ScheduleN/DispositionOfAssetsDetail/USAddress",1625,868,"2013v3.0, 2013v3.1, 2013v4.0"
"/Return/ReturnData/IRS990ScheduleN/DispositionOfAssetsDetail/USAddress/AddressLine1",1625,868,"2013v3.0, 2013v3.1, 2013v4.0"
"/Return/ReturnData/IRS990ScheduleN/DispositionOfAssetsDetail/USAddress/City",1625,868,"2013v3.0, 2013v3.1, 2013v4.0"
"/Return/ReturnData/IRS990ScheduleN/DispositionOfAssetsDetail/USAddress/State",1625,868,"2013v3.0, 2013v3.1, 2013v4.0"
"/Return/ReturnData/IRS990ScheduleN/DispositionOfAssetsDetail/USAddress/ZIPCode",1625,868,"2013v3.0, 2013v3.1, 2013v4.0"
"/Return/ReturnData/IRS990ScheduleM/SecurPrtnrshpTrustIntrstsGrp",1621,1621,"2013v3.0, 2013v3.1, 2013v4.0"
"/Return/ReturnData/IRS990ScheduleM/ArtHistoricalTreasuresGrp",1617,1617,"2013v3.0, 2013v3.1, 2013v4.0"
"/Return/ReturnData/IRS990ScheduleH/HealthProfessionsEducationGrp/TotalExpensePct",1608,1608,"2013v3.0, 2013v3.1, 2013v4.0"
"/Return/ReturnData/IRS990ScheduleN/DispositionOfAssetsDetail/IRCSectionTxt",1608,825,"2013v3.0, 2013v3.1, 2013v4.0"
"/Return/ReturnData/IRS990ScheduleH/HospitalFcltyPoliciesPrctcGrp/PostedInEmergencyRoomInd",1601,1337,"2013v3.0, 2013v3.1, 2013v4.0"
"/Return/ReturnData/IRS990ScheduleH/CostingMethodologyUsedGrp/CostToChargeRatioInd",1595,1595,"2013v3.0, 2013v3.1, 2013v4.0"
"/Return/ReturnData/IRS990/OtherSourcesGrossIncomeAmt",1594,1594,"2013v3.0, 2013v3.1, 2013v4.0"
"/Return/ReturnHeader/PreparerFirmGrp/PreparerUSAddress/AddressLine2",1592,1592,"2013v3.0, 2013v3.1, 2013v4.0"
"/Return/ReturnData/IRS990ScheduleM/WorksOfArtGrp/NonCashCheckboxInd",1587,1587,"2013v3.0, 2013v3.1, 2013v4.0"
"/Return/ReturnData/IRS990ScheduleD/DonorAdvisedFundsVlEOYAmt",1586,1586,"2013v3.0, 2013v3.1, 2013v4.0"
"/Return/ReturnData/IRS990ScheduleR/IdRelatedTaxExemptOrgGrp/LegalDomicileForeignCountryCd",1585,754,"2013v3.0, 2013v3.1, 2013v4.0"
"/Return/ReturnData/IRS990/USAddress/AddressLine2",1582,1582,"2013v3.0, 2013v3.1, 2013v4.0"
"/Return/ReturnData/IRS990ScheduleF/ForeignIndividualsGrantsGrp/NonCashAssistanceAmt",1580,377,"2013v3.0, 2013v3.1, 2013v4.0"
"/Return/ReturnData/IRS990ScheduleA/FactsAndCircumstancesTestTxt",1574,1574,"2013v3.0, 2013v3.1, 2013v4.0"
"/Return/ReturnData/IRS990ScheduleM/WorksOfArtGrp/ContributionCnt",1571,1571,"2013v3.0, 2013v3.1, 2013v4.0"
"/Return/ReturnData/IRS990ScheduleM/IntellectualPropertyGrp",1564,1564,"2013v3.0, 2013v3.1, 2013v4.0"
"/Return/ReturnData/IRS990ScheduleI/RecipientTable/RecipientBusinessName/BusinessNameLine2",1563,641,"2013v3.0, 2013v3.1, 2013v4.0"
"/Return/ReturnData/IRS990EZ/CntrctRcvdGreaterThan100KCnt",1559,1559,"2013v3.0, 2013v3.1, 2013v4.0"
"/Return/ReturnData/IRS990ScheduleG/GamingInformationGrp/VolunteerLaborPullTabsPct",1556,1556,"2013v3.0, 2013v3.1, 2013v4.0"
"/Return/ReturnData/IRS990ScheduleM/ScientificSpecimensGrp",1544,1544,"2013v3.0, 2013v3.1, 2013v4.0"
"/Return/ReturnData/IRS990ScheduleG/FundraisingEventInformationGrp/CashPrizesOtherEventsAmt",1543,1543,"2013v3.0, 2013v3.1, 2013v4.0"
"/Return/ReturnData/IRS990ScheduleH/AllHospitalsPolicyInd",1536,1536,"2013v3.0, 2013v3.1, 2013v4.0"
"/Return/ReturnData/IRS990ScheduleC/Section527PoliticalOrgGrp/ContributionsRcvdDlvrAmt",1534,740,"2013v3.0, 2013v3.1, 2013v4.0"
"/Return/ReturnData/IRS990ScheduleH/HospitalFcltyPoliciesPrctcGrp/FAPNotifiedBeforeDischargeInd",1526,1288,"2013v3.0, 2013v3.1, 2013v4.0"
"/Return/ReturnData/IRS990EZ/OtherEmployeePaidOver100kCnt",1524,1524,"2013v3.0, 2013v3.1, 2013v4.0"
"/Return/ReturnData/IRS990ScheduleM/ArtFractionalInterestGrp",1521,1521,"2013v3.0, 2013v3.1, 2013v4.0"
"/Return/ReturnData/IRS990ScheduleM/TaxidermyGrp",1520,1520,"2013v3.0, 2013v3.1, 2013v4.0"
"/Return/ReturnData/IRS990ScheduleM/ArchaeologicalArtifactsGrp",1519,1519,"2013v3.0, 2013v3.1, 2013v4.0"
"/Return/ReturnData/IRS990ScheduleL/GrntAsstBnftInterestedPrsnGrp/PersonNm",1512,672,"2013v3.0, 2013v3.1, 2013v4.0"
"/Return/ReturnData/IRS990ScheduleH/FacilityNum",1508,1508,"2013v3.0, 2013v3.1, 2013v4.0"
"/Return/ReturnData/IRS990ScheduleM/QualifiedContribHistStructGrp",1507,1507,"2013v3.0, 2013v3.1, 2013v4.0"
"/Return/ReturnData/IRS990ScheduleH/OthHlthCareFcltsNotHospitalGrp",1493,1493,"2013v3.0, 2013v3.1, 2013v4.0"
"/Return/ReturnData/IRS990ScheduleC/AvgGrassrootsLobbyingExpendGrp/CurrentYearAmt",1478,1478,"2013v3.0, 2013v3.1, 2013v4.0"
"/Return/ReturnData/IRS990ScheduleH/HospitalFcltyPoliciesPrctcGrp/ExecCommunityWidePlanInd",1477,1233,"2013v3.0, 2013v3.1, 2013v4.0"
"/Return/ReturnData/IRS990ScheduleJ/IdemnificationGrossUpPmtsInd",1470,1470,"2013v3.0, 2013v3.1, 2013v4.0"
"/Return/ReturnData/IRS990ScheduleC/NonDedLbbyngPltclCyovAmt",1460,1460,"2013v3.0, 2013v3.1, 2013v4.0"
"/Return/ReturnData/IRS990ScheduleL/GrntAsstBnftInterestedPrsnGrp/AssistancePurposeTxt",1459,738,"2013v3.0, 2013v3.1, 2013v4.0"
"/Return/ReturnData/IRS990ScheduleM/WorksOfArtGrp/NoncashContributionsRptF990Amt",1446,1446,"2013v3.0, 2013v3.1, 2013v4.0"
"/Return/ReturnData/IRS990ScheduleC/AvgGrassrootsLobbyingExpendGrp/CurrentYearMinus1Amt",1445,1445,"2013v3.0, 2013v3.1, 2013v4.0"
"/Return/ReturnData/IRS990ScheduleG/DistributedAmt",1437,1437,"2013v3.0, 2013v3.1, 2013v4.0"
"/Return/ReturnData/IRS990ScheduleG/GamingInformationGrp/NonCashPrizesTotalGamingAmt",1435,1435,"2013v3.0, 2013v3.1, 2013v4.0"
"/Return/ReturnData/IRS990ScheduleG/GamingManagerCompensationAmt",1428,1428,"2013v3.0, 2013v3.1, 2013v4.0"
"/Return/ReturnData/IRS990ScheduleN/SupplementalInformationDetail",1418,993,"2013v3.0, 2013v3.1, 2013v4.0"
"/Return/ReturnData/IRS990ScheduleD/DonorAdvisedFundsContriAmt",1414,1414,"2013v3.0, 2013v3.1, 2013v4.0"
"/Return/ReturnData/IRS990ScheduleN/SupplementalInformationDetail/FormAndLineReferenceDesc",1413,992,"2013v3.0, 2013v3.1, 2013v4.0"
"/Return/ReturnData/IRS990ScheduleN/SupplementalInformationDetail/ExplanationTxt",1412,991,"2013v3.0, 2013v3.1, 2013v4.0"
"/Return/ReturnData/IRS990ScheduleR/IdRelatedTaxExemptOrgGrp/ForeignAddress",1397,683,"2013v3.0, 2013v3.1, 2013v4.0"
"/Return/ReturnData/IRS990ScheduleR/IdRelatedTaxExemptOrgGrp/ForeignAddress/AddressLine1",1397,683,"2013v3.0, 2013v3.1, 2013v4.0"
"/Return/ReturnData/IRS990ScheduleR/IdRelatedTaxExemptOrgGrp/ForeignAddress/Country",1397,683,"2013v3.0, 2013v3.1, 2013v4.0"
"/Return/ReturnData/IRS990ScheduleC/AvgGrassrootsLobbyingExpendGrp/CurrentYearMinus2Amt",1382,1382,"2013v3.0, 2013v3.1, 2013v4.0"
"/Return/ReturnData/IRS990ScheduleM/CarsAndOtherVehiclesGrp/NoncashContributionsRptF990Amt",1381,1381,"2013v3.0, 2013v3.1, 2013v4.0"
"/Return/ReturnData/IRS990ScheduleH/SubsidizedHealthServicesGrp",1373,1373,"2013v3.0, 2013v3.1, 2013v4.0"
"/Return/ReturnData/IRS990ScheduleH/TotalCommuntityBuildingActyGrp",1370,1370,"2013v3.0, 2013v3.1, 2013v4.0"
"/Return/ReturnData/IRS990ScheduleH/TotalCommuntityBuildingActyGrp/TotalCommunityBenefitExpnsAmt",1368,1368,"2013v3.0, 2013v3.1, 2013v4.0"
"/Return/ReturnData/IRS990ScheduleM/WorksOfArtGrp/MethodOfDeterminingRevenuesTxt",1365,1365,"2013v3.0, 2013v3.1, 2013v4.0"
"/Return/ReturnData/IRS990ScheduleM/CarsAndOtherVehiclesGrp/NonCashCheckboxInd",1364,1364,"2013v3.0, 2013v3.1, 2013v4.0"
"/Return/ReturnData/IRS990ScheduleD/DonorAdvisedFundsGrantsAmt",1363,1363,"2013v3.0, 2013v3.1, 2013v4.0"
"/Return/ReturnData/IRS990ScheduleH/TotalCommuntityBuildingActyGrp/NetCommunityBenefitExpnsAmt",1359,1359,"2013v3.0, 2013v3.1, 2013v4.0"
"/Return/ReturnData/IRS990ScheduleM/CarsAndOtherVehiclesGrp/ContributionCnt",1354,1354,"2013v3.0, 2013v3.1, 2013v4.0"
"/Return/ReturnData/IRS990ScheduleH/ManagementCoAndJntVenturesGrp",1352,593,"2013v3.0, 2013v3.1, 2013v4.0"
"/Return/ReturnData/IRS990ScheduleH/ManagementCoAndJntVenturesGrp/EntityName",1352,593,"2013v3.0, 2013v3.1, 2013v4.0"
"/Return/ReturnData/IRS990ScheduleH/ManagementCoAndJntVenturesGrp/EntityName/BusinessNameLine1",1352,593,"2013v3.0, 2013v3.1, 2013v4.0"
"/Return/ReturnData/IRS990ScheduleN/AttorneyGeneralNotifiedInd",1350,1350,"2013v3.0, 2013v3.1, 2013v4.0"
"/Return/ReturnData/IRS990ScheduleA/CollegeOrganizationInd",1346,1346,"2013v3.0, 2013v3.1, 2013v4.0"
"/Return/ReturnData/IRS990ScheduleH/SubsidizedHealthServicesGrp/NetCommunityBenefitExpnsAmt",1344,1344,"2013v3.0, 2013v3.1, 2013v4.0"
"/Return/ReturnData/IRS990ScheduleN/DispositionOfAssetsDetail/EIN",1339,696,"2013v3.0, 2013v3.1, 2013v4.0"
"/Return/ReturnData/IRS990ScheduleH/UnableToProvideCareInd",1336,1336,"2013v3.0, 2013v3.1, 2013v4.0"
"/Return/ReturnData/IRS990ScheduleH/SubsidizedHealthServicesGrp/TotalExpensePct",1330,1330,"2013v3.0, 2013v3.1, 2013v4.0"
"/Return/ReturnData/IRS990ScheduleC/AvgGrassrootsLobbyingExpendGrp/CurrentYearMinus3Amt",1325,1325,"2013v3.0, 2013v3.1, 2013v4.0"
"/Return/ReturnData/IRS990ScheduleH/SubsidizedHealthServicesGrp/TotalCommunityBenefitExpnsAmt",1323,1323,"2013v3.0, 2013v3.1, 2013v4.0"
"/Return/ReturnData/IRS990ScheduleM/BooksAndPublicationsGrp/NonCashCheckboxInd",1320,1320,"2013v3.0, 2013v3.1, 2013v4.0"
"/Return/ReturnData/IRS990/Form8886TFiledInd",1307,1307,"2013v3.0, 2013v3.1, 2013v4.0"
"/Return/ReturnData/IRS990ScheduleH/HospitalFcltyPoliciesPrctcGrp/StateRegulationInd",1303,1018,"2013v3.0, 2013v3.1, 2013v4.0"
"/Return/ReturnData/IRS990ScheduleM/BooksAndPublicationsGrp/NoncashContributionsRptF990Amt",1303,1303,"2013v3.0, 2013v3.1, 2013v4.0"
"/Return/ReturnData/IRS990ScheduleH/HospitalFcltyPoliciesPrctcGrp/ProvidedOnAdmissionInd",1284,1066,"2013v3.0, 2013v3.1, 2013v4.0"
"/Return/ReturnData/IRS990ScheduleM/CarsAndOtherVehiclesGrp/MethodOfDeterminingRevenuesTxt",1276,1276,"2013v3.0, 2013v3.1, 2013v4.0"
"/Return/ReturnData/IRS990ScheduleH/ManagementCoAndJntVenturesGrp/PrimaryActivitiesTxt",1264,547,"2013v3.0, 2013v3.1, 2013v4.0"
"/Return/ReturnData/IRS990ScheduleR/IdRelatedTaxExemptOrgGrp/ForeignAddress/City",1261,643,"2013v3.0, 2013v3.1, 2013v4.0"
"/Return/ReturnData/IRS990ScheduleR/IdRelatedTaxExemptOrgGrp/DirectControllingEntityName/BusinessNameLine2",1247,413,"2013v3.0, 2013v3.1, 2013v4.0"
"/Return/ReturnData/IRS990ScheduleG/GamingManagerIsEmployeeInd",1237,1237,"2013v3.0, 2013v3.1, 2013v4.0"
"/Return/ReturnData/IRS990ScheduleM/BooksAndPublicationsGrp/MethodOfDeterminingRevenuesTxt",1231,1231,"2013v3.0, 2013v3.1, 2013v4.0"
"/Return/ReturnData/IRS990ScheduleD/CloselyHeldEquityInterestsGrp/BookValueAmt",1218,1218,"2013v3.0, 2013v3.1, 2013v4.0"
"/Return/ReturnData/IRS990ScheduleH/ManagementCoAndJntVenturesGrp/OrgProfitOrOwnershipPct",1217,536,"2013v3.0, 2013v3.1, 2013v4.0"
"/Return/ReturnData/IRS990ScheduleJ/FirstClassOrCharterTravelInd",1217,1217,"2013v3.0, 2013v3.1, 2013v4.0"
"/Return/ReturnData/CompensationExplanation/CompensationExplanationGrp/BusinessName",1209,420,"2013v3.0, 2013v3.1, 2013v4.0"
"/Return/ReturnData/CompensationExplanation/CompensationExplanationGrp/BusinessName/BusinessNameLine1",1209,420,"2013v3.0, 2013v3.1, 2013v4.0"
"/Return/ReturnData/IRS990ScheduleN/DispositionOfAssetsDetail/BusinessName",1197,637,"2013v3.0, 2013v3.1, 2013v4.0"
"/Return/ReturnData/IRS990ScheduleN/DispositionOfAssetsDetail/BusinessName/BusinessNameLine1",1197,637,"2013v3.0, 2013v3.1, 2013v4.0"
"/Return/ReturnData/IRS990ScheduleH/CommunityHealthServicesGrp/DirectOffsettingRevenueAmt",1195,1195,"2013v3.0, 2013v3.1, 2013v4.0"
"/Return/ReturnData/IRS990ScheduleH/Percent200Ind",1178,1178,"2013v3.0, 2013v3.1, 2013v4.0"
"/Return/ReturnData/IRS990ScheduleD/StatesEasementsHeldCnt",1175,1175,"2013v3.0, 2013v3.1, 2013v4.0"
"/Return/ReturnData/IRS990ScheduleA/SupportedOrgInformationGrp/SupportedOrganizationName/BusinessNameLine2",1168,875,"2013v3.0, 2013v3.1, 2013v4.0"
"/Return/ReturnData/IRS990ScheduleC/Form4720FiledSection4955TaxInd",1165,1165,"2013v3.0, 2013v3.1, 2013v4.0"
"/Return/ReturnData/IRS990ScheduleH/HospitalFcltyPoliciesPrctcGrp/OtherPublicityInd",1164,906,"2013v3.0, 2013v3.1, 2013v4.0"
"/Return/ReturnData/IRS990ScheduleH/TotalCommuntityBuildingActyGrp/TotalExpensePct",1163,1163,"2013v3.0, 2013v3.1, 2013v4.0"
"/Return/ReturnData/IRS990ScheduleM/DrugsAndMedicalSuppliesGrp/NoncashContributionsRptF990Amt",1161,1161,"2013v3.0, 2013v3.1, 2013v4.0"
"/Return/ReturnData/IRS990ScheduleA/TenPctFactsCrcmstncsTestCYInd",1147,1147,"2013v3.0, 2013v3.1, 2013v4.0"
"/Return/ReturnData/IRS990ScheduleM/DrugsAndMedicalSuppliesGrp/NonCashCheckboxInd",1147,1147,"2013v3.0, 2013v3.1, 2013v4.0"
"/Return/ReturnData/IRS990ScheduleD/TotalEasementsCnt",1139,1139,"2013v3.0, 2013v3.1, 2013v4.0"
"/Return/ReturnData/IRS990ScheduleD/EndingBalanceAmt",1116,1116,"2013v3.0, 2013v3.1, 2013v4.0"
"/Return/ReturnData/IRS990ScheduleC/CarriedOverAmt",1097,1097,"2013v3.0, 2013v3.1, 2013v4.0"
"/Return/ReturnData/IRS990ScheduleC/CorrectionMadeInd",1095,1095,"2013v3.0, 2013v3.1, 2013v4.0"
"/Return/ReturnData/IRS990ScheduleD/BeginningBalanceAmt",1087,1087,"2013v3.0, 2013v3.1, 2013v4.0"
"/Return/ReturnData/IRS990ScheduleH/SubsidizedHealthServicesGrp/DirectOffsettingRevenueAmt",1086,1086,"2013v3.0, 2013v3.1, 2013v4.0"
"/Return/ReturnData/IRS990ScheduleN/DirectorOfSuccessor2Ind",1086,1086,"2013v3.0, 2013v3.1, 2013v4.0"
"/Return/ReturnData/IRS990ScheduleN/EmployeeOfSuccessor2Ind",1085,1085,"2013v3.0, 2013v3.1, 2013v4.0"
"/Return/ReturnData/IRS990ScheduleN/OwnerOfSuccessor2Ind",1083,1083,"2013v3.0, 2013v3.1, 2013v4.0"
"/Return/ReturnData/IRS990ScheduleN/ReceiveCompensation2Ind",1083,1083,"2013v3.0, 2013v3.1, 2013v4.0"
"/Return/ReturnData/IRS990EZ/TypeOfOrganizationTrustInd",1081,1081,"2013v3.0, 2013v3.1, 2013v4.0"
"/Return/ReturnData/IRS990ScheduleG/PersonsWithBooksName",1079,1079,"2013v3.0, 2013v3.1, 2013v4.0"
"/Return/ReturnData/IRS990ScheduleG/PersonsWithBooksName/BusinessNameLine1",1079,1079,"2013v3.0, 2013v3.1, 2013v4.0"
"/Return/ReturnData/IRS990ScheduleH/HospitalFcltyPoliciesPrctcGrp/AttachedToInvoiceInd",1077,919,"2013v3.0, 2013v3.1, 2013v4.0"
"/Return/ReturnData/IRS990ScheduleN/LiquidationOfAssetsTableGrp/LiquidationOfAssetsDetail/PersonNm",1076,498,"2013v3.0, 2013v3.1, 2013v4.0"
"/Return/ReturnData/IRS990ScheduleM/DrugsAndMedicalSuppliesGrp/ContributionCnt",1075,1075,"2013v3.0, 2013v3.1, 2013v4.0"
"/Return/ReturnData/IRS990ScheduleH/ManagementCoAndJntVenturesGrp/PhysiciansProfitOrOwnershipPct",1072,470,"2013v3.0, 2013v3.1, 2013v4.0"
"/Return/ReturnData/AffiliateListing/AffiliateListingGrp",1070,99,"2013v3.0, 2013v3.1, 2013v4.0"
"/Return/ReturnData/AffiliateListing/AffiliateListingGrp/BusinessName",1070,99,"2013v3.0, 2013v3.1, 2013v4.0"
"/Return/ReturnData/AffiliateListing/AffiliateListingGrp/BusinessName/BusinessNameLine1",1070,99,"2013v3.0, 2013v3.1, 2013v4.0"
"/Return/ReturnData/AffiliateListing/AffiliateListingGrp/BusinessNameControlTxt",1070,99,"2013v3.0, 2013v3.1, 2013v4.0"
"/Return/ReturnData/AffiliateListing/AffiliateListingGrp/EIN",1070,99,"2013v3.0, 2013v3.1, 2013v4.0"
"/Return/ReturnData/IRS990ScheduleR/TransactionsRelatedOrgGrp/OtherOrganizationName/BusinessNameLine2",1070,490,"2013v3.0, 2013v3.1, 2013v4.0"
"/Return/ReturnData/AffiliateListing/AffiliateListingGrp/USAddress",1069,98,"2013v3.0, 2013v3.1, 2013v4.0"
"/Return/ReturnData/AffiliateListing/AffiliateListingGrp/USAddress/AddressLine1",1069,98,"2013v3.0, 2013v3.1, 2013v4.0"
"/Return/ReturnData/AffiliateListing/AffiliateListingGrp/USAddress/City",1069,98,"2013v3.0, 2013v3.1, 2013v4.0"
"/Return/ReturnData/AffiliateListing/AffiliateListingGrp/USAddress/State",1069,98,"2013v3.0, 2013v3.1, 2013v4.0"
"/Return/ReturnData/AffiliateListing/AffiliateListingGrp/USAddress/ZIPCode",1069,98,"2013v3.0, 2013v3.1, 2013v4.0"
"/Return/ReturnData/IRS990ScheduleD/TotalAcreageCnt",1066,1066,"2013v3.0, 2013v3.1, 2013v4.0"
"/Return/ReturnData/IRS990ScheduleG/GamingInformationGrp/RentFacilityCostsBingoAmt",1064,1064,"2013v3.0, 2013v3.1, 2013v4.0"
"/Return/ReturnData/IRS990ScheduleK/TaxExemptBondsPrivateBusUseGrp/EngageBondCounselResearchInd",1061,376,"2013v3.0, 2013v3.1, 2013v4.0"
"/Return/ReturnData/IRS990/ContractTerminationInd",1050,1050,"2013v3.0, 2013v3.1, 2013v4.0"
"/Return/ReturnData/IRS990ScheduleM/DrugsAndMedicalSuppliesGrp/MethodOfDeterminingRevenuesTxt",1041,1041,"2013v3.0, 2013v3.1, 2013v4.0"
"/Return/ReturnData/IRS990/FinalReturnInd",1014,1014,"2013v3.0, 2013v3.1, 2013v4.0"
"/Return/ReturnData/IRS990/ContractorCompensationGrp/ContractorAddress/ForeignAddress",1012,591,"2013v3.0, 2013v3.1, 2013v4.0"
"/Return/ReturnData/IRS990/ContractorCompensationGrp/ContractorAddress/ForeignAddress/AddressLine1",1012,591,"2013v3.0, 2013v3.1, 2013v4.0"
"/Return/ReturnData/IRS990/ContractorCompensationGrp/ContractorAddress/ForeignAddress/Country",1012,591,"2013v3.0, 2013v3.1, 2013v4.0"
"/Return/ReturnData/IRS990ScheduleG/GamingInformationGrp/NonCashPrizesOtherGamingAmt",1007,1007,"2013v3.0, 2013v3.1, 2013v4.0"
"/Return/ReturnData/IRS990ScheduleG/GamingInformationGrp/RentFacilityCostsPullTabsAmt",992,992,"2013v3.0, 2013v3.1, 2013v4.0"
"/Return/ReturnData/IRS990ScheduleH/HospitalFacilitiesGrp/FacilityReportingGroupCd",989,293,"2013v3.0, 2013v3.1, 2013v4.0"
"/Return/ReturnData/IRS990/ContractorCompensationGrp/ContractorAddress/ForeignAddress/City",971,571,"2013v3.0, 2013v3.1, 2013v4.0"
"/Return/ReturnData/IRS990ScheduleH/CommunitySupportGrp",945,945,"2013v3.0, 2013v3.1, 2013v4.0"
"/Return/ReturnData/IRS990ScheduleH/FinancialAssistanceAtCostTyp/DirectOffsettingRevenueAmt",934,934,"2013v3.0, 2013v3.1, 2013v4.0"
"/Return/ReturnData/IRS990ScheduleD/CollUsedLoanOrExchProgInd",933,933,"2013v3.0, 2013v3.1, 2013v4.0"
"/Return/ReturnData/IRS990EZ/FinalReturnInd",929,929,"2013v3.0, 2013v3.1, 2013v4.0"
"/Return/ReturnData/IRS990ScheduleD/Section170hRqrStsfdInd",926,926,"2013v3.0, 2013v3.1, 2013v4.0"
"/Return/ReturnData/IRS990ScheduleH/CommunitySupportGrp/NetCommunityBenefitExpnsAmt",910,910,"2013v3.0, 2013v3.1, 2013v4.0"
"/Return/ReturnData/IRS990ScheduleH/HealthProfessionsEducationGrp/DirectOffsettingRevenueAmt",908,908,"2013v3.0, 2013v3.1, 2013v4.0"
"/Return/ReturnData/IRS990ScheduleD/AdditionsDuringYearAmt",906,906,"2013v3.0, 2013v3.1, 2013v4.0"
"/Return/ReturnData/IRS990ScheduleH/HospitalFacilitiesGrp/OtherDesc",901,629,"2013v3.0, 2013v3.1, 2013v4.0"
"/Return/ReturnData/IRS990ScheduleD/DistributionsDuringYearAmt",895,895,"2013v3.0, 2013v3.1, 2013v4.0"
"/Return/ReturnData/IRS990ScheduleA/ThirtyThrPctSuprtTestsPY170Ind",893,893,"2013v3.0, 2013v3.1, 2013v4.0"
"/Return/ReturnData/IRS990ScheduleD/StaffHoursSpentEnforcementCnt",893,893,"2013v3.0, 2013v3.1, 2013v4.0"
"/Return/ReturnData/IRS990ScheduleC/GrantsOtherOrganizationsAmt",890,890,"2013v3.0, 2013v3.1, 2013v4.0"
"/Return/ReturnData/IRS990EZ/MethodOfAccountingOtherDesc",889,889,"2013v3.0, 2013v3.1, 2013v4.0"
"/Return/ReturnData/IRS990ScheduleD/CloselyHeldEquityInterestsGrp/MethodValuationCd",886,886,"2013v3.0, 2013v3.1, 2013v4.0"
"/Return/ReturnData/IRS990ScheduleJ/DiscretionarySpendingAcctInd",874,874,"2013v3.0, 2013v3.1, 2013v4.0"
"/Return/ReturnData/IRS990ScheduleH/CommunitySupportGrp/TotalCommunityBenefitExpnsAmt",861,861,"2013v3.0, 2013v3.1, 2013v4.0"
"/Return/ReturnData/IRS990/AcctCompileOrReviewBasisGrp/ConsolAndSepBasisFinclStmtInd",859,859,"2013v3.0, 2013v3.1, 2013v4.0"
"/Return/ReturnData/IRS990ScheduleA/PrivateFoundation170Ind",857,857,"2013v3.0, 2013v3.1, 2013v4.0"
"/Return/ReturnData/IRS990/ContractorCompensationGrp/ContractorAddress/USAddress/AddressLine2",855,549,"2013v3.0, 2013v3.1, 2013v4.0"
"/Return/ReturnData/IRS990ScheduleD/ProtectionNaturalHabitatInd",854,854,"2013v3.0, 2013v3.1, 2013v4.0"
"/Return/ReturnData/IRS990ScheduleH/HospitalFacilitiesGrp/TeachingHospitalInd",849,574,"2013v3.0, 2013v3.1, 2013v4.0"
"/Return/ReturnData/IRS990ScheduleA/PrivateFoundation509Ind",843,843,"2013v3.0, 2013v3.1, 2013v4.0"
"/Return/ReturnData/IRS990ScheduleC/TotalExemptFunctionExpendAmt",828,828,"2013v3.0, 2013v3.1, 2013v4.0"
"/Return/ReturnData/IRS990ScheduleH/CommunitySupportGrp/TotalExpensePct",824,824,"2013v3.0, 2013v3.1, 2013v4.0"
"/Return/ReturnData/IRS990ScheduleN/BondLiabilitiesDischargedInd",821,821,"2013v3.0, 2013v3.1, 2013v4.0"
"/Return/ReturnData/IRS990ScheduleR/IdRelatedTaxExemptOrgGrp/USAddress/AddressLine2",814,464,"2013v3.0, 2013v3.1, 2013v4.0"
"/Return/ReturnData/IRS990EZ/BooksInCareOfDetail/BusinessName/BusinessNameLine2",807,807,"2013v3.0, 2013v3.1, 2013v4.0"
"/Return/ReturnData/IRS990ScheduleK/TaxExemptBondsArbitrageGrp/RegulatorySafeHarborStsfdInd",806,488,"2013v3.0, 2013v3.1, 2013v4.0"
"/Return/ReturnData/IRS990ScheduleH/TotalCommunityBenefitsGrp/PersonsServedCnt",785,785,"2013v3.0, 2013v3.1, 2013v4.0"
"/Return/ReturnData/IRS990/Form720FiledInd",780,780,"2013v3.0, 2013v3.1, 2013v4.0"
"/Return/ReturnData/IRS990ScheduleH/UnreimbursedCostsGrp",766,766,"2013v3.0, 2013v3.1, 2013v4.0"
"/Return/ReturnData/IRS990ScheduleM/RealEstateResidentialGrp/NoncashContributionsRptF990Amt",764,764,"2013v3.0, 2013v3.1, 2013v4.0"
"/Return/ReturnData/IRS990ScheduleH/HospitalFacilitiesGrp/CriticalAccessHospitalInd",759,679,"2013v3.0, 2013v3.1, 2013v4.0"
"/Return/ReturnData/IRS990ScheduleM/RealEstateResidentialGrp/NonCashCheckboxInd",758,758,"2013v3.0, 2013v3.1, 2013v4.0"
"/Return/ReturnData/IRS990/TotalJointCostsGrp/ProgramServicesAmt",753,753,"2013v3.0, 2013v3.1, 2013v4.0"
"/Return/ReturnData/IRS990ScheduleC/Form4720FiledInd",750,750,"2013v3.0, 2013v3.1, 2013v4.0"
"/Return/ReturnData/IRS990ScheduleM/RealEstateResidentialGrp/ContributionCnt",750,750,"2013v3.0, 2013v3.1, 2013v4.0"
"/Return/ReturnData/IRS990ScheduleH/TotalOtherBenefitsGrp/PersonsServedCnt",747,747,"2013v3.0, 2013v3.1, 2013v4.0"
"/Return/ReturnData/IRS990/TotalJointCostsGrp/FundraisingAmt",742,742,"2013v3.0, 2013v3.1, 2013v4.0"
"/Return/ReturnData/IRS990ScheduleD/ExpensesIncurredEnforcementAmt",739,739,"2013v3.0, 2013v3.1, 2013v4.0"
"/Return/ReturnData/IRS990ScheduleD/PreservationOpenSpaceInd",735,735,"2013v3.0, 2013v3.1, 2013v4.0"
"/Return/ReturnData/IRS990ScheduleH/ResearchGrp",732,732,"2013v3.0, 2013v3.1, 2013v4.0"
"/Return/ReturnData/IRS990ScheduleC/Form4720Filed4912TaxInd",727,727,"2013v3.0, 2013v3.1, 2013v4.0"
"/Return/ReturnData/IRS990ScheduleC/VolunteerHoursCnt",727,727,"2013v3.0, 2013v3.1, 2013v4.0"
"/Return/ReturnData/IRS990ScheduleK/TaxExemptBondsArbitrageGrp/TermOfGICPct",723,423,"2013v3.0, 2013v3.1, 2013v4.0"
"/Return/ReturnData/IRS990ScheduleH/UnreimbursedCostsGrp/NetCommunityBenefitExpnsAmt",710,710,"2013v3.0, 2013v3.1, 2013v4.0"
"/Return/ReturnData/IRS990ScheduleH/WorkforceDevelopmentGrp",709,709,"2013v3.0, 2013v3.1, 2013v4.0"
"/Return/ReturnData/IRS990ScheduleM/RealEstateCommercialGrp/NonCashCheckboxInd",704,704,"2013v3.0, 2013v3.1, 2013v4.0"
"/Return/ReturnData/IRS990ScheduleC/InternalFundsContributedAmt",702,702,"2013v3.0, 2013v3.1, 2013v4.0"
"/Return/ReturnData/IRS990ScheduleM/RealEstateCommercialGrp/NoncashContributionsRptF990Amt",702,702,"2013v3.0, 2013v3.1, 2013v4.0"
"/Return/ReturnData/IRS990ScheduleR/IdRelatedOrgTxblCorpTrGrp/RelatedOrganizationName/BusinessNameLine2",702,271,"2013v3.0, 2013v3.1, 2013v4.0"
"/Return/ReturnData/IRS990ScheduleH/UnreimbursedCostsGrp/TotalExpensePct",694,694,"2013v3.0, 2013v3.1, 2013v4.0"
"/Return/ReturnData/IRS990ScheduleM/RealEstateCommercialGrp/ContributionCnt",688,688,"2013v3.0, 2013v3.1, 2013v4.0"
"/Return/ReturnData/IRS990ScheduleM/RealEstateResidentialGrp/MethodOfDeterminingRevenuesTxt",681,681,"2013v3.0, 2013v3.1, 2013v4.0"
"/Return/ReturnData/IRS990ScheduleR/IdRelatedTaxExemptOrgGrp/ForeignAddress/PostalCode",679,399,"2013v3.0, 2013v3.1, 2013v4.0"
"/Return/ReturnData/IRS990ScheduleH/TotalCommunityBenefitsGrp/ActivitiesOrProgramsCnt",672,672,"2013v3.0, 2013v3.1, 2013v4.0"
"/Return/ReturnData/IRS990ScheduleH/UnreimbursedCostsGrp/TotalCommunityBenefitExpnsAmt",672,672,"2013v3.0, 2013v3.1, 2013v4.0"
"/Return/ReturnData/IRS990ScheduleC/Expended527ActivitiesAmt",671,671,"2013v3.0, 2013v3.1, 2013v4.0"
"/Return/ReturnData/IRS990ScheduleH/ResearchGrp/NetCommunityBenefitExpnsAmt",671,671,"2013v3.0, 2013v3.1, 2013v4.0"
"/Return/ReturnData/IRS990ScheduleD/FundsAndOtherAccountsHeldCnt",669,669,"2013v3.0, 2013v3.1, 2013v4.0"
"/Return/ReturnData/IRS990ScheduleH/WorkforceDevelopmentGrp/NetCommunityBenefitExpnsAmt",663,663,"2013v3.0, 2013v3.1, 2013v4.0"
"/Return/ReturnData/IRS990ScheduleH/TotalOtherBenefitsGrp/ActivitiesOrProgramsCnt",662,662,"2013v3.0, 2013v3.1, 2013v4.0"
"/Return/ReturnData/IRS990ScheduleH/ResearchGrp/TotalExpensePct",657,657,"2013v3.0, 2013v3.1, 2013v4.0"
"/Return/ReturnData/AffiliatedGroupSchedule/AffiliatedScheduleGrp",652,123,"2013v3.0, 2013v3.1, 2013v4.0"
"/Return/ReturnData/AffiliatedGroupSchedule/AffiliatedScheduleGrp/BusinessName",652,123,"2013v3.0, 2013v3.1, 2013v4.0"
"/Return/ReturnData/AffiliatedGroupSchedule/AffiliatedScheduleGrp/BusinessName/BusinessNameLine1",652,123,"2013v3.0, 2013v3.1, 2013v4.0"
"/Return/ReturnData/AffiliatedGroupSchedule/AffiliatedScheduleGrp/EIN",652,123,"2013v3.0, 2013v3.1, 2013v4.0"
"/Return/ReturnData/AffiliatedGroupSchedule/AffiliatedScheduleGrp/GrassrootsNontxAmt",652,123,"2013v3.0, 2013v3.1, 2013v4.0"
"/Return/ReturnData/AffiliatedGroupSchedule/AffiliatedScheduleGrp/LobbyNontxAmt",652,123,"2013v3.0, 2013v3.1, 2013v4.0"
"/Return/ReturnData/AffiliatedGroupSchedule/AffiliatedScheduleGrp/OtherExemptPurposeExpendAmt",652,123,"2013v3.0, 2013v3.1, 2013v4.0"
"/Return/ReturnData/AffiliatedGroupSchedule/AffiliatedScheduleGrp/ShareExcessLobbyExpendAmt",652,123,"2013v3.0, 2013v3.1, 2013v4.0"
"/Return/ReturnData/AffiliatedGroupSchedule/AffiliatedScheduleGrp/TotLbbyExpendMnsLobbyNontxAmt",652,123,"2013v3.0, 2013v3.1, 2013v4.0"
"/Return/ReturnData/AffiliatedGroupSchedule/AffiliatedScheduleGrp/TotalDirectLobbyAmt",652,123,"2013v3.0, 2013v3.1, 2013v4.0"
"/Return/ReturnData/AffiliatedGroupSchedule/AffiliatedScheduleGrp/TotalExemptPurposeExpendAmt",652,123,"2013v3.0, 2013v3.1, 2013v4.0"
"/Return/ReturnData/AffiliatedGroupSchedule/AffiliatedScheduleGrp/TotalGrassrootsLobbyAmt",652,123,"2013v3.0, 2013v3.1, 2013v4.0"
"/Return/ReturnData/AffiliatedGroupSchedule/AffiliatedScheduleGrp/TotalLobbyExpenditureAmt",652,123,"2013v3.0, 2013v3.1, 2013v4.0"
"/Return/ReturnData/AffiliatedGroupSchedule/AffiliatedScheduleGrp/TotalLobbyGrssrootMnsNontxAmt",652,123,"2013v3.0, 2013v3.1, 2013v4.0"
"/Return/ReturnData/AffiliatedGroupSchedule/AffiliatedScheduleGrp/USAddress",652,123,"2013v3.0, 2013v3.1, 2013v4.0"
"/Return/ReturnData/AffiliatedGroupSchedule/AffiliatedScheduleGrp/USAddress/AddressLine1",652,123,"2013v3.0, 2013v3.1, 2013v4.0"
"/Return/ReturnData/AffiliatedGroupSchedule/AffiliatedScheduleGrp/USAddress/City",652,123,"2013v3.0, 2013v3.1, 2013v4.0"
"/Return/ReturnData/AffiliatedGroupSchedule/AffiliatedScheduleGrp/USAddress/State",652,123,"2013v3.0, 2013v3.1, 2013v4.0"
"/Return/ReturnData/AffiliatedGroupSchedule/AffiliatedScheduleGrp/USAddress/ZIPCode",652,123,"2013v3.0, 2013v3.1, 2013v4.0"
"/Return/ReturnData/IRS990ScheduleH/CoalitionBuildingGrp",652,652,"2013v3.0, 2013v3.1, 2013v4.0"
"/Return/ReturnData/IRS990ScheduleH/HealthImprovementAdvocacyGrp",651,651,"2013v3.0, 2013v3.1, 2013v4.0"
"/Return/ReturnData/IRS990ScheduleH/Percent400Ind",650,650,"2013v3.0, 2013v3.1, 2013v4.0"
"/Return/ReturnData/IRS990ScheduleD/ArtPublicExhibitionAmountsGrp/RevenuesIncludedAmt",647,647,"2013v3.0, 2013v3.1, 2013v4.0"
"/Return/ReturnData/IRS990/TotalJointCostsGrp/ManagementAndGeneralAmt",643,643,"2013v3.0, 2013v3.1, 2013v4.0"
"/Return/ReturnData/IRS990ScheduleM/RealEstateOtherGrp/ContributionCnt",643,643,"2013v3.0, 2013v3.1, 2013v4.0"
"/Return/ReturnData/IRS990ScheduleM/RealEstateOtherGrp/NoncashContributionsRptF990Amt",642,642,"2013v3.0, 2013v3.1, 2013v4.0"
"/Return/ReturnData/IRS990ScheduleH/ResearchGrp/TotalCommunityBenefitExpnsAmt",639,639,"2013v3.0, 2013v3.1, 2013v4.0"
"/Return/ReturnData/IRS990ScheduleH/WorkforceDevelopmentGrp/TotalExpensePct",639,639,"2013v3.0, 2013v3.1, 2013v4.0"
"/Return/ReturnData/IRS990ScheduleM/RealEstateOtherGrp/NonCashCheckboxInd",638,638,"2013v3.0, 2013v3.1, 2013v4.0"
"/Return/ReturnData/IRS990ScheduleD/FundsAndOtherAccountsVlEOYAmt",635,635,"2013v3.0, 2013v3.1, 2013v4.0"
"/Return/ReturnData/IRS990ScheduleH/CommunityHealthServicesGrp/PersonsServedCnt",631,631,"2013v3.0, 2013v3.1, 2013v4.0"
"/Return/ReturnData/IRS990ScheduleH/HospitalFcltyPoliciesPrctcGrp/RptAvailableThruOtherMethodInd",629,537,"2013v3.0, 2013v3.1, 2013v4.0"
"/Return/ReturnData/IRS990ScheduleA/ThirtyThrPctSuprtTestsPY509Ind",613,613,"2013v3.0, 2013v3.1, 2013v4.0"
"/Return/ReturnData/IRS990ScheduleH/CoalitionBuildingGrp/NetCommunityBenefitExpnsAmt",613,613,"2013v3.0, 2013v3.1, 2013v4.0"
"/Return/ReturnData/IRS990ScheduleH/HealthImprovementAdvocacyGrp/NetCommunityBenefitExpnsAmt",608,608,"2013v3.0, 2013v3.1, 2013v4.0"
"/Return/ReturnData/IRS990ScheduleG/ExplanationIfNoTxt",602,602,"2013v3.0, 2013v3.1, 2013v4.0"
"/Return/ReturnData/IRS990ScheduleH/UnreimbursedCostsGrp/DirectOffsettingRevenueAmt",597,597,"2013v3.0, 2013v3.1, 2013v4.0"
"/Return/ReturnData/IRS990ScheduleH/WorkforceDevelopmentGrp/TotalCommunityBenefitExpnsAmt",596,596,"2013v3.0, 2013v3.1, 2013v4.0"
"/Return/ReturnData/IRS990ScheduleC/MailingsMembersAmt",592,592,"2013v3.0, 2013v3.1, 2013v4.0"
"/Return/ReturnData/IRS990ScheduleD/FinancialDerivativesGrp/BookValueAmt",588,588,"2013v3.0, 2013v3.1, 2013v4.0"
"/Return/ReturnData/IRS990/ContractorCompensationGrp/ContractorAddress/ForeignAddress/PostalCode",585,376,"2013v3.0, 2013v3.1, 2013v4.0"
"/Return/ReturnData/IRS990ScheduleD/FundsAndOtherAccountsContriAmt",582,582,"2013v3.0, 2013v3.1, 2013v4.0"
"/Return/ReturnData/IRS990ScheduleM/RealEstateCommercialGrp/MethodOfDeterminingRevenuesTxt",579,579,"2013v3.0, 2013v3.1, 2013v4.0"
"/Return/ReturnData/IRS990EZ/OfficerDirectorTrusteeEmplGrp/BusinessName/BusinessNameLine2",570,182,"2013v3.0, 2013v3.1, 2013v4.0"
"/Return/ReturnData/IRS990ScheduleG/GamingInformationGrp/RentFcltyCostsOtherGamingAmt",568,568,"2013v3.0, 2013v3.1, 2013v4.0"
"/Return/ReturnData/IRS990ScheduleH/HealthImprovementAdvocacyGrp/TotalExpensePct",562,562,"2013v3.0, 2013v3.1, 2013v4.0"
"/Return/ReturnData/IRS990ScheduleH/TotalCommuntityBuildingActyGrp/ActivitiesOrProgramsCnt",560,560,"2013v3.0, 2013v3.1, 2013v4.0"
"/Return/ReturnData/IRS990/ContractorCompensationGrp/ContractorAddress/ForeignAddress/ProvinceOrState",556,359,"2013v3.0, 2013v3.1, 2013v4.0"
"/Return/ReturnData/IRS990ScheduleH/CoalitionBuildingGrp/TotalCommunityBenefitExpnsAmt",554,554,"2013v3.0, 2013v3.1, 2013v4.0"
"/Return/ReturnData/IRS990ScheduleD/PreservationPublicUseInd",552,552,"2013v3.0, 2013v3.1, 2013v4.0"
"/Return/ReturnData/IRS990ScheduleJ/PersonalServicesInd",552,552,"2013v3.0, 2013v3.1, 2013v4.0"
"/Return/ReturnData/CompensationExplanation/CompensationExplanationGrp/BusinessName/BusinessNameLine2",550,174,"2013v3.1, 2013v4.0"
"/Return/ReturnData/IRS990ScheduleD/FundsAndOtherAccountsGrantsAmt",550,550,"2013v3.0, 2013v3.1, 2013v4.0"
"/Return/ReturnData/IRS990ScheduleH/EconomicDevelopmentGrp",549,549,"2013v3.0, 2013v3.1, 2013v4.0"
"/Return/ReturnData/IRS990ScheduleM/RealEstateOtherGrp/MethodOfDeterminingRevenuesTxt",548,548,"2013v3.0, 2013v3.1, 2013v4.0"
"/Return/ReturnData/IRS990ScheduleH/CoalitionBuildingGrp/TotalExpensePct",546,546,"2013v3.0, 2013v3.1, 2013v4.0"
"/Return/ReturnData/IRS990ScheduleH/CommunityHealthServicesGrp/ActivitiesOrProgramsCnt",540,540,"2013v3.0, 2013v3.1, 2013v4.0"
"/Return/ReturnData/IRS990ScheduleH/HealthImprovementAdvocacyGrp/TotalCommunityBenefitExpnsAmt",540,540,"2013v3.0, 2013v3.1, 2013v4.0"
"/Return/ReturnData/IRS990ScheduleH/Percent300Ind",536,536,"2013v3.0, 2013v3.1, 2013v4.0"
"/Return/ReturnData/IRS990ScheduleH/CostingMethodologyUsedGrp/OtherInd",524,524,"2013v3.0, 2013v3.1, 2013v4.0"
"/Return/ReturnData/IRS990ScheduleH/HospitalFcltyPoliciesPrctcGrp/OtherFactorsInd",524,434,"2013v3.0, 2013v3.1, 2013v4.0"
"/Return/ReturnData/IRS990ScheduleM/CollectiblesGrp/ContributionCnt",524,524,"2013v3.0, 2013v3.1, 2013v4.0"
"/Return/ReturnData/IRS990ScheduleM/CollectiblesGrp/NonCashCheckboxInd",523,523,"2013v3.0, 2013v3.1, 2013v4.0"
"/Return/ReturnData/IRS990ScheduleH/TotalCommuntityBuildingActyGrp/PersonsServedCnt",521,521,"2013v3.0, 2013v3.1, 2013v4.0"
"/Return/ReturnData/IRS990ScheduleH/TotalFinancialAssistanceTyp/PersonsServedCnt",521,521,"2013v3.0, 2013v3.1, 2013v4.0"
"/Return/ReturnData/IRS990ScheduleN/DispositionOfAssetsDetail/PersonNm",515,290,"2013v3.0, 2013v3.1, 2013v4.0"
"/Return/ReturnData/IRS990ScheduleM/CollectiblesGrp/NoncashContributionsRptF990Amt",507,507,"2013v3.0, 2013v3.1, 2013v4.0"
"/Return/ReturnData/IRS990ScheduleH/EconomicDevelopmentGrp/NetCommunityBenefitExpnsAmt",504,504,"2013v3.0, 2013v3.1, 2013v4.0"
"/Return/ReturnData/IRS990EZ/AmendedReturnInd",496,496,"2013v3.0, 2013v3.1, 2013v4.0"
"/Return/ReturnData/IRS990ScheduleD/HistoricStructureEasementsCnt",491,491,"2013v3.0, 2013v3.1, 2013v4.0"
"/Return/ReturnData/IRS990ScheduleH/HospitalFcltyPoliciesPrctcGrp/MedicareRatesInd",487,391,"2013v3.0, 2013v3.1, 2013v4.0"
"/Return/ReturnData/IRS990ScheduleA/GovernmentalUnitInd",485,485,"2013v3.0, 2013v3.1, 2013v4.0"
"/Return/ReturnData/IRS990ScheduleH/CashAndInKindContributionsGrp/DirectOffsettingRevenueAmt",484,484,"2013v3.0, 2013v3.1, 2013v4.0"
"/Return/ReturnData/IRS990ScheduleH/ManagementCoAndJntVenturesGrp/OfcrEtcProfitOrOwnershipPct",482,246,"2013v3.0, 2013v3.1, 2013v4.0"
"/Return/ReturnData/IRS990ScheduleM/CollectiblesGrp/MethodOfDeterminingRevenuesTxt",477,477,"2013v3.0, 2013v3.1, 2013v4.0"
"/Return/ReturnData/IRS990ScheduleH/FreeCareOthPercentageGrp",474,474,"2013v3.0, 2013v3.1, 2013v4.0"
"/Return/ReturnData/IRS990ScheduleH/FreeCareOthPercentageGrp/FreeCareOtherPct",474,474,"2013v3.0, 2013v3.1, 2013v4.0"
"/Return/ReturnData/IRS990ScheduleH/FreeCareOthPercentageGrp/OtherInd",474,474,"2013v3.0, 2013v3.1, 2013v4.0"
"/Return/ReturnData/IRS990ScheduleH/HealthProfessionsEducationGrp/PersonsServedCnt",473,473,"2013v3.0, 2013v3.1, 2013v4.0"
"/Return/ReturnData/IRS990ScheduleH/EconomicDevelopmentGrp/TotalExpensePct",470,470,"2013v3.0, 2013v3.1, 2013v4.0"
"/Return/ReturnData/IRS990ScheduleC/RalliesDemonstrationsAmt",466,466,"2013v3.0, 2013v3.1, 2013v4.0"
"/Return/ReturnData/IRS990ScheduleK/TaxExemptBondsPrivateBusUseGrp/ChangeInUseBondFinancedPropPct",460,205,"2013v3.0, 2013v3.1, 2013v4.0"
"/Return/ReturnData/IRS990ScheduleR/IdRelatedTaxExemptOrgGrp/ForeignAddress/ProvinceOrState",459,293,"2013v3.0, 2013v3.1, 2013v4.0"
"/Return/ReturnData/IRS990EZ/ForeignOfficeCountryCd",451,432,"2013v3.0, 2013v3.1, 2013v4.0"
"/Return/ReturnData/IRS990ScheduleH/LeadershipDevelopmentGrp",451,451,"2013v3.0, 2013v3.1, 2013v4.0"
"/Return/ReturnData/IRS990ScheduleH/CashAndInKindContributionsGrp/PersonsServedCnt",447,447,"2013v3.0, 2013v3.1, 2013v4.0"
"/Return/ReturnData/IRS990ScheduleH/HospitalFcltyPoliciesPrctcGrp/ResidencyInd",446,321,"2013v3.0, 2013v3.1, 2013v4.0"
"/Return/ReturnData/IRS990ScheduleH/Percent100Ind",446,446,"2013v3.0, 2013v3.1, 2013v4.0"
"/Return/ReturnData/IRS990ScheduleH/CashAndInKindContributionsGrp/ActivitiesOrProgramsCnt",436,436,"2013v3.0, 2013v3.1, 2013v4.0"
"/Return/ReturnData/IRS990ScheduleH/HealthProfessionsEducationGrp/ActivitiesOrProgramsCnt",432,432,"2013v3.0, 2013v3.1, 2013v4.0"
"/Return/ReturnData/IRS990ScheduleR/IdRelatedOrgTxblCorpTrGrp/USAddress/AddressLine2",426,116,"2013v3.0, 2013v3.1, 2013v4.0"
"/Return/ReturnData/IRS990ScheduleH/EconomicDevelopmentGrp/TotalCommunityBenefitExpnsAmt",425,425,"2013v3.0, 2013v3.1, 2013v4.0"
"/Return/ReturnData/IRS990ScheduleH/TotalCommuntityBuildingActyGrp/DirectOffsettingRevenueAmt",425,425,"2013v3.0, 2013v3.1, 2013v4.0"
"/Return/ReturnData/IRS990ScheduleH/HospitalFcltyPoliciesPrctcGrp/AverageNegotiatedRatesInd",421,362,"2013v3.0, 2013v3.1, 2013v4.0"
"/Return/ReturnData/IRS990ScheduleD/ModifiedEasementsCnt",419,419,"2013v3.0, 2013v3.1, 2013v4.0"
"/Return/ReturnData/IRS990ScheduleH/DiscountedCareOthPercentageGrp",414,414,"2013v3.0, 2013v3.1, 2013v4.0"
"/Return/ReturnData/IRS990ScheduleH/DiscountedCareOthPercentageGrp/DiscountedCareOtherPct",414,414,"2013v3.0, 2013v3.1, 2013v4.0"
"/Return/ReturnData/IRS990ScheduleH/DiscountedCareOthPercentageGrp/OtherInd",414,414,"2013v3.0, 2013v3.1, 2013v4.0"
"/Return/ReturnData/IRS990ScheduleH/HospitalFcltyPoliciesPrctcGrp/OtherWebsiteInd",414,311,"2013v3.0, 2013v3.1, 2013v4.0"
"/Return/ReturnData/IRS990ScheduleD/HistoricStrctrEasementsAftrCnt",411,411,"2013v3.0, 2013v3.1, 2013v4.0"
"/Return/ReturnData/IRS990ScheduleH/LeadershipDevelopmentGrp/NetCommunityBenefitExpnsAmt",409,409,"2013v3.0, 2013v3.1, 2013v4.0"
"/Return/ReturnData/IRS990ScheduleH/ResearchGrp/DirectOffsettingRevenueAmt",405,405,"2013v3.0, 2013v3.1, 2013v4.0"
"/Return/ReturnData/IRS990ScheduleA/HospitalNameAndAddressGrp",397,321,"2013v3.0, 2013v3.1, 2013v4.0"
"/Return/ReturnData/IRS990ScheduleA/HospitalNameAndAddressGrp/CityNm",397,321,"2013v3.0, 2013v3.1, 2013v4.0"
"/Return/ReturnData/IRS990ScheduleA/HospitalNameAndAddressGrp/SupportedOrganizationName",397,321,"2013v3.0, 2013v3.1, 2013v4.0"
"/Return/ReturnData/IRS990ScheduleA/HospitalNameAndAddressGrp/SupportedOrganizationName/BusinessNameLine1",397,321,"2013v3.0, 2013v3.1, 2013v4.0"
"/Return/ReturnData/IRS990ScheduleH/HospitalFcltyPoliciesPrctcGrp/OtherWebsiteURLTxt",394,300,"2013v3.0, 2013v3.1, 2013v4.0"
"/Return/ReturnData/IRS990ScheduleA/HospitalNameAndAddressGrp/StateAbbreviationCd",393,317,"2013v3.0, 2013v3.1, 2013v4.0"
"/Return/ReturnData/IRS990EZ/ForeignFinancialAccountCntryCd",392,377,"2013v3.0, 2013v3.1, 2013v4.0"
"/Return/ReturnData/IRS990ScheduleH/FinancialAssistanceAtCostTyp/PersonsServedCnt",389,389,"2013v3.0, 2013v3.1, 2013v4.0"
"/Return/ReturnData/IRS990ScheduleH/OtherCommuntityBuildingActyGrp",386,386,"2013v3.0, 2013v3.1, 2013v4.0"
"/Return/ReturnData/IRS990ScheduleH/LeadershipDevelopmentGrp/TotalExpensePct",379,379,"2013v3.0, 2013v3.1, 2013v4.0"
"/Return/ReturnData/IRS990ScheduleD/HeldWorksArtGrp/AssetsIncludedAmt",377,377,"2013v3.0, 2013v3.1, 2013v4.0"
"/Return/ReturnData/IRS990ScheduleH/HospitalFacilitiesGrp/ResearchFacilityInd",377,250,"2013v3.0, 2013v3.1, 2013v4.0"
"/Return/ReturnData/IRS990ScheduleR/IdRelatedOrgTxblPartnershipGrp/LegalDomicileForeignCountryCd",373,74,"2013v3.0, 2013v3.1, 2013v4.0"
"/Return/ReturnData/IRS990ScheduleH/PhysicalImprvAndHousingGrp",367,367,"2013v3.0, 2013v3.1, 2013v4.0"
"/Return/ReturnData/IRS990ScheduleR/IdRelatedOrgTxblPartnershipGrp/ForeignAddress",359,69,"2013v3.0, 2013v3.1, 2013v4.0"
"/Return/ReturnData/IRS990ScheduleR/IdRelatedOrgTxblPartnershipGrp/ForeignAddress/AddressLine1",359,69,"2013v3.0, 2013v3.1, 2013v4.0"
"/Return/ReturnData/IRS990ScheduleR/IdRelatedOrgTxblPartnershipGrp/ForeignAddress/Country",359,69,"2013v3.0, 2013v3.1, 2013v4.0"
"/Return/ReturnData/IRS990ScheduleC/OrganizationBelongsAffltGrpInd",358,358,"2013v3.0, 2013v3.1, 2013v4.0"
"/Return/ReturnData/IRS990ScheduleH/HospitalFcltyPoliciesPrctcGrp/OtherActionsTakenInd",351,303,"2013v3.0, 2013v3.1, 2013v4.0"
"/Return/ReturnData/IRS990ScheduleH/UnreimbursedMedicaidGrp/PersonsServedCnt",349,349,"2013v3.0, 2013v3.1, 2013v4.0"
"/Return/ReturnData/IRS990ScheduleH/EnvironmentalImprovementsGrp",348,348,"2013v3.0, 2013v3.1, 2013v4.0"
"/Return/ReturnData/IRS990ScheduleK/TaxExemptBondsIssuesGrp/IssuerName/BusinessNameLine2",345,182,"2013v3.0, 2013v3.1, 2013v4.0"
"/Return/ReturnData/IRS990ScheduleD/CollectionUsedOtherPurposesGrp",344,344,"2013v3.0, 2013v3.1, 2013v4.0"
"/Return/ReturnData/IRS990ScheduleD/CollectionUsedOtherPurposesGrp/CollectionUsedOtherPurposesInd",344,344,"2013v3.0, 2013v3.1, 2013v4.0"
"/Return/ReturnData/IRS990ScheduleD/CollectionUsedOtherPurposesGrp/OtherPurposesDesc",344,344,"2013v3.0, 2013v3.1, 2013v4.0"
"/Return/ReturnData/IRS990ScheduleH/CommunitySupportGrp/ActivitiesOrProgramsCnt",343,343,"2013v3.0, 2013v3.1, 2013v4.0"
"/Return/ReturnData/IRS990/BooksInCareOfDetail/ForeignAddress",342,342,"2013v3.0, 2013v3.1, 2013v4.0"
"/Return/ReturnData/IRS990/BooksInCareOfDetail/ForeignAddress/AddressLine1",342,342,"2013v3.0, 2013v3.1, 2013v4.0"
"/Return/ReturnData/IRS990/BooksInCareOfDetail/ForeignAddress/Country",342,342,"2013v3.0, 2013v3.1, 2013v4.0"
"/Return/ReturnData/IRS990ScheduleH/OtherCommuntityBuildingActyGrp/TotalExpensePct",338,338,"2013v3.0, 2013v3.1, 2013v4.0"
"/Return/ReturnData/IRS990/BooksInCareOfDetail/ForeignAddress/City",335,335,"2013v3.0, 2013v3.1, 2013v4.0"
"/Return/ReturnData/IRS990ScheduleH/HospitalFcltyPoliciesPrctcGrp/PermitReportToCreditAgencyInd",330,289,"2013v3.0, 2013v3.1, 2013v4.0"
"/Return/ReturnData/IRS990ScheduleH/OtherCommuntityBuildingActyGrp/NetCommunityBenefitExpnsAmt",328,328,"2013v3.0, 2013v3.1, 2013v4.0"
"/Return/ReturnData/IRS990ScheduleH/HospitalFcltyPoliciesPrctcGrp/OtherInd",322,290,"2013v3.0, 2013v3.1, 2013v4.0"
"/Return/ReturnData/IRS990ScheduleA/MedicalResearchOrganizationInd",321,321,"2013v3.0, 2013v3.1, 2013v4.0"
"/Return/ReturnData/IRS990ScheduleH/LeadershipDevelopmentGrp/TotalCommunityBenefitExpnsAmt",319,319,"2013v3.0, 2013v3.1, 2013v4.0"
"/Return/ReturnData/IRS990ScheduleH/PhysicalImprvAndHousingGrp/NetCommunityBenefitExpnsAmt",318,318,"2013v3.0, 2013v3.1, 2013v4.0"
"/Return/ReturnData/IRS990ScheduleH/PhysicalImprvAndHousingGrp/TotalExpensePct",317,317,"2013v3.0, 2013v3.1, 2013v4.0"
"/Return/ReturnData/IRS990ScheduleH/HospitalFcltyPoliciesPrctcGrp/OtherNeedsAddressedInd",311,274,"2013v3.0, 2013v3.1, 2013v4.0"
"/Return/ReturnData/IRS990/ActivityCd",309,309,"2013v3.1, 2013v4.0"
"/Return/ReturnData/IRS990ScheduleH/Percent200DInd",309,309,"2013v3.0, 2013v3.1, 2013v4.0"
"/Return/ReturnData/IRS990ScheduleH/TotalFinancialAssistanceTyp/ActivitiesOrProgramsCnt",307,307,"2013v3.0, 2013v3.1, 2013v4.0"
"/Return/ReturnData/IRS990ScheduleC/PublicationsOrBroadcastAmt",300,300,"2013v3.0, 2013v3.1, 2013v4.0"
"/Return/ReturnData/IRS990ScheduleH/EnvironmentalImprovementsGrp/NetCommunityBenefitExpnsAmt",298,298,"2013v3.0, 2013v3.1, 2013v4.0"
"/Return/ReturnData/IRS990ScheduleH/CommunitySupportGrp/PersonsServedCnt",294,294,"2013v3.0, 2013v3.1, 2013v4.0"
"/Return/ReturnData/IRS990ScheduleG/GamingManagerBusinessName",293,293,"2013v3.0, 2013v3.1, 2013v4.0"
"/Return/ReturnData/IRS990ScheduleG/GamingManagerBusinessName/BusinessNameLine1",293,293,"2013v3.0, 2013v3.1, 2013v4.0"
"/Return/ReturnData/IRS990ScheduleH/EnvironmentalImprovementsGrp/TotalExpensePct",291,291,"2013v3.0, 2013v3.1, 2013v4.0"
"/Return/ReturnData/IRS990ScheduleR/UnrelatedOrgTxblPartnershipGrp",290,154,"2013v3.0, 2013v3.1, 2013v4.0"
"/Return/ReturnData/IRS990ScheduleC/GrassrootsNontaxableGrp/AffiliatedGroupTotalAmt",288,288,"2013v3.0, 2013v3.1, 2013v4.0"
"/Return/ReturnData/IRS990ScheduleC/LobbyingNontaxableAmountGrp/AffiliatedGroupTotalAmt",288,288,"2013v3.0, 2013v3.1, 2013v4.0"
"/Return/ReturnData/IRS990ScheduleC/TotalExemptPurposeExpendGrp/AffiliatedGroupTotalAmt",288,288,"2013v3.0, 2013v3.1, 2013v4.0"
"/Return/ReturnData/IRS990ScheduleR/UnrelatedOrgTxblPartnershipGrp/BusinessName",288,153,"2013v3.0, 2013v3.1, 2013v4.0"
"/Return/ReturnData/IRS990ScheduleR/UnrelatedOrgTxblPartnershipGrp/BusinessName/BusinessNameLine1",288,153,"2013v3.0, 2013v3.1, 2013v4.0"
"/Return/ReturnData/IRS990ScheduleR/UnrelatedOrgTxblPartnershipGrp/DisproportionateAllocationsInd",287,151,"2013v3.0, 2013v3.1, 2013v4.0"
"/Return/ReturnData/IRS990ScheduleR/UnrelatedOrgTxblPartnershipGrp/GeneralOrManagingPartnerInd",287,151,"2013v3.0, 2013v3.1, 2013v4.0"
"/Return/ReturnData/IRS990ScheduleR/UnrelatedOrgTxblPartnershipGrp/USAddress",287,153,"2013v3.0, 2013v3.1, 2013v4.0"
"/Return/ReturnData/IRS990ScheduleR/UnrelatedOrgTxblPartnershipGrp/USAddress/AddressLine1",287,153,"2013v3.0, 2013v3.1, 2013v4.0"
"/Return/ReturnData/IRS990ScheduleR/UnrelatedOrgTxblPartnershipGrp/USAddress/City",287,153,"2013v3.0, 2013v3.1, 2013v4.0"
"/Return/ReturnData/IRS990ScheduleR/UnrelatedOrgTxblPartnershipGrp/USAddress/State",287,153,"2013v3.0, 2013v3.1, 2013v4.0"
"/Return/ReturnData/IRS990ScheduleR/UnrelatedOrgTxblPartnershipGrp/USAddress/ZIPCode",287,153,"2013v3.0, 2013v3.1, 2013v4.0"
"/Return/ReturnData/IRS990ScheduleR/UnrelatedOrgTxblPartnershipGrp/LegalDomicileStateCd",286,152,"2013v3.0, 2013v3.1, 2013v4.0"
"/Return/ReturnData/IRS990ScheduleR/UnrelatedOrgTxblPartnershipGrp/PrimaryActivitiesTxt",285,151,"2013v3.0, 2013v3.1, 2013v4.0"
"/Return/ReturnData/IRS990ScheduleH/SubsidizedHealthServicesGrp/PersonsServedCnt",283,283,"2013v3.0, 2013v3.1, 2013v4.0"
"/Return/ReturnData/IRS990ScheduleR/UnrelatedOrgTxblPartnershipGrp/AllPartnersC3SInd",283,151,"2013v3.0, 2013v3.1, 2013v4.0"
"/Return/ReturnData/IRS990ScheduleH/SubsidizedHealthServicesGrp/ActivitiesOrProgramsCnt",280,280,"2013v3.0, 2013v3.1, 2013v4.0"
"/Return/ReturnData/IRS990ScheduleC/TotalLobbyingExpendGrp/AffiliatedGroupTotalAmt",277,277,"2013v3.0, 2013v3.1, 2013v4.0"
"/Return/ReturnData/IRS990ScheduleR/UnrelatedOrgTxblPartnershipGrp/EIN",277,145,"2013v3.0, 2013v3.1, 2013v4.0"
"/Return/ReturnData/IRS990/ForeignAddress",276,276,"2013v3.0, 2013v3.1, 2013v4.0"
"/Return/ReturnData/IRS990/ForeignAddress/AddressLine1",276,276,"2013v3.0, 2013v3.1, 2013v4.0"
"/Return/ReturnData/IRS990/ForeignAddress/Country",276,276,"2013v3.0, 2013v3.1, 2013v4.0"
"/Return/ReturnData/IRS990ScheduleL/GrntAsstBnftInterestedPrsnGrp/BusinessName",275,161,"2013v3.0, 2013v3.1, 2013v4.0"
"/Return/ReturnData/IRS990ScheduleL/GrntAsstBnftInterestedPrsnGrp/BusinessName/BusinessNameLine1",275,161,"2013v3.0, 2013v3.1, 2013v4.0"
"/Return/ReturnData/IRS990/BooksInCareOfDetail/ForeignAddress/PostalCode",271,271,"2013v3.0, 2013v3.1, 2013v4.0"
"/Return/ReturnData/IRS990/ForeignAddress/City",266,266,"2013v3.0, 2013v3.1, 2013v4.0"
"/Return/ReturnData/IRS990ScheduleG/ThirdPartyUSAddress",266,266,"2013v3.0, 2013v3.1, 2013v4.0"
"/Return/ReturnData/IRS990ScheduleG/ThirdPartyUSAddress/AddressLine1",266,266,"2013v3.0, 2013v3.1, 2013v4.0"
"/Return/ReturnData/IRS990ScheduleG/ThirdPartyUSAddress/City",266,266,"2013v3.0, 2013v3.1, 2013v4.0"
"/Return/ReturnData/IRS990ScheduleG/ThirdPartyUSAddress/State",266,266,"2013v3.0, 2013v3.1, 2013v4.0"
"/Return/ReturnData/IRS990ScheduleG/ThirdPartyUSAddress/ZIPCode",266,266,"2013v3.0, 2013v3.1, 2013v4.0"
"/Return/ReturnData/IRS990ScheduleD/HistoricLandAreaInd",265,265,"2013v3.0, 2013v3.1, 2013v4.0"
"/Return/ReturnData/IRS990ScheduleD/HistoricStructureInd",265,265,"2013v3.0, 2013v3.1, 2013v4.0"
"/Return/ReturnData/IRS990ScheduleC/OtherExemptPurposeExpendGrp/AffiliatedGroupTotalAmt",262,262,"2013v3.0, 2013v3.1, 2013v4.0"
"/Return/ReturnData/IRS990ScheduleH/HospitalFcltyPoliciesPrctcGrp/ReportingToCreditAgencyInd",262,234,"2013v3.0, 2013v3.1, 2013v4.0"
"/Return/ReturnData/IRS990ScheduleL/BusTrInvolveInterestedPrsnGrp/NameOfInterested/BusinessName/BusinessNameLine2",259,136,"2013v3.0, 2013v3.1, 2013v4.0"
"/Return/ReturnData/IRS990ScheduleR/IdRelatedOrgTxblPartnershipGrp/ForeignAddress/City",258,61,"2013v3.0, 2013v3.1, 2013v4.0"
"/Return/ReturnData/IRS990ScheduleD/FinancialDerivativesGrp/MethodValuationCd",257,257,"2013v3.0, 2013v3.1, 2013v4.0"
"/Return/ReturnData/IRS990ScheduleR/IdRelatedOrgTxblPartnershipGrp/ForeignAddress/PostalCode",255,61,"2013v3.0, 2013v3.1, 2013v4.0"
"/Return/ReturnData/IRS990ScheduleR/IdDisregardedEntitiesGrp/LegalDomicileForeignCountryCd",254,132,"2013v3.0, 2013v3.1, 2013v4.0"
"/Return/ReturnData/IRS990/ContractorCompensationGrp/ContractorName/BusinessName/BusinessNameLine2",253,168,"2013v3.0, 2013v3.1, 2013v4.0"
"/Return/ReturnData/IRS990ScheduleR/UnrelatedOrgTxblPartnershipGrp/OwnershipPct",251,131,"2013v3.0, 2013v3.1, 2013v4.0"
"/Return/ReturnData/IRS990ScheduleH/OtherCommuntityBuildingActyGrp/TotalCommunityBenefitExpnsAmt",250,250,"2013v3.0, 2013v3.1, 2013v4.0"
"/Return/ReturnData/IRS990ScheduleH/CoalitionBuildingGrp/ActivitiesOrProgramsCnt",248,248,"2013v3.0, 2013v3.1, 2013v4.0"
"/Return/ReturnData/IRS990ScheduleH/HospitalFacilitiesGrp/ChildrensHospitalInd",245,189,"2013v3.0, 2013v3.1, 2013v4.0"
"/Return/ReturnData/IRS990ScheduleC/TotalDirectLobbyingGrp/AffiliatedGroupTotalAmt",242,242,"2013v3.0, 2013v3.1, 2013v4.0"
"/Return/ReturnData/IRS990ScheduleH/HealthImprovementAdvocacyGrp/ActivitiesOrProgramsCnt",242,242,"2013v3.0, 2013v3.1, 2013v4.0"
"/Return/ReturnData/IRS990ScheduleR/UnrelatedOrgTxblPartnershipGrp/PredominateIncomeDesc",241,125,"2013v3.0, 2013v3.1, 2013v4.0"
"/Return/ReturnData/IRS990ScheduleR/UnrelatedOrgTxblPartnershipGrp/ShareOfEOYAssetsAmt",241,126,"2013v3.0, 2013v3.1, 2013v4.0"
"/Return/ReturnData/IRS990ScheduleH/HospitalFcltyPoliciesPrctcGrp/LowestNegotiatedRatesInd",240,205,"2013v3.0, 2013v3.1, 2013v4.0"
"/Return/ReturnData/IRS990ScheduleD/HeldWorksArtGrp/RevenuesIncludedAmt",236,236,"2013v3.0, 2013v3.1, 2013v4.0"
"/Return/ReturnData/IRS990ScheduleG/GamingInformationGrp/NonCashPrizesBingoAmt",236,236,"2013v3.0, 2013v3.1, 2013v4.0"
"/Return/ReturnData/IRS990ScheduleH/CommunitySupportGrp/DirectOffsettingRevenueAmt",231,231,"2013v3.0, 2013v3.1, 2013v4.0"
"/Return/ReturnData/IRS990ScheduleH/PhysicalImprvAndHousingGrp/TotalCommunityBenefitExpnsAmt",229,229,"2013v3.0, 2013v3.1, 2013v4.0"
"/Return/ReturnData/IRS990ScheduleK/TaxExemptBondsArbitrageGrp/HedgeProviderName/BusinessNameLine2",227,189,"2013v3.0, 2013v3.1, 2013v4.0"
"/Return/ReturnData/IRS990ScheduleR/UnrelatedOrgTxblPartnershipGrp/ShareOfTotalIncomeAmt",227,125,"2013v3.0, 2013v3.1, 2013v4.0"
"/Return/ReturnData/IRS990EZ/InfoInScheduleOPartVIInd",225,225,"2013v3.0, 2013v3.1, 2013v4.0"
"/Return/ReturnData/IRS990ScheduleH/HospitalFcltyPoliciesPrctcGrp/PermitLawsuitInd",223,182,"2013v3.0, 2013v3.1, 2013v4.0"
"/Return/ReturnData/IRS990ScheduleR/IdDisregardedEntitiesGrp/ForeignAddress",219,116,"2013v3.0, 2013v3.1, 2013v4.0"
"/Return/ReturnData/IRS990ScheduleR/IdDisregardedEntitiesGrp/ForeignAddress/AddressLine1",219,116,"2013v3.0, 2013v3.1, 2013v4.0"
"/Return/ReturnData/IRS990ScheduleR/IdDisregardedEntitiesGrp/ForeignAddress/Country",219,116,"2013v3.0, 2013v3.1, 2013v4.0"
"/Return/ReturnData/IRS990ScheduleH/CostingMethodologyUsedGrp/CostAccountingSystemInd",217,217,"2013v3.0, 2013v3.1, 2013v4.0"
"/Return/ReturnData/IRS990ScheduleH/EnvironmentalImprovementsGrp/TotalCommunityBenefitExpnsAmt",215,215,"2013v3.0, 2013v3.1, 2013v4.0"
"/Return/ReturnData/IRS990ScheduleG/GamingRevenueReceivedByOrgAmt",214,214,"2013v3.0, 2013v3.1, 2013v4.0"
"/Return/ReturnData/IRS990ScheduleH/Percent150Ind",214,214,"2013v3.0, 2013v3.1, 2013v4.0"
"/Return/ReturnData/AffiliatedGroupSchedule/AffiliatedScheduleGrp/ElectingOrganizationInd",212,85,"2013v3.0, 2013v3.1, 2013v4.0"
"/Return/ReturnData/IRS990ScheduleG/GamingManagerIsIndCntrctInd",211,211,"2013v3.0, 2013v3.1, 2013v4.0"
"/Return/ReturnData/IRS990ScheduleH/OthHlthCareFcltsNotHospitalGrp/OthHlthCareFcltsGrp/USAddress/AddressLine2",211,80,"2013v3.0, 2013v3.1, 2013v4.0"
"/Return/ReturnData/IRS990ScheduleH/WorkforceDevelopmentGrp/ActivitiesOrProgramsCnt",211,211,"2013v3.0, 2013v3.1, 2013v4.0"
"/Return/ReturnHeader/Filer/ForeignAddress",206,206,"2013v3.0, 2013v3.1, 2013v4.0"
"/Return/ReturnHeader/Filer/ForeignAddress/AddressLine1",206,206,"2013v3.0, 2013v3.1, 2013v4.0"
"/Return/ReturnHeader/Filer/ForeignAddress/Country",206,206,"2013v3.0, 2013v3.1, 2013v4.0"
"/Return/ReturnData/IRS990ScheduleM/HistoricalArtifactsGrp/NonCashCheckboxInd",205,205,"2013v3.0, 2013v3.1, 2013v4.0"
"/Return/ReturnHeader/Filer/ForeignAddress/City",202,202,"2013v3.0, 2013v3.1, 2013v4.0"
"/Return/ReturnData/IRS990ScheduleA/TestPublicSafetyInd",201,201,"2013v3.0, 2013v3.1, 2013v4.0"
"/Return/ReturnData/IRS990ScheduleM/HistoricalArtifactsGrp/ContributionCnt",200,200,"2013v3.0, 2013v3.1, 2013v4.0"
"/Return/ReturnData/IRS990ScheduleR/IdDisregardedEntitiesGrp/DirectControllingEntityName/BusinessNameLine2",195,91,"2013v3.1, 2013v4.0"
"/Return/ReturnData/IRS990ScheduleG/AllStatesCd",193,193,"2013v3.0, 2013v3.1, 2013v4.0"
"/Return/ReturnData/IRS990ScheduleH/HealthImprovementAdvocacyGrp/PersonsServedCnt",191,191,"2013v3.0, 2013v3.1, 2013v4.0"
"/Return/ReturnData/IRS990ScheduleH/HospitalFcltyPoliciesPrctcGrp/LawsuitInd",189,148,"2013v3.0, 2013v3.1, 2013v4.0"
"/Return/ReturnData/IRS990ScheduleC/Section4955OrganizationTaxAmt",184,184,"2013v3.0, 2013v3.1, 2013v4.0"
"/Return/ReturnData/IRS990ScheduleH/WorkforceDevelopmentGrp/PersonsServedCnt",184,184,"2013v3.0, 2013v3.1, 2013v4.0"
"/Return/ReturnData/IRS990ScheduleM/BoatsAndPlanesGrp/ContributionCnt",183,183,"2013v3.0, 2013v3.1, 2013v4.0"
"/Return/ReturnData/IRS990ScheduleM/BoatsAndPlanesGrp/NonCashCheckboxInd",180,180,"2013v3.0, 2013v3.1, 2013v4.0"
"/Return/ReturnData/IRS990ScheduleC/Section4955ManagersTaxAmt",178,178,"2013v3.0, 2013v3.1, 2013v4.0"
"/Return/ReturnData/IRS990ScheduleM/BoatsAndPlanesGrp/NoncashContributionsRptF990Amt",178,178,"2013v3.0, 2013v3.1, 2013v4.0"
"/Return/ReturnData/IRS990EZ/CompensationHighestPaidEmplGrp",176,89,"2013v3.0, 2013v3.1, 2013v4.0"
"/Return/ReturnData/IRS990EZ/CompensationHighestPaidEmplGrp/AverageHoursPerWeekRt",176,89,"2013v3.0, 2013v3.1, 2013v4.0"
"/Return/ReturnData/IRS990EZ/CompensationHighestPaidEmplGrp/CompensationAmt",176,89,"2013v3.0, 2013v3.1, 2013v4.0"
"/Return/ReturnData/IRS990EZ/CompensationHighestPaidEmplGrp/EmployeeBenefitsAmt",176,89,"2013v3.0, 2013v3.1, 2013v4.0"
"/Return/ReturnData/IRS990EZ/CompensationHighestPaidEmplGrp/ExpenseAccountAmt",176,89,"2013v3.0, 2013v3.1, 2013v4.0"
"/Return/ReturnData/IRS990EZ/CompensationHighestPaidEmplGrp/PersonNm",176,89,"2013v3.0, 2013v3.1, 2013v4.0"
"/Return/ReturnData/IRS990EZ/CompensationHighestPaidEmplGrp/TitleTxt",176,89,"2013v3.0, 2013v3.1, 2013v4.0"
"/Return/ReturnData/IRS990ScheduleH/CoalitionBuildingGrp/PersonsServedCnt",175,175,"2013v3.0, 2013v3.1, 2013v4.0"
"/Return/ReturnData/IRS990ScheduleR/IdDisregardedEntitiesGrp/ForeignAddress/City",174,106,"2013v3.0, 2013v3.1, 2013v4.0"
"/Return/ReturnHeader/Filer/ForeignAddress/PostalCode",173,173,"2013v3.0, 2013v3.1, 2013v4.0"
"/Return/ReturnData/IRS990ScheduleH/EconomicDevelopmentGrp/ActivitiesOrProgramsCnt",170,170,"2013v3.0, 2013v3.1, 2013v4.0"
"/Return/ReturnData/IRS990ScheduleM/SecuritiesMiscellaneousGrp/NoncashContributionsRptF990Amt",169,169,"2013v3.0, 2013v3.1, 2013v4.0"
"/Return/ReturnData/IRS990ScheduleR/IdRelatedOrgTxblPartnershipGrp/USAddress/AddressLine2",169,53,"2013v3.0, 2013v3.1, 2013v4.0"
"/Return/ReturnData/IRS990ScheduleH/ResearchGrp/ActivitiesOrProgramsCnt",167,167,"2013v3.0, 2013v3.1, 2013v4.0"
"/Return/ReturnData/IRS990ScheduleG/ThirdPartyBusinessName",166,166,"2013v3.0, 2013v3.1, 2013v4.0"
"/Return/ReturnData/IRS990ScheduleG/ThirdPartyBusinessName/BusinessNameLine1",166,166,"2013v3.0, 2013v3.1, 2013v4.0"
"/Return/ReturnData/IRS990ScheduleM/SecuritiesMiscellaneousGrp/ContributionCnt",165,165,"2013v3.0, 2013v3.1, 2013v4.0"
"/Return/ReturnData/IRS990/BooksInCareOfDetail/ForeignAddress/ProvinceOrState",164,164,"2013v3.0, 2013v3.1, 2013v4.0"
"/Return/ReturnData/IRS990ScheduleG/FundraiserActivityInfoGrp/USAddress/AddressLine2",164,116,"2013v3.0, 2013v3.1, 2013v4.0"
"/Return/ReturnData/IRS990ScheduleG/GamingRevenueRtnBy3PrtyAmt",164,164,"2013v3.0, 2013v3.1, 2013v4.0"
"/Return/ReturnData/IRS990ScheduleC/MediaAdvertisementsAmt",163,163,"2013v3.0, 2013v3.1, 2013v4.0"
"/Return/ReturnData/IRS990ScheduleM/BoatsAndPlanesGrp/MethodOfDeterminingRevenuesTxt",163,163,"2013v3.0, 2013v3.1, 2013v4.0"
"/Return/ReturnData/IRS990ScheduleM/SecuritiesMiscellaneousGrp/NonCashCheckboxInd",163,163,"2013v3.0, 2013v3.1, 2013v4.0"
"/Return/ReturnData/IRS990ScheduleJ/RltdOrgOfficerTrstKeyEmplGrp/BusinessName",162,110,"2013v3.0, 2013v3.1, 2013v4.0"
"/Return/ReturnData/IRS990ScheduleJ/RltdOrgOfficerTrstKeyEmplGrp/BusinessName/BusinessNameLine1",162,110,"2013v3.0, 2013v3.1, 2013v4.0"
"/Return/ReturnData/IRS990ScheduleM/SecuritiesCloselyHeldStockGrp/NonCashCheckboxInd",160,160,"2013v3.0, 2013v3.1, 2013v4.0"
"/Return/ReturnData/IRS990ScheduleM/SecuritiesCloselyHeldStockGrp/ContributionCnt",159,159,"2013v3.0, 2013v3.1, 2013v4.0"
"/Return/ReturnData/IRS990ScheduleM/SecuritiesCloselyHeldStockGrp/NoncashContributionsRptF990Amt",159,159,"2013v3.0, 2013v3.1, 2013v4.0"
"/Return/ReturnData/IRS990ScheduleR/IdRelatedOrgTxblPartnershipGrp/ForeignAddress/ProvinceOrState",159,43,"2013v3.0, 2013v3.1, 2013v4.0"
"/Return/ReturnData/IRS990ScheduleC/TotalGrassrootsLobbyingGrp/AffiliatedGroupTotalAmt",155,155,"2013v3.0, 2013v3.1, 2013v4.0"
"/Return/ReturnData/IRS990ScheduleM/SecuritiesCloselyHeldStockGrp/MethodOfDeterminingRevenuesTxt",153,153,"2013v3.0, 2013v3.1, 2013v4.0"
"/Return/ReturnData/IRS990/ForeignAddress/PostalCode",152,152,"2013v3.0, 2013v3.1, 2013v4.0"
"/Return/ReturnData/IRS990ScheduleH/HospitalFcltyPoliciesPrctcGrp/NoEmergencyCareInd",151,123,"2013v3.0, 2013v3.1, 2013v4.0"
"/Return/ReturnData/IRS990ScheduleJ/PaymentsForUseOfResidenceInd",151,151,"2013v3.0, 2013v3.1, 2013v4.0"
"/Return/ReturnData/IRS990ScheduleH/HealthImprovementAdvocacyGrp/DirectOffsettingRevenueAmt",150,150,"2013v3.0, 2013v3.1, 2013v4.0"
"/Return/ReturnData/IRS990/Organization4947a1NotPFInd",149,149,"2013v3.0, 2013v3.1, 2013v4.0"
"/Return/ReturnData/IRS990/DoingBusinessAsName/BusinessNameLine2",148,148,"2013v3.0, 2013v4.0"
"/Return/ReturnData/IRS990ScheduleM/SecuritiesMiscellaneousGrp/MethodOfDeterminingRevenuesTxt",148,148,"2013v3.0, 2013v3.1, 2013v4.0"
"/Return/ReturnData/IRS990ScheduleH/WorkforceDevelopmentGrp/DirectOffsettingRevenueAmt",146,146,"2013v3.0, 2013v3.1, 2013v4.0"
"/Return/ReturnData/IRS990ScheduleI/RecipientTable/ForeignAddress",146,110,"2013v3.0, 2013v3.1, 2013v4.0"
"/Return/ReturnData/IRS990ScheduleI/RecipientTable/ForeignAddress/AddressLine1",146,110,"2013v3.0, 2013v3.1, 2013v4.0"
"/Return/ReturnData/IRS990ScheduleI/RecipientTable/ForeignAddress/Country",146,110,"2013v3.0, 2013v3.1, 2013v4.0"
"/Return/ReturnData/IRS990/ForeignAddress/ProvinceOrState",145,145,"2013v3.0, 2013v3.1, 2013v4.0"
"/Return/ReturnData/IRS990ScheduleH/CoalitionBuildingGrp/DirectOffsettingRevenueAmt",145,145,"2013v3.0, 2013v3.1, 2013v4.0"
"/Return/ReturnData/IRS990ScheduleH/FinancialAssistanceAtCostTyp/ActivitiesOrProgramsCnt",144,144,"2013v3.0, 2013v3.1, 2013v4.0"
"/Return/ReturnData/AveragingAttachment",143,143,"2013v3.1, 2013v4.0"
"/Return/ReturnData/IRS990EZ/CompensationOfHghstPdCntrctGrp",143,113,"2013v3.0, 2013v3.1, 2013v4.0"
"/Return/ReturnData/IRS990EZ/CompensationOfHghstPdCntrctGrp/CompensationAmt",143,113,"2013v3.0, 2013v3.1, 2013v4.0"
"/Return/ReturnData/IRS990EZ/CompensationOfHghstPdCntrctGrp/ServiceTypeTxt",143,113,"2013v3.0, 2013v3.1, 2013v4.0"
"/Return/ReturnData/IRS990EZ/CompensationOfHghstPdCntrctGrp/USAddress",143,113,"2013v3.0, 2013v3.1, 2013v4.0"
"/Return/ReturnData/IRS990EZ/CompensationOfHghstPdCntrctGrp/USAddress/AddressLine1",143,113,"2013v3.0, 2013v3.1, 2013v4.0"
"/Return/ReturnData/IRS990EZ/CompensationOfHghstPdCntrctGrp/USAddress/City",143,113,"2013v3.0, 2013v3.1, 2013v4.0"
"/Return/ReturnData/IRS990EZ/CompensationOfHghstPdCntrctGrp/USAddress/State",143,113,"2013v3.0, 2013v3.1, 2013v4.0"
"/Return/ReturnData/IRS990EZ/CompensationOfHghstPdCntrctGrp/USAddress/ZIPCode",143,113,"2013v3.0, 2013v3.1, 2013v4.0"
"/Return/ReturnData/AveragingAttachment/ExplanationTxt",142,142,"2013v3.1, 2013v4.0"
"/Return/ReturnData/IRS990ScheduleC/TotLbbyExpendMnsLbbyngNonTxGrp/AffiliatedGroupTotalAmt",142,142,"2013v3.0, 2013v3.1, 2013v4.0"
"/Return/ReturnData/IRS990ScheduleH/Percent250Ind",142,142,"2013v3.0, 2013v3.1, 2013v4.0"
"/Return/ReturnData/IRS990ScheduleM/QualifiedContribOtherGrp/NonCashCheckboxInd",141,141,"2013v3.0, 2013v3.1, 2013v4.0"
"/Return/ReturnData/IRS990ScheduleM/QualifiedContribOtherGrp/ContributionCnt",140,140,"2013v3.0, 2013v3.1, 2013v4.0"
"/Return/ReturnData/IRS990ScheduleC/Section527PoliticalOrgGrp/OrganizationBusinessName/BusinessNameLine2",139,58,"2013v3.0, 2013v3.1, 2013v4.0"
"/Return/ReturnData/IRS990ScheduleG/GamingInformationGrp/NonCashPrizesPullTabsAmt",137,137,"2013v3.0, 2013v3.1, 2013v4.0"
"/Return/ReturnData/IRS990ScheduleM/SecurPrtnrshpTrustIntrstsGrp/ContributionCnt",136,136,"2013v3.0, 2013v3.1, 2013v4.0"
"/Return/ReturnData/IRS990ScheduleM/SecurPrtnrshpTrustIntrstsGrp/NonCashCheckboxInd",136,136,"2013v3.0, 2013v3.1, 2013v4.0"
"/Return/ReturnData/IRS990ScheduleM/SecurPrtnrshpTrustIntrstsGrp/NoncashContributionsRptF990Amt",135,135,"2013v3.0, 2013v3.1, 2013v4.0"
"/Return/ReturnData/AffiliateListing/AffiliateListingGrp/BusinessName/BusinessNameLine2",134,9,"2013v3.1, 2013v4.0"
"/Return/ReturnData/IRS990ScheduleH/HospitalFcltyPoliciesPrctcGrp/PermitLienOnResidenceInd",133,106,"2013v3.0, 2013v3.1, 2013v4.0"
"/Return/ReturnData/IRS990ScheduleH/UnreimbursedMedicaidGrp/ActivitiesOrProgramsCnt",133,133,"2013v3.0, 2013v3.1, 2013v4.0"
"/Return/ReturnData/IRS990ScheduleM/ArtHistoricalTreasuresGrp/NonCashCheckboxInd",131,131,"2013v3.0, 2013v3.1, 2013v4.0"
"/Return/ReturnData/IRS990ScheduleH/ResearchGrp/PersonsServedCnt",128,128,"2013v3.0, 2013v3.1, 2013v4.0"
"/Return/ReturnHeader/Filer/ForeignAddress/ProvinceOrState",128,128,"2013v3.0, 2013v3.1, 2013v4.0"
"/Return/ReturnData/IRS990ScheduleH/HospitalFcltyPoliciesPrctcGrp/Form4720FiledInd",127,112,"2013v3.0, 2013v3.1, 2013v4.0"
"/Return/ReturnData/IRS990ScheduleM/QualifiedContribOtherGrp/MethodOfDeterminingRevenuesTxt",126,126,"2013v3.0, 2013v3.1, 2013v4.0"
"/Return/ReturnData/IRS990ScheduleM/ArtHistoricalTreasuresGrp/ContributionCnt",125,125,"2013v3.0, 2013v3.1, 2013v4.0"
"/Return/ReturnData/IRS990EZ/BooksInCareOfDetail/ForeignAddress",124,124,"2013v3.0, 2013v3.1, 2013v4.0"
"/Return/ReturnData/IRS990EZ/BooksInCareOfDetail/ForeignAddress/AddressLine1",124,124,"2013v3.0, 2013v3.1, 2013v4.0"
"/Return/ReturnData/IRS990EZ/BooksInCareOfDetail/ForeignAddress/Country",124,124,"2013v3.0, 2013v3.1, 2013v4.0"
"/Return/ReturnData/AffiliatedGroupSchedule",123,123,"2013v3.0, 2013v3.1, 2013v4.0"
"/Return/ReturnData/IRS990ScheduleM/SecurPrtnrshpTrustIntrstsGrp/MethodOfDeterminingRevenuesTxt",123,123,"2013v3.0, 2013v3.1, 2013v4.0"
"/Return/ReturnData/IRS990ScheduleR/IdRelatedOrgTxblCorpTrGrp/DirectControllingEntityName/BusinessNameLine2",123,88,"2013v3.1, 2013v4.0"
"/Return/ReturnData/IRS990ScheduleH/LeadershipDevelopmentGrp/ActivitiesOrProgramsCnt",122,122,"2013v3.0, 2013v3.1, 2013v4.0"
"/Return/ReturnData/IRS990/ProgSrvcAccomActy2Grp/ActivityCd",120,120,"2013v3.1, 2013v4.0"
"/Return/ReturnData/IRS990EZ/BooksInCareOfDetail/ForeignAddress/City",120,120,"2013v3.0, 2013v3.1, 2013v4.0"
"/Return/ReturnData/IRS990ScheduleC/TotLbbyngGrassrootMnsNonTxGrp/AffiliatedGroupTotalAmt",120,120,"2013v3.0, 2013v3.1, 2013v4.0"
"/Return/ReturnData/IRS990ScheduleM/HistoricalArtifactsGrp/NoncashContributionsRptF990Amt",120,120,"2013v3.0, 2013v3.1, 2013v4.0"
"/Return/ReturnData/IRS990ScheduleM/HistoricalArtifactsGrp/MethodOfDeterminingRevenuesTxt",119,119,"2013v3.0, 2013v3.1, 2013v4.0"
"/Return/ReturnData/IRS990ScheduleH/HospitalFcltyPoliciesPrctcGrp/PermitOtherActionsInd",118,97,"2013v3.0, 2013v3.1, 2013v4.0"
"/Return/ReturnData/IRS990ScheduleI/RecipientTable/ForeignAddress/City",116,91,"2013v3.0, 2013v3.1, 2013v4.0"
"/Return/ReturnData/IRS990ScheduleK/TaxExemptBondsArbitrageGrp/GICProviderName/BusinessNameLine2",111,76,"2013v3.0, 2013v3.1, 2013v4.0"
"/Return/ReturnData/IRS990ScheduleM/QualifiedContribOtherGrp/NoncashContributionsRptF990Amt",110,110,"2013v3.0, 2013v3.1, 2013v4.0"
"/Return/ReturnData/IRS990ScheduleH/UnreimbursedCostsGrp/PersonsServedCnt",106,106,"2013v3.0, 2013v3.1, 2013v4.0"
"/Return/ReturnData/IRS990ScheduleG/ThirdPartyPersonNm",105,105,"2013v3.0, 2013v3.1, 2013v4.0"
"/Return/ReturnData/IRS990ScheduleG/PersonsWithBooksUSAddress/AddressLine2",103,103,"2013v3.0, 2013v3.1, 2013v4.0"
"/Return/ReturnData/IRS990ScheduleH/EconomicDevelopmentGrp/DirectOffsettingRevenueAmt",103,103,"2013v3.0, 2013v3.1, 2013v4.0"
"/Return/ReturnData/IRS990ScheduleH/EconomicDevelopmentGrp/PersonsServedCnt",102,102,"2013v3.0, 2013v3.1, 2013v4.0"
"/Return/ReturnData/IRS990ScheduleH/LeadershipDevelopmentGrp/PersonsServedCnt",102,102,"2013v3.0, 2013v3.1, 2013v4.0"
"/Return/ReturnData/IRS990ScheduleH/OtherCommuntityBuildingActyGrp/DirectOffsettingRevenueAmt",102,102,"2013v3.0, 2013v3.1, 2013v4.0"
"/Return/ReturnData/IRS990ScheduleH/LeadershipDevelopmentGrp/DirectOffsettingRevenueAmt",101,101,"2013v3.0, 2013v3.1, 2013v4.0"
"/Return/ReturnData/AffiliateListing",100,100,"2013v3.0, 2013v3.1, 2013v4.0"
"/Return/ReturnData/IRS990/LegalDomicileCountryCd",100,100,"2013v3.0, 2013v3.1, 2013v4.0"
"/Return/ReturnData/IRS990ScheduleH/Percent350Ind",98,98,"2013v3.0, 2013v3.1, 2013v4.0"
"/Return/ReturnData/IRS990ScheduleR/IdRelatedOrgTxblPartnershipGrp/DirectControllingEntityName/BusinessNameLine2",98,57,"2013v3.0, 2013v3.1, 2013v4.0"
"/Return/ReturnData/IRS990ScheduleM/ArtHistoricalTreasuresGrp/NoncashContributionsRptF990Amt",97,97,"2013v3.0, 2013v3.1, 2013v4.0"
"/Return/ReturnData/IRS990ScheduleH/HospitalFcltyPoliciesPrctcGrp/LiensOnResidencesInd",93,77,"2013v3.0, 2013v3.1, 2013v4.0"
"/Return/ReturnData/IRS990EZ/BooksInCareOfDetail/ForeignAddress/PostalCode",92,92,"2013v3.0, 2013v3.1, 2013v4.0"
"/Return/ReturnData/IRS990ScheduleR/IdRelatedOrgTxblPartnershipGrp/RelatedOrganizationName/BusinessNameLine2",91,50,"2013v3.0, 2013v3.1, 2013v4.0"
"/Return/ReturnData/IRS990ScheduleM/ArtHistoricalTreasuresGrp/MethodOfDeterminingRevenuesTxt",90,90,"2013v3.0, 2013v3.1, 2013v4.0"
"/Return/ReturnData/IRS990ScheduleI/RecipientTable/ForeignAddress/ProvinceOrState",89,71,"2013v3.0, 2013v3.1, 2013v4.0"
"/Return/ReturnData/IRS990ScheduleR/IdDisregardedEntitiesGrp/ForeignAddress/PostalCode",88,61,"2013v3.0, 2013v3.1, 2013v4.0"
"/Return/ReturnData/IRS990ScheduleR/IdDisregardedEntitiesGrp/USAddress/AddressLine2",88,56,"2013v3.0, 2013v3.1, 2013v4.0"
"/Return/ReturnData/IRS990ScheduleC/Section527PoliticalOrgGrp/USAddress/AddressLine2",87,24,"2013v3.0, 2013v3.1, 2013v4.0"
"/Return/ReturnData/IRS990ScheduleH/PhysicalImprvAndHousingGrp/DirectOffsettingRevenueAmt",87,87,"2013v3.0, 2013v3.1, 2013v4.0"
"/Return/ReturnData/IRS990ScheduleH/PhysicalImprvAndHousingGrp/ActivitiesOrProgramsCnt",86,86,"2013v3.0, 2013v3.1, 2013v4.0"
"/Return/ReturnData/IRS990ScheduleR/IdRelatedOrgTxblCorpTrGrp/ForeignAddress/AddressLine2",86,38,"2013v3.0, 2013v3.1, 2013v4.0"
"/Return/ReturnData/IRS990/TaxExemptInterestAmt",84,84,"2013v3.0, 2013v3.1, 2013v4.0"
"/Return/ReturnData/IRS990ScheduleR/IdDisregardedEntitiesGrp/ForeignAddress/ProvinceOrState",82,43,"2013v3.0, 2013v3.1, 2013v4.0"
"/Return/ReturnData/IRS990/ProgSrvcAccomActy3Grp/ActivityCd",81,81,"2013v3.1, 2013v4.0"
"/Return/ReturnData/IRS990EZ/CompensationOfHghstPdCntrctGrp/BusinessName",81,68,"2013v3.0, 2013v3.1, 2013v4.0"
"/Return/ReturnData/IRS990EZ/CompensationOfHghstPdCntrctGrp/BusinessName/BusinessNameLine1",81,68,"2013v3.0, 2013v3.1, 2013v4.0"
"/Return/ReturnData/IRS990ScheduleH/EnvironmentalImprovementsGrp/ActivitiesOrProgramsCnt",81,81,"2013v3.0, 2013v3.1, 2013v4.0"
"/Return/ReturnData/IRS990ScheduleR/IdDisregardedEntitiesGrp/DisregardedEntityName/BusinessNameLine2",81,56,"2013v3.0, 2013v3.1, 2013v4.0"
"/Return/ReturnData/IRS990ScheduleH/HospitalFacilitiesGrp/EmergencyRoomOtherInd",80,68,"2013v3.0, 2013v3.1, 2013v4.0"
"/Return/ReturnData/IRS990ScheduleA/TenPctFactsCrcmstncsTestPYInd",78,78,"2013v3.0, 2013v3.1, 2013v4.0"
"/Return/ReturnData/IRS990ScheduleH/OtherCommuntityBuildingActyGrp/ActivitiesOrProgramsCnt",78,78,"2013v3.0, 2013v3.1, 2013v4.0"
"/Return/ReturnData/IRS990ScheduleH/EnvironmentalImprovementsGrp/DirectOffsettingRevenueAmt",75,75,"2013v3.0, 2013v3.1, 2013v4.0"
"/Return/ReturnData/IRS990ScheduleL/DisqualifiedPersonExBnftTrGrp",75,63,"2013v3.0, 2013v3.1, 2013v4.0"
"/Return/ReturnData/IRS990ScheduleL/DisqualifiedPersonExBnftTrGrp/TransactionCorrectedInd",75,63,"2013v3.0, 2013v3.1, 2013v4.0"
"/Return/ReturnHeader/PreparerFirmGrp/PreparerForeignAddress",75,75,"2013v3.0, 2013v3.1, 2013v4.0"
"/Return/ReturnHeader/PreparerFirmGrp/PreparerForeignAddress/AddressLine1",75,75,"2013v3.0, 2013v3.1, 2013v4.0"
"/Return/ReturnHeader/PreparerFirmGrp/PreparerForeignAddress/City",75,75,"2013v3.0, 2013v3.1, 2013v4.0"
"/Return/ReturnHeader/PreparerFirmGrp/PreparerForeignAddress/Country",75,75,"2013v3.0, 2013v3.1, 2013v4.0"
"/Return/ReturnData/IRS990ScheduleI/RecipientTable/ForeignAddress/PostalCode",71,57,"2013v3.0, 2013v3.1, 2013v4.0"
"/Return/ReturnData/IRS990ScheduleM/IntellectualPropertyGrp/ContributionCnt",69,69,"2013v3.0, 2013v3.1, 2013v4.0"
"/Return/ReturnData/IRS990ScheduleM/IntellectualPropertyGrp/NoncashContributionsRptF990Amt",69,69,"2013v3.0, 2013v3.1, 2013v4.0"
"/Return/ReturnHeader/PreparerPersonGrp/SSN",68,68,"2013v3.1, 2013v4.0"
"/Return/ReturnData/IRS990ScheduleH/OtherCommuntityBuildingActyGrp/PersonsServedCnt",67,67,"2013v3.0, 2013v3.1, 2013v4.0"
"/Return/ReturnData/IRS990ScheduleM/IntellectualPropertyGrp/NonCashCheckboxInd",67,67,"2013v3.0, 2013v3.1, 2013v4.0"
"/Return/ReturnData/IRS990ScheduleL/DisqualifiedPersonExBnftTrGrp/TransactionDesc",65,53,"2013v3.0, 2013v3.1, 2013v4.0"
"/Return/ReturnData/IRS990ScheduleN/LiquidationOfAssetsTableGrp/LiquidationOfAssetsDetail/BusinessName/BusinessNameLine2",64,24,"2013v3.0, 2013v3.1, 2013v4.0"
"/Return/ReturnData/IRS990EZ/CompensationOfHghstPdCntrctGrp/PersonNm",62,51,"2013v3.1, 2013v4.0"
"/Return/ReturnData/IRS990ScheduleL/DisqualifiedPersonExBnftTrGrp/PersonNm",61,54,"2013v3.0, 2013v3.1, 2013v4.0"
"/Return/ReturnData/IRS990ScheduleH/PhysicalImprvAndHousingGrp/PersonsServedCnt",60,60,"2013v3.0, 2013v3.1, 2013v4.0"
"/Return/ReturnData/IRS990ScheduleL/DisqualifiedPersonExBnftTrGrp/RlnDisqualifiedPersonOrgTxt",60,51,"2013v3.0, 2013v3.1, 2013v4.0"
"/Return/ReturnData/IRS990ScheduleH/HospitalFcltyPoliciesPrctcGrp/OtherActionsInd",58,48,"2013v3.0, 2013v3.1, 2013v4.0"
"/Return/ReturnData/IRS990ScheduleH/EnvironmentalImprovementsGrp/PersonsServedCnt",55,55,"2013v3.0, 2013v3.1, 2013v4.0"
"/Return/ReturnData/IRS990EZ/BooksInCareOfDetail/ForeignAddress/ProvinceOrState",54,54,"2013v3.0, 2013v3.1, 2013v4.0"
"/Return/ReturnData/IRS990ScheduleH/UnreimbursedCostsGrp/ActivitiesOrProgramsCnt",52,52,"2013v3.0, 2013v3.1, 2013v4.0"
"/Return/ReturnData/IRS990ScheduleM/IntellectualPropertyGrp/MethodOfDeterminingRevenuesTxt",52,52,"2013v3.0, 2013v3.1, 2013v4.0"
"/Return/ReturnData/IRS990ScheduleR/IdRelatedTaxExemptOrgGrp/ForeignAddress/AddressLine2",51,30,"2013v3.0, 2013v3.1, 2013v4.0"
"/Return/ReturnData/IRS990ScheduleL/LoansBtwnOrgInterestedPrsnGrp/BusinessName/BusinessNameLine2",49,34,"2013v3.0, 2013v3.1, 2013v4.0"
"/Return/ReturnData/IRS990ScheduleH/MostHospitalsPolicyInd",48,48,"2013v3.0, 2013v3.1, 2013v4.0"
"/Return/ReturnData/IRS990ScheduleM/ScientificSpecimensGrp/NonCashCheckboxInd",48,48,"2013v3.0, 2013v3.1, 2013v4.0"
"/Return/ReturnData/IRS990ScheduleM/ScientificSpecimensGrp/ContributionCnt",47,47,"2013v3.0, 2013v3.1, 2013v4.0"
"/Return/ReturnData/IRS990ScheduleR/UnrelatedOrgTxblPartnershipGrp/UBICodeVAmt",46,33,"2013v3.0, 2013v3.1, 2013v4.0"
"/Return/ReturnData/IRS990ScheduleG/FundraiserActivityInfoGrp/ForeignAddress",45,41,"2013v3.0, 2013v3.1, 2013v4.0"
"/Return/ReturnData/IRS990ScheduleG/FundraiserActivityInfoGrp/ForeignAddress/AddressLine1",45,41,"2013v3.0, 2013v3.1, 2013v4.0"
"/Return/ReturnData/IRS990ScheduleG/FundraiserActivityInfoGrp/ForeignAddress/Country",45,41,"2013v3.0, 2013v3.1, 2013v4.0"
"/Return/ReturnData/IRS990ScheduleN/LiquidationOfAssetsTableGrp/LiquidationOfAssetsDetail/USAddress/AddressLine2",45,25,"2013v3.0, 2013v3.1, 2013v4.0"
"/Return/ReturnData/IRS990ScheduleG/FundraiserActivityInfoGrp/ForeignAddress/City",42,38,"2013v3.0, 2013v3.1, 2013v4.0"
"/Return/ReturnHeader/PreparerFirmGrp/PreparerForeignAddress/PostalCode",42,42,"2013v3.0, 2013v3.1, 2013v4.0"
"/Return/ReturnData/IRS990ScheduleM/ScientificSpecimensGrp/NoncashContributionsRptF990Amt",41,41,"2013v3.0, 2013v3.1, 2013v4.0"
"/Return/ReturnData/AffiliateListing/AffiliateListingGrp/USAddress/AddressLine2",39,8,"2013v3.0, 2013v3.1, 2013v4.0"
"/Return/ReturnData/IRS990ScheduleH/HospitalFacilitiesGrp/BusinessName/BusinessNameLine2",37,30,"2013v3.0, 2013v3.1, 2013v4.0"
"/Return/ReturnData/IRS990ScheduleH/HospitalFcltyPoliciesPrctcGrp/OtherReasonInd",37,33,"2013v3.0, 2013v3.1, 2013v4.0"
"/Return/ReturnData/IRS990ScheduleC/LimitedControlProvisionsAppInd",36,36,"2013v3.0, 2013v3.1, 2013v4.0"
"/Return/ReturnData/IRS990ScheduleM/ScientificSpecimensGrp/MethodOfDeterminingRevenuesTxt",35,35,"2013v3.0, 2013v3.1, 2013v4.0"
"/Return/ReturnData/IRS990ScheduleN/DispositionOfAssetsDetail/USAddress/AddressLine2",34,26,"2013v3.0, 2013v3.1, 2013v4.0"
"/Return/ReturnHeader/DisasterReliefTxt",33,33,"2013v3.0, 2013v3.1, 2013v4.0"
"/Return/ReturnData/IRS990/SpecialConditionDesc",32,32,"2013v3.0, 2013v3.1, 2013v4.0"
"/Return/ReturnData/IRS990EZ/Organization4947a1NotPFInd",32,32,"2013v3.0, 2013v3.1, 2013v4.0"
"/Return/ReturnData/IRS990ScheduleG/PersonsWithBooksName/BusinessNameLine2",32,32,"2013v3.0, 2013v3.1, 2013v4.0"
"/Return/ReturnData/IRS990ScheduleG/FundraiserActivityInfoGrp/ForeignAddress/PostalCode",31,28,"2013v3.0, 2013v3.1, 2013v4.0"
"/Return/ReturnData/IRS990ScheduleG/FundraiserActivityInfoGrp/ForeignAddress/ProvinceOrState",31,28,"2013v3.0, 2013v3.1, 2013v4.0"
"/Return/ReturnData/IRS990/ContractorCompensationGrp/ContractorAddress/ForeignAddress/AddressLine2",30,22,"2013v3.0, 2013v4.0"
"/Return/ReturnData/IRS990/BooksInCareOfDetail/ForeignAddress/AddressLine2",28,28,"2013v3.0, 2013v3.1, 2013v4.0"
"/Return/ReturnHeader/PreparerFirmGrp/PreparerForeignAddress/ProvinceOrState",28,28,"2013v3.0, 2013v3.1, 2013v4.0"
"/Return/ReturnData/IRS990ScheduleL/TaxImposedAmt",27,27,"2013v3.0, 2013v3.1, 2013v4.0"
"/Return/ReturnData/AffiliatedGroupAttachment",25,25,"2013v3.0, 2013v3.1, 2013v4.0"
"/Return/ReturnData/IRS990ScheduleG/FundraiserActivityInfoGrp/OrganizationBusinessName/BusinessNameLine2",25,24,"2013v3.0, 2013v3.1, 2013v4.0"
"/Return/ReturnData/IRS990ScheduleN/DispositionOfAssetsDetail/ForeignAddress",24,15,"2013v3.0, 2013v3.1, 2013v4.0"
"/Return/ReturnData/IRS990ScheduleN/DispositionOfAssetsDetail/ForeignAddress/AddressLine1",24,15,"2013v3.0, 2013v3.1, 2013v4.0"
"/Return/ReturnData/IRS990ScheduleN/DispositionOfAssetsDetail/ForeignAddress/Country",24,15,"2013v3.0, 2013v3.1, 2013v4.0"
"/Return/ReturnData/AffiliatedGroupAttachment/MeduimExplanationTxt",23,23,"2013v3.0, 2013v3.1, 2013v4.0"
"/Return/ReturnData/IRS990ScheduleG/ExplanationIfYesTxt",23,23,"2013v3.0, 2013v3.1, 2013v4.0"
"/Return/ReturnData/IRS990/ForeignAddress/AddressLine2",22,22,"2013v3.0, 2013v4.0"
"/Return/ReturnHeader/PreparerFirmGrp/PreparerFirmName/BusinessNameLine2",22,22,"2013v3.0, 2013v4.0"
"/Return/ReturnData/IRS990ScheduleL/TaxReimbursedAmt",20,20,"2013v3.0, 2013v3.1, 2013v4.0"
"/Return/ReturnData/IRS990ScheduleM/ArtFractionalInterestGrp/ContributionCnt",20,20,"2013v3.0, 2013v3.1, 2013v4.0"
"/Return/ReturnData/IRS990ScheduleM/ArtFractionalInterestGrp/NonCashCheckboxInd",20,20,"2013v3.0, 2013v3.1, 2013v4.0"
"/Return/ReturnData/IRS990ScheduleN/DispositionOfAssetsDetail/ForeignAddress/City",20,13,"2013v3.0, 2013v3.1, 2013v4.0"
"/Return/ReturnData/IRS990ScheduleM/ArchaeologicalArtifactsGrp/ContributionCnt",19,19,"2013v3.0, 2013v3.1, 2013v4.0"
"/Return/ReturnData/IRS990ScheduleM/ArchaeologicalArtifactsGrp/NonCashCheckboxInd",19,19,"2013v3.0, 2013v3.1, 2013v4.0"
"/Return/ReturnData/IRS990ScheduleH/HospitalFacilitiesGrp/USAddress/AddressLine2",18,18,"2013v3.0, 2013v3.1, 2013v4.0"
"/Return/ReturnData/IRS990ScheduleJ/RltdOrgOfficerTrstKeyEmplGrp/BusinessName/BusinessNameLine2",18,14,"2013v3.1, 2013v4.0"
"/Return/ReturnData/IRS990ScheduleM/TaxidermyGrp/ContributionCnt",18,18,"2013v3.0, 2013v3.1, 2013v4.0"
"/Return/ReturnData/IRS990ScheduleM/TaxidermyGrp/NonCashCheckboxInd",18,18,"2013v3.0, 2013v3.1, 2013v4.0"
"/Return/ReturnData/IRS990ScheduleN/DispositionOfAssetsDetail/BusinessName/BusinessNameLine2",18,14,"2013v3.0, 2013v3.1, 2013v4.0"
"/Return/ReturnData/IRS990/PrincipalOfcrBusinessAddress/BusinessNameLine2",16,16,"2013v3.0, 2013v3.1, 2013v4.0"
"/Return/ReturnData/IRS990ScheduleN/DispositionOfAssetsDetail/ForeignAddress/ProvinceOrState",16,10,"2013v3.0, 2013v3.1"
"/Return/ReturnData/IRS990EZ/BooksInCareOfDetail/ForeignAddress/AddressLine2",15,15,"2013v3.0, 2013v3.1"
"/Return/ReturnData/IRS990EZ/NECTFilingForm990Ind",15,15,"2013v3.0, 2013v3.1, 2013v4.0"
"/Return/ReturnData/IRS990ScheduleM/TaxidermyGrp/MethodOfDeterminingRevenuesTxt",15,15,"2013v3.0, 2013v3.1, 2013v4.0"
"/Return/ReturnData/IRS990ScheduleM/TaxidermyGrp/NoncashContributionsRptF990Amt",15,15,"2013v3.0, 2013v3.1, 2013v4.0"
"/Return/ReturnHeader/Filer/ForeignAddress/AddressLine2",15,15,"2013v3.0, 2013v4.0"
"/Return/ReturnData/IRS990/StateRequiredReservesAmt",14,14,"2013v3.1, 2013v4.0"
"/Return/ReturnData/IRS990EZ/SpecialConditionDesc",14,14,"2013v3.0, 2013v3.1, 2013v4.0"
"/Return/ReturnData/IRS990ScheduleA/HospitalNameAndAddressGrp/SupportedOrganizationName/BusinessNameLine2",14,14,"2013v3.0, 2013v3.1, 2013v4.0"
"/Return/ReturnData/IRS990ScheduleM/ArchaeologicalArtifactsGrp/NoncashContributionsRptF990Amt",14,14,"2013v3.0, 2013v3.1, 2013v4.0"
"/Return/ReturnData/IRS990ScheduleM/ArtFractionalInterestGrp/MethodOfDeterminingRevenuesTxt",13,13,"2013v3.0, 2013v3.1, 2013v4.0"
"/Return/ReturnHeader/PreparerFirmGrp/PreparerForeignAddress/AddressLine2",13,13,"2013v3.0, 2013v4.0"
"/Return/ReturnData/IRS990ScheduleC/Tax4912Amt",12,12,"2013v3.0, 2013v4.0"
"/Return/ReturnData/IRS990ScheduleH/HospitalFcltyPoliciesPrctcGrp/HospitalFacilityName/BusinessNameLine2",12,6,"2013v3.0, 2013v4.0"
"/Return/ReturnData/IRS990ScheduleH/OthHlthCareFcltsNotHospitalGrp/OthHlthCareFcltsGrp/BusinessName/BusinessNameLine2",12,3,"2013v3.0, 2013v4.0"
"/Return/ReturnData/IRS990ScheduleM/ArchaeologicalArtifactsGrp/MethodOfDeterminingRevenuesTxt",12,12,"2013v3.0, 2013v4.0"
"/Return/ReturnData/IRS990ScheduleH/IndivHospitalTailoredPolicyInd",11,11,"2013v3.0, 2013v3.1, 2013v4.0"
"/Return/ReturnData/IRS990ScheduleC/Managers4912TaxAmt",10,10,"2013v3.0, 2013v4.0"
"/Return/ReturnData/IRS990ScheduleL/DisqualifiedPersonExBnftTrGrp/BusinessName",10,9,"2013v3.0, 2013v3.1, 2013v4.0"
"/Return/ReturnData/IRS990ScheduleL/DisqualifiedPersonExBnftTrGrp/BusinessName/BusinessNameLine1",10,9,"2013v3.0, 2013v3.1, 2013v4.0"
"/Return/ReturnData/IRS990ScheduleN/LiquidationOfAssetsTableGrp/LiquidationOfAssetsDetail/ForeignAddress",10,8,"2013v3.0, 2013v3.1, 2013v4.0"
"/Return/ReturnData/IRS990ScheduleN/LiquidationOfAssetsTableGrp/LiquidationOfAssetsDetail/ForeignAddress/AddressLine1",10,8,"2013v3.0, 2013v3.1, 2013v4.0"
"/Return/ReturnData/IRS990ScheduleN/LiquidationOfAssetsTableGrp/LiquidationOfAssetsDetail/ForeignAddress/Country",10,8,"2013v3.0, 2013v3.1, 2013v4.0"
"/Return/ReturnData/EmployeeCompensationExpln",9,9,"2013v3.0, 2013v3.1"
"/Return/ReturnData/IRS990ScheduleN/DispositionOfAssetsDetail/ForeignAddress/PostalCode",9,7,"2013v3.0, 2013v3.1, 2013v4.0"
"/Return/ReturnData/IRS990ScheduleN/LiquidationOfAssetsTableGrp/LiquidationOfAssetsDetail/ForeignAddress/City",9,7,"2013v3.0, 2013v3.1, 2013v4.0"
"/Return/ReturnData/IRS990ScheduleH/HospitalFcltyPoliciesPrctcGrp/PermitBodyAttachmentsInd",8,7,"2013v3.0, 2013v3.1, 2013v4.0"
"/Return/ReturnData/IRS990ScheduleM/ArtFractionalInterestGrp/NoncashContributionsRptF990Amt",7,7,"2013v3.0, 2013v3.1, 2013v4.0"
"/Return/ReturnData/EmployeeCompensationExpln/EmployeeCompExplanationGrp",6,2,"2013v3.1"
"/Return/ReturnData/EmployeeCompensationExpln/EmployeeCompExplanationGrp/EmployeeNm",6,2,"2013v3.1"
"/Return/ReturnData/IRS990ScheduleG/GamingManagerBusinessName/BusinessNameLine2",6,6,"2013v3.1, 2013v4.0"
"/Return/ReturnData/IRS990ScheduleH/HospitalFcltyPoliciesPrctcGrp/BodyAttachmentsInd",6,5,"2013v3.0, 2013v4.0"
"/Return/ReturnData/IRS990ScheduleI/RecipientTable/ForeignAddress/AddressLine2",6,6,"2013v3.0, 2013v4.0"
"/Return/ReturnData/EmployeeCompensationExpln/EmployeeCompExplanationGrp/ExplanationTxt",5,1,"2013v3.1"
"/Return/ReturnData/IRS990ScheduleM/QualifiedContribHistStructGrp/ContributionCnt",5,5,"2013v3.0, 2013v3.1, 2013v4.0"
"/Return/ReturnData/IRS990ScheduleM/QualifiedContribHistStructGrp/NonCashCheckboxInd",5,5,"2013v3.0, 2013v3.1"
"/Return/ReturnData/IRS990ScheduleR/IdDisregardedEntitiesGrp/ForeignAddress/AddressLine2",5,5,"2013v3.0, 2013v4.0"
"/Return/ReturnData/IRS990/ReservesMaintainedAmt",4,4,"2013v3.1, 2013v4.0"
"/Return/ReturnData/IRS990ScheduleA/HospitalNameAndAddressGrp/CountryCd",4,4,"2013v3.1, 2013v4.0"
"/Return/ReturnData/IRS990ScheduleH/HospitalFcltyPoliciesPrctcGrp/ExciseReportForm4720ForAllAmt",4,4,"2013v3.0, 2013v4.0"
"/Return/ReturnData/IRS990ScheduleH/HospitalFcltyPoliciesPrctcGrp/NoEmergencyCarePolicyInd",4,4,"2013v3.0, 2013v4.0"
"/Return/ReturnData/IRS990ScheduleM/QualifiedContribHistStructGrp/MethodOfDeterminingRevenuesTxt",4,4,"2013v3.0, 2013v3.1"
"/Return/ReturnData/IRS990ScheduleM/QualifiedContribHistStructGrp/NoncashContributionsRptF990Amt",4,4,"2013v3.0, 2013v3.1"
"/Return/ReturnData/IRS990ScheduleG/PersonsWithBooksForeignAddress",3,3,"2013v3.1"
"/Return/ReturnData/IRS990ScheduleG/PersonsWithBooksForeignAddress/AddressLine1",3,3,"2013v3.1"
"/Return/ReturnData/IRS990ScheduleG/PersonsWithBooksForeignAddress/City",3,3,"2013v3.1"
"/Return/ReturnData/IRS990ScheduleG/PersonsWithBooksForeignAddress/Country",3,3,"2013v3.1"
"/Return/ReturnData/IRS990ScheduleL/GrntAsstBnftInterestedPrsnGrp/BusinessName/BusinessNameLine2",3,2,"2013v3.1, 2013v4.0"
"/Return/ReturnData/IRS990ScheduleN/DispositionOfAssetsDetail/ForeignAddress/AddressLine2",3,1,"2013v3.0"
"/Return/ReturnData/IRS990ScheduleN/LiquidationOfAssetsTableGrp/LiquidationOfAssetsDetail/ForeignAddress/PostalCode",3,3,"2013v3.0, 2013v3.1"
"/Return/ReturnData/IRS990ScheduleN/LiquidationOfAssetsTableGrp/LiquidationOfAssetsDetail/ForeignAddress/ProvinceOrState",3,2,"2013v3.1, 2013v4.0"
"/Return/ReturnData/AffiliatedGroupSchedule/AffiliatedScheduleGrp/USAddress/AddressLine2",2,2,"2013v4.0"
"/Return/ReturnData/IRS990ScheduleG/FundraiserActivityInfoGrp/ForeignAddress/AddressLine2",2,2,"2013v4.0"
"/Return/ReturnData/IRS990ScheduleG/PersonsWithBooksForeignAddress/PostalCode",2,2,"2013v3.1"
"/Return/ReturnData/IRS990ScheduleG/ThirdPartyUSAddress/AddressLine2",2,2,"2013v3.1, 2013v4.0"
"/Return/ReturnData/IRS990ScheduleR/IdRelatedOrgTxblPartnershipGrp/ForeignAddress/AddressLine2",2,2,"2013v3.0, 2013v4.0"
"/Return/ReturnData/AffiliatedGroupSchedule/AffiliatedScheduleGrp/BusinessName/BusinessNameLine2",1,1,"2013v4.0"
"/Return/ReturnData/IRS990/ProgSrvcAccomActyOtherGrp/ActivityCd",1,1,"2013v3.1"
"/Return/ReturnData/IRS990ScheduleC/Section527PoliticalOrgGrp/ForeignAddress",1,1,"2013v3.1"
"/Return/ReturnData/IRS990ScheduleC/Section527PoliticalOrgGrp/ForeignAddress/AddressLine1",1,1,"2013v3.1"
"/Return/ReturnData/IRS990ScheduleC/Section527PoliticalOrgGrp/ForeignAddress/City",1,1,"2013v3.1"
"/Return/ReturnData/IRS990ScheduleC/Section527PoliticalOrgGrp/ForeignAddress/Country",1,1,"2013v3.1"
"/Return/ReturnData/IRS990ScheduleC/Section527PoliticalOrgGrp/ForeignAddress/PostalCode",1,1,"2013v3.1"
"/Return/ReturnData/IRS990ScheduleC/Section527PoliticalOrgGrp/ForeignAddress/ProvinceOrState",1,1,"2013v3.1"
"/Return/ReturnData/IRS990ScheduleG/PersonsWithBooksForeignAddress/AddressLine2",1,1,"2013v3.1"
"/Return/ReturnData/IRS990ScheduleG/PersonsWithBooksForeignAddress/ProvinceOrState",1,1,"2013v3.1"
"/Return/ReturnData/IRS990ScheduleG/ThirdPartyBusinessName/BusinessNameLine2",1,1,"2013v3.1"
"/Return/ReturnData/IRS990ScheduleG/ThirdPartyForeignAddress",1,1,"2013v3.1"
"/Return/ReturnData/IRS990ScheduleG/ThirdPartyForeignAddress/AddressLine1",1,1,"2013v3.1"
"/Return/ReturnData/IRS990ScheduleG/ThirdPartyForeignAddress/City",1,1,"2013v3.1"
"/Return/ReturnData/IRS990ScheduleG/ThirdPartyForeignAddress/Country",1,1,"2013v3.1"
"/Return/ReturnData/IRS990ScheduleG/ThirdPartyForeignAddress/PostalCode",1,1,"2013v3.1"
"/Return/ReturnData/IRS990ScheduleR/UnrelatedOrgTxblPartnershipGrp/ForeignAddress",1,1,"2013v4.0"
"/Return/ReturnData/IRS990ScheduleR/UnrelatedOrgTxblPartnershipGrp/ForeignAddress/AddressLine1",1,1,"2013v4.0"
"/Return/ReturnData/IRS990ScheduleR/UnrelatedOrgTxblPartnershipGrp/ForeignAddress/City",1,1,"2013v4.0"
"/Return/ReturnData/IRS990ScheduleR/UnrelatedOrgTxblPartnershipGrp/ForeignAddress/Country",1,1,"2013v4.0"
"/Return/ReturnData/IRS990ScheduleR/UnrelatedOrgTxblPartnershipGrp/ForeignAddress/PostalCode",1,1,"2013v4.0"
"/Return/ReturnData/IRS990ScheduleR/UnrelatedOrgTxblPartnershipGrp/ForeignAddress/ProvinceOrState",1,1,"2013v4.0"
"/Return/ReturnData/IRS990ScheduleR/UnrelatedOrgTxblPartnershipGrp/LegalDomicileForeignCountryCd",1,1,"2013v4.0"
