"xpath","count_occurrences","count_filings","schema_versions"
"/Return/ReturnData/IRS990/Form990PartVIISectionAGrp",2858333,233519,"2015v2.0, 2015v2.1, 2015v3.0"
"/Return/ReturnData/IRS990/Form990PartVIISectionAGrp/TitleTxt",2857450,233519,"2015v2.0, 2015v2.1, 2015v3.0"
"/Return/ReturnData/IRS990/Form990PartVIISectionAGrp/ReportableCompFromOrgAmt",2827995,231774,"2015v2.0, 2015v2.1, 2015v3.0"
"/Return/ReturnData/IRS990/Form990PartVIISectionAGrp/OtherCompensationAmt",2826410,231609,"2015v2.0, 2015v2.1, 2015v3.0"
"/Return/ReturnData/IRS990/Form990PartVIISectionAGrp/ReportableCompFromRltdOrgAmt",2825554,231605,"2015v2.0, 2015v2.1, 2015v3.0"
"/Return/ReturnData/IRS990/Form990PartVIISectionAGrp/PersonNm",2816328,231031,"2015v2.0, 2015v2.1, 2015v3.0"
"/Return/ReturnData/IRS990/Form990PartVIISectionAGrp/AverageHoursPerWeekRt",2718104,221862,"2015v2.0, 2015v2.1, 2015v3.0"
"/Return/ReturnData/IRS990/Form990PartVIISectionAGrp/IndividualTrusteeOrDirectorInd",2314562,209191,"2015v2.0, 2015v2.1, 2015v3.0"
"/Return/ReturnData/IRS990ScheduleO/SupplementalInformationDetail",2096020,354205,"2015v2.0, 2015v2.1, 2015v3.0"
"/Return/ReturnData/IRS990ScheduleO/SupplementalInformationDetail/ExplanationTxt",2096020,354205,"2015v2.0, 2015v2.1, 2015v3.0"
"/Return/ReturnData/IRS990ScheduleO/SupplementalInformationDetail/FormAndLineReferenceDesc",2096020,354205,"2015v2.0, 2015v2.1, 2015v3.0"
"/Return/ReturnData/IRS990/Form990PartVIISectionAGrp/AverageHoursPerWeekRltdOrgRt",981607,89929,"2015v2.0, 2015v2.1, 2015v3.0"
"/Return/ReturnData/IRS990/Form990PartVIISectionAGrp/OfficerInd",975056,214199,"2015v2.0, 2015v2.1, 2015v3.0"
"/Return/ReturnData/IRS990EZ/OfficerDirectorTrusteeEmplGrp",812923,124894,"2015v2.0, 2015v2.1, 2015v3.0"
"/Return/ReturnData/IRS990EZ/OfficerDirectorTrusteeEmplGrp/AverageHrsPerWkDevotedToPosRt",812923,124894,"2015v2.0, 2015v2.1, 2015v3.0"
"/Return/ReturnData/IRS990EZ/OfficerDirectorTrusteeEmplGrp/CompensationAmt",812923,124894,"2015v2.0, 2015v2.1, 2015v3.0"
"/Return/ReturnData/IRS990EZ/OfficerDirectorTrusteeEmplGrp/TitleTxt",812923,124894,"2015v2.0, 2015v2.1, 2015v3.0"
"/Return/ReturnData/IRS990EZ/OfficerDirectorTrusteeEmplGrp/PersonNm",810604,124513,"2015v2.0, 2015v2.1, 2015v3.0"
"/Return/ReturnData/IRS990/OtherExpensesGrp",762060,216431,"2015v2.0, 2015v2.1, 2015v3.0"
"/Return/ReturnData/IRS990/OtherExpensesGrp/TotalAmt",761858,216395,"2015v2.0, 2015v2.1, 2015v3.0"
"/Return/ReturnData/IRS990/OtherExpensesGrp/Desc",758638,215617,"2015v2.0, 2015v2.1, 2015v3.0"
"/Return/ReturnData/IRS990/OtherExpensesGrp/ProgramServicesAmt",566376,176373,"2015v2.0, 2015v2.1, 2015v3.0"
"/Return/ReturnData/IRS990ScheduleI/RecipientTable",450254,33583,"2015v2.0, 2015v2.1, 2015v3.0"
"/Return/ReturnData/IRS990ScheduleI/RecipientTable/RecipientBusinessName",449377,33483,"2015v2.0, 2015v2.1, 2015v3.0"
"/Return/ReturnData/IRS990ScheduleI/RecipientTable/RecipientBusinessName/BusinessNameLine1Txt",449377,33483,"2015v2.0, 2015v2.1, 2015v3.0"
"/Return/ReturnData/IRS990ScheduleI/RecipientTable/USAddress",439565,32477,"2015v2.0, 2015v2.1, 2015v3.0"
"/Return/ReturnData/IRS990ScheduleI/RecipientTable/USAddress/AddressLine1Txt",439565,32477,"2015v2.0, 2015v2.1, 2015v3.0"
"/Return/ReturnData/IRS990ScheduleI/RecipientTable/USAddress/CityNm",439565,32477,"2015v2.0, 2015v2.1, 2015v3.0"
"/Return/ReturnData/IRS990ScheduleI/RecipientTable/USAddress/StateAbbreviationCd",439565,32477,"2015v2.0, 2015v2.1, 2015v3.0"
"/Return/ReturnData/IRS990ScheduleI/RecipientTable/USAddress/ZIPCd",439565,32477,"2015v2.0, 2015v2.1, 2015v3.0"
"/Return/ReturnData/IRS990ScheduleI/RecipientTable/PurposeOfGrantTxt",438256,30926,"2015v2.0, 2015v2.1, 2015v3.0"
"/Return/ReturnData/IRS990ScheduleI/RecipientTable/CashGrantAmt",427208,32357,"2015v2.0, 2015v2.1, 2015v3.0"
"/Return/ReturnData/IRS990ScheduleI/RecipientTable/RecipientEIN",416289,29165,"2015v2.0, 2015v2.1, 2015v3.0"
"/Return/ReturnData/IRS990ScheduleI/RecipientTable/IRCSectionDesc",389379,23979,"2015v2.0, 2015v2.1, 2015v3.0"
"/Return/ReturnData/IRS990ScheduleR/IdRelatedTaxExemptOrgGrp",386810,54537,"2015v2.0, 2015v2.1, 2015v3.0"
"/Return/ReturnData/IRS990ScheduleR/IdRelatedTaxExemptOrgGrp/DisregardedEntityName",386680,54501,"2015v2.0, 2015v2.1, 2015v3.0"
"/Return/ReturnData/IRS990ScheduleR/IdRelatedTaxExemptOrgGrp/DisregardedEntityName/BusinessNameLine1Txt",386680,54501,"2015v2.0, 2015v2.1, 2015v3.0"
"/Return/ReturnData/IRS990ScheduleR/IdRelatedTaxExemptOrgGrp/ControlledOrganizationInd",379376,53355,"2015v2.0, 2015v2.1, 2015v3.0"
"/Return/ReturnData/IRS990ScheduleR/IdRelatedTaxExemptOrgGrp/PrimaryActivitiesTxt",378930,53194,"2015v2.0, 2015v2.1, 2015v3.0"
"/Return/ReturnData/IRS990ScheduleR/IdRelatedTaxExemptOrgGrp/USAddress",377433,53523,"2015v2.0, 2015v2.1, 2015v3.0"
"/Return/ReturnData/IRS990ScheduleR/IdRelatedTaxExemptOrgGrp/USAddress/AddressLine1Txt",377433,53523,"2015v2.0, 2015v2.1, 2015v3.0"
"/Return/ReturnData/IRS990ScheduleR/IdRelatedTaxExemptOrgGrp/USAddress/CityNm",377433,53523,"2015v2.0, 2015v2.1, 2015v3.0"
"/Return/ReturnData/IRS990ScheduleR/IdRelatedTaxExemptOrgGrp/USAddress/StateAbbreviationCd",377433,53523,"2015v2.0, 2015v2.1, 2015v3.0"
"/Return/ReturnData/IRS990ScheduleR/IdRelatedTaxExemptOrgGrp/USAddress/ZIPCd",377433,53523,"2015v2.0, 2015v2.1, 2015v3.0"
"/Return/ReturnData/IRS990ScheduleR/IdRelatedTaxExemptOrgGrp/LegalDomicileStateCd",376470,53348,"2015v2.0, 2015v2.1, 2015v3.0"
"/Return/ReturnData/IRS990ScheduleR/IdRelatedTaxExemptOrgGrp/ExemptCodeSectionTxt",374734,52110,"2015v2.0, 2015v2.1, 2015v3.0"
"/Return/ReturnData/IRS990ScheduleR/IdRelatedTaxExemptOrgGrp/EIN",373798,51912,"2015v2.0, 2015v2.1, 2015v3.0"
"/Return",358413,358413,"2015v2.0, 2015v2.1, 2015v3.0"
"/Return/ReturnData",358413,358413,"2015v2.0, 2015v2.1, 2015v3.0"
"/Return/ReturnHeader",358413,358413,"2015v2.0, 2015v2.1, 2015v3.0"
"/Return/ReturnHeader/BuildTS",358413,358413,"2015v2.0, 2015v2.1, 2015v3.0"
"/Return/ReturnHeader/BusinessOfficerGrp",358413,358413,"2015v2.0, 2015v2.1, 2015v3.0"
"/Return/ReturnHeader/BusinessOfficerGrp/PersonNm",358413,358413,"2015v2.0, 2015v2.1, 2015v3.0"
"/Return/ReturnHeader/BusinessOfficerGrp/PersonTitleTxt",358413,358413,"2015v2.0, 2015v2.1, 2015v3.0"
"/Return/ReturnHeader/BusinessOfficerGrp/SignatureDt",358413,358413,"2015v2.0, 2015v2.1, 2015v3.0"
"/Return/ReturnHeader/Filer",358413,358413,"2015v2.0, 2015v2.1, 2015v3.0"
"/Return/ReturnHeader/Filer/BusinessName",358413,358413,"2015v2.0, 2015v2.1, 2015v3.0"
"/Return/ReturnHeader/Filer/BusinessName/BusinessNameLine1Txt",358413,358413,"2015v2.0, 2015v2.1, 2015v3.0"
"/Return/ReturnHeader/Filer/BusinessNameControlTxt",358413,358413,"2015v2.0, 2015v2.1, 2015v3.0"
"/Return/ReturnHeader/Filer/EIN",358413,358413,"2015v2.0, 2015v2.1, 2015v3.0"
"/Return/ReturnHeader/ReturnTs",358413,358413,"2015v2.0, 2015v2.1, 2015v3.0"
"/Return/ReturnHeader/ReturnTypeCd",358413,358413,"2015v2.0, 2015v2.1, 2015v3.0"
"/Return/ReturnHeader/TaxPeriodBeginDt",358413,358413,"2015v2.0, 2015v2.1, 2015v3.0"
"/Return/ReturnHeader/TaxPeriodEndDt",358413,358413,"2015v2.0, 2015v2.1, 2015v3.0"
"/Return/ReturnHeader/TaxYr",358413,358413,"2015v2.0, 2015v2.1, 2015v3.0"
"/Return/ReturnHeader/Filer/USAddress",358189,358189,"2015v2.0, 2015v2.1, 2015v3.0"
"/Return/ReturnHeader/Filer/USAddress/AddressLine1Txt",358189,358189,"2015v2.0, 2015v2.1, 2015v3.0"
"/Return/ReturnHeader/Filer/USAddress/CityNm",358189,358189,"2015v2.0, 2015v2.1, 2015v3.0"
"/Return/ReturnHeader/Filer/USAddress/StateAbbreviationCd",358189,358189,"2015v2.0, 2015v2.1, 2015v3.0"
"/Return/ReturnHeader/Filer/USAddress/ZIPCd",358189,358189,"2015v2.0, 2015v2.1, 2015v3.0"
"/Return/ReturnData/IRS990/ProgramServiceRevenueGrp",354839,157298,"2015v2.0, 2015v2.1, 2015v3.0"
"/Return/ReturnData/IRS990ScheduleO",354205,354205,"2015v2.0, 2015v2.1, 2015v3.0"
"/Return/ReturnData/IRS990/ProgramServiceRevenueGrp/TotalRevenueColumnAmt",352483,156732,"2015v2.0, 2015v2.1, 2015v3.0"
"/Return/ReturnData/IRS990/ProgramServiceRevenueGrp/Desc",351919,156514,"2015v2.0, 2015v2.1, 2015v3.0"
"/Return/ReturnData/IRS990ScheduleR/IdRelatedTaxExemptOrgGrp/PublicCharityStatusTxt",343636,42785,"2015v2.0, 2015v2.1, 2015v3.0"
"/Return/ReturnHeader/PreparerPersonGrp",342660,342660,"2015v2.0, 2015v2.1, 2015v3.0"
"/Return/ReturnHeader/PreparerFirmGrp",341483,341483,"2015v2.0, 2015v2.1, 2015v3.0"
"/Return/ReturnHeader/PreparerFirmGrp/PreparerFirmName",341483,341483,"2015v2.0, 2015v2.1, 2015v3.0"
"/Return/ReturnHeader/PreparerFirmGrp/PreparerFirmName/BusinessNameLine1Txt",341483,341483,"2015v2.0, 2015v2.1, 2015v3.0"
"/Return/ReturnHeader/PreparerPersonGrp/PhoneNum",341464,341464,"2015v2.0, 2015v2.1, 2015v3.0"
"/Return/ReturnHeader/PreparerFirmGrp/PreparerUSAddress",341405,341405,"2015v2.0, 2015v2.1, 2015v3.0"
"/Return/ReturnHeader/PreparerFirmGrp/PreparerUSAddress/AddressLine1Txt",341405,341405,"2015v2.0, 2015v2.1, 2015v3.0"
"/Return/ReturnHeader/PreparerFirmGrp/PreparerUSAddress/CityNm",341405,341405,"2015v2.0, 2015v2.1, 2015v3.0"
"/Return/ReturnHeader/PreparerFirmGrp/PreparerUSAddress/StateAbbreviationCd",341405,341405,"2015v2.0, 2015v2.1, 2015v3.0"
"/Return/ReturnHeader/PreparerFirmGrp/PreparerUSAddress/ZIPCd",341405,341405,"2015v2.0, 2015v2.1, 2015v3.0"
"/Return/ReturnHeader/PreparerPersonGrp/PreparerPersonNm",340151,340151,"2015v2.0, 2015v2.1, 2015v3.0"
"/Return/ReturnData/IRS990/ProgramServiceRevenueGrp/RelatedOrExemptFuncIncomeAmt",311280,140705,"2015v2.0, 2015v2.1, 2015v3.0"
"/Return/ReturnHeader/BusinessOfficerGrp/DiscussWithPaidPreparerInd",310638,310638,"2015v2.0, 2015v2.1, 2015v3.0"
"/Return/ReturnData/IRS990/OtherExpensesGrp/ManagementAndGeneralAmt",310012,130373,"2015v2.0, 2015v2.1, 2015v3.0"
"/Return/ReturnData/IRS990EZ/OfficerDirectorTrusteeEmplGrp/ExpenseAccountOtherAllwncAmt",309676,48831,"2015v2.0, 2015v2.1, 2015v3.0"
"/Return/ReturnData/IRS990EZ/OfficerDirectorTrusteeEmplGrp/EmployeeBenefitProgramAmt",309404,49141,"2015v2.0, 2015v2.1, 2015v3.0"
"/Return/ReturnHeader/Filer/PhoneNum",309403,309403,"2015v2.0, 2015v2.1, 2015v3.0"
"/Return/ReturnHeader/PreparerPersonGrp/PTIN",293034,293034,"2015v2.0, 2015v2.1, 2015v3.0"
"/Return/ReturnData/IRS990ScheduleA",272862,272862,"2015v2.0, 2015v2.1, 2015v3.0"
"/Return/ReturnData/IRS990ScheduleR/IdRelatedTaxExemptOrgGrp/DirectControllingEntityName",267581,25914,"2015v2.0, 2015v2.1, 2015v3.0"
"/Return/ReturnData/IRS990ScheduleR/IdRelatedTaxExemptOrgGrp/DirectControllingEntityName/BusinessNameLine1Txt",267581,25914,"2015v2.0, 2015v2.1, 2015v3.0"
"/Return/ReturnHeader/BusinessOfficerGrp/PhoneNum",265114,265114,"2015v2.0, 2015v2.1, 2015v3.0"
"/Return/ReturnData/IRS990/ProgramServiceRevenueGrp/BusinessCd",256367,116586,"2015v2.0, 2015v2.1, 2015v3.0"
"/Return/ReturnData/IRS990",233519,233519,"2015v2.0, 2015v2.1, 2015v3.0"
"/Return/ReturnData/IRS990/AccountantCompileOrReviewInd",233519,233519,"2015v2.0, 2015v2.1, 2015v3.0"
"/Return/ReturnData/IRS990/ActivitiesConductedPrtshpInd",233519,233519,"2015v2.0, 2015v2.1, 2015v3.0"
"/Return/ReturnData/IRS990/ActivityOrMissionDesc",233519,233519,"2015v2.0, 2015v2.1, 2015v3.0"
"/Return/ReturnData/IRS990/BooksInCareOfDetail",233519,233519,"2015v2.0, 2015v2.1, 2015v3.0"
"/Return/ReturnData/IRS990/BooksInCareOfDetail/PhoneNum",233519,233519,"2015v2.0, 2015v2.1, 2015v3.0"
"/Return/ReturnData/IRS990/BusinessRlnWithFamMemInd",233519,233519,"2015v2.0, 2015v2.1, 2015v3.0"
"/Return/ReturnData/IRS990/BusinessRlnWithOfficerEntInd",233519,233519,"2015v2.0, 2015v2.1, 2015v3.0"
"/Return/ReturnData/IRS990/BusinessRlnWithOrgMemInd",233519,233519,"2015v2.0, 2015v2.1, 2015v3.0"
"/Return/ReturnData/IRS990/CYBenefitsPaidToMembersAmt",233519,233519,"2015v2.0, 2015v2.1, 2015v3.0"
"/Return/ReturnData/IRS990/CYContributionsGrantsAmt",233519,233519,"2015v2.0, 2015v2.1, 2015v3.0"
"/Return/ReturnData/IRS990/CYGrantsAndSimilarPaidAmt",233519,233519,"2015v2.0, 2015v2.1, 2015v3.0"
"/Return/ReturnData/IRS990/CYInvestmentIncomeAmt",233519,233519,"2015v2.0, 2015v2.1, 2015v3.0"
"/Return/ReturnData/IRS990/CYOtherExpensesAmt",233519,233519,"2015v2.0, 2015v2.1, 2015v3.0"
"/Return/ReturnData/IRS990/CYOtherRevenueAmt",233519,233519,"2015v2.0, 2015v2.1, 2015v3.0"
"/Return/ReturnData/IRS990/CYProgramServiceRevenueAmt",233519,233519,"2015v2.0, 2015v2.1, 2015v3.0"
"/Return/ReturnData/IRS990/CYRevenuesLessExpensesAmt",233519,233519,"2015v2.0, 2015v2.1, 2015v3.0"
"/Return/ReturnData/IRS990/CYSalariesCompEmpBnftPaidAmt",233519,233519,"2015v2.0, 2015v2.1, 2015v3.0"
"/Return/ReturnData/IRS990/CYTotalExpensesAmt",233519,233519,"2015v2.0, 2015v2.1, 2015v3.0"
"/Return/ReturnData/IRS990/CYTotalFundraisingExpenseAmt",233519,233519,"2015v2.0, 2015v2.1, 2015v3.0"
"/Return/ReturnData/IRS990/CYTotalProfFndrsngExpnsAmt",233519,233519,"2015v2.0, 2015v2.1, 2015v3.0"
"/Return/ReturnData/IRS990/CYTotalRevenueAmt",233519,233519,"2015v2.0, 2015v2.1, 2015v3.0"
"/Return/ReturnData/IRS990/ChangeToOrgDocumentsInd",233519,233519,"2015v2.0, 2015v2.1, 2015v3.0"
"/Return/ReturnData/IRS990/CollectionsOfArtInd",233519,233519,"2015v2.0, 2015v2.1, 2015v3.0"
"/Return/ReturnData/IRS990/CompensationFromOtherSrcsInd",233519,233519,"2015v2.0, 2015v2.1, 2015v3.0"
"/Return/ReturnData/IRS990/ConflictOfInterestPolicyInd",233519,233519,"2015v2.0, 2015v2.1, 2015v3.0"
"/Return/ReturnData/IRS990/ConservationEasementsInd",233519,233519,"2015v2.0, 2015v2.1, 2015v3.0"
"/Return/ReturnData/IRS990/ConsolidatedAuditFinclStmtInd",233519,233519,"2015v2.0, 2015v2.1, 2015v3.0"
"/Return/ReturnData/IRS990/CreditCounselingInd",233519,233519,"2015v2.0, 2015v2.1, 2015v3.0"
"/Return/ReturnData/IRS990/DecisionsSubjectToApprovaInd",233519,233519,"2015v2.0, 2015v2.1, 2015v3.0"
"/Return/ReturnData/IRS990/DeductibleArtContributionInd",233519,233519,"2015v2.0, 2015v2.1, 2015v3.0"
"/Return/ReturnData/IRS990/DeductibleNonCashContriInd",233519,233519,"2015v2.0, 2015v2.1, 2015v3.0"
"/Return/ReturnData/IRS990/DelegationOfMgmtDutiesInd",233519,233519,"2015v2.0, 2015v2.1, 2015v3.0"
"/Return/ReturnData/IRS990/Desc",233519,233519,"2015v2.0, 2015v2.1, 2015v3.0"
"/Return/ReturnData/IRS990/DescribedInSection501c3Ind",233519,233519,"2015v2.0, 2015v2.1, 2015v3.0"
"/Return/ReturnData/IRS990/DisregardedEntityInd",233519,233519,"2015v2.0, 2015v2.1, 2015v3.0"
"/Return/ReturnData/IRS990/DocumentRetentionPolicyInd",233519,233519,"2015v2.0, 2015v2.1, 2015v3.0"
"/Return/ReturnData/IRS990/DonorAdvisedFundInd",233519,233519,"2015v2.0, 2015v2.1, 2015v3.0"
"/Return/ReturnData/IRS990/ElectionOfBoardMembersInd",233519,233519,"2015v2.0, 2015v2.1, 2015v3.0"
"/Return/ReturnData/IRS990/EmployeeCnt",233519,233519,"2015v2.0, 2015v2.1, 2015v3.0"
"/Return/ReturnData/IRS990/FSAuditedInd",233519,233519,"2015v2.0, 2015v2.1, 2015v3.0"
"/Return/ReturnData/IRS990/FamilyOrBusinessRlnInd",233519,233519,"2015v2.0, 2015v2.1, 2015v3.0"
"/Return/ReturnData/IRS990/ForeignActivitiesInd",233519,233519,"2015v2.0, 2015v2.1, 2015v3.0"
"/Return/ReturnData/IRS990/ForeignFinancialAccountInd",233519,233519,"2015v2.0, 2015v2.1, 2015v3.0"
"/Return/ReturnData/IRS990/ForeignOfficeInd",233519,233519,"2015v2.0, 2015v2.1, 2015v3.0"
"/Return/ReturnData/IRS990/Form990ProvidedToGvrnBodyInd",233519,233519,"2015v2.0, 2015v2.1, 2015v3.0"
"/Return/ReturnData/IRS990/FormerOfcrEmployeesListedInd",233519,233519,"2015v2.0, 2015v2.1, 2015v3.0"
"/Return/ReturnData/IRS990/FundraisingActivitiesInd",233519,233519,"2015v2.0, 2015v2.1, 2015v3.0"
"/Return/ReturnData/IRS990/GamingActivitiesInd",233519,233519,"2015v2.0, 2015v2.1, 2015v3.0"
"/Return/ReturnData/IRS990/GoverningBodyVotingMembersCnt",233519,233519,"2015v2.0, 2015v2.1, 2015v3.0"
"/Return/ReturnData/IRS990/GrantToRelatedPersonInd",233519,233519,"2015v2.0, 2015v2.1, 2015v3.0"
"/Return/ReturnData/IRS990/GrantsToIndividualsInd",233519,233519,"2015v2.0, 2015v2.1, 2015v3.0"
"/Return/ReturnData/IRS990/GrantsToOrganizationsInd",233519,233519,"2015v2.0, 2015v2.1, 2015v3.0"
"/Return/ReturnData/IRS990/GrossReceiptsAmt",233519,233519,"2015v2.0, 2015v2.1, 2015v3.0"
"/Return/ReturnData/IRS990/GroupReturnForAffiliatesInd",233519,233519,"2015v2.0, 2015v2.1, 2015v3.0"
"/Return/ReturnData/IRS990/IRPDocumentCnt",233519,233519,"2015v2.0, 2015v2.1, 2015v3.0"
"/Return/ReturnData/IRS990/IRPDocumentW2GCnt",233519,233519,"2015v2.0, 2015v2.1, 2015v3.0"
"/Return/ReturnData/IRS990/IncludeFIN48FootnoteInd",233519,233519,"2015v2.0, 2015v2.1, 2015v3.0"
"/Return/ReturnData/IRS990/IndependentAuditFinclStmtInd",233519,233519,"2015v2.0, 2015v2.1, 2015v3.0"
"/Return/ReturnData/IRS990/IndependentVotingMemberCnt",233519,233519,"2015v2.0, 2015v2.1, 2015v3.0"
"/Return/ReturnData/IRS990/IndoorTanningServicesInd",233519,233519,"2015v2.0, 2015v2.1, 2015v3.0"
"/Return/ReturnData/IRS990/InvestmentInJointVentureInd",233519,233519,"2015v2.0, 2015v2.1, 2015v3.0"
"/Return/ReturnData/IRS990/LoanOutstandingInd",233519,233519,"2015v2.0, 2015v2.1, 2015v3.0"
"/Return/ReturnData/IRS990/LocalChaptersInd",233519,233519,"2015v2.0, 2015v2.1, 2015v3.0"
"/Return/ReturnData/IRS990/MaterialDiversionOrMisuseInd",233519,233519,"2015v2.0, 2015v2.1, 2015v3.0"
"/Return/ReturnData/IRS990/MembersOrStockholdersInd",233519,233519,"2015v2.0, 2015v2.1, 2015v3.0"
"/Return/ReturnData/IRS990/MinutesOfGoverningBodyInd",233519,233519,"2015v2.0, 2015v2.1, 2015v3.0"
"/Return/ReturnData/IRS990/MoreThan5000KToIndividualsInd",233519,233519,"2015v2.0, 2015v2.1, 2015v3.0"
"/Return/ReturnData/IRS990/MoreThan5000KToOrgInd",233519,233519,"2015v2.0, 2015v2.1, 2015v3.0"
"/Return/ReturnData/IRS990/NetAssetsOrFundBalancesEOYAmt",233519,233519,"2015v2.0, 2015v2.1, 2015v3.0"
"/Return/ReturnData/IRS990/NondeductibleContributionsInd",233519,233519,"2015v2.0, 2015v2.1, 2015v3.0"
"/Return/ReturnData/IRS990/OfficerMailingAddressInd",233519,233519,"2015v2.0, 2015v2.1, 2015v3.0"
"/Return/ReturnData/IRS990/OperateHospitalInd",233519,233519,"2015v2.0, 2015v2.1, 2015v3.0"
"/Return/ReturnData/IRS990/PartialLiquidationInd",233519,233519,"2015v2.0, 2015v2.1, 2015v3.0"
"/Return/ReturnData/IRS990/PoliticalCampaignActyInd",233519,233519,"2015v2.0, 2015v2.1, 2015v3.0"
"/Return/ReturnData/IRS990/ProfessionalFundraisingInd",233519,233519,"2015v2.0, 2015v2.1, 2015v3.0"
"/Return/ReturnData/IRS990/ProhibitedTaxShelterTransInd",233519,233519,"2015v2.0, 2015v2.1, 2015v3.0"
"/Return/ReturnData/IRS990/ReconcilationRevenueExpnssAmt",233519,233519,"2015v2.0, 2015v2.1, 2015v3.0"
"/Return/ReturnData/IRS990/RelatedEntityInd",233519,233519,"2015v2.0, 2015v2.1, 2015v3.0"
"/Return/ReturnData/IRS990/RelatedOrganizationCtrlEntInd",233519,233519,"2015v2.0, 2015v2.1, 2015v3.0"
"/Return/ReturnData/IRS990/ReportInvestmentsOtherSecInd",233519,233519,"2015v2.0, 2015v2.1, 2015v3.0"
"/Return/ReturnData/IRS990/ReportLandBuildingEquipmentInd",233519,233519,"2015v2.0, 2015v2.1, 2015v3.0"
"/Return/ReturnData/IRS990/ReportOtherAssetsInd",233519,233519,"2015v2.0, 2015v2.1, 2015v3.0"
"/Return/ReturnData/IRS990/ReportOtherLiabilitiesInd",233519,233519,"2015v2.0, 2015v2.1, 2015v3.0"
"/Return/ReturnData/IRS990/ReportProgramRelatedInvstInd",233519,233519,"2015v2.0, 2015v2.1, 2015v3.0"
"/Return/ReturnData/IRS990/ScheduleBRequiredInd",233519,233519,"2015v2.0, 2015v2.1, 2015v3.0"
"/Return/ReturnData/IRS990/ScheduleJRequiredInd",233519,233519,"2015v2.0, 2015v2.1, 2015v3.0"
"/Return/ReturnData/IRS990/ScheduleORequiredInd",233519,233519,"2015v2.0, 2015v2.1, 2015v3.0"
"/Return/ReturnData/IRS990/SchoolOperatingInd",233519,233519,"2015v2.0, 2015v2.1, 2015v3.0"
"/Return/ReturnData/IRS990/TaxExemptBondsInd",233519,233519,"2015v2.0, 2015v2.1, 2015v3.0"
"/Return/ReturnData/IRS990/TaxablePartyNotificationInd",233519,233519,"2015v2.0, 2015v2.1, 2015v3.0"
"/Return/ReturnData/IRS990/TempOrPermanentEndowmentsInd",233519,233519,"2015v2.0, 2015v2.1, 2015v3.0"
"/Return/ReturnData/IRS990/TerminateOperationsInd",233519,233519,"2015v2.0, 2015v2.1, 2015v3.0"
"/Return/ReturnData/IRS990/TotLiabNetAssetsFundBalanceGrp",233519,233519,"2015v2.0, 2015v2.1, 2015v3.0"
"/Return/ReturnData/IRS990/TotLiabNetAssetsFundBalanceGrp/BOYAmt",233519,233519,"2015v2.0, 2015v2.1, 2015v3.0"
"/Return/ReturnData/IRS990/TotLiabNetAssetsFundBalanceGrp/EOYAmt",233519,233519,"2015v2.0, 2015v2.1, 2015v3.0"
"/Return/ReturnData/IRS990/TotalAssetsEOYAmt",233519,233519,"2015v2.0, 2015v2.1, 2015v3.0"
"/Return/ReturnData/IRS990/TotalAssetsGrp",233519,233519,"2015v2.0, 2015v2.1, 2015v3.0"
"/Return/ReturnData/IRS990/TotalAssetsGrp/BOYAmt",233519,233519,"2015v2.0, 2015v2.1, 2015v3.0"
"/Return/ReturnData/IRS990/TotalAssetsGrp/EOYAmt",233519,233519,"2015v2.0, 2015v2.1, 2015v3.0"
"/Return/ReturnData/IRS990/TotalCompGreaterThan150KInd",233519,233519,"2015v2.0, 2015v2.1, 2015v3.0"
"/Return/ReturnData/IRS990/TotalEmployeeCnt",233519,233519,"2015v2.0, 2015v2.1, 2015v3.0"
"/Return/ReturnData/IRS990/TotalFunctionalExpensesGrp",233519,233519,"2015v2.0, 2015v2.1, 2015v3.0"
"/Return/ReturnData/IRS990/TotalFunctionalExpensesGrp/TotalAmt",233519,233519,"2015v2.0, 2015v2.1, 2015v3.0"
"/Return/ReturnData/IRS990/TotalGrossUBIAmt",233519,233519,"2015v2.0, 2015v2.1, 2015v3.0"
"/Return/ReturnData/IRS990/TotalLiabilitiesEOYAmt",233519,233519,"2015v2.0, 2015v2.1, 2015v3.0"
"/Return/ReturnData/IRS990/TotalLiabilitiesGrp",233519,233519,"2015v2.0, 2015v2.1, 2015v3.0"
"/Return/ReturnData/IRS990/TotalLiabilitiesGrp/BOYAmt",233519,233519,"2015v2.0, 2015v2.1, 2015v3.0"
"/Return/ReturnData/IRS990/TotalLiabilitiesGrp/EOYAmt",233519,233519,"2015v2.0, 2015v2.1, 2015v3.0"
"/Return/ReturnData/IRS990/TotalNetAssetsFundBalanceGrp",233519,233519,"2015v2.0, 2015v2.1, 2015v3.0"
"/Return/ReturnData/IRS990/TotalNetAssetsFundBalanceGrp/BOYAmt",233519,233519,"2015v2.0, 2015v2.1, 2015v3.0"
"/Return/ReturnData/IRS990/TotalNetAssetsFundBalanceGrp/EOYAmt",233519,233519,"2015v2.0, 2015v2.1, 2015v3.0"
"/Return/ReturnData/IRS990/TotalRevenueGrp",233519,233519,"2015v2.0, 2015v2.1, 2015v3.0"
"/Return/ReturnData/IRS990/TotalRevenueGrp/TotalRevenueColumnAmt",233519,233519,"2015v2.0, 2015v2.1, 2015v3.0"
"/Return/ReturnData/IRS990/UnrelatedBusIncmOverLimitInd",233519,233519,"2015v2.0, 2015v2.1, 2015v3.0"
"/Return/ReturnData/IRS990/VotingMembersGoverningBodyCnt",233519,233519,"2015v2.0, 2015v2.1, 2015v3.0"
"/Return/ReturnData/IRS990/VotingMembersIndependentCnt",233519,233519,"2015v2.0, 2015v2.1, 2015v3.0"
"/Return/ReturnData/IRS990/WhistleblowerPolicyInd",233519,233519,"2015v2.0, 2015v2.1, 2015v3.0"
"/Return/ReturnData/IRS990/MissionDesc",233238,233238,"2015v2.0, 2015v2.1, 2015v3.0"
"/Return/ReturnData/IRS990/BooksInCareOfDetail/USAddress",233110,233110,"2015v2.0, 2015v2.1, 2015v3.0"
"/Return/ReturnData/IRS990/BooksInCareOfDetail/USAddress/AddressLine1Txt",233110,233110,"2015v2.0, 2015v2.1, 2015v3.0"
"/Return/ReturnData/IRS990/BooksInCareOfDetail/USAddress/CityNm",233110,233110,"2015v2.0, 2015v2.1, 2015v3.0"
"/Return/ReturnData/IRS990/BooksInCareOfDetail/USAddress/StateAbbreviationCd",233110,233110,"2015v2.0, 2015v2.1, 2015v3.0"
"/Return/ReturnData/IRS990/BooksInCareOfDetail/USAddress/ZIPCd",233110,233110,"2015v2.0, 2015v2.1, 2015v3.0"
"/Return/ReturnData/IRS990/MinutesOfCommitteesInd",232846,232846,"2015v2.0, 2015v2.1, 2015v3.0"
"/Return/ReturnData/IRS990/CompensationProcessCEOInd",232185,232185,"2015v2.0, 2015v2.1, 2015v3.0"
"/Return/ReturnData/IRS990/CompensationProcessOtherInd",231926,231926,"2015v2.0, 2015v2.1, 2015v3.0"
"/Return/ReturnData/IRS990/SignificantNewProgramSrvcInd",231901,231901,"2015v2.0, 2015v2.1, 2015v3.0"
"/Return/ReturnData/IRS990/SignificantChangeInd",231861,231861,"2015v2.0, 2015v2.1, 2015v3.0"
"/Return/ReturnData/IRS990/TotalAssetsBOYAmt",230587,230587,"2015v2.0, 2015v2.1, 2015v3.0"
"/Return/ReturnData/IRS990/NetAssetsOrFundBalancesBOYAmt",230338,230338,"2015v2.0, 2015v2.1, 2015v3.0"
"/Return/ReturnData/IRS990/SubjectToProxyTaxInd",226991,226991,"2015v2.0, 2015v2.1, 2015v3.0"
"/Return/ReturnData/IRS990/PYTotalRevenueAmt",226468,226468,"2015v2.0, 2015v2.1, 2015v3.0"
"/Return/ReturnData/IRS990/PYRevenuesLessExpensesAmt",226264,226264,"2015v2.0, 2015v2.1, 2015v3.0"
"/Return/ReturnData/IRS990/PYTotalExpensesAmt",226000,226000,"2015v2.0, 2015v2.1, 2015v3.0"
"/Return/ReturnData/IRS990/InfoInScheduleOPartVIInd",225625,225625,"2015v2.0, 2015v2.1, 2015v3.0"
"/Return/ReturnData/IRS990/PYOtherExpensesAmt",225338,225338,"2015v2.0, 2015v2.1, 2015v3.0"
"/Return/ReturnData/IRS990/LegalDomicileStateCd",221321,221321,"2015v2.0, 2015v2.1, 2015v3.0"
"/Return/ReturnData/IRS990/TotalFunctionalExpensesGrp/ProgramServicesAmt",216733,216733,"2015v2.0, 2015v2.1, 2015v3.0"
"/Return/ReturnData/IRS990/FormationYr",216413,216413,"2015v2.0, 2015v2.1, 2015v3.0"
"/Return/ReturnData/IRS990/TotalFunctionalExpensesGrp/ManagementAndGeneralAmt",215913,215913,"2015v2.0, 2015v2.1, 2015v3.0"
"/Return/ReturnData/IRS990/CashNonInterestBearingGrp",215215,215215,"2015v2.0, 2015v2.1, 2015v3.0"
"/Return/ReturnHeader/PreparerFirmGrp/PreparerFirmEIN",214972,214972,"2015v2.0, 2015v2.1, 2015v3.0"
"/Return/ReturnData/IRS990/TotalFunctionalExpensesGrp/FundraisingAmt",214333,214333,"2015v2.0, 2015v2.1, 2015v3.0"
"/Return/ReturnData/IRS990/CashNonInterestBearingGrp/EOYAmt",213039,213039,"2015v2.0, 2015v2.1, 2015v3.0"
"/Return/ReturnData/IRS990/UponRequestInd",212398,212398,"2015v2.0, 2015v2.1, 2015v3.0"
"/Return/ReturnData/IRS990/FederalGrantAuditRequiredInd",211387,211387,"2015v2.0, 2015v2.1, 2015v3.0"
"/Return/ReturnData/IRS990ScheduleR/IdRelatedOrgTxblCorpTrGrp",209588,17189,"2015v2.0, 2015v2.1, 2015v3.0"
"/Return/ReturnData/IRS990ScheduleR/IdRelatedOrgTxblCorpTrGrp/RelatedOrganizationName",209500,17183,"2015v2.0, 2015v2.1, 2015v3.0"
"/Return/ReturnData/IRS990ScheduleR/IdRelatedOrgTxblCorpTrGrp/RelatedOrganizationName/BusinessNameLine1Txt",209500,17183,"2015v2.0, 2015v2.1, 2015v3.0"
"/Return/ReturnData/IRS990/WebsiteAddressTxt",209248,209248,"2015v2.0, 2015v2.1, 2015v3.0"
"/Return/ReturnData/IRS990/CashNonInterestBearingGrp/BOYAmt",207963,207963,"2015v2.0, 2015v2.1, 2015v3.0"
"/Return/ReturnData/IRS990/TotalRevenueGrp/RelatedOrExemptFuncIncomeAmt",207638,207638,"2015v2.0, 2015v2.1, 2015v3.0"
"/Return/ReturnData/IRS990/StatesWhereCopyOfReturnIsFldCd",206364,118969,"2015v2.0, 2015v2.1, 2015v3.0"
"/Return/ReturnData/IRS990/TypeOfOrganizationCorpInd",206168,206168,"2015v2.0, 2015v2.1, 2015v3.0"
"/Return/ReturnHeader/PreparerPersonGrp/PreparationDt",202153,202153,"2015v2.0, 2015v2.1, 2015v3.0"
"/Return/ReturnData/IRS990/PYContributionsGrantsAmt",202125,202125,"2015v2.0, 2015v2.1, 2015v3.0"
"/Return/ReturnData/IRS990/TotalProgramServiceExpensesAmt",201602,201602,"2015v2.0, 2015v2.1, 2015v3.0"
"/Return/ReturnData/IRS990ScheduleD",200029,200029,"2015v2.0, 2015v2.1, 2015v3.0"
"/Return/ReturnData/IRS990/PrincipalOfficerNm",198321,198321,"2015v2.0, 2015v2.1, 2015v3.0"
"/Return/ReturnData/IRS990/TotalLiabilitiesBOYAmt",197484,197484,"2015v2.0, 2015v2.1, 2015v3.0"
"/Return/ReturnData/IRS990/ExpenseAmt",197332,197332,"2015v2.0, 2015v2.1, 2015v3.0"
"/Return/ReturnData/IRS990/EngagedInExcessBenefitTransInd",196945,196945,"2015v2.0, 2015v2.1, 2015v3.0"
"/Return/ReturnData/IRS990/PYExcessBenefitTransInd",196929,196929,"2015v2.0, 2015v2.1, 2015v3.0"
"/Return/ReturnData/IRS990/OfficeExpensesGrp",196720,196720,"2015v2.0, 2015v2.1, 2015v3.0"
"/Return/ReturnData/IRS990/OfficeExpensesGrp/TotalAmt",196718,196718,"2015v2.0, 2015v2.1, 2015v3.0"
"/Return/ReturnData/IRS990ScheduleJ/RltdOrgOfficerTrstKeyEmplGrp",196710,49509,"2015v2.0, 2015v2.1, 2015v3.0"
"/Return/ReturnData/IRS990/PYInvestmentIncomeAmt",194806,194806,"2015v2.0, 2015v2.1, 2015v3.0"
"/Return/ReturnData/IRS990/TotalContributionsAmt",194513,194513,"2015v2.0, 2015v2.1, 2015v3.0"
"/Return/ReturnData/IRS990ScheduleJ/RltdOrgOfficerTrstKeyEmplGrp/TitleTxt",193354,48041,"2015v2.0, 2015v2.1, 2015v3.0"
"/Return/ReturnData/IRS990/FeesForServicesAccountingGrp",191295,191295,"2015v2.0, 2015v2.1, 2015v3.0"
"/Return/ReturnData/IRS990/FeesForServicesAccountingGrp/TotalAmt",191295,191295,"2015v2.0, 2015v2.1, 2015v3.0"
"/Return/ReturnData/IRS990/LobbyingActivitiesInd",190295,190295,"2015v2.0, 2015v2.1, 2015v3.0"
"/Return/ReturnData/IRS990/PYSalariesCompEmpBnftPaidAmt",188201,188201,"2015v2.0, 2015v2.1, 2015v3.0"
"/Return/ReturnData/IRS990/InvestmentIncomeGrp",187180,187180,"2015v2.0, 2015v2.1, 2015v3.0"
"/Return/ReturnData/IRS990/InvestmentIncomeGrp/TotalRevenueColumnAmt",187177,187177,"2015v2.0, 2015v2.1, 2015v3.0"
"/Return/ReturnData/IRS990ScheduleJ/RltdOrgOfficerTrstKeyEmplGrp/PersonNm",186949,48250,"2015v2.0, 2015v2.1, 2015v3.0"
"/Return/ReturnData/IRS990/USAddress",186841,186841,"2015v2.0, 2015v2.1, 2015v3.0"
"/Return/ReturnData/IRS990/USAddress/AddressLine1Txt",186841,186841,"2015v2.0, 2015v2.1, 2015v3.0"
"/Return/ReturnData/IRS990/USAddress/CityNm",186841,186841,"2015v2.0, 2015v2.1, 2015v3.0"
"/Return/ReturnData/IRS990/USAddress/StateAbbreviationCd",186841,186841,"2015v2.0, 2015v2.1, 2015v3.0"
"/Return/ReturnData/IRS990/USAddress/ZIPCd",186841,186841,"2015v2.0, 2015v2.1, 2015v3.0"
"/Return/ReturnData/IRS990EZ/ProgramSrvcAccomplishmentGrp",186108,124894,"2015v2.0, 2015v2.1, 2015v3.0"
"/Return/ReturnData/IRS990EZ/ProgramSrvcAccomplishmentGrp/DescriptionProgramSrvcAccomTxt",186108,124894,"2015v2.0, 2015v2.1, 2015v3.0"
"/Return/ReturnData/IRS990ScheduleJ/RltdOrgOfficerTrstKeyEmplGrp/TotalCompensationFilingOrgAmt",185690,46442,"2015v2.0, 2015v2.1, 2015v3.0"
"/Return/ReturnData/IRS990ScheduleJ/RltdOrgOfficerTrstKeyEmplGrp/BaseCompensationFilingOrgAmt",185223,46318,"2015v2.0, 2015v2.1, 2015v3.0"
"/Return/ReturnData/IRS990/PYProgramServiceRevenueAmt",184440,184440,"2015v2.0, 2015v2.1, 2015v3.0"
"/Return/ReturnData/IRS990/InsuranceGrp",183087,183087,"2015v2.0, 2015v2.1, 2015v3.0"
"/Return/ReturnData/IRS990/InsuranceGrp/TotalAmt",183086,183086,"2015v2.0, 2015v2.1, 2015v3.0"
"/Return/ReturnData/IRS990/LandBldgEquipBasisNetGrp",182682,182682,"2015v2.0, 2015v2.1, 2015v3.0"
"/Return/ReturnData/IRS990ScheduleD/SupplementalInformationDetail",182512,87389,"2015v2.0, 2015v2.1, 2015v3.0"
"/Return/ReturnData/IRS990ScheduleD/SupplementalInformationDetail/FormAndLineReferenceDesc",182486,87387,"2015v2.0, 2015v2.1, 2015v3.0"
"/Return/ReturnData/IRS990ScheduleD/SupplementalInformationDetail/ExplanationTxt",182452,87366,"2015v2.0, 2015v2.1, 2015v3.0"
"/Return/ReturnData/IRS990/OrganizationFollowsSFAS117Ind",178758,178758,"2015v2.0, 2015v2.1, 2015v3.0"
"/Return/ReturnData/IRS990ScheduleJ/RltdOrgOfficerTrstKeyEmplGrp/NontaxableBenefitsFilingOrgAmt",178455,42453,"2015v2.0, 2015v2.1, 2015v3.0"
"/Return/ReturnData/IRS990ScheduleD/TotalBookValueLandBuildingsAmt",178044,178044,"2015v2.0, 2015v2.1, 2015v3.0"
"/Return/ReturnData/IRS990ScheduleD/OtherLiabilitiesOrgGrp",177781,93503,"2015v2.0, 2015v2.1, 2015v3.0"
"/Return/ReturnData/IRS990/LandBldgEquipBasisNetGrp/EOYAmt",177625,177625,"2015v2.0, 2015v2.1, 2015v3.0"
"/Return/ReturnData/IRS990ScheduleD/OtherLiabilitiesOrgGrp/Desc",177456,93272,"2015v2.0, 2015v2.1, 2015v3.0"
"/Return/ReturnData/IRS990ScheduleJ/RltdOrgOfficerTrstKeyEmplGrp/DeferredCompensationFlngOrgAmt",177081,41963,"2015v2.0, 2015v2.1, 2015v3.0"
"/Return/ReturnData/IRS990/UnrestrictedNetAssetsGrp",177075,177075,"2015v2.0, 2015v2.1, 2015v3.0"
"/Return/ReturnData/IRS990/Organization501c3Ind",177060,177060,"2015v2.0, 2015v2.1, 2015v3.0"
"/Return/ReturnData/IRS990/UnrestrictedNetAssetsGrp/EOYAmt",176373,176373,"2015v2.0, 2015v2.1, 2015v3.0"
"/Return/ReturnData/IRS990/TotalRevenueGrp/ExclusionAmt",175683,175683,"2015v2.0, 2015v2.1, 2015v3.0"
"/Return/ReturnData/IRS990/PYOtherRevenueAmt",175414,175414,"2015v2.0, 2015v2.1, 2015v3.0"
"/Return/ReturnData/IRS990/UnrestrictedNetAssetsGrp/BOYAmt",175311,175311,"2015v2.0, 2015v2.1, 2015v3.0"
"/Return/ReturnData/IRS990/TotalProgramServiceRevenueAmt",174239,174239,"2015v2.0, 2015v2.1, 2015v3.0"
"/Return/ReturnData/IRS990ScheduleJ/RltdOrgOfficerTrstKeyEmplGrp/TotalCompensationRltdOrgsAmt",173459,40899,"2015v2.0, 2015v2.1, 2015v3.0"
"/Return/ReturnData/IRS990/DepreciationDepletionGrp",173399,173399,"2015v2.0, 2015v2.1, 2015v3.0"
"/Return/ReturnData/IRS990/DepreciationDepletionGrp/TotalAmt",173364,173364,"2015v2.0, 2015v2.1, 2015v3.0"
"/Return/ReturnData/IRS990/TotalReportableCompFromOrgAmt",172861,172861,"2015v2.0, 2015v2.1, 2015v3.0"
"/Return/ReturnData/IRS990ScheduleJ/RltdOrgOfficerTrstKeyEmplGrp/CompensationBasedOnRltdOrgsAmt",172861,40777,"2015v2.0, 2015v2.1, 2015v3.0"
"/Return/ReturnData/IRS990/LandBldgEquipCostOrOtherBssAmt",172679,172679,"2015v2.0, 2015v2.1, 2015v3.0"
"/Return/ReturnData/IRS990/TrnsfrExmptNonChrtblRltdOrgInd",172228,172228,"2015v2.0, 2015v2.1, 2015v3.0"
"/Return/ReturnData/IRS990/TotalVolunteersCnt",171938,171938,"2015v2.0, 2015v2.1, 2015v3.0"
"/Return/ReturnData/IRS990ScheduleJ/RltdOrgOfficerTrstKeyEmplGrp/NontaxableBenefitsRltdOrgsAmt",170785,39867,"2015v2.0, 2015v2.1, 2015v3.0"
"/Return/ReturnData/IRS990ScheduleJ/RltdOrgOfficerTrstKeyEmplGrp/DeferredCompRltdOrgsAmt",170427,39566,"2015v2.0, 2015v2.1, 2015v3.0"
"/Return/ReturnData/IRS990/OccupancyGrp",169389,169389,"2015v2.0, 2015v2.1, 2015v3.0"
"/Return/ReturnData/IRS990/OccupancyGrp/TotalAmt",169387,169387,"2015v2.0, 2015v2.1, 2015v3.0"
"/Return/ReturnData/IRS990/LandBldgEquipBasisNetGrp/BOYAmt",169249,169249,"2015v2.0, 2015v2.1, 2015v3.0"
"/Return/ReturnData/IRS990ScheduleJ/RltdOrgOfficerTrstKeyEmplGrp/OtherCompensationFilingOrgAmt",169164,38961,"2015v2.0, 2015v2.1, 2015v3.0"
"/Return/ReturnData/IRS990ScheduleJ/RltdOrgOfficerTrstKeyEmplGrp/BonusFilingOrganizationAmount",168389,39206,"2015v2.0, 2015v2.1, 2015v3.0"
"/Return/ReturnData/IRS990ScheduleJ/RltdOrgOfficerTrstKeyEmplGrp/OtherCompensationRltdOrgsAmt",167247,38445,"2015v2.0, 2015v2.1, 2015v3.0"
"/Return/ReturnData/IRS990/OtherSalariesAndWagesGrp",166798,166798,"2015v2.0, 2015v2.1, 2015v3.0"
"/Return/ReturnData/IRS990/OtherSalariesAndWagesGrp/TotalAmt",166798,166798,"2015v2.0, 2015v2.1, 2015v3.0"
"/Return/ReturnData/IRS990/QuidProQuoContributionsInd",166553,166553,"2015v2.0, 2015v2.1, 2015v3.0"
"/Return/ReturnData/IRS990ScheduleJ/RltdOrgOfficerTrstKeyEmplGrp/BonusRelatedOrganizationsAmt",166115,38145,"2015v2.0, 2015v2.1, 2015v3.0"
"/Return/ReturnData/IRS990/Form8282PropertyDisposedOfInd",165811,165811,"2015v2.0, 2015v2.1, 2015v3.0"
"/Return/ReturnData/IRS990/LandBldgEquipAccumDeprecAmt",165665,165665,"2015v2.0, 2015v2.1, 2015v3.0"
"/Return/ReturnData/IRS990/PayrollTaxesGrp",164983,164983,"2015v2.0, 2015v2.1, 2015v3.0"
"/Return/ReturnData/IRS990/PayrollTaxesGrp/TotalAmt",164983,164983,"2015v2.0, 2015v2.1, 2015v3.0"
"/Return/ReturnData/IRS990ScheduleD/OtherLiabilitiesOrgGrp/Amt",164368,88165,"2015v2.0, 2015v2.1, 2015v3.0"
"/Return/ReturnData/IRS990/IndivRcvdGreaterThan100KCnt",164216,164216,"2015v2.0, 2015v2.1, 2015v3.0"
"/Return/ReturnData/IRS990/AnnualDisclosureCoveredPrsnInd",163849,163849,"2015v2.0, 2015v2.1, 2015v3.0"
"/Return/ReturnData/IRS990/EmploymentTaxReturnsFiledInd",163578,163578,"2015v2.0, 2015v2.1, 2015v3.0"
"/Return/ReturnData/IRS990/RegularMonitoringEnfrcInd",163439,163439,"2015v2.0, 2015v2.1, 2015v3.0"
"/Return/ReturnData/IRS990/AccountsPayableAccrExpnssGrp",162367,162367,"2015v2.0, 2015v2.1, 2015v3.0"
"/Return/ReturnData/IRS990ScheduleJ/RltdOrgOfficerTrstKeyEmplGrp/CompReportPrior990FilingOrgAmt",160704,36958,"2015v2.0, 2015v2.1, 2015v3.0"
"/Return/ReturnData/IRS990ScheduleJ/RltdOrgOfficerTrstKeyEmplGrp/CompReportPrior990RltdOrgsAmt",160517,36934,"2015v2.0, 2015v2.1, 2015v3.0"
"/Return/ReturnData/IRS990/AllOtherExpensesGrp",159594,159594,"2015v2.0, 2015v2.1, 2015v3.0"
"/Return/ReturnData/IRS990/AllOtherExpensesGrp/TotalAmt",159495,159495,"2015v2.0, 2015v2.1, 2015v3.0"
"/Return/ReturnData/IRS990/AccountsPayableAccrExpnssGrp/EOYAmt",156616,156616,"2015v2.0, 2015v2.1, 2015v3.0"
"/Return/ReturnData/IRS990/AllOtherContributionsAmt",155215,155215,"2015v2.0, 2015v2.1, 2015v3.0"
"/Return/ReturnData/IRS990/AccountsPayableAccrExpnssGrp/BOYAmt",155178,155178,"2015v2.0, 2015v2.1, 2015v3.0"
"/Return/ReturnData/IRS990/SavingsAndTempCashInvstGrp",154793,154793,"2015v2.0, 2015v2.1, 2015v3.0"
"/Return/ReturnData/IRS990/MethodOfAccountingAccrualInd",154677,154677,"2015v2.0, 2015v2.1, 2015v3.0"
"/Return/ReturnData/IRS990ScheduleR/IdRelatedOrgTxblPartnershipGrp",153927,9766,"2015v2.0, 2015v2.1, 2015v3.0"
"/Return/ReturnData/IRS990ScheduleR/IdRelatedOrgTxblPartnershipGrp/RelatedOrganizationName",153917,9764,"2015v2.0, 2015v2.1, 2015v3.0"
"/Return/ReturnData/IRS990ScheduleR/IdRelatedOrgTxblPartnershipGrp/RelatedOrganizationName/BusinessNameLine1Txt",153917,9764,"2015v2.0, 2015v2.1, 2015v3.0"
"/Return/ReturnData/IRS990/SavingsAndTempCashInvstGrp/EOYAmt",151540,151540,"2015v2.0, 2015v2.1, 2015v3.0"
"/Return/ReturnData/IRS990ScheduleR/IdRelatedOrgTxblPartnershipGrp/PrimaryActivitiesTxt",150009,9321,"2015v2.0, 2015v2.1, 2015v3.0"
"/Return/ReturnData/IRS990/OtherExpensesGrp/FundraisingAmt",148941,62062,"2015v2.0, 2015v2.1, 2015v3.0"
"/Return/ReturnData/IRS990ScheduleR/IdRelatedOrgTxblPartnershipGrp/USAddress",148683,9294,"2015v2.0, 2015v2.1, 2015v3.0"
"/Return/ReturnData/IRS990ScheduleR/IdRelatedOrgTxblPartnershipGrp/USAddress/AddressLine1Txt",148683,9294,"2015v2.0, 2015v2.1, 2015v3.0"
"/Return/ReturnData/IRS990ScheduleR/IdRelatedOrgTxblPartnershipGrp/USAddress/CityNm",148683,9294,"2015v2.0, 2015v2.1, 2015v3.0"
"/Return/ReturnData/IRS990ScheduleR/IdRelatedOrgTxblPartnershipGrp/USAddress/StateAbbreviationCd",148683,9294,"2015v2.0, 2015v2.1, 2015v3.0"
"/Return/ReturnData/IRS990ScheduleR/IdRelatedOrgTxblPartnershipGrp/USAddress/ZIPCd",148683,9294,"2015v2.0, 2015v2.1, 2015v3.0"
"/Return/ReturnData/IRS990ScheduleR/IdRelatedOrgTxblPartnershipGrp/LegalDomicileStateCd",148656,9318,"2015v2.0, 2015v2.1, 2015v3.0"
"/Return/ReturnData/IRS990/TravelGrp",147927,147927,"2015v2.0, 2015v2.1, 2015v3.0"
"/Return/ReturnData/IRS990/TravelGrp/TotalAmt",147926,147926,"2015v2.0, 2015v2.1, 2015v3.0"
"/Return/ReturnData/IRS990ScheduleB",146807,146807,"2015v2.0, 2015v2.1, 2015v3.0"
"/Return/ReturnData/IRS990ScheduleB/ContributorInformationGrp",146807,146807,"2015v2.0, 2015v2.1, 2015v3.0"
"/Return/ReturnData/IRS990ScheduleB/ContributorInformationGrp/ContributorBusinessName",146807,146807,"2015v2.0, 2015v2.1, 2015v3.0"
"/Return/ReturnData/IRS990ScheduleB/ContributorInformationGrp/ContributorBusinessName/BusinessNameLine1",146807,146807,"2015v2.0, 2015v2.1, 2015v3.0"
"/Return/ReturnData/IRS990ScheduleB/ContributorInformationGrp/ContributorNum",146807,146807,"2015v2.0, 2015v2.1, 2015v3.0"
"/Return/ReturnData/IRS990ScheduleB/ContributorInformationGrp/ContributorUSAddress",146807,146807,"2015v2.0, 2015v2.1, 2015v3.0"
"/Return/ReturnData/IRS990ScheduleB/ContributorInformationGrp/ContributorUSAddress/AddressLine1",146807,146807,"2015v2.0, 2015v2.1, 2015v3.0"
"/Return/ReturnData/IRS990ScheduleB/ContributorInformationGrp/ContributorUSAddress/AddressLine2",146807,146807,"2015v2.0, 2015v2.1, 2015v3.0"
"/Return/ReturnData/IRS990ScheduleB/ContributorInformationGrp/ContributorUSAddress/City",146807,146807,"2015v2.0, 2015v2.1, 2015v3.0"
"/Return/ReturnData/IRS990ScheduleB/ContributorInformationGrp/ContributorUSAddress/State",146807,146807,"2015v2.0, 2015v2.1, 2015v3.0"
"/Return/ReturnData/IRS990ScheduleB/ContributorInformationGrp/ContributorUSAddress/ZIPCode",146807,146807,"2015v2.0, 2015v2.1, 2015v3.0"
"/Return/ReturnData/IRS990ScheduleB/ContributorInformationGrp/TotalContributionsAmt",146807,146807,"2015v2.0, 2015v2.1, 2015v3.0"
"/Return/ReturnData/IRS990ScheduleR/IdRelatedOrgTxblPartnershipGrp/EIN",146780,9070,"2015v2.0, 2015v2.1, 2015v3.0"
"/Return/ReturnData/IRS990/BackupWthldComplianceInd",146231,146231,"2015v2.0, 2015v2.1, 2015v3.0"
"/Return/ReturnData/IRS990/CntrctRcvdGreaterThan100KCnt",145074,145074,"2015v2.0, 2015v2.1, 2015v3.0"
"/Return/ReturnData/IRS990/AdvertisingGrp",143822,143822,"2015v2.0, 2015v2.1, 2015v3.0"
"/Return/ReturnData/IRS990/AdvertisingGrp/TotalAmt",143821,143821,"2015v2.0, 2015v2.1, 2015v3.0"
"/Return/ReturnData/IRS990ScheduleR/IdRelatedOrgTxblCorpTrGrp/ControlledOrganizationInd",142686,15919,"2015v2.0, 2015v2.1, 2015v3.0"
"/Return/ReturnData/IRS990/RcvFndsToPayPrsnlBnftCntrctInd",140869,140869,"2015v2.0, 2015v2.1, 2015v3.0"
"/Return/ReturnData/IRS990/PayPremiumsPrsnlBnftCntrctInd",139739,139739,"2015v2.0, 2015v2.1, 2015v3.0"
"/Return/ReturnData/IRS990/FeesForServicesOtherGrp",139487,139487,"2015v2.0, 2015v2.1, 2015v3.0"
"/Return/ReturnData/IRS990/FeesForServicesOtherGrp/TotalAmt",139483,139483,"2015v2.0, 2015v2.1, 2015v3.0"
"/Return/ReturnData/IRS990/TotalOtherCompensationAmt",139240,139240,"2015v2.0, 2015v2.1, 2015v3.0"
"/Return/ReturnData/IRS990/BooksInCareOfDetail/PersonNm",139011,139011,"2015v2.0, 2015v2.1, 2015v3.0"
"/Return/ReturnData/IRS990ScheduleA/PublicSupportTotal170Amt",137384,137384,"2015v2.0, 2015v2.1, 2015v3.0"
"/Return/ReturnData/IRS990/CompCurrentOfcrDirectorsGrp",136884,136884,"2015v2.0, 2015v2.1, 2015v3.0"
"/Return/ReturnData/IRS990/CompCurrentOfcrDirectorsGrp/TotalAmt",136883,136883,"2015v2.0, 2015v2.1, 2015v3.0"
"/Return/ReturnData/IRS990/AccountsReceivableGrp",136794,136794,"2015v2.0, 2015v2.1, 2015v3.0"
"/Return/ReturnData/IRS990ScheduleR/IdRelatedOrgTxblCorpTrGrp/PrimaryActivitiesTxt",135322,16259,"2015v2.0, 2015v2.1, 2015v3.0"
"/Return/ReturnData/IRS990ScheduleD/EquipmentGrp",135071,135071,"2015v2.0, 2015v2.1, 2015v3.0"
"/Return/ReturnData/IRS990/SavingsAndTempCashInvstGrp/BOYAmt",134974,134974,"2015v2.0, 2015v2.1, 2015v3.0"
"/Return/ReturnData/IRS990/FeesForServicesAccountingGrp/ManagementAndGeneralAmt",134936,134936,"2015v2.0, 2015v2.1, 2015v3.0"
"/Return/ReturnData/IRS990/OtherRevenueMiscGrp",134692,88169,"2015v2.0, 2015v2.1, 2015v3.0"
"/Return/ReturnData/IRS990/OtherEmployeeBenefitsGrp",134251,134251,"2015v2.0, 2015v2.1, 2015v3.0"
"/Return/ReturnData/IRS990/OtherEmployeeBenefitsGrp/TotalAmt",134251,134251,"2015v2.0, 2015v2.1, 2015v3.0"
"/Return/ReturnData/IRS990/AuditCommitteeInd",133848,133848,"2015v2.0, 2015v2.1, 2015v3.0"
"/Return/ReturnData/IRS990/PrepaidExpensesDefrdChargesGrp",133595,133595,"2015v2.0, 2015v2.1, 2015v3.0"
"/Return/ReturnData/IRS990/OtherRevenueMiscGrp/Desc",132990,87573,"2015v2.0, 2015v2.1, 2015v3.0"
"/Return/ReturnData/IRS990ScheduleA/PublicSupportCY170Pct",132828,132828,"2015v2.0, 2015v2.1, 2015v3.0"
"/Return/ReturnData/IRS990/OtherRevenueMiscGrp/TotalRevenueColumnAmt",132813,87083,"2015v2.0, 2015v2.1, 2015v3.0"
"/Return/ReturnData/IRS990/PYGrantsAndSimilarPaidAmt",132793,132793,"2015v2.0, 2015v2.1, 2015v3.0"
"/Return/ReturnData/IRS990/OfficeExpensesGrp/ManagementAndGeneralAmt",131714,131714,"2015v2.0, 2015v2.1, 2015v3.0"
"/Return/ReturnData/IRS990ScheduleA/PublicSupportTotal509Amt",131583,131583,"2015v2.0, 2015v2.1, 2015v3.0"
"/Return/ReturnData/IRS990/AccountsReceivableGrp/EOYAmt",131577,131577,"2015v2.0, 2015v2.1, 2015v3.0"
"/Return/ReturnData/IRS990ScheduleA/PublicSupportCY509Pct",131547,131547,"2015v2.0, 2015v2.1, 2015v3.0"
"/Return/ReturnData/IRS990ScheduleA/InvestmentIncomeCYPct",131507,131507,"2015v2.0, 2015v2.1, 2015v3.0"
"/Return/ReturnData/IRS990/ConferencesMeetingsGrp",130607,130607,"2015v2.0, 2015v2.1, 2015v3.0"
"/Return/ReturnData/IRS990/ConferencesMeetingsGrp/TotalAmt",130606,130606,"2015v2.0, 2015v2.1, 2015v3.0"
"/Return/ReturnData/IRS990/PrepaidExpensesDefrdChargesGrp/EOYAmt",129268,129268,"2015v2.0, 2015v2.1, 2015v3.0"
"/Return/ReturnData/IRS990/OtherChangesInNetAssetsAmt",128494,128494,"2015v2.0, 2015v2.1, 2015v3.0"
"/Return/ReturnData/IRS990ScheduleD/EquipmentGrp/DepreciationAmt",127033,127033,"2015v2.0, 2015v2.1, 2015v3.0"
"/Return/ReturnData/IRS990/TotReportableCompRltdOrgAmt",125998,125998,"2015v2.0, 2015v2.1, 2015v3.0"
"/Return/ReturnData/IRS990ScheduleD/EquipmentGrp/BookValueAmt",125041,125041,"2015v2.0, 2015v2.1, 2015v3.0"
"/Return/ReturnData/IRS990EZ",124894,124894,"2015v2.0, 2015v2.1, 2015v3.0"
"/Return/ReturnData/IRS990EZ/ActivitiesNotPreviouslyRptInd",124894,124894,"2015v2.0, 2015v2.1, 2015v3.0"
"/Return/ReturnData/IRS990EZ/BooksInCareOfDetail",124894,124894,"2015v2.0, 2015v2.1, 2015v3.0"
"/Return/ReturnData/IRS990EZ/BooksInCareOfDetail/PhoneNum",124894,124894,"2015v2.0, 2015v2.1, 2015v3.0"
"/Return/ReturnData/IRS990EZ/ChgMadeToOrgnzngDocNotRptInd",124894,124894,"2015v2.0, 2015v2.1, 2015v3.0"
"/Return/ReturnData/IRS990EZ/DonorAdvisedFndsInd",124894,124894,"2015v2.0, 2015v2.1, 2015v3.0"
"/Return/ReturnData/IRS990EZ/Form990TotalAssetsGrp",124894,124894,"2015v2.0, 2015v2.1, 2015v3.0"
"/Return/ReturnData/IRS990EZ/Form990TotalAssetsGrp/BOYAmt",124894,124894,"2015v2.0, 2015v2.1, 2015v3.0"
"/Return/ReturnData/IRS990EZ/Form990TotalAssetsGrp/EOYAmt",124894,124894,"2015v2.0, 2015v2.1, 2015v3.0"
"/Return/ReturnData/IRS990EZ/MadeLoansToFromOfficersInd",124894,124894,"2015v2.0, 2015v2.1, 2015v3.0"
"/Return/ReturnData/IRS990EZ/NetAssetsOrFundBalancesGrp",124894,124894,"2015v2.0, 2015v2.1, 2015v3.0"
"/Return/ReturnData/IRS990EZ/NetAssetsOrFundBalancesGrp/BOYAmt",124894,124894,"2015v2.0, 2015v2.1, 2015v3.0"
"/Return/ReturnData/IRS990EZ/NetAssetsOrFundBalancesGrp/EOYAmt",124894,124894,"2015v2.0, 2015v2.1, 2015v3.0"
"/Return/ReturnData/IRS990EZ/OperateHospitalInd",124894,124894,"2015v2.0, 2015v2.1, 2015v3.0"
"/Return/ReturnData/IRS990EZ/OrganizationDissolvedEtcInd",124894,124894,"2015v2.0, 2015v2.1, 2015v3.0"
"/Return/ReturnData/IRS990EZ/OrganizationHadUBIInd",124894,124894,"2015v2.0, 2015v2.1, 2015v3.0"
"/Return/ReturnData/IRS990EZ/PrimaryExemptPurposeTxt",124894,124894,"2015v2.0, 2015v2.1, 2015v3.0"
"/Return/ReturnData/IRS990EZ/RelatedOrganizationCtrlEntInd",124894,124894,"2015v2.0, 2015v2.1, 2015v3.0"
"/Return/ReturnData/IRS990EZ/SubjectToProxyTaxInd",124894,124894,"2015v2.0, 2015v2.1, 2015v3.0"
"/Return/ReturnData/IRS990EZ/TanningServicesProvidedInd",124894,124894,"2015v2.0, 2015v2.1, 2015v3.0"
"/Return/ReturnData/IRS990EZ/BooksInCareOfDetail/USAddress",124758,124758,"2015v2.0, 2015v2.1, 2015v3.0"
"/Return/ReturnData/IRS990EZ/BooksInCareOfDetail/USAddress/AddressLine1Txt",124758,124758,"2015v2.0, 2015v2.1, 2015v3.0"
"/Return/ReturnData/IRS990EZ/BooksInCareOfDetail/USAddress/CityNm",124758,124758,"2015v2.0, 2015v2.1, 2015v3.0"
"/Return/ReturnData/IRS990EZ/BooksInCareOfDetail/USAddress/StateAbbreviationCd",124758,124758,"2015v2.0, 2015v2.1, 2015v3.0"
"/Return/ReturnData/IRS990EZ/BooksInCareOfDetail/USAddress/ZIPCd",124758,124758,"2015v2.0, 2015v2.1, 2015v3.0"
"/Return/ReturnData/IRS990/TotalRevenueGrp/UnrelatedBusinessRevenueAmt",123428,123428,"2015v2.0, 2015v2.1, 2015v3.0"
"/Return/ReturnData/IRS990EZ/TotalRevenueAmt",123183,123183,"2015v2.0, 2015v2.1, 2015v3.0"
"/Return/ReturnData/IRS990EZ/ForeignFinancialAccountInd",122942,122942,"2015v2.0, 2015v2.1, 2015v3.0"
"/Return/ReturnData/IRS990EZ/ForeignOfficeInd",122827,122827,"2015v2.0, 2015v2.1, 2015v3.0"
"/Return/ReturnData/IRS990EZ/GrossReceiptsAmt",122736,122736,"2015v2.0, 2015v2.1, 2015v3.0"
"/Return/ReturnData/IRS990EZ/TotalExpensesAmt",122602,122602,"2015v2.0, 2015v2.1, 2015v3.0"
"/Return/ReturnData/IRS990EZ/ProgramSrvcAccomplishmentGrp/ProgramServiceExpensesAmt",122483,82235,"2015v2.0, 2015v2.1, 2015v3.0"
"/Return/ReturnData/IRS990EZ/ExcessOrDeficitForYearAmt",122475,122475,"2015v2.0, 2015v2.1, 2015v3.0"
"/Return/ReturnData/IRS990EZ/NetAssetsOrFundBalancesEOYAmt",122434,122434,"2015v2.0, 2015v2.1, 2015v3.0"
"/Return/ReturnData/IRS990EZ/CashSavingsAndInvestmentsGrp",122224,122224,"2015v2.0, 2015v2.1, 2015v3.0"
"/Return/ReturnData/IRS990/OtherRevenueTotalAmt",121981,121981,"2015v2.0, 2015v2.1, 2015v3.0"
"/Return/ReturnData/IRS990EZ/ProhibitedTaxShelterTransInd",121637,121637,"2015v2.0, 2015v2.1, 2015v3.0"
"/Return/ReturnData/IRS990/OtherSalariesAndWagesGrp/ProgramServicesAmt",121259,121259,"2015v2.0, 2015v2.1, 2015v3.0"
"/Return/ReturnData/IRS990/OtherAssetsTotalGrp",120862,120862,"2015v2.0, 2015v2.1, 2015v3.0"
"/Return/ReturnData/IRS990EZ/CashSavingsAndInvestmentsGrp/EOYAmt",120715,120715,"2015v2.0, 2015v2.1, 2015v3.0"
"/Return/ReturnData/IRS990/OfficeExpensesGrp/ProgramServicesAmt",120636,120636,"2015v2.0, 2015v2.1, 2015v3.0"
"/Return/ReturnData/IRS990EZ/PoliticalCampaignActyInd",120474,120474,"2015v2.0, 2015v2.1, 2015v3.0"
"/Return/ReturnData/IRS990/InvestmentIncomeGrp/ExclusionAmt",119949,119949,"2015v2.0, 2015v2.1, 2015v3.0"
"/Return/ReturnData/IRS990ScheduleD/EquipmentGrp/OtherCostOrOtherBasisAmt",119703,119703,"2015v2.0, 2015v2.1, 2015v3.0"
"/Return/ReturnData/IRS990EZ/NetAssetsOrFundBalancesBOYAmt",119618,119618,"2015v2.0, 2015v2.1, 2015v3.0"
"/Return/ReturnData/IRS990EZ/CashSavingsAndInvestmentsGrp/BOYAmt",119425,119425,"2015v2.0, 2015v2.1, 2015v3.0"
"/Return/ReturnData/IRS990/NetUnrelatedBusTxblIncmAmt",119136,119136,"2015v2.0, 2015v2.1, 2015v3.0"
"/Return/ReturnData/IRS990ScheduleR/IdRelatedOrgTxblCorpTrGrp/LegalDomicileStateCd",119000,16019,"2015v2.0, 2015v2.1, 2015v3.0"
"/Return/ReturnData/IRS990/RevenueAmt",118810,118810,"2015v2.0, 2015v2.1, 2015v3.0"
"/Return/ReturnData/IRS990ScheduleA/PubliclySupportedOrg509a2Ind",118528,118528,"2015v2.0, 2015v2.1, 2015v3.0"
"/Return/ReturnData/IRS990EZ/InfoInScheduleOPartIInd",118280,118280,"2015v2.0, 2015v2.1, 2015v3.0"
"/Return/ReturnData/IRS990/PayrollTaxesGrp/ProgramServicesAmt",118155,118155,"2015v2.0, 2015v2.1, 2015v3.0"
"/Return/ReturnData/IRS990ScheduleA/TotalSupportCalendarYearGrp",117896,117896,"2015v2.0, 2015v2.1, 2015v3.0"
"/Return/ReturnData/IRS990ScheduleA/TotalSupportCalendarYearGrp/TotalAmt",117715,117715,"2015v2.0, 2015v2.1, 2015v3.0"
"/Return/ReturnData/IRS990EZ/OtherExpensesTotalAmt",117646,117646,"2015v2.0, 2015v2.1, 2015v3.0"
"/Return/ReturnData/IRS990ScheduleA/Total509Grp",117367,117367,"2015v2.0, 2015v2.1, 2015v3.0"
"/Return/ReturnData/IRS990ScheduleA/Total509Grp/TotalAmt",117367,117367,"2015v2.0, 2015v2.1, 2015v3.0"
"/Return/ReturnData/IRS990/OtherAssetsTotalGrp/EOYAmt",117249,117249,"2015v2.0, 2015v2.1, 2015v3.0"
"/Return/ReturnData/IRS990/AllOtherExpensesGrp/ProgramServicesAmt",116650,116650,"2015v2.0, 2015v2.1, 2015v3.0"
"/Return/ReturnData/IRS990/OccupancyGrp/ProgramServicesAmt",115776,115776,"2015v2.0, 2015v2.1, 2015v3.0"
"/Return/ReturnData/IRS990ScheduleA/TotalSupportAmt",115353,115353,"2015v2.0, 2015v2.1, 2015v3.0"
"/Return/ReturnData/IRS990ScheduleA/GiftsGrantsContriRcvd170Grp",114930,114930,"2015v2.0, 2015v2.1, 2015v3.0"
"/Return/ReturnData/IRS990ScheduleA/GiftsGrantsContriRcvd170Grp/TotalAmt",114900,114900,"2015v2.0, 2015v2.1, 2015v3.0"
"/Return/ReturnData/IRS990/DepreciationDepletionGrp/ProgramServicesAmt",114759,114759,"2015v2.0, 2015v2.1, 2015v3.0"
"/Return/ReturnData/IRS990ScheduleA/TotalCalendarYear170Grp",114644,114644,"2015v2.0, 2015v2.1, 2015v3.0"
"/Return/ReturnData/IRS990ScheduleA/TotalCalendarYear170Grp/TotalAmt",114643,114643,"2015v2.0, 2015v2.1, 2015v3.0"
"/Return/ReturnData/IRS990/FeesForServicesLegalGrp",114114,114114,"2015v2.0, 2015v2.1, 2015v3.0"
"/Return/ReturnData/IRS990/FeesForServicesLegalGrp/TotalAmt",114114,114114,"2015v2.0, 2015v2.1, 2015v3.0"
"/Return/ReturnData/IRS990ScheduleA/Total509Grp/CurrentTaxYearAmt",113862,113862,"2015v2.0, 2015v2.1, 2015v3.0"
"/Return/ReturnData/IRS990/InsuranceGrp/ProgramServicesAmt",113247,113247,"2015v2.0, 2015v2.1, 2015v3.0"
"/Return/ReturnData/IRS990ScheduleA/GiftsGrantsContriRcvd170Grp/CurrentTaxYearAmt",111488,111488,"2015v2.0, 2015v2.1, 2015v3.0"
"/Return/ReturnData/IRS990ScheduleA/TotalCalendarYear170Grp/CurrentTaxYearAmt",111438,111438,"2015v2.0, 2015v2.1, 2015v3.0"
"/Return/ReturnData/IRS990EZ/WebsiteAddressTxt",111015,111015,"2015v2.0, 2015v2.1, 2015v3.0"
"/Return/ReturnData/IRS990ScheduleA/GiftsGrantsContrisRcvd509Grp",110423,110423,"2015v2.0, 2015v2.1, 2015v3.0"
"/Return/ReturnData/IRS990ScheduleA/PublicOrganization170Ind",110375,110375,"2015v2.0, 2015v2.1, 2015v3.0"
"/Return/ReturnData/IRS990ScheduleA/GiftsGrantsContrisRcvd509Grp/TotalAmt",110365,110365,"2015v2.0, 2015v2.1, 2015v3.0"
"/Return/ReturnData/IRS990ScheduleA/Total509Grp/CurrentTaxYearMinus1YearAmt",110054,110054,"2015v2.0, 2015v2.1, 2015v3.0"
"/Return/ReturnData/IRS990/AccountsReceivableGrp/BOYAmt",109168,109168,"2015v2.0, 2015v2.1, 2015v3.0"
"/Return/ReturnData/IRS990ScheduleR/IdRelatedOrgTxblCorpTrGrp/EntityTypeTxt",109163,15380,"2015v2.0, 2015v2.1, 2015v3.0"
"/Return/ReturnData/IRS990/InsuranceGrp/ManagementAndGeneralAmt",108963,108963,"2015v2.0, 2015v2.1, 2015v3.0"
"/Return/ReturnData/IRS990ScheduleA/TotalCalendarYear170Grp/CurrentTaxYearMinus1YearAmt",108739,108739,"2015v2.0, 2015v2.1, 2015v3.0"
"/Return/ReturnData/IRS990ScheduleA/GiftsGrantsContriRcvd170Grp/CurrentTaxYearMinus1YearAmt",108456,108456,"2015v2.0, 2015v2.1, 2015v3.0"
"/Return/ReturnData/IRS990/PYBenefitsPaidToMembersAmt",108386,108386,"2015v2.0, 2015v2.1, 2015v3.0"
"/Return/ReturnData/IRS990/FSAuditedBasisGrp",108309,108309,"2015v2.0, 2015v2.1, 2015v3.0"
"/Return/ReturnData/IRS990ScheduleA/GrossInvestmentIncome170Grp",108005,108005,"2015v2.0, 2015v2.1, 2015v3.0"
"/Return/ReturnData/IRS990ScheduleA/GrossInvestmentIncome170Grp/TotalAmt",107966,107966,"2015v2.0, 2015v2.1, 2015v3.0"
"/Return/ReturnData/IRS990ScheduleR/IdRelatedOrgTxblCorpTrGrp/USAddress",107671,15444,"2015v2.0, 2015v2.1, 2015v3.0"
"/Return/ReturnData/IRS990ScheduleR/IdRelatedOrgTxblCorpTrGrp/USAddress/AddressLine1Txt",107671,15444,"2015v2.0, 2015v2.1, 2015v3.0"
"/Return/ReturnData/IRS990ScheduleR/IdRelatedOrgTxblCorpTrGrp/USAddress/CityNm",107671,15444,"2015v2.0, 2015v2.1, 2015v3.0"
"/Return/ReturnData/IRS990ScheduleR/IdRelatedOrgTxblCorpTrGrp/USAddress/StateAbbreviationCd",107671,15444,"2015v2.0, 2015v2.1, 2015v3.0"
"/Return/ReturnData/IRS990ScheduleR/IdRelatedOrgTxblCorpTrGrp/USAddress/ZIPCd",107671,15444,"2015v2.0, 2015v2.1, 2015v3.0"
"/Return/ReturnData/IRS990/InterestGrp",107638,107638,"2015v2.0, 2015v2.1, 2015v3.0"
"/Return/ReturnData/IRS990/InterestGrp/TotalAmt",107638,107638,"2015v2.0, 2015v2.1, 2015v3.0"
"/Return/ReturnData/IRS990/InformationTechnologyGrp",106877,106877,"2015v2.0, 2015v2.1, 2015v3.0"
"/Return/ReturnData/IRS990/InformationTechnologyGrp/TotalAmt",106877,106877,"2015v2.0, 2015v2.1, 2015v3.0"
"/Return/ReturnData/IRS990/PYTotalProfFndrsngExpnsAmt",106572,106572,"2015v2.0, 2015v2.1, 2015v3.0"
"/Return/ReturnData/IRS990/PrepaidExpensesDefrdChargesGrp/BOYAmt",105889,105889,"2015v2.0, 2015v2.1, 2015v3.0"
"/Return/ReturnData/IRS990ScheduleA/Total509Grp/CurrentTaxYearMinus2YearsAmt",105587,105587,"2015v2.0, 2015v2.1, 2015v3.0"
"/Return/ReturnData/IRS990ScheduleA/TotalCalendarYear170Grp/CurrentTaxYearMinus2YearsAmt",105335,105335,"2015v2.0, 2015v2.1, 2015v3.0"
"/Return/ReturnData/IRS990ScheduleA/GiftsGrantsContriRcvd170Grp/CurrentTaxYearMinus2YearsAmt",104831,104831,"2015v2.0, 2015v2.1, 2015v3.0"
"/Return/ReturnData/IRS990ScheduleA/GiftsGrantsContrisRcvd509Grp/CurrentTaxYearAmt",102297,102297,"2015v2.0, 2015v2.1, 2015v3.0"
"/Return/ReturnData/IRS990ScheduleA/ThirtyThrPctSuprtTestsCY509Ind",102217,102217,"2015v2.0, 2015v2.1, 2015v3.0"
"/Return/ReturnData/IRS990ScheduleA/TotalCalendarYear170Grp/CurrentTaxYearMinus3YearsAmt",102205,102205,"2015v2.0, 2015v2.1, 2015v3.0"
"/Return/ReturnData/IRS990EZ/EngagedInExcessBenefitTransInd",101937,101937,"2015v2.0, 2015v2.1, 2015v3.0"
"/Return/ReturnData/IRS990ScheduleA/TotalSupportCalendarYearGrp/CurrentTaxYearAmt",101871,101871,"2015v2.0, 2015v2.1, 2015v3.0"
"/Return/ReturnData/IRS990/PayrollTaxesGrp/ManagementAndGeneralAmt",101676,101676,"2015v2.0, 2015v2.1, 2015v3.0"
"/Return/ReturnData/IRS990ScheduleA/GiftsGrantsContriRcvd170Grp/CurrentTaxYearMinus3YearsAmt",101571,101571,"2015v2.0, 2015v2.1, 2015v3.0"
"/Return/ReturnData/IRS990EZ/TotalProgramServiceExpensesAmt",101551,101551,"2015v2.0, 2015v2.1, 2015v3.0"
"/Return/ReturnData/IRS990EZ/PartVIOfCompOfHghstPdEmplTxt",101331,101331,"2015v2.0, 2015v2.1, 2015v3.0"
"/Return/ReturnData/IRS990ScheduleA/Total509Grp/CurrentTaxYearMinus3YearsAmt",101291,101291,"2015v2.0, 2015v2.1, 2015v3.0"
"/Return/ReturnData/IRS990ScheduleR/TransactionsRelatedOrgGrp",101237,30652,"2015v2.0, 2015v2.1, 2015v3.0"
"/Return/ReturnData/IRS990/NoListedPersonsCompensatedInd",101236,101236,"2015v2.0, 2015v2.1, 2015v3.0"
"/Return/ReturnData/IRS990/OtherLiabilitiesGrp",101202,101202,"2015v2.0, 2015v2.1, 2015v3.0"
"/Return/ReturnData/IRS990ScheduleR/TransactionsRelatedOrgGrp/OtherOrganizationName",101149,30626,"2015v2.0, 2015v2.1, 2015v3.0"
"/Return/ReturnData/IRS990ScheduleR/TransactionsRelatedOrgGrp/OtherOrganizationName/BusinessNameLine1Txt",101149,30626,"2015v2.0, 2015v2.1, 2015v3.0"
"/Return/ReturnData/IRS990ScheduleR/TransactionsRelatedOrgGrp/TransactionTypeTxt",100662,30339,"2015v2.0, 2015v2.1, 2015v3.0"
"/Return/ReturnData/IRS990EZ/TransactionWithControlEntInd",100593,100593,"2015v2.0, 2015v2.1, 2015v3.0"
"/Return/ReturnData/IRS990EZ/PartVIHghstPdCntrctProfSrvcTxt",100236,100236,"2015v2.0, 2015v2.1, 2015v3.0"
"/Return/ReturnData/IRS990ScheduleR/IdRelatedOrgTxblCorpTrGrp/EIN",100076,15033,"2015v2.0, 2015v2.1, 2015v3.0"
"/Return/ReturnData/IRS990ScheduleA/ThirtyThrPctSuprtTestsCY170Ind",99642,99642,"2015v2.0, 2015v2.1, 2015v3.0"
"/Return/ReturnData/IRS990/AllOtherExpensesGrp/ManagementAndGeneralAmt",99303,99303,"2015v2.0, 2015v2.1, 2015v3.0"
"/Return/ReturnData/IRS990/OtherSalariesAndWagesGrp/ManagementAndGeneralAmt",99241,99241,"2015v2.0, 2015v2.1, 2015v3.0"
"/Return/ReturnData/IRS990/PensionPlanContributionsGrp",99107,99107,"2015v2.0, 2015v2.1, 2015v3.0"
"/Return/ReturnData/IRS990/PensionPlanContributionsGrp/TotalAmt",99106,99106,"2015v2.0, 2015v2.1, 2015v3.0"
"/Return/ReturnData/IRS990ScheduleA/TotalCalendarYear170Grp/CurrentTaxYearMinus4YearsAmt",99059,99059,"2015v2.0, 2015v2.1, 2015v3.0"
"/Return/ReturnData/IRS990ScheduleA/TotalSupportCalendarYearGrp/CurrentTaxYearMinus1YearAmt",98683,98683,"2015v2.0, 2015v2.1, 2015v3.0"
"/Return/ReturnData/IRS990ScheduleA/GiftsGrantsContriRcvd170Grp/CurrentTaxYearMinus4YearsAmt",98310,98310,"2015v2.0, 2015v2.1, 2015v3.0"
"/Return/ReturnData/IRS990EZ/TypeOfOrganizationCorpInd",98210,98210,"2015v2.0, 2015v2.1, 2015v3.0"
"/Return/ReturnData/IRS990ScheduleA/GiftsGrantsContrisRcvd509Grp/CurrentTaxYearMinus1YearAmt",98100,98100,"2015v2.0, 2015v2.1, 2015v3.0"
"/Return/ReturnData/IRS990/NetIncmFromFundraisingEvtGrp",98083,98083,"2015v2.0, 2015v2.1, 2015v3.0"
"/Return/ReturnData/IRS990/NetIncmFromFundraisingEvtGrp/TotalRevenueColumnAmt",98083,98083,"2015v2.0, 2015v2.1, 2015v3.0"
"/Return/ReturnData/IRS990ScheduleA/Total509Grp/CurrentTaxYearMinus4YearsAmt",97428,97428,"2015v2.0, 2015v2.1, 2015v3.0"
"/Return/ReturnData/IRS990ScheduleA/PublicSupportPY509Pct",97027,97027,"2015v2.0, 2015v2.1, 2015v3.0"
"/Return/ReturnData/IRS990EZ/BooksInCareOfDetail/PersonNm",96805,96805,"2015v2.0, 2015v2.1, 2015v3.0"
"/Return/ReturnData/IRS990EZ/ContributionsGiftsGrantsEtcAmt",96680,96680,"2015v2.0, 2015v2.1, 2015v3.0"
"/Return/ReturnData/IRS990ScheduleA/TotalSupportCalendarYearGrp/CurrentTaxYearMinus2YearsAmt",96622,96622,"2015v2.0, 2015v2.1, 2015v3.0"
"/Return/ReturnData/IRS990/OtherRevenueMiscGrp/BusinessCd",96576,64229,"2015v2.0, 2015v2.1, 2015v3.0"
"/Return/ReturnData/IRS990EZ/MethodOfAccountingCashInd",96525,96525,"2015v2.0, 2015v2.1, 2015v3.0"
"/Return/ReturnData/IRS990EZ/ProgramSrvcAccomplishmentGrp/GrantsAndAllocationsAmt",96510,66766,"2015v2.0, 2015v2.1, 2015v3.0"
"/Return/ReturnData/IRS990/OtherLiabilitiesGrp/BOYAmt",96453,96453,"2015v2.0, 2015v2.1, 2015v3.0"
"/Return/ReturnData/IRS990/OtherLiabilitiesGrp/EOYAmt",96266,96266,"2015v2.0, 2015v2.1, 2015v3.0"
"/Return/ReturnData/IRS990/OtherAssetsTotalGrp/BOYAmt",95939,95939,"2015v2.0, 2015v2.1, 2015v3.0"
"/Return/ReturnData/IRS990ScheduleA/PublicSupportPY170Pct",95676,95676,"2015v2.0, 2015v2.1, 2015v3.0"
"/Return/ReturnData/IRS990ScheduleR/TransactionsRelatedOrgGrp/InvolvedAmt",95482,28894,"2015v2.0, 2015v2.1, 2015v3.0"
"/Return/ReturnData/IRS990/NetGainOrLossInvestmentsGrp",94908,94908,"2015v2.0, 2015v2.1, 2015v3.0"
"/Return/ReturnData/IRS990/TravelGrp/ProgramServicesAmt",94906,94906,"2015v2.0, 2015v2.1, 2015v3.0"
"/Return/ReturnData/IRS990/NetGainOrLossInvestmentsGrp/TotalRevenueColumnAmt",94903,94903,"2015v2.0, 2015v2.1, 2015v3.0"
"/Return/ReturnData/IRS990EZ/Form1120PolFiledInd",94735,94735,"2015v2.0, 2015v2.1, 2015v3.0"
"/Return/ReturnData/IRS990/BooksInCareOfDetail/BusinessName",94508,94508,"2015v2.0, 2015v2.1, 2015v3.0"
"/Return/ReturnData/IRS990/BooksInCareOfDetail/BusinessName/BusinessNameLine1Txt",94508,94508,"2015v2.0, 2015v2.1, 2015v3.0"
"/Return/ReturnData/IRS990EZ/Organization501c3Ind",93716,93716,"2015v2.0, 2015v2.1, 2015v3.0"
"/Return/ReturnData/IRS990ScheduleA/GiftsGrantsContrisRcvd509Grp/CurrentTaxYearMinus2YearsAmt",93633,93633,"2015v2.0, 2015v2.1, 2015v3.0"
"/Return/ReturnData/IRS990EZ/SchoolOperatingInd",93607,93607,"2015v2.0, 2015v2.1, 2015v3.0"
"/Return/ReturnData/IRS990ScheduleD/BuildingsGrp",93211,93211,"2015v2.0, 2015v2.1, 2015v3.0"
"/Return/ReturnData/IRS990/InvestmentsPubTradedSecGrp",93207,93207,"2015v2.0, 2015v2.1, 2015v3.0"
"/Return/ReturnData/IRS990ScheduleG",92833,92833,"2015v2.0, 2015v2.1, 2015v3.0"
"/Return/ReturnData/IRS990ScheduleD/TotalRevenuePerForm990Amt",92701,92701,"2015v2.0, 2015v2.1, 2015v3.0"
"/Return/ReturnData/IRS990ScheduleD/RevenueSubtotalAmt",92695,92695,"2015v2.0, 2015v2.1, 2015v3.0"
"/Return/ReturnData/IRS990ScheduleD/TotalExpensesPerForm990Amt",92595,92595,"2015v2.0, 2015v2.1, 2015v3.0"
"/Return/ReturnData/IRS990ScheduleD/ExpensesSubtotalAmt",92592,92592,"2015v2.0, 2015v2.1, 2015v3.0"
"/Return/ReturnData/IRS990ScheduleD/TotalRevEtcAuditedFinclStmtAmt",92438,92438,"2015v2.0, 2015v2.1, 2015v3.0"
"/Return/ReturnData/IRS990ScheduleD/TotExpnsEtcAuditedFinclStmtAmt",92380,92380,"2015v2.0, 2015v2.1, 2015v3.0"
"/Return/ReturnData/IRS990ScheduleA/GrossReceiptsAdmissionsGrp",92153,92153,"2015v2.0, 2015v2.1, 2015v3.0"
"/Return/ReturnData/IRS990ScheduleA/GrossReceiptsAdmissionsGrp/TotalAmt",92128,92128,"2015v2.0, 2015v2.1, 2015v3.0"
"/Return/ReturnData/IRS990/OccupancyGrp/ManagementAndGeneralAmt",91958,91958,"2015v2.0, 2015v2.1, 2015v3.0"
"/Return/ReturnData/IRS990/InvestmentsPubTradedSecGrp/EOYAmt",91915,91915,"2015v2.0, 2015v2.1, 2015v3.0"
"/Return/ReturnData/IRS990ScheduleD/OtherLandBuildingsGrp",91400,91400,"2015v2.0, 2015v2.1, 2015v3.0"
"/Return/ReturnData/IRS990ScheduleA/TotalSupportCalendarYearGrp/CurrentTaxYearMinus3YearsAmt",91073,91073,"2015v2.0, 2015v2.1, 2015v3.0"
"/Return/ReturnData/IRS990ScheduleD/TotalLiabilityAmt",90643,90643,"2015v2.0, 2015v2.1, 2015v3.0"
"/Return/ReturnData/IRS990ScheduleA/TotalSupportCalendarYearGrp/CurrentTaxYearMinus4YearsAmt",90625,90625,"2015v2.0, 2015v2.1, 2015v3.0"
"/Return/ReturnData/IRS990EZ/LobbyingActivitiesInd",90254,90254,"2015v2.0, 2015v2.1, 2015v3.0"
"/Return/ReturnData/IRS990/GrantsToDomesticOrgsGrp",90192,90192,"2015v2.0, 2015v2.1, 2015v3.0"
"/Return/ReturnData/IRS990/GrantsToDomesticOrgsGrp/TotalAmt",90191,90191,"2015v2.0, 2015v2.1, 2015v3.0"
"/Return/ReturnData/IRS990EZ/TrnsfrExmptNonChrtblRltdOrgInd",89777,89777,"2015v2.0, 2015v2.1, 2015v3.0"
"/Return/ReturnData/IRS990ScheduleA/GiftsGrantsContrisRcvd509Grp/CurrentTaxYearMinus3YearsAmt",89442,89442,"2015v2.0, 2015v2.1, 2015v3.0"
"/Return/ReturnData/IRS990EZ/ScheduleBNotRequiredInd",88678,88678,"2015v2.0, 2015v2.1, 2015v3.0"
"/Return/ReturnData/IRS990EZ/FiledScheduleAInd",88482,88482,"2015v2.0, 2015v2.1, 2015v3.0"
"/Return/ReturnData/IRS990EZ/FeesAndOtherPymtToIndCntrctAmt",88282,88282,"2015v2.0, 2015v2.1, 2015v3.0"
"/Return/ReturnData/IRS990ScheduleR/TransactionsRelatedOrgGrp/MethodOfAmountDeterminationTxt",88085,26512,"2015v2.0, 2015v2.1, 2015v3.0"
"/Return/ReturnData/IRS990ScheduleD/BuildingsGrp/BookValueAmt",87470,87470,"2015v2.0, 2015v2.1, 2015v3.0"
"/Return/ReturnData/IRS990/OtherRevenueMiscGrp/RelatedOrExemptFuncIncomeAmt",87206,60067,"2015v2.0, 2015v2.1, 2015v3.0"
"/Return/ReturnData/IRS990/Form990PartVIISectionAGrp/HighestCompensatedEmployeeInd",87060,30416,"2015v2.0, 2015v2.1, 2015v3.0"
"/Return/ReturnData/IRS990/ContractorCompensationGrp",86604,31440,"2015v2.0, 2015v2.1, 2015v3.0"
"/Return/ReturnData/IRS990/ContractorCompensationGrp/ContractorName",86563,31423,"2015v2.0, 2015v2.1, 2015v3.0"
"/Return/ReturnData/IRS990ScheduleA/GrossInvestmentIncome509Grp",86052,86052,"2015v2.0, 2015v2.1, 2015v3.0"
"/Return/ReturnData/IRS990ScheduleA/GrossInvestmentIncome509Grp/TotalAmt",86011,86011,"2015v2.0, 2015v2.1, 2015v3.0"
"/Return/ReturnData/IRS990/PledgesAndGrantsReceivableGrp",85996,85996,"2015v2.0, 2015v2.1, 2015v3.0"
"/Return/ReturnData/IRS990/ContractorCompensationGrp/ContractorAddress",85922,30935,"2015v2.0, 2015v2.1, 2015v3.0"
"/Return/ReturnData/IRS990ScheduleA/GiftsGrantsContrisRcvd509Grp/CurrentTaxYearMinus4YearsAmt",85866,85866,"2015v2.0, 2015v2.1, 2015v3.0"
"/Return/ReturnData/IRS990/OtherEmployeeBenefitsGrp/ProgramServicesAmt",85371,85371,"2015v2.0, 2015v2.1, 2015v3.0"
"/Return/ReturnData/IRS990/ContractorCompensationGrp/ServicesDesc",85109,30169,"2015v2.0, 2015v2.1, 2015v3.0"
"/Return/ReturnData/IRS990/ContractorCompensationGrp/CompensationAmt",85089,30093,"2015v2.0, 2015v2.1, 2015v3.0"
"/Return/ReturnData/IRS990/DepreciationDepletionGrp/ManagementAndGeneralAmt",84388,84388,"2015v2.0, 2015v2.1, 2015v3.0"
"/Return/ReturnData/IRS990ScheduleA/InvestmentIncomePYPct",84306,84306,"2015v2.0, 2015v2.1, 2015v3.0"
"/Return/ReturnData/IRS990ScheduleD/LandGrp",84095,84095,"2015v2.0, 2015v2.1, 2015v3.0"
"/Return/ReturnData/IRS990/ContractorCompensationGrp/ContractorAddress/USAddress",83826,29952,"2015v2.0, 2015v2.1, 2015v3.0"
"/Return/ReturnData/IRS990/ContractorCompensationGrp/ContractorAddress/USAddress/AddressLine1Txt",83826,29952,"2015v2.0, 2015v2.1, 2015v3.0"
"/Return/ReturnData/IRS990/ContractorCompensationGrp/ContractorAddress/USAddress/CityNm",83826,29952,"2015v2.0, 2015v2.1, 2015v3.0"
"/Return/ReturnData/IRS990/ContractorCompensationGrp/ContractorAddress/USAddress/StateAbbreviationCd",83826,29952,"2015v2.0, 2015v2.1, 2015v3.0"
"/Return/ReturnData/IRS990/ContractorCompensationGrp/ContractorAddress/USAddress/ZIPCd",83826,29952,"2015v2.0, 2015v2.1, 2015v3.0"
"/Return/ReturnData/IRS990/PledgesAndGrantsReceivableGrp/EOYAmt",83580,83580,"2015v2.0, 2015v2.1, 2015v3.0"
"/Return/ReturnData/IRS990ScheduleD/BuildingsGrp/DepreciationAmt",83193,83193,"2015v2.0, 2015v2.1, 2015v3.0"
"/Return/ReturnData/IRS990/CompCurrentOfcrDirectorsGrp/ManagementAndGeneralAmt",83013,83013,"2015v2.0, 2015v2.1, 2015v3.0"
"/Return/ReturnData/IRS990ScheduleR/IdRelatedOrgTxblPartnershipGrp/DisproportionateAllocationsInd",82061,6373,"2015v2.0, 2015v2.1, 2015v3.0"
"/Return/ReturnData/IRS990/FeesForServicesManagementGrp",81911,81911,"2015v2.0, 2015v2.1, 2015v3.0"
"/Return/ReturnData/IRS990/FeesForServicesManagementGrp/TotalAmt",81910,81910,"2015v2.0, 2015v2.1, 2015v3.0"
"/Return/ReturnData/IRS990ScheduleR/IdRelatedOrgTxblPartnershipGrp/GeneralOrManagingPartnerInd",81883,6318,"2015v2.0, 2015v2.1, 2015v3.0"
"/Return/ReturnData/IRS990ScheduleD/OtherLandBuildingsGrp/BookValueAmt",81100,81100,"2015v2.0, 2015v2.1, 2015v3.0"
"/Return/ReturnData/IRS990/AdvertisingGrp/ProgramServicesAmt",80944,80944,"2015v2.0, 2015v2.1, 2015v3.0"
"/Return/ReturnData/IRS990ScheduleG/FundraisingEventInformationGrp",80432,80432,"2015v2.0, 2015v2.1, 2015v3.0"
"/Return/ReturnData/IRS990ScheduleD/OtherLandBuildingsGrp/OtherCostOrOtherBasisAmt",80421,80421,"2015v2.0, 2015v2.1, 2015v3.0"
"/Return/ReturnData/IRS990/GrantsToDomesticIndividualsGrp",79895,79895,"2015v2.0, 2015v2.1, 2015v3.0"
"/Return/ReturnData/IRS990/GrantsToDomesticIndividualsGrp/TotalAmt",79895,79895,"2015v2.0, 2015v2.1, 2015v3.0"
"/Return/ReturnData/IRS990/TemporarilyRstrNetAssetsGrp",79668,79668,"2015v2.0, 2015v2.1, 2015v3.0"
"/Return/ReturnData/IRS990ScheduleD/BuildingsGrp/OtherCostOrOtherBasisAmt",79577,79577,"2015v2.0, 2015v2.1, 2015v3.0"
"/Return/ReturnData/IRS990ScheduleG/FundraisingEventInformationGrp/Event1Nm",79507,79507,"2015v2.0, 2015v2.1, 2015v3.0"
"/Return/ReturnData/IRS990ScheduleD/LandGrp/BookValueAmt",79392,79392,"2015v2.0, 2015v2.1, 2015v3.0"
"/Return/ReturnData/IRS990/FeesForServicesOtherGrp/ProgramServicesAmt",79347,79347,"2015v2.0, 2015v2.1, 2015v3.0"
"/Return/ReturnHeader/Filer/BusinessName/BusinessNameLine2Txt",78912,78912,"2015v2.0, 2015v2.1, 2015v3.0"
"/Return/ReturnData/IRS990/InventoriesForSaleOrUseGrp",78904,78904,"2015v2.0, 2015v2.1, 2015v3.0"
"/Return/ReturnData/IRS990/FeesForSrvcInvstMgmntFeesGrp",78819,78819,"2015v2.0, 2015v2.1, 2015v3.0"
"/Return/ReturnData/IRS990/FeesForSrvcInvstMgmntFeesGrp/TotalAmt",78817,78817,"2015v2.0, 2015v2.1, 2015v3.0"
"/Return/ReturnData/IRS990/CompCurrentOfcrDirectorsGrp/ProgramServicesAmt",78579,78579,"2015v2.0, 2015v2.1, 2015v3.0"
"/Return/ReturnData/IRS990ScheduleA/GrossReceiptsAdmissionsGrp/CurrentTaxYearAmt",78132,78132,"2015v2.0, 2015v2.1, 2015v3.0"
"/Return/ReturnData/IRS990ScheduleG/FundraisingEventInformationGrp/GrossReceiptsTotalAmt",78004,78004,"2015v2.0, 2015v2.1, 2015v3.0"
"/Return/ReturnData/IRS990ScheduleG/FundraisingEventInformationGrp/GrossReceiptsEvent1Amt",77756,77756,"2015v2.0, 2015v2.1, 2015v3.0"
"/Return/ReturnData/IRS990/InventoriesForSaleOrUseGrp/EOYAmt",77654,77654,"2015v2.0, 2015v2.1, 2015v3.0"
"/Return/ReturnData/IRS990ScheduleD/OtherLandBuildingsGrp/DepreciationAmt",77577,77577,"2015v2.0, 2015v2.1, 2015v3.0"
"/Return/ReturnData/IRS990/TemporarilyRstrNetAssetsGrp/EOYAmt",77227,77227,"2015v2.0, 2015v2.1, 2015v3.0"
"/Return/ReturnData/IRS990/TransactionWithControlEntInd",77045,77045,"2015v2.0, 2015v2.1, 2015v3.0"
"/Return/ReturnData/IRS990ScheduleA/GrossReceiptsAdmissionsGrp/CurrentTaxYearMinus1YearAmt",76548,76548,"2015v2.0, 2015v2.1, 2015v3.0"
"/Return/ReturnData/IRS990/FSAuditedBasisGrp/SeparateBasisFinclStmtInd",75902,75902,"2015v2.0, 2015v2.1, 2015v3.0"
"/Return/ReturnData/IRS990/InfoInScheduleOPartIIIInd",75718,75718,"2015v2.0, 2015v2.1, 2015v3.0"
"/Return/ReturnData/IRS990ScheduleG/FundraisingEventInformationGrp/NetIncomeSummaryAmt",75454,75454,"2015v2.0, 2015v2.1, 2015v3.0"
"/Return/ReturnData/IRS990/TemporarilyRstrNetAssetsGrp/BOYAmt",75048,75048,"2015v2.0, 2015v2.1, 2015v3.0"
"/Return/ReturnData/IRS990/OtherEmployeeBenefitsGrp/ManagementAndGeneralAmt",74975,74975,"2015v2.0, 2015v2.1, 2015v3.0"
"/Return/ReturnData/IRS990ScheduleG/FundraisingEventInformationGrp/GrossRevenueTotalEventsAmt",74754,74754,"2015v2.0, 2015v2.1, 2015v3.0"
"/Return/ReturnData/IRS990ScheduleA/InvestmentIncomeAndUBTIGrp",74645,74645,"2015v2.0, 2015v2.1, 2015v3.0"
"/Return/ReturnData/IRS990ScheduleA/InvestmentIncomeAndUBTIGrp/TotalAmt",74624,74624,"2015v2.0, 2015v2.1, 2015v3.0"
"/Return/ReturnData/IRS990EZ/SumOfTotalLiabilitiesGrp",74579,74579,"2015v2.0, 2015v2.1, 2015v3.0"
"/Return/ReturnData/IRS990ScheduleD/OtherAssetsOrgGrp",74202,32297,"2015v2.0, 2015v2.1, 2015v3.0"
"/Return/ReturnData/IRS990ScheduleA/GrossReceiptsAdmissionsGrp/CurrentTaxYearMinus2YearsAmt",74157,74157,"2015v2.0, 2015v2.1, 2015v3.0"
"/Return/ReturnData/IRS990ScheduleD/OtherAssetsOrgGrp/Desc",74086,32206,"2015v2.0, 2015v2.1, 2015v3.0"
"/Return/ReturnData/IRS990/MethodOfAccountingCashInd",73933,73933,"2015v2.0, 2015v2.1, 2015v3.0"
"/Return/ReturnData/IRS990ScheduleG/FundraisingEventInformationGrp/GrossRevenueEvent1Amt",73620,73620,"2015v2.0, 2015v2.1, 2015v3.0"
"/Return/ReturnData/IRS990ScheduleR/IdRelatedOrgTxblPartnershipGrp/DirectControllingEntityName",73205,5112,"2015v2.0, 2015v2.1, 2015v3.0"
"/Return/ReturnData/IRS990ScheduleR/IdRelatedOrgTxblPartnershipGrp/DirectControllingEntityName/BusinessNameLine1Txt",73205,5112,"2015v2.0, 2015v2.1, 2015v3.0"
"/Return/ReturnData/IRS990ScheduleR/IdRelatedOrgTxblPartnershipGrp/DirectControllingNACd",73090,4392,"2015v2.0, 2015v2.1, 2015v3.0"
"/Return/ReturnData/IRS990/TravelGrp/ManagementAndGeneralAmt",72997,72997,"2015v2.0, 2015v2.1, 2015v3.0"
"/Return/ReturnData/IRS990ScheduleG/FundraisingEventInformationGrp/DirectExpenseSummaryEventsAmt",72892,72892,"2015v2.0, 2015v2.1, 2015v3.0"
"/Return/ReturnData/IRS990EZ/FundraisingGrossIncomeAmt",72357,72357,"2015v2.0, 2015v2.1, 2015v3.0"
"/Return/ReturnData/IRS990/NetRentalIncomeOrLossGrp",72254,72254,"2015v2.0, 2015v2.1, 2015v3.0"
"/Return/ReturnData/IRS990/NetRentalIncomeOrLossGrp/TotalRevenueColumnAmt",72249,72249,"2015v2.0, 2015v2.1, 2015v3.0"
"/Return/ReturnData/IRS990ScheduleA/GrossReceiptsAdmissionsGrp/CurrentTaxYearMinus3YearsAmt",71756,71756,"2015v2.0, 2015v2.1, 2015v3.0"
"/Return/ReturnData/IRS990ScheduleD/OtherAssetsOrgGrp/BookValueAmt",71732,32069,"2015v2.0, 2015v2.1, 2015v3.0"
"/Return/ReturnData/IRS990ScheduleD/LandGrp/OtherCostOrOtherBasisAmt",71492,71492,"2015v2.0, 2015v2.1, 2015v3.0"
"/Return/ReturnData/IRS990EZ/SumOfTotalLiabilitiesGrp/EOYAmt",71339,71339,"2015v2.0, 2015v2.1, 2015v3.0"
"/Return/ReturnData/IRS990ScheduleA/GrossInvestmentIncome170Grp/CurrentTaxYearMinus1YearAmt",71153,71153,"2015v2.0, 2015v2.1, 2015v3.0"
"/Return/ReturnData/IRS990/ProgSrvcAccomActy2Grp",71006,71006,"2015v2.0, 2015v2.1, 2015v3.0"
"/Return/ReturnData/IRS990EZ/SpecialEventsDirectExpensesAmt",70988,70988,"2015v2.0, 2015v2.1, 2015v3.0"
"/Return/ReturnData/IRS990ScheduleA/GrossInvestmentIncome170Grp/CurrentTaxYearAmt",70845,70845,"2015v2.0, 2015v2.1, 2015v3.0"
"/Return/ReturnData/IRS990EZ/SumOfTotalLiabilitiesGrp/BOYAmt",70824,70824,"2015v2.0, 2015v2.1, 2015v3.0"
"/Return/ReturnData/IRS990/FeesForServicesOtherGrp/ManagementAndGeneralAmt",70812,70812,"2015v2.0, 2015v2.1, 2015v3.0"
"/Return/ReturnData/IRS990/ProgSrvcAccomActy2Grp/Desc",70800,70800,"2015v2.0, 2015v2.1, 2015v3.0"
"/Return/ReturnData/IRS990ScheduleA/GrossInvestmentIncome170Grp/CurrentTaxYearMinus2YearsAmt",70533,70533,"2015v2.0, 2015v2.1, 2015v3.0"
"/Return/ReturnData/IRS990ScheduleD/RevenueNotReportedAmt",70352,70352,"2015v2.0, 2015v2.1, 2015v3.0"
"/Return/ReturnData/IRS990ScheduleA/GrossInvestmentIncome170Grp/CurrentTaxYearMinus3YearsAmt",70014,70014,"2015v2.0, 2015v2.1, 2015v3.0"
"/Return/ReturnData/IRS990/NetIncomeOrLossGrp",69939,69939,"2015v2.0, 2015v2.1, 2015v3.0"
"/Return/ReturnData/IRS990/NetIncomeOrLossGrp/TotalRevenueColumnAmt",69937,69937,"2015v2.0, 2015v2.1, 2015v3.0"
"/Return/ReturnData/IRS990ScheduleA/GrossInvestmentIncome170Grp/CurrentTaxYearMinus4YearsAmt",69445,69445,"2015v2.0, 2015v2.1, 2015v3.0"
"/Return/ReturnData/IRS990ScheduleA/GrossReceiptsAdmissionsGrp/CurrentTaxYearMinus4YearsAmt",69271,69271,"2015v2.0, 2015v2.1, 2015v3.0"
"/Return/ReturnData/IRS990/InvestmentsOtherSecuritiesGrp",69223,69223,"2015v2.0, 2015v2.1, 2015v3.0"
"/Return/ReturnData/IRS990EZ/InvestmentIncomeAmt",69184,69184,"2015v2.0, 2015v2.1, 2015v3.0"
"/Return/ReturnData/IRS990ScheduleG/FundraisingEventInformationGrp/OthDirectExpnssTotalEventsAmt",68910,68910,"2015v2.0, 2015v2.1, 2015v3.0"
"/Return/ReturnData/IRS990/ContractorCompensationGrp/ContractorName/BusinessName",68266,25113,"2015v2.0, 2015v2.1, 2015v3.0"
"/Return/ReturnData/IRS990/ContractorCompensationGrp/ContractorName/BusinessName/BusinessNameLine1Txt",68266,25113,"2015v2.0, 2015v2.1, 2015v3.0"
"/Return/ReturnData/IRS990/DeferredRevenueGrp",67760,67760,"2015v2.0, 2015v2.1, 2015v3.0"
"/Return/ReturnData/IRS990EZ/OtherAssetsTotalDetail",67531,67531,"2015v2.0, 2015v2.1, 2015v3.0"
"/Return/ReturnData/IRS990/ConferencesMeetingsGrp/ProgramServicesAmt",67201,67201,"2015v2.0, 2015v2.1, 2015v3.0"
"/Return/ReturnData/IRS990/InvestmentsOtherSecuritiesGrp/EOYAmt",67187,67187,"2015v2.0, 2015v2.1, 2015v3.0"
"/Return/ReturnData/IRS990ScheduleI/RecipientTable/NonCashAssistanceAmt",66784,6864,"2015v2.0, 2015v2.1, 2015v3.0"
"/Return/ReturnHeader/PreparerPersonGrp/SelfEmployedInd",66334,66334,"2015v2.0, 2015v2.1, 2015v3.0"
"/Return/ReturnData/IRS990ScheduleG/FundraisingEventInformationGrp/OtherDirectExpensesEvent1Amt",66285,66285,"2015v2.0, 2015v2.1, 2015v3.0"
"/Return/ReturnData/IRS990ScheduleR/IdRelatedOrgTxblPartnershipGrp/PredominantIncomeTypeTxt",65582,5156,"2015v2.0, 2015v2.1, 2015v3.0"
"/Return/ReturnData/IRS990/GainOrLossGrp",65344,65344,"2015v2.0, 2015v2.1, 2015v3.0"
"/Return/ReturnData/IRS990/FundraisingGrossIncomeAmt",65247,65247,"2015v2.0, 2015v2.1, 2015v3.0"
"/Return/ReturnData/IRS990ScheduleD/ExpensesNotReportedAmt",64970,64970,"2015v2.0, 2015v2.1, 2015v3.0"
"/Return/ReturnData/IRS990EZ/OtherAssetsTotalDetail/EOYAmt",64512,64512,"2015v2.0, 2015v2.1, 2015v3.0"
"/Return/ReturnData/IRS990ScheduleA/InvestmentIncomeAndUBTIGrp/CurrentTaxYearMinus1YearAmt",63975,63975,"2015v2.0, 2015v2.1, 2015v3.0"
"/Return/ReturnData/IRS990EZ/OtherAssetsTotalDetail/BOYAmt",63949,63949,"2015v2.0, 2015v2.1, 2015v3.0"
"/Return/ReturnData/IRS990/GovernmentGrantsAmt",63930,63930,"2015v2.0, 2015v2.1, 2015v3.0"
"/Return/ReturnData/IRS990EZ/InfoInScheduleOPartIIInd",63753,63753,"2015v2.0, 2015v2.1, 2015v3.0"
"/Return/ReturnData/IRS990/PaymentsToAffiliatesGrp",63723,63723,"2015v2.0, 2015v2.1, 2015v3.0"
"/Return/ReturnData/IRS990/PaymentsToAffiliatesGrp/TotalAmt",63722,63722,"2015v2.0, 2015v2.1, 2015v3.0"
"/Return/ReturnData/IRS990/DeferredRevenueGrp/EOYAmt",63673,63673,"2015v2.0, 2015v2.1, 2015v3.0"
"/Return/ReturnData/IRS990ScheduleA/InvestmentIncomeAndUBTIGrp/CurrentTaxYearMinus2YearsAmt",63544,63544,"2015v2.0, 2015v2.1, 2015v3.0"
"/Return/ReturnData/IRS990ScheduleA/InvestmentIncomeAndUBTIGrp/CurrentTaxYearAmt",63467,63467,"2015v2.0, 2015v2.1, 2015v3.0"
"/Return/ReturnData/IRS990/BenefitsToMembersGrp",63358,63358,"2015v2.0, 2015v2.1, 2015v3.0"
"/Return/ReturnData/IRS990/BenefitsToMembersGrp/TotalAmt",63358,63358,"2015v2.0, 2015v2.1, 2015v3.0"
"/Return/ReturnData/IRS990/OthNotesLoansReceivableNetGrp",63209,63209,"2015v2.0, 2015v2.1, 2015v3.0"
"/Return/ReturnData/IRS990ScheduleA/GrossInvestmentIncome509Grp/CurrentTaxYearMinus1YearAmt",63071,63071,"2015v2.0, 2015v2.1, 2015v3.0"
"/Return/ReturnData/IRS990ScheduleA/InvestmentIncomeAndUBTIGrp/CurrentTaxYearMinus3YearsAmt",63068,63068,"2015v2.0, 2015v2.1, 2015v3.0"
"/Return/ReturnData/IRS990/InvestmentsPubTradedSecGrp/BOYAmt",62826,62826,"2015v2.0, 2015v2.1, 2015v3.0"
"/Return/ReturnData/IRS990ScheduleA/AmountsRcvdDsqlfyPersonGrp",62791,62791,"2015v2.0, 2015v2.1, 2015v3.0"
"/Return/ReturnData/IRS990ScheduleA/AmountsRcvdDsqlfyPersonGrp/TotalAmt",62791,62791,"2015v2.0, 2015v2.1, 2015v3.0"
"/Return/ReturnData/IRS990/FundraisingDirectExpensesAmt",62731,62731,"2015v2.0, 2015v2.1, 2015v3.0"
"/Return/ReturnData/IRS990ScheduleA/GrossInvestmentIncome509Grp/CurrentTaxYearAmt",62726,62726,"2015v2.0, 2015v2.1, 2015v3.0"
"/Return/ReturnData/IRS990ScheduleD/FootnoteTextInd",62684,62684,"2015v2.0, 2015v2.1, 2015v3.0"
"/Return/ReturnData/IRS990ScheduleA/InvestmentIncomeAndUBTIGrp/CurrentTaxYearMinus4YearsAmt",62614,62614,"2015v2.0, 2015v2.1, 2015v3.0"
"/Return/ReturnData/IRS990ScheduleA/GrossInvestmentIncome509Grp/CurrentTaxYearMinus2YearsAmt",62506,62506,"2015v2.0, 2015v2.1, 2015v3.0"
"/Return/ReturnData/IRS990EZ/PrintingPublicationsPostageAmt",62471,62471,"2015v2.0, 2015v2.1, 2015v3.0"
"/Return/ReturnData/IRS990/DeferredRevenueGrp/BOYAmt",62412,62412,"2015v2.0, 2015v2.1, 2015v3.0"
"/Return/ReturnData/IRS990EZ/ProgramServiceRevenueAmt",62108,62108,"2015v2.0, 2015v2.1, 2015v3.0"
"/Return/ReturnData/IRS990ScheduleA/GrossInvestmentIncome509Grp/CurrentTaxYearMinus3YearsAmt",61952,61952,"2015v2.0, 2015v2.1, 2015v3.0"
"/Return/ReturnData/IRS990ScheduleR",61939,61939,"2015v2.0, 2015v2.1, 2015v3.0"
"/Return/ReturnData/IRS990ScheduleA/SubstantialContributorsAmtGrp",61723,61723,"2015v2.0, 2015v2.1, 2015v3.0"
"/Return/ReturnData/IRS990ScheduleA/SubstantialContributorsAmtGrp/TotalAmt",61722,61722,"2015v2.0, 2015v2.1, 2015v3.0"
"/Return/ReturnData/IRS990/OthNotesLoansReceivableNetGrp/EOYAmt",61632,61632,"2015v2.0, 2015v2.1, 2015v3.0"
"/Return/ReturnData/IRS990/FeesForServicesLobbyingGrp",61597,61597,"2015v2.0, 2015v2.1, 2015v3.0"
"/Return/ReturnData/IRS990/FeesForServicesLobbyingGrp/TotalAmt",61597,61597,"2015v2.0, 2015v2.1, 2015v3.0"
"/Return/ReturnData/IRS990ScheduleA/GrossInvestmentIncome509Grp/CurrentTaxYearMinus4YearsAmt",61446,61446,"2015v2.0, 2015v2.1, 2015v3.0"
"/Return/ReturnData/IRS990/FeesForServicesProfFundraising",61274,61274,"2015v2.0, 2015v2.1, 2015v3.0"
"/Return/ReturnData/IRS990/ForeignGrantsGrp",61083,61083,"2015v2.0, 2015v2.1, 2015v3.0"
"/Return/ReturnData/IRS990/ForeignGrantsGrp/TotalAmt",61083,61083,"2015v2.0, 2015v2.1, 2015v3.0"
"/Return/ReturnData/IRS990/CompDisqualPersonsGrp",60663,60663,"2015v2.0, 2015v2.1, 2015v3.0"
"/Return/ReturnData/IRS990/CompDisqualPersonsGrp/TotalAmt",60663,60663,"2015v2.0, 2015v2.1, 2015v3.0"
"/Return/ReturnData/IRS990/MortgNotesPyblScrdInvstPropGrp",60487,60487,"2015v2.0, 2015v2.1, 2015v3.0"
"/Return/ReturnData/IRS990/NetUnrlzdGainsLossesInvstAmt",60168,60168,"2015v2.0, 2015v2.1, 2015v3.0"
"/Return/ReturnData/IRS990/FeesForServicesAccountingGrp/ProgramServicesAmt",60063,60063,"2015v2.0, 2015v2.1, 2015v3.0"
"/Return/ReturnData/IRS990/ProgSrvcAccomActy2Grp/ExpenseAmt",59825,59825,"2015v2.0, 2015v2.1, 2015v3.0"
"/Return/ReturnData/IRS990ScheduleR/ReimbursementPaidToOtherOrgInd",59311,59311,"2015v2.0, 2015v2.1, 2015v3.0"
"/Return/ReturnData/IRS990ScheduleR/SharingOfFacilitiesInd",59303,59303,"2015v2.0, 2015v2.1, 2015v3.0"
"/Return/ReturnData/IRS990ScheduleI/RecipientTable/ValuationMethodUsedDesc",59300,6245,"2015v2.0, 2015v2.1, 2015v3.0"
"/Return/ReturnData/IRS990ScheduleR/GiftGrntCapContriFromOthOrgInd",59296,59296,"2015v2.0, 2015v2.1, 2015v3.0"
"/Return/ReturnData/IRS990ScheduleR/PaidEmployeesSharingInd",59291,59291,"2015v2.0, 2015v2.1, 2015v3.0"
"/Return/ReturnData/IRS990ScheduleR/GiftGrntOrCapContriToOthOrgInd",59290,59290,"2015v2.0, 2015v2.1, 2015v3.0"
"/Return/ReturnData/IRS990ScheduleR/LoansOrGuaranteesToOtherOrgInd",59287,59287,"2015v2.0, 2015v2.1, 2015v3.0"
"/Return/ReturnData/IRS990ScheduleR/LoansOrGuaranteesFromOthOrgInd",59284,59284,"2015v2.0, 2015v2.1, 2015v3.0"
"/Return/ReturnData/IRS990ScheduleR/PerformOfServicesForOthOrgInd",59284,59284,"2015v2.0, 2015v2.1, 2015v3.0"
"/Return/ReturnData/IRS990ScheduleR/TransferToOtherOrgInd",59283,59283,"2015v2.0, 2015v2.1, 2015v3.0"
"/Return/ReturnData/IRS990ScheduleR/PerformOfServicesByOtherOrgInd",59281,59281,"2015v2.0, 2015v2.1, 2015v3.0"
"/Return/ReturnData/IRS990ScheduleR/ReimbursementPaidByOtherOrgInd",59281,59281,"2015v2.0, 2015v2.1, 2015v3.0"
"/Return/ReturnData/IRS990ScheduleR/RentalOfFcltsFromOthOrgInd",59281,59281,"2015v2.0, 2015v2.1, 2015v3.0"
"/Return/ReturnData/IRS990ScheduleR/ReceiptOfIntAnntsRntsRyltsInd",59279,59279,"2015v2.0, 2015v2.1, 2015v3.0"
"/Return/ReturnData/IRS990ScheduleR/AssetPurchaseFromOtherOrgInd",59276,59276,"2015v2.0, 2015v2.1, 2015v3.0"
"/Return/ReturnData/IRS990ScheduleR/RentalOfFacilitiesToOthOrgInd",59274,59274,"2015v2.0, 2015v2.1, 2015v3.0"
"/Return/ReturnData/IRS990ScheduleR/AssetSaleToOtherOrgInd",59273,59273,"2015v2.0, 2015v2.1, 2015v3.0"
"/Return/ReturnData/IRS990ScheduleR/AssetExchangeInd",59271,59271,"2015v2.0, 2015v2.1, 2015v3.0"
"/Return/ReturnData/IRS990ScheduleR/IdRelatedOrgTxblCorpTrGrp/DirectControllingEntityName",59267,9118,"2015v2.0, 2015v2.1, 2015v3.0"
"/Return/ReturnData/IRS990ScheduleR/IdRelatedOrgTxblCorpTrGrp/DirectControllingEntityName/BusinessNameLine1Txt",59267,9118,"2015v2.0, 2015v2.1, 2015v3.0"
"/Return/ReturnData/IRS990ScheduleR/TransferFromOtherOrgInd",59263,59263,"2015v2.0, 2015v2.1, 2015v3.0"
"/Return/ReturnData/IRS990/MortgNotesPyblScrdInvstPropGrp/EOYAmt",57788,57788,"2015v2.0, 2015v2.1, 2015v3.0"
"/Return/ReturnData/IRS990ScheduleR/DivRelatedOrganizationInd",57770,57770,"2015v2.0, 2015v2.1, 2015v3.0"
"/Return/ReturnData/IRS990/IntangibleAssetsGrp",57574,57574,"2015v2.0, 2015v2.1, 2015v3.0"
"/Return/ReturnData/IRS990/MortgNotesPyblScrdInvstPropGrp/BOYAmt",57541,57541,"2015v2.0, 2015v2.1, 2015v3.0"
"/Return/ReturnData/IRS990/RoyaltiesGrp",57347,57347,"2015v2.0, 2015v2.1, 2015v3.0"
"/Return/ReturnData/IRS990/LessCostOthBasisSalesExpnssGrp",57346,57346,"2015v2.0, 2015v2.1, 2015v3.0"
"/Return/ReturnData/IRS990/RoyaltiesGrp/TotalAmt",57346,57346,"2015v2.0, 2015v2.1, 2015v3.0"
"/Return/ReturnData/IRS990/Form1098CFiledInd",57246,57246,"2015v2.0, 2015v2.1, 2015v3.0"
"/Return/ReturnData/IRS990/Form8899Filedind",56971,56971,"2015v2.0, 2015v2.1, 2015v3.0"
"/Return/ReturnData/IRS990ScheduleR/IdRelatedOrgTxblCorpTrGrp/DirectControllingNACd",56722,6734,"2015v2.0, 2015v2.1, 2015v3.0"
"/Return/ReturnData/IRS990/IntangibleAssetsGrp/EOYAmt",56597,56597,"2015v2.0, 2015v2.1, 2015v3.0"
"/Return/ReturnData/IRS990ScheduleD/RevenueNotReportedFinclStmtAmt",56591,56591,"2015v2.0, 2015v2.1, 2015v3.0"
"/Return/ReturnData/IRS990EZ/SpecialEventsNetIncomeLossAmt",56586,56586,"2015v2.0, 2015v2.1, 2015v3.0"
"/Return/ReturnData/IRS990/PymtTravelEntrtnmntPubOfclGrp",56478,56478,"2015v2.0, 2015v2.1, 2015v3.0"
"/Return/ReturnData/IRS990/PymtTravelEntrtnmntPubOfclGrp/TotalAmt",56477,56477,"2015v2.0, 2015v2.1, 2015v3.0"
"/Return/ReturnData/IRS990ScheduleA/OtherIncome170Grp",56432,56432,"2015v2.0, 2015v2.1, 2015v3.0"
"/Return/ReturnData/IRS990ScheduleA/OtherIncome170Grp/TotalAmt",56431,56431,"2015v2.0, 2015v2.1, 2015v3.0"
"/Return/ReturnData/IRS990/DAFExcessBusinessHoldingsInd",56419,56419,"2015v2.0, 2015v2.1, 2015v3.0"
"/Return/ReturnData/IRS990/Form990TFiledInd",56406,56406,"2015v2.0, 2015v2.1, 2015v3.0"
"/Return/ReturnData/IRS990/Organization501cInd",56344,56344,"2015v2.0, 2015v2.1, 2015v3.0"
"/Return/ReturnData/IRS990EZ/CostOfGoodsSoldAmt",56297,56297,"2015v2.0, 2015v2.1, 2015v3.0"
"/Return/ReturnData/IRS990ScheduleD/ExpensesNotRptFinclStmtAmt",56232,56232,"2015v2.0, 2015v2.1, 2015v3.0"
"/Return/ReturnData/IRS990/GrossAmountSalesAssetsGrp",56073,56073,"2015v2.0, 2015v2.1, 2015v3.0"
"/Return/ReturnData/IRS990ScheduleD/LeaseholdImprovementsGrp",55983,55983,"2015v2.0, 2015v2.1, 2015v3.0"
"/Return/ReturnData/IRS990/AdvertisingGrp/ManagementAndGeneralAmt",55818,55818,"2015v2.0, 2015v2.1, 2015v3.0"
"/Return/ReturnData/IRS990/TaxableDistributionsInd",55635,55635,"2015v2.0, 2015v2.1, 2015v3.0"
"/Return/ReturnData/IRS990/DistributionToDonorInd",55335,55335,"2015v2.0, 2015v2.1, 2015v3.0"
"/Return/ReturnData/IRS990EZ/OccupancyRentUtltsAndMaintAmt",54871,54871,"2015v2.0, 2015v2.1, 2015v3.0"
"/Return/ReturnData/IRS990/InvestmentsProgramRelatedGrp",54725,54725,"2015v2.0, 2015v2.1, 2015v3.0"
"/Return/ReturnData/IRS990/GrantAmt",54452,54452,"2015v2.0, 2015v2.1, 2015v3.0"
"/Return/ReturnData/IRS990ScheduleR/IdRelatedTaxExemptOrgGrp/DirectControllingNACd",54280,24650,"2015v2.0, 2015v2.1, 2015v3.0"
"/Return/ReturnData/IRS990/OrgDoesNotFollowSFAS117Ind",53872,53872,"2015v2.0, 2015v2.1, 2015v3.0"
"/Return/ReturnData/IRS990/NetIncomeFromGamingGrp",53859,53859,"2015v2.0, 2015v2.1, 2015v3.0"
"/Return/ReturnData/IRS990/NetIncomeFromGamingGrp/TotalRevenueColumnAmt",53855,53855,"2015v2.0, 2015v2.1, 2015v3.0"
"/Return/ReturnData/IRS990EZ/MembershipDuesAmt",53761,53761,"2015v2.0, 2015v2.1, 2015v3.0"
"/Return/ReturnData/IRS990/RoyaltiesRevenueGrp",53493,53493,"2015v2.0, 2015v2.1, 2015v3.0"
"/Return/ReturnData/IRS990/RoyaltiesRevenueGrp/TotalRevenueColumnAmt",53492,53492,"2015v2.0, 2015v2.1, 2015v3.0"
"/Return/ReturnData/IRS990/PayrollTaxesGrp/FundraisingAmt",53481,53481,"2015v2.0, 2015v2.1, 2015v3.0"
"/Return/ReturnData/IRS990/OfficeExpensesGrp/FundraisingAmt",53384,53384,"2015v2.0, 2015v2.1, 2015v3.0"
"/Return/ReturnData/IRS990/FeesForServicesProfFundraising/TotalAmt",53362,53362,"2015v2.0, 2015v2.1, 2015v3.0"
"/Return/ReturnData/IRS990/InvestmentsProgramRelatedGrp/EOYAmt",52796,52796,"2015v2.0, 2015v2.1, 2015v3.0"
"/Return/ReturnData/IRS990/PledgesAndGrantsReceivableGrp/BOYAmt",52573,52573,"2015v2.0, 2015v2.1, 2015v3.0"
"/Return/ReturnData/IRS990/FeesForServicesLegalGrp/ManagementAndGeneralAmt",52506,52506,"2015v2.0, 2015v2.1, 2015v3.0"
"/Return/ReturnData/IRS990EZ/CostOrOtherBasisExpenseSaleAmt",52230,52230,"2015v2.0, 2015v2.1, 2015v3.0"
"/Return/ReturnData/IRS990/ConferencesMeetingsGrp/ManagementAndGeneralAmt",52229,52229,"2015v2.0, 2015v2.1, 2015v3.0"
"/Return/ReturnData/IRS990ScheduleA/SubstantialContributorsTotAmt",52084,52084,"2015v2.0, 2015v2.1, 2015v3.0"
"/Return/ReturnData/IRS990ScheduleI",52079,52079,"2015v2.0, 2015v2.1, 2015v3.0"
"/Return/ReturnData/IRS990/OtherSalariesAndWagesGrp/FundraisingAmt",52021,52021,"2015v2.0, 2015v2.1, 2015v3.0"
"/Return/ReturnData/IRS990ScheduleG/LicensedStatesCd",51589,7558,"2015v2.0, 2015v2.1, 2015v3.0"
"/Return/ReturnData/IRS990ScheduleI/GrantRecordsMaintainedInd",51578,51578,"2015v2.0, 2015v2.1, 2015v3.0"
"/Return/ReturnData/IRS990ScheduleJ",51530,51530,"2015v2.0, 2015v2.1, 2015v3.0"
"/Return/ReturnData/IRS990/RtnEarnEndowmentIncmOthFndsGrp",51378,51378,"2015v2.0, 2015v2.1, 2015v3.0"
"/Return/ReturnData/IRS990/ReceivablesFromOfficersEtcGrp",51185,51185,"2015v2.0, 2015v2.1, 2015v3.0"
"/Return/ReturnData/IRS990/RtnEarnEndowmentIncmOthFndsGrp/EOYAmt",50997,50997,"2015v2.0, 2015v2.1, 2015v3.0"
"/Return/ReturnData/IRS990ScheduleJ/SeverancePaymentInd",50841,50841,"2015v2.0, 2015v2.1, 2015v3.0"
"/Return/ReturnData/IRS990ScheduleJ/SupplementalNonqualRtrPlanInd",50839,50839,"2015v2.0, 2015v2.1, 2015v3.0"
"/Return/ReturnData/IRS990/RtnEarnEndowmentIncmOthFndsGrp/BOYAmt",50826,50826,"2015v2.0, 2015v2.1, 2015v3.0"
"/Return/ReturnData/IRS990ScheduleJ/EquityBasedCompArrngmInd",50824,50824,"2015v2.0, 2015v2.1, 2015v3.0"
"/Return/ReturnData/IRS990/ReceivablesFromOfficersEtcGrp/EOYAmt",50602,50602,"2015v2.0, 2015v2.1, 2015v3.0"
"/Return/ReturnData/IRS990ScheduleD/OtherSecuritiesGrp",50265,21327,"2015v2.0, 2015v2.1, 2015v3.0"
"/Return/ReturnData/IRS990ScheduleA/GrossReceiptsRltdActivitiesAmt",50202,50202,"2015v2.0, 2015v2.1, 2015v3.0"
"/Return/ReturnData/IRS990ScheduleD/OtherSecuritiesGrp/Desc",50182,21261,"2015v2.0, 2015v2.1, 2015v3.0"
"/Return/ReturnData/IRS990ScheduleA/OtherIncome509Grp",50088,50088,"2015v2.0, 2015v2.1, 2015v3.0"
"/Return/ReturnData/IRS990ScheduleA/OtherIncome509Grp/TotalAmt",50086,50086,"2015v2.0, 2015v2.1, 2015v3.0"
"/Return/ReturnData/IRS990/ProgSrvcAccomActy3Grp",49542,49542,"2015v2.0, 2015v2.1, 2015v3.0"
"/Return/ReturnData/IRS990EZ/StatesWhereCopyOfReturnIsFldCd",49462,47473,"2015v2.0, 2015v2.1, 2015v3.0"
"/Return/ReturnData/IRS990/ProgSrvcAccomActy3Grp/Desc",49458,49458,"2015v2.0, 2015v2.1, 2015v3.0"
"/Return/ReturnData/IRS990/RcvblFromDisqualifiedPrsnGrp",49427,49427,"2015v2.0, 2015v2.1, 2015v3.0"
"/Return/ReturnData/IRS990/GainOrLossGrp/SecuritiesAmt",49085,49085,"2015v2.0, 2015v2.1, 2015v3.0"
"/Return/ReturnData/IRS990/IncmFromInvestBondProceedsGrp",49084,49084,"2015v2.0, 2015v2.1, 2015v3.0"
"/Return/ReturnData/IRS990/IncmFromInvestBondProceedsGrp/TotalRevenueColumnAmt",49082,49082,"2015v2.0, 2015v2.1, 2015v3.0"
"/Return/ReturnData/IRS990/RcvblFromDisqualifiedPrsnGrp/EOYAmt",48872,48872,"2015v2.0, 2015v2.1, 2015v3.0"
"/Return/ReturnData/IRS990ScheduleI/GrantsOtherAsstToIndivInUSGrp",48867,23869,"2015v2.0, 2015v2.1, 2015v3.0"
"/Return/ReturnData/IRS990ScheduleI/GrantsOtherAsstToIndivInUSGrp/GrantTypeTxt",48694,23800,"2015v2.0, 2015v2.1, 2015v3.0"
"/Return/ReturnData/IRS990ScheduleD/LeaseholdImprovementsGrp/BookValueAmt",48646,48646,"2015v2.0, 2015v2.1, 2015v3.0"
"/Return/ReturnData/IRS990ScheduleD/LeaseholdImprovementsGrp/DepreciationAmt",47878,47878,"2015v2.0, 2015v2.1, 2015v3.0"
"/Return/ReturnData/IRS990/InvestmentIncomeGrp/RelatedOrExemptFuncIncomeAmt",47822,47822,"2015v2.0, 2015v2.1, 2015v3.0"
"/Return/ReturnData/IRS990/InventoriesForSaleOrUseGrp/BOYAmt",47029,47029,"2015v2.0, 2015v2.1, 2015v3.0"
"/Return/ReturnData/IRS990ScheduleF/GrantsToOrgOutsideUSGrp",46230,5535,"2015v2.0, 2015v2.1, 2015v3.0"
"/Return/ReturnData/IRS990/InformationTechnologyGrp/ProgramServicesAmt",46091,46091,"2015v2.0, 2015v2.1, 2015v3.0"
"/Return/ReturnData/IRS990ScheduleD/LeaseholdImprovementsGrp/OtherCostOrOtherBasisAmt",45998,45998,"2015v2.0, 2015v2.1, 2015v3.0"
"/Return/ReturnData/IRS990/NetIncmFromFundraisingEvtGrp/ExclusionAmt",45978,45978,"2015v2.0, 2015v2.1, 2015v3.0"
"/Return/ReturnData/IRS990EZ/InfoInScheduleOPartVInd",45851,45851,"2015v2.0, 2015v2.1, 2015v3.0"
"/Return/ReturnData/IRS990ScheduleA/SubstAndDsqlfyPrsnsTotGrp",45805,45805,"2015v2.0, 2015v2.1, 2015v3.0"
"/Return/ReturnData/IRS990ScheduleA/SubstAndDsqlfyPrsnsTotGrp/TotalAmt",45805,45805,"2015v2.0, 2015v2.1, 2015v3.0"
"/Return/ReturnData/IRS990/RentalIncomeOrLossGrp",45587,45587,"2015v2.0, 2015v2.1, 2015v3.0"
"/Return/ReturnData/IRS990/InformationTechnologyGrp/ManagementAndGeneralAmt",45299,45299,"2015v2.0, 2015v2.1, 2015v3.0"
"/Return/ReturnData/IRS990EZ/InfoInScheduleOPartIIIInd",45209,45209,"2015v2.0, 2015v2.1, 2015v3.0"
"/Return/ReturnData/IRS990/ProgSrvcAccomActyOtherGrp",45156,32575,"2015v2.0, 2015v2.1, 2015v3.0"
"/Return/ReturnData/IRS990ScheduleI/RecipientTable/NonCashAssistanceDesc",45140,3763,"2015v2.0, 2015v2.1, 2015v3.0"
"/Return/ReturnData/IRS990ScheduleF/GrantsToOrgOutsideUSGrp/RegionTxt",45026,4982,"2015v2.0, 2015v2.1, 2015v3.0"
"/Return/ReturnData/IRS990ScheduleF/GrantsToOrgOutsideUSGrp/PurposeOfGrantTxt",44901,5395,"2015v2.0, 2015v2.1, 2015v3.0"
"/Return/ReturnData/IRS990/PensionPlanContributionsGrp/ProgramServicesAmt",44709,44709,"2015v2.0, 2015v2.1, 2015v3.0"
"/Return/ReturnData/IRS990/InterestGrp/ProgramServicesAmt",44691,44691,"2015v2.0, 2015v2.1, 2015v3.0"
"/Return/ReturnData/IRS990/RentalIncomeOrLossGrp/RealAmt",44672,44672,"2015v2.0, 2015v2.1, 2015v3.0"
"/Return/ReturnData/IRS990/InvestTaxExemptBondsInd",44641,44641,"2015v2.0, 2015v2.1, 2015v3.0"
"/Return/ReturnData/IRS990/EscrowAccountInd",44617,44617,"2015v2.0, 2015v2.1, 2015v3.0"
"/Return/ReturnData/IRS990/OnBehalfOfIssuerInd",44573,44573,"2015v2.0, 2015v2.1, 2015v3.0"
"/Return/ReturnData/IRS990/AllOtherExpensesGrp/FundraisingAmt",44291,44291,"2015v2.0, 2015v2.1, 2015v3.0"
"/Return/ReturnData/IRS990ScheduleI/GrantsOtherAsstToIndivInUSGrp/RecipientCnt",44237,22066,"2015v2.0, 2015v2.1, 2015v3.0"
"/Return/ReturnData/IRS990/Form990PartVIISectionAGrp/KeyEmployeeInd",43954,21256,"2015v2.0, 2015v2.1, 2015v3.0"
"/Return/ReturnData/IRS990/LessCostOthBasisSalesExpnssGrp/SecuritiesAmt",43449,43449,"2015v2.0, 2015v2.1, 2015v3.0"
"/Return/ReturnData/IRS990/GrossAmountSalesAssetsGrp/SecuritiesAmt",43385,43385,"2015v2.0, 2015v2.1, 2015v3.0"
"/Return/ReturnData/IRS990/CompCurrentOfcrDirectorsGrp/FundraisingAmt",43297,43297,"2015v2.0, 2015v2.1, 2015v3.0"
"/Return/ReturnData/IRS990/ProgSrvcAccomActyOtherGrp/Desc",43231,30669,"2015v2.1, 2015v3.0"
"/Return/ReturnData/IRS990/GrantsToDomesticOrgsGrp/ProgramServicesAmt",43171,43171,"2015v2.0, 2015v2.1, 2015v3.0"
"/Return/ReturnData/IRS990ScheduleG/FundraisingEventInformationGrp/Event2Nm",43005,43005,"2015v2.0, 2015v2.1, 2015v3.0"
"/Return/ReturnData/IRS990ScheduleF/GrantsToOrgOutsideUSGrp/CashGrantAmt",42899,5063,"2015v2.0, 2015v2.1, 2015v3.0"
"/Return/ReturnData/IRS990ScheduleI/GrantsOtherAsstToIndivInUSGrp/CashGrantAmt",42622,21226,"2015v2.0, 2015v2.1, 2015v3.0"
"/Return/ReturnData/IRS990EZ/OtherChangesInNetAssetsAmt",42594,42594,"2015v2.0, 2015v2.1, 2015v3.0"
"/Return/ReturnData/IRS990ScheduleA/Form990ScheduleAPartVIGrp",42255,34296,"2015v2.0, 2015v2.1, 2015v3.0"
"/Return/ReturnData/IRS990ScheduleA/Form990ScheduleAPartVIGrp/FormAndLineReferenceDesc",42214,34290,"2015v2.0, 2015v2.1, 2015v3.0"
"/Return/ReturnData/IRS990/Form990PartVIISectionAGrp/BusinessName",42005,4135,"2015v2.0, 2015v2.1, 2015v3.0"
"/Return/ReturnData/IRS990/Form990PartVIISectionAGrp/BusinessName/BusinessNameLine1Txt",42005,4135,"2015v2.0, 2015v2.1, 2015v3.0"
"/Return/ReturnData/IRS990/InfoInScheduleOPartXIIInd",41905,41905,"2015v2.0, 2015v2.1, 2015v3.0"
"/Return/ReturnData/IRS990ScheduleA/Form990ScheduleAPartVIGrp/ExplanationTxt",41745,33844,"2015v2.0, 2015v2.1, 2015v3.0"
"/Return/ReturnData/IRS990/MembershipDuesAmt",41608,41608,"2015v2.0, 2015v2.1, 2015v3.0"
"/Return/ReturnData/IRS990ScheduleG/FundraisingEventInformationGrp/GrossReceiptsEvent2Amt",41583,41583,"2015v2.0, 2015v2.1, 2015v3.0"
"/Return/ReturnData/IRS990/ProgSrvcAccomActy3Grp/ExpenseAmt",41441,41441,"2015v2.0, 2015v2.1, 2015v3.0"
"/Return/ReturnData/IRS990ScheduleJ/CompBasedOnRevenueOfFlngOrgInd",41210,41210,"2015v2.0, 2015v2.1, 2015v3.0"
"/Return/ReturnData/IRS990ScheduleJ/CompBsdNetEarnsFlngOrgInd",41206,41206,"2015v2.0, 2015v2.1, 2015v3.0"
"/Return/ReturnData/IRS990ScheduleJ/CompBsdNetEarnsRltdOrgsInd",41202,41202,"2015v2.0, 2015v2.1, 2015v3.0"
"/Return/ReturnData/IRS990ScheduleJ/CompBsdOnRevRelatedOrgsInd",41195,41195,"2015v2.0, 2015v2.1, 2015v3.0"
"/Return/ReturnData/IRS990/FundraisingAmt",41151,41151,"2015v2.0, 2015v2.1, 2015v3.0"
"/Return/ReturnData/IRS990ScheduleJ/AnyNonFixedPaymentsInd",41077,41077,"2015v2.0, 2015v2.1, 2015v3.0"
"/Return/ReturnData/IRS990ScheduleJ/InitialContractExceptionInd",41060,41060,"2015v2.0, 2015v2.1, 2015v3.0"
"/Return/ReturnData/IRS990/PensionPlanContributionsGrp/ManagementAndGeneralAmt",40454,40454,"2015v2.0, 2015v2.1, 2015v3.0"
"/Return/ReturnData/IRS990/OtherEmployeeBenefitsGrp/FundraisingAmt",40141,40141,"2015v2.0, 2015v2.1, 2015v3.0"
"/Return/ReturnData/IRS990ScheduleF/GrantsToOrgOutsideUSGrp/MannerOfCashDisbursementTxt",39874,4598,"2015v2.0, 2015v2.1, 2015v3.0"
"/Return/ReturnData/IRS990EZ/SalariesOtherCompEmplBnftAmt",39852,39852,"2015v2.0, 2015v2.1, 2015v3.0"
"/Return/ReturnData/IRS990/InfoInScheduleOPartIXInd",39744,39744,"2015v2.0, 2015v2.1, 2015v3.0"
"/Return/ReturnData/IRS990/ContriRptFundraisingEventAmt",39322,39322,"2015v2.0, 2015v2.1, 2015v3.0"
"/Return/ReturnData/IRS990ScheduleA/GrossReceiptsNonUnrltBusGrp",38937,38937,"2015v2.0, 2015v2.1, 2015v3.0"
"/Return/ReturnData/IRS990ScheduleA/GrossReceiptsNonUnrltBusGrp/TotalAmt",38917,38917,"2015v2.0, 2015v2.1, 2015v3.0"
"/Return/ReturnData/IRS990ScheduleG/FundraisingEventInformationGrp/GrossRevenueEvent2Amt",38914,38914,"2015v2.0, 2015v2.1, 2015v3.0"
"/Return/ReturnData/IRS990/NoncashContributionsAmt",38865,38865,"2015v2.0, 2015v2.1, 2015v3.0"
"/Return/ReturnData/IRS990/InterestGrp/ManagementAndGeneralAmt",38838,38838,"2015v2.0, 2015v2.1, 2015v3.0"
"/Return/ReturnData/IRS990/OtherRevenueMiscGrp/ExclusionAmt",38834,27485,"2015v2.0, 2015v2.1, 2015v3.0"
"/Return/ReturnData/IRS990/NetGainOrLossInvestmentsGrp/ExclusionAmt",38743,38743,"2015v2.0, 2015v2.1, 2015v3.0"
"/Return/ReturnData/IRS990/OccupancyGrp/FundraisingAmt",37940,37940,"2015v2.0, 2015v2.1, 2015v3.0"
"/Return/ReturnData/IRS990/AllAffiliatesIncludedInd",37685,37685,"2015v2.0, 2015v2.1, 2015v3.0"
"/Return/ReturnData/IRS990/LicensedMoreThanOneStateInd",37357,37357,"2015v2.0, 2015v2.1, 2015v3.0"
"/Return/ReturnData/IRS990/PermanentlyRstrNetAssetsGrp",37226,37226,"2015v2.0, 2015v2.1, 2015v3.0"
"/Return/ReturnData/IRS990/PermanentlyRstrNetAssetsGrp/EOYAmt",36855,36855,"2015v2.0, 2015v2.1, 2015v3.0"
"/Return/ReturnData/IRS990ScheduleD/OtherSecuritiesGrp/BookValueAmt",36828,15056,"2015v2.0, 2015v2.1, 2015v3.0"
"/Return/ReturnData/IRS990ScheduleD/OtherSecuritiesGrp/MethodValuationCd",36724,14840,"2015v2.0, 2015v2.1, 2015v3.0"
"/Return/ReturnData/IRS990/PermanentlyRstrNetAssetsGrp/BOYAmt",36425,36425,"2015v2.0, 2015v2.1, 2015v3.0"
"/Return/ReturnData/IRS990ScheduleA/NetIncomeFromOtherUBIGrp",36411,36411,"2015v2.0, 2015v2.1, 2015v3.0"
"/Return/ReturnData/IRS990/OrgFiledInLieuOfForm1041Ind",36356,36356,"2015v2.0, 2015v2.1, 2015v3.0"
"/Return/ReturnData/IRS990ScheduleA/NetIncomeFromOtherUBIGrp/TotalAmt",36354,36354,"2015v2.0, 2015v2.1, 2015v3.0"
"/Return/ReturnData/IRS990/ProgSrvcAccomActyOtherGrp/ExpenseAmt",36181,25440,"2015v2.0, 2015v2.1, 2015v3.0"
"/Return/ReturnData/IRS990EZ/LandAndBuildingsGrp",36113,36113,"2015v2.0, 2015v2.1, 2015v3.0"
"/Return/ReturnData/IRS990ScheduleJ/SupplementalInformationDetail",35980,21599,"2015v2.0, 2015v2.1, 2015v3.0"
"/Return/ReturnData/IRS990ScheduleJ/SupplementalInformationDetail/FormAndLineReferenceDesc",35975,21599,"2015v2.0, 2015v2.1, 2015v3.0"
"/Return/ReturnData/IRS990EZ/LandAndBuildingsGrp/EOYAmt",35716,35716,"2015v2.0, 2015v2.1, 2015v3.0"
"/Return/ReturnData/IRS990ScheduleJ/SupplementalInformationDetail/ExplanationTxt",35711,21382,"2015v2.0, 2015v2.1, 2015v3.0"
"/Return/ReturnData/IRS990EZ/LandAndBuildingsGrp/BOYAmt",35447,35447,"2015v2.0, 2015v2.1, 2015v3.0"
"/Return/ReturnData/IRS990ScheduleI/SupplementalInformationDetail",35251,32183,"2015v2.0, 2015v2.1, 2015v3.0"
"/Return/ReturnData/IRS990ScheduleI/SupplementalInformationDetail/FormAndLineReferenceDesc",35245,32182,"2015v2.0, 2015v2.1, 2015v3.0"
"/Return/ReturnData/IRS990ScheduleI/SupplementalInformationDetail/ExplanationTxt",35219,32172,"2015v2.0, 2015v2.1, 2015v3.0"
"/Return/ReturnData/IRS990EZ/GrantsAndSimilarAmountsPaidAmt",34931,34931,"2015v2.0, 2015v2.1, 2015v3.0"
"/Return/ReturnData/IRS990/TravelGrp/FundraisingAmt",34706,34706,"2015v2.0, 2015v2.1, 2015v3.0"
"/Return/ReturnData/IRS990ScheduleL/BusTrInvolveInterestedPrsnGrp",34643,17132,"2015v2.0, 2015v2.1, 2015v3.0"
"/Return/ReturnData/IRS990ScheduleL/BusTrInvolveInterestedPrsnGrp/SharingOfRevenuesInd",34450,17056,"2015v2.0, 2015v2.1, 2015v3.0"
"/Return/ReturnData/IRS990/InvestmentsOtherSecuritiesGrp/BOYAmt",34384,34384,"2015v2.0, 2015v2.1, 2015v3.0"
"/Return/ReturnData/IRS990/AdvertisingGrp/FundraisingAmt",34250,34250,"2015v2.0, 2015v2.1, 2015v3.0"
"/Return/ReturnData/IRS990EZ/GrossProfitLossSlsOfInvntryAmt",34075,34075,"2015v2.0, 2015v2.1, 2015v3.0"
"/Return/ReturnData/IRS990ScheduleG/FundraisingEventInformationGrp/OtherDirectExpensesEvent2Amt",34073,34073,"2015v2.0, 2015v2.1, 2015v3.0"
"/Return/ReturnData/IRS990/InsuranceGrp/FundraisingAmt",34021,34021,"2015v2.0, 2015v2.1, 2015v3.0"
"/Return/ReturnData/IRS990/GrossRentsGrp",33864,33864,"2015v2.0, 2015v2.1, 2015v3.0"
"/Return/ReturnData/IRS990ScheduleD/NetUnrealizedGainsInvstAmt",33584,33584,"2015v2.0, 2015v2.1, 2015v3.0"
"/Return/ReturnData/IRS990ScheduleF/AccountActivitiesOutsideUSGrp",33497,9593,"2015v2.0, 2015v2.1, 2015v3.0"
"/Return/ReturnData/IRS990/TotalOtherProgSrvcExpenseAmt",33481,33481,"2015v2.0, 2015v2.1, 2015v3.0"
"/Return/ReturnData/IRS990ScheduleL/BusTrInvolveInterestedPrsnGrp/NameOfInterested",33414,17067,"2015v2.0, 2015v2.1, 2015v3.0"
"/Return/ReturnData/IRS990ScheduleF/AccountActivitiesOutsideUSGrp/RegionTxt",33358,9586,"2015v2.0, 2015v2.1, 2015v3.0"
"/Return/ReturnData/IRS990ScheduleL/BusTrInvolveInterestedPrsnGrp/RelationshipDescriptionTxt",33356,16904,"2015v2.0, 2015v2.1, 2015v3.0"
"/Return/ReturnData/IRS990ScheduleA/Post1975UBTIGrp",33324,33324,"2015v2.0, 2015v2.1, 2015v3.0"
"/Return/ReturnData/IRS990ScheduleA/Post1975UBTIGrp/TotalAmt",33298,33298,"2015v2.0, 2015v2.1, 2015v3.0"
"/Return/ReturnData/IRS990ScheduleF/AccountActivitiesOutsideUSGrp/TypeOfActivitiesConductedTxt",33260,9515,"2015v2.0, 2015v2.1, 2015v3.0"
"/Return/ReturnData/IRS990ScheduleD/CYMinus3YrEndwmtFundGrp",33152,33152,"2015v2.0, 2015v2.1, 2015v3.0"
"/Return/ReturnData/IRS990ScheduleG/FundraisingEventInformationGrp/CharitableContributionsTotAmt",33111,33111,"2015v2.0, 2015v2.1, 2015v3.0"
"/Return/ReturnData/IRS990/GrossRentsGrp/RealAmt",32895,32895,"2015v2.0, 2015v2.1, 2015v3.0"
"/Return/ReturnData/IRS990ScheduleD/TotalBookValueOtherAssetsAmt",32741,32741,"2015v2.0, 2015v2.1, 2015v3.0"
"/Return/ReturnData/IRS990ScheduleD/CYMinus4YrEndwmtFundGrp",32353,32353,"2015v2.0, 2015v2.1, 2015v3.0"
"/Return/ReturnData/IRS990ScheduleF/AccountActivitiesOutsideUSGrp/RegionTotalExpendituresAmt",32213,9165,"2015v2.0, 2015v2.1, 2015v3.0"
"/Return/ReturnData/IRS990/ProgSrvcAccomActy2Grp/RevenueAmt",32193,32193,"2015v2.0, 2015v2.1, 2015v3.0"
"/Return/ReturnData/IRS990/InfoInScheduleOPartXIInd",32097,32097,"2015v2.0, 2015v2.1, 2015v3.0"
"/Return/ReturnData/IRS990/GainOrLossGrp/OtherAmt",31872,31872,"2015v2.0, 2015v2.1, 2015v3.0"
"/Return/ReturnData/IRS990EZ/DirectIndirectPltclExpendAmt",31847,31847,"2015v2.0, 2015v2.1, 2015v3.0"
"/Return/ReturnData/IRS990ScheduleG/FundraisingEventInformationGrp/CharitableContriEvent1Amt",31838,31838,"2015v2.0, 2015v2.1, 2015v3.0"
"/Return/ReturnData/IRS990ScheduleA/UnrelatedBusinessNetIncm170Grp",31793,31793,"2015v2.0, 2015v2.1, 2015v3.0"
"/Return/ReturnData/IRS990/GrantsToDomesticIndividualsGrp/ProgramServicesAmt",31790,31790,"2015v2.0, 2015v2.1, 2015v3.0"
"/Return/ReturnData/IRS990ScheduleA/UnrelatedBusinessNetIncm170Grp/TotalAmt",31699,31699,"2015v2.0, 2015v2.1, 2015v3.0"
"/Return/ReturnData/IRS990EZ/InitiationFeesAndCapContriAmt",31622,31622,"2015v2.0, 2015v2.1, 2015v3.0"
"/Return/ReturnData/IRS990EZ/GrossReceiptsForPublicUseAmt",31455,31455,"2015v2.0, 2015v2.1, 2015v3.0"
"/Return/ReturnData/IRS990ScheduleA/SupportedOrgInformationGrp",31313,16030,"2015v2.0, 2015v2.1, 2015v3.0"
"/Return/ReturnData/IRS990ScheduleA/SupportedOrgInformationGrp/EIN",31313,16030,"2015v2.0, 2015v2.1, 2015v3.0"
"/Return/ReturnData/IRS990ScheduleA/SupportedOrgInformationGrp/GoverningDocumentListedInd",31313,16030,"2015v2.0, 2015v2.1, 2015v3.0"
"/Return/ReturnData/IRS990ScheduleA/SupportedOrgInformationGrp/OrganizationTypeCd",31313,16030,"2015v2.0, 2015v2.1, 2015v3.0"
"/Return/ReturnData/IRS990ScheduleA/SupportedOrgInformationGrp/OtherSupportAmt",31313,16030,"2015v2.0, 2015v2.1, 2015v3.0"
"/Return/ReturnData/IRS990ScheduleA/SupportedOrgInformationGrp/SupportAmt",31313,16030,"2015v2.0, 2015v2.1, 2015v3.0"
"/Return/ReturnData/IRS990ScheduleA/SupportedOrgInformationGrp/SupportedOrganizationName",31313,16030,"2015v2.0, 2015v2.1, 2015v3.0"
"/Return/ReturnData/IRS990ScheduleA/SupportedOrgInformationGrp/SupportedOrganizationName/BusinessNameLine1Txt",31313,16030,"2015v2.0, 2015v2.1, 2015v3.0"
"/Return/ReturnData/IRS990EZ/OtherRevenueTotalAmt",31207,31207,"2015v2.0, 2015v2.1, 2015v3.0"
"/Return/ReturnData/IRS990EZ/Organization501cInd",31149,31149,"2015v2.0, 2015v2.1, 2015v3.0"
"/Return/ReturnData/IRS990ScheduleA/OtherIncome170Grp/CurrentTaxYearAmt",31138,31138,"2015v2.0, 2015v2.1, 2015v3.0"
"/Return/ReturnData/IRS990/DepreciationDepletionGrp/FundraisingAmt",31134,31134,"2015v2.0, 2015v2.1, 2015v3.0"
"/Return/ReturnData/IRS990/FeesForServicesLegalGrp/ProgramServicesAmt",31100,31100,"2015v2.0, 2015v2.1, 2015v3.0"
"/Return/ReturnData/IRS990/GrossSalesOfInventoryAmt",30937,30937,"2015v2.0, 2015v2.1, 2015v3.0"
"/Return/ReturnData/IRS990ScheduleA/OtherIncome170Grp/CurrentTaxYearMinus1YearAmt",30931,30931,"2015v2.0, 2015v2.1, 2015v3.0"
"/Return/ReturnData/IRS990ScheduleL/BusTrInvolveInterestedPrsnGrp/TransactionDesc",30850,16699,"2015v2.0, 2015v2.1, 2015v3.0"
"/Return/ReturnData/IRS990/FeesForServicesOtherGrp/FundraisingAmt",30770,30770,"2015v2.0, 2015v2.1, 2015v3.0"
"/Return/ReturnData/IRS990/OtherWebsiteInd",30379,30379,"2015v2.0, 2015v2.1, 2015v3.0"
"/Return/ReturnData/IRS990ScheduleA/OtherIncome170Grp/CurrentTaxYearMinus2YearsAmt",30281,30281,"2015v2.0, 2015v2.1, 2015v3.0"
"/Return/ReturnData/IRS990ScheduleJ/BoardOrCommitteeApprovalInd",30022,30022,"2015v2.0, 2015v2.1, 2015v3.0"
"/Return/ReturnData/IRS990ScheduleG/FundraisingEventInformationGrp/FoodAndBeverageTotalEventsAmt",29943,29943,"2015v2.0, 2015v2.1, 2015v3.0"
"/Return/ReturnData/IRS990ScheduleM/OtherNonCashContriTableGrp",29665,13857,"2015v2.0, 2015v2.1, 2015v3.0"
"/Return/ReturnData/IRS990ScheduleA/OtherIncome170Grp/CurrentTaxYearMinus3YearsAmt",29569,29569,"2015v2.0, 2015v2.1, 2015v3.0"
"/Return/ReturnData/IRS990EZ/OrganizationFiled990TInd",29536,29536,"2015v2.0, 2015v2.1, 2015v3.0"
"/Return/ReturnData/IRS990ScheduleM/OtherNonCashContriTableGrp/NoncashContributionsRptF990Amt",29485,13790,"2015v2.0, 2015v2.1, 2015v3.0"
"/Return/ReturnData/IRS990ScheduleH/SupplementalInformationDetail",29463,2379,"2015v2.0, 2015v2.1, 2015v3.0"
"/Return/ReturnData/IRS990ScheduleH/SupplementalInformationDetail/FormAndLineReferenceDesc",29463,2379,"2015v2.0, 2015v2.1, 2015v3.0"
"/Return/ReturnData/IRS990ScheduleH/SupplementalInformationDetail/ExplanationTxt",29452,2379,"2015v2.0, 2015v2.1, 2015v3.0"
"/Return/ReturnData/IRS990EZ/Form720FiledInd",29407,29407,"2015v2.0, 2015v2.1, 2015v3.0"
"/Return/ReturnData/IRS990ScheduleD/EndowmentsHeldUnrelatedOrgInd",29282,29282,"2015v2.0, 2015v2.1, 2015v3.0"
"/Return/ReturnData/IRS990ScheduleD/EndowmentsHeldRelatedOrgInd",29156,29156,"2015v2.0, 2015v2.1, 2015v3.0"
"/Return/ReturnData/IRS990/CostOfGoodsSoldAmt",29155,29155,"2015v2.0, 2015v2.1, 2015v3.0"
"/Return/ReturnData/IRS990EZ/TaxImposedUnderIRC4911Amt",29099,29099,"2015v2.0, 2015v2.1, 2015v3.0"
"/Return/ReturnData/IRS990EZ/TaxImposedUnderIRC4955Amt",29017,29017,"2015v2.0, 2015v2.1, 2015v3.0"
"/Return/ReturnData/IRS990EZ/TaxImposedUnderIRC4912Amt",29011,29011,"2015v2.0, 2015v2.1, 2015v3.0"
"/Return/ReturnData/IRS990ScheduleC",28884,28884,"2015v2.0, 2015v2.1, 2015v3.0"
"/Return/ReturnData/IRS990ScheduleD/OtherExpensesIncludedAmt",28791,28791,"2015v2.0, 2015v2.1, 2015v3.0"
"/Return/ReturnData/IRS990ScheduleD/CYEndwmtFundGrp",28784,28784,"2015v2.0, 2015v2.1, 2015v3.0"
"/Return/ReturnData/IRS990ScheduleA/OtherIncome170Grp/CurrentTaxYearMinus4YearsAmt",28649,28649,"2015v2.0, 2015v2.1, 2015v3.0"
"/Return/ReturnData/IRS990ScheduleA/GovtFurnSrvcFcltsVl170Grp",28479,28479,"2015v2.0, 2015v2.1, 2015v3.0"
"/Return/ReturnData/IRS990ScheduleD/CYEndwmtFundGrp/EndYearBalanceAmt",28448,28448,"2015v2.0, 2015v2.1, 2015v3.0"
"/Return/ReturnData/IRS990ScheduleM/OtherNonCashContriTableGrp/ContributionCnt",28448,13309,"2015v2.0, 2015v2.1, 2015v3.0"
"/Return/ReturnData/IRS990ScheduleA/GovtFurnSrvcFcltsVl170Grp/TotalAmt",28443,28443,"2015v2.0, 2015v2.1, 2015v3.0"
"/Return/ReturnData/IRS990ScheduleM/OtherNonCashContriTableGrp/Desc",28433,12752,"2015v2.0, 2015v2.1, 2015v3.0"
"/Return/ReturnData/IRS990ScheduleD/CYMinus1YrEndwmtFundGrp",28426,28426,"2015v2.0, 2015v2.1, 2015v3.0"
"/Return/ReturnData/IRS990ScheduleD/CYMinus1YrEndwmtFundGrp/EndYearBalanceAmt",28220,28220,"2015v2.0, 2015v2.1, 2015v3.0"
"/Return/ReturnData/IRS990ScheduleM/OtherNonCashContriTableGrp/NonCashCheckboxInd",28196,13287,"2015v2.0, 2015v2.1, 2015v3.0"
"/Return/ReturnData/IRS990/Form8282FiledCnt",28171,28171,"2015v2.0, 2015v2.1, 2015v3.0"
"/Return/ReturnData/IRS990ScheduleD/CYEndwmtFundGrp/BeginningYearBalanceAmt",28167,28167,"2015v2.0, 2015v2.1, 2015v3.0"
"/Return/ReturnData/IRS990EZ/BooksInCareOfDetail/BusinessName",28089,28089,"2015v2.0, 2015v2.1, 2015v3.0"
"/Return/ReturnData/IRS990EZ/BooksInCareOfDetail/BusinessName/BusinessNameLine1Txt",28089,28089,"2015v2.0, 2015v2.1, 2015v3.0"
"/Return/ReturnData/IRS990EZ/GainOrLossFromSaleOfAssetsAmt",27986,27986,"2015v2.0, 2015v2.1, 2015v3.0"
"/Return/ReturnData/IRS990/OthNotesLoansReceivableNetGrp/BOYAmt",27896,27896,"2015v2.0, 2015v2.1, 2015v3.0"
"/Return/ReturnData/IRS990ScheduleA/TaxRevLeviedOrgnztnlBnft170Grp",27737,27737,"2015v2.0, 2015v2.1, 2015v3.0"
"/Return/ReturnData/IRS990ScheduleD/CYMinus2YrEndwmtFundGrp",27735,27735,"2015v2.0, 2015v2.1, 2015v3.0"
"/Return/ReturnData/IRS990ScheduleA/TaxRevLeviedOrgnztnlBnft170Grp/TotalAmt",27694,27694,"2015v2.0, 2015v2.1, 2015v3.0"
"/Return/ReturnData/IRS990ScheduleD/CYMinus1YrEndwmtFundGrp/BeginningYearBalanceAmt",27609,27609,"2015v2.0, 2015v2.1, 2015v3.0"
"/Return/ReturnData/IRS990ScheduleD/CYMinus2YrEndwmtFundGrp/EndYearBalanceAmt",27530,27530,"2015v2.0, 2015v2.1, 2015v3.0"
"/Return/ReturnData/IRS990ScheduleA/GovtFurnSrvcFcltsVl509Grp",27504,27504,"2015v2.0, 2015v2.1, 2015v3.0"
"/Return/ReturnData/IRS990ScheduleA/GovtFurnSrvcFcltsVl509Grp/TotalAmt",27473,27473,"2015v2.0, 2015v2.1, 2015v3.0"
"/Return/ReturnData/IRS990/AcctCompileOrReviewBasisGrp",27443,27443,"2015v2.0, 2015v2.1, 2015v3.0"
"/Return/ReturnData/IRS990ScheduleR/IdRelatedOrgTxblCorpTrGrp/OwnershipPct",27427,6306,"2015v2.0, 2015v2.1, 2015v3.0"
"/Return/ReturnData/IRS990ScheduleA/TaxRevLeviedOrgnztnlBnft509Grp",27381,27381,"2015v2.0, 2015v2.1, 2015v3.0"
"/Return/ReturnData/IRS990ScheduleA/TaxRevLeviedOrgnztnlBnft509Grp/TotalAmt",27344,27344,"2015v2.0, 2015v2.1, 2015v3.0"
"/Return/ReturnData/IRS990ScheduleD/OtherRevenueAmt",27326,27326,"2015v2.0, 2015v2.1, 2015v3.0"
"/Return/ReturnData/IRS990ScheduleL/BusTrInvolveInterestedPrsnGrp/TransactionAmt",27174,14826,"2015v2.0, 2015v2.1, 2015v3.0"
"/Return/ReturnData/IRS990ScheduleL",26960,26960,"2015v2.0, 2015v2.1, 2015v3.0"
"/Return/ReturnData/IRS990EZ/MethodOfAccountingAccrualInd",26956,26956,"2015v2.0, 2015v2.1, 2015v3.0"
"/Return/ReturnData/IRS990ScheduleD/CYMinus2YrEndwmtFundGrp/BeginningYearBalanceAmt",26909,26909,"2015v2.0, 2015v2.1, 2015v3.0"
"/Return/ReturnData/IRS990ScheduleG/FundraisingEventInformationGrp/OtherEventsTotalCnt",26863,26863,"2015v2.0, 2015v2.1, 2015v3.0"
"/Return/ReturnData/IRS990ScheduleG/FundraisingEventInformationGrp/FoodAndBeverageEvent1Amt",26752,26752,"2015v2.0, 2015v2.1, 2015v3.0"
"/Return/ReturnData/IRS990ScheduleD/CYMinus3YrEndwmtFundGrp/EndYearBalanceAmt",26750,26750,"2015v2.0, 2015v2.1, 2015v3.0"
"/Return/ReturnData/IRS990/CapStkTrPrinCurrentFundsGrp",26513,26513,"2015v2.0, 2015v2.1, 2015v3.0"
"/Return/ReturnData/IRS990ScheduleG/FundraisingEventInformationGrp/RentFcltyCostsTotalEventsAmt",26414,26414,"2015v2.0, 2015v2.1, 2015v3.0"
"/Return/ReturnData/IRS990/CapStkTrPrinCurrentFundsGrp/BOYAmt",26387,26387,"2015v2.0, 2015v2.1, 2015v3.0"
"/Return/ReturnData/IRS990/CapStkTrPrinCurrentFundsGrp/EOYAmt",26283,26283,"2015v2.0, 2015v2.1, 2015v3.0"
"/Return/ReturnData/IRS990ScheduleM/OtherNonCashContriTableGrp/MethodOfDeterminingRevenuesTxt",26177,11594,"2015v2.0, 2015v2.1, 2015v3.0"
"/Return/ReturnData/IRS990ScheduleD/CYMinus3YrEndwmtFundGrp/BeginningYearBalanceAmt",26125,26125,"2015v2.0, 2015v2.1, 2015v3.0"
"/Return/ReturnData/IRS990/FSAuditedBasisGrp/ConsolidatedBasisFinclStmtInd",25985,25985,"2015v2.0, 2015v2.1, 2015v3.0"
"/Return/ReturnData/IRS990/UnsecuredNotesLoansPayableGrp",25955,25955,"2015v2.0, 2015v2.1, 2015v3.0"
"/Return/ReturnData/IRS990ScheduleD/CYMinus4YrEndwmtFundGrp/EndYearBalanceAmt",25931,25931,"2015v2.0, 2015v2.1, 2015v3.0"
"/Return/ReturnData/IRS990EZ/TaxImposedOnOrganizationMgrAmt",25796,25796,"2015v2.0, 2015v2.1, 2015v3.0"
"/Return/ReturnData/IRS990EZ/TaxReimbursedByOrganizationAmt",25767,25767,"2015v2.0, 2015v2.1, 2015v3.0"
"/Return/ReturnData/IRS990ScheduleD/CYMinus4YrEndwmtFundGrp/BeginningYearBalanceAmt",25277,25277,"2015v2.0, 2015v2.1, 2015v3.0"
"/Return/ReturnData/IRS990ScheduleF/AccountActivitiesOutsideUSGrp/SpecificServicesProvidedTxt",24943,7526,"2015v2.0, 2015v2.1, 2015v3.0"
"/Return/ReturnData/IRS990EZ/GamingGrossIncomeAmt",24860,24860,"2015v2.0, 2015v2.1, 2015v3.0"
"/Return/ReturnData/IRS990ScheduleG/FundraisingEventInformationGrp/GrossReceiptsOtherEventsAmt",24680,24680,"2015v2.0, 2015v2.1, 2015v3.0"
"/Return/ReturnData/IRS990ScheduleR/IdDisregardedEntitiesGrp",24641,7109,"2015v2.0, 2015v2.1, 2015v3.0"
"/Return/ReturnData/IRS990ScheduleR/IdDisregardedEntitiesGrp/DisregardedEntityName",24632,7107,"2015v2.0, 2015v2.1, 2015v3.0"
"/Return/ReturnData/IRS990ScheduleR/IdDisregardedEntitiesGrp/DisregardedEntityName/BusinessNameLine1Txt",24632,7107,"2015v2.0, 2015v2.1, 2015v3.0"
"/Return/ReturnData/IRS990ScheduleM",24576,24576,"2015v2.0, 2015v2.1, 2015v3.0"
"/Return/ReturnData/IRS990ScheduleF/AccountActivitiesOutsideUSGrp/EmployeeCnt",24431,7560,"2015v2.0, 2015v2.1, 2015v3.0"
"/Return/ReturnData/IRS990ScheduleM/ThirdPartiesUsedInd",24342,24342,"2015v2.0, 2015v2.1, 2015v3.0"
"/Return/ReturnData/IRS990ScheduleM/ReviewProcessUnusualNCGiftsInd",24337,24337,"2015v2.0, 2015v2.1, 2015v3.0"
"/Return/ReturnData/IRS990/FeesForServicesManagementGrp/ManagementAndGeneralAmt",24303,24303,"2015v2.0, 2015v2.1, 2015v3.0"
"/Return/ReturnData/IRS990ScheduleR/IdDisregardedEntitiesGrp/LegalDomicileStateCd",24253,6989,"2015v2.0, 2015v2.1, 2015v3.0"
"/Return/ReturnData/IRS990ScheduleM/AnyPropertyThatMustBeHeldInd",24237,24237,"2015v2.0, 2015v2.1, 2015v3.0"
"/Return/ReturnData/TransferPrsnlBnftContractsDecl",24234,24234,"2015v2.1, 2015v3.0"
"/Return/ReturnData/TransferPrsnlBnftContractsDecl/DeclarationDesc",24234,24234,"2015v2.1, 2015v3.0"
"/Return/ReturnData/IRS990ScheduleR/IdDisregardedEntitiesGrp/USAddress",24232,6972,"2015v2.0, 2015v2.1, 2015v3.0"
"/Return/ReturnData/IRS990ScheduleR/IdDisregardedEntitiesGrp/USAddress/AddressLine1Txt",24232,6972,"2015v2.0, 2015v2.1, 2015v3.0"
"/Return/ReturnData/IRS990ScheduleR/IdDisregardedEntitiesGrp/USAddress/CityNm",24232,6972,"2015v2.0, 2015v2.1, 2015v3.0"
"/Return/ReturnData/IRS990ScheduleR/IdDisregardedEntitiesGrp/USAddress/StateAbbreviationCd",24232,6972,"2015v2.0, 2015v2.1, 2015v3.0"
"/Return/ReturnData/IRS990ScheduleR/IdDisregardedEntitiesGrp/USAddress/ZIPCd",24232,6972,"2015v2.0, 2015v2.1, 2015v3.0"
"/Return/ReturnData/IRS990ScheduleR/IdDisregardedEntitiesGrp/PrimaryActivitiesTxt",24189,7017,"2015v2.0, 2015v2.1, 2015v3.0"
"/Return/ReturnData/IRS990/FeesForSrvcInvstMgmntFeesGrp/ManagementAndGeneralAmt",24123,24123,"2015v2.0, 2015v2.1, 2015v3.0"
"/Return/ReturnData/IRS990/PdInCapSrplsLandBldgEqpFundGrp",24083,24083,"2015v2.0, 2015v2.1, 2015v3.0"
"/Return/ReturnData/IRS990ScheduleI/Total501c3OrgCnt",24076,24076,"2015v2.0, 2015v2.1, 2015v3.0"
"/Return/ReturnData/IRS990ScheduleR/IdRelatedOrgTxblCorpTrGrp/ShareOfEOYAssetsAmt",24020,4985,"2015v2.0, 2015v2.1, 2015v3.0"
"/Return/ReturnData/IRS990/UnsecuredNotesLoansPayableGrp/EOYAmt",24002,24002,"2015v2.0, 2015v2.1, 2015v3.0"
"/Return/ReturnData/IRS990/PdInCapSrplsLandBldgEqpFundGrp/BOYAmt",23978,23978,"2015v2.0, 2015v2.1, 2015v3.0"
"/Return/ReturnData/IRS990/NetGainOrLossInvestmentsGrp/RelatedOrExemptFuncIncomeAmt",23934,23934,"2015v2.0, 2015v2.1, 2015v3.0"
"/Return/ReturnData/IRS990/PdInCapSrplsLandBldgEqpFundGrp/EOYAmt",23904,23904,"2015v2.0, 2015v2.1, 2015v3.0"
"/Return/ReturnData/IRS990/LessRentalExpensesGrp",23802,23802,"2015v2.0, 2015v2.1, 2015v3.0"
"/Return/ReturnData/IRS990/UnsecuredNotesLoansPayableGrp/BOYAmt",23747,23747,"2015v2.0, 2015v2.1, 2015v3.0"
"/Return/ReturnData/IRS990ScheduleD/CYEndwmtFundGrp/InvestmentEarningsOrLossesAmt",23734,23734,"2015v2.0, 2015v2.1, 2015v3.0"
"/Return/ReturnData/IRS990ScheduleE/SupplementalInformationDetail",23642,12433,"2015v2.0, 2015v2.1, 2015v3.0"
"/Return/ReturnData/IRS990ScheduleE/SupplementalInformationDetail/FormAndLineReferenceDesc",23642,12433,"2015v2.0, 2015v2.1, 2015v3.0"
"/Return/ReturnData/IRS990/FeesForServicesAccountingGrp/FundraisingAmt",23633,23633,"2015v2.0, 2015v2.1, 2015v3.0"
"/Return/ReturnData/IRS990ScheduleD/CYMinus1YrEndwmtFundGrp/InvestmentEarningsOrLossesAmt",23613,23613,"2015v2.0, 2015v2.1, 2015v3.0"
"/Return/ReturnData/IRS990ScheduleG/FundraisingEventInformationGrp/RentFacilityCostsEvent1Amt",23464,23464,"2015v2.0, 2015v2.1, 2015v3.0"
"/Return/ReturnData/IRS990ScheduleF/AccountActivitiesOutsideUSGrp/OfficesCnt",23413,7433,"2015v2.0, 2015v2.1, 2015v3.0"
"/Return/ReturnData/IRS990/AcctCompileOrReviewBasisGrp/SeparateBasisFinclStmtInd",23408,23408,"2015v2.0, 2015v2.1, 2015v3.0"
"/Return/ReturnData/IRS990ScheduleG/FundraisingEventInformationGrp/GrossRevenueOtherEventsAmt",23353,23353,"2015v2.0, 2015v2.1, 2015v3.0"
"/Return/ReturnData/IRS990/LessRentalExpensesGrp/RealAmt",23258,23258,"2015v2.0, 2015v2.1, 2015v3.0"
"/Return/ReturnData/IRS990ScheduleL/BusTrInvolveInterestedPrsnGrp/NameOfInterested/PersonNm",23239,11992,"2015v2.0, 2015v2.1, 2015v3.0"
"/Return/ReturnData/IRS990EZ/RelatedOrgSect527OrgInd",23209,23209,"2015v2.0, 2015v2.1, 2015v3.0"
"/Return/ReturnData/IRS990ScheduleD/CYMinus2YrEndwmtFundGrp/InvestmentEarningsOrLossesAmt",23095,23095,"2015v2.0, 2015v2.1, 2015v3.0"
"/Return/ReturnData/IRS990/ConferencesMeetingsGrp/FundraisingAmt",23022,23022,"2015v2.0, 2015v2.1, 2015v3.0"
"/Return/ReturnData/IRS990/IntangibleAssetsGrp/BOYAmt",22796,22796,"2015v2.0, 2015v2.1, 2015v3.0"
"/Return/ReturnData/IRS990/QuidProQuoContriDisclInd",22732,22732,"2015v2.0, 2015v2.1, 2015v3.0"
"/Return/ReturnData/IRS990ScheduleR/IdRelatedOrgTxblCorpTrGrp/ShareOfTotalIncomeAmt",22709,4712,"2015v2.0, 2015v2.1, 2015v3.0"
"/Return/ReturnData/IRS990/LessCostOthBasisSalesExpnssGrp/OtherAmt",22523,22523,"2015v2.0, 2015v2.1, 2015v3.0"
"/Return/ReturnData/IRS990ScheduleD/CYMinus3YrEndwmtFundGrp/InvestmentEarningsOrLossesAmt",22372,22372,"2015v2.0, 2015v2.1, 2015v3.0"
"/Return/ReturnData/IRS990ScheduleR/IdRelatedOrgTxblPartnershipGrp/ShareOfEOYAssetsAmt",21783,3155,"2015v2.0, 2015v2.1, 2015v3.0"
"/Return/ReturnData/IRS990/FederalGrantAuditPerformedInd",21718,21718,"2015v2.0, 2015v2.1, 2015v3.0"
"/Return/ReturnData/IRS990/ProgSrvcAccomActy3Grp/RevenueAmt",21668,21668,"2015v2.0, 2015v2.1, 2015v3.0"
"/Return/ReturnData/IRS990ScheduleR/IdRelatedOrgTxblPartnershipGrp/ShareOfTotalIncomeAmt",21650,3203,"2015v2.0, 2015v2.1, 2015v3.0"
"/Return/ReturnData/IRS990ScheduleD/CYMinus4YrEndwmtFundGrp/InvestmentEarningsOrLossesAmt",21570,21570,"2015v2.0, 2015v2.1, 2015v3.0"
"/Return/ReturnData/IRS990/GrossAmountSalesAssetsGrp/OtherAmt",21529,21529,"2015v2.0, 2015v2.1, 2015v3.0"
"/Return/ReturnData/IRS990/NetIncomeOrLossGrp/RelatedOrExemptFuncIncomeAmt",21486,21486,"2015v2.0, 2015v2.1, 2015v3.0"
"/Return/ReturnData/IRS990/PensionPlanContributionsGrp/FundraisingAmt",21180,21180,"2015v2.0, 2015v2.1, 2015v3.0"
"/Return/ReturnData/IRS990/PriorPeriodAdjustmentsAmt",21067,21067,"2015v2.0, 2015v2.1, 2015v3.0"
"/Return/ReturnData/IRS990ScheduleL/LoansBtwnOrgInterestedPrsnGrp",20864,10415,"2015v2.0, 2015v2.1, 2015v3.0"
"/Return/ReturnData/IRS990ScheduleG/FundraisingEventInformationGrp/OthDirectExpnssOtherEventsAmt",20845,20845,"2015v2.0, 2015v2.1, 2015v3.0"
"/Return/ReturnData/IRS990ScheduleR/IdDisregardedEntitiesGrp/DirectControllingEntityName",20835,5766,"2015v2.0, 2015v2.1, 2015v3.0"
"/Return/ReturnData/IRS990ScheduleR/IdDisregardedEntitiesGrp/DirectControllingEntityName/BusinessNameLine1Txt",20835,5766,"2015v2.0, 2015v2.1, 2015v3.0"
"/Return/ReturnData/IRS990ScheduleL/LoansBtwnOrgInterestedPrsnGrp/DefaultInd",20754,10396,"2015v2.0, 2015v2.1, 2015v3.0"
"/Return/ReturnData/IRS990ScheduleL/LoansBtwnOrgInterestedPrsnGrp/BoardOrCommitteeApprovalInd",20723,10369,"2015v2.0, 2015v2.1, 2015v3.0"
"/Return/ReturnData/IRS990ScheduleL/LoansBtwnOrgInterestedPrsnGrp/WrittenAgreementInd",20686,10343,"2015v2.0, 2015v2.1, 2015v3.0"
"/Return/ReturnData/IRS990/ProgramServiceRevenueGrp/ExclusionAmt",20457,10951,"2015v2.0, 2015v2.1, 2015v3.0"
"/Return/ReturnData/IRS990ScheduleR/IdRelatedOrgTxblPartnershipGrp/OwnershipPct",20414,3749,"2015v2.0, 2015v2.1, 2015v3.0"
"/Return/ReturnData/IRS990ScheduleH/OthHlthCareFcltsNotHospitalGrp/OthHlthCareFcltsGrp",20130,1516,"2015v2.0, 2015v2.1, 2015v3.0"
"/Return/ReturnData/IRS990ScheduleH/OthHlthCareFcltsNotHospitalGrp/OthHlthCareFcltsGrp/BusinessName",20130,1516,"2015v2.0, 2015v2.1, 2015v3.0"
"/Return/ReturnData/IRS990ScheduleH/OthHlthCareFcltsNotHospitalGrp/OthHlthCareFcltsGrp/BusinessName/BusinessNameLine1Txt",20130,1516,"2015v2.0, 2015v2.1, 2015v3.0"
"/Return/ReturnData/IRS990ScheduleH/OthHlthCareFcltsNotHospitalGrp/OthHlthCareFcltsGrp/FacilityTxt",20130,1516,"2015v2.0, 2015v2.1, 2015v3.0"
"/Return/ReturnData/IRS990ScheduleH/OthHlthCareFcltsNotHospitalGrp/OthHlthCareFcltsGrp/USAddress",20130,1516,"2015v2.0, 2015v2.1, 2015v3.0"
"/Return/ReturnData/IRS990ScheduleH/OthHlthCareFcltsNotHospitalGrp/OthHlthCareFcltsGrp/USAddress/AddressLine1Txt",20130,1516,"2015v2.0, 2015v2.1, 2015v3.0"
"/Return/ReturnData/IRS990ScheduleH/OthHlthCareFcltsNotHospitalGrp/OthHlthCareFcltsGrp/USAddress/CityNm",20130,1516,"2015v2.0, 2015v2.1, 2015v3.0"
"/Return/ReturnData/IRS990ScheduleH/OthHlthCareFcltsNotHospitalGrp/OthHlthCareFcltsGrp/USAddress/StateAbbreviationCd",20130,1516,"2015v2.0, 2015v2.1, 2015v3.0"
"/Return/ReturnData/IRS990ScheduleH/OthHlthCareFcltsNotHospitalGrp/OthHlthCareFcltsGrp/USAddress/ZIPCd",20130,1516,"2015v2.0, 2015v2.1, 2015v3.0"
"/Return/ReturnData/IRS990/InformationTechnologyGrp/FundraisingAmt",19930,19930,"2015v2.0, 2015v2.1, 2015v3.0"
"/Return/ReturnData/IRS990ScheduleD/PrmnntEndowmentBalanceEOYPct",19816,19816,"2015v2.0, 2015v2.1, 2015v3.0"
"/Return/ReturnData/IRS990/TotalOthProgramServiceRevGrp",19691,19691,"2015v2.0, 2015v2.1, 2015v3.0"
"/Return/ReturnData/IRS990/TotalOthProgramServiceRevGrp/TotalRevenueColumnAmt",19691,19691,"2015v2.0, 2015v2.1, 2015v3.0"
"/Return/ReturnData/IRS990ScheduleD/DonatedServicesAndUseFcltsAmt",19596,19596,"2015v2.0, 2015v2.1, 2015v3.0"
"/Return/ReturnData/IRS990ScheduleA/OtherIncome509Grp/CurrentTaxYearAmt",19571,19571,"2015v2.0, 2015v2.1, 2015v3.0"
"/Return/ReturnData/IRS990ScheduleG/AgrmtProfFundraisingActyInd",19563,19563,"2015v2.0, 2015v2.1, 2015v3.0"
"/Return/ReturnData/IRS990ScheduleA/OtherIncome509Grp/CurrentTaxYearMinus1YearAmt",19472,19472,"2015v2.0, 2015v2.1, 2015v3.0"
"/Return/ReturnData/IRS990ScheduleJ/CompensationSurveyInd",19471,19471,"2015v2.0, 2015v2.1, 2015v3.0"
"/Return/ReturnData/IRS990ScheduleL/LoansBtwnOrgInterestedPrsnGrp/OriginalPrincipalAmt",19308,9873,"2015v2.0, 2015v2.1, 2015v3.0"
"/Return/ReturnData/IRS990/InvestmentsProgramRelatedGrp/BOYAmt",19150,19150,"2015v2.0, 2015v2.1, 2015v3.0"
"/Return/ReturnData/IRS990ScheduleA/OtherIncome509Grp/CurrentTaxYearMinus2YearsAmt",19098,19098,"2015v2.0, 2015v2.1, 2015v3.0"
"/Return/ReturnData/IRS990/FeesForServicesManagementGrp/ProgramServicesAmt",19022,19022,"2015v2.0, 2015v2.1, 2015v3.0"
"/Return/ReturnData/IRS990ScheduleL/LoansBtwnOrgInterestedPrsnGrp/LoanPurposeTxt",18894,9645,"2015v2.0, 2015v2.1, 2015v3.0"
"/Return/ReturnData/IRS990ScheduleD/DonatedServicesUseFcltsAmt",18890,18890,"2015v2.0, 2015v2.1, 2015v3.0"
"/Return/ReturnData/IRS990ScheduleL/LoansBtwnOrgInterestedPrsnGrp/BalanceDueAmt",18885,9691,"2015v2.0, 2015v2.1, 2015v3.0"
"/Return/ReturnData/IRS990ScheduleA/OtherIncome509Grp/CurrentTaxYearMinus3YearsAmt",18730,18730,"2015v2.0, 2015v2.1, 2015v3.0"
"/Return/ReturnData/IRS990/NetRentalIncomeOrLossGrp/ExclusionAmt",18478,18478,"2015v2.0, 2015v2.1, 2015v3.0"
"/Return/ReturnData/IRS990/ProgramServiceRevenueGrp/UnrelatedBusinessRevenueAmt",18453,11246,"2015v2.0, 2015v2.1, 2015v3.0"
"/Return/ReturnData/IRS990ScheduleE/SupplementalInformationDetail/ExplanationTxt",18443,11634,"2015v2.0, 2015v2.1, 2015v3.0"
"/Return/ReturnData/IRS990/LoansFromOfficersDirectorsGrp",18371,18371,"2015v2.0, 2015v2.1, 2015v3.0"
"/Return/ReturnData/IRS990/ContractorCompensationGrp/ContractorName/PersonNm",18297,7367,"2015v2.0, 2015v2.1, 2015v3.0"
"/Return/ReturnData/IRS990ScheduleA/OtherIncome509Grp/CurrentTaxYearMinus4YearsAmt",18285,18285,"2015v2.0, 2015v2.1, 2015v3.0"
"/Return/ReturnData/IRS990EZ/GrossSalesOfInventoryAmt",18245,18245,"2015v2.0, 2015v2.1, 2015v3.0"
"/Return/ReturnData/IRS990ScheduleR/IdDisregardedEntitiesGrp/EIN",18137,6096,"2015v2.0, 2015v2.1, 2015v3.0"
"/Return/ReturnData/IRS990ScheduleL/LoansBtwnOrgInterestedPrsnGrp/PersonNm",17951,9324,"2015v2.0, 2015v2.1, 2015v3.0"
"/Return/ReturnData/IRS990/GrantsPayableGrp",17912,17912,"2015v2.0, 2015v2.1, 2015v3.0"
"/Return/ReturnData/IRS990ScheduleA/OtherSupportSumAmt",17475,17475,"2015v2.0, 2015v2.1, 2015v3.0"
"/Return/ReturnData/IRS990/TaxExemptBondLiabilitiesGrp",17398,17398,"2015v2.0, 2015v2.1, 2015v3.0"
"/Return/ReturnData/IRS990/TotalOtherProgSrvcRevenueAmt",17346,17346,"2015v2.0, 2015v2.1, 2015v3.0"
"/Return/ReturnData/IRS990/LoansFromOfficersDirectorsGrp/BOYAmt",17338,17338,"2015v2.0, 2015v2.1, 2015v3.0"
"/Return/ReturnData/IRS990ScheduleD/TotalBookValueSecuritiesAmt",17284,17284,"2015v2.0, 2015v2.1, 2015v3.0"
"/Return/ReturnData/IRS990/RentalIncomeOrLossGrp/PersonalAmt",17263,17263,"2015v2.0, 2015v2.1, 2015v3.0"
"/Return/ReturnData/IRS990/EscrowAccountLiabilityGrp",17220,17220,"2015v2.0, 2015v2.1, 2015v3.0"
"/Return/ReturnData/IRS990/TaxExemptBondLiabilitiesGrp/BOYAmt",17183,17183,"2015v2.0, 2015v2.1, 2015v3.0"
"/Return/ReturnData/IRS990ScheduleG/FundraisingEventInformationGrp/EntertainmentTotalEventsAmt",17144,17144,"2015v2.0, 2015v2.1, 2015v3.0"
"/Return/ReturnData/IRS990/GrantsPayableGrp/BOYAmt",17075,17075,"2015v2.0, 2015v2.1, 2015v3.0"
"/Return/ReturnData/IRS990/GrantsPayableGrp/EOYAmt",17074,17074,"2015v2.0, 2015v2.1, 2015v3.0"
"/Return/ReturnData/IRS990ScheduleL/LoansBtwnOrgInterestedPrsnGrp/RelationshipWithOrgTxt",17020,8779,"2015v2.0, 2015v2.1, 2015v3.0"
"/Return/ReturnData/IRS990/LoansFromOfficersDirectorsGrp/EOYAmt",17005,17005,"2015v2.0, 2015v2.1, 2015v3.0"
"/Return/ReturnData/IRS990/TaxExemptBondLiabilitiesGrp/EOYAmt",16976,16976,"2015v2.0, 2015v2.1, 2015v3.0"
"/Return/ReturnData/IRS990ScheduleI/TotalOtherOrgCnt",16968,16968,"2015v2.0, 2015v2.1, 2015v3.0"
"/Return/ReturnData/IRS990/ProgSrvcAccomActyOtherGrp/RevenueAmt",16956,11636,"2015v2.1, 2015v3.0"
"/Return/ReturnData/IRS990/EscrowAccountLiabilityGrp/BOYAmt",16816,16816,"2015v2.0, 2015v2.1, 2015v3.0"
"/Return/ReturnData/IRS990/EscrowAccountLiabilityGrp/EOYAmt",16755,16755,"2015v2.0, 2015v2.1, 2015v3.0"
"/Return/ReturnData/IRS990ScheduleD/OtherRevenuesNotIncludedAmt",16714,16714,"2015v2.0, 2015v2.1, 2015v3.0"
"/Return/ReturnData/IRS990ScheduleD/CYMinus1YrEndwmtFundGrp/ContributionsAmt",16699,16699,"2015v2.0, 2015v2.1, 2015v3.0"
"/Return/ReturnData/IRS990ScheduleD/CYEndwmtFundGrp/ContributionsAmt",16645,16645,"2015v2.0, 2015v2.1, 2015v3.0"
"/Return/ReturnData/IRS990ScheduleD/CYMinus2YrEndwmtFundGrp/ContributionsAmt",16560,16560,"2015v2.0, 2015v2.1, 2015v3.0"
"/Return/ReturnData/IRS990/TotalOthProgramServiceRevGrp/RelatedOrExemptFuncIncomeAmt",16523,16523,"2015v2.0, 2015v2.1, 2015v3.0"
"/Return/ReturnData/IRS990ScheduleD/EquipmentGrp/InvestmentCostOrOtherBasisAmt",16364,16364,"2015v2.0, 2015v2.1, 2015v3.0"
"/Return/ReturnData/IRS990ScheduleA/Form990SchASupportingOrgGrp",16254,16254,"2015v2.0, 2015v2.1, 2015v3.0"
"/Return/ReturnData/IRS990ScheduleA/Form990SchASupportingOrgGrp/Contribution35ControlledInd",16254,16254,"2015v2.0, 2015v2.1, 2015v3.0"
"/Return/ReturnData/IRS990ScheduleA/Form990SchASupportingOrgGrp/ContributionControllerInd",16254,16254,"2015v2.0, 2015v2.1, 2015v3.0"
"/Return/ReturnData/IRS990ScheduleA/Form990SchASupportingOrgGrp/ContributionFamilyInd",16254,16254,"2015v2.0, 2015v2.1, 2015v3.0"
"/Return/ReturnData/IRS990ScheduleA/Form990SchASupportingOrgGrp/ControlledDisqualifiedPrsnInd",16254,16254,"2015v2.0, 2015v2.1, 2015v3.0"
"/Return/ReturnData/IRS990ScheduleA/Form990SchASupportingOrgGrp/DisqualifiedPrsnControllIntInd",16254,16254,"2015v2.0, 2015v2.1, 2015v3.0"
"/Return/ReturnData/IRS990ScheduleA/Form990SchASupportingOrgGrp/DisqualifiedPrsnOwnrIntInd",16254,16254,"2015v2.0, 2015v2.1, 2015v3.0"
"/Return/ReturnData/IRS990ScheduleA/Form990SchASupportingOrgGrp/ExcessBusinessHoldingsRulesInd",16254,16254,"2015v2.0, 2015v2.1, 2015v3.0"
"/Return/ReturnData/IRS990ScheduleA/Form990SchASupportingOrgGrp/ListedByNameGoverningDocInd",16254,16254,"2015v2.0, 2015v2.1, 2015v3.0"
"/Return/ReturnData/IRS990ScheduleA/Form990SchASupportingOrgGrp/LoanDisqualifiedPersonInd",16254,16254,"2015v2.0, 2015v2.1, 2015v3.0"
"/Return/ReturnData/IRS990ScheduleA/Form990SchASupportingOrgGrp/OrganizationChangeSuprtOrgInd",16254,16254,"2015v2.0, 2015v2.1, 2015v3.0"
"/Return/ReturnData/IRS990ScheduleA/Form990SchASupportingOrgGrp/PaymentSubstantialContribtrInd",16254,16254,"2015v2.0, 2015v2.1, 2015v3.0"
"/Return/ReturnData/IRS990ScheduleA/Form990SchASupportingOrgGrp/SupportNonSupportedOrgInd",16254,16254,"2015v2.0, 2015v2.1, 2015v3.0"
"/Return/ReturnData/IRS990ScheduleA/Form990SchASupportingOrgGrp/SupportedOrgNotOrganizedUSInd",16254,16254,"2015v2.0, 2015v2.1, 2015v3.0"
"/Return/ReturnData/IRS990ScheduleA/Form990SchASupportingOrgGrp/SupportedOrgSectionC456Ind",16254,16254,"2015v2.0, 2015v2.1, 2015v3.0"
"/Return/ReturnData/IRS990ScheduleA/Form990SchASupportingOrgGrp/SuprtOrgNoIRSDeterminationInd",16254,16254,"2015v2.0, 2015v2.1, 2015v3.0"
"/Return/ReturnData/IRS990ScheduleD/CYMinus3YrEndwmtFundGrp/ContributionsAmt",16237,16237,"2015v2.0, 2015v2.1, 2015v3.0"
"/Return/ReturnData/IRS990ScheduleA/SupportedOrganizationsTotalCnt",16006,16006,"2015v2.0, 2015v2.1, 2015v3.0"
"/Return/ReturnData/IRS990ScheduleA/SupportedOrganizationsCnt",15997,15997,"2015v2.0, 2015v2.1, 2015v3.0"
"/Return/ReturnData/IRS990ScheduleA/SupportSumAmt",15988,15988,"2015v2.0, 2015v2.1, 2015v3.0"
"/Return/ReturnData/IRS990ScheduleA/SupportingOrganization509a3Ind",15963,15963,"2015v2.0, 2015v2.1, 2015v3.0"
"/Return/ReturnData/IRS990ScheduleD/CYMinus4YrEndwmtFundGrp/ContributionsAmt",15850,15850,"2015v2.0, 2015v2.1, 2015v3.0"
"/Return/ReturnData/IRS990/FederatedCampaignsAmt",15673,15673,"2015v2.0, 2015v2.1, 2015v3.0"
"/Return/ReturnData/IRS990/ProgSrvcAccomActy2Grp/GrantAmt",15635,15635,"2015v2.0, 2015v2.1, 2015v3.0"
"/Return/ReturnData/IRS990/RelatedOrganizationsAmt",15348,15348,"2015v2.0, 2015v2.1, 2015v3.0"
"/Return/ReturnData/IRS990ScheduleC/SubstantiallyAllDuesNondedInd",15227,15227,"2015v2.0, 2015v2.1, 2015v3.0"
"/Return/ReturnData/IRS990ScheduleA/SubstAndDsqlfyPrsnsTotGrp/CurrentTaxYearAmt",15220,15220,"2015v2.0, 2015v2.1, 2015v3.0"
"/Return/ReturnData/IRS990ScheduleC/OnlyInHouseLobbyingInd",15187,15187,"2015v2.0, 2015v2.1, 2015v3.0"
"/Return/ReturnData/IRS990ScheduleJ/CompensationCommitteeInd",15132,15132,"2015v2.0, 2015v2.1, 2015v3.0"
"/Return/ReturnData/IRS990ScheduleG/FundraisingEventInformationGrp/CharitableContriEvent2Amt",15120,15120,"2015v2.0, 2015v2.1, 2015v3.0"
"/Return/ReturnData/IRS990ScheduleC/AgreeCarryoverPriorYearInd",15100,15100,"2015v2.0, 2015v2.1, 2015v3.0"
"/Return/ReturnData/IRS990ScheduleD/InclEscrowCustodialAcctLiabInd",15074,15074,"2015v2.0, 2015v2.1, 2015v3.0"
"/Return/ReturnData/IRS990ScheduleD/BoardDesignatedBalanceEOYPct",14980,14980,"2015v2.0, 2015v2.1, 2015v3.0"
"/Return/ReturnData/IRS990ScheduleH/SupplementalInformationGrp",14932,2360,"2015v2.0, 2015v2.1, 2015v3.0"
"/Return/ReturnData/IRS990ScheduleH/SupplementalInformationGrp/FormAndLineReferenceDesc",14932,2360,"2015v2.0, 2015v2.1, 2015v3.0"
"/Return/ReturnData/IRS990ScheduleA/SubstAndDsqlfyPrsnsTotGrp/CurrentTaxYearMinus1YearAmt",14930,14930,"2015v2.0, 2015v2.1, 2015v3.0"
"/Return/ReturnData/IRS990ScheduleH/SupplementalInformationGrp/ExplanationTxt",14891,2360,"2015v2.0, 2015v2.1, 2015v3.0"
"/Return/ReturnData/IRS990/OwnWebsiteInd",14838,14838,"2015v2.0, 2015v2.1, 2015v3.0"
"/Return/ReturnData/IRS990ScheduleA/SubstAndDsqlfyPrsnsTotGrp/CurrentTaxYearMinus2YearsAmt",14810,14810,"2015v2.0, 2015v2.1, 2015v3.0"
"/Return/ReturnData/IRS990ScheduleI/RecipientTable/USAddress/AddressLine2Txt",14780,2435,"2015v2.1, 2015v3.0"
"/Return/ReturnData/IRS990ScheduleD/TermEndowmentBalanceEOYPct",14726,14726,"2015v2.0, 2015v2.1, 2015v3.0"
"/Return/ReturnData/IRS990ScheduleG/FundraisingEventInformationGrp/EntertainmentEvent1Amt",14707,14707,"2015v2.0, 2015v2.1, 2015v3.0"
"/Return/ReturnData/IRS990ScheduleA/SubstAndDsqlfyPrsnsTotGrp/CurrentTaxYearMinus3YearsAmt",14512,14512,"2015v2.0, 2015v2.1, 2015v3.0"
"/Return/ReturnData/IRS990ScheduleA/SchoolInd",14261,14261,"2015v2.0, 2015v2.1, 2015v3.0"
"/Return/ReturnData/IRS990ScheduleA/SubstAndDsqlfyPrsnsTotGrp/CurrentTaxYearMinus4YearsAmt",14179,14179,"2015v2.0, 2015v2.1, 2015v3.0"
"/Return/ReturnData/IRS990/ReceivablesFromOfficersEtcGrp/BOYAmt",14143,14143,"2015v2.0, 2015v2.1, 2015v3.0"
"/Return/ReturnData/IRS990ScheduleE",14115,14115,"2015v2.0, 2015v2.1, 2015v3.0"
"/Return/ReturnData/IRS990ScheduleD/OtherExpensesNotIncludedAmt",14105,14105,"2015v2.0, 2015v2.1, 2015v3.0"
"/Return/ReturnData/IRS990ScheduleR/IdDisregardedEntitiesGrp/EndOfYearAssetsAmt",14097,5442,"2015v2.0, 2015v2.1, 2015v3.0"
"/Return/ReturnData/IRS990ScheduleI/GrantsOtherAsstToIndivInUSGrp/ValuationMethodUsedDesc",14070,7819,"2015v2.0, 2015v2.1, 2015v3.0"
"/Return/ReturnData/IRS990ScheduleE/NondiscriminatoryPolicyStmtInd",13962,13962,"2015v2.0, 2015v2.1, 2015v3.0"
"/Return/ReturnData/IRS990ScheduleE/PolicyStmtInBrochuresEtcInd",13956,13956,"2015v2.0, 2015v2.1, 2015v3.0"
"/Return/ReturnData/IRS990ScheduleE/MaintainCpyOfBrochuresEtcInd",13939,13939,"2015v2.0, 2015v2.1, 2015v3.0"
"/Return/ReturnData/IRS990ScheduleE/MaintainRacialCompRecsInd",13938,13938,"2015v2.0, 2015v2.1, 2015v3.0"
"/Return/ReturnData/IRS990ScheduleE/PlcyPblczdViaBroadcastMediaInd",13933,13933,"2015v2.0, 2015v2.1, 2015v3.0"
"/Return/ReturnData/IRS990ScheduleE/ComplianceWithRevProc7550Ind",13929,13929,"2015v2.0, 2015v2.1, 2015v3.0"
"/Return/ReturnData/IRS990ScheduleE/MaintainScholarshipsRecsInd",13927,13927,"2015v2.0, 2015v2.1, 2015v3.0"
"/Return/ReturnData/IRS990ScheduleE/MaintainCpyOfAllSolInd",13925,13925,"2015v2.0, 2015v2.1, 2015v3.0"
"/Return/ReturnData/IRS990ScheduleE/DiscriminateRaceStdntsRghtsInd",13920,13920,"2015v2.0, 2015v2.1, 2015v3.0"
"/Return/ReturnData/IRS990ScheduleE/DiscriminateRaceAdmissPlcyInd",13919,13919,"2015v2.0, 2015v2.1, 2015v3.0"
"/Return/ReturnData/IRS990ScheduleE/DiscriminateRaceEducPlcyInd",13919,13919,"2015v2.0, 2015v2.1, 2015v3.0"
"/Return/ReturnData/IRS990ScheduleE/DiscriminateRaceEmplmFcultyInd",13919,13919,"2015v2.0, 2015v2.1, 2015v3.0"
"/Return/ReturnData/IRS990ScheduleE/GovernmentFinancialAidRcvdInd",13919,13919,"2015v2.0, 2015v2.1, 2015v3.0"
"/Return/ReturnData/IRS990ScheduleE/DiscriminateRaceUseOfFcltsInd",13918,13918,"2015v2.0, 2015v2.1, 2015v3.0"
"/Return/ReturnData/IRS990ScheduleE/DiscriminateRaceSchsInd",13913,13913,"2015v2.0, 2015v2.1, 2015v3.0"
"/Return/ReturnData/IRS990ScheduleE/DiscriminateRaceAthltProgInd",13902,13902,"2015v2.0, 2015v2.1, 2015v3.0"
"/Return/ReturnData/IRS990ScheduleE/DiscriminateRaceOtherActyInd",13892,13892,"2015v2.0, 2015v2.1, 2015v3.0"
"/Return/ReturnData/IRS990ScheduleD/CYEndwmtFundGrp/OtherExpendituresAmt",13867,13867,"2015v2.0, 2015v2.1, 2015v3.0"
"/Return/ReturnData/IRS990ScheduleE/GovernmentFinancialAidRvkdInd",13852,13852,"2015v2.0, 2015v2.1, 2015v3.0"
"/Return/ReturnData/IRS990/DoingBusinessAsName",13766,13766,"2015v2.0, 2015v2.1, 2015v3.0"
"/Return/ReturnData/IRS990/DoingBusinessAsName/BusinessNameLine1Txt",13766,13766,"2015v2.0, 2015v2.1, 2015v3.0"
"/Return/ReturnData/IRS990ScheduleD/CYMinus1YrEndwmtFundGrp/OtherExpendituresAmt",13766,13766,"2015v2.0, 2015v2.1, 2015v3.0"
"/Return/ReturnData/IRS990ScheduleA/GrossReceiptsNonUnrltBusGrp/CurrentTaxYearAmt",13637,13637,"2015v2.0, 2015v2.1, 2015v3.0"
"/Return/ReturnData/IRS990ScheduleR/IdDisregardedEntitiesGrp/TotalIncomeAmt",13561,5215,"2015v2.0, 2015v2.1, 2015v3.0"
"/Return/ReturnData/IRS990ScheduleD/CYMinus2YrEndwmtFundGrp/OtherExpendituresAmt",13490,13490,"2015v2.0, 2015v2.1, 2015v3.0"
"/Return/ReturnData/IRS990ScheduleA/First5Years509Ind",13399,13399,"2015v2.0, 2015v2.1, 2015v3.0"
"/Return/ReturnData/IRS990ScheduleG/FundraisingEventInformationGrp/NonCashPrizesTotalEventsAmt",13331,13331,"2015v2.0, 2015v2.1, 2015v3.0"
"/Return/ReturnData/IRS990ScheduleD/BuildingsGrp/InvestmentCostOrOtherBasisAmt",13241,13241,"2015v2.0, 2015v2.1, 2015v3.0"
"/Return/ReturnData/IRS990/NetRentalIncomeOrLossGrp/RelatedOrExemptFuncIncomeAmt",13139,13139,"2015v2.0, 2015v2.1, 2015v3.0"
"/Return/ReturnData/IRS990ScheduleD/CYMinus3YrEndwmtFundGrp/OtherExpendituresAmt",13032,13032,"2015v2.0, 2015v2.1, 2015v3.0"
"/Return/ReturnData/IRS990ScheduleA/GrossReceiptsNonUnrltBusGrp/CurrentTaxYearMinus1YearAmt",12946,12946,"2015v2.0, 2015v2.1, 2015v3.0"
"/Return/ReturnData/IRS990/MiscellaneousRevenueGrp",12763,12763,"2015v2.0, 2015v2.1, 2015v3.0"
"/Return/ReturnData/IRS990/MiscellaneousRevenueGrp/TotalRevenueColumnAmt",12757,12757,"2015v2.0, 2015v2.1, 2015v3.0"
"/Return/ReturnData/IRS990ScheduleK/TaxExemptBondsIssuesGrp",12551,6050,"2015v2.0, 2015v2.1, 2015v3.0"
"/Return/ReturnData/IRS990ScheduleK/TaxExemptBondsIssuesGrp/BondReferenceCd",12551,6050,"2015v2.0, 2015v2.1, 2015v3.0"
"/Return/ReturnData/IRS990ScheduleK/TaxExemptBondsIssuesGrp/IssuerName",12528,6046,"2015v2.0, 2015v2.1, 2015v3.0"
"/Return/ReturnData/IRS990ScheduleK/TaxExemptBondsIssuesGrp/IssuerName/BusinessNameLine1Txt",12528,6046,"2015v2.0, 2015v2.1, 2015v3.0"
"/Return/ReturnData/IRS990ScheduleK/TaxExemptBondsIssuesGrp/BondIssuedDt",12513,6038,"2015v2.0, 2015v2.1, 2015v3.0"
"/Return/ReturnData/IRS990/PoliciesReferenceChaptersInd",12504,12504,"2015v2.0, 2015v2.1, 2015v3.0"
"/Return/ReturnData/IRS990ScheduleK/TaxExemptBondsIssuesGrp/IssuePriceAmt",12503,6027,"2015v2.0, 2015v2.1, 2015v3.0"
"/Return/ReturnData/IRS990ScheduleK/TaxExemptBondsIssuesGrp/DefeasedInd",12496,6018,"2015v2.0, 2015v2.1, 2015v3.0"
"/Return/ReturnData/IRS990ScheduleK/TaxExemptBondsIssuesGrp/OnBehalfOfIssuerInd",12482,6009,"2015v2.0, 2015v2.1, 2015v3.0"
"/Return/ReturnData/IRS990ScheduleD/CYMinus4YrEndwmtFundGrp/OtherExpendituresAmt",12479,12479,"2015v2.0, 2015v2.1, 2015v3.0"
"/Return/ReturnData/IRS990ScheduleK/TaxExemptBondsProceedsGrp",12446,5996,"2015v2.0, 2015v2.1, 2015v3.0"
"/Return/ReturnData/IRS990ScheduleK/TaxExemptBondsProceedsGrp/BondReferenceCd",12446,5996,"2015v2.0, 2015v2.1, 2015v3.0"
"/Return/ReturnData/IRS990ScheduleR/IdRelatedOrgTxblPartnershipGrp/UBICodeVAmt",12415,827,"2015v2.0, 2015v2.1, 2015v3.0"
"/Return/ReturnData/IRS990ScheduleK/TaxExemptBondsProceedsGrp/CurrentRefundingInd",12413,5983,"2015v2.0, 2015v2.1, 2015v3.0"
"/Return/ReturnData/IRS990ScheduleK/TaxExemptBondsProceedsGrp/AdvanceRefundingInd",12406,5980,"2015v2.0, 2015v2.1, 2015v3.0"
"/Return/ReturnData/IRS990ScheduleK/TaxExemptBondsIssuesGrp/PurposeDesc",12401,5966,"2015v2.0, 2015v2.1, 2015v3.0"
"/Return/ReturnData/IRS990/Form990PartVIISectionAGrp/FormerOfcrDirectorTrusteeInd",12397,6797,"2015v2.0, 2015v2.1, 2015v3.0"
"/Return/ReturnData/IRS990/RcvblFromDisqualifiedPrsnGrp/BOYAmt",12397,12397,"2015v2.0, 2015v2.1, 2015v3.0"
"/Return/ReturnData/IRS990ScheduleK/TaxExemptBondsIssuesGrp/PoolFinancingInd",12391,5953,"2015v2.0, 2015v2.1, 2015v3.0"
"/Return/ReturnData/IRS990ScheduleK/TaxExemptBondsProceedsGrp/FinalAllocationMadeInd",12390,5975,"2015v2.0, 2015v2.1, 2015v3.0"
"/Return/ReturnData/IRS990ScheduleK/TaxExemptBondsProceedsGrp/AdequateBooksAndRecMaintInd",12383,5976,"2015v2.0, 2015v2.1, 2015v3.0"
"/Return/ReturnData/IRS990ScheduleK/TaxExemptBondsArbitrageGrp",12257,5904,"2015v2.0, 2015v2.1, 2015v3.0"
"/Return/ReturnData/IRS990ScheduleK/TaxExemptBondsArbitrageGrp/BondReferenceCd",12257,5904,"2015v2.0, 2015v2.1, 2015v3.0"
"/Return/ReturnData/IRS990ScheduleA/GrossReceiptsNonUnrltBusGrp/CurrentTaxYearMinus2YearsAmt",12238,12238,"2015v2.0, 2015v2.1, 2015v3.0"
"/Return/ReturnData/IRS990ScheduleK/TaxExemptBondsArbitrageGrp/Form8038TFiledInd",12206,5870,"2015v2.0, 2015v2.1, 2015v3.0"
"/Return/ReturnData/IRS990ScheduleK/TaxExemptBondsArbitrageGrp/HedgeIdentifiedInBksAndRecInd",12189,5871,"2015v2.0, 2015v2.1, 2015v3.0"
"/Return/ReturnData/IRS990ScheduleK/TaxExemptBondsArbitrageGrp/GrossProceedsInvestedInGICInd",12168,5860,"2015v2.0, 2015v2.1, 2015v3.0"
"/Return/ReturnData/IRS990ScheduleG/SpecialFundraisingEventsInd",12098,12098,"2015v2.0, 2015v2.1, 2015v3.0"
"/Return/ReturnData/IRS990ScheduleD/LandGrp/InvestmentCostOrOtherBasisAmt",12093,12093,"2015v2.0, 2015v2.1, 2015v3.0"
"/Return/ReturnData/IRS990ScheduleK/TaxExemptBondsArbitrageGrp/WrittenProcToMonitorReqsInd",12071,5795,"2015v2.0, 2015v2.1, 2015v3.0"
"/Return/ReturnData/IRS990ScheduleK/TaxExemptBondsArbitrageGrp/GrossProceedsInvestedInd",12029,5788,"2015v2.0, 2015v2.1, 2015v3.0"
"/Return/ReturnData/IRS990ScheduleA/First5Years170Ind",11965,11965,"2015v2.0, 2015v2.1, 2015v3.0"
"/Return/ReturnHeader/Filer/InCareOfNm",11894,11894,"2015v2.1, 2015v3.0"
"/Return/ReturnData/IRS990/OtherRevenueMiscGrp/UnrelatedBusinessRevenueAmt",11863,8695,"2015v2.0, 2015v2.1, 2015v3.0"
"/Return/ReturnData/IRS990ScheduleJ/WrittenEmploymentContractInd",11831,11831,"2015v2.0, 2015v2.1, 2015v3.0"
"/Return/ReturnData/IRS990ScheduleK/TaxExemptBondsPrivateBusUseGrp",11793,5695,"2015v2.0, 2015v2.1, 2015v3.0"
"/Return/ReturnData/IRS990ScheduleK/TaxExemptBondsPrivateBusUseGrp/BondReferenceCd",11791,5695,"2015v2.0, 2015v2.1, 2015v3.0"
"/Return/ReturnData/IRS990ScheduleK/TaxExemptBondsIssuesGrp/BondIssuerEIN",11761,5602,"2015v2.0, 2015v2.1, 2015v3.0"
"/Return/ReturnData/IRS990ScheduleK/ProceduresCorrectiveActionGrp",11723,5619,"2015v2.0, 2015v2.1, 2015v3.0"
"/Return/ReturnData/IRS990ScheduleK/ProceduresCorrectiveActionGrp/BondReferenceCd",11723,5619,"2015v2.0, 2015v2.1, 2015v3.0"
"/Return/ReturnData/IRS990/TotalOtherProgSrvcGrantAmt",11715,11715,"2015v2.0, 2015v2.1, 2015v3.0"
"/Return/ReturnData/IRS990ScheduleK/TaxExemptBondsArbitrageGrp/VariableRateIssueInd",11708,5588,"2015v2.1, 2015v3.0"
"/Return/ReturnData/IRS990EZ/BenefitsPaidToOrForMembersAmt",11693,11693,"2015v2.0, 2015v2.1, 2015v3.0"
"/Return/ReturnData/IRS990ScheduleK/ProceduresCorrectiveActionGrp/ProceduresCorrectiveActionInd",11667,5585,"2015v2.0, 2015v2.1, 2015v3.0"
"/Return/ReturnData/IRS990ScheduleL/LoansBtwnOrgInterestedPrsnGrp/LoanToOrganizationInd",11665,7269,"2015v2.0, 2015v2.1, 2015v3.0"
"/Return/ReturnData/IRS990ScheduleF",11664,11664,"2015v2.0, 2015v2.1, 2015v3.0"
"/Return/ReturnData/IRS990ScheduleK/TaxExemptBondsProceedsGrp/TotalProceedsAmt",11572,5517,"2015v2.0, 2015v2.1, 2015v3.0"
"/Return/ReturnData/IRS990ScheduleK/TaxExemptBondsPrivateBusUseGrp/AnyLeaseArrangementsInd",11514,5630,"2015v2.0, 2015v2.1, 2015v3.0"
"/Return/ReturnData/IRS990ScheduleK/TaxExemptBondsPrivateBusUseGrp/MgmtContractBondFincdPropInd",11514,5628,"2015v2.0, 2015v2.1, 2015v3.0"
"/Return/ReturnData/IRS990ScheduleK/TaxExemptBondsPrivateBusUseGrp/OwningBondFinancedPropertyInd",11512,5630,"2015v2.0, 2015v2.1, 2015v3.0"
"/Return/ReturnData/IRS990ScheduleG/FundraisingEventInformationGrp/FoodAndBeverageEvent2Amt",11508,11508,"2015v2.0, 2015v2.1, 2015v3.0"
"/Return/ReturnData/IRS990ScheduleA/GrossReceiptsNonUnrltBusGrp/CurrentTaxYearMinus3YearsAmt",11495,11495,"2015v2.0, 2015v2.1, 2015v3.0"
"/Return/ReturnData/IRS990ScheduleK/TaxExemptBondsPrivateBusUseGrp/AnyResearchAgreementsInd",11468,5606,"2015v2.0, 2015v2.1, 2015v3.0"
"/Return/ReturnData/IRS990ScheduleK/TaxExemptBondsPrivateBusUseGrp/ProcsNonqualifiedBondRemdtdInd",11427,5557,"2015v2.0, 2015v2.1, 2015v3.0"
"/Return/ReturnData/IRS990ScheduleF/ForeignPartnershipInd",11363,11363,"2015v2.0, 2015v2.1, 2015v3.0"
"/Return/ReturnData/IRS990ScheduleF/InterestInForeignTrustInd",11363,11363,"2015v2.0, 2015v2.1, 2015v3.0"
"/Return/ReturnData/IRS990ScheduleF/PassiveForeignInvestmestCoInd",11363,11363,"2015v2.0, 2015v2.1, 2015v3.0"
"/Return/ReturnData/IRS990ScheduleF/ForeignCorpOwnershipInd",11361,11361,"2015v2.0, 2015v2.1, 2015v3.0"
"/Return/ReturnData/IRS990ScheduleF/TransferToForeignCorpInd",11361,11361,"2015v2.0, 2015v2.1, 2015v3.0"
"/Return/ReturnData/IRS990ScheduleF/BoycottCountriesInd",11359,11359,"2015v2.0, 2015v2.1, 2015v3.0"
"/Return/ReturnData/IRS990EZ/SaleOfAssetsGrossAmt",11341,11341,"2015v2.0, 2015v2.1, 2015v3.0"
"/Return/ReturnData/IRS990/InterestGrp/FundraisingAmt",11312,11312,"2015v2.0, 2015v2.1, 2015v3.0"
"/Return/ReturnData/IRS990ScheduleK/TaxExemptBondsPrivateBusUseGrp/ChangeInUseBondFinancedPropInd",11304,5502,"2015v2.0, 2015v2.1, 2015v3.0"
"/Return/ReturnData/IRS990ScheduleD/InvstProgramRelatedOrgGrp",11190,4326,"2015v2.0, 2015v2.1, 2015v3.0"
"/Return/ReturnData/IRS990ScheduleK/TaxExemptBondsPrivateBusUseGrp/BondIssMeetPrvtSecPymtTestInd",11182,5440,"2015v2.0, 2015v2.1, 2015v3.0"
"/Return/ReturnData/IRS990ScheduleD/InvstProgramRelatedOrgGrp/Desc",11168,4313,"2015v2.0, 2015v2.1, 2015v3.0"
"/Return/ReturnData/IRS990ScheduleG/FundraisingEventInformationGrp/NonCashPrizesEvent1Amt",11067,11067,"2015v2.0, 2015v2.1, 2015v3.0"
"/Return/ReturnData/IRS990ScheduleD/InvstProgramRelatedOrgGrp/BookValueAmt",11054,4315,"2015v2.0, 2015v2.1, 2015v3.0"
"/Return/ReturnData/IRS990ScheduleD/InvstProgramRelatedOrgGrp/MethodValuationCd",10880,4201,"2015v2.0, 2015v2.1, 2015v3.0"
"/Return/ReturnData/IRS990/GamingGrossIncomeAmt",10873,10873,"2015v2.0, 2015v2.1, 2015v3.0"
"/Return/ReturnData/IRS990EZ/TypeOfOrganizationAssocInd",10839,10839,"2015v2.0, 2015v2.1, 2015v3.0"
"/Return/ReturnData/IRS990ScheduleA/AmountsRcvdDsqlfyPersonGrp/CurrentTaxYearAmt",10801,10801,"2015v2.0, 2015v2.1, 2015v3.0"
"/Return/ReturnData/IRS990/InvestmentIncomeGrp/UnrelatedBusinessRevenueAmt",10800,10800,"2015v2.0, 2015v2.1, 2015v3.0"
"/Return/ReturnData/IRS990ScheduleA/AmountsRcvdDsqlfyPersonGrp/CurrentTaxYearMinus1YearAmt",10679,10679,"2015v2.0, 2015v2.1, 2015v3.0"
"/Return/ReturnData/IRS990ScheduleA/GrossReceiptsNonUnrltBusGrp/CurrentTaxYearMinus4YearsAmt",10644,10644,"2015v2.0, 2015v2.1, 2015v3.0"
"/Return/ReturnData/IRS990ScheduleA/AmountsRcvdDsqlfyPersonGrp/CurrentTaxYearMinus2YearsAmt",10590,10590,"2015v2.0, 2015v2.1, 2015v3.0"
"/Return/ReturnData/IRS990ScheduleG/GamingWithNonmembersInd",10478,10478,"2015v2.0, 2015v2.1, 2015v3.0"
"/Return/ReturnData/IRS990ScheduleK/TaxExemptBondsArbitrageGrp/RebateNotDueYetInd",10457,5226,"2015v2.0, 2015v2.1, 2015v3.0"
"/Return/ReturnData/IRS990/FeesForServicesLegalGrp/FundraisingAmt",10450,10450,"2015v2.0, 2015v2.1, 2015v3.0"
"/Return/ReturnData/IRS990ScheduleK/TaxExemptBondsArbitrageGrp/ExceptionToRebateInd",10446,5191,"2015v2.0, 2015v2.1, 2015v3.0"
"/Return/ReturnData/IRS990ScheduleG/MemberOfOtherEntityInd",10431,10431,"2015v2.0, 2015v2.1, 2015v3.0"
"/Return/ReturnData/IRS990ScheduleI/GrantsOtherAsstToIndivInUSGrp/NonCashAssistanceDesc",10422,6005,"2015v2.0, 2015v2.1, 2015v3.0"
"/Return/ReturnData/IRS990ScheduleK/TaxExemptBondsArbitrageGrp/NoRebateDueInd",10382,5179,"2015v2.0, 2015v2.1, 2015v3.0"
"/Return/ReturnData/IRS990/TypeOfOrganizationAssocInd",10314,10314,"2015v2.0, 2015v2.1, 2015v3.0"
"/Return/ReturnData/IRS990ScheduleA/AmountsRcvdDsqlfyPersonGrp/CurrentTaxYearMinus3YearsAmt",10296,10296,"2015v2.0, 2015v2.1, 2015v3.0"
"/Return/ReturnData/IRS990ScheduleG/LicensedInd",10251,10251,"2015v2.0, 2015v2.1, 2015v3.0"
"/Return/ReturnData/IRS990/ProgSrvcAccomActy3Grp/GrantAmt",10250,10250,"2015v2.0, 2015v2.1, 2015v3.0"
"/Return/ReturnData/IRS990ScheduleG/GamingInformationGrp",10234,10234,"2015v2.0, 2015v2.1, 2015v3.0"
"/Return/ReturnData/IRS990/GamingDirectExpensesAmt",10215,10215,"2015v2.0, 2015v2.1, 2015v3.0"
"/Return/ReturnData/IRS990/ForeignGrantsGrp/ProgramServicesAmt",10187,10187,"2015v2.0, 2015v2.1, 2015v3.0"
"/Return/ReturnData/IRS990ScheduleL/BusTrInvolveInterestedPrsnGrp/NameOfInterested/BusinessName",10175,5853,"2015v2.0, 2015v2.1, 2015v3.0"
"/Return/ReturnData/IRS990ScheduleL/BusTrInvolveInterestedPrsnGrp/NameOfInterested/BusinessName/BusinessNameLine1Txt",10175,5853,"2015v2.0, 2015v2.1, 2015v3.0"
"/Return/ReturnData/IRS990ScheduleG/LicenseSuspendedEtcInd",9986,9986,"2015v2.0, 2015v2.1, 2015v3.0"
"/Return/ReturnData/IRS990ScheduleA/AmountsRcvdDsqlfyPersonGrp/CurrentTaxYearMinus4YearsAmt",9974,9974,"2015v2.0, 2015v2.1, 2015v3.0"
"/Return/ReturnData/IRS990ScheduleG/CntrctWith3rdPrtyForGameRevInd",9963,9963,"2015v2.0, 2015v2.1, 2015v3.0"
"/Return/ReturnData/IRS990/ProgSrvcAccomActyOtherGrp/GrantAmt",9908,6732,"2015v2.0, 2015v2.1, 2015v3.0"
"/Return/ReturnData/IRS990ScheduleD/ArtPublicExhibitionAmountsGrp",9875,9875,"2015v2.0, 2015v2.1, 2015v3.0"
"/Return/ReturnData/IRS990ScheduleF/TotalSpentAmt",9853,9853,"2015v2.0, 2015v2.1, 2015v3.0"
"/Return/ReturnData/IRS990/FeesForServicesProfFundraising/FundraisingAmt",9842,9842,"2015v2.0, 2015v2.1, 2015v3.0"
"/Return/ReturnData/IRS990ScheduleJ/RltdOrgOfficerTrstKeyEmplGrp/BusinessName",9755,1289,"2015v2.1, 2015v3.0"
"/Return/ReturnData/IRS990ScheduleJ/RltdOrgOfficerTrstKeyEmplGrp/BusinessName/BusinessNameLine1Txt",9755,1289,"2015v2.1, 2015v3.0"
"/Return/ReturnData/IRS990ScheduleF/SupplementalInformationDetail",9753,6835,"2015v2.0, 2015v2.1, 2015v3.0"
"/Return/ReturnData/IRS990ScheduleF/SupplementalInformationDetail/FormAndLineReferenceDesc",9752,6835,"2015v2.0, 2015v2.1, 2015v3.0"
"/Return/ReturnData/IRS990ScheduleF/SupplementalInformationDetail/ExplanationTxt",9747,6831,"2015v2.0, 2015v2.1, 2015v3.0"
"/Return/ReturnData/IRS990ScheduleC/SupplementalInformationDetail",9712,8862,"2015v2.0, 2015v2.1, 2015v3.0"
"/Return/ReturnData/IRS990ScheduleC/SupplementalInformationDetail/FormAndLineReferenceDesc",9709,8862,"2015v2.0, 2015v2.1, 2015v3.0"
"/Return/ReturnData/IRS990ScheduleC/SupplementalInformationDetail/ExplanationTxt",9698,8852,"2015v2.0, 2015v2.1, 2015v3.0"
"/Return/ReturnData/IRS990ScheduleK/TaxExemptBondsProceedsGrp/IssuanceCostsFromProceedsAmt",9659,4810,"2015v2.0, 2015v2.1, 2015v3.0"
"/Return/ReturnData/IRS990ScheduleG/FundraisingEventInformationGrp/RentFacilityCostsEvent2Amt",9656,9656,"2015v2.0, 2015v2.1, 2015v3.0"
"/Return/ReturnData/IRS990ScheduleJ/SubstantiationRequiredInd",9654,9654,"2015v2.0, 2015v2.1, 2015v3.0"
"/Return/ReturnData/IRS990ScheduleL/TotalBalanceDueAmt",9633,9633,"2015v2.0, 2015v2.1, 2015v3.0"
"/Return/ReturnData/IRS990ScheduleF/GrantsToOrgOutsideUSGrp/ValuationMethodUsedDesc",9632,1538,"2015v2.0, 2015v2.1, 2015v3.0"
"/Return/ReturnData/IRS990ScheduleG/CharitableDistributionRqrInd",9622,9622,"2015v2.0, 2015v2.1, 2015v3.0"
"/Return/ReturnData/IRS990ScheduleF/SubtotalSpentAmt",9473,9473,"2015v2.0, 2015v2.1, 2015v3.0"
"/Return/ReturnData/IRS990ScheduleD/CYEndwmtFundGrp/AdministrativeExpensesAmt",9425,9425,"2015v2.0, 2015v2.1, 2015v3.0"
"/Return/ReturnData/IRS990ScheduleA/Form990SchAType1SuprtOrgGrp",9346,9346,"2015v2.0, 2015v2.1, 2015v3.0"
"/Return/ReturnData/IRS990ScheduleA/Form990SchAType1SuprtOrgGrp/OperateBenefitNonSuprtOrgInd",9346,9346,"2015v2.0, 2015v2.1, 2015v3.0"
"/Return/ReturnData/IRS990ScheduleA/Form990SchAType1SuprtOrgGrp/PowerAppointMajorityDirTrstInd",9346,9346,"2015v2.0, 2015v2.1, 2015v3.0"
"/Return/ReturnData/IRS990ScheduleR/IdRelatedOrgTxblCorpTrGrp/LegalDomicileForeignCountryCd",9337,2364,"2015v2.0, 2015v2.1, 2015v3.0"
"/Return/ReturnData/IRS990/MiscellaneousRevenueGrp/RelatedOrExemptFuncIncomeAmt",9315,9315,"2015v2.0, 2015v2.1, 2015v3.0"
"/Return/ReturnData/IRS990ScheduleD/OtherLandBuildingsGrp/InvestmentCostOrOtherBasisAmt",9311,9311,"2015v2.0, 2015v2.1, 2015v3.0"
"/Return/ReturnData/IRS990ScheduleD/CYMinus1YrEndwmtFundGrp/AdministrativeExpensesAmt",9301,9301,"2015v2.0, 2015v2.1, 2015v3.0"
"/Return/ReturnData/IRS990/AddressChangeInd",9262,9262,"2015v2.0, 2015v2.1, 2015v3.0"
"/Return/ReturnData/IRS990ScheduleG/StatesWhereGamingConductedCd",9138,8414,"2015v2.0, 2015v2.1, 2015v3.0"
"/Return/ReturnData/IRS990ScheduleD/CYMinus2YrEndwmtFundGrp/AdministrativeExpensesAmt",9120,9120,"2015v2.0, 2015v2.1, 2015v3.0"
"/Return/ReturnData/IRS990ScheduleI/GrantsOtherAsstToIndivInUSGrp/NonCashAssistanceAmt",8954,5100,"2015v2.0, 2015v2.1, 2015v3.0"
"/Return/ReturnData/IRS990ScheduleK/TaxExemptBondsProceedsGrp/SubstantialCompletionYr",8941,4493,"2015v2.0, 2015v2.1, 2015v3.0"
"/Return/ReturnData/IRS990ScheduleD/InvestmentExpensesNotIncldAmt",8899,8899,"2015v2.0, 2015v2.1, 2015v3.0"
"/Return/ReturnData/IRS990ScheduleG/GamingInformationGrp/GrossRevenueTotalGamingAmt",8880,8880,"2015v2.0, 2015v2.1, 2015v3.0"
"/Return/ReturnData/IRS990ScheduleR/IdRelatedOrgTxblCorpTrGrp/ForeignAddress",8864,2200,"2015v2.0, 2015v2.1, 2015v3.0"
"/Return/ReturnData/IRS990ScheduleR/IdRelatedOrgTxblCorpTrGrp/ForeignAddress/AddressLine1Txt",8864,2200,"2015v2.0, 2015v2.1, 2015v3.0"
"/Return/ReturnData/IRS990ScheduleR/IdRelatedOrgTxblCorpTrGrp/ForeignAddress/CountryCd",8864,2200,"2015v2.0, 2015v2.1, 2015v3.0"
"/Return/ReturnData/IRS990ScheduleG/GamingInformationGrp/NetGamingIncomeSummaryAmt",8842,8842,"2015v2.0, 2015v2.1, 2015v3.0"
"/Return/ReturnData/IRS990ScheduleJ/Form990OfOtherOrganizationsInd",8831,8831,"2015v2.0, 2015v2.1, 2015v3.0"
"/Return/ReturnData/IRS990ScheduleA/SupportingOrgType1Ind",8819,8819,"2015v2.0, 2015v2.1, 2015v3.0"
"/Return/ReturnData/IRS990ScheduleD/InvestmentExpensesNotIncld2Amt",8792,8792,"2015v2.0, 2015v2.1, 2015v3.0"
"/Return/ReturnData/IRS990ScheduleD/CYMinus3YrEndwmtFundGrp/AdministrativeExpensesAmt",8744,8744,"2015v2.0, 2015v2.1, 2015v3.0"
"/Return/ReturnData/IRS990ScheduleG/FundraisingEventInformationGrp/CharitableContriOtherEventsAmt",8707,8707,"2015v2.0, 2015v2.1, 2015v3.0"
"/Return/ReturnData/IRS990ScheduleD/HeldWorksArtGrp",8674,8674,"2015v2.0, 2015v2.1, 2015v3.0"
"/Return/ReturnData/IRS990ScheduleD/AgentTrusteeEtcInd",8546,8546,"2015v2.0, 2015v2.1, 2015v3.0"
"/Return/ReturnData/IRS990ScheduleM/SecuritiesPubliclyTradedGrp",8534,8534,"2015v2.0, 2015v2.1, 2015v3.0"
"/Return/ReturnData/IRS990ScheduleD/FederalIncomeTaxLiabilityAmt",8515,8515,"2015v2.0, 2015v2.1, 2015v3.0"
"/Return/ReturnData/IRS990ScheduleL/LoansBtwnOrgInterestedPrsnGrp/LoanFromOrganizationInd",8514,3372,"2015v2.0, 2015v2.1, 2015v3.0"
"/Return/ReturnData/IRS990ScheduleG/GamingInformationGrp/DirectExpenseSummaryGamingAmt",8429,8429,"2015v2.0, 2015v2.1, 2015v3.0"
"/Return/ReturnData/IRS990ScheduleD/CYMinus4YrEndwmtFundGrp/AdministrativeExpensesAmt",8424,8424,"2015v2.0, 2015v2.1, 2015v3.0"
"/Return/ReturnData/IRS990/FeesForSrvcInvstMgmntFeesGrp/ProgramServicesAmt",8402,8402,"2015v2.0, 2015v2.1, 2015v3.0"
"/Return/ReturnData/IRS990/RoyaltiesRevenueGrp/ExclusionAmt",8352,8352,"2015v2.0, 2015v2.1, 2015v3.0"
"/Return/ReturnData/IRS990/PaymentsToAffiliatesGrp/ProgramServicesAmt",8349,8349,"2015v2.0, 2015v2.1, 2015v3.0"
"/Return/ReturnData/IRS990/NetIncomeOrLossGrp/ExclusionAmt",8328,8328,"2015v2.0, 2015v2.1, 2015v3.0"
"/Return/ReturnData/IRS990ScheduleK/TaxExemptBondsProceedsGrp/CapitalExpendituresAmt",8294,4267,"2015v2.0, 2015v2.1, 2015v3.0"
"/Return/ReturnData/IRS990/BenefitsToMembersGrp/ProgramServicesAmt",8260,8260,"2015v2.0, 2015v2.1, 2015v3.0"
"/Return/ReturnData/CompensationExplanation",8258,8105,"2015v2.0, 2015v2.1, 2015v3.0"
"/Return/ReturnData/IRS990ScheduleF/TotalEmployeeCnt",8174,8174,"2015v2.0, 2015v2.1, 2015v3.0"
"/Return/ReturnData/IRS990ScheduleK/TaxExemptBondsIssuesGrp/CUSIPNum",8166,3689,"2015v2.0, 2015v2.1, 2015v3.0"
"/Return/ReturnData/IRS990ScheduleG/FundraiserActivityInfoGrp",8153,5137,"2015v2.0, 2015v2.1, 2015v3.0"
"/Return/ReturnData/IRS990ScheduleR/IdRelatedOrgTxblCorpTrGrp/ForeignAddress/CityNm",8125,1989,"2015v2.0, 2015v2.1, 2015v3.0"
"/Return/ReturnData/IRS990/ForeignCountryCd",8117,3388,"2015v2.0, 2015v2.1, 2015v3.0"
"/Return/ReturnData/IRS990ScheduleG/PersonsWithBooksUSAddress",8078,8078,"2015v2.0, 2015v2.1, 2015v3.0"
"/Return/ReturnData/IRS990ScheduleG/PersonsWithBooksUSAddress/AddressLine1Txt",8078,8078,"2015v2.0, 2015v2.1, 2015v3.0"
"/Return/ReturnData/IRS990ScheduleG/PersonsWithBooksUSAddress/CityNm",8078,8078,"2015v2.0, 2015v2.1, 2015v3.0"
"/Return/ReturnData/IRS990ScheduleG/PersonsWithBooksUSAddress/StateAbbreviationCd",8078,8078,"2015v2.0, 2015v2.1, 2015v3.0"
"/Return/ReturnData/IRS990ScheduleG/PersonsWithBooksUSAddress/ZIPCd",8078,8078,"2015v2.0, 2015v2.1, 2015v3.0"
"/Return/ReturnData/IRS990ScheduleG/FundraiserActivityInfoGrp/FundraiserControlOfFundsInd",8064,5075,"2015v2.0, 2015v2.1, 2015v3.0"
"/Return/ReturnData/IRS990ScheduleJ/WrittenPolicyRefTAndEExpnssInd",8049,8049,"2015v2.0, 2015v2.1, 2015v3.0"
"/Return/ReturnData/IRS990/GroupExemptionNum",7886,7886,"2015v2.0, 2015v2.1, 2015v3.0"
"/Return/ReturnData/IRS990ScheduleG/FundraisingEventInformationGrp/CashPrizesTotalEventsAmt",7867,7867,"2015v2.0, 2015v2.1, 2015v3.0"
"/Return/ReturnData/IRS990ScheduleF/TotalOfficeCnt",7833,7833,"2015v2.0, 2015v2.1, 2015v3.0"
"/Return/ReturnData/IRS990/InfoInScheduleOPartVIIInd",7790,7790,"2015v2.0, 2015v2.1, 2015v3.0"
"/Return/ReturnData/IRS990ScheduleF/SubtotalEmployeesCnt",7788,7788,"2015v2.0, 2015v2.1, 2015v3.0"
"/Return/ReturnData/IRS990ScheduleM/SecuritiesPubliclyTradedGrp/NoncashContributionsRptF990Amt",7779,7779,"2015v2.0, 2015v2.1, 2015v3.0"
"/Return/ReturnData/IRS990ScheduleF/ForeignIndividualsGrantsGrp",7765,1974,"2015v2.0, 2015v2.1, 2015v3.0"
"/Return/ReturnData/IRS990ScheduleM/SecuritiesPubliclyTradedGrp/NonCashCheckboxInd",7765,7765,"2015v2.0, 2015v2.1, 2015v3.0"
"/Return/ReturnData/IRS990ScheduleG/FundraiserActivityInfoGrp/RetainedByContractorAmt",7746,4919,"2015v2.0, 2015v2.1, 2015v3.0"
"/Return/ReturnData/IRS990ScheduleG/FundraiserActivityInfoGrp/ActivityTxt",7737,4901,"2015v2.0, 2015v2.1, 2015v3.0"
"/Return/ReturnData/IRS990/DonatedServicesAndUseFcltsAmt",7736,7736,"2015v2.0, 2015v2.1, 2015v3.0"
"/Return/ReturnData/IRS990ScheduleM/SecuritiesPubliclyTradedGrp/ContributionCnt",7718,7718,"2015v2.0, 2015v2.1, 2015v3.0"
"/Return/ReturnData/IRS990ScheduleF/ForeignIndividualsGrantsGrp/TypeOfAssistanceTxt",7693,1940,"2015v2.0, 2015v2.1, 2015v3.0"
"/Return/ReturnData/IRS990ScheduleF/ForeignIndividualsGrantsGrp/RegionTxt",7688,1942,"2015v2.0, 2015v2.1, 2015v3.0"
"/Return/ReturnData/IRS990ScheduleM/SupplementalInformationDetail",7683,6628,"2015v2.0, 2015v2.1, 2015v3.0"
"/Return/ReturnData/IRS990ScheduleM/SupplementalInformationDetail/ExplanationTxt",7681,6626,"2015v2.0, 2015v2.1, 2015v3.0"
"/Return/ReturnData/IRS990ScheduleM/SupplementalInformationDetail/FormAndLineReferenceDesc",7681,6626,"2015v2.0, 2015v2.1, 2015v3.0"
"/Return/ReturnData/IRS990ScheduleG/GamingInformationGrp/VolunteerLaborOtherGamingInd",7673,7673,"2015v2.0, 2015v2.1, 2015v3.0"
"/Return/ReturnData/IRS990ScheduleD/LeaseholdImprovementsGrp/InvestmentCostOrOtherBasisAmt",7650,7650,"2015v2.0, 2015v2.1, 2015v3.0"
"/Return/ReturnData/IRS990ScheduleK/TaxExemptBondsProceedsGrp/RetiredAmt",7596,3813,"2015v2.0, 2015v2.1, 2015v3.0"
"/Return/ReturnData/IRS990/CompDisqualPersonsGrp/ProgramServicesAmt",7588,7588,"2015v2.0, 2015v2.1, 2015v3.0"
"/Return/ReturnData/IRS990ScheduleA/SubstantialContributorsAmtGrp/CurrentTaxYearMinus1YearAmt",7565,7565,"2015v2.0, 2015v2.1, 2015v3.0"
"/Return/ReturnData/IRS990ScheduleA/SubstantialContributorsAmtGrp/CurrentTaxYearAmt",7532,7532,"2015v2.0, 2015v2.1, 2015v3.0"
"/Return/ReturnData/IRS990/Form990PartVIISectionAGrp/InstitutionalTrusteeInd",7484,3033,"2015v2.0, 2015v2.1, 2015v3.0"
"/Return/ReturnData/IRS990ScheduleJ/IndependentConsultantInd",7484,7484,"2015v2.0, 2015v2.1, 2015v3.0"
"/Return/ReturnData/IRS990/NondeductibleContriDisclInd",7463,7463,"2015v2.0, 2015v2.1, 2015v3.0"
"/Return/ReturnData/IRS990ScheduleF/SubtotalOfficesCnt",7452,7452,"2015v2.0, 2015v2.1, 2015v3.0"
"/Return/ReturnData/IRS990EZ/GroupExemptionNum",7438,7438,"2015v2.0, 2015v2.1, 2015v3.0"
"/Return/ReturnData/IRS990ScheduleA/SubstantialContributorsAmtGrp/CurrentTaxYearMinus2YearsAmt",7425,7425,"2015v2.0, 2015v2.1, 2015v3.0"
"/Return/ReturnData/IRS990/FeesForServicesManagementGrp/FundraisingAmt",7379,7379,"2015v2.0, 2015v2.1, 2015v3.0"
"/Return/ReturnData/IRS990ScheduleG/GamingInformationGrp/OthDirectExpnssTotalGamingAmt",7341,7341,"2015v2.0, 2015v2.1, 2015v3.0"
"/Return/ReturnData/IRS990ScheduleA/SubstantialContributorsAmtGrp/CurrentTaxYearMinus3YearsAmt",7339,7339,"2015v2.0, 2015v2.1, 2015v3.0"
"/Return/ReturnData/IRS990/TypeOfOrganizationTrustInd",7316,7316,"2015v2.0, 2015v2.1, 2015v3.0"
"/Return/ReturnData/IRS990ScheduleF/ForeignIndividualsGrantsGrp/RecipientCnt",7300,1802,"2015v2.0, 2015v2.1, 2015v3.0"
"/Return/ReturnData/IRS990ScheduleM/SecuritiesPubliclyTradedGrp/MethodOfDeterminingRevenuesTxt",7273,7273,"2015v2.0, 2015v2.1, 2015v3.0"
"/Return/ReturnData/IRS990ScheduleF/GrantsToOrgOutsideUSGrp/DescriptionOfNonCashAsstTxt",7239,912,"2015v2.0, 2015v2.1, 2015v3.0"
"/Return/ReturnData/IRS990ScheduleG/FundraiserActivityInfoGrp/NetToOrganizationAmt",7238,4636,"2015v2.0, 2015v2.1, 2015v3.0"
"/Return/ReturnData/IRS990ScheduleG/FundraisingEventInformationGrp/FoodAndBeverageOtherEventsAmt",7218,7218,"2015v2.0, 2015v2.1, 2015v3.0"
"/Return/ReturnData/IRS990ScheduleA/SubstantialContributorsAmtGrp/CurrentTaxYearMinus4YearsAmt",7164,7164,"2015v2.0, 2015v2.1, 2015v3.0"
"/Return/ReturnData/IRS990ScheduleC/DirectContactLegislatorsInd",7157,7157,"2015v2.0, 2015v2.1, 2015v3.0"
"/Return/ReturnData/IRS990ScheduleC/PaidStaffOrManagementInd",7144,7144,"2015v2.0, 2015v2.1, 2015v3.0"
"/Return/ReturnData/IRS990ScheduleC/GrantsOtherOrganizationsInd",7125,7125,"2015v2.0, 2015v2.1, 2015v3.0"
"/Return/ReturnData/IRS990ScheduleC/MailingsMembersInd",7119,7119,"2015v2.0, 2015v2.1, 2015v3.0"
"/Return/ReturnData/IRS990ScheduleC/RalliesDemonstrationsInd",7118,7118,"2015v2.0, 2015v2.1, 2015v3.0"
"/Return/ReturnData/IRS990ScheduleC/MediaAdvertisementsInd",7111,7111,"2015v2.0, 2015v2.1, 2015v3.0"
"/Return/ReturnData/IRS990ScheduleC/PublicationsOrBroadcastInd",7107,7107,"2015v2.0, 2015v2.1, 2015v3.0"
"/Return/ReturnData/IRS990ScheduleC/VolunteersInd",7107,7107,"2015v2.0, 2015v2.1, 2015v3.0"
"/Return/ReturnData/IRS990ScheduleG/MailSolicitationsInd",7098,7098,"2015v2.0, 2015v2.1, 2015v3.0"
"/Return/ReturnData/IRS990ScheduleC/OtherActivitiesInd",7097,7097,"2015v2.0, 2015v2.1, 2015v3.0"
"/Return/ReturnData/IRS990ScheduleG/GamingInformationGrp/VolunteerLaborPullTabsInd",6978,6978,"2015v2.0, 2015v2.1, 2015v3.0"
"/Return/ReturnData/IRS990ScheduleG/FundraiserActivityInfoGrp/USAddress",6969,4502,"2015v2.0, 2015v2.1, 2015v3.0"
"/Return/ReturnData/IRS990ScheduleG/FundraiserActivityInfoGrp/USAddress/AddressLine1Txt",6969,4502,"2015v2.0, 2015v2.1, 2015v3.0"
"/Return/ReturnData/IRS990ScheduleG/FundraiserActivityInfoGrp/USAddress/CityNm",6969,4502,"2015v2.0, 2015v2.1, 2015v3.0"
"/Return/ReturnData/IRS990ScheduleG/FundraiserActivityInfoGrp/USAddress/StateAbbreviationCd",6969,4502,"2015v2.0, 2015v2.1, 2015v3.0"
"/Return/ReturnData/IRS990ScheduleG/FundraiserActivityInfoGrp/USAddress/ZIPCd",6969,4502,"2015v2.0, 2015v2.1, 2015v3.0"
"/Return/ReturnData/IRS990ScheduleC/NotDescribedSection501c3Ind",6922,6922,"2015v2.0, 2015v2.1, 2015v3.0"
"/Return/ReturnData/IRS990ScheduleG/FundraiserActivityInfoGrp/GrossReceiptsAmt",6898,4520,"2015v2.0, 2015v2.1, 2015v3.0"
"/Return/ReturnData/IRS990ScheduleG/IndividualWithBooksNm",6832,6832,"2015v2.0, 2015v2.1, 2015v3.0"
"/Return/ReturnData/IRS990ScheduleK",6826,6079,"2015v2.0, 2015v2.1, 2015v3.0"
"/Return/ReturnData/IRS990/NetRentalIncomeOrLossGrp/UnrelatedBusinessRevenueAmt",6818,6818,"2015v2.0, 2015v2.1, 2015v3.0"
"/Return/ReturnData/IRS990ScheduleF/GrantRecordsMaintainedInd",6812,6812,"2015v2.0, 2015v2.1, 2015v3.0"
"/Return/ReturnData/IRS990ScheduleF/ForeignIndividualsGrantsGrp/CashGrantAmt",6763,1692,"2015v2.0, 2015v2.1, 2015v3.0"
"/Return/ReturnData/IRS990/CompDisqualPersonsGrp/ManagementAndGeneralAmt",6749,6749,"2015v2.0, 2015v2.1, 2015v3.0"
"/Return/ReturnData/IRS990ScheduleD/CYEndwmtFundGrp/GrantsOrScholarshipsAmt",6730,6730,"2015v2.0, 2015v2.1, 2015v3.0"
"/Return/ReturnData/IRS990ScheduleD/CYMinus1YrEndwmtFundGrp/GrantsOrScholarshipsAmt",6681,6681,"2015v2.0, 2015v2.1, 2015v3.0"
"/Return/ReturnData/IRS990ScheduleG/GamingInformationGrp/VolunteerLaborBingoInd",6670,6670,"2015v2.0, 2015v2.1, 2015v3.0"
"/Return/ReturnData/IRS990ScheduleD/CYMinus2YrEndwmtFundGrp/GrantsOrScholarshipsAmt",6609,6609,"2015v2.0, 2015v2.1, 2015v3.0"
"/Return/ReturnData/IRS990ScheduleG/InPersonSolicitationsInd",6588,6588,"2015v2.0, 2015v2.1, 2015v3.0"
"/Return/ReturnData/IRS990ScheduleD/CYMinus3YrEndwmtFundGrp/GrantsOrScholarshipsAmt",6416,6416,"2015v2.0, 2015v2.1, 2015v3.0"
"/Return/ReturnData/IRS990EZ/InfoInScheduleOPartIVInd",6389,6389,"2015v2.0, 2015v2.1, 2015v3.0"
"/Return/ReturnData/IRS990ScheduleK/TaxExemptBondsProceedsGrp/OtherSpentProceedsAmt",6384,3154,"2015v2.0, 2015v2.1, 2015v3.0"
"/Return/ReturnData/IRS990ScheduleA/UnrelatedBusinessNetIncm170Grp/CurrentTaxYearAmt",6368,6368,"2015v2.0, 2015v2.1, 2015v3.0"
"/Return/ReturnData/IRS990ScheduleG/FundraisingEventInformationGrp/CashPrizesEvent1Amt",6305,6305,"2015v2.0, 2015v2.1, 2015v3.0"
"/Return/ReturnData/IRS990/WrittenPolicyOrProcedureInd",6268,6268,"2015v2.0, 2015v2.1, 2015v3.0"
"/Return/ReturnData/IRS990ScheduleA/UnrelatedBusinessNetIncm170Grp/CurrentTaxYearMinus1YearAmt",6260,6260,"2015v2.0, 2015v2.1, 2015v3.0"
"/Return/ReturnData/IRS990ScheduleF/ForeignIndividualsGrantsGrp/MannerOfCashDisbursementTxt",6245,1530,"2015v2.0, 2015v2.1, 2015v3.0"
"/Return/ReturnData/IRS990ScheduleD/CYMinus4YrEndwmtFundGrp/GrantsOrScholarshipsAmt",6231,6231,"2015v2.0, 2015v2.1, 2015v3.0"
"/Return/ReturnData/IRS990/MiscellaneousRevenueGrp/ExclusionAmt",6204,6204,"2015v2.0, 2015v2.1, 2015v3.0"
"/Return/ReturnData/IRS990ScheduleK/SupplementalInformationDetail",6188,2722,"2015v2.0, 2015v2.1, 2015v3.0"
"/Return/ReturnData/IRS990ScheduleK/SupplementalInformationDetail/FormAndLineReferenceDesc",6188,2722,"2015v2.0, 2015v2.1, 2015v3.0"
"/Return/ReturnData/IRS990ScheduleF/GrantsToOrgOutsideUSGrp/NonCashAssistanceAmt",6168,753,"2015v2.0, 2015v2.1, 2015v3.0"
"/Return/ReturnData/IRS990/InvestmentExpenseAmt",6103,6103,"2015v2.0, 2015v2.1, 2015v3.0"
"/Return/ReturnData/IRS990ScheduleA/UnrelatedBusinessNetIncm170Grp/CurrentTaxYearMinus2YearsAmt",6080,6080,"2015v2.0, 2015v2.1, 2015v3.0"
"/Return/ReturnData/IRS990ScheduleK/SupplementalInformationDetail/ExplanationTxt",6061,2703,"2015v2.0, 2015v2.1, 2015v3.0"
"/Return/ReturnData/IRS990ScheduleC/Section527PoliticalOrgGrp",6019,1695,"2015v2.0, 2015v2.1, 2015v3.0"
"/Return/ReturnData/IRS990/NetIncomeFromGamingGrp/ExclusionAmt",6018,6018,"2015v2.0, 2015v2.1, 2015v3.0"
"/Return/ReturnData/IRS990ScheduleC/Section527PoliticalOrgGrp/OrganizationBusinessName",6018,1694,"2015v2.0, 2015v2.1, 2015v3.0"
"/Return/ReturnData/IRS990ScheduleC/Section527PoliticalOrgGrp/OrganizationBusinessName/BusinessNameLine1Txt",6018,1694,"2015v2.0, 2015v2.1, 2015v3.0"
"/Return/ReturnData/IRS990ScheduleC/Section527PoliticalOrgGrp/USAddress",6017,1694,"2015v2.0, 2015v2.1, 2015v3.0"
"/Return/ReturnData/IRS990ScheduleC/Section527PoliticalOrgGrp/USAddress/AddressLine1Txt",6017,1694,"2015v2.0, 2015v2.1, 2015v3.0"
"/Return/ReturnData/IRS990ScheduleC/Section527PoliticalOrgGrp/USAddress/CityNm",6017,1694,"2015v2.0, 2015v2.1, 2015v3.0"
"/Return/ReturnData/IRS990ScheduleC/Section527PoliticalOrgGrp/USAddress/StateAbbreviationCd",6017,1694,"2015v2.0, 2015v2.1, 2015v3.0"
"/Return/ReturnData/IRS990ScheduleC/Section527PoliticalOrgGrp/USAddress/ZIPCd",6017,1694,"2015v2.0, 2015v2.1, 2015v3.0"
"/Return/ReturnData/IRS990/TotalOthProgramServiceRevGrp/UnrelatedBusinessRevenueAmt",5993,5993,"2015v2.0, 2015v2.1, 2015v3.0"
"/Return/ReturnData/IRS990/PaymentsToAffiliatesGrp/ManagementAndGeneralAmt",5981,5981,"2015v2.0, 2015v2.1, 2015v3.0"
"/Return/ReturnData/IRS990/FSAuditedBasisGrp/ConsolAndSepBasisFinclStmtInd",5921,5921,"2015v2.0, 2015v2.1, 2015v3.0"
"/Return/ReturnData/IRS990ScheduleC/TotalLobbyingExpendituresAmt",5882,5882,"2015v2.0, 2015v2.1, 2015v3.0"
"/Return/ReturnData/IRS990ScheduleK/TaxExemptBondsPrivateBusUseGrp/PrivateBusUseByOthersPct",5852,2638,"2015v2.0, 2015v2.1, 2015v3.0"
"/Return/ReturnData/IRS990ScheduleA/UnrelatedBusinessNetIncm170Grp/CurrentTaxYearMinus3YearsAmt",5849,5849,"2015v2.0, 2015v2.1, 2015v3.0"
"/Return/ReturnData/IRS990ScheduleF/ContinuationSpentAmt",5813,5813,"2015v2.0, 2015v2.1, 2015v3.0"
"/Return/ReturnData/IRS990ScheduleG/EmailSolicitationsInd",5812,5812,"2015v2.0, 2015v2.1, 2015v3.0"
"/Return/ReturnData/IRS990/FeesForServicesLobbyingGrp/ProgramServicesAmt",5797,5797,"2015v2.0, 2015v2.1, 2015v3.0"
"/Return/ReturnData/IRS990ScheduleG/GamingInformationGrp/CashPrizesTotalGamingAmt",5777,5777,"2015v2.0, 2015v2.1, 2015v3.0"
"/Return/ReturnData/IRS990ScheduleC/GrassrootsNontaxableGrp",5771,5771,"2015v2.0, 2015v2.1, 2015v3.0"
"/Return/ReturnData/IRS990ScheduleC/LobbyingNontaxableAmountGrp",5771,5771,"2015v2.0, 2015v2.1, 2015v3.0"
"/Return/ReturnData/IRS990ScheduleC/TotalExemptPurposeExpendGrp",5771,5771,"2015v2.0, 2015v2.1, 2015v3.0"
"/Return/ReturnData/IRS990ScheduleF/ContinutationTotalEmployeeCnt",5763,5763,"2015v2.1, 2015v3.0"
"/Return/ReturnData/IRS990ScheduleF/ContinutationTotalOfficeCnt",5749,5749,"2015v2.1, 2015v3.0"
"/Return/ReturnData/IRS990ScheduleM/ClothingAndHouseholdGoodsGrp",5711,5711,"2015v2.0, 2015v2.1, 2015v3.0"
"/Return/ReturnData/IRS990ScheduleD/SolicitedAssetsSaleInd",5665,5665,"2015v2.0, 2015v2.1, 2015v3.0"
"/Return/ReturnData/IRS990/TotalOthProgramServiceRevGrp/ExclusionAmt",5659,5659,"2015v2.0, 2015v2.1, 2015v3.0"
"/Return/ReturnData/IRS990ScheduleK/TaxExemptBondsProceedsGrp/InReserveFundAmt",5656,2672,"2015v2.0, 2015v2.1, 2015v3.0"
"/Return/ReturnData/IRS990ScheduleA/UnrelatedBusinessNetIncm170Grp/CurrentTaxYearMinus4YearsAmt",5606,5606,"2015v2.0, 2015v2.1, 2015v3.0"
"/Return/ReturnData/IRS990ScheduleC/OtherExemptPurposeExpendGrp",5576,5576,"2015v2.0, 2015v2.1, 2015v3.0"
"/Return/ReturnData/IRS990ScheduleG/FundraisingEventInformationGrp/EntertainmentEvent2Amt",5527,5527,"2015v2.0, 2015v2.1, 2015v3.0"
"/Return/ReturnData/IRS990/TypeOfOrganizationOtherInd",5517,5517,"2015v2.0, 2015v2.1, 2015v3.0"
"/Return/ReturnData/IRS990/FeesForServicesLobbyingGrp/ManagementAndGeneralAmt",5446,5446,"2015v2.0, 2015v2.1, 2015v3.0"
"/Return/ReturnData/IRS990ScheduleM/FoodInventoryGrp",5436,5436,"2015v2.0, 2015v2.1, 2015v3.0"
"/Return/ReturnData/IRS990ScheduleD/RelatedOrgListSchRInd",5431,5431,"2015v2.0, 2015v2.1, 2015v3.0"
"/Return/ReturnData/IRS990ScheduleR/SupplementalInformationDetail",5400,4266,"2015v2.0, 2015v2.1, 2015v3.0"
"/Return/ReturnData/IRS990ScheduleR/SupplementalInformationDetail/FormAndLineReferenceDesc",5394,4266,"2015v2.0, 2015v2.1, 2015v3.0"
"/Return/ReturnData/IRS990ScheduleC/TotalLobbyingExpendGrp",5375,5375,"2015v2.0, 2015v2.1, 2015v3.0"
"/Return/ReturnData/IRS990EZ/AddressChangeInd",5372,5372,"2015v2.0, 2015v2.1, 2015v3.0"
"/Return/ReturnData/IRS990ScheduleR/SupplementalInformationDetail/ExplanationTxt",5372,4249,"2015v2.0, 2015v2.1, 2015v3.0"
"/Return/ReturnData/IRS990/NetIncomeOrLossGrp/UnrelatedBusinessRevenueAmt",5314,5314,"2015v2.0, 2015v2.1, 2015v3.0"
"/Return/ReturnData/IRS990ScheduleG/FundraiserActivityInfoGrp/OrganizationBusinessName",5219,3488,"2015v2.0, 2015v2.1, 2015v3.0"
"/Return/ReturnData/IRS990ScheduleG/FundraiserActivityInfoGrp/OrganizationBusinessName/BusinessNameLine1Txt",5219,3488,"2015v2.0, 2015v2.1, 2015v3.0"
"/Return/ReturnData/IRS990ScheduleA/NetIncomeFromOtherUBIGrp/CurrentTaxYearAmt",5151,5151,"2015v2.0, 2015v2.1, 2015v3.0"
"/Return/ReturnData/IRS990ScheduleC/DuesAssessmentsAmt",5134,5134,"2015v2.0, 2015v2.1, 2015v3.0"
"/Return/ReturnData/IRS990/NetIncomeFromGamingGrp/RelatedOrExemptFuncIncomeAmt",5112,5112,"2015v2.0, 2015v2.1, 2015v3.0"
"/Return/ReturnData/IRS990ScheduleG/FundraisingEventInformationGrp/RentFcltyCostsOtherEventsAmt",5105,5105,"2015v2.0, 2015v2.1, 2015v3.0"
"/Return/ReturnData/IRS990/RoyaltiesRevenueGrp/RelatedOrExemptFuncIncomeAmt",5073,5073,"2015v2.0, 2015v2.1, 2015v3.0"
"/Return/ReturnData/IRS990ScheduleC/TotalDirectLobbyingGrp",5027,5027,"2015v2.0, 2015v2.1, 2015v3.0"
"/Return/ReturnData/IRS990ScheduleA/NetIncomeFromOtherUBIGrp/CurrentTaxYearMinus1YearAmt",4990,4990,"2015v2.0, 2015v2.1, 2015v3.0"
"/Return/ReturnData/IRS990/BooksInCareOfDetail/USAddress/AddressLine2Txt",4977,4977,"2015v2.1, 2015v3.0"
"/Return/ReturnData/IRS990ScheduleA/ChurchInd",4972,4972,"2015v2.0, 2015v2.1, 2015v3.0"
"/Return/ReturnData/IRS990ScheduleG/GamingInformationGrp/GrossRevenueOtherGamingAmt",4963,4963,"2015v2.0, 2015v2.1, 2015v3.0"
"/Return/ReturnData/IRS990/PrincipalOfcrBusinessName",4956,4956,"2015v2.0, 2015v2.1, 2015v3.0"
"/Return/ReturnData/IRS990/PrincipalOfcrBusinessName/BusinessNameLine1Txt",4956,4956,"2015v2.0, 2015v2.1, 2015v3.0"
"/Return/ReturnData/IRS990ScheduleG/TotalRetainedByContractorsAmt",4934,4934,"2015v2.0, 2015v2.1, 2015v3.0"
"/Return/ReturnData/IRS990ScheduleG/FundraisingEventInformationGrp/NonCashPrizesEvent2Amt",4932,4932,"2015v2.0, 2015v2.1, 2015v3.0"
"/Return/ReturnData/IRS990/MethodOfAccountingOtherInd",4909,4909,"2015v2.0, 2015v2.1, 2015v3.0"
"/Return/ReturnData/IRS990ScheduleA/NetIncomeFromOtherUBIGrp/CurrentTaxYearMinus2YearsAmt",4895,4895,"2015v2.0, 2015v2.1, 2015v3.0"
"/Return/ReturnData/IRS990ScheduleD/TotalBookValueProgramRltdAmt",4852,4852,"2015v2.0, 2015v2.1, 2015v3.0"
"/Return/ReturnData/IRS990/FeesForSrvcInvstMgmntFeesGrp/FundraisingAmt",4844,4844,"2015v2.0, 2015v2.1, 2015v3.0"
"/Return/ReturnData/IRS990ScheduleL/SupplementalInformationDetail",4840,4185,"2015v2.0, 2015v2.1, 2015v3.0"
"/Return/ReturnData/IRS990ScheduleL/SupplementalInformationDetail/FormAndLineReferenceDesc",4833,4185,"2015v2.0, 2015v2.1, 2015v3.0"
"/Return/ReturnData/IRS990ScheduleL/SupplementalInformationDetail/ExplanationTxt",4816,4169,"2015v2.0, 2015v2.1, 2015v3.0"
"/Return/ReturnData/IRS990/CompDisqualPersonsGrp/FundraisingAmt",4814,4814,"2015v2.0, 2015v2.1, 2015v3.0"
"/Return/ReturnData/CompensationExplanation/CompensationExplanationGrp",4783,1923,"2015v2.0, 2015v2.1, 2015v3.0"
"/Return/ReturnData/IRS990ScheduleG/SolicitationOfNonGovtGrantsInd",4777,4777,"2015v2.0, 2015v2.1, 2015v3.0"
"/Return/ReturnData/IRS990ScheduleA/NetIncomeFromOtherUBIGrp/CurrentTaxYearMinus3YearsAmt",4757,4757,"2015v2.0, 2015v2.1, 2015v3.0"
"/Return/ReturnData/CompensationExplanation/CompensationExplanationGrp/PersonNm",4755,1905,"2015v2.1, 2015v3.0"
"/Return/ReturnData/IRS990ScheduleD/ExplanationProvidedInd",4746,4746,"2015v2.0, 2015v2.1, 2015v3.0"
"/Return/ReturnData/IRS990ScheduleK/TaxExemptBondsPrivateBusUseGrp/TotalPrivateBusinessUsePct",4731,2265,"2015v2.0, 2015v2.1, 2015v3.0"
"/Return/ReturnData/CompensationExplanation/CompensationExplanationGrp/ShortExplanationTxt",4691,1869,"2015v2.0, 2015v2.1, 2015v3.0"
"/Return/ReturnData/IRS990ScheduleR/IdRelatedOrgTxblCorpTrGrp/ForeignAddress/ForeignPostalCd",4677,1009,"2015v2.0, 2015v2.1, 2015v3.0"
"/Return/ReturnData/IRS990/RoyaltiesGrp/ProgramServicesAmt",4654,4654,"2015v2.0, 2015v2.1, 2015v3.0"
"/Return/ReturnData/IRS990ScheduleA/Form990SchAType3SprtOrgAllGrp",4644,4644,"2015v2.0, 2015v2.1, 2015v3.0"
"/Return/ReturnData/IRS990ScheduleA/Form990SchAType3SprtOrgAllGrp/OfficersCloseRelationshipInd",4644,4644,"2015v2.0, 2015v2.1, 2015v3.0"
"/Return/ReturnData/IRS990ScheduleA/Form990SchAType3SprtOrgAllGrp/SupportedOrgVoiceInvestmentInd",4644,4644,"2015v2.0, 2015v2.1, 2015v3.0"
"/Return/ReturnData/IRS990ScheduleA/Form990SchAType3SprtOrgAllGrp/TimelyProvidedDocumentsInd",4644,4644,"2015v2.0, 2015v2.1, 2015v3.0"
"/Return/ReturnData/IRS990ScheduleG/PhoneSolicitationsInd",4579,4579,"2015v2.0, 2015v2.1, 2015v3.0"
"/Return/ReturnData/IRS990ScheduleA/GovtFurnSrvcFcltsVl170Grp/CurrentTaxYearMinus2YearsAmt",4556,4556,"2015v2.0, 2015v2.1, 2015v3.0"
"/Return/ReturnData/IRS990ScheduleC/Section527PoliticalOrgGrp/PaidInternalFundsAmt",4554,860,"2015v2.0, 2015v2.1, 2015v3.0"
"/Return/ReturnData/IRS990ScheduleA/GovtFurnSrvcFcltsVl170Grp/CurrentTaxYearMinus3YearsAmt",4552,4552,"2015v2.0, 2015v2.1, 2015v3.0"
"/Return/ReturnData/IRS990ScheduleA/GovtFurnSrvcFcltsVl170Grp/CurrentTaxYearMinus1YearAmt",4551,4551,"2015v2.0, 2015v2.1, 2015v3.0"
"/Return/ReturnData/IRS990ScheduleG/TotalNetToOrganizationAmt",4534,4534,"2015v2.0, 2015v2.1, 2015v3.0"
"/Return/ReturnData/IRS990ScheduleC/TotLbbyExpendMnsLbbyngNonTxGrp",4528,4528,"2015v2.0, 2015v2.1, 2015v3.0"
"/Return/ReturnData/IRS990ScheduleA/GovtFurnSrvcFcltsVl170Grp/CurrentTaxYearMinus4YearsAmt",4497,4497,"2015v2.0, 2015v2.1, 2015v3.0"
"/Return/ReturnData/IRS990ScheduleA/NetIncomeFromOtherUBIGrp/CurrentTaxYearMinus4YearsAmt",4493,4493,"2015v2.0, 2015v2.1, 2015v3.0"
"/Return/ReturnData/IRS990ScheduleC/TotLbbyngGrassrootMnsNonTxGrp",4482,4482,"2015v2.0, 2015v2.1, 2015v3.0"
"/Return/ReturnData/IRS990/IncmFromInvestBondProceedsGrp/ExclusionAmt",4341,4341,"2015v2.0, 2015v2.1, 2015v3.0"
"/Return/ReturnData/IRS990EZ/InitialReturnInd",4332,4332,"2015v2.0, 2015v2.1, 2015v3.0"
"/Return/ReturnData/IRS990ScheduleA/GovtFurnSrvcFcltsVl170Grp/CurrentTaxYearAmt",4324,4324,"2015v2.0, 2015v2.1, 2015v3.0"
"/Return/ReturnData/IRS990/OtherInd",4309,4309,"2015v2.0, 2015v2.1, 2015v3.0"
"/Return/ReturnData/IRS990ScheduleR/IdRelatedOrgTxblCorpTrGrp/ForeignAddress/ProvinceOrStateNm",4305,994,"2015v2.0, 2015v2.1, 2015v3.0"
"/Return/ReturnData/IRS990ScheduleM/ClothingAndHouseholdGoodsGrp/NoncashContributionsRptF990Amt",4297,4297,"2015v2.0, 2015v2.1, 2015v3.0"
"/Return/ReturnData/IRS990ScheduleK/TaxExemptBondsProceedsGrp/CapitalizedInterestAmt",4295,1966,"2015v2.0, 2015v2.1, 2015v3.0"
"/Return/ReturnData/IRS990ScheduleC/AvgLobbyingNontaxableAmountGrp",4286,4286,"2015v2.0, 2015v2.1, 2015v3.0"
"/Return/ReturnData/IRS990ScheduleC/AvgLobbyingNontaxableAmountGrp/TotalAmt",4270,4270,"2015v2.0, 2015v2.1, 2015v3.0"
"/Return/ReturnData/IRS990ScheduleC/LobbyingCeilingAmt",4269,4269,"2015v2.0, 2015v2.1, 2015v3.0"
"/Return/ReturnData/IRS990ScheduleC/AvgGrassrootsNontaxableGrp",4268,4268,"2015v2.0, 2015v2.1, 2015v3.0"
"/Return/ReturnData/IRS990ScheduleK/TaxExemptBondsProceedsGrp/RefundingEscrowAmt",4264,1949,"2015v2.0, 2015v2.1, 2015v3.0"
"/Return/ReturnData/IRS990/MiscellaneousRevenueGrp/UnrelatedBusinessRevenueAmt",4262,4262,"2015v2.0, 2015v2.1, 2015v3.0"
"/Return/ReturnData/IRS990ScheduleC/AvgGrassrootsNontaxableGrp/TotalAmt",4249,4249,"2015v2.0, 2015v2.1, 2015v3.0"
"/Return/ReturnData/IRS990ScheduleC/GrassrootsCeilingAmt",4249,4249,"2015v2.0, 2015v2.1, 2015v3.0"
"/Return/ReturnData/IRS990ScheduleC/NonDeductibleLbbyngPltclTotAmt",4224,4224,"2015v2.0, 2015v2.1, 2015v3.0"
"/Return/ReturnData/IRS990ScheduleN/LiquidationOfAssetsTableGrp/LiquidationOfAssetsDetail",4172,2196,"2015v2.0, 2015v2.1, 2015v3.0"
"/Return/ReturnData/IRS990ScheduleM/ClothingAndHouseholdGoodsGrp/NonCashCheckboxInd",4170,4170,"2015v2.0, 2015v2.1, 2015v3.0"
"/Return/ReturnData/IRS990ScheduleN/LiquidationOfAssetsTableGrp/LiquidationOfAssetsDetail/AssetsDistriOrExpnssPaidDesc",4154,2182,"2015v2.0, 2015v2.1, 2015v3.0"
"/Return/ReturnData/IRS990/InfoInScheduleOPartVInd",4150,4150,"2015v2.0, 2015v2.1, 2015v3.0"
"/Return/ReturnData/IRS990ScheduleG/FundraisingEventInformationGrp/EntertainmentOtherEventsAmt",4150,4150,"2015v2.0, 2015v2.1, 2015v3.0"
"/Return/ReturnData/IRS990ScheduleC/GrassrootsNontaxableGrp/FilingOrganizationsTotalAmt",4142,4142,"2015v2.0, 2015v2.1, 2015v3.0"
"/Return/ReturnData/IRS990ScheduleC/TotalExemptPurposeExpendGrp/FilingOrganizationsTotalAmt",4142,4142,"2015v2.0, 2015v2.1, 2015v3.0"
"/Return/ReturnData/IRS990ScheduleC/LobbyingNontaxableAmountGrp/FilingOrganizationsTotalAmt",4140,4140,"2015v2.0, 2015v2.1, 2015v3.0"
"/Return/ReturnData/IRS990ScheduleD/CollectionUsedPubExhibitionInd",4134,4134,"2015v2.0, 2015v2.1, 2015v3.0"
"/Return/ReturnData/IRS990ScheduleC/NonDeductibleLbbyngPltclCYAmt",4114,4114,"2015v2.0, 2015v2.1, 2015v3.0"
"/Return/ReturnData/IRS990ScheduleG/GamingOwnFacilityPct",4112,4112,"2015v2.0, 2015v2.1, 2015v3.0"
"/Return/ReturnData/IRS990/RoyaltiesRevenueGrp/UnrelatedBusinessRevenueAmt",4045,4045,"2015v2.0, 2015v2.1, 2015v3.0"
"/Return/ReturnData/IRS990ScheduleG/GamingInformationGrp/GrossRevenuePullTabsAmt",4032,4032,"2015v2.0, 2015v2.1, 2015v3.0"
"/Return/ReturnData/IRS990/OtherOrganizationDsc",4029,4029,"2015v2.1, 2015v3.0"
"/Return/ReturnData/IRS990ScheduleC/AvgLobbyingNontaxableAmountGrp/CurrentYearAmt",4019,4019,"2015v2.0, 2015v2.1, 2015v3.0"
"/Return/ReturnData/IRS990ScheduleC/AvgGrassrootsNontaxableGrp/CurrentYearAmt",4008,4008,"2015v2.0, 2015v2.1, 2015v3.0"
"/Return/ReturnData/IRS990ScheduleG/GamingManagerServicesProvTxt",3999,3999,"2015v2.0, 2015v2.1, 2015v3.0"
"/Return/ReturnData/IRS990ScheduleM/FoodInventoryGrp/NoncashContributionsRptF990Amt",3978,3978,"2015v2.0, 2015v2.1, 2015v3.0"
"/Return/ReturnData/IRS990ScheduleK/TaxExemptBondsProceedsGrp/UnspentAmt",3967,1808,"2015v2.0, 2015v2.1, 2015v3.0"
"/Return/ReturnData/IRS990EZ/TypeOfOrganizationOtherInd",3964,3964,"2015v2.0, 2015v2.1, 2015v3.0"
"/Return/ReturnData/IRS990ScheduleG/GamingManagerPersonNm",3964,3964,"2015v2.0, 2015v2.1, 2015v3.0"
"/Return/ReturnData/IRS990ScheduleC/OtherExemptPurposeExpendGrp/FilingOrganizationsTotalAmt",3945,3945,"2015v2.0, 2015v2.1, 2015v3.0"
"/Return/ReturnData/IRS990/IncmFromInvestBondProceedsGrp/RelatedOrExemptFuncIncomeAmt",3944,3944,"2015v2.0, 2015v2.1, 2015v3.0"
"/Return/ReturnData/IRS990/InitiationFeesAndCapContriAmt",3943,3943,"2015v2.0, 2015v2.1, 2015v3.0"
"/Return/ReturnData/IRS990ScheduleM/ClothingAndHouseholdGoodsGrp/MethodOfDeterminingRevenuesTxt",3934,3934,"2015v2.0, 2015v2.1, 2015v3.0"
"/Return/ReturnData/IRS990ScheduleA/HospitalInd",3892,3892,"2015v2.0, 2015v2.1, 2015v3.0"
"/Return/ReturnData/IRS990ScheduleN/LiquidationOfAssetsTableGrp/LiquidationOfAssetsDetail/DistributionDt",3884,1944,"2015v2.0, 2015v2.1, 2015v3.0"
"/Return/ReturnData/IRS990ScheduleC/AvgLobbyingNontaxableAmountGrp/CurrentYearMinus1Amt",3875,3875,"2015v2.0, 2015v2.1, 2015v3.0"
"/Return/ReturnData/IRS990ScheduleM/FoodInventoryGrp/NonCashCheckboxInd",3867,3867,"2015v2.0, 2015v2.1, 2015v3.0"
"/Return/ReturnData/IRS990ScheduleK/TaxExemptBondsPrivateBusUseGrp/PrivateBusConcerningUBIPct",3864,1863,"2015v2.0, 2015v2.1, 2015v3.0"
"/Return/ReturnData/IRS990ScheduleC/AvgTotalLobbyingExpendGrp",3860,3860,"2015v2.0, 2015v2.1, 2015v3.0"
"/Return/ReturnData/IRS990/PaymentsToAffiliatesGrp/FundraisingAmt",3854,3854,"2015v2.0, 2015v2.1, 2015v3.0"
"/Return/ReturnData/IRS990ScheduleK/TaxExemptBondsProceedsGrp/CreditEnhancementAmt",3851,1681,"2015v2.0, 2015v2.1, 2015v3.0"
"/Return/ReturnData/IRS990ScheduleA/TaxRevLeviedOrgnztnlBnft170Grp/CurrentTaxYearMinus2YearsAmt",3844,3844,"2015v2.0, 2015v2.1, 2015v3.0"
"/Return/ReturnData/IRS990ScheduleC/AvgGrassrootsNontaxableGrp/CurrentYearMinus1Amt",3842,3842,"2015v2.0, 2015v2.1, 2015v3.0"
"/Return/ReturnData/IRS990ScheduleG/TotalGrossReceiptsAmt",3833,3833,"2015v2.0, 2015v2.1, 2015v3.0"
"/Return/ReturnData/IRS990ScheduleC/TotalGrassrootsLobbyingGrp",3830,3830,"2015v2.0, 2015v2.1, 2015v3.0"
"/Return/ReturnData/IRS990ScheduleA/TaxRevLeviedOrgnztnlBnft170Grp/CurrentTaxYearMinus1YearAmt",3824,3824,"2015v2.0, 2015v2.1, 2015v3.0"
"/Return/ReturnData/IRS990ScheduleC/AvgTotalLobbyingExpendGrp/TotalAmt",3817,3817,"2015v2.0, 2015v2.1, 2015v3.0"
"/Return/ReturnData/IRS990ScheduleK/TaxExemptBondsProceedsGrp/WorkingCapitalExpendituresAmt",3817,1640,"2015v2.0, 2015v2.1, 2015v3.0"
"/Return/ReturnData/ReasonableCauseExplanation",3817,3817,"2015v2.0, 2015v2.1, 2015v3.0"
"/Return/ReturnData/ReasonableCauseExplanation/ExplanationTxt",3817,3817,"2015v2.0, 2015v2.1, 2015v3.0"
"/Return/ReturnData/IRS990ScheduleA/TaxRevLeviedOrgnztnlBnft170Grp/CurrentTaxYearMinus3YearsAmt",3816,3816,"2015v2.0, 2015v2.1, 2015v3.0"
"/Return/ReturnData/IRS990ScheduleA/TaxRevLeviedOrgnztnlBnft170Grp/CurrentTaxYearMinus4YearsAmt",3793,3793,"2015v2.0, 2015v2.1, 2015v3.0"
"/Return/ReturnData/IRS990ScheduleN/LiquidationOfAssetsTableGrp/LiquidationOfAssetsDetail/FairMarketValueOfAssetAmt",3784,1866,"2015v2.0, 2015v2.1, 2015v3.0"
"/Return/ReturnData/IRS990/IncmFromInvestBondProceedsGrp/UnrelatedBusinessRevenueAmt",3748,3748,"2015v2.0, 2015v2.1, 2015v3.0"
"/Return/ReturnData/IRS990ScheduleC/AggregateReportedDuesNtcAmt",3744,3744,"2015v2.0, 2015v2.1, 2015v3.0"
"/Return/ReturnData/IRS990ScheduleC/AvgLobbyingNontaxableAmountGrp/CurrentYearMinus2Amt",3724,3724,"2015v2.0, 2015v2.1, 2015v3.0"
"/Return/ReturnData/IRS990/GrossReceiptsForPublicUseAmt",3702,3702,"2015v2.0, 2015v2.1, 2015v3.0"
"/Return/ReturnData/IRS990ScheduleM/Form8283ReceivedCnt",3695,3695,"2015v2.0, 2015v2.1, 2015v3.0"
"/Return/ReturnData/IRS990ScheduleC/AvgGrassrootsNontaxableGrp/CurrentYearMinus2Amt",3693,3693,"2015v2.0, 2015v2.1, 2015v3.0"
"/Return/ReturnData/IRS990ScheduleC/TotalLobbyingExpendGrp/FilingOrganizationsTotalAmt",3686,3686,"2015v2.0, 2015v2.1, 2015v3.0"
"/Return/ReturnData/IRS990/PymtTravelEntrtnmntPubOfclGrp/ProgramServicesAmt",3676,3676,"2015v2.0, 2015v2.1, 2015v3.0"
"/Return/ReturnData/IRS990ScheduleK/TaxExemptBondsProceedsGrp/BondDefeasedAmt",3668,1516,"2015v2.0, 2015v2.1, 2015v3.0"
"/Return/ReturnData/IRS990ScheduleK/TaxExemptBondsArbitrageGrp/HedgeProviderName",3642,1832,"2015v2.0, 2015v2.1, 2015v3.0"
"/Return/ReturnData/IRS990ScheduleK/TaxExemptBondsArbitrageGrp/HedgeProviderName/BusinessNameLine1Txt",3642,1832,"2015v2.0, 2015v2.1, 2015v3.0"
"/Return/ReturnData/IRS990ScheduleH/HospitalFacilitiesGrp",3635,2397,"2015v2.0, 2015v2.1, 2015v3.0"
"/Return/ReturnData/IRS990ScheduleH/HospitalFacilitiesGrp/FacilityNum",3635,2397,"2015v2.0, 2015v2.1, 2015v3.0"
"/Return/ReturnData/IRS990ScheduleH/HospitalFacilitiesGrp/BusinessName",3633,2396,"2015v2.0, 2015v2.1, 2015v3.0"
"/Return/ReturnData/IRS990ScheduleH/HospitalFacilitiesGrp/BusinessName/BusinessNameLine1Txt",3633,2396,"2015v2.0, 2015v2.1, 2015v3.0"
"/Return/ReturnData/IRS990ScheduleH/HospitalFacilitiesGrp/USAddress",3629,2391,"2015v2.0, 2015v2.1, 2015v3.0"
"/Return/ReturnData/IRS990ScheduleH/HospitalFacilitiesGrp/USAddress/AddressLine1Txt",3629,2391,"2015v2.0, 2015v2.1, 2015v3.0"
"/Return/ReturnData/IRS990ScheduleH/HospitalFacilitiesGrp/USAddress/CityNm",3629,2391,"2015v2.0, 2015v2.1, 2015v3.0"
"/Return/ReturnData/IRS990ScheduleH/HospitalFacilitiesGrp/USAddress/StateAbbreviationCd",3629,2391,"2015v2.0, 2015v2.1, 2015v3.0"
"/Return/ReturnData/IRS990ScheduleH/HospitalFacilitiesGrp/USAddress/ZIPCd",3629,2391,"2015v2.0, 2015v2.1, 2015v3.0"
"/Return/ReturnData/IRS990ScheduleG/GamingOtherFacilityPct",3599,3599,"2015v2.0, 2015v2.1, 2015v3.0"
"/Return/ReturnData/IRS990ScheduleA/TaxRevLeviedOrgnztnlBnft170Grp/CurrentTaxYearAmt",3597,3597,"2015v2.0, 2015v2.1, 2015v3.0"
"/Return/ReturnData/IRS990ScheduleC/Form1120POLFiledInd",3593,3593,"2015v2.0, 2015v2.1, 2015v3.0"
"/Return/ReturnData/IRS990ScheduleC/Section527PoliticalOrgGrp/EIN",3590,1366,"2015v2.0, 2015v2.1, 2015v3.0"
"/Return/ReturnData/IRS990ScheduleJ/RebuttablePresumptionProcInd",3563,3563,"2015v2.0, 2015v2.1, 2015v3.0"
"/Return/ReturnData/IRS990ScheduleN/LiquidationOfAssetsTableGrp/LiquidationOfAssetsDetail/USAddress",3559,1751,"2015v2.0, 2015v2.1, 2015v3.0"
"/Return/ReturnData/IRS990ScheduleN/LiquidationOfAssetsTableGrp/LiquidationOfAssetsDetail/USAddress/AddressLine1Txt",3559,1751,"2015v2.0, 2015v2.1, 2015v3.0"
"/Return/ReturnData/IRS990ScheduleN/LiquidationOfAssetsTableGrp/LiquidationOfAssetsDetail/USAddress/CityNm",3559,1751,"2015v2.0, 2015v2.1, 2015v3.0"
"/Return/ReturnData/IRS990ScheduleN/LiquidationOfAssetsTableGrp/LiquidationOfAssetsDetail/USAddress/StateAbbreviationCd",3559,1751,"2015v2.0, 2015v2.1, 2015v3.0"
"/Return/ReturnData/IRS990ScheduleN/LiquidationOfAssetsTableGrp/LiquidationOfAssetsDetail/USAddress/ZIPCd",3559,1751,"2015v2.0, 2015v2.1, 2015v3.0"
"/Return/ReturnData/IRS990ScheduleM/FoodInventoryGrp/MethodOfDeterminingRevenuesTxt",3549,3549,"2015v2.0, 2015v2.1, 2015v3.0"
"/Return/ReturnData/IRS990ScheduleC/AvgLobbyingNontaxableAmountGrp/CurrentYearMinus3Amt",3542,3542,"2015v2.0, 2015v2.1, 2015v3.0"
"/Return/ReturnData/IRS990ScheduleN",3537,3537,"2015v2.0, 2015v2.1, 2015v3.0"
"/Return/ReturnData/IRS990ScheduleC/AvgGrassrootsNontaxableGrp/CurrentYearMinus3Amt",3511,3511,"2015v2.0, 2015v2.1, 2015v3.0"
"/Return/ReturnData/IRS990ScheduleN/LiquidationOfAssetsTableGrp/LiquidationOfAssetsDetail/MethodOfFMVDeterminationTxt",3467,1698,"2015v2.0, 2015v2.1, 2015v3.0"
"/Return/ReturnData/IRS990ScheduleM/FoodInventoryGrp/ContributionCnt",3453,3453,"2015v2.0, 2015v2.1, 2015v3.0"
"/Return/ReturnData/IRS990ScheduleH/HospitalFacilitiesGrp/LicensedHospitalInd",3429,2332,"2015v2.0, 2015v2.1, 2015v3.0"
"/Return/ReturnData/IRS990ScheduleC/AvgTotalLobbyingExpendGrp/CurrentYearAmt",3416,3416,"2015v2.0, 2015v2.1, 2015v3.0"
"/Return/ReturnData/IRS990ScheduleF/Total501c3OrgCnt",3414,3414,"2015v2.0, 2015v2.1, 2015v3.0"
"/Return/ReturnData/IRS990/GrossRentsGrp/PersonalAmt",3371,3371,"2015v2.0, 2015v2.1, 2015v3.0"
"/Return/ReturnData/IRS990ScheduleG/GamingInformationGrp/GrossRevenueBingoAmt",3347,3347,"2015v2.0, 2015v2.1, 2015v3.0"
"/Return/ReturnData/IRS990ScheduleG/GamingInformationGrp/OtherDirectExpensesPullTabsAmt",3339,3339,"2015v2.0, 2015v2.1, 2015v3.0"
"/Return/ReturnData/IRS990ScheduleC/TotalDirectLobbyingGrp/FilingOrganizationsTotalAmt",3324,3324,"2015v2.0, 2015v2.1, 2015v3.0"
"/Return/ReturnData/IRS990ScheduleN/LiquidationOfAssetsTableGrp/LiquidationOfAssetsDetail/IRCSectionTxt",3302,1642,"2015v2.0, 2015v2.1, 2015v3.0"
"/Return/ReturnData/IRS990ScheduleC/AvgTotalLobbyingExpendGrp/CurrentYearMinus1Amt",3289,3289,"2015v2.0, 2015v2.1, 2015v3.0"
"/Return/ReturnData/IRS990/PymtTravelEntrtnmntPubOfclGrp/ManagementAndGeneralAmt",3288,3288,"2015v2.0, 2015v2.1, 2015v3.0"
"/Return/ReturnData/IRS990ScheduleG/GamingInformationGrp/OthDirectExpnssOtherGamingAmt",3261,3261,"2015v2.0, 2015v2.1, 2015v3.0"
"/Return/ReturnData/IRS990ScheduleD/CollectionUsedPreservationInd",3258,3258,"2015v2.0, 2015v2.1, 2015v3.0"
"/Return/ReturnData/IRS990ScheduleC/AvgTotalLobbyingExpendGrp/CurrentYearMinus2Amt",3192,3192,"2015v2.0, 2015v2.1, 2015v3.0"
"/Return/ReturnData/IRS990/FeesForServicesLobbyingGrp/FundraisingAmt",3186,3186,"2015v2.0, 2015v2.1, 2015v3.0"
"/Return/ReturnData/IRS990ScheduleJ/ClubDuesOrFeesInd",3165,3165,"2015v2.0, 2015v2.1, 2015v3.0"
"/Return/ReturnData/IRS990ScheduleG/SolicitationOfGovtGrantsInd",3131,3131,"2015v2.0, 2015v2.1, 2015v3.0"
"/Return/ReturnData/IRS990ScheduleA/GovtFurnSrvcFcltsVl509Grp/CurrentTaxYearMinus2YearsAmt",3110,3110,"2015v2.0, 2015v2.1, 2015v3.0"
"/Return/ReturnData/IRS990ScheduleA/GovtFurnSrvcFcltsVl509Grp/CurrentTaxYearMinus3YearsAmt",3107,3107,"2015v2.0, 2015v2.1, 2015v3.0"
"/Return/ReturnData/IRS990ScheduleG/SupplementalInformationDetail",3105,2763,"2015v2.0, 2015v2.1, 2015v3.0"
"/Return/ReturnData/IRS990ScheduleG/SupplementalInformationDetail/FormAndLineReferenceDesc",3105,2763,"2015v2.0, 2015v2.1, 2015v3.0"
"/Return/ReturnData/IRS990ScheduleG/SupplementalInformationDetail/ExplanationTxt",3098,2757,"2015v2.0, 2015v2.1, 2015v3.0"
"/Return/ReturnData/IRS990EZ/BooksInCareOfDetail/USAddress/AddressLine2Txt",3090,3090,"2015v2.1, 2015v3.0"
"/Return/ReturnData/IRS990/RoyaltiesGrp/ManagementAndGeneralAmt",3084,3084,"2015v2.0, 2015v2.1, 2015v3.0"
"/Return/ReturnData/IRS990ScheduleA/GovtFurnSrvcFcltsVl509Grp/CurrentTaxYearMinus1YearAmt",3076,3076,"2015v2.0, 2015v2.1, 2015v3.0"
"/Return/ReturnData/IRS990ScheduleC/AvgTotalLobbyingExpendGrp/CurrentYearMinus3Amt",3076,3076,"2015v2.0, 2015v2.1, 2015v3.0"
"/Return/ReturnData/IRS990ScheduleA/GovtFurnSrvcFcltsVl509Grp/CurrentTaxYearMinus4YearsAmt",3075,3075,"2015v2.0, 2015v2.1, 2015v3.0"
"/Return/ReturnData/IRS990ScheduleA/Post1975UBTIGrp/CurrentTaxYearMinus1YearAmt",3073,3073,"2015v2.0, 2015v2.1, 2015v3.0"
"/Return/ReturnData/IRS990ScheduleM/CarsAndOtherVehiclesGrp",3071,3071,"2015v2.0, 2015v2.1, 2015v3.0"
"/Return/ReturnData/IRS990ScheduleG/GamingInformationGrp/CashPrizesPullTabsAmt",3070,3070,"2015v2.0, 2015v2.1, 2015v3.0"
"/Return/ReturnData/IRS990ScheduleN/LiquidationOfAssetsTableGrp/LiquidationOfAssetsDetail/EIN",3070,1475,"2015v2.0, 2015v2.1, 2015v3.0"
"/Return/ReturnData/IRS990/NetGainOrLossInvestmentsGrp/UnrelatedBusinessRevenueAmt",3063,3063,"2015v2.0, 2015v2.1, 2015v3.0"
"/Return/ReturnData/IRS990ScheduleA/Post1975UBTIGrp/CurrentTaxYearMinus2YearsAmt",3058,3058,"2015v2.0, 2015v2.1, 2015v3.0"
"/Return/ReturnData/IRS990ScheduleC/OtherActivitiesAmt",3057,3057,"2015v2.0, 2015v2.1, 2015v3.0"
"/Return/ReturnData/IRS990ScheduleA/IRSWrittenDeterminationInd",3053,3053,"2015v2.0, 2015v2.1, 2015v3.0"
"/Return/ReturnData/IRS990ScheduleA/MajorityDirTrstSupportedOrgInd",3050,3050,"2015v2.0, 2015v2.1, 2015v3.0"
"/Return/ReturnData/IRS990ScheduleM/WorksOfArtGrp",3048,3048,"2015v2.0, 2015v2.1, 2015v3.0"
"/Return/ReturnData/IRS990ScheduleA/Post1975UBTIGrp/CurrentTaxYearAmt",3002,3002,"2015v2.0, 2015v2.1, 2015v3.0"
"/Return/ReturnData/IRS990ScheduleA/Post1975UBTIGrp/CurrentTaxYearMinus3YearsAmt",3000,3000,"2015v2.0, 2015v2.1, 2015v3.0"
"/Return/ReturnData/IRS990ScheduleA/GovtFurnSrvcFcltsVl509Grp/CurrentTaxYearAmt",2960,2960,"2015v2.0, 2015v2.1, 2015v3.0"
"/Return/ReturnData/IRS990ScheduleA/TaxRevLeviedOrgnztnlBnft509Grp/CurrentTaxYearMinus2YearsAmt",2956,2956,"2015v2.0, 2015v2.1, 2015v3.0"
"/Return/ReturnData/IRS990ScheduleA/TaxRevLeviedOrgnztnlBnft509Grp/CurrentTaxYearMinus3YearsAmt",2955,2955,"2015v2.0, 2015v2.1, 2015v3.0"
"/Return/ReturnData/IRS990ScheduleA/TaxRevLeviedOrgnztnlBnft509Grp/CurrentTaxYearMinus4YearsAmt",2939,2939,"2015v2.0, 2015v2.1, 2015v3.0"
"/Return/ReturnData/IRS990/NetIncmFromFundraisingEvtGrp/UnrelatedBusinessRevenueAmt",2933,2933,"2015v2.0, 2015v2.1, 2015v3.0"
"/Return/ReturnData/IRS990ScheduleA/TaxRevLeviedOrgnztnlBnft509Grp/CurrentTaxYearMinus1YearAmt",2932,2932,"2015v2.0, 2015v2.1, 2015v3.0"
"/Return/ReturnData/IRS990ScheduleA/Post1975UBTIGrp/CurrentTaxYearMinus4YearsAmt",2922,2922,"2015v2.0, 2015v2.1, 2015v3.0"
"/Return/ReturnData/IRS990ScheduleH/HospitalFacilitiesGrp/EmergencyRoom24HrsInd",2914,2055,"2015v2.0, 2015v2.1, 2015v3.0"
"/Return/ReturnData/IRS990/PymtTravelEntrtnmntPubOfclGrp/FundraisingAmt",2886,2886,"2015v2.0, 2015v2.1, 2015v3.0"
"/Return/ReturnData/IRS990ScheduleA/SupportingOrgType2Ind",2880,2880,"2015v2.0, 2015v2.1, 2015v3.0"
"/Return/ReturnData/IRS990ScheduleH/HospitalFacilitiesGrp/GeneralMedicalAndSurgicalInd",2873,1978,"2015v2.0, 2015v2.1, 2015v3.0"
"/Return/ReturnData/IRS990/InfoInScheduleOPartVIIIInd",2870,2870,"2015v2.0, 2015v2.1, 2015v3.0"
"/Return/ReturnData/IRS990ScheduleG/FundraisingEventInformationGrp/CashPrizesEvent2Amt",2864,2864,"2015v2.0, 2015v2.1, 2015v3.0"
"/Return/ReturnData/IRS990ScheduleH/HospitalFcltyPoliciesPrctcGrp",2856,2395,"2015v2.0, 2015v2.1, 2015v3.0"
"/Return/ReturnData/IRS990ScheduleH/HospitalFcltyPoliciesPrctcGrp/AmountsGenerallyBilledInd",2856,2395,"2015v2.0, 2015v2.1, 2015v3.0"
"/Return/ReturnData/IRS990ScheduleH/HospitalFcltyPoliciesPrctcGrp/AppFinancialAsstExplnInd",2856,2395,"2015v2.0, 2015v2.1, 2015v3.0"
"/Return/ReturnData/IRS990ScheduleH/HospitalFcltyPoliciesPrctcGrp/CHNAConductedInd",2856,2395,"2015v2.0, 2015v2.1, 2015v3.0"
"/Return/ReturnData/IRS990ScheduleH/HospitalFcltyPoliciesPrctcGrp/CollectionActivitiesInd",2856,2395,"2015v2.0, 2015v2.1, 2015v3.0"
"/Return/ReturnData/IRS990ScheduleH/HospitalFcltyPoliciesPrctcGrp/EligCriteriaExplainedInd",2856,2395,"2015v2.0, 2015v2.1, 2015v3.0"
"/Return/ReturnData/IRS990ScheduleH/HospitalFcltyPoliciesPrctcGrp/ExplainedBasisInd",2856,2395,"2015v2.0, 2015v2.1, 2015v3.0"
"/Return/ReturnData/IRS990ScheduleH/HospitalFcltyPoliciesPrctcGrp/FAPActionsOnNonpaymentInd",2856,2395,"2015v2.0, 2015v2.1, 2015v3.0"
"/Return/ReturnData/IRS990ScheduleH/HospitalFcltyPoliciesPrctcGrp/FirstLicensedCYOrPYInd",2856,2395,"2015v2.0, 2015v2.1, 2015v3.0"
"/Return/ReturnData/IRS990ScheduleH/HospitalFcltyPoliciesPrctcGrp/GrossChargesInd",2856,2395,"2015v2.0, 2015v2.1, 2015v3.0"
"/Return/ReturnData/IRS990ScheduleH/HospitalFcltyPoliciesPrctcGrp/IncludesPublicityMeasuresInd",2856,2395,"2015v2.0, 2015v2.1, 2015v3.0"
"/Return/ReturnData/IRS990ScheduleH/HospitalFcltyPoliciesPrctcGrp/NondisEmergencyCarePolicyInd",2856,2395,"2015v2.0, 2015v2.1, 2015v3.0"
"/Return/ReturnData/IRS990ScheduleH/HospitalFcltyPoliciesPrctcGrp/TaxExemptHospitalCYOrPYInd",2856,2395,"2015v2.0, 2015v2.1, 2015v3.0"
"/Return/ReturnData/IRS990ScheduleH/HospitalFcltyPoliciesPrctcGrp/OrganizationIncurExciseTaxInd",2849,2388,"2015v2.0, 2015v2.1, 2015v3.0"
"/Return/ReturnData/IRS990ScheduleG/FundraisingEventInformationGrp/NonCashPrizesOtherEventsAmt",2848,2848,"2015v2.0, 2015v2.1, 2015v3.0"
"/Return/ReturnData/IRS990/RoyaltiesGrp/FundraisingAmt",2846,2846,"2015v2.0, 2015v2.1, 2015v3.0"
"/Return/ReturnData/IRS990ScheduleD/DisclosedForCharitablePrpsInd",2836,2836,"2015v2.0, 2015v2.1, 2015v3.0"
"/Return/ReturnData/IRS990ScheduleH/HospitalFcltyPoliciesPrctcGrp/HospitalFacilityName",2836,2375,"2015v2.0, 2015v2.1, 2015v3.0"
"/Return/ReturnData/IRS990ScheduleH/HospitalFcltyPoliciesPrctcGrp/HospitalFacilityName/BusinessNameLine1Txt",2836,2375,"2015v2.0, 2015v2.1, 2015v3.0"
"/Return/ReturnData/IRS990ScheduleG/GamingInformationGrp/OtherDirectExpensesBingoAmt",2833,2833,"2015v2.0, 2015v2.1, 2015v3.0"
"/Return/ReturnData/IRS990ScheduleG/FundraiserActivityInfoGrp/PersonNm",2831,1852,"2015v2.0, 2015v2.1, 2015v3.0"
"/Return/ReturnData/IRS990ScheduleH/HospitalFacilitiesGrp/WebsiteAddressTxt",2815,1816,"2015v2.0, 2015v2.1, 2015v3.0"
"/Return/ReturnData/IRS990ScheduleM/DrugsAndMedicalSuppliesGrp",2800,2800,"2015v2.0, 2015v2.1, 2015v3.0"
"/Return/ReturnData/IRS990ScheduleA/Form990SchAType3FuncIntGrp",2797,2797,"2015v2.0, 2015v2.1, 2015v3.0"
"/Return/ReturnData/IRS990ScheduleA/TaxRevLeviedOrgnztnlBnft509Grp/CurrentTaxYearAmt",2789,2789,"2015v2.0, 2015v2.1, 2015v3.0"
"/Return/ReturnData/IRS990ScheduleD/DisclosedOrgLegCtrlInd",2788,2788,"2015v2.0, 2015v2.1, 2015v3.0"
"/Return/ReturnData/IRS990ScheduleM/BooksAndPublicationsGrp",2764,2764,"2015v2.0, 2015v2.1, 2015v3.0"
"/Return/ReturnData/IRS990ScheduleH/HospitalFcltyPoliciesPrctcGrp/ImplementationStrategyAdoptInd",2745,2329,"2015v2.0, 2015v2.1, 2015v3.0"
"/Return/ReturnData/IRS990ScheduleH/HospitalFcltyPoliciesPrctcGrp/CHNAConductedWithNonFcltsInd",2744,2328,"2015v2.0, 2015v2.1, 2015v3.0"
"/Return/ReturnData/IRS990ScheduleH/HospitalFcltyPoliciesPrctcGrp/TakeIntoAccountOthersInputInd",2744,2328,"2015v2.0, 2015v2.1, 2015v3.0"
"/Return/ReturnData/IRS990ScheduleH/HospitalFcltyPoliciesPrctcGrp/CHNAConductedWithOtherFcltsInd",2743,2327,"2015v2.0, 2015v2.1, 2015v3.0"
"/Return/ReturnData/IRS990ScheduleH/HospitalFcltyPoliciesPrctcGrp/CHNAConductedYr",2743,2327,"2015v2.0, 2015v2.1, 2015v3.0"
"/Return/ReturnData/IRS990ScheduleH/HospitalFcltyPoliciesPrctcGrp/CHNAReportWidelyAvailableInd",2743,2328,"2015v2.0, 2015v2.1, 2015v3.0"
"/Return/ReturnData/IRS990ScheduleH/HospitalFcltyPoliciesPrctcGrp/CommunityDefinitionInd",2736,2321,"2015v2.0, 2015v2.1, 2015v3.0"
"/Return/ReturnData/IRS990ScheduleJ/HousingAllowanceOrResidenceInd",2735,2735,"2015v2.0, 2015v2.1, 2015v3.0"
"/Return/ReturnData/IRS990ScheduleH/HospitalFcltyPoliciesPrctcGrp/CommunityHealthNeedsInd",2731,2319,"2015v2.0, 2015v2.1, 2015v3.0"
"/Return/ReturnData/IRS990ScheduleH/HospitalFcltyPoliciesPrctcGrp/HowDataObtainedInd",2728,2314,"2015v2.0, 2015v2.1, 2015v3.0"
"/Return/ReturnData/IRS990ScheduleH/HospitalFcltyPoliciesPrctcGrp/DescribedInfoInd",2722,2272,"2015v2.0, 2015v2.1, 2015v3.0"
"/Return/ReturnData/IRS990ScheduleH/HospitalFcltyPoliciesPrctcGrp/CommunityDemographicsInd",2720,2306,"2015v2.0, 2015v2.1, 2015v3.0"
"/Return/ReturnData/IRS990/NetIncomeFromGamingGrp/UnrelatedBusinessRevenueAmt",2719,2719,"2015v2.0, 2015v2.1, 2015v3.0"
"/Return/ReturnData/IRS990ScheduleH/HospitalFcltyPoliciesPrctcGrp/FPGFamilyIncmLmtFreeDscntInd",2717,2271,"2015v2.0, 2015v2.1, 2015v3.0"
"/Return/ReturnData/IRS990ScheduleH/HospitalFcltyPoliciesPrctcGrp/CommunityHlthNeedsIdProcessInd",2716,2301,"2015v2.0, 2015v2.1, 2015v3.0"
"/Return/ReturnData/IRS990ScheduleA/SupportingOrgType3FuncIntInd",2714,2714,"2015v2.0, 2015v2.1, 2015v3.0"
"/Return/ReturnData/IRS990ScheduleH/HospitalFcltyPoliciesPrctcGrp/FPGFamilyIncmLmtFreeCarePct",2708,2262,"2015v2.0, 2015v2.1, 2015v3.0"
"/Return/ReturnData/IRS990ScheduleK/TaxExemptBondsArbitrageGrp/GICProviderName",2696,1119,"2015v2.0, 2015v2.1, 2015v3.0"
"/Return/ReturnData/IRS990ScheduleK/TaxExemptBondsArbitrageGrp/GICProviderName/BusinessNameLine1Txt",2696,1119,"2015v2.0, 2015v2.1, 2015v3.0"
"/Return/ReturnData/IRS990ScheduleH/HospitalFcltyPoliciesPrctcGrp/StrategyPostedWebsiteInd",2694,2292,"2015v2.0, 2015v2.1, 2015v3.0"
"/Return/ReturnData/IRS990/USAddress/AddressLine2Txt",2693,2693,"2015v2.1, 2015v3.0"
"/Return/ReturnData/IRS990ScheduleH/HospitalFcltyPoliciesPrctcGrp/ImplementationStrategyAdptYr",2693,2291,"2015v2.0, 2015v2.1, 2015v3.0"
"/Return/ReturnData/IRS990ScheduleH/HospitalFcltyPoliciesPrctcGrp/ConsultingProcessInd",2691,2284,"2015v2.0, 2015v2.1, 2015v3.0"
"/Return/ReturnData/IRS990EZ/TypeOfOrganizationOtherDesc",2680,2680,"2015v2.0, 2015v2.1, 2015v3.0"
"/Return/ReturnData/IRS990ScheduleH/HospitalFcltyPoliciesPrctcGrp/FAPAvlblOnRequestNoChargeInd",2660,2234,"2015v2.0, 2015v2.1, 2015v3.0"
"/Return/ReturnData/IRS990ScheduleH/HospitalFacilitiesGrp/StateLicenseNum",2656,1733,"2015v2.0, 2015v2.1, 2015v3.0"
"/Return/ReturnData/IRS990/LessRentalExpensesGrp/PersonalAmt",2643,2643,"2015v2.0, 2015v2.1, 2015v3.0"
"/Return/ReturnData/IRS990ScheduleH/HospitalFcltyPoliciesPrctcGrp/OtherHealthIssuesInd",2630,2228,"2015v2.0, 2015v2.1, 2015v3.0"
"/Return/ReturnData/IRS990ScheduleH/HospitalFcltyPoliciesPrctcGrp/ExistingResourcesInd",2604,2208,"2015v2.0, 2015v2.1, 2015v3.0"
"/Return/ReturnData/IRS990ScheduleC/TotLbbyExpendMnsLbbyngNonTxGrp/FilingOrganizationsTotalAmt",2600,2600,"2015v2.0, 2015v2.1, 2015v3.0"
"/Return/ReturnData/IRS990/AcctCompileOrReviewBasisGrp/ConsolidatedBasisFinclStmtInd",2585,2585,"2015v2.0, 2015v2.1, 2015v3.0"
"/Return/ReturnData/IRS990ScheduleH/HospitalFcltyPoliciesPrctcGrp/OwnWebsiteURLTxt",2581,2219,"2015v2.0, 2015v2.1, 2015v3.0"
"/Return/ReturnData/IRS990ScheduleH/HospitalFcltyPoliciesPrctcGrp/RptAvailableOnOwnWebsiteInd",2580,2219,"2015v2.0, 2015v2.1, 2015v3.0"
"/Return/ReturnData/IRS990ScheduleH/HospitalFcltyPoliciesPrctcGrp/FAPNotifiedAllPatientsInd",2577,2169,"2015v2.0, 2015v2.1, 2015v3.0"
"/Return/ReturnData/IRS990ScheduleH/HospitalFcltyPoliciesPrctcGrp/FPGFamilyIncmLmtDscntCarePct",2571,2149,"2015v2.0, 2015v2.1, 2015v3.0"
"/Return/ReturnData/IRS990ScheduleF/ForeignIndividualsGrantsGrp/ValuationMethodUsedDesc",2566,674,"2015v2.0, 2015v2.1, 2015v3.0"
"/Return/ReturnData/IRS990ScheduleH/HospitalFcltyPoliciesPrctcGrp/FAPAppAvlblOnRequestNoChrgInd",2565,2145,"2015v2.0, 2015v2.1, 2015v3.0"
"/Return/ReturnData/IRS990ScheduleH/HospitalFcltyPoliciesPrctcGrp/FacilityNum",2562,2139,"2015v2.0, 2015v2.1, 2015v3.0"
"/Return/ReturnData/IRS990ScheduleC/TotLbbyngGrassrootMnsNonTxGrp/FilingOrganizationsTotalAmt",2552,2552,"2015v2.0, 2015v2.1, 2015v3.0"
"/Return/ReturnData/IRS990ScheduleG/GamingInformationGrp/CashPrizesBingoAmt",2519,2519,"2015v2.0, 2015v2.1, 2015v3.0"
"/Return/ReturnData/IRS990ScheduleK/TaxExemptBondsPrivateBusUseGrp/EngageBondCounselContractsInd",2509,1045,"2015v2.0, 2015v2.1, 2015v3.0"
"/Return/ReturnData/IRS990ScheduleG/GamingInformationGrp/VolunteerLaborOtherGamingPct",2506,2506,"2015v2.0, 2015v2.1, 2015v3.0"
"/Return/ReturnData/IRS990ScheduleC/DirectContactLegislatorsAmt",2489,2489,"2015v2.0, 2015v2.1, 2015v3.0"
"/Return/ReturnData/IRS990ScheduleG/GamingInformationGrp/CashPrizesOtherGamingAmt",2486,2486,"2015v2.0, 2015v2.1, 2015v3.0"
"/Return/ReturnData/IRS990ScheduleH/HospitalFcltyPoliciesPrctcGrp/DescribedSuprtDocInd",2470,2095,"2015v2.0, 2015v2.1, 2015v3.0"
"/Return/ReturnData/IRS990ScheduleH/HospitalFcltyPoliciesPrctcGrp/PaperCopyPublicInspectionInd",2452,2067,"2015v2.0, 2015v2.1, 2015v3.0"
"/Return/ReturnData/IRS990ScheduleR/IdDisregardedEntitiesGrp/DirectControllingNACd",2437,932,"2015v2.0, 2015v2.1, 2015v3.0"
"/Return/ReturnData/IRS990ScheduleH/HospitalFcltyPoliciesPrctcGrp/DocumentedEligDeterminationInd",2434,2037,"2015v2.0, 2015v2.1, 2015v3.0"
"/Return/ReturnData/IRS990ScheduleH/HospitalFcltyPoliciesPrctcGrp/StrategyAttachedInd",2432,2079,"2015v2.0, 2015v2.1, 2015v3.0"
"/Return/ReturnData/IRS990ScheduleN/RequiredToNotifyAGInd",2426,2426,"2015v2.0, 2015v2.1, 2015v3.0"
"/Return/ReturnData/IRS990ScheduleN/AssetsDistributedInd",2425,2425,"2015v2.0, 2015v2.1, 2015v3.0"
"/Return/ReturnData/IRS990ScheduleN/LiabilitiesPaidInd",2421,2421,"2015v2.0, 2015v2.1, 2015v3.0"
"/Return/ReturnData/IRS990ScheduleN/BondsOutstandingInd",2419,2419,"2015v2.0, 2015v2.1, 2015v3.0"
"/Return/ReturnData/IRS990ScheduleC/TaxableAmt",2407,2407,"2015v2.0, 2015v2.1, 2015v3.0"
"/Return/ReturnData/IRS990/AuditedFinancialStmtAttInd",2397,2397,"2015v2.0, 2015v2.1, 2015v3.0"
"/Return/ReturnData/IRS990ScheduleH",2397,2397,"2015v2.0, 2015v2.1, 2015v3.0"
"/Return/ReturnData/IRS990ScheduleH/FinancialAssistancePolicyInd",2397,2397,"2015v2.0, 2015v2.1, 2015v3.0"
"/Return/ReturnData/IRS990ScheduleH/HospitalFacilitiesCnt",2397,2397,"2015v2.0, 2015v2.1, 2015v3.0"
"/Return/ReturnData/IRS990ScheduleH/AnnualCommunityBnftReportInd",2396,2396,"2015v2.0, 2015v2.1, 2015v3.0"
"/Return/ReturnData/IRS990ScheduleH/WrittenDebtCollectionPolicyInd",2392,2392,"2015v2.0, 2015v2.1, 2015v3.0"
"/Return/ReturnData/IRS990ScheduleG/GamingManagerIsDirectorOfcrInd",2388,2388,"2015v2.0, 2015v2.1, 2015v3.0"
"/Return/ReturnData/IRS990/InitialReturnInd",2385,2385,"2015v2.0, 2015v2.1, 2015v3.0"
"/Return/ReturnData/IRS990ScheduleH/HospitalFcltyPoliciesPrctcGrp/ProvidedHospitalContactInd",2385,2021,"2015v2.0, 2015v2.1, 2015v3.0"
"/Return/ReturnData/IRS990ScheduleH/FPGReferenceFreeCareInd",2382,2382,"2015v2.0, 2015v2.1, 2015v3.0"
"/Return/ReturnData/IRS990ScheduleH/FinancialAssistanceBudgetInd",2382,2382,"2015v2.0, 2015v2.1, 2015v3.0"
"/Return/ReturnData/IRS990ScheduleH/FreeCareMedicallyIndigentInd",2382,2382,"2015v2.0, 2015v2.1, 2015v3.0"
"/Return/ReturnData/IRS990ScheduleH/WrittenPolicyInd",2382,2382,"2015v2.0, 2015v2.1, 2015v3.0"
"/Return/ReturnData/IRS990ScheduleH/BadDebtExpenseReportedInd",2381,2381,"2015v2.0, 2015v2.1, 2015v3.0"
"/Return/ReturnData/IRS990ScheduleH/HospitalFcltyPoliciesPrctcGrp/FAPNotifiedUponAdmissionInd",2376,1997,"2015v2.0, 2015v2.1, 2015v3.0"
"/Return/ReturnData/IRS990ScheduleH/TotalCommunityBenefitsGrp",2374,2374,"2015v2.0, 2015v2.1, 2015v3.0"
"/Return/ReturnData/IRS990ScheduleH/TotalCommunityBenefitsGrp/TotalCommunityBenefitExpnsAmt",2372,2372,"2015v2.0, 2015v2.1, 2015v3.0"
"/Return/ReturnData/IRS990ScheduleH/FPGReferenceDiscountedCareInd",2371,2371,"2015v2.0, 2015v2.1, 2015v3.0"
"/Return/ReturnData/IRS990ScheduleH/TotalCommunityBenefitsGrp/NetCommunityBenefitExpnsAmt",2371,2371,"2015v2.0, 2015v2.1, 2015v3.0"
"/Return/ReturnData/IRS990ScheduleH/TotalFinancialAssistanceTyp",2365,2365,"2015v2.0, 2015v2.1, 2015v3.0"
"/Return/ReturnData/IRS990ScheduleH/TotalCommunityBenefitsGrp/TotalExpensePct",2363,2363,"2015v2.0, 2015v2.1, 2015v3.0"
"/Return/ReturnData/IRS990ScheduleH/TotalFinancialAssistanceTyp/TotalCommunityBenefitExpnsAmt",2363,2363,"2015v2.0, 2015v2.1, 2015v3.0"
"/Return/ReturnData/IRS990ScheduleM/RealEstateResidentialGrp",2362,2362,"2015v2.0, 2015v2.1, 2015v3.0"
"/Return/ReturnData/IRS990ScheduleH/BadDebtExpenseAmt",2361,2361,"2015v2.0, 2015v2.1, 2015v3.0"
"/Return/ReturnData/IRS990ScheduleH/HospitalFcltyPoliciesPrctcGrp/FAPNoticeDisplayedInd",2360,1962,"2015v2.0, 2015v2.1, 2015v3.0"
"/Return/ReturnData/IRS990ScheduleM/RealEstateCommercialGrp",2359,2359,"2015v2.0, 2015v2.1, 2015v3.0"
"/Return/ReturnData/IRS990ScheduleG/GamingInformationGrp/RentFcltyCostsTotalGamingAmt",2358,2358,"2015v2.0, 2015v2.1, 2015v3.0"
"/Return/ReturnData/IRS990ScheduleH/TotalFinancialAssistanceTyp/NetCommunityBenefitExpnsAmt",2356,2356,"2015v2.0, 2015v2.1, 2015v3.0"
"/Return/ReturnData/IRS990ScheduleH/TotalFinancialAssistanceTyp/TotalExpensePct",2350,2350,"2015v2.0, 2015v2.1, 2015v3.0"
"/Return/ReturnData/IRS990ScheduleR/IdRelatedTaxExemptOrgGrp/LegalDomicileForeignCountryCd",2350,1071,"2015v2.0, 2015v2.1, 2015v3.0"
"/Return/ReturnData/IRS990ScheduleN/DirectorOfSuccessorInd",2349,2349,"2015v2.0, 2015v2.1, 2015v3.0"
"/Return/ReturnData/IRS990ScheduleN/EmployeeOfSuccessorInd",2346,2346,"2015v2.0, 2015v2.1, 2015v3.0"
"/Return/ReturnData/IRS990ScheduleN/OwnerOfSuccessorInd",2344,2344,"2015v2.0, 2015v2.1, 2015v3.0"
"/Return/ReturnData/IRS990ScheduleH/FinancialAssistancePrvsnInd",2342,2342,"2015v2.0, 2015v2.1, 2015v3.0"
"/Return/ReturnData/IRS990ScheduleM/RealEstateOtherGrp",2340,2340,"2015v2.0, 2015v2.1, 2015v3.0"
"/Return/ReturnData/IRS990ScheduleF/TotalOtherOrgCnt",2339,2339,"2015v2.0, 2015v2.1, 2015v3.0"
"/Return/ReturnData/IRS990ScheduleN/ReceiveCompensationInd",2339,2339,"2015v2.0, 2015v2.1, 2015v3.0"
"/Return/ReturnData/IRS990ScheduleH/ReimbursedByMedicareAmt",2327,2327,"2015v2.0, 2015v2.1, 2015v3.0"
"/Return/ReturnData/IRS990ScheduleH/CostOfCareReimbursedByMedcrAmt",2325,2325,"2015v2.0, 2015v2.1, 2015v3.0"
"/Return/ReturnData/IRS990ScheduleH/FinancialAssistanceAtCostTyp",2323,2323,"2015v2.0, 2015v2.1, 2015v3.0"
"/Return/ReturnData/IRS990ScheduleN/LiquidationOfAssetsTableGrp",2323,2323,"2015v2.0, 2015v2.1, 2015v3.0"
"/Return/ReturnData/IRS990ScheduleH/HospitalFcltyPoliciesPrctcGrp/StrategyWebsiteURLTxt",2320,1981,"2015v2.0, 2015v2.1, 2015v3.0"
"/Return/ReturnData/IRS990EZ/OfficerDirectorTrusteeEmplGrp/BusinessName",2319,988,"2015v2.0, 2015v2.1, 2015v3.0"
"/Return/ReturnData/IRS990EZ/OfficerDirectorTrusteeEmplGrp/BusinessName/BusinessNameLine1Txt",2319,988,"2015v2.0, 2015v2.1, 2015v3.0"
"/Return/ReturnData/IRS990ScheduleH/FinancialAssistanceAtCostTyp/TotalCommunityBenefitExpnsAmt",2315,2315,"2015v2.0, 2015v2.1, 2015v3.0"
"/Return/ReturnData/IRS990ScheduleR/IdRelatedTaxExemptOrgGrp/DirectControllingEntityName/BusinessNameLine2Txt",2315,530,"2015v2.1, 2015v3.0"
"/Return/ReturnData/IRS990ScheduleH/CostingMethodologyUsedGrp",2309,2309,"2015v2.0, 2015v2.1, 2015v3.0"
"/Return/ReturnData/IRS990ScheduleH/FinancialAssistanceAtCostTyp/TotalExpensePct",2294,2294,"2015v2.0, 2015v2.1, 2015v3.0"
"/Return/ReturnData/IRS990ScheduleH/MedicareSurplusOrShortfallAmt",2281,2281,"2015v2.0, 2015v2.1, 2015v3.0"
"/Return/ReturnData/IRS990ScheduleH/FinancialAssistanceAtCostTyp/NetCommunityBenefitExpnsAmt",2280,2280,"2015v2.0, 2015v2.1, 2015v3.0"
"/Return/ReturnData/IRS990ScheduleH/TotalCommunityBenefitsGrp/DirectOffsettingRevenueAmt",2278,2278,"2015v2.0, 2015v2.1, 2015v3.0"
"/Return/ReturnData/IRS990ScheduleH/HospitalFcltyPoliciesPrctcGrp/FAPAvailableOnWebsiteInd",2275,1913,"2015v2.0, 2015v2.1, 2015v3.0"
"/Return/ReturnData/IRS990ScheduleH/HospitalFcltyPoliciesPrctcGrp/PermitNoActionsInd",2275,1866,"2015v2.0, 2015v2.1, 2015v3.0"
"/Return/ReturnData/IRS990ScheduleH/HospitalFcltyPoliciesPrctcGrp/FAPAvailableOnWebsiteURLTxt",2272,1911,"2015v2.0, 2015v2.1, 2015v3.0"
"/Return/ReturnData/IRS990ScheduleR/IdRelatedTaxExemptOrgGrp/DisregardedEntityName/BusinessNameLine2Txt",2263,1206,"2015v2.0, 2015v2.1, 2015v3.0"
"/Return/ReturnData/IRS990ScheduleJ/TravelForCompanionsInd",2261,2261,"2015v2.0, 2015v2.1, 2015v3.0"
"/Return/ReturnData/IRS990EZ/ProgramSrvcAccomplishmentGrp/ForeignGrantsInd",2254,1779,"2015v2.0, 2015v2.1, 2015v3.0"
"/Return/ReturnData/IRS990ScheduleH/HospitalFcltyPoliciesPrctcGrp/FAPSumAvlblOnRequestNoChrgInd",2250,1882,"2015v2.0, 2015v2.1, 2015v3.0"
"/Return/ReturnData/IRS990ScheduleL/LoansBtwnOrgInterestedPrsnGrp/BusinessName",2244,1318,"2015v2.0, 2015v2.1, 2015v3.0"
"/Return/ReturnData/IRS990ScheduleL/LoansBtwnOrgInterestedPrsnGrp/BusinessName/BusinessNameLine1Txt",2244,1318,"2015v2.0, 2015v2.1, 2015v3.0"
"/Return/ReturnData/IRS990/InfoInScheduleOPartXInd",2226,2226,"2015v2.0, 2015v2.1, 2015v3.0"
"/Return/ReturnData/IRS990ScheduleD/CloselyHeldEquityInterestsGrp",2213,2213,"2015v2.0, 2015v2.1, 2015v3.0"
"/Return/ReturnData/IRS990EZ/LoansToFromOfficersAmt",2209,2209,"2015v2.0, 2015v2.1, 2015v3.0"
"/Return/ReturnData/IRS990ScheduleH/UnreimbursedMedicaidGrp",2204,2204,"2015v2.0, 2015v2.1, 2015v3.0"
"/Return/ReturnData/IRS990ScheduleH/ExpensesExceedBudgetInd",2199,2199,"2015v2.0, 2015v2.1, 2015v3.0"
"/Return/ReturnData/IRS990ScheduleH/TotalOtherBenefitsGrp",2198,2198,"2015v2.0, 2015v2.1, 2015v3.0"
"/Return/ReturnData/IRS990ScheduleL/GrntAsstBnftInterestedPrsnGrp",2198,1092,"2015v2.0, 2015v2.1, 2015v3.0"
"/Return/ReturnData/IRS990ScheduleH/TotalOtherBenefitsGrp/TotalCommunityBenefitExpnsAmt",2193,2193,"2015v2.0, 2015v2.1, 2015v3.0"
"/Return/ReturnData/IRS990ScheduleH/TotalOtherBenefitsGrp/NetCommunityBenefitExpnsAmt",2192,2192,"2015v2.0, 2015v2.1, 2015v3.0"
"/Return/ReturnData/IRS990ScheduleH/UnreimbursedMedicaidGrp/TotalCommunityBenefitExpnsAmt",2187,2187,"2015v2.0, 2015v2.1, 2015v3.0"
"/Return/ReturnData/IRS990ScheduleH/TotalOtherBenefitsGrp/TotalExpensePct",2177,2177,"2015v2.0, 2015v2.1, 2015v3.0"
"/Return/ReturnData/IRS990ScheduleH/TotalFinancialAssistanceTyp/DirectOffsettingRevenueAmt",2173,2173,"2015v2.0, 2015v2.1, 2015v3.0"
"/Return/ReturnData/IRS990/AmendedReturnInd",2169,2169,"2015v2.0, 2015v2.1, 2015v3.0"
"/Return/ReturnData/IRS990ScheduleH/HospitalFcltyPoliciesPrctcGrp/FAPAppAvailableOnWebsiteInd",2168,1797,"2015v2.0, 2015v2.1, 2015v3.0"
"/Return/ReturnData/IRS990ScheduleH/HospitalFcltyPoliciesPrctcGrp/FAPAppAvailableOnWebsiteURLTxt",2166,1795,"2015v2.0, 2015v2.1, 2015v3.0"
"/Return/ReturnData/IRS990ScheduleK/TaxExemptBondsPrivateBusUseGrp/RemedialActionTakenInd",2150,873,"2015v2.0, 2015v2.1, 2015v3.0"
"/Return/ReturnData/IRS990ScheduleA/CommunityTrustInd",2143,2143,"2015v2.0, 2015v2.1, 2015v3.0"
"/Return/ReturnData/IRS990ScheduleC/AvgGrassrootsLobbyingExpendGrp",2129,2129,"2015v2.0, 2015v2.1, 2015v3.0"
"/Return/ReturnData/IRS990ScheduleN/DispositionOfAssetsDetail",2125,1082,"2015v2.0, 2015v2.1, 2015v3.0"
"/Return/ReturnData/IRS990ScheduleN/DispositionOfAssetsDetail/AssetsDistriOrExpnssPaidDesc",2120,1081,"2015v2.0, 2015v2.1, 2015v3.0"
"/Return/ReturnData/IRS990ScheduleH/UnreimbursedMedicaidGrp/NetCommunityBenefitExpnsAmt",2116,2116,"2015v2.0, 2015v2.1, 2015v3.0"
"/Return/ReturnData/IRS990ScheduleH/UnreimbursedMedicaidGrp/DirectOffsettingRevenueAmt",2115,2115,"2015v2.0, 2015v2.1, 2015v3.0"
"/Return/ReturnData/IRS990ScheduleC/PoliticalExpendituresAmt",2108,2108,"2015v2.0, 2015v2.1, 2015v3.0"
"/Return/ReturnData/IRS990ScheduleA/Form990SchAType3FuncIntGrp/ActivitiesEngagedOrgInvlmntInd",2099,2099,"2015v2.0, 2015v2.1, 2015v3.0"
"/Return/ReturnData/IRS990ScheduleA/Form990SchAType3FuncIntGrp/ActivitiesFurtherExemptPrpsInd",2099,2099,"2015v2.0, 2015v2.1, 2015v3.0"
"/Return/ReturnData/IRS990ScheduleM/CollectiblesGrp",2096,2096,"2015v2.0, 2015v2.1, 2015v3.0"
"/Return/ReturnData/IRS990ScheduleH/UnreimbursedMedicaidGrp/TotalExpensePct",2095,2095,"2015v2.0, 2015v2.1, 2015v3.0"
"/Return/ReturnData/IRS990ScheduleH/HospitalFcltyPoliciesPrctcGrp/FAPNotifiedBeforeDischargeInd",2084,1742,"2015v2.0, 2015v2.1, 2015v3.0"
"/Return/ReturnData/IRS990ScheduleD/WrittenPolicyMonitoringInd",2081,2081,"2015v2.0, 2015v2.1, 2015v3.0"
"/Return/ReturnData/IRS990ScheduleN/LiquidationOfAssetsTableGrp/LiquidationOfAssetsDetail/BusinessName",2076,951,"2015v2.0, 2015v2.1, 2015v3.0"
"/Return/ReturnData/IRS990ScheduleN/LiquidationOfAssetsTableGrp/LiquidationOfAssetsDetail/BusinessName/BusinessNameLine1Txt",2076,951,"2015v2.0, 2015v2.1, 2015v3.0"
"/Return/ReturnData/IRS990ScheduleN/DispositionOfAssetsDetail/FairMarketValueOfAssetAmt",2070,1044,"2015v2.0, 2015v2.1, 2015v3.0"
"/Return/ReturnData/IRS990ScheduleN/DispositionOfAssetsDetail/DistributionDt",2065,1040,"2015v2.0, 2015v2.1, 2015v3.0"
"/Return/ReturnData/IRS990ScheduleC/AvgGrassrootsLobbyingExpendGrp/TotalAmt",2057,2057,"2015v2.0, 2015v2.1, 2015v3.0"
"/Return/ReturnData/IRS990ScheduleD/LossesReportedAmt",2056,2056,"2015v2.0, 2015v2.1, 2015v3.0"
"/Return/ReturnData/IRS990ScheduleR/IdRelatedTaxExemptOrgGrp/ForeignAddress",2050,857,"2015v2.0, 2015v2.1, 2015v3.0"
"/Return/ReturnData/IRS990ScheduleR/IdRelatedTaxExemptOrgGrp/ForeignAddress/AddressLine1Txt",2050,857,"2015v2.0, 2015v2.1, 2015v3.0"
"/Return/ReturnData/IRS990ScheduleR/IdRelatedTaxExemptOrgGrp/ForeignAddress/CountryCd",2050,857,"2015v2.0, 2015v2.1, 2015v3.0"
"/Return/ReturnData/IRS990/ContractTerminationInd",2049,2049,"2015v2.0, 2015v2.1, 2015v3.0"
"/Return/ReturnData/IRS990ScheduleD/CollUsedScholarlyRsrchInd",2048,2048,"2015v2.0, 2015v2.1, 2015v3.0"
"/Return/ReturnData/IRS990ScheduleH/HospitalFcltyPoliciesPrctcGrp/InformationGapsInd",2042,1725,"2015v2.0, 2015v2.1, 2015v3.0"
"/Return/ReturnData/IRS990ScheduleL/GrntAsstBnftInterestedPrsnGrp/CashGrantAmt",2030,1016,"2015v2.0, 2015v2.1, 2015v3.0"
"/Return/ReturnData/IRS990ScheduleI/RecipientTable/RecipientBusinessName/BusinessNameLine2Txt",2019,797,"2015v2.0, 2015v2.1, 2015v3.0"
"/Return/ReturnData/IRS990ScheduleH/HospitalFcltyPoliciesPrctcGrp/FAPSummaryOnWebsiteInd",2018,1672,"2015v2.0, 2015v2.1, 2015v3.0"
"/Return/ReturnData/IRS990ScheduleC/TotalGrassrootsLobbyingGrp/FilingOrganizationsTotalAmt",2017,2017,"2015v2.0, 2015v2.1, 2015v3.0"
"/Return/ReturnData/IRS990ScheduleH/HospitalFcltyPoliciesPrctcGrp/FAPSummaryOnWebsiteURLTxt",2003,1659,"2015v2.0, 2015v2.1, 2015v3.0"
"/Return/ReturnData/IRS990ScheduleH/CommunityHealthServicesGrp",1992,1992,"2015v2.0, 2015v2.1, 2015v3.0"
"/Return/ReturnHeader/PreparerFirmGrp/PreparerUSAddress/AddressLine2Txt",1987,1987,"2015v2.1, 2015v3.0"
"/Return/ReturnData/IRS990ScheduleH/HospitalFcltyPoliciesPrctcGrp/MedicalIndigencyCriteriaInd",1983,1670,"2015v2.0, 2015v2.1, 2015v3.0"
"/Return/ReturnData/IRS990/BooksInCareOfDetail/BusinessName/BusinessNameLine2Txt",1979,1979,"2015v2.0, 2015v2.1, 2015v3.0"
"/Return/ReturnData/IRS990ScheduleH/CommunityHealthServicesGrp/NetCommunityBenefitExpnsAmt",1979,1979,"2015v2.0, 2015v2.1, 2015v3.0"
"/Return/ReturnData/IRS990ScheduleH/CommunityHealthServicesGrp/TotalCommunityBenefitExpnsAmt",1968,1968,"2015v2.0, 2015v2.1, 2015v3.0"
"/Return/ReturnData/IRS990ScheduleH/CommunityHealthServicesGrp/TotalExpensePct",1968,1968,"2015v2.0, 2015v2.1, 2015v3.0"
"/Return/ReturnData/IRS990ScheduleD/PriorYearAdjustmentsAmt",1965,1965,"2015v2.0, 2015v2.1, 2015v3.0"
"/Return/ReturnData/IRS990ScheduleL/GrntAsstBnftInterestedPrsnGrp/TypeOfAssistanceTxt",1964,1034,"2015v2.0, 2015v2.1, 2015v3.0"
"/Return/ReturnData/IRS990/JointCostsInd",1951,1951,"2015v2.0, 2015v2.1, 2015v3.0"
"/Return/ReturnData/IRS990ScheduleH/ReportPublicallyAvailableInd",1941,1941,"2015v2.0, 2015v2.1, 2015v3.0"
"/Return/ReturnData/IRS990ScheduleN/DispositionOfAssetsDetail/MethodOfFMVDeterminationTxt",1898,971,"2015v2.0, 2015v2.1, 2015v3.0"
"/Return/ReturnData/IRS990ScheduleH/HospitalFcltyPoliciesPrctcGrp/InsuranceStatusCriteriaInd",1895,1587,"2015v2.0, 2015v2.1, 2015v3.0"
"/Return/ReturnData/IRS990ScheduleR/IdRelatedTaxExemptOrgGrp/ForeignAddress/CityNm",1888,811,"2015v2.0, 2015v2.1, 2015v3.0"
"/Return/ReturnData/IRS990ScheduleN/DispositionOfAssetsDetail/USAddress",1879,969,"2015v2.0, 2015v2.1, 2015v3.0"
"/Return/ReturnData/IRS990ScheduleN/DispositionOfAssetsDetail/USAddress/AddressLine1Txt",1879,969,"2015v2.0, 2015v2.1, 2015v3.0"
"/Return/ReturnData/IRS990ScheduleN/DispositionOfAssetsDetail/USAddress/CityNm",1879,969,"2015v2.0, 2015v2.1, 2015v3.0"
"/Return/ReturnData/IRS990ScheduleN/DispositionOfAssetsDetail/USAddress/StateAbbreviationCd",1879,969,"2015v2.0, 2015v2.1, 2015v3.0"
"/Return/ReturnData/IRS990ScheduleN/DispositionOfAssetsDetail/USAddress/ZIPCd",1879,969,"2015v2.0, 2015v2.1, 2015v3.0"
"/Return/ReturnData/IRS990EZ/OtherEmployeePaidOver100kCnt",1875,1875,"2015v2.0, 2015v2.1, 2015v3.0"
"/Return/ReturnData/IRS990ScheduleG/GamingInformationGrp/VolunteerLaborBingoPct",1868,1868,"2015v2.0, 2015v2.1, 2015v3.0"
"/Return/ReturnData/IRS990ScheduleH/HospitalFcltyPoliciesPrctcGrp/OtherMethodUsedInd",1867,1569,"2015v2.0, 2015v2.1, 2015v3.0"
"/Return/ReturnData/IRS990ScheduleA/DistributableAmountGrp",1856,1856,"2015v2.0, 2015v2.1, 2015v3.0"
"/Return/ReturnData/IRS990ScheduleA/DistributableAmountGrp/CYAdjNetIncomeDistributableAmt",1856,1856,"2015v2.0, 2015v2.1, 2015v3.0"
"/Return/ReturnData/IRS990ScheduleA/DistributableAmountGrp/CYDistributableAsAdjustedAmt",1856,1856,"2015v2.0, 2015v2.1, 2015v3.0"
"/Return/ReturnData/IRS990ScheduleA/DistributableAmountGrp/CYGreaterAdjustedMinimumAmt",1856,1856,"2015v2.0, 2015v2.1, 2015v3.0"
"/Return/ReturnData/IRS990ScheduleA/DistributableAmountGrp/CYIncomeTaxImposedPYAmt",1856,1856,"2015v2.0, 2015v2.1, 2015v3.0"
"/Return/ReturnData/IRS990ScheduleA/DistributableAmountGrp/CYPct85AdjustedNetIncomeAmt",1856,1856,"2015v2.0, 2015v2.1, 2015v3.0"
"/Return/ReturnData/IRS990ScheduleA/DistributableAmountGrp/CYTotalMinAstDistributableAmt",1856,1856,"2015v2.0, 2015v2.1, 2015v3.0"
"/Return/ReturnData/IRS990ScheduleA/SupportedOrgInformationGrp/SupportedOrganizationName/BusinessNameLine2Txt",1846,1382,"2015v2.1, 2015v3.0"
"/Return/ReturnData/IRS990EZ/CntrctRcvdGreaterThan100KCnt",1842,1842,"2015v2.1, 2015v3.0"
"/Return/ReturnData/IRS990ScheduleM/HistoricalArtifactsGrp",1839,1839,"2015v2.0, 2015v2.1, 2015v3.0"
"/Return/ReturnData/IRS990ScheduleK/TaxExemptBondsArbitrageGrp/SuperintegratedHedgeInd",1837,1236,"2015v2.0, 2015v2.1, 2015v3.0"
"/Return/ReturnData/IRS990/MembersAndShrGrossIncomeAmt",1834,1834,"2015v2.0, 2015v2.1, 2015v3.0"
"/Return/ReturnData/IRS990ScheduleK/TaxExemptBondsArbitrageGrp/HedgeTerminatedInd",1823,1234,"2015v2.0, 2015v2.1, 2015v3.0"
"/Return/ReturnData/IRS990ScheduleL/GrntAsstBnftInterestedPrsnGrp/RelationshipWithOrgTxt",1802,793,"2015v2.0, 2015v2.1, 2015v3.0"
"/Return/ReturnData/IRS990ScheduleN/DispositionOfAssetsDetail/IRCSectionTxt",1799,901,"2015v2.0, 2015v2.1, 2015v3.0"
"/Return/ReturnData/IRS990ScheduleM/BoatsAndPlanesGrp",1797,1797,"2015v2.0, 2015v2.1, 2015v3.0"
"/Return/ReturnData/IRS990ScheduleG/GamingInformationGrp/VolunteerLaborPullTabsPct",1794,1794,"2015v2.0, 2015v2.1, 2015v3.0"
"/Return/ReturnData/IRS990ScheduleM/SecuritiesCloselyHeldStockGrp",1791,1791,"2015v2.0, 2015v2.1, 2015v3.0"
"/Return/ReturnData/IRS990ScheduleF/ForeignIndividualsGrantsGrp/DescriptionOfNonCashAsstTxt",1790,474,"2015v2.0, 2015v2.1, 2015v3.0"
"/Return/ReturnData/IRS990ScheduleA/Form990SchAType3FuncIntGrp/ActivitiesTestInd",1787,1787,"2015v2.0, 2015v2.1, 2015v3.0"
"/Return/ReturnData/IRS990ScheduleM/QualifiedContribOtherGrp",1766,1766,"2015v2.0, 2015v2.1, 2015v3.0"
"/Return/ReturnData/IRS990ScheduleD/ArtPublicExhibitionAmountsGrp/AssetsIncludedAmt",1765,1765,"2015v2.0, 2015v2.1, 2015v3.0"
"/Return/ReturnData/IRS990ScheduleM/SecurPrtnrshpTrustIntrstsGrp",1759,1759,"2015v2.0, 2015v2.1, 2015v3.0"
"/Return/ReturnData/IRS990ScheduleM/ArtHistoricalTreasuresGrp",1751,1751,"2015v2.0, 2015v2.1, 2015v3.0"
"/Return/ReturnData/IRS990ScheduleD/RecoveriesPriorYearGrantsAmt",1748,1748,"2015v2.0, 2015v2.1, 2015v3.0"
"/Return/ReturnData/IRS990ScheduleM/SecuritiesMiscellaneousGrp",1744,1744,"2015v2.0, 2015v2.1, 2015v3.0"
"/Return/ReturnData/IRS990ScheduleH/HospitalFcltyPoliciesPrctcGrp/AssetLevelCriteriaInd",1738,1472,"2015v2.0, 2015v2.1, 2015v3.0"
"/Return/ReturnData/IRS990ScheduleA/ThirtyThrPctSuprtTestsPY509Ind",1734,1734,"2015v2.0, 2015v2.1, 2015v3.0"
"/Return/ReturnData/IRS990ScheduleC/Section527PoliticalOrgGrp/ContributionsRcvdDlvrAmt",1732,968,"2015v2.0, 2015v2.1, 2015v3.0"
"/Return/ReturnData/IRS990/OtherSourcesGrossIncomeAmt",1731,1731,"2015v2.0, 2015v2.1, 2015v3.0"
"/Return/ReturnData/IRS990ScheduleC/NonDedLbbyngPltclCyovAmt",1730,1730,"2015v2.0, 2015v2.1, 2015v3.0"
"/Return/ReturnData/IRS990ScheduleD/DonorAdvisedFundsHeldCnt",1726,1726,"2015v2.0, 2015v2.1, 2015v3.0"
"/Return/ReturnData/AffiliateListing/AffiliateListingGrp",1716,110,"2015v2.0, 2015v2.1, 2015v3.0"
"/Return/ReturnData/AffiliateListing/AffiliateListingGrp/BusinessName",1716,110,"2015v2.0, 2015v2.1, 2015v3.0"
"/Return/ReturnData/AffiliateListing/AffiliateListingGrp/BusinessName/BusinessNameLine1Txt",1716,110,"2015v2.0, 2015v2.1, 2015v3.0"
"/Return/ReturnData/AffiliateListing/AffiliateListingGrp/BusinessNameControlTxt",1716,110,"2015v2.0, 2015v2.1, 2015v3.0"
"/Return/ReturnData/AffiliateListing/AffiliateListingGrp/EIN",1716,110,"2015v2.0, 2015v2.1, 2015v3.0"
"/Return/ReturnData/AffiliateListing/AffiliateListingGrp/USAddress",1716,110,"2015v2.0, 2015v2.1, 2015v3.0"
"/Return/ReturnData/AffiliateListing/AffiliateListingGrp/USAddress/AddressLine1Txt",1716,110,"2015v2.0, 2015v2.1, 2015v3.0"
"/Return/ReturnData/AffiliateListing/AffiliateListingGrp/USAddress/CityNm",1716,110,"2015v2.0, 2015v2.1, 2015v3.0"
"/Return/ReturnData/AffiliateListing/AffiliateListingGrp/USAddress/StateAbbreviationCd",1716,110,"2015v2.0, 2015v2.1, 2015v3.0"
"/Return/ReturnData/AffiliateListing/AffiliateListingGrp/USAddress/ZIPCd",1716,110,"2015v2.0, 2015v2.1, 2015v3.0"
"/Return/ReturnData/IRS990ScheduleG/FundraisingEventInformationGrp/CashPrizesOtherEventsAmt",1716,1716,"2015v2.0, 2015v2.1, 2015v3.0"
"/Return/ReturnData/IRS990ScheduleH/TotalOtherBenefitsGrp/DirectOffsettingRevenueAmt",1702,1702,"2015v2.0, 2015v2.1, 2015v3.0"
"/Return/ReturnData/IRS990ScheduleM/IntellectualPropertyGrp",1699,1699,"2015v2.0, 2015v2.1, 2015v3.0"
"/Return/ReturnData/IRS990ScheduleH/CashAndInKindContributionsGrp",1698,1698,"2015v2.0, 2015v2.1, 2015v3.0"
"/Return/ReturnData/IRS990ScheduleD/DonorAdvisedFundsVlEOYAmt",1687,1687,"2015v2.0, 2015v2.1, 2015v3.0"
"/Return/ReturnData/IRS990ScheduleH/CashAndInKindContributionsGrp/NetCommunityBenefitExpnsAmt",1676,1676,"2015v2.0, 2015v2.1, 2015v3.0"
"/Return/ReturnData/IRS990ScheduleC/AvgGrassrootsLobbyingExpendGrp/CurrentYearAmt",1672,1672,"2015v2.0, 2015v2.1, 2015v3.0"
"/Return/ReturnData/IRS990ScheduleG/GamingInformationGrp/NonCashPrizesTotalGamingAmt",1671,1671,"2015v2.0, 2015v2.1, 2015v3.0"
"/Return/ReturnData/IRS990ScheduleF/ForeignIndividualsGrantsGrp/NonCashAssistanceAmt",1668,440,"2015v2.0, 2015v2.1, 2015v3.0"
"/Return/ReturnData/IRS990ScheduleH/HealthProfessionsEducationGrp",1668,1668,"2015v2.0, 2015v2.1, 2015v3.0"
"/Return/ReturnData/IRS990ScheduleH/CashAndInKindContributionsGrp/TotalCommunityBenefitExpnsAmt",1665,1665,"2015v2.0, 2015v2.1, 2015v3.0"
"/Return/ReturnData/IRS990ScheduleH/HospitalFcltyPoliciesPrctcGrp/UnderinsuranceStatCriteriaInd",1659,1402,"2015v2.0, 2015v2.1, 2015v3.0"
"/Return/ReturnData/IRS990ScheduleM/ScientificSpecimensGrp",1657,1657,"2015v2.0, 2015v2.1, 2015v3.0"
"/Return/ReturnData/IRS990ScheduleN/AttorneyGeneralNotifiedInd",1657,1657,"2015v2.0, 2015v2.1, 2015v3.0"
"/Return/ReturnData/IRS990ScheduleG/GamingManagerCompensationAmt",1645,1645,"2015v2.0, 2015v2.1, 2015v3.0"
"/Return/ReturnData/IRS990ScheduleM/WorksOfArtGrp/NonCashCheckboxInd",1644,1644,"2015v2.0, 2015v2.1, 2015v3.0"
"/Return/ReturnData/IRS990ScheduleM/ArchaeologicalArtifactsGrp",1643,1643,"2015v2.1, 2015v3.0"
"/Return/ReturnData/IRS990ScheduleH/AllHospitalsPolicyInd",1641,1641,"2015v2.0, 2015v2.1, 2015v3.0"
"/Return/ReturnData/IRS990ScheduleH/CashAndInKindContributionsGrp/TotalExpensePct",1640,1640,"2015v2.0, 2015v2.1, 2015v3.0"
"/Return/ReturnData/IRS990ScheduleM/TaxidermyGrp",1639,1639,"2015v2.1, 2015v3.0"
"/Return/ReturnData/IRS990ScheduleH/HealthProfessionsEducationGrp/NetCommunityBenefitExpnsAmt",1638,1638,"2015v2.0, 2015v2.1, 2015v3.0"
"/Return/ReturnData/IRS990ScheduleM/ArtFractionalInterestGrp",1637,1637,"2015v2.1, 2015v3.0"
"/Return/ReturnData/IRS990ScheduleM/WorksOfArtGrp/ContributionCnt",1636,1636,"2015v2.0, 2015v2.1, 2015v3.0"
"/Return/ReturnData/IRS990ScheduleM/QualifiedContribHistStructGrp",1629,1629,"2015v2.0, 2015v2.1, 2015v3.0"
"/Return/ReturnData/IRS990ScheduleH/HealthProfessionsEducationGrp/TotalExpensePct",1628,1628,"2015v2.0, 2015v2.1, 2015v3.0"
"/Return/ReturnData/IRS990ScheduleH/HealthProfessionsEducationGrp/TotalCommunityBenefitExpnsAmt",1627,1627,"2015v2.0, 2015v2.1, 2015v3.0"
"/Return/ReturnData/IRS990ScheduleH/FacilityNum",1626,1626,"2015v2.0, 2015v2.1, 2015v3.0"
"/Return/ReturnData/IRS990ScheduleG/DistributedAmt",1621,1621,"2015v2.0, 2015v2.1, 2015v3.0"
"/Return/ReturnData/IRS990ScheduleN/DispositionOfAssetsDetail/EIN",1616,812,"2015v2.0, 2015v2.1, 2015v3.0"
"/Return/ReturnData/IRS990ScheduleH/BadDebtExpenseAttributableAmt",1615,1615,"2015v2.0, 2015v2.1, 2015v3.0"
"/Return/ReturnData/IRS990ScheduleC/AvgGrassrootsLobbyingExpendGrp/CurrentYearMinus1Amt",1613,1613,"2015v2.0, 2015v2.1, 2015v3.0"
"/Return/ReturnData/IRS990ScheduleH/CostingMethodologyUsedGrp/CostToChargeRatioInd",1611,1611,"2015v2.0, 2015v2.1, 2015v3.0"
"/Return/ReturnData/IRS990ScheduleC/AvgGrassrootsLobbyingExpendGrp/CurrentYearMinus2Amt",1604,1604,"2015v2.0, 2015v2.1, 2015v3.0"
"/Return/ReturnData/IRS990ScheduleL/GrntAsstBnftInterestedPrsnGrp/AssistancePurposeTxt",1589,847,"2015v2.0, 2015v2.1, 2015v3.0"
"/Return/ReturnData/IRS990ScheduleL/GrntAsstBnftInterestedPrsnGrp/PersonNm",1581,666,"2015v2.0, 2015v2.1, 2015v3.0"
"/Return/ReturnData/IRS990ScheduleA/FactsAndCircumstancesTestTxt",1575,1575,"2015v2.0, 2015v2.1, 2015v3.0"
"/Return/ReturnData/IRS990ScheduleA/SupportingOrgType3NonFuncInd",1550,1550,"2015v2.0, 2015v2.1, 2015v3.0"
"/Return/ReturnData/IRS990ScheduleK/TaxExemptBondsArbitrageGrp/TermOfHedgePct",1550,1116,"2015v2.0, 2015v2.1, 2015v3.0"
"/Return/ReturnData/IRS990ScheduleC/AvgGrassrootsLobbyingExpendGrp/CurrentYearMinus3Amt",1539,1539,"2015v2.0, 2015v2.1, 2015v3.0"
"/Return/ReturnData/IRS990ScheduleM/CarsAndOtherVehiclesGrp/NoncashContributionsRptF990Amt",1535,1535,"2015v2.0, 2015v2.1, 2015v3.0"
"/Return/ReturnData/IRS990ScheduleD/FinancialDerivativesGrp",1530,1530,"2015v2.0, 2015v2.1, 2015v3.0"
"/Return/ReturnData/IRS990ScheduleH/OthHlthCareFcltsNotHospitalGrp",1516,1516,"2015v2.0, 2015v2.1, 2015v3.0"
"/Return/ReturnData/IRS990ScheduleA/ThirtyThrPctSuprtTestsPY170Ind",1510,1510,"2015v2.0, 2015v2.1, 2015v3.0"
"/Return/ReturnData/IRS990ScheduleM/CarsAndOtherVehiclesGrp/NonCashCheckboxInd",1507,1507,"2015v2.0, 2015v2.1, 2015v3.0"
"/Return/ReturnData/IRS990ScheduleA/TenPctFactsCrcmstncsTestCYInd",1506,1506,"2015v2.0, 2015v2.1, 2015v3.0"
"/Return/ReturnData/IRS990ScheduleD/DonorAdvisedFundsContriAmt",1506,1506,"2015v2.0, 2015v2.1, 2015v3.0"
"/Return/ReturnData/IRS990ScheduleM/CarsAndOtherVehiclesGrp/ContributionCnt",1506,1506,"2015v2.0, 2015v2.1, 2015v3.0"
"/Return/ReturnData/IRS990ScheduleM/WorksOfArtGrp/NoncashContributionsRptF990Amt",1497,1497,"2015v2.0, 2015v2.1, 2015v3.0"
"/Return/ReturnData/IRS990ScheduleA/CollegeOrganizationInd",1488,1488,"2015v2.0, 2015v2.1, 2015v3.0"
"/Return/ReturnData/IRS990/TotalJointCostsGrp",1476,1476,"2015v2.0, 2015v2.1, 2015v3.0"
"/Return/ReturnData/IRS990ScheduleJ/IdemnificationGrossUpPmtsInd",1469,1469,"2015v2.0, 2015v2.1, 2015v3.0"
"/Return/ReturnData/IRS990/TotalJointCostsGrp/TotalAmt",1465,1465,"2015v2.0, 2015v2.1, 2015v3.0"
"/Return/ReturnData/IRS990ScheduleN/SupplementalInformationDetail",1459,1004,"2015v2.0, 2015v2.1, 2015v3.0"
"/Return/ReturnData/IRS990ScheduleN/SupplementalInformationDetail/ExplanationTxt",1459,1004,"2015v2.0, 2015v2.1, 2015v3.0"
"/Return/ReturnData/IRS990ScheduleN/SupplementalInformationDetail/FormAndLineReferenceDesc",1459,1004,"2015v2.0, 2015v2.1, 2015v3.0"
"/Return/ReturnData/IRS990/Form8886TFiledInd",1457,1457,"2015v2.0, 2015v2.1, 2015v3.0"
"/Return/ReturnData/IRS990ScheduleA/AdjustedNetIncomeGrp",1456,1456,"2015v2.0, 2015v2.1, 2015v3.0"
"/Return/ReturnData/IRS990ScheduleA/AdjustedNetIncomeGrp/AdjustedGrossIncomeGrp",1456,1456,"2015v2.0, 2015v2.1, 2015v3.0"
"/Return/ReturnData/IRS990ScheduleA/AdjustedNetIncomeGrp/AdjustedGrossIncomeGrp/PriorYearAmt",1456,1456,"2015v2.0, 2015v2.1, 2015v3.0"
"/Return/ReturnData/IRS990ScheduleA/AdjustedNetIncomeGrp/DepreciationDepletionGrp",1456,1456,"2015v2.0, 2015v2.1, 2015v3.0"
"/Return/ReturnData/IRS990ScheduleA/AdjustedNetIncomeGrp/DepreciationDepletionGrp/PriorYearAmt",1456,1456,"2015v2.0, 2015v2.1, 2015v3.0"
"/Return/ReturnData/IRS990ScheduleA/AdjustedNetIncomeGrp/NetSTCapitalGainAdjNetIncmGrp",1456,1456,"2015v2.0, 2015v2.1, 2015v3.0"
"/Return/ReturnData/IRS990ScheduleA/AdjustedNetIncomeGrp/NetSTCapitalGainAdjNetIncmGrp/PriorYearAmt",1456,1456,"2015v2.0, 2015v2.1, 2015v3.0"
"/Return/ReturnData/IRS990ScheduleA/AdjustedNetIncomeGrp/OtherExpensesGrp",1456,1456,"2015v2.0, 2015v2.1, 2015v3.0"
"/Return/ReturnData/IRS990ScheduleA/AdjustedNetIncomeGrp/OtherExpensesGrp/PriorYearAmt",1456,1456,"2015v2.0, 2015v2.1, 2015v3.0"
"/Return/ReturnData/IRS990ScheduleA/AdjustedNetIncomeGrp/OtherGrossIncomeGrp",1456,1456,"2015v2.0, 2015v2.1, 2015v3.0"
"/Return/ReturnData/IRS990ScheduleA/AdjustedNetIncomeGrp/OtherGrossIncomeGrp/PriorYearAmt",1456,1456,"2015v2.0, 2015v2.1, 2015v3.0"
"/Return/ReturnData/IRS990ScheduleA/AdjustedNetIncomeGrp/ProductionIncomeGrp",1456,1456,"2015v2.0, 2015v2.1, 2015v3.0"
"/Return/ReturnData/IRS990ScheduleA/AdjustedNetIncomeGrp/ProductionIncomeGrp/PriorYearAmt",1456,1456,"2015v2.0, 2015v2.1, 2015v3.0"
"/Return/ReturnData/IRS990ScheduleA/AdjustedNetIncomeGrp/RecoveriesPYDistributionsGrp",1456,1456,"2015v2.0, 2015v2.1, 2015v3.0"
"/Return/ReturnData/IRS990ScheduleA/AdjustedNetIncomeGrp/RecoveriesPYDistributionsGrp/PriorYearAmt",1456,1456,"2015v2.0, 2015v2.1, 2015v3.0"
"/Return/ReturnData/IRS990ScheduleA/AdjustedNetIncomeGrp/TotalAdjustedNetIncomeGrp",1456,1456,"2015v2.0, 2015v2.1, 2015v3.0"
"/Return/ReturnData/IRS990ScheduleA/AdjustedNetIncomeGrp/TotalAdjustedNetIncomeGrp/PriorYearAmt",1456,1456,"2015v2.0, 2015v2.1, 2015v3.0"
"/Return/ReturnData/IRS990ScheduleD/DonorAdvisedFundsGrantsAmt",1451,1451,"2015v2.0, 2015v2.1, 2015v3.0"
"/Return/ReturnData/IRS990ScheduleM/WorksOfArtGrp/MethodOfDeterminingRevenuesTxt",1451,1451,"2015v2.0, 2015v2.1, 2015v3.0"
"/Return/ReturnData/IRS990ScheduleG/GamingManagerIsEmployeeInd",1445,1445,"2015v2.0, 2015v2.1, 2015v3.0"
"/Return/ReturnData/IRS990ScheduleH/HospitalFcltyPoliciesPrctcGrp/CommuntityNotifiedFAPInd",1439,1230,"2015v2.0, 2015v2.1, 2015v3.0"
"/Return/ReturnData/IRS990ScheduleH/SubsidizedHealthServicesGrp",1415,1415,"2015v2.0, 2015v2.1, 2015v3.0"
"/Return/ReturnData/IRS990ScheduleM/CarsAndOtherVehiclesGrp/MethodOfDeterminingRevenuesTxt",1414,1414,"2015v2.0, 2015v2.1, 2015v3.0"
"/Return/ReturnData/IRS990ScheduleH/SubsidizedHealthServicesGrp/TotalExpensePct",1365,1365,"2015v2.0, 2015v2.1, 2015v3.0"
"/Return/ReturnData/IRS990ScheduleH/SubsidizedHealthServicesGrp/NetCommunityBenefitExpnsAmt",1363,1363,"2015v2.0, 2015v2.1, 2015v3.0"
"/Return/ReturnData/IRS990ScheduleH/TotalCommuntityBuildingActyGrp",1347,1347,"2015v2.0, 2015v2.1, 2015v3.0"
"/Return/ReturnData/IRS990ScheduleH/TotalCommuntityBuildingActyGrp/TotalCommunityBenefitExpnsAmt",1345,1345,"2015v2.0, 2015v2.1, 2015v3.0"
"/Return/ReturnData/IRS990ScheduleC/Form4720FiledSection4955TaxInd",1344,1344,"2015v2.0, 2015v2.1, 2015v3.0"
"/Return/ReturnData/IRS990ScheduleA/DistributionAllocationsGrp",1341,1341,"2015v2.0, 2015v2.1, 2015v3.0"
"/Return/ReturnData/IRS990ScheduleA/DistributionAllocationsGrp/CYDistribAppUnderdistriPYAmt",1341,1341,"2015v2.0, 2015v2.1, 2015v3.0"
"/Return/ReturnData/IRS990ScheduleA/DistributionAllocationsGrp/CYDistributableAsAdjustedAmt",1341,1341,"2015v2.0, 2015v2.1, 2015v3.0"
"/Return/ReturnData/IRS990ScheduleA/DistributionAllocationsGrp/CYTotalAnnualDistributionsAmt",1341,1341,"2015v2.0, 2015v2.1, 2015v3.0"
"/Return/ReturnData/IRS990ScheduleA/DistributionAllocationsGrp/CyovAppliedUnderdistrCPYAmt",1341,1341,"2015v2.0, 2015v2.1, 2015v3.0"
"/Return/ReturnData/IRS990ScheduleA/DistributionAllocationsGrp/CyovAppliedUnderdistriPYAmt",1341,1341,"2015v2.0, 2015v2.1, 2015v3.0"
"/Return/ReturnData/IRS990ScheduleA/DistributionAllocationsGrp/ExcessDistriCyovToNextYrAmt",1341,1341,"2015v2.0, 2015v2.1, 2015v3.0"
"/Return/ReturnData/IRS990ScheduleA/DistributionAllocationsGrp/ExcessDistributionAmt",1341,1341,"2015v2.0, 2015v2.1, 2015v3.0"
"/Return/ReturnData/IRS990ScheduleA/DistributionAllocationsGrp/ExcessDistributionCyovAmt",1341,1341,"2015v2.0, 2015v2.1, 2015v3.0"
"/Return/ReturnData/IRS990ScheduleA/DistributionAllocationsGrp/ExcessDistributionCyovYr1Amt",1341,1341,"2015v2.0, 2015v2.1, 2015v3.0"
"/Return/ReturnData/IRS990ScheduleA/DistributionAllocationsGrp/ExcessDistributionCyovYr2Amt",1341,1341,"2015v2.0, 2015v2.1, 2015v3.0"
"/Return/ReturnData/IRS990ScheduleA/DistributionAllocationsGrp/ExcessFromYear1Amt",1341,1341,"2015v2.0, 2015v2.1, 2015v3.0"
"/Return/ReturnData/IRS990ScheduleA/DistributionAllocationsGrp/ExcessFromYear2Amt",1341,1341,"2015v2.0, 2015v2.1, 2015v3.0"
"/Return/ReturnData/IRS990ScheduleA/DistributionAllocationsGrp/ExcessFromYear3Amt",1341,1341,"2015v2.0, 2015v2.1, 2015v3.0"
"/Return/ReturnData/IRS990ScheduleA/DistributionAllocationsGrp/RemainingUnderdistriCYAmt",1341,1341,"2015v2.0, 2015v2.1, 2015v3.0"
"/Return/ReturnData/IRS990ScheduleA/DistributionAllocationsGrp/RemainingUnderdistriPYAmt",1341,1341,"2015v2.0, 2015v2.1, 2015v3.0"
"/Return/ReturnData/IRS990ScheduleA/DistributionAllocationsGrp/TotalExcessDistributionCyovAmt",1341,1341,"2015v2.0, 2015v2.1, 2015v3.0"
"/Return/ReturnData/IRS990ScheduleA/DistributionAllocationsGrp/UnderdistributionsAmt",1341,1341,"2015v2.0, 2015v2.1, 2015v3.0"
"/Return/ReturnData/IRS990ScheduleA/DistributionsGrp",1341,1341,"2015v2.0, 2015v2.1, 2015v3.0"
"/Return/ReturnData/IRS990ScheduleA/DistributionsGrp/CYAdministrativeExpensePaidAmt",1341,1341,"2015v2.0, 2015v2.1, 2015v3.0"
"/Return/ReturnData/IRS990ScheduleA/DistributionsGrp/CYDistriAttentiveSuprtOrgAmt",1341,1341,"2015v2.0, 2015v2.1, 2015v3.0"
"/Return/ReturnData/IRS990ScheduleA/DistributionsGrp/CYDistributableAsAdjustedAmt",1341,1341,"2015v2.0, 2015v2.1, 2015v3.0"
"/Return/ReturnData/IRS990ScheduleA/DistributionsGrp/CYDistributionYrRt",1341,1341,"2015v2.0, 2015v2.1, 2015v3.0"
"/Return/ReturnData/IRS990ScheduleA/DistributionsGrp/CYOtherDistributionsAmt",1341,1341,"2015v2.0, 2015v2.1, 2015v3.0"
"/Return/ReturnData/IRS990ScheduleA/DistributionsGrp/CYPaidAccomplishExemptPrpsAmt",1341,1341,"2015v2.0, 2015v2.1, 2015v3.0"
"/Return/ReturnData/IRS990ScheduleA/DistributionsGrp/CYPdInExcessIncomeActivityAmt",1341,1341,"2015v2.0, 2015v2.1, 2015v3.0"
"/Return/ReturnData/IRS990ScheduleA/DistributionsGrp/CYTotalAnnualDistributionsAmt",1341,1341,"2015v2.0, 2015v2.1, 2015v3.0"
"/Return/ReturnData/IRS990ScheduleA/DistributionsGrp/ExemptUseAssetsAcquisPaidAmt",1341,1341,"2015v2.0, 2015v2.1, 2015v3.0"
"/Return/ReturnData/IRS990ScheduleA/DistributionsGrp/QualifiedSetAsideAmt",1341,1341,"2015v2.0, 2015v2.1, 2015v3.0"
"/Return/ReturnData/IRS990ScheduleH/TotalCommuntityBuildingActyGrp/NetCommunityBenefitExpnsAmt",1338,1338,"2015v2.0, 2015v2.1, 2015v3.0"
"/Return/ReturnData/IRS990ScheduleD/StatesEasementsHeldCnt",1335,1335,"2015v2.0, 2015v2.1, 2015v3.0"
"/Return/ReturnData/IRS990/FinalReturnInd",1331,1331,"2015v2.0, 2015v2.1, 2015v3.0"
"/Return/ReturnData/IRS990ScheduleA/MinimumAssetAmountGrp",1330,1330,"2015v2.0, 2015v2.1, 2015v3.0"
"/Return/ReturnData/IRS990ScheduleA/MinimumAssetAmountGrp/AcquisitionIndebtednessGrp",1330,1330,"2015v2.0, 2015v2.1, 2015v3.0"
"/Return/ReturnData/IRS990ScheduleA/MinimumAssetAmountGrp/AcquisitionIndebtednessGrp/PriorYearAmt",1330,1330,"2015v2.0, 2015v2.1, 2015v3.0"
"/Return/ReturnData/IRS990ScheduleA/MinimumAssetAmountGrp/AdjustedFMVLessIndebtednessGrp",1330,1330,"2015v2.0, 2015v2.1, 2015v3.0"
"/Return/ReturnData/IRS990ScheduleA/MinimumAssetAmountGrp/AdjustedFMVLessIndebtednessGrp/PriorYearAmt",1330,1330,"2015v2.0, 2015v2.1, 2015v3.0"
"/Return/ReturnData/IRS990ScheduleA/MinimumAssetAmountGrp/AverageMonthlyCashBalancesGrp",1330,1330,"2015v2.0, 2015v2.1, 2015v3.0"
"/Return/ReturnData/IRS990ScheduleA/MinimumAssetAmountGrp/AverageMonthlyCashBalancesGrp/PriorYearAmt",1330,1330,"2015v2.0, 2015v2.1, 2015v3.0"
"/Return/ReturnData/IRS990ScheduleA/MinimumAssetAmountGrp/AverageMonthlyFMVOfSecGrp",1330,1330,"2015v2.0, 2015v2.1, 2015v3.0"
"/Return/ReturnData/IRS990ScheduleA/MinimumAssetAmountGrp/AverageMonthlyFMVOfSecGrp/PriorYearAmt",1330,1330,"2015v2.0, 2015v2.1, 2015v3.0"
"/Return/ReturnData/IRS990ScheduleA/MinimumAssetAmountGrp/CashDeemedCharitableGrp",1330,1330,"2015v2.0, 2015v2.1, 2015v3.0"
"/Return/ReturnData/IRS990ScheduleA/MinimumAssetAmountGrp/CashDeemedCharitableGrp/PriorYearAmt",1330,1330,"2015v2.0, 2015v2.1, 2015v3.0"
"/Return/ReturnData/IRS990ScheduleA/MinimumAssetAmountGrp/DiscountClaimedAmt",1330,1330,"2015v2.0, 2015v2.1, 2015v3.0"
"/Return/ReturnData/IRS990ScheduleA/MinimumAssetAmountGrp/FMVOtherNonExemptUseAssetGrp",1330,1330,"2015v2.0, 2015v2.1, 2015v3.0"
"/Return/ReturnData/IRS990ScheduleA/MinimumAssetAmountGrp/FMVOtherNonExemptUseAssetGrp/PriorYearAmt",1330,1330,"2015v2.0, 2015v2.1, 2015v3.0"
"/Return/ReturnData/IRS990ScheduleA/MinimumAssetAmountGrp/NetVlNonExemptUseAssetsGrp",1330,1330,"2015v2.0, 2015v2.1, 2015v3.0"
"/Return/ReturnData/IRS990ScheduleA/MinimumAssetAmountGrp/NetVlNonExemptUseAssetsGrp/PriorYearAmt",1330,1330,"2015v2.0, 2015v2.1, 2015v3.0"
"/Return/ReturnData/IRS990ScheduleA/MinimumAssetAmountGrp/PctOfNetVlNonExemptUseAstGrp",1330,1330,"2015v2.0, 2015v2.1, 2015v3.0"
"/Return/ReturnData/IRS990ScheduleA/MinimumAssetAmountGrp/PctOfNetVlNonExemptUseAstGrp/PriorYearAmt",1330,1330,"2015v2.0, 2015v2.1, 2015v3.0"
"/Return/ReturnData/IRS990ScheduleA/MinimumAssetAmountGrp/RecoveriesPYDistriMinAssetGrp",1330,1330,"2015v2.0, 2015v2.1, 2015v3.0"
"/Return/ReturnData/IRS990ScheduleA/MinimumAssetAmountGrp/RecoveriesPYDistriMinAssetGrp/PriorYearAmt",1330,1330,"2015v2.0, 2015v2.1, 2015v3.0"
"/Return/ReturnData/IRS990ScheduleA/MinimumAssetAmountGrp/TotalFMVOfNonExemptUseAssetGrp",1330,1330,"2015v2.0, 2015v2.1, 2015v3.0"
"/Return/ReturnData/IRS990ScheduleA/MinimumAssetAmountGrp/TotalFMVOfNonExemptUseAssetGrp/PriorYearAmt",1330,1330,"2015v2.0, 2015v2.1, 2015v3.0"
"/Return/ReturnData/IRS990ScheduleA/MinimumAssetAmountGrp/TotalMinimumAssetGrp",1330,1330,"2015v2.0, 2015v2.1, 2015v3.0"
"/Return/ReturnData/IRS990ScheduleA/MinimumAssetAmountGrp/TotalMinimumAssetGrp/PriorYearAmt",1330,1330,"2015v2.0, 2015v2.1, 2015v3.0"
"/Return/ReturnData/IRS990EZ/TypeOfOrganizationTrustInd",1327,1327,"2015v2.0, 2015v2.1, 2015v3.0"
"/Return/ReturnData/IRS990ScheduleD/Section170hRqrStsfdInd",1321,1321,"2015v2.0, 2015v2.1, 2015v3.0"
"/Return/ReturnData/IRS990ScheduleH/SubsidizedHealthServicesGrp/TotalCommunityBenefitExpnsAmt",1320,1320,"2015v2.0, 2015v2.1, 2015v3.0"
"/Return/ReturnData/IRS990ScheduleJ/FirstClassOrCharterTravelInd",1317,1317,"2015v2.0, 2015v2.1, 2015v3.0"
"/Return/ReturnData/IRS990ScheduleD/TotalEasementsCnt",1296,1296,"2015v2.0, 2015v2.1, 2015v3.0"
"/Return/ReturnData/IRS990ScheduleA/PrivateFoundation509Ind",1291,1291,"2015v2.0, 2015v2.1, 2015v3.0"
"/Return/ReturnData/IRS990ScheduleM/BooksAndPublicationsGrp/NonCashCheckboxInd",1291,1291,"2015v2.0, 2015v2.1, 2015v3.0"
"/Return/ReturnData/IRS990ScheduleM/BooksAndPublicationsGrp/NoncashContributionsRptF990Amt",1283,1283,"2015v2.0, 2015v2.1, 2015v3.0"
"/Return/ReturnData/IRS990ScheduleM/DrugsAndMedicalSuppliesGrp/NoncashContributionsRptF990Amt",1277,1277,"2015v2.0, 2015v2.1, 2015v3.0"
"/Return/ReturnData/IRS990ScheduleC/CorrectionMadeInd",1273,1273,"2015v2.0, 2015v2.1, 2015v3.0"
"/Return/ReturnData/IRS990ScheduleM/DrugsAndMedicalSuppliesGrp/NonCashCheckboxInd",1258,1258,"2015v2.0, 2015v2.1, 2015v3.0"
"/Return/ReturnData/IRS990ScheduleC/CarriedOverAmt",1254,1254,"2015v2.0, 2015v2.1, 2015v3.0"
"/Return/ReturnData/IRS990ScheduleH/ManagementCoAndJntVenturesGrp",1241,536,"2015v2.0, 2015v2.1, 2015v3.0"
"/Return/ReturnData/IRS990ScheduleH/ManagementCoAndJntVenturesGrp/EntityName",1241,536,"2015v2.0, 2015v2.1, 2015v3.0"
"/Return/ReturnData/IRS990ScheduleH/ManagementCoAndJntVenturesGrp/EntityName/BusinessNameLine1Txt",1241,536,"2015v2.0, 2015v2.1, 2015v3.0"
"/Return/ReturnData/IRS990EZ/FinalReturnInd",1215,1215,"2015v2.0, 2015v2.1, 2015v3.0"
"/Return/ReturnData/IRS990ScheduleH/HospitalFcltyPoliciesPrctcGrp/ProvidedNonprofitContactInd",1212,1023,"2015v2.0, 2015v2.1, 2015v3.0"
"/Return/ReturnData/IRS990/ContractorCompensationGrp/ContractorAddress/USAddress/AddressLine2Txt",1211,820,"2015v2.1, 2015v3.0"
"/Return/ReturnData/IRS990ScheduleD/TotalAcreageCnt",1210,1210,"2015v2.0, 2015v2.1, 2015v3.0"
"/Return/ReturnData/IRS990ScheduleM/BooksAndPublicationsGrp/MethodOfDeterminingRevenuesTxt",1210,1210,"2015v2.0, 2015v2.1, 2015v3.0"
"/Return/ReturnData/IRS990ScheduleN/DirectorOfSuccessor2Ind",1205,1205,"2015v2.0, 2015v2.1, 2015v3.0"
"/Return/ReturnData/IRS990ScheduleN/EmployeeOfSuccessor2Ind",1205,1205,"2015v2.0, 2015v2.1, 2015v3.0"
"/Return/ReturnData/IRS990ScheduleN/OwnerOfSuccessor2Ind",1205,1205,"2015v2.0, 2015v2.1, 2015v3.0"
"/Return/ReturnData/IRS990ScheduleN/ReceiveCompensation2Ind",1205,1205,"2015v2.0, 2015v2.1, 2015v3.0"
"/Return/ReturnData/IRS990ScheduleG/PersonsWithBooksName",1199,1199,"2015v2.0, 2015v2.1, 2015v3.0"
"/Return/ReturnData/IRS990ScheduleG/PersonsWithBooksName/BusinessNameLine1Txt",1199,1199,"2015v2.0, 2015v2.1, 2015v3.0"
"/Return/ReturnData/IRS990ScheduleG/GamingInformationGrp/NonCashPrizesOtherGamingAmt",1197,1197,"2015v2.0, 2015v2.1, 2015v3.0"
"/Return/ReturnData/IRS990ScheduleM/DrugsAndMedicalSuppliesGrp/ContributionCnt",1169,1169,"2015v2.0, 2015v2.1, 2015v3.0"
"/Return/ReturnData/IRS990ScheduleG/GamingInformationGrp/RentFacilityCostsBingoAmt",1165,1165,"2015v2.0, 2015v2.1, 2015v3.0"
"/Return/ReturnData/IRS990ScheduleA/PrivateFoundation170Ind",1162,1162,"2015v2.0, 2015v2.1, 2015v3.0"
"/Return/ReturnData/IRS990ScheduleH/ManagementCoAndJntVenturesGrp/PrimaryActivitiesTxt",1161,504,"2015v2.0, 2015v2.1, 2015v3.0"
"/Return/ReturnData/IRS990/ContractorCompensationGrp/ContractorAddress/ForeignAddress",1158,690,"2015v2.0, 2015v2.1, 2015v3.0"
"/Return/ReturnData/IRS990/ContractorCompensationGrp/ContractorAddress/ForeignAddress/AddressLine1Txt",1158,690,"2015v2.0, 2015v2.1, 2015v3.0"
"/Return/ReturnData/IRS990/ContractorCompensationGrp/ContractorAddress/ForeignAddress/CountryCd",1158,690,"2015v2.0, 2015v2.1, 2015v3.0"
"/Return/ReturnData/IRS990ScheduleM/DrugsAndMedicalSuppliesGrp/MethodOfDeterminingRevenuesTxt",1146,1146,"2015v2.0, 2015v2.1, 2015v3.0"
"/Return/ReturnData/IRS990ScheduleH/ManagementCoAndJntVenturesGrp/OrgProfitOrOwnershipPct",1138,494,"2015v2.0, 2015v2.1, 2015v3.0"
"/Return/ReturnData/IRS990ScheduleH/TotalCommuntityBuildingActyGrp/TotalExpensePct",1132,1132,"2015v2.0, 2015v2.1, 2015v3.0"
"/Return/ReturnData/IRS990ScheduleH/CommunityHealthServicesGrp/DirectOffsettingRevenueAmt",1131,1131,"2015v2.0, 2015v2.1, 2015v3.0"
"/Return/ReturnData/IRS990ScheduleN/DispositionOfAssetsDetail/BusinessName",1129,621,"2015v2.0, 2015v2.1, 2015v3.0"
"/Return/ReturnData/IRS990ScheduleN/DispositionOfAssetsDetail/BusinessName/BusinessNameLine1Txt",1129,621,"2015v2.0, 2015v2.1, 2015v3.0"
"/Return/ReturnData/IRS990/ContractorCompensationGrp/ContractorAddress/ForeignAddress/CityNm",1126,674,"2015v2.0, 2015v2.1, 2015v3.0"
"/Return/ReturnData/IRS990ScheduleH/HospitalFacilitiesGrp/FacilityReportingGroupCd",1119,336,"2015v2.0, 2015v2.1, 2015v3.0"
"/Return/ReturnData/IRS990ScheduleR/TransactionsRelatedOrgGrp/OtherOrganizationName/BusinessNameLine2Txt",1118,524,"2015v2.0, 2015v2.1, 2015v3.0"
"/Return/ReturnData/IRS990ScheduleR/IdRelatedTaxExemptOrgGrp/USAddress/AddressLine2Txt",1116,597,"2015v2.1, 2015v3.0"
"/Return/ReturnData/IRS990ScheduleD/EndingBalanceAmt",1112,1112,"2015v2.0, 2015v2.1, 2015v3.0"
"/Return/ReturnData/IRS990ScheduleH/Percent200Ind",1107,1107,"2015v2.0, 2015v2.1, 2015v3.0"
"/Return/ReturnData/IRS990ScheduleH/SubsidizedHealthServicesGrp/DirectOffsettingRevenueAmt",1105,1105,"2015v2.0, 2015v2.1, 2015v3.0"
"/Return/ReturnData/IRS990ScheduleH/UnableToProvideCareInd",1102,1102,"2015v2.0, 2015v2.1, 2015v3.0"
"/Return/ReturnData/IRS990ScheduleG/GamingInformationGrp/RentFacilityCostsPullTabsAmt",1098,1098,"2015v2.0, 2015v2.1, 2015v3.0"
"/Return/ReturnData/IRS990ScheduleD/CloselyHeldEquityInterestsGrp/BookValueAmt",1089,1089,"2015v2.0, 2015v2.1, 2015v3.0"
"/Return/ReturnData/IRS990ScheduleN/LiquidationOfAssetsTableGrp/LiquidationOfAssetsDetail/PersonNm",1088,625,"2015v2.0, 2015v2.1, 2015v3.0"
"/Return/ReturnData/IRS990ScheduleD/BeginningBalanceAmt",1082,1082,"2015v2.0, 2015v2.1, 2015v3.0"
"/Return/ReturnData/IRS990ScheduleK/TaxExemptBondsPrivateBusUseGrp/EngageBondCounselResearchInd",1058,369,"2015v2.0, 2015v2.1, 2015v3.0"
"/Return/ReturnData/IRS990/Form990PartVIISectionAGrp/BusinessName/BusinessNameLine2Txt",1055,317,"2015v2.0, 2015v2.1, 2015v3.0"
"/Return/ReturnData/IRS990ScheduleD/CollUsedLoanOrExchProgInd",1051,1051,"2015v2.0, 2015v2.1, 2015v3.0"
"/Return/ReturnData/IRS990ScheduleR/IdRelatedTaxExemptOrgGrp/ForeignAddress/ForeignPostalCd",1037,531,"2015v2.0, 2015v2.1, 2015v3.0"
"/Return/ReturnData/IRS990EZ/MethodOfAccountingOtherDesc",1030,1030,"2015v2.0, 2015v2.1, 2015v3.0"
"/Return/ReturnData/IRS990ScheduleC/TotalExemptFunctionExpendAmt",1030,1030,"2015v2.0, 2015v2.1, 2015v3.0"
"/Return/ReturnData/IRS990/AcctCompileOrReviewBasisGrp/ConsolAndSepBasisFinclStmtInd",1025,1025,"2015v2.0, 2015v2.1, 2015v3.0"
"/Return/ReturnData/IRS990ScheduleH/ManagementCoAndJntVenturesGrp/PhysiciansProfitOrOwnershipPct",1023,445,"2015v2.0, 2015v2.1, 2015v3.0"
"/Return/ReturnData/IRS990ScheduleD/StaffHoursSpentEnforcementCnt",998,998,"2015v2.0, 2015v2.1, 2015v3.0"
"/Return/ReturnData/IRS990ScheduleD/ProtectionNaturalHabitatInd",970,970,"2015v2.0, 2015v2.1, 2015v3.0"
"/Return/ReturnData/IRS990ScheduleH/CommunitySupportGrp",959,959,"2015v2.0, 2015v2.1, 2015v3.0"
"/Return/ReturnData/IRS990ScheduleD/CloselyHeldEquityInterestsGrp/MethodValuationCd",950,950,"2015v2.0, 2015v2.1, 2015v3.0"
"/Return/ReturnData/IRS990ScheduleC/Form4720FiledInd",947,947,"2015v2.0, 2015v2.1, 2015v3.0"
"/Return/ReturnData/IRS990ScheduleH/HealthProfessionsEducationGrp/DirectOffsettingRevenueAmt",941,941,"2015v2.0, 2015v2.1, 2015v3.0"
"/Return/ReturnData/IRS990ScheduleH/CommunitySupportGrp/NetCommunityBenefitExpnsAmt",938,938,"2015v2.0, 2015v2.1, 2015v3.0"
"/Return/ReturnData/IRS990ScheduleH/HospitalFcltyPoliciesPrctcGrp/IncomeLevelCriteriaInd",937,838,"2015v2.0, 2015v2.1, 2015v3.0"
"/Return/ReturnData/IRS990ScheduleD/AdditionsDuringYearAmt",921,921,"2015v2.0, 2015v2.1, 2015v3.0"
"/Return/ReturnData/IRS990ScheduleH/HospitalFcltyPoliciesPrctcGrp/OtherPublicityInd",897,739,"2015v2.0, 2015v2.1, 2015v3.0"
"/Return/ReturnData/IRS990ScheduleD/DistributionsDuringYearAmt",896,896,"2015v2.0, 2015v2.1, 2015v3.0"
"/Return/ReturnData/IRS990ScheduleA/Form990SchASupportingOrgGrp/ExcessBusinessHoldingsInd",894,894,"2015v2.0, 2015v2.1, 2015v3.0"
"/Return/ReturnData/IRS990ScheduleA/AdjustedNetIncomeGrp/TotalAdjustedNetIncomeGrp/CurrentYearAmt",892,892,"2015v2.0, 2015v2.1, 2015v3.0"
"/Return/ReturnData/IRS990ScheduleA/AdjustedNetIncomeGrp/AdjustedGrossIncomeGrp/CurrentYearAmt",891,891,"2015v2.0, 2015v2.1, 2015v3.0"
"/Return/ReturnData/IRS990/Form720FiledInd",887,887,"2015v2.0, 2015v2.1, 2015v3.0"
"/Return/ReturnData/IRS990ScheduleA/AdjustedNetIncomeGrp/OtherGrossIncomeGrp/CurrentYearAmt",885,885,"2015v2.0, 2015v2.1, 2015v3.0"
"/Return/ReturnData/IRS990ScheduleH/HospitalFacilitiesGrp/TeachingHospitalInd",882,591,"2015v2.0, 2015v2.1, 2015v3.0"
"/Return/ReturnData/IRS990EZ/BooksInCareOfDetail/BusinessName/BusinessNameLine2Txt",878,878,"2015v2.0, 2015v2.1, 2015v3.0"
"/Return/ReturnData/IRS990ScheduleH/FinancialAssistanceAtCostTyp/DirectOffsettingRevenueAmt",878,878,"2015v2.0, 2015v2.1, 2015v3.0"
"/Return/ReturnData/IRS990ScheduleC/InternalFundsContributedAmt",876,876,"2015v2.0, 2015v2.1, 2015v3.0"
"/Return/ReturnData/IRS990ScheduleN/DispositionOfAssetsDetail/PersonNm",872,404,"2015v2.1, 2015v3.0"
"/Return/ReturnData/IRS990ScheduleC/GrantsOtherOrganizationsAmt",869,869,"2015v2.0, 2015v2.1, 2015v3.0"
"/Return/ReturnData/IRS990ScheduleA/Form990SchASupportingOrgGrp/SupportedOrgQualifiedInd",853,853,"2015v2.0, 2015v2.1, 2015v3.0"
"/Return/ReturnData/IRS990ScheduleH/CommunitySupportGrp/TotalExpensePct",850,850,"2015v2.0, 2015v2.1, 2015v3.0"
"/Return/ReturnData/IRS990ScheduleA/Form990SchASupportingOrgGrp/SuprtExclusivelySec170c2BInd",849,849,"2015v2.0, 2015v2.1, 2015v3.0"
"/Return/ReturnData/IRS990ScheduleJ/DiscretionarySpendingAcctInd",847,847,"2015v2.0, 2015v2.1, 2015v3.0"
"/Return/ReturnData/IRS990ScheduleA/MinimumAssetAmountGrp/AdjustedFMVLessIndebtednessGrp/CurrentYearAmt",845,845,"2015v2.0, 2015v2.1, 2015v3.0"
"/Return/ReturnData/IRS990ScheduleA/MinimumAssetAmountGrp/TotalFMVOfNonExemptUseAssetGrp/CurrentYearAmt",845,845,"2015v2.0, 2015v2.1, 2015v3.0"
"/Return/ReturnData/IRS990ScheduleA/MinimumAssetAmountGrp/NetVlNonExemptUseAssetsGrp/CurrentYearAmt",843,843,"2015v2.0, 2015v2.1, 2015v3.0"
"/Return/ReturnData/IRS990ScheduleA/MinimumAssetAmountGrp/PctOfNetVlNonExemptUseAstGrp/CurrentYearAmt",843,843,"2015v2.0, 2015v2.1, 2015v3.0"
"/Return/ReturnData/IRS990ScheduleA/MinimumAssetAmountGrp/TotalMinimumAssetGrp/CurrentYearAmt",843,843,"2015v2.0, 2015v2.1, 2015v3.0"
"/Return/ReturnData/IRS990ScheduleH/CommunitySupportGrp/TotalCommunityBenefitExpnsAmt",839,839,"2015v2.0, 2015v2.1, 2015v3.0"
"/Return/ReturnData/IRS990ScheduleD/PreservationOpenSpaceInd",838,838,"2015v2.0, 2015v2.1, 2015v3.0"
"/Return/ReturnData/IRS990ScheduleH/HospitalFacilitiesGrp/OtherDesc",832,610,"2015v2.0, 2015v2.1, 2015v3.0"
"/Return/ReturnData/IRS990ScheduleD/ExpensesIncurredEnforcementAmt",818,818,"2015v2.0, 2015v2.1, 2015v3.0"
"/Return/ReturnData/IRS990ScheduleM/RealEstateResidentialGrp/NoncashContributionsRptF990Amt",816,816,"2015v2.0, 2015v2.1, 2015v3.0"
"/Return/ReturnData/IRS990ScheduleH/UnreimbursedCostsGrp",811,811,"2015v2.0, 2015v2.1, 2015v3.0"
"/Return/ReturnData/IRS990ScheduleA/MinimumAssetAmountGrp/CashDeemedCharitableGrp/CurrentYearAmt",809,809,"2015v2.0, 2015v2.1, 2015v3.0"
"/Return/ReturnData/IRS990ScheduleA/MinimumAssetAmountGrp/AverageMonthlyCashBalancesGrp/CurrentYearAmt",807,807,"2015v2.0, 2015v2.1, 2015v3.0"
"/Return/ReturnData/IRS990ScheduleA/AdjustedNetIncomeGrp/ProductionIncomeGrp/CurrentYearAmt",805,805,"2015v2.0, 2015v2.1, 2015v3.0"
"/Return/ReturnData/IRS990ScheduleH/HospitalFcltyPoliciesPrctcGrp/ResidencyCriteriaInd",805,668,"2015v2.0, 2015v2.1, 2015v3.0"
"/Return/ReturnData/IRS990ScheduleM/RealEstateResidentialGrp/NonCashCheckboxInd",804,804,"2015v2.0, 2015v2.1, 2015v3.0"
"/Return/ReturnData/IRS990ScheduleM/RealEstateResidentialGrp/ContributionCnt",802,802,"2015v2.0, 2015v2.1, 2015v3.0"
"/Return/ReturnData/IRS990/TotalJointCostsGrp/ProgramServicesAmt",794,794,"2015v2.0, 2015v2.1, 2015v3.0"
"/Return/ReturnData/IRS990ScheduleC/VolunteerHoursCnt",790,790,"2015v2.0, 2015v2.1, 2015v3.0"
"/Return/ReturnData/IRS990ScheduleH/ResearchGrp",787,787,"2015v2.0, 2015v2.1, 2015v3.0"
"/Return/ReturnData/IRS990ScheduleA/MinimumAssetAmountGrp/AverageMonthlyFMVOfSecGrp/CurrentYearAmt",786,786,"2015v2.0, 2015v2.1, 2015v3.0"
"/Return/ReturnData/IRS990/TotalJointCostsGrp/FundraisingAmt",782,782,"2015v2.0, 2015v2.1, 2015v3.0"
"/Return/ReturnData/IRS990ScheduleH/TotalCommunityBenefitsGrp/PersonsServedCnt",780,780,"2015v2.0, 2015v2.1, 2015v3.0"
"/Return/ReturnData/IRS990ScheduleH/HospitalFacilitiesGrp/CriticalAccessHospitalInd",772,686,"2015v2.0, 2015v2.1, 2015v3.0"
"/Return/ReturnData/IRS990ScheduleM/RealEstateCommercialGrp/NoncashContributionsRptF990Amt",769,769,"2015v2.0, 2015v2.1, 2015v3.0"
"/Return/ReturnData/IRS990ScheduleA/AdjustedNetIncomeGrp/OtherExpensesGrp/CurrentYearAmt",767,767,"2015v2.0, 2015v2.1, 2015v3.0"
"/Return/ReturnData/AffiliatedGroupSchedule/AffiliatedScheduleGrp",766,145,"2015v2.1, 2015v3.0"
"/Return/ReturnData/AffiliatedGroupSchedule/AffiliatedScheduleGrp/BusinessName",766,145,"2015v2.1, 2015v3.0"
"/Return/ReturnData/AffiliatedGroupSchedule/AffiliatedScheduleGrp/BusinessName/BusinessNameLine1Txt",766,145,"2015v2.1, 2015v3.0"
"/Return/ReturnData/AffiliatedGroupSchedule/AffiliatedScheduleGrp/EIN",766,145,"2015v2.1, 2015v3.0"
"/Return/ReturnData/AffiliatedGroupSchedule/AffiliatedScheduleGrp/GrassrootsNontxAmt",766,145,"2015v2.1, 2015v3.0"
"/Return/ReturnData/AffiliatedGroupSchedule/AffiliatedScheduleGrp/LobbyNontxAmt",766,145,"2015v2.1, 2015v3.0"
"/Return/ReturnData/AffiliatedGroupSchedule/AffiliatedScheduleGrp/OtherExemptPurposeExpendAmt",766,145,"2015v2.1, 2015v3.0"
"/Return/ReturnData/AffiliatedGroupSchedule/AffiliatedScheduleGrp/ShareExcessLobbyExpendAmt",766,145,"2015v2.1, 2015v3.0"
"/Return/ReturnData/AffiliatedGroupSchedule/AffiliatedScheduleGrp/TotLbbyExpendMnsLobbyNontxAmt",766,145,"2015v2.1, 2015v3.0"
"/Return/ReturnData/AffiliatedGroupSchedule/AffiliatedScheduleGrp/TotalDirectLobbyAmt",766,145,"2015v2.1, 2015v3.0"
"/Return/ReturnData/AffiliatedGroupSchedule/AffiliatedScheduleGrp/TotalExemptPurposeExpendAmt",766,145,"2015v2.1, 2015v3.0"
"/Return/ReturnData/AffiliatedGroupSchedule/AffiliatedScheduleGrp/TotalGrassrootsLobbyAmt",766,145,"2015v2.1, 2015v3.0"
"/Return/ReturnData/AffiliatedGroupSchedule/AffiliatedScheduleGrp/TotalLobbyExpenditureAmt",766,145,"2015v2.1, 2015v3.0"
"/Return/ReturnData/AffiliatedGroupSchedule/AffiliatedScheduleGrp/TotalLobbyGrssrootMnsNontxAmt",766,145,"2015v2.1, 2015v3.0"
"/Return/ReturnData/AffiliatedGroupSchedule/AffiliatedScheduleGrp/USAddress",766,145,"2015v2.1, 2015v3.0"
"/Return/ReturnData/AffiliatedGroupSchedule/AffiliatedScheduleGrp/USAddress/AddressLine1Txt",766,145,"2015v2.1, 2015v3.0"
"/Return/ReturnData/AffiliatedGroupSchedule/AffiliatedScheduleGrp/USAddress/CityNm",766,145,"2015v2.1, 2015v3.0"
"/Return/ReturnData/AffiliatedGroupSchedule/AffiliatedScheduleGrp/USAddress/StateAbbreviationCd",766,145,"2015v2.1, 2015v3.0"
"/Return/ReturnData/AffiliatedGroupSchedule/AffiliatedScheduleGrp/USAddress/ZIPCd",766,145,"2015v2.1, 2015v3.0"
"/Return/ReturnData/IRS990ScheduleH/WorkforceDevelopmentGrp",764,764,"2015v2.0, 2015v2.1, 2015v3.0"
"/Return/ReturnData/IRS990ScheduleM/RealEstateCommercialGrp/NonCashCheckboxInd",764,764,"2015v2.0, 2015v2.1, 2015v3.0"
"/Return/ReturnData/IRS990ScheduleM/RealEstateOtherGrp/NoncashContributionsRptF990Amt",758,758,"2015v2.0, 2015v2.1, 2015v3.0"
"/Return/ReturnData/IRS990ScheduleR/IdRelatedOrgTxblCorpTrGrp/RelatedOrganizationName/BusinessNameLine2Txt",751,314,"2015v2.0, 2015v2.1, 2015v3.0"
"/Return/ReturnData/IRS990ScheduleM/RealEstateCommercialGrp/ContributionCnt",748,748,"2015v2.0, 2015v2.1, 2015v3.0"
"/Return/ReturnData/IRS990ScheduleM/RealEstateOtherGrp/NonCashCheckboxInd",748,748,"2015v2.0, 2015v2.1, 2015v3.0"
"/Return/ReturnData/IRS990ScheduleH/WorkforceDevelopmentGrp/NetCommunityBenefitExpnsAmt",745,745,"2015v2.0, 2015v2.1, 2015v3.0"
"/Return/ReturnData/IRS990ScheduleH/TotalOtherBenefitsGrp/PersonsServedCnt",742,742,"2015v2.0, 2015v2.1, 2015v3.0"
"/Return/ReturnData/IRS990ScheduleC/Expended527ActivitiesAmt",741,741,"2015v2.0, 2015v2.1, 2015v3.0"
"/Return/ReturnData/IRS990ScheduleM/RealEstateOtherGrp/ContributionCnt",735,735,"2015v2.0, 2015v2.1, 2015v3.0"
"/Return/ReturnData/IRS990ScheduleR/IdRelatedTaxExemptOrgGrp/ForeignAddress/ProvinceOrStateNm",726,427,"2015v2.0, 2015v2.1, 2015v3.0"
"/Return/ReturnData/IRS990ScheduleH/UnreimbursedCostsGrp/NetCommunityBenefitExpnsAmt",723,723,"2015v2.0, 2015v2.1, 2015v3.0"
"/Return/ReturnData/IRS990ScheduleH/UnreimbursedCostsGrp/TotalExpensePct",722,722,"2015v2.0, 2015v2.1, 2015v3.0"
"/Return/ReturnData/IRS990ScheduleM/RealEstateResidentialGrp/MethodOfDeterminingRevenuesTxt",722,722,"2015v2.0, 2015v2.1, 2015v3.0"
"/Return/ReturnData/IRS990ScheduleH/ResearchGrp/NetCommunityBenefitExpnsAmt",714,714,"2015v2.0, 2015v2.1, 2015v3.0"
"/Return/ReturnData/IRS990ScheduleA/Form990SchAType3FuncIntGrp/AppointElectMajorityOfficerInd",713,713,"2015v2.0, 2015v2.1, 2015v3.0"
"/Return/ReturnData/IRS990ScheduleA/Form990SchAType3FuncIntGrp/ExerciseDirectionPoliciesInd",713,713,"2015v2.0, 2015v2.1, 2015v3.0"
"/Return/ReturnData/IRS990ScheduleA/AdjustedNetIncomeGrp/DepreciationDepletionGrp/CurrentYearAmt",707,707,"2015v2.0, 2015v2.1, 2015v3.0"
"/Return/ReturnData/IRS990ScheduleH/ResearchGrp/TotalExpensePct",705,705,"2015v2.0, 2015v2.1, 2015v3.0"
"/Return/ReturnData/IRS990ScheduleA/AdjustedNetIncomeGrp/RecoveriesPYDistributionsGrp/CurrentYearAmt",692,692,"2015v2.0, 2015v2.1, 2015v3.0"
"/Return/ReturnData/IRS990ScheduleH/HealthImprovementAdvocacyGrp",691,691,"2015v2.0, 2015v2.1, 2015v3.0"
"/Return/ReturnData/IRS990ScheduleD/FundsAndOtherAccountsHeldCnt",688,688,"2015v2.0, 2015v2.1, 2015v3.0"
"/Return/ReturnData/IRS990ScheduleG/ExplanationIfNoTxt",688,688,"2015v2.0, 2015v2.1, 2015v3.0"
"/Return/ReturnData/IRS990ScheduleH/TotalCommunityBenefitsGrp/ActivitiesOrProgramsCnt",688,688,"2015v2.0, 2015v2.1, 2015v3.0"
"/Return/ReturnData/IRS990ScheduleD/ArtPublicExhibitionAmountsGrp/RevenuesIncludedAmt",686,686,"2015v2.0, 2015v2.1, 2015v3.0"
"/Return/ReturnData/IRS990/TotalJointCostsGrp/ManagementAndGeneralAmt",682,682,"2015v2.0, 2015v2.1, 2015v3.0"
"/Return/ReturnData/IRS990ScheduleH/WorkforceDevelopmentGrp/TotalExpensePct",681,681,"2015v2.0, 2015v2.1, 2015v3.0"
"/Return/ReturnData/IRS990ScheduleC/Form4720Filed4912TaxInd",679,679,"2015v2.0, 2015v2.1, 2015v3.0"
"/Return/ReturnData/IRS990ScheduleH/TotalOtherBenefitsGrp/ActivitiesOrProgramsCnt",671,671,"2015v2.0, 2015v2.1, 2015v3.0"
"/Return/ReturnData/IRS990ScheduleD/FundsAndOtherAccountsVlEOYAmt",670,670,"2015v2.0, 2015v2.1, 2015v3.0"
"/Return/ReturnData/IRS990ScheduleH/UnreimbursedCostsGrp/TotalCommunityBenefitExpnsAmt",670,670,"2015v2.0, 2015v2.1, 2015v3.0"
"/Return/ReturnData/IRS990ScheduleH/Percent400Ind",668,668,"2015v2.0, 2015v2.1, 2015v3.0"
"/Return/ReturnData/IRS990ScheduleH/ResearchGrp/TotalCommunityBenefitExpnsAmt",664,664,"2015v2.0, 2015v2.1, 2015v3.0"
"/Return/ReturnData/IRS990ScheduleA/MinimumAssetAmountGrp/FMVOtherNonExemptUseAssetGrp/CurrentYearAmt",663,663,"2015v2.0, 2015v2.1, 2015v3.0"
"/Return/ReturnData/IRS990ScheduleH/HealthImprovementAdvocacyGrp/NetCommunityBenefitExpnsAmt",659,659,"2015v2.0, 2015v2.1, 2015v3.0"
"/Return/ReturnData/IRS990ScheduleR/IdRelatedOrgTxblPartnershipGrp/LegalDomicileForeignCountryCd",659,128,"2015v2.0, 2015v2.1, 2015v3.0"
"/Return/ReturnData/IRS990ScheduleH/CoalitionBuildingGrp",655,655,"2015v2.0, 2015v2.1, 2015v3.0"
"/Return/ReturnData/IRS990ScheduleM/RealEstateOtherGrp/MethodOfDeterminingRevenuesTxt",643,643,"2015v2.0, 2015v2.1, 2015v3.0"
"/Return/ReturnData/IRS990ScheduleM/RealEstateCommercialGrp/MethodOfDeterminingRevenuesTxt",642,642,"2015v2.0, 2015v2.1, 2015v3.0"
"/Return/ReturnData/IRS990ScheduleR/IdRelatedOrgTxblPartnershipGrp/ForeignAddress",641,123,"2015v2.0, 2015v2.1, 2015v3.0"
"/Return/ReturnData/IRS990ScheduleR/IdRelatedOrgTxblPartnershipGrp/ForeignAddress/AddressLine1Txt",641,123,"2015v2.0, 2015v2.1, 2015v3.0"
"/Return/ReturnData/IRS990ScheduleR/IdRelatedOrgTxblPartnershipGrp/ForeignAddress/CountryCd",641,123,"2015v2.0, 2015v2.1, 2015v3.0"
"/Return/ReturnData/IRS990ScheduleA/DistributionAllocationsGrp/CYDistriAppDistributableAmt",640,640,"2015v2.0, 2015v2.1, 2015v3.0"
"/Return/ReturnData/IRS990ScheduleA/MinimumAssetAmountGrp/RecoveriesPYDistriMinAssetGrp/CurrentYearAmt",638,638,"2015v2.0, 2015v2.1, 2015v3.0"
"/Return/ReturnData/IRS990ScheduleH/CoalitionBuildingGrp/NetCommunityBenefitExpnsAmt",638,638,"2015v2.0, 2015v2.1, 2015v3.0"
"/Return/ReturnData/IRS990EZ/AmendedReturnInd",637,637,"2015v2.0, 2015v2.1, 2015v3.0"
"/Return/ReturnData/IRS990ScheduleD/PreservationPublicUseInd",637,637,"2015v2.0, 2015v2.1, 2015v3.0"
"/Return/ReturnData/IRS990ScheduleG/GamingInformationGrp/RentFcltyCostsOtherGamingAmt",637,637,"2015v2.0, 2015v2.1, 2015v3.0"
"/Return/ReturnData/IRS990ScheduleA/MinimumAssetAmountGrp/AcquisitionIndebtednessGrp/CurrentYearAmt",635,635,"2015v2.1, 2015v3.0"
"/Return/ReturnData/IRS990ScheduleH/WorkforceDevelopmentGrp/TotalCommunityBenefitExpnsAmt",625,625,"2015v2.0, 2015v2.1, 2015v3.0"
"/Return/ReturnData/IRS990ScheduleK/TaxExemptBondsArbitrageGrp/RegulatorySafeHarborStsfdInd",624,377,"2015v2.0, 2015v2.1, 2015v3.0"
"/Return/ReturnData/IRS990ScheduleH/HospitalFcltyPoliciesPrctcGrp/OtherCriteriaInd",622,497,"2015v2.0, 2015v2.1, 2015v3.0"
"/Return/ReturnData/IRS990/ContractorCompensationGrp/ContractorAddress/ForeignAddress/ProvinceOrStateNm",618,393,"2015v2.0, 2015v2.1, 2015v3.0"
"/Return/ReturnData/IRS990ScheduleH/UnreimbursedCostsGrp/DirectOffsettingRevenueAmt",611,611,"2015v2.0, 2015v2.1, 2015v3.0"
"/Return/ReturnData/IRS990ScheduleH/TotalCommuntityBuildingActyGrp/ActivitiesOrProgramsCnt",608,608,"2015v2.0, 2015v2.1, 2015v3.0"
"/Return/ReturnData/IRS990ScheduleA/Form990SchAType3FuncIntGrp/GovernmentalEntityInd",607,607,"2015v2.0, 2015v2.1, 2015v3.0"
"/Return/ReturnData/IRS990/ContractorCompensationGrp/ContractorAddress/ForeignAddress/ForeignPostalCd",606,400,"2015v2.0, 2015v2.1, 2015v3.0"
"/Return/ReturnData/IRS990ScheduleD/FundsAndOtherAccountsContriAmt",599,599,"2015v2.0, 2015v2.1, 2015v3.0"
"/Return/ReturnData/IRS990ScheduleH/EconomicDevelopmentGrp",599,599,"2015v2.0, 2015v2.1, 2015v3.0"
"/Return/ReturnData/IRS990ScheduleH/HealthImprovementAdvocacyGrp/TotalExpensePct",593,593,"2015v2.0, 2015v2.1, 2015v3.0"
"/Return/ReturnData/IRS990/TaxExemptInterestAmt",592,592,"2015v2.0, 2015v2.1, 2015v3.0"
"/Return/ReturnData/IRS990ScheduleH/TotalCommuntityBuildingActyGrp/PersonsServedCnt",592,592,"2015v2.0, 2015v2.1, 2015v3.0"
"/Return/ReturnData/IRS990ScheduleH/HospitalFcltyPoliciesPrctcGrp/MedicareRatesInd",585,483,"2015v2.0, 2015v2.1, 2015v3.0"
"/Return/ReturnData/IRS990ScheduleD/FundsAndOtherAccountsGrantsAmt",576,576,"2015v2.0, 2015v2.1, 2015v3.0"
"/Return/ReturnData/IRS990ScheduleH/EconomicDevelopmentGrp/NetCommunityBenefitExpnsAmt",576,576,"2015v2.0, 2015v2.1, 2015v3.0"
"/Return/ReturnData/IRS990ScheduleA/GovernmentalUnitInd",568,568,"2015v2.0, 2015v2.1, 2015v3.0"
"/Return/ReturnData/IRS990ScheduleH/CoalitionBuildingGrp/TotalExpensePct",567,567,"2015v2.0, 2015v2.1, 2015v3.0"
"/Return/ReturnData/IRS990ScheduleH/HospitalFcltyPoliciesPrctcGrp/RptAvailableThruOtherMethodInd",566,473,"2015v2.0, 2015v2.1, 2015v3.0"
"/Return/ReturnData/IRS990ScheduleH/TotalFinancialAssistanceTyp/PersonsServedCnt",565,565,"2015v2.0, 2015v2.1, 2015v3.0"
"/Return/ReturnData/IRS990ScheduleJ/PersonalServicesInd",564,564,"2015v2.0, 2015v2.1, 2015v3.0"
"/Return/ReturnData/IRS990ScheduleH/CommunityHealthServicesGrp/PersonsServedCnt",558,558,"2015v2.0, 2015v2.1, 2015v3.0"
"/Return/ReturnData/IRS990ScheduleD/HistoricStructureEasementsCnt",555,555,"2015v2.0, 2015v2.1, 2015v3.0"
"/Return/ReturnData/IRS990ScheduleM/CollectiblesGrp/NonCashCheckboxInd",552,552,"2015v2.0, 2015v2.1, 2015v3.0"
"/Return/ReturnData/IRS990ScheduleM/CollectiblesGrp/ContributionCnt",546,546,"2015v2.0, 2015v2.1, 2015v3.0"
"/Return/ReturnData/IRS990ScheduleH/FreeCareOthPercentageGrp",543,543,"2015v2.0, 2015v2.1, 2015v3.0"
"/Return/ReturnData/IRS990ScheduleH/FreeCareOthPercentageGrp/FreeCareOtherPct",543,543,"2015v2.0, 2015v2.1, 2015v3.0"
"/Return/ReturnData/IRS990ScheduleH/FreeCareOthPercentageGrp/OtherInd",543,543,"2015v2.0, 2015v2.1, 2015v3.0"
"/Return/ReturnData/IRS990ScheduleH/HealthImprovementAdvocacyGrp/TotalCommunityBenefitExpnsAmt",543,543,"2015v2.0, 2015v2.1, 2015v3.0"
"/Return/ReturnData/IRS990ScheduleR/IdRelatedOrgTxblCorpTrGrp/USAddress/AddressLine2Txt",541,165,"2015v2.1, 2015v3.0"
"/Return/ReturnData/IRS990ScheduleM/CollectiblesGrp/NoncashContributionsRptF990Amt",527,527,"2015v2.0, 2015v2.1, 2015v3.0"
"/Return/ReturnData/IRS990EZ/ForeignOfficeCountryCd",521,508,"2015v2.0, 2015v2.1, 2015v3.0"
"/Return/ReturnData/IRS990ScheduleH/CashAndInKindContributionsGrp/DirectOffsettingRevenueAmt",517,517,"2015v2.0, 2015v2.1, 2015v3.0"
"/Return/ReturnData/IRS990ScheduleH/EconomicDevelopmentGrp/TotalExpensePct",517,517,"2015v2.0, 2015v2.1, 2015v3.0"
"/Return/ReturnData/IRS990ScheduleC/MailingsMembersAmt",516,516,"2015v2.0, 2015v2.1, 2015v3.0"
"/Return/ReturnData/IRS990ScheduleH/CoalitionBuildingGrp/TotalCommunityBenefitExpnsAmt",509,509,"2015v2.0, 2015v2.1, 2015v3.0"
"/Return/ReturnData/IRS990ScheduleR/IdRelatedOrgTxblPartnershipGrp/ForeignAddress/ForeignPostalCd",509,102,"2015v2.0, 2015v2.1, 2015v3.0"
"/Return/ReturnData/IRS990ScheduleN/BondLiabilitiesDischargedInd",508,508,"2015v2.0, 2015v2.1, 2015v3.0"
"/Return/ReturnData/IRS990ScheduleM/CollectiblesGrp/MethodOfDeterminingRevenuesTxt",504,504,"2015v2.0, 2015v2.1, 2015v3.0"
"/Return/ReturnData/IRS990ScheduleR/IdRelatedOrgTxblPartnershipGrp/ForeignAddress/CityNm",501,112,"2015v2.0, 2015v2.1, 2015v3.0"
"/Return/ReturnData/IRS990ScheduleH/CostingMethodologyUsedGrp/OtherInd",499,499,"2015v2.0, 2015v2.1, 2015v3.0"
"/Return/ReturnData/IRS990ScheduleH/TotalCommuntityBuildingActyGrp/DirectOffsettingRevenueAmt",492,492,"2015v2.0, 2015v2.1, 2015v3.0"
"/Return/ReturnData/IRS990ScheduleH/HospitalFcltyPoliciesPrctcGrp/OtherWebsiteURLTxt",491,392,"2015v2.0, 2015v2.1, 2015v3.0"
"/Return/ReturnData/IRS990ScheduleH/HospitalFcltyPoliciesPrctcGrp/OtherWebsiteInd",487,389,"2015v2.0, 2015v2.1, 2015v3.0"
"/Return/ReturnData/IRS990ScheduleH/LeadershipDevelopmentGrp",481,481,"2015v2.0, 2015v2.1, 2015v3.0"
"/Return/ReturnData/IRS990ScheduleA/AdjustedNetIncomeGrp/NetSTCapitalGainAdjNetIncmGrp/CurrentYearAmt",479,479,"2015v2.0, 2015v2.1, 2015v3.0"
"/Return/ReturnData/IRS990ScheduleH/CommunityHealthServicesGrp/ActivitiesOrProgramsCnt",478,478,"2015v2.0, 2015v2.1, 2015v3.0"
"/Return/ReturnData/IRS990ScheduleH/Percent300Ind",473,473,"2015v2.0, 2015v2.1, 2015v3.0"
"/Return/ReturnData/IRS990ScheduleL/DisqualifiedPersonExBnftTrGrp",471,127,"2015v2.0, 2015v2.1, 2015v3.0"
"/Return/ReturnData/IRS990ScheduleH/ResearchGrp/DirectOffsettingRevenueAmt",470,470,"2015v2.0, 2015v2.1, 2015v3.0"
"/Return/ReturnData/IRS990ScheduleL/DisqualifiedPersonExBnftTrGrp/TransactionCorrectedInd",468,124,"2015v2.0, 2015v2.1, 2015v3.0"
"/Return/ReturnData/IRS990ScheduleH/OtherCommuntityBuildingActyGrp",466,466,"2015v2.0, 2015v2.1, 2015v3.0"
"/Return/ReturnData/IRS990ScheduleH/HealthProfessionsEducationGrp/PersonsServedCnt",451,451,"2015v2.0, 2015v2.1, 2015v3.0"
"/Return/ReturnData/IRS990ScheduleA/HospitalNameAndAddressGrp",450,354,"2015v2.0, 2015v2.1, 2015v3.0"
"/Return/ReturnData/IRS990ScheduleA/HospitalNameAndAddressGrp/CityNm",450,354,"2015v2.0, 2015v2.1, 2015v3.0"
"/Return/ReturnData/IRS990ScheduleA/HospitalNameAndAddressGrp/SupportedOrganizationName",450,354,"2015v2.0, 2015v2.1, 2015v3.0"
"/Return/ReturnData/IRS990ScheduleA/HospitalNameAndAddressGrp/SupportedOrganizationName/BusinessNameLine1Txt",450,354,"2015v2.0, 2015v2.1, 2015v3.0"
"/Return/ReturnData/IRS990ScheduleH/PhysicalImprvAndHousingGrp",450,450,"2015v2.0, 2015v2.1, 2015v3.0"
"/Return/ReturnData/IRS990ScheduleC/RalliesDemonstrationsAmt",449,449,"2015v2.0, 2015v2.1, 2015v3.0"
"/Return/ReturnData/IRS990ScheduleD/ModifiedEasementsCnt",447,447,"2015v2.0, 2015v2.1, 2015v3.0"
"/Return/ReturnData/IRS990ScheduleH/LeadershipDevelopmentGrp/NetCommunityBenefitExpnsAmt",446,446,"2015v2.0, 2015v2.1, 2015v3.0"
"/Return/ReturnData/IRS990ScheduleA/HospitalNameAndAddressGrp/StateAbbreviationCd",444,349,"2015v2.0, 2015v2.1, 2015v3.0"
"/Return/ReturnData/IRS990ScheduleD/HistoricStrctrEasementsAftrCnt",440,440,"2015v2.0, 2015v2.1, 2015v3.0"
"/Return/ReturnData/IRS990ScheduleH/EconomicDevelopmentGrp/TotalCommunityBenefitExpnsAmt",437,437,"2015v2.0, 2015v2.1, 2015v3.0"
"/Return/ReturnData/IRS990ScheduleH/ManagementCoAndJntVenturesGrp/OfcrEtcProfitOrOwnershipPct",435,222,"2015v2.0, 2015v2.1, 2015v3.0"
"/Return/ReturnData/IRS990ScheduleH/DiscountedCareOthPercentageGrp",428,428,"2015v2.0, 2015v2.1, 2015v3.0"
"/Return/ReturnData/IRS990ScheduleH/DiscountedCareOthPercentageGrp/DiscountedCareOtherPct",428,428,"2015v2.0, 2015v2.1, 2015v3.0"
"/Return/ReturnData/IRS990ScheduleH/DiscountedCareOthPercentageGrp/OtherInd",428,428,"2015v2.0, 2015v2.1, 2015v3.0"
"/Return/ReturnData/IRS990ScheduleR/IdRelatedOrgTxblPartnershipGrp/USAddress/AddressLine2Txt",427,110,"2015v2.1, 2015v3.0"
"/Return/ReturnData/IRS990EZ/ForeignFinancialAccountCntryCd",426,417,"2015v2.0, 2015v2.1, 2015v3.0"
"/Return/ReturnData/IRS990ScheduleH/OtherCommuntityBuildingActyGrp/NetCommunityBenefitExpnsAmt",425,425,"2015v2.0, 2015v2.1, 2015v3.0"
"/Return/ReturnData/IRS990ScheduleH/Percent100Ind",420,420,"2015v2.0, 2015v2.1, 2015v3.0"
"/Return/ReturnData/IRS990ScheduleH/PhysicalImprvAndHousingGrp/NetCommunityBenefitExpnsAmt",419,419,"2015v2.0, 2015v2.1, 2015v3.0"
"/Return/ReturnData/IRS990ScheduleH/EnvironmentalImprovementsGrp",413,413,"2015v2.1, 2015v3.0"
"/Return/ReturnData/IRS990ScheduleH/OtherCommuntityBuildingActyGrp/TotalExpensePct",412,412,"2015v2.0, 2015v2.1, 2015v3.0"
"/Return/ReturnData/IRS990ScheduleH/LeadershipDevelopmentGrp/TotalExpensePct",411,411,"2015v2.1, 2015v3.0"
"/Return/ReturnData/IRS990/BooksInCareOfDetail/ForeignAddress",409,409,"2015v2.0, 2015v2.1, 2015v3.0"
"/Return/ReturnData/IRS990/BooksInCareOfDetail/ForeignAddress/AddressLine1Txt",409,409,"2015v2.0, 2015v2.1, 2015v3.0"
"/Return/ReturnData/IRS990/BooksInCareOfDetail/ForeignAddress/CountryCd",409,409,"2015v2.0, 2015v2.1, 2015v3.0"
"/Return/ReturnData/IRS990ScheduleD/HeldWorksArtGrp/AssetsIncludedAmt",408,408,"2015v2.0, 2015v2.1, 2015v3.0"
"/Return/ReturnData/IRS990ScheduleK/TaxExemptBondsArbitrageGrp/TermOfGICPct",408,261,"2015v2.0, 2015v2.1, 2015v3.0"
"/Return/ReturnData/IRS990ScheduleH/HealthProfessionsEducationGrp/ActivitiesOrProgramsCnt",406,406,"2015v2.0, 2015v2.1, 2015v3.0"
"/Return/ReturnData/IRS990ScheduleH/CashAndInKindContributionsGrp/ActivitiesOrProgramsCnt",403,403,"2015v2.0, 2015v2.1, 2015v3.0"
"/Return/ReturnData/IRS990ScheduleH/HospitalFcltyPoliciesPrctcGrp/OtherActionsTakenInd",399,346,"2015v2.0, 2015v2.1, 2015v3.0"
"/Return/ReturnData/IRS990/BooksInCareOfDetail/ForeignAddress/CityNm",398,398,"2015v2.0, 2015v2.1, 2015v3.0"
"/Return/ReturnData/IRS990ScheduleR/IdRelatedOrgTxblPartnershipGrp/ForeignAddress/ProvinceOrStateNm",395,77,"2015v2.0, 2015v2.1, 2015v3.0"
"/Return/ReturnData/IRS990ScheduleH/CashAndInKindContributionsGrp/PersonsServedCnt",394,394,"2015v2.0, 2015v2.1, 2015v3.0"
"/Return/ReturnData/IRS990ScheduleH/PhysicalImprvAndHousingGrp/TotalExpensePct",394,394,"2015v2.0, 2015v2.1, 2015v3.0"
"/Return/ReturnData/IRS990ScheduleH/HospitalFacilitiesGrp/ResearchFacilityInd",392,259,"2015v2.0, 2015v2.1, 2015v3.0"
"/Return/ReturnData/IRS990ScheduleD/CollectionUsedOtherPurposesGrp",391,391,"2015v2.0, 2015v2.1, 2015v3.0"
"/Return/ReturnData/IRS990ScheduleD/CollectionUsedOtherPurposesGrp/CollectionUsedOtherPurposesInd",391,391,"2015v2.0, 2015v2.1, 2015v3.0"
"/Return/ReturnData/IRS990ScheduleD/CollectionUsedOtherPurposesGrp/OtherPurposesDesc",391,391,"2015v2.0, 2015v2.1, 2015v3.0"
"/Return/ReturnData/IRS990ScheduleK/TaxExemptBondsPrivateBusUseGrp/ChangeInUseBondFinancedPropPct",389,156,"2015v2.0, 2015v2.1, 2015v3.0"
"/Return/ReturnData/IRS990EZ/OfficerDirectorTrusteeEmplGrp/BusinessName/BusinessNameLine2Txt",388,125,"2015v2.0, 2015v2.1, 2015v3.0"
"/Return/ReturnData/IRS990ScheduleG/GamingManagerBusinessName",387,387,"2015v2.0, 2015v2.1, 2015v3.0"
"/Return/ReturnData/IRS990ScheduleG/GamingManagerBusinessName/BusinessNameLine1Txt",387,387,"2015v2.0, 2015v2.1, 2015v3.0"
"/Return/ReturnData/IRS990ScheduleA/Form990SchASupportingOrgGrp/SupportedOrgClassDesignatedInd",382,382,"2015v2.0, 2015v2.1, 2015v3.0"
"/Return/ReturnData/IRS990ScheduleH/EnvironmentalImprovementsGrp/NetCommunityBenefitExpnsAmt",381,381,"2015v2.1, 2015v3.0"
"/Return/ReturnData/IRS990ScheduleH/TotalFinancialAssistanceTyp/ActivitiesOrProgramsCnt",377,377,"2015v2.0, 2015v2.1, 2015v3.0"
"/Return/ReturnData/IRS990ScheduleD/FinancialDerivativesGrp/BookValueAmt",371,371,"2015v2.0, 2015v2.1, 2015v3.0"
"/Return/ReturnData/IRS990ScheduleC/OrganizationBelongsAffltGrpInd",363,363,"2015v2.0, 2015v2.1, 2015v3.0"
"/Return/ReturnData/IRS990ScheduleH/FinancialAssistanceAtCostTyp/PersonsServedCnt",360,360,"2015v2.0, 2015v2.1, 2015v3.0"
"/Return/ReturnData/IRS990ScheduleK/TaxExemptBondsIssuesGrp/IssuerName/BusinessNameLine2Txt",360,188,"2015v2.1, 2015v3.0"
"/Return/ReturnData/IRS990ScheduleA/MedicalResearchOrganizationInd",354,354,"2015v2.0, 2015v2.1, 2015v3.0"
"/Return/ReturnData/IRS990ScheduleH/EnvironmentalImprovementsGrp/TotalExpensePct",353,353,"2015v2.1, 2015v3.0"
"/Return/ReturnData/IRS990ScheduleG/ThirdPartyUSAddress",347,347,"2015v2.0, 2015v2.1, 2015v3.0"
"/Return/ReturnData/IRS990ScheduleG/ThirdPartyUSAddress/AddressLine1Txt",347,347,"2015v2.0, 2015v2.1, 2015v3.0"
"/Return/ReturnData/IRS990ScheduleG/ThirdPartyUSAddress/CityNm",347,347,"2015v2.0, 2015v2.1, 2015v3.0"
"/Return/ReturnData/IRS990ScheduleG/ThirdPartyUSAddress/StateAbbreviationCd",347,347,"2015v2.0, 2015v2.1, 2015v3.0"
"/Return/ReturnData/IRS990ScheduleG/ThirdPartyUSAddress/ZIPCd",347,347,"2015v2.0, 2015v2.1, 2015v3.0"
"/Return/ReturnData/IRS990/ActivityCd",340,340,"2015v2.1, 2015v3.0"
"/Return/ReturnData/IRS990ScheduleC/LobbyingNontaxableAmountGrp/AffiliatedGroupTotalAmt",340,340,"2015v2.0, 2015v2.1, 2015v3.0"
"/Return/ReturnData/IRS990/ForeignAddress",337,337,"2015v2.0, 2015v2.1, 2015v3.0"
"/Return/ReturnData/IRS990/ForeignAddress/AddressLine1Txt",337,337,"2015v2.0, 2015v2.1, 2015v3.0"
"/Return/ReturnData/IRS990/ForeignAddress/CountryCd",337,337,"2015v2.0, 2015v2.1, 2015v3.0"
"/Return/ReturnData/IRS990ScheduleH/OthHlthCareFcltsNotHospitalGrp/OthHlthCareFcltsGrp/USAddress/AddressLine2Txt",334,98,"2015v2.1, 2015v3.0"
"/Return/ReturnData/IRS990ScheduleH/CommunitySupportGrp/ActivitiesOrProgramsCnt",329,329,"2015v2.0, 2015v2.1, 2015v3.0"
"/Return/ReturnData/IRS990EZ/CompensationHighestPaidEmplGrp",328,150,"2015v2.0, 2015v2.1, 2015v3.0"
"/Return/ReturnData/IRS990EZ/CompensationHighestPaidEmplGrp/AverageHoursPerWeekRt",328,150,"2015v2.0, 2015v2.1, 2015v3.0"
"/Return/ReturnData/IRS990EZ/CompensationHighestPaidEmplGrp/CompensationAmt",328,150,"2015v2.0, 2015v2.1, 2015v3.0"
"/Return/ReturnData/IRS990EZ/CompensationHighestPaidEmplGrp/EmployeeBenefitsAmt",328,150,"2015v2.0, 2015v2.1, 2015v3.0"
"/Return/ReturnData/IRS990EZ/CompensationHighestPaidEmplGrp/ExpenseAccountAmt",328,150,"2015v2.0, 2015v2.1, 2015v3.0"
"/Return/ReturnData/IRS990EZ/CompensationHighestPaidEmplGrp/PersonNm",328,150,"2015v2.0, 2015v2.1, 2015v3.0"
"/Return/ReturnData/IRS990EZ/CompensationHighestPaidEmplGrp/TitleTxt",328,150,"2015v2.0, 2015v2.1, 2015v3.0"
"/Return/ReturnData/IRS990/ForeignAddress/CityNm",326,326,"2015v2.0, 2015v2.1, 2015v3.0"
"/Return/ReturnData/IRS990/BooksInCareOfDetail/ForeignAddress/ForeignPostalCd",323,323,"2015v2.0, 2015v2.1, 2015v3.0"
"/Return/ReturnData/IRS990ScheduleA/TestPublicSafetyInd",318,318,"2015v2.0, 2015v2.1, 2015v3.0"
"/Return/ReturnData/IRS990ScheduleC/GrassrootsNontaxableGrp/AffiliatedGroupTotalAmt",315,315,"2015v2.0, 2015v2.1, 2015v3.0"
"/Return/ReturnData/IRS990ScheduleC/TotalExemptPurposeExpendGrp/AffiliatedGroupTotalAmt",315,315,"2015v2.0, 2015v2.1, 2015v3.0"
"/Return/ReturnData/IRS990ScheduleH/UnreimbursedMedicaidGrp/PersonsServedCnt",313,313,"2015v2.0, 2015v2.1, 2015v3.0"
"/Return/ReturnData/IRS990ScheduleL/BusTrInvolveInterestedPrsnGrp/NameOfInterested/BusinessName/BusinessNameLine2Txt",309,151,"2015v2.1, 2015v3.0"
"/Return/ReturnData/IRS990ScheduleD/HistoricStructureInd",306,306,"2015v2.0, 2015v2.1, 2015v3.0"
"/Return/ReturnData/IRS990ScheduleH/LeadershipDevelopmentGrp/TotalCommunityBenefitExpnsAmt",305,305,"2015v2.0, 2015v2.1, 2015v3.0"
"/Return/ReturnData/IRS990ScheduleR/IdDisregardedEntitiesGrp/LegalDomicileForeignCountryCd",301,149,"2015v2.0, 2015v2.1, 2015v3.0"
"/Return/ReturnData/IRS990ScheduleR/UnrelatedOrgTxblPartnershipGrp",301,167,"2015v2.0, 2015v2.1, 2015v3.0"
"/Return/ReturnData/IRS990ScheduleR/UnrelatedOrgTxblPartnershipGrp/GeneralOrManagingPartnerInd",300,166,"2015v2.0, 2015v2.1, 2015v3.0"
"/Return/ReturnData/IRS990ScheduleR/UnrelatedOrgTxblPartnershipGrp/BusinessName",299,165,"2015v2.0, 2015v2.1, 2015v3.0"
"/Return/ReturnData/IRS990ScheduleR/UnrelatedOrgTxblPartnershipGrp/BusinessName/BusinessNameLine1Txt",299,165,"2015v2.0, 2015v2.1, 2015v3.0"
"/Return/ReturnData/IRS990ScheduleR/UnrelatedOrgTxblPartnershipGrp/DisproportionateAllocationsInd",299,165,"2015v2.0, 2015v2.1, 2015v3.0"
"/Return/ReturnData/IRS990ScheduleC/TotalLobbyingExpendGrp/AffiliatedGroupTotalAmt",298,298,"2015v2.0, 2015v2.1, 2015v3.0"
"/Return/ReturnData/IRS990ScheduleC/OtherExemptPurposeExpendGrp/AffiliatedGroupTotalAmt",297,297,"2015v2.0, 2015v2.1, 2015v3.0"
"/Return/ReturnData/IRS990ScheduleR/UnrelatedOrgTxblPartnershipGrp/AllPartnersC3SInd",297,166,"2015v2.0, 2015v2.1, 2015v3.0"
"/Return/ReturnData/IRS990ScheduleR/UnrelatedOrgTxblPartnershipGrp/PrimaryActivitiesTxt",296,162,"2015v2.0, 2015v2.1, 2015v3.0"
"/Return/ReturnData/IRS990ScheduleH/CommunitySupportGrp/PersonsServedCnt",295,295,"2015v2.0, 2015v2.1, 2015v3.0"
"/Return/ReturnData/IRS990ScheduleR/UnrelatedOrgTxblPartnershipGrp/USAddress",295,161,"2015v2.0, 2015v2.1, 2015v3.0"
"/Return/ReturnData/IRS990ScheduleR/UnrelatedOrgTxblPartnershipGrp/USAddress/AddressLine1Txt",295,161,"2015v2.0, 2015v2.1, 2015v3.0"
"/Return/ReturnData/IRS990ScheduleR/UnrelatedOrgTxblPartnershipGrp/USAddress/CityNm",295,161,"2015v2.0, 2015v2.1, 2015v3.0"
"/Return/ReturnData/IRS990ScheduleR/UnrelatedOrgTxblPartnershipGrp/USAddress/StateAbbreviationCd",295,161,"2015v2.0, 2015v2.1, 2015v3.0"
"/Return/ReturnData/IRS990ScheduleR/UnrelatedOrgTxblPartnershipGrp/USAddress/ZIPCd",295,161,"2015v2.0, 2015v2.1, 2015v3.0"
"/Return/ReturnData/IRS990ScheduleH/HospitalFcltyPoliciesPrctcGrp/AverageNegotiatedRatesInd",293,254,"2015v2.1, 2015v3.0"
"/Return/ReturnData/IRS990ScheduleD/HistoricLandAreaInd",291,291,"2015v2.0, 2015v2.1, 2015v3.0"
"/Return/ReturnData/IRS990ScheduleR/UnrelatedOrgTxblPartnershipGrp/LegalDomicileStateCd",291,157,"2015v2.0, 2015v2.1, 2015v3.0"
"/Return/ReturnData/IRS990ScheduleR/UnrelatedOrgTxblPartnershipGrp/EIN",285,152,"2015v2.0, 2015v2.1, 2015v3.0"
"/Return/ReturnData/IRS990ScheduleG/GamingManagerIsIndCntrctInd",284,284,"2015v2.0, 2015v2.1, 2015v3.0"
"/Return/ReturnData/IRS990ScheduleC/TotalDirectLobbyingGrp/AffiliatedGroupTotalAmt",283,283,"2015v2.0, 2015v2.1, 2015v3.0"
"/Return/ReturnData/IRS990ScheduleH/HospitalFcltyPoliciesPrctcGrp/OtherInd",282,257,"2015v2.1, 2015v3.0"
"/Return/ReturnData/IRS990ScheduleH/SubsidizedHealthServicesGrp/PersonsServedCnt",280,280,"2015v2.0, 2015v2.1, 2015v3.0"
"/Return/ReturnData/IRS990ScheduleH/OtherCommuntityBuildingActyGrp/TotalCommunityBenefitExpnsAmt",276,276,"2015v2.0, 2015v2.1, 2015v3.0"
"/Return/ReturnData/IRS990ScheduleR/IdDisregardedEntitiesGrp/ForeignAddress",276,132,"2015v2.0, 2015v2.1, 2015v3.0"
"/Return/ReturnData/IRS990ScheduleR/IdDisregardedEntitiesGrp/ForeignAddress/AddressLine1Txt",276,132,"2015v2.0, 2015v2.1, 2015v3.0"
"/Return/ReturnData/IRS990ScheduleR/IdDisregardedEntitiesGrp/ForeignAddress/CountryCd",276,132,"2015v2.0, 2015v2.1, 2015v3.0"
"/Return/ReturnData/IRS990ScheduleR/UnrelatedOrgTxblPartnershipGrp/OwnershipPct",273,144,"2015v2.0, 2015v2.1, 2015v3.0"
"/Return/ReturnData/IRS990EZ/InfoInScheduleOPartVIInd",271,271,"2015v2.0, 2015v2.1, 2015v3.0"
"/Return/ReturnData/IRS990ScheduleH/PhysicalImprvAndHousingGrp/TotalCommunityBenefitExpnsAmt",268,268,"2015v2.0, 2015v2.1, 2015v3.0"
"/Return/ReturnData/IRS990ScheduleG/GamingRevenueReceivedByOrgAmt",267,267,"2015v2.0, 2015v2.1, 2015v3.0"
"/Return/ReturnData/IRS990ScheduleC/PublicationsOrBroadcastAmt",265,265,"2015v2.0, 2015v2.1, 2015v3.0"
"/Return/ReturnData/IRS990ScheduleH/SubsidizedHealthServicesGrp/ActivitiesOrProgramsCnt",262,262,"2015v2.0, 2015v2.1, 2015v3.0"
"/Return/ReturnData/IRS990ScheduleH/Percent200DInd",259,259,"2015v2.0, 2015v2.1, 2015v3.0"
"/Return/ReturnData/AffiliatedGroupSchedule/AffiliatedScheduleGrp/ElectingOrganizationInd",255,101,"2015v2.1, 2015v3.0"
"/Return/ReturnData/IRS990ScheduleA/TrustIntegralPartTestInd",255,255,"2015v2.0, 2015v2.1, 2015v3.0"
"/Return/ReturnData/IRS990ScheduleD/FinancialDerivativesGrp/MethodValuationCd",253,253,"2015v2.0, 2015v2.1, 2015v3.0"
"/Return/ReturnData/IRS990ScheduleL/GrntAsstBnftInterestedPrsnGrp/BusinessName",253,144,"2015v2.0, 2015v2.1, 2015v3.0"
"/Return/ReturnData/IRS990ScheduleL/GrntAsstBnftInterestedPrsnGrp/BusinessName/BusinessNameLine1Txt",253,144,"2015v2.0, 2015v2.1, 2015v3.0"
"/Return/ReturnData/IRS990ScheduleD/HeldWorksArtGrp/RevenuesIncludedAmt",249,249,"2015v2.0, 2015v2.1, 2015v3.0"
"/Return/ReturnData/IRS990ScheduleR/IdDisregardedEntitiesGrp/ForeignAddress/CityNm",249,121,"2015v2.0, 2015v2.1, 2015v3.0"
"/Return/ReturnData/IRS990ScheduleH/HospitalFacilitiesGrp/ChildrensHospitalInd",248,195,"2015v2.0, 2015v2.1, 2015v3.0"
"/Return/ReturnData/IRS990/ContractorCompensationGrp/ContractorName/BusinessName/BusinessNameLine2Txt",247,168,"2015v2.1, 2015v3.0"
"/Return/ReturnData/IRS990ScheduleA/Form990SchAType3FuncIntGrp/ParentSupportedOrgInd",247,247,"2015v2.0, 2015v2.1, 2015v3.0"
"/Return/ReturnData/IRS990ScheduleG/GamingInformationGrp/NonCashPrizesBingoAmt",247,247,"2015v2.0, 2015v2.1, 2015v3.0"
"/Return/ReturnData/IRS990ScheduleR/UnrelatedOrgTxblPartnershipGrp/PredominateIncomeDesc",246,132,"2015v2.0, 2015v2.1, 2015v3.0"
"/Return/ReturnData/IRS990ScheduleH/CommunitySupportGrp/DirectOffsettingRevenueAmt",243,243,"2015v2.0, 2015v2.1, 2015v3.0"
"/Return/ReturnData/IRS990ScheduleR/UnrelatedOrgTxblPartnershipGrp/ShareOfEOYAssetsAmt",243,132,"2015v2.0, 2015v2.1, 2015v3.0"
"/Return/ReturnData/IRS990ScheduleH/HealthImprovementAdvocacyGrp/ActivitiesOrProgramsCnt",239,239,"2015v2.0, 2015v2.1, 2015v3.0"
"/Return/ReturnData/IRS990ScheduleH/WorkforceDevelopmentGrp/ActivitiesOrProgramsCnt",236,236,"2015v2.0, 2015v2.1, 2015v3.0"
"/Return/ReturnData/IRS990ScheduleR/UnrelatedOrgTxblPartnershipGrp/ShareOfTotalIncomeAmt",234,126,"2015v2.0, 2015v2.1, 2015v3.0"
"/Return/ReturnData/IRS990ScheduleH/EnvironmentalImprovementsGrp/TotalCommunityBenefitExpnsAmt",232,232,"2015v2.1, 2015v3.0"
"/Return/ReturnData/IRS990ScheduleM/HistoricalArtifactsGrp/NonCashCheckboxInd",231,231,"2015v2.0, 2015v2.1, 2015v3.0"
"/Return/ReturnData/IRS990/ForeignAddress/ForeignPostalCd",227,227,"2015v2.0, 2015v2.1, 2015v3.0"
"/Return/ReturnData/IRS990ScheduleH/WorkforceDevelopmentGrp/PersonsServedCnt",225,225,"2015v2.0, 2015v2.1, 2015v3.0"
"/Return/ReturnData/IRS990ScheduleM/HistoricalArtifactsGrp/ContributionCnt",225,225,"2015v2.0, 2015v2.1, 2015v3.0"
"/Return/ReturnData/IRS990ScheduleG/AllStatesCd",224,224,"2015v2.1, 2015v3.0"
"/Return/ReturnHeader/Filer/ForeignAddress",224,224,"2015v2.0, 2015v2.1, 2015v3.0"
"/Return/ReturnHeader/Filer/ForeignAddress/AddressLine1Txt",224,224,"2015v2.0, 2015v2.1, 2015v3.0"
"/Return/ReturnHeader/Filer/ForeignAddress/CountryCd",224,224,"2015v2.0, 2015v2.1, 2015v3.0"
"/Return/ReturnData/IRS990ScheduleK/TaxExemptBondsArbitrageGrp/HedgeProviderName/BusinessNameLine2Txt",223,189,"2015v2.1, 2015v3.0"
"/Return/ReturnData/IRS990ScheduleG/ThirdPartyBusinessName",222,222,"2015v2.0, 2015v2.1, 2015v3.0"
"/Return/ReturnData/IRS990ScheduleG/ThirdPartyBusinessName/BusinessNameLine1Txt",222,222,"2015v2.0, 2015v2.1, 2015v3.0"
"/Return/ReturnData/IRS990ScheduleH/CoalitionBuildingGrp/ActivitiesOrProgramsCnt",220,220,"2015v2.0, 2015v2.1, 2015v3.0"
"/Return/ReturnData/IRS990ScheduleR/IdDisregardedEntitiesGrp/USAddress/AddressLine2Txt",219,80,"2015v2.1, 2015v3.0"
"/Return/ReturnHeader/Filer/ForeignAddress/CityNm",219,219,"2015v2.0, 2015v2.1, 2015v3.0"
"/Return/ReturnData/IRS990ScheduleR/IdDisregardedEntitiesGrp/DirectControllingEntityName/BusinessNameLine2Txt",215,136,"2015v2.1, 2015v3.0"
"/Return/ReturnData/IRS990/ForeignAddress/ProvinceOrStateNm",197,197,"2015v2.0, 2015v2.1, 2015v3.0"
"/Return/ReturnData/IRS990ScheduleA/Form990SchASupportingOrgGrp/SupportForeignOrgNoDetermInd",197,197,"2015v2.0, 2015v2.1, 2015v3.0"
"/Return/ReturnData/IRS990ScheduleM/SecuritiesCloselyHeldStockGrp/NoncashContributionsRptF990Amt",196,196,"2015v2.0, 2015v2.1, 2015v3.0"
"/Return/ReturnData/IRS990/BooksInCareOfDetail/ForeignAddress/ProvinceOrStateNm",195,195,"2015v2.0, 2015v2.1, 2015v3.0"
"/Return/ReturnData/IRS990ScheduleM/SecuritiesCloselyHeldStockGrp/ContributionCnt",195,195,"2015v2.0, 2015v2.1, 2015v3.0"
"/Return/ReturnData/IRS990ScheduleM/SecuritiesCloselyHeldStockGrp/NonCashCheckboxInd",195,195,"2015v2.0, 2015v2.1, 2015v3.0"
"/Return/ReturnData/IRS990ScheduleH/CostingMethodologyUsedGrp/CostAccountingSystemInd",193,193,"2015v2.0, 2015v2.1, 2015v3.0"
"/Return/ReturnData/IRS990ScheduleH/HospitalFcltyPoliciesPrctcGrp/PermitReportToCreditAgencyInd",192,171,"2015v2.0, 2015v2.1, 2015v3.0"
"/Return/ReturnData/IRS990EZ/CompensationOfHghstPdCntrctGrp",191,145,"2015v2.0, 2015v2.1, 2015v3.0"
"/Return/ReturnData/IRS990EZ/CompensationOfHghstPdCntrctGrp/CompensationAmt",191,145,"2015v2.0, 2015v2.1, 2015v3.0"
"/Return/ReturnData/IRS990EZ/CompensationOfHghstPdCntrctGrp/ServiceTypeTxt",191,145,"2015v2.0, 2015v2.1, 2015v3.0"
"/Return/ReturnData/IRS990ScheduleG/GamingRevenueRtnBy3PrtyAmt",191,191,"2015v2.0, 2015v2.1, 2015v3.0"
"/Return/ReturnData/IRS990ScheduleC/Section4955OrganizationTaxAmt",190,190,"2015v2.0, 2015v2.1, 2015v3.0"
"/Return/ReturnData/IRS990EZ/CompensationOfHghstPdCntrctGrp/USAddress",189,143,"2015v2.0, 2015v2.1, 2015v3.0"
"/Return/ReturnData/IRS990EZ/CompensationOfHghstPdCntrctGrp/USAddress/AddressLine1Txt",189,143,"2015v2.0, 2015v2.1, 2015v3.0"
"/Return/ReturnData/IRS990EZ/CompensationOfHghstPdCntrctGrp/USAddress/CityNm",189,143,"2015v2.0, 2015v2.1, 2015v3.0"
"/Return/ReturnData/IRS990EZ/CompensationOfHghstPdCntrctGrp/USAddress/StateAbbreviationCd",189,143,"2015v2.0, 2015v2.1, 2015v3.0"
"/Return/ReturnData/IRS990EZ/CompensationOfHghstPdCntrctGrp/USAddress/ZIPCd",189,143,"2015v2.0, 2015v2.1, 2015v3.0"
"/Return/ReturnHeader/Filer/ForeignAddress/ForeignPostalCd",189,189,"2015v2.0, 2015v2.1, 2015v3.0"
"/Return/ReturnData/IRS990ScheduleM/BoatsAndPlanesGrp/NonCashCheckboxInd",187,187,"2015v2.0, 2015v2.1, 2015v3.0"
"/Return/ReturnData/IRS990ScheduleH/HealthImprovementAdvocacyGrp/PersonsServedCnt",186,186,"2015v2.0, 2015v2.1, 2015v3.0"
"/Return/ReturnData/IRS990ScheduleM/BoatsAndPlanesGrp/ContributionCnt",185,185,"2015v2.0, 2015v2.1, 2015v3.0"
"/Return/ReturnData/IRS990ScheduleC/Section4955ManagersTaxAmt",184,184,"2015v2.1, 2015v3.0"
"/Return/ReturnData/IRS990ScheduleH/EconomicDevelopmentGrp/ActivitiesOrProgramsCnt",184,184,"2015v2.0, 2015v2.1, 2015v3.0"
"/Return/ReturnData/IRS990ScheduleM/SecuritiesCloselyHeldStockGrp/MethodOfDeterminingRevenuesTxt",184,184,"2015v2.0, 2015v2.1, 2015v3.0"
"/Return/ReturnData/IRS990ScheduleC/TotalGrassrootsLobbyingGrp/AffiliatedGroupTotalAmt",183,183,"2015v2.0, 2015v2.1, 2015v3.0"
"/Return/ReturnData/IRS990ScheduleH/HospitalFcltyPoliciesPrctcGrp/OtherMethodInd",183,158,"2015v2.0, 2015v2.1, 2015v3.0"
"/Return/ReturnData/IRS990ScheduleA/Form990SchASupportingOrgGrp/ControlDecidingGrntFrgnOrgInd",182,182,"2015v2.0, 2015v2.1, 2015v3.0"
"/Return/ReturnData/IRS990ScheduleG/GamingInformationGrp/NonCashPrizesPullTabsAmt",182,182,"2015v2.0, 2015v2.1, 2015v3.0"
"/Return/ReturnData/IRS990ScheduleH/Percent150Ind",182,182,"2015v2.1, 2015v3.0"
"/Return/ReturnData/IRS990ScheduleH/CoalitionBuildingGrp/PersonsServedCnt",179,179,"2015v2.0, 2015v2.1, 2015v3.0"
"/Return/ReturnData/IRS990ScheduleM/BoatsAndPlanesGrp/NoncashContributionsRptF990Amt",179,179,"2015v2.0, 2015v2.1, 2015v3.0"
"/Return/ReturnData/AveragingAttachment",172,172,"2015v2.1, 2015v3.0"
"/Return/ReturnData/AveragingAttachment/ExplanationTxt",172,172,"2015v2.1, 2015v3.0"
"/Return/ReturnData/IRS990ScheduleG/FundraiserActivityInfoGrp/USAddress/AddressLine2Txt",172,139,"2015v2.1, 2015v3.0"
"/Return/ReturnData/IRS990ScheduleH/WorkforceDevelopmentGrp/DirectOffsettingRevenueAmt",172,172,"2015v2.1, 2015v3.0"
"/Return/ReturnData/IRS990/PrincipalOfcrBusinessName/BusinessNameLine2Txt",171,171,"2015v2.0, 2015v2.1, 2015v3.0"
"/Return/ReturnData/IRS990ScheduleH/ResearchGrp/ActivitiesOrProgramsCnt",171,171,"2015v2.1, 2015v3.0"
"/Return/ReturnData/IRS990/DoingBusinessAsName/BusinessNameLine2Txt",170,170,"2015v2.1, 2015v3.0"
"/Return/ReturnData/IRS990ScheduleM/BoatsAndPlanesGrp/MethodOfDeterminingRevenuesTxt",170,170,"2015v2.0, 2015v2.1, 2015v3.0"
"/Return/ReturnData/IRS990ScheduleM/SecurPrtnrshpTrustIntrstsGrp/NonCashCheckboxInd",169,169,"2015v2.0, 2015v2.1, 2015v3.0"
"/Return/ReturnData/IRS990ScheduleM/SecurPrtnrshpTrustIntrstsGrp/ContributionCnt",167,167,"2015v2.0, 2015v2.1, 2015v3.0"
"/Return/ReturnData/IRS990ScheduleM/SecurPrtnrshpTrustIntrstsGrp/NoncashContributionsRptF990Amt",167,167,"2015v2.0, 2015v2.1, 2015v3.0"
"/Return/ReturnData/IRS990ScheduleC/TotLbbyExpendMnsLbbyngNonTxGrp/AffiliatedGroupTotalAmt",165,165,"2015v2.0, 2015v2.1, 2015v3.0"
"/Return/ReturnData/IRS990ScheduleC/TotLbbyngGrassrootMnsNonTxGrp/AffiliatedGroupTotalAmt",165,165,"2015v2.1, 2015v3.0"
"/Return/ReturnData/IRS990ScheduleH/HospitalFcltyPoliciesPrctcGrp/LowestNegotiatedRatesInd",162,150,"2015v2.1, 2015v3.0"
"/Return/ReturnData/IRS990ScheduleM/SecurPrtnrshpTrustIntrstsGrp/MethodOfDeterminingRevenuesTxt",161,161,"2015v2.0, 2015v2.1, 2015v3.0"
"/Return/ReturnData/IRS990ScheduleH/HealthImprovementAdvocacyGrp/DirectOffsettingRevenueAmt",157,157,"2015v2.1, 2015v3.0"
"/Return/ReturnData/IRS990ScheduleI/RecipientTable/ForeignAddress",155,122,"2015v2.0, 2015v2.1, 2015v3.0"
"/Return/ReturnData/IRS990ScheduleI/RecipientTable/ForeignAddress/AddressLine1Txt",155,122,"2015v2.0, 2015v2.1, 2015v3.0"
"/Return/ReturnData/IRS990ScheduleI/RecipientTable/ForeignAddress/CountryCd",155,122,"2015v2.0, 2015v2.1, 2015v3.0"
"/Return/ReturnData/IRS990ScheduleH/CoalitionBuildingGrp/DirectOffsettingRevenueAmt",154,154,"2015v2.1, 2015v3.0"
"/Return/ReturnData/IRS990ScheduleH/ResearchGrp/PersonsServedCnt",153,153,"2015v2.1, 2015v3.0"
"/Return/ReturnData/IRS990ScheduleR/IdRelatedOrgTxblCorpTrGrp/DirectControllingEntityName/BusinessNameLine2Txt",151,98,"2015v2.1, 2015v3.0"
"/Return/ReturnData/IRS990ScheduleM/QualifiedContribOtherGrp/ContributionCnt",149,149,"2015v2.0, 2015v2.1, 2015v3.0"
"/Return/ReturnData/IRS990ScheduleH/LeadershipDevelopmentGrp/ActivitiesOrProgramsCnt",148,148,"2015v2.1, 2015v3.0"
"/Return/ReturnData/IRS990ScheduleM/QualifiedContribOtherGrp/NonCashCheckboxInd",148,148,"2015v2.0, 2015v2.1, 2015v3.0"
"/Return/ReturnData/IRS990ScheduleM/SecuritiesMiscellaneousGrp/NoncashContributionsRptF990Amt",148,148,"2015v2.0, 2015v2.1, 2015v3.0"
"/Return/ReturnData/IRS990ScheduleR/IdRelatedOrgTxblPartnershipGrp/DirectControllingEntityName/BusinessNameLine2Txt",148,70,"2015v2.1, 2015v3.0"
"/Return/ReturnData/IRS990ScheduleM/SecuritiesMiscellaneousGrp/NonCashCheckboxInd",147,147,"2015v2.0, 2015v2.1, 2015v3.0"
"/Return/ReturnData/IRS990ScheduleC/MediaAdvertisementsAmt",146,146,"2015v2.1, 2015v3.0"
"/Return/ReturnData/IRS990ScheduleM/SecuritiesMiscellaneousGrp/ContributionCnt",146,146,"2015v2.0, 2015v2.1, 2015v3.0"
"/Return/ReturnData/AffiliatedGroupSchedule",145,145,"2015v2.1, 2015v3.0"
"/Return/ReturnData/IRS990ScheduleG/PersonsWithBooksUSAddress/AddressLine2Txt",145,145,"2015v2.1, 2015v3.0"
"/Return/ReturnData/IRS990ScheduleH/Percent250Ind",145,145,"2015v2.1, 2015v3.0"
"/Return/ReturnData/IRS990ScheduleJ/PaymentsForUseOfResidenceInd",144,144,"2015v2.0, 2015v2.1, 2015v3.0"
"/Return/ReturnHeader/Filer/ForeignAddress/ProvinceOrStateNm",143,143,"2015v2.0, 2015v2.1, 2015v3.0"
"/Return/ReturnData/IRS990ScheduleM/ArtHistoricalTreasuresGrp/NonCashCheckboxInd",142,142,"2015v2.0, 2015v2.1, 2015v3.0"
"/Return/ReturnData/IRS990ScheduleG/ThirdPartyPersonNm",141,141,"2015v2.0, 2015v2.1, 2015v3.0"
"/Return/ReturnData/IRS990ScheduleH/HospitalFcltyPoliciesPrctcGrp/NoEmergencyCareInd",140,131,"2015v2.1, 2015v3.0"
"/Return/ReturnData/IRS990ScheduleM/SecuritiesMiscellaneousGrp/MethodOfDeterminingRevenuesTxt",140,140,"2015v2.0, 2015v2.1, 2015v3.0"
"/Return/ReturnData/IRS990ScheduleC/Section527PoliticalOrgGrp/OrganizationBusinessName/BusinessNameLine2Txt",139,68,"2015v2.1, 2015v3.0"
"/Return/ReturnData/IRS990ScheduleM/QualifiedContribOtherGrp/MethodOfDeterminingRevenuesTxt",137,137,"2015v2.0, 2015v2.1, 2015v3.0"
"/Return/ReturnData/IRS990EZ/BooksInCareOfDetail/ForeignAddress",136,136,"2015v2.0, 2015v2.1, 2015v3.0"
"/Return/ReturnData/IRS990EZ/BooksInCareOfDetail/ForeignAddress/AddressLine1Txt",136,136,"2015v2.0, 2015v2.1, 2015v3.0"
"/Return/ReturnData/IRS990EZ/BooksInCareOfDetail/ForeignAddress/CountryCd",136,136,"2015v2.0, 2015v2.1, 2015v3.0"
"/Return/ReturnData/IRS990ScheduleA/Form990SchASupportingOrgGrp/SubstitutionBeyondOrgCntlInd",136,136,"2015v2.0, 2015v2.1, 2015v3.0"
"/Return/ReturnData/IRS990ScheduleM/HistoricalArtifactsGrp/NoncashContributionsRptF990Amt",136,136,"2015v2.0, 2015v2.1, 2015v3.0"
"/Return/ReturnData/IRS990ScheduleM/ArtHistoricalTreasuresGrp/ContributionCnt",134,134,"2015v2.0, 2015v2.1, 2015v3.0"
"/Return/ReturnData/IRS990ScheduleH/EconomicDevelopmentGrp/PersonsServedCnt",133,133,"2015v2.0, 2015v2.1, 2015v3.0"
"/Return/ReturnData/IRS990ScheduleH/HospitalFcltyPoliciesPrctcGrp/ReportingToCreditAgencyInd",132,119,"2015v2.0, 2015v2.1, 2015v3.0"
"/Return/ReturnData/IRS990ScheduleH/LeadershipDevelopmentGrp/PersonsServedCnt",132,132,"2015v2.1, 2015v3.0"
"/Return/ReturnData/IRS990ScheduleR/IdDisregardedEntitiesGrp/DisregardedEntityName/BusinessNameLine2Txt",131,81,"2015v2.1, 2015v3.0"
"/Return/ReturnData/IRS990EZ/BooksInCareOfDetail/ForeignAddress/CityNm",130,130,"2015v2.0, 2015v2.1, 2015v3.0"
"/Return/ReturnData/IRS990ScheduleM/HistoricalArtifactsGrp/MethodOfDeterminingRevenuesTxt",129,129,"2015v2.0, 2015v2.1, 2015v3.0"
"/Return/ReturnData/IRS990ScheduleH/FinancialAssistanceAtCostTyp/ActivitiesOrProgramsCnt",125,125,"2015v2.0, 2015v2.1, 2015v3.0"
"/Return/ReturnData/IRS990ScheduleR/IdDisregardedEntitiesGrp/ForeignAddress/ForeignPostalCd",125,77,"2015v2.0, 2015v2.1, 2015v3.0"
"/Return/ReturnData/IRS990/LegalDomicileCountryCd",123,123,"2015v2.0, 2015v2.1, 2015v3.0"
"/Return/ReturnData/IRS990/StateRequiredReservesAmt",122,122,"2015v2.1, 2015v3.0"
"/Return/ReturnData/IRS990ScheduleH/EconomicDevelopmentGrp/DirectOffsettingRevenueAmt",122,122,"2015v2.1, 2015v3.0"
"/Return/ReturnData/IRS990ScheduleR/IdRelatedOrgTxblPartnershipGrp/RelatedOrganizationName/BusinessNameLine2Txt",122,51,"2015v2.1, 2015v3.0"
"/Return/ReturnData/IRS990ScheduleH/HospitalFcltyPoliciesPrctcGrp/PermitLegalJudicialProcessInd",120,107,"2015v2.0, 2015v2.1, 2015v3.0"
"/Return/ReturnData/IRS990ScheduleH/LeadershipDevelopmentGrp/DirectOffsettingRevenueAmt",118,118,"2015v2.1, 2015v3.0"
"/Return/ReturnData/IRS990ScheduleI/RecipientTable/ForeignAddress/CityNm",118,93,"2015v2.0, 2015v2.1, 2015v3.0"
"/Return/ReturnData/IRS990ScheduleH/PhysicalImprvAndHousingGrp/DirectOffsettingRevenueAmt",117,117,"2015v2.1, 2015v3.0"
"/Return/ReturnData/IRS990/SpecialConditionDesc",116,116,"2015v2.1, 2015v3.0"
"/Return/ReturnData/IRS990ScheduleH/OtherCommuntityBuildingActyGrp/DirectOffsettingRevenueAmt",116,116,"2015v2.1, 2015v3.0"
"/Return/ReturnData/IRS990/Organization4947a1NotPFInd",115,115,"2015v2.0, 2015v2.1, 2015v3.0"
"/Return/ReturnData/IRS990ScheduleM/QualifiedContribOtherGrp/NoncashContributionsRptF990Amt",115,115,"2015v2.0, 2015v2.1, 2015v3.0"
"/Return/ReturnData/IRS990/ProgSrvcAccomActy2Grp/ActivityCd",114,114,"2015v2.1, 2015v3.0"
"/Return/ReturnData/AffiliateListing",113,113,"2015v2.0, 2015v2.1, 2015v3.0"
"/Return/ReturnData/IRS990ScheduleH/UnreimbursedCostsGrp/PersonsServedCnt",112,112,"2015v2.1, 2015v3.0"
"/Return/ReturnData/AffiliateListing/AffiliateListingGrp/BusinessName/BusinessNameLine2Txt",110,7,"2015v2.1, 2015v3.0"
"/Return/ReturnData/IRS990ScheduleH/PhysicalImprvAndHousingGrp/ActivitiesOrProgramsCnt",110,110,"2015v2.1, 2015v3.0"
"/Return/ReturnData/IRS990/ReservesMaintainedAmt",109,109,"2015v2.1, 2015v3.0"
"/Return/ReturnData/IRS990ScheduleH/UnreimbursedMedicaidGrp/ActivitiesOrProgramsCnt",108,108,"2015v2.0, 2015v2.1, 2015v3.0"
"/Return/ReturnData/IRS990ScheduleR/IdRelatedOrgTxblCorpTrGrp/ForeignAddress/AddressLine2Txt",108,50,"2015v2.1, 2015v3.0"
"/Return/ReturnData/IRS990ScheduleH/EnvironmentalImprovementsGrp/ActivitiesOrProgramsCnt",107,107,"2015v2.1, 2015v3.0"
"/Return/ReturnData/IRS990EZ/CompensationOfHghstPdCntrctGrp/BusinessName",105,87,"2015v2.0, 2015v2.1, 2015v3.0"
"/Return/ReturnData/IRS990EZ/CompensationOfHghstPdCntrctGrp/BusinessName/BusinessNameLine1Txt",105,87,"2015v2.0, 2015v2.1, 2015v3.0"
"/Return/ReturnData/IRS990ScheduleH/PhysicalImprvAndHousingGrp/PersonsServedCnt",102,102,"2015v2.0, 2015v2.1, 2015v3.0"
"/Return/ReturnData/IRS990EZ/BooksInCareOfDetail/ForeignAddress/ForeignPostalCd",100,100,"2015v2.0, 2015v2.1, 2015v3.0"
"/Return/ReturnData/IRS990ScheduleA/TenPctFactsCrcmstncsTestPYInd",100,100,"2015v2.0, 2015v2.1, 2015v3.0"
"/Return/ReturnData/IRS990ScheduleH/EnvironmentalImprovementsGrp/DirectOffsettingRevenueAmt",100,100,"2015v2.1, 2015v3.0"
"/Return/ReturnData/IRS990ScheduleM/ArtHistoricalTreasuresGrp/MethodOfDeterminingRevenuesTxt",100,100,"2015v2.0, 2015v2.1, 2015v3.0"
"/Return/ReturnData/IRS990ScheduleM/ArtHistoricalTreasuresGrp/NoncashContributionsRptF990Amt",100,100,"2015v2.0, 2015v2.1, 2015v3.0"
"/Return/ReturnData/IRS990ScheduleR/IdRelatedTaxExemptOrgGrp/ForeignAddress/AddressLine2Txt",99,41,"2015v2.1, 2015v3.0"
"/Return/ReturnData/IRS990ScheduleH/OtherCommuntityBuildingActyGrp/ActivitiesOrProgramsCnt",97,97,"2015v2.1, 2015v3.0"
"/Return/ReturnData/IRS990ScheduleH/OtherCommuntityBuildingActyGrp/PersonsServedCnt",93,93,"2015v2.1, 2015v3.0"
"/Return/ReturnData/IRS990ScheduleH/EnvironmentalImprovementsGrp/PersonsServedCnt",91,91,"2015v2.1, 2015v3.0"
"/Return/ReturnData/IRS990ScheduleI/RecipientTable/ForeignAddress/ProvinceOrStateNm",89,75,"2015v2.0, 2015v2.1, 2015v3.0"
"/Return/ReturnData/IRS990EZ/CompensationOfHghstPdCntrctGrp/PersonNm",86,63,"2015v2.0, 2015v2.1, 2015v3.0"
"/Return/ReturnData/IRS990ScheduleH/Percent350Ind",86,86,"2015v2.0, 2015v2.1, 2015v3.0"
"/Return/ReturnData/IRS990ScheduleR/IdDisregardedEntitiesGrp/ForeignAddress/ProvinceOrStateNm",86,52,"2015v2.0, 2015v2.1, 2015v3.0"
"/Return/ReturnData/IRS990ScheduleM/IntellectualPropertyGrp/ContributionCnt",85,85,"2015v2.0, 2015v2.1, 2015v3.0"
"/Return/ReturnData/IRS990ScheduleM/IntellectualPropertyGrp/NonCashCheckboxInd",85,85,"2015v2.0, 2015v2.1, 2015v3.0"
"/Return/ReturnData/IRS990ScheduleM/IntellectualPropertyGrp/NoncashContributionsRptF990Amt",84,84,"2015v2.0, 2015v2.1, 2015v3.0"
"/Return/ReturnData/IRS990ScheduleC/Section527PoliticalOrgGrp/USAddress/AddressLine2Txt",78,32,"2015v2.1, 2015v3.0"
"/Return/ReturnHeader/PreparerFirmGrp/PreparerForeignAddress",78,78,"2015v2.0, 2015v2.1, 2015v3.0"
"/Return/ReturnHeader/PreparerFirmGrp/PreparerForeignAddress/AddressLine1Txt",78,78,"2015v2.0, 2015v2.1, 2015v3.0"
"/Return/ReturnHeader/PreparerFirmGrp/PreparerForeignAddress/CityNm",78,78,"2015v2.0, 2015v2.1, 2015v3.0"
"/Return/ReturnHeader/PreparerFirmGrp/PreparerForeignAddress/CountryCd",78,78,"2015v2.0, 2015v2.1, 2015v3.0"
"/Return/ReturnData/IRS990ScheduleI/RecipientTable/ForeignAddress/ForeignPostalCd",77,60,"2015v2.0, 2015v2.1, 2015v3.0"
"/Return/ReturnHeader/PreparerPersonGrp/SSN",77,77,"2015v2.0, 2015v2.1, 2015v3.0"
"/Return/ReturnData/IRS990ScheduleH/HospitalFacilitiesGrp/EmergencyRoomOtherInd",74,67,"2015v2.0, 2015v2.1, 2015v3.0"
"/Return/ReturnData/IRS990ScheduleH/HospitalFacilitiesGrp/SubordinateHospitalEIN",74,12,"2015v2.1, 2015v3.0"
"/Return/ReturnData/IRS990ScheduleH/HospitalFcltyPoliciesPrctcGrp/EngagedLegalJudicialProcessInd",74,68,"2015v2.0, 2015v2.1, 2015v3.0"
"/Return/ReturnData/IRS990ScheduleL/DisqualifiedPersonExBnftTrGrp/TransactionDesc",72,53,"2015v2.0, 2015v2.1, 2015v3.0"
"/Return/ReturnData/IRS990ScheduleH/HospitalFacilitiesGrp/SubordinateHospitalName",71,9,"2015v2.1, 2015v3.0"
"/Return/ReturnData/IRS990ScheduleH/HospitalFacilitiesGrp/SubordinateHospitalName/BusinessNameLine1Txt",71,9,"2015v2.1, 2015v3.0"
"/Return/ReturnData/IRS990EZ/BooksInCareOfDetail/ForeignAddress/ProvinceOrStateNm",70,70,"2015v2.0, 2015v2.1, 2015v3.0"
"/Return/ReturnData/IRS990ScheduleG/FundraiserActivityInfoGrp/ForeignAddress",70,52,"2015v2.0, 2015v2.1, 2015v3.0"
"/Return/ReturnData/IRS990ScheduleG/FundraiserActivityInfoGrp/ForeignAddress/AddressLine1Txt",70,52,"2015v2.0, 2015v2.1, 2015v3.0"
"/Return/ReturnData/IRS990ScheduleG/FundraiserActivityInfoGrp/ForeignAddress/CountryCd",70,52,"2015v2.0, 2015v2.1, 2015v3.0"
"/Return/ReturnData/IRS990ScheduleH/HospitalFcltyPoliciesPrctcGrp/PermitOtherActionsInd",70,64,"2015v2.1, 2015v3.0"
"/Return/ReturnData/IRS990ScheduleM/IntellectualPropertyGrp/MethodOfDeterminingRevenuesTxt",70,70,"2015v2.0, 2015v2.1, 2015v3.0"
"/Return/ReturnData/IRS990/ProgSrvcAccomActy3Grp/ActivityCd",68,68,"2015v2.1, 2015v3.0"
"/Return/ReturnData/IRS990ScheduleK/TaxExemptBondsArbitrageGrp/GICProviderName/BusinessNameLine2Txt",68,54,"2015v2.1, 2015v3.0"
"/Return/ReturnData/IRS990ScheduleL/DisqualifiedPersonExBnftTrGrp/PersonNm",66,53,"2015v2.0, 2015v2.1, 2015v3.0"
"/Return/ReturnData/IRS990ScheduleL/DisqualifiedPersonExBnftTrGrp/RlnDisqualifiedPersonOrgTxt",66,53,"2015v2.0, 2015v2.1, 2015v3.0"
"/Return/ReturnData/IRS990ScheduleG/FundraiserActivityInfoGrp/ForeignAddress/CityNm",64,50,"2015v2.0, 2015v2.1, 2015v3.0"
"/Return/ReturnData/IRS990ScheduleL/LoansBtwnOrgInterestedPrsnGrp/BusinessName/BusinessNameLine2Txt",59,46,"2015v2.1, 2015v3.0"
"/Return/ReturnData/IRS990ScheduleN/DispositionOfAssetsDetail/ForeignAddress",55,12,"2015v2.0, 2015v2.1, 2015v3.0"
"/Return/ReturnData/IRS990ScheduleN/DispositionOfAssetsDetail/ForeignAddress/AddressLine1Txt",55,12,"2015v2.0, 2015v2.1, 2015v3.0"
"/Return/ReturnData/IRS990ScheduleN/DispositionOfAssetsDetail/ForeignAddress/CityNm",55,12,"2015v2.0, 2015v2.1, 2015v3.0"
"/Return/ReturnData/IRS990ScheduleN/DispositionOfAssetsDetail/ForeignAddress/CountryCd",55,12,"2015v2.0, 2015v2.1, 2015v3.0"
"/Return/ReturnData/IRS990ScheduleR/UnrelatedOrgTxblPartnershipGrp/UBICodeVAmt",54,30,"2015v2.0, 2015v2.1, 2015v3.0"
"/Return/ReturnData/IRS990ScheduleH/UnreimbursedCostsGrp/ActivitiesOrProgramsCnt",53,53,"2015v2.1, 2015v3.0"
"/Return/ReturnData/IRS990ScheduleH/HospitalFcltyPoliciesPrctcGrp/NoneMadeInd",49,46,"2015v2.1, 2015v3.0"
"/Return/ReturnData/IRS990ScheduleN/LiquidationOfAssetsTableGrp/LiquidationOfAssetsDetail/BusinessName/BusinessNameLine2Txt",45,23,"2015v2.0, 2015v2.1, 2015v3.0"
"/Return/ReturnData/IRS990ScheduleN/LiquidationOfAssetsTableGrp/LiquidationOfAssetsDetail/USAddress/AddressLine2Txt",45,28,"2015v2.1, 2015v3.0"
"/Return/ReturnData/IRS990ScheduleN/DispositionOfAssetsDetail/USAddress/AddressLine2Txt",44,31,"2015v2.1, 2015v3.0"
"/Return/ReturnData/IRS990ScheduleM/ScientificSpecimensGrp/ContributionCnt",43,43,"2015v2.0, 2015v2.1, 2015v3.0"
"/Return/ReturnHeader/PreparerFirmGrp/PreparerForeignAddress/ForeignPostalCd",43,43,"2015v2.1, 2015v3.0"
"/Return/ReturnData/IRS990ScheduleG/FundraiserActivityInfoGrp/ForeignAddress/ForeignPostalCd",42,34,"2015v2.0, 2015v2.1, 2015v3.0"
"/Return/ReturnData/IRS990ScheduleM/ScientificSpecimensGrp/NonCashCheckboxInd",42,42,"2015v2.1, 2015v3.0"
"/Return/ReturnData/IRS990ScheduleG/PersonsWithBooksName/BusinessNameLine2Txt",39,39,"2015v2.1, 2015v3.0"
"/Return/ReturnData/IRS990ScheduleN/DispositionOfAssetsDetail/ForeignAddress/ForeignPostalCd",39,5,"2015v2.0, 2015v2.1, 2015v3.0"
"/Return/ReturnData/IRS990ScheduleG/FundraiserActivityInfoGrp/ForeignAddress/ProvinceOrStateNm",38,30,"2015v2.0, 2015v2.1, 2015v3.0"
"/Return/ReturnData/IRS990EZ/SpecialConditionDesc",36,36,"2015v2.1, 2015v3.0"
"/Return/ReturnData/IRS990/ContractorCompensationGrp/ContractorAddress/ForeignAddress/AddressLine2Txt",34,23,"2015v2.1, 2015v3.0"
"/Return/ReturnData/IRS990ScheduleH/HospitalFcltyPoliciesPrctcGrp/OtherActionsInd",34,31,"2015v2.0, 2015v2.1, 2015v3.0"
"/Return/ReturnData/IRS990ScheduleH/HospitalFcltyPoliciesPrctcGrp/OtherReasonInd",34,31,"2015v2.1, 2015v3.0"
"/Return/ReturnData/IRS990ScheduleM/ScientificSpecimensGrp/NoncashContributionsRptF990Amt",34,34,"2015v2.0, 2015v2.1, 2015v3.0"
"/Return/ReturnData/IRS990ScheduleC/LimitedControlProvisionsAppInd",32,32,"2015v2.0, 2015v2.1, 2015v3.0"
"/Return/ReturnData/IRS990ScheduleM/ScientificSpecimensGrp/MethodOfDeterminingRevenuesTxt",32,32,"2015v2.0, 2015v2.1, 2015v3.0"
"/Return/ReturnData/IRS990ScheduleG/ExplanationIfYesTxt",30,30,"2015v2.0, 2015v2.1, 2015v3.0"
"/Return/ReturnData/IRS990EZ/Organization4947a1NotPFInd",29,29,"2015v2.0, 2015v2.1, 2015v3.0"
"/Return/ReturnData/IRS990ScheduleA/DistributableAmountGrp/FirstYearType3NonFuncInd",29,29,"2015v2.1, 2015v3.0"
"/Return/ReturnData/IRS990ScheduleH/MostHospitalsPolicyInd",29,29,"2015v2.0, 2015v2.1, 2015v3.0"
"/Return/ReturnData/IRS990ScheduleN/DispositionOfAssetsDetail/BusinessName/BusinessNameLine2Txt",29,20,"2015v2.1, 2015v3.0"
"/Return/ReturnData/IRS990/ForeignAddress/AddressLine2Txt",28,28,"2015v2.1, 2015v3.0"
"/Return/ReturnHeader/PreparerFirmGrp/PreparerForeignAddress/ProvinceOrStateNm",27,27,"2015v2.1, 2015v3.0"
"/Return/ReturnData/IRS990ScheduleH/HospitalFacilitiesGrp/BusinessName/BusinessNameLine2Txt",24,21,"2015v2.1, 2015v3.0"
"/Return/ReturnData/IRS990ScheduleM/ArchaeologicalArtifactsGrp/NonCashCheckboxInd",24,24,"2015v2.1, 2015v3.0"
"/Return/ReturnData/AffiliateListing/AffiliateListingGrp/USAddress/AddressLine2Txt",23,9,"2015v2.1, 2015v3.0"
"/Return/ReturnData/CompensationExplanation/CompensationExplanationGrp/BusinessName",23,20,"2015v2.0, 2015v2.1, 2015v3.0"
"/Return/ReturnData/CompensationExplanation/CompensationExplanationGrp/BusinessName/BusinessNameLine1Txt",23,20,"2015v2.0, 2015v2.1, 2015v3.0"
"/Return/ReturnData/IRS990ScheduleM/ArchaeologicalArtifactsGrp/ContributionCnt",23,23,"2015v2.1, 2015v3.0"
"/Return/ReturnData/IRS990/BooksInCareOfDetail/ForeignAddress/AddressLine2Txt",22,22,"2015v2.1, 2015v3.0"
"/Return/ReturnData/IRS990ScheduleL/TaxImposedAmt",22,22,"2015v2.0, 2015v2.1, 2015v3.0"
"/Return/ReturnData/IRS990ScheduleN/LiquidationOfAssetsTableGrp/LiquidationOfAssetsDetail/ForeignAddress",22,15,"2015v2.0, 2015v2.1"
"/Return/ReturnData/IRS990ScheduleN/LiquidationOfAssetsTableGrp/LiquidationOfAssetsDetail/ForeignAddress/AddressLine1Txt",22,15,"2015v2.0, 2015v2.1"
"/Return/ReturnData/IRS990ScheduleN/LiquidationOfAssetsTableGrp/LiquidationOfAssetsDetail/ForeignAddress/CountryCd",22,15,"2015v2.0, 2015v2.1"
"/Return/ReturnData/IRS990ScheduleG/FundraiserActivityInfoGrp/OrganizationBusinessName/BusinessNameLine2Txt",20,18,"2015v2.1, 2015v3.0"
"/Return/ReturnData/IRS990ScheduleM/ArtFractionalInterestGrp/NonCashCheckboxInd",19,19,"2015v2.1, 2015v3.0"
"/Return/ReturnData/IRS990ScheduleM/TaxidermyGrp/ContributionCnt",19,19,"2015v2.1, 2015v3.0"
"/Return/ReturnData/AffiliatedGroupAttachment",18,18,"2015v2.1, 2015v3.0"
"/Return/ReturnData/IRS990ScheduleA/HospitalNameAndAddressGrp/SupportedOrganizationName/BusinessNameLine2Txt",18,18,"2015v2.1, 2015v3.0"
"/Return/ReturnData/IRS990ScheduleH/HospitalFcltyPoliciesPrctcGrp/PermitSellingDebtInd",18,14,"2015v2.0, 2015v2.1, 2015v3.0"
"/Return/ReturnData/IRS990ScheduleM/ArtFractionalInterestGrp/ContributionCnt",18,18,"2015v2.1, 2015v3.0"
"/Return/ReturnData/IRS990ScheduleM/TaxidermyGrp/NonCashCheckboxInd",18,18,"2015v2.1, 2015v3.0"
"/Return/ReturnData/IRS990ScheduleN/LiquidationOfAssetsTableGrp/LiquidationOfAssetsDetail/ForeignAddress/CityNm",18,13,"2015v2.0, 2015v2.1"
"/Return/ReturnData/AffiliatedGroupAttachment/MeduimExplanationTxt",17,17,"2015v2.1, 2015v3.0"
"/Return/ReturnData/IRS990EZ/NECTFilingForm990Ind",17,17,"2015v2.0, 2015v2.1, 2015v3.0"
"/Return/ReturnData/IRS990ScheduleH/HospitalFcltyPoliciesPrctcGrp/HospitalFacilityName/BusinessNameLine2Txt",17,17,"2015v2.1, 2015v3.0"
"/Return/ReturnData/IRS990ScheduleM/ArchaeologicalArtifactsGrp/NoncashContributionsRptF990Amt",17,17,"2015v2.1, 2015v3.0"
"/Return/ReturnData/IRS990ScheduleM/TaxidermyGrp/NoncashContributionsRptF990Amt",17,17,"2015v2.1, 2015v3.0"
"/Return/ReturnHeader/PreparerFirmGrp/PreparerFirmName/BusinessNameLine2Txt",17,17,"2015v2.1, 2015v3.0"
"/Return/ReturnData/IRS990ScheduleN/DispositionOfAssetsDetail/ForeignAddress/ProvinceOrStateNm",16,7,"2015v2.0, 2015v2.1, 2015v3.0"
"/Return/ReturnData/IRS990EZ/BooksInCareOfDetail/ForeignAddress/AddressLine2Txt",15,15,"2015v2.1, 2015v3.0"
"/Return/ReturnData/IRS990ScheduleM/ArchaeologicalArtifactsGrp/MethodOfDeterminingRevenuesTxt",15,15,"2015v2.1, 2015v3.0"
"/Return/ReturnData/IRS990ScheduleH/HospitalFacilitiesGrp/USAddress/AddressLine2Txt",14,14,"2015v2.1, 2015v3.0"
"/Return/ReturnData/IRS990ScheduleM/ArtFractionalInterestGrp/MethodOfDeterminingRevenuesTxt",14,14,"2015v2.1, 2015v3.0"
"/Return/ReturnData/IRS990ScheduleM/TaxidermyGrp/MethodOfDeterminingRevenuesTxt",14,14,"2015v2.1, 2015v3.0"
"/Return/ReturnData/AffiliatedGroupSchedule/AffiliatedScheduleGrp/USAddress/AddressLine2Txt",13,4,"2015v3.0"
"/Return/ReturnHeader/PreparerFirmGrp/PreparerForeignAddress/AddressLine2Txt",13,13,"2015v2.1, 2015v3.0"
"/Return/ReturnData/IRS990ScheduleH/HospitalFcltyPoliciesPrctcGrp/Form4720FiledInd",12,12,"2015v2.1, 2015v3.0"
"/Return/ReturnData/IRS990ScheduleH/HospitalFcltyPoliciesPrctcGrp/EngagedSellingDebtInd",11,10,"2015v2.0, 2015v2.1, 2015v3.0"
"/Return/ReturnHeader/DisasterReliefTxt",11,11,"2015v2.0, 2015v2.1, 2015v3.0"
"/Return/ReturnData/EmployeeCompensationExpln",10,10,"2015v2.1"
"/Return/ReturnData/IRS990ScheduleH/IndivHospitalTailoredPolicyInd",10,10,"2015v2.1, 2015v3.0"
"/Return/ReturnData/IRS990ScheduleL/TaxReimbursedAmt",10,10,"2015v2.1, 2015v3.0"
"/Return/ReturnData/IRS990ScheduleM/QualifiedContribHistStructGrp/ContributionCnt",10,10,"2015v2.0, 2015v2.1, 2015v3.0"
"/Return/ReturnData/IRS990ScheduleM/QualifiedContribHistStructGrp/NonCashCheckboxInd",10,10,"2015v2.0, 2015v2.1, 2015v3.0"
"/Return/ReturnData/IRS990ScheduleM/QualifiedContribHistStructGrp/NoncashContributionsRptF990Amt",10,10,"2015v2.0, 2015v2.1, 2015v3.0"
"/Return/ReturnData/IRS990ScheduleN/LiquidationOfAssetsTableGrp/LiquidationOfAssetsDetail/ForeignAddress/ProvinceOrStateNm",10,6,"2015v2.1"
"/Return/ReturnData/IRS990/ProgSrvcAccomActyOtherGrp/ActivityCd",9,7,"2015v2.1"
"/Return/ReturnData/IRS990ScheduleL/DisqualifiedPersonExBnftTrGrp/BusinessName",9,9,"2015v2.0, 2015v2.1, 2015v3.0"
"/Return/ReturnData/IRS990ScheduleL/DisqualifiedPersonExBnftTrGrp/BusinessName/BusinessNameLine1Txt",9,9,"2015v2.0, 2015v2.1, 2015v3.0"
"/Return/ReturnData/IRS990ScheduleM/QualifiedContribHistStructGrp/MethodOfDeterminingRevenuesTxt",9,9,"2015v2.0, 2015v2.1, 2015v3.0"
"/Return/ReturnData/IRS990ScheduleN/LiquidationOfAssetsTableGrp/LiquidationOfAssetsDetail/ForeignAddress/ForeignPostalCd",9,6,"2015v2.0, 2015v2.1"
"/Return/ReturnData/IRS990ScheduleR/IdDisregardedEntitiesGrp/ForeignAddress/AddressLine2Txt",9,9,"2015v2.1, 2015v3.0"
"/Return/ReturnData/IRS990ScheduleI/RecipientTable/ForeignAddress/AddressLine2Txt",8,8,"2015v2.1, 2015v3.0"
"/Return/ReturnData/IRS990ScheduleJ/RltdOrgOfficerTrstKeyEmplGrp/BusinessName/BusinessNameLine2Txt",8,8,"2015v2.1, 2015v3.0"
"/Return/ReturnData/IRS990ScheduleM/ArtFractionalInterestGrp/NoncashContributionsRptF990Amt",8,8,"2015v2.1, 2015v3.0"
"/Return/ReturnData/IRS990ScheduleG/GamingManagerBusinessName/BusinessNameLine2Txt",7,7,"2015v2.1, 2015v3.0"
"/Return/ReturnData/IRS990ScheduleH/HospitalFcltyPoliciesPrctcGrp/ExciseReportForm4720ForAllAmt",7,7,"2015v2.1, 2015v3.0"
"/Return/ReturnData/IRS990ScheduleA/HospitalNameAndAddressGrp/CountryCd",6,6,"2015v2.0, 2015v2.1, 2015v3.0"
"/Return/ReturnData/IRS990ScheduleR/UnrelatedOrgTxblPartnershipGrp/BusinessName/BusinessNameLine2Txt",6,5,"2015v2.1, 2015v3.0"
"/Return/ReturnData/IRS990ScheduleR/UnrelatedOrgTxblPartnershipGrp/USAddress/AddressLine2Txt",6,4,"2015v2.1, 2015v3.0"
"/Return/ReturnData/IRS990ScheduleC/Tax4912Amt",5,5,"2015v2.1"
"/Return/ReturnData/IRS990ScheduleG/FundraiserActivityInfoGrp/ForeignAddress/AddressLine2Txt",5,5,"2015v2.1, 2015v3.0"
"/Return/ReturnData/IRS990ScheduleR/IdRelatedOrgTxblPartnershipGrp/ForeignAddress/AddressLine2Txt",5,4,"2015v2.1, 2015v3.0"
"/Return/ReturnData/IRS990ScheduleC/Managers4912TaxAmt",4,4,"2015v2.1"
"/Return/ReturnData/IRS990ScheduleG/ThirdPartyForeignAddress",4,4,"2015v2.1, 2015v3.0"
"/Return/ReturnData/IRS990ScheduleG/ThirdPartyForeignAddress/AddressLine1Txt",4,4,"2015v2.1, 2015v3.0"
"/Return/ReturnData/IRS990ScheduleG/ThirdPartyForeignAddress/CityNm",4,4,"2015v2.1, 2015v3.0"
"/Return/ReturnData/IRS990ScheduleG/ThirdPartyForeignAddress/CountryCd",4,4,"2015v2.1, 2015v3.0"
"/Return/ReturnData/IRS990ScheduleH/HospitalFcltyPoliciesPrctcGrp/NoEmergencyCarePolicyInd",4,4,"2015v2.1, 2015v3.0"
"/Return/ReturnData/EmployeeCompensationExpln/EmployeeCompExplanationGrp",3,2,"2015v2.1"
"/Return/ReturnData/EmployeeCompensationExpln/EmployeeCompExplanationGrp/EmployeeNm",3,2,"2015v2.1"
"/Return/ReturnData/EmployeeCompensationExpln/EmployeeCompExplanationGrp/ExplanationTxt",3,2,"2015v2.1"
"/Return/ReturnData/IRS990ScheduleG/ThirdPartyForeignAddress/ForeignPostalCd",3,3,"2015v2.1, 2015v3.0"
"/Return/ReturnData/IRS990EZ/CompensationOfHghstPdCntrctGrp/ForeignAddress",2,2,"2015v2.0, 2015v2.1"
"/Return/ReturnData/IRS990EZ/CompensationOfHghstPdCntrctGrp/ForeignAddress/AddressLine1Txt",2,2,"2015v2.0, 2015v2.1"
"/Return/ReturnData/IRS990EZ/CompensationOfHghstPdCntrctGrp/ForeignAddress/CityNm",2,2,"2015v2.0, 2015v2.1"
"/Return/ReturnData/IRS990EZ/CompensationOfHghstPdCntrctGrp/ForeignAddress/CountryCd",2,2,"2015v2.0, 2015v2.1"
"/Return/ReturnData/IRS990EZ/CompensationOfHghstPdCntrctGrp/ForeignAddress/ForeignPostalCd",2,2,"2015v2.0, 2015v2.1"
"/Return/ReturnData/IRS990EZ/CompensationOfHghstPdCntrctGrp/ForeignAddress/ProvinceOrStateNm",2,2,"2015v2.0, 2015v2.1"
"/Return/ReturnData/IRS990ScheduleC/Section527PoliticalOrgGrp/ForeignAddress",2,2,"2015v2.1"
"/Return/ReturnData/IRS990ScheduleC/Section527PoliticalOrgGrp/ForeignAddress/AddressLine1Txt",2,2,"2015v2.1"
"/Return/ReturnData/IRS990ScheduleC/Section527PoliticalOrgGrp/ForeignAddress/CityNm",2,2,"2015v2.1"
"/Return/ReturnData/IRS990ScheduleC/Section527PoliticalOrgGrp/ForeignAddress/CountryCd",2,2,"2015v2.1"
"/Return/ReturnData/IRS990ScheduleC/Section527PoliticalOrgGrp/ForeignAddress/ForeignPostalCd",2,2,"2015v2.1"
"/Return/ReturnData/IRS990ScheduleC/Section527PoliticalOrgGrp/ForeignAddress/ProvinceOrStateNm",2,2,"2015v2.1"
"/Return/ReturnData/IRS990ScheduleG/PersonsWithBooksForeignAddress",2,2,"2015v2.1"
"/Return/ReturnData/IRS990ScheduleG/PersonsWithBooksForeignAddress/AddressLine1Txt",2,2,"2015v2.1"
"/Return/ReturnData/IRS990ScheduleG/PersonsWithBooksForeignAddress/CityNm",2,2,"2015v2.1"
"/Return/ReturnData/IRS990ScheduleG/PersonsWithBooksForeignAddress/CountryCd",2,2,"2015v2.1"
"/Return/ReturnData/IRS990ScheduleG/ThirdPartyForeignAddress/ProvinceOrStateNm",2,2,"2015v2.1, 2015v3.0"
"/Return/ReturnData/IRS990ScheduleH/OthHlthCareFcltsNotHospitalGrp/OthHlthCareFcltsGrp/BusinessName/BusinessNameLine2Txt",2,2,"2015v2.1"
"/Return/ReturnData/IRS990EZ/CompensationOfHghstPdCntrctGrp/ForeignAddress/AddressLine2Txt",1,1,"2015v2.1"
"/Return/ReturnData/IRS990ScheduleG/PersonsWithBooksForeignAddress/ForeignPostalCd",1,1,"2015v2.1"
"/Return/ReturnData/IRS990ScheduleG/PersonsWithBooksForeignAddress/ProvinceOrStateNm",1,1,"2015v2.1"
"/Return/ReturnData/IRS990ScheduleG/ThirdPartyBusinessName/BusinessNameLine2Txt",1,1,"2015v3.0"
"/Return/ReturnData/IRS990ScheduleH/HospitalFcltyPoliciesPrctcGrp/EmergencyCareLimitedInd",1,1,"2015v2.1"
"/Return/ReturnData/IRS990ScheduleN/DispositionOfAssetsDetail/ForeignAddress/AddressLine2Txt",1,1,"2015v2.1"
"/Return/ReturnData/IRS990ScheduleN/LiquidationOfAssetsTableGrp/LiquidationOfAssetsDetail/ForeignAddress/AddressLine2Txt",1,1,"2015v2.1"
"/Return/ReturnData/IRS990ScheduleR/UnrelatedOrgTxblPartnershipGrp/ForeignAddress",1,1,"2015v2.0"
"/Return/ReturnData/IRS990ScheduleR/UnrelatedOrgTxblPartnershipGrp/ForeignAddress/AddressLine1Txt",1,1,"2015v2.0"
"/Return/ReturnData/IRS990ScheduleR/UnrelatedOrgTxblPartnershipGrp/ForeignAddress/CountryCd",1,1,"2015v2.0"
"/Return/ReturnData/IRS990ScheduleR/UnrelatedOrgTxblPartnershipGrp/ForeignAddress/ForeignPostalCd",1,1,"2015v2.0"
"/Return/ReturnData/IRS990ScheduleR/UnrelatedOrgTxblPartnershipGrp/ForeignAddress/ProvinceOrStateNm",1,1,"2015v2.0"
"/Return/ReturnData/IRS990ScheduleR/UnrelatedOrgTxblPartnershipGrp/LegalDomicileForeignCountryCd",1,1,"2015v2.0"
