"xpath","count_occurrences","count_filings","schema_versions"
"/Return/ReturnData/IRS990/Form990PartVIISectionAGrp",2957481,243903,"2016v3.0, 2016v3.1"
"/Return/ReturnData/IRS990/Form990PartVIISectionAGrp/TitleTxt",2956599,243903,"2016v3.0, 2016v3.1"
"/Return/ReturnData/IRS990/Form990PartVIISectionAGrp/ReportableCompFromOrgAmt",2927316,242176,"2016v3.0, 2016v3.1"
"/Return/ReturnData/IRS990/Form990PartVIISectionAGrp/OtherCompensationAmt",2925874,242024,"2016v3.0, 2016v3.1"
"/Return/ReturnData/IRS990/Form990PartVIISectionAGrp/ReportableCompFromRltdOrgAmt",2924869,242016,"2016v3.0, 2016v3.1"
"/Return/ReturnData/IRS990/Form990PartVIISectionAGrp/PersonNm",2913829,241296,"2016v3.0, 2016v3.1"
"/Return/ReturnData/IRS990/Form990PartVIISectionAGrp/AverageHoursPerWeekRt",2800960,230270,"2016v3.0, 2016v3.1"
"/Return/ReturnData/IRS990/Form990PartVIISectionAGrp/IndividualTrusteeOrDirectorInd",2397723,218494,"2016v3.0, 2016v3.1"
"/Return/ReturnData/IRS990ScheduleO/SupplementalInformationDetail",2229158,369718,"2016v3.0, 2016v3.1"
"/Return/ReturnData/IRS990ScheduleO/SupplementalInformationDetail/ExplanationTxt",2229158,369718,"2016v3.0, 2016v3.1"
"/Return/ReturnData/IRS990ScheduleO/SupplementalInformationDetail/FormAndLineReferenceDesc",2229158,369718,"2016v3.0, 2016v3.1"
"/Return/ReturnData/IRS990/Form990PartVIISectionAGrp/AverageHoursPerWeekRltdOrgRt",1033273,95391,"2016v3.0, 2016v3.1"
"/Return/ReturnData/IRS990/Form990PartVIISectionAGrp/OfficerInd",1022710,224291,"2016v3.0, 2016v3.1"
"/Return/ReturnData/IRS990EZ/OfficerDirectorTrusteeEmplGrp",838071,130484,"2016v3.0, 2016v3.1"
"/Return/ReturnData/IRS990EZ/OfficerDirectorTrusteeEmplGrp/AverageHrsPerWkDevotedToPosRt",838071,130484,"2016v3.0, 2016v3.1"
"/Return/ReturnData/IRS990EZ/OfficerDirectorTrusteeEmplGrp/CompensationAmt",838071,130484,"2016v3.0, 2016v3.1"
"/Return/ReturnData/IRS990EZ/OfficerDirectorTrusteeEmplGrp/TitleTxt",838071,130484,"2016v3.0, 2016v3.1"
"/Return/ReturnData/IRS990EZ/OfficerDirectorTrusteeEmplGrp/PersonNm",835910,130069,"2016v3.0, 2016v3.1"
"/Return/ReturnData/IRS990/OtherExpensesGrp",792168,225755,"2016v3.0, 2016v3.1"
"/Return/ReturnData/IRS990/OtherExpensesGrp/TotalAmt",791967,225715,"2016v3.0, 2016v3.1"
"/Return/ReturnData/IRS990/OtherExpensesGrp/Desc",788656,224934,"2016v3.0, 2016v3.1"
"/Return/ReturnData/IRS990/OtherExpensesGrp/ProgramServicesAmt",589098,184114,"2016v3.0, 2016v3.1"
"/Return/ReturnData/IRS990ScheduleI/RecipientTable",514902,35122,"2016v3.0, 2016v3.1"
"/Return/ReturnData/IRS990ScheduleI/RecipientTable/RecipientBusinessName",513784,34992,"2016v3.0, 2016v3.1"
"/Return/ReturnData/IRS990ScheduleI/RecipientTable/RecipientBusinessName/BusinessNameLine1Txt",513784,34992,"2016v3.0, 2016v3.1"
"/Return/ReturnData/IRS990ScheduleI/RecipientTable/USAddress",504167,33945,"2016v3.0, 2016v3.1"
"/Return/ReturnData/IRS990ScheduleI/RecipientTable/USAddress/AddressLine1Txt",504167,33945,"2016v3.0, 2016v3.1"
"/Return/ReturnData/IRS990ScheduleI/RecipientTable/USAddress/CityNm",504167,33945,"2016v3.0, 2016v3.1"
"/Return/ReturnData/IRS990ScheduleI/RecipientTable/USAddress/StateAbbreviationCd",504167,33945,"2016v3.0, 2016v3.1"
"/Return/ReturnData/IRS990ScheduleI/RecipientTable/USAddress/ZIPCd",504167,33945,"2016v3.0, 2016v3.1"
"/Return/ReturnData/IRS990ScheduleI/RecipientTable/PurposeOfGrantTxt",501533,32355,"2016v3.0, 2016v3.1"
"/Return/ReturnData/IRS990ScheduleI/RecipientTable/CashGrantAmt",490239,33807,"2016v3.0, 2016v3.1"
"/Return/ReturnData/IRS990ScheduleI/RecipientTable/RecipientEIN",478651,30466,"2016v3.0, 2016v3.1"
"/Return/ReturnData/IRS990ScheduleI/RecipientTable/IRCSectionDesc",449607,24996,"2016v3.0, 2016v3.1"
"/Return/ReturnData/IRS990ScheduleR/IdRelatedTaxExemptOrgGrp",409181,56501,"2016v3.0, 2016v3.1"
"/Return/ReturnData/IRS990ScheduleR/IdRelatedTaxExemptOrgGrp/DisregardedEntityName",409066,56464,"2016v3.0, 2016v3.1"
"/Return/ReturnData/IRS990ScheduleR/IdRelatedTaxExemptOrgGrp/DisregardedEntityName/BusinessNameLine1Txt",409066,56464,"2016v3.0, 2016v3.1"
"/Return/ReturnData/IRS990ScheduleR/IdRelatedTaxExemptOrgGrp/ControlledOrganizationInd",400989,55390,"2016v3.0, 2016v3.1"
"/Return/ReturnData/IRS990ScheduleR/IdRelatedTaxExemptOrgGrp/PrimaryActivitiesTxt",400360,55080,"2016v3.0, 2016v3.1"
"/Return/ReturnData/IRS990ScheduleR/IdRelatedTaxExemptOrgGrp/USAddress",398771,55448,"2016v3.0, 2016v3.1"
"/Return/ReturnData/IRS990ScheduleR/IdRelatedTaxExemptOrgGrp/USAddress/AddressLine1Txt",398771,55448,"2016v3.0, 2016v3.1"
"/Return/ReturnData/IRS990ScheduleR/IdRelatedTaxExemptOrgGrp/USAddress/CityNm",398771,55448,"2016v3.0, 2016v3.1"
"/Return/ReturnData/IRS990ScheduleR/IdRelatedTaxExemptOrgGrp/USAddress/StateAbbreviationCd",398771,55448,"2016v3.0, 2016v3.1"
"/Return/ReturnData/IRS990ScheduleR/IdRelatedTaxExemptOrgGrp/USAddress/ZIPCd",398771,55448,"2016v3.0, 2016v3.1"
"/Return/ReturnData/IRS990ScheduleR/IdRelatedTaxExemptOrgGrp/LegalDomicileStateCd",397711,55229,"2016v3.0, 2016v3.1"
"/Return/ReturnData/IRS990ScheduleR/IdRelatedTaxExemptOrgGrp/ExemptCodeSectionTxt",395869,53985,"2016v3.0, 2016v3.1"
"/Return/ReturnData/IRS990ScheduleR/IdRelatedTaxExemptOrgGrp/EIN",395112,53814,"2016v3.0, 2016v3.1"
"/Return",374387,374387,"2016v3.0, 2016v3.1"
"/Return/ReturnData",374387,374387,"2016v3.0, 2016v3.1"
"/Return/ReturnHeader",374387,374387,"2016v3.0, 2016v3.1"
"/Return/ReturnHeader/BuildTS",374387,374387,"2016v3.0, 2016v3.1"
"/Return/ReturnHeader/BusinessOfficerGrp",374387,374387,"2016v3.0, 2016v3.1"
"/Return/ReturnHeader/BusinessOfficerGrp/PersonNm",374387,374387,"2016v3.0, 2016v3.1"
"/Return/ReturnHeader/BusinessOfficerGrp/PersonTitleTxt",374387,374387,"2016v3.0, 2016v3.1"
"/Return/ReturnHeader/BusinessOfficerGrp/SignatureDt",374387,374387,"2016v3.0, 2016v3.1"
"/Return/ReturnHeader/Filer",374387,374387,"2016v3.0, 2016v3.1"
"/Return/ReturnHeader/Filer/BusinessName",374387,374387,"2016v3.0, 2016v3.1"
"/Return/ReturnHeader/Filer/BusinessName/BusinessNameLine1Txt",374387,374387,"2016v3.0, 2016v3.1"
"/Return/ReturnHeader/Filer/BusinessNameControlTxt",374387,374387,"2016v3.0, 2016v3.1"
"/Return/ReturnHeader/Filer/EIN",374387,374387,"2016v3.0, 2016v3.1"
"/Return/ReturnHeader/ReturnTs",374387,374387,"2016v3.0, 2016v3.1"
"/Return/ReturnHeader/ReturnTypeCd",374387,374387,"2016v3.0, 2016v3.1"
"/Return/ReturnHeader/TaxPeriodBeginDt",374387,374387,"2016v3.0, 2016v3.1"
"/Return/ReturnHeader/TaxPeriodEndDt",374387,374387,"2016v3.0, 2016v3.1"
"/Return/ReturnHeader/TaxYr",374387,374387,"2016v3.0, 2016v3.1"
"/Return/ReturnHeader/Filer/USAddress",374139,374139,"2016v3.0, 2016v3.1"
"/Return/ReturnHeader/Filer/USAddress/AddressLine1Txt",374139,374139,"2016v3.0, 2016v3.1"
"/Return/ReturnHeader/Filer/USAddress/CityNm",374139,374139,"2016v3.0, 2016v3.1"
"/Return/ReturnHeader/Filer/USAddress/StateAbbreviationCd",374139,374139,"2016v3.0, 2016v3.1"
"/Return/ReturnHeader/Filer/USAddress/ZIPCd",374139,374139,"2016v3.0, 2016v3.1"
"/Return/ReturnData/IRS990ScheduleO",369718,369718,"2016v3.0, 2016v3.1"
"/Return/ReturnData/IRS990/ProgramServiceRevenueGrp",367381,163532,"2016v3.0, 2016v3.1"
"/Return/ReturnData/IRS990/ProgramServiceRevenueGrp/TotalRevenueColumnAmt",364853,162923,"2016v3.0, 2016v3.1"
"/Return/ReturnData/IRS990ScheduleR/IdRelatedTaxExemptOrgGrp/PublicCharityStatusTxt",364656,44246,"2016v3.0, 2016v3.1"
"/Return/ReturnData/IRS990/ProgramServiceRevenueGrp/Desc",364208,162724,"2016v3.0, 2016v3.1"
"/Return/ReturnHeader/PreparerPersonGrp",357982,357982,"2016v3.0, 2016v3.1"
"/Return/ReturnHeader/PreparerPersonGrp/PhoneNum",357109,357109,"2016v3.0, 2016v3.1"
"/Return/ReturnHeader/PreparerFirmGrp",356813,356813,"2016v3.0, 2016v3.1"
"/Return/ReturnHeader/PreparerFirmGrp/PreparerFirmName",356813,356813,"2016v3.0, 2016v3.1"
"/Return/ReturnHeader/PreparerFirmGrp/PreparerFirmName/BusinessNameLine1Txt",356813,356813,"2016v3.0, 2016v3.1"
"/Return/ReturnHeader/PreparerFirmGrp/PreparerUSAddress",356691,356691,"2016v3.0, 2016v3.1"
"/Return/ReturnHeader/PreparerFirmGrp/PreparerUSAddress/AddressLine1Txt",356691,356691,"2016v3.0, 2016v3.1"
"/Return/ReturnHeader/PreparerFirmGrp/PreparerUSAddress/CityNm",356691,356691,"2016v3.0, 2016v3.1"
"/Return/ReturnHeader/PreparerFirmGrp/PreparerUSAddress/StateAbbreviationCd",356691,356691,"2016v3.0, 2016v3.1"
"/Return/ReturnHeader/PreparerFirmGrp/PreparerUSAddress/ZIPCd",356691,356691,"2016v3.0, 2016v3.1"
"/Return/ReturnHeader/PreparerPersonGrp/PreparerPersonNm",355687,355687,"2016v3.0, 2016v3.1"
"/Return/ReturnHeader/BusinessOfficerGrp/DiscussWithPaidPreparerInd",325283,325283,"2016v3.0, 2016v3.1"
"/Return/ReturnHeader/Filer/PhoneNum",322645,322645,"2016v3.0, 2016v3.1"
"/Return/ReturnData/IRS990/ProgramServiceRevenueGrp/RelatedOrExemptFuncIncomeAmt",322439,146304,"2016v3.0, 2016v3.1"
"/Return/ReturnData/IRS990EZ/OfficerDirectorTrusteeEmplGrp/ExpenseAccountOtherAllwncAmt",321909,51341,"2016v3.0, 2016v3.1"
"/Return/ReturnData/IRS990EZ/OfficerDirectorTrusteeEmplGrp/EmployeeBenefitProgramAmt",321560,51592,"2016v3.0, 2016v3.1"
"/Return/ReturnData/IRS990/OtherExpensesGrp/ManagementAndGeneralAmt",320497,135319,"2016v3.0, 2016v3.1"
"/Return/ReturnHeader/FilingSecurityInformation",308717,308717,"2016v3.0, 2016v3.1"
"/Return/ReturnHeader/PreparerPersonGrp/PTIN",307485,307485,"2016v3.0, 2016v3.1"
"/Return/ReturnHeader/FilingSecurityInformation/AtSubmissionCreationDeviceId",297554,297554,"2016v3.0, 2016v3.1"
"/Return/ReturnHeader/FilingSecurityInformation/AtSubmissionFilingDeviceId",297553,297553,"2016v3.0, 2016v3.1"
"/Return/ReturnData/IRS990ScheduleA",285799,285799,"2016v3.0, 2016v3.1"
"/Return/ReturnHeader/BusinessOfficerGrp/PhoneNum",280253,280253,"2016v3.0, 2016v3.1"
"/Return/ReturnData/IRS990ScheduleR/IdRelatedTaxExemptOrgGrp/DirectControllingEntityName",273749,26998,"2016v3.0, 2016v3.1"
"/Return/ReturnData/IRS990ScheduleR/IdRelatedTaxExemptOrgGrp/DirectControllingEntityName/BusinessNameLine1Txt",273749,26998,"2016v3.0, 2016v3.1"
"/Return/ReturnData/IRS990/ProgramServiceRevenueGrp/BusinessCd",266050,121606,"2016v3.0, 2016v3.1"
"/Return/ReturnData/IRS990",243903,243903,"2016v3.0, 2016v3.1"
"/Return/ReturnData/IRS990/AccountantCompileOrReviewInd",243903,243903,"2016v3.0, 2016v3.1"
"/Return/ReturnData/IRS990/ActivitiesConductedPrtshpInd",243903,243903,"2016v3.0, 2016v3.1"
"/Return/ReturnData/IRS990/ActivityOrMissionDesc",243903,243903,"2016v3.0, 2016v3.1"
"/Return/ReturnData/IRS990/BooksInCareOfDetail",243903,243903,"2016v3.0, 2016v3.1"
"/Return/ReturnData/IRS990/BooksInCareOfDetail/PhoneNum",243903,243903,"2016v3.0, 2016v3.1"
"/Return/ReturnData/IRS990/BusinessRlnWithFamMemInd",243903,243903,"2016v3.0, 2016v3.1"
"/Return/ReturnData/IRS990/BusinessRlnWithOfficerEntInd",243903,243903,"2016v3.0, 2016v3.1"
"/Return/ReturnData/IRS990/BusinessRlnWithOrgMemInd",243903,243903,"2016v3.0, 2016v3.1"
"/Return/ReturnData/IRS990/CYBenefitsPaidToMembersAmt",243903,243903,"2016v3.0, 2016v3.1"
"/Return/ReturnData/IRS990/CYContributionsGrantsAmt",243903,243903,"2016v3.0, 2016v3.1"
"/Return/ReturnData/IRS990/CYGrantsAndSimilarPaidAmt",243903,243903,"2016v3.0, 2016v3.1"
"/Return/ReturnData/IRS990/CYInvestmentIncomeAmt",243903,243903,"2016v3.0, 2016v3.1"
"/Return/ReturnData/IRS990/CYOtherExpensesAmt",243903,243903,"2016v3.0, 2016v3.1"
"/Return/ReturnData/IRS990/CYOtherRevenueAmt",243903,243903,"2016v3.0, 2016v3.1"
"/Return/ReturnData/IRS990/CYProgramServiceRevenueAmt",243903,243903,"2016v3.0, 2016v3.1"
"/Return/ReturnData/IRS990/CYRevenuesLessExpensesAmt",243903,243903,"2016v3.0, 2016v3.1"
"/Return/ReturnData/IRS990/CYSalariesCompEmpBnftPaidAmt",243903,243903,"2016v3.0, 2016v3.1"
"/Return/ReturnData/IRS990/CYTotalExpensesAmt",243903,243903,"2016v3.0, 2016v3.1"
"/Return/ReturnData/IRS990/CYTotalFundraisingExpenseAmt",243903,243903,"2016v3.0, 2016v3.1"
"/Return/ReturnData/IRS990/CYTotalProfFndrsngExpnsAmt",243903,243903,"2016v3.0, 2016v3.1"
"/Return/ReturnData/IRS990/CYTotalRevenueAmt",243903,243903,"2016v3.0, 2016v3.1"
"/Return/ReturnData/IRS990/ChangeToOrgDocumentsInd",243903,243903,"2016v3.0, 2016v3.1"
"/Return/ReturnData/IRS990/CollectionsOfArtInd",243903,243903,"2016v3.0, 2016v3.1"
"/Return/ReturnData/IRS990/CompensationFromOtherSrcsInd",243903,243903,"2016v3.0, 2016v3.1"
"/Return/ReturnData/IRS990/ConflictOfInterestPolicyInd",243903,243903,"2016v3.0, 2016v3.1"
"/Return/ReturnData/IRS990/ConservationEasementsInd",243903,243903,"2016v3.0, 2016v3.1"
"/Return/ReturnData/IRS990/ConsolidatedAuditFinclStmtInd",243903,243903,"2016v3.0, 2016v3.1"
"/Return/ReturnData/IRS990/CreditCounselingInd",243903,243903,"2016v3.0, 2016v3.1"
"/Return/ReturnData/IRS990/DecisionsSubjectToApprovaInd",243903,243903,"2016v3.0, 2016v3.1"
"/Return/ReturnData/IRS990/DeductibleArtContributionInd",243903,243903,"2016v3.0, 2016v3.1"
"/Return/ReturnData/IRS990/DeductibleNonCashContriInd",243903,243903,"2016v3.0, 2016v3.1"
"/Return/ReturnData/IRS990/DelegationOfMgmtDutiesInd",243903,243903,"2016v3.0, 2016v3.1"
"/Return/ReturnData/IRS990/Desc",243903,243903,"2016v3.0, 2016v3.1"
"/Return/ReturnData/IRS990/DescribedInSection501c3Ind",243903,243903,"2016v3.0, 2016v3.1"
"/Return/ReturnData/IRS990/DisregardedEntityInd",243903,243903,"2016v3.0, 2016v3.1"
"/Return/ReturnData/IRS990/DocumentRetentionPolicyInd",243903,243903,"2016v3.0, 2016v3.1"
"/Return/ReturnData/IRS990/DonorAdvisedFundInd",243903,243903,"2016v3.0, 2016v3.1"
"/Return/ReturnData/IRS990/ElectionOfBoardMembersInd",243903,243903,"2016v3.0, 2016v3.1"
"/Return/ReturnData/IRS990/EmployeeCnt",243903,243903,"2016v3.0, 2016v3.1"
"/Return/ReturnData/IRS990/FSAuditedInd",243903,243903,"2016v3.0, 2016v3.1"
"/Return/ReturnData/IRS990/FamilyOrBusinessRlnInd",243903,243903,"2016v3.0, 2016v3.1"
"/Return/ReturnData/IRS990/ForeignActivitiesInd",243903,243903,"2016v3.0, 2016v3.1"
"/Return/ReturnData/IRS990/ForeignFinancialAccountInd",243903,243903,"2016v3.0, 2016v3.1"
"/Return/ReturnData/IRS990/ForeignOfficeInd",243903,243903,"2016v3.0, 2016v3.1"
"/Return/ReturnData/IRS990/Form990ProvidedToGvrnBodyInd",243903,243903,"2016v3.0, 2016v3.1"
"/Return/ReturnData/IRS990/FormerOfcrEmployeesListedInd",243903,243903,"2016v3.0, 2016v3.1"
"/Return/ReturnData/IRS990/FundraisingActivitiesInd",243903,243903,"2016v3.0, 2016v3.1"
"/Return/ReturnData/IRS990/GamingActivitiesInd",243903,243903,"2016v3.0, 2016v3.1"
"/Return/ReturnData/IRS990/GoverningBodyVotingMembersCnt",243903,243903,"2016v3.0, 2016v3.1"
"/Return/ReturnData/IRS990/GrantToRelatedPersonInd",243903,243903,"2016v3.0, 2016v3.1"
"/Return/ReturnData/IRS990/GrantsToIndividualsInd",243903,243903,"2016v3.0, 2016v3.1"
"/Return/ReturnData/IRS990/GrantsToOrganizationsInd",243903,243903,"2016v3.0, 2016v3.1"
"/Return/ReturnData/IRS990/GrossReceiptsAmt",243903,243903,"2016v3.0, 2016v3.1"
"/Return/ReturnData/IRS990/GroupReturnForAffiliatesInd",243903,243903,"2016v3.0, 2016v3.1"
"/Return/ReturnData/IRS990/IRPDocumentCnt",243903,243903,"2016v3.0, 2016v3.1"
"/Return/ReturnData/IRS990/IRPDocumentW2GCnt",243903,243903,"2016v3.0, 2016v3.1"
"/Return/ReturnData/IRS990/IncludeFIN48FootnoteInd",243903,243903,"2016v3.0, 2016v3.1"
"/Return/ReturnData/IRS990/IndependentAuditFinclStmtInd",243903,243903,"2016v3.0, 2016v3.1"
"/Return/ReturnData/IRS990/IndependentVotingMemberCnt",243903,243903,"2016v3.0, 2016v3.1"
"/Return/ReturnData/IRS990/IndoorTanningServicesInd",243903,243903,"2016v3.0, 2016v3.1"
"/Return/ReturnData/IRS990/InvestmentInJointVentureInd",243903,243903,"2016v3.0, 2016v3.1"
"/Return/ReturnData/IRS990/LoanOutstandingInd",243903,243903,"2016v3.0, 2016v3.1"
"/Return/ReturnData/IRS990/LocalChaptersInd",243903,243903,"2016v3.0, 2016v3.1"
"/Return/ReturnData/IRS990/MaterialDiversionOrMisuseInd",243903,243903,"2016v3.0, 2016v3.1"
"/Return/ReturnData/IRS990/MembersOrStockholdersInd",243903,243903,"2016v3.0, 2016v3.1"
"/Return/ReturnData/IRS990/MinutesOfGoverningBodyInd",243903,243903,"2016v3.0, 2016v3.1"
"/Return/ReturnData/IRS990/MoreThan5000KToIndividualsInd",243903,243903,"2016v3.0, 2016v3.1"
"/Return/ReturnData/IRS990/MoreThan5000KToOrgInd",243903,243903,"2016v3.0, 2016v3.1"
"/Return/ReturnData/IRS990/NetAssetsOrFundBalancesEOYAmt",243903,243903,"2016v3.0, 2016v3.1"
"/Return/ReturnData/IRS990/NondeductibleContributionsInd",243903,243903,"2016v3.0, 2016v3.1"
"/Return/ReturnData/IRS990/OfficerMailingAddressInd",243903,243903,"2016v3.0, 2016v3.1"
"/Return/ReturnData/IRS990/OperateHospitalInd",243903,243903,"2016v3.0, 2016v3.1"
"/Return/ReturnData/IRS990/PartialLiquidationInd",243903,243903,"2016v3.0, 2016v3.1"
"/Return/ReturnData/IRS990/PoliticalCampaignActyInd",243903,243903,"2016v3.0, 2016v3.1"
"/Return/ReturnData/IRS990/ProfessionalFundraisingInd",243903,243903,"2016v3.0, 2016v3.1"
"/Return/ReturnData/IRS990/ProhibitedTaxShelterTransInd",243903,243903,"2016v3.0, 2016v3.1"
"/Return/ReturnData/IRS990/ReconcilationRevenueExpnssAmt",243903,243903,"2016v3.0, 2016v3.1"
"/Return/ReturnData/IRS990/RelatedEntityInd",243903,243903,"2016v3.0, 2016v3.1"
"/Return/ReturnData/IRS990/RelatedOrganizationCtrlEntInd",243903,243903,"2016v3.0, 2016v3.1"
"/Return/ReturnData/IRS990/ReportInvestmentsOtherSecInd",243903,243903,"2016v3.0, 2016v3.1"
"/Return/ReturnData/IRS990/ReportLandBuildingEquipmentInd",243903,243903,"2016v3.0, 2016v3.1"
"/Return/ReturnData/IRS990/ReportOtherAssetsInd",243903,243903,"2016v3.0, 2016v3.1"
"/Return/ReturnData/IRS990/ReportOtherLiabilitiesInd",243903,243903,"2016v3.0, 2016v3.1"
"/Return/ReturnData/IRS990/ReportProgramRelatedInvstInd",243903,243903,"2016v3.0, 2016v3.1"
"/Return/ReturnData/IRS990/ScheduleBRequiredInd",243903,243903,"2016v3.0, 2016v3.1"
"/Return/ReturnData/IRS990/ScheduleJRequiredInd",243903,243903,"2016v3.0, 2016v3.1"
"/Return/ReturnData/IRS990/ScheduleORequiredInd",243903,243903,"2016v3.0, 2016v3.1"
"/Return/ReturnData/IRS990/SchoolOperatingInd",243903,243903,"2016v3.0, 2016v3.1"
"/Return/ReturnData/IRS990/TaxExemptBondsInd",243903,243903,"2016v3.0, 2016v3.1"
"/Return/ReturnData/IRS990/TaxablePartyNotificationInd",243903,243903,"2016v3.0, 2016v3.1"
"/Return/ReturnData/IRS990/TempOrPermanentEndowmentsInd",243903,243903,"2016v3.0, 2016v3.1"
"/Return/ReturnData/IRS990/TerminateOperationsInd",243903,243903,"2016v3.0, 2016v3.1"
"/Return/ReturnData/IRS990/TotLiabNetAssetsFundBalanceGrp",243903,243903,"2016v3.0, 2016v3.1"
"/Return/ReturnData/IRS990/TotLiabNetAssetsFundBalanceGrp/BOYAmt",243903,243903,"2016v3.0, 2016v3.1"
"/Return/ReturnData/IRS990/TotLiabNetAssetsFundBalanceGrp/EOYAmt",243903,243903,"2016v3.0, 2016v3.1"
"/Return/ReturnData/IRS990/TotalAssetsEOYAmt",243903,243903,"2016v3.0, 2016v3.1"
"/Return/ReturnData/IRS990/TotalAssetsGrp",243903,243903,"2016v3.0, 2016v3.1"
"/Return/ReturnData/IRS990/TotalAssetsGrp/BOYAmt",243903,243903,"2016v3.0, 2016v3.1"
"/Return/ReturnData/IRS990/TotalAssetsGrp/EOYAmt",243903,243903,"2016v3.0, 2016v3.1"
"/Return/ReturnData/IRS990/TotalCompGreaterThan150KInd",243903,243903,"2016v3.0, 2016v3.1"
"/Return/ReturnData/IRS990/TotalEmployeeCnt",243903,243903,"2016v3.0, 2016v3.1"
"/Return/ReturnData/IRS990/TotalFunctionalExpensesGrp",243903,243903,"2016v3.0, 2016v3.1"
"/Return/ReturnData/IRS990/TotalFunctionalExpensesGrp/TotalAmt",243903,243903,"2016v3.0, 2016v3.1"
"/Return/ReturnData/IRS990/TotalGrossUBIAmt",243903,243903,"2016v3.0, 2016v3.1"
"/Return/ReturnData/IRS990/TotalLiabilitiesEOYAmt",243903,243903,"2016v3.0, 2016v3.1"
"/Return/ReturnData/IRS990/TotalLiabilitiesGrp",243903,243903,"2016v3.0, 2016v3.1"
"/Return/ReturnData/IRS990/TotalLiabilitiesGrp/BOYAmt",243903,243903,"2016v3.0, 2016v3.1"
"/Return/ReturnData/IRS990/TotalLiabilitiesGrp/EOYAmt",243903,243903,"2016v3.0, 2016v3.1"
"/Return/ReturnData/IRS990/TotalNetAssetsFundBalanceGrp",243903,243903,"2016v3.0, 2016v3.1"
"/Return/ReturnData/IRS990/TotalNetAssetsFundBalanceGrp/BOYAmt",243903,243903,"2016v3.0, 2016v3.1"
"/Return/ReturnData/IRS990/TotalNetAssetsFundBalanceGrp/EOYAmt",243903,243903,"2016v3.0, 2016v3.1"
"/Return/ReturnData/IRS990/TotalRevenueGrp",243903,243903,"2016v3.0, 2016v3.1"
"/Return/ReturnData/IRS990/TotalRevenueGrp/TotalRevenueColumnAmt",243903,243903,"2016v3.0, 2016v3.1"
"/Return/ReturnData/IRS990/UnrelatedBusIncmOverLimitInd",243903,243903,"2016v3.0, 2016v3.1"
"/Return/ReturnData/IRS990/VotingMembersGoverningBodyCnt",243903,243903,"2016v3.0, 2016v3.1"
"/Return/ReturnData/IRS990/VotingMembersIndependentCnt",243903,243903,"2016v3.0, 2016v3.1"
"/Return/ReturnData/IRS990/WhistleblowerPolicyInd",243903,243903,"2016v3.0, 2016v3.1"
"/Return/ReturnData/IRS990/MissionDesc",243570,243570,"2016v3.0, 2016v3.1"
"/Return/ReturnData/IRS990/BooksInCareOfDetail/USAddress",243448,243448,"2016v3.0, 2016v3.1"
"/Return/ReturnData/IRS990/BooksInCareOfDetail/USAddress/AddressLine1Txt",243448,243448,"2016v3.0, 2016v3.1"
"/Return/ReturnData/IRS990/BooksInCareOfDetail/USAddress/CityNm",243448,243448,"2016v3.0, 2016v3.1"
"/Return/ReturnData/IRS990/BooksInCareOfDetail/USAddress/StateAbbreviationCd",243448,243448,"2016v3.0, 2016v3.1"
"/Return/ReturnData/IRS990/BooksInCareOfDetail/USAddress/ZIPCd",243448,243448,"2016v3.0, 2016v3.1"
"/Return/ReturnData/IRS990/MinutesOfCommitteesInd",243441,243441,"2016v3.0, 2016v3.1"
"/Return/ReturnData/IRS990/CompensationProcessCEOInd",243129,243129,"2016v3.0, 2016v3.1"
"/Return/ReturnData/IRS990/CompensationProcessOtherInd",243005,243005,"2016v3.0, 2016v3.1"
"/Return/ReturnData/IRS990/SignificantNewProgramSrvcInd",241964,241964,"2016v3.0, 2016v3.1"
"/Return/ReturnData/IRS990/SignificantChangeInd",241919,241919,"2016v3.0, 2016v3.1"
"/Return/ReturnData/IRS990/TotalAssetsBOYAmt",240657,240657,"2016v3.0, 2016v3.1"
"/Return/ReturnData/IRS990/NetAssetsOrFundBalancesBOYAmt",240443,240443,"2016v3.0, 2016v3.1"
"/Return/ReturnData/IRS990/SubjectToProxyTaxInd",237242,237242,"2016v3.0, 2016v3.1"
"/Return/ReturnData/IRS990/PYTotalRevenueAmt",236621,236621,"2016v3.0, 2016v3.1"
"/Return/ReturnData/IRS990/PYRevenuesLessExpensesAmt",236402,236402,"2016v3.0, 2016v3.1"
"/Return/ReturnData/IRS990/PYTotalExpensesAmt",236195,236195,"2016v3.0, 2016v3.1"
"/Return/ReturnData/IRS990/InfoInScheduleOPartVIInd",235850,235850,"2016v3.0, 2016v3.1"
"/Return/ReturnData/IRS990/PYOtherExpensesAmt",235508,235508,"2016v3.0, 2016v3.1"
"/Return/ReturnData/IRS990/LegalDomicileStateCd",231399,231399,"2016v3.0, 2016v3.1"
"/Return/ReturnHeader/FilingSecurityInformation/IPAddress",229852,229852,"2016v3.0, 2016v3.1"
"/Return/ReturnHeader/FilingSecurityInformation/IPAddress/IPv4AddressTxt",229852,229852,"2016v3.0, 2016v3.1"
"/Return/ReturnHeader/PreparerFirmGrp/PreparerFirmEIN",227780,227780,"2016v3.0, 2016v3.1"
"/Return/ReturnData/IRS990/FormationYr",226677,226677,"2016v3.0, 2016v3.1"
"/Return/ReturnData/IRS990/TotalFunctionalExpensesGrp/ProgramServicesAmt",226543,226543,"2016v3.0, 2016v3.1"
"/Return/ReturnData/IRS990/TotalFunctionalExpensesGrp/ManagementAndGeneralAmt",225674,225674,"2016v3.0, 2016v3.1"
"/Return/ReturnData/IRS990/CashNonInterestBearingGrp",225201,225201,"2016v3.0, 2016v3.1"
"/Return/ReturnData/IRS990/TotalFunctionalExpensesGrp/FundraisingAmt",223904,223904,"2016v3.0, 2016v3.1"
"/Return/ReturnData/IRS990/CashNonInterestBearingGrp/EOYAmt",222951,222951,"2016v3.0, 2016v3.1"
"/Return/ReturnData/IRS990ScheduleR/IdRelatedOrgTxblCorpTrGrp",221099,17616,"2016v3.0, 2016v3.1"
"/Return/ReturnData/IRS990/UponRequestInd",221068,221068,"2016v3.0, 2016v3.1"
"/Return/ReturnData/IRS990ScheduleR/IdRelatedOrgTxblCorpTrGrp/RelatedOrganizationName",221038,17610,"2016v3.0, 2016v3.1"
"/Return/ReturnData/IRS990ScheduleR/IdRelatedOrgTxblCorpTrGrp/RelatedOrganizationName/BusinessNameLine1Txt",221038,17610,"2016v3.0, 2016v3.1"
"/Return/ReturnData/IRS990/StatesWhereCopyOfReturnIsFldCd",220778,126371,"2016v3.0, 2016v3.1"
"/Return/ReturnData/IRS990/FederalGrantAuditRequiredInd",220093,220093,"2016v3.0, 2016v3.1"
"/Return/ReturnHeader/PreparerPersonGrp/PreparationDt",218845,218845,"2016v3.0, 2016v3.1"
"/Return/ReturnHeader/FilingSecurityInformation/FilingLicenseTypeCd",218441,218441,"2016v3.0, 2016v3.1"
"/Return/ReturnData/IRS990/WebsiteAddressTxt",218317,218317,"2016v3.0, 2016v3.1"
"/Return/ReturnData/IRS990/CashNonInterestBearingGrp/BOYAmt",217883,217883,"2016v3.0, 2016v3.1"
"/Return/ReturnData/IRS990/TotalRevenueGrp/RelatedOrExemptFuncIncomeAmt",216500,216500,"2016v3.0, 2016v3.1"
"/Return/ReturnData/IRS990/TypeOfOrganizationCorpInd",215882,215882,"2016v3.0, 2016v3.1"
"/Return/ReturnData/IRS990/PYContributionsGrantsAmt",211165,211165,"2016v3.0, 2016v3.1"
"/Return/ReturnData/IRS990/TotalProgramServiceExpensesAmt",210041,210041,"2016v3.0, 2016v3.1"
"/Return/ReturnData/IRS990/PrincipalOfficerNm",209835,209835,"2016v3.0, 2016v3.1"
"/Return/ReturnData/IRS990ScheduleD",207582,207582,"2016v3.0, 2016v3.1"
"/Return/ReturnData/IRS990/PYExcessBenefitTransInd",205786,205786,"2016v3.0, 2016v3.1"
"/Return/ReturnData/IRS990/EngagedInExcessBenefitTransInd",205785,205785,"2016v3.0, 2016v3.1"
"/Return/ReturnData/IRS990/ExpenseAmt",205625,205625,"2016v3.0, 2016v3.1"
"/Return/ReturnData/IRS990/OfficeExpensesGrp",205487,205487,"2016v3.0, 2016v3.1"
"/Return/ReturnData/IRS990/OfficeExpensesGrp/TotalAmt",205483,205483,"2016v3.0, 2016v3.1"
"/Return/ReturnData/IRS990/TotalLiabilitiesBOYAmt",205092,205092,"2016v3.0, 2016v3.1"
"/Return/ReturnData/IRS990ScheduleJ/RltdOrgOfficerTrstKeyEmplGrp",204871,51736,"2016v3.0, 2016v3.1"
"/Return/ReturnHeader/FilingSecurityInformation/IPDt",204046,204046,"2016v3.0, 2016v3.1"
"/Return/ReturnHeader/FilingSecurityInformation/IPTm",203453,203453,"2016v3.0, 2016v3.1"
"/Return/ReturnData/IRS990/TotalContributionsAmt",203274,203274,"2016v3.0, 2016v3.1"
"/Return/ReturnData/IRS990/PYInvestmentIncomeAmt",201795,201795,"2016v3.0, 2016v3.1"
"/Return/ReturnData/IRS990ScheduleJ/RltdOrgOfficerTrstKeyEmplGrp/TitleTxt",201397,50251,"2016v3.0, 2016v3.1"
"/Return/ReturnData/IRS990/FeesForServicesAccountingGrp",199279,199279,"2016v3.0, 2016v3.1"
"/Return/ReturnData/IRS990/FeesForServicesAccountingGrp/TotalAmt",199276,199276,"2016v3.0, 2016v3.1"
"/Return/ReturnData/IRS990/LobbyingActivitiesInd",198818,198818,"2016v3.0, 2016v3.1"
"/Return/ReturnData/IRS990/USAddress",196943,196943,"2016v3.0, 2016v3.1"
"/Return/ReturnData/IRS990/USAddress/AddressLine1Txt",196943,196943,"2016v3.0, 2016v3.1"
"/Return/ReturnData/IRS990/USAddress/CityNm",196943,196943,"2016v3.0, 2016v3.1"
"/Return/ReturnData/IRS990/USAddress/StateAbbreviationCd",196943,196943,"2016v3.0, 2016v3.1"
"/Return/ReturnData/IRS990/USAddress/ZIPCd",196943,196943,"2016v3.0, 2016v3.1"
"/Return/ReturnData/IRS990/PYSalariesCompEmpBnftPaidAmt",195573,195573,"2016v3.0, 2016v3.1"
"/Return/ReturnData/IRS990EZ/ProgramSrvcAccomplishmentGrp",194282,130484,"2016v3.0, 2016v3.1"
"/Return/ReturnData/IRS990EZ/ProgramSrvcAccomplishmentGrp/DescriptionProgramSrvcAccomTxt",194282,130484,"2016v3.0, 2016v3.1"
"/Return/ReturnData/IRS990ScheduleJ/RltdOrgOfficerTrstKeyEmplGrp/PersonNm",194278,50409,"2016v3.0, 2016v3.1"
"/Return/ReturnData/IRS990/InvestmentIncomeGrp",194039,194039,"2016v3.0, 2016v3.1"
"/Return/ReturnData/IRS990/InvestmentIncomeGrp/TotalRevenueColumnAmt",194037,194037,"2016v3.0, 2016v3.1"
"/Return/ReturnData/IRS990ScheduleJ/RltdOrgOfficerTrstKeyEmplGrp/TotalCompensationFilingOrgAmt",193025,48439,"2016v3.0, 2016v3.1"
"/Return/ReturnData/IRS990ScheduleJ/RltdOrgOfficerTrstKeyEmplGrp/BaseCompensationFilingOrgAmt",192118,48267,"2016v3.0, 2016v3.1"
"/Return/ReturnData/IRS990/InsuranceGrp",191692,191692,"2016v3.0, 2016v3.1"
"/Return/ReturnData/IRS990/InsuranceGrp/TotalAmt",191690,191690,"2016v3.0, 2016v3.1"
"/Return/ReturnData/IRS990/PYProgramServiceRevenueAmt",191676,191676,"2016v3.0, 2016v3.1"
"/Return/ReturnData/IRS990/LandBldgEquipBasisNetGrp",188862,188862,"2016v3.0, 2016v3.1"
"/Return/ReturnData/IRS990/OrganizationFollowsSFAS117Ind",186912,186912,"2016v3.0, 2016v3.1"
"/Return/ReturnData/IRS990/LandBldgEquipBasisNetGrp/EOYAmt",186217,186217,"2016v3.0, 2016v3.1"
"/Return/ReturnData/IRS990ScheduleD/SupplementalInformationDetail",186099,89704,"2016v3.0, 2016v3.1"
"/Return/ReturnData/IRS990ScheduleD/SupplementalInformationDetail/FormAndLineReferenceDesc",186061,89702,"2016v3.0, 2016v3.1"
"/Return/ReturnData/IRS990ScheduleD/SupplementalInformationDetail/ExplanationTxt",186019,89678,"2016v3.0, 2016v3.1"
"/Return/ReturnData/IRS990/UnrestrictedNetAssetsGrp",185159,185159,"2016v3.0, 2016v3.1"
"/Return/ReturnData/IRS990/Organization501c3Ind",185148,185148,"2016v3.0, 2016v3.1"
"/Return/ReturnData/IRS990ScheduleJ/RltdOrgOfficerTrstKeyEmplGrp/NontaxableBenefitsFilingOrgAmt",185113,44167,"2016v3.0, 2016v3.1"
"/Return/ReturnData/IRS990/UnrestrictedNetAssetsGrp/EOYAmt",184410,184410,"2016v3.0, 2016v3.1"
"/Return/ReturnData/IRS990ScheduleD/TotalBookValueLandBuildingsAmt",183901,183901,"2016v3.0, 2016v3.1"
"/Return/ReturnData/IRS990ScheduleJ/RltdOrgOfficerTrstKeyEmplGrp/DeferredCompensationFlngOrgAmt",183399,43656,"2016v3.0, 2016v3.1"
"/Return/ReturnData/IRS990/UnrestrictedNetAssetsGrp/BOYAmt",183325,183325,"2016v3.0, 2016v3.1"
"/Return/ReturnData/IRS990/TotalRevenueGrp/ExclusionAmt",182546,182546,"2016v3.0, 2016v3.1"
"/Return/ReturnData/IRS990/PYOtherRevenueAmt",182037,182037,"2016v3.0, 2016v3.1"
"/Return/ReturnData/IRS990/TotalProgramServiceRevenueAmt",181110,181110,"2016v3.0, 2016v3.1"
"/Return/ReturnData/IRS990/TrnsfrExmptNonChrtblRltdOrgInd",179807,179807,"2016v3.0, 2016v3.1"
"/Return/ReturnData/IRS990/TotalVolunteersCnt",179626,179626,"2016v3.0, 2016v3.1"
"/Return/ReturnData/IRS990/TotalReportableCompFromOrgAmt",179267,179267,"2016v3.0, 2016v3.1"
"/Return/ReturnData/IRS990/DepreciationDepletionGrp",179066,179066,"2016v3.0, 2016v3.1"
"/Return/ReturnData/IRS990/DepreciationDepletionGrp/TotalAmt",179038,179038,"2016v3.0, 2016v3.1"
"/Return/ReturnData/IRS990ScheduleJ/RltdOrgOfficerTrstKeyEmplGrp/TotalCompensationRltdOrgsAmt",178933,42412,"2016v3.0, 2016v3.1"
"/Return/ReturnData/IRS990ScheduleD/OtherLiabilitiesOrgGrp",178620,96021,"2016v3.0, 2016v3.1"
"/Return/ReturnData/IRS990/LandBldgEquipCostOrOtherBssAmt",178482,178482,"2016v3.0, 2016v3.1"
"/Return/ReturnData/IRS990ScheduleD/OtherLiabilitiesOrgGrp/Desc",178275,95769,"2016v3.0, 2016v3.1"
"/Return/ReturnData/IRS990ScheduleJ/RltdOrgOfficerTrstKeyEmplGrp/CompensationBasedOnRltdOrgsAmt",177982,42248,"2016v3.0, 2016v3.1"
"/Return/ReturnData/IRS990ScheduleJ/RltdOrgOfficerTrstKeyEmplGrp/NontaxableBenefitsRltdOrgsAmt",175857,41318,"2016v3.0, 2016v3.1"
"/Return/ReturnData/IRS990/OccupancyGrp",175769,175769,"2016v3.0, 2016v3.1"
"/Return/ReturnData/IRS990/OccupancyGrp/TotalAmt",175766,175766,"2016v3.0, 2016v3.1"
"/Return/ReturnData/IRS990ScheduleJ/RltdOrgOfficerTrstKeyEmplGrp/DeferredCompRltdOrgsAmt",175524,40973,"2016v3.0, 2016v3.1"
"/Return/ReturnData/IRS990/LandBldgEquipBasisNetGrp/BOYAmt",174872,174872,"2016v3.0, 2016v3.1"
"/Return/ReturnData/IRS990ScheduleJ/RltdOrgOfficerTrstKeyEmplGrp/OtherCompensationFilingOrgAmt",174217,40375,"2016v3.0, 2016v3.1"
"/Return/ReturnData/IRS990ScheduleJ/RltdOrgOfficerTrstKeyEmplGrp/BonusFilingOrganizationAmount",173509,40693,"2016v3.0, 2016v3.1"
"/Return/ReturnData/IRS990/QuidProQuoContributionsInd",173268,173268,"2016v3.0, 2016v3.1"
"/Return/ReturnData/IRS990/Form8282PropertyDisposedOfInd",172994,172994,"2016v3.0, 2016v3.1"
"/Return/ReturnData/IRS990/OtherSalariesAndWagesGrp",172664,172664,"2016v3.0, 2016v3.1"
"/Return/ReturnData/IRS990/OtherSalariesAndWagesGrp/TotalAmt",172663,172663,"2016v3.0, 2016v3.1"
"/Return/ReturnData/IRS990ScheduleJ/RltdOrgOfficerTrstKeyEmplGrp/OtherCompensationRltdOrgsAmt",171820,39774,"2016v3.0, 2016v3.1"
"/Return/ReturnData/IRS990ScheduleR/IdRelatedOrgTxblPartnershipGrp",171245,10168,"2016v3.0, 2016v3.1"
"/Return/ReturnData/IRS990ScheduleR/IdRelatedOrgTxblPartnershipGrp/RelatedOrganizationName",171239,10165,"2016v3.0, 2016v3.1"
"/Return/ReturnData/IRS990ScheduleR/IdRelatedOrgTxblPartnershipGrp/RelatedOrganizationName/BusinessNameLine1Txt",171239,10165,"2016v3.0, 2016v3.1"
"/Return/ReturnData/IRS990/RegularMonitoringEnfrcInd",171189,171189,"2016v3.0, 2016v3.1"
"/Return/ReturnData/IRS990/LandBldgEquipAccumDeprecAmt",171096,171096,"2016v3.0, 2016v3.1"
"/Return/ReturnData/IRS990/PayrollTaxesGrp",171008,171008,"2016v3.0, 2016v3.1"
"/Return/ReturnData/IRS990/PayrollTaxesGrp/TotalAmt",171005,171005,"2016v3.0, 2016v3.1"
"/Return/ReturnData/IRS990/AnnualDisclosureCoveredPrsnInd",170983,170983,"2016v3.0, 2016v3.1"
"/Return/ReturnData/IRS990ScheduleJ/RltdOrgOfficerTrstKeyEmplGrp/BonusRelatedOrganizationsAmt",170610,39562,"2016v3.0, 2016v3.1"
"/Return/ReturnData/IRS990/EmploymentTaxReturnsFiledInd",170433,170433,"2016v3.0, 2016v3.1"
"/Return/ReturnData/IRS990/IndivRcvdGreaterThan100KCnt",170386,170386,"2016v3.0, 2016v3.1"
"/Return/ReturnHeader/FilingSecurityInformation/IPTimezoneCd",170048,170048,"2016v3.0"
"/Return/ReturnData/IRS990ScheduleD/OtherLiabilitiesOrgGrp/Amt",168286,90785,"2016v3.0, 2016v3.1"
"/Return/ReturnData/IRS990/AccountsPayableAccrExpnssGrp",167866,167866,"2016v3.0, 2016v3.1"
"/Return/ReturnData/IRS990ScheduleR/IdRelatedOrgTxblPartnershipGrp/PrimaryActivitiesTxt",167212,9713,"2016v3.0, 2016v3.1"
"/Return/ReturnData/IRS990ScheduleR/IdRelatedOrgTxblPartnershipGrp/USAddress",166211,9719,"2016v3.0, 2016v3.1"
"/Return/ReturnData/IRS990ScheduleR/IdRelatedOrgTxblPartnershipGrp/USAddress/AddressLine1Txt",166211,9719,"2016v3.0, 2016v3.1"
"/Return/ReturnData/IRS990ScheduleR/IdRelatedOrgTxblPartnershipGrp/USAddress/CityNm",166211,9719,"2016v3.0, 2016v3.1"
"/Return/ReturnData/IRS990ScheduleR/IdRelatedOrgTxblPartnershipGrp/USAddress/StateAbbreviationCd",166211,9719,"2016v3.0, 2016v3.1"
"/Return/ReturnData/IRS990ScheduleR/IdRelatedOrgTxblPartnershipGrp/USAddress/ZIPCd",166211,9719,"2016v3.0, 2016v3.1"
"/Return/ReturnData/IRS990ScheduleR/IdRelatedOrgTxblPartnershipGrp/LegalDomicileStateCd",166026,9732,"2016v3.0, 2016v3.1"
"/Return/ReturnData/IRS990ScheduleJ/RltdOrgOfficerTrstKeyEmplGrp/CompReportPrior990FilingOrgAmt",165387,38210,"2016v3.0, 2016v3.1"
"/Return/ReturnData/IRS990/AllOtherExpensesGrp",165052,165052,"2016v3.0, 2016v3.1"
"/Return/ReturnData/IRS990ScheduleJ/RltdOrgOfficerTrstKeyEmplGrp/CompReportPrior990RltdOrgsAmt",164987,38181,"2016v3.0, 2016v3.1"
"/Return/ReturnData/IRS990/AllOtherExpensesGrp/TotalAmt",164933,164933,"2016v3.0, 2016v3.1"
"/Return/ReturnData/IRS990ScheduleR/IdRelatedOrgTxblPartnershipGrp/EIN",164214,9463,"2016v3.0, 2016v3.1"
"/Return/ReturnData/IRS990/AllOtherContributionsAmt",163109,163109,"2016v3.0, 2016v3.1"
"/Return/ReturnData/IRS990/AccountsPayableAccrExpnssGrp/EOYAmt",162134,162134,"2016v3.0, 2016v3.1"
"/Return/ReturnData/IRS990/AccountsPayableAccrExpnssGrp/BOYAmt",160450,160450,"2016v3.0, 2016v3.1"
"/Return/ReturnData/IRS990/MethodOfAccountingAccrualInd",160256,160256,"2016v3.0, 2016v3.1"
"/Return/ReturnData/IRS990/SavingsAndTempCashInvstGrp",159396,159396,"2016v3.0, 2016v3.1"
"/Return/ReturnData/IRS990/SavingsAndTempCashInvstGrp/EOYAmt",156050,156050,"2016v3.0, 2016v3.1"
"/Return/ReturnData/IRS990/OtherExpensesGrp/FundraisingAmt",154688,64581,"2016v3.0, 2016v3.1"
"/Return/ReturnData/IRS990ScheduleB",153877,153877,"2016v3.0, 2016v3.1"
"/Return/ReturnData/IRS990ScheduleB/ContributorInformationGrp",153877,153877,"2016v3.0, 2016v3.1"
"/Return/ReturnData/IRS990ScheduleB/ContributorInformationGrp/ContributorBusinessName",153877,153877,"2016v3.0, 2016v3.1"
"/Return/ReturnData/IRS990ScheduleB/ContributorInformationGrp/ContributorBusinessName/BusinessNameLine1",153877,153877,"2016v3.0, 2016v3.1"
"/Return/ReturnData/IRS990ScheduleB/ContributorInformationGrp/ContributorNum",153877,153877,"2016v3.0, 2016v3.1"
"/Return/ReturnData/IRS990ScheduleB/ContributorInformationGrp/ContributorUSAddress",153877,153877,"2016v3.0, 2016v3.1"
"/Return/ReturnData/IRS990ScheduleB/ContributorInformationGrp/ContributorUSAddress/AddressLine1",153877,153877,"2016v3.0, 2016v3.1"
"/Return/ReturnData/IRS990ScheduleB/ContributorInformationGrp/ContributorUSAddress/AddressLine2",153877,153877,"2016v3.0, 2016v3.1"
"/Return/ReturnData/IRS990ScheduleB/ContributorInformationGrp/ContributorUSAddress/City",153877,153877,"2016v3.0, 2016v3.1"
"/Return/ReturnData/IRS990ScheduleB/ContributorInformationGrp/ContributorUSAddress/State",153877,153877,"2016v3.0, 2016v3.1"
"/Return/ReturnData/IRS990ScheduleB/ContributorInformationGrp/ContributorUSAddress/ZIPCode",153877,153877,"2016v3.0, 2016v3.1"
"/Return/ReturnData/IRS990ScheduleB/ContributorInformationGrp/TotalContributionsAmt",153877,153877,"2016v3.0, 2016v3.1"
"/Return/ReturnData/IRS990ScheduleR/IdRelatedOrgTxblCorpTrGrp/ControlledOrganizationInd",153831,16416,"2016v3.0, 2016v3.1"
"/Return/ReturnData/IRS990/TravelGrp",153322,153322,"2016v3.0, 2016v3.1"
"/Return/ReturnData/IRS990/TravelGrp/TotalAmt",153321,153321,"2016v3.0, 2016v3.1"
"/Return/ReturnData/IRS990/BackupWthldComplianceInd",153032,153032,"2016v3.0, 2016v3.1"
"/Return/ReturnData/IRS990/AdvertisingGrp",150192,150192,"2016v3.0, 2016v3.1"
"/Return/ReturnData/IRS990/AdvertisingGrp/TotalAmt",150190,150190,"2016v3.0, 2016v3.1"
"/Return/ReturnData/IRS990/CntrctRcvdGreaterThan100KCnt",149543,149543,"2016v3.0, 2016v3.1"
"/Return/ReturnData/IRS990/BooksInCareOfDetail/PersonNm",147027,147027,"2016v3.0, 2016v3.1"
"/Return/ReturnData/IRS990ScheduleR/IdRelatedOrgTxblCorpTrGrp/PrimaryActivitiesTxt",146823,16690,"2016v3.0, 2016v3.1"
"/Return/ReturnData/IRS990/FeesForServicesOtherGrp",145765,145765,"2016v3.0, 2016v3.1"
"/Return/ReturnData/IRS990/FeesForServicesOtherGrp/TotalAmt",145761,145761,"2016v3.0, 2016v3.1"
"/Return/ReturnData/IRS990/PayPremiumsPrsnlBnftCntrctInd",145511,145511,"2016v3.0, 2016v3.1"
"/Return/ReturnData/IRS990/RcvFndsToPayPrsnlBnftCntrctInd",145465,145465,"2016v3.0, 2016v3.1"
"/Return/ReturnData/IRS990/TotalOtherCompensationAmt",144228,144228,"2016v3.0, 2016v3.1"
"/Return/ReturnData/IRS990ScheduleA/PublicSupportTotal170Amt",144036,144036,"2016v3.0, 2016v3.1"
"/Return/ReturnData/IRS990/CompCurrentOfcrDirectorsGrp",142034,142034,"2016v3.0, 2016v3.1"
"/Return/ReturnData/IRS990/CompCurrentOfcrDirectorsGrp/TotalAmt",142032,142032,"2016v3.0, 2016v3.1"
"/Return/ReturnData/IRS990/AccountsReceivableGrp",141048,141048,"2016v3.0, 2016v3.1"
"/Return/ReturnData/IRS990/FeesForServicesAccountingGrp/ManagementAndGeneralAmt",140626,140626,"2016v3.0, 2016v3.1"
"/Return/ReturnData/IRS990ScheduleD/EquipmentGrp",139483,139483,"2016v3.0, 2016v3.1"
"/Return/ReturnData/IRS990ScheduleA/PublicSupportCY170Pct",139173,139173,"2016v3.0, 2016v3.1"
"/Return/ReturnData/IRS990/SavingsAndTempCashInvstGrp/BOYAmt",138409,138409,"2016v3.0, 2016v3.1"
"/Return/ReturnData/IRS990/PYGrantsAndSimilarPaidAmt",138181,138181,"2016v3.0, 2016v3.1"
"/Return/ReturnData/IRS990ScheduleA/InvestmentIncomeCYPct",137900,137900,"2016v3.0, 2016v3.1"
"/Return/ReturnData/IRS990/PrepaidExpensesDefrdChargesGrp",137889,137889,"2016v3.0, 2016v3.1"
"/Return/ReturnData/IRS990ScheduleA/PublicSupportCY509Pct",137825,137825,"2016v3.0, 2016v3.1"
"/Return/ReturnData/IRS990/OtherEmployeeBenefitsGrp",137687,137687,"2016v3.0, 2016v3.1"
"/Return/ReturnData/IRS990/OtherEmployeeBenefitsGrp/TotalAmt",137686,137686,"2016v3.0, 2016v3.1"
"/Return/ReturnData/IRS990/OfficeExpensesGrp/ManagementAndGeneralAmt",137616,137616,"2016v3.0, 2016v3.1"
"/Return/ReturnData/IRS990ScheduleA/PublicSupportTotal509Amt",137579,137579,"2016v3.0, 2016v3.1"
"/Return/ReturnData/IRS990/OtherRevenueMiscGrp",137570,90623,"2016v3.0, 2016v3.1"
"/Return/ReturnData/IRS990/AuditCommitteeInd",136834,136834,"2016v3.0, 2016v3.1"
"/Return/ReturnData/IRS990/AccountsReceivableGrp/EOYAmt",135679,135679,"2016v3.0, 2016v3.1"
"/Return/ReturnData/IRS990/OtherRevenueMiscGrp/Desc",135649,89948,"2016v3.0, 2016v3.1"
"/Return/ReturnData/IRS990/OtherRevenueMiscGrp/TotalRevenueColumnAmt",135508,89468,"2016v3.0, 2016v3.1"
"/Return/ReturnData/IRS990/ConferencesMeetingsGrp",135191,135191,"2016v3.0, 2016v3.1"
"/Return/ReturnData/IRS990/ConferencesMeetingsGrp/TotalAmt",135190,135190,"2016v3.0, 2016v3.1"
"/Return/ReturnData/IRS990/OtherChangesInNetAssetsAmt",133767,133767,"2016v3.0, 2016v3.1"
"/Return/ReturnData/IRS990/PrepaidExpensesDefrdChargesGrp/EOYAmt",133365,133365,"2016v3.0, 2016v3.1"
"/Return/ReturnData/IRS990ScheduleD/EquipmentGrp/DepreciationAmt",131226,131226,"2016v3.0, 2016v3.1"
"/Return/ReturnData/IRS990/TotReportableCompRltdOrgAmt",130815,130815,"2016v3.0, 2016v3.1"
"/Return/ReturnData/IRS990EZ",130484,130484,"2016v3.0, 2016v3.1"
"/Return/ReturnData/IRS990EZ/ActivitiesNotPreviouslyRptInd",130484,130484,"2016v3.0, 2016v3.1"
"/Return/ReturnData/IRS990EZ/BooksInCareOfDetail",130484,130484,"2016v3.0, 2016v3.1"
"/Return/ReturnData/IRS990EZ/BooksInCareOfDetail/PhoneNum",130484,130484,"2016v3.0, 2016v3.1"
"/Return/ReturnData/IRS990EZ/ChgMadeToOrgnzngDocNotRptInd",130484,130484,"2016v3.0, 2016v3.1"
"/Return/ReturnData/IRS990EZ/DonorAdvisedFndsInd",130484,130484,"2016v3.0, 2016v3.1"
"/Return/ReturnData/IRS990EZ/Form990TotalAssetsGrp",130484,130484,"2016v3.0, 2016v3.1"
"/Return/ReturnData/IRS990EZ/Form990TotalAssetsGrp/BOYAmt",130484,130484,"2016v3.0, 2016v3.1"
"/Return/ReturnData/IRS990EZ/Form990TotalAssetsGrp/EOYAmt",130484,130484,"2016v3.0, 2016v3.1"
"/Return/ReturnData/IRS990EZ/MadeLoansToFromOfficersInd",130484,130484,"2016v3.0, 2016v3.1"
"/Return/ReturnData/IRS990EZ/NetAssetsOrFundBalancesGrp",130484,130484,"2016v3.0, 2016v3.1"
"/Return/ReturnData/IRS990EZ/NetAssetsOrFundBalancesGrp/BOYAmt",130484,130484,"2016v3.0, 2016v3.1"
"/Return/ReturnData/IRS990EZ/NetAssetsOrFundBalancesGrp/EOYAmt",130484,130484,"2016v3.0, 2016v3.1"
"/Return/ReturnData/IRS990EZ/OperateHospitalInd",130484,130484,"2016v3.0, 2016v3.1"
"/Return/ReturnData/IRS990EZ/OrganizationDissolvedEtcInd",130484,130484,"2016v3.0, 2016v3.1"
"/Return/ReturnData/IRS990EZ/OrganizationHadUBIInd",130484,130484,"2016v3.0, 2016v3.1"
"/Return/ReturnData/IRS990EZ/PrimaryExemptPurposeTxt",130484,130484,"2016v3.0, 2016v3.1"
"/Return/ReturnData/IRS990EZ/RelatedOrganizationCtrlEntInd",130484,130484,"2016v3.0, 2016v3.1"
"/Return/ReturnData/IRS990EZ/SubjectToProxyTaxInd",130484,130484,"2016v3.0, 2016v3.1"
"/Return/ReturnData/IRS990EZ/TanningServicesProvidedInd",130484,130484,"2016v3.0, 2016v3.1"
"/Return/ReturnData/IRS990EZ/BooksInCareOfDetail/USAddress",130323,130323,"2016v3.0, 2016v3.1"
"/Return/ReturnData/IRS990EZ/BooksInCareOfDetail/USAddress/AddressLine1Txt",130323,130323,"2016v3.0, 2016v3.1"
"/Return/ReturnData/IRS990EZ/BooksInCareOfDetail/USAddress/CityNm",130323,130323,"2016v3.0, 2016v3.1"
"/Return/ReturnData/IRS990EZ/BooksInCareOfDetail/USAddress/StateAbbreviationCd",130323,130323,"2016v3.0, 2016v3.1"
"/Return/ReturnData/IRS990EZ/BooksInCareOfDetail/USAddress/ZIPCd",130323,130323,"2016v3.0, 2016v3.1"
"/Return/ReturnData/IRS990ScheduleD/EquipmentGrp/BookValueAmt",128748,128748,"2016v3.0, 2016v3.1"
"/Return/ReturnData/IRS990/TotalRevenueGrp/UnrelatedBusinessRevenueAmt",128690,128690,"2016v3.0, 2016v3.1"
"/Return/ReturnData/IRS990EZ/TotalRevenueAmt",128553,128553,"2016v3.0, 2016v3.1"
"/Return/ReturnData/IRS990EZ/ForeignFinancialAccountInd",128415,128415,"2016v3.0, 2016v3.1"
"/Return/ReturnData/IRS990EZ/ForeignOfficeInd",128296,128296,"2016v3.0, 2016v3.1"
"/Return/ReturnData/IRS990EZ/GrossReceiptsAmt",128039,128039,"2016v3.0, 2016v3.1"
"/Return/ReturnData/IRS990EZ/TotalExpensesAmt",127836,127836,"2016v3.0, 2016v3.1"
"/Return/ReturnData/IRS990EZ/NetAssetsOrFundBalancesEOYAmt",127785,127785,"2016v3.0, 2016v3.1"
"/Return/ReturnData/IRS990EZ/ExcessOrDeficitForYearAmt",127761,127761,"2016v3.0, 2016v3.1"
"/Return/ReturnData/IRS990EZ/CashSavingsAndInvestmentsGrp",127467,127467,"2016v3.0, 2016v3.1"
"/Return/ReturnData/IRS990EZ/ProhibitedTaxShelterTransInd",127105,127105,"2016v3.0, 2016v3.1"
"/Return/ReturnData/IRS990EZ/ProgramSrvcAccomplishmentGrp/ProgramServiceExpensesAmt",127096,85341,"2016v3.0, 2016v3.1"
"/Return/ReturnData/IRS990/OfficeExpensesGrp/ProgramServicesAmt",125974,125974,"2016v3.0, 2016v3.1"
"/Return/ReturnData/IRS990EZ/CashSavingsAndInvestmentsGrp/EOYAmt",125880,125880,"2016v3.0, 2016v3.1"
"/Return/ReturnData/IRS990EZ/PoliticalCampaignActyInd",125754,125754,"2016v3.0, 2016v3.1"
"/Return/ReturnData/IRS990ScheduleR/IdRelatedOrgTxblCorpTrGrp/LegalDomicileStateCd",125749,16391,"2016v3.0, 2016v3.1"
"/Return/ReturnData/IRS990/OtherRevenueTotalAmt",125661,125661,"2016v3.0, 2016v3.1"
"/Return/ReturnData/IRS990/OtherSalariesAndWagesGrp/ProgramServicesAmt",125402,125402,"2016v3.0, 2016v3.1"
"/Return/ReturnData/IRS990/RevenueAmt",125084,125084,"2016v3.0, 2016v3.1"
"/Return/ReturnData/IRS990EZ/NetAssetsOrFundBalancesBOYAmt",124719,124719,"2016v3.0, 2016v3.1"
"/Return/ReturnData/IRS990EZ/CashSavingsAndInvestmentsGrp/BOYAmt",124661,124661,"2016v3.0, 2016v3.1"
"/Return/ReturnData/IRS990ScheduleA/PubliclySupportedOrg509a2Ind",124337,124337,"2016v3.0, 2016v3.1"
"/Return/ReturnData/IRS990/NetUnrelatedBusTxblIncmAmt",124160,124160,"2016v3.0, 2016v3.1"
"/Return/ReturnData/IRS990/InvestmentIncomeGrp/ExclusionAmt",124150,124150,"2016v3.0, 2016v3.1"
"/Return/ReturnData/IRS990/OtherAssetsTotalGrp",124126,124126,"2016v3.0, 2016v3.1"
"/Return/ReturnData/IRS990ScheduleD/EquipmentGrp/OtherCostOrOtherBasisAmt",123868,123868,"2016v3.0, 2016v3.1"
"/Return/ReturnData/IRS990ScheduleA/TotalSupportCalendarYearGrp",123616,123616,"2016v3.0, 2016v3.1"
"/Return/ReturnData/IRS990ScheduleA/TotalSupportCalendarYearGrp/TotalAmt",123411,123411,"2016v3.0, 2016v3.1"
"/Return/ReturnData/IRS990EZ/InfoInScheduleOPartIInd",123080,123080,"2016v3.0, 2016v3.1"
"/Return/ReturnData/IRS990ScheduleA/Total509Grp",123052,123052,"2016v3.0, 2016v3.1"
"/Return/ReturnData/IRS990ScheduleA/Total509Grp/TotalAmt",123052,123052,"2016v3.0, 2016v3.1"
"/Return/ReturnData/IRS990/PayrollTaxesGrp/ProgramServicesAmt",122496,122496,"2016v3.0, 2016v3.1"
"/Return/ReturnData/IRS990EZ/OtherExpensesTotalAmt",122399,122399,"2016v3.0, 2016v3.1"
"/Return/ReturnData/IRS990ScheduleI/RecipientTable/ValuationMethodUsedDesc",121535,6416,"2016v3.0, 2016v3.1"
"/Return/ReturnData/IRS990ScheduleA/TotalSupportAmt",120798,120798,"2016v3.0, 2016v3.1"
"/Return/ReturnData/IRS990/OtherAssetsTotalGrp/EOYAmt",120519,120519,"2016v3.0, 2016v3.1"
"/Return/ReturnData/IRS990ScheduleA/GiftsGrantsContriRcvd170Grp",120371,120371,"2016v3.0, 2016v3.1"
"/Return/ReturnData/IRS990/OccupancyGrp/ProgramServicesAmt",120363,120363,"2016v3.0, 2016v3.1"
"/Return/ReturnData/IRS990ScheduleA/GiftsGrantsContriRcvd170Grp/TotalAmt",120323,120323,"2016v3.0, 2016v3.1"
"/Return/ReturnData/IRS990/AllOtherExpensesGrp/ProgramServicesAmt",120295,120295,"2016v3.0, 2016v3.1"
"/Return/ReturnData/IRS990ScheduleA/TotalCalendarYear170Grp",120026,120026,"2016v3.0, 2016v3.1"
"/Return/ReturnData/IRS990ScheduleA/TotalCalendarYear170Grp/TotalAmt",120023,120023,"2016v3.0, 2016v3.1"
"/Return/ReturnData/IRS990ScheduleA/Total509Grp/CurrentTaxYearAmt",119337,119337,"2016v3.0, 2016v3.1"
"/Return/ReturnData/IRS990/InsuranceGrp/ProgramServicesAmt",118394,118394,"2016v3.0, 2016v3.1"
"/Return/ReturnData/IRS990/DepreciationDepletionGrp/ProgramServicesAmt",118261,118261,"2016v3.0, 2016v3.1"
"/Return/ReturnData/IRS990/FeesForServicesLegalGrp",117903,117903,"2016v3.0, 2016v3.1"
"/Return/ReturnData/IRS990/FeesForServicesLegalGrp/TotalAmt",117902,117902,"2016v3.0, 2016v3.1"
"/Return/ReturnData/IRS990ScheduleR/IdRelatedOrgTxblCorpTrGrp/EntityTypeTxt",116844,15714,"2016v3.0, 2016v3.1"
"/Return/ReturnData/IRS990ScheduleR/IdRelatedOrgTxblCorpTrGrp/USAddress",116732,15775,"2016v3.0, 2016v3.1"
"/Return/ReturnData/IRS990ScheduleR/IdRelatedOrgTxblCorpTrGrp/USAddress/AddressLine1Txt",116732,15775,"2016v3.0, 2016v3.1"
"/Return/ReturnData/IRS990ScheduleR/IdRelatedOrgTxblCorpTrGrp/USAddress/CityNm",116732,15775,"2016v3.0, 2016v3.1"
"/Return/ReturnData/IRS990ScheduleR/IdRelatedOrgTxblCorpTrGrp/USAddress/StateAbbreviationCd",116732,15775,"2016v3.0, 2016v3.1"
"/Return/ReturnData/IRS990ScheduleR/IdRelatedOrgTxblCorpTrGrp/USAddress/ZIPCd",116732,15775,"2016v3.0, 2016v3.1"
"/Return/ReturnData/IRS990ScheduleA/GiftsGrantsContriRcvd170Grp/CurrentTaxYearAmt",116602,116602,"2016v3.0, 2016v3.1"
"/Return/ReturnData/IRS990ScheduleA/TotalCalendarYear170Grp/CurrentTaxYearAmt",116504,116504,"2016v3.0, 2016v3.1"
"/Return/ReturnData/IRS990ScheduleA/GiftsGrantsContrisRcvd509Grp",115640,115640,"2016v3.0, 2016v3.1"
"/Return/ReturnData/IRS990ScheduleA/PublicOrganization170Ind",115609,115609,"2016v3.0, 2016v3.1"
"/Return/ReturnData/IRS990ScheduleA/GiftsGrantsContrisRcvd509Grp/TotalAmt",115573,115573,"2016v3.0, 2016v3.1"
"/Return/ReturnData/IRS990ScheduleA/Total509Grp/CurrentTaxYearMinus1YearAmt",115406,115406,"2016v3.0, 2016v3.1"
"/Return/ReturnData/IRS990EZ/WebsiteAddressTxt",115298,115298,"2016v3.0, 2016v3.1"
"/Return/ReturnData/IRS990/InsuranceGrp/ManagementAndGeneralAmt",114148,114148,"2016v3.0, 2016v3.1"
"/Return/ReturnData/IRS990ScheduleA/TotalCalendarYear170Grp/CurrentTaxYearMinus1YearAmt",113801,113801,"2016v3.0, 2016v3.1"
"/Return/ReturnData/IRS990ScheduleA/GiftsGrantsContriRcvd170Grp/CurrentTaxYearMinus1YearAmt",113552,113552,"2016v3.0, 2016v3.1"
"/Return/ReturnData/IRS990/InformationTechnologyGrp",112349,112349,"2016v3.0, 2016v3.1"
"/Return/ReturnData/IRS990/InformationTechnologyGrp/TotalAmt",112348,112348,"2016v3.0, 2016v3.1"
"/Return/ReturnData/IRS990/AccountsReceivableGrp/BOYAmt",112125,112125,"2016v3.0, 2016v3.1"
"/Return/ReturnData/IRS990/PYBenefitsPaidToMembersAmt",111619,111619,"2016v3.0, 2016v3.1"
"/Return/ReturnData/IRS990ScheduleA/GrossInvestmentIncome170Grp",111619,111619,"2016v3.0, 2016v3.1"
"/Return/ReturnData/IRS990ScheduleA/GrossInvestmentIncome170Grp/TotalAmt",111576,111576,"2016v3.0, 2016v3.1"
"/Return/ReturnData/IRS990ScheduleR/IdRelatedOrgTxblCorpTrGrp/EIN",111517,15393,"2016v3.0, 2016v3.1"
"/Return/ReturnData/IRS990ScheduleR/IdRelatedOrgTxblPartnershipGrp/DirectControllingNACd",111297,4864,"2016v3.0, 2016v3.1"
"/Return/ReturnData/IRS990ScheduleA/Total509Grp/CurrentTaxYearMinus2YearsAmt",110887,110887,"2016v3.0, 2016v3.1"
"/Return/ReturnData/IRS990/InterestGrp",110556,110556,"2016v3.0, 2016v3.1"
"/Return/ReturnData/IRS990/InterestGrp/TotalAmt",110555,110555,"2016v3.0, 2016v3.1"
"/Return/ReturnData/IRS990ScheduleA/TotalCalendarYear170Grp/CurrentTaxYearMinus2YearsAmt",110429,110429,"2016v3.0, 2016v3.1"
"/Return/ReturnData/IRS990/FSAuditedBasisGrp",110387,110387,"2016v3.0, 2016v3.1"
"/Return/ReturnData/IRS990ScheduleA/GiftsGrantsContriRcvd170Grp/CurrentTaxYearMinus2YearsAmt",109938,109938,"2016v3.0, 2016v3.1"
"/Return/ReturnData/IRS990/PYTotalProfFndrsngExpnsAmt",109886,109886,"2016v3.0, 2016v3.1"
"/Return/ReturnData/IRS990/PrepaidExpensesDefrdChargesGrp/BOYAmt",109487,109487,"2016v3.0, 2016v3.1"
"/Return/ReturnData/IRS990ScheduleA/GiftsGrantsContrisRcvd509Grp/CurrentTaxYearAmt",107212,107212,"2016v3.0, 2016v3.1"
"/Return/ReturnData/IRS990ScheduleA/ThirtyThrPctSuprtTestsCY509Ind",106940,106940,"2016v3.0, 2016v3.1"
"/Return/ReturnData/IRS990EZ/EngagedInExcessBenefitTransInd",106913,106913,"2016v3.0, 2016v3.1"
"/Return/ReturnData/IRS990ScheduleA/TotalSupportCalendarYearGrp/CurrentTaxYearAmt",106913,106913,"2016v3.0, 2016v3.1"
"/Return/ReturnData/IRS990ScheduleA/TotalCalendarYear170Grp/CurrentTaxYearMinus3YearsAmt",106785,106785,"2016v3.0, 2016v3.1"
"/Return/ReturnData/IRS990/NoListedPersonsCompensatedInd",106531,106531,"2016v3.0, 2016v3.1"
"/Return/ReturnData/IRS990EZ/PartVIOfCompOfHghstPdEmplTxt",106219,106219,"2016v3.0, 2016v3.1"
"/Return/ReturnData/IRS990ScheduleA/Total509Grp/CurrentTaxYearMinus3YearsAmt",106197,106197,"2016v3.0, 2016v3.1"
"/Return/ReturnData/IRS990ScheduleA/GiftsGrantsContriRcvd170Grp/CurrentTaxYearMinus3YearsAmt",106135,106135,"2016v3.0, 2016v3.1"
"/Return/ReturnData/IRS990/PayrollTaxesGrp/ManagementAndGeneralAmt",105436,105436,"2016v3.0, 2016v3.1"
"/Return/ReturnData/IRS990EZ/TransactionWithControlEntInd",105257,105257,"2016v3.0, 2016v3.1"
"/Return/ReturnData/IRS990EZ/PartVIHghstPdCntrctProfSrvcTxt",105110,105110,"2016v3.0, 2016v3.1"
"/Return/ReturnData/IRS990ScheduleR/TransactionsRelatedOrgGrp",104617,31572,"2016v3.0, 2016v3.1"
"/Return/ReturnData/IRS990ScheduleR/TransactionsRelatedOrgGrp/OtherOrganizationName",104465,31542,"2016v3.0, 2016v3.1"
"/Return/ReturnData/IRS990ScheduleR/TransactionsRelatedOrgGrp/OtherOrganizationName/BusinessNameLine1Txt",104465,31542,"2016v3.0, 2016v3.1"
"/Return/ReturnData/IRS990EZ/TotalProgramServiceExpensesAmt",104244,104244,"2016v3.0, 2016v3.1"
"/Return/ReturnData/IRS990ScheduleA/ThirtyThrPctSuprtTestsCY170Ind",104183,104183,"2016v3.0, 2016v3.1"
"/Return/ReturnData/IRS990/OtherLiabilitiesGrp",104149,104149,"2016v3.0, 2016v3.1"
"/Return/ReturnData/IRS990ScheduleR/TransactionsRelatedOrgGrp/TransactionTypeTxt",104035,31263,"2016v3.0, 2016v3.1"
"/Return/ReturnData/IRS990EZ/TypeOfOrganizationCorpInd",103834,103834,"2016v3.0, 2016v3.1"
"/Return/ReturnData/IRS990ScheduleA/TotalCalendarYear170Grp/CurrentTaxYearMinus4YearsAmt",103556,103556,"2016v3.0, 2016v3.1"
"/Return/ReturnData/IRS990ScheduleA/TotalSupportCalendarYearGrp/CurrentTaxYearMinus1YearAmt",103545,103545,"2016v3.0, 2016v3.1"
"/Return/ReturnData/IRS990ScheduleA/GiftsGrantsContrisRcvd509Grp/CurrentTaxYearMinus1YearAmt",102831,102831,"2016v3.0, 2016v3.1"
"/Return/ReturnData/IRS990ScheduleA/GiftsGrantsContriRcvd170Grp/CurrentTaxYearMinus4YearsAmt",102813,102813,"2016v3.0, 2016v3.1"
"/Return/ReturnData/IRS990ScheduleA/PublicSupportPY509Pct",102579,102579,"2016v3.0, 2016v3.1"
"/Return/ReturnData/IRS990/OtherSalariesAndWagesGrp/ManagementAndGeneralAmt",102523,102523,"2016v3.0, 2016v3.1"
"/Return/ReturnData/IRS990EZ/BooksInCareOfDetail/PersonNm",102189,102189,"2016v3.0, 2016v3.1"
"/Return/ReturnData/IRS990/PensionPlanContributionsGrp",102121,102121,"2016v3.0, 2016v3.1"
"/Return/ReturnData/IRS990/PensionPlanContributionsGrp/TotalAmt",102120,102120,"2016v3.0, 2016v3.1"
"/Return/ReturnData/IRS990/AllOtherExpensesGrp/ManagementAndGeneralAmt",102022,102022,"2016v3.0, 2016v3.1"
"/Return/ReturnData/IRS990ScheduleA/Total509Grp/CurrentTaxYearMinus4YearsAmt",101966,101966,"2016v3.0, 2016v3.1"
"/Return/ReturnData/IRS990ScheduleA/TotalSupportCalendarYearGrp/CurrentTaxYearMinus2YearsAmt",101663,101663,"2016v3.0, 2016v3.1"
"/Return/ReturnData/IRS990/NetIncmFromFundraisingEvtGrp",101551,101551,"2016v3.0, 2016v3.1"
"/Return/ReturnData/IRS990/NetIncmFromFundraisingEvtGrp/TotalRevenueColumnAmt",101551,101551,"2016v3.0, 2016v3.1"
"/Return/ReturnData/IRS990EZ/MethodOfAccountingCashInd",101120,101120,"2016v3.0, 2016v3.1"
"/Return/ReturnData/IRS990EZ/ContributionsGiftsGrantsEtcAmt",101031,101031,"2016v3.0, 2016v3.1"
"/Return/ReturnData/IRS990ScheduleA/PublicSupportPY170Pct",100723,100723,"2016v3.0, 2016v3.1"
"/Return/ReturnData/IRS990EZ/Form1120PolFiledInd",99278,99278,"2016v3.0, 2016v3.1"
"/Return/ReturnData/IRS990/OtherLiabilitiesGrp/BOYAmt",99172,99172,"2016v3.0, 2016v3.1"
"/Return/ReturnData/IRS990/OtherLiabilitiesGrp/EOYAmt",99087,99087,"2016v3.0, 2016v3.1"
"/Return/ReturnData/IRS990/OtherRevenueMiscGrp/BusinessCd",98841,66271,"2016v3.0, 2016v3.1"
"/Return/ReturnData/IRS990/TravelGrp/ProgramServicesAmt",98610,98610,"2016v3.0, 2016v3.1"
"/Return/ReturnData/IRS990ScheduleR/TransactionsRelatedOrgGrp/InvolvedAmt",98537,29659,"2016v3.0, 2016v3.1"
"/Return/ReturnData/IRS990EZ/Organization501c3Ind",98481,98481,"2016v3.0, 2016v3.1"
"/Return/ReturnData/IRS990ScheduleA/GiftsGrantsContrisRcvd509Grp/CurrentTaxYearMinus2YearsAmt",98340,98340,"2016v3.0, 2016v3.1"
"/Return/ReturnData/IRS990EZ/SchoolOperatingInd",98204,98204,"2016v3.0, 2016v3.1"
"/Return/ReturnData/IRS990EZ/ProgramSrvcAccomplishmentGrp/GrantsAndAllocationsAmt",98121,67604,"2016v3.0, 2016v3.1"
"/Return/ReturnData/IRS990/NetGainOrLossInvestmentsGrp",98010,98010,"2016v3.0, 2016v3.1"
"/Return/ReturnData/IRS990/NetGainOrLossInvestmentsGrp/TotalRevenueColumnAmt",98006,98006,"2016v3.0, 2016v3.1"
"/Return/ReturnData/IRS990/OtherAssetsTotalGrp/BOYAmt",97969,97969,"2016v3.0, 2016v3.1"
"/Return/ReturnData/IRS990/BooksInCareOfDetail/BusinessName",96876,96876,"2016v3.0, 2016v3.1"
"/Return/ReturnData/IRS990/BooksInCareOfDetail/BusinessName/BusinessNameLine1Txt",96876,96876,"2016v3.0, 2016v3.1"
"/Return/ReturnData/IRS990/InvestmentsPubTradedSecGrp",96842,96842,"2016v3.0, 2016v3.1"
"/Return/ReturnData/IRS990ScheduleD/BuildingsGrp",96271,96271,"2016v3.0, 2016v3.1"
"/Return/ReturnData/IRS990ScheduleA/GrossReceiptsAdmissionsGrp",96192,96192,"2016v3.0, 2016v3.1"
"/Return/ReturnData/IRS990ScheduleA/GrossReceiptsAdmissionsGrp/TotalAmt",96155,96155,"2016v3.0, 2016v3.1"
"/Return/ReturnData/IRS990ScheduleG",95794,95794,"2016v3.0, 2016v3.1"
"/Return/ReturnData/IRS990ScheduleA/TotalSupportCalendarYearGrp/CurrentTaxYearMinus3YearsAmt",95645,95645,"2016v3.0, 2016v3.1"
"/Return/ReturnData/IRS990/InvestmentsPubTradedSecGrp/EOYAmt",95532,95532,"2016v3.0, 2016v3.1"
"/Return/ReturnData/IRS990/OccupancyGrp/ManagementAndGeneralAmt",95266,95266,"2016v3.0, 2016v3.1"
"/Return/ReturnData/IRS990ScheduleA/TotalSupportCalendarYearGrp/CurrentTaxYearMinus4YearsAmt",95180,95180,"2016v3.0, 2016v3.1"
"/Return/ReturnData/IRS990ScheduleD/TotalRevenuePerForm990Amt",94325,94325,"2016v3.0, 2016v3.1"
"/Return/ReturnData/IRS990ScheduleD/RevenueSubtotalAmt",94323,94323,"2016v3.0, 2016v3.1"
"/Return/ReturnData/IRS990EZ/LobbyingActivitiesInd",94289,94289,"2016v3.0, 2016v3.1"
"/Return/ReturnData/IRS990ScheduleD/TotalExpensesPerForm990Amt",94234,94234,"2016v3.0, 2016v3.1"
"/Return/ReturnData/IRS990ScheduleD/ExpensesSubtotalAmt",94231,94231,"2016v3.0, 2016v3.1"
"/Return/ReturnData/IRS990ScheduleD/OtherLandBuildingsGrp",94121,94121,"2016v3.0, 2016v3.1"
"/Return/ReturnData/IRS990ScheduleD/TotalRevEtcAuditedFinclStmtAmt",94028,94028,"2016v3.0, 2016v3.1"
"/Return/ReturnData/IRS990ScheduleD/TotExpnsEtcAuditedFinclStmtAmt",93968,93968,"2016v3.0, 2016v3.1"
"/Return/ReturnData/IRS990EZ/TrnsfrExmptNonChrtblRltdOrgInd",93762,93762,"2016v3.0, 2016v3.1"
"/Return/ReturnData/IRS990ScheduleA/GiftsGrantsContrisRcvd509Grp/CurrentTaxYearMinus3YearsAmt",93750,93750,"2016v3.0, 2016v3.1"
"/Return/ReturnData/IRS990/GrantsToDomesticOrgsGrp",93582,93582,"2016v3.0, 2016v3.1"
"/Return/ReturnData/IRS990/GrantsToDomesticOrgsGrp/TotalAmt",93582,93582,"2016v3.0, 2016v3.1"
"/Return/ReturnData/IRS990ScheduleD/TotalLiabilityAmt",93366,93366,"2016v3.0, 2016v3.1"
"/Return/ReturnData/IRS990EZ/FiledScheduleAInd",93000,93000,"2016v3.0, 2016v3.1"
"/Return/ReturnData/IRS990ScheduleR/TransactionsRelatedOrgGrp/MethodOfAmountDeterminationTxt",92666,27675,"2016v3.0, 2016v3.1"
"/Return/ReturnData/IRS990EZ/ScheduleBNotRequiredInd",92075,92075,"2016v3.0, 2016v3.1"
"/Return/ReturnData/IRS990EZ/FeesAndOtherPymtToIndCntrctAmt",91625,91625,"2016v3.0, 2016v3.1"
"/Return/ReturnData/IRS990/Form990PartVIISectionAGrp/HighestCompensatedEmployeeInd",91215,31611,"2016v3.0, 2016v3.1"
"/Return/ReturnData/IRS990ScheduleD/BuildingsGrp/BookValueAmt",90489,90489,"2016v3.0, 2016v3.1"
"/Return/ReturnData/IRS990ScheduleR/IdRelatedOrgTxblPartnershipGrp/GeneralOrManagingPartnerInd",90161,6531,"2016v3.0, 2016v3.1"
"/Return/ReturnData/IRS990/ContractorCompensationGrp",90089,32557,"2016v3.0, 2016v3.1"
"/Return/ReturnData/IRS990/ContractorCompensationGrp/ContractorName",90063,32543,"2016v3.0, 2016v3.1"
"/Return/ReturnData/IRS990ScheduleR/IdRelatedOrgTxblPartnershipGrp/DisproportionateAllocationsInd",89934,6573,"2016v3.0, 2016v3.1"
"/Return/ReturnData/IRS990ScheduleA/GiftsGrantsContrisRcvd509Grp/CurrentTaxYearMinus4YearsAmt",89672,89672,"2016v3.0, 2016v3.1"
"/Return/ReturnData/IRS990/OtherRevenueMiscGrp/RelatedOrExemptFuncIncomeAmt",89444,61980,"2016v3.0, 2016v3.1"
"/Return/ReturnData/IRS990/ContractorCompensationGrp/ContractorAddress",89416,32047,"2016v3.0, 2016v3.1"
"/Return/ReturnData/IRS990/ContractorCompensationGrp/CompensationAmt",88641,31261,"2016v3.0, 2016v3.1"
"/Return/ReturnData/IRS990/ContractorCompensationGrp/ServicesDesc",88599,31319,"2016v3.0, 2016v3.1"
"/Return/ReturnData/IRS990ScheduleA/GrossInvestmentIncome509Grp",88589,88589,"2016v3.0, 2016v3.1"
"/Return/ReturnData/IRS990ScheduleA/GrossInvestmentIncome509Grp/TotalAmt",88535,88535,"2016v3.0, 2016v3.1"
"/Return/ReturnData/IRS990/PledgesAndGrantsReceivableGrp",88415,88415,"2016v3.0, 2016v3.1"
"/Return/ReturnData/IRS990ScheduleA/InvestmentIncomePYPct",88303,88303,"2016v3.0, 2016v3.1"
"/Return/ReturnData/IRS990/OtherEmployeeBenefitsGrp/ProgramServicesAmt",87343,87343,"2016v3.0, 2016v3.1"
"/Return/ReturnData/IRS990/ContractorCompensationGrp/ContractorAddress/USAddress",87279,31119,"2016v3.0, 2016v3.1"
"/Return/ReturnData/IRS990/ContractorCompensationGrp/ContractorAddress/USAddress/AddressLine1Txt",87279,31119,"2016v3.0, 2016v3.1"
"/Return/ReturnData/IRS990/ContractorCompensationGrp/ContractorAddress/USAddress/CityNm",87279,31119,"2016v3.0, 2016v3.1"
"/Return/ReturnData/IRS990/ContractorCompensationGrp/ContractorAddress/USAddress/StateAbbreviationCd",87279,31119,"2016v3.0, 2016v3.1"
"/Return/ReturnData/IRS990/ContractorCompensationGrp/ContractorAddress/USAddress/ZIPCd",87279,31119,"2016v3.0, 2016v3.1"
"/Return/ReturnData/IRS990ScheduleD/LandGrp",86844,86844,"2016v3.0, 2016v3.1"
"/Return/ReturnData/IRS990/CompCurrentOfcrDirectorsGrp/ManagementAndGeneralAmt",86264,86264,"2016v3.0, 2016v3.1"
"/Return/ReturnData/IRS990ScheduleD/BuildingsGrp/DepreciationAmt",86067,86067,"2016v3.0, 2016v3.1"
"/Return/ReturnData/IRS990/DepreciationDepletionGrp/ManagementAndGeneralAmt",85910,85910,"2016v3.0, 2016v3.1"
"/Return/ReturnData/IRS990/PledgesAndGrantsReceivableGrp/EOYAmt",85850,85850,"2016v3.0, 2016v3.1"
"/Return/ReturnData/IRS990/AdvertisingGrp/ProgramServicesAmt",85112,85112,"2016v3.0, 2016v3.1"
"/Return/ReturnData/IRS990/FeesForServicesManagementGrp",84843,84843,"2016v3.0, 2016v3.1"
"/Return/ReturnData/IRS990/FeesForServicesManagementGrp/TotalAmt",84838,84838,"2016v3.0, 2016v3.1"
"/Return/ReturnData/IRS990/FeesForServicesOtherGrp/ProgramServicesAmt",83916,83916,"2016v3.0, 2016v3.1"
"/Return/ReturnData/IRS990ScheduleD/OtherLandBuildingsGrp/BookValueAmt",83492,83492,"2016v3.0, 2016v3.1"
"/Return/ReturnData/IRS990ScheduleI/RecipientTable/NonCashAssistanceDesc",83460,3780,"2016v3.0, 2016v3.1"
"/Return/ReturnData/IRS990ScheduleG/FundraisingEventInformationGrp",83446,83446,"2016v3.0, 2016v3.1"
"/Return/ReturnData/IRS990ScheduleD/OtherLandBuildingsGrp/OtherCostOrOtherBasisAmt",82934,82934,"2016v3.0, 2016v3.1"
"/Return/ReturnData/IRS990/GrantsToDomesticIndividualsGrp",82627,82627,"2016v3.0, 2016v3.1"
"/Return/ReturnData/IRS990/GrantsToDomesticIndividualsGrp/TotalAmt",82627,82627,"2016v3.0, 2016v3.1"
"/Return/ReturnData/IRS990ScheduleG/FundraisingEventInformationGrp/Event1Nm",82471,82471,"2016v3.0, 2016v3.1"
"/Return/ReturnData/IRS990ScheduleD/BuildingsGrp/OtherCostOrOtherBasisAmt",82364,82364,"2016v3.0, 2016v3.1"
"/Return/ReturnData/IRS990ScheduleD/LandGrp/BookValueAmt",82215,82215,"2016v3.0, 2016v3.1"
"/Return/ReturnData/IRS990/TemporarilyRstrNetAssetsGrp",82129,82129,"2016v3.0, 2016v3.1"
"/Return/ReturnData/IRS990/CompCurrentOfcrDirectorsGrp/ProgramServicesAmt",82048,82048,"2016v3.0, 2016v3.1"
"/Return/ReturnData/IRS990/FeesForSrvcInvstMgmntFeesGrp",81850,81850,"2016v3.0, 2016v3.1"
"/Return/ReturnData/IRS990/FeesForSrvcInvstMgmntFeesGrp/TotalAmt",81849,81849,"2016v3.0, 2016v3.1"
"/Return/ReturnHeader/Filer/BusinessName/BusinessNameLine2Txt",81335,81335,"2016v3.0, 2016v3.1"
"/Return/ReturnData/IRS990ScheduleA/GrossReceiptsAdmissionsGrp/CurrentTaxYearAmt",81100,81100,"2016v3.0, 2016v3.1"
"/Return/ReturnData/IRS990ScheduleG/FundraisingEventInformationGrp/GrossReceiptsTotalAmt",80922,80922,"2016v3.0, 2016v3.1"
"/Return/ReturnData/IRS990/InventoriesForSaleOrUseGrp",80692,80692,"2016v3.0, 2016v3.1"
"/Return/ReturnData/IRS990ScheduleG/FundraisingEventInformationGrp/GrossReceiptsEvent1Amt",80566,80566,"2016v3.0, 2016v3.1"
"/Return/ReturnData/IRS990ScheduleD/OtherLandBuildingsGrp/DepreciationAmt",80084,80084,"2016v3.0, 2016v3.1"
"/Return/ReturnData/IRS990/TransactionWithControlEntInd",79827,79827,"2016v3.0, 2016v3.1"
"/Return/ReturnData/IRS990ScheduleA/GrossReceiptsAdmissionsGrp/CurrentTaxYearMinus1YearAmt",79605,79605,"2016v3.0, 2016v3.1"
"/Return/ReturnData/IRS990/TemporarilyRstrNetAssetsGrp/EOYAmt",79574,79574,"2016v3.0, 2016v3.1"
"/Return/ReturnData/IRS990/InventoriesForSaleOrUseGrp/EOYAmt",79502,79502,"2016v3.0, 2016v3.1"
"/Return/ReturnData/IRS990/InfoInScheduleOPartIIIInd",79198,79198,"2016v3.0, 2016v3.1"
"/Return/ReturnData/IRS990/MethodOfAccountingCashInd",78479,78479,"2016v3.0, 2016v3.1"
"/Return/ReturnData/IRS990ScheduleG/FundraisingEventInformationGrp/NetIncomeSummaryAmt",78286,78286,"2016v3.0, 2016v3.1"
"/Return/ReturnData/IRS990/TemporarilyRstrNetAssetsGrp/BOYAmt",77685,77685,"2016v3.0, 2016v3.1"
"/Return/ReturnData/IRS990EZ/SumOfTotalLiabilitiesGrp",77580,77580,"2016v3.0, 2016v3.1"
"/Return/ReturnData/IRS990ScheduleG/FundraisingEventInformationGrp/GrossRevenueTotalEventsAmt",77568,77568,"2016v3.0, 2016v3.1"
"/Return/ReturnData/IRS990ScheduleA/GrossReceiptsAdmissionsGrp/CurrentTaxYearMinus2YearsAmt",77235,77235,"2016v3.0, 2016v3.1"
"/Return/ReturnData/IRS990/FSAuditedBasisGrp/SeparateBasisFinclStmtInd",76843,76843,"2016v3.0, 2016v3.1"
"/Return/ReturnData/IRS990/OtherEmployeeBenefitsGrp/ManagementAndGeneralAmt",76587,76587,"2016v3.0, 2016v3.1"
"/Return/ReturnData/IRS990ScheduleG/FundraisingEventInformationGrp/GrossRevenueEvent1Amt",76358,76358,"2016v3.0, 2016v3.1"
"/Return/ReturnData/IRS990ScheduleA/InvestmentIncomeAndUBTIGrp",76046,76046,"2016v3.0, 2016v3.1"
"/Return/ReturnData/IRS990ScheduleA/InvestmentIncomeAndUBTIGrp/TotalAmt",76038,76038,"2016v3.0, 2016v3.1"
"/Return/ReturnData/IRS990ScheduleG/FundraisingEventInformationGrp/DirectExpenseSummaryEventsAmt",75633,75633,"2016v3.0, 2016v3.1"
"/Return/ReturnData/IRS990/TravelGrp/ManagementAndGeneralAmt",75400,75400,"2016v3.0, 2016v3.1"
"/Return/ReturnData/IRS990EZ/FundraisingGrossIncomeAmt",74762,74762,"2016v3.0, 2016v3.1"
"/Return/ReturnData/IRS990ScheduleR/IdRelatedOrgTxblPartnershipGrp/PredominantIncomeTypeTxt",74696,5375,"2016v3.0, 2016v3.1"
"/Return/ReturnData/IRS990ScheduleA/GrossReceiptsAdmissionsGrp/CurrentTaxYearMinus3YearsAmt",74608,74608,"2016v3.0, 2016v3.1"
"/Return/ReturnData/IRS990EZ/SumOfTotalLiabilitiesGrp/EOYAmt",74528,74528,"2016v3.0, 2016v3.1"
"/Return/ReturnData/IRS990/NetRentalIncomeOrLossGrp",74521,74521,"2016v3.0, 2016v3.1"
"/Return/ReturnData/IRS990/NetRentalIncomeOrLossGrp/TotalRevenueColumnAmt",74518,74518,"2016v3.0, 2016v3.1"
"/Return/ReturnData/IRS990ScheduleD/OtherAssetsOrgGrp",74357,33458,"2016v3.0, 2016v3.1"
"/Return/ReturnData/IRS990/FeesForServicesOtherGrp/ManagementAndGeneralAmt",74226,74226,"2016v3.0, 2016v3.1"
"/Return/ReturnData/IRS990ScheduleD/OtherAssetsOrgGrp/Desc",74203,33357,"2016v3.0, 2016v3.1"
"/Return/ReturnData/IRS990/FundraisingGrossIncomeAmt",74081,74081,"2016v3.0, 2016v3.1"
"/Return/ReturnData/IRS990ScheduleD/LandGrp/OtherCostOrOtherBasisAmt",74036,74036,"2016v3.0, 2016v3.1"
"/Return/ReturnData/IRS990/ProgSrvcAccomActy2Grp",73783,73783,"2016v3.0, 2016v3.1"
"/Return/ReturnData/IRS990EZ/SumOfTotalLiabilitiesGrp/BOYAmt",73730,73730,"2016v3.0, 2016v3.1"
"/Return/ReturnData/IRS990/ProgSrvcAccomActy2Grp/Desc",73559,73559,"2016v3.0, 2016v3.1"
"/Return/ReturnData/IRS990EZ/SpecialEventsDirectExpensesAmt",73304,73304,"2016v3.0, 2016v3.1"
"/Return/ReturnData/IRS990ScheduleA/GrossInvestmentIncome170Grp/CurrentTaxYearAmt",72781,72781,"2016v3.0, 2016v3.1"
"/Return/ReturnData/IRS990ScheduleA/GrossInvestmentIncome170Grp/CurrentTaxYearMinus1YearAmt",72729,72729,"2016v3.0, 2016v3.1"
"/Return/ReturnData/IRS990ScheduleD/OtherAssetsOrgGrp/BookValueAmt",72507,33211,"2016v3.0, 2016v3.1"
"/Return/ReturnData/IRS990ScheduleA/GrossInvestmentIncome170Grp/CurrentTaxYearMinus2YearsAmt",72249,72249,"2016v3.0, 2016v3.1"
"/Return/ReturnData/IRS990ScheduleA/GrossReceiptsAdmissionsGrp/CurrentTaxYearMinus4YearsAmt",72128,72128,"2016v3.0, 2016v3.1"
"/Return/ReturnData/IRS990/NetIncomeOrLossGrp",72096,72096,"2016v3.0, 2016v3.1"
"/Return/ReturnData/IRS990/NetIncomeOrLossGrp/TotalRevenueColumnAmt",72093,72093,"2016v3.0, 2016v3.1"
"/Return/ReturnData/IRS990ScheduleR/IdRelatedTaxExemptOrgGrp/DirectControllingNACd",71662,25651,"2016v3.0, 2016v3.1"
"/Return/ReturnData/IRS990/FundraisingDirectExpensesAmt",71615,71615,"2016v3.0, 2016v3.1"
"/Return/ReturnData/IRS990ScheduleD/RevenueNotReportedAmt",71602,71602,"2016v3.0, 2016v3.1"
"/Return/ReturnData/IRS990/ContractorCompensationGrp/ContractorName/BusinessName",71592,26141,"2016v3.0, 2016v3.1"
"/Return/ReturnData/IRS990/ContractorCompensationGrp/ContractorName/BusinessName/BusinessNameLine1Txt",71592,26141,"2016v3.0, 2016v3.1"
"/Return/ReturnData/IRS990ScheduleG/FundraisingEventInformationGrp/OthDirectExpnssTotalEventsAmt",71462,71462,"2016v3.0, 2016v3.1"
"/Return/ReturnData/IRS990ScheduleA/GrossInvestmentIncome170Grp/CurrentTaxYearMinus3YearsAmt",71459,71459,"2016v3.0, 2016v3.1"
"/Return/ReturnData/IRS990EZ/InvestmentIncomeAmt",70922,70922,"2016v3.0, 2016v3.1"
"/Return/ReturnData/IRS990ScheduleA/GrossInvestmentIncome170Grp/CurrentTaxYearMinus4YearsAmt",70866,70866,"2016v3.0, 2016v3.1"
"/Return/ReturnData/IRS990/InvestmentsOtherSecuritiesGrp",70608,70608,"2016v3.0, 2016v3.1"
"/Return/ReturnData/IRS990/DeferredRevenueGrp",70008,70008,"2016v3.0, 2016v3.1"
"/Return/ReturnData/IRS990ScheduleR/IdRelatedOrgTxblCorpTrGrp/DirectControllingNACd",69811,7054,"2016v3.0, 2016v3.1"
"/Return/ReturnData/IRS990EZ/OtherAssetsTotalDetail",69746,69746,"2016v3.0, 2016v3.1"
"/Return/ReturnData/IRS990/ConferencesMeetingsGrp/ProgramServicesAmt",69528,69528,"2016v3.0, 2016v3.1"
"/Return/ReturnHeader/PreparerPersonGrp/SelfEmployedInd",68980,68980,"2016v3.0, 2016v3.1"
"/Return/ReturnData/IRS990ScheduleG/FundraisingEventInformationGrp/OtherDirectExpensesEvent1Amt",68768,68768,"2016v3.0, 2016v3.1"
"/Return/ReturnData/IRS990/InvestmentsOtherSecuritiesGrp/EOYAmt",68464,68464,"2016v3.0, 2016v3.1"
"/Return/ReturnData/IRS990ScheduleI/RecipientTable/NonCashAssistanceAmt",68087,7073,"2016v3.0, 2016v3.1"
"/Return/ReturnData/IRS990/GainOrLossGrp",67684,67684,"2016v3.0, 2016v3.1"
"/Return/ReturnData/IRS990EZ/OtherAssetsTotalDetail/EOYAmt",66793,66793,"2016v3.0, 2016v3.1"
"/Return/ReturnData/IRS990EZ/OtherAssetsTotalDetail/BOYAmt",66227,66227,"2016v3.0, 2016v3.1"
"/Return/ReturnData/IRS990/GovernmentGrantsAmt",66193,66193,"2016v3.0, 2016v3.1"
"/Return/ReturnData/IRS990ScheduleD/ExpensesNotReportedAmt",65996,65996,"2016v3.0, 2016v3.1"
"/Return/ReturnData/IRS990/InvestmentsPubTradedSecGrp/BOYAmt",65758,65758,"2016v3.0, 2016v3.1"
"/Return/ReturnData/IRS990/DeferredRevenueGrp/EOYAmt",65746,65746,"2016v3.0, 2016v3.1"
"/Return/ReturnData/IRS990EZ/InfoInScheduleOPartIIInd",65527,65527,"2016v3.0, 2016v3.1"
"/Return/ReturnData/IRS990/PaymentsToAffiliatesGrp",65264,65264,"2016v3.0, 2016v3.1"
"/Return/ReturnData/IRS990/PaymentsToAffiliatesGrp/TotalAmt",65262,65262,"2016v3.0, 2016v3.1"
"/Return/ReturnData/IRS990ScheduleA/AmountsRcvdDsqlfyPersonGrp",65151,65151,"2016v3.0, 2016v3.1"
"/Return/ReturnData/IRS990ScheduleA/AmountsRcvdDsqlfyPersonGrp/TotalAmt",65150,65150,"2016v3.0, 2016v3.1"
"/Return/ReturnData/IRS990ScheduleA/InvestmentIncomeAndUBTIGrp/CurrentTaxYearMinus1YearAmt",65097,65097,"2016v3.0, 2016v3.1"
"/Return/ReturnData/IRS990ScheduleA/InvestmentIncomeAndUBTIGrp/CurrentTaxYearAmt",64948,64948,"2016v3.0, 2016v3.1"
"/Return/ReturnData/IRS990/BenefitsToMembersGrp",64856,64856,"2016v3.0, 2016v3.1"
"/Return/ReturnData/IRS990/BenefitsToMembersGrp/TotalAmt",64856,64856,"2016v3.0, 2016v3.1"
"/Return/ReturnData/IRS990/DeferredRevenueGrp/BOYAmt",64647,64647,"2016v3.0, 2016v3.1"
"/Return/ReturnData/IRS990ScheduleA/InvestmentIncomeAndUBTIGrp/CurrentTaxYearMinus2YearsAmt",64591,64591,"2016v3.0, 2016v3.1"
"/Return/ReturnData/IRS990/OthNotesLoansReceivableNetGrp",64575,64575,"2016v3.0, 2016v3.1"
"/Return/ReturnData/IRS990EZ/ProgramServiceRevenueAmt",64206,64206,"2016v3.0, 2016v3.1"
"/Return/ReturnData/IRS990ScheduleA/GrossInvestmentIncome509Grp/CurrentTaxYearAmt",64095,64095,"2016v3.0, 2016v3.1"
"/Return/ReturnData/IRS990ScheduleR",64080,64080,"2016v3.0, 2016v3.1"
"/Return/ReturnData/IRS990ScheduleA/GrossInvestmentIncome509Grp/CurrentTaxYearMinus1YearAmt",64064,64064,"2016v3.0, 2016v3.1"
"/Return/ReturnData/IRS990ScheduleA/InvestmentIncomeAndUBTIGrp/CurrentTaxYearMinus3YearsAmt",63982,63982,"2016v3.0, 2016v3.1"
"/Return/ReturnData/IRS990ScheduleD/FootnoteTextInd",63926,63926,"2016v3.0, 2016v3.1"
"/Return/ReturnData/IRS990ScheduleA/SubstantialContributorsAmtGrp",63901,63901,"2016v3.0, 2016v3.1"
"/Return/ReturnData/IRS990ScheduleA/SubstantialContributorsAmtGrp/TotalAmt",63900,63900,"2016v3.0, 2016v3.1"
"/Return/ReturnData/IRS990EZ/PrintingPublicationsPostageAmt",63575,63575,"2016v3.0, 2016v3.1"
"/Return/ReturnData/IRS990ScheduleA/GrossInvestmentIncome509Grp/CurrentTaxYearMinus2YearsAmt",63472,63472,"2016v3.0, 2016v3.1"
"/Return/ReturnData/IRS990ScheduleA/InvestmentIncomeAndUBTIGrp/CurrentTaxYearMinus4YearsAmt",63419,63419,"2016v3.0, 2016v3.1"
"/Return/ReturnData/IRS990/FeesForServicesLobbyingGrp",63231,63231,"2016v3.0, 2016v3.1"
"/Return/ReturnData/IRS990/FeesForServicesLobbyingGrp/TotalAmt",63231,63231,"2016v3.0, 2016v3.1"
"/Return/ReturnData/IRS990/OthNotesLoansReceivableNetGrp/EOYAmt",62997,62997,"2016v3.0, 2016v3.1"
"/Return/ReturnData/IRS990/NetUnrlzdGainsLossesInvstAmt",62895,62895,"2016v3.0, 2016v3.1"
"/Return/ReturnData/IRS990ScheduleA/GrossInvestmentIncome509Grp/CurrentTaxYearMinus3YearsAmt",62783,62783,"2016v3.0, 2016v3.1"
"/Return/ReturnData/IRS990/ForeignGrantsGrp",62681,62681,"2016v3.0, 2016v3.1"
"/Return/ReturnData/IRS990/ForeignGrantsGrp/TotalAmt",62681,62681,"2016v3.0, 2016v3.1"
"/Return/ReturnData/IRS990/FeesForServicesProfFundraising",62642,62642,"2016v3.0, 2016v3.1"
"/Return/ReturnData/IRS990/FeesForServicesAccountingGrp/ProgramServicesAmt",62383,62383,"2016v3.0, 2016v3.1"
"/Return/ReturnData/IRS990ScheduleA/GrossInvestmentIncome509Grp/CurrentTaxYearMinus4YearsAmt",62166,62166,"2016v3.0, 2016v3.1"
"/Return/ReturnData/IRS990/CompDisqualPersonsGrp",62067,62067,"2016v3.0, 2016v3.1"
"/Return/ReturnData/IRS990/CompDisqualPersonsGrp/TotalAmt",62067,62067,"2016v3.0, 2016v3.1"
"/Return/ReturnData/IRS990/ProgSrvcAccomActy2Grp/ExpenseAmt",61970,61970,"2016v3.0, 2016v3.1"
"/Return/ReturnData/IRS990/MortgNotesPyblScrdInvstPropGrp",61626,61626,"2016v3.0, 2016v3.1"
"/Return/ReturnData/IRS990ScheduleR/GiftGrntCapContriFromOthOrgInd",61195,61195,"2016v3.0, 2016v3.1"
"/Return/ReturnData/IRS990ScheduleR/SharingOfFacilitiesInd",61194,61194,"2016v3.0, 2016v3.1"
"/Return/ReturnData/IRS990ScheduleR/PaidEmployeesSharingInd",61191,61191,"2016v3.0, 2016v3.1"
"/Return/ReturnData/IRS990ScheduleR/GiftGrntOrCapContriToOthOrgInd",61186,61186,"2016v3.0, 2016v3.1"
"/Return/ReturnData/IRS990ScheduleR/ReimbursementPaidToOtherOrgInd",61186,61186,"2016v3.0, 2016v3.1"
"/Return/ReturnData/IRS990ScheduleR/TransferToOtherOrgInd",61184,61184,"2016v3.0, 2016v3.1"
"/Return/ReturnData/IRS990ScheduleR/RentalOfFcltsFromOthOrgInd",61180,61180,"2016v3.0, 2016v3.1"
"/Return/ReturnData/IRS990ScheduleR/LoansOrGuaranteesFromOthOrgInd",61179,61179,"2016v3.0, 2016v3.1"
"/Return/ReturnData/IRS990ScheduleR/PerformOfServicesForOthOrgInd",61177,61177,"2016v3.0, 2016v3.1"
"/Return/ReturnData/IRS990ScheduleR/LoansOrGuaranteesToOtherOrgInd",61176,61176,"2016v3.0, 2016v3.1"
"/Return/ReturnData/IRS990ScheduleR/PerformOfServicesByOtherOrgInd",61175,61175,"2016v3.0, 2016v3.1"
"/Return/ReturnData/IRS990ScheduleR/ReimbursementPaidByOtherOrgInd",61170,61170,"2016v3.0, 2016v3.1"
"/Return/ReturnData/IRS990ScheduleR/RentalOfFacilitiesToOthOrgInd",61170,61170,"2016v3.0, 2016v3.1"
"/Return/ReturnData/IRS990ScheduleR/TransferFromOtherOrgInd",61165,61165,"2016v3.0, 2016v3.1"
"/Return/ReturnData/IRS990ScheduleR/AssetPurchaseFromOtherOrgInd",61164,61164,"2016v3.0, 2016v3.1"
"/Return/ReturnData/IRS990ScheduleR/ReceiptOfIntAnntsRntsRyltsInd",61164,61164,"2016v3.0, 2016v3.1"
"/Return/ReturnData/IRS990ScheduleR/AssetSaleToOtherOrgInd",61162,61162,"2016v3.0, 2016v3.1"
"/Return/ReturnData/IRS990ScheduleR/AssetExchangeInd",61158,61158,"2016v3.0, 2016v3.1"
"/Return/ReturnData/IRS990ScheduleR/DivRelatedOrganizationInd",59675,59675,"2016v3.0, 2016v3.1"
"/Return/ReturnData/IRS990/LessCostOthBasisSalesExpnssGrp",59130,59130,"2016v3.0, 2016v3.1"
"/Return/ReturnData/IRS990/IntangibleAssetsGrp",58939,58939,"2016v3.0, 2016v3.1"
"/Return/ReturnData/IRS990/MortgNotesPyblScrdInvstPropGrp/EOYAmt",58844,58844,"2016v3.0, 2016v3.1"
"/Return/ReturnData/IRS990/GrossAmountSalesAssetsGrp",58824,58824,"2016v3.0, 2016v3.1"
"/Return/ReturnData/IRS990/RoyaltiesGrp",58783,58783,"2016v3.0, 2016v3.1"
"/Return/ReturnData/IRS990/RoyaltiesGrp/TotalAmt",58783,58783,"2016v3.0, 2016v3.1"
"/Return/ReturnData/IRS990/MortgNotesPyblScrdInvstPropGrp/BOYAmt",58653,58653,"2016v3.0, 2016v3.1"
"/Return/ReturnData/IRS990ScheduleR/IdRelatedOrgTxblCorpTrGrp/DirectControllingEntityName",58634,9275,"2016v3.0, 2016v3.1"
"/Return/ReturnData/IRS990ScheduleR/IdRelatedOrgTxblCorpTrGrp/DirectControllingEntityName/BusinessNameLine1Txt",58634,9275,"2016v3.0, 2016v3.1"
"/Return/ReturnData/IRS990/Organization501cInd",58630,58630,"2016v3.0, 2016v3.1"
"/Return/ReturnData/IRS990/AdvertisingGrp/ManagementAndGeneralAmt",58591,58591,"2016v3.0, 2016v3.1"
"/Return/ReturnData/IRS990/Form990TFiledInd",58584,58584,"2016v3.0, 2016v3.1"
"/Return/ReturnData/IRS990EZ/SpecialEventsNetIncomeLossAmt",58336,58336,"2016v3.0, 2016v3.1"
"/Return/ReturnData/IRS990EZ/CostOfGoodsSoldAmt",58293,58293,"2016v3.0, 2016v3.1"
"/Return/ReturnData/IRS990/Form1098CFiledInd",58288,58288,"2016v3.0, 2016v3.1"
"/Return/ReturnData/IRS990ScheduleA/OtherIncome170Grp",58269,58269,"2016v3.0, 2016v3.1"
"/Return/ReturnData/IRS990ScheduleA/OtherIncome170Grp/TotalAmt",58260,58260,"2016v3.0, 2016v3.1"
"/Return/ReturnData/IRS990/Form8899Filedind",57990,57990,"2016v3.0, 2016v3.1"
"/Return/ReturnData/IRS990/PymtTravelEntrtnmntPubOfclGrp",57897,57897,"2016v3.0, 2016v3.1"
"/Return/ReturnData/IRS990/PymtTravelEntrtnmntPubOfclGrp/TotalAmt",57896,57896,"2016v3.0, 2016v3.1"
"/Return/ReturnData/IRS990ScheduleD/LeaseholdImprovementsGrp",57876,57876,"2016v3.0, 2016v3.1"
"/Return/ReturnData/IRS990ScheduleD/RevenueNotReportedFinclStmtAmt",57650,57650,"2016v3.0, 2016v3.1"
"/Return/ReturnData/IRS990/GrantAmt",57571,57571,"2016v3.0, 2016v3.1"
"/Return/ReturnData/IRS990ScheduleD/ExpensesNotRptFinclStmtAmt",57411,57411,"2016v3.0, 2016v3.1"
"/Return/ReturnData/IRS990/IntangibleAssetsGrp/EOYAmt",57268,57268,"2016v3.0, 2016v3.1"
"/Return/ReturnData/IRS990/DAFExcessBusinessHoldingsInd",57076,57076,"2016v3.0, 2016v3.1"
"/Return/ReturnData/IRS990/TaxableDistributionsInd",56547,56547,"2016v3.0, 2016v3.1"
"/Return/ReturnData/IRS990EZ/OccupancyRentUtltsAndMaintAmt",56394,56394,"2016v3.0, 2016v3.1"
"/Return/ReturnData/IRS990/DistributionToDonorInd",56334,56334,"2016v3.0, 2016v3.1"
"/Return/ReturnData/IRS990/InvestmentsProgramRelatedGrp",56173,56173,"2016v3.0, 2016v3.1"
"/Return/ReturnData/IRS990/OrgDoesNotFollowSFAS117Ind",56008,56008,"2016v3.0, 2016v3.1"
"/Return/ReturnData/IRS990/PayrollTaxesGrp/FundraisingAmt",55857,55857,"2016v3.0, 2016v3.1"
"/Return/ReturnData/IRS990/OfficeExpensesGrp/FundraisingAmt",55751,55751,"2016v3.0, 2016v3.1"
"/Return/ReturnData/IRS990/NetIncomeFromGamingGrp",55678,55678,"2016v3.0, 2016v3.1"
"/Return/ReturnData/IRS990/NetIncomeFromGamingGrp/TotalRevenueColumnAmt",55677,55677,"2016v3.0, 2016v3.1"
"/Return/ReturnData/IRS990ScheduleA/SubstantialContributorsTotAmt",54995,54995,"2016v3.0, 2016v3.1"
"/Return/ReturnData/IRS990EZ/MembershipDuesAmt",54870,54870,"2016v3.0, 2016v3.1"
"/Return/ReturnData/IRS990/RoyaltiesRevenueGrp",54739,54739,"2016v3.0, 2016v3.1"
"/Return/ReturnData/IRS990/RoyaltiesRevenueGrp/TotalRevenueColumnAmt",54739,54739,"2016v3.0, 2016v3.1"
"/Return/ReturnData/IRS990/FeesForServicesProfFundraising/TotalAmt",54546,54546,"2016v3.0, 2016v3.1"
"/Return/ReturnData/IRS990ScheduleI",54523,54523,"2016v3.0, 2016v3.1"
"/Return/ReturnData/IRS990/FeesForServicesLegalGrp/ManagementAndGeneralAmt",54407,54407,"2016v3.0, 2016v3.1"
"/Return/ReturnData/IRS990/InvestmentsProgramRelatedGrp/EOYAmt",54178,54178,"2016v3.0, 2016v3.1"
"/Return/ReturnData/IRS990ScheduleI/GrantRecordsMaintainedInd",54111,54111,"2016v3.0, 2016v3.1"
"/Return/ReturnData/IRS990/OtherSalariesAndWagesGrp/FundraisingAmt",54082,54082,"2016v3.0, 2016v3.1"
"/Return/ReturnData/IRS990ScheduleJ",53875,53875,"2016v3.0, 2016v3.1"
"/Return/ReturnData/IRS990/PledgesAndGrantsReceivableGrp/BOYAmt",53825,53825,"2016v3.0, 2016v3.1"
"/Return/ReturnData/IRS990EZ/CostOrOtherBasisExpenseSaleAmt",53825,53825,"2016v3.0, 2016v3.1"
"/Return/ReturnData/IRS990/ConferencesMeetingsGrp/ManagementAndGeneralAmt",53702,53702,"2016v3.0, 2016v3.1"
"/Return/ReturnData/IRS990/RtnEarnEndowmentIncmOthFndsGrp",53515,53515,"2016v3.0, 2016v3.1"
"/Return/ReturnData/IRS990ScheduleJ/SeverancePaymentInd",53145,53145,"2016v3.0, 2016v3.1"
"/Return/ReturnData/IRS990ScheduleJ/SupplementalNonqualRtrPlanInd",53145,53145,"2016v3.0, 2016v3.1"
"/Return/ReturnData/IRS990ScheduleJ/EquityBasedCompArrngmInd",53133,53133,"2016v3.0, 2016v3.1"
"/Return/ReturnData/IRS990/RtnEarnEndowmentIncmOthFndsGrp/EOYAmt",53067,53067,"2016v3.0, 2016v3.1"
"/Return/ReturnData/IRS990ScheduleG/LicensedStatesCd",52930,7828,"2016v3.0, 2016v3.1"
"/Return/ReturnData/IRS990/RtnEarnEndowmentIncmOthFndsGrp/BOYAmt",52903,52903,"2016v3.0, 2016v3.1"
"/Return/ReturnData/IRS990ScheduleR/IdRelatedOrgTxblPartnershipGrp/DirectControllingEntityName",52582,5180,"2016v3.0, 2016v3.1"
"/Return/ReturnData/IRS990ScheduleR/IdRelatedOrgTxblPartnershipGrp/DirectControllingEntityName/BusinessNameLine1Txt",52582,5180,"2016v3.0, 2016v3.1"
"/Return/ReturnData/IRS990/ReceivablesFromOfficersEtcGrp",52336,52336,"2016v3.0, 2016v3.1"
"/Return/ReturnData/IRS990EZ/StatesWhereCopyOfReturnIsFldCd",52328,50255,"2016v3.0, 2016v3.1"
"/Return/ReturnData/IRS990ScheduleA/GrossReceiptsRltdActivitiesAmt",52092,52092,"2016v3.0, 2016v3.1"
"/Return/ReturnData/IRS990/ReceivablesFromOfficersEtcGrp/EOYAmt",51784,51784,"2016v3.0, 2016v3.1"
"/Return/ReturnData/IRS990ScheduleA/OtherIncome509Grp",51618,51618,"2016v3.0, 2016v3.1"
"/Return/ReturnData/IRS990ScheduleA/OtherIncome509Grp/TotalAmt",51615,51615,"2016v3.0, 2016v3.1"
"/Return/ReturnData/IRS990/ProgSrvcAccomActy3Grp",51393,51393,"2016v3.0, 2016v3.1"
"/Return/ReturnData/IRS990/ProgSrvcAccomActy3Grp/Desc",51289,51289,"2016v3.0, 2016v3.1"
"/Return/ReturnData/IRS990ScheduleI/GrantsOtherAsstToIndivInUSGrp",51241,25200,"2016v3.0, 2016v3.1"
"/Return/ReturnData/IRS990ScheduleI/GrantsOtherAsstToIndivInUSGrp/GrantTypeTxt",51060,25121,"2016v3.0, 2016v3.1"
"/Return/ReturnData/IRS990/GainOrLossGrp/SecuritiesAmt",50947,50947,"2016v3.0, 2016v3.1"
"/Return/ReturnData/IRS990ScheduleD/LeaseholdImprovementsGrp/BookValueAmt",50588,50588,"2016v3.0, 2016v3.1"
"/Return/ReturnData/IRS990/RcvblFromDisqualifiedPrsnGrp",50531,50531,"2016v3.0, 2016v3.1"
"/Return/ReturnData/IRS990/IncmFromInvestBondProceedsGrp",50259,50259,"2016v3.0, 2016v3.1"
"/Return/ReturnData/IRS990/IncmFromInvestBondProceedsGrp/TotalRevenueColumnAmt",50258,50258,"2016v3.0, 2016v3.1"
"/Return/ReturnData/IRS990ScheduleD/OtherSecuritiesGrp",50058,21576,"2016v3.0, 2016v3.1"
"/Return/ReturnData/IRS990ScheduleD/OtherSecuritiesGrp/Desc",49984,21512,"2016v3.0, 2016v3.1"
"/Return/ReturnData/IRS990ScheduleD/LeaseholdImprovementsGrp/DepreciationAmt",49838,49838,"2016v3.0, 2016v3.1"
"/Return/ReturnData/IRS990/RcvblFromDisqualifiedPrsnGrp/EOYAmt",49831,49831,"2016v3.0, 2016v3.1"
"/Return/ReturnData/IRS990/InformationTechnologyGrp/ProgramServicesAmt",49614,49614,"2016v3.0, 2016v3.1"
"/Return/ReturnData/IRS990/InvestmentIncomeGrp/RelatedOrExemptFuncIncomeAmt",49490,49490,"2016v3.0, 2016v3.1"
"/Return/ReturnHeader/FilingSecurityInformation/FederalOriginalSubmissionId",49096,49096,"2016v3.0, 2016v3.1"
"/Return/ReturnData/IRS990/InformationTechnologyGrp/ManagementAndGeneralAmt",48714,48714,"2016v3.0, 2016v3.1"
"/Return/ReturnHeader/FilingSecurityInformation/FederalOriginalSubmissionIdDt",47975,47975,"2016v3.0, 2016v3.1"
"/Return/ReturnData/IRS990ScheduleD/LeaseholdImprovementsGrp/OtherCostOrOtherBasisAmt",47886,47886,"2016v3.0, 2016v3.1"
"/Return/ReturnData/IRS990/NetIncmFromFundraisingEvtGrp/ExclusionAmt",47867,47867,"2016v3.0, 2016v3.1"
"/Return/ReturnData/IRS990ScheduleF/GrantsToOrgOutsideUSGrp",47808,5868,"2016v3.0, 2016v3.1"
"/Return/ReturnData/IRS990/InventoriesForSaleOrUseGrp/BOYAmt",47756,47756,"2016v3.0, 2016v3.1"
"/Return/ReturnData/IRS990EZ/InfoInScheduleOPartIIIInd",47508,47508,"2016v3.0, 2016v3.1"
"/Return/ReturnData/IRS990EZ/InfoInScheduleOPartVInd",47482,47482,"2016v3.0, 2016v3.1"
"/Return/ReturnData/IRS990ScheduleA/SubstAndDsqlfyPrsnsTotGrp",47179,47179,"2016v3.0, 2016v3.1"
"/Return/ReturnData/IRS990ScheduleA/SubstAndDsqlfyPrsnsTotGrp/TotalAmt",47179,47179,"2016v3.0, 2016v3.1"
"/Return/ReturnData/IRS990ScheduleF/GrantsToOrgOutsideUSGrp/PurposeOfGrantTxt",46902,5731,"2016v3.0, 2016v3.1"
"/Return/ReturnData/IRS990/RentalIncomeOrLossGrp",46807,46807,"2016v3.0, 2016v3.1"
"/Return/ReturnData/IRS990ScheduleF/GrantsToOrgOutsideUSGrp/RegionTxt",46439,5230,"2016v3.0, 2016v3.1"
"/Return/ReturnData/IRS990/PensionPlanContributionsGrp/ProgramServicesAmt",46180,46180,"2016v3.0, 2016v3.1"
"/Return/ReturnData/IRS990/ProgSrvcAccomActyOtherGrp",45941,33771,"2016v3.0, 2016v3.1"
"/Return/ReturnData/IRS990ScheduleI/GrantsOtherAsstToIndivInUSGrp/RecipientCnt",45893,23203,"2016v3.0, 2016v3.1"
"/Return/ReturnData/IRS990/RentalIncomeOrLossGrp/RealAmt",45844,45844,"2016v3.0, 2016v3.1"
"/Return/ReturnData/IRS990/InvestTaxExemptBondsInd",45727,45727,"2016v3.0, 2016v3.1"
"/Return/ReturnData/IRS990/EscrowAccountInd",45703,45703,"2016v3.0, 2016v3.1"
"/Return/ReturnData/IRS990/OnBehalfOfIssuerInd",45674,45674,"2016v3.0, 2016v3.1"
"/Return/ReturnData/IRS990/InterestGrp/ProgramServicesAmt",45626,45626,"2016v3.0, 2016v3.1"
"/Return/ReturnData/IRS990/GrossAmountSalesAssetsGrp/SecuritiesAmt",45539,45539,"2016v3.0, 2016v3.1"
"/Return/ReturnData/IRS990/CompCurrentOfcrDirectorsGrp/FundraisingAmt",45464,45464,"2016v3.0, 2016v3.1"
"/Return/ReturnData/IRS990/GrantsToDomesticOrgsGrp/ProgramServicesAmt",45399,45399,"2016v3.0, 2016v3.1"
"/Return/ReturnData/IRS990/AllOtherExpensesGrp/FundraisingAmt",45326,45326,"2016v3.0, 2016v3.1"
"/Return/ReturnData/IRS990/Form990PartVIISectionAGrp/KeyEmployeeInd",44897,21476,"2016v3.0, 2016v3.1"
"/Return/ReturnData/IRS990ScheduleA/Form990ScheduleAPartVIGrp",44825,35978,"2016v3.0, 2016v3.1"
"/Return/ReturnData/IRS990/LessCostOthBasisSalesExpnssGrp/SecuritiesAmt",44790,44790,"2016v3.0, 2016v3.1"
"/Return/ReturnData/IRS990ScheduleA/Form990ScheduleAPartVIGrp/FormAndLineReferenceDesc",44784,35974,"2016v3.0, 2016v3.1"
"/Return/ReturnData/IRS990ScheduleI/GrantsOtherAsstToIndivInUSGrp/CashGrantAmt",44261,22327,"2016v3.0, 2016v3.1"
"/Return/ReturnData/IRS990ScheduleA/Form990ScheduleAPartVIGrp/ExplanationTxt",44258,35481,"2016v3.0, 2016v3.1"
"/Return/ReturnData/IRS990ScheduleG/FundraisingEventInformationGrp/Event2Nm",44084,44084,"2016v3.0, 2016v3.1"
"/Return/ReturnData/IRS990EZ/OtherChangesInNetAssetsAmt",44071,44071,"2016v3.0, 2016v3.1"
"/Return/ReturnData/IRS990/ProgSrvcAccomActyOtherGrp/Desc",43952,31805,"2016v3.0, 2016v3.1"
"/Return/ReturnData/IRS990ScheduleF/GrantsToOrgOutsideUSGrp/CashGrantAmt",43718,5378,"2016v3.0, 2016v3.1"
"/Return/ReturnData/IRS990/Form990PartVIISectionAGrp/BusinessName",43652,4243,"2016v3.0, 2016v3.1"
"/Return/ReturnData/IRS990/Form990PartVIISectionAGrp/BusinessName/BusinessNameLine1Txt",43652,4243,"2016v3.0, 2016v3.1"
"/Return/ReturnData/IRS990/MembershipDuesAmt",43593,43593,"2016v3.0, 2016v3.1"
"/Return/ReturnData/IRS990/FundraisingAmt",43155,43155,"2016v3.0, 2016v3.1"
"/Return/ReturnData/IRS990ScheduleJ/CompBasedOnRevenueOfFlngOrgInd",43014,43014,"2016v3.0, 2016v3.1"
"/Return/ReturnData/IRS990ScheduleJ/CompBsdNetEarnsFlngOrgInd",43009,43009,"2016v3.0, 2016v3.1"
"/Return/ReturnData/IRS990ScheduleJ/CompBsdNetEarnsRltdOrgsInd",43003,43003,"2016v3.0, 2016v3.1"
"/Return/ReturnData/IRS990ScheduleJ/CompBsdOnRevRelatedOrgsInd",43002,43002,"2016v3.0, 2016v3.1"
"/Return/ReturnData/IRS990/InfoInScheduleOPartXIIInd",42970,42970,"2016v3.0, 2016v3.1"
"/Return/ReturnData/IRS990/InfoInScheduleOPartIXInd",42911,42911,"2016v3.0, 2016v3.1"
"/Return/ReturnData/IRS990ScheduleJ/AnyNonFixedPaymentsInd",42891,42891,"2016v3.0, 2016v3.1"
"/Return/ReturnData/IRS990ScheduleJ/InitialContractExceptionInd",42867,42867,"2016v3.0, 2016v3.1"
"/Return/ReturnData/IRS990/ProgSrvcAccomActy3Grp/ExpenseAmt",42823,42823,"2016v3.0, 2016v3.1"
"/Return/ReturnData/IRS990ScheduleG/FundraisingEventInformationGrp/GrossReceiptsEvent2Amt",42521,42521,"2016v3.0, 2016v3.1"
"/Return/ReturnData/IRS990/PensionPlanContributionsGrp/ManagementAndGeneralAmt",41823,41823,"2016v3.0, 2016v3.1"
"/Return/ReturnData/IRS990/ContriRptFundraisingEventAmt",41252,41252,"2016v3.0, 2016v3.1"
"/Return/ReturnData/IRS990/OtherEmployeeBenefitsGrp/FundraisingAmt",41190,41190,"2016v3.0, 2016v3.1"
"/Return/ReturnData/IRS990ScheduleA/GrossReceiptsNonUnrltBusGrp",40813,40813,"2016v3.0, 2016v3.1"
"/Return/ReturnData/IRS990ScheduleA/GrossReceiptsNonUnrltBusGrp/TotalAmt",40796,40796,"2016v3.0, 2016v3.1"
"/Return/ReturnData/IRS990EZ/SalariesOtherCompEmplBnftAmt",40714,40714,"2016v3.0, 2016v3.1"
"/Return/ReturnData/IRS990ScheduleF/GrantsToOrgOutsideUSGrp/MannerOfCashDisbursementTxt",40400,4877,"2016v3.0, 2016v3.1"
"/Return/ReturnData/IRS990/NetGainOrLossInvestmentsGrp/ExclusionAmt",40256,40256,"2016v3.0, 2016v3.1"
"/Return/ReturnData/IRS990/NoncashContributionsAmt",40025,40025,"2016v3.0, 2016v3.1"
"/Return/ReturnData/IRS990ScheduleG/FundraisingEventInformationGrp/GrossRevenueEvent2Amt",39775,39775,"2016v3.0, 2016v3.1"
"/Return/ReturnData/IRS990/OccupancyGrp/FundraisingAmt",39546,39546,"2016v3.0, 2016v3.1"
"/Return/ReturnData/IRS990/GrossSalesOfInventoryAmt",39506,39506,"2016v3.0, 2016v3.1"
"/Return/ReturnData/IRS990/InterestGrp/ManagementAndGeneralAmt",39426,39426,"2016v3.0, 2016v3.1"
"/Return/ReturnData/IRS990/LicensedMoreThanOneStateInd",38894,38894,"2016v3.0, 2016v3.1"
"/Return/ReturnData/IRS990/OtherRevenueMiscGrp/ExclusionAmt",38835,27670,"2016v3.0, 2016v3.1"
"/Return/ReturnData/IRS990/AllAffiliatesIncludedInd",38536,38536,"2016v3.0, 2016v3.1"
"/Return/ReturnData/IRS990EZ/LandAndBuildingsGrp",38278,38278,"2016v3.0, 2016v3.1"
"/Return/ReturnData/IRS990EZ/LandAndBuildingsGrp/EOYAmt",37900,37900,"2016v3.0, 2016v3.1"
"/Return/ReturnData/IRS990/PermanentlyRstrNetAssetsGrp",37842,37842,"2016v3.0, 2016v3.1"
"/Return/ReturnData/IRS990/OrgFiledInLieuOfForm1041Ind",37761,37761,"2016v3.0, 2016v3.1"
"/Return/ReturnData/IRS990ScheduleA/NetIncomeFromOtherUBIGrp",37697,37697,"2016v3.0, 2016v3.1"
"/Return/ReturnData/IRS990/CostOfGoodsSoldAmt",37689,37689,"2016v3.0, 2016v3.1"
"/Return/ReturnData/IRS990ScheduleA/NetIncomeFromOtherUBIGrp/TotalAmt",37651,37651,"2016v3.0, 2016v3.1"
"/Return/ReturnData/IRS990EZ/LandAndBuildingsGrp/BOYAmt",37626,37626,"2016v3.0, 2016v3.1"
"/Return/ReturnData/IRS990ScheduleJ/SupplementalInformationDetail",37550,22505,"2016v3.0, 2016v3.1"
"/Return/ReturnData/IRS990ScheduleJ/SupplementalInformationDetail/FormAndLineReferenceDesc",37541,22504,"2016v3.0, 2016v3.1"
"/Return/ReturnData/IRS990/PermanentlyRstrNetAssetsGrp/EOYAmt",37468,37468,"2016v3.0, 2016v3.1"
"/Return/ReturnData/IRS990ScheduleJ/SupplementalInformationDetail/ExplanationTxt",37281,22294,"2016v3.0, 2016v3.1"
"/Return/ReturnData/IRS990/PermanentlyRstrNetAssetsGrp/BOYAmt",37069,37069,"2016v3.0, 2016v3.1"
"/Return/ReturnData/IRS990ScheduleI/SupplementalInformationDetail",36741,33495,"2016v3.0, 2016v3.1"
"/Return/ReturnData/IRS990ScheduleI/SupplementalInformationDetail/FormAndLineReferenceDesc",36729,33492,"2016v3.0, 2016v3.1"
"/Return/ReturnData/IRS990ScheduleI/SupplementalInformationDetail/ExplanationTxt",36698,33483,"2016v3.0, 2016v3.1"
"/Return/ReturnData/IRS990ScheduleD/OtherSecuritiesGrp/BookValueAmt",36538,15217,"2016v3.0, 2016v3.1"
"/Return/ReturnData/IRS990/AdvertisingGrp/FundraisingAmt",36476,36476,"2016v3.0, 2016v3.1"
"/Return/ReturnData/IRS990/ProgSrvcAccomActyOtherGrp/ExpenseAmt",36431,26050,"2016v3.0, 2016v3.1"
"/Return/ReturnData/IRS990ScheduleD/OtherSecuritiesGrp/MethodValuationCd",36353,15001,"2016v3.0, 2016v3.1"
"/Return/ReturnData/IRS990EZ/GrantsAndSimilarAmountsPaidAmt",36199,36199,"2016v3.0, 2016v3.1"
"/Return/ReturnData/IRS990/TravelGrp/FundraisingAmt",35789,35789,"2016v3.0, 2016v3.1"
"/Return/ReturnData/IRS990/InsuranceGrp/FundraisingAmt",35708,35708,"2016v3.0, 2016v3.1"
"/Return/ReturnData/IRS990EZ/GrossProfitLossSlsOfInvntryAmt",35398,35398,"2016v3.0, 2016v3.1"
"/Return/ReturnData/IRS990ScheduleF/AccountActivitiesOutsideUSGrp",35185,10146,"2016v3.0, 2016v3.1"
"/Return/ReturnData/IRS990/GrossRentsGrp",35115,35115,"2016v3.0, 2016v3.1"
"/Return/ReturnData/IRS990ScheduleF/AccountActivitiesOutsideUSGrp/RegionTxt",35017,10140,"2016v3.0, 2016v3.1"
"/Return/ReturnData/IRS990ScheduleG/FundraisingEventInformationGrp/OtherDirectExpensesEvent2Amt",34985,34985,"2016v3.0, 2016v3.1"
"/Return/ReturnData/IRS990ScheduleF/AccountActivitiesOutsideUSGrp/TypeOfActivitiesConductedTxt",34888,10059,"2016v3.0, 2016v3.1"
"/Return/ReturnData/IRS990ScheduleG/FundraisingEventInformationGrp/CharitableContributionsTotAmt",34730,34730,"2016v3.0, 2016v3.1"
"/Return/ReturnData/IRS990ScheduleD/NetUnrealizedGainsInvstAmt",34547,34547,"2016v3.0, 2016v3.1"
"/Return/ReturnData/IRS990ScheduleA/Post1975UBTIGrp",34523,34523,"2016v3.0, 2016v3.1"
"/Return/ReturnData/IRS990/InvestmentsOtherSecuritiesGrp/BOYAmt",34522,34522,"2016v3.0, 2016v3.1"
"/Return/ReturnData/IRS990ScheduleA/Post1975UBTIGrp/TotalAmt",34496,34496,"2016v3.0, 2016v3.1"
"/Return/ReturnData/IRS990/TotalOtherProgSrvcExpenseAmt",34154,34154,"2016v3.0, 2016v3.1"
"/Return/ReturnData/IRS990/GrossRentsGrp/RealAmt",34096,34096,"2016v3.0, 2016v3.1"
"/Return/ReturnData/IRS990ScheduleD/CYMinus3YrEndwmtFundGrp",33998,33998,"2016v3.0, 2016v3.1"
"/Return/ReturnData/IRS990ScheduleD/TotalBookValueOtherAssetsAmt",33955,33955,"2016v3.0, 2016v3.1"
"/Return/ReturnData/IRS990ScheduleF/AccountActivitiesOutsideUSGrp/RegionTotalExpendituresAmt",33854,9694,"2016v3.0, 2016v3.1"
"/Return/ReturnData/IRS990ScheduleG/FundraisingEventInformationGrp/CharitableContriEvent1Amt",33400,33400,"2016v3.0, 2016v3.1"
"/Return/ReturnData/IRS990/ProgSrvcAccomActy2Grp/RevenueAmt",33330,33330,"2016v3.0, 2016v3.1"
"/Return/ReturnData/IRS990/GrantsToDomesticIndividualsGrp/ProgramServicesAmt",33294,33294,"2016v3.0, 2016v3.1"
"/Return/ReturnData/IRS990ScheduleD/CYMinus4YrEndwmtFundGrp",33243,33243,"2016v3.0, 2016v3.1"
"/Return/ReturnData/IRS990ScheduleA/UnrelatedBusinessNetIncm170Grp",33110,33110,"2016v3.0, 2016v3.1"
"/Return/ReturnData/IRS990ScheduleL/BusTrInvolveInterestedPrsnGrp",33084,17176,"2016v3.0, 2016v3.1"
"/Return/ReturnData/IRS990ScheduleA/UnrelatedBusinessNetIncm170Grp/TotalAmt",33024,33024,"2016v3.0, 2016v3.1"
"/Return/ReturnData/IRS990ScheduleL/BusTrInvolveInterestedPrsnGrp/SharingOfRevenuesInd",32895,17083,"2016v3.0, 2016v3.1"
"/Return/ReturnData/IRS990/InfoInScheduleOPartXIInd",32887,32887,"2016v3.0, 2016v3.1"
"/Return/ReturnData/IRS990/GainOrLossGrp/OtherAmt",32823,32823,"2016v3.0, 2016v3.1"
"/Return/ReturnData/IRS990ScheduleA/SupportedOrgInformationGrp",32688,16622,"2016v3.0, 2016v3.1"
"/Return/ReturnData/IRS990ScheduleA/SupportedOrgInformationGrp/EIN",32688,16622,"2016v3.0, 2016v3.1"
"/Return/ReturnData/IRS990ScheduleA/SupportedOrgInformationGrp/GoverningDocumentListedInd",32688,16622,"2016v3.0, 2016v3.1"
"/Return/ReturnData/IRS990ScheduleA/SupportedOrgInformationGrp/OrganizationTypeCd",32688,16622,"2016v3.0, 2016v3.1"
"/Return/ReturnData/IRS990ScheduleA/SupportedOrgInformationGrp/OtherSupportAmt",32688,16622,"2016v3.0, 2016v3.1"
"/Return/ReturnData/IRS990ScheduleA/SupportedOrgInformationGrp/SupportAmt",32688,16622,"2016v3.0, 2016v3.1"
"/Return/ReturnData/IRS990ScheduleA/SupportedOrgInformationGrp/SupportedOrganizationName",32688,16622,"2016v3.0, 2016v3.1"
"/Return/ReturnData/IRS990ScheduleA/SupportedOrgInformationGrp/SupportedOrganizationName/BusinessNameLine1Txt",32688,16622,"2016v3.0, 2016v3.1"
"/Return/ReturnData/IRS990/FeesForServicesOtherGrp/FundraisingAmt",32671,32671,"2016v3.0, 2016v3.1"
"/Return/ReturnData/IRS990EZ/DirectIndirectPltclExpendAmt",32582,32582,"2016v3.0, 2016v3.1"
"/Return/ReturnData/IRS990/FeesForServicesLegalGrp/ProgramServicesAmt",32263,32263,"2016v3.0, 2016v3.1"
"/Return/ReturnData/IRS990EZ/OtherRevenueTotalAmt",32208,32208,"2016v3.0, 2016v3.1"
"/Return/ReturnData/IRS990/DepreciationDepletionGrp/FundraisingAmt",31971,31971,"2016v3.0, 2016v3.1"
"/Return/ReturnData/IRS990EZ/Organization501cInd",31970,31970,"2016v3.0, 2016v3.1"
"/Return/ReturnData/IRS990ScheduleA/OtherIncome170Grp/CurrentTaxYearAmt",31942,31942,"2016v3.0, 2016v3.1"
"/Return/ReturnData/IRS990ScheduleA/OtherIncome170Grp/CurrentTaxYearMinus1YearAmt",31754,31754,"2016v3.0, 2016v3.1"
"/Return/ReturnData/IRS990ScheduleL/BusTrInvolveInterestedPrsnGrp/NameOfInterested",31613,17078,"2016v3.0, 2016v3.1"
"/Return/ReturnData/IRS990EZ/InitiationFeesAndCapContriAmt",31481,31481,"2016v3.0, 2016v3.1"
"/Return/ReturnData/IRS990ScheduleL/BusTrInvolveInterestedPrsnGrp/RelationshipDescriptionTxt",31480,16913,"2016v3.0, 2016v3.1"
"/Return/ReturnData/IRS990ScheduleG/FundraisingEventInformationGrp/FoodAndBeverageTotalEventsAmt",31443,31443,"2016v3.0, 2016v3.1"
"/Return/ReturnData/IRS990EZ/GrossReceiptsForPublicUseAmt",31282,31282,"2016v3.0, 2016v3.1"
"/Return/ReturnData/IRS990ScheduleA/OtherIncome170Grp/CurrentTaxYearMinus2YearsAmt",31145,31145,"2016v3.0, 2016v3.1"
"/Return/ReturnData/IRS990EZ/OrganizationFiled990TInd",31021,31021,"2016v3.0, 2016v3.1"
"/Return/ReturnData/IRS990ScheduleJ/BoardOrCommitteeApprovalInd",30885,30885,"2016v3.0, 2016v3.1"
"/Return/ReturnData/IRS990/OtherWebsiteInd",30852,30852,"2016v3.0, 2016v3.1"
"/Return/ReturnData/IRS990ScheduleL/BusTrInvolveInterestedPrsnGrp/TransactionDesc",30813,16796,"2016v3.0, 2016v3.1"
"/Return/ReturnData/IRS990EZ/Form720FiledInd",30627,30627,"2016v3.0, 2016v3.1"
"/Return/ReturnData/IRS990ScheduleA/OtherIncome170Grp/CurrentTaxYearMinus3YearsAmt",30398,30398,"2016v3.0, 2016v3.1"
"/Return/ReturnData/IRS990ScheduleD/EndowmentsHeldUnrelatedOrgInd",30312,30312,"2016v3.0, 2016v3.1"
"/Return/ReturnData/IRS990ScheduleM/OtherNonCashContriTableGrp",30234,14285,"2016v3.0, 2016v3.1"
"/Return/ReturnData/IRS990ScheduleD/EndowmentsHeldRelatedOrgInd",30179,30179,"2016v3.0, 2016v3.1"
"/Return/ReturnData/IRS990ScheduleM/OtherNonCashContriTableGrp/NoncashContributionsRptF990Amt",30055,14217,"2016v3.0, 2016v3.1"
"/Return/ReturnData/IRS990ScheduleC",30003,30003,"2016v3.0, 2016v3.1"
"/Return/ReturnData/IRS990EZ/TaxImposedUnderIRC4911Amt",29840,29840,"2016v3.0, 2016v3.1"
"/Return/ReturnData/IRS990ScheduleD/CYEndwmtFundGrp",29791,29791,"2016v3.0, 2016v3.1"
"/Return/ReturnData/IRS990EZ/TaxImposedUnderIRC4955Amt",29787,29787,"2016v3.0, 2016v3.1"
"/Return/ReturnData/IRS990EZ/TaxImposedUnderIRC4912Amt",29775,29775,"2016v3.0, 2016v3.1"
"/Return/ReturnData/IRS990ScheduleA/OtherIncome170Grp/CurrentTaxYearMinus4YearsAmt",29643,29643,"2016v3.0, 2016v3.1"
"/Return/ReturnData/IRS990ScheduleD/CYMinus1YrEndwmtFundGrp",29483,29483,"2016v3.0, 2016v3.1"
"/Return/ReturnData/IRS990ScheduleH/SupplementalInformationDetail",29481,2321,"2016v3.0, 2016v3.1"
"/Return/ReturnData/IRS990ScheduleH/SupplementalInformationDetail/FormAndLineReferenceDesc",29481,2321,"2016v3.0, 2016v3.1"
"/Return/ReturnData/IRS990ScheduleH/SupplementalInformationDetail/ExplanationTxt",29473,2321,"2016v3.0, 2016v3.1"
"/Return/ReturnData/IRS990ScheduleD/CYEndwmtFundGrp/EndYearBalanceAmt",29406,29406,"2016v3.0, 2016v3.1"
"/Return/ReturnData/IRS990ScheduleA/GovtFurnSrvcFcltsVl170Grp",29369,29369,"2016v3.0, 2016v3.1"
"/Return/ReturnData/IRS990ScheduleA/GovtFurnSrvcFcltsVl170Grp/TotalAmt",29321,29321,"2016v3.0, 2016v3.1"
"/Return/ReturnData/IRS990ScheduleD/CYMinus1YrEndwmtFundGrp/EndYearBalanceAmt",29274,29274,"2016v3.0, 2016v3.1"
"/Return/ReturnData/IRS990/Form8282FiledCnt",29206,29206,"2016v3.0, 2016v3.1"
"/Return/ReturnData/IRS990ScheduleD/CYEndwmtFundGrp/BeginningYearBalanceAmt",29077,29077,"2016v3.0, 2016v3.1"
"/Return/ReturnData/IRS990ScheduleM/OtherNonCashContriTableGrp/ContributionCnt",29016,13743,"2016v3.0, 2016v3.1"
"/Return/ReturnData/IRS990ScheduleM/OtherNonCashContriTableGrp/Desc",28983,13161,"2016v3.0, 2016v3.1"
"/Return/ReturnData/IRS990ScheduleD/OtherExpensesIncludedAmt",28909,28909,"2016v3.0, 2016v3.1"
"/Return/ReturnData/IRS990ScheduleD/CYMinus2YrEndwmtFundGrp",28831,28831,"2016v3.0, 2016v3.1"
"/Return/ReturnData/IRS990EZ/GainOrLossFromSaleOfAssetsAmt",28722,28722,"2016v3.0, 2016v3.1"
"/Return/ReturnData/IRS990ScheduleM/OtherNonCashContriTableGrp/NonCashCheckboxInd",28656,13669,"2016v3.0, 2016v3.1"
"/Return/ReturnData/IRS990ScheduleA/TaxRevLeviedOrgnztnlBnft170Grp",28620,28620,"2016v3.0, 2016v3.1"
"/Return/ReturnData/IRS990ScheduleD/CYMinus1YrEndwmtFundGrp/BeginningYearBalanceAmt",28592,28592,"2016v3.0, 2016v3.1"
"/Return/ReturnData/IRS990ScheduleD/CYMinus2YrEndwmtFundGrp/EndYearBalanceAmt",28589,28589,"2016v3.0, 2016v3.1"
"/Return/ReturnData/IRS990ScheduleA/GovtFurnSrvcFcltsVl509Grp",28569,28569,"2016v3.0, 2016v3.1"
"/Return/ReturnData/IRS990ScheduleA/TaxRevLeviedOrgnztnlBnft170Grp/TotalAmt",28562,28562,"2016v3.0, 2016v3.1"
"/Return/ReturnData/IRS990ScheduleA/GovtFurnSrvcFcltsVl509Grp/TotalAmt",28535,28535,"2016v3.0, 2016v3.1"
"/Return/ReturnData/IRS990/AcctCompileOrReviewBasisGrp",28526,28526,"2016v3.0, 2016v3.1"
"/Return/ReturnData/IRS990ScheduleA/TaxRevLeviedOrgnztnlBnft509Grp",28412,28412,"2016v3.0, 2016v3.1"
"/Return/ReturnData/IRS990ScheduleA/TaxRevLeviedOrgnztnlBnft509Grp/TotalAmt",28372,28372,"2016v3.0, 2016v3.1"
"/Return/ReturnData/IRS990EZ/BooksInCareOfDetail/BusinessName",28295,28295,"2016v3.0, 2016v3.1"
"/Return/ReturnData/IRS990EZ/BooksInCareOfDetail/BusinessName/BusinessNameLine1Txt",28295,28295,"2016v3.0, 2016v3.1"
"/Return/ReturnData/IRS990ScheduleG/FundraisingEventInformationGrp/FoodAndBeverageEvent1Amt",28192,28192,"2016v3.0, 2016v3.1"
"/Return/ReturnData/IRS990/OthNotesLoansReceivableNetGrp/BOYAmt",28163,28163,"2016v3.0, 2016v3.1"
"/Return/ReturnData/IRS990ScheduleG/FundraisingEventInformationGrp/RentFcltyCostsTotalEventsAmt",27867,27867,"2016v3.0, 2016v3.1"
"/Return/ReturnData/IRS990EZ/MethodOfAccountingAccrualInd",27840,27840,"2016v3.0, 2016v3.1"
"/Return/ReturnData/IRS990ScheduleD/CYMinus2YrEndwmtFundGrp/BeginningYearBalanceAmt",27833,27833,"2016v3.0, 2016v3.1"
"/Return/ReturnData/IRS990ScheduleD/CYMinus3YrEndwmtFundGrp/EndYearBalanceAmt",27828,27828,"2016v3.0, 2016v3.1"
"/Return/ReturnData/IRS990ScheduleD/OtherRevenueAmt",27563,27563,"2016v3.0, 2016v3.1"
"/Return/ReturnData/IRS990ScheduleG/FundraisingEventInformationGrp/OtherEventsTotalCnt",27290,27290,"2016v3.0, 2016v3.1"
"/Return/ReturnData/IRS990/CapStkTrPrinCurrentFundsGrp",27267,27267,"2016v3.0, 2016v3.1"
"/Return/ReturnData/IRS990ScheduleR/IdRelatedOrgTxblCorpTrGrp/OwnershipPct",27196,6483,"2016v3.0, 2016v3.1"
"/Return/ReturnData/IRS990ScheduleL",27123,27123,"2016v3.0, 2016v3.1"
"/Return/ReturnData/IRS990/CapStkTrPrinCurrentFundsGrp/BOYAmt",27119,27119,"2016v3.0, 2016v3.1"
"/Return/ReturnData/IRS990ScheduleD/CYMinus3YrEndwmtFundGrp/BeginningYearBalanceAmt",27111,27111,"2016v3.0, 2016v3.1"
"/Return/ReturnData/IRS990ScheduleL/BusTrInvolveInterestedPrsnGrp/TransactionAmt",27074,14883,"2016v3.0, 2016v3.1"
"/Return/ReturnData/IRS990ScheduleD/CYMinus4YrEndwmtFundGrp/EndYearBalanceAmt",27025,27025,"2016v3.0, 2016v3.1"
"/Return/ReturnData/IRS990/FSAuditedBasisGrp/ConsolidatedBasisFinclStmtInd",26951,26951,"2016v3.0, 2016v3.1"
"/Return/ReturnData/IRS990/CapStkTrPrinCurrentFundsGrp/EOYAmt",26940,26940,"2016v3.0, 2016v3.1"
"/Return/ReturnData/IRS990ScheduleM/OtherNonCashContriTableGrp/MethodOfDeterminingRevenuesTxt",26515,11912,"2016v3.0, 2016v3.1"
"/Return/ReturnData/IRS990EZ/TaxImposedOnOrganizationMgrAmt",26449,26449,"2016v3.0, 2016v3.1"
"/Return/ReturnData/IRS990EZ/TaxReimbursedByOrganizationAmt",26419,26419,"2016v3.0, 2016v3.1"
"/Return/ReturnData/IRS990ScheduleD/CYMinus4YrEndwmtFundGrp/BeginningYearBalanceAmt",26311,26311,"2016v3.0, 2016v3.1"
"/Return/ReturnData/IRS990/UnsecuredNotesLoansPayableGrp",26296,26296,"2016v3.0, 2016v3.1"
"/Return/ReturnData/IRS990ScheduleF/AccountActivitiesOutsideUSGrp/SpecificServicesProvidedTxt",26040,7923,"2016v3.0, 2016v3.1"
"/Return/ReturnData/IRS990ScheduleF/AccountActivitiesOutsideUSGrp/EmployeeCnt",25797,7980,"2016v3.0, 2016v3.1"
"/Return/ReturnData/IRS990EZ/GamingGrossIncomeAmt",25669,25669,"2016v3.0, 2016v3.1"
"/Return/ReturnData/IRS990/FeesForSrvcInvstMgmntFeesGrp/ManagementAndGeneralAmt",25614,25614,"2016v3.0, 2016v3.1"
"/Return/ReturnData/IRS990ScheduleM",25399,25399,"2016v3.0, 2016v3.1"
"/Return/ReturnData/IRS990ScheduleI/Total501c3OrgCnt",25252,25252,"2016v3.0, 2016v3.1"
"/Return/ReturnData/IRS990/FeesForServicesManagementGrp/ManagementAndGeneralAmt",25167,25167,"2016v3.0, 2016v3.1"
"/Return/ReturnData/IRS990ScheduleM/ThirdPartiesUsedInd",25166,25166,"2016v3.0, 2016v3.1"
"/Return/ReturnData/IRS990ScheduleM/ReviewProcessUnusualNCGiftsInd",25165,25165,"2016v3.0, 2016v3.1"
"/Return/ReturnData/IRS990ScheduleG/FundraisingEventInformationGrp/GrossReceiptsOtherEventsAmt",25079,25079,"2016v3.0, 2016v3.1"
"/Return/ReturnData/IRS990ScheduleM/AnyPropertyThatMustBeHeldInd",25055,25055,"2016v3.0, 2016v3.1"
"/Return/ReturnData/TransferPrsnlBnftContractsDecl",25018,25018,"2016v3.0, 2016v3.1"
"/Return/ReturnData/TransferPrsnlBnftContractsDecl/DeclarationDesc",25018,25018,"2016v3.0, 2016v3.1"
"/Return/ReturnData/IRS990ScheduleF/AccountActivitiesOutsideUSGrp/OfficesCnt",24780,7844,"2016v3.0, 2016v3.1"
"/Return/ReturnData/IRS990ScheduleG/FundraisingEventInformationGrp/RentFacilityCostsEvent1Amt",24766,24766,"2016v3.0, 2016v3.1"
"/Return/ReturnData/IRS990/PdInCapSrplsLandBldgEqpFundGrp",24726,24726,"2016v3.0, 2016v3.1"
"/Return/ReturnData/IRS990/LessRentalExpensesGrp",24576,24576,"2016v3.0, 2016v3.1"
"/Return/ReturnData/IRS990/PdInCapSrplsLandBldgEqpFundGrp/BOYAmt",24576,24576,"2016v3.0, 2016v3.1"
"/Return/ReturnData/IRS990ScheduleD/CYEndwmtFundGrp/InvestmentEarningsOrLossesAmt",24555,24555,"2016v3.0, 2016v3.1"
"/Return/ReturnData/IRS990/NetGainOrLossInvestmentsGrp/RelatedOrExemptFuncIncomeAmt",24547,24547,"2016v3.0, 2016v3.1"
"/Return/ReturnData/IRS990/PdInCapSrplsLandBldgEqpFundGrp/EOYAmt",24510,24510,"2016v3.0, 2016v3.1"
"/Return/ReturnData/IRS990/FeesForServicesAccountingGrp/FundraisingAmt",24482,24482,"2016v3.0, 2016v3.1"
"/Return/ReturnData/IRS990ScheduleD/CYMinus1YrEndwmtFundGrp/InvestmentEarningsOrLossesAmt",24446,24446,"2016v3.0, 2016v3.1"
"/Return/ReturnData/IRS990ScheduleE/SupplementalInformationDetail",24403,12846,"2016v3.0, 2016v3.1"
"/Return/ReturnData/IRS990ScheduleE/SupplementalInformationDetail/FormAndLineReferenceDesc",24402,12846,"2016v3.0, 2016v3.1"
"/Return/ReturnData/IRS990EZ/RelatedOrgSect527OrgInd",24374,24374,"2016v3.0, 2016v3.1"
"/Return/ReturnData/IRS990/AcctCompileOrReviewBasisGrp/SeparateBasisFinclStmtInd",24272,24272,"2016v3.0, 2016v3.1"
"/Return/ReturnData/IRS990/UnsecuredNotesLoansPayableGrp/BOYAmt",24204,24204,"2016v3.0, 2016v3.1"
"/Return/ReturnData/IRS990/UnsecuredNotesLoansPayableGrp/EOYAmt",24160,24160,"2016v3.0, 2016v3.1"
"/Return/ReturnData/IRS990/LessRentalExpensesGrp/RealAmt",24008,24008,"2016v3.0, 2016v3.1"
"/Return/ReturnData/IRS990ScheduleD/CYMinus2YrEndwmtFundGrp/InvestmentEarningsOrLossesAmt",23952,23952,"2016v3.0, 2016v3.1"
"/Return/ReturnData/IRS990ScheduleG/FundraisingEventInformationGrp/GrossRevenueOtherEventsAmt",23761,23761,"2016v3.0, 2016v3.1"
"/Return/ReturnData/IRS990/ConferencesMeetingsGrp/FundraisingAmt",23724,23724,"2016v3.0, 2016v3.1"
"/Return/ReturnData/IRS990/QuidProQuoContriDisclInd",23685,23685,"2016v3.0, 2016v3.1"
"/Return/ReturnData/IRS990ScheduleD/CYMinus3YrEndwmtFundGrp/InvestmentEarningsOrLossesAmt",23350,23350,"2016v3.0, 2016v3.1"
"/Return/ReturnData/IRS990ScheduleR/IdRelatedOrgTxblCorpTrGrp/ShareOfEOYAssetsAmt",23171,5067,"2016v3.0, 2016v3.1"
"/Return/ReturnData/IRS990/LessCostOthBasisSalesExpnssGrp/OtherAmt",23097,23097,"2016v3.0, 2016v3.1"
"/Return/ReturnData/IRS990/IntangibleAssetsGrp/BOYAmt",23011,23011,"2016v3.0, 2016v3.1"
"/Return/ReturnData/IRS990ScheduleR/IdDisregardedEntitiesGrp",22890,7602,"2016v3.0, 2016v3.1"
"/Return/ReturnData/IRS990ScheduleR/IdDisregardedEntitiesGrp/DisregardedEntityName",22879,7600,"2016v3.0, 2016v3.1"
"/Return/ReturnData/IRS990ScheduleR/IdDisregardedEntitiesGrp/DisregardedEntityName/BusinessNameLine1Txt",22879,7600,"2016v3.0, 2016v3.1"
"/Return/ReturnData/IRS990ScheduleD/CYMinus4YrEndwmtFundGrp/InvestmentEarningsOrLossesAmt",22615,22615,"2016v3.0, 2016v3.1"
"/Return/ReturnData/IRS990ScheduleR/IdDisregardedEntitiesGrp/LegalDomicileStateCd",22485,7474,"2016v3.0, 2016v3.1"
"/Return/ReturnData/IRS990ScheduleR/IdDisregardedEntitiesGrp/USAddress",22457,7455,"2016v3.0, 2016v3.1"
"/Return/ReturnData/IRS990ScheduleR/IdDisregardedEntitiesGrp/USAddress/AddressLine1Txt",22457,7455,"2016v3.0, 2016v3.1"
"/Return/ReturnData/IRS990ScheduleR/IdDisregardedEntitiesGrp/USAddress/CityNm",22457,7455,"2016v3.0, 2016v3.1"
"/Return/ReturnData/IRS990ScheduleR/IdDisregardedEntitiesGrp/USAddress/StateAbbreviationCd",22457,7455,"2016v3.0, 2016v3.1"
"/Return/ReturnData/IRS990ScheduleR/IdDisregardedEntitiesGrp/USAddress/ZIPCd",22457,7455,"2016v3.0, 2016v3.1"
"/Return/ReturnData/IRS990ScheduleR/IdRelatedOrgTxblCorpTrGrp/ShareOfTotalIncomeAmt",22443,4810,"2016v3.0, 2016v3.1"
"/Return/ReturnData/IRS990ScheduleR/IdDisregardedEntitiesGrp/PrimaryActivitiesTxt",22442,7504,"2016v3.0, 2016v3.1"
"/Return/ReturnData/IRS990/ProgSrvcAccomActy3Grp/RevenueAmt",22433,22433,"2016v3.0, 2016v3.1"
"/Return/ReturnData/IRS990/NetIncomeOrLossGrp/RelatedOrExemptFuncIncomeAmt",22399,22399,"2016v3.0, 2016v3.1"
"/Return/ReturnData/IRS990/GrossAmountSalesAssetsGrp/OtherAmt",22365,22365,"2016v3.0, 2016v3.1"
"/Return/ReturnData/IRS990/PriorPeriodAdjustmentsAmt",22269,22269,"2016v3.0, 2016v3.1"
"/Return/ReturnData/IRS990/PensionPlanContributionsGrp/FundraisingAmt",22068,22068,"2016v3.0, 2016v3.1"
"/Return/ReturnData/IRS990ScheduleR/IdRelatedOrgTxblPartnershipGrp/ShareOfEOYAssetsAmt",21981,3226,"2016v3.0, 2016v3.1"
"/Return/ReturnData/IRS990ScheduleR/IdRelatedOrgTxblPartnershipGrp/ShareOfTotalIncomeAmt",21958,3280,"2016v3.0, 2016v3.1"
"/Return/ReturnData/IRS990ScheduleR/IdRelatedOrgTxblPartnershipGrp/OwnershipPct",21836,3769,"2016v3.0, 2016v3.1"
"/Return/ReturnData/IRS990/FederalGrantAuditPerformedInd",21607,21607,"2016v3.0, 2016v3.1"
"/Return/ReturnData/IRS990ScheduleL/BusTrInvolveInterestedPrsnGrp/NameOfInterested/PersonNm",21580,12005,"2016v3.0, 2016v3.1"
"/Return/ReturnData/IRS990/InformationTechnologyGrp/FundraisingAmt",21464,21464,"2016v3.0, 2016v3.1"
"/Return/ReturnData/IRS990ScheduleL/LoansBtwnOrgInterestedPrsnGrp",21440,10552,"2016v3.0, 2016v3.1"
"/Return/ReturnData/IRS990ScheduleL/LoansBtwnOrgInterestedPrsnGrp/DefaultInd",21344,10535,"2016v3.0, 2016v3.1"
"/Return/ReturnData/IRS990ScheduleL/LoansBtwnOrgInterestedPrsnGrp/BoardOrCommitteeApprovalInd",21328,10512,"2016v3.0, 2016v3.1"
"/Return/ReturnData/IRS990ScheduleL/LoansBtwnOrgInterestedPrsnGrp/WrittenAgreementInd",21281,10489,"2016v3.0, 2016v3.1"
"/Return/ReturnData/IRS990ScheduleH/OthHlthCareFcltsNotHospitalGrp/OthHlthCareFcltsGrp",21274,1502,"2016v3.0, 2016v3.1"
"/Return/ReturnData/IRS990ScheduleH/OthHlthCareFcltsNotHospitalGrp/OthHlthCareFcltsGrp/BusinessName",21274,1502,"2016v3.0, 2016v3.1"
"/Return/ReturnData/IRS990ScheduleH/OthHlthCareFcltsNotHospitalGrp/OthHlthCareFcltsGrp/BusinessName/BusinessNameLine1Txt",21274,1502,"2016v3.0, 2016v3.1"
"/Return/ReturnData/IRS990ScheduleH/OthHlthCareFcltsNotHospitalGrp/OthHlthCareFcltsGrp/FacilityTxt",21274,1502,"2016v3.0, 2016v3.1"
"/Return/ReturnData/IRS990ScheduleH/OthHlthCareFcltsNotHospitalGrp/OthHlthCareFcltsGrp/USAddress",21274,1502,"2016v3.0, 2016v3.1"
"/Return/ReturnData/IRS990ScheduleH/OthHlthCareFcltsNotHospitalGrp/OthHlthCareFcltsGrp/USAddress/AddressLine1Txt",21274,1502,"2016v3.0, 2016v3.1"
"/Return/ReturnData/IRS990ScheduleH/OthHlthCareFcltsNotHospitalGrp/OthHlthCareFcltsGrp/USAddress/CityNm",21274,1502,"2016v3.0, 2016v3.1"
"/Return/ReturnData/IRS990ScheduleH/OthHlthCareFcltsNotHospitalGrp/OthHlthCareFcltsGrp/USAddress/StateAbbreviationCd",21274,1502,"2016v3.0, 2016v3.1"
"/Return/ReturnData/IRS990ScheduleH/OthHlthCareFcltsNotHospitalGrp/OthHlthCareFcltsGrp/USAddress/ZIPCd",21274,1502,"2016v3.0, 2016v3.1"
"/Return/ReturnData/IRS990ScheduleG/FundraisingEventInformationGrp/OthDirectExpnssOtherEventsAmt",21221,21221,"2016v3.0, 2016v3.1"
"/Return/ReturnData/IRS990/ProgramServiceRevenueGrp/ExclusionAmt",20546,10996,"2016v3.0, 2016v3.1"
"/Return/ReturnData/IRS990ScheduleD/PrmnntEndowmentBalanceEOYPct",20493,20493,"2016v3.0, 2016v3.1"
"/Return/ReturnData/IRS990ScheduleG/AgrmtProfFundraisingActyInd",20295,20295,"2016v3.0, 2016v3.1"
"/Return/ReturnData/IRS990/FeesForServicesManagementGrp/ProgramServicesAmt",20023,20023,"2016v3.0, 2016v3.1"
"/Return/ReturnData/IRS990ScheduleD/DonatedServicesAndUseFcltsAmt",20008,20008,"2016v3.0, 2016v3.1"
"/Return/ReturnData/IRS990/TotalOthProgramServiceRevGrp",19963,19963,"2016v3.0, 2016v3.1"
"/Return/ReturnData/IRS990/TotalOthProgramServiceRevGrp/TotalRevenueColumnAmt",19959,19959,"2016v3.0, 2016v3.1"
"/Return/ReturnData/IRS990ScheduleA/OtherIncome509Grp/CurrentTaxYearAmt",19842,19842,"2016v3.0, 2016v3.1"
"/Return/ReturnData/IRS990ScheduleA/OtherIncome509Grp/CurrentTaxYearMinus1YearAmt",19815,19815,"2016v3.0, 2016v3.1"
"/Return/ReturnData/IRS990ScheduleJ/CompensationSurveyInd",19693,19693,"2016v3.0, 2016v3.1"
"/Return/ReturnData/IRS990/GamingGrossIncomeAmt",19564,19564,"2016v3.0, 2016v3.1"
"/Return/ReturnData/IRS990ScheduleL/LoansBtwnOrgInterestedPrsnGrp/OriginalPrincipalAmt",19558,9987,"2016v3.0, 2016v3.1"
"/Return/ReturnData/IRS990ScheduleA/OtherIncome509Grp/CurrentTaxYearMinus2YearsAmt",19424,19424,"2016v3.0, 2016v3.1"
"/Return/ReturnData/IRS990/InvestmentsProgramRelatedGrp/BOYAmt",19362,19362,"2016v3.0, 2016v3.1"
"/Return/ReturnData/IRS990ScheduleR/IdDisregardedEntitiesGrp/EIN",19298,6458,"2016v3.0, 2016v3.1"
"/Return/ReturnData/IRS990ScheduleD/DonatedServicesUseFcltsAmt",19279,19279,"2016v3.0, 2016v3.1"
"/Return/ReturnData/IRS990/NetRentalIncomeOrLossGrp/ExclusionAmt",19183,19183,"2016v3.0, 2016v3.1"
"/Return/ReturnData/IRS990ScheduleL/LoansBtwnOrgInterestedPrsnGrp/LoanPurposeTxt",19100,9774,"2016v3.0, 2016v3.1"
"/Return/ReturnData/IRS990ScheduleL/LoansBtwnOrgInterestedPrsnGrp/BalanceDueAmt",19039,9736,"2016v3.0, 2016v3.1"
"/Return/ReturnData/IRS990ScheduleA/OtherIncome509Grp/CurrentTaxYearMinus3YearsAmt",18998,18998,"2016v3.0, 2016v3.1"
"/Return/ReturnData/IRS990ScheduleE/SupplementalInformationDetail/ExplanationTxt",18966,11982,"2016v3.0, 2016v3.1"
"/Return/ReturnData/IRS990/GamingDirectExpensesAmt",18932,18932,"2016v3.0, 2016v3.1"
"/Return/ReturnData/IRS990EZ/GrossSalesOfInventoryAmt",18925,18925,"2016v3.0, 2016v3.1"
"/Return/ReturnData/IRS990ScheduleR/IdDisregardedEntitiesGrp/DirectControllingEntityName",18867,6181,"2016v3.0, 2016v3.1"
"/Return/ReturnData/IRS990ScheduleR/IdDisregardedEntitiesGrp/DirectControllingEntityName/BusinessNameLine1Txt",18867,6181,"2016v3.0, 2016v3.1"
"/Return/ReturnData/IRS990/ProgramServiceRevenueGrp/UnrelatedBusinessRevenueAmt",18667,11440,"2016v3.0, 2016v3.1"
"/Return/ReturnData/IRS990ScheduleA/OtherIncome509Grp/CurrentTaxYearMinus4YearsAmt",18610,18610,"2016v3.0, 2016v3.1"
"/Return/ReturnData/IRS990/LoansFromOfficersDirectorsGrp",18509,18509,"2016v3.0, 2016v3.1"
"/Return/ReturnData/IRS990/ContractorCompensationGrp/ContractorName/PersonNm",18471,7507,"2016v3.0, 2016v3.1"
"/Return/ReturnData/IRS990ScheduleA/OtherSupportSumAmt",18334,18334,"2016v3.0, 2016v3.1"
"/Return/ReturnData/IRS990ScheduleL/LoansBtwnOrgInterestedPrsnGrp/PersonNm",18253,9432,"2016v3.0, 2016v3.1"
"/Return/ReturnData/IRS990ScheduleG/FundraisingEventInformationGrp/EntertainmentTotalEventsAmt",18100,18100,"2016v3.0, 2016v3.1"
"/Return/ReturnData/IRS990/GrantsPayableGrp",18058,18058,"2016v3.0, 2016v3.1"
"/Return/ReturnData/IRS990ScheduleL/LoansBtwnOrgInterestedPrsnGrp/RelationshipWithOrgTxt",17822,9149,"2016v3.0, 2016v3.1"
"/Return/ReturnData/IRS990ScheduleI/TotalOtherOrgCnt",17770,17770,"2016v3.0, 2016v3.1"
"/Return/ReturnData/IRS990/TotalOtherProgSrvcRevenueAmt",17672,17672,"2016v3.0, 2016v3.1"
"/Return/ReturnData/IRS990ScheduleD/TotalBookValueSecuritiesAmt",17534,17534,"2016v3.0, 2016v3.1"
"/Return/ReturnData/IRS990/LoansFromOfficersDirectorsGrp/BOYAmt",17492,17492,"2016v3.0, 2016v3.1"
"/Return/ReturnData/IRS990/RentalIncomeOrLossGrp/PersonalAmt",17346,17346,"2016v3.0, 2016v3.1"
"/Return/ReturnData/IRS990/EscrowAccountLiabilityGrp",17325,17325,"2016v3.0, 2016v3.1"
"/Return/ReturnData/IRS990/TaxExemptBondLiabilitiesGrp",17251,17251,"2016v3.0, 2016v3.1"
"/Return/ReturnData/IRS990/GrantsPayableGrp/BOYAmt",17245,17245,"2016v3.0, 2016v3.1"
"/Return/ReturnData/IRS990/GrantsPayableGrp/EOYAmt",17201,17201,"2016v3.0, 2016v3.1"
"/Return/ReturnData/IRS990/ProgSrvcAccomActyOtherGrp/RevenueAmt",17035,11949,"2016v3.0, 2016v3.1"
"/Return/ReturnData/IRS990/TaxExemptBondLiabilitiesGrp/BOYAmt",17016,17016,"2016v3.0, 2016v3.1"
"/Return/ReturnData/IRS990ScheduleD/CYMinus1YrEndwmtFundGrp/ContributionsAmt",16985,16985,"2016v3.0, 2016v3.1"
"/Return/ReturnData/IRS990/EscrowAccountLiabilityGrp/BOYAmt",16979,16979,"2016v3.0, 2016v3.1"
"/Return/ReturnData/IRS990/LoansFromOfficersDirectorsGrp/EOYAmt",16964,16964,"2016v3.0, 2016v3.1"
"/Return/ReturnData/IRS990ScheduleD/CYEndwmtFundGrp/ContributionsAmt",16917,16917,"2016v3.0, 2016v3.1"
"/Return/ReturnData/IRS990ScheduleD/CYMinus2YrEndwmtFundGrp/ContributionsAmt",16907,16907,"2016v3.0, 2016v3.1"
"/Return/ReturnData/IRS990/EscrowAccountLiabilityGrp/EOYAmt",16827,16827,"2016v3.0, 2016v3.1"
"/Return/ReturnData/IRS990/TaxExemptBondLiabilitiesGrp/EOYAmt",16825,16825,"2016v3.0, 2016v3.1"
"/Return/ReturnData/IRS990ScheduleA/Form990SchASupportingOrgGrp",16817,16817,"2016v3.0, 2016v3.1"
"/Return/ReturnData/IRS990ScheduleA/Form990SchASupportingOrgGrp/Contribution35ControlledInd",16817,16817,"2016v3.0, 2016v3.1"
"/Return/ReturnData/IRS990ScheduleA/Form990SchASupportingOrgGrp/ContributionControllerInd",16817,16817,"2016v3.0, 2016v3.1"
"/Return/ReturnData/IRS990ScheduleA/Form990SchASupportingOrgGrp/ContributionFamilyInd",16817,16817,"2016v3.0, 2016v3.1"
"/Return/ReturnData/IRS990ScheduleA/Form990SchASupportingOrgGrp/ControlledDisqualifiedPrsnInd",16817,16817,"2016v3.0, 2016v3.1"
"/Return/ReturnData/IRS990ScheduleA/Form990SchASupportingOrgGrp/DisqualifiedPrsnControllIntInd",16817,16817,"2016v3.0, 2016v3.1"
"/Return/ReturnData/IRS990ScheduleA/Form990SchASupportingOrgGrp/DisqualifiedPrsnOwnrIntInd",16817,16817,"2016v3.0, 2016v3.1"
"/Return/ReturnData/IRS990ScheduleA/Form990SchASupportingOrgGrp/ExcessBusinessHoldingsRulesInd",16817,16817,"2016v3.0, 2016v3.1"
"/Return/ReturnData/IRS990ScheduleA/Form990SchASupportingOrgGrp/ListedByNameGoverningDocInd",16817,16817,"2016v3.0, 2016v3.1"
"/Return/ReturnData/IRS990ScheduleA/Form990SchASupportingOrgGrp/LoanDisqualifiedPersonInd",16817,16817,"2016v3.0, 2016v3.1"
"/Return/ReturnData/IRS990ScheduleA/Form990SchASupportingOrgGrp/OrganizationChangeSuprtOrgInd",16817,16817,"2016v3.0, 2016v3.1"
"/Return/ReturnData/IRS990ScheduleA/Form990SchASupportingOrgGrp/PaymentSubstantialContribtrInd",16817,16817,"2016v3.0, 2016v3.1"
"/Return/ReturnData/IRS990ScheduleA/Form990SchASupportingOrgGrp/SupportNonSupportedOrgInd",16817,16817,"2016v3.0, 2016v3.1"
"/Return/ReturnData/IRS990ScheduleA/Form990SchASupportingOrgGrp/SupportedOrgNotOrganizedUSInd",16817,16817,"2016v3.0, 2016v3.1"
"/Return/ReturnData/IRS990ScheduleA/Form990SchASupportingOrgGrp/SupportedOrgSectionC456Ind",16817,16817,"2016v3.0, 2016v3.1"
"/Return/ReturnData/IRS990ScheduleA/Form990SchASupportingOrgGrp/SuprtOrgNoIRSDeterminationInd",16817,16817,"2016v3.0, 2016v3.1"
"/Return/ReturnData/IRS990ScheduleD/OtherRevenuesNotIncludedAmt",16736,16736,"2016v3.0, 2016v3.1"
"/Return/ReturnData/IRS990/TotalOthProgramServiceRevGrp/RelatedOrExemptFuncIncomeAmt",16730,16730,"2016v3.0, 2016v3.1"
"/Return/ReturnData/IRS990ScheduleD/CYMinus3YrEndwmtFundGrp/ContributionsAmt",16702,16702,"2016v3.0, 2016v3.1"
"/Return/ReturnData/IRS990ScheduleD/EquipmentGrp/InvestmentCostOrOtherBasisAmt",16624,16624,"2016v3.0, 2016v3.1"
"/Return/ReturnData/IRS990ScheduleA/SupportSumAmt",16597,16597,"2016v3.0, 2016v3.1"
"/Return/ReturnData/IRS990ScheduleA/SupportedOrganizationsCnt",16591,16591,"2016v3.0, 2016v3.1"
"/Return/ReturnData/IRS990ScheduleA/SupportedOrganizationsTotalCnt",16562,16562,"2016v3.0, 2016v3.1"
"/Return/ReturnData/IRS990ScheduleA/SupportingOrganization509a3Ind",16546,16546,"2016v3.0, 2016v3.1"
"/Return/ReturnData/IRS990ScheduleD/CYMinus4YrEndwmtFundGrp/ContributionsAmt",16355,16355,"2016v3.0, 2016v3.1"
"/Return/ReturnData/IRS990/ProgSrvcAccomActy2Grp/GrantAmt",16330,16330,"2016v3.0, 2016v3.1"
"/Return/ReturnData/IRS990ScheduleC/SubstantiallyAllDuesNondedInd",16080,16080,"2016v3.0, 2016v3.1"
"/Return/ReturnData/IRS990ScheduleC/OnlyInHouseLobbyingInd",16044,16044,"2016v3.0, 2016v3.1"
"/Return/ReturnData/IRS990/FederatedCampaignsAmt",15952,15952,"2016v3.0, 2016v3.1"
"/Return/ReturnData/IRS990ScheduleA/SubstAndDsqlfyPrsnsTotGrp/CurrentTaxYearAmt",15946,15946,"2016v3.0, 2016v3.1"
"/Return/ReturnData/IRS990ScheduleC/AgreeCarryoverPriorYearInd",15932,15932,"2016v3.0, 2016v3.1"
"/Return/ReturnData/IRS990/RelatedOrganizationsAmt",15831,15831,"2016v3.0, 2016v3.1"
"/Return/ReturnData/IRS990ScheduleA/SubstAndDsqlfyPrsnsTotGrp/CurrentTaxYearMinus1YearAmt",15812,15812,"2016v3.0, 2016v3.1"
"/Return/ReturnData/IRS990ScheduleD/BoardDesignatedBalanceEOYPct",15742,15742,"2016v3.0, 2016v3.1"
"/Return/ReturnData/IRS990ScheduleG/FundraisingEventInformationGrp/CharitableContriEvent2Amt",15701,15701,"2016v3.0, 2016v3.1"
"/Return/ReturnData/IRS990ScheduleI/RecipientTable/USAddress/AddressLine2Txt",15680,2555,"2016v3.0, 2016v3.1"
"/Return/ReturnData/IRS990/OwnWebsiteInd",15648,15648,"2016v3.0, 2016v3.1"
"/Return/ReturnData/IRS990ScheduleD/TermEndowmentBalanceEOYPct",15625,15625,"2016v3.0, 2016v3.1"
"/Return/ReturnData/IRS990ScheduleG/FundraisingEventInformationGrp/EntertainmentEvent1Amt",15497,15497,"2016v3.0, 2016v3.1"
"/Return/ReturnData/IRS990ScheduleR/IdDisregardedEntitiesGrp/EndOfYearAssetsAmt",15475,5819,"2016v3.0, 2016v3.1"
"/Return/ReturnData/IRS990ScheduleD/InclEscrowCustodialAcctLiabInd",15466,15466,"2016v3.0, 2016v3.1"
"/Return/ReturnData/IRS990ScheduleJ/CompensationCommitteeInd",15395,15395,"2016v3.0, 2016v3.1"
"/Return/ReturnData/IRS990ScheduleA/SubstAndDsqlfyPrsnsTotGrp/CurrentTaxYearMinus2YearsAmt",15342,15342,"2016v3.0, 2016v3.1"
"/Return/ReturnData/IRS990/ReceivablesFromOfficersEtcGrp/BOYAmt",15231,15231,"2016v3.0, 2016v3.1"
"/Return/ReturnData/IRS990ScheduleI/GrantsOtherAsstToIndivInUSGrp/ValuationMethodUsedDesc",15104,8327,"2016v3.0, 2016v3.1"
"/Return/ReturnData/IRS990ScheduleA/SubstAndDsqlfyPrsnsTotGrp/CurrentTaxYearMinus3YearsAmt",15088,15088,"2016v3.0, 2016v3.1"
"/Return/ReturnData/IRS990ScheduleA/SchoolInd",14861,14861,"2016v3.0, 2016v3.1"
"/Return/ReturnData/IRS990/DoingBusinessAsName",14842,14842,"2016v3.0, 2016v3.1"
"/Return/ReturnData/IRS990/DoingBusinessAsName/BusinessNameLine1Txt",14842,14842,"2016v3.0, 2016v3.1"
"/Return/ReturnData/IRS990ScheduleR/IdDisregardedEntitiesGrp/TotalIncomeAmt",14832,5574,"2016v3.0, 2016v3.1"
"/Return/ReturnData/IRS990ScheduleA/SubstAndDsqlfyPrsnsTotGrp/CurrentTaxYearMinus4YearsAmt",14703,14703,"2016v3.0, 2016v3.1"
"/Return/ReturnData/IRS990ScheduleE",14662,14662,"2016v3.0, 2016v3.1"
"/Return/ReturnData/IRS990ScheduleE/NondiscriminatoryPolicyStmtInd",14492,14492,"2016v3.0, 2016v3.1"
"/Return/ReturnData/IRS990ScheduleE/PolicyStmtInBrochuresEtcInd",14490,14490,"2016v3.0, 2016v3.1"
"/Return/ReturnData/IRS990ScheduleE/GovernmentFinancialAidRcvdInd",14482,14482,"2016v3.0, 2016v3.1"
"/Return/ReturnData/IRS990ScheduleE/DiscriminateRaceEmplmFcultyInd",14477,14477,"2016v3.0, 2016v3.1"
"/Return/ReturnData/IRS990ScheduleE/DiscriminateRaceEducPlcyInd",14476,14476,"2016v3.0, 2016v3.1"
"/Return/ReturnData/IRS990ScheduleE/DiscriminateRaceStdntsRghtsInd",14476,14476,"2016v3.0, 2016v3.1"
"/Return/ReturnData/IRS990ScheduleE/DiscriminateRaceAdmissPlcyInd",14475,14475,"2016v3.0, 2016v3.1"
"/Return/ReturnData/IRS990ScheduleE/DiscriminateRaceUseOfFcltsInd",14475,14475,"2016v3.0, 2016v3.1"
"/Return/ReturnData/IRS990ScheduleE/MaintainRacialCompRecsInd",14471,14471,"2016v3.0, 2016v3.1"
"/Return/ReturnData/IRS990ScheduleE/DiscriminateRaceSchsInd",14469,14469,"2016v3.0, 2016v3.1"
"/Return/ReturnData/IRS990ScheduleE/MaintainCpyOfBrochuresEtcInd",14468,14468,"2016v3.0, 2016v3.1"
"/Return/ReturnData/IRS990ScheduleE/ComplianceWithRevProc7550Ind",14462,14462,"2016v3.0, 2016v3.1"
"/Return/ReturnData/IRS990ScheduleE/DiscriminateRaceAthltProgInd",14459,14459,"2016v3.0, 2016v3.1"
"/Return/ReturnData/IRS990ScheduleE/PlcyPblczdViaBroadcastMediaInd",14459,14459,"2016v3.0, 2016v3.1"
"/Return/ReturnData/IRS990ScheduleE/MaintainScholarshipsRecsInd",14458,14458,"2016v3.0, 2016v3.1"
"/Return/ReturnData/IRS990ScheduleE/MaintainCpyOfAllSolInd",14455,14455,"2016v3.0, 2016v3.1"
"/Return/ReturnData/IRS990ScheduleE/DiscriminateRaceOtherActyInd",14440,14440,"2016v3.0, 2016v3.1"
"/Return/ReturnData/IRS990ScheduleE/GovernmentFinancialAidRvkdInd",14418,14418,"2016v3.0, 2016v3.1"
"/Return/ReturnData/IRS990ScheduleA/GrossReceiptsNonUnrltBusGrp/CurrentTaxYearAmt",14412,14412,"2016v3.0, 2016v3.1"
"/Return/ReturnData/IRS990ScheduleD/OtherExpensesNotIncludedAmt",14222,14222,"2016v3.0, 2016v3.1"
"/Return/ReturnData/IRS990ScheduleD/CYEndwmtFundGrp/OtherExpendituresAmt",14197,14197,"2016v3.0, 2016v3.1"
"/Return/ReturnData/IRS990ScheduleA/First5Years509Ind",14074,14074,"2016v3.0, 2016v3.1"
"/Return/ReturnData/IRS990ScheduleD/CYMinus1YrEndwmtFundGrp/OtherExpendituresAmt",14060,14060,"2016v3.0, 2016v3.1"
"/Return/ReturnData/IRS990ScheduleH/SupplementalInformationGrp",14041,2294,"2016v3.0, 2016v3.1"
"/Return/ReturnData/IRS990ScheduleH/SupplementalInformationGrp/FormAndLineReferenceDesc",14041,2294,"2016v3.0, 2016v3.1"
"/Return/ReturnData/IRS990ScheduleH/SupplementalInformationGrp/ExplanationTxt",14027,2294,"2016v3.0, 2016v3.1"
"/Return/ReturnData/IRS990ScheduleD/CYMinus2YrEndwmtFundGrp/OtherExpendituresAmt",13861,13861,"2016v3.0, 2016v3.1"
"/Return/ReturnData/IRS990ScheduleA/GrossReceiptsNonUnrltBusGrp/CurrentTaxYearMinus1YearAmt",13820,13820,"2016v3.0, 2016v3.1"
"/Return/ReturnData/IRS990/NetRentalIncomeOrLossGrp/RelatedOrExemptFuncIncomeAmt",13728,13728,"2016v3.0, 2016v3.1"
"/Return/ReturnData/IRS990ScheduleG/FundraisingEventInformationGrp/NonCashPrizesTotalEventsAmt",13699,13699,"2016v3.0, 2016v3.1"
"/Return/ReturnData/IRS990ScheduleD/CYMinus3YrEndwmtFundGrp/OtherExpendituresAmt",13554,13554,"2016v3.0, 2016v3.1"
"/Return/ReturnData/IRS990ScheduleD/BuildingsGrp/InvestmentCostOrOtherBasisAmt",13553,13553,"2016v3.0, 2016v3.1"
"/Return/ReturnData/IRS990/MiscellaneousRevenueGrp",13210,13210,"2016v3.0, 2016v3.1"
"/Return/ReturnData/IRS990/MiscellaneousRevenueGrp/TotalRevenueColumnAmt",13206,13206,"2016v3.0, 2016v3.1"
"/Return/ReturnData/IRS990ScheduleD/CYMinus4YrEndwmtFundGrp/OtherExpendituresAmt",13100,13100,"2016v3.0, 2016v3.1"
"/Return/ReturnData/IRS990ScheduleA/GrossReceiptsNonUnrltBusGrp/CurrentTaxYearMinus2YearsAmt",12985,12985,"2016v3.0, 2016v3.1"
"/Return/ReturnData/IRS990/PoliciesReferenceChaptersInd",12796,12796,"2016v3.0, 2016v3.1"
"/Return/ReturnData/IRS990ScheduleR/IdRelatedOrgTxblPartnershipGrp/UBICodeVAmt",12604,819,"2016v3.0, 2016v3.1"
"/Return/ReturnData/IRS990ScheduleK/TaxExemptBondsIssuesGrp",12516,6032,"2016v3.0, 2016v3.1"
"/Return/ReturnData/IRS990ScheduleK/TaxExemptBondsIssuesGrp/BondReferenceCd",12516,6032,"2016v3.0, 2016v3.1"
"/Return/ReturnData/IRS990ScheduleG/SpecialFundraisingEventsInd",12503,12503,"2016v3.0, 2016v3.1"
"/Return/ReturnData/IRS990ScheduleK/TaxExemptBondsIssuesGrp/IssuerName",12490,6029,"2016v3.0, 2016v3.1"
"/Return/ReturnData/IRS990ScheduleK/TaxExemptBondsIssuesGrp/IssuerName/BusinessNameLine1Txt",12490,6029,"2016v3.0, 2016v3.1"
"/Return/ReturnData/IRS990ScheduleK/TaxExemptBondsIssuesGrp/DefeasedInd",12465,6003,"2016v3.0, 2016v3.1"
"/Return/ReturnData/IRS990ScheduleK/TaxExemptBondsIssuesGrp/IssuePriceAmt",12459,6010,"2016v3.0, 2016v3.1"
"/Return/ReturnData/IRS990ScheduleK/TaxExemptBondsIssuesGrp/OnBehalfOfIssuerInd",12449,5991,"2016v3.0, 2016v3.1"
"/Return/ReturnData/IRS990ScheduleK/TaxExemptBondsIssuesGrp/BondIssuedDt",12448,6016,"2016v3.0, 2016v3.1"
"/Return/ReturnData/IRS990ScheduleK/TaxExemptBondsProceedsGrp",12415,5981,"2016v3.0, 2016v3.1"
"/Return/ReturnData/IRS990ScheduleK/TaxExemptBondsProceedsGrp/BondReferenceCd",12415,5981,"2016v3.0, 2016v3.1"
"/Return/ReturnHeader/Filer/InCareOfNm",12394,12394,"2016v3.0, 2016v3.1"
"/Return/ReturnData/IRS990ScheduleK/TaxExemptBondsProceedsGrp/CurrentRefundingInd",12389,5970,"2016v3.0, 2016v3.1"
"/Return/ReturnData/IRS990ScheduleA/First5Years170Ind",12386,12386,"2016v3.0, 2016v3.1"
"/Return/ReturnData/IRS990ScheduleK/TaxExemptBondsProceedsGrp/AdvanceRefundingInd",12383,5968,"2016v3.0, 2016v3.1"
"/Return/ReturnData/IRS990ScheduleK/TaxExemptBondsIssuesGrp/PoolFinancingInd",12379,5947,"2016v3.0, 2016v3.1"
"/Return/ReturnData/IRS990ScheduleK/TaxExemptBondsProceedsGrp/FinalAllocationMadeInd",12358,5959,"2016v3.0, 2016v3.1"
"/Return/ReturnData/IRS990/RcvblFromDisqualifiedPrsnGrp/BOYAmt",12353,12353,"2016v3.0, 2016v3.1"
"/Return/ReturnData/IRS990ScheduleK/TaxExemptBondsIssuesGrp/PurposeDesc",12353,5950,"2016v3.0, 2016v3.1"
"/Return/ReturnData/IRS990ScheduleK/TaxExemptBondsProceedsGrp/AdequateBooksAndRecMaintInd",12344,5961,"2016v3.0, 2016v3.1"
"/Return/ReturnData/IRS990ScheduleD/LandGrp/InvestmentCostOrOtherBasisAmt",12335,12335,"2016v3.0, 2016v3.1"
"/Return/ReturnData/IRS990ScheduleF",12321,12321,"2016v3.0, 2016v3.1"
"/Return/ReturnData/IRS990/Form990PartVIISectionAGrp/FormerOfcrDirectorTrusteeInd",12312,6801,"2016v3.0, 2016v3.1"
"/Return/ReturnData/IRS990ScheduleA/GrossReceiptsNonUnrltBusGrp/CurrentTaxYearMinus3YearsAmt",12276,12276,"2016v3.0, 2016v3.1"
"/Return/ReturnData/IRS990ScheduleK/TaxExemptBondsArbitrageGrp",12235,5897,"2016v3.0, 2016v3.1"
"/Return/ReturnData/IRS990ScheduleK/TaxExemptBondsArbitrageGrp/BondReferenceCd",12235,5897,"2016v3.0, 2016v3.1"
"/Return/ReturnData/IRS990ScheduleK/TaxExemptBondsArbitrageGrp/Form8038TFiledInd",12180,5861,"2016v3.0, 2016v3.1"
"/Return/ReturnData/IRS990ScheduleK/TaxExemptBondsArbitrageGrp/HedgeIdentifiedInBksAndRecInd",12168,5861,"2016v3.0, 2016v3.1"
"/Return/ReturnData/IRS990ScheduleK/TaxExemptBondsArbitrageGrp/GrossProceedsInvestedInGICInd",12121,5846,"2016v3.0, 2016v3.1"
"/Return/ReturnData/IRS990/OtherRevenueMiscGrp/UnrelatedBusinessRevenueAmt",12102,8925,"2016v3.0, 2016v3.1"
"/Return/ReturnData/IRS990ScheduleL/LoansBtwnOrgInterestedPrsnGrp/LoanToOrganizationInd",12083,7455,"2016v3.0, 2016v3.1"
"/Return/ReturnData/IRS990ScheduleK/TaxExemptBondsArbitrageGrp/WrittenProcToMonitorReqsInd",12068,5801,"2016v3.0, 2016v3.1"
"/Return/ReturnData/IRS990ScheduleF/TransferToForeignCorpInd",12005,12005,"2016v3.0, 2016v3.1"
"/Return/ReturnData/IRS990ScheduleF/ForeignCorpOwnershipInd",12004,12004,"2016v3.0, 2016v3.1"
"/Return/ReturnData/IRS990ScheduleF/ForeignPartnershipInd",12004,12004,"2016v3.0, 2016v3.1"
"/Return/ReturnData/IRS990ScheduleF/PassiveForeignInvestmestCoInd",12003,12003,"2016v3.0, 2016v3.1"
"/Return/ReturnData/IRS990ScheduleF/InterestInForeignTrustInd",12002,12002,"2016v3.0, 2016v3.1"
"/Return/ReturnData/IRS990ScheduleF/BoycottCountriesInd",12001,12001,"2016v3.0, 2016v3.1"
"/Return/ReturnData/IRS990ScheduleK/TaxExemptBondsArbitrageGrp/GrossProceedsInvestedInd",11993,5778,"2016v3.0, 2016v3.1"
"/Return/ReturnData/IRS990ScheduleG/FundraisingEventInformationGrp/FoodAndBeverageEvent2Amt",11978,11978,"2016v3.0, 2016v3.1"
"/Return/ReturnData/IRS990ScheduleF/GrantsToOrgOutsideUSGrp/ValuationMethodUsedDesc",11943,1564,"2016v3.0, 2016v3.1"
"/Return/ReturnData/IRS990EZ/BenefitsPaidToOrForMembersAmt",11912,11912,"2016v3.0, 2016v3.1"
"/Return/ReturnData/IRS990/TotalOtherProgSrvcGrantAmt",11852,11852,"2016v3.0, 2016v3.1"
"/Return/ReturnData/IRS990ScheduleJ/WrittenEmploymentContractInd",11846,11846,"2016v3.0, 2016v3.1"
"/Return/ReturnData/IRS990ScheduleK/ProceduresCorrectiveActionGrp",11779,5635,"2016v3.0, 2016v3.1"
"/Return/ReturnData/IRS990ScheduleK/ProceduresCorrectiveActionGrp/BondReferenceCd",11779,5635,"2016v3.0, 2016v3.1"
"/Return/ReturnData/IRS990ScheduleK/TaxExemptBondsIssuesGrp/BondIssuerEIN",11751,5586,"2016v3.0, 2016v3.1"
"/Return/ReturnData/IRS990ScheduleK/ProceduresCorrectiveActionGrp/ProceduresCorrectiveActionInd",11731,5606,"2016v3.0, 2016v3.1"
"/Return/ReturnData/IRS990ScheduleK/TaxExemptBondsPrivateBusUseGrp",11688,5649,"2016v3.0, 2016v3.1"
"/Return/ReturnData/IRS990ScheduleK/TaxExemptBondsPrivateBusUseGrp/BondReferenceCd",11687,5648,"2016v3.0, 2016v3.1"
"/Return/ReturnData/IRS990ScheduleK/TaxExemptBondsArbitrageGrp/VariableRateIssueInd",11686,5575,"2016v3.0, 2016v3.1"
"/Return/ReturnData/IRS990ScheduleK/TaxExemptBondsProceedsGrp/TotalProceedsAmt",11632,5554,"2016v3.0, 2016v3.1"
"/Return/ReturnData/IRS990ScheduleD/InvstProgramRelatedOrgGrp",11605,4561,"2016v3.0, 2016v3.1"
"/Return/ReturnData/IRS990ScheduleD/InvstProgramRelatedOrgGrp/Desc",11575,4541,"2016v3.0, 2016v3.1"
"/Return/ReturnData/IRS990EZ/SaleOfAssetsGrossAmt",11572,11572,"2016v3.0, 2016v3.1"
"/Return/ReturnData/IRS990/InterestGrp/FundraisingAmt",11555,11555,"2016v3.0, 2016v3.1"
"/Return/ReturnData/IRS990ScheduleD/InvstProgramRelatedOrgGrp/BookValueAmt",11510,4547,"2016v3.0, 2016v3.1"
"/Return/ReturnData/IRS990ScheduleA/GrossReceiptsNonUnrltBusGrp/CurrentTaxYearMinus4YearsAmt",11485,11485,"2016v3.0, 2016v3.1"
"/Return/ReturnData/IRS990ScheduleK/TaxExemptBondsPrivateBusUseGrp/OwningBondFinancedPropertyInd",11455,5592,"2016v3.0, 2016v3.1"
"/Return/ReturnData/IRS990ScheduleG/FundraisingEventInformationGrp/NonCashPrizesEvent1Amt",11453,11453,"2016v3.0, 2016v3.1"
"/Return/ReturnData/IRS990ScheduleK/TaxExemptBondsPrivateBusUseGrp/AnyLeaseArrangementsInd",11452,5593,"2016v3.0, 2016v3.1"
"/Return/ReturnData/IRS990ScheduleK/TaxExemptBondsPrivateBusUseGrp/MgmtContractBondFincdPropInd",11449,5589,"2016v3.0, 2016v3.1"
"/Return/ReturnData/IRS990ScheduleK/TaxExemptBondsPrivateBusUseGrp/AnyResearchAgreementsInd",11399,5562,"2016v3.0, 2016v3.1"
"/Return/ReturnData/IRS990EZ/TypeOfOrganizationAssocInd",11361,11361,"2016v3.0, 2016v3.1"
"/Return/ReturnData/IRS990ScheduleK/TaxExemptBondsPrivateBusUseGrp/ProcsNonqualifiedBondRemdtdInd",11335,5506,"2016v3.0, 2016v3.1"
"/Return/ReturnData/IRS990ScheduleA/AmountsRcvdDsqlfyPersonGrp/CurrentTaxYearAmt",11326,11326,"2016v3.0, 2016v3.1"
"/Return/ReturnData/IRS990ScheduleD/InvstProgramRelatedOrgGrp/MethodValuationCd",11307,4432,"2016v3.0, 2016v3.1"
"/Return/ReturnData/IRS990ScheduleA/AmountsRcvdDsqlfyPersonGrp/CurrentTaxYearMinus1YearAmt",11267,11267,"2016v3.0, 2016v3.1"
"/Return/ReturnData/IRS990ScheduleK/TaxExemptBondsPrivateBusUseGrp/ChangeInUseBondFinancedPropInd",11235,5476,"2016v3.0, 2016v3.1"
"/Return/ReturnData/IRS990/InvestmentIncomeGrp/UnrelatedBusinessRevenueAmt",11175,11175,"2016v3.0, 2016v3.1"
"/Return/ReturnData/IRS990ScheduleK/TaxExemptBondsPrivateBusUseGrp/BondIssMeetPrvtSecPymtTestInd",11122,5422,"2016v3.0, 2016v3.1"
"/Return/ReturnData/IRS990ScheduleI/GrantsOtherAsstToIndivInUSGrp/NonCashAssistanceDesc",11116,6387,"2016v3.0, 2016v3.1"
"/Return/ReturnData/IRS990ScheduleA/AmountsRcvdDsqlfyPersonGrp/CurrentTaxYearMinus2YearsAmt",10919,10919,"2016v3.0, 2016v3.1"
"/Return/ReturnData/IRS990/TypeOfOrganizationAssocInd",10753,10753,"2016v3.0, 2016v3.1"
"/Return/ReturnData/IRS990/ProgSrvcAccomActy3Grp/GrantAmt",10750,10750,"2016v3.0, 2016v3.1"
"/Return/ReturnData/IRS990/FeesForServicesLegalGrp/FundraisingAmt",10725,10725,"2016v3.0, 2016v3.1"
"/Return/ReturnData/IRS990ScheduleA/AmountsRcvdDsqlfyPersonGrp/CurrentTaxYearMinus3YearsAmt",10724,10724,"2016v3.0, 2016v3.1"
"/Return/ReturnData/IRS990/ForeignGrantsGrp/ProgramServicesAmt",10664,10664,"2016v3.0, 2016v3.1"
"/Return/ReturnData/IRS990ScheduleF/SupplementalInformationDetail",10612,7393,"2016v3.0, 2016v3.1"
"/Return/ReturnData/IRS990ScheduleF/SupplementalInformationDetail/FormAndLineReferenceDesc",10601,7392,"2016v3.0, 2016v3.1"
"/Return/ReturnData/IRS990ScheduleF/SupplementalInformationDetail/ExplanationTxt",10595,7390,"2016v3.0, 2016v3.1"
"/Return/ReturnData/IRS990ScheduleJ/RltdOrgOfficerTrstKeyEmplGrp/BusinessName",10587,1351,"2016v3.0, 2016v3.1"
"/Return/ReturnData/IRS990ScheduleJ/RltdOrgOfficerTrstKeyEmplGrp/BusinessName/BusinessNameLine1Txt",10587,1351,"2016v3.0, 2016v3.1"
"/Return/ReturnData/IRS990ScheduleK/TaxExemptBondsArbitrageGrp/RebateNotDueYetInd",10560,5265,"2016v3.0, 2016v3.1"
"/Return/ReturnData/IRS990ScheduleK/TaxExemptBondsArbitrageGrp/ExceptionToRebateInd",10539,5219,"2016v3.0, 2016v3.1"
"/Return/ReturnData/IRS990ScheduleK/TaxExemptBondsArbitrageGrp/NoRebateDueInd",10495,5218,"2016v3.0, 2016v3.1"
"/Return/ReturnData/IRS990ScheduleF/TotalSpentAmt",10410,10410,"2016v3.0, 2016v3.1"
"/Return/ReturnData/IRS990ScheduleA/AmountsRcvdDsqlfyPersonGrp/CurrentTaxYearMinus4YearsAmt",10374,10374,"2016v3.0, 2016v3.1"
"/Return/ReturnData/IRS990ScheduleC/SupplementalInformationDetail",10145,9212,"2016v3.0, 2016v3.1"
"/Return/ReturnData/IRS990ScheduleC/SupplementalInformationDetail/FormAndLineReferenceDesc",10144,9211,"2016v3.0, 2016v3.1"
"/Return/ReturnData/IRS990ScheduleC/SupplementalInformationDetail/ExplanationTxt",10139,9206,"2016v3.0, 2016v3.1"
"/Return/ReturnData/IRS990ScheduleG/GamingWithNonmembersInd",10115,10115,"2016v3.0, 2016v3.1"
"/Return/ReturnData/IRS990ScheduleG/FundraisingEventInformationGrp/RentFacilityCostsEvent2Amt",10094,10094,"2016v3.0, 2016v3.1"
"/Return/ReturnData/IRS990ScheduleG/MemberOfOtherEntityInd",10062,10062,"2016v3.0, 2016v3.1"
"/Return/ReturnData/IRS990ScheduleL/BusTrInvolveInterestedPrsnGrp/NameOfInterested/BusinessName",10029,5857,"2016v3.0, 2016v3.1"
"/Return/ReturnData/IRS990ScheduleL/BusTrInvolveInterestedPrsnGrp/NameOfInterested/BusinessName/BusinessNameLine1Txt",10029,5857,"2016v3.0, 2016v3.1"
"/Return/ReturnData/IRS990ScheduleF/SubtotalSpentAmt",10018,10018,"2016v3.0, 2016v3.1"
"/Return/ReturnData/IRS990/FeesForServicesProfFundraising/FundraisingAmt",9959,9959,"2016v3.0, 2016v3.1"
"/Return/ReturnData/IRS990/ProgSrvcAccomActyOtherGrp/GrantAmt",9916,6857,"2016v3.0, 2016v3.1"
"/Return/ReturnData/IRS990ScheduleG/LicensedInd",9778,9778,"2016v3.0, 2016v3.1"
"/Return/ReturnData/IRS990ScheduleG/GamingInformationGrp",9768,9768,"2016v3.0, 2016v3.1"
"/Return/ReturnData/IRS990ScheduleJ/SubstantiationRequiredInd",9722,9722,"2016v3.0, 2016v3.1"
"/Return/ReturnData/IRS990/MiscellaneousRevenueGrp/RelatedOrExemptFuncIncomeAmt",9713,9713,"2016v3.0, 2016v3.1"
"/Return/ReturnData/IRS990ScheduleD/CYEndwmtFundGrp/AdministrativeExpensesAmt",9695,9695,"2016v3.0, 2016v3.1"
"/Return/ReturnData/IRS990ScheduleA/Form990SchAType1SuprtOrgGrp",9694,9694,"2016v3.0, 2016v3.1"
"/Return/ReturnData/IRS990ScheduleA/Form990SchAType1SuprtOrgGrp/OperateBenefitNonSuprtOrgInd",9694,9694,"2016v3.0, 2016v3.1"
"/Return/ReturnData/IRS990ScheduleA/Form990SchAType1SuprtOrgGrp/PowerAppointMajorityDirTrstInd",9694,9694,"2016v3.0, 2016v3.1"
"/Return/ReturnData/IRS990ScheduleD/CYMinus1YrEndwmtFundGrp/AdministrativeExpensesAmt",9680,9680,"2016v3.0, 2016v3.1"
"/Return/ReturnData/IRS990ScheduleD/ArtPublicExhibitionAmountsGrp",9669,9669,"2016v3.0, 2016v3.1"
"/Return/ReturnData/IRS990ScheduleR/IdRelatedOrgTxblCorpTrGrp/LegalDomicileForeignCountryCd",9666,2514,"2016v3.0, 2016v3.1"
"/Return/ReturnData/IRS990ScheduleL/TotalBalanceDueAmt",9654,9654,"2016v3.0, 2016v3.1"
"/Return/ReturnData/IRS990ScheduleI/GrantsOtherAsstToIndivInUSGrp/NonCashAssistanceAmt",9622,5471,"2016v3.0, 2016v3.1"
"/Return/ReturnData/IRS990ScheduleG/LicenseSuspendedEtcInd",9569,9569,"2016v3.0, 2016v3.1"
"/Return/ReturnData/IRS990ScheduleK/TaxExemptBondsProceedsGrp/IssuanceCostsFromProceedsAmt",9547,4796,"2016v3.0, 2016v3.1"
"/Return/ReturnData/IRS990ScheduleD/OtherLandBuildingsGrp/InvestmentCostOrOtherBasisAmt",9537,9537,"2016v3.0, 2016v3.1"
"/Return/ReturnData/IRS990ScheduleG/CntrctWith3rdPrtyForGameRevInd",9533,9533,"2016v3.0, 2016v3.1"
"/Return/ReturnData/IRS990ScheduleD/InvestmentExpensesNotIncldAmt",9461,9461,"2016v3.0, 2016v3.1"
"/Return/ReturnData/IRS990ScheduleG/StatesWhereGamingConductedCd",9452,8696,"2016v3.0, 2016v3.1"
"/Return/ReturnData/IRS990ScheduleD/CYMinus2YrEndwmtFundGrp/AdministrativeExpensesAmt",9423,9423,"2016v3.0, 2016v3.1"
"/Return/ReturnData/IRS990/AddressChangeInd",9409,9409,"2016v3.0, 2016v3.1"
"/Return/ReturnData/IRS990ScheduleD/InvestmentExpensesNotIncld2Amt",9393,9393,"2016v3.0, 2016v3.1"
"/Return/ReturnData/IRS990ScheduleG/GamingInformationGrp/GrossRevenueTotalGamingAmt",9239,9239,"2016v3.0, 2016v3.1"
"/Return/ReturnData/IRS990ScheduleG/GamingInformationGrp/NetGamingIncomeSummaryAmt",9207,9207,"2016v3.0, 2016v3.1"
"/Return/ReturnData/IRS990ScheduleG/CharitableDistributionRqrInd",9187,9187,"2016v3.0, 2016v3.1"
"/Return/ReturnData/IRS990ScheduleJ/Form990OfOtherOrganizationsInd",9187,9187,"2016v3.0, 2016v3.1"
"/Return/ReturnData/IRS990ScheduleD/CYMinus3YrEndwmtFundGrp/AdministrativeExpensesAmt",9184,9184,"2016v3.0, 2016v3.1"
"/Return/ReturnData/IRS990ScheduleA/SupportingOrgType1Ind",9160,9160,"2016v3.0, 2016v3.1"
"/Return/ReturnData/IRS990ScheduleR/IdRelatedOrgTxblCorpTrGrp/ForeignAddress",9135,2315,"2016v3.0, 2016v3.1"
"/Return/ReturnData/IRS990ScheduleR/IdRelatedOrgTxblCorpTrGrp/ForeignAddress/AddressLine1Txt",9135,2315,"2016v3.0, 2016v3.1"
"/Return/ReturnData/IRS990ScheduleR/IdRelatedOrgTxblCorpTrGrp/ForeignAddress/CountryCd",9135,2315,"2016v3.0, 2016v3.1"
"/Return/ReturnData/IRS990ScheduleD/AgentTrusteeEtcInd",9036,9036,"2016v3.0, 2016v3.1"
"/Return/ReturnData/IRS990ScheduleG/FundraisingEventInformationGrp/CharitableContriOtherEventsAmt",8858,8858,"2016v3.0, 2016v3.1"
"/Return/ReturnData/IRS990ScheduleD/CYMinus4YrEndwmtFundGrp/AdministrativeExpensesAmt",8826,8826,"2016v3.0, 2016v3.1"
"/Return/ReturnData/IRS990ScheduleM/SecuritiesPubliclyTradedGrp",8806,8806,"2016v3.0, 2016v3.1"
"/Return/ReturnData/IRS990/FeesForSrvcInvstMgmntFeesGrp/ProgramServicesAmt",8779,8779,"2016v3.0, 2016v3.1"
"/Return/ReturnData/IRS990ScheduleK/TaxExemptBondsProceedsGrp/SubstantialCompletionYr",8774,4403,"2016v3.0, 2016v3.1"
"/Return/ReturnData/IRS990ScheduleG/GamingInformationGrp/DirectExpenseSummaryGamingAmt",8745,8745,"2016v3.0, 2016v3.1"
"/Return/ReturnData/IRS990ScheduleF/GrantsToOrgOutsideUSGrp/DescriptionOfNonCashAsstTxt",8721,922,"2016v3.0, 2016v3.1"
"/Return/ReturnData/IRS990ScheduleF/TotalEmployeeCnt",8668,8668,"2016v3.0, 2016v3.1"
"/Return/ReturnData/IRS990/NetIncomeOrLossGrp/ExclusionAmt",8630,8630,"2016v3.0, 2016v3.1"
"/Return/ReturnData/IRS990/RoyaltiesRevenueGrp/ExclusionAmt",8505,8505,"2016v3.0, 2016v3.1"
"/Return/ReturnData/CompensationExplanation",8502,8238,"2016v3.0, 2016v3.1"
"/Return/ReturnData/IRS990/BenefitsToMembersGrp/ProgramServicesAmt",8472,8472,"2016v3.0, 2016v3.1"
"/Return/ReturnData/IRS990/PaymentsToAffiliatesGrp/ProgramServicesAmt",8455,8455,"2016v3.0, 2016v3.1"
"/Return/ReturnData/IRS990ScheduleG/PersonsWithBooksUSAddress",8452,8452,"2016v3.0, 2016v3.1"
"/Return/ReturnData/IRS990ScheduleG/PersonsWithBooksUSAddress/AddressLine1Txt",8452,8452,"2016v3.0, 2016v3.1"
"/Return/ReturnData/IRS990ScheduleG/PersonsWithBooksUSAddress/CityNm",8452,8452,"2016v3.0, 2016v3.1"
"/Return/ReturnData/IRS990ScheduleG/PersonsWithBooksUSAddress/StateAbbreviationCd",8452,8452,"2016v3.0, 2016v3.1"
"/Return/ReturnData/IRS990ScheduleG/PersonsWithBooksUSAddress/ZIPCd",8452,8452,"2016v3.0, 2016v3.1"
"/Return/ReturnData/IRS990ScheduleD/HeldWorksArtGrp",8437,8437,"2016v3.0, 2016v3.1"
"/Return/ReturnData/IRS990ScheduleL/LoansBtwnOrgInterestedPrsnGrp/LoanFromOrganizationInd",8352,3315,"2016v3.0, 2016v3.1"
"/Return/ReturnData/IRS990ScheduleF/TotalOfficeCnt",8299,8299,"2016v3.0, 2016v3.1"
"/Return/ReturnData/IRS990ScheduleF/SubtotalEmployeesCnt",8267,8267,"2016v3.0, 2016v3.1"
"/Return/ReturnData/IRS990ScheduleD/FederalIncomeTaxLiabilityAmt",8225,8225,"2016v3.0, 2016v3.1"
"/Return/ReturnData/IRS990ScheduleR/IdRelatedOrgTxblCorpTrGrp/ForeignAddress/CityNm",8217,2049,"2016v3.0, 2016v3.1"
"/Return/ReturnData/IRS990ScheduleG/FundraiserActivityInfoGrp",8163,5153,"2016v3.0, 2016v3.1"
"/Return/ReturnData/IRS990ScheduleJ/WrittenPolicyRefTAndEExpnssInd",8131,8131,"2016v3.0, 2016v3.1"
"/Return/ReturnData/IRS990/GroupExemptionNum",8128,8128,"2016v3.0, 2016v3.1"
"/Return/ReturnData/IRS990ScheduleM/SecuritiesPubliclyTradedGrp/NoncashContributionsRptF990Amt",8121,8121,"2016v3.0, 2016v3.1"
"/Return/ReturnData/IRS990ScheduleM/SecuritiesPubliclyTradedGrp/NonCashCheckboxInd",8113,8113,"2016v3.0, 2016v3.1"
"/Return/ReturnData/IRS990ScheduleG/FundraiserActivityInfoGrp/FundraiserControlOfFundsInd",8084,5100,"2016v3.0, 2016v3.1"
"/Return/ReturnData/IRS990ScheduleK/TaxExemptBondsProceedsGrp/CapitalExpendituresAmt",8080,4169,"2016v3.0, 2016v3.1"
"/Return/ReturnData/IRS990ScheduleF/ForeignIndividualsGrantsGrp",8073,2094,"2016v3.0, 2016v3.1"
"/Return/ReturnData/IRS990ScheduleM/SecuritiesPubliclyTradedGrp/ContributionCnt",8066,8066,"2016v3.0, 2016v3.1"
"/Return/ReturnData/IRS990ScheduleK/TaxExemptBondsIssuesGrp/CUSIPNum",8042,3638,"2016v3.0, 2016v3.1"
"/Return/ReturnData/IRS990ScheduleG/FundraisingEventInformationGrp/CashPrizesTotalEventsAmt",8024,8024,"2016v3.0, 2016v3.1"
"/Return/ReturnData/IRS990ScheduleF/ForeignIndividualsGrantsGrp/RegionTxt",8017,2064,"2016v3.0, 2016v3.1"
"/Return/ReturnData/IRS990/DonatedServicesAndUseFcltsAmt",8016,8016,"2016v3.0, 2016v3.1"
"/Return/ReturnData/IRS990ScheduleM/SupplementalInformationDetail",8011,6901,"2016v3.0, 2016v3.1"
"/Return/ReturnData/IRS990ScheduleM/SupplementalInformationDetail/FormAndLineReferenceDesc",8009,6901,"2016v3.0, 2016v3.1"
"/Return/ReturnData/IRS990ScheduleM/SupplementalInformationDetail/ExplanationTxt",8007,6899,"2016v3.0, 2016v3.1"
"/Return/ReturnData/IRS990/InfoInScheduleOPartVIIInd",8006,8006,"2016v3.0, 2016v3.1"
"/Return/ReturnData/IRS990ScheduleF/ForeignIndividualsGrantsGrp/TypeOfAssistanceTxt",8005,2057,"2016v3.0, 2016v3.1"
"/Return/ReturnData/IRS990/ForeignCountryCd",7999,3410,"2016v3.0, 2016v3.1"
"/Return/ReturnData/IRS990ScheduleF/GrantsToOrgOutsideUSGrp/NonCashAssistanceAmt",7936,807,"2016v3.0, 2016v3.1"
"/Return/ReturnData/IRS990ScheduleA/SubstantialContributorsAmtGrp/CurrentTaxYearMinus1YearAmt",7933,7933,"2016v3.0, 2016v3.1"
"/Return/ReturnData/IRS990/NondeductibleContriDisclInd",7902,7902,"2016v3.0, 2016v3.1"
"/Return/ReturnData/IRS990ScheduleF/SubtotalOfficesCnt",7901,7901,"2016v3.0, 2016v3.1"
"/Return/ReturnData/IRS990ScheduleA/SubstantialContributorsAmtGrp/CurrentTaxYearAmt",7844,7844,"2016v3.0, 2016v3.1"
"/Return/ReturnData/IRS990/CompDisqualPersonsGrp/ProgramServicesAmt",7828,7828,"2016v3.0, 2016v3.1"
"/Return/ReturnData/IRS990EZ/GroupExemptionNum",7797,7797,"2016v3.0, 2016v3.1"
"/Return/ReturnData/IRS990ScheduleG/FundraiserActivityInfoGrp/ActivityTxt",7772,4947,"2016v3.0, 2016v3.1"
"/Return/ReturnData/IRS990/FeesForServicesManagementGrp/FundraisingAmt",7769,7769,"2016v3.0, 2016v3.1"
"/Return/ReturnData/IRS990ScheduleD/LeaseholdImprovementsGrp/InvestmentCostOrOtherBasisAmt",7737,7737,"2016v3.0, 2016v3.1"
"/Return/ReturnData/IRS990ScheduleG/FundraiserActivityInfoGrp/RetainedByContractorAmt",7729,4940,"2016v3.0, 2016v3.1"
"/Return/ReturnData/IRS990ScheduleA/SubstantialContributorsAmtGrp/CurrentTaxYearMinus2YearsAmt",7725,7725,"2016v3.0, 2016v3.1"
"/Return/ReturnData/IRS990/Form990PartVIISectionAGrp/InstitutionalTrusteeInd",7651,3215,"2016v3.0, 2016v3.1"
"/Return/ReturnData/IRS990ScheduleM/SecuritiesPubliclyTradedGrp/MethodOfDeterminingRevenuesTxt",7629,7629,"2016v3.0, 2016v3.1"
"/Return/ReturnData/IRS990ScheduleG/GamingInformationGrp/OthDirectExpnssTotalGamingAmt",7627,7627,"2016v3.0, 2016v3.1"
"/Return/ReturnData/IRS990ScheduleF/ForeignIndividualsGrantsGrp/RecipientCnt",7569,1917,"2016v3.0, 2016v3.1"
"/Return/ReturnData/IRS990/TypeOfOrganizationTrustInd",7545,7545,"2016v3.0, 2016v3.1"
"/Return/ReturnData/IRS990ScheduleA/SubstantialContributorsAmtGrp/CurrentTaxYearMinus3YearsAmt",7522,7522,"2016v3.0, 2016v3.1"
"/Return/ReturnData/IRS990ScheduleK/TaxExemptBondsProceedsGrp/RetiredAmt",7488,3773,"2016v3.0, 2016v3.1"
"/Return/ReturnData/IRS990ScheduleC/Section527PoliticalOrgGrp",7480,1901,"2016v3.0, 2016v3.1"
"/Return/ReturnData/IRS990ScheduleC/Section527PoliticalOrgGrp/OrganizationBusinessName",7479,1900,"2016v3.0, 2016v3.1"
"/Return/ReturnData/IRS990ScheduleC/Section527PoliticalOrgGrp/OrganizationBusinessName/BusinessNameLine1Txt",7479,1900,"2016v3.0, 2016v3.1"
"/Return/ReturnData/IRS990ScheduleC/Section527PoliticalOrgGrp/USAddress",7473,1900,"2016v3.0, 2016v3.1"
"/Return/ReturnData/IRS990ScheduleC/Section527PoliticalOrgGrp/USAddress/AddressLine1Txt",7473,1900,"2016v3.0, 2016v3.1"
"/Return/ReturnData/IRS990ScheduleC/Section527PoliticalOrgGrp/USAddress/CityNm",7473,1900,"2016v3.0, 2016v3.1"
"/Return/ReturnData/IRS990ScheduleC/Section527PoliticalOrgGrp/USAddress/StateAbbreviationCd",7473,1900,"2016v3.0, 2016v3.1"
"/Return/ReturnData/IRS990ScheduleC/Section527PoliticalOrgGrp/USAddress/ZIPCd",7473,1900,"2016v3.0, 2016v3.1"
"/Return/ReturnData/IRS990ScheduleA/SubstantialContributorsAmtGrp/CurrentTaxYearMinus4YearsAmt",7388,7388,"2016v3.0, 2016v3.1"
"/Return/ReturnData/IRS990ScheduleJ/IndependentConsultantInd",7343,7343,"2016v3.0, 2016v3.1"
"/Return/ReturnData/IRS990ScheduleG/FundraisingEventInformationGrp/FoodAndBeverageOtherEventsAmt",7319,7319,"2016v3.0, 2016v3.1"
"/Return/ReturnData/IRS990ScheduleF/GrantRecordsMaintainedInd",7250,7250,"2016v3.0, 2016v3.1"
"/Return/ReturnData/IRS990ScheduleG/MailSolicitationsInd",7233,7233,"2016v3.0, 2016v3.1"
"/Return/ReturnData/IRS990ScheduleG/GamingInformationGrp/VolunteerLaborOtherGamingInd",7214,7214,"2016v3.0, 2016v3.1"
"/Return/ReturnData/IRS990ScheduleG/FundraiserActivityInfoGrp/NetToOrganizationAmt",7210,4659,"2016v3.0, 2016v3.1"
"/Return/ReturnData/IRS990ScheduleC/DirectContactLegislatorsInd",7139,7139,"2016v3.0, 2016v3.1"
"/Return/ReturnData/IRS990ScheduleG/IndividualWithBooksNm",7135,7135,"2016v3.0, 2016v3.1"
"/Return/ReturnData/IRS990ScheduleC/GrantsOtherOrganizationsInd",7102,7102,"2016v3.0, 2016v3.1"
"/Return/ReturnData/IRS990ScheduleC/MailingsMembersInd",7097,7097,"2016v3.0, 2016v3.1"
"/Return/ReturnData/IRS990ScheduleF/ForeignIndividualsGrantsGrp/CashGrantAmt",7096,1811,"2016v3.0, 2016v3.1"
"/Return/ReturnData/IRS990ScheduleC/MediaAdvertisementsInd",7089,7089,"2016v3.0, 2016v3.1"
"/Return/ReturnData/IRS990ScheduleC/PublicationsOrBroadcastInd",7088,7088,"2016v3.0, 2016v3.1"
"/Return/ReturnData/IRS990ScheduleC/RalliesDemonstrationsInd",7088,7088,"2016v3.0, 2016v3.1"
"/Return/ReturnData/IRS990ScheduleC/PaidStaffOrManagementInd",7087,7087,"2016v3.0, 2016v3.1"
"/Return/ReturnData/IRS990ScheduleC/VolunteersInd",7085,7085,"2016v3.0, 2016v3.1"
"/Return/ReturnData/IRS990ScheduleC/OtherActivitiesInd",7081,7081,"2016v3.0, 2016v3.1"
"/Return/ReturnData/IRS990/NetRentalIncomeOrLossGrp/UnrelatedBusinessRevenueAmt",7079,7079,"2016v3.0, 2016v3.1"
"/Return/ReturnData/IRS990ScheduleG/FundraiserActivityInfoGrp/USAddress",7058,4586,"2016v3.0, 2016v3.1"
"/Return/ReturnData/IRS990ScheduleG/FundraiserActivityInfoGrp/USAddress/AddressLine1Txt",7058,4586,"2016v3.0, 2016v3.1"
"/Return/ReturnData/IRS990ScheduleG/FundraiserActivityInfoGrp/USAddress/CityNm",7058,4586,"2016v3.0, 2016v3.1"
"/Return/ReturnData/IRS990ScheduleG/FundraiserActivityInfoGrp/USAddress/StateAbbreviationCd",7058,4586,"2016v3.0, 2016v3.1"
"/Return/ReturnData/IRS990ScheduleG/FundraiserActivityInfoGrp/USAddress/ZIPCd",7058,4586,"2016v3.0, 2016v3.1"
"/Return/ReturnData/IRS990ScheduleD/CYMinus1YrEndwmtFundGrp/GrantsOrScholarshipsAmt",6912,6912,"2016v3.0, 2016v3.1"
"/Return/ReturnData/IRS990ScheduleC/NotDescribedSection501c3Ind",6908,6908,"2016v3.0, 2016v3.1"
"/Return/ReturnData/IRS990ScheduleD/CYEndwmtFundGrp/GrantsOrScholarshipsAmt",6896,6896,"2016v3.0, 2016v3.1"
"/Return/ReturnData/IRS990/CompDisqualPersonsGrp/ManagementAndGeneralAmt",6886,6886,"2016v3.0, 2016v3.1"
"/Return/ReturnData/IRS990ScheduleG/FundraiserActivityInfoGrp/GrossReceiptsAmt",6873,4540,"2016v3.0, 2016v3.1"
"/Return/ReturnData/IRS990ScheduleG/InPersonSolicitationsInd",6818,6818,"2016v3.0, 2016v3.1"
"/Return/ReturnData/IRS990ScheduleD/CYMinus2YrEndwmtFundGrp/GrantsOrScholarshipsAmt",6804,6804,"2016v3.0, 2016v3.1"
"/Return/ReturnData/IRS990ScheduleK",6796,6056,"2016v3.0, 2016v3.1"
"/Return/ReturnData/IRS990ScheduleA/UnrelatedBusinessNetIncm170Grp/CurrentTaxYearAmt",6773,6773,"2016v3.0, 2016v3.1"
"/Return/ReturnData/IRS990ScheduleD/CYMinus3YrEndwmtFundGrp/GrantsOrScholarshipsAmt",6725,6725,"2016v3.0, 2016v3.1"
"/Return/ReturnData/IRS990ScheduleA/UnrelatedBusinessNetIncm170Grp/CurrentTaxYearMinus1YearAmt",6627,6627,"2016v3.0, 2016v3.1"
"/Return/ReturnData/IRS990EZ/InfoInScheduleOPartIVInd",6604,6604,"2016v3.0, 2016v3.1"
"/Return/ReturnData/IRS990ScheduleF/ForeignIndividualsGrantsGrp/MannerOfCashDisbursementTxt",6524,1645,"2016v3.0, 2016v3.1"
"/Return/ReturnData/IRS990ScheduleD/CYMinus4YrEndwmtFundGrp/GrantsOrScholarshipsAmt",6509,6509,"2016v3.0, 2016v3.1"
"/Return/ReturnData/IRS990ScheduleG/FundraisingEventInformationGrp/CashPrizesEvent1Amt",6498,6498,"2016v3.0, 2016v3.1"
"/Return/ReturnData/IRS990ScheduleK/TaxExemptBondsProceedsGrp/OtherSpentProceedsAmt",6471,3245,"2016v3.0, 2016v3.1"
"/Return/ReturnData/IRS990ScheduleA/UnrelatedBusinessNetIncm170Grp/CurrentTaxYearMinus2YearsAmt",6465,6465,"2016v3.0, 2016v3.1"
"/Return/ReturnData/IRS990/NetIncomeFromGamingGrp/ExclusionAmt",6453,6453,"2016v3.0, 2016v3.1"
"/Return/ReturnData/IRS990ScheduleG/GamingInformationGrp/VolunteerLaborPullTabsInd",6444,6444,"2016v3.0, 2016v3.1"
"/Return/ReturnData/IRS990/WrittenPolicyOrProcedureInd",6356,6356,"2016v3.0, 2016v3.1"
"/Return/ReturnData/IRS990/MiscellaneousRevenueGrp/ExclusionAmt",6325,6325,"2016v3.0, 2016v3.1"
"/Return/ReturnData/IRS990ScheduleA/UnrelatedBusinessNetIncm170Grp/CurrentTaxYearMinus3YearsAmt",6309,6309,"2016v3.0, 2016v3.1"
"/Return/ReturnData/IRS990/InvestmentExpenseAmt",6301,6301,"2016v3.0, 2016v3.1"
"/Return/ReturnData/IRS990ScheduleF/ContinuationSpentAmt",6164,6164,"2016v3.0, 2016v3.1"
"/Return/ReturnData/IRS990ScheduleG/GamingInformationGrp/VolunteerLaborBingoInd",6122,6122,"2016v3.0, 2016v3.1"
"/Return/ReturnData/IRS990ScheduleF/ContinutationTotalEmployeeCnt",6119,6119,"2016v3.0, 2016v3.1"
"/Return/ReturnData/IRS990/TotalOthProgramServiceRevGrp/UnrelatedBusinessRevenueAmt",6110,6110,"2016v3.0, 2016v3.1"
"/Return/ReturnData/IRS990ScheduleF/ContinutationTotalOfficeCnt",6106,6106,"2016v3.0, 2016v3.1"
"/Return/ReturnData/IRS990ScheduleK/SupplementalInformationDetail",6093,2724,"2016v3.0, 2016v3.1"
"/Return/ReturnData/IRS990ScheduleK/SupplementalInformationDetail/FormAndLineReferenceDesc",6093,2724,"2016v3.0, 2016v3.1"
"/Return/ReturnData/IRS990ScheduleG/EmailSolicitationsInd",6090,6090,"2016v3.0, 2016v3.1"
"/Return/ReturnData/IRS990/FSAuditedBasisGrp/ConsolAndSepBasisFinclStmtInd",6074,6074,"2016v3.0, 2016v3.1"
"/Return/ReturnData/IRS990/FeesForServicesLobbyingGrp/ProgramServicesAmt",6074,6074,"2016v3.0, 2016v3.1"
"/Return/ReturnData/IRS990ScheduleD/SolicitedAssetsSaleInd",6073,6073,"2016v3.0, 2016v3.1"
"/Return/ReturnData/IRS990ScheduleK/SupplementalInformationDetail/ExplanationTxt",6068,2718,"2016v3.0, 2016v3.1"
"/Return/ReturnData/IRS990/PaymentsToAffiliatesGrp/ManagementAndGeneralAmt",6067,6067,"2016v3.0, 2016v3.1"
"/Return/ReturnData/IRS990ScheduleA/UnrelatedBusinessNetIncm170Grp/CurrentTaxYearMinus4YearsAmt",6051,6051,"2016v3.0, 2016v3.1"
"/Return/ReturnData/IRS990ScheduleG/GamingInformationGrp/CashPrizesTotalGamingAmt",5963,5963,"2016v3.0, 2016v3.1"
"/Return/ReturnData/IRS990ScheduleC/GrassrootsNontaxableGrp",5962,5962,"2016v3.0, 2016v3.1"
"/Return/ReturnData/IRS990ScheduleC/LobbyingNontaxableAmountGrp",5962,5962,"2016v3.0, 2016v3.1"
"/Return/ReturnData/IRS990ScheduleC/TotalExemptPurposeExpendGrp",5962,5962,"2016v3.0, 2016v3.1"
"/Return/ReturnData/IRS990ScheduleC/TotalLobbyingExpendituresAmt",5895,5895,"2016v3.0, 2016v3.1"
"/Return/ReturnData/IRS990ScheduleC/Section527PoliticalOrgGrp/PaidInternalFundsAmt",5869,978,"2016v3.0, 2016v3.1"
"/Return/ReturnData/IRS990ScheduleG/FundraisingEventInformationGrp/EntertainmentEvent2Amt",5853,5853,"2016v3.0, 2016v3.1"
"/Return/ReturnData/IRS990ScheduleM/ClothingAndHouseholdGoodsGrp",5840,5840,"2016v3.0, 2016v3.1"
"/Return/ReturnData/IRS990ScheduleC/OtherExemptPurposeExpendGrp",5754,5754,"2016v3.0, 2016v3.1"
"/Return/ReturnData/IRS990/TotalOthProgramServiceRevGrp/ExclusionAmt",5750,5750,"2016v3.0, 2016v3.1"
"/Return/ReturnData/IRS990/TypeOfOrganizationOtherInd",5688,5688,"2016v3.0, 2016v3.1"
"/Return/ReturnData/IRS990ScheduleK/TaxExemptBondsPrivateBusUseGrp/PrivateBusUseByOthersPct",5668,2556,"2016v3.0, 2016v3.1"
"/Return/ReturnData/IRS990ScheduleR/SupplementalInformationDetail",5651,4482,"2016v3.0, 2016v3.1"
"/Return/ReturnData/IRS990ScheduleD/RelatedOrgListSchRInd",5643,5643,"2016v3.0, 2016v3.1"
"/Return/ReturnData/IRS990ScheduleR/SupplementalInformationDetail/FormAndLineReferenceDesc",5635,4482,"2016v3.0, 2016v3.1"
"/Return/ReturnData/IRS990/FeesForServicesLobbyingGrp/ManagementAndGeneralAmt",5624,5624,"2016v3.0, 2016v3.1"
"/Return/ReturnData/IRS990ScheduleR/SupplementalInformationDetail/ExplanationTxt",5621,4470,"2016v3.0, 2016v3.1"
"/Return/ReturnData/IRS990ScheduleM/FoodInventoryGrp",5597,5597,"2016v3.0, 2016v3.1"
"/Return/ReturnData/IRS990ScheduleC/TotalLobbyingExpendGrp",5559,5559,"2016v3.0, 2016v3.1"
"/Return/ReturnData/IRS990/NetIncomeFromGamingGrp/RelatedOrExemptFuncIncomeAmt",5532,5532,"2016v3.0, 2016v3.1"
"/Return/ReturnData/IRS990/NetIncomeOrLossGrp/UnrelatedBusinessRevenueAmt",5512,5512,"2016v3.0, 2016v3.1"
"/Return/ReturnData/IRS990ScheduleA/ChurchInd",5424,5424,"2016v3.0, 2016v3.1"
"/Return/ReturnData/IRS990EZ/AddressChangeInd",5394,5394,"2016v3.0, 2016v3.1"
"/Return/ReturnData/IRS990/PrincipalOfcrBusinessName",5365,5365,"2016v3.0, 2016v3.1"
"/Return/ReturnData/IRS990/PrincipalOfcrBusinessName/BusinessNameLine1Txt",5365,5365,"2016v3.0, 2016v3.1"
"/Return/ReturnData/IRS990ScheduleK/TaxExemptBondsProceedsGrp/InReserveFundAmt",5344,2560,"2016v3.0, 2016v3.1"
"/Return/ReturnData/IRS990ScheduleC/DuesAssessmentsAmt",5332,5332,"2016v3.0, 2016v3.1"
"/Return/ReturnData/IRS990ScheduleG/FundraiserActivityInfoGrp/OrganizationBusinessName",5329,3575,"2016v3.0, 2016v3.1"
"/Return/ReturnData/IRS990ScheduleG/FundraiserActivityInfoGrp/OrganizationBusinessName/BusinessNameLine1Txt",5329,3575,"2016v3.0, 2016v3.1"
"/Return/ReturnData/IRS990ScheduleG/FundraisingEventInformationGrp/RentFcltyCostsOtherEventsAmt",5232,5232,"2016v3.0, 2016v3.1"
"/Return/ReturnData/IRS990ScheduleG/GamingInformationGrp/GrossRevenueOtherGamingAmt",5232,5232,"2016v3.0, 2016v3.1"
"/Return/ReturnData/IRS990ScheduleA/NetIncomeFromOtherUBIGrp/CurrentTaxYearAmt",5230,5230,"2016v3.0, 2016v3.1"
"/Return/ReturnData/IRS990ScheduleA/NetIncomeFromOtherUBIGrp/CurrentTaxYearMinus1YearAmt",5219,5219,"2016v3.0, 2016v3.1"
"/Return/ReturnData/IRS990ScheduleC/TotalDirectLobbyingGrp",5202,5202,"2016v3.0, 2016v3.1"
"/Return/ReturnData/IRS990/RoyaltiesRevenueGrp/RelatedOrExemptFuncIncomeAmt",5198,5198,"2016v3.0, 2016v3.1"
"/Return/ReturnData/IRS990ScheduleD/TotalBookValueProgramRltdAmt",5177,5177,"2016v3.0, 2016v3.1"
"/Return/ReturnData/IRS990/MethodOfAccountingOtherInd",5168,5168,"2016v3.0, 2016v3.1"
"/Return/ReturnData/IRS990ScheduleL/SupplementalInformationDetail",5104,4361,"2016v3.0, 2016v3.1"
"/Return/ReturnData/IRS990ScheduleL/SupplementalInformationDetail/FormAndLineReferenceDesc",5104,4361,"2016v3.0, 2016v3.1"
"/Return/ReturnData/IRS990ScheduleL/SupplementalInformationDetail/ExplanationTxt",5078,4340,"2016v3.0, 2016v3.1"
"/Return/ReturnData/IRS990/OtherInd",5074,5074,"2016v3.0, 2016v3.1"
"/Return/ReturnData/IRS990ScheduleG/FundraisingEventInformationGrp/NonCashPrizesEvent2Amt",5029,5029,"2016v3.0, 2016v3.1"
"/Return/ReturnData/IRS990/FeesForSrvcInvstMgmntFeesGrp/FundraisingAmt",5027,5027,"2016v3.0, 2016v3.1"
"/Return/ReturnData/CompensationExplanation/CompensationExplanationGrp",5024,2014,"2016v3.0, 2016v3.1"
"/Return/ReturnData/IRS990ScheduleG/TotalRetainedByContractorsAmt",5008,5008,"2016v3.0, 2016v3.1"
"/Return/ReturnData/IRS990ScheduleA/NetIncomeFromOtherUBIGrp/CurrentTaxYearMinus2YearsAmt",5004,5004,"2016v3.0, 2016v3.1"
"/Return/ReturnData/IRS990/BooksInCareOfDetail/USAddress/AddressLine2Txt",4999,4999,"2016v3.0, 2016v3.1"
"/Return/ReturnData/CompensationExplanation/CompensationExplanationGrp/PersonNm",4989,1990,"2016v3.0, 2016v3.1"
"/Return/ReturnData/IRS990ScheduleD/ExplanationProvidedInd",4979,4979,"2016v3.0, 2016v3.1"
"/Return/ReturnData/IRS990/CompDisqualPersonsGrp/FundraisingAmt",4966,4966,"2016v3.0, 2016v3.1"
"/Return/ReturnData/IRS990ScheduleA/NetIncomeFromOtherUBIGrp/CurrentTaxYearMinus3YearsAmt",4911,4911,"2016v3.0, 2016v3.1"
"/Return/ReturnData/CompensationExplanation/CompensationExplanationGrp/ShortExplanationTxt",4902,1951,"2016v3.0, 2016v3.1"
"/Return/ReturnData/IRS990ScheduleA/Form990SchAType3SprtOrgAllGrp",4852,4852,"2016v3.0, 2016v3.1"
"/Return/ReturnData/IRS990ScheduleA/Form990SchAType3SprtOrgAllGrp/OfficersCloseRelationshipInd",4852,4852,"2016v3.0, 2016v3.1"
"/Return/ReturnData/IRS990ScheduleA/Form990SchAType3SprtOrgAllGrp/SupportedOrgVoiceInvestmentInd",4852,4852,"2016v3.0, 2016v3.1"
"/Return/ReturnData/IRS990ScheduleA/Form990SchAType3SprtOrgAllGrp/TimelyProvidedDocumentsInd",4852,4852,"2016v3.0, 2016v3.1"
"/Return/ReturnData/IRS990ScheduleG/SolicitationOfNonGovtGrantsInd",4820,4820,"2016v3.0, 2016v3.1"
"/Return/ReturnData/IRS990/RoyaltiesGrp/ProgramServicesAmt",4809,4809,"2016v3.0, 2016v3.1"
"/Return/ReturnData/IRS990ScheduleA/NetIncomeFromOtherUBIGrp/CurrentTaxYearMinus4YearsAmt",4808,4808,"2016v3.0, 2016v3.1"
"/Return/ReturnData/IRS990ScheduleA/GovtFurnSrvcFcltsVl170Grp/CurrentTaxYearMinus2YearsAmt",4700,4700,"2016v3.0, 2016v3.1"
"/Return/ReturnData/IRS990ScheduleK/TaxExemptBondsPrivateBusUseGrp/TotalPrivateBusinessUsePct",4693,2210,"2016v3.0, 2016v3.1"
"/Return/ReturnData/IRS990ScheduleG/PhoneSolicitationsInd",4687,4687,"2016v3.0, 2016v3.1"
"/Return/ReturnData/IRS990ScheduleA/GovtFurnSrvcFcltsVl170Grp/CurrentTaxYearMinus1YearAmt",4675,4675,"2016v3.0, 2016v3.1"
"/Return/ReturnData/IRS990ScheduleC/TotLbbyExpendMnsLbbyngNonTxGrp",4673,4673,"2016v3.0, 2016v3.1"
"/Return/ReturnData/IRS990ScheduleA/GovtFurnSrvcFcltsVl170Grp/CurrentTaxYearMinus3YearsAmt",4667,4667,"2016v3.0, 2016v3.1"
"/Return/ReturnData/IRS990ScheduleA/GovtFurnSrvcFcltsVl170Grp/CurrentTaxYearMinus4YearsAmt",4648,4648,"2016v3.0, 2016v3.1"
"/Return/ReturnData/IRS990ScheduleN/LiquidationOfAssetsTableGrp/LiquidationOfAssetsDetail",4643,2362,"2016v3.0, 2016v3.1"
"/Return/ReturnData/IRS990ScheduleN/LiquidationOfAssetsTableGrp/LiquidationOfAssetsDetail/AssetsDistriOrExpnssPaidDesc",4638,2359,"2016v3.0, 2016v3.1"
"/Return/ReturnData/IRS990ScheduleC/TotLbbyngGrassrootMnsNonTxGrp",4628,4628,"2016v3.0, 2016v3.1"
"/Return/ReturnData/IRS990ScheduleG/TotalNetToOrganizationAmt",4583,4583,"2016v3.0, 2016v3.1"
"/Return/ReturnData/IRS990EZ/InitialReturnInd",4513,4513,"2016v3.0, 2016v3.1"
"/Return/ReturnData/IRS990ScheduleR/IdRelatedOrgTxblCorpTrGrp/ForeignAddress/ForeignPostalCd",4497,1070,"2016v3.0, 2016v3.1"
"/Return/ReturnData/IRS990ScheduleC/AvgLobbyingNontaxableAmountGrp",4496,4496,"2016v3.0, 2016v3.1"
"/Return/ReturnData/IRS990ScheduleM/ClothingAndHouseholdGoodsGrp/NoncashContributionsRptF990Amt",4488,4488,"2016v3.0, 2016v3.1"
"/Return/ReturnData/IRS990ScheduleC/AvgLobbyingNontaxableAmountGrp/TotalAmt",4480,4480,"2016v3.0, 2016v3.1"
"/Return/ReturnData/IRS990ScheduleC/LobbyingCeilingAmt",4479,4479,"2016v3.0, 2016v3.1"
"/Return/ReturnData/IRS990ScheduleC/AvgGrassrootsNontaxableGrp",4474,4474,"2016v3.0, 2016v3.1"
"/Return/ReturnData/IRS990ScheduleC/AvgGrassrootsNontaxableGrp/TotalAmt",4458,4458,"2016v3.0, 2016v3.1"
"/Return/ReturnData/IRS990ScheduleC/GrassrootsCeilingAmt",4458,4458,"2016v3.0, 2016v3.1"
"/Return/ReturnData/IRS990/IncmFromInvestBondProceedsGrp/ExclusionAmt",4436,4436,"2016v3.0, 2016v3.1"
"/Return/ReturnData/IRS990/InfoInScheduleOPartVInd",4414,4414,"2016v3.0, 2016v3.1"
"/Return/ReturnData/IRS990ScheduleN/LiquidationOfAssetsTableGrp/LiquidationOfAssetsDetail/DistributionDt",4410,2153,"2016v3.0, 2016v3.1"
"/Return/ReturnData/IRS990ScheduleA/GovtFurnSrvcFcltsVl170Grp/CurrentTaxYearAmt",4405,4405,"2016v3.0, 2016v3.1"
"/Return/ReturnData/IRS990ScheduleR/IdRelatedOrgTxblCorpTrGrp/ForeignAddress/ProvinceOrStateNm",4378,1020,"2016v3.0, 2016v3.1"
"/Return/ReturnData/IRS990/MiscellaneousRevenueGrp/UnrelatedBusinessRevenueAmt",4370,4370,"2016v3.0, 2016v3.1"
"/Return/ReturnData/IRS990ScheduleC/NonDeductibleLbbyngPltclTotAmt",4363,4363,"2016v3.0, 2016v3.1"
"/Return/ReturnData/IRS990ScheduleC/TotalExemptPurposeExpendGrp/FilingOrganizationsTotalAmt",4344,4344,"2016v3.0, 2016v3.1"
"/Return/ReturnData/IRS990ScheduleC/GrassrootsNontaxableGrp/FilingOrganizationsTotalAmt",4342,4342,"2016v3.0, 2016v3.1"
"/Return/ReturnData/IRS990ScheduleM/ClothingAndHouseholdGoodsGrp/NonCashCheckboxInd",4340,4340,"2016v3.0, 2016v3.1"
"/Return/ReturnData/IRS990ScheduleC/LobbyingNontaxableAmountGrp/FilingOrganizationsTotalAmt",4336,4336,"2016v3.0, 2016v3.1"
"/Return/ReturnData/IRS990ScheduleN/LiquidationOfAssetsTableGrp/LiquidationOfAssetsDetail/FairMarketValueOfAssetAmt",4306,2056,"2016v3.0, 2016v3.1"
"/Return/ReturnData/IRS990ScheduleC/Section527PoliticalOrgGrp/EIN",4304,1551,"2016v3.0, 2016v3.1"
"/Return/ReturnData/IRS990ScheduleD/CollectionUsedPubExhibitionInd",4275,4275,"2016v3.0, 2016v3.1"
"/Return/ReturnData/IRS990ScheduleG/FundraisingEventInformationGrp/EntertainmentOtherEventsAmt",4273,4273,"2016v3.0, 2016v3.1"
"/Return/ReturnData/IRS990ScheduleG/GamingOwnFacilityPct",4259,4259,"2016v3.0, 2016v3.1"
"/Return/ReturnData/IRS990ScheduleC/NonDeductibleLbbyngPltclCYAmt",4251,4251,"2016v3.0, 2016v3.1"
"/Return/ReturnData/IRS990ScheduleC/AvgLobbyingNontaxableAmountGrp/CurrentYearAmt",4209,4209,"2016v3.0, 2016v3.1"
"/Return/ReturnData/IRS990ScheduleM/FoodInventoryGrp/NoncashContributionsRptF990Amt",4201,4201,"2016v3.0, 2016v3.1"
"/Return/ReturnData/IRS990ScheduleC/AvgGrassrootsNontaxableGrp/CurrentYearAmt",4196,4196,"2016v3.0, 2016v3.1"
"/Return/ReturnData/IRS990/OtherOrganizationDsc",4190,4190,"2016v3.0, 2016v3.1"
"/Return/ReturnData/IRS990ScheduleG/GamingManagerServicesProvTxt",4156,4156,"2016v3.0, 2016v3.1"
"/Return/ReturnData/IRS990ScheduleG/GamingInformationGrp/GrossRevenuePullTabsAmt",4148,4148,"2016v3.0, 2016v3.1"
"/Return/ReturnData/IRS990ScheduleC/OtherExemptPurposeExpendGrp/FilingOrganizationsTotalAmt",4131,4131,"2016v3.0, 2016v3.1"
"/Return/ReturnData/IRS990/RoyaltiesRevenueGrp/UnrelatedBusinessRevenueAmt",4130,4130,"2016v3.0, 2016v3.1"
"/Return/ReturnData/IRS990ScheduleK/TaxExemptBondsProceedsGrp/CapitalizedInterestAmt",4127,1917,"2016v3.0, 2016v3.1"
"/Return/ReturnData/IRS990EZ/TypeOfOrganizationOtherInd",4126,4126,"2016v3.0, 2016v3.1"
"/Return/ReturnData/IRS990ScheduleK/TaxExemptBondsProceedsGrp/RefundingEscrowAmt",4119,1913,"2016v3.0, 2016v3.1"
"/Return/ReturnData/IRS990ScheduleG/GamingManagerPersonNm",4111,4111,"2016v3.0, 2016v3.1"
"/Return/ReturnData/IRS990ScheduleM/FoodInventoryGrp/NonCashCheckboxInd",4085,4085,"2016v3.0, 2016v3.1"
"/Return/ReturnData/IRS990ScheduleC/AvgLobbyingNontaxableAmountGrp/CurrentYearMinus1Amt",4083,4083,"2016v3.0, 2016v3.1"
"/Return/ReturnData/IRS990/InitiationFeesAndCapContriAmt",4070,4070,"2016v3.0, 2016v3.1"
"/Return/ReturnData/IRS990ScheduleC/AvgGrassrootsNontaxableGrp/CurrentYearMinus1Amt",4059,4059,"2016v3.0, 2016v3.1"
"/Return/ReturnData/IRS990ScheduleN/LiquidationOfAssetsTableGrp/LiquidationOfAssetsDetail/USAddress",4057,1886,"2016v3.0, 2016v3.1"
"/Return/ReturnData/IRS990ScheduleN/LiquidationOfAssetsTableGrp/LiquidationOfAssetsDetail/USAddress/AddressLine1Txt",4057,1886,"2016v3.0, 2016v3.1"
"/Return/ReturnData/IRS990ScheduleN/LiquidationOfAssetsTableGrp/LiquidationOfAssetsDetail/USAddress/CityNm",4057,1886,"2016v3.0, 2016v3.1"
"/Return/ReturnData/IRS990ScheduleN/LiquidationOfAssetsTableGrp/LiquidationOfAssetsDetail/USAddress/StateAbbreviationCd",4057,1886,"2016v3.0, 2016v3.1"
"/Return/ReturnData/IRS990ScheduleN/LiquidationOfAssetsTableGrp/LiquidationOfAssetsDetail/USAddress/ZIPCd",4057,1886,"2016v3.0, 2016v3.1"
"/Return/ReturnData/IRS990ScheduleM/ClothingAndHouseholdGoodsGrp/MethodOfDeterminingRevenuesTxt",4052,4052,"2016v3.0, 2016v3.1"
"/Return/ReturnData/IRS990/IncmFromInvestBondProceedsGrp/RelatedOrExemptFuncIncomeAmt",4032,4032,"2016v3.0, 2016v3.1"
"/Return/ReturnData/IRS990ScheduleC/AvgTotalLobbyingExpendGrp",4024,4024,"2016v3.0, 2016v3.1"
"/Return/ReturnData/IRS990ScheduleC/TotalGrassrootsLobbyingGrp",3990,3990,"2016v3.0, 2016v3.1"
"/Return/ReturnData/IRS990ScheduleC/AvgTotalLobbyingExpendGrp/TotalAmt",3987,3987,"2016v3.0, 2016v3.1"
"/Return/ReturnData/IRS990/PaymentsToAffiliatesGrp/FundraisingAmt",3966,3966,"2016v3.0, 2016v3.1"
"/Return/ReturnData/IRS990ScheduleC/Form1120POLFiledInd",3937,3937,"2016v3.0, 2016v3.1"
"/Return/ReturnData/IRS990ScheduleA/TaxRevLeviedOrgnztnlBnft170Grp/CurrentTaxYearMinus3YearsAmt",3935,3935,"2016v3.0, 2016v3.1"
"/Return/ReturnData/IRS990ScheduleA/TaxRevLeviedOrgnztnlBnft170Grp/CurrentTaxYearMinus2YearsAmt",3931,3931,"2016v3.0, 2016v3.1"
"/Return/ReturnData/IRS990ScheduleA/HospitalInd",3906,3906,"2016v3.0, 2016v3.1"
"/Return/ReturnData/IRS990ScheduleA/TaxRevLeviedOrgnztnlBnft170Grp/CurrentTaxYearMinus4YearsAmt",3900,3900,"2016v3.0, 2016v3.1"
"/Return/ReturnData/IRS990ScheduleA/TaxRevLeviedOrgnztnlBnft170Grp/CurrentTaxYearMinus1YearAmt",3898,3898,"2016v3.0, 2016v3.1"
"/Return/ReturnData/IRS990ScheduleC/AvgLobbyingNontaxableAmountGrp/CurrentYearMinus2Amt",3886,3886,"2016v3.0, 2016v3.1"
"/Return/ReturnData/IRS990ScheduleN",3884,3884,"2016v3.0, 2016v3.1"
"/Return/ReturnData/IRS990ScheduleC/AggregateReportedDuesNtcAmt",3877,3877,"2016v3.0, 2016v3.1"
"/Return/ReturnData/IRS990ScheduleC/TotalLobbyingExpendGrp/FilingOrganizationsTotalAmt",3874,3874,"2016v3.0, 2016v3.1"
"/Return/ReturnData/IRS990ScheduleK/TaxExemptBondsProceedsGrp/UnspentAmt",3872,1827,"2016v3.0, 2016v3.1"
"/Return/ReturnData/IRS990ScheduleG/TotalGrossReceiptsAmt",3859,3859,"2016v3.0, 2016v3.1"
"/Return/ReturnData/IRS990ScheduleC/AvgGrassrootsNontaxableGrp/CurrentYearMinus2Amt",3857,3857,"2016v3.0, 2016v3.1"
"/Return/ReturnData/IRS990/IncmFromInvestBondProceedsGrp/UnrelatedBusinessRevenueAmt",3831,3831,"2016v3.0, 2016v3.1"
"/Return/ReturnData/IRS990ScheduleN/LiquidationOfAssetsTableGrp/LiquidationOfAssetsDetail/MethodOfFMVDeterminationTxt",3826,1827,"2016v3.0, 2016v3.1"
"/Return/ReturnData/IRS990/GrossReceiptsForPublicUseAmt",3809,3809,"2016v3.0, 2016v3.1"
"/Return/ReturnData/IRS990ScheduleN/LiquidationOfAssetsTableGrp/LiquidationOfAssetsDetail/IRCSectionTxt",3801,1776,"2016v3.0, 2016v3.1"
"/Return/ReturnData/IRS990ScheduleM/Form8283ReceivedCnt",3796,3796,"2016v3.0, 2016v3.1"
"/Return/ReturnData/IRS990ScheduleK/TaxExemptBondsPrivateBusUseGrp/PrivateBusConcerningUBIPct",3790,1801,"2016v3.0, 2016v3.1"
"/Return/ReturnData/IRS990/PymtTravelEntrtnmntPubOfclGrp/ProgramServicesAmt",3788,3788,"2016v3.0, 2016v3.1"
"/Return/ReturnData/IRS990ScheduleG/GamingOtherFacilityPct",3770,3770,"2016v3.0, 2016v3.1"
"/Return/ReturnData/IRS990ScheduleC/AvgLobbyingNontaxableAmountGrp/CurrentYearMinus3Amt",3718,3718,"2016v3.0, 2016v3.1"
"/Return/ReturnData/IRS990ScheduleM/FoodInventoryGrp/MethodOfDeterminingRevenuesTxt",3702,3702,"2016v3.0, 2016v3.1"
"/Return/ReturnData/IRS990ScheduleJ/RebuttablePresumptionProcInd",3701,3701,"2016v3.0, 2016v3.1"
"/Return/ReturnData/IRS990ScheduleC/AvgGrassrootsNontaxableGrp/CurrentYearMinus3Amt",3685,3685,"2016v3.0, 2016v3.1"
"/Return/ReturnData/IRS990ScheduleA/TaxRevLeviedOrgnztnlBnft170Grp/CurrentTaxYearAmt",3672,3672,"2016v3.0, 2016v3.1"
"/Return/ReturnData/IRS990ScheduleM/FoodInventoryGrp/ContributionCnt",3669,3669,"2016v3.0, 2016v3.1"
"/Return/ReturnData/IRS990ScheduleK/TaxExemptBondsProceedsGrp/WorkingCapitalExpendituresAmt",3663,1574,"2016v3.0, 2016v3.1"
"/Return/ReturnData/ReasonableCauseExplanation",3628,3628,"2016v3.0, 2016v3.1"
"/Return/ReturnData/ReasonableCauseExplanation/ExplanationTxt",3627,3627,"2016v3.0, 2016v3.1"
"/Return/ReturnData/IRS990ScheduleK/TaxExemptBondsProceedsGrp/CreditEnhancementAmt",3605,1560,"2016v3.0, 2016v3.1"
"/Return/ReturnData/IRS990ScheduleH/HospitalFacilitiesGrp",3594,2330,"2016v3.0, 2016v3.1"
"/Return/ReturnData/IRS990ScheduleH/HospitalFacilitiesGrp/FacilityNum",3594,2330,"2016v3.0, 2016v3.1"
"/Return/ReturnData/IRS990ScheduleH/HospitalFacilitiesGrp/BusinessName",3592,2329,"2016v3.0, 2016v3.1"
"/Return/ReturnData/IRS990ScheduleH/HospitalFacilitiesGrp/BusinessName/BusinessNameLine1Txt",3592,2329,"2016v3.0, 2016v3.1"
"/Return/ReturnData/IRS990ScheduleH/HospitalFacilitiesGrp/USAddress",3581,2319,"2016v3.0, 2016v3.1"
"/Return/ReturnData/IRS990ScheduleH/HospitalFacilitiesGrp/USAddress/AddressLine1Txt",3581,2319,"2016v3.0, 2016v3.1"
"/Return/ReturnData/IRS990ScheduleH/HospitalFacilitiesGrp/USAddress/CityNm",3581,2319,"2016v3.0, 2016v3.1"
"/Return/ReturnData/IRS990ScheduleH/HospitalFacilitiesGrp/USAddress/StateAbbreviationCd",3581,2319,"2016v3.0, 2016v3.1"
"/Return/ReturnData/IRS990ScheduleH/HospitalFacilitiesGrp/USAddress/ZIPCd",3581,2319,"2016v3.0, 2016v3.1"
"/Return/ReturnData/IRS990ScheduleF/Total501c3OrgCnt",3566,3566,"2016v3.0, 2016v3.1"
"/Return/ReturnData/IRS990ScheduleC/AvgTotalLobbyingExpendGrp/CurrentYearAmt",3558,3558,"2016v3.0, 2016v3.1"
"/Return/ReturnData/IRS990ScheduleN/LiquidationOfAssetsTableGrp/LiquidationOfAssetsDetail/EIN",3537,1617,"2016v3.0, 2016v3.1"
"/Return/ReturnData/IRS990ScheduleK/TaxExemptBondsProceedsGrp/BondDefeasedAmt",3518,1474,"2016v3.0, 2016v3.1"
"/Return/ReturnData/IRS990ScheduleG/GamingInformationGrp/OtherDirectExpensesPullTabsAmt",3503,3503,"2016v3.0, 2016v3.1"
"/Return/ReturnData/IRS990ScheduleC/TotalDirectLobbyingGrp/FilingOrganizationsTotalAmt",3500,3500,"2016v3.0, 2016v3.1"
"/Return/ReturnData/IRS990/GrossRentsGrp/PersonalAmt",3468,3468,"2016v3.0, 2016v3.1"
"/Return/ReturnData/IRS990ScheduleC/AvgTotalLobbyingExpendGrp/CurrentYearMinus1Amt",3454,3454,"2016v3.0, 2016v3.1"
"/Return/ReturnData/IRS990ScheduleG/GamingInformationGrp/OthDirectExpnssOtherGamingAmt",3448,3448,"2016v3.0, 2016v3.1"
"/Return/ReturnData/IRS990ScheduleK/TaxExemptBondsArbitrageGrp/HedgeProviderName",3439,1746,"2016v3.0, 2016v3.1"
"/Return/ReturnData/IRS990ScheduleK/TaxExemptBondsArbitrageGrp/HedgeProviderName/BusinessNameLine1Txt",3439,1746,"2016v3.0, 2016v3.1"
"/Return/ReturnData/IRS990ScheduleH/HospitalFacilitiesGrp/LicensedHospitalInd",3408,2267,"2016v3.0, 2016v3.1"
"/Return/ReturnData/IRS990ScheduleG/GamingInformationGrp/GrossRevenueBingoAmt",3399,3399,"2016v3.0, 2016v3.1"
"/Return/ReturnData/IRS990/PymtTravelEntrtnmntPubOfclGrp/ManagementAndGeneralAmt",3393,3393,"2016v3.0, 2016v3.1"
"/Return/ReturnData/IRS990ScheduleD/CollectionUsedPreservationInd",3356,3356,"2016v3.0, 2016v3.1"
"/Return/ReturnData/IRS990ScheduleG/SupplementalInformationDetail",3315,2933,"2016v3.0, 2016v3.1"
"/Return/ReturnData/IRS990ScheduleG/SupplementalInformationDetail/FormAndLineReferenceDesc",3315,2933,"2016v3.0, 2016v3.1"
"/Return/ReturnData/IRS990ScheduleG/SupplementalInformationDetail/ExplanationTxt",3311,2930,"2016v3.0, 2016v3.1"
"/Return/ReturnData/IRS990/FeesForServicesLobbyingGrp/FundraisingAmt",3306,3306,"2016v3.0, 2016v3.1"
"/Return/ReturnData/IRS990ScheduleC/AvgTotalLobbyingExpendGrp/CurrentYearMinus2Amt",3306,3306,"2016v3.0, 2016v3.1"
"/Return/ReturnData/IRS990ScheduleA/IRSWrittenDeterminationInd",3276,3276,"2016v3.0, 2016v3.1"
"/Return/ReturnData/IRS990/RoyaltiesGrp/ManagementAndGeneralAmt",3239,3239,"2016v3.0, 2016v3.1"
"/Return/ReturnData/IRS990ScheduleC/AvgTotalLobbyingExpendGrp/CurrentYearMinus3Amt",3192,3192,"2016v3.0, 2016v3.1"
"/Return/ReturnData/IRS990/NetIncmFromFundraisingEvtGrp/UnrelatedBusinessRevenueAmt",3169,3169,"2016v3.0, 2016v3.1"
"/Return/ReturnData/IRS990ScheduleG/GamingInformationGrp/CashPrizesPullTabsAmt",3154,3154,"2016v3.0, 2016v3.1"
"/Return/ReturnData/IRS990ScheduleG/SolicitationOfGovtGrantsInd",3149,3149,"2016v3.0, 2016v3.1"
"/Return/ReturnData/IRS990/NetGainOrLossInvestmentsGrp/UnrelatedBusinessRevenueAmt",3142,3142,"2016v3.0, 2016v3.1"
"/Return/ReturnData/IRS990ScheduleA/GovtFurnSrvcFcltsVl509Grp/CurrentTaxYearMinus1YearAmt",3139,3139,"2016v3.0, 2016v3.1"
"/Return/ReturnData/IRS990ScheduleA/GovtFurnSrvcFcltsVl509Grp/CurrentTaxYearMinus3YearsAmt",3136,3136,"2016v3.0, 2016v3.1"
"/Return/ReturnData/IRS990ScheduleA/GovtFurnSrvcFcltsVl509Grp/CurrentTaxYearMinus4YearsAmt",3123,3123,"2016v3.0, 2016v3.1"
"/Return/ReturnData/IRS990ScheduleA/GovtFurnSrvcFcltsVl509Grp/CurrentTaxYearMinus2YearsAmt",3120,3120,"2016v3.0, 2016v3.1"
"/Return/ReturnData/IRS990ScheduleJ/ClubDuesOrFeesInd",3119,3119,"2016v3.0, 2016v3.1"
"/Return/ReturnData/IRS990ScheduleD/DisclosedForCharitablePrpsInd",3116,3116,"2016v3.0, 2016v3.1"
"/Return/ReturnData/IRS990ScheduleA/Post1975UBTIGrp/CurrentTaxYearMinus1YearAmt",3109,3109,"2016v3.0, 2016v3.1"
"/Return/ReturnData/IRS990ScheduleA/MajorityDirTrstSupportedOrgInd",3094,3094,"2016v3.0, 2016v3.1"
"/Return/ReturnData/IRS990ScheduleC/OtherActivitiesAmt",3094,3094,"2016v3.0, 2016v3.1"
"/Return/ReturnData/IRS990ScheduleA/Post1975UBTIGrp/CurrentTaxYearMinus2YearsAmt",3079,3079,"2016v3.0, 2016v3.1"
"/Return/ReturnData/IRS990ScheduleD/DisclosedOrgLegCtrlInd",3077,3077,"2016v3.0, 2016v3.1"
"/Return/ReturnData/IRS990ScheduleA/Post1975UBTIGrp/CurrentTaxYearMinus3YearsAmt",3071,3071,"2016v3.0, 2016v3.1"
"/Return/ReturnData/IRS990EZ/BooksInCareOfDetail/USAddress/AddressLine2Txt",3051,3051,"2016v3.0, 2016v3.1"
"/Return/ReturnData/IRS990ScheduleA/Post1975UBTIGrp/CurrentTaxYearAmt",3028,3028,"2016v3.0, 2016v3.1"
"/Return/ReturnData/IRS990ScheduleA/Post1975UBTIGrp/CurrentTaxYearMinus4YearsAmt",3007,3007,"2016v3.0, 2016v3.1"
"/Return/ReturnData/IRS990ScheduleM/CarsAndOtherVehiclesGrp",3007,3007,"2016v3.0, 2016v3.1"
"/Return/ReturnData/IRS990/PymtTravelEntrtnmntPubOfclGrp/FundraisingAmt",2991,2991,"2016v3.0, 2016v3.1"
"/Return/ReturnData/IRS990ScheduleA/GovtFurnSrvcFcltsVl509Grp/CurrentTaxYearAmt",2991,2991,"2016v3.0, 2016v3.1"
"/Return/ReturnData/IRS990ScheduleA/TaxRevLeviedOrgnztnlBnft509Grp/CurrentTaxYearMinus3YearsAmt",2991,2991,"2016v3.0, 2016v3.1"
"/Return/ReturnData/IRS990ScheduleA/TaxRevLeviedOrgnztnlBnft509Grp/CurrentTaxYearMinus4YearsAmt",2985,2985,"2016v3.0, 2016v3.1"
"/Return/ReturnData/IRS990ScheduleM/WorksOfArtGrp",2985,2985,"2016v3.0, 2016v3.1"
"/Return/ReturnData/IRS990ScheduleA/TaxRevLeviedOrgnztnlBnft509Grp/CurrentTaxYearMinus2YearsAmt",2979,2979,"2016v3.0, 2016v3.1"
"/Return/ReturnData/IRS990/RoyaltiesGrp/FundraisingAmt",2975,2975,"2016v3.0, 2016v3.1"
"/Return/ReturnData/IRS990ScheduleA/TaxRevLeviedOrgnztnlBnft509Grp/CurrentTaxYearMinus1YearAmt",2968,2968,"2016v3.0, 2016v3.1"
"/Return/ReturnData/IRS990ScheduleA/Form990SchAType3FuncIntGrp",2959,2959,"2016v3.0, 2016v3.1"
"/Return/ReturnData/IRS990ScheduleG/FundraisingEventInformationGrp/CashPrizesEvent2Amt",2926,2926,"2016v3.0, 2016v3.1"
"/Return/ReturnData/IRS990ScheduleA/SupportingOrgType2Ind",2915,2915,"2016v3.0, 2016v3.1"
"/Return/ReturnData/IRS990ScheduleH/HospitalFacilitiesGrp/EmergencyRoom24HrsInd",2912,2008,"2016v3.0, 2016v3.1"
"/Return/ReturnData/IRS990/InfoInScheduleOPartVIIIInd",2911,2911,"2016v3.0, 2016v3.1"
"/Return/ReturnData/IRS990ScheduleH/HospitalFacilitiesGrp/WebsiteAddressTxt",2893,1838,"2016v3.0, 2016v3.1"
"/Return/ReturnData/IRS990/NetIncomeFromGamingGrp/UnrelatedBusinessRevenueAmt",2892,2892,"2016v3.0, 2016v3.1"
"/Return/ReturnData/IRS990ScheduleH/HospitalFacilitiesGrp/GeneralMedicalAndSurgicalInd",2863,1927,"2016v3.0, 2016v3.1"
"/Return/ReturnData/IRS990ScheduleG/GamingInformationGrp/OtherDirectExpensesBingoAmt",2862,2862,"2016v3.0, 2016v3.1"
"/Return/ReturnData/IRS990ScheduleA/SupportingOrgType3FuncIntInd",2860,2860,"2016v3.0, 2016v3.1"
"/Return/ReturnData/IRS990EZ/TypeOfOrganizationOtherDesc",2832,2832,"2016v3.0, 2016v3.1"
"/Return/ReturnData/IRS990ScheduleG/FundraisingEventInformationGrp/NonCashPrizesOtherEventsAmt",2827,2827,"2016v3.0, 2016v3.1"
"/Return/ReturnData/IRS990ScheduleA/TaxRevLeviedOrgnztnlBnft509Grp/CurrentTaxYearAmt",2793,2793,"2016v3.0, 2016v3.1"
"/Return/ReturnData/IRS990ScheduleH/HospitalFacilitiesGrp/StateLicenseNum",2783,1763,"2016v3.0, 2016v3.1"
"/Return/ReturnData/IRS990ScheduleR/IdRelatedTaxExemptOrgGrp/DirectControllingEntityName/BusinessNameLine2Txt",2782,567,"2016v3.0, 2016v3.1"
"/Return/ReturnData/IRS990ScheduleJ/HousingAllowanceOrResidenceInd",2773,2773,"2016v3.0, 2016v3.1"
"/Return/ReturnData/IRS990/AcctCompileOrReviewBasisGrp/ConsolidatedBasisFinclStmtInd",2772,2772,"2016v3.0, 2016v3.1"
"/Return/ReturnData/IRS990ScheduleH/HospitalFcltyPoliciesPrctcGrp",2762,2329,"2016v3.0, 2016v3.1"
"/Return/ReturnData/IRS990ScheduleH/HospitalFcltyPoliciesPrctcGrp/AmountsGenerallyBilledInd",2762,2329,"2016v3.0, 2016v3.1"
"/Return/ReturnData/IRS990ScheduleH/HospitalFcltyPoliciesPrctcGrp/AppFinancialAsstExplnInd",2762,2329,"2016v3.0, 2016v3.1"
"/Return/ReturnData/IRS990ScheduleH/HospitalFcltyPoliciesPrctcGrp/CHNAConductedInd",2762,2329,"2016v3.0, 2016v3.1"
"/Return/ReturnData/IRS990ScheduleH/HospitalFcltyPoliciesPrctcGrp/CollectionActivitiesInd",2762,2329,"2016v3.0, 2016v3.1"
"/Return/ReturnData/IRS990ScheduleH/HospitalFcltyPoliciesPrctcGrp/EligCriteriaExplainedInd",2762,2329,"2016v3.0, 2016v3.1"
"/Return/ReturnData/IRS990ScheduleH/HospitalFcltyPoliciesPrctcGrp/ExplainedBasisInd",2762,2329,"2016v3.0, 2016v3.1"
"/Return/ReturnData/IRS990ScheduleH/HospitalFcltyPoliciesPrctcGrp/FAPActionsOnNonpaymentInd",2762,2329,"2016v3.0, 2016v3.1"
"/Return/ReturnData/IRS990ScheduleH/HospitalFcltyPoliciesPrctcGrp/FirstLicensedCYOrPYInd",2762,2329,"2016v3.0, 2016v3.1"
"/Return/ReturnData/IRS990ScheduleH/HospitalFcltyPoliciesPrctcGrp/GrossChargesInd",2762,2329,"2016v3.0, 2016v3.1"
"/Return/ReturnData/IRS990ScheduleH/HospitalFcltyPoliciesPrctcGrp/IncludesPublicityMeasuresInd",2762,2329,"2016v3.0, 2016v3.1"
"/Return/ReturnData/IRS990ScheduleH/HospitalFcltyPoliciesPrctcGrp/NondisEmergencyCarePolicyInd",2762,2329,"2016v3.0, 2016v3.1"
"/Return/ReturnData/IRS990ScheduleH/HospitalFcltyPoliciesPrctcGrp/TaxExemptHospitalCYOrPYInd",2762,2329,"2016v3.0, 2016v3.1"
"/Return/ReturnData/IRS990ScheduleM/BooksAndPublicationsGrp",2761,2761,"2016v3.0, 2016v3.1"
"/Return/ReturnData/IRS990ScheduleH/HospitalFcltyPoliciesPrctcGrp/OrganizationIncurExciseTaxInd",2757,2326,"2016v3.0, 2016v3.1"
"/Return/ReturnData/IRS990ScheduleC/TotLbbyExpendMnsLbbyngNonTxGrp/FilingOrganizationsTotalAmt",2751,2751,"2016v3.0, 2016v3.1"
"/Return/ReturnData/IRS990/LessRentalExpensesGrp/PersonalAmt",2746,2746,"2016v3.0, 2016v3.1"
"/Return/ReturnData/IRS990ScheduleH/HospitalFcltyPoliciesPrctcGrp/HospitalFacilityName",2733,2301,"2016v3.0, 2016v3.1"
"/Return/ReturnData/IRS990ScheduleH/HospitalFcltyPoliciesPrctcGrp/HospitalFacilityName/BusinessNameLine1Txt",2733,2301,"2016v3.0, 2016v3.1"
"/Return/ReturnData/IRS990ScheduleC/TotLbbyngGrassrootMnsNonTxGrp/FilingOrganizationsTotalAmt",2704,2704,"2016v3.0, 2016v3.1"
"/Return/ReturnData/IRS990ScheduleG/FundraiserActivityInfoGrp/PersonNm",2701,1768,"2016v3.0, 2016v3.1"
"/Return/ReturnData/IRS990ScheduleH/HospitalFcltyPoliciesPrctcGrp/FPGFamilyIncmLmtFreeDscntInd",2696,2278,"2016v3.0, 2016v3.1"
"/Return/ReturnData/IRS990ScheduleM/DrugsAndMedicalSuppliesGrp",2690,2690,"2016v3.0, 2016v3.1"
"/Return/ReturnData/IRS990ScheduleH/HospitalFcltyPoliciesPrctcGrp/DescribedInfoInd",2681,2260,"2016v3.0, 2016v3.1"
"/Return/ReturnData/IRS990ScheduleH/HospitalFcltyPoliciesPrctcGrp/FPGFamilyIncmLmtFreeCarePct",2680,2262,"2016v3.0, 2016v3.1"
"/Return/ReturnData/IRS990ScheduleR/IdDisregardedEntitiesGrp/DirectControllingNACd",2679,931,"2016v3.0, 2016v3.1"
"/Return/ReturnData/IRS990ScheduleH/HospitalFcltyPoliciesPrctcGrp/CHNAReportWidelyAvailableInd",2674,2271,"2016v3.0, 2016v3.1"
"/Return/ReturnData/IRS990ScheduleH/HospitalFcltyPoliciesPrctcGrp/FAPAvlblOnRequestNoChargeInd",2674,2256,"2016v3.0, 2016v3.1"
"/Return/ReturnData/IRS990ScheduleH/HospitalFcltyPoliciesPrctcGrp/CHNAConductedWithNonFcltsInd",2673,2271,"2016v3.0, 2016v3.1"
"/Return/ReturnData/IRS990ScheduleH/HospitalFcltyPoliciesPrctcGrp/CHNAConductedWithOtherFcltsInd",2673,2271,"2016v3.0, 2016v3.1"
"/Return/ReturnData/IRS990ScheduleH/HospitalFcltyPoliciesPrctcGrp/CHNAConductedYr",2673,2271,"2016v3.0, 2016v3.1"
"/Return/ReturnData/IRS990ScheduleH/HospitalFcltyPoliciesPrctcGrp/ImplementationStrategyAdoptInd",2673,2271,"2016v3.0, 2016v3.1"
"/Return/ReturnData/IRS990ScheduleH/HospitalFcltyPoliciesPrctcGrp/TakeIntoAccountOthersInputInd",2673,2271,"2016v3.0, 2016v3.1"
"/Return/ReturnData/IRS990ScheduleH/HospitalFcltyPoliciesPrctcGrp/CommunityDefinitionInd",2671,2269,"2016v3.0, 2016v3.1"
"/Return/ReturnData/IRS990ScheduleH/HospitalFcltyPoliciesPrctcGrp/HowDataObtainedInd",2668,2266,"2016v3.0, 2016v3.1"
"/Return/ReturnData/IRS990ScheduleH/HospitalFcltyPoliciesPrctcGrp/CommunityHealthNeedsInd",2667,2266,"2016v3.0, 2016v3.1"
"/Return/ReturnData/IRS990/USAddress/AddressLine2Txt",2665,2665,"2016v3.0, 2016v3.1"
"/Return/ReturnData/IRS990ScheduleH/HospitalFcltyPoliciesPrctcGrp/CommunityDemographicsInd",2659,2257,"2016v3.0, 2016v3.1"
"/Return/ReturnData/IRS990ScheduleH/HospitalFcltyPoliciesPrctcGrp/CommunityHlthNeedsIdProcessInd",2656,2254,"2016v3.0, 2016v3.1"
"/Return/ReturnData/IRS990ScheduleH/HospitalFcltyPoliciesPrctcGrp/DescribedSuprtDocInd",2649,2232,"2016v3.0, 2016v3.1"
"/Return/ReturnData/IRS990ScheduleH/HospitalFcltyPoliciesPrctcGrp/ImplementationStrategyAdptYr",2639,2248,"2016v3.0, 2016v3.1"
"/Return/ReturnData/IRS990ScheduleH/HospitalFcltyPoliciesPrctcGrp/StrategyPostedWebsiteInd",2637,2247,"2016v3.0, 2016v3.1"
"/Return/ReturnData/IRS990ScheduleN/AssetsDistributedInd",2634,2634,"2016v3.0, 2016v3.1"
"/Return/ReturnData/IRS990ScheduleN/BondsOutstandingInd",2634,2634,"2016v3.0, 2016v3.1"
"/Return/ReturnData/IRS990ScheduleN/RequiredToNotifyAGInd",2634,2634,"2016v3.0, 2016v3.1"
"/Return/ReturnData/IRS990ScheduleH/HospitalFcltyPoliciesPrctcGrp/ConsultingProcessInd",2633,2235,"2016v3.0, 2016v3.1"
"/Return/ReturnData/IRS990ScheduleN/LiabilitiesPaidInd",2632,2632,"2016v3.0, 2016v3.1"
"/Return/ReturnData/IRS990ScheduleR/IdRelatedTaxExemptOrgGrp/DisregardedEntityName/BusinessNameLine2Txt",2631,1328,"2016v3.0, 2016v3.1"
"/Return/ReturnData/IRS990ScheduleH/HospitalFcltyPoliciesPrctcGrp/FAPAppAvlblOnRequestNoChrgInd",2624,2211,"2016v3.0, 2016v3.1"
"/Return/ReturnData/IRS990ScheduleH/HospitalFcltyPoliciesPrctcGrp/ProvidedHospitalContactInd",2605,2191,"2016v3.0, 2016v3.1"
"/Return/ReturnData/IRS990ScheduleG/GamingInformationGrp/CashPrizesOtherGamingAmt",2592,2592,"2016v3.0, 2016v3.1"
"/Return/ReturnData/IRS990ScheduleK/TaxExemptBondsPrivateBusUseGrp/EngageBondCounselContractsInd",2590,1059,"2016v3.0, 2016v3.1"
"/Return/ReturnData/IRS990ScheduleR/IdRelatedTaxExemptOrgGrp/LegalDomicileForeignCountryCd",2588,1147,"2016v3.0, 2016v3.1"
"/Return/ReturnData/IRS990ScheduleH/HospitalFcltyPoliciesPrctcGrp/ExistingResourcesInd",2582,2190,"2016v3.0, 2016v3.1"
"/Return/ReturnData/IRS990ScheduleH/HospitalFcltyPoliciesPrctcGrp/OtherHealthIssuesInd",2580,2188,"2016v3.0, 2016v3.1"
"/Return/ReturnData/IRS990ScheduleG/GamingInformationGrp/VolunteerLaborOtherGamingPct",2573,2573,"2016v3.0, 2016v3.1"
"/Return/ReturnData/IRS990ScheduleH/HospitalFcltyPoliciesPrctcGrp/OwnWebsiteURLTxt",2560,2185,"2016v3.0, 2016v3.1"
"/Return/ReturnData/IRS990ScheduleF/ForeignIndividualsGrantsGrp/ValuationMethodUsedDesc",2558,716,"2016v3.0, 2016v3.1"
"/Return/ReturnData/IRS990ScheduleH/HospitalFcltyPoliciesPrctcGrp/RptAvailableOnOwnWebsiteInd",2556,2181,"2016v3.0, 2016v3.1"
"/Return/ReturnData/IRS990ScheduleH/HospitalFcltyPoliciesPrctcGrp/FAPAvailableOnWebsiteInd",2555,2155,"2016v3.0, 2016v3.1"
"/Return/ReturnData/IRS990ScheduleH/HospitalFcltyPoliciesPrctcGrp/FAPAvailableOnWebsiteURLTxt",2554,2154,"2016v3.0, 2016v3.1"
"/Return/ReturnData/IRS990ScheduleH/HospitalFcltyPoliciesPrctcGrp/FAPSumAvlblOnRequestNoChrgInd",2542,2137,"2016v3.0, 2016v3.1"
"/Return/ReturnData/IRS990ScheduleH/HospitalFcltyPoliciesPrctcGrp/FPGFamilyIncmLmtDscntCarePct",2540,2137,"2016v3.0, 2016v3.1"
"/Return/ReturnData/IRS990ScheduleN/DirectorOfSuccessorInd",2540,2540,"2016v3.0, 2016v3.1"
"/Return/ReturnData/IRS990ScheduleN/EmployeeOfSuccessorInd",2540,2540,"2016v3.0, 2016v3.1"
"/Return/ReturnData/IRS990ScheduleN/OwnerOfSuccessorInd",2539,2539,"2016v3.0, 2016v3.1"
"/Return/ReturnData/IRS990ScheduleN/ReceiveCompensationInd",2537,2537,"2016v3.0, 2016v3.1"
"/Return/ReturnData/IRS990ScheduleG/GamingInformationGrp/CashPrizesBingoAmt",2534,2534,"2016v3.0, 2016v3.1"
"/Return/ReturnData/IRS990ScheduleG/GamingManagerIsDirectorOfcrInd",2505,2505,"2016v3.0, 2016v3.1"
"/Return/ReturnData/IRS990ScheduleN/LiquidationOfAssetsTableGrp/LiquidationOfAssetsDetail/BusinessName",2488,1057,"2016v3.0, 2016v3.1"
"/Return/ReturnData/IRS990ScheduleN/LiquidationOfAssetsTableGrp/LiquidationOfAssetsDetail/BusinessName/BusinessNameLine1Txt",2488,1057,"2016v3.0, 2016v3.1"
"/Return/ReturnData/IRS990ScheduleK/TaxExemptBondsArbitrageGrp/GICProviderName",2485,1018,"2016v3.0, 2016v3.1"
"/Return/ReturnData/IRS990ScheduleK/TaxExemptBondsArbitrageGrp/GICProviderName/BusinessNameLine1Txt",2485,1018,"2016v3.0, 2016v3.1"
"/Return/ReturnData/IRS990ScheduleN/LiquidationOfAssetsTableGrp",2479,2479,"2016v3.0, 2016v3.1"
"/Return/ReturnData/IRS990ScheduleC/TaxableAmt",2467,2467,"2016v3.0, 2016v3.1"
"/Return/ReturnData/IRS990ScheduleH/HospitalFcltyPoliciesPrctcGrp/FAPAppAvailableOnWebsiteInd",2450,2061,"2016v3.0, 2016v3.1"
"/Return/ReturnData/IRS990ScheduleH/HospitalFcltyPoliciesPrctcGrp/FAPAppAvailableOnWebsiteURLTxt",2449,2060,"2016v3.0, 2016v3.1"
"/Return/ReturnData/IRS990ScheduleH/HospitalFcltyPoliciesPrctcGrp/PaperCopyPublicInspectionInd",2443,2060,"2016v3.0, 2016v3.1"
"/Return/ReturnData/IRS990ScheduleC/DirectContactLegislatorsAmt",2439,2439,"2016v3.0, 2016v3.1"
"/Return/ReturnData/IRS990ScheduleF/TotalOtherOrgCnt",2438,2438,"2016v3.0, 2016v3.1"
"/Return/ReturnData/IRS990ScheduleH/HospitalFcltyPoliciesPrctcGrp/NotifiedFAPCopyBillDisplayInd",2438,2030,"2016v3.0, 2016v3.1"
"/Return/ReturnData/IRS990ScheduleH/HospitalFcltyPoliciesPrctcGrp/FacilityNum",2432,2055,"2016v3.0, 2016v3.1"
"/Return/ReturnData/IRS990ScheduleG/GamingInformationGrp/RentFcltyCostsTotalGamingAmt",2428,2428,"2016v3.0, 2016v3.1"
"/Return/ReturnData/IRS990EZ/ProgramSrvcAccomplishmentGrp/ForeignGrantsInd",2423,1879,"2016v3.0, 2016v3.1"
"/Return/ReturnData/IRS990ScheduleH/HospitalFcltyPoliciesPrctcGrp/FAPSummaryOnWebsiteInd",2396,2011,"2016v3.0, 2016v3.1"
"/Return/ReturnData/IRS990ScheduleH/HospitalFcltyPoliciesPrctcGrp/PermitNoActionsInd",2393,1991,"2016v3.0, 2016v3.1"
"/Return/ReturnData/IRS990ScheduleH/HospitalFcltyPoliciesPrctcGrp/FAPSummaryOnWebsiteURLTxt",2392,2007,"2016v3.0, 2016v3.1"
"/Return/ReturnData/IRS990/InitialReturnInd",2378,2378,"2016v3.0, 2016v3.1"
"/Return/ReturnData/IRS990ScheduleD/WrittenPolicyMonitoringInd",2345,2345,"2016v3.0, 2016v3.1"
"/Return/ReturnData/IRS990/AmendedReturnInd",2344,2344,"2016v3.0, 2016v3.1"
"/Return/ReturnData/IRS990ScheduleM/RealEstateCommercialGrp",2334,2334,"2016v3.0, 2016v3.1"
"/Return/ReturnData/IRS990ScheduleH/HospitalFcltyPoliciesPrctcGrp/MadeEffortOrallyNotifyInd",2331,1946,"2016v3.0, 2016v3.1"
"/Return/ReturnData/IRS990/AuditedFinancialStmtAttInd",2330,2330,"2016v3.0, 2016v3.1"
"/Return/ReturnData/IRS990ScheduleH",2330,2330,"2016v3.0, 2016v3.1"
"/Return/ReturnData/IRS990ScheduleH/FinancialAssistancePolicyInd",2330,2330,"2016v3.0, 2016v3.1"
"/Return/ReturnData/IRS990ScheduleH/HospitalFacilitiesCnt",2330,2330,"2016v3.0, 2016v3.1"
"/Return/ReturnData/IRS990ScheduleH/AnnualCommunityBnftReportInd",2329,2329,"2016v3.0, 2016v3.1"
"/Return/ReturnData/IRS990ScheduleH/FPGReferenceFreeCareInd",2321,2321,"2016v3.0, 2016v3.1"
"/Return/ReturnData/IRS990ScheduleH/FinancialAssistanceBudgetInd",2321,2321,"2016v3.0, 2016v3.1"
"/Return/ReturnData/IRS990ScheduleH/FreeCareMedicallyIndigentInd",2321,2321,"2016v3.0, 2016v3.1"
"/Return/ReturnData/IRS990ScheduleH/WrittenDebtCollectionPolicyInd",2321,2321,"2016v3.0, 2016v3.1"
"/Return/ReturnData/IRS990ScheduleH/WrittenPolicyInd",2320,2320,"2016v3.0, 2016v3.1"
"/Return/ReturnData/IRS990ScheduleH/FPGReferenceDiscountedCareInd",2315,2315,"2016v3.0, 2016v3.1"
"/Return/ReturnData/IRS990ScheduleH/BadDebtExpenseReportedInd",2312,2312,"2016v3.0, 2016v3.1"
"/Return/ReturnData/IRS990ScheduleJ/TravelForCompanionsInd",2312,2312,"2016v3.0, 2016v3.1"
"/Return/ReturnData/IRS990ScheduleH/TotalCommunityBenefitsGrp",2311,2311,"2016v3.0, 2016v3.1"
"/Return/ReturnData/IRS990ScheduleH/TotalCommunityBenefitsGrp/TotalCommunityBenefitExpnsAmt",2309,2309,"2016v3.0, 2016v3.1"
"/Return/ReturnData/IRS990ScheduleH/TotalCommunityBenefitsGrp/NetCommunityBenefitExpnsAmt",2307,2307,"2016v3.0, 2016v3.1"
"/Return/ReturnData/IRS990ScheduleH/TotalCommunityBenefitsGrp/TotalExpensePct",2305,2305,"2016v3.0, 2016v3.1"
"/Return/ReturnData/IRS990ScheduleH/TotalFinancialAssistanceTyp",2304,2304,"2016v3.0, 2016v3.1"
"/Return/ReturnData/IRS990ScheduleH/TotalFinancialAssistanceTyp/TotalCommunityBenefitExpnsAmt",2302,2302,"2016v3.0, 2016v3.1"
"/Return/ReturnData/IRS990ScheduleM/RealEstateOtherGrp",2300,2300,"2016v3.0, 2016v3.1"
"/Return/ReturnData/IRS990ScheduleH/TotalFinancialAssistanceTyp/TotalExpensePct",2298,2298,"2016v3.0, 2016v3.1"
"/Return/ReturnData/IRS990ScheduleH/TotalFinancialAssistanceTyp/NetCommunityBenefitExpnsAmt",2294,2294,"2016v3.0, 2016v3.1"
"/Return/ReturnData/IRS990ScheduleH/BadDebtExpenseAmt",2293,2293,"2016v3.0, 2016v3.1"
"/Return/ReturnData/IRS990ScheduleH/HospitalFcltyPoliciesPrctcGrp/StrategyWebsiteURLTxt",2293,1974,"2016v3.0, 2016v3.1"
"/Return/ReturnData/IRS990ScheduleH/FinancialAssistancePrvsnInd",2277,2277,"2016v3.0, 2016v3.1"
"/Return/ReturnData/IRS990ScheduleM/RealEstateResidentialGrp",2273,2273,"2016v3.0, 2016v3.1"
"/Return/ReturnData/IRS990ScheduleC/PoliticalExpendituresAmt",2271,2271,"2016v3.0, 2016v3.1"
"/Return/ReturnData/IRS990ScheduleH/ReimbursedByMedicareAmt",2268,2268,"2016v3.0, 2016v3.1"
"/Return/ReturnData/IRS990/InfoInScheduleOPartXInd",2267,2267,"2016v3.0, 2016v3.1"
"/Return/ReturnData/IRS990ScheduleA/Form990SchAType3FuncIntGrp/ActivitiesFurtherExemptPrpsInd",2265,2265,"2016v3.0, 2016v3.1"
"/Return/ReturnData/IRS990ScheduleH/CostOfCareReimbursedByMedcrAmt",2265,2265,"2016v3.0, 2016v3.1"
"/Return/ReturnData/IRS990ScheduleA/Form990SchAType3FuncIntGrp/ActivitiesEngagedOrgInvlmntInd",2263,2263,"2016v3.0, 2016v3.1"
"/Return/ReturnData/IRS990ScheduleH/FinancialAssistanceAtCostTyp",2257,2257,"2016v3.0, 2016v3.1"
"/Return/ReturnData/IRS990ScheduleR/IdRelatedTaxExemptOrgGrp/ForeignAddress",2256,908,"2016v3.0, 2016v3.1"
"/Return/ReturnData/IRS990ScheduleR/IdRelatedTaxExemptOrgGrp/ForeignAddress/AddressLine1Txt",2256,908,"2016v3.0, 2016v3.1"
"/Return/ReturnData/IRS990ScheduleR/IdRelatedTaxExemptOrgGrp/ForeignAddress/CountryCd",2256,908,"2016v3.0, 2016v3.1"
"/Return/ReturnData/IRS990ScheduleH/FinancialAssistanceAtCostTyp/TotalCommunityBenefitExpnsAmt",2252,2252,"2016v3.0, 2016v3.1"
"/Return/ReturnData/IRS990ScheduleH/HospitalFcltyPoliciesPrctcGrp/ProcessedFAPApplicationInd",2247,1874,"2016v3.0, 2016v3.1"
"/Return/ReturnData/IRS990ScheduleH/CostingMethodologyUsedGrp",2245,2245,"2016v3.0, 2016v3.1"
"/Return/ReturnData/IRS990ScheduleA/CommunityTrustInd",2239,2239,"2016v3.0, 2016v3.1"
"/Return/ReturnData/IRS990ScheduleC/AvgGrassrootsLobbyingExpendGrp",2236,2236,"2016v3.0, 2016v3.1"
"/Return/ReturnData/IRS990ScheduleH/TotalCommunityBenefitsGrp/DirectOffsettingRevenueAmt",2227,2227,"2016v3.0, 2016v3.1"
"/Return/ReturnData/IRS990ScheduleH/MedicareSurplusOrShortfallAmt",2224,2224,"2016v3.0, 2016v3.1"
"/Return/ReturnData/IRS990ScheduleH/FinancialAssistanceAtCostTyp/TotalExpensePct",2223,2223,"2016v3.0, 2016v3.1"
"/Return/ReturnData/IRS990EZ/LoansToFromOfficersAmt",2220,2220,"2016v3.0, 2016v3.1"
"/Return/ReturnData/IRS990ScheduleH/FinancialAssistanceAtCostTyp/NetCommunityBenefitExpnsAmt",2219,2219,"2016v3.0, 2016v3.1"
"/Return/ReturnData/IRS990ScheduleD/CloselyHeldEquityInterestsGrp",2198,2198,"2016v3.0, 2016v3.1"
"/Return/ReturnData/IRS990ScheduleC/TotalGrassrootsLobbyingGrp/FilingOrganizationsTotalAmt",2187,2187,"2016v3.0, 2016v3.1"
"/Return/ReturnData/IRS990ScheduleL/LoansBtwnOrgInterestedPrsnGrp/BusinessName",2184,1328,"2016v3.0, 2016v3.1"
"/Return/ReturnData/IRS990ScheduleL/LoansBtwnOrgInterestedPrsnGrp/BusinessName/BusinessNameLine1Txt",2184,1328,"2016v3.0, 2016v3.1"
"/Return/ReturnData/IRS990ScheduleI/RecipientTable/RecipientBusinessName/BusinessNameLine2Txt",2182,901,"2016v3.0, 2016v3.1"
"/Return/ReturnData/IRS990ScheduleH/ExpensesExceedBudgetInd",2167,2167,"2016v3.0, 2016v3.1"
"/Return/ReturnData/IRS990EZ/OfficerDirectorTrusteeEmplGrp/BusinessName",2161,1018,"2016v3.0, 2016v3.1"
"/Return/ReturnData/IRS990EZ/OfficerDirectorTrusteeEmplGrp/BusinessName/BusinessNameLine1Txt",2161,1018,"2016v3.0, 2016v3.1"
"/Return/ReturnData/IRS990/JointCostsInd",2159,2159,"2016v3.0, 2016v3.1"
"/Return/ReturnData/IRS990ScheduleH/UnreimbursedMedicaidGrp",2159,2159,"2016v3.0, 2016v3.1"
"/Return/ReturnData/IRS990ScheduleC/AvgGrassrootsLobbyingExpendGrp/TotalAmt",2157,2157,"2016v3.0, 2016v3.1"
"/Return/ReturnData/IRS990ScheduleH/HospitalFcltyPoliciesPrctcGrp/ProvidedWrittenNoticeInd",2155,1785,"2016v3.0, 2016v3.1"
"/Return/ReturnData/IRS990/ContractTerminationInd",2148,2148,"2016v3.0, 2016v3.1"
"/Return/ReturnData/IRS990ScheduleH/UnreimbursedMedicaidGrp/TotalCommunityBenefitExpnsAmt",2145,2145,"2016v3.0, 2016v3.1"
"/Return/ReturnData/IRS990ScheduleH/TotalFinancialAssistanceTyp/DirectOffsettingRevenueAmt",2131,2131,"2016v3.0, 2016v3.1"
"/Return/ReturnData/IRS990ScheduleH/TotalOtherBenefitsGrp",2131,2131,"2016v3.0, 2016v3.1"
"/Return/ReturnData/IRS990ScheduleH/TotalOtherBenefitsGrp/NetCommunityBenefitExpnsAmt",2127,2127,"2016v3.0, 2016v3.1"
"/Return/ReturnData/IRS990ScheduleH/TotalOtherBenefitsGrp/TotalCommunityBenefitExpnsAmt",2127,2127,"2016v3.0, 2016v3.1"
"/Return/ReturnData/IRS990ScheduleL/GrntAsstBnftInterestedPrsnGrp",2122,1082,"2016v3.0, 2016v3.1"
"/Return/ReturnData/IRS990ScheduleH/TotalOtherBenefitsGrp/TotalExpensePct",2121,2121,"2016v3.0, 2016v3.1"
"/Return/ReturnData/IRS990ScheduleD/CollUsedScholarlyRsrchInd",2097,2097,"2016v3.0, 2016v3.1"
"/Return/ReturnData/IRS990ScheduleR/IdRelatedTaxExemptOrgGrp/ForeignAddress/CityNm",2088,860,"2016v3.0, 2016v3.1"
"/Return/ReturnData/IRS990ScheduleH/UnreimbursedMedicaidGrp/DirectOffsettingRevenueAmt",2084,2084,"2016v3.0, 2016v3.1"
"/Return/ReturnData/IRS990ScheduleC/Section527PoliticalOrgGrp/ContributionsRcvdDlvrAmt",2081,1108,"2016v3.0, 2016v3.1"
"/Return/ReturnData/IRS990ScheduleH/UnreimbursedMedicaidGrp/NetCommunityBenefitExpnsAmt",2081,2081,"2016v3.0, 2016v3.1"
"/Return/ReturnData/IRS990ScheduleH/UnreimbursedMedicaidGrp/TotalExpensePct",2063,2063,"2016v3.0, 2016v3.1"
"/Return/ReturnData/IRS990ScheduleA/SupportedOrgInformationGrp/SupportedOrganizationName/BusinessNameLine2Txt",2062,1496,"2016v3.0, 2016v3.1"
"/Return/ReturnData/IRS990EZ/OtherEmployeePaidOver100kCnt",2054,2054,"2016v3.0, 2016v3.1"
"/Return/ReturnData/IRS990ScheduleK/TaxExemptBondsPrivateBusUseGrp/RemedialActionTakenInd",2045,825,"2016v3.0, 2016v3.1"
"/Return/ReturnData/IRS990ScheduleM/CollectiblesGrp",2039,2039,"2016v3.0, 2016v3.1"
"/Return/ReturnData/IRS990ScheduleH/HospitalFcltyPoliciesPrctcGrp/PriorCHNAImpactInd",2038,1726,"2016v3.0, 2016v3.1"
"/Return/ReturnData/IRS990ScheduleA/ThirtyThrPctSuprtTestsPY509Ind",2034,2034,"2016v3.0, 2016v3.1"
"/Return/ReturnData/IRS990ScheduleH/HospitalFcltyPoliciesPrctcGrp/MedicalIndigencyCriteriaInd",2016,1689,"2016v3.0, 2016v3.1"
"/Return/ReturnData/IRS990EZ/CntrctRcvdGreaterThan100KCnt",2010,2010,"2016v3.0, 2016v3.1"
"/Return/ReturnData/IRS990ScheduleH/HospitalFcltyPoliciesPrctcGrp/CommuntityNotifiedFAPInd",2004,1664,"2016v3.0, 2016v3.1"
"/Return/ReturnData/IRS990ScheduleH/HospitalFcltyPoliciesPrctcGrp/MadePresumptiveEligDetermInd",1991,1654,"2016v3.0, 2016v3.1"
"/Return/ReturnData/IRS990ScheduleL/GrntAsstBnftInterestedPrsnGrp/CashGrantAmt",1988,1011,"2016v3.0, 2016v3.1"
"/Return/ReturnData/IRS990ScheduleA/DistributableAmountGrp",1979,1979,"2016v3.0, 2016v3.1"
"/Return/ReturnData/IRS990ScheduleA/DistributableAmountGrp/CYAdjNetIncomeDistributableAmt",1979,1979,"2016v3.0, 2016v3.1"
"/Return/ReturnData/IRS990ScheduleA/DistributableAmountGrp/CYDistributableAsAdjustedAmt",1979,1979,"2016v3.0, 2016v3.1"
"/Return/ReturnData/IRS990ScheduleA/DistributableAmountGrp/CYGreaterAdjustedMinimumAmt",1979,1979,"2016v3.0, 2016v3.1"
"/Return/ReturnData/IRS990ScheduleA/DistributableAmountGrp/CYIncomeTaxImposedPYAmt",1979,1979,"2016v3.0, 2016v3.1"
"/Return/ReturnData/IRS990ScheduleA/DistributableAmountGrp/CYPct85AdjustedNetIncomeAmt",1979,1979,"2016v3.0, 2016v3.1"
"/Return/ReturnData/IRS990ScheduleA/DistributableAmountGrp/CYTotalMinAstDistributableAmt",1979,1979,"2016v3.0, 2016v3.1"
"/Return/ReturnData/IRS990ScheduleN/DispositionOfAssetsDetail",1975,1217,"2016v3.0, 2016v3.1"
"/Return/ReturnData/IRS990ScheduleD/LossesReportedAmt",1973,1973,"2016v3.0, 2016v3.1"
"/Return/ReturnData/IRS990ScheduleN/DispositionOfAssetsDetail/AssetsDistriOrExpnssPaidDesc",1969,1212,"2016v3.0, 2016v3.1"
"/Return/ReturnData/IRS990ScheduleH/CommunityHealthServicesGrp",1949,1949,"2016v3.0, 2016v3.1"
"/Return/ReturnData/IRS990ScheduleA/Form990SchAType3FuncIntGrp/ActivitiesTestInd",1948,1948,"2016v3.0, 2016v3.1"
"/Return/ReturnData/IRS990ScheduleH/HospitalFcltyPoliciesPrctcGrp/InsuranceStatusCriteriaInd",1942,1611,"2016v3.0, 2016v3.1"
"/Return/ReturnData/IRS990ScheduleL/GrntAsstBnftInterestedPrsnGrp/TypeOfAssistanceTxt",1941,1027,"2016v3.0, 2016v3.1"
"/Return/ReturnData/IRS990ScheduleH/CommunityHealthServicesGrp/NetCommunityBenefitExpnsAmt",1935,1935,"2016v3.0, 2016v3.1"
"/Return/ReturnData/IRS990ScheduleH/CommunityHealthServicesGrp/TotalCommunityBenefitExpnsAmt",1925,1925,"2016v3.0, 2016v3.1"
"/Return/ReturnData/IRS990/MembersAndShrGrossIncomeAmt",1921,1921,"2016v3.0, 2016v3.1"
"/Return/ReturnData/IRS990ScheduleH/CommunityHealthServicesGrp/TotalExpensePct",1921,1921,"2016v3.0, 2016v3.1"
"/Return/ReturnData/IRS990ScheduleH/ReportPublicallyAvailableInd",1917,1917,"2016v3.0, 2016v3.1"
"/Return/ReturnData/IRS990ScheduleN/DispositionOfAssetsDetail/FairMarketValueOfAssetAmt",1907,1166,"2016v3.0, 2016v3.1"
"/Return/ReturnData/IRS990ScheduleG/GamingInformationGrp/VolunteerLaborBingoPct",1901,1901,"2016v3.0, 2016v3.1"
"/Return/ReturnData/IRS990ScheduleD/PriorYearAdjustmentsAmt",1894,1894,"2016v3.0, 2016v3.1"
"/Return/ReturnData/IRS990ScheduleN/DispositionOfAssetsDetail/DistributionDt",1889,1155,"2016v3.0, 2016v3.1"
"/Return/ReturnData/IRS990/BooksInCareOfDetail/BusinessName/BusinessNameLine2Txt",1885,1885,"2016v3.0, 2016v3.1"
"/Return/ReturnData/IRS990ScheduleA/ThirtyThrPctSuprtTestsPY170Ind",1863,1863,"2016v3.0, 2016v3.1"
"/Return/ReturnData/IRS990ScheduleH/HospitalFcltyPoliciesPrctcGrp/FAPTranslatedInd",1859,1512,"2016v3.0, 2016v3.1"
"/Return/ReturnData/IRS990ScheduleG/GamingInformationGrp/VolunteerLaborPullTabsPct",1854,1854,"2016v3.0, 2016v3.1"
"/Return/ReturnData/IRS990/OtherSourcesGrossIncomeAmt",1817,1817,"2016v3.0, 2016v3.1"
"/Return/ReturnData/IRS990ScheduleC/NonDedLbbyngPltclCyovAmt",1813,1813,"2016v3.0, 2016v3.1"
"/Return/ReturnData/IRS990ScheduleD/ArtPublicExhibitionAmountsGrp/AssetsIncludedAmt",1799,1799,"2016v3.0, 2016v3.1"
"/Return/ReturnData/IRS990ScheduleN/AttorneyGeneralNotifiedInd",1798,1798,"2016v3.0, 2016v3.1"
"/Return/ReturnData/IRS990ScheduleM/HistoricalArtifactsGrp",1787,1787,"2016v3.0, 2016v3.1"
"/Return/ReturnData/IRS990ScheduleD/RecoveriesPriorYearGrantsAmt",1784,1784,"2016v3.0, 2016v3.1"
"/Return/ReturnData/IRS990ScheduleC/AvgGrassrootsLobbyingExpendGrp/CurrentYearAmt",1780,1780,"2016v3.0, 2016v3.1"
"/Return/ReturnData/IRS990ScheduleD/DonorAdvisedFundsHeldCnt",1778,1778,"2016v3.0, 2016v3.1"
"/Return/ReturnData/IRS990ScheduleF/ForeignIndividualsGrantsGrp/DescriptionOfNonCashAsstTxt",1777,498,"2016v3.0, 2016v3.1"
"/Return/ReturnData/IRS990ScheduleN/DispositionOfAssetsDetail/USAddress",1759,1082,"2016v3.0, 2016v3.1"
"/Return/ReturnData/IRS990ScheduleN/DispositionOfAssetsDetail/USAddress/AddressLine1Txt",1759,1082,"2016v3.0, 2016v3.1"
"/Return/ReturnData/IRS990ScheduleN/DispositionOfAssetsDetail/USAddress/CityNm",1759,1082,"2016v3.0, 2016v3.1"
"/Return/ReturnData/IRS990ScheduleN/DispositionOfAssetsDetail/USAddress/StateAbbreviationCd",1759,1082,"2016v3.0, 2016v3.1"
"/Return/ReturnData/IRS990ScheduleN/DispositionOfAssetsDetail/USAddress/ZIPCd",1759,1082,"2016v3.0, 2016v3.1"
"/Return/ReturnData/IRS990ScheduleN/SupplementalInformationDetail",1757,1183,"2016v3.0, 2016v3.1"
"/Return/ReturnData/IRS990ScheduleN/SupplementalInformationDetail/ExplanationTxt",1757,1183,"2016v3.0, 2016v3.1"
"/Return/ReturnData/IRS990ScheduleN/SupplementalInformationDetail/FormAndLineReferenceDesc",1757,1183,"2016v3.0, 2016v3.1"
"/Return/ReturnData/IRS990ScheduleL/GrntAsstBnftInterestedPrsnGrp/RelationshipWithOrgTxt",1748,803,"2016v3.0, 2016v3.1"
"/Return/ReturnData/IRS990ScheduleN/DispositionOfAssetsDetail/MethodOfFMVDeterminationTxt",1747,1080,"2016v3.0, 2016v3.1"
"/Return/ReturnData/IRS990ScheduleD/DonorAdvisedFundsVlEOYAmt",1738,1738,"2016v3.0, 2016v3.1"
"/Return/ReturnData/IRS990ScheduleG/FundraisingEventInformationGrp/CashPrizesOtherEventsAmt",1730,1730,"2016v3.0, 2016v3.1"
"/Return/ReturnData/IRS990ScheduleG/GamingInformationGrp/NonCashPrizesTotalGamingAmt",1730,1730,"2016v3.0, 2016v3.1"
"/Return/ReturnData/IRS990ScheduleM/BoatsAndPlanesGrp",1728,1728,"2016v3.0, 2016v3.1"
"/Return/ReturnData/IRS990ScheduleH/HospitalFcltyPoliciesPrctcGrp/UnderinsuranceStatCriteriaInd",1717,1447,"2016v3.0, 2016v3.1"
"/Return/ReturnData/IRS990ScheduleM/QualifiedContribOtherGrp",1714,1714,"2016v3.0, 2016v3.1"
"/Return/ReturnData/IRS990ScheduleK/TaxExemptBondsArbitrageGrp/SuperintegratedHedgeInd",1711,1168,"2016v3.0, 2016v3.1"
"/Return/ReturnData/IRS990ScheduleC/AvgGrassrootsLobbyingExpendGrp/CurrentYearMinus1Amt",1710,1710,"2016v3.0, 2016v3.1"
"/Return/ReturnData/IRS990ScheduleM/SecuritiesCloselyHeldStockGrp",1705,1705,"2016v3.0, 2016v3.1"
"/Return/ReturnData/IRS990ScheduleM/SecurPrtnrshpTrustIntrstsGrp",1703,1703,"2016v3.0, 2016v3.1"
"/Return/ReturnData/IRS990ScheduleM/SecuritiesMiscellaneousGrp",1698,1698,"2016v3.0, 2016v3.1"
"/Return/ReturnData/IRS990ScheduleM/ArtHistoricalTreasuresGrp",1695,1695,"2016v3.0, 2016v3.1"
"/Return/ReturnData/IRS990ScheduleK/TaxExemptBondsArbitrageGrp/HedgeTerminatedInd",1692,1167,"2016v3.0, 2016v3.1"
"/Return/ReturnData/IRS990ScheduleN/DispositionOfAssetsDetail/IRCSectionTxt",1692,1008,"2016v3.0, 2016v3.1"
"/Return/ReturnData/IRS990ScheduleF/ForeignIndividualsGrantsGrp/NonCashAssistanceAmt",1677,466,"2016v3.0, 2016v3.1"
"/Return/ReturnData/IRS990ScheduleA/FactsAndCircumstancesTestTxt",1676,1676,"2016v3.0, 2016v3.1"
"/Return/ReturnData/IRS990ScheduleG/GamingManagerCompensationAmt",1672,1672,"2016v3.0, 2016v3.1"
"/Return/ReturnData/IRS990ScheduleH/TotalOtherBenefitsGrp/DirectOffsettingRevenueAmt",1662,1662,"2016v3.0, 2016v3.1"
"/Return/ReturnData/IRS990ScheduleH/AllHospitalsPolicyInd",1654,1654,"2016v3.0, 2016v3.1"
"/Return/ReturnData/IRS990ScheduleH/HospitalFcltyPoliciesPrctcGrp/AssetLevelCriteriaInd",1646,1391,"2016v3.0, 2016v3.1"
"/Return/ReturnData/IRS990ScheduleM/IntellectualPropertyGrp",1632,1632,"2016v3.0, 2016v3.1"
"/Return/ReturnData/IRS990ScheduleC/AvgGrassrootsLobbyingExpendGrp/CurrentYearMinus2Amt",1623,1623,"2016v3.0, 2016v3.1"
"/Return/ReturnData/IRS990ScheduleH/CashAndInKindContributionsGrp",1622,1622,"2016v3.0, 2016v3.1"
"/Return/ReturnData/IRS990ScheduleM/WorksOfArtGrp/NonCashCheckboxInd",1620,1620,"2016v3.0, 2016v3.1"
"/Return/ReturnData/IRS990ScheduleG/DistributedAmt",1618,1618,"2016v3.0, 2016v3.1"
"/Return/ReturnData/IRS990ScheduleA/SupportingOrgType3NonFuncInd",1611,1611,"2016v3.0, 2016v3.1"
"/Return/ReturnData/IRS990ScheduleC/AvgGrassrootsLobbyingExpendGrp/CurrentYearMinus3Amt",1611,1611,"2016v3.0, 2016v3.1"
"/Return/ReturnData/IRS990ScheduleH/HealthProfessionsEducationGrp",1609,1609,"2016v3.0, 2016v3.1"
"/Return/ReturnData/IRS990ScheduleM/WorksOfArtGrp/ContributionCnt",1609,1609,"2016v3.0, 2016v3.1"
"/Return/ReturnData/IRS990ScheduleA/TenPctFactsCrcmstncsTestCYInd",1608,1608,"2016v3.0, 2016v3.1"
"/Return/ReturnData/IRS990ScheduleM/ScientificSpecimensGrp",1606,1606,"2016v3.0, 2016v3.1"
"/Return/ReturnData/IRS990ScheduleH/CashAndInKindContributionsGrp/NetCommunityBenefitExpnsAmt",1603,1603,"2016v3.0, 2016v3.1"
"/Return/ReturnData/IRS990ScheduleM/ArchaeologicalArtifactsGrp",1592,1592,"2016v3.0, 2016v3.1"
"/Return/ReturnData/IRS990ScheduleM/TaxidermyGrp",1590,1590,"2016v3.0, 2016v3.1"
"/Return/ReturnData/IRS990ScheduleH/CashAndInKindContributionsGrp/TotalCommunityBenefitExpnsAmt",1589,1589,"2016v3.0, 2016v3.1"
"/Return/ReturnData/IRS990ScheduleM/ArtFractionalInterestGrp",1583,1583,"2016v3.0, 2016v3.1"
"/Return/ReturnData/IRS990ScheduleH/BadDebtExpenseAttributableAmt",1580,1580,"2016v3.0, 2016v3.1"
"/Return/ReturnData/IRS990ScheduleH/CostingMethodologyUsedGrp/CostToChargeRatioInd",1577,1577,"2016v3.0, 2016v3.1"
"/Return/ReturnData/IRS990ScheduleH/HealthProfessionsEducationGrp/NetCommunityBenefitExpnsAmt",1577,1577,"2016v3.0, 2016v3.1"
"/Return/ReturnData/IRS990ScheduleM/QualifiedContribHistStructGrp",1577,1577,"2016v3.0, 2016v3.1"
"/Return/ReturnData/IRS990ScheduleA/AdjustedNetIncomeGrp",1573,1573,"2016v3.0, 2016v3.1"
"/Return/ReturnData/IRS990ScheduleA/AdjustedNetIncomeGrp/AdjustedGrossIncomeGrp",1573,1573,"2016v3.0, 2016v3.1"
"/Return/ReturnData/IRS990ScheduleA/AdjustedNetIncomeGrp/AdjustedGrossIncomeGrp/PriorYearAmt",1573,1573,"2016v3.0, 2016v3.1"
"/Return/ReturnData/IRS990ScheduleA/AdjustedNetIncomeGrp/DepreciationDepletionGrp",1573,1573,"2016v3.0, 2016v3.1"
"/Return/ReturnData/IRS990ScheduleA/AdjustedNetIncomeGrp/DepreciationDepletionGrp/PriorYearAmt",1573,1573,"2016v3.0, 2016v3.1"
"/Return/ReturnData/IRS990ScheduleA/AdjustedNetIncomeGrp/NetSTCapitalGainAdjNetIncmGrp",1573,1573,"2016v3.0, 2016v3.1"
"/Return/ReturnData/IRS990ScheduleA/AdjustedNetIncomeGrp/NetSTCapitalGainAdjNetIncmGrp/PriorYearAmt",1573,1573,"2016v3.0, 2016v3.1"
"/Return/ReturnData/IRS990ScheduleA/AdjustedNetIncomeGrp/OtherExpensesGrp",1573,1573,"2016v3.0, 2016v3.1"
"/Return/ReturnData/IRS990ScheduleA/AdjustedNetIncomeGrp/OtherExpensesGrp/PriorYearAmt",1573,1573,"2016v3.0, 2016v3.1"
"/Return/ReturnData/IRS990ScheduleA/AdjustedNetIncomeGrp/OtherGrossIncomeGrp",1573,1573,"2016v3.0, 2016v3.1"
"/Return/ReturnData/IRS990ScheduleA/AdjustedNetIncomeGrp/OtherGrossIncomeGrp/PriorYearAmt",1573,1573,"2016v3.0, 2016v3.1"
"/Return/ReturnData/IRS990ScheduleA/AdjustedNetIncomeGrp/ProductionIncomeGrp",1573,1573,"2016v3.0, 2016v3.1"
"/Return/ReturnData/IRS990ScheduleA/AdjustedNetIncomeGrp/ProductionIncomeGrp/PriorYearAmt",1573,1573,"2016v3.0, 2016v3.1"
"/Return/ReturnData/IRS990ScheduleA/AdjustedNetIncomeGrp/RecoveriesPYDistributionsGrp",1573,1573,"2016v3.0, 2016v3.1"
"/Return/ReturnData/IRS990ScheduleA/AdjustedNetIncomeGrp/RecoveriesPYDistributionsGrp/PriorYearAmt",1573,1573,"2016v3.0, 2016v3.1"
"/Return/ReturnData/IRS990ScheduleA/AdjustedNetIncomeGrp/TotalAdjustedNetIncomeGrp",1573,1573,"2016v3.0, 2016v3.1"
"/Return/ReturnData/IRS990ScheduleA/AdjustedNetIncomeGrp/TotalAdjustedNetIncomeGrp/PriorYearAmt",1573,1573,"2016v3.0, 2016v3.1"
"/Return/ReturnData/IRS990ScheduleH/HealthProfessionsEducationGrp/TotalExpensePct",1571,1571,"2016v3.0, 2016v3.1"
"/Return/ReturnData/IRS990ScheduleL/GrntAsstBnftInterestedPrsnGrp/AssistancePurposeTxt",1570,855,"2016v3.0, 2016v3.1"
"/Return/ReturnData/IRS990ScheduleH/CashAndInKindContributionsGrp/TotalExpensePct",1568,1568,"2016v3.0, 2016v3.1"
"/Return/ReturnData/IRS990ScheduleH/HealthProfessionsEducationGrp/TotalCommunityBenefitExpnsAmt",1566,1566,"2016v3.0, 2016v3.1"
"/Return/ReturnData/IRS990ScheduleH/FacilityNum",1565,1565,"2016v3.0, 2016v3.1"
"/Return/ReturnData/IRS990ScheduleA/CollegeOrganizationInd",1556,1556,"2016v3.0, 2016v3.1"
"/Return/ReturnData/IRS990ScheduleD/Section170hRqrStsfdInd",1543,1543,"2016v3.0, 2016v3.1"
"/Return/ReturnData/IRS990ScheduleD/DonorAdvisedFundsContriAmt",1542,1542,"2016v3.0, 2016v3.1"
"/Return/ReturnData/IRS990/Form8886TFiledInd",1533,1533,"2016v3.0, 2016v3.1"
"/Return/ReturnData/IRS990ScheduleM/CarsAndOtherVehiclesGrp/NoncashContributionsRptF990Amt",1513,1513,"2016v3.0, 2016v3.1"
"/Return/ReturnHeader/PreparerFirmGrp/PreparerUSAddress/AddressLine2Txt",1511,1511,"2016v3.0, 2016v3.1"
"/Return/ReturnData/IRS990ScheduleD/DonorAdvisedFundsGrantsAmt",1508,1508,"2016v3.0, 2016v3.1"
"/Return/ReturnData/IRS990ScheduleD/FinancialDerivativesGrp",1507,1507,"2016v3.0, 2016v3.1"
"/Return/ReturnData/IRS990/TotalJointCostsGrp",1503,1503,"2016v3.0, 2016v3.1"
"/Return/ReturnData/IRS990ScheduleH/OthHlthCareFcltsNotHospitalGrp",1502,1502,"2016v3.0, 2016v3.1"
"/Return/ReturnData/IRS990ScheduleN/DispositionOfAssetsDetail/EIN",1500,891,"2016v3.0, 2016v3.1"
"/Return/ReturnData/IRS990ScheduleG/GamingManagerIsEmployeeInd",1498,1498,"2016v3.0, 2016v3.1"
"/Return/ReturnData/IRS990ScheduleM/CarsAndOtherVehiclesGrp/NonCashCheckboxInd",1492,1492,"2016v3.0, 2016v3.1"
"/Return/ReturnData/IRS990/TotalJointCostsGrp/TotalAmt",1491,1491,"2016v3.0, 2016v3.1"
"/Return/ReturnData/IRS990ScheduleM/CarsAndOtherVehiclesGrp/ContributionCnt",1479,1479,"2016v3.0, 2016v3.1"
"/Return/ReturnData/IRS990ScheduleA/DistributionsGrp",1476,1476,"2016v3.0, 2016v3.1"
"/Return/ReturnData/IRS990ScheduleA/DistributionsGrp/CYAdministrativeExpensePaidAmt",1476,1476,"2016v3.0, 2016v3.1"
"/Return/ReturnData/IRS990ScheduleA/DistributionsGrp/CYDistriAttentiveSuprtOrgAmt",1476,1476,"2016v3.0, 2016v3.1"
"/Return/ReturnData/IRS990ScheduleA/DistributionsGrp/CYDistributableAsAdjustedAmt",1476,1476,"2016v3.0, 2016v3.1"
"/Return/ReturnData/IRS990ScheduleA/DistributionsGrp/CYDistributionYrRt",1476,1476,"2016v3.0, 2016v3.1"
"/Return/ReturnData/IRS990ScheduleA/DistributionsGrp/CYOtherDistributionsAmt",1476,1476,"2016v3.0, 2016v3.1"
"/Return/ReturnData/IRS990ScheduleA/DistributionsGrp/CYPaidAccomplishExemptPrpsAmt",1476,1476,"2016v3.0, 2016v3.1"
"/Return/ReturnData/IRS990ScheduleA/DistributionsGrp/CYPdInExcessIncomeActivityAmt",1476,1476,"2016v3.0, 2016v3.1"
"/Return/ReturnData/IRS990ScheduleA/DistributionsGrp/CYTotalAnnualDistributionsAmt",1476,1476,"2016v3.0, 2016v3.1"
"/Return/ReturnData/IRS990ScheduleA/DistributionsGrp/ExemptUseAssetsAcquisPaidAmt",1476,1476,"2016v3.0, 2016v3.1"
"/Return/ReturnData/IRS990ScheduleA/DistributionsGrp/QualifiedSetAsideAmt",1476,1476,"2016v3.0, 2016v3.1"
"/Return/ReturnData/IRS990ScheduleA/DistributionAllocationsGrp",1473,1473,"2016v3.0, 2016v3.1"
"/Return/ReturnData/IRS990ScheduleA/DistributionAllocationsGrp/CYDistribAppUnderdistriPYAmt",1473,1473,"2016v3.0, 2016v3.1"
"/Return/ReturnData/IRS990ScheduleA/DistributionAllocationsGrp/CYDistributableAsAdjustedAmt",1473,1473,"2016v3.0, 2016v3.1"
"/Return/ReturnData/IRS990ScheduleA/DistributionAllocationsGrp/CYTotalAnnualDistributionsAmt",1473,1473,"2016v3.0, 2016v3.1"
"/Return/ReturnData/IRS990ScheduleA/DistributionAllocationsGrp/CyovAppliedUnderdistrCPYAmt",1473,1473,"2016v3.0, 2016v3.1"
"/Return/ReturnData/IRS990ScheduleA/DistributionAllocationsGrp/CyovAppliedUnderdistriPYAmt",1473,1473,"2016v3.0, 2016v3.1"
"/Return/ReturnData/IRS990ScheduleA/DistributionAllocationsGrp/ExcessDistriCyovToNextYrAmt",1473,1473,"2016v3.0, 2016v3.1"
"/Return/ReturnData/IRS990ScheduleA/DistributionAllocationsGrp/ExcessDistributionAmt",1473,1473,"2016v3.0, 2016v3.1"
"/Return/ReturnData/IRS990ScheduleA/DistributionAllocationsGrp/ExcessDistributionCyovAmt",1473,1473,"2016v3.0, 2016v3.1"
"/Return/ReturnData/IRS990ScheduleA/DistributionAllocationsGrp/ExcessDistributionCyovYr1Amt",1473,1473,"2016v3.0, 2016v3.1"
"/Return/ReturnData/IRS990ScheduleA/DistributionAllocationsGrp/ExcessDistributionCyovYr2Amt",1473,1473,"2016v3.0, 2016v3.1"
"/Return/ReturnData/IRS990ScheduleA/DistributionAllocationsGrp/ExcessDistributionCyovYr3Amt",1473,1473,"2016v3.0, 2016v3.1"
"/Return/ReturnData/IRS990ScheduleA/DistributionAllocationsGrp/ExcessFromYear1Amt",1473,1473,"2016v3.0, 2016v3.1"
"/Return/ReturnData/IRS990ScheduleA/DistributionAllocationsGrp/ExcessFromYear2Amt",1473,1473,"2016v3.0, 2016v3.1"
"/Return/ReturnData/IRS990ScheduleA/DistributionAllocationsGrp/ExcessFromYear3Amt",1473,1473,"2016v3.0, 2016v3.1"
"/Return/ReturnData/IRS990ScheduleA/DistributionAllocationsGrp/ExcessFromYear4Amt",1473,1473,"2016v3.0, 2016v3.1"
"/Return/ReturnData/IRS990ScheduleA/DistributionAllocationsGrp/RemainingUnderdistriCYAmt",1473,1473,"2016v3.0, 2016v3.1"
"/Return/ReturnData/IRS990ScheduleA/DistributionAllocationsGrp/RemainingUnderdistriPYAmt",1473,1473,"2016v3.0, 2016v3.1"
"/Return/ReturnData/IRS990ScheduleA/DistributionAllocationsGrp/TotalExcessDistributionCyovAmt",1473,1473,"2016v3.0, 2016v3.1"
"/Return/ReturnData/IRS990ScheduleA/DistributionAllocationsGrp/UnderdistributionsAmt",1473,1473,"2016v3.0, 2016v3.1"
"/Return/ReturnData/IRS990ScheduleL/GrntAsstBnftInterestedPrsnGrp/PersonNm",1472,660,"2016v3.0, 2016v3.1"
"/Return/ReturnData/IRS990ScheduleM/WorksOfArtGrp/NoncashContributionsRptF990Amt",1469,1469,"2016v3.0, 2016v3.1"
"/Return/ReturnData/IRS990ScheduleK/TaxExemptBondsArbitrageGrp/TermOfHedgePct",1452,1059,"2016v3.0, 2016v3.1"
"/Return/ReturnData/AffiliateListing/AffiliateListingGrp",1451,118,"2016v3.0, 2016v3.1"
"/Return/ReturnData/AffiliateListing/AffiliateListingGrp/BusinessName",1451,118,"2016v3.0, 2016v3.1"
"/Return/ReturnData/AffiliateListing/AffiliateListingGrp/BusinessName/BusinessNameLine1Txt",1451,118,"2016v3.0, 2016v3.1"
"/Return/ReturnData/AffiliateListing/AffiliateListingGrp/BusinessNameControlTxt",1451,118,"2016v3.0, 2016v3.1"
"/Return/ReturnData/AffiliateListing/AffiliateListingGrp/EIN",1451,118,"2016v3.0, 2016v3.1"
"/Return/ReturnData/AffiliateListing/AffiliateListingGrp/USAddress",1451,118,"2016v3.0, 2016v3.1"
"/Return/ReturnData/AffiliateListing/AffiliateListingGrp/USAddress/AddressLine1Txt",1451,118,"2016v3.0, 2016v3.1"
"/Return/ReturnData/AffiliateListing/AffiliateListingGrp/USAddress/CityNm",1451,118,"2016v3.0, 2016v3.1"
"/Return/ReturnData/AffiliateListing/AffiliateListingGrp/USAddress/StateAbbreviationCd",1451,118,"2016v3.0, 2016v3.1"
"/Return/ReturnData/AffiliateListing/AffiliateListingGrp/USAddress/ZIPCd",1451,118,"2016v3.0, 2016v3.1"
"/Return/ReturnData/IRS990EZ/FinalReturnInd",1441,1441,"2016v3.0, 2016v3.1"
"/Return/ReturnData/IRS990ScheduleJ/IdemnificationGrossUpPmtsInd",1436,1436,"2016v3.0, 2016v3.1"
"/Return/ReturnData/IRS990ScheduleM/WorksOfArtGrp/MethodOfDeterminingRevenuesTxt",1432,1432,"2016v3.0, 2016v3.1"
"/Return/ReturnData/IRS990ScheduleA/MinimumAssetAmountGrp",1426,1426,"2016v3.0, 2016v3.1"
"/Return/ReturnData/IRS990ScheduleA/MinimumAssetAmountGrp/AcquisitionIndebtednessGrp",1426,1426,"2016v3.0, 2016v3.1"
"/Return/ReturnData/IRS990ScheduleA/MinimumAssetAmountGrp/AcquisitionIndebtednessGrp/PriorYearAmt",1426,1426,"2016v3.0, 2016v3.1"
"/Return/ReturnData/IRS990ScheduleA/MinimumAssetAmountGrp/AdjustedFMVLessIndebtednessGrp",1426,1426,"2016v3.0, 2016v3.1"
"/Return/ReturnData/IRS990ScheduleA/MinimumAssetAmountGrp/AdjustedFMVLessIndebtednessGrp/PriorYearAmt",1426,1426,"2016v3.0, 2016v3.1"
"/Return/ReturnData/IRS990ScheduleA/MinimumAssetAmountGrp/AverageMonthlyCashBalancesGrp",1426,1426,"2016v3.0, 2016v3.1"
"/Return/ReturnData/IRS990ScheduleA/MinimumAssetAmountGrp/AverageMonthlyCashBalancesGrp/PriorYearAmt",1426,1426,"2016v3.0, 2016v3.1"
"/Return/ReturnData/IRS990ScheduleA/MinimumAssetAmountGrp/AverageMonthlyFMVOfSecGrp",1426,1426,"2016v3.0, 2016v3.1"
"/Return/ReturnData/IRS990ScheduleA/MinimumAssetAmountGrp/AverageMonthlyFMVOfSecGrp/PriorYearAmt",1426,1426,"2016v3.0, 2016v3.1"
"/Return/ReturnData/IRS990ScheduleA/MinimumAssetAmountGrp/CashDeemedCharitableGrp",1426,1426,"2016v3.0, 2016v3.1"
"/Return/ReturnData/IRS990ScheduleA/MinimumAssetAmountGrp/CashDeemedCharitableGrp/PriorYearAmt",1426,1426,"2016v3.0, 2016v3.1"
"/Return/ReturnData/IRS990ScheduleA/MinimumAssetAmountGrp/DiscountClaimedAmt",1426,1426,"2016v3.0, 2016v3.1"
"/Return/ReturnData/IRS990ScheduleA/MinimumAssetAmountGrp/FMVOtherNonExemptUseAssetGrp",1426,1426,"2016v3.0, 2016v3.1"
"/Return/ReturnData/IRS990ScheduleA/MinimumAssetAmountGrp/FMVOtherNonExemptUseAssetGrp/PriorYearAmt",1426,1426,"2016v3.0, 2016v3.1"
"/Return/ReturnData/IRS990ScheduleA/MinimumAssetAmountGrp/NetVlNonExemptUseAssetsGrp",1426,1426,"2016v3.0, 2016v3.1"
"/Return/ReturnData/IRS990ScheduleA/MinimumAssetAmountGrp/NetVlNonExemptUseAssetsGrp/PriorYearAmt",1426,1426,"2016v3.0, 2016v3.1"
"/Return/ReturnData/IRS990ScheduleA/MinimumAssetAmountGrp/PctOfNetVlNonExemptUseAstGrp",1426,1426,"2016v3.0, 2016v3.1"
"/Return/ReturnData/IRS990ScheduleA/MinimumAssetAmountGrp/PctOfNetVlNonExemptUseAstGrp/PriorYearAmt",1426,1426,"2016v3.0, 2016v3.1"
"/Return/ReturnData/IRS990ScheduleA/MinimumAssetAmountGrp/RecoveriesPYDistriMinAssetGrp",1426,1426,"2016v3.0, 2016v3.1"
"/Return/ReturnData/IRS990ScheduleA/MinimumAssetAmountGrp/RecoveriesPYDistriMinAssetGrp/PriorYearAmt",1426,1426,"2016v3.0, 2016v3.1"
"/Return/ReturnData/IRS990ScheduleA/MinimumAssetAmountGrp/TotalFMVOfNonExemptUseAssetGrp",1426,1426,"2016v3.0, 2016v3.1"
"/Return/ReturnData/IRS990ScheduleA/MinimumAssetAmountGrp/TotalFMVOfNonExemptUseAssetGrp/PriorYearAmt",1426,1426,"2016v3.0, 2016v3.1"
"/Return/ReturnData/IRS990ScheduleA/MinimumAssetAmountGrp/TotalMinimumAssetGrp",1426,1426,"2016v3.0, 2016v3.1"
"/Return/ReturnData/IRS990ScheduleA/MinimumAssetAmountGrp/TotalMinimumAssetGrp/PriorYearAmt",1426,1426,"2016v3.0, 2016v3.1"
"/Return/ReturnData/IRS990ScheduleC/Form4720FiledSection4955TaxInd",1423,1423,"2016v3.0, 2016v3.1"
"/Return/ReturnData/IRS990ScheduleN/DirectorOfSuccessor2Ind",1419,1419,"2016v3.0, 2016v3.1"
"/Return/ReturnData/IRS990ScheduleN/EmployeeOfSuccessor2Ind",1419,1419,"2016v3.0, 2016v3.1"
"/Return/ReturnData/IRS990ScheduleN/OwnerOfSuccessor2Ind",1419,1419,"2016v3.0, 2016v3.1"
"/Return/ReturnData/IRS990ScheduleN/ReceiveCompensation2Ind",1419,1419,"2016v3.0, 2016v3.1"
"/Return/ReturnData/IRS990ScheduleH/SubsidizedHealthServicesGrp",1417,1417,"2016v3.0, 2016v3.1"
"/Return/ReturnData/IRS990ScheduleA/PrivateFoundation509Ind",1415,1415,"2016v3.0, 2016v3.1"
"/Return/ReturnData/IRS990ScheduleR/IdRelatedTaxExemptOrgGrp/USAddress/AddressLine2Txt",1399,626,"2016v3.0, 2016v3.1"
"/Return/ReturnData/IRS990ScheduleM/CarsAndOtherVehiclesGrp/MethodOfDeterminingRevenuesTxt",1391,1391,"2016v3.0, 2016v3.1"
"/Return/ReturnData/IRS990ScheduleD/StatesEasementsHeldCnt",1380,1380,"2016v3.0, 2016v3.1"
"/Return/ReturnData/IRS990ScheduleH/SubsidizedHealthServicesGrp/TotalExpensePct",1371,1371,"2016v3.0, 2016v3.1"
"/Return/ReturnData/IRS990ScheduleH/SubsidizedHealthServicesGrp/NetCommunityBenefitExpnsAmt",1370,1370,"2016v3.0, 2016v3.1"
"/Return/ReturnData/IRS990/FinalReturnInd",1353,1353,"2016v3.0, 2016v3.1"
"/Return/ReturnData/IRS990ScheduleD/TotalEasementsCnt",1352,1352,"2016v3.0, 2016v3.1"
"/Return/ReturnData/IRS990EZ/TypeOfOrganizationTrustInd",1345,1345,"2016v3.0, 2016v3.1"
"/Return/ReturnData/IRS990/ContractorCompensationGrp/ContractorAddress/USAddress/AddressLine2Txt",1342,907,"2016v3.0, 2016v3.1"
"/Return/ReturnData/IRS990ScheduleC/CarriedOverAmt",1339,1339,"2016v3.0, 2016v3.1"
"/Return/ReturnData/IRS990/ContractorCompensationGrp/ContractorAddress/ForeignAddress",1335,800,"2016v3.0, 2016v3.1"
"/Return/ReturnData/IRS990/ContractorCompensationGrp/ContractorAddress/ForeignAddress/AddressLine1Txt",1335,800,"2016v3.0, 2016v3.1"
"/Return/ReturnData/IRS990/ContractorCompensationGrp/ContractorAddress/ForeignAddress/CountryCd",1335,800,"2016v3.0, 2016v3.1"
"/Return/ReturnData/IRS990ScheduleH/SubsidizedHealthServicesGrp/TotalCommunityBenefitExpnsAmt",1334,1334,"2016v3.0, 2016v3.1"
"/Return/ReturnData/IRS990ScheduleC/CorrectionMadeInd",1331,1331,"2016v3.0, 2016v3.1"
"/Return/ReturnData/IRS990ScheduleM/BooksAndPublicationsGrp/NonCashCheckboxInd",1326,1326,"2016v3.0, 2016v3.1"
"/Return/ReturnData/IRS990ScheduleJ/FirstClassOrCharterTravelInd",1322,1322,"2016v3.0, 2016v3.1"
"/Return/ReturnData/IRS990ScheduleM/BooksAndPublicationsGrp/NoncashContributionsRptF990Amt",1313,1313,"2016v3.0, 2016v3.1"
"/Return/ReturnData/IRS990ScheduleH/TotalCommuntityBuildingActyGrp",1300,1300,"2016v3.0, 2016v3.1"
"/Return/ReturnData/IRS990ScheduleH/TotalCommuntityBuildingActyGrp/TotalCommunityBenefitExpnsAmt",1297,1297,"2016v3.0, 2016v3.1"
"/Return/ReturnData/IRS990ScheduleH/HospitalFcltyPoliciesPrctcGrp/LookBackMedicarePrivateInd",1294,1059,"2016v3.0, 2016v3.1"
"/Return/ReturnData/IRS990ScheduleH/TotalCommuntityBuildingActyGrp/NetCommunityBenefitExpnsAmt",1293,1293,"2016v3.0, 2016v3.1"
"/Return/ReturnData/IRS990/ContractorCompensationGrp/ContractorAddress/ForeignAddress/CityNm",1292,775,"2016v3.0, 2016v3.1"
"/Return/ReturnData/IRS990ScheduleD/TotalAcreageCnt",1256,1256,"2016v3.0, 2016v3.1"
"/Return/ReturnData/IRS990ScheduleG/PersonsWithBooksName",1246,1246,"2016v3.0, 2016v3.1"
"/Return/ReturnData/IRS990ScheduleG/PersonsWithBooksName/BusinessNameLine1Txt",1246,1246,"2016v3.0, 2016v3.1"
"/Return/ReturnData/IRS990ScheduleM/BooksAndPublicationsGrp/MethodOfDeterminingRevenuesTxt",1246,1246,"2016v3.0, 2016v3.1"
"/Return/ReturnData/IRS990ScheduleR/TransactionsRelatedOrgGrp/OtherOrganizationName/BusinessNameLine2Txt",1237,574,"2016v3.0, 2016v3.1"
"/Return/ReturnData/IRS990ScheduleM/DrugsAndMedicalSuppliesGrp/NoncashContributionsRptF990Amt",1233,1233,"2016v3.0, 2016v3.1"
"/Return/ReturnData/IRS990ScheduleH/TotalCommuntityBuildingActyGrp/TotalExpensePct",1230,1230,"2016v3.0, 2016v3.1"
"/Return/ReturnData/IRS990ScheduleG/GamingInformationGrp/NonCashPrizesOtherGamingAmt",1225,1225,"2016v3.0, 2016v3.1"
"/Return/ReturnData/IRS990ScheduleA/PrivateFoundation170Ind",1220,1220,"2016v3.0, 2016v3.1"
"/Return/ReturnData/IRS990ScheduleM/DrugsAndMedicalSuppliesGrp/NonCashCheckboxInd",1216,1216,"2016v3.0, 2016v3.1"
"/Return/ReturnData/IRS990ScheduleC/TotalExemptFunctionExpendAmt",1204,1204,"2016v3.0, 2016v3.1"
"/Return/ReturnData/IRS990ScheduleR/IdRelatedTaxExemptOrgGrp/ForeignAddress/ForeignPostalCd",1198,585,"2016v3.0, 2016v3.1"
"/Return/ReturnData/IRS990ScheduleH/HospitalFacilitiesGrp/FacilityReportingGroupCd",1194,351,"2016v3.0, 2016v3.1"
"/Return/ReturnData/IRS990ScheduleN/LiquidationOfAssetsTableGrp/LiquidationOfAssetsDetail/PersonNm",1179,641,"2016v3.0, 2016v3.1"
"/Return/ReturnData/IRS990ScheduleN/DispositionOfAssetsDetail/BusinessName",1172,657,"2016v3.0, 2016v3.1"
"/Return/ReturnData/IRS990ScheduleN/DispositionOfAssetsDetail/BusinessName/BusinessNameLine1Txt",1172,657,"2016v3.0, 2016v3.1"
"/Return/ReturnData/IRS990ScheduleD/EndingBalanceAmt",1157,1157,"2016v3.0, 2016v3.1"
"/Return/ReturnData/IRS990ScheduleH/ManagementCoAndJntVenturesGrp",1153,494,"2016v3.0, 2016v3.1"
"/Return/ReturnData/IRS990ScheduleH/ManagementCoAndJntVenturesGrp/EntityName",1153,494,"2016v3.0, 2016v3.1"
"/Return/ReturnData/IRS990ScheduleH/ManagementCoAndJntVenturesGrp/EntityName/BusinessNameLine1Txt",1153,494,"2016v3.0, 2016v3.1"
"/Return/ReturnData/IRS990ScheduleM/DrugsAndMedicalSuppliesGrp/ContributionCnt",1140,1140,"2016v3.0, 2016v3.1"
"/Return/ReturnData/IRS990ScheduleG/GamingInformationGrp/RentFacilityCostsBingoAmt",1127,1127,"2016v3.0, 2016v3.1"
"/Return/ReturnData/IRS990ScheduleH/CommunityHealthServicesGrp/DirectOffsettingRevenueAmt",1125,1125,"2016v3.0, 2016v3.1"
"/Return/ReturnData/IRS990ScheduleH/UnableToProvideCareInd",1123,1123,"2016v3.0, 2016v3.1"
"/Return/ReturnData/IRS990ScheduleH/SubsidizedHealthServicesGrp/DirectOffsettingRevenueAmt",1118,1118,"2016v3.0, 2016v3.1"
"/Return/ReturnData/IRS990ScheduleM/DrugsAndMedicalSuppliesGrp/MethodOfDeterminingRevenuesTxt",1107,1107,"2016v3.0, 2016v3.1"
"/Return/ReturnData/IRS990ScheduleG/GamingInformationGrp/RentFacilityCostsPullTabsAmt",1081,1081,"2016v3.0, 2016v3.1"
"/Return/ReturnData/IRS990ScheduleD/BeginningBalanceAmt",1077,1077,"2016v3.0, 2016v3.1"
"/Return/ReturnData/IRS990ScheduleH/ManagementCoAndJntVenturesGrp/PrimaryActivitiesTxt",1076,467,"2016v3.0, 2016v3.1"
"/Return/ReturnData/IRS990ScheduleD/CloselyHeldEquityInterestsGrp/BookValueAmt",1073,1073,"2016v3.0, 2016v3.1"
"/Return/ReturnData/IRS990ScheduleD/CollUsedLoanOrExchProgInd",1071,1071,"2016v3.0, 2016v3.1"
"/Return/ReturnData/IRS990EZ/MethodOfAccountingOtherDesc",1064,1064,"2016v3.0, 2016v3.1"
"/Return/ReturnData/IRS990ScheduleH/ManagementCoAndJntVenturesGrp/OrgProfitOrOwnershipPct",1063,459,"2016v3.0, 2016v3.1"
"/Return/ReturnData/IRS990ScheduleC/InternalFundsContributedAmt",1049,1049,"2016v3.0, 2016v3.1"
"/Return/ReturnData/IRS990ScheduleH/Percent200Ind",1042,1042,"2016v3.0, 2016v3.1"
"/Return/ReturnData/IRS990/AcctCompileOrReviewBasisGrp/ConsolAndSepBasisFinclStmtInd",1034,1034,"2016v3.0, 2016v3.1"
"/Return/ReturnData/IRS990ScheduleD/StaffHoursSpentEnforcementCnt",1022,1022,"2016v3.0, 2016v3.1"
"/Return/ReturnData/IRS990ScheduleK/TaxExemptBondsPrivateBusUseGrp/EngageBondCounselResearchInd",1021,352,"2016v3.0, 2016v3.1"
"/Return/ReturnData/IRS990ScheduleD/ProtectionNaturalHabitatInd",1003,1003,"2016v3.0, 2016v3.1"
"/Return/ReturnData/AffiliatedGroupSchedule/AffiliatedScheduleGrp",979,165,"2016v3.0, 2016v3.1"
"/Return/ReturnData/AffiliatedGroupSchedule/AffiliatedScheduleGrp/BusinessName",979,165,"2016v3.0, 2016v3.1"
"/Return/ReturnData/AffiliatedGroupSchedule/AffiliatedScheduleGrp/BusinessName/BusinessNameLine1Txt",979,165,"2016v3.0, 2016v3.1"
"/Return/ReturnData/AffiliatedGroupSchedule/AffiliatedScheduleGrp/EIN",979,165,"2016v3.0, 2016v3.1"
"/Return/ReturnData/AffiliatedGroupSchedule/AffiliatedScheduleGrp/GrassrootsNontxAmt",979,165,"2016v3.0, 2016v3.1"
"/Return/ReturnData/AffiliatedGroupSchedule/AffiliatedScheduleGrp/LobbyNontxAmt",979,165,"2016v3.0, 2016v3.1"
"/Return/ReturnData/AffiliatedGroupSchedule/AffiliatedScheduleGrp/OtherExemptPurposeExpendAmt",979,165,"2016v3.0, 2016v3.1"
"/Return/ReturnData/AffiliatedGroupSchedule/AffiliatedScheduleGrp/ShareExcessLobbyExpendAmt",979,165,"2016v3.0, 2016v3.1"
"/Return/ReturnData/AffiliatedGroupSchedule/AffiliatedScheduleGrp/TotLbbyExpendMnsLobbyNontxAmt",979,165,"2016v3.0, 2016v3.1"
"/Return/ReturnData/AffiliatedGroupSchedule/AffiliatedScheduleGrp/TotalDirectLobbyAmt",979,165,"2016v3.0, 2016v3.1"
"/Return/ReturnData/AffiliatedGroupSchedule/AffiliatedScheduleGrp/TotalExemptPurposeExpendAmt",979,165,"2016v3.0, 2016v3.1"
"/Return/ReturnData/AffiliatedGroupSchedule/AffiliatedScheduleGrp/TotalGrassrootsLobbyAmt",979,165,"2016v3.0, 2016v3.1"
"/Return/ReturnData/AffiliatedGroupSchedule/AffiliatedScheduleGrp/TotalLobbyExpenditureAmt",979,165,"2016v3.0, 2016v3.1"
"/Return/ReturnData/AffiliatedGroupSchedule/AffiliatedScheduleGrp/TotalLobbyGrssrootMnsNontxAmt",979,165,"2016v3.0, 2016v3.1"
"/Return/ReturnData/AffiliatedGroupSchedule/AffiliatedScheduleGrp/USAddress",979,165,"2016v3.0, 2016v3.1"
"/Return/ReturnData/AffiliatedGroupSchedule/AffiliatedScheduleGrp/USAddress/AddressLine1Txt",979,165,"2016v3.0, 2016v3.1"
"/Return/ReturnData/AffiliatedGroupSchedule/AffiliatedScheduleGrp/USAddress/CityNm",979,165,"2016v3.0, 2016v3.1"
"/Return/ReturnData/AffiliatedGroupSchedule/AffiliatedScheduleGrp/USAddress/StateAbbreviationCd",979,165,"2016v3.0, 2016v3.1"
"/Return/ReturnData/AffiliatedGroupSchedule/AffiliatedScheduleGrp/USAddress/ZIPCd",979,165,"2016v3.0, 2016v3.1"
"/Return/ReturnData/IRS990/Form990PartVIISectionAGrp/BusinessName/BusinessNameLine2Txt",977,286,"2016v3.0, 2016v3.1"
"/Return/ReturnData/IRS990ScheduleH/HospitalFcltyPoliciesPrctcGrp/ResidencyCriteriaInd",976,799,"2016v3.0, 2016v3.1"
"/Return/ReturnData/IRS990ScheduleC/Form4720FiledInd",969,969,"2016v3.0, 2016v3.1"
"/Return/ReturnData/IRS990ScheduleH/ManagementCoAndJntVenturesGrp/PhysiciansProfitOrOwnershipPct",966,418,"2016v3.0, 2016v3.1"
"/Return/ReturnData/IRS990ScheduleD/CloselyHeldEquityInterestsGrp/MethodValuationCd",961,961,"2016v3.0, 2016v3.1"
"/Return/ReturnData/IRS990/Form720FiledInd",952,952,"2016v3.0, 2016v3.1"
"/Return/ReturnData/IRS990ScheduleH/HospitalFcltyPoliciesPrctcGrp/ProvidedNonprofitContactInd",940,804,"2016v3.0, 2016v3.1"
"/Return/ReturnData/IRS990ScheduleH/HospitalFacilitiesGrp/TeachingHospitalInd",925,584,"2016v3.0, 2016v3.1"
"/Return/ReturnData/IRS990ScheduleH/CommunitySupportGrp",924,924,"2016v3.0, 2016v3.1"
"/Return/ReturnData/IRS990ScheduleH/HealthProfessionsEducationGrp/DirectOffsettingRevenueAmt",920,920,"2016v3.0, 2016v3.1"
"/Return/ReturnData/IRS990ScheduleH/CommunitySupportGrp/NetCommunityBenefitExpnsAmt",912,912,"2016v3.0, 2016v3.1"
"/Return/ReturnData/IRS990ScheduleA/Form990SchASupportingOrgGrp/SupportedOrgQualifiedInd",909,909,"2016v3.0, 2016v3.1"
"/Return/ReturnData/IRS990ScheduleA/Form990SchASupportingOrgGrp/SuprtExclusivelySec170c2BInd",901,901,"2016v3.0, 2016v3.1"
"/Return/ReturnData/IRS990ScheduleC/GrantsOtherOrganizationsAmt",897,897,"2016v3.0, 2016v3.1"
"/Return/ReturnData/IRS990ScheduleC/VolunteerHoursCnt",896,896,"2016v3.0, 2016v3.1"
"/Return/ReturnData/IRS990ScheduleD/AdditionsDuringYearAmt",891,891,"2016v3.0, 2016v3.1"
"/Return/ReturnData/IRS990ScheduleD/DistributionsDuringYearAmt",890,890,"2016v3.0, 2016v3.1"
"/Return/ReturnData/IRS990ScheduleD/PreservationOpenSpaceInd",874,874,"2016v3.0, 2016v3.1"
"/Return/ReturnData/IRS990ScheduleJ/DiscretionarySpendingAcctInd",853,853,"2016v3.0, 2016v3.1"
"/Return/ReturnData/IRS990ScheduleD/ExpensesIncurredEnforcementAmt",849,849,"2016v3.0, 2016v3.1"
"/Return/ReturnData/IRS990ScheduleH/FinancialAssistanceAtCostTyp/DirectOffsettingRevenueAmt",843,843,"2016v3.0, 2016v3.1"
"/Return/ReturnData/IRS990ScheduleA/AdjustedNetIncomeGrp/TotalAdjustedNetIncomeGrp/CurrentYearAmt",832,832,"2016v3.0, 2016v3.1"
"/Return/ReturnData/IRS990ScheduleA/AdjustedNetIncomeGrp/AdjustedGrossIncomeGrp/CurrentYearAmt",829,829,"2016v3.0, 2016v3.1"
"/Return/ReturnData/IRS990ScheduleH/HospitalFcltyPoliciesPrctcGrp/OtherPublicityInd",824,652,"2016v3.0, 2016v3.1"
"/Return/ReturnData/IRS990ScheduleC/Expended527ActivitiesAmt",823,823,"2016v3.0, 2016v3.1"
"/Return/ReturnData/IRS990ScheduleH/CommunitySupportGrp/TotalExpensePct",818,818,"2016v3.0, 2016v3.1"
"/Return/ReturnData/IRS990ScheduleA/AdjustedNetIncomeGrp/OtherGrossIncomeGrp/CurrentYearAmt",812,812,"2016v3.0, 2016v3.1"
"/Return/ReturnData/IRS990EZ/BooksInCareOfDetail/BusinessName/BusinessNameLine2Txt",811,811,"2016v3.0, 2016v3.1"
"/Return/ReturnData/IRS990ScheduleH/CommunitySupportGrp/TotalCommunityBenefitExpnsAmt",808,808,"2016v3.0, 2016v3.1"
"/Return/ReturnData/IRS990ScheduleH/HospitalFacilitiesGrp/OtherDesc",805,586,"2016v3.0, 2016v3.1"
"/Return/ReturnData/IRS990ScheduleH/HospitalFcltyPoliciesPrctcGrp/IncomeLevelCriteriaInd",802,700,"2016v3.0, 2016v3.1"
"/Return/ReturnData/IRS990ScheduleA/MinimumAssetAmountGrp/AdjustedFMVLessIndebtednessGrp/CurrentYearAmt",799,799,"2016v3.0, 2016v3.1"
"/Return/ReturnData/IRS990ScheduleA/MinimumAssetAmountGrp/TotalFMVOfNonExemptUseAssetGrp/CurrentYearAmt",799,799,"2016v3.0, 2016v3.1"
"/Return/ReturnData/IRS990EZ/AmendedReturnInd",796,796,"2016v3.0, 2016v3.1"
"/Return/ReturnData/IRS990ScheduleA/MinimumAssetAmountGrp/NetVlNonExemptUseAssetsGrp/CurrentYearAmt",796,796,"2016v3.0, 2016v3.1"
"/Return/ReturnData/IRS990ScheduleA/MinimumAssetAmountGrp/PctOfNetVlNonExemptUseAstGrp/CurrentYearAmt",796,796,"2016v3.0, 2016v3.1"
"/Return/ReturnData/IRS990ScheduleA/MinimumAssetAmountGrp/TotalMinimumAssetGrp/CurrentYearAmt",796,796,"2016v3.0, 2016v3.1"
"/Return/ReturnData/IRS990ScheduleM/RealEstateCommercialGrp/NoncashContributionsRptF990Amt",783,783,"2016v3.0, 2016v3.1"
"/Return/ReturnData/IRS990ScheduleM/RealEstateCommercialGrp/NonCashCheckboxInd",781,781,"2016v3.0, 2016v3.1"
"/Return/ReturnData/IRS990ScheduleH/UnreimbursedCostsGrp",778,778,"2016v3.0, 2016v3.1"
"/Return/ReturnData/IRS990/TotalJointCostsGrp/ProgramServicesAmt",775,775,"2016v3.0, 2016v3.1"
"/Return/ReturnData/IRS990ScheduleR/IdRelatedTaxExemptOrgGrp/ForeignAddress/ProvinceOrStateNm",774,446,"2016v3.0, 2016v3.1"
"/Return/ReturnData/IRS990ScheduleM/RealEstateOtherGrp/NoncashContributionsRptF990Amt",771,771,"2016v3.0, 2016v3.1"
"/Return/ReturnData/IRS990ScheduleA/Form990SchAType3FuncIntGrp/AppointElectMajorityOfficerInd",768,768,"2016v3.0, 2016v3.1"
"/Return/ReturnData/IRS990ScheduleA/Form990SchAType3FuncIntGrp/ExerciseDirectionPoliciesInd",768,768,"2016v3.0, 2016v3.1"
"/Return/ReturnData/IRS990ScheduleH/WorkforceDevelopmentGrp",768,768,"2016v3.0, 2016v3.1"
"/Return/ReturnData/IRS990/TotalJointCostsGrp/FundraisingAmt",767,767,"2016v3.0, 2016v3.1"
"/Return/ReturnData/IRS990ScheduleH/HospitalFacilitiesGrp/CriticalAccessHospitalInd",767,688,"2016v3.0, 2016v3.1"
"/Return/ReturnData/IRS990ScheduleA/MinimumAssetAmountGrp/CashDeemedCharitableGrp/CurrentYearAmt",764,764,"2016v3.0, 2016v3.1"
"/Return/ReturnData/IRS990ScheduleM/RealEstateCommercialGrp/ContributionCnt",763,763,"2016v3.0, 2016v3.1"
"/Return/ReturnData/IRS990ScheduleM/RealEstateOtherGrp/NonCashCheckboxInd",761,761,"2016v3.0, 2016v3.1"
"/Return/ReturnData/IRS990ScheduleR/IdRelatedOrgTxblCorpTrGrp/RelatedOrganizationName/BusinessNameLine2Txt",761,334,"2016v3.0, 2016v3.1"
"/Return/ReturnData/IRS990ScheduleM/RealEstateOtherGrp/ContributionCnt",758,758,"2016v3.0, 2016v3.1"
"/Return/ReturnData/IRS990ScheduleH/TotalCommunityBenefitsGrp/PersonsServedCnt",756,756,"2016v3.0, 2016v3.1"
"/Return/ReturnData/IRS990ScheduleH/WorkforceDevelopmentGrp/NetCommunityBenefitExpnsAmt",756,756,"2016v3.0, 2016v3.1"
"/Return/ReturnData/IRS990/ContractorCompensationGrp/ContractorAddress/ForeignAddress/ForeignPostalCd",755,490,"2016v3.0, 2016v3.1"
"/Return/ReturnData/IRS990ScheduleH/ResearchGrp",753,753,"2016v3.0, 2016v3.1"
"/Return/ReturnData/IRS990ScheduleM/RealEstateResidentialGrp/NoncashContributionsRptF990Amt",750,750,"2016v3.0, 2016v3.1"
"/Return/ReturnData/IRS990ScheduleA/MinimumAssetAmountGrp/AverageMonthlyCashBalancesGrp/CurrentYearAmt",748,748,"2016v3.0, 2016v3.1"
"/Return/ReturnData/IRS990ScheduleM/RealEstateResidentialGrp/NonCashCheckboxInd",745,745,"2016v3.0, 2016v3.1"
"/Return/ReturnData/IRS990ScheduleM/RealEstateResidentialGrp/ContributionCnt",744,744,"2016v3.0, 2016v3.1"
"/Return/ReturnData/IRS990/ContractorCompensationGrp/ContractorAddress/ForeignAddress/ProvinceOrStateNm",732,455,"2016v3.0, 2016v3.1"
"/Return/ReturnData/IRS990ScheduleG/ExplanationIfNoTxt",725,725,"2016v3.0, 2016v3.1"
"/Return/ReturnData/IRS990ScheduleH/TotalOtherBenefitsGrp/PersonsServedCnt",720,720,"2016v3.0, 2016v3.1"
"/Return/ReturnData/IRS990ScheduleH/UnreimbursedCostsGrp/NetCommunityBenefitExpnsAmt",717,717,"2016v3.0, 2016v3.1"
"/Return/ReturnData/IRS990ScheduleL/DisqualifiedPersonExBnftTrGrp",716,163,"2016v3.0, 2016v3.1"
"/Return/ReturnData/IRS990ScheduleL/DisqualifiedPersonExBnftTrGrp/TransactionCorrectedInd",714,161,"2016v3.0, 2016v3.1"
"/Return/ReturnData/IRS990ScheduleA/MinimumAssetAmountGrp/AverageMonthlyFMVOfSecGrp/CurrentYearAmt",710,710,"2016v3.0, 2016v3.1"
"/Return/ReturnData/IRS990ScheduleH/UnreimbursedCostsGrp/TotalExpensePct",708,708,"2016v3.0, 2016v3.1"
"/Return/ReturnData/IRS990ScheduleD/FundsAndOtherAccountsHeldCnt",706,706,"2016v3.0, 2016v3.1"
"/Return/ReturnData/IRS990ScheduleG/GamingInformationGrp/RentFcltyCostsOtherGamingAmt",702,702,"2016v3.0, 2016v3.1"
"/Return/ReturnData/IRS990ScheduleH/HospitalFcltyPoliciesPrctcGrp/OtherCriteriaInd",701,575,"2016v3.0, 2016v3.1"
"/Return/ReturnData/IRS990ScheduleH/WorkforceDevelopmentGrp/TotalExpensePct",696,696,"2016v3.0, 2016v3.1"
"/Return/ReturnData/IRS990ScheduleH/ResearchGrp/NetCommunityBenefitExpnsAmt",695,695,"2016v3.0, 2016v3.1"
"/Return/ReturnData/IRS990ScheduleN/DispositionOfAssetsDetail/PersonNm",694,475,"2016v3.0, 2016v3.1"
"/Return/ReturnData/IRS990ScheduleH/HealthImprovementAdvocacyGrp",689,689,"2016v3.0, 2016v3.1"
"/Return/ReturnData/IRS990ScheduleA/AdjustedNetIncomeGrp/ProductionIncomeGrp/CurrentYearAmt",686,686,"2016v3.0, 2016v3.1"
"/Return/ReturnData/IRS990ScheduleC/Form4720Filed4912TaxInd",682,682,"2016v3.0, 2016v3.1"
"/Return/ReturnData/IRS990ScheduleD/PreservationPublicUseInd",682,682,"2016v3.0, 2016v3.1"
"/Return/ReturnData/IRS990ScheduleH/ResearchGrp/TotalExpensePct",680,680,"2016v3.0, 2016v3.1"
"/Return/ReturnData/IRS990ScheduleH/Percent400Ind",676,676,"2016v3.0, 2016v3.1"
"/Return/ReturnData/IRS990/TotalJointCostsGrp/ManagementAndGeneralAmt",673,673,"2016v3.0, 2016v3.1"
"/Return/ReturnData/IRS990ScheduleH/HealthImprovementAdvocacyGrp/NetCommunityBenefitExpnsAmt",671,671,"2016v3.0, 2016v3.1"
"/Return/ReturnData/IRS990ScheduleD/FundsAndOtherAccountsVlEOYAmt",667,667,"2016v3.0, 2016v3.1"
"/Return/ReturnData/IRS990ScheduleH/HospitalFcltyPoliciesPrctcGrp/StrategyAttachedInd",664,580,"2016v3.0, 2016v3.1"
"/Return/ReturnData/IRS990ScheduleD/ArtPublicExhibitionAmountsGrp/RevenuesIncludedAmt",663,663,"2016v3.0, 2016v3.1"
"/Return/ReturnData/IRS990ScheduleM/RealEstateCommercialGrp/MethodOfDeterminingRevenuesTxt",662,662,"2016v3.0, 2016v3.1"
"/Return/ReturnData/IRS990/TaxExemptInterestAmt",661,661,"2016v3.0, 2016v3.1"
"/Return/ReturnData/IRS990ScheduleM/RealEstateResidentialGrp/MethodOfDeterminingRevenuesTxt",656,656,"2016v3.0, 2016v3.1"
"/Return/ReturnData/IRS990ScheduleH/TotalCommunityBenefitsGrp/ActivitiesOrProgramsCnt",655,655,"2016v3.0, 2016v3.1"
"/Return/ReturnData/IRS990ScheduleA/Form990SchAType3FuncIntGrp/GovernmentalEntityInd",654,654,"2016v3.0, 2016v3.1"
"/Return/ReturnData/IRS990ScheduleM/RealEstateOtherGrp/MethodOfDeterminingRevenuesTxt",651,651,"2016v3.0, 2016v3.1"
"/Return/ReturnData/IRS990ScheduleH/FreeCareOthPercentageGrp",646,646,"2016v3.0, 2016v3.1"
"/Return/ReturnData/IRS990ScheduleH/FreeCareOthPercentageGrp/FreeCareOtherPct",646,646,"2016v3.0, 2016v3.1"
"/Return/ReturnData/IRS990ScheduleH/FreeCareOthPercentageGrp/OtherInd",646,646,"2016v3.0, 2016v3.1"
"/Return/ReturnData/IRS990ScheduleH/CoalitionBuildingGrp",644,644,"2016v3.0, 2016v3.1"
"/Return/ReturnData/IRS990ScheduleH/ResearchGrp/TotalCommunityBenefitExpnsAmt",643,643,"2016v3.0, 2016v3.1"
"/Return/ReturnData/IRS990ScheduleH/TotalOtherBenefitsGrp/ActivitiesOrProgramsCnt",643,643,"2016v3.0, 2016v3.1"
"/Return/ReturnData/IRS990ScheduleH/WorkforceDevelopmentGrp/TotalCommunityBenefitExpnsAmt",635,635,"2016v3.0, 2016v3.1"
"/Return/ReturnData/IRS990ScheduleH/UnreimbursedCostsGrp/TotalCommunityBenefitExpnsAmt",632,632,"2016v3.0, 2016v3.1"
"/Return/ReturnData/IRS990ScheduleH/CoalitionBuildingGrp/NetCommunityBenefitExpnsAmt",626,626,"2016v3.0, 2016v3.1"
"/Return/ReturnData/IRS990ScheduleD/FundsAndOtherAccountsContriAmt",618,618,"2016v3.0, 2016v3.1"
"/Return/ReturnData/IRS990ScheduleH/HealthImprovementAdvocacyGrp/TotalExpensePct",610,610,"2016v3.0, 2016v3.1"
"/Return/ReturnData/IRS990ScheduleH/TotalCommuntityBuildingActyGrp/ActivitiesOrProgramsCnt",602,602,"2016v3.0, 2016v3.1"
"/Return/ReturnData/IRS990ScheduleH/EconomicDevelopmentGrp",601,601,"2016v3.0, 2016v3.1"
"/Return/ReturnData/IRS990ScheduleA/GovernmentalUnitInd",600,600,"2016v3.0, 2016v3.1"
"/Return/ReturnData/IRS990ScheduleR/IdRelatedOrgTxblPartnershipGrp/ForeignAddress",598,130,"2016v3.0, 2016v3.1"
"/Return/ReturnData/IRS990ScheduleR/IdRelatedOrgTxblPartnershipGrp/ForeignAddress/AddressLine1Txt",598,130,"2016v3.0, 2016v3.1"
"/Return/ReturnData/IRS990ScheduleR/IdRelatedOrgTxblPartnershipGrp/ForeignAddress/CountryCd",598,130,"2016v3.0, 2016v3.1"
"/Return/ReturnData/IRS990ScheduleD/FundsAndOtherAccountsGrantsAmt",594,594,"2016v3.0, 2016v3.1"
"/Return/ReturnData/IRS990ScheduleH/EconomicDevelopmentGrp/NetCommunityBenefitExpnsAmt",593,593,"2016v3.0, 2016v3.1"
"/Return/ReturnData/IRS990ScheduleR/IdRelatedOrgTxblCorpTrGrp/USAddress/AddressLine2Txt",591,173,"2016v3.0, 2016v3.1"
"/Return/ReturnData/IRS990ScheduleA/DistributionAllocationsGrp/CYDistriAppDistributableAmt",589,589,"2016v3.0, 2016v3.1"
"/Return/ReturnData/IRS990ScheduleH/HospitalFcltyPoliciesPrctcGrp/RptAvailableThruOtherMethodInd",588,497,"2016v3.0, 2016v3.1"
"/Return/ReturnData/IRS990ScheduleH/UnreimbursedCostsGrp/DirectOffsettingRevenueAmt",588,588,"2016v3.0, 2016v3.1"
"/Return/ReturnData/IRS990ScheduleR/IdRelatedOrgTxblPartnershipGrp/LegalDomicileForeignCountryCd",583,135,"2016v3.0, 2016v3.1"
"/Return/ReturnData/IRS990ScheduleJ/PersonalServicesInd",575,575,"2016v3.0, 2016v3.1"
"/Return/ReturnData/IRS990ScheduleH/TotalCommuntityBuildingActyGrp/PersonsServedCnt",573,573,"2016v3.0, 2016v3.1"
"/Return/ReturnData/IRS990ScheduleR/IdRelatedOrgTxblPartnershipGrp/USAddress/AddressLine2Txt",572,148,"2016v3.0, 2016v3.1"
"/Return/ReturnData/IRS990ScheduleA/AdjustedNetIncomeGrp/OtherExpensesGrp/CurrentYearAmt",568,568,"2016v3.0, 2016v3.1"
"/Return/ReturnData/IRS990ScheduleH/CoalitionBuildingGrp/TotalExpensePct",564,564,"2016v3.0, 2016v3.1"
"/Return/ReturnData/IRS990EZ/ForeignOfficeCountryCd",562,548,"2016v3.0, 2016v3.1"
"/Return/ReturnData/IRS990ScheduleN/BondLiabilitiesDischargedInd",552,552,"2016v3.0, 2016v3.1"
"/Return/ReturnData/IRS990ScheduleH/CommunityHealthServicesGrp/PersonsServedCnt",549,549,"2016v3.0, 2016v3.1"
"/Return/ReturnData/IRS990ScheduleD/HistoricStructureEasementsCnt",547,547,"2016v3.0, 2016v3.1"
"/Return/ReturnData/IRS990ScheduleH/TotalFinancialAssistanceTyp/PersonsServedCnt",546,546,"2016v3.0, 2016v3.1"
"/Return/ReturnData/IRS990ScheduleH/HealthImprovementAdvocacyGrp/TotalCommunityBenefitExpnsAmt",541,541,"2016v3.0, 2016v3.1"
"/Return/ReturnData/IRS990ScheduleM/CollectiblesGrp/NonCashCheckboxInd",537,537,"2016v3.0, 2016v3.1"
"/Return/ReturnData/IRS990ScheduleM/CollectiblesGrp/ContributionCnt",534,534,"2016v3.0, 2016v3.1"
"/Return/ReturnData/IRS990ScheduleH/EconomicDevelopmentGrp/TotalExpensePct",531,531,"2016v3.0, 2016v3.1"
"/Return/ReturnData/IRS990ScheduleH/HospitalFcltyPoliciesPrctcGrp/ProspectiveMedicareMedicaidInd",527,480,"2016v3.0, 2016v3.1"
"/Return/ReturnData/IRS990ScheduleH/CashAndInKindContributionsGrp/DirectOffsettingRevenueAmt",526,526,"2016v3.0, 2016v3.1"
"/Return/ReturnData/IRS990ScheduleR/IdRelatedOrgTxblPartnershipGrp/ForeignAddress/CityNm",514,121,"2016v3.0, 2016v3.1"
"/Return/ReturnData/IRS990ScheduleC/MailingsMembersAmt",512,512,"2016v3.0, 2016v3.1"
"/Return/ReturnData/IRS990ScheduleK/TaxExemptBondsArbitrageGrp/RegulatorySafeHarborStsfdInd",512,311,"2016v3.0, 2016v3.1"
"/Return/ReturnData/IRS990ScheduleM/CollectiblesGrp/NoncashContributionsRptF990Amt",506,506,"2016v3.0, 2016v3.1"
"/Return/ReturnData/IRS990ScheduleH/CoalitionBuildingGrp/TotalCommunityBenefitExpnsAmt",502,502,"2016v3.0, 2016v3.1"
"/Return/ReturnData/IRS990ScheduleA/MinimumAssetAmountGrp/FMVOtherNonExemptUseAssetGrp/CurrentYearAmt",500,500,"2016v3.0, 2016v3.1"
"/Return/ReturnData/IRS990ScheduleH/TotalCommuntityBuildingActyGrp/DirectOffsettingRevenueAmt",499,499,"2016v3.0, 2016v3.1"
"/Return/ReturnData/IRS990ScheduleR/IdRelatedOrgTxblPartnershipGrp/ForeignAddress/ForeignPostalCd",499,110,"2016v3.0, 2016v3.1"
"/Return/ReturnData/IRS990ScheduleA/AdjustedNetIncomeGrp/NetSTCapitalGainAdjNetIncmGrp/CurrentYearAmt",485,485,"2016v3.0, 2016v3.1"
"/Return/ReturnData/IRS990ScheduleH/Percent300Ind",483,483,"2016v3.0, 2016v3.1"
"/Return/ReturnData/IRS990ScheduleA/AdjustedNetIncomeGrp/DepreciationDepletionGrp/CurrentYearAmt",477,477,"2016v3.0, 2016v3.1"
"/Return/ReturnData/IRS990ScheduleM/CollectiblesGrp/MethodOfDeterminingRevenuesTxt",476,476,"2016v3.0, 2016v3.1"
"/Return/ReturnData/IRS990ScheduleH/CostingMethodologyUsedGrp/OtherInd",472,472,"2016v3.0, 2016v3.1"
"/Return/ReturnData/IRS990EZ/ForeignFinancialAccountCntryCd",462,451,"2016v3.0, 2016v3.1"
"/Return/ReturnData/IRS990ScheduleH/CommunityHealthServicesGrp/ActivitiesOrProgramsCnt",462,462,"2016v3.0, 2016v3.1"
"/Return/ReturnData/IRS990ScheduleH/LeadershipDevelopmentGrp",457,457,"2016v3.0, 2016v3.1"
"/Return/ReturnData/IRS990ScheduleA/AdjustedNetIncomeGrp/RecoveriesPYDistributionsGrp/CurrentYearAmt",456,456,"2016v3.0, 2016v3.1"
"/Return/ReturnData/IRS990/BooksInCareOfDetail/ForeignAddress",455,455,"2016v3.0, 2016v3.1"
"/Return/ReturnData/IRS990/BooksInCareOfDetail/ForeignAddress/AddressLine1Txt",455,455,"2016v3.0, 2016v3.1"
"/Return/ReturnData/IRS990/BooksInCareOfDetail/ForeignAddress/CountryCd",455,455,"2016v3.0, 2016v3.1"
"/Return/ReturnData/IRS990ScheduleH/ResearchGrp/DirectOffsettingRevenueAmt",452,452,"2016v3.0, 2016v3.1"
"/Return/ReturnData/IRS990ScheduleD/ModifiedEasementsCnt",450,450,"2016v3.0, 2016v3.1"
"/Return/ReturnData/IRS990ScheduleH/PhysicalImprvAndHousingGrp",448,448,"2016v3.0, 2016v3.1"
"/Return/ReturnData/IRS990ScheduleA/HospitalNameAndAddressGrp",445,365,"2016v3.0, 2016v3.1"
"/Return/ReturnData/IRS990ScheduleA/HospitalNameAndAddressGrp/CityNm",445,365,"2016v3.0, 2016v3.1"
"/Return/ReturnData/IRS990ScheduleA/HospitalNameAndAddressGrp/SupportedOrganizationName",445,365,"2016v3.0, 2016v3.1"
"/Return/ReturnData/IRS990ScheduleA/HospitalNameAndAddressGrp/SupportedOrganizationName/BusinessNameLine1Txt",445,365,"2016v3.0, 2016v3.1"
"/Return/ReturnData/IRS990ScheduleH/HospitalFcltyPoliciesPrctcGrp/OtherWebsiteURLTxt",445,377,"2016v3.0, 2016v3.1"
"/Return/ReturnData/IRS990ScheduleH/HospitalFcltyPoliciesPrctcGrp/OtherWebsiteInd",443,376,"2016v3.0, 2016v3.1"
"/Return/ReturnData/IRS990ScheduleH/EconomicDevelopmentGrp/TotalCommunityBenefitExpnsAmt",441,441,"2016v3.0, 2016v3.1"
"/Return/ReturnData/IRS990ScheduleH/LeadershipDevelopmentGrp/NetCommunityBenefitExpnsAmt",441,441,"2016v3.0, 2016v3.1"
"/Return/ReturnData/IRS990/BooksInCareOfDetail/ForeignAddress/CityNm",439,439,"2016v3.0, 2016v3.1"
"/Return/ReturnData/IRS990ScheduleH/HealthProfessionsEducationGrp/PersonsServedCnt",439,439,"2016v3.0, 2016v3.1"
"/Return/ReturnData/IRS990ScheduleA/HospitalNameAndAddressGrp/StateAbbreviationCd",438,359,"2016v3.0, 2016v3.1"
"/Return/ReturnData/IRS990ScheduleC/RalliesDemonstrationsAmt",432,432,"2016v3.0, 2016v3.1"
"/Return/ReturnData/IRS990ScheduleD/HistoricStrctrEasementsAftrCnt",432,432,"2016v3.0, 2016v3.1"
"/Return/ReturnData/IRS990ScheduleH/OtherCommuntityBuildingActyGrp",431,431,"2016v3.0, 2016v3.1"
"/Return/ReturnData/IRS990ScheduleH/PhysicalImprvAndHousingGrp/NetCommunityBenefitExpnsAmt",430,430,"2016v3.0, 2016v3.1"
"/Return/ReturnData/IRS990ScheduleA/MinimumAssetAmountGrp/AcquisitionIndebtednessGrp/CurrentYearAmt",429,429,"2016v3.0, 2016v3.1"
"/Return/ReturnData/IRS990ScheduleA/MinimumAssetAmountGrp/RecoveriesPYDistriMinAssetGrp/CurrentYearAmt",427,427,"2016v3.0, 2016v3.1"
"/Return/ReturnData/IRS990ScheduleH/DiscountedCareOthPercentageGrp",427,427,"2016v3.0, 2016v3.1"
"/Return/ReturnData/IRS990ScheduleH/DiscountedCareOthPercentageGrp/DiscountedCareOtherPct",427,427,"2016v3.0, 2016v3.1"
"/Return/ReturnData/IRS990ScheduleH/DiscountedCareOthPercentageGrp/OtherInd",427,427,"2016v3.0, 2016v3.1"
"/Return/ReturnData/IRS990ScheduleG/GamingManagerBusinessName",425,425,"2016v3.0, 2016v3.1"
"/Return/ReturnData/IRS990ScheduleG/GamingManagerBusinessName/BusinessNameLine1Txt",425,425,"2016v3.0, 2016v3.1"
"/Return/ReturnData/IRS990ScheduleH/ManagementCoAndJntVenturesGrp/OfcrEtcProfitOrOwnershipPct",424,208,"2016v3.0, 2016v3.1"
"/Return/ReturnData/IRS990ScheduleH/HospitalFacilitiesGrp/ResearchFacilityInd",416,256,"2016v3.0, 2016v3.1"
"/Return/ReturnData/IRS990ScheduleD/HeldWorksArtGrp/AssetsIncludedAmt",413,413,"2016v3.0, 2016v3.1"
"/Return/ReturnData/IRS990ScheduleH/LeadershipDevelopmentGrp/TotalExpensePct",412,412,"2016v3.0, 2016v3.1"
"/Return/ReturnData/IRS990ScheduleH/OtherCommuntityBuildingActyGrp/NetCommunityBenefitExpnsAmt",410,410,"2016v3.0, 2016v3.1"
"/Return/ReturnData/IRS990ScheduleH/EnvironmentalImprovementsGrp",408,408,"2016v3.0, 2016v3.1"
"/Return/ReturnData/IRS990ScheduleR/IdRelatedOrgTxblPartnershipGrp/ForeignAddress/ProvinceOrStateNm",408,77,"2016v3.0, 2016v3.1"
"/Return/ReturnData/IRS990ScheduleD/CollectionUsedOtherPurposesGrp",404,404,"2016v3.0, 2016v3.1"
"/Return/ReturnData/IRS990ScheduleD/CollectionUsedOtherPurposesGrp/CollectionUsedOtherPurposesInd",404,404,"2016v3.0, 2016v3.1"
"/Return/ReturnData/IRS990ScheduleD/CollectionUsedOtherPurposesGrp/OtherPurposesDesc",404,404,"2016v3.0, 2016v3.1"
"/Return/ReturnData/IRS990ScheduleH/HealthProfessionsEducationGrp/ActivitiesOrProgramsCnt",400,400,"2016v3.0, 2016v3.1"
"/Return/ReturnData/IRS990ScheduleH/OtherCommuntityBuildingActyGrp/TotalExpensePct",400,400,"2016v3.0, 2016v3.1"
"/Return/ReturnData/IRS990ScheduleH/PhysicalImprvAndHousingGrp/TotalExpensePct",400,400,"2016v3.0, 2016v3.1"
"/Return/ReturnData/IRS990ScheduleH/CashAndInKindContributionsGrp/PersonsServedCnt",395,395,"2016v3.0, 2016v3.1"
"/Return/ReturnData/AffiliatedGroupSchedule/AffiliatedScheduleGrp/ElectingOrganizationInd",392,113,"2016v3.0, 2016v3.1"
"/Return/ReturnData/IRS990ScheduleH/CashAndInKindContributionsGrp/ActivitiesOrProgramsCnt",392,392,"2016v3.0, 2016v3.1"
"/Return/ReturnData/IRS990/ForeignAddress",387,387,"2016v3.0, 2016v3.1"
"/Return/ReturnData/IRS990/ForeignAddress/AddressLine1Txt",387,387,"2016v3.0, 2016v3.1"
"/Return/ReturnData/IRS990/ForeignAddress/CountryCd",387,387,"2016v3.0, 2016v3.1"
"/Return/ReturnData/IRS990ScheduleH/HospitalFcltyPoliciesPrctcGrp/OtherActionsTakenInd",385,318,"2016v3.0, 2016v3.1"
"/Return/ReturnData/IRS990ScheduleH/Percent100Ind",385,385,"2016v3.0, 2016v3.1"
"/Return/ReturnData/IRS990ScheduleH/EnvironmentalImprovementsGrp/NetCommunityBenefitExpnsAmt",382,382,"2016v3.0, 2016v3.1"
"/Return/ReturnData/IRS990ScheduleC/OrganizationBelongsAffltGrpInd",378,378,"2016v3.0, 2016v3.1"
"/Return/ReturnData/IRS990/ForeignAddress/CityNm",377,377,"2016v3.0, 2016v3.1"
"/Return/ReturnData/IRS990ScheduleC/LobbyingNontaxableAmountGrp/AffiliatedGroupTotalAmt",376,376,"2016v3.0, 2016v3.1"
"/Return/ReturnData/IRS990ScheduleG/ThirdPartyUSAddress",374,374,"2016v3.0, 2016v3.1"
"/Return/ReturnData/IRS990ScheduleG/ThirdPartyUSAddress/AddressLine1Txt",374,374,"2016v3.0, 2016v3.1"
"/Return/ReturnData/IRS990ScheduleG/ThirdPartyUSAddress/CityNm",374,374,"2016v3.0, 2016v3.1"
"/Return/ReturnData/IRS990ScheduleG/ThirdPartyUSAddress/StateAbbreviationCd",374,374,"2016v3.0, 2016v3.1"
"/Return/ReturnData/IRS990ScheduleG/ThirdPartyUSAddress/ZIPCd",374,374,"2016v3.0, 2016v3.1"
"/Return/ReturnData/IRS990ScheduleH/HospitalFcltyPoliciesPrctcGrp/LookBackMedicaidMedcrPrvtInd",373,321,"2016v3.0, 2016v3.1"
"/Return/ReturnData/IRS990ScheduleH/HospitalFcltyPoliciesPrctcGrp/LookBackMedicareInd",373,314,"2016v3.0, 2016v3.1"
"/Return/ReturnData/IRS990ScheduleH/TotalFinancialAssistanceTyp/ActivitiesOrProgramsCnt",368,368,"2016v3.0, 2016v3.1"
"/Return/ReturnData/IRS990ScheduleA/MedicalResearchOrganizationInd",365,365,"2016v3.0, 2016v3.1"
"/Return/ReturnData/IRS990/BooksInCareOfDetail/ForeignAddress/ForeignPostalCd",358,358,"2016v3.0, 2016v3.1"
"/Return/ReturnData/IRS990ScheduleH/EnvironmentalImprovementsGrp/TotalExpensePct",356,356,"2016v3.0, 2016v3.1"
"/Return/ReturnData/IRS990ScheduleC/GrassrootsNontaxableGrp/AffiliatedGroupTotalAmt",350,350,"2016v3.0, 2016v3.1"
"/Return/ReturnData/IRS990ScheduleC/TotalExemptPurposeExpendGrp/AffiliatedGroupTotalAmt",350,350,"2016v3.0, 2016v3.1"
"/Return/ReturnData/IRS990ScheduleK/TaxExemptBondsPrivateBusUseGrp/ChangeInUseBondFinancedPropPct",348,132,"2016v3.0, 2016v3.1"
"/Return/ReturnData/IRS990ScheduleD/FinancialDerivativesGrp/BookValueAmt",345,345,"2016v3.0, 2016v3.1"
"/Return/ReturnData/IRS990ScheduleH/CommunitySupportGrp/ActivitiesOrProgramsCnt",342,342,"2016v3.0, 2016v3.1"
"/Return/ReturnData/IRS990ScheduleA/Form990SchASupportingOrgGrp/SupportedOrgClassDesignatedInd",341,341,"2016v3.0, 2016v3.1"
"/Return/ReturnData/IRS990ScheduleA/Form990SchASupportingOrgGrp/ExcessBusinessHoldingsInd",336,336,"2016v3.0, 2016v3.1"
"/Return/ReturnData/IRS990ScheduleH/OthHlthCareFcltsNotHospitalGrp/OthHlthCareFcltsGrp/USAddress/AddressLine2Txt",335,100,"2016v3.0, 2016v3.1"
"/Return/ReturnData/IRS990/ActivityCd",334,334,"2016v3.0, 2016v3.1"
"/Return/ReturnData/IRS990ScheduleA/TestPublicSafetyInd",334,334,"2016v3.0, 2016v3.1"
"/Return/ReturnData/IRS990EZ/CompensationHighestPaidEmplGrp",333,167,"2016v3.0, 2016v3.1"
"/Return/ReturnData/IRS990EZ/CompensationHighestPaidEmplGrp/AverageHoursPerWeekRt",333,167,"2016v3.0, 2016v3.1"
"/Return/ReturnData/IRS990EZ/CompensationHighestPaidEmplGrp/CompensationAmt",333,167,"2016v3.0, 2016v3.1"
"/Return/ReturnData/IRS990EZ/CompensationHighestPaidEmplGrp/EmployeeBenefitsAmt",333,167,"2016v3.0, 2016v3.1"
"/Return/ReturnData/IRS990EZ/CompensationHighestPaidEmplGrp/ExpenseAccountAmt",333,167,"2016v3.0, 2016v3.1"
"/Return/ReturnData/IRS990EZ/CompensationHighestPaidEmplGrp/PersonNm",333,167,"2016v3.0, 2016v3.1"
"/Return/ReturnData/IRS990EZ/CompensationHighestPaidEmplGrp/TitleTxt",333,167,"2016v3.0, 2016v3.1"
"/Return/ReturnData/IRS990ScheduleH/FinancialAssistanceAtCostTyp/PersonsServedCnt",332,332,"2016v3.0, 2016v3.1"
"/Return/ReturnData/IRS990ScheduleC/TotalLobbyingExpendGrp/AffiliatedGroupTotalAmt",331,331,"2016v3.0, 2016v3.1"
"/Return/ReturnData/IRS990ScheduleC/OtherExemptPurposeExpendGrp/AffiliatedGroupTotalAmt",323,323,"2016v3.0, 2016v3.1"
"/Return/ReturnData/IRS990ScheduleK/TaxExemptBondsIssuesGrp/IssuerName/BusinessNameLine2Txt",318,176,"2016v3.0, 2016v3.1"
"/Return/ReturnData/IRS990EZ/OfficerDirectorTrusteeEmplGrp/BusinessName/BusinessNameLine2Txt",316,111,"2016v3.0, 2016v3.1"
"/Return/ReturnData/IRS990ScheduleK/TaxExemptBondsArbitrageGrp/TermOfGICPct",313,208,"2016v3.0, 2016v3.1"
"/Return/ReturnData/IRS990ScheduleD/HistoricStructureInd",310,310,"2016v3.0, 2016v3.1"
"/Return/ReturnData/IRS990ScheduleR/IdDisregardedEntitiesGrp/LegalDomicileForeignCountryCd",310,152,"2016v3.0, 2016v3.1"
"/Return/ReturnData/IRS990EZ/InfoInScheduleOPartVIInd",309,309,"2016v3.0, 2016v3.1"
"/Return/ReturnData/IRS990ScheduleD/HistoricLandAreaInd",306,306,"2016v3.0, 2016v3.1"
"/Return/ReturnData/IRS990ScheduleC/TotalDirectLobbyingGrp/AffiliatedGroupTotalAmt",305,305,"2016v3.0, 2016v3.1"
"/Return/ReturnData/IRS990ScheduleR/IdDisregardedEntitiesGrp/USAddress/AddressLine2Txt",301,76,"2016v3.0, 2016v3.1"
"/Return/ReturnData/IRS990ScheduleG/GamingManagerIsIndCntrctInd",299,299,"2016v3.0, 2016v3.1"
"/Return/ReturnData/IRS990ScheduleR/UnrelatedOrgTxblPartnershipGrp",294,171,"2016v3.0, 2016v3.1"
"/Return/ReturnData/IRS990ScheduleL/GrntAsstBnftInterestedPrsnGrp/BusinessName",293,159,"2016v3.0, 2016v3.1"
"/Return/ReturnData/IRS990ScheduleL/GrntAsstBnftInterestedPrsnGrp/BusinessName/BusinessNameLine1Txt",293,159,"2016v3.0, 2016v3.1"
"/Return/ReturnData/IRS990ScheduleR/UnrelatedOrgTxblPartnershipGrp/BusinessName",293,170,"2016v3.0, 2016v3.1"
"/Return/ReturnData/IRS990ScheduleR/UnrelatedOrgTxblPartnershipGrp/BusinessName/BusinessNameLine1Txt",293,170,"2016v3.0, 2016v3.1"
"/Return/ReturnData/IRS990ScheduleR/UnrelatedOrgTxblPartnershipGrp/GeneralOrManagingPartnerInd",292,169,"2016v3.0, 2016v3.1"
"/Return/ReturnData/IRS990ScheduleH/CommunitySupportGrp/PersonsServedCnt",291,291,"2016v3.0, 2016v3.1"
"/Return/ReturnData/IRS990ScheduleR/IdDisregardedEntitiesGrp/ForeignAddress",291,141,"2016v3.0, 2016v3.1"
"/Return/ReturnData/IRS990ScheduleR/IdDisregardedEntitiesGrp/ForeignAddress/AddressLine1Txt",291,141,"2016v3.0, 2016v3.1"
"/Return/ReturnData/IRS990ScheduleR/IdDisregardedEntitiesGrp/ForeignAddress/CountryCd",291,141,"2016v3.0, 2016v3.1"
"/Return/ReturnData/IRS990ScheduleR/UnrelatedOrgTxblPartnershipGrp/USAddress",291,168,"2016v3.0, 2016v3.1"
"/Return/ReturnData/IRS990ScheduleR/UnrelatedOrgTxblPartnershipGrp/USAddress/AddressLine1Txt",291,168,"2016v3.0, 2016v3.1"
"/Return/ReturnData/IRS990ScheduleR/UnrelatedOrgTxblPartnershipGrp/USAddress/CityNm",291,168,"2016v3.0, 2016v3.1"
"/Return/ReturnData/IRS990ScheduleR/UnrelatedOrgTxblPartnershipGrp/USAddress/StateAbbreviationCd",291,168,"2016v3.0, 2016v3.1"
"/Return/ReturnData/IRS990ScheduleR/UnrelatedOrgTxblPartnershipGrp/USAddress/ZIPCd",291,168,"2016v3.0, 2016v3.1"
"/Return/ReturnData/IRS990ScheduleR/UnrelatedOrgTxblPartnershipGrp/DisproportionateAllocationsInd",290,167,"2016v3.0, 2016v3.1"
"/Return/ReturnData/IRS990ScheduleR/UnrelatedOrgTxblPartnershipGrp/PrimaryActivitiesTxt",289,167,"2016v3.0, 2016v3.1"
"/Return/ReturnData/IRS990ScheduleR/UnrelatedOrgTxblPartnershipGrp/AllPartnersC3SInd",288,168,"2016v3.0, 2016v3.1"
"/Return/ReturnData/IRS990ScheduleR/UnrelatedOrgTxblPartnershipGrp/LegalDomicileStateCd",285,165,"2016v3.0, 2016v3.1"
"/Return/ReturnData/IRS990ScheduleH/UnreimbursedMedicaidGrp/PersonsServedCnt",282,282,"2016v3.0, 2016v3.1"
"/Return/ReturnData/IRS990ScheduleR/UnrelatedOrgTxblPartnershipGrp/EIN",282,160,"2016v3.0, 2016v3.1"
"/Return/ReturnData/IRS990ScheduleH/LeadershipDevelopmentGrp/TotalCommunityBenefitExpnsAmt",281,281,"2016v3.0, 2016v3.1"
"/Return/ReturnData/IRS990ScheduleH/PhysicalImprvAndHousingGrp/TotalCommunityBenefitExpnsAmt",280,280,"2016v3.0, 2016v3.1"
"/Return/ReturnData/IRS990ScheduleC/PublicationsOrBroadcastAmt",271,271,"2016v3.0, 2016v3.1"
"/Return/ReturnData/IRS990ScheduleH/SubsidizedHealthServicesGrp/PersonsServedCnt",271,271,"2016v3.0, 2016v3.1"
"/Return/ReturnData/IRS990ScheduleR/UnrelatedOrgTxblPartnershipGrp/OwnershipPct",271,154,"2016v3.0, 2016v3.1"
"/Return/ReturnData/IRS990ScheduleA/Form990SchAType3FuncIntGrp/ParentSupportedOrgInd",269,269,"2016v3.0, 2016v3.1"
"/Return/ReturnData/IRS990ScheduleG/GamingInformationGrp/NonCashPrizesBingoAmt",269,269,"2016v3.0, 2016v3.1"
"/Return/ReturnData/IRS990ScheduleH/SubsidizedHealthServicesGrp/ActivitiesOrProgramsCnt",268,268,"2016v3.0, 2016v3.1"
"/Return/ReturnData/IRS990ScheduleH/CommunitySupportGrp/DirectOffsettingRevenueAmt",267,267,"2016v3.0, 2016v3.1"
"/Return/ReturnData/IRS990ScheduleR/IdDisregardedEntitiesGrp/ForeignAddress/CityNm",264,127,"2016v3.0, 2016v3.1"
"/Return/ReturnData/IRS990ScheduleA/TrustIntegralPartTestInd",263,263,"2016v3.0, 2016v3.1"
"/Return/ReturnData/IRS990/ForeignAddress/ForeignPostalCd",261,261,"2016v3.0, 2016v3.1"
"/Return/ReturnData/IRS990ScheduleL/BusTrInvolveInterestedPrsnGrp/NameOfInterested/BusinessName/BusinessNameLine2Txt",261,133,"2016v3.0, 2016v3.1"
"/Return/ReturnData/IRS990ScheduleR/IdDisregardedEntitiesGrp/DirectControllingEntityName/BusinessNameLine2Txt",259,148,"2016v3.0, 2016v3.1"
"/Return/ReturnData/IRS990ScheduleD/HeldWorksArtGrp/RevenuesIncludedAmt",258,258,"2016v3.0, 2016v3.1"
"/Return/ReturnData/IRS990ScheduleH/OtherCommuntityBuildingActyGrp/TotalCommunityBenefitExpnsAmt",258,258,"2016v3.0, 2016v3.1"
"/Return/ReturnData/IRS990ScheduleG/GamingRevenueReceivedByOrgAmt",255,255,"2016v3.0, 2016v3.1"
"/Return/ReturnData/IRS990/ContractorCompensationGrp/ContractorName/BusinessName/BusinessNameLine2Txt",252,170,"2016v3.0, 2016v3.1"
"/Return/ReturnData/IRS990ScheduleH/WorkforceDevelopmentGrp/ActivitiesOrProgramsCnt",250,250,"2016v3.0, 2016v3.1"
"/Return/ReturnHeader/Filer/ForeignAddress",248,248,"2016v3.0, 2016v3.1"
"/Return/ReturnHeader/Filer/ForeignAddress/AddressLine1Txt",248,248,"2016v3.0, 2016v3.1"
"/Return/ReturnHeader/Filer/ForeignAddress/CountryCd",248,248,"2016v3.0, 2016v3.1"
"/Return/ReturnData/IRS990ScheduleR/UnrelatedOrgTxblPartnershipGrp/ShareOfEOYAssetsAmt",245,139,"2016v3.0, 2016v3.1"
"/Return/ReturnHeader/Filer/ForeignAddress/CityNm",245,245,"2016v3.0, 2016v3.1"
"/Return/ReturnData/IRS990ScheduleD/FinancialDerivativesGrp/MethodValuationCd",244,244,"2016v3.0, 2016v3.1"
"/Return/ReturnData/IRS990ScheduleR/UnrelatedOrgTxblPartnershipGrp/PredominateIncomeDesc",243,136,"2016v3.0, 2016v3.1"
"/Return/ReturnData/IRS990ScheduleG/ThirdPartyBusinessName",242,242,"2016v3.0, 2016v3.1"
"/Return/ReturnData/IRS990ScheduleG/ThirdPartyBusinessName/BusinessNameLine1Txt",242,242,"2016v3.0, 2016v3.1"
"/Return/ReturnData/IRS990ScheduleH/EnvironmentalImprovementsGrp/TotalCommunityBenefitExpnsAmt",239,239,"2016v3.0, 2016v3.1"
"/Return/ReturnData/IRS990ScheduleH/HospitalFacilitiesGrp/ChildrensHospitalInd",239,194,"2016v3.0, 2016v3.1"
"/Return/ReturnData/IRS990ScheduleH/Percent200DInd",238,238,"2016v3.0, 2016v3.1"
"/Return/ReturnData/IRS990ScheduleH/HealthImprovementAdvocacyGrp/ActivitiesOrProgramsCnt",235,235,"2016v3.0, 2016v3.1"
"/Return/ReturnData/IRS990ScheduleM/HistoricalArtifactsGrp/NonCashCheckboxInd",234,234,"2016v3.0, 2016v3.1"
"/Return/ReturnData/IRS990ScheduleM/HistoricalArtifactsGrp/ContributionCnt",232,232,"2016v3.0, 2016v3.1"
"/Return/ReturnData/IRS990/ForeignAddress/ProvinceOrStateNm",229,229,"2016v3.0, 2016v3.1"
"/Return/ReturnData/IRS990ScheduleR/UnrelatedOrgTxblPartnershipGrp/ShareOfTotalIncomeAmt",229,132,"2016v3.0, 2016v3.1"
"/Return/ReturnData/IRS990ScheduleH/WorkforceDevelopmentGrp/PersonsServedCnt",228,228,"2016v3.0, 2016v3.1"
"/Return/ReturnData/IRS990EZ/CompensationOfHghstPdCntrctGrp",227,169,"2016v3.0, 2016v3.1"
"/Return/ReturnData/IRS990EZ/CompensationOfHghstPdCntrctGrp/CompensationAmt",227,169,"2016v3.0, 2016v3.1"
"/Return/ReturnData/IRS990EZ/CompensationOfHghstPdCntrctGrp/ServiceTypeTxt",227,169,"2016v3.0, 2016v3.1"
"/Return/ReturnData/IRS990ScheduleG/AllStatesCd",225,225,"2016v3.0, 2016v3.1"
"/Return/ReturnData/IRS990EZ/CompensationOfHghstPdCntrctGrp/USAddress",224,166,"2016v3.0, 2016v3.1"
"/Return/ReturnData/IRS990EZ/CompensationOfHghstPdCntrctGrp/USAddress/AddressLine1Txt",224,166,"2016v3.0, 2016v3.1"
"/Return/ReturnData/IRS990EZ/CompensationOfHghstPdCntrctGrp/USAddress/CityNm",224,166,"2016v3.0, 2016v3.1"
"/Return/ReturnData/IRS990EZ/CompensationOfHghstPdCntrctGrp/USAddress/StateAbbreviationCd",224,166,"2016v3.0, 2016v3.1"
"/Return/ReturnData/IRS990EZ/CompensationOfHghstPdCntrctGrp/USAddress/ZIPCd",224,166,"2016v3.0, 2016v3.1"
"/Return/ReturnData/IRS990ScheduleH/CoalitionBuildingGrp/ActivitiesOrProgramsCnt",223,223,"2016v3.0, 2016v3.1"
"/Return/ReturnData/IRS990ScheduleI/RecipientTable/ForeignAddress",219,148,"2016v3.0, 2016v3.1"
"/Return/ReturnData/IRS990ScheduleI/RecipientTable/ForeignAddress/AddressLine1Txt",219,148,"2016v3.0, 2016v3.1"
"/Return/ReturnData/IRS990ScheduleI/RecipientTable/ForeignAddress/CountryCd",219,148,"2016v3.0, 2016v3.1"
"/Return/ReturnData/IRS990/BooksInCareOfDetail/ForeignAddress/ProvinceOrStateNm",218,218,"2016v3.0, 2016v3.1"
"/Return/ReturnData/IRS990ScheduleC/TotalGrassrootsLobbyingGrp/AffiliatedGroupTotalAmt",212,212,"2016v3.0, 2016v3.1"
"/Return/ReturnHeader/Filer/ForeignAddress/ForeignPostalCd",210,210,"2016v3.0, 2016v3.1"
"/Return/ReturnData/IRS990/SpecialConditionDesc",208,205,"2016v3.0, 2016v3.1"
"/Return/ReturnData/IRS990ScheduleH/HospitalFcltyPoliciesPrctcGrp/OtherInd",207,193,"2016v3.0, 2016v3.1"
"/Return/ReturnData/IRS990ScheduleC/TotLbbyExpendMnsLbbyngNonTxGrp/AffiliatedGroupTotalAmt",205,205,"2016v3.0, 2016v3.1"
"/Return/ReturnData/IRS990ScheduleK/TaxExemptBondsArbitrageGrp/HedgeProviderName/BusinessNameLine2Txt",204,175,"2016v3.0"
"/Return/ReturnData/IRS990ScheduleC/TotLbbyngGrassrootMnsNonTxGrp/AffiliatedGroupTotalAmt",202,202,"2016v3.0, 2016v3.1"
"/Return/ReturnData/IRS990ScheduleA/Form990SchASupportingOrgGrp/SupportForeignOrgNoDetermInd",200,200,"2016v3.0, 2016v3.1"
"/Return/ReturnData/IRS990ScheduleH/HospitalFcltyPoliciesPrctcGrp/OtherMethodInd",199,161,"2016v3.0, 2016v3.1"
"/Return/ReturnData/IRS990ScheduleH/EconomicDevelopmentGrp/ActivitiesOrProgramsCnt",195,195,"2016v3.0, 2016v3.1"
"/Return/ReturnData/IRS990ScheduleG/GamingInformationGrp/NonCashPrizesPullTabsAmt",190,190,"2016v3.0, 2016v3.1"
"/Return/ReturnData/IRS990ScheduleH/HealthImprovementAdvocacyGrp/PersonsServedCnt",190,190,"2016v3.0, 2016v3.1"
"/Return/ReturnData/IRS990ScheduleH/CostingMethodologyUsedGrp/CostAccountingSystemInd",189,189,"2016v3.0, 2016v3.1"
"/Return/ReturnData/IRS990ScheduleH/ResearchGrp/ActivitiesOrProgramsCnt",189,189,"2016v3.0, 2016v3.1"
"/Return/ReturnData/IRS990ScheduleA/Form990SchASupportingOrgGrp/ControlDecidingGrntFrgnOrgInd",187,187,"2016v3.0, 2016v3.1"
"/Return/ReturnData/IRS990ScheduleR/IdRelatedOrgTxblCorpTrGrp/ForeignAddress/AddressLine2Txt",187,85,"2016v3.0, 2016v3.1"
"/Return/ReturnData/IRS990ScheduleH/HealthImprovementAdvocacyGrp/DirectOffsettingRevenueAmt",186,186,"2016v3.0, 2016v3.1"
"/Return/ReturnData/IRS990ScheduleH/WorkforceDevelopmentGrp/DirectOffsettingRevenueAmt",186,186,"2016v3.0, 2016v3.1"
"/Return/ReturnData/IRS990ScheduleI/RecipientTable/ForeignAddress/CityNm",186,126,"2016v3.0, 2016v3.1"
"/Return/ReturnData/AveragingAttachment",185,185,"2016v3.0, 2016v3.1"
"/Return/ReturnData/IRS990ScheduleG/GamingRevenueRtnBy3PrtyAmt",185,185,"2016v3.0, 2016v3.1"
"/Return/ReturnData/AveragingAttachment/ExplanationTxt",184,184,"2016v3.0, 2016v3.1"
"/Return/ReturnData/IRS990ScheduleC/Section4955OrganizationTaxAmt",184,184,"2016v3.0, 2016v3.1"
"/Return/ReturnData/IRS990ScheduleH/Percent150Ind",181,181,"2016v3.0, 2016v3.1"
"/Return/ReturnData/IRS990/StateRequiredReservesAmt",180,180,"2016v3.0, 2016v3.1"
"/Return/ReturnData/IRS990ScheduleH/CoalitionBuildingGrp/PersonsServedCnt",180,180,"2016v3.0, 2016v3.1"
"/Return/ReturnData/IRS990ScheduleC/Section4955ManagersTaxAmt",179,179,"2016v3.0, 2016v3.1"
"/Return/ReturnData/IRS990/DoingBusinessAsName/BusinessNameLine2Txt",174,174,"2016v3.0"
"/Return/ReturnData/IRS990ScheduleM/BoatsAndPlanesGrp/ContributionCnt",174,174,"2016v3.0, 2016v3.1"
"/Return/ReturnData/IRS990ScheduleM/BoatsAndPlanesGrp/NonCashCheckboxInd",174,174,"2016v3.0, 2016v3.1"
"/Return/ReturnData/IRS990ScheduleC/MediaAdvertisementsAmt",172,172,"2016v3.0, 2016v3.1"
"/Return/ReturnData/IRS990/ReservesMaintainedAmt",167,167,"2016v3.0, 2016v3.1"
"/Return/ReturnData/IRS990ScheduleM/BoatsAndPlanesGrp/NoncashContributionsRptF990Amt",167,167,"2016v3.0, 2016v3.1"
"/Return/ReturnData/IRS990ScheduleM/SecurPrtnrshpTrustIntrstsGrp/ContributionCnt",167,167,"2016v3.0, 2016v3.1"
"/Return/ReturnData/IRS990ScheduleM/SecurPrtnrshpTrustIntrstsGrp/NonCashCheckboxInd",167,167,"2016v3.0, 2016v3.1"
"/Return/ReturnData/IRS990ScheduleR/IdRelatedOrgTxblPartnershipGrp/DirectControllingEntityName/BusinessNameLine2Txt",167,73,"2016v3.0, 2016v3.1"
"/Return/ReturnData/IRS990ScheduleM/SecurPrtnrshpTrustIntrstsGrp/NoncashContributionsRptF990Amt",166,166,"2016v3.0, 2016v3.1"
"/Return/ReturnData/AffiliatedGroupSchedule",165,165,"2016v3.0, 2016v3.1"
"/Return/ReturnData/IRS990ScheduleM/SecuritiesCloselyHeldStockGrp/NonCashCheckboxInd",164,164,"2016v3.0, 2016v3.1"
"/Return/ReturnData/IRS990ScheduleM/SecuritiesCloselyHeldStockGrp/NoncashContributionsRptF990Amt",164,164,"2016v3.0, 2016v3.1"
"/Return/ReturnData/IRS990ScheduleH/ResearchGrp/PersonsServedCnt",162,162,"2016v3.0, 2016v3.1"
"/Return/ReturnData/IRS990ScheduleM/SecuritiesCloselyHeldStockGrp/ContributionCnt",162,162,"2016v3.0, 2016v3.1"
"/Return/ReturnData/IRS990EZ/BooksInCareOfDetail/ForeignAddress",161,161,"2016v3.0, 2016v3.1"
"/Return/ReturnData/IRS990EZ/BooksInCareOfDetail/ForeignAddress/AddressLine1Txt",161,161,"2016v3.0, 2016v3.1"
"/Return/ReturnData/IRS990EZ/BooksInCareOfDetail/ForeignAddress/CountryCd",161,161,"2016v3.0, 2016v3.1"
"/Return/ReturnHeader/Filer/ForeignAddress/ProvinceOrStateNm",161,161,"2016v3.0, 2016v3.1"
"/Return/ReturnData/IRS990ScheduleH/CoalitionBuildingGrp/DirectOffsettingRevenueAmt",160,160,"2016v3.0, 2016v3.1"
"/Return/ReturnData/IRS990ScheduleM/BoatsAndPlanesGrp/MethodOfDeterminingRevenuesTxt",160,160,"2016v3.0, 2016v3.1"
"/Return/ReturnData/IRS990ScheduleM/SecurPrtnrshpTrustIntrstsGrp/MethodOfDeterminingRevenuesTxt",160,160,"2016v3.0, 2016v3.1"
"/Return/ReturnData/IRS990EZ/BooksInCareOfDetail/ForeignAddress/CityNm",158,158,"2016v3.0, 2016v3.1"
"/Return/ReturnData/IRS990ScheduleC/Section527PoliticalOrgGrp/OrganizationBusinessName/BusinessNameLine2Txt",158,76,"2016v3.0, 2016v3.1"
"/Return/ReturnHeader/DisasterReliefTxt",154,154,"2016v3.0, 2016v3.1"
"/Return/ReturnData/IRS990ScheduleM/SecuritiesCloselyHeldStockGrp/MethodOfDeterminingRevenuesTxt",153,153,"2016v3.0, 2016v3.1"
"/Return/ReturnData/IRS990ScheduleM/SecuritiesMiscellaneousGrp/NonCashCheckboxInd",153,153,"2016v3.0, 2016v3.1"
"/Return/ReturnData/IRS990ScheduleM/SecuritiesMiscellaneousGrp/NoncashContributionsRptF990Amt",153,153,"2016v3.0, 2016v3.1"
"/Return/ReturnData/IRS990ScheduleR/IdRelatedOrgTxblCorpTrGrp/DirectControllingEntityName/BusinessNameLine2Txt",153,102,"2016v3.0, 2016v3.1"
"/Return/ReturnData/IRS990ScheduleM/SecuritiesMiscellaneousGrp/ContributionCnt",152,152,"2016v3.0, 2016v3.1"
"/Return/ReturnData/IRS990ScheduleH/EconomicDevelopmentGrp/DirectOffsettingRevenueAmt",151,151,"2016v3.0, 2016v3.1"
"/Return/ReturnData/IRS990ScheduleM/QualifiedContribOtherGrp/ContributionCnt",151,151,"2016v3.0, 2016v3.1"
"/Return/ReturnData/IRS990ScheduleG/FundraiserActivityInfoGrp/USAddress/AddressLine2Txt",149,120,"2016v3.0, 2016v3.1"
"/Return/ReturnData/IRS990ScheduleM/QualifiedContribOtherGrp/NonCashCheckboxInd",149,149,"2016v3.0, 2016v3.1"
"/Return/ReturnData/IRS990/PrincipalOfcrBusinessName/BusinessNameLine2Txt",147,147,"2016v3.0, 2016v3.1"
"/Return/ReturnData/IRS990ScheduleH/HospitalFcltyPoliciesPrctcGrp/PermitReportToCreditAgencyInd",145,132,"2016v3.0, 2016v3.1"
"/Return/ReturnData/IRS990ScheduleG/ThirdPartyPersonNm",144,144,"2016v3.0, 2016v3.1"
"/Return/ReturnData/IRS990ScheduleH/HospitalFcltyPoliciesPrctcGrp/NoEmergencyCareInd",143,131,"2016v3.0, 2016v3.1"
"/Return/ReturnData/IRS990ScheduleM/HistoricalArtifactsGrp/MethodOfDeterminingRevenuesTxt",143,143,"2016v3.0, 2016v3.1"
"/Return/ReturnData/IRS990ScheduleG/PersonsWithBooksUSAddress/AddressLine2Txt",142,142,"2016v3.0, 2016v3.1"
"/Return/ReturnData/IRS990ScheduleH/LeadershipDevelopmentGrp/ActivitiesOrProgramsCnt",142,142,"2016v3.0, 2016v3.1"
"/Return/ReturnData/IRS990ScheduleM/HistoricalArtifactsGrp/NoncashContributionsRptF990Amt",142,142,"2016v3.0, 2016v3.1"
"/Return/ReturnData/IRS990ScheduleM/SecuritiesMiscellaneousGrp/MethodOfDeterminingRevenuesTxt",140,140,"2016v3.0, 2016v3.1"
"/Return/ReturnData/IRS990ScheduleC/Section527PoliticalOrgGrp/USAddress/AddressLine2Txt",137,34,"2016v3.0, 2016v3.1"
"/Return/ReturnData/IRS990ScheduleH/EconomicDevelopmentGrp/PersonsServedCnt",137,137,"2016v3.0, 2016v3.1"
"/Return/ReturnData/IRS990ScheduleJ/PaymentsForUseOfResidenceInd",137,137,"2016v3.0, 2016v3.1"
"/Return/ReturnData/IRS990ScheduleM/ArtHistoricalTreasuresGrp/NonCashCheckboxInd",137,137,"2016v3.0, 2016v3.1"
"/Return/ReturnData/IRS990ScheduleM/QualifiedContribOtherGrp/MethodOfDeterminingRevenuesTxt",137,137,"2016v3.0, 2016v3.1"
"/Return/ReturnData/IRS990/LegalDomicileCountryCd",136,136,"2016v3.0, 2016v3.1"
"/Return/ReturnData/IRS990EZ/CompensationOfHghstPdCntrctGrp/BusinessName",134,109,"2016v3.0, 2016v3.1"
"/Return/ReturnData/IRS990EZ/CompensationOfHghstPdCntrctGrp/BusinessName/BusinessNameLine1Txt",134,109,"2016v3.0, 2016v3.1"
"/Return/ReturnData/IRS990ScheduleH/Percent250Ind",134,134,"2016v3.0, 2016v3.1"
"/Return/ReturnData/IRS990ScheduleH/PhysicalImprvAndHousingGrp/DirectOffsettingRevenueAmt",133,133,"2016v3.0, 2016v3.1"
"/Return/ReturnData/AffiliateListing/AffiliateListingGrp/BusinessName/BusinessNameLine2Txt",129,12,"2016v3.0, 2016v3.1"
"/Return/ReturnData/IRS990ScheduleH/FinancialAssistanceAtCostTyp/ActivitiesOrProgramsCnt",129,129,"2016v3.0, 2016v3.1"
"/Return/ReturnData/IRS990ScheduleA/Form990SchASupportingOrgGrp/SubstitutionBeyondOrgCntlInd",128,128,"2016v3.0, 2016v3.1"
"/Return/ReturnData/IRS990ScheduleR/IdDisregardedEntitiesGrp/ForeignAddress/ForeignPostalCd",127,79,"2016v3.0, 2016v3.1"
"/Return/ReturnData/IRS990EZ/BooksInCareOfDetail/ForeignAddress/ForeignPostalCd",126,126,"2016v3.0, 2016v3.1"
"/Return/ReturnData/IRS990ScheduleM/ArtHistoricalTreasuresGrp/ContributionCnt",126,126,"2016v3.0, 2016v3.1"
"/Return/ReturnData/IRS990ScheduleR/IdDisregardedEntitiesGrp/DisregardedEntityName/BusinessNameLine2Txt",126,79,"2016v3.0, 2016v3.1"
"/Return/ReturnData/IRS990/Organization4947a1NotPFInd",125,125,"2016v3.0, 2016v3.1"
"/Return/ReturnData/IRS990ScheduleH/LeadershipDevelopmentGrp/DirectOffsettingRevenueAmt",125,125,"2016v3.0, 2016v3.1"
"/Return/ReturnData/IRS990ScheduleR/IdRelatedTaxExemptOrgGrp/ForeignAddress/AddressLine2Txt",125,49,"2016v3.0, 2016v3.1"
"/Return/ReturnData/IRS990ScheduleH/LeadershipDevelopmentGrp/PersonsServedCnt",122,122,"2016v3.0, 2016v3.1"
"/Return/ReturnHeader/PreparerFirmGrp/PreparerForeignAddress",122,122,"2016v3.0, 2016v3.1"
"/Return/ReturnHeader/PreparerFirmGrp/PreparerForeignAddress/AddressLine1Txt",122,122,"2016v3.0, 2016v3.1"
"/Return/ReturnHeader/PreparerFirmGrp/PreparerForeignAddress/CityNm",122,122,"2016v3.0, 2016v3.1"
"/Return/ReturnHeader/PreparerFirmGrp/PreparerForeignAddress/CountryCd",122,122,"2016v3.0, 2016v3.1"
"/Return/ReturnData/AffiliateListing",121,121,"2016v3.0, 2016v3.1"
"/Return/ReturnData/IRS990ScheduleH/EnvironmentalImprovementsGrp/ActivitiesOrProgramsCnt",121,121,"2016v3.0, 2016v3.1"
"/Return/ReturnData/IRS990ScheduleH/PhysicalImprvAndHousingGrp/ActivitiesOrProgramsCnt",121,121,"2016v3.0, 2016v3.1"
"/Return/ReturnData/IRS990ScheduleI/RecipientTable/ForeignAddress/ForeignPostalCd",121,88,"2016v3.0, 2016v3.1"
"/Return/ReturnData/IRS990ScheduleM/QualifiedContribOtherGrp/NoncashContributionsRptF990Amt",120,120,"2016v3.0, 2016v3.1"
"/Return/ReturnData/IRS990ScheduleH/OtherCommuntityBuildingActyGrp/DirectOffsettingRevenueAmt",119,119,"2016v3.0, 2016v3.1"
"/Return/ReturnData/IRS990ScheduleH/UnreimbursedCostsGrp/PersonsServedCnt",118,118,"2016v3.0, 2016v3.1"
"/Return/ReturnData/IRS990ScheduleH/EnvironmentalImprovementsGrp/DirectOffsettingRevenueAmt",117,117,"2016v3.0, 2016v3.1"
"/Return/ReturnData/IRS990ScheduleH/UnreimbursedMedicaidGrp/ActivitiesOrProgramsCnt",116,116,"2016v3.0, 2016v3.1"
"/Return/ReturnData/IRS990ScheduleI/RecipientTable/ForeignAddress/ProvinceOrStateNm",116,89,"2016v3.0, 2016v3.1"
"/Return/ReturnData/IRS990/ProgSrvcAccomActy2Grp/ActivityCd",113,113,"2016v3.0, 2016v3.1"
"/Return/ReturnData/IRS990ScheduleH/PhysicalImprvAndHousingGrp/PersonsServedCnt",110,110,"2016v3.0, 2016v3.1"
"/Return/ReturnData/IRS990ScheduleA/TenPctFactsCrcmstncsTestPYInd",109,109,"2016v3.0, 2016v3.1"
"/Return/ReturnData/IRS990ScheduleH/EnvironmentalImprovementsGrp/PersonsServedCnt",108,108,"2016v3.0, 2016v3.1"
"/Return/ReturnData/IRS990ScheduleH/OtherCommuntityBuildingActyGrp/ActivitiesOrProgramsCnt",108,108,"2016v3.0, 2016v3.1"
"/Return/ReturnData/IRS990ScheduleH/HospitalFcltyPoliciesPrctcGrp/NoneMadeInd",107,98,"2016v3.0, 2016v3.1"
"/Return/ReturnData/IRS990ScheduleH/OtherCommuntityBuildingActyGrp/PersonsServedCnt",107,107,"2016v3.0, 2016v3.1"
"/Return/ReturnData/IRS990ScheduleR/IdRelatedOrgTxblPartnershipGrp/RelatedOrganizationName/BusinessNameLine2Txt",106,51,"2016v3.0, 2016v3.1"
"/Return/ReturnData/IRS990ScheduleN/LiquidationOfAssetsTableGrp/LiquidationOfAssetsDetail/BusinessName/BusinessNameLine2Txt",103,64,"2016v3.0, 2016v3.1"
"/Return/ReturnData/IRS990ScheduleM/ArtHistoricalTreasuresGrp/NoncashContributionsRptF990Amt",102,102,"2016v3.0, 2016v3.1"
"/Return/ReturnData/IRS990EZ/BooksInCareOfDetail/ForeignAddress/ProvinceOrStateNm",98,98,"2016v3.0, 2016v3.1"
"/Return/ReturnData/IRS990ScheduleM/ArtHistoricalTreasuresGrp/MethodOfDeterminingRevenuesTxt",98,98,"2016v3.0, 2016v3.1"
"/Return/ReturnData/IRS990EZ/CompensationOfHghstPdCntrctGrp/PersonNm",93,67,"2016v3.0, 2016v3.1"
"/Return/ReturnData/IRS990ScheduleH/HospitalFcltyPoliciesPrctcGrp/PermitLegalJudicialProcessInd",92,82,"2016v3.0, 2016v3.1"
"/Return/ReturnData/IRS990ScheduleL/DisqualifiedPersonExBnftTrGrp/TransactionDesc",90,53,"2016v3.0, 2016v3.1"
"/Return/ReturnData/IRS990EZ/SpecialConditionDesc",87,87,"2016v3.0, 2016v3.1"
"/Return/ReturnData/IRS990ScheduleH/Percent350Ind",87,87,"2016v3.0, 2016v3.1"
"/Return/ReturnHeader/PreparerFirmGrp/PreparerForeignAddress/ForeignPostalCd",86,86,"2016v3.0, 2016v3.1"
"/Return/ReturnData/IRS990ScheduleL/DisqualifiedPersonExBnftTrGrp/RlnDisqualifiedPersonOrgTxt",84,53,"2016v3.0, 2016v3.1"
"/Return/ReturnData/IRS990ScheduleR/IdDisregardedEntitiesGrp/ForeignAddress/ProvinceOrStateNm",84,54,"2016v3.0, 2016v3.1"
"/Return/ReturnHeader/PreparerPersonGrp/SSN",82,82,"2016v3.0, 2016v3.1"
"/Return/ReturnData/IRS990ScheduleH/HospitalFcltyPoliciesPrctcGrp/ReportingToCreditAgencyInd",81,77,"2016v3.0, 2016v3.1"
"/Return/ReturnData/IRS990ScheduleH/HospitalFacilitiesGrp/SubordinateHospitalName",78,10,"2016v3.0, 2016v3.1"
"/Return/ReturnData/IRS990ScheduleH/HospitalFacilitiesGrp/SubordinateHospitalName/BusinessNameLine1Txt",78,10,"2016v3.0, 2016v3.1"
"/Return/ReturnData/IRS990ScheduleH/HospitalFacilitiesGrp/SubordinateHospitalEIN",76,13,"2016v3.0, 2016v3.1"
"/Return/ReturnData/IRS990ScheduleN/LiquidationOfAssetsTableGrp/LiquidationOfAssetsDetail/USAddress/AddressLine2Txt",76,37,"2016v3.0, 2016v3.1"
"/Return/ReturnData/IRS990/ProgSrvcAccomActy3Grp/ActivityCd",75,75,"2016v3.0, 2016v3.1"
"/Return/ReturnData/IRS990ScheduleH/HospitalFacilitiesGrp/EmergencyRoomOtherInd",73,65,"2016v3.0, 2016v3.1"
"/Return/ReturnData/IRS990ScheduleL/DisqualifiedPersonExBnftTrGrp/PersonNm",72,50,"2016v3.0, 2016v3.1"
"/Return/ReturnData/IRS990ScheduleM/IntellectualPropertyGrp/ContributionCnt",70,70,"2016v3.0, 2016v3.1"
"/Return/ReturnData/IRS990ScheduleM/IntellectualPropertyGrp/NonCashCheckboxInd",68,68,"2016v3.0, 2016v3.1"
"/Return/ReturnData/IRS990ScheduleM/IntellectualPropertyGrp/NoncashContributionsRptF990Amt",68,68,"2016v3.0, 2016v3.1"
"/Return/ReturnData/IRS990ScheduleG/FundraiserActivityInfoGrp/ForeignAddress",67,57,"2016v3.0, 2016v3.1"
"/Return/ReturnData/IRS990ScheduleG/FundraiserActivityInfoGrp/ForeignAddress/AddressLine1Txt",67,57,"2016v3.0, 2016v3.1"
"/Return/ReturnData/IRS990ScheduleG/FundraiserActivityInfoGrp/ForeignAddress/CountryCd",67,57,"2016v3.0, 2016v3.1"
"/Return/ReturnData/IRS990ScheduleH/UnreimbursedCostsGrp/ActivitiesOrProgramsCnt",67,67,"2016v3.0, 2016v3.1"
"/Return/ReturnData/IRS990ScheduleK/TaxExemptBondsArbitrageGrp/GICProviderName/BusinessNameLine2Txt",64,51,"2016v3.0"
"/Return/ReturnData/IRS990ScheduleL/LoansBtwnOrgInterestedPrsnGrp/BusinessName/BusinessNameLine2Txt",63,48,"2016v3.0, 2016v3.1"
"/Return/ReturnHeader/PreparerFirmGrp/PreparerForeignAddress/ProvinceOrStateNm",63,63,"2016v3.0, 2016v3.1"
"/Return/ReturnData/IRS990ScheduleH/HospitalFcltyPoliciesPrctcGrp/PermitOtherActionsInd",61,59,"2016v3.0, 2016v3.1"
"/Return/ReturnData/IRS990ScheduleG/FundraiserActivityInfoGrp/ForeignAddress/CityNm",59,51,"2016v3.0, 2016v3.1"
"/Return/ReturnData/IRS990ScheduleM/IntellectualPropertyGrp/MethodOfDeterminingRevenuesTxt",58,58,"2016v3.0, 2016v3.1"
"/Return/ReturnData/IRS990ScheduleR/UnrelatedOrgTxblPartnershipGrp/UBICodeVAmt",54,30,"2016v3.0, 2016v3.1"
"/Return/ReturnData/IRS990/ContractorCompensationGrp/ContractorAddress/ForeignAddress/AddressLine2Txt",47,35,"2016v3.0, 2016v3.1"
"/Return/ReturnData/IRS990ScheduleG/PersonsWithBooksName/BusinessNameLine2Txt",47,47,"2016v3.0, 2016v3.1"
"/Return/ReturnData/IRS990ScheduleH/HospitalFcltyPoliciesPrctcGrp/EngagedLegalJudicialProcessInd",46,43,"2016v3.0, 2016v3.1"
"/Return/ReturnData/IRS990ScheduleG/FundraiserActivityInfoGrp/ForeignAddress/ForeignPostalCd",42,37,"2016v3.0, 2016v3.1"
"/Return/ReturnData/IRS990ScheduleG/FundraiserActivityInfoGrp/ForeignAddress/ProvinceOrStateNm",41,37,"2016v3.0, 2016v3.1"
"/Return/ReturnData/IRS990ScheduleH/HospitalFcltyPoliciesPrctcGrp/ExciseReportForm4720ForAllAmt",40,4,"2016v3.0, 2016v3.1"
"/Return/ReturnData/IRS990ScheduleM/ScientificSpecimensGrp/NonCashCheckboxInd",40,40,"2016v3.0, 2016v3.1"
"/Return/ReturnData/IRS990ScheduleM/ScientificSpecimensGrp/ContributionCnt",39,39,"2016v3.0, 2016v3.1"
"/Return/ReturnData/IRS990/ForeignAddress/AddressLine2Txt",36,36,"2016v3.0, 2016v3.1"
"/Return/ReturnData/IRS990ScheduleN/DispositionOfAssetsDetail/USAddress/AddressLine2Txt",36,13,"2016v3.0, 2016v3.1"
"/Return/ReturnData/IRS990ScheduleN/DispositionOfAssetsDetail/BusinessName/BusinessNameLine2Txt",35,20,"2016v3.0, 2016v3.1"
"/Return/ReturnData/IRS990EZ/Organization4947a1NotPFInd",33,33,"2016v3.0"
"/Return/ReturnData/CompensationExplanation/CompensationExplanationGrp/BusinessName",32,30,"2016v3.0"
"/Return/ReturnData/CompensationExplanation/CompensationExplanationGrp/BusinessName/BusinessNameLine1Txt",32,30,"2016v3.0"
"/Return/ReturnData/IRS990ScheduleH/HospitalFcltyPoliciesPrctcGrp/OtherReasonInd",32,29,"2016v3.0, 2016v3.1"
"/Return/ReturnData/IRS990ScheduleL/TaxImposedAmt",32,32,"2016v3.0, 2016v3.1"
"/Return/ReturnData/IRS990ScheduleH/MostHospitalsPolicyInd",31,31,"2016v3.0, 2016v3.1"
"/Return/ReturnData/IRS990ScheduleM/ScientificSpecimensGrp/MethodOfDeterminingRevenuesTxt",31,31,"2016v3.0, 2016v3.1"
"/Return/ReturnData/IRS990ScheduleA/DistributableAmountGrp/FirstYearType3NonFuncInd",29,29,"2016v3.0, 2016v3.1"
"/Return/ReturnData/IRS990ScheduleM/ScientificSpecimensGrp/NoncashContributionsRptF990Amt",29,29,"2016v3.0, 2016v3.1"
"/Return/ReturnData/IRS990ScheduleC/LimitedControlProvisionsAppInd",28,28,"2016v3.0, 2016v3.1"
"/Return/ReturnData/IRS990ScheduleA/AgriculturalNameAndAddressGrp",26,22,"2016v3.0, 2016v3.1"
"/Return/ReturnData/IRS990ScheduleA/AgriculturalNameAndAddressGrp/CityNm",26,22,"2016v3.0, 2016v3.1"
"/Return/ReturnData/IRS990ScheduleA/AgriculturalNameAndAddressGrp/CollegeUniversityName",26,22,"2016v3.0, 2016v3.1"
"/Return/ReturnData/IRS990ScheduleA/AgriculturalNameAndAddressGrp/CollegeUniversityName/BusinessNameLine1Txt",26,22,"2016v3.0, 2016v3.1"
"/Return/ReturnData/IRS990ScheduleA/AgriculturalNameAndAddressGrp/StateAbbreviationCd",26,22,"2016v3.0, 2016v3.1"
"/Return/ReturnData/IRS990ScheduleH/HospitalFacilitiesGrp/BusinessName/BusinessNameLine2Txt",26,23,"2016v3.0, 2016v3.1"
"/Return/ReturnData/IRS990ScheduleM/ArchaeologicalArtifactsGrp/NonCashCheckboxInd",26,26,"2016v3.0, 2016v3.1"
"/Return/ReturnData/IRS990ScheduleH/HospitalFcltyPoliciesPrctcGrp/OtherActionsInd",25,22,"2016v3.0, 2016v3.1"
"/Return/ReturnData/IRS990ScheduleM/ArchaeologicalArtifactsGrp/ContributionCnt",25,25,"2016v3.0, 2016v3.1"
"/Return/ReturnData/AffiliatedGroupAttachment",24,24,"2016v3.0, 2016v3.1"
"/Return/ReturnData/AffiliatedGroupAttachment/MeduimExplanationTxt",24,24,"2016v3.0, 2016v3.1"
"/Return/ReturnData/IRS990ScheduleG/FundraiserActivityInfoGrp/OrganizationBusinessName/BusinessNameLine2Txt",23,22,"2016v3.0, 2016v3.1"
"/Return/ReturnData/IRS990ScheduleA/AgriculturalResearchOrgInd",22,22,"2016v3.0, 2016v3.1"
"/Return/ReturnData/IRS990ScheduleM/TaxidermyGrp/ContributionCnt",22,22,"2016v3.0, 2016v3.1"
"/Return/ReturnHeader/PreparerFirmGrp/PreparerFirmName/BusinessNameLine2Txt",22,22,"2016v3.0"
"/Return/ReturnData/IRS990/BooksInCareOfDetail/ForeignAddress/AddressLine2Txt",21,21,"2016v3.0, 2016v3.1"
"/Return/ReturnData/IRS990EZ/BooksInCareOfDetail/ForeignAddress/AddressLine2Txt",21,21,"2016v3.0"
"/Return/ReturnData/IRS990ScheduleL/DisqualifiedPersonExBnftTrGrp/BusinessName",20,11,"2016v3.0"
"/Return/ReturnData/IRS990ScheduleL/DisqualifiedPersonExBnftTrGrp/BusinessName/BusinessNameLine1Txt",20,11,"2016v3.0"
"/Return/ReturnData/IRS990ScheduleM/TaxidermyGrp/MethodOfDeterminingRevenuesTxt",20,20,"2016v3.0, 2016v3.1"
"/Return/ReturnData/IRS990ScheduleM/TaxidermyGrp/NonCashCheckboxInd",20,20,"2016v3.0, 2016v3.1"
"/Return/ReturnData/IRS990ScheduleG/ExplanationIfYesTxt",19,19,"2016v3.0, 2016v3.1"
"/Return/ReturnData/IRS990ScheduleA/HospitalNameAndAddressGrp/SupportedOrganizationName/BusinessNameLine2Txt",18,18,"2016v3.0, 2016v3.1"
"/Return/ReturnData/IRS990ScheduleM/ArchaeologicalArtifactsGrp/MethodOfDeterminingRevenuesTxt",18,18,"2016v3.0, 2016v3.1"
"/Return/ReturnData/IRS990ScheduleM/ArtFractionalInterestGrp/ContributionCnt",18,18,"2016v3.0, 2016v3.1"
"/Return/ReturnData/AffiliateListing/AffiliateListingGrp/USAddress/AddressLine2Txt",17,7,"2016v3.0"
"/Return/ReturnData/IRS990ScheduleL/TaxReimbursedAmt",17,17,"2016v3.0, 2016v3.1"
"/Return/ReturnData/IRS990ScheduleM/ArchaeologicalArtifactsGrp/NoncashContributionsRptF990Amt",17,17,"2016v3.0, 2016v3.1"
"/Return/ReturnData/IRS990ScheduleM/ArtFractionalInterestGrp/NonCashCheckboxInd",17,17,"2016v3.0, 2016v3.1"
"/Return/ReturnData/IRS990ScheduleN/LiquidationOfAssetsTableGrp/LiquidationOfAssetsDetail/ForeignAddress",17,14,"2016v3.0, 2016v3.1"
"/Return/ReturnData/IRS990ScheduleN/LiquidationOfAssetsTableGrp/LiquidationOfAssetsDetail/ForeignAddress/AddressLine1Txt",17,14,"2016v3.0, 2016v3.1"
"/Return/ReturnData/IRS990ScheduleN/LiquidationOfAssetsTableGrp/LiquidationOfAssetsDetail/ForeignAddress/CountryCd",17,14,"2016v3.0, 2016v3.1"
"/Return/ReturnData/IRS990EZ/NECTFilingForm990Ind",16,16,"2016v3.0"
"/Return/ReturnData/IRS990ScheduleH/HospitalFcltyPoliciesPrctcGrp/PermitSellingDebtInd",16,14,"2016v3.0, 2016v3.1"
"/Return/ReturnData/IRS990ScheduleM/TaxidermyGrp/NoncashContributionsRptF990Amt",16,16,"2016v3.0, 2016v3.1"
"/Return/ReturnData/IRS990/ProgSrvcAccomActyOtherGrp/ActivityCd",15,12,"2016v3.0"
"/Return/ReturnData/IRS990ScheduleH/HospitalFcltyPoliciesPrctcGrp/HospitalFacilityName/BusinessNameLine2Txt",15,15,"2016v3.0, 2016v3.1"
"/Return/ReturnData/IRS990ScheduleN/LiquidationOfAssetsTableGrp/LiquidationOfAssetsDetail/ForeignAddress/CityNm",15,12,"2016v3.0, 2016v3.1"
"/Return/ReturnData/IRS990ScheduleH/HospitalFacilitiesGrp/USAddress/AddressLine2Txt",14,14,"2016v3.0, 2016v3.1"
"/Return/ReturnHeader/PreparerFirmGrp/PreparerForeignAddress/AddressLine2Txt",14,14,"2016v3.0"
"/Return/ReturnData/IRS990ScheduleG/GamingManagerBusinessName/BusinessNameLine2Txt",13,13,"2016v3.0, 2016v3.1"
"/Return/ReturnData/IRS990ScheduleH/OthHlthCareFcltsNotHospitalGrp/OthHlthCareFcltsGrp/BusinessName/BusinessNameLine2Txt",13,6,"2016v3.0"
"/Return/ReturnData/IRS990ScheduleN/DispositionOfAssetsDetail/ForeignAddress",13,10,"2016v3.0"
"/Return/ReturnData/IRS990ScheduleN/DispositionOfAssetsDetail/ForeignAddress/AddressLine1Txt",13,10,"2016v3.0"
"/Return/ReturnData/IRS990ScheduleN/DispositionOfAssetsDetail/ForeignAddress/CountryCd",13,10,"2016v3.0"
"/Return/ReturnData/IRS990ScheduleR/IdDisregardedEntitiesGrp/ForeignAddress/AddressLine2Txt",13,10,"2016v3.0"
"/Return/ReturnData/IRS990ScheduleR/IdRelatedOrgTxblPartnershipGrp/ForeignAddress/AddressLine2Txt",13,11,"2016v3.0"
"/Return/ReturnData/IRS990ScheduleI/RecipientTable/ForeignAddress/AddressLine2Txt",12,12,"2016v3.0"
"/Return/ReturnData/IRS990ScheduleM/ArtFractionalInterestGrp/MethodOfDeterminingRevenuesTxt",12,12,"2016v3.0, 2016v3.1"
"/Return/ReturnData/IRS990ScheduleN/DispositionOfAssetsDetail/ForeignAddress/CityNm",12,9,"2016v3.0"
"/Return/ReturnData/IRS990ScheduleH/HospitalFcltyPoliciesPrctcGrp/EngagedSellingDebtInd",11,10,"2016v3.0, 2016v3.1"
"/Return/ReturnData/IRS990ScheduleM/QualifiedContribHistStructGrp/ContributionCnt",11,11,"2016v3.0, 2016v3.1"
"/Return/ReturnData/IRS990ScheduleM/QualifiedContribHistStructGrp/NonCashCheckboxInd",10,10,"2016v3.0, 2016v3.1"
"/Return/ReturnData/IRS990ScheduleC/Tax4912Amt",8,8,"2016v3.0"
"/Return/ReturnData/IRS990ScheduleH/HospitalFcltyPoliciesPrctcGrp/NoEmergencyCarePolicyInd",8,6,"2016v3.0, 2016v3.1"
"/Return/ReturnData/IRS990ScheduleH/HospitalFcltyPoliciesPrctcGrp/PermitDeferDenyRqrPaymentInd",8,8,"2016v3.0, 2016v3.1"
"/Return/ReturnData/IRS990ScheduleH/IndivHospitalTailoredPolicyInd",8,8,"2016v3.0, 2016v3.1"
"/Return/ReturnData/IRS990ScheduleM/ArtFractionalInterestGrp/NoncashContributionsRptF990Amt",8,8,"2016v3.0, 2016v3.1"
"/Return/ReturnData/IRS990ScheduleM/QualifiedContribHistStructGrp/NoncashContributionsRptF990Amt",8,8,"2016v3.0, 2016v3.1"
"/Return/ReturnData/AffiliatedGroupSchedule/AffiliatedScheduleGrp/USAddress/AddressLine2Txt",7,2,"2016v3.0"
"/Return/ReturnData/EmployeeCompensationExpln",7,7,"2016v3.0, 2016v3.1"
"/Return/ReturnData/IRS990ScheduleA/HospitalNameAndAddressGrp/CountryCd",7,7,"2016v3.0"
"/Return/ReturnData/IRS990ScheduleC/Section527PoliticalOrgGrp/ForeignAddress",7,4,"2016v3.0"
"/Return/ReturnData/IRS990ScheduleC/Section527PoliticalOrgGrp/ForeignAddress/AddressLine1Txt",7,4,"2016v3.0"
"/Return/ReturnData/IRS990ScheduleC/Section527PoliticalOrgGrp/ForeignAddress/CityNm",7,4,"2016v3.0"
"/Return/ReturnData/IRS990ScheduleC/Section527PoliticalOrgGrp/ForeignAddress/CountryCd",7,4,"2016v3.0"
"/Return/ReturnData/IRS990ScheduleJ/RltdOrgOfficerTrstKeyEmplGrp/BusinessName/BusinessNameLine2Txt",7,7,"2016v3.0, 2016v3.1"
"/Return/ReturnData/IRS990ScheduleN/LiquidationOfAssetsTableGrp/LiquidationOfAssetsDetail/ForeignAddress/ForeignPostalCd",7,6,"2016v3.0, 2016v3.1"
"/Return/ReturnData/IRS990ScheduleC/Managers4912TaxAmt",6,6,"2016v3.0"
"/Return/ReturnData/IRS990ScheduleC/Section527PoliticalOrgGrp/ForeignAddress/ProvinceOrStateNm",6,3,"2016v3.0"
"/Return/ReturnData/IRS990ScheduleM/QualifiedContribHistStructGrp/MethodOfDeterminingRevenuesTxt",6,6,"2016v3.0, 2016v3.1"
"/Return/ReturnData/IRS990ScheduleN/DispositionOfAssetsDetail/ForeignAddress/ProvinceOrStateNm",6,6,"2016v3.0"
"/Return/ReturnData/IRS990ScheduleN/LiquidationOfAssetsTableGrp/LiquidationOfAssetsDetail/ForeignAddress/ProvinceOrStateNm",6,4,"2016v3.0"
"/Return/ReturnData/IRS990ScheduleG/FundraiserActivityInfoGrp/ForeignAddress/AddressLine2Txt",5,5,"2016v3.0"
"/Return/ReturnData/IRS990ScheduleH/HospitalFcltyPoliciesPrctcGrp/Form4720FiledInd",5,5,"2016v3.0, 2016v3.1"
"/Return/ReturnData/IRS990ScheduleR/UnrelatedOrgTxblPartnershipGrp/BusinessName/BusinessNameLine2Txt",5,5,"2016v3.0, 2016v3.1"
"/Return/ReturnData/IRS990ScheduleH/HospitalFcltyPoliciesPrctcGrp/EngageDeferDenyRqrPaymentInd",4,4,"2016v3.0, 2016v3.1"
"/Return/ReturnData/IRS990ScheduleL/GrntAsstBnftInterestedPrsnGrp/BusinessName/BusinessNameLine2Txt",4,2,"2016v3.0, 2016v3.1"
"/Return/ReturnData/IRS990EZ/CompensationOfHghstPdCntrctGrp/ForeignAddress",3,3,"2016v3.0, 2016v3.1"
"/Return/ReturnData/IRS990EZ/CompensationOfHghstPdCntrctGrp/ForeignAddress/AddressLine1Txt",3,3,"2016v3.0, 2016v3.1"
"/Return/ReturnData/IRS990EZ/CompensationOfHghstPdCntrctGrp/ForeignAddress/CountryCd",3,3,"2016v3.0, 2016v3.1"
"/Return/ReturnData/IRS990ScheduleA/AgriculturalNameAndAddressGrp/CollegeUniversityName/BusinessNameLine2Txt",3,3,"2016v3.0"
"/Return/ReturnData/IRS990ScheduleC/Section527PoliticalOrgGrp/ForeignAddress/ForeignPostalCd",3,3,"2016v3.0"
"/Return/ReturnData/IRS990ScheduleG/PersonsWithBooksForeignAddress",3,3,"2016v3.0, 2016v3.1"
"/Return/ReturnData/IRS990ScheduleG/PersonsWithBooksForeignAddress/AddressLine1Txt",3,3,"2016v3.0, 2016v3.1"
"/Return/ReturnData/IRS990ScheduleG/PersonsWithBooksForeignAddress/CityNm",3,3,"2016v3.0, 2016v3.1"
"/Return/ReturnData/IRS990ScheduleG/PersonsWithBooksForeignAddress/CountryCd",3,3,"2016v3.0, 2016v3.1"
"/Return/ReturnData/IRS990ScheduleG/ThirdPartyForeignAddress",3,3,"2016v3.0, 2016v3.1"
"/Return/ReturnData/IRS990ScheduleG/ThirdPartyForeignAddress/AddressLine1Txt",3,3,"2016v3.0, 2016v3.1"
"/Return/ReturnData/IRS990ScheduleG/ThirdPartyForeignAddress/CityNm",3,3,"2016v3.0, 2016v3.1"
"/Return/ReturnData/IRS990ScheduleG/ThirdPartyForeignAddress/CountryCd",3,3,"2016v3.0, 2016v3.1"
"/Return/ReturnData/IRS990ScheduleG/ThirdPartyForeignAddress/ForeignPostalCd",3,3,"2016v3.0, 2016v3.1"
"/Return/ReturnData/IRS990ScheduleN/DispositionOfAssetsDetail/ForeignAddress/ForeignPostalCd",3,3,"2016v3.0"
"/Return/ReturnData/IRS990EZ/CompensationOfHghstPdCntrctGrp/ForeignAddress/ProvinceOrStateNm",2,2,"2016v3.0, 2016v3.1"
"/Return/ReturnData/IRS990ScheduleG/PersonsWithBooksForeignAddress/ForeignPostalCd",2,2,"2016v3.0, 2016v3.1"
"/Return/ReturnData/IRS990ScheduleG/PersonsWithBooksForeignAddress/ProvinceOrStateNm",2,2,"2016v3.1"
"/Return/ReturnData/IRS990ScheduleG/ThirdPartyBusinessName/BusinessNameLine2Txt",2,2,"2016v3.0, 2016v3.1"
"/Return/ReturnData/IRS990ScheduleG/ThirdPartyForeignAddress/ProvinceOrStateNm",2,2,"2016v3.0, 2016v3.1"
"/Return/ReturnData/IRS990ScheduleR/UnrelatedOrgTxblPartnershipGrp/USAddress/AddressLine2Txt",2,2,"2016v3.0"
"/Return/ReturnData/CompensationExplanation/CompensationExplanationGrp/BusinessName/BusinessNameLine2Txt",1,1,"2016v3.0"
"/Return/ReturnData/EmployeeCompensationExpln/EmployeeCompExplanationGrp",1,1,"2016v3.1"
"/Return/ReturnData/EmployeeCompensationExpln/EmployeeCompExplanationGrp/EmployeeNm",1,1,"2016v3.1"
"/Return/ReturnData/EmployeeCompensationExpln/EmployeeCompExplanationGrp/ExplanationTxt",1,1,"2016v3.1"
"/Return/ReturnData/IRS990EZ/CompensationOfHghstPdCntrctGrp/ForeignAddress/CityNm",1,1,"2016v3.1"
"/Return/ReturnData/IRS990EZ/CompensationOfHghstPdCntrctGrp/ForeignAddress/ForeignPostalCd",1,1,"2016v3.1"
"/Return/ReturnData/IRS990ScheduleG/ThirdPartyUSAddress/AddressLine2Txt",1,1,"2016v3.0"
"/Return/ReturnData/IRS990ScheduleN/DispositionOfAssetsDetail/ForeignAddress/AddressLine2Txt",1,1,"2016v3.0"
"/Return/ReturnData/IRS990ScheduleR/UnrelatedOrgTxblPartnershipGrp/ForeignAddress",1,1,"2016v3.0"
"/Return/ReturnData/IRS990ScheduleR/UnrelatedOrgTxblPartnershipGrp/ForeignAddress/AddressLine1Txt",1,1,"2016v3.0"
"/Return/ReturnData/IRS990ScheduleR/UnrelatedOrgTxblPartnershipGrp/ForeignAddress/CityNm",1,1,"2016v3.0"
"/Return/ReturnData/IRS990ScheduleR/UnrelatedOrgTxblPartnershipGrp/ForeignAddress/CountryCd",1,1,"2016v3.0"
"/Return/ReturnData/IRS990ScheduleR/UnrelatedOrgTxblPartnershipGrp/ForeignAddress/ForeignPostalCd",1,1,"2016v3.0"
"/Return/ReturnData/IRS990ScheduleR/UnrelatedOrgTxblPartnershipGrp/LegalDomicileForeignCountryCd",1,1,"2016v3.1"
