"xpath","count_occurrences","count_filings","schema_versions"
"/Return/ReturnData/IRS990/Form990PartVIISectionAGrp",3159142,261612,"2017v2.3, 2017v2.0, 2017v2.2"
"/Return/ReturnData/IRS990/Form990PartVIISectionAGrp/TitleTxt",3158302,261612,"2017v2.2, 2017v2.0, 2017v2.3"
"/Return/ReturnData/IRS990/Form990PartVIISectionAGrp/ReportableCompFromOrgAmt",3141352,259914,"2017v2.2, 2017v2.0, 2017v2.3"
"/Return/ReturnData/IRS990/Form990PartVIISectionAGrp/ReportableCompFromRltdOrgAmt",3140898,259763,"2017v2.0, 2017v2.2, 2017v2.3"
"/Return/ReturnData/IRS990/Form990PartVIISectionAGrp/OtherCompensationAmt",3140891,259768,"2017v2.2, 2017v2.3, 2017v2.0"
"/Return/ReturnData/IRS990/Form990PartVIISectionAGrp/PersonNm",3112859,258804,"2017v2.0, 2017v2.3, 2017v2.2"
"/Return/ReturnData/IRS990/Form990PartVIISectionAGrp/AverageHoursPerWeekRt",2988049,246587,"2017v2.0, 2017v2.3, 2017v2.2"
"/Return/ReturnData/IRS990/Form990PartVIISectionAGrp/IndividualTrusteeOrDirectorInd",2560354,234715,"2017v2.2, 2017v2.0, 2017v2.3"
"/Return/ReturnData/IRS990ScheduleO/SupplementalInformationDetail/ExplanationTxt",2360859,395435,"2017v2.3, 2017v2.2, 2017v2.0"
"/Return/ReturnData/IRS990ScheduleO/SupplementalInformationDetail",2360859,395435,"2017v2.2, 2017v2.0, 2017v2.3"
"/Return/ReturnData/IRS990ScheduleO/SupplementalInformationDetail/FormAndLineReferenceDesc",2360859,395435,"2017v2.2, 2017v2.0, 2017v2.3"
"/Return/ReturnData/IRS990/Form990PartVIISectionAGrp/AverageHoursPerWeekRltdOrgRt",1112752,103007,"2017v2.2, 2017v2.3, 2017v2.0"
"/Return/ReturnData/IRS990/Form990PartVIISectionAGrp/OfficerInd",1100440,241167,"2017v2.2, 2017v2.3, 2017v2.0"
"/Return/ReturnData/IRS990EZ/OfficerDirectorTrusteeEmplGrp",885035,139144,"2017v2.3, 2017v2.2, 2017v2.0"
"/Return/ReturnData/IRS990EZ/OfficerDirectorTrusteeEmplGrp/CompensationAmt",885035,139144,"2017v2.0, 2017v2.2, 2017v2.3"
"/Return/ReturnData/IRS990EZ/OfficerDirectorTrusteeEmplGrp/TitleTxt",885035,139144,"2017v2.2, 2017v2.3, 2017v2.0"
"/Return/ReturnData/IRS990EZ/OfficerDirectorTrusteeEmplGrp/AverageHrsPerWkDevotedToPosRt",885035,139144,"2017v2.0, 2017v2.2, 2017v2.3"
"/Return/ReturnData/IRS990EZ/OfficerDirectorTrusteeEmplGrp/PersonNm",882858,138697,"2017v2.0, 2017v2.2, 2017v2.3"
"/Return/ReturnData/IRS990/OtherExpensesGrp",844447,241574,"2017v2.3, 2017v2.2, 2017v2.0"
"/Return/ReturnData/IRS990/OtherExpensesGrp/TotalAmt",844249,241541,"2017v2.2, 2017v2.0, 2017v2.3"
"/Return/ReturnData/IRS990/OtherExpensesGrp/Desc",840742,240731,"2017v2.3, 2017v2.0, 2017v2.2"
"/Return/ReturnData/IRS990/OtherExpensesGrp/ProgramServicesAmt",629051,197508,"2017v2.3, 2017v2.0, 2017v2.2"
"/Return/ReturnData/IRS990ScheduleI/RecipientTable",559145,38189,"2017v2.2, 2017v2.0, 2017v2.3"
"/Return/ReturnData/IRS990ScheduleI/RecipientTable/RecipientBusinessName/BusinessNameLine1Txt",558113,38045,"2017v2.0, 2017v2.3, 2017v2.2"
"/Return/ReturnData/IRS990ScheduleI/RecipientTable/RecipientBusinessName",558113,38045,"2017v2.3, 2017v2.0, 2017v2.2"
"/Return/ReturnData/IRS990ScheduleI/RecipientTable/USAddress/ZIPCd",548613,36928,"2017v2.3, 2017v2.0, 2017v2.2"
"/Return/ReturnData/IRS990ScheduleI/RecipientTable/USAddress/StateAbbreviationCd",548613,36928,"2017v2.2, 2017v2.3, 2017v2.0"
"/Return/ReturnData/IRS990ScheduleI/RecipientTable/USAddress/AddressLine1Txt",548613,36928,"2017v2.2, 2017v2.0, 2017v2.3"
"/Return/ReturnData/IRS990ScheduleI/RecipientTable/USAddress",548613,36928,"2017v2.2, 2017v2.0, 2017v2.3"
"/Return/ReturnData/IRS990ScheduleI/RecipientTable/USAddress/CityNm",548613,36928,"2017v2.0, 2017v2.3, 2017v2.2"
"/Return/ReturnData/IRS990ScheduleI/RecipientTable/PurposeOfGrantTxt",544002,35139,"2017v2.0, 2017v2.3, 2017v2.2"
"/Return/ReturnData/IRS990ScheduleI/RecipientTable/CashGrantAmt",529485,36732,"2017v2.3, 2017v2.2, 2017v2.0"
"/Return/ReturnData/IRS990ScheduleI/RecipientTable/RecipientEIN",517417,33120,"2017v2.0, 2017v2.3, 2017v2.2"
"/Return/ReturnData/IRS990ScheduleI/RecipientTable/IRCSectionDesc",485340,27186,"2017v2.3, 2017v2.2, 2017v2.0"
"/Return/ReturnData/IRS990ScheduleR/IdRelatedTaxExemptOrgGrp",436267,60032,"2017v2.3, 2017v2.0, 2017v2.2"
"/Return/ReturnData/IRS990ScheduleR/IdRelatedTaxExemptOrgGrp/DisregardedEntityName",436164,59991,"2017v2.3, 2017v2.2, 2017v2.0"
"/Return/ReturnData/IRS990ScheduleR/IdRelatedTaxExemptOrgGrp/DisregardedEntityName/BusinessNameLine1Txt",436164,59991,"2017v2.2, 2017v2.3, 2017v2.0"
"/Return/ReturnData/IRS990ScheduleR/IdRelatedTaxExemptOrgGrp/ControlledOrganizationInd",427934,58963,"2017v2.3, 2017v2.2, 2017v2.0"
"/Return/ReturnData/IRS990ScheduleR/IdRelatedTaxExemptOrgGrp/PrimaryActivitiesTxt",427198,58524,"2017v2.2, 2017v2.3, 2017v2.0"
"/Return/ReturnData/IRS990ScheduleR/IdRelatedTaxExemptOrgGrp/USAddress",425059,58874,"2017v2.3, 2017v2.2, 2017v2.0"
"/Return/ReturnData/IRS990ScheduleR/IdRelatedTaxExemptOrgGrp/USAddress/AddressLine1Txt",425059,58874,"2017v2.0, 2017v2.2, 2017v2.3"
"/Return/ReturnData/IRS990ScheduleR/IdRelatedTaxExemptOrgGrp/USAddress/StateAbbreviationCd",425059,58874,"2017v2.2, 2017v2.0, 2017v2.3"
"/Return/ReturnData/IRS990ScheduleR/IdRelatedTaxExemptOrgGrp/USAddress/CityNm",425059,58874,"2017v2.2, 2017v2.0, 2017v2.3"
"/Return/ReturnData/IRS990ScheduleR/IdRelatedTaxExemptOrgGrp/USAddress/ZIPCd",425059,58874,"2017v2.0, 2017v2.3, 2017v2.2"
"/Return/ReturnData/IRS990ScheduleR/IdRelatedTaxExemptOrgGrp/LegalDomicileStateCd",424342,58647,"2017v2.3, 2017v2.0, 2017v2.2"
"/Return/ReturnData/IRS990ScheduleR/IdRelatedTaxExemptOrgGrp/ExemptCodeSectionTxt",422300,57382,"2017v2.3, 2017v2.2, 2017v2.0"
"/Return/ReturnData/IRS990ScheduleR/IdRelatedTaxExemptOrgGrp/EIN",420836,57159,"2017v2.3, 2017v2.0, 2017v2.2"
"/Return/ReturnHeader/TaxPeriodEndDt",400756,400756,"2017v2.2, 2017v2.0, 2017v2.3"
"/Return/ReturnHeader/BusinessOfficerGrp",400756,400756,"2017v2.3, 2017v2.0, 2017v2.2"
"/Return/ReturnHeader/BuildTS",400756,400756,"2017v2.3, 2017v2.2, 2017v2.0"
"/Return/ReturnHeader/Filer/EIN",400756,400756,"2017v2.0, 2017v2.2, 2017v2.3"
"/Return/ReturnHeader/Filer/BusinessName/BusinessNameLine1Txt",400756,400756,"2017v2.2, 2017v2.0, 2017v2.3"
"/Return/ReturnHeader/Filer",400756,400756,"2017v2.3, 2017v2.2, 2017v2.0"
"/Return/ReturnHeader",400756,400756,"2017v2.3, 2017v2.0, 2017v2.2"
"/Return/ReturnHeader/ReturnTs",400756,400756,"2017v2.0, 2017v2.2, 2017v2.3"
"/Return/ReturnHeader/Filer/BusinessName",400756,400756,"2017v2.2, 2017v2.3, 2017v2.0"
"/Return/ReturnHeader/TaxPeriodBeginDt",400756,400756,"2017v2.0, 2017v2.2, 2017v2.3"
"/Return/ReturnHeader/BusinessOfficerGrp/PersonNm",400756,400756,"2017v2.3, 2017v2.0, 2017v2.2"
"/Return/ReturnHeader/BusinessOfficerGrp/PersonTitleTxt",400756,400756,"2017v2.3, 2017v2.0, 2017v2.2"
"/Return",400756,400756,"2017v2.3, 2017v2.2, 2017v2.0"
"/Return/ReturnHeader/BusinessOfficerGrp/SignatureDt",400756,400756,"2017v2.2, 2017v2.3, 2017v2.0"
"/Return/ReturnHeader/ReturnTypeCd",400756,400756,"2017v2.0, 2017v2.3, 2017v2.2"
"/Return/ReturnHeader/TaxYr",400756,400756,"2017v2.0, 2017v2.2, 2017v2.3"
"/Return/ReturnHeader/Filer/BusinessNameControlTxt",400756,400756,"2017v2.2, 2017v2.0, 2017v2.3"
"/Return/ReturnData",400756,400756,"2017v2.3, 2017v2.0, 2017v2.2"
"/Return/ReturnHeader/Filer/USAddress/ZIPCd",400480,400480,"2017v2.0, 2017v2.3, 2017v2.2"
"/Return/ReturnHeader/Filer/USAddress",400480,400480,"2017v2.2, 2017v2.0, 2017v2.3"
"/Return/ReturnHeader/Filer/USAddress/CityNm",400480,400480,"2017v2.3, 2017v2.0, 2017v2.2"
"/Return/ReturnHeader/Filer/USAddress/AddressLine1Txt",400480,400480,"2017v2.2, 2017v2.0, 2017v2.3"
"/Return/ReturnHeader/Filer/USAddress/StateAbbreviationCd",400480,400480,"2017v2.2, 2017v2.0, 2017v2.3"
"/Return/ReturnData/IRS990ScheduleO",395435,395435,"2017v2.3, 2017v2.0, 2017v2.2"
"/Return/ReturnData/IRS990/ProgramServiceRevenueGrp",390753,174344,"2017v2.3, 2017v2.2, 2017v2.0"
"/Return/ReturnData/IRS990/ProgramServiceRevenueGrp/TotalRevenueColumnAmt",387837,173660,"2017v2.2, 2017v2.3, 2017v2.0"
"/Return/ReturnData/IRS990ScheduleR/IdRelatedTaxExemptOrgGrp/PublicCharityStatusTxt",387793,46845,"2017v2.2, 2017v2.3, 2017v2.0"
"/Return/ReturnData/IRS990/ProgramServiceRevenueGrp/Desc",387167,173524,"2017v2.0, 2017v2.3, 2017v2.2"
"/Return/ReturnHeader/PreparerPersonGrp",383145,383145,"2017v2.2, 2017v2.0, 2017v2.3"
"/Return/ReturnHeader/PreparerPersonGrp/PhoneNum",382456,382456,"2017v2.2, 2017v2.3, 2017v2.0"
"/Return/ReturnHeader/PreparerFirmGrp/PreparerFirmName",382164,382164,"2017v2.0, 2017v2.2, 2017v2.3"
"/Return/ReturnHeader/PreparerFirmGrp/PreparerFirmName/BusinessNameLine1Txt",382164,382164,"2017v2.0, 2017v2.2, 2017v2.3"
"/Return/ReturnHeader/PreparerFirmGrp",382164,382164,"2017v2.2, 2017v2.0, 2017v2.3"
"/Return/ReturnHeader/PreparerFirmGrp/PreparerUSAddress",382031,382031,"2017v2.0, 2017v2.3, 2017v2.2"
"/Return/ReturnHeader/PreparerFirmGrp/PreparerUSAddress/StateAbbreviationCd",382031,382031,"2017v2.0, 2017v2.3, 2017v2.2"
"/Return/ReturnHeader/PreparerFirmGrp/PreparerUSAddress/AddressLine1Txt",382031,382031,"2017v2.3, 2017v2.2, 2017v2.0"
"/Return/ReturnHeader/PreparerFirmGrp/PreparerUSAddress/ZIPCd",382031,382031,"2017v2.2, 2017v2.0, 2017v2.3"
"/Return/ReturnHeader/PreparerFirmGrp/PreparerUSAddress/CityNm",382031,382031,"2017v2.2, 2017v2.3, 2017v2.0"
"/Return/ReturnHeader/PreparerPersonGrp/PreparerPersonNm",381308,381308,"2017v2.0, 2017v2.3, 2017v2.2"
"/Return/ReturnHeader/PreparerPersonGrp/PTIN",366398,366398,"2017v2.0, 2017v2.2, 2017v2.3"
"/Return/ReturnHeader/BusinessOfficerGrp/DiscussWithPaidPreparerInd",350945,350945,"2017v2.2, 2017v2.0, 2017v2.3"
"/Return/ReturnHeader/Filer/PhoneNum",344832,344832,"2017v2.3, 2017v2.0, 2017v2.2"
"/Return/ReturnData/IRS990/ProgramServiceRevenueGrp/RelatedOrExemptFuncIncomeAmt",343689,156358,"2017v2.0, 2017v2.3, 2017v2.2"
"/Return/ReturnData/IRS990EZ/OfficerDirectorTrusteeEmplGrp/ExpenseAccountOtherAllwncAmt",342486,55270,"2017v2.0, 2017v2.3, 2017v2.2"
"/Return/ReturnData/IRS990EZ/OfficerDirectorTrusteeEmplGrp/EmployeeBenefitProgramAmt",342069,55495,"2017v2.0, 2017v2.2, 2017v2.3"
"/Return/ReturnData/IRS990/OtherExpensesGrp/ManagementAndGeneralAmt",341156,144947,"2017v2.2, 2017v2.3, 2017v2.0"
"/Return/ReturnHeader/FilingSecurityInformation",331280,331280,"2017v2.2, 2017v2.3, 2017v2.0"
"/Return/ReturnHeader/FilingSecurityInformation/IPAddress",331279,331279,"2017v2.0, 2017v2.3, 2017v2.2"
"/Return/ReturnHeader/FilingSecurityInformation/IPAddress/IPv4AddressTxt",331279,331279,"2017v2.2, 2017v2.3, 2017v2.0"
"/Return/ReturnHeader/FilingSecurityInformation/AtSubmissionCreationDeviceId",319188,319188,"2017v2.2, 2017v2.3"
"/Return/ReturnHeader/FilingSecurityInformation/AtSubmissionFilingDeviceId",319187,319187,"2017v2.2, 2017v2.3"
"/Return/ReturnHeader/FilingSecurityInformation/FilingLicenseTypeCd",318741,318741,"2017v2.2, 2017v2.3"
"/Return/ReturnData/IRS990ScheduleA",307679,307679,"2017v2.2, 2017v2.3, 2017v2.0"
"/Return/ReturnHeader/PreparerFirmGrp/PreparerFirmEIN",307607,307607,"2017v2.0, 2017v2.3, 2017v2.2"
"/Return/ReturnHeader/BusinessOfficerGrp/PhoneNum",303965,303965,"2017v2.0, 2017v2.3, 2017v2.2"
"/Return/ReturnHeader/FilingSecurityInformation/IPTm",302432,302432,"2017v2.3, 2017v2.2"
"/Return/ReturnHeader/FilingSecurityInformation/IPDt",301935,301935,"2017v2.3, 2017v2.2, 2017v2.0"
"/Return/ReturnData/IRS990ScheduleR/IdRelatedTaxExemptOrgGrp/DirectControllingEntityName/BusinessNameLine1Txt",292902,28840,"2017v2.0, 2017v2.3, 2017v2.2"
"/Return/ReturnData/IRS990ScheduleR/IdRelatedTaxExemptOrgGrp/DirectControllingEntityName",292902,28840,"2017v2.3, 2017v2.0, 2017v2.2"
"/Return/ReturnData/IRS990/ProgramServiceRevenueGrp/BusinessCd",284561,130575,"2017v2.2, 2017v2.3, 2017v2.0"
"/Return/ReturnHeader/FilingSecurityInformation/IPTimezoneCd",263899,263899,"2017v2.0, 2017v2.3, 2017v2.2"
"/Return/ReturnData/IRS990/IRPDocumentCnt",261612,261612,"2017v2.2, 2017v2.0, 2017v2.3"
"/Return/ReturnData/IRS990/TotalAssetsGrp/BOYAmt",261612,261612,"2017v2.0, 2017v2.3, 2017v2.2"
"/Return/ReturnData/IRS990/FSAuditedInd",261612,261612,"2017v2.0, 2017v2.2, 2017v2.3"
"/Return/ReturnData/IRS990/TotalFunctionalExpensesGrp/TotalAmt",261612,261612,"2017v2.2, 2017v2.3, 2017v2.0"
"/Return/ReturnData/IRS990/GrantToRelatedPersonInd",261612,261612,"2017v2.0, 2017v2.2, 2017v2.3"
"/Return/ReturnData/IRS990/BooksInCareOfDetail",261612,261612,"2017v2.0, 2017v2.2, 2017v2.3"
"/Return/ReturnData/IRS990/FamilyOrBusinessRlnInd",261612,261612,"2017v2.3, 2017v2.0, 2017v2.2"
"/Return/ReturnData/IRS990/OfficerMailingAddressInd",261612,261612,"2017v2.3, 2017v2.0, 2017v2.2"
"/Return/ReturnData/IRS990/DelegationOfMgmtDutiesInd",261612,261612,"2017v2.3, 2017v2.2, 2017v2.0"
"/Return/ReturnData/IRS990/TerminateOperationsInd",261612,261612,"2017v2.3, 2017v2.0, 2017v2.2"
"/Return/ReturnData/IRS990/ConsolidatedAuditFinclStmtInd",261612,261612,"2017v2.0, 2017v2.3, 2017v2.2"
"/Return/ReturnData/IRS990/TotalAssetsGrp",261612,261612,"2017v2.2, 2017v2.3, 2017v2.0"
"/Return/ReturnData/IRS990/CYProgramServiceRevenueAmt",261612,261612,"2017v2.0, 2017v2.3, 2017v2.2"
"/Return/ReturnData/IRS990/NondeductibleContributionsInd",261612,261612,"2017v2.2, 2017v2.3, 2017v2.0"
"/Return/ReturnData/IRS990/ScheduleORequiredInd",261612,261612,"2017v2.0, 2017v2.3, 2017v2.2"
"/Return/ReturnData/IRS990/BusinessRlnWithFamMemInd",261612,261612,"2017v2.3, 2017v2.2, 2017v2.0"
"/Return/ReturnData/IRS990/MoreThan5000KToIndividualsInd",261612,261612,"2017v2.3, 2017v2.0, 2017v2.2"
"/Return/ReturnData/IRS990/ReportProgramRelatedInvstInd",261612,261612,"2017v2.3, 2017v2.0, 2017v2.2"
"/Return/ReturnData/IRS990/CYTotalProfFndrsngExpnsAmt",261612,261612,"2017v2.3, 2017v2.0, 2017v2.2"
"/Return/ReturnData/IRS990/CYBenefitsPaidToMembersAmt",261612,261612,"2017v2.2, 2017v2.0, 2017v2.3"
"/Return/ReturnData/IRS990/CYTotalRevenueAmt",261612,261612,"2017v2.2, 2017v2.3, 2017v2.0"
"/Return/ReturnData/IRS990/CYInvestmentIncomeAmt",261612,261612,"2017v2.3, 2017v2.2, 2017v2.0"
"/Return/ReturnData/IRS990/TotLiabNetAssetsFundBalanceGrp/EOYAmt",261612,261612,"2017v2.0, 2017v2.2, 2017v2.3"
"/Return/ReturnData/IRS990/ConservationEasementsInd",261612,261612,"2017v2.0, 2017v2.3, 2017v2.2"
"/Return/ReturnData/IRS990/ForeignActivitiesInd",261612,261612,"2017v2.2, 2017v2.3, 2017v2.0"
"/Return/ReturnData/IRS990/ProfessionalFundraisingInd",261612,261612,"2017v2.0, 2017v2.3, 2017v2.2"
"/Return/ReturnData/IRS990/DisregardedEntityInd",261612,261612,"2017v2.0, 2017v2.3, 2017v2.2"
"/Return/ReturnData/IRS990/UnrelatedBusIncmOverLimitInd",261612,261612,"2017v2.2, 2017v2.3, 2017v2.0"
"/Return/ReturnData/IRS990/IndependentVotingMemberCnt",261612,261612,"2017v2.2, 2017v2.0, 2017v2.3"
"/Return/ReturnData/IRS990/TotalRevenueGrp",261612,261612,"2017v2.3, 2017v2.2, 2017v2.0"
"/Return/ReturnData/IRS990/DeductibleNonCashContriInd",261612,261612,"2017v2.0, 2017v2.3, 2017v2.2"
"/Return/ReturnData/IRS990/CYSalariesCompEmpBnftPaidAmt",261612,261612,"2017v2.2, 2017v2.3, 2017v2.0"
"/Return/ReturnData/IRS990/TotalGrossUBIAmt",261612,261612,"2017v2.3, 2017v2.2, 2017v2.0"
"/Return/ReturnData/IRS990/CollectionsOfArtInd",261612,261612,"2017v2.0, 2017v2.3, 2017v2.2"
"/Return/ReturnData/IRS990/DocumentRetentionPolicyInd",261612,261612,"2017v2.0, 2017v2.2, 2017v2.3"
"/Return/ReturnData/IRS990/TaxablePartyNotificationInd",261612,261612,"2017v2.3, 2017v2.2, 2017v2.0"
"/Return/ReturnData/IRS990/LocalChaptersInd",261612,261612,"2017v2.2, 2017v2.0, 2017v2.3"
"/Return/ReturnData/IRS990/CompensationFromOtherSrcsInd",261612,261612,"2017v2.0, 2017v2.2, 2017v2.3"
"/Return/ReturnData/IRS990/EmployeeCnt",261612,261612,"2017v2.2, 2017v2.3, 2017v2.0"
"/Return/ReturnData/IRS990/ActivitiesConductedPrtshpInd",261612,261612,"2017v2.3, 2017v2.0, 2017v2.2"
"/Return/ReturnData/IRS990/ReportInvestmentsOtherSecInd",261612,261612,"2017v2.3, 2017v2.0, 2017v2.2"
"/Return/ReturnData/IRS990/VotingMembersIndependentCnt",261612,261612,"2017v2.3, 2017v2.2, 2017v2.0"
"/Return/ReturnData/IRS990/VotingMembersGoverningBodyCnt",261612,261612,"2017v2.2, 2017v2.0, 2017v2.3"
"/Return/ReturnData/IRS990/TotalLiabilitiesGrp/EOYAmt",261612,261612,"2017v2.2, 2017v2.0, 2017v2.3"
"/Return/ReturnData/IRS990/TotalLiabilitiesGrp/BOYAmt",261612,261612,"2017v2.2, 2017v2.3, 2017v2.0"
"/Return/ReturnData/IRS990/TotalNetAssetsFundBalanceGrp",261612,261612,"2017v2.0, 2017v2.2, 2017v2.3"
"/Return/ReturnData/IRS990/IRPDocumentW2GCnt",261612,261612,"2017v2.2, 2017v2.3, 2017v2.0"
"/Return/ReturnData/IRS990/TotalLiabilitiesGrp",261612,261612,"2017v2.2, 2017v2.3, 2017v2.0"
"/Return/ReturnData/IRS990/ScheduleJRequiredInd",261612,261612,"2017v2.2, 2017v2.0, 2017v2.3"
"/Return/ReturnData/IRS990/MinutesOfGoverningBodyInd",261612,261612,"2017v2.2, 2017v2.3, 2017v2.0"
"/Return/ReturnData/IRS990/TempOrPermanentEndowmentsInd",261612,261612,"2017v2.2, 2017v2.3, 2017v2.0"
"/Return/ReturnData/IRS990/ReportOtherAssetsInd",261612,261612,"2017v2.2, 2017v2.3, 2017v2.0"
"/Return/ReturnData/IRS990/MaterialDiversionOrMisuseInd",261612,261612,"2017v2.0, 2017v2.3, 2017v2.2"
"/Return/ReturnData/IRS990/RelatedOrganizationCtrlEntInd",261612,261612,"2017v2.2, 2017v2.3, 2017v2.0"
"/Return/ReturnData/IRS990/WhistleblowerPolicyInd",261612,261612,"2017v2.2, 2017v2.3, 2017v2.0"
"/Return/ReturnData/IRS990/GroupReturnForAffiliatesInd",261612,261612,"2017v2.0, 2017v2.2, 2017v2.3"
"/Return/ReturnData/IRS990/TotalEmployeeCnt",261612,261612,"2017v2.3, 2017v2.2, 2017v2.0"
"/Return/ReturnData/IRS990/TotalLiabilitiesEOYAmt",261612,261612,"2017v2.3, 2017v2.0, 2017v2.2"
"/Return/ReturnData/IRS990/GrantsToIndividualsInd",261612,261612,"2017v2.2, 2017v2.3, 2017v2.0"
"/Return/ReturnData/IRS990/ProhibitedTaxShelterTransInd",261612,261612,"2017v2.2, 2017v2.3, 2017v2.0"
"/Return/ReturnData/IRS990/TotalCompGreaterThan150KInd",261612,261612,"2017v2.2, 2017v2.0, 2017v2.3"
"/Return/ReturnData/IRS990/DonorAdvisedFundInd",261612,261612,"2017v2.3, 2017v2.2, 2017v2.0"
"/Return/ReturnData/IRS990/DecisionsSubjectToApprovaInd",261612,261612,"2017v2.2, 2017v2.0, 2017v2.3"
"/Return/ReturnData/IRS990/TotLiabNetAssetsFundBalanceGrp/BOYAmt",261612,261612,"2017v2.3, 2017v2.2, 2017v2.0"
"/Return/ReturnData/IRS990/TotLiabNetAssetsFundBalanceGrp",261612,261612,"2017v2.0, 2017v2.2, 2017v2.3"
"/Return/ReturnData/IRS990/ActivityOrMissionDesc",261612,261612,"2017v2.3, 2017v2.0, 2017v2.2"
"/Return/ReturnData/IRS990/CYGrantsAndSimilarPaidAmt",261612,261612,"2017v2.0, 2017v2.3, 2017v2.2"
"/Return/ReturnData/IRS990/CYTotalExpensesAmt",261612,261612,"2017v2.3, 2017v2.0, 2017v2.2"
"/Return/ReturnData/IRS990/DescribedInSection501c3Ind",261612,261612,"2017v2.0, 2017v2.3, 2017v2.2"
"/Return/ReturnData/IRS990/BusinessRlnWithOfficerEntInd",261612,261612,"2017v2.3, 2017v2.2, 2017v2.0"
"/Return/ReturnData/IRS990/CYRevenuesLessExpensesAmt",261612,261612,"2017v2.0, 2017v2.3, 2017v2.2"
"/Return/ReturnData/IRS990/BooksInCareOfDetail/PhoneNum",261612,261612,"2017v2.2, 2017v2.3, 2017v2.0"
"/Return/ReturnData/IRS990/FormerOfcrEmployeesListedInd",261612,261612,"2017v2.3, 2017v2.2, 2017v2.0"
"/Return/ReturnData/IRS990/AccountantCompileOrReviewInd",261612,261612,"2017v2.0, 2017v2.2, 2017v2.3"
"/Return/ReturnData/IRS990/PoliticalCampaignActyInd",261612,261612,"2017v2.2, 2017v2.3, 2017v2.0"
"/Return/ReturnData/IRS990/TaxExemptBondsInd",261612,261612,"2017v2.3, 2017v2.2, 2017v2.0"
"/Return/ReturnData/IRS990/BusinessRlnWithOrgMemInd",261612,261612,"2017v2.3, 2017v2.2, 2017v2.0"
"/Return/ReturnData/IRS990/CYContributionsGrantsAmt",261612,261612,"2017v2.3, 2017v2.0, 2017v2.2"
"/Return/ReturnData/IRS990/ReconcilationRevenueExpnssAmt",261612,261612,"2017v2.3, 2017v2.2, 2017v2.0"
"/Return/ReturnData/IRS990/OperateHospitalInd",261612,261612,"2017v2.0, 2017v2.3, 2017v2.2"
"/Return/ReturnData/IRS990/SchoolOperatingInd",261612,261612,"2017v2.3, 2017v2.0, 2017v2.2"
"/Return/ReturnData/IRS990/GoverningBodyVotingMembersCnt",261612,261612,"2017v2.0, 2017v2.3, 2017v2.2"
"/Return/ReturnData/IRS990/TotalNetAssetsFundBalanceGrp/BOYAmt",261612,261612,"2017v2.0, 2017v2.2, 2017v2.3"
"/Return/ReturnData/IRS990/CreditCounselingInd",261612,261612,"2017v2.2, 2017v2.0, 2017v2.3"
"/Return/ReturnData/IRS990/GrossReceiptsAmt",261612,261612,"2017v2.3, 2017v2.2, 2017v2.0"
"/Return/ReturnData/IRS990/CYOtherRevenueAmt",261612,261612,"2017v2.3, 2017v2.2, 2017v2.0"
"/Return/ReturnData/IRS990/CYTotalFundraisingExpenseAmt",261612,261612,"2017v2.3, 2017v2.0, 2017v2.2"
"/Return/ReturnData/IRS990/ReportOtherLiabilitiesInd",261612,261612,"2017v2.0, 2017v2.3, 2017v2.2"
"/Return/ReturnData/IRS990/IncludeFIN48FootnoteInd",261612,261612,"2017v2.2, 2017v2.3, 2017v2.0"
"/Return/ReturnData/IRS990/IndependentAuditFinclStmtInd",261612,261612,"2017v2.2, 2017v2.0, 2017v2.3"
"/Return/ReturnData/IRS990/MoreThan5000KToOrgInd",261612,261612,"2017v2.0, 2017v2.2, 2017v2.3"
"/Return/ReturnData/IRS990/DeductibleArtContributionInd",261612,261612,"2017v2.0, 2017v2.3, 2017v2.2"
"/Return/ReturnData/IRS990/ForeignFinancialAccountInd",261612,261612,"2017v2.2, 2017v2.3, 2017v2.0"
"/Return/ReturnData/IRS990/ScheduleBRequiredInd",261612,261612,"2017v2.0, 2017v2.2, 2017v2.3"
"/Return/ReturnData/IRS990/ConflictOfInterestPolicyInd",261612,261612,"2017v2.0, 2017v2.3, 2017v2.2"
"/Return/ReturnData/IRS990/RelatedEntityInd",261612,261612,"2017v2.0, 2017v2.2, 2017v2.3"
"/Return/ReturnData/IRS990/PartialLiquidationInd",261612,261612,"2017v2.2, 2017v2.0, 2017v2.3"
"/Return/ReturnData/IRS990/MembersOrStockholdersInd",261612,261612,"2017v2.0, 2017v2.2, 2017v2.3"
"/Return/ReturnData/IRS990/Desc",261612,261612,"2017v2.2, 2017v2.3, 2017v2.0"
"/Return/ReturnData/IRS990/TotalAssetsGrp/EOYAmt",261612,261612,"2017v2.3, 2017v2.2, 2017v2.0"
"/Return/ReturnData/IRS990",261612,261612,"2017v2.0, 2017v2.3, 2017v2.2"
"/Return/ReturnData/IRS990/InvestmentInJointVentureInd",261612,261612,"2017v2.3, 2017v2.0, 2017v2.2"
"/Return/ReturnData/IRS990/GrantsToOrganizationsInd",261612,261612,"2017v2.3, 2017v2.2, 2017v2.0"
"/Return/ReturnData/IRS990/LoanOutstandingInd",261612,261612,"2017v2.3, 2017v2.2, 2017v2.0"
"/Return/ReturnData/IRS990/CYOtherExpensesAmt",261612,261612,"2017v2.2, 2017v2.0, 2017v2.3"
"/Return/ReturnData/IRS990/TotalRevenueGrp/TotalRevenueColumnAmt",261612,261612,"2017v2.2, 2017v2.0, 2017v2.3"
"/Return/ReturnData/IRS990/Form990ProvidedToGvrnBodyInd",261612,261612,"2017v2.2, 2017v2.0, 2017v2.3"
"/Return/ReturnData/IRS990/ChangeToOrgDocumentsInd",261612,261612,"2017v2.3, 2017v2.0, 2017v2.2"
"/Return/ReturnData/IRS990/IndoorTanningServicesInd",261612,261612,"2017v2.0, 2017v2.3, 2017v2.2"
"/Return/ReturnData/IRS990/GamingActivitiesInd",261612,261612,"2017v2.2, 2017v2.0, 2017v2.3"
"/Return/ReturnData/IRS990/FundraisingActivitiesInd",261612,261612,"2017v2.0, 2017v2.3, 2017v2.2"
"/Return/ReturnData/IRS990/ForeignOfficeInd",261612,261612,"2017v2.0, 2017v2.3, 2017v2.2"
"/Return/ReturnData/IRS990/ReportLandBuildingEquipmentInd",261612,261612,"2017v2.3, 2017v2.0, 2017v2.2"
"/Return/ReturnData/IRS990/NetAssetsOrFundBalancesEOYAmt",261612,261612,"2017v2.3, 2017v2.2, 2017v2.0"
"/Return/ReturnData/IRS990/TotalAssetsEOYAmt",261612,261612,"2017v2.0, 2017v2.3, 2017v2.2"
"/Return/ReturnData/IRS990/TotalFunctionalExpensesGrp",261612,261612,"2017v2.3, 2017v2.0, 2017v2.2"
"/Return/ReturnData/IRS990/TotalNetAssetsFundBalanceGrp/EOYAmt",261612,261612,"2017v2.0, 2017v2.3, 2017v2.2"
"/Return/ReturnData/IRS990/ElectionOfBoardMembersInd",261612,261612,"2017v2.3, 2017v2.2, 2017v2.0"
"/Return/ReturnData/IRS990/MissionDesc",261211,261211,"2017v2.0, 2017v2.3, 2017v2.2"
"/Return/ReturnData/IRS990/MinutesOfCommitteesInd",261138,261138,"2017v2.3, 2017v2.2, 2017v2.0"
"/Return/ReturnData/IRS990/BooksInCareOfDetail/USAddress/StateAbbreviationCd",261117,261117,"2017v2.2, 2017v2.3, 2017v2.0"
"/Return/ReturnData/IRS990/BooksInCareOfDetail/USAddress/ZIPCd",261117,261117,"2017v2.0, 2017v2.2, 2017v2.3"
"/Return/ReturnData/IRS990/BooksInCareOfDetail/USAddress/AddressLine1Txt",261117,261117,"2017v2.2, 2017v2.0, 2017v2.3"
"/Return/ReturnData/IRS990/BooksInCareOfDetail/USAddress/CityNm",261117,261117,"2017v2.3, 2017v2.0, 2017v2.2"
"/Return/ReturnData/IRS990/BooksInCareOfDetail/USAddress",261117,261117,"2017v2.2, 2017v2.0, 2017v2.3"
"/Return/ReturnData/IRS990/CompensationProcessCEOInd",260833,260833,"2017v2.2, 2017v2.3, 2017v2.0"
"/Return/ReturnData/IRS990/CompensationProcessOtherInd",260695,260695,"2017v2.3, 2017v2.2, 2017v2.0"
"/Return/ReturnData/IRS990/SignificantNewProgramSrvcInd",259369,259369,"2017v2.0, 2017v2.2, 2017v2.3"
"/Return/ReturnData/IRS990/SignificantChangeInd",259309,259309,"2017v2.3, 2017v2.2, 2017v2.0"
"/Return/ReturnData/IRS990/TotalAssetsBOYAmt",258041,258041,"2017v2.0, 2017v2.3, 2017v2.2"
"/Return/ReturnData/IRS990/NetAssetsOrFundBalancesBOYAmt",257795,257795,"2017v2.3, 2017v2.0, 2017v2.2"
"/Return/ReturnData/IRS990/SubjectToProxyTaxInd",253761,253761,"2017v2.2, 2017v2.3, 2017v2.0"
"/Return/ReturnData/IRS990/PYTotalRevenueAmt",253753,253753,"2017v2.3, 2017v2.0, 2017v2.2"
"/Return/ReturnData/IRS990/PYRevenuesLessExpensesAmt",253520,253520,"2017v2.2, 2017v2.0, 2017v2.3"
"/Return/ReturnData/IRS990/PYTotalExpensesAmt",253316,253316,"2017v2.2, 2017v2.3, 2017v2.0"
"/Return/ReturnData/IRS990/InfoInScheduleOPartVIInd",253119,253119,"2017v2.2, 2017v2.3, 2017v2.0"
"/Return/ReturnData/IRS990/PYOtherExpensesAmt",252525,252525,"2017v2.3, 2017v2.2, 2017v2.0"
"/Return/ReturnData/IRS990/LegalDomicileStateCd",248469,248469,"2017v2.2, 2017v2.3, 2017v2.0"
"/Return/ReturnData/IRS990/FormationYr",243749,243749,"2017v2.2, 2017v2.3, 2017v2.0"
"/Return/ReturnData/IRS990/TotalFunctionalExpensesGrp/ProgramServicesAmt",243229,243229,"2017v2.3, 2017v2.2, 2017v2.0"
"/Return/ReturnData/IRS990/TotalFunctionalExpensesGrp/ManagementAndGeneralAmt",242302,242302,"2017v2.3, 2017v2.0, 2017v2.2"
"/Return/ReturnData/IRS990/CashNonInterestBearingGrp",241929,241929,"2017v2.0, 2017v2.3, 2017v2.2"
"/Return/ReturnData/IRS990/StatesWhereCopyOfReturnIsFldCd",240445,136439,"2017v2.0, 2017v2.2, 2017v2.3"
"/Return/ReturnData/IRS990/TotalFunctionalExpensesGrp/FundraisingAmt",240435,240435,"2017v2.0, 2017v2.3, 2017v2.2"
"/Return/ReturnHeader/PreparerPersonGrp/PreparationDt",239719,239719,"2017v2.0, 2017v2.2, 2017v2.3"
"/Return/ReturnData/IRS990/CashNonInterestBearingGrp/EOYAmt",239607,239607,"2017v2.2, 2017v2.0, 2017v2.3"
"/Return/ReturnData/IRS990/UponRequestInd",236498,236498,"2017v2.0, 2017v2.3, 2017v2.2"
"/Return/ReturnData/IRS990/FederalGrantAuditRequiredInd",235692,235692,"2017v2.3, 2017v2.0, 2017v2.2"
"/Return/ReturnData/IRS990ScheduleR/IdRelatedOrgTxblCorpTrGrp",235330,18573,"2017v2.0, 2017v2.3, 2017v2.2"
"/Return/ReturnData/IRS990ScheduleR/IdRelatedOrgTxblCorpTrGrp/RelatedOrganizationName/BusinessNameLine1Txt",235283,18559,"2017v2.0, 2017v2.3, 2017v2.2"
"/Return/ReturnData/IRS990ScheduleR/IdRelatedOrgTxblCorpTrGrp/RelatedOrganizationName",235283,18559,"2017v2.0, 2017v2.3, 2017v2.2"
"/Return/ReturnData/IRS990/CashNonInterestBearingGrp/BOYAmt",234467,234467,"2017v2.2, 2017v2.3, 2017v2.0"
"/Return/ReturnData/IRS990/WebsiteAddressTxt",234044,234044,"2017v2.2, 2017v2.0, 2017v2.3"
"/Return/ReturnData/IRS990/TypeOfOrganizationCorpInd",232347,232347,"2017v2.3, 2017v2.0, 2017v2.2"
"/Return/ReturnData/IRS990/TotalRevenueGrp/RelatedOrExemptFuncIncomeAmt",231725,231725,"2017v2.3, 2017v2.2, 2017v2.0"
"/Return/ReturnData/IRS990/PrincipalOfficerNm",227192,227192,"2017v2.0, 2017v2.2, 2017v2.3"
"/Return/ReturnData/IRS990/PYContributionsGrantsAmt",226991,226991,"2017v2.0, 2017v2.3, 2017v2.2"
"/Return/ReturnData/IRS990/TotalProgramServiceExpensesAmt",225109,225109,"2017v2.2, 2017v2.3, 2017v2.0"
"/Return/ReturnData/IRS990ScheduleJ/RltdOrgOfficerTrstKeyEmplGrp",225046,56354,"2017v2.2, 2017v2.3, 2017v2.0"
"/Return/ReturnData/IRS990ScheduleJ/RltdOrgOfficerTrstKeyEmplGrp/TitleTxt",221596,54859,"2017v2.2, 2017v2.0, 2017v2.3"
"/Return/ReturnData/IRS990ScheduleD",221488,221488,"2017v2.0, 2017v2.2, 2017v2.3"
"/Return/ReturnData/IRS990/ExpenseAmt",220497,220497,"2017v2.2, 2017v2.3, 2017v2.0"
"/Return/ReturnData/IRS990/OfficeExpensesGrp",220379,220379,"2017v2.2, 2017v2.3, 2017v2.0"
"/Return/ReturnData/IRS990/OfficeExpensesGrp/TotalAmt",220377,220377,"2017v2.2, 2017v2.0, 2017v2.3"
"/Return/ReturnData/IRS990/TotalLiabilitiesBOYAmt",219463,219463,"2017v2.0, 2017v2.3, 2017v2.2"
"/Return/ReturnData/IRS990/TotalContributionsAmt",218166,218166,"2017v2.2, 2017v2.0, 2017v2.3"
"/Return/ReturnData/IRS990/PYInvestmentIncomeAmt",215359,215359,"2017v2.0, 2017v2.2, 2017v2.3"
"/Return/ReturnData/IRS990/PYExcessBenefitTransInd",213706,213706,"2017v2.2, 2017v2.0, 2017v2.3"
"/Return/ReturnData/IRS990/EngagedInExcessBenefitTransInd",213648,213648,"2017v2.0, 2017v2.2, 2017v2.3"
"/Return/ReturnData/IRS990ScheduleJ/RltdOrgOfficerTrstKeyEmplGrp/TotalCompensationFilingOrgAmt",213006,52922,"2017v2.2, 2017v2.3, 2017v2.0"
"/Return/ReturnData/IRS990ScheduleJ/RltdOrgOfficerTrstKeyEmplGrp/PersonNm",212947,54895,"2017v2.2, 2017v2.3, 2017v2.0"
"/Return/ReturnData/IRS990/FeesForServicesAccountingGrp",212679,212679,"2017v2.3, 2017v2.0, 2017v2.2"
"/Return/ReturnData/IRS990/FeesForServicesAccountingGrp/TotalAmt",212678,212678,"2017v2.0, 2017v2.3, 2017v2.2"
"/Return/ReturnData/IRS990ScheduleJ/RltdOrgOfficerTrstKeyEmplGrp/BaseCompensationFilingOrgAmt",212393,52757,"2017v2.2, 2017v2.3, 2017v2.0"
"/Return/ReturnData/IRS990/USAddress/ZIPCd",211934,211934,"2017v2.2, 2017v2.0, 2017v2.3"
"/Return/ReturnData/IRS990/USAddress",211934,211934,"2017v2.2, 2017v2.3, 2017v2.0"
"/Return/ReturnData/IRS990/USAddress/CityNm",211934,211934,"2017v2.2, 2017v2.0, 2017v2.3"
"/Return/ReturnData/IRS990/USAddress/StateAbbreviationCd",211934,211934,"2017v2.0, 2017v2.2, 2017v2.3"
"/Return/ReturnData/IRS990/USAddress/AddressLine1Txt",211934,211934,"2017v2.2, 2017v2.3, 2017v2.0"
"/Return/ReturnData/IRS990/PYSalariesCompEmpBnftPaidAmt",209226,209226,"2017v2.2, 2017v2.3, 2017v2.0"
"/Return/ReturnData/IRS990/InvestmentIncomeGrp",207353,207353,"2017v2.2, 2017v2.3, 2017v2.0"
"/Return/ReturnData/IRS990/InvestmentIncomeGrp/TotalRevenueColumnAmt",207351,207351,"2017v2.0, 2017v2.2, 2017v2.3"
"/Return/ReturnData/IRS990EZ/ProgramSrvcAccomplishmentGrp/DescriptionProgramSrvcAccomTxt",207324,139144,"2017v2.2, 2017v2.0, 2017v2.3"
"/Return/ReturnData/IRS990EZ/ProgramSrvcAccomplishmentGrp",207324,139144,"2017v2.2, 2017v2.0, 2017v2.3"
"/Return/ReturnData/IRS990/InsuranceGrp",206078,206078,"2017v2.3, 2017v2.0, 2017v2.2"
"/Return/ReturnData/IRS990/InsuranceGrp/TotalAmt",206077,206077,"2017v2.0, 2017v2.3, 2017v2.2"
"/Return/ReturnData/IRS990/PYProgramServiceRevenueAmt",204851,204851,"2017v2.0, 2017v2.3, 2017v2.2"
"/Return/ReturnData/IRS990/LobbyingActivitiesInd",204837,204837,"2017v2.3, 2017v2.2, 2017v2.0"
"/Return/ReturnData/IRS990ScheduleJ/RltdOrgOfficerTrstKeyEmplGrp/NontaxableBenefitsFilingOrgAmt",204213,48192,"2017v2.3, 2017v2.2, 2017v2.0"
"/Return/ReturnData/IRS990ScheduleJ/RltdOrgOfficerTrstKeyEmplGrp/DeferredCompensationFlngOrgAmt",202358,47651,"2017v2.0, 2017v2.3, 2017v2.2"
"/Return/ReturnData/IRS990/OrganizationFollowsSFAS117Ind",201415,201415,"2017v2.3, 2017v2.0, 2017v2.2"
"/Return/ReturnData/IRS990/LandBldgEquipBasisNetGrp",200576,200576,"2017v2.2, 2017v2.3, 2017v2.0"
"/Return/ReturnData/IRS990/Organization501c3Ind",199627,199627,"2017v2.3, 2017v2.2, 2017v2.0"
"/Return/ReturnData/IRS990/UnrestrictedNetAssetsGrp",199454,199454,"2017v2.2, 2017v2.3, 2017v2.0"
"/Return/ReturnData/IRS990/UnrestrictedNetAssetsGrp/EOYAmt",198635,198635,"2017v2.3, 2017v2.2, 2017v2.0"
"/Return/ReturnData/IRS990/LandBldgEquipBasisNetGrp/EOYAmt",197753,197753,"2017v2.2, 2017v2.0, 2017v2.3"
"/Return/ReturnData/IRS990/UnrestrictedNetAssetsGrp/BOYAmt",197578,197578,"2017v2.0, 2017v2.3, 2017v2.2"
"/Return/ReturnData/IRS990ScheduleD/SupplementalInformationDetail",197298,95481,"2017v2.0, 2017v2.3, 2017v2.2"
"/Return/ReturnData/IRS990ScheduleD/SupplementalInformationDetail/FormAndLineReferenceDesc",197284,95481,"2017v2.0, 2017v2.2, 2017v2.3"
"/Return/ReturnData/IRS990ScheduleD/SupplementalInformationDetail/ExplanationTxt",197242,95456,"2017v2.0, 2017v2.2, 2017v2.3"
"/Return/ReturnData/IRS990ScheduleJ/RltdOrgOfficerTrstKeyEmplGrp/TotalCompensationRltdOrgsAmt",196313,45979,"2017v2.3, 2017v2.2, 2017v2.0"
"/Return/ReturnData/IRS990/TotalRevenueGrp/ExclusionAmt",195704,195704,"2017v2.2, 2017v2.3, 2017v2.0"
"/Return/ReturnData/IRS990ScheduleD/TotalBookValueLandBuildingsAmt",195281,195281,"2017v2.2, 2017v2.3, 2017v2.0"
"/Return/ReturnData/IRS990ScheduleJ/RltdOrgOfficerTrstKeyEmplGrp/CompensationBasedOnRltdOrgsAmt",195218,45784,"2017v2.0, 2017v2.3, 2017v2.2"
"/Return/ReturnData/IRS990/PYOtherRevenueAmt",194723,194723,"2017v2.3, 2017v2.0, 2017v2.2"
"/Return/ReturnData/IRS990ScheduleJ/RltdOrgOfficerTrstKeyEmplGrp/NontaxableBenefitsRltdOrgsAmt",193940,44902,"2017v2.3, 2017v2.0, 2017v2.2"
"/Return/ReturnData/IRS990/TotalProgramServiceRevenueAmt",193295,193295,"2017v2.2, 2017v2.0, 2017v2.3"
"/Return/ReturnData/IRS990ScheduleJ/RltdOrgOfficerTrstKeyEmplGrp/DeferredCompRltdOrgsAmt",193143,44590,"2017v2.0, 2017v2.3, 2017v2.2"
"/Return/ReturnData/IRS990/TotalVolunteersCnt",192585,192585,"2017v2.3, 2017v2.0, 2017v2.2"
"/Return/ReturnData/IRS990/TotalReportableCompFromOrgAmt",192372,192372,"2017v2.3, 2017v2.0, 2017v2.2"
"/Return/ReturnData/IRS990ScheduleJ/RltdOrgOfficerTrstKeyEmplGrp/OtherCompensationFilingOrgAmt",192216,43996,"2017v2.2, 2017v2.3, 2017v2.0"
"/Return/ReturnData/IRS990ScheduleJ/RltdOrgOfficerTrstKeyEmplGrp/BonusFilingOrganizationAmount",191900,44340,"2017v2.2, 2017v2.3, 2017v2.0"
"/Return/ReturnData/IRS990/DepreciationDepletionGrp",189998,189998,"2017v2.3, 2017v2.2, 2017v2.0"
"/Return/ReturnData/IRS990/DepreciationDepletionGrp/TotalAmt",189974,189974,"2017v2.3, 2017v2.2, 2017v2.0"
"/Return/ReturnData/IRS990ScheduleD/OtherLiabilitiesOrgGrp",189926,102378,"2017v2.3, 2017v2.0, 2017v2.2"
"/Return/ReturnData/IRS990/LandBldgEquipCostOrOtherBssAmt",189626,189626,"2017v2.0, 2017v2.3, 2017v2.2"
"/Return/ReturnData/IRS990ScheduleD/OtherLiabilitiesOrgGrp/Desc",189513,102072,"2017v2.2, 2017v2.0, 2017v2.3"
"/Return/ReturnData/IRS990ScheduleJ/RltdOrgOfficerTrstKeyEmplGrp/OtherCompensationRltdOrgsAmt",188815,43200,"2017v2.2, 2017v2.0, 2017v2.3"
"/Return/ReturnData/IRS990/OccupancyGrp",187704,187704,"2017v2.0, 2017v2.3, 2017v2.2"
"/Return/ReturnData/IRS990/OccupancyGrp/TotalAmt",187703,187703,"2017v2.3, 2017v2.0, 2017v2.2"
"/Return/ReturnData/IRS990ScheduleJ/RltdOrgOfficerTrstKeyEmplGrp/BonusRelatedOrganizationsAmt",187634,42942,"2017v2.0, 2017v2.3, 2017v2.2"
"/Return/ReturnData/IRS990/LandBldgEquipBasisNetGrp/BOYAmt",185482,185482,"2017v2.2, 2017v2.3, 2017v2.0"
"/Return/ReturnData/IRS990/TrnsfrExmptNonChrtblRltdOrgInd",185146,185146,"2017v2.3, 2017v2.0, 2017v2.2"
"/Return/ReturnData/IRS990/RegularMonitoringEnfrcInd",184180,184180,"2017v2.3, 2017v2.0, 2017v2.2"
"/Return/ReturnData/IRS990/OtherSalariesAndWagesGrp",184113,184113,"2017v2.2, 2017v2.0, 2017v2.3"
"/Return/ReturnData/IRS990/OtherSalariesAndWagesGrp/TotalAmt",184112,184112,"2017v2.3, 2017v2.2, 2017v2.0"
"/Return/ReturnData/IRS990/AnnualDisclosureCoveredPrsnInd",183854,183854,"2017v2.2, 2017v2.3, 2017v2.0"
"/Return/ReturnData/IRS990/IndivRcvdGreaterThan100KCnt",183790,183790,"2017v2.3, 2017v2.0, 2017v2.2"
"/Return/ReturnData/IRS990/QuidProQuoContributionsInd",183297,183297,"2017v2.3, 2017v2.0, 2017v2.2"
"/Return/ReturnData/IRS990/Form8282PropertyDisposedOfInd",182932,182932,"2017v2.2, 2017v2.0, 2017v2.3"
"/Return/ReturnData/IRS990/PayrollTaxesGrp",182373,182373,"2017v2.2, 2017v2.3, 2017v2.0"
"/Return/ReturnData/IRS990/PayrollTaxesGrp/TotalAmt",182372,182372,"2017v2.2, 2017v2.3, 2017v2.0"
"/Return/ReturnData/IRS990ScheduleJ/RltdOrgOfficerTrstKeyEmplGrp/CompReportPrior990FilingOrgAmt",182339,41562,"2017v2.0, 2017v2.2, 2017v2.3"
"/Return/ReturnData/IRS990ScheduleJ/RltdOrgOfficerTrstKeyEmplGrp/CompReportPrior990RltdOrgsAmt",182033,41515,"2017v2.3, 2017v2.2, 2017v2.0"
"/Return/ReturnData/IRS990/EmploymentTaxReturnsFiledInd",181950,181950,"2017v2.3, 2017v2.0, 2017v2.2"
"/Return/ReturnData/IRS990/LandBldgEquipAccumDeprecAmt",181699,181699,"2017v2.2, 2017v2.3, 2017v2.0"
"/Return/ReturnData/IRS990ScheduleR/IdRelatedOrgTxblPartnershipGrp",180874,10784,"2017v2.2, 2017v2.3, 2017v2.0"
"/Return/ReturnData/IRS990ScheduleR/IdRelatedOrgTxblPartnershipGrp/RelatedOrganizationName/BusinessNameLine1Txt",180863,10783,"2017v2.3, 2017v2.0, 2017v2.2"
"/Return/ReturnData/IRS990ScheduleR/IdRelatedOrgTxblPartnershipGrp/RelatedOrganizationName",180863,10783,"2017v2.3, 2017v2.0, 2017v2.2"
"/Return/ReturnData/IRS990ScheduleD/OtherLiabilitiesOrgGrp/Amt",179481,96938,"2017v2.0, 2017v2.3, 2017v2.2"
"/Return/ReturnData/IRS990/AccountsPayableAccrExpnssGrp",179459,179459,"2017v2.0, 2017v2.3, 2017v2.2"
"/Return/ReturnData/IRS990/AllOtherContributionsAmt",176049,176049,"2017v2.0, 2017v2.2, 2017v2.3"
"/Return/ReturnData/IRS990ScheduleR/IdRelatedOrgTxblPartnershipGrp/PrimaryActivitiesTxt",175890,10284,"2017v2.0, 2017v2.3, 2017v2.2"
"/Return/ReturnData/IRS990/AllOtherExpensesGrp",175077,175077,"2017v2.3, 2017v2.0, 2017v2.2"
"/Return/ReturnData/IRS990/AllOtherExpensesGrp/TotalAmt",174961,174961,"2017v2.3, 2017v2.2, 2017v2.0"
"/Return/ReturnData/IRS990ScheduleR/IdRelatedOrgTxblPartnershipGrp/USAddress",174860,10305,"2017v2.0, 2017v2.3, 2017v2.2"
"/Return/ReturnData/IRS990ScheduleR/IdRelatedOrgTxblPartnershipGrp/USAddress/CityNm",174860,10305,"2017v2.0, 2017v2.2, 2017v2.3"
"/Return/ReturnData/IRS990ScheduleR/IdRelatedOrgTxblPartnershipGrp/USAddress/ZIPCd",174860,10305,"2017v2.0, 2017v2.3, 2017v2.2"
"/Return/ReturnData/IRS990ScheduleR/IdRelatedOrgTxblPartnershipGrp/USAddress/StateAbbreviationCd",174860,10305,"2017v2.2, 2017v2.3, 2017v2.0"
"/Return/ReturnData/IRS990ScheduleR/IdRelatedOrgTxblPartnershipGrp/USAddress/AddressLine1Txt",174860,10305,"2017v2.0, 2017v2.2, 2017v2.3"
"/Return/ReturnData/IRS990ScheduleR/IdRelatedOrgTxblPartnershipGrp/LegalDomicileStateCd",174367,10302,"2017v2.2, 2017v2.0, 2017v2.3"
"/Return/ReturnData/IRS990/AccountsPayableAccrExpnssGrp/EOYAmt",173303,173303,"2017v2.2, 2017v2.0, 2017v2.3"
"/Return/ReturnData/IRS990ScheduleR/IdRelatedOrgTxblPartnershipGrp/EIN",173086,10056,"2017v2.2, 2017v2.0, 2017v2.3"
"/Return/ReturnData/IRS990/AccountsPayableAccrExpnssGrp/BOYAmt",171407,171407,"2017v2.3, 2017v2.2, 2017v2.0"
"/Return/ReturnData/IRS990/MethodOfAccountingAccrualInd",171376,171376,"2017v2.0, 2017v2.3, 2017v2.2"
"/Return/ReturnData/IRS990/SavingsAndTempCashInvstGrp",169201,169201,"2017v2.0, 2017v2.3, 2017v2.2"
"/Return/ReturnData/IRS990ScheduleB",166313,166313,"2017v2.2, 2017v2.3, 2017v2.0"
"/Return/ReturnData/IRS990ScheduleR/IdRelatedOrgTxblCorpTrGrp/ControlledOrganizationInd",165847,17292,"2017v2.2, 2017v2.0, 2017v2.3"
"/Return/ReturnData/IRS990/SavingsAndTempCashInvstGrp/EOYAmt",165608,165608,"2017v2.2, 2017v2.3, 2017v2.0"
"/Return/ReturnData/IRS990/BackupWthldComplianceInd",164241,164241,"2017v2.3, 2017v2.0, 2017v2.2"
"/Return/ReturnData/IRS990/TravelGrp",163685,163685,"2017v2.2, 2017v2.3, 2017v2.0"
"/Return/ReturnData/IRS990/TravelGrp/TotalAmt",163684,163684,"2017v2.2, 2017v2.3, 2017v2.0"
"/Return/ReturnData/IRS990/OtherExpensesGrp/FundraisingAmt",163143,68850,"2017v2.2, 2017v2.3, 2017v2.0"
"/Return/ReturnData/IRS990/AdvertisingGrp",161240,161240,"2017v2.0, 2017v2.3, 2017v2.2"
"/Return/ReturnData/IRS990/AdvertisingGrp/TotalAmt",161240,161240,"2017v2.2, 2017v2.3, 2017v2.0"
"/Return/ReturnData/IRS990ScheduleR/IdRelatedOrgTxblCorpTrGrp/PrimaryActivitiesTxt",160671,17588,"2017v2.3, 2017v2.2, 2017v2.0"
"/Return/ReturnData/IRS990/CntrctRcvdGreaterThan100KCnt",159440,159440,"2017v2.3, 2017v2.2, 2017v2.0"
"/Return/ReturnData/IRS990/BooksInCareOfDetail/PersonNm",159007,159007,"2017v2.2, 2017v2.3, 2017v2.0"
"/Return/ReturnData/IRS990/FeesForServicesOtherGrp",157084,157084,"2017v2.0, 2017v2.2, 2017v2.3"
"/Return/ReturnData/IRS990/FeesForServicesOtherGrp/TotalAmt",157078,157078,"2017v2.2, 2017v2.0, 2017v2.3"
"/Return/ReturnData/IRS990/TotalOtherCompensationAmt",155148,155148,"2017v2.0, 2017v2.3, 2017v2.2"
"/Return/ReturnData/IRS990ScheduleA/PublicSupportTotal170Amt",154477,154477,"2017v2.0, 2017v2.2, 2017v2.3"
"/Return/ReturnData/IRS990/PayPremiumsPrsnlBnftCntrctInd",153262,153262,"2017v2.0, 2017v2.2, 2017v2.3"
"/Return/ReturnData/IRS990/RcvFndsToPayPrsnlBnftCntrctInd",153168,153168,"2017v2.0, 2017v2.3, 2017v2.2"
"/Return/ReturnData/IRS990/CompCurrentOfcrDirectorsGrp",151360,151360,"2017v2.2, 2017v2.0, 2017v2.3"
"/Return/ReturnData/IRS990/CompCurrentOfcrDirectorsGrp/TotalAmt",151359,151359,"2017v2.3, 2017v2.2, 2017v2.0"
"/Return/ReturnData/IRS990/FeesForServicesAccountingGrp/ManagementAndGeneralAmt",150402,150402,"2017v2.3, 2017v2.0, 2017v2.2"
"/Return/ReturnData/IRS990/AccountsReceivableGrp",150091,150091,"2017v2.2, 2017v2.0, 2017v2.3"
"/Return/ReturnData/IRS990/PYGrantsAndSimilarPaidAmt",148496,148496,"2017v2.2, 2017v2.0, 2017v2.3"
"/Return/ReturnData/IRS990ScheduleD/EquipmentGrp",148466,148466,"2017v2.2, 2017v2.0, 2017v2.3"
"/Return/ReturnData/IRS990ScheduleA/InvestmentIncomeCYPct",148100,148100,"2017v2.2, 2017v2.3, 2017v2.0"
"/Return/ReturnData/IRS990/OfficeExpensesGrp/ManagementAndGeneralAmt",148071,148071,"2017v2.3, 2017v2.0, 2017v2.2"
"/Return/ReturnData/IRS990ScheduleA/PublicSupportCY509Pct",147928,147928,"2017v2.2, 2017v2.3, 2017v2.0"
"/Return/ReturnData/IRS990ScheduleA/PublicSupportTotal509Amt",147812,147812,"2017v2.3, 2017v2.0, 2017v2.2"
"/Return/ReturnData/IRS990ScheduleA/PublicSupportCY170Pct",147796,147796,"2017v2.3, 2017v2.2, 2017v2.0"
"/Return/ReturnData/IRS990/PrepaidExpensesDefrdChargesGrp",146889,146889,"2017v2.2, 2017v2.3, 2017v2.0"
"/Return/ReturnData/IRS990/OtherRevenueMiscGrp",146663,96883,"2017v2.3, 2017v2.0, 2017v2.2"
"/Return/ReturnData/IRS990/SavingsAndTempCashInvstGrp/BOYAmt",146394,146394,"2017v2.3, 2017v2.2, 2017v2.0"
"/Return/ReturnData/IRS990/OtherEmployeeBenefitsGrp",146314,146314,"2017v2.3, 2017v2.0, 2017v2.2"
"/Return/ReturnData/IRS990/OtherEmployeeBenefitsGrp/TotalAmt",146312,146312,"2017v2.2, 2017v2.0, 2017v2.3"
"/Return/ReturnData/IRS990/AuditCommitteeInd",144599,144599,"2017v2.3, 2017v2.2, 2017v2.0"
"/Return/ReturnData/IRS990/AccountsReceivableGrp/EOYAmt",144521,144521,"2017v2.2, 2017v2.3, 2017v2.0"
"/Return/ReturnData/IRS990/OtherRevenueMiscGrp/Desc",144458,96106,"2017v2.2, 2017v2.3, 2017v2.0"
"/Return/ReturnData/IRS990/OtherRevenueMiscGrp/TotalRevenueColumnAmt",144345,95534,"2017v2.2, 2017v2.0, 2017v2.3"
"/Return/ReturnData/IRS990/OtherChangesInNetAssetsAmt",143707,143707,"2017v2.0, 2017v2.2, 2017v2.3"
"/Return/ReturnData/IRS990/ConferencesMeetingsGrp",143397,143397,"2017v2.2, 2017v2.0, 2017v2.3"
"/Return/ReturnData/IRS990/ConferencesMeetingsGrp/TotalAmt",143394,143394,"2017v2.0, 2017v2.3, 2017v2.2"
"/Return/ReturnData/IRS990/PrepaidExpensesDefrdChargesGrp/EOYAmt",142000,142000,"2017v2.0, 2017v2.2, 2017v2.3"
"/Return/ReturnData/IRS990/TotReportableCompRltdOrgAmt",140806,140806,"2017v2.3, 2017v2.2, 2017v2.0"
"/Return/ReturnData/IRS990ScheduleD/EquipmentGrp/DepreciationAmt",139676,139676,"2017v2.2, 2017v2.3, 2017v2.0"
"/Return/ReturnData/IRS990EZ/TanningServicesProvidedInd",139144,139144,"2017v2.2, 2017v2.3, 2017v2.0"
"/Return/ReturnData/IRS990EZ/ChgMadeToOrgnzngDocNotRptInd",139144,139144,"2017v2.0, 2017v2.3, 2017v2.2"
"/Return/ReturnData/IRS990EZ/OrganizationDissolvedEtcInd",139144,139144,"2017v2.0, 2017v2.3, 2017v2.2"
"/Return/ReturnData/IRS990EZ/RelatedOrganizationCtrlEntInd",139144,139144,"2017v2.2, 2017v2.0, 2017v2.3"
"/Return/ReturnData/IRS990EZ/DonorAdvisedFndsInd",139144,139144,"2017v2.2, 2017v2.0, 2017v2.3"
"/Return/ReturnData/IRS990EZ/NetAssetsOrFundBalancesGrp/EOYAmt",139144,139144,"2017v2.0, 2017v2.3, 2017v2.2"
"/Return/ReturnData/IRS990EZ/BooksInCareOfDetail/PhoneNum",139144,139144,"2017v2.0, 2017v2.3, 2017v2.2"
"/Return/ReturnData/IRS990EZ",139144,139144,"2017v2.2, 2017v2.0, 2017v2.3"
"/Return/ReturnData/IRS990EZ/Form990TotalAssetsGrp/EOYAmt",139144,139144,"2017v2.2, 2017v2.0, 2017v2.3"
"/Return/ReturnData/IRS990EZ/NetAssetsOrFundBalancesGrp",139144,139144,"2017v2.0, 2017v2.3, 2017v2.2"
"/Return/ReturnData/IRS990EZ/PrimaryExemptPurposeTxt",139144,139144,"2017v2.2, 2017v2.0, 2017v2.3"
"/Return/ReturnData/IRS990EZ/SubjectToProxyTaxInd",139144,139144,"2017v2.3, 2017v2.0, 2017v2.2"
"/Return/ReturnData/IRS990EZ/Form990TotalAssetsGrp/BOYAmt",139144,139144,"2017v2.0, 2017v2.2, 2017v2.3"
"/Return/ReturnData/IRS990EZ/ActivitiesNotPreviouslyRptInd",139144,139144,"2017v2.0, 2017v2.2, 2017v2.3"
"/Return/ReturnData/IRS990EZ/NetAssetsOrFundBalancesGrp/BOYAmt",139144,139144,"2017v2.2, 2017v2.3, 2017v2.0"
"/Return/ReturnData/IRS990EZ/MadeLoansToFromOfficersInd",139144,139144,"2017v2.3, 2017v2.2, 2017v2.0"
"/Return/ReturnData/IRS990EZ/BooksInCareOfDetail",139144,139144,"2017v2.3, 2017v2.0, 2017v2.2"
"/Return/ReturnData/IRS990EZ/Form990TotalAssetsGrp",139144,139144,"2017v2.3, 2017v2.0, 2017v2.2"
"/Return/ReturnData/IRS990EZ/OperateHospitalInd",139144,139144,"2017v2.3, 2017v2.0, 2017v2.2"
"/Return/ReturnData/IRS990EZ/OrganizationHadUBIInd",139144,139144,"2017v2.0, 2017v2.3, 2017v2.2"
"/Return/ReturnData/IRS990/TotalRevenueGrp/UnrelatedBusinessRevenueAmt",138988,138988,"2017v2.0, 2017v2.2, 2017v2.3"
"/Return/ReturnData/IRS990EZ/BooksInCareOfDetail/USAddress/ZIPCd",138976,138976,"2017v2.3, 2017v2.2, 2017v2.0"
"/Return/ReturnData/IRS990EZ/BooksInCareOfDetail/USAddress/CityNm",138976,138976,"2017v2.2, 2017v2.0, 2017v2.3"
"/Return/ReturnData/IRS990EZ/BooksInCareOfDetail/USAddress",138976,138976,"2017v2.2, 2017v2.3, 2017v2.0"
"/Return/ReturnData/IRS990EZ/BooksInCareOfDetail/USAddress/StateAbbreviationCd",138976,138976,"2017v2.0, 2017v2.2, 2017v2.3"
"/Return/ReturnData/IRS990EZ/BooksInCareOfDetail/USAddress/AddressLine1Txt",138976,138976,"2017v2.0, 2017v2.3, 2017v2.2"
"/Return/ReturnData/IRS990ScheduleI/RecipientTable/ValuationMethodUsedDesc",137658,7051,"2017v2.2, 2017v2.3, 2017v2.0"
"/Return/ReturnData/IRS990EZ/TotalRevenueAmt",136989,136989,"2017v2.3, 2017v2.0, 2017v2.2"
"/Return/ReturnData/IRS990EZ/ForeignFinancialAccountInd",136751,136751,"2017v2.3, 2017v2.0, 2017v2.2"
"/Return/ReturnData/IRS990EZ/ForeignOfficeInd",136651,136651,"2017v2.2, 2017v2.0, 2017v2.3"
"/Return/ReturnData/IRS990/NetUnrelatedBusTxblIncmAmt",136466,136466,"2017v2.0, 2017v2.3, 2017v2.2"
"/Return/ReturnData/IRS990ScheduleD/EquipmentGrp/BookValueAmt",136399,136399,"2017v2.0, 2017v2.3, 2017v2.2"
"/Return/ReturnData/IRS990EZ/TotalExpensesAmt",136081,136081,"2017v2.2, 2017v2.0, 2017v2.3"
"/Return/ReturnData/IRS990EZ/NetAssetsOrFundBalancesEOYAmt",136044,136044,"2017v2.2, 2017v2.3, 2017v2.0"
"/Return/ReturnData/IRS990EZ/ExcessOrDeficitForYearAmt",135998,135998,"2017v2.2, 2017v2.0, 2017v2.3"
"/Return/ReturnData/IRS990EZ/GrossReceiptsAmt",135972,135972,"2017v2.0, 2017v2.3, 2017v2.2"
"/Return/ReturnData/IRS990EZ/CashSavingsAndInvestmentsGrp",135771,135771,"2017v2.3, 2017v2.0, 2017v2.2"
"/Return/ReturnData/IRS990EZ/ProhibitedTaxShelterTransInd",135350,135350,"2017v2.2, 2017v2.3, 2017v2.0"
"/Return/ReturnData/IRS990EZ/ProgramSrvcAccomplishmentGrp/ProgramServiceExpensesAmt",135300,90519,"2017v2.0, 2017v2.2, 2017v2.3"
"/Return/ReturnData/IRS990/OfficeExpensesGrp/ProgramServicesAmt",135184,135184,"2017v2.2, 2017v2.0, 2017v2.3"
"/Return/ReturnData/IRS990/OtherSalariesAndWagesGrp/ProgramServicesAmt",134493,134493,"2017v2.0, 2017v2.3, 2017v2.2"
"/Return/ReturnData/IRS990ScheduleA/PubliclySupportedOrg509a2Ind",134130,134130,"2017v2.0, 2017v2.3, 2017v2.2"
"/Return/ReturnData/IRS990EZ/PoliticalCampaignActyInd",134120,134120,"2017v2.3, 2017v2.0, 2017v2.2"
"/Return/ReturnData/IRS990EZ/CashSavingsAndInvestmentsGrp/EOYAmt",133953,133953,"2017v2.3, 2017v2.2, 2017v2.0"
"/Return/ReturnData/IRS990/OtherRevenueTotalAmt",133892,133892,"2017v2.2, 2017v2.3, 2017v2.0"
"/Return/ReturnData/IRS990/RevenueAmt",133744,133744,"2017v2.2, 2017v2.3, 2017v2.0"
"/Return/ReturnData/IRS990ScheduleA/TotalSupportCalendarYearGrp",133417,133417,"2017v2.2, 2017v2.0, 2017v2.3"
"/Return/ReturnData/IRS990ScheduleA/TotalSupportCalendarYearGrp/TotalAmt",133145,133145,"2017v2.2, 2017v2.3, 2017v2.0"
"/Return/ReturnData/IRS990EZ/NetAssetsOrFundBalancesBOYAmt",132940,132940,"2017v2.2, 2017v2.0, 2017v2.3"
"/Return/ReturnData/IRS990EZ/CashSavingsAndInvestmentsGrp/BOYAmt",132879,132879,"2017v2.2, 2017v2.0, 2017v2.3"
"/Return/ReturnData/IRS990ScheduleA/Total509Grp",132797,132797,"2017v2.2, 2017v2.3, 2017v2.0"
"/Return/ReturnData/IRS990/InvestmentIncomeGrp/ExclusionAmt",132764,132764,"2017v2.2, 2017v2.3, 2017v2.0"
"/Return/ReturnData/IRS990ScheduleA/Total509Grp/TotalAmt",132730,132730,"2017v2.2, 2017v2.3, 2017v2.0"
"/Return/ReturnData/IRS990/OtherAssetsTotalGrp",132050,132050,"2017v2.2, 2017v2.0, 2017v2.3"
"/Return/ReturnData/IRS990ScheduleD/EquipmentGrp/OtherCostOrOtherBasisAmt",131985,131985,"2017v2.2, 2017v2.0, 2017v2.3"
"/Return/ReturnData/IRS990/PayrollTaxesGrp/ProgramServicesAmt",131364,131364,"2017v2.0, 2017v2.2, 2017v2.3"
"/Return/ReturnData/IRS990ScheduleR/IdRelatedOrgTxblCorpTrGrp/LegalDomicileStateCd",130486,17218,"2017v2.3, 2017v2.2, 2017v2.0"
"/Return/ReturnData/IRS990EZ/InfoInScheduleOPartIInd",130324,130324,"2017v2.2, 2017v2.0, 2017v2.3"
"/Return/ReturnData/IRS990EZ/OtherExpensesTotalAmt",130113,130113,"2017v2.0, 2017v2.2, 2017v2.3"
"/Return/ReturnData/IRS990ScheduleA/TotalSupportAmt",129889,129889,"2017v2.2, 2017v2.0, 2017v2.3"
"/Return/ReturnData/IRS990ScheduleA/GiftsGrantsContriRcvd170Grp",129433,129433,"2017v2.3, 2017v2.0, 2017v2.2"
"/Return/ReturnData/IRS990ScheduleA/GiftsGrantsContriRcvd170Grp/TotalAmt",129083,129083,"2017v2.2, 2017v2.0, 2017v2.3"
"/Return/ReturnData/IRS990/OccupancyGrp/ProgramServicesAmt",129080,129080,"2017v2.3, 2017v2.2, 2017v2.0"
"/Return/ReturnData/IRS990ScheduleA/TotalCalendarYear170Grp",129053,129053,"2017v2.0, 2017v2.2, 2017v2.3"
"/Return/ReturnData/IRS990ScheduleA/TotalCalendarYear170Grp/TotalAmt",128761,128761,"2017v2.0, 2017v2.2, 2017v2.3"
"/Return/ReturnData/IRS990ScheduleA/Total509Grp/CurrentTaxYearAmt",128633,128633,"2017v2.0, 2017v2.3, 2017v2.2"
"/Return/ReturnData/IRS990/OtherAssetsTotalGrp/EOYAmt",128223,128223,"2017v2.0, 2017v2.3, 2017v2.2"
"/Return/ReturnData/IRS990/AllOtherExpensesGrp/ProgramServicesAmt",128060,128060,"2017v2.3, 2017v2.0, 2017v2.2"
"/Return/ReturnData/IRS990/InsuranceGrp/ProgramServicesAmt",127591,127591,"2017v2.0, 2017v2.2, 2017v2.3"
"/Return/ReturnData/IRS990/DepreciationDepletionGrp/ProgramServicesAmt",125786,125786,"2017v2.3, 2017v2.2, 2017v2.0"
"/Return/ReturnData/IRS990/FeesForServicesLegalGrp",125418,125418,"2017v2.2, 2017v2.0, 2017v2.3"
"/Return/ReturnData/IRS990/FeesForServicesLegalGrp/TotalAmt",125417,125417,"2017v2.2, 2017v2.0, 2017v2.3"
"/Return/ReturnData/IRS990ScheduleA/GiftsGrantsContriRcvd170Grp/CurrentTaxYearAmt",125192,125192,"2017v2.2, 2017v2.0, 2017v2.3"
"/Return/ReturnData/IRS990ScheduleA/TotalCalendarYear170Grp/CurrentTaxYearAmt",125111,125111,"2017v2.0, 2017v2.3, 2017v2.2"
"/Return/ReturnData/IRS990ScheduleA/GiftsGrantsContrisRcvd509Grp",124909,124909,"2017v2.3, 2017v2.2, 2017v2.0"
"/Return/ReturnData/IRS990ScheduleA/GiftsGrantsContrisRcvd509Grp/TotalAmt",124752,124752,"2017v2.2, 2017v2.3, 2017v2.0"
"/Return/ReturnData/IRS990ScheduleA/Total509Grp/CurrentTaxYearMinus1YearAmt",124308,124308,"2017v2.2, 2017v2.3, 2017v2.0"
"/Return/ReturnData/IRS990ScheduleA/PublicOrganization170Ind",124009,124009,"2017v2.0, 2017v2.3, 2017v2.2"
"/Return/ReturnData/IRS990ScheduleR/IdRelatedOrgTxblCorpTrGrp/USAddress/StateAbbreviationCd",123623,16561,"2017v2.0, 2017v2.3, 2017v2.2"
"/Return/ReturnData/IRS990ScheduleR/IdRelatedOrgTxblCorpTrGrp/USAddress/AddressLine1Txt",123623,16561,"2017v2.0, 2017v2.2, 2017v2.3"
"/Return/ReturnData/IRS990ScheduleR/IdRelatedOrgTxblCorpTrGrp/USAddress",123623,16561,"2017v2.3, 2017v2.0, 2017v2.2"
"/Return/ReturnData/IRS990ScheduleR/IdRelatedOrgTxblCorpTrGrp/USAddress/CityNm",123623,16561,"2017v2.3, 2017v2.2, 2017v2.0"
"/Return/ReturnData/IRS990ScheduleR/IdRelatedOrgTxblCorpTrGrp/USAddress/ZIPCd",123623,16561,"2017v2.0, 2017v2.2, 2017v2.3"
"/Return/ReturnData/IRS990/InsuranceGrp/ManagementAndGeneralAmt",123437,123437,"2017v2.2, 2017v2.3, 2017v2.0"
"/Return/ReturnData/IRS990ScheduleR/IdRelatedOrgTxblCorpTrGrp/EntityTypeTxt",123236,16471,"2017v2.0, 2017v2.3, 2017v2.2"
"/Return/ReturnData/IRS990EZ/WebsiteAddressTxt",122066,122066,"2017v2.2, 2017v2.0, 2017v2.3"
"/Return/ReturnData/IRS990ScheduleA/TotalCalendarYear170Grp/CurrentTaxYearMinus1YearAmt",122019,122019,"2017v2.3, 2017v2.2, 2017v2.0"
"/Return/ReturnData/IRS990ScheduleA/GiftsGrantsContriRcvd170Grp/CurrentTaxYearMinus1YearAmt",121772,121772,"2017v2.2, 2017v2.3, 2017v2.0"
"/Return/ReturnData/IRS990/InformationTechnologyGrp",121549,121549,"2017v2.2, 2017v2.3, 2017v2.0"
"/Return/ReturnData/IRS990/InformationTechnologyGrp/TotalAmt",121548,121548,"2017v2.3, 2017v2.2, 2017v2.0"
"/Return/ReturnData/IRS990ScheduleR/IdRelatedOrgTxblCorpTrGrp/EIN",120816,16136,"2017v2.0, 2017v2.3, 2017v2.2"
"/Return/ReturnData/IRS990ScheduleA/Total509Grp/CurrentTaxYearMinus2YearsAmt",119568,119568,"2017v2.2, 2017v2.3, 2017v2.0"
"/Return/ReturnData/IRS990/AccountsReceivableGrp/BOYAmt",119521,119521,"2017v2.0, 2017v2.2, 2017v2.3"
"/Return/ReturnData/IRS990/PYBenefitsPaidToMembersAmt",119344,119344,"2017v2.3, 2017v2.2, 2017v2.0"
"/Return/ReturnData/IRS990ScheduleA/TotalCalendarYear170Grp/CurrentTaxYearMinus2YearsAmt",118534,118534,"2017v2.3, 2017v2.2, 2017v2.0"
"/Return/ReturnData/IRS990ScheduleA/GrossInvestmentIncome170Grp",118509,118509,"2017v2.0, 2017v2.2, 2017v2.3"
"/Return/ReturnData/IRS990ScheduleA/GrossInvestmentIncome170Grp/TotalAmt",118120,118120,"2017v2.2, 2017v2.3, 2017v2.0"
"/Return/ReturnData/IRS990ScheduleA/GiftsGrantsContriRcvd170Grp/CurrentTaxYearMinus2YearsAmt",118025,118025,"2017v2.3, 2017v2.0, 2017v2.2"
"/Return/ReturnData/IRS990/PYTotalProfFndrsngExpnsAmt",117567,117567,"2017v2.3, 2017v2.0, 2017v2.2"
"/Return/ReturnData/IRS990/InterestGrp",116883,116883,"2017v2.3, 2017v2.0, 2017v2.2"
"/Return/ReturnData/IRS990/InterestGrp/TotalAmt",116882,116882,"2017v2.2, 2017v2.0, 2017v2.3"
"/Return/ReturnData/IRS990/PrepaidExpensesDefrdChargesGrp/BOYAmt",116616,116616,"2017v2.3, 2017v2.2, 2017v2.0"
"/Return/ReturnData/IRS990/FSAuditedBasisGrp",116525,116525,"2017v2.0, 2017v2.2, 2017v2.3"
"/Return/ReturnData/IRS990ScheduleR/IdRelatedOrgTxblPartnershipGrp/DirectControllingNACd",116403,5042,"2017v2.0, 2017v2.3, 2017v2.2"
"/Return/ReturnData/IRS990ScheduleA/GiftsGrantsContrisRcvd509Grp/CurrentTaxYearAmt",115823,115823,"2017v2.0, 2017v2.2, 2017v2.3"
"/Return/ReturnData/IRS990ScheduleA/TotalSupportCalendarYearGrp/CurrentTaxYearAmt",115700,115700,"2017v2.2, 2017v2.3, 2017v2.0"
"/Return/ReturnData/IRS990ScheduleA/ThirtyThrPctSuprtTestsCY509Ind",115290,115290,"2017v2.0, 2017v2.2, 2017v2.3"
"/Return/ReturnData/IRS990/NoListedPersonsCompensatedInd",114740,114740,"2017v2.0, 2017v2.3, 2017v2.2"
"/Return/ReturnData/IRS990ScheduleA/TotalCalendarYear170Grp/CurrentTaxYearMinus3YearsAmt",114727,114727,"2017v2.0, 2017v2.2, 2017v2.3"
"/Return/ReturnData/IRS990EZ/EngagedInExcessBenefitTransInd",114723,114723,"2017v2.3, 2017v2.2, 2017v2.0"
"/Return/ReturnData/IRS990ScheduleA/Total509Grp/CurrentTaxYearMinus3YearsAmt",114644,114644,"2017v2.3, 2017v2.0, 2017v2.2"
"/Return/ReturnData/IRS990ScheduleA/GiftsGrantsContriRcvd170Grp/CurrentTaxYearMinus3YearsAmt",114020,114020,"2017v2.3, 2017v2.0, 2017v2.2"
"/Return/ReturnData/IRS990EZ/PartVIOfCompOfHghstPdEmplTxt",113763,113763,"2017v2.2, 2017v2.0, 2017v2.3"
"/Return/ReturnData/IRS990/PayrollTaxesGrp/ManagementAndGeneralAmt",113035,113035,"2017v2.0, 2017v2.2, 2017v2.3"
"/Return/ReturnData/IRS990EZ/PartVIHghstPdCntrctProfSrvcTxt",112923,112923,"2017v2.0, 2017v2.2, 2017v2.3"
"/Return/ReturnData/IRS990EZ/TransactionWithControlEntInd",112645,112645,"2017v2.2, 2017v2.0, 2017v2.3"
"/Return/ReturnData/IRS990EZ/TypeOfOrganizationCorpInd",112051,112051,"2017v2.3, 2017v2.0, 2017v2.2"
"/Return/ReturnData/IRS990ScheduleA/TotalSupportCalendarYearGrp/CurrentTaxYearMinus1YearAmt",111954,111954,"2017v2.2, 2017v2.3, 2017v2.0"
"/Return/ReturnData/IRS990ScheduleA/ThirtyThrPctSuprtTestsCY170Ind",111798,111798,"2017v2.3, 2017v2.2, 2017v2.0"
"/Return/ReturnData/IRS990EZ/FiledScheduleAInd",111438,111438,"2017v2.2, 2017v2.0, 2017v2.3"
"/Return/ReturnData/IRS990/OtherLiabilitiesGrp",111196,111196,"2017v2.2, 2017v2.3, 2017v2.0"
"/Return/ReturnData/IRS990ScheduleA/TotalCalendarYear170Grp/CurrentTaxYearMinus4YearsAmt",110929,110929,"2017v2.0, 2017v2.2, 2017v2.3"
"/Return/ReturnData/IRS990EZ/TotalProgramServiceExpensesAmt",110887,110887,"2017v2.3, 2017v2.0, 2017v2.2"
"/Return/ReturnData/IRS990ScheduleA/GiftsGrantsContrisRcvd509Grp/CurrentTaxYearMinus1YearAmt",110760,110760,"2017v2.2, 2017v2.0, 2017v2.3"
"/Return/ReturnData/IRS990ScheduleA/PublicSupportPY509Pct",110537,110537,"2017v2.3, 2017v2.2, 2017v2.0"
"/Return/ReturnData/IRS990ScheduleA/TotalSupportCalendarYearGrp/CurrentTaxYearMinus2YearsAmt",110142,110142,"2017v2.3, 2017v2.0, 2017v2.2"
"/Return/ReturnData/IRS990ScheduleA/GiftsGrantsContriRcvd170Grp/CurrentTaxYearMinus4YearsAmt",110090,110090,"2017v2.0, 2017v2.3, 2017v2.2"
"/Return/ReturnData/IRS990EZ/BooksInCareOfDetail/PersonNm",109905,109905,"2017v2.3, 2017v2.0, 2017v2.2"
"/Return/ReturnData/IRS990ScheduleA/Total509Grp/CurrentTaxYearMinus4YearsAmt",109717,109717,"2017v2.2, 2017v2.3, 2017v2.0"
"/Return/ReturnData/IRS990/OtherSalariesAndWagesGrp/ManagementAndGeneralAmt",109674,109674,"2017v2.3, 2017v2.2, 2017v2.0"
"/Return/ReturnData/IRS990ScheduleR/TransactionsRelatedOrgGrp",109671,33349,"2017v2.3, 2017v2.0, 2017v2.2"
"/Return/ReturnData/IRS990ScheduleR/TransactionsRelatedOrgGrp/OtherOrganizationName",109535,33317,"2017v2.2, 2017v2.3, 2017v2.0"
"/Return/ReturnData/IRS990ScheduleR/TransactionsRelatedOrgGrp/OtherOrganizationName/BusinessNameLine1Txt",109535,33317,"2017v2.3, 2017v2.2, 2017v2.0"
"/Return/ReturnData/IRS990ScheduleR/TransactionsRelatedOrgGrp/TransactionTypeTxt",109114,33054,"2017v2.3, 2017v2.2, 2017v2.0"
"/Return/ReturnData/IRS990/PensionPlanContributionsGrp",108561,108561,"2017v2.2, 2017v2.3, 2017v2.0"
"/Return/ReturnData/IRS990/PensionPlanContributionsGrp/TotalAmt",108560,108560,"2017v2.2, 2017v2.0, 2017v2.3"
"/Return/ReturnData/IRS990/NetIncmFromFundraisingEvtGrp/TotalRevenueColumnAmt",108422,108422,"2017v2.3, 2017v2.2, 2017v2.0"
"/Return/ReturnData/IRS990/NetIncmFromFundraisingEvtGrp",108422,108422,"2017v2.3, 2017v2.2, 2017v2.0"
"/Return/ReturnData/IRS990EZ/MethodOfAccountingCashInd",108320,108320,"2017v2.2, 2017v2.0, 2017v2.3"
"/Return/ReturnData/IRS990EZ/ContributionsGiftsGrantsEtcAmt",108250,108250,"2017v2.3, 2017v2.0, 2017v2.2"
"/Return/ReturnData/IRS990/AllOtherExpensesGrp/ManagementAndGeneralAmt",108185,108185,"2017v2.0, 2017v2.2, 2017v2.3"
"/Return/ReturnData/IRS990ScheduleA/PublicSupportPY170Pct",107952,107952,"2017v2.2, 2017v2.0, 2017v2.3"
"/Return/ReturnData/IRS990/TravelGrp/ProgramServicesAmt",106089,106089,"2017v2.0, 2017v2.3, 2017v2.2"
"/Return/ReturnData/IRS990ScheduleA/GiftsGrantsContrisRcvd509Grp/CurrentTaxYearMinus2YearsAmt",106028,106028,"2017v2.3, 2017v2.0, 2017v2.2"
"/Return/ReturnData/IRS990EZ/Form1120PolFiledInd",105906,105906,"2017v2.0, 2017v2.3, 2017v2.2"
"/Return/ReturnData/IRS990/OtherLiabilitiesGrp/EOYAmt",105868,105868,"2017v2.0, 2017v2.3, 2017v2.2"
"/Return/ReturnData/IRS990EZ/Organization501c3Ind",105776,105776,"2017v2.0, 2017v2.2, 2017v2.3"
"/Return/ReturnData/IRS990/OtherLiabilitiesGrp/BOYAmt",105750,105750,"2017v2.0, 2017v2.3, 2017v2.2"
"/Return/ReturnData/IRS990/OtherRevenueMiscGrp/BusinessCd",105615,71168,"2017v2.0, 2017v2.3, 2017v2.2"
"/Return/ReturnData/IRS990EZ/SchoolOperatingInd",105444,105444,"2017v2.0, 2017v2.2, 2017v2.3"
"/Return/ReturnData/IRS990/NetGainOrLossInvestmentsGrp",104393,104393,"2017v2.2, 2017v2.3, 2017v2.0"
"/Return/ReturnData/IRS990/NetGainOrLossInvestmentsGrp/TotalRevenueColumnAmt",104388,104388,"2017v2.2, 2017v2.3, 2017v2.0"
"/Return/ReturnData/IRS990/OtherAssetsTotalGrp/BOYAmt",104120,104120,"2017v2.0, 2017v2.3, 2017v2.2"
"/Return/ReturnData/IRS990/InvestmentsPubTradedSecGrp",103961,103961,"2017v2.3, 2017v2.0, 2017v2.2"
"/Return/ReturnData/IRS990ScheduleA/TotalSupportCalendarYearGrp/CurrentTaxYearMinus3YearsAmt",103671,103671,"2017v2.2, 2017v2.0, 2017v2.3"
"/Return/ReturnData/IRS990ScheduleR/TransactionsRelatedOrgGrp/InvolvedAmt",103238,31381,"2017v2.3, 2017v2.0, 2017v2.2"
"/Return/ReturnData/IRS990EZ/ProgramSrvcAccomplishmentGrp/GrantsAndAllocationsAmt",103201,70922,"2017v2.3, 2017v2.0, 2017v2.2"
"/Return/ReturnData/IRS990ScheduleA/TotalSupportCalendarYearGrp/CurrentTaxYearMinus4YearsAmt",103120,103120,"2017v2.2, 2017v2.0, 2017v2.3"
"/Return/ReturnData/IRS990ScheduleA/GrossReceiptsAdmissionsGrp",103053,103053,"2017v2.3, 2017v2.2, 2017v2.0"
"/Return/ReturnData/IRS990ScheduleG",102937,102937,"2017v2.2, 2017v2.3, 2017v2.0"
"/Return/ReturnData/IRS990ScheduleA/GrossReceiptsAdmissionsGrp/TotalAmt",102874,102874,"2017v2.2, 2017v2.0, 2017v2.3"
"/Return/ReturnData/IRS990/InvestmentsPubTradedSecGrp/EOYAmt",102672,102672,"2017v2.0, 2017v2.3, 2017v2.2"
"/Return/ReturnData/IRS990ScheduleD/BuildingsGrp",102616,102616,"2017v2.3, 2017v2.2, 2017v2.0"
"/Return/ReturnData/IRS990/BooksInCareOfDetail/BusinessName/BusinessNameLine1Txt",102605,102605,"2017v2.3, 2017v2.2, 2017v2.0"
"/Return/ReturnData/IRS990/BooksInCareOfDetail/BusinessName",102605,102605,"2017v2.0, 2017v2.2, 2017v2.3"
"/Return/ReturnData/IRS990/OccupancyGrp/ManagementAndGeneralAmt",102111,102111,"2017v2.2, 2017v2.3, 2017v2.0"
"/Return/ReturnData/IRS990ScheduleA/GiftsGrantsContrisRcvd509Grp/CurrentTaxYearMinus3YearsAmt",101284,101284,"2017v2.2, 2017v2.0, 2017v2.3"
"/Return/ReturnData/IRS990/Form990PartVIISectionAGrp/HighestCompensatedEmployeeInd",100947,34500,"2017v2.2, 2017v2.3, 2017v2.0"
"/Return/ReturnData/IRS990EZ/LobbyingActivitiesInd",100923,100923,"2017v2.2, 2017v2.3, 2017v2.0"
"/Return/ReturnData/IRS990EZ/TrnsfrExmptNonChrtblRltdOrgInd",100300,100300,"2017v2.0, 2017v2.2, 2017v2.3"
"/Return/ReturnData/IRS990/GrantsToDomesticOrgsGrp",100145,100145,"2017v2.3, 2017v2.0, 2017v2.2"
"/Return/ReturnData/IRS990/GrantsToDomesticOrgsGrp/TotalAmt",100145,100145,"2017v2.2, 2017v2.0, 2017v2.3"
"/Return/ReturnData/IRS990ScheduleD/OtherLandBuildingsGrp",99940,99940,"2017v2.2, 2017v2.3, 2017v2.0"
"/Return/ReturnData/IRS990ScheduleD/TotalLiabilityAmt",99804,99804,"2017v2.0, 2017v2.3, 2017v2.2"
"/Return/ReturnData/IRS990ScheduleD/TotalRevenuePerForm990Amt",99534,99534,"2017v2.2, 2017v2.3, 2017v2.0"
"/Return/ReturnData/IRS990ScheduleD/RevenueSubtotalAmt",99529,99529,"2017v2.2, 2017v2.3, 2017v2.0"
"/Return/ReturnData/IRS990ScheduleD/TotalExpensesPerForm990Amt",99446,99446,"2017v2.2, 2017v2.0, 2017v2.3"
"/Return/ReturnData/IRS990ScheduleD/ExpensesSubtotalAmt",99436,99436,"2017v2.0, 2017v2.2, 2017v2.3"
"/Return/ReturnData/IRS990ScheduleD/TotalRevEtcAuditedFinclStmtAmt",99181,99181,"2017v2.0, 2017v2.3, 2017v2.2"
"/Return/ReturnData/IRS990ScheduleD/TotExpnsEtcAuditedFinclStmtAmt",99124,99124,"2017v2.3, 2017v2.0, 2017v2.2"
"/Return/ReturnData/IRS990/ContractorCompensationGrp",98245,35397,"2017v2.2, 2017v2.3, 2017v2.0"
"/Return/ReturnData/IRS990/ContractorCompensationGrp/ContractorName",98211,35382,"2017v2.2, 2017v2.0, 2017v2.3"
"/Return/ReturnData/IRS990ScheduleR/TransactionsRelatedOrgGrp/MethodOfAmountDeterminationTxt",98140,29521,"2017v2.3, 2017v2.0, 2017v2.2"
"/Return/ReturnData/IRS990EZ/ScheduleBNotRequiredInd",97591,97591,"2017v2.3, 2017v2.2, 2017v2.0"
"/Return/ReturnData/IRS990/ContractorCompensationGrp/ContractorAddress",97513,34861,"2017v2.2, 2017v2.3, 2017v2.0"
"/Return/ReturnData/IRS990EZ/FeesAndOtherPymtToIndCntrctAmt",97088,97088,"2017v2.3, 2017v2.0, 2017v2.2"
"/Return/ReturnData/IRS990/ContractorCompensationGrp/CompensationAmt",96764,34094,"2017v2.0, 2017v2.3, 2017v2.2"
"/Return/ReturnData/IRS990/ContractorCompensationGrp/ServicesDesc",96650,34122,"2017v2.3, 2017v2.0, 2017v2.2"
"/Return/ReturnData/IRS990ScheduleA/GiftsGrantsContrisRcvd509Grp/CurrentTaxYearMinus4YearsAmt",96553,96553,"2017v2.3, 2017v2.0, 2017v2.2"
"/Return/ReturnData/IRS990ScheduleD/BuildingsGrp/BookValueAmt",96435,96435,"2017v2.3, 2017v2.0, 2017v2.2"
"/Return/ReturnData/IRS990/OtherRevenueMiscGrp/RelatedOrExemptFuncIncomeAmt",95360,66181,"2017v2.2, 2017v2.0, 2017v2.3"
"/Return/ReturnData/IRS990/ContractorCompensationGrp/ContractorAddress/USAddress/CityNm",95262,33889,"2017v2.3, 2017v2.2, 2017v2.0"
"/Return/ReturnData/IRS990/ContractorCompensationGrp/ContractorAddress/USAddress/StateAbbreviationCd",95262,33889,"2017v2.2, 2017v2.3, 2017v2.0"
"/Return/ReturnData/IRS990/ContractorCompensationGrp/ContractorAddress/USAddress",95262,33889,"2017v2.3, 2017v2.0, 2017v2.2"
"/Return/ReturnData/IRS990/ContractorCompensationGrp/ContractorAddress/USAddress/AddressLine1Txt",95262,33889,"2017v2.0, 2017v2.3, 2017v2.2"
"/Return/ReturnData/IRS990/ContractorCompensationGrp/ContractorAddress/USAddress/ZIPCd",95262,33889,"2017v2.2, 2017v2.0, 2017v2.3"
"/Return/ReturnData/IRS990ScheduleA/InvestmentIncomePYPct",94279,94279,"2017v2.0, 2017v2.3, 2017v2.2"
"/Return/ReturnData/IRS990/PledgesAndGrantsReceivableGrp",94163,94163,"2017v2.2, 2017v2.0, 2017v2.3"
"/Return/ReturnData/IRS990ScheduleA/GrossInvestmentIncome509Grp",93815,93815,"2017v2.3, 2017v2.2, 2017v2.0"
"/Return/ReturnData/IRS990ScheduleA/GrossInvestmentIncome509Grp/TotalAmt",93507,93507,"2017v2.0, 2017v2.2, 2017v2.3"
"/Return/ReturnData/IRS990/OtherEmployeeBenefitsGrp/ProgramServicesAmt",93431,93431,"2017v2.0, 2017v2.3, 2017v2.2"
"/Return/ReturnData/IRS990ScheduleD/LandGrp",92553,92553,"2017v2.2, 2017v2.0, 2017v2.3"
"/Return/ReturnData/IRS990/CompCurrentOfcrDirectorsGrp/ManagementAndGeneralAmt",92360,92360,"2017v2.2, 2017v2.3, 2017v2.0"
"/Return/ReturnData/IRS990/AdvertisingGrp/ProgramServicesAmt",92226,92226,"2017v2.0, 2017v2.3, 2017v2.2"
"/Return/ReturnData/IRS990ScheduleD/BuildingsGrp/DepreciationAmt",91804,91804,"2017v2.0, 2017v2.3, 2017v2.2"
"/Return/ReturnData/IRS990/PledgesAndGrantsReceivableGrp/EOYAmt",91502,91502,"2017v2.0, 2017v2.3, 2017v2.2"
"/Return/ReturnData/IRS990/FeesForServicesOtherGrp/ProgramServicesAmt",91444,91444,"2017v2.2, 2017v2.3, 2017v2.0"
"/Return/ReturnData/IRS990ScheduleR/IdRelatedOrgTxblPartnershipGrp/GeneralOrManagingPartnerInd",91039,6820,"2017v2.2, 2017v2.0, 2017v2.3"
"/Return/ReturnData/IRS990ScheduleI/RecipientTable/NonCashAssistanceDesc",91035,4119,"2017v2.2, 2017v2.3, 2017v2.0"
"/Return/ReturnData/IRS990ScheduleR/IdRelatedOrgTxblPartnershipGrp/DisproportionateAllocationsInd",90668,6852,"2017v2.0, 2017v2.3, 2017v2.2"
"/Return/ReturnData/IRS990/DepreciationDepletionGrp/ManagementAndGeneralAmt",90606,90606,"2017v2.0, 2017v2.3, 2017v2.2"
"/Return/ReturnData/IRS990/FeesForServicesManagementGrp",90107,90107,"2017v2.3, 2017v2.2, 2017v2.0"
"/Return/ReturnData/IRS990/FeesForServicesManagementGrp/TotalAmt",90103,90103,"2017v2.3, 2017v2.0, 2017v2.2"
"/Return/ReturnData/IRS990ScheduleG/FundraisingEventInformationGrp",89616,89616,"2017v2.2, 2017v2.3, 2017v2.0"
"/Return/ReturnData/IRS990ScheduleG/FundraisingEventInformationGrp/Event1Nm",88621,88621,"2017v2.3, 2017v2.0, 2017v2.2"
"/Return/ReturnData/IRS990ScheduleD/OtherLandBuildingsGrp/BookValueAmt",88458,88458,"2017v2.0, 2017v2.3, 2017v2.2"
"/Return/ReturnData/IRS990ScheduleD/OtherLandBuildingsGrp/OtherCostOrOtherBasisAmt",88206,88206,"2017v2.2, 2017v2.3, 2017v2.0"
"/Return/ReturnData/IRS990/GrantsToDomesticIndividualsGrp",88116,88116,"2017v2.3, 2017v2.0, 2017v2.2"
"/Return/ReturnData/IRS990/GrantsToDomesticIndividualsGrp/TotalAmt",88114,88114,"2017v2.2, 2017v2.3, 2017v2.0"
"/Return/ReturnData/IRS990/TemporarilyRstrNetAssetsGrp",88110,88110,"2017v2.0, 2017v2.2, 2017v2.3"
"/Return/ReturnData/IRS990/CompCurrentOfcrDirectorsGrp/ProgramServicesAmt",88084,88084,"2017v2.0, 2017v2.3, 2017v2.2"
"/Return/ReturnData/IRS990ScheduleD/BuildingsGrp/OtherCostOrOtherBasisAmt",87921,87921,"2017v2.3, 2017v2.0, 2017v2.2"
"/Return/ReturnData/IRS990ScheduleD/LandGrp/BookValueAmt",87636,87636,"2017v2.3, 2017v2.2, 2017v2.0"
"/Return/ReturnData/IRS990/FeesForSrvcInvstMgmntFeesGrp",87552,87552,"2017v2.0, 2017v2.3, 2017v2.2"
"/Return/ReturnData/IRS990/FeesForSrvcInvstMgmntFeesGrp/TotalAmt",87552,87552,"2017v2.2, 2017v2.3, 2017v2.0"
"/Return/ReturnData/IRS990ScheduleG/FundraisingEventInformationGrp/GrossReceiptsTotalAmt",86804,86804,"2017v2.3, 2017v2.0, 2017v2.2"
"/Return/ReturnData/IRS990ScheduleG/FundraisingEventInformationGrp/GrossReceiptsEvent1Amt",86493,86493,"2017v2.0, 2017v2.2, 2017v2.3"
"/Return/ReturnData/IRS990ScheduleA/GrossReceiptsAdmissionsGrp/CurrentTaxYearAmt",86290,86290,"2017v2.0, 2017v2.3, 2017v2.2"
"/Return/ReturnData/IRS990ScheduleI/RecipientTable/NonCashAssistanceAmt",86171,7792,"2017v2.2, 2017v2.3, 2017v2.0"
"/Return/ReturnHeader/Filer/BusinessName/BusinessNameLine2Txt",86144,86144,"2017v2.2, 2017v2.3, 2017v2.0"
"/Return/ReturnData/IRS990/TemporarilyRstrNetAssetsGrp/EOYAmt",85350,85350,"2017v2.2, 2017v2.0, 2017v2.3"
"/Return/ReturnData/IRS990/InventoriesForSaleOrUseGrp",85337,85337,"2017v2.3, 2017v2.2, 2017v2.0"
"/Return/ReturnData/IRS990/InfoInScheduleOPartIIIInd",85156,85156,"2017v2.2, 2017v2.3, 2017v2.0"
"/Return/ReturnData/IRS990ScheduleD/OtherLandBuildingsGrp/DepreciationAmt",84845,84845,"2017v2.2, 2017v2.0, 2017v2.3"
"/Return/ReturnData/IRS990ScheduleA/GrossReceiptsAdmissionsGrp/CurrentTaxYearMinus1YearAmt",84650,84650,"2017v2.2, 2017v2.3, 2017v2.0"
"/Return/ReturnData/IRS990/MethodOfAccountingCashInd",84605,84605,"2017v2.3, 2017v2.2, 2017v2.0"
"/Return/ReturnData/IRS990/InventoriesForSaleOrUseGrp/EOYAmt",84049,84049,"2017v2.0, 2017v2.3, 2017v2.2"
"/Return/ReturnData/IRS990ScheduleG/FundraisingEventInformationGrp/NetIncomeSummaryAmt",83958,83958,"2017v2.0, 2017v2.3, 2017v2.2"
"/Return/ReturnData/IRS990/TemporarilyRstrNetAssetsGrp/BOYAmt",83240,83240,"2017v2.2, 2017v2.0, 2017v2.3"
"/Return/ReturnData/IRS990ScheduleG/FundraisingEventInformationGrp/GrossRevenueTotalEventsAmt",83074,83074,"2017v2.3, 2017v2.0, 2017v2.2"
"/Return/ReturnData/IRS990EZ/SumOfTotalLiabilitiesGrp",82467,82467,"2017v2.3, 2017v2.0, 2017v2.2"
"/Return/ReturnData/IRS990ScheduleA/GrossReceiptsAdmissionsGrp/CurrentTaxYearMinus2YearsAmt",82270,82270,"2017v2.3, 2017v2.0, 2017v2.2"
"/Return/ReturnData/IRS990/OtherEmployeeBenefitsGrp/ManagementAndGeneralAmt",81960,81960,"2017v2.2, 2017v2.3, 2017v2.0"
"/Return/ReturnData/IRS990ScheduleG/FundraisingEventInformationGrp/GrossRevenueEvent1Amt",81800,81800,"2017v2.0, 2017v2.2, 2017v2.3"
"/Return/ReturnData/IRS990ScheduleG/FundraisingEventInformationGrp/DirectExpenseSummaryEventsAmt",81285,81285,"2017v2.2, 2017v2.0, 2017v2.3"
"/Return/ReturnData/IRS990/FeesForServicesOtherGrp/ManagementAndGeneralAmt",81085,81085,"2017v2.2, 2017v2.3, 2017v2.0"
"/Return/ReturnData/IRS990/FSAuditedBasisGrp/SeparateBasisFinclStmtInd",80617,80617,"2017v2.0, 2017v2.3, 2017v2.2"
"/Return/ReturnData/IRS990/TravelGrp/ManagementAndGeneralAmt",80582,80582,"2017v2.0, 2017v2.2, 2017v2.3"
"/Return/ReturnData/IRS990ScheduleA/InvestmentIncomeAndUBTIGrp",80058,80058,"2017v2.3, 2017v2.0, 2017v2.2"
"/Return/ReturnData/IRS990/FundraisingGrossIncomeAmt",79889,79889,"2017v2.3, 2017v2.2, 2017v2.0"
"/Return/ReturnData/IRS990ScheduleA/InvestmentIncomeAndUBTIGrp/TotalAmt",79794,79794,"2017v2.2, 2017v2.3, 2017v2.0"
"/Return/ReturnData/IRS990ScheduleA/GrossReceiptsAdmissionsGrp/CurrentTaxYearMinus3YearsAmt",79668,79668,"2017v2.2, 2017v2.3, 2017v2.0"
"/Return/ReturnData/IRS990EZ/FundraisingGrossIncomeAmt",79300,79300,"2017v2.3, 2017v2.0, 2017v2.2"
"/Return/ReturnData/IRS990/NetRentalIncomeOrLossGrp",79092,79092,"2017v2.3, 2017v2.2, 2017v2.0"
"/Return/ReturnData/IRS990/NetRentalIncomeOrLossGrp/TotalRevenueColumnAmt",79085,79085,"2017v2.2, 2017v2.3, 2017v2.0"
"/Return/ReturnData/IRS990EZ/SumOfTotalLiabilitiesGrp/EOYAmt",79084,79084,"2017v2.0, 2017v2.2, 2017v2.3"
"/Return/ReturnData/IRS990ScheduleD/LandGrp/OtherCostOrOtherBasisAmt",79006,79006,"2017v2.0, 2017v2.3, 2017v2.2"
"/Return/ReturnData/IRS990ScheduleD/OtherAssetsOrgGrp",78893,35738,"2017v2.3, 2017v2.2, 2017v2.0"
"/Return/ReturnData/IRS990ScheduleD/OtherAssetsOrgGrp/Desc",78723,35617,"2017v2.0, 2017v2.3, 2017v2.2"
"/Return/ReturnData/IRS990/ContractorCompensationGrp/ContractorName/BusinessName",78511,28630,"2017v2.2, 2017v2.3, 2017v2.0"
"/Return/ReturnData/IRS990/ContractorCompensationGrp/ContractorName/BusinessName/BusinessNameLine1Txt",78511,28630,"2017v2.3, 2017v2.0, 2017v2.2"
"/Return/ReturnData/IRS990EZ/SumOfTotalLiabilitiesGrp/BOYAmt",78483,78483,"2017v2.3, 2017v2.0, 2017v2.2"
"/Return/ReturnData/IRS990/ProgSrvcAccomActy2Grp",78448,78448,"2017v2.3, 2017v2.0, 2017v2.2"
"/Return/ReturnData/IRS990/ProgSrvcAccomActy2Grp/Desc",78196,78196,"2017v2.3, 2017v2.0, 2017v2.2"
"/Return/ReturnData/IRS990EZ/SpecialEventsDirectExpensesAmt",77599,77599,"2017v2.2, 2017v2.3, 2017v2.0"
"/Return/ReturnData/IRS990ScheduleA/GrossInvestmentIncome170Grp/CurrentTaxYearAmt",77417,77417,"2017v2.2, 2017v2.3, 2017v2.0"
"/Return/ReturnData/IRS990/FundraisingDirectExpensesAmt",77307,77307,"2017v2.3, 2017v2.0, 2017v2.2"
"/Return/ReturnData/IRS990ScheduleD/OtherAssetsOrgGrp/BookValueAmt",77082,35462,"2017v2.3, 2017v2.2, 2017v2.0"
"/Return/ReturnData/IRS990ScheduleG/FundraisingEventInformationGrp/OthDirectExpnssTotalEventsAmt",76935,76935,"2017v2.2, 2017v2.0, 2017v2.3"
"/Return/ReturnData/IRS990ScheduleA/GrossInvestmentIncome170Grp/CurrentTaxYearMinus1YearAmt",76882,76882,"2017v2.2, 2017v2.3, 2017v2.0"
"/Return/ReturnData/IRS990ScheduleA/GrossReceiptsAdmissionsGrp/CurrentTaxYearMinus4YearsAmt",76832,76832,"2017v2.2, 2017v2.0, 2017v2.3"
"/Return/ReturnData/IRS990/NetIncomeOrLossGrp",76543,76543,"2017v2.3, 2017v2.0, 2017v2.2"
"/Return/ReturnData/IRS990/NetIncomeOrLossGrp/TotalRevenueColumnAmt",76540,76540,"2017v2.0, 2017v2.2, 2017v2.3"
"/Return/ReturnData/IRS990ScheduleA/GrossInvestmentIncome170Grp/CurrentTaxYearMinus2YearsAmt",76043,76043,"2017v2.3, 2017v2.0, 2017v2.2"
"/Return/ReturnData/IRS990ScheduleD/RevenueNotReportedAmt",75814,75814,"2017v2.3, 2017v2.0, 2017v2.2"
"/Return/ReturnData/IRS990/DeferredRevenueGrp",75304,75304,"2017v2.3, 2017v2.0, 2017v2.2"
"/Return/ReturnData/IRS990ScheduleA/GrossInvestmentIncome170Grp/CurrentTaxYearMinus3YearsAmt",75302,75302,"2017v2.3, 2017v2.2, 2017v2.0"
"/Return/ReturnData/IRS990ScheduleR/IdRelatedOrgTxblPartnershipGrp/PredominantIncomeTypeTxt",75203,5728,"2017v2.3, 2017v2.0, 2017v2.2"
"/Return/ReturnData/IRS990/InvestmentsOtherSecuritiesGrp",74569,74569,"2017v2.3, 2017v2.0, 2017v2.2"
"/Return/ReturnData/IRS990EZ/InvestmentIncomeAmt",74477,74477,"2017v2.0, 2017v2.3, 2017v2.2"
"/Return/ReturnData/IRS990ScheduleA/GrossInvestmentIncome170Grp/CurrentTaxYearMinus4YearsAmt",74332,74332,"2017v2.2, 2017v2.0, 2017v2.3"
"/Return/ReturnData/IRS990ScheduleG/FundraisingEventInformationGrp/OtherDirectExpensesEvent1Amt",74157,74157,"2017v2.2, 2017v2.0, 2017v2.3"
"/Return/ReturnData/IRS990ScheduleR/IdRelatedTaxExemptOrgGrp/DirectControllingNACd",74017,27470,"2017v2.2, 2017v2.0, 2017v2.3"
"/Return/ReturnData/IRS990/ConferencesMeetingsGrp/ProgramServicesAmt",73891,73891,"2017v2.0, 2017v2.2, 2017v2.3"
"/Return/ReturnData/IRS990EZ/OtherAssetsTotalDetail",73475,73475,"2017v2.2, 2017v2.3, 2017v2.0"
"/Return/ReturnData/IRS990/GainOrLossGrp",72656,72656,"2017v2.0, 2017v2.2, 2017v2.3"
"/Return/ReturnData/IRS990/InvestmentsOtherSecuritiesGrp/EOYAmt",72325,72325,"2017v2.0, 2017v2.2, 2017v2.3"
"/Return/ReturnHeader/PreparerPersonGrp/SelfEmployedInd",72186,72186,"2017v2.0, 2017v2.3, 2017v2.2"
"/Return/ReturnData/IRS990/GovernmentGrantsAmt",71132,71132,"2017v2.3, 2017v2.0, 2017v2.2"
"/Return/ReturnData/IRS990/InvestmentsPubTradedSecGrp/BOYAmt",70849,70849,"2017v2.0, 2017v2.2, 2017v2.3"
"/Return/ReturnData/IRS990/DeferredRevenueGrp/EOYAmt",70737,70737,"2017v2.3, 2017v2.2, 2017v2.0"
"/Return/ReturnData/IRS990ScheduleR/IdRelatedOrgTxblCorpTrGrp/DirectControllingNACd",70302,7352,"2017v2.2, 2017v2.3, 2017v2.0"
"/Return/ReturnData/IRS990EZ/OtherAssetsTotalDetail/EOYAmt",70227,70227,"2017v2.0, 2017v2.3, 2017v2.2"
"/Return/ReturnData/IRS990EZ/OtherAssetsTotalDetail/BOYAmt",69915,69915,"2017v2.3, 2017v2.2, 2017v2.0"
"/Return/ReturnData/IRS990ScheduleD/ExpensesNotReportedAmt",69828,69828,"2017v2.2, 2017v2.3, 2017v2.0"
"/Return/ReturnData/IRS990/DeferredRevenueGrp/BOYAmt",69714,69714,"2017v2.3, 2017v2.2, 2017v2.0"
"/Return/ReturnData/IRS990ScheduleA/AmountsRcvdDsqlfyPersonGrp",69681,69681,"2017v2.0, 2017v2.3, 2017v2.2"
"/Return/ReturnData/IRS990ScheduleA/AmountsRcvdDsqlfyPersonGrp/TotalAmt",69344,69344,"2017v2.3, 2017v2.0, 2017v2.2"
"/Return/ReturnData/IRS990/PaymentsToAffiliatesGrp",68853,68853,"2017v2.2, 2017v2.0, 2017v2.3"
"/Return/ReturnData/IRS990/PaymentsToAffiliatesGrp/TotalAmt",68850,68850,"2017v2.2, 2017v2.3, 2017v2.0"
"/Return/ReturnData/IRS990ScheduleA/InvestmentIncomeAndUBTIGrp/CurrentTaxYearMinus1YearAmt",68598,68598,"2017v2.3, 2017v2.2, 2017v2.0"
"/Return/ReturnData/IRS990ScheduleA/InvestmentIncomeAndUBTIGrp/CurrentTaxYearAmt",68549,68549,"2017v2.2, 2017v2.3, 2017v2.0"
"/Return/ReturnData/IRS990EZ/InfoInScheduleOPartIIInd",68414,68414,"2017v2.0, 2017v2.2, 2017v2.3"
"/Return/ReturnData/IRS990/NetUnrlzdGainsLossesInvstAmt",68396,68396,"2017v2.3, 2017v2.0, 2017v2.2"
"/Return/ReturnData/IRS990ScheduleA/SubstantialContributorsAmtGrp",68315,68315,"2017v2.0, 2017v2.3, 2017v2.2"
"/Return/ReturnData/IRS990ScheduleR",68266,68266,"2017v2.0, 2017v2.3, 2017v2.2"
"/Return/ReturnData/IRS990ScheduleD/FootnoteTextInd",68221,68221,"2017v2.2, 2017v2.0, 2017v2.3"
"/Return/ReturnData/IRS990/BenefitsToMembersGrp",68186,68186,"2017v2.2, 2017v2.3, 2017v2.0"
"/Return/ReturnData/IRS990/BenefitsToMembersGrp/TotalAmt",68186,68186,"2017v2.2, 2017v2.3, 2017v2.0"
"/Return/ReturnData/IRS990/OthNotesLoansReceivableNetGrp",68179,68179,"2017v2.0, 2017v2.3, 2017v2.2"
"/Return/ReturnData/IRS990EZ/ProgramServiceRevenueAmt",68040,68040,"2017v2.0, 2017v2.2, 2017v2.3"
"/Return/ReturnData/IRS990ScheduleA/SubstantialContributorsAmtGrp/TotalAmt",67971,67971,"2017v2.0, 2017v2.3, 2017v2.2"
"/Return/ReturnData/IRS990ScheduleA/InvestmentIncomeAndUBTIGrp/CurrentTaxYearMinus2YearsAmt",67653,67653,"2017v2.2, 2017v2.3, 2017v2.0"
"/Return/ReturnData/IRS990ScheduleA/GrossInvestmentIncome509Grp/CurrentTaxYearAmt",67502,67502,"2017v2.2, 2017v2.3, 2017v2.0"
"/Return/ReturnData/IRS990ScheduleA/GrossInvestmentIncome509Grp/CurrentTaxYearMinus1YearAmt",67377,67377,"2017v2.0, 2017v2.3, 2017v2.2"
"/Return/ReturnData/IRS990ScheduleA/InvestmentIncomeAndUBTIGrp/CurrentTaxYearMinus3YearsAmt",66869,66869,"2017v2.2, 2017v2.3, 2017v2.0"
"/Return/ReturnData/IRS990ScheduleR/IdRelatedOrgTxblCorpTrGrp/DirectControllingEntityName/BusinessNameLine1Txt",66754,9867,"2017v2.0, 2017v2.2, 2017v2.3"
"/Return/ReturnData/IRS990ScheduleR/IdRelatedOrgTxblCorpTrGrp/DirectControllingEntityName",66754,9867,"2017v2.3, 2017v2.0, 2017v2.2"
"/Return/ReturnData/IRS990/FeesForServicesLobbyingGrp/TotalAmt",66746,66746,"2017v2.2, 2017v2.0, 2017v2.3"
"/Return/ReturnData/IRS990/FeesForServicesLobbyingGrp",66746,66746,"2017v2.3, 2017v2.2, 2017v2.0"
"/Return/ReturnData/IRS990/OthNotesLoansReceivableNetGrp/EOYAmt",66486,66486,"2017v2.2, 2017v2.3, 2017v2.0"
"/Return/ReturnData/IRS990EZ/PrintingPublicationsPostageAmt",66402,66402,"2017v2.2, 2017v2.3, 2017v2.0"
"/Return/ReturnData/IRS990ScheduleA/GrossInvestmentIncome509Grp/CurrentTaxYearMinus2YearsAmt",66296,66296,"2017v2.0, 2017v2.3, 2017v2.2"
"/Return/ReturnData/IRS990/ForeignGrantsGrp",66109,66109,"2017v2.2, 2017v2.0, 2017v2.3"
"/Return/ReturnData/IRS990/ForeignGrantsGrp/TotalAmt",66108,66108,"2017v2.2, 2017v2.3, 2017v2.0"
"/Return/ReturnData/IRS990ScheduleA/InvestmentIncomeAndUBTIGrp/CurrentTaxYearMinus4YearsAmt",66097,66097,"2017v2.0, 2017v2.2, 2017v2.3"
"/Return/ReturnData/IRS990/FeesForServicesProfFundraising",65954,65954,"2017v2.2, 2017v2.3, 2017v2.0"
"/Return/ReturnData/IRS990/ProgSrvcAccomActy2Grp/ExpenseAmt",65854,65854,"2017v2.2, 2017v2.3, 2017v2.0"
"/Return/ReturnData/IRS990/FeesForServicesAccountingGrp/ProgramServicesAmt",65812,65812,"2017v2.0, 2017v2.3, 2017v2.2"
"/Return/ReturnData/IRS990ScheduleA/GrossInvestmentIncome509Grp/CurrentTaxYearMinus3YearsAmt",65479,65479,"2017v2.2, 2017v2.3, 2017v2.0"
"/Return/ReturnData/IRS990/Form990TFiledInd",65391,65391,"2017v2.2, 2017v2.3, 2017v2.0"
"/Return/ReturnData/IRS990/CompDisqualPersonsGrp/TotalAmt",65288,65288,"2017v2.2, 2017v2.0, 2017v2.3"
"/Return/ReturnData/IRS990/CompDisqualPersonsGrp",65288,65288,"2017v2.0, 2017v2.3, 2017v2.2"
"/Return/ReturnData/IRS990/MortgNotesPyblScrdInvstPropGrp",65284,65284,"2017v2.3, 2017v2.0, 2017v2.2"
"/Return/ReturnData/IRS990ScheduleR/SharingOfFacilitiesInd",65012,65012,"2017v2.2, 2017v2.0, 2017v2.3"
"/Return/ReturnData/IRS990ScheduleR/PaidEmployeesSharingInd",65008,65008,"2017v2.2, 2017v2.0, 2017v2.3"
"/Return/ReturnData/IRS990ScheduleR/ReimbursementPaidToOtherOrgInd",64999,64999,"2017v2.3, 2017v2.0, 2017v2.2"
"/Return/ReturnData/IRS990ScheduleR/GiftGrntCapContriFromOthOrgInd",64998,64998,"2017v2.0, 2017v2.3, 2017v2.2"
"/Return/ReturnData/IRS990ScheduleR/GiftGrntOrCapContriToOthOrgInd",64989,64989,"2017v2.0, 2017v2.3, 2017v2.2"
"/Return/ReturnData/IRS990ScheduleR/LoansOrGuaranteesFromOthOrgInd",64988,64988,"2017v2.3, 2017v2.2, 2017v2.0"
"/Return/ReturnData/IRS990ScheduleR/ReimbursementPaidByOtherOrgInd",64985,64985,"2017v2.0, 2017v2.3, 2017v2.2"
"/Return/ReturnData/IRS990ScheduleR/RentalOfFcltsFromOthOrgInd",64983,64983,"2017v2.3, 2017v2.2, 2017v2.0"
"/Return/ReturnData/IRS990ScheduleR/LoansOrGuaranteesToOtherOrgInd",64982,64982,"2017v2.3, 2017v2.2, 2017v2.0"
"/Return/ReturnData/IRS990ScheduleR/PerformOfServicesByOtherOrgInd",64982,64982,"2017v2.3, 2017v2.0, 2017v2.2"
"/Return/ReturnData/IRS990ScheduleR/PerformOfServicesForOthOrgInd",64981,64981,"2017v2.2, 2017v2.0, 2017v2.3"
"/Return/ReturnData/IRS990ScheduleR/TransferToOtherOrgInd",64980,64980,"2017v2.2, 2017v2.3, 2017v2.0"
"/Return/ReturnData/IRS990ScheduleR/ReceiptOfIntAnntsRntsRyltsInd",64979,64979,"2017v2.3, 2017v2.0, 2017v2.2"
"/Return/ReturnData/IRS990ScheduleR/RentalOfFacilitiesToOthOrgInd",64978,64978,"2017v2.3, 2017v2.0, 2017v2.2"
"/Return/ReturnData/IRS990ScheduleR/AssetPurchaseFromOtherOrgInd",64977,64977,"2017v2.0, 2017v2.2, 2017v2.3"
"/Return/ReturnData/IRS990ScheduleR/AssetSaleToOtherOrgInd",64975,64975,"2017v2.0, 2017v2.2, 2017v2.3"
"/Return/ReturnData/IRS990ScheduleR/AssetExchangeInd",64971,64971,"2017v2.0, 2017v2.2, 2017v2.3"
"/Return/ReturnData/IRS990ScheduleR/TransferFromOtherOrgInd",64968,64968,"2017v2.0, 2017v2.3, 2017v2.2"
"/Return/ReturnData/IRS990ScheduleA/GrossInvestmentIncome509Grp/CurrentTaxYearMinus4YearsAmt",64627,64627,"2017v2.2, 2017v2.0, 2017v2.3"
"/Return/ReturnData/IRS990/GrossAmountSalesAssetsGrp",63556,63556,"2017v2.3, 2017v2.0, 2017v2.2"
"/Return/ReturnData/IRS990ScheduleR/DivRelatedOrganizationInd",63544,63544,"2017v2.3, 2017v2.0, 2017v2.2"
"/Return/ReturnData/IRS990/AdvertisingGrp/ManagementAndGeneralAmt",63427,63427,"2017v2.0, 2017v2.3, 2017v2.2"
"/Return/ReturnData/IRS990/LessCostOthBasisSalesExpnssGrp",63395,63395,"2017v2.0, 2017v2.2, 2017v2.3"
"/Return/ReturnData/IRS990/GrantAmt",62660,62660,"2017v2.0, 2017v2.2, 2017v2.3"
"/Return/ReturnData/IRS990ScheduleA/OtherIncome170Grp",62381,62381,"2017v2.3, 2017v2.0, 2017v2.2"
"/Return/ReturnData/IRS990/MortgNotesPyblScrdInvstPropGrp/EOYAmt",62323,62323,"2017v2.0, 2017v2.2, 2017v2.3"
"/Return/ReturnData/IRS990/MortgNotesPyblScrdInvstPropGrp/BOYAmt",62097,62097,"2017v2.2, 2017v2.0, 2017v2.3"
"/Return/ReturnData/IRS990ScheduleD/LeaseholdImprovementsGrp",62051,62051,"2017v2.3, 2017v2.0, 2017v2.2"
"/Return/ReturnData/IRS990ScheduleA/OtherIncome170Grp/TotalAmt",62032,62032,"2017v2.0, 2017v2.3, 2017v2.2"
"/Return/ReturnData/IRS990EZ/SpecialEventsNetIncomeLossAmt",61899,61899,"2017v2.0, 2017v2.2, 2017v2.3"
"/Return/ReturnData/IRS990/Organization501cInd",61858,61858,"2017v2.2, 2017v2.0, 2017v2.3"
"/Return/ReturnData/IRS990/RoyaltiesGrp",61856,61856,"2017v2.3, 2017v2.2, 2017v2.0"
"/Return/ReturnData/IRS990/RoyaltiesGrp/TotalAmt",61856,61856,"2017v2.2, 2017v2.3, 2017v2.0"
"/Return/ReturnData/IRS990EZ/CostOfGoodsSoldAmt",61696,61696,"2017v2.3, 2017v2.2, 2017v2.0"
"/Return/ReturnData/IRS990/IntangibleAssetsGrp",61527,61527,"2017v2.0, 2017v2.3, 2017v2.2"
"/Return/ReturnData/IRS990ScheduleD/RevenueNotReportedFinclStmtAmt",61267,61267,"2017v2.0, 2017v2.3, 2017v2.2"
"/Return/ReturnData/IRS990ScheduleD/ExpensesNotRptFinclStmtAmt",60963,60963,"2017v2.2, 2017v2.0, 2017v2.3"
"/Return/ReturnData/IRS990/PymtTravelEntrtnmntPubOfclGrp/TotalAmt",60900,60900,"2017v2.0, 2017v2.3, 2017v2.2"
"/Return/ReturnData/IRS990/PymtTravelEntrtnmntPubOfclGrp",60900,60900,"2017v2.2, 2017v2.3, 2017v2.0"
"/Return/ReturnData/IRS990/IntangibleAssetsGrp/EOYAmt",60407,60407,"2017v2.2, 2017v2.3, 2017v2.0"
"/Return/ReturnData/IRS990/Form1098CFiledInd",60197,60197,"2017v2.0, 2017v2.3, 2017v2.2"
"/Return/ReturnData/IRS990/PayrollTaxesGrp/FundraisingAmt",60143,60143,"2017v2.2, 2017v2.3, 2017v2.0"
"/Return/ReturnData/IRS990/OfficeExpensesGrp/FundraisingAmt",59802,59802,"2017v2.0, 2017v2.3, 2017v2.2"
"/Return/ReturnData/IRS990ScheduleA/SubstantialContributorsTotAmt",59793,59793,"2017v2.0, 2017v2.2, 2017v2.3"
"/Return/ReturnData/IRS990/Form8899Filedind",59786,59786,"2017v2.2, 2017v2.3, 2017v2.0"
"/Return/ReturnData/IRS990/DAFExcessBusinessHoldingsInd",59662,59662,"2017v2.3, 2017v2.2, 2017v2.0"
"/Return/ReturnData/IRS990EZ/OccupancyRentUtltsAndMaintAmt",59622,59622,"2017v2.2, 2017v2.0, 2017v2.3"
"/Return/ReturnData/IRS990ScheduleI",59402,59402,"2017v2.3, 2017v2.0, 2017v2.2"
"/Return/ReturnData/IRS990/InvestmentsProgramRelatedGrp",59339,59339,"2017v2.0, 2017v2.3, 2017v2.2"
"/Return/ReturnData/IRS990/TaxableDistributionsInd",59113,59113,"2017v2.2, 2017v2.0, 2017v2.3"
"/Return/ReturnData/IRS990/NetIncomeFromGamingGrp",59100,59100,"2017v2.3, 2017v2.2, 2017v2.0"
"/Return/ReturnData/IRS990/NetIncomeFromGamingGrp/TotalRevenueColumnAmt",59097,59097,"2017v2.2, 2017v2.0, 2017v2.3"
"/Return/ReturnData/IRS990/OrgDoesNotFollowSFAS117Ind",59039,59039,"2017v2.3, 2017v2.0, 2017v2.2"
"/Return/ReturnData/IRS990ScheduleI/GrantRecordsMaintainedInd",58979,58979,"2017v2.0, 2017v2.3, 2017v2.2"
"/Return/ReturnData/IRS990/DistributionToDonorInd",58897,58897,"2017v2.0, 2017v2.2, 2017v2.3"
"/Return/ReturnData/IRS990ScheduleJ",58579,58579,"2017v2.3, 2017v2.2, 2017v2.0"
"/Return/ReturnData/IRS990/OtherSalariesAndWagesGrp/FundraisingAmt",58285,58285,"2017v2.0, 2017v2.3, 2017v2.2"
"/Return/ReturnData/IRS990/FeesForServicesLegalGrp/ManagementAndGeneralAmt",58243,58243,"2017v2.3, 2017v2.2, 2017v2.0"
"/Return/ReturnData/IRS990ScheduleG/LicensedStatesCd",57831,8771,"2017v2.0, 2017v2.2, 2017v2.3"
"/Return/ReturnData/IRS990/RoyaltiesRevenueGrp",57817,57817,"2017v2.0, 2017v2.3, 2017v2.2"
"/Return/ReturnData/IRS990/RoyaltiesRevenueGrp/TotalRevenueColumnAmt",57816,57816,"2017v2.3, 2017v2.0, 2017v2.2"
"/Return/ReturnData/IRS990ScheduleJ/SupplementalNonqualRtrPlanInd",57727,57727,"2017v2.2, 2017v2.3, 2017v2.0"
"/Return/ReturnData/IRS990ScheduleJ/SeverancePaymentInd",57723,57723,"2017v2.0, 2017v2.3, 2017v2.2"
"/Return/ReturnData/IRS990ScheduleJ/EquityBasedCompArrngmInd",57710,57710,"2017v2.2, 2017v2.0, 2017v2.3"
"/Return/ReturnData/IRS990/PledgesAndGrantsReceivableGrp/BOYAmt",57696,57696,"2017v2.2, 2017v2.3, 2017v2.0"
"/Return/ReturnData/IRS990EZ/MembershipDuesAmt",57517,57517,"2017v2.3, 2017v2.0, 2017v2.2"
"/Return/ReturnData/IRS990/FeesForServicesProfFundraising/TotalAmt",57508,57508,"2017v2.3, 2017v2.0, 2017v2.2"
"/Return/ReturnData/IRS990/InvestmentsProgramRelatedGrp/EOYAmt",57215,57215,"2017v2.2, 2017v2.0, 2017v2.3"
"/Return/ReturnData/IRS990/ConferencesMeetingsGrp/ManagementAndGeneralAmt",57146,57146,"2017v2.3, 2017v2.0, 2017v2.2"
"/Return/ReturnData/IRS990ScheduleR/IdRelatedOrgTxblPartnershipGrp/DirectControllingEntityName/BusinessNameLine1Txt",57144,5546,"2017v2.0, 2017v2.3, 2017v2.2"
"/Return/ReturnData/IRS990ScheduleR/IdRelatedOrgTxblPartnershipGrp/DirectControllingEntityName",57144,5546,"2017v2.2, 2017v2.0, 2017v2.3"
"/Return/ReturnData/IRS990EZ/CostOrOtherBasisExpenseSaleAmt",56841,56841,"2017v2.0, 2017v2.2, 2017v2.3"
"/Return/ReturnData/IRS990/RtnEarnEndowmentIncmOthFndsGrp",56533,56533,"2017v2.0, 2017v2.2, 2017v2.3"
"/Return/ReturnData/IRS990ScheduleI/GrantsOtherAsstToIndivInUSGrp",56453,27709,"2017v2.2, 2017v2.0, 2017v2.3"
"/Return/ReturnData/IRS990ScheduleI/GrantsOtherAsstToIndivInUSGrp/GrantTypeTxt",56275,27627,"2017v2.0, 2017v2.3, 2017v2.2"
"/Return/ReturnData/IRS990EZ/StatesWhereCopyOfReturnIsFldCd",56251,53914,"2017v2.3, 2017v2.2, 2017v2.0"
"/Return/ReturnData/IRS990ScheduleA/GrossReceiptsRltdActivitiesAmt",56095,56095,"2017v2.0, 2017v2.3, 2017v2.2"
"/Return/ReturnData/IRS990/RtnEarnEndowmentIncmOthFndsGrp/EOYAmt",56088,56088,"2017v2.2, 2017v2.0, 2017v2.3"
"/Return/ReturnData/IRS990/RtnEarnEndowmentIncmOthFndsGrp/BOYAmt",55925,55925,"2017v2.3, 2017v2.0, 2017v2.2"
"/Return/ReturnHeader/FilingSecurityInformation/FederalOriginalSubmissionId",55265,55265,"2017v2.2, 2017v2.3"
"/Return/ReturnData/IRS990/ReceivablesFromOfficersEtcGrp",55186,55186,"2017v2.0, 2017v2.3, 2017v2.2"
"/Return/ReturnData/IRS990ScheduleA/OtherIncome509Grp",54939,54939,"2017v2.0, 2017v2.2, 2017v2.3"
"/Return/ReturnData/IRS990/GainOrLossGrp/SecuritiesAmt",54896,54896,"2017v2.2, 2017v2.3, 2017v2.0"
"/Return/ReturnData/IRS990/InformationTechnologyGrp/ProgramServicesAmt",54617,54617,"2017v2.3, 2017v2.2, 2017v2.0"
"/Return/ReturnData/IRS990/ReceivablesFromOfficersEtcGrp/EOYAmt",54608,54608,"2017v2.2, 2017v2.0, 2017v2.3"
"/Return/ReturnData/IRS990ScheduleA/OtherIncome509Grp/TotalAmt",54598,54598,"2017v2.0, 2017v2.3, 2017v2.2"
"/Return/ReturnData/IRS990/ProgSrvcAccomActy3Grp",54565,54565,"2017v2.3, 2017v2.0, 2017v2.2"
"/Return/ReturnData/IRS990/ProgSrvcAccomActy3Grp/Desc",54460,54460,"2017v2.2, 2017v2.0, 2017v2.3"
"/Return/ReturnData/IRS990ScheduleD/LeaseholdImprovementsGrp/BookValueAmt",54380,54380,"2017v2.0, 2017v2.3, 2017v2.2"
"/Return/ReturnData/IRS990/InformationTechnologyGrp/ManagementAndGeneralAmt",53948,53948,"2017v2.2, 2017v2.3, 2017v2.0"
"/Return/ReturnHeader/FilingSecurityInformation/FederalOriginalSubmissionIdDt",53856,53856,"2017v2.2, 2017v2.3"
"/Return/ReturnData/IRS990ScheduleD/LeaseholdImprovementsGrp/DepreciationAmt",53616,53616,"2017v2.0, 2017v2.3, 2017v2.2"
"/Return/ReturnData/IRS990/RcvblFromDisqualifiedPrsnGrp",53299,53299,"2017v2.3, 2017v2.0, 2017v2.2"
"/Return/ReturnData/IRS990/IncmFromInvestBondProceedsGrp",53124,53124,"2017v2.3, 2017v2.0, 2017v2.2"
"/Return/ReturnData/IRS990/IncmFromInvestBondProceedsGrp/TotalRevenueColumnAmt",53122,53122,"2017v2.3, 2017v2.2, 2017v2.0"
"/Return/ReturnData/IRS990/InvestmentIncomeGrp/RelatedOrExemptFuncIncomeAmt",52939,52939,"2017v2.2, 2017v2.0, 2017v2.3"
"/Return/ReturnData/IRS990/RcvblFromDisqualifiedPrsnGrp/EOYAmt",52907,52907,"2017v2.2, 2017v2.3, 2017v2.0"
"/Return/ReturnData/IRS990ScheduleF/GrantsToOrgOutsideUSGrp",52496,6382,"2017v2.2, 2017v2.3, 2017v2.0"
"/Return/ReturnData/IRS990ScheduleD/OtherSecuritiesGrp",52312,22729,"2017v2.0, 2017v2.3, 2017v2.2"
"/Return/ReturnData/IRS990ScheduleD/OtherSecuritiesGrp/Desc",52232,22657,"2017v2.2, 2017v2.0, 2017v2.3"
"/Return/ReturnData/IRS990ScheduleD/LeaseholdImprovementsGrp/OtherCostOrOtherBasisAmt",51521,51521,"2017v2.2, 2017v2.3, 2017v2.0"
"/Return/ReturnData/IRS990/NetIncmFromFundraisingEvtGrp/ExclusionAmt",51483,51483,"2017v2.2, 2017v2.3, 2017v2.0"
"/Return/ReturnData/IRS990ScheduleF/GrantsToOrgOutsideUSGrp/PurposeOfGrantTxt",51309,6251,"2017v2.3, 2017v2.2, 2017v2.0"
"/Return/ReturnData/IRS990ScheduleI/GrantsOtherAsstToIndivInUSGrp/RecipientCnt",50860,25535,"2017v2.0, 2017v2.3, 2017v2.2"
"/Return/ReturnData/IRS990ScheduleF/GrantsToOrgOutsideUSGrp/RegionTxt",50827,5665,"2017v2.2, 2017v2.3, 2017v2.0"
"/Return/ReturnData/IRS990ScheduleA/SubstAndDsqlfyPrsnsTotGrp",50602,50602,"2017v2.2, 2017v2.0, 2017v2.3"
"/Return/ReturnData/IRS990/InventoriesForSaleOrUseGrp/BOYAmt",50491,50491,"2017v2.0, 2017v2.2, 2017v2.3"
"/Return/ReturnData/IRS990EZ/InfoInScheduleOPartIIIInd",50364,50364,"2017v2.2, 2017v2.3, 2017v2.0"
"/Return/ReturnData/IRS990ScheduleA/SubstAndDsqlfyPrsnsTotGrp/TotalAmt",50269,50269,"2017v2.0, 2017v2.3, 2017v2.2"
"/Return/ReturnData/IRS990/RentalIncomeOrLossGrp",49799,49799,"2017v2.2, 2017v2.3, 2017v2.0"
"/Return/ReturnData/IRS990/PensionPlanContributionsGrp/ProgramServicesAmt",49654,49654,"2017v2.3, 2017v2.0, 2017v2.2"
"/Return/ReturnData/IRS990/GrossAmountSalesAssetsGrp/SecuritiesAmt",49457,49457,"2017v2.3, 2017v2.2, 2017v2.0"
"/Return/ReturnData/IRS990/GrantsToDomesticOrgsGrp/ProgramServicesAmt",49278,49278,"2017v2.3, 2017v2.0, 2017v2.2"
"/Return/ReturnData/IRS990ScheduleI/GrantsOtherAsstToIndivInUSGrp/CashGrantAmt",49057,24540,"2017v2.0, 2017v2.3, 2017v2.2"
"/Return/ReturnData/IRS990/ProgSrvcAccomActyOtherGrp",48963,35926,"2017v2.2, 2017v2.3, 2017v2.0"
"/Return/ReturnData/IRS990/RentalIncomeOrLossGrp/RealAmt",48810,48810,"2017v2.2, 2017v2.0, 2017v2.3"
"/Return/ReturnData/IRS990/CompCurrentOfcrDirectorsGrp/FundraisingAmt",48791,48791,"2017v2.3, 2017v2.0, 2017v2.2"
"/Return/ReturnData/IRS990/InterestGrp/ProgramServicesAmt",48303,48303,"2017v2.3, 2017v2.2, 2017v2.0"
"/Return/ReturnData/IRS990/LessCostOthBasisSalesExpnssGrp/SecuritiesAmt",48077,48077,"2017v2.3, 2017v2.2, 2017v2.0"
"/Return/ReturnData/IRS990ScheduleF/GrantsToOrgOutsideUSGrp/CashGrantAmt",48064,5850,"2017v2.2, 2017v2.0, 2017v2.3"
"/Return/ReturnData/IRS990/AllOtherExpensesGrp/FundraisingAmt",48038,48038,"2017v2.0, 2017v2.3, 2017v2.2"
"/Return/ReturnData/IRS990/Form990PartVIISectionAGrp/KeyEmployeeInd",47995,22669,"2017v2.3, 2017v2.2, 2017v2.0"
"/Return/ReturnData/IRS990/InvestTaxExemptBondsInd",47989,47989,"2017v2.0, 2017v2.2, 2017v2.3"
"/Return/ReturnData/IRS990/EscrowAccountInd",47975,47975,"2017v2.3, 2017v2.0, 2017v2.2"
"/Return/ReturnData/IRS990/OnBehalfOfIssuerInd",47927,47927,"2017v2.3, 2017v2.0, 2017v2.2"
"/Return/ReturnData/IRS990ScheduleA/Form990ScheduleAPartVIGrp",47892,38628,"2017v2.0, 2017v2.2, 2017v2.3"
"/Return/ReturnData/IRS990ScheduleA/Form990ScheduleAPartVIGrp/FormAndLineReferenceDesc",47872,38624,"2017v2.3, 2017v2.0, 2017v2.2"
"/Return/ReturnData/IRS990ScheduleA/Form990ScheduleAPartVIGrp/ExplanationTxt",47329,38137,"2017v2.0, 2017v2.3, 2017v2.2"
"/Return/ReturnData/IRS990/FundraisingAmt",47300,47300,"2017v2.0, 2017v2.3, 2017v2.2"
"/Return/ReturnData/IRS990EZ/OtherChangesInNetAssetsAmt",47165,47165,"2017v2.3, 2017v2.0, 2017v2.2"
"/Return/ReturnData/IRS990ScheduleG/FundraisingEventInformationGrp/Event2Nm",47021,47021,"2017v2.2, 2017v2.0, 2017v2.3"
"/Return/ReturnData/IRS990ScheduleJ/CompBsdNetEarnsFlngOrgInd",46966,46966,"2017v2.2, 2017v2.3, 2017v2.0"
"/Return/ReturnData/IRS990ScheduleJ/CompBasedOnRevenueOfFlngOrgInd",46962,46962,"2017v2.2, 2017v2.3, 2017v2.0"
"/Return/ReturnData/IRS990ScheduleJ/CompBsdNetEarnsRltdOrgsInd",46960,46960,"2017v2.0, 2017v2.2, 2017v2.3"
"/Return/ReturnData/IRS990ScheduleJ/CompBsdOnRevRelatedOrgsInd",46941,46941,"2017v2.2, 2017v2.3, 2017v2.0"
"/Return/ReturnData/IRS990/InfoInScheduleOPartIXInd",46847,46847,"2017v2.0, 2017v2.3, 2017v2.2"
"/Return/ReturnData/IRS990ScheduleJ/InitialContractExceptionInd",46817,46817,"2017v2.2, 2017v2.0, 2017v2.3"
"/Return/ReturnData/IRS990/ProgSrvcAccomActyOtherGrp/Desc",46816,33799,"2017v2.0, 2017v2.3, 2017v2.2"
"/Return/ReturnData/IRS990ScheduleJ/AnyNonFixedPaymentsInd",46798,46798,"2017v2.3, 2017v2.0, 2017v2.2"
"/Return/ReturnData/IRS990/MembershipDuesAmt",46496,46496,"2017v2.3, 2017v2.0, 2017v2.2"
"/Return/ReturnData/IRS990/Form990PartVIISectionAGrp/BusinessName/BusinessNameLine1Txt",46283,4433,"2017v2.2, 2017v2.3, 2017v2.0"
"/Return/ReturnData/IRS990/Form990PartVIISectionAGrp/BusinessName",46283,4433,"2017v2.0, 2017v2.2, 2017v2.3"
"/Return/ReturnData/IRS990/ProgSrvcAccomActy3Grp/ExpenseAmt",45415,45415,"2017v2.3, 2017v2.2, 2017v2.0"
"/Return/ReturnData/IRS990ScheduleG/FundraisingEventInformationGrp/GrossReceiptsEvent2Amt",45363,45363,"2017v2.3, 2017v2.2, 2017v2.0"
"/Return/ReturnData/IRS990/ContriRptFundraisingEventAmt",45221,45221,"2017v2.0, 2017v2.3, 2017v2.2"
"/Return/ReturnData/IRS990/InfoInScheduleOPartXIIInd",45020,45020,"2017v2.2, 2017v2.0, 2017v2.3"
"/Return/ReturnData/IRS990/PensionPlanContributionsGrp/ManagementAndGeneralAmt",44964,44964,"2017v2.3, 2017v2.2, 2017v2.0"
"/Return/ReturnData/IRS990/OtherEmployeeBenefitsGrp/FundraisingAmt",44300,44300,"2017v2.3, 2017v2.2, 2017v2.0"
"/Return/ReturnData/IRS990ScheduleA/GrossReceiptsNonUnrltBusGrp",44264,44264,"2017v2.2, 2017v2.0, 2017v2.3"
"/Return/ReturnData/IRS990ScheduleA/GrossReceiptsNonUnrltBusGrp/TotalAmt",43931,43931,"2017v2.2, 2017v2.3, 2017v2.0"
"/Return/ReturnData/IRS990/NoncashContributionsAmt",43875,43875,"2017v2.2, 2017v2.0, 2017v2.3"
"/Return/ReturnData/IRS990ScheduleF/GrantsToOrgOutsideUSGrp/MannerOfCashDisbursementTxt",43783,5293,"2017v2.2, 2017v2.0, 2017v2.3"
"/Return/ReturnData/IRS990/NetGainOrLossInvestmentsGrp/ExclusionAmt",43638,43638,"2017v2.3, 2017v2.0, 2017v2.2"
"/Return/ReturnData/IRS990EZ/SalariesOtherCompEmplBnftAmt",42919,42919,"2017v2.3, 2017v2.0, 2017v2.2"
"/Return/ReturnData/IRS990/GrossSalesOfInventoryAmt",42666,42666,"2017v2.0, 2017v2.2, 2017v2.3"
"/Return/ReturnData/IRS990/OccupancyGrp/FundraisingAmt",42523,42523,"2017v2.3, 2017v2.0, 2017v2.2"
"/Return/ReturnData/IRS990ScheduleG/FundraisingEventInformationGrp/GrossRevenueEvent2Amt",42290,42290,"2017v2.3, 2017v2.2, 2017v2.0"
"/Return/ReturnData/IRS990/InterestGrp/ManagementAndGeneralAmt",41776,41776,"2017v2.2, 2017v2.0, 2017v2.3"
"/Return/ReturnData/IRS990/OtherRevenueMiscGrp/ExclusionAmt",41388,29616,"2017v2.3, 2017v2.0, 2017v2.2"
"/Return/ReturnData/IRS990EZ/LandAndBuildingsGrp",41216,41216,"2017v2.2, 2017v2.0, 2017v2.3"
"/Return/ReturnData/IRS990/LicensedMoreThanOneStateInd",40978,40978,"2017v2.2, 2017v2.3"
"/Return/ReturnData/IRS990EZ/LandAndBuildingsGrp/EOYAmt",40782,40782,"2017v2.2, 2017v2.0, 2017v2.3"
"/Return/ReturnData/IRS990/CostOfGoodsSoldAmt",40747,40747,"2017v2.2, 2017v2.3, 2017v2.0"
"/Return/ReturnData/IRS990/PermanentlyRstrNetAssetsGrp",40563,40563,"2017v2.2, 2017v2.3, 2017v2.0"
"/Return/ReturnData/IRS990EZ/LandAndBuildingsGrp/BOYAmt",40520,40520,"2017v2.2, 2017v2.0, 2017v2.3"
"/Return/ReturnData/IRS990/AllAffiliatesIncludedInd",40445,40445,"2017v2.2, 2017v2.3, 2017v2.0"
"/Return/ReturnData/IRS990ScheduleA/NetIncomeFromOtherUBIGrp",40384,40384,"2017v2.3, 2017v2.2, 2017v2.0"
"/Return/ReturnData/IRS990ScheduleJ/SupplementalInformationDetail",40314,24426,"2017v2.0, 2017v2.3, 2017v2.2"
"/Return/ReturnData/IRS990ScheduleJ/SupplementalInformationDetail/FormAndLineReferenceDesc",40313,24426,"2017v2.2, 2017v2.3, 2017v2.0"
"/Return/ReturnData/IRS990/PermanentlyRstrNetAssetsGrp/EOYAmt",40134,40134,"2017v2.3, 2017v2.0, 2017v2.2"
"/Return/ReturnData/IRS990ScheduleJ/SupplementalInformationDetail/ExplanationTxt",40034,24201,"2017v2.0, 2017v2.3, 2017v2.2"
"/Return/ReturnData/IRS990ScheduleA/NetIncomeFromOtherUBIGrp/TotalAmt",39975,39975,"2017v2.2, 2017v2.0, 2017v2.3"
"/Return/ReturnData/IRS990/OrgFiledInLieuOfForm1041Ind",39860,39860,"2017v2.0, 2017v2.3, 2017v2.2"
"/Return/ReturnData/IRS990/AdvertisingGrp/FundraisingAmt",39816,39816,"2017v2.0, 2017v2.3, 2017v2.2"
"/Return/ReturnData/IRS990/PermanentlyRstrNetAssetsGrp/BOYAmt",39775,39775,"2017v2.2, 2017v2.3, 2017v2.0"
"/Return/ReturnData/IRS990EZ/GrantsAndSimilarAmountsPaidAmt",38869,38869,"2017v2.2, 2017v2.3, 2017v2.0"
"/Return/ReturnData/IRS990ScheduleF/AccountActivitiesOutsideUSGrp",38649,11058,"2017v2.3, 2017v2.0, 2017v2.2"
"/Return/ReturnData/IRS990/ProgSrvcAccomActyOtherGrp/ExpenseAmt",38615,27578,"2017v2.0, 2017v2.3, 2017v2.2"
"/Return/ReturnData/IRS990ScheduleG/FundraisingEventInformationGrp/CharitableContributionsTotAmt",38521,38521,"2017v2.2, 2017v2.3, 2017v2.0"
"/Return/ReturnData/IRS990/TravelGrp/FundraisingAmt",38474,38474,"2017v2.3, 2017v2.0, 2017v2.2"
"/Return/ReturnData/IRS990ScheduleF/AccountActivitiesOutsideUSGrp/RegionTxt",38465,11050,"2017v2.2, 2017v2.3, 2017v2.0"
"/Return/ReturnData/IRS990ScheduleI/SupplementalInformationDetail",38454,35756,"2017v2.0, 2017v2.3, 2017v2.2"
"/Return/ReturnData/IRS990ScheduleI/SupplementalInformationDetail/FormAndLineReferenceDesc",38434,35755,"2017v2.0, 2017v2.2, 2017v2.3"
"/Return/ReturnData/IRS990ScheduleI/SupplementalInformationDetail/ExplanationTxt",38409,35745,"2017v2.0, 2017v2.3, 2017v2.2"
"/Return/ReturnData/IRS990/InsuranceGrp/FundraisingAmt",38399,38399,"2017v2.3, 2017v2.2, 2017v2.0"
"/Return/ReturnData/IRS990ScheduleD/OtherSecuritiesGrp/BookValueAmt",38319,16100,"2017v2.2, 2017v2.3, 2017v2.0"
"/Return/ReturnData/IRS990ScheduleF/AccountActivitiesOutsideUSGrp/TypeOfActivitiesConductedTxt",38300,10949,"2017v2.3, 2017v2.2, 2017v2.0"
"/Return/ReturnData/IRS990ScheduleD/OtherSecuritiesGrp/MethodValuationCd",38002,15866,"2017v2.3, 2017v2.0, 2017v2.2"
"/Return/ReturnData/IRS990EZ/GrossProfitLossSlsOfInvntryAmt",37801,37801,"2017v2.3, 2017v2.2, 2017v2.0"
"/Return/ReturnData/IRS990ScheduleG/FundraisingEventInformationGrp/OtherDirectExpensesEvent2Amt",37488,37488,"2017v2.0, 2017v2.3, 2017v2.2"
"/Return/ReturnData/IRS990/GrossRentsGrp",37360,37360,"2017v2.2, 2017v2.0, 2017v2.3"
"/Return/ReturnData/IRS990ScheduleD/NetUnrealizedGainsInvstAmt",37196,37196,"2017v2.0, 2017v2.3, 2017v2.2"
"/Return/ReturnData/IRS990ScheduleF/AccountActivitiesOutsideUSGrp/RegionTotalExpendituresAmt",37171,10523,"2017v2.3, 2017v2.2, 2017v2.0"
"/Return/ReturnData/IRS990ScheduleG/FundraisingEventInformationGrp/CharitableContriEvent1Amt",37097,37097,"2017v2.0, 2017v2.3, 2017v2.2"
"/Return/ReturnData/IRS990ScheduleA/Post1975UBTIGrp",36977,36977,"2017v2.2, 2017v2.3, 2017v2.0"
"/Return/ReturnData/IRS990ScheduleD/CYMinus3YrEndwmtFundGrp",36646,36646,"2017v2.3, 2017v2.0, 2017v2.2"
"/Return/ReturnData/IRS990ScheduleA/Post1975UBTIGrp/TotalAmt",36596,36596,"2017v2.2, 2017v2.3, 2017v2.0"
"/Return/ReturnData/IRS990/InvestmentsOtherSecuritiesGrp/BOYAmt",36418,36418,"2017v2.2, 2017v2.0, 2017v2.3"
"/Return/ReturnData/IRS990/TransactionWithControlEntInd",36321,36321,"2017v2.3, 2017v2.0, 2017v2.2"
"/Return/ReturnData/IRS990/GrossRentsGrp/RealAmt",36306,36306,"2017v2.3, 2017v2.0, 2017v2.2"
"/Return/ReturnData/IRS990/GrantsToDomesticIndividualsGrp/ProgramServicesAmt",36302,36302,"2017v2.0, 2017v2.2, 2017v2.3"
"/Return/ReturnData/IRS990ScheduleD/TotalBookValueOtherAssetsAmt",36283,36283,"2017v2.3, 2017v2.2, 2017v2.0"
"/Return/ReturnData/IRS990/TotalOtherProgSrvcExpenseAmt",36024,36024,"2017v2.2, 2017v2.3, 2017v2.0"
"/Return/ReturnData/IRS990ScheduleD/CYMinus4YrEndwmtFundGrp",35849,35849,"2017v2.3, 2017v2.2, 2017v2.0"
"/Return/ReturnData/IRS990ScheduleA/UnrelatedBusinessNetIncm170Grp",35747,35747,"2017v2.2, 2017v2.0, 2017v2.3"
"/Return/ReturnData/IRS990/FeesForServicesOtherGrp/FundraisingAmt",35610,35610,"2017v2.0, 2017v2.3, 2017v2.2"
"/Return/ReturnData/IRS990ScheduleA/UnrelatedBusinessNetIncm170Grp/TotalAmt",35287,35287,"2017v2.2, 2017v2.0, 2017v2.3"
"/Return/ReturnData/IRS990/ProgSrvcAccomActy2Grp/RevenueAmt",35281,35281,"2017v2.3, 2017v2.0, 2017v2.2"
"/Return/ReturnData/IRS990/InfoInScheduleOPartXIInd",35161,35161,"2017v2.0, 2017v2.3, 2017v2.2"
"/Return/ReturnData/IRS990/GainOrLossGrp/OtherAmt",35116,35116,"2017v2.2, 2017v2.0, 2017v2.3"
"/Return/ReturnData/IRS990ScheduleL/BusTrInvolveInterestedPrsnGrp",34741,17782,"2017v2.0, 2017v2.3, 2017v2.2"
"/Return/ReturnData/IRS990ScheduleA/SupportedOrgInformationGrp/SupportAmt",34594,17607,"2017v2.0, 2017v2.3, 2017v2.2"
"/Return/ReturnData/IRS990ScheduleA/SupportedOrgInformationGrp/SupportedOrganizationName/BusinessNameLine1Txt",34594,17607,"2017v2.2, 2017v2.3, 2017v2.0"
"/Return/ReturnData/IRS990ScheduleA/SupportedOrgInformationGrp/OtherSupportAmt",34594,17607,"2017v2.2, 2017v2.3, 2017v2.0"
"/Return/ReturnData/IRS990ScheduleA/SupportedOrgInformationGrp",34594,17607,"2017v2.0, 2017v2.3, 2017v2.2"
"/Return/ReturnData/IRS990ScheduleA/SupportedOrgInformationGrp/GoverningDocumentListedInd",34594,17607,"2017v2.3, 2017v2.0, 2017v2.2"
"/Return/ReturnData/IRS990ScheduleA/SupportedOrgInformationGrp/SupportedOrganizationName",34594,17607,"2017v2.0, 2017v2.2, 2017v2.3"
"/Return/ReturnData/IRS990ScheduleA/SupportedOrgInformationGrp/EIN",34594,17607,"2017v2.0, 2017v2.3, 2017v2.2"
"/Return/ReturnData/IRS990ScheduleA/SupportedOrgInformationGrp/OrganizationTypeCd",34594,17607,"2017v2.3, 2017v2.2, 2017v2.0"
"/Return/ReturnData/IRS990ScheduleL/BusTrInvolveInterestedPrsnGrp/SharingOfRevenuesInd",34579,17698,"2017v2.3, 2017v2.2, 2017v2.0"
"/Return/ReturnData/IRS990EZ/DirectIndirectPltclExpendAmt",34410,34410,"2017v2.0, 2017v2.3, 2017v2.2"
"/Return/ReturnData/IRS990ScheduleG/FundraisingEventInformationGrp/FoodAndBeverageTotalEventsAmt",34347,34347,"2017v2.2, 2017v2.0, 2017v2.3"
"/Return/ReturnData/IRS990/FeesForServicesLegalGrp/ProgramServicesAmt",34164,34164,"2017v2.3, 2017v2.2, 2017v2.0"
"/Return/ReturnData/IRS990EZ/OtherRevenueTotalAmt",34153,34153,"2017v2.3, 2017v2.0, 2017v2.2"
"/Return/ReturnData/IRS990ScheduleA/OtherIncome170Grp/CurrentTaxYearAmt",33913,33913,"2017v2.3, 2017v2.0, 2017v2.2"
"/Return/ReturnData/IRS990/DepreciationDepletionGrp/FundraisingAmt",33565,33565,"2017v2.0, 2017v2.3, 2017v2.2"
"/Return/ReturnData/IRS990ScheduleA/OtherIncome170Grp/CurrentTaxYearMinus1YearAmt",33530,33530,"2017v2.3, 2017v2.0, 2017v2.2"
"/Return/ReturnData/IRS990EZ/InitiationFeesAndCapContriAmt",33465,33465,"2017v2.3, 2017v2.0, 2017v2.2"
"/Return/ReturnData/IRS990EZ/Organization501cInd",33334,33334,"2017v2.2, 2017v2.0, 2017v2.3"
"/Return/ReturnData/IRS990ScheduleJ/BoardOrCommitteeApprovalInd",33317,33317,"2017v2.2, 2017v2.3, 2017v2.0"
"/Return/ReturnData/IRS990EZ/GrossReceiptsForPublicUseAmt",33280,33280,"2017v2.3, 2017v2.0, 2017v2.2"
"/Return/ReturnData/IRS990EZ/OrganizationFiled990TInd",33164,33164,"2017v2.2, 2017v2.3, 2017v2.0"
"/Return/ReturnData/IRS990ScheduleA/OtherIncome170Grp/CurrentTaxYearMinus2YearsAmt",32876,32876,"2017v2.0, 2017v2.2, 2017v2.3"
"/Return/ReturnData/IRS990/OtherWebsiteInd",32820,32820,"2017v2.3, 2017v2.0, 2017v2.2"
"/Return/ReturnData/IRS990ScheduleL/BusTrInvolveInterestedPrsnGrp/NameOfInterested",32812,17655,"2017v2.0, 2017v2.2, 2017v2.3"
"/Return/ReturnData/IRS990EZ/Form720FiledInd",32718,32718,"2017v2.2, 2017v2.0, 2017v2.3"
"/Return/ReturnData/IRS990ScheduleL/BusTrInvolveInterestedPrsnGrp/RelationshipDescriptionTxt",32658,17461,"2017v2.2, 2017v2.3, 2017v2.0"
"/Return/ReturnData/IRS990ScheduleD/EndowmentsHeldUnrelatedOrgInd",32652,32652,"2017v2.0, 2017v2.2, 2017v2.3"
"/Return/ReturnData/IRS990ScheduleD/EndowmentsHeldRelatedOrgInd",32522,32522,"2017v2.2, 2017v2.3, 2017v2.0"
"/Return/ReturnData/IRS990ScheduleM/OtherNonCashContriTableGrp",32241,15546,"2017v2.3, 2017v2.0, 2017v2.2"
"/Return/ReturnData/IRS990ScheduleA/OtherIncome170Grp/CurrentTaxYearMinus3YearsAmt",32145,32145,"2017v2.2, 2017v2.3, 2017v2.0"
"/Return/ReturnData/IRS990ScheduleD/CYEndwmtFundGrp",32097,32097,"2017v2.2, 2017v2.3, 2017v2.0"
"/Return/ReturnData/IRS990ScheduleM/OtherNonCashContriTableGrp/NoncashContributionsRptF990Amt",32038,15480,"2017v2.2, 2017v2.0, 2017v2.3"
"/Return/ReturnData/IRS990ScheduleL/BusTrInvolveInterestedPrsnGrp/TransactionDesc",32017,17349,"2017v2.2, 2017v2.0, 2017v2.3"
"/Return/ReturnData/IRS990ScheduleC",31866,31866,"2017v2.3, 2017v2.2, 2017v2.0"
"/Return/ReturnData/IRS990EZ/TaxImposedUnderIRC4911Amt",31806,31806,"2017v2.0, 2017v2.3, 2017v2.2"
"/Return/ReturnData/IRS990ScheduleD/CYMinus1YrEndwmtFundGrp",31760,31760,"2017v2.0, 2017v2.3, 2017v2.2"
"/Return/ReturnData/IRS990EZ/TaxImposedUnderIRC4955Amt",31742,31742,"2017v2.0, 2017v2.2, 2017v2.3"
"/Return/ReturnData/IRS990EZ/TaxImposedUnderIRC4912Amt",31741,31741,"2017v2.0, 2017v2.3, 2017v2.2"
"/Return/ReturnData/IRS990ScheduleD/CYEndwmtFundGrp/EndYearBalanceAmt",31728,31728,"2017v2.2, 2017v2.0, 2017v2.3"
"/Return/ReturnData/IRS990ScheduleA/GovtFurnSrvcFcltsVl170Grp",31588,31588,"2017v2.3, 2017v2.0, 2017v2.2"
"/Return/ReturnData/IRS990ScheduleD/CYMinus1YrEndwmtFundGrp/EndYearBalanceAmt",31529,31529,"2017v2.3, 2017v2.2, 2017v2.0"
"/Return/ReturnData/IRS990ScheduleA/OtherIncome170Grp/CurrentTaxYearMinus4YearsAmt",31308,31308,"2017v2.3, 2017v2.0, 2017v2.2"
"/Return/ReturnData/IRS990ScheduleD/CYEndwmtFundGrp/BeginningYearBalanceAmt",31267,31267,"2017v2.2, 2017v2.3, 2017v2.0"
"/Return/ReturnData/IRS990ScheduleA/GovtFurnSrvcFcltsVl170Grp/TotalAmt",31191,31191,"2017v2.3, 2017v2.2, 2017v2.0"
"/Return/ReturnData/IRS990ScheduleD/CYMinus2YrEndwmtFundGrp",31154,31154,"2017v2.2, 2017v2.0, 2017v2.3"
"/Return/ReturnData/IRS990ScheduleG/FundraisingEventInformationGrp/FoodAndBeverageEvent1Amt",30971,30971,"2017v2.0, 2017v2.3, 2017v2.2"
"/Return/ReturnData/IRS990ScheduleD/CYMinus2YrEndwmtFundGrp/EndYearBalanceAmt",30950,30950,"2017v2.0, 2017v2.3, 2017v2.2"
"/Return/ReturnData/IRS990ScheduleH/SupplementalInformationDetail/FormAndLineReferenceDesc",30872,2405,"2017v2.3, 2017v2.0, 2017v2.2"
"/Return/ReturnData/IRS990ScheduleH/SupplementalInformationDetail",30872,2405,"2017v2.0, 2017v2.3, 2017v2.2"
"/Return/ReturnData/IRS990ScheduleH/SupplementalInformationDetail/ExplanationTxt",30870,2405,"2017v2.2, 2017v2.3, 2017v2.0"
"/Return/ReturnData/IRS990ScheduleM/OtherNonCashContriTableGrp/ContributionCnt",30823,14882,"2017v2.2, 2017v2.3, 2017v2.0"
"/Return/ReturnData/IRS990ScheduleA/TaxRevLeviedOrgnztnlBnft170Grp",30793,30793,"2017v2.3, 2017v2.2, 2017v2.0"
"/Return/ReturnData/IRS990ScheduleD/CYMinus1YrEndwmtFundGrp/BeginningYearBalanceAmt",30791,30791,"2017v2.0, 2017v2.3, 2017v2.2"
"/Return/ReturnData/IRS990ScheduleM/OtherNonCashContriTableGrp/Desc",30767,14267,"2017v2.0, 2017v2.3, 2017v2.2"
"/Return/ReturnData/IRS990ScheduleA/GovtFurnSrvcFcltsVl509Grp",30688,30688,"2017v2.3, 2017v2.2, 2017v2.0"
"/Return/ReturnData/IRS990EZ/GainOrLossFromSaleOfAssetsAmt",30639,30639,"2017v2.0, 2017v2.2, 2017v2.3"
"/Return/ReturnData/IRS990ScheduleD/OtherExpensesIncludedAmt",30633,30633,"2017v2.3, 2017v2.0, 2017v2.2"
"/Return/ReturnData/IRS990ScheduleA/TaxRevLeviedOrgnztnlBnft509Grp",30601,30601,"2017v2.2, 2017v2.3, 2017v2.0"
"/Return/ReturnData/IRS990ScheduleG/FundraisingEventInformationGrp/RentFcltyCostsTotalEventsAmt",30547,30547,"2017v2.2, 2017v2.0, 2017v2.3"
"/Return/ReturnData/IRS990ScheduleM/OtherNonCashContriTableGrp/NonCashCheckboxInd",30536,14842,"2017v2.3, 2017v2.2, 2017v2.0"
"/Return/ReturnData/IRS990ScheduleA/TaxRevLeviedOrgnztnlBnft170Grp/TotalAmt",30391,30391,"2017v2.2, 2017v2.0, 2017v2.3"
"/Return/ReturnData/IRS990ScheduleA/GovtFurnSrvcFcltsVl509Grp/TotalAmt",30304,30304,"2017v2.2, 2017v2.0, 2017v2.3"
"/Return/ReturnData/IRS990ScheduleA/TaxRevLeviedOrgnztnlBnft509Grp/TotalAmt",30205,30205,"2017v2.0, 2017v2.3, 2017v2.2"
"/Return/ReturnData/IRS990ScheduleD/CYMinus3YrEndwmtFundGrp/EndYearBalanceAmt",30168,30168,"2017v2.0, 2017v2.2, 2017v2.3"
"/Return/ReturnData/IRS990ScheduleD/CYMinus2YrEndwmtFundGrp/BeginningYearBalanceAmt",30100,30100,"2017v2.0, 2017v2.3, 2017v2.2"
"/Return/ReturnData/IRS990/AcctCompileOrReviewBasisGrp",30038,30038,"2017v2.0, 2017v2.3, 2017v2.2"
"/Return/ReturnData/IRS990/OthNotesLoansReceivableNetGrp/BOYAmt",29624,29624,"2017v2.3, 2017v2.2, 2017v2.0"
"/Return/ReturnData/IRS990ScheduleD/CYMinus4YrEndwmtFundGrp/EndYearBalanceAmt",29373,29373,"2017v2.2, 2017v2.3, 2017v2.0"
"/Return/ReturnData/IRS990ScheduleD/CYMinus3YrEndwmtFundGrp/BeginningYearBalanceAmt",29301,29301,"2017v2.0, 2017v2.3, 2017v2.2"
"/Return/ReturnData/IRS990EZ/BooksInCareOfDetail/BusinessName",29239,29239,"2017v2.2, 2017v2.0, 2017v2.3"
"/Return/ReturnData/IRS990EZ/BooksInCareOfDetail/BusinessName/BusinessNameLine1Txt",29239,29239,"2017v2.0, 2017v2.2, 2017v2.3"
"/Return/ReturnData/IRS990ScheduleR/IdRelatedOrgTxblCorpTrGrp/OwnershipPct",29209,6882,"2017v2.0, 2017v2.2, 2017v2.3"
"/Return/ReturnData/IRS990EZ/MethodOfAccountingAccrualInd",29208,29208,"2017v2.0, 2017v2.3, 2017v2.2"
"/Return/ReturnData/IRS990ScheduleD/OtherRevenueAmt",29160,29160,"2017v2.3, 2017v2.0, 2017v2.2"
"/Return/ReturnData/IRS990ScheduleG/FundraisingEventInformationGrp/OtherEventsTotalCnt",29029,29029,"2017v2.3, 2017v2.0, 2017v2.2"
"/Return/ReturnData/IRS990/FSAuditedBasisGrp/ConsolidatedBasisFinclStmtInd",28963,28963,"2017v2.2, 2017v2.0, 2017v2.3"
"/Return/ReturnData/IRS990/Form8282FiledCnt",28812,28812,"2017v2.3, 2017v2.0, 2017v2.2"
"/Return/ReturnData/IRS990/CapStkTrPrinCurrentFundsGrp",28693,28693,"2017v2.2, 2017v2.0, 2017v2.3"
"/Return/ReturnData/IRS990/CapStkTrPrinCurrentFundsGrp/BOYAmt",28561,28561,"2017v2.2, 2017v2.0, 2017v2.3"
"/Return/ReturnData/IRS990ScheduleD/CYMinus4YrEndwmtFundGrp/BeginningYearBalanceAmt",28533,28533,"2017v2.0, 2017v2.3, 2017v2.2"
"/Return/ReturnData/IRS990EZ/InfoInScheduleOPartVInd",28519,28519,"2017v2.2, 2017v2.0, 2017v2.3"
"/Return/ReturnData/IRS990ScheduleF/AccountActivitiesOutsideUSGrp/SpecificServicesProvidedTxt",28472,8623,"2017v2.0, 2017v2.3, 2017v2.2"
"/Return/ReturnData/IRS990/CapStkTrPrinCurrentFundsGrp/EOYAmt",28414,28414,"2017v2.0, 2017v2.3, 2017v2.2"
"/Return/ReturnData/IRS990ScheduleF/AccountActivitiesOutsideUSGrp/EmployeeCnt",28410,8733,"2017v2.0, 2017v2.2, 2017v2.3"
"/Return/ReturnData/IRS990EZ/TaxImposedOnOrganizationMgrAmt",28233,28233,"2017v2.0, 2017v2.2, 2017v2.3"
"/Return/ReturnData/IRS990EZ/TaxReimbursedByOrganizationAmt",28200,28200,"2017v2.3, 2017v2.0, 2017v2.2"
"/Return/ReturnData/IRS990/FeesForSrvcInvstMgmntFeesGrp/ManagementAndGeneralAmt",28143,28143,"2017v2.3, 2017v2.0, 2017v2.2"
"/Return/ReturnData/IRS990ScheduleL/BusTrInvolveInterestedPrsnGrp/TransactionAmt",28140,15390,"2017v2.3, 2017v2.2, 2017v2.0"
"/Return/ReturnData/IRS990ScheduleL",28131,28131,"2017v2.0, 2017v2.2, 2017v2.3"
"/Return/ReturnData/IRS990ScheduleM/OtherNonCashContriTableGrp/MethodOfDeterminingRevenuesTxt",27985,12897,"2017v2.3, 2017v2.0, 2017v2.2"
"/Return/ReturnData/IRS990/UnsecuredNotesLoansPayableGrp",27951,27951,"2017v2.3, 2017v2.2, 2017v2.0"
"/Return/ReturnData/IRS990ScheduleM",27908,27908,"2017v2.3, 2017v2.2, 2017v2.0"
"/Return/ReturnData/IRS990ScheduleI/Total501c3OrgCnt",27750,27750,"2017v2.0, 2017v2.3, 2017v2.2"
"/Return/ReturnData/IRS990ScheduleM/ThirdPartiesUsedInd",27643,27643,"2017v2.2, 2017v2.0, 2017v2.3"
"/Return/ReturnData/IRS990ScheduleM/ReviewProcessUnusualNCGiftsInd",27641,27641,"2017v2.3, 2017v2.2, 2017v2.0"
"/Return/ReturnData/IRS990EZ/GamingGrossIncomeAmt",27545,27545,"2017v2.2, 2017v2.3, 2017v2.0"
"/Return/ReturnData/IRS990ScheduleM/AnyPropertyThatMustBeHeldInd",27529,27529,"2017v2.3, 2017v2.2, 2017v2.0"
"/Return/ReturnData/IRS990ScheduleF/AccountActivitiesOutsideUSGrp/OfficesCnt",27287,8601,"2017v2.0, 2017v2.2, 2017v2.3"
"/Return/ReturnData/IRS990ScheduleG/FundraisingEventInformationGrp/RentFacilityCostsEvent1Amt",27283,27283,"2017v2.2, 2017v2.3, 2017v2.0"
"/Return/ReturnData/IRS990/FeesForServicesManagementGrp/ManagementAndGeneralAmt",26922,26922,"2017v2.2, 2017v2.0, 2017v2.3"
"/Return/ReturnData/IRS990ScheduleD/CYEndwmtFundGrp/InvestmentEarningsOrLossesAmt",26667,26667,"2017v2.3, 2017v2.0, 2017v2.2"
"/Return/ReturnData/IRS990ScheduleG/FundraisingEventInformationGrp/GrossReceiptsOtherEventsAmt",26617,26617,"2017v2.3, 2017v2.0, 2017v2.2"
"/Return/ReturnData/IRS990ScheduleE/SupplementalInformationDetail",26423,13834,"2017v2.3, 2017v2.2, 2017v2.0"
"/Return/ReturnData/IRS990ScheduleE/SupplementalInformationDetail/FormAndLineReferenceDesc",26422,13834,"2017v2.0, 2017v2.2, 2017v2.3"
"/Return/ReturnData/IRS990ScheduleD/CYMinus1YrEndwmtFundGrp/InvestmentEarningsOrLossesAmt",26387,26387,"2017v2.0, 2017v2.3, 2017v2.2"
"/Return/ReturnData/IRS990/LessRentalExpensesGrp",26226,26226,"2017v2.2, 2017v2.3, 2017v2.0"
"/Return/ReturnData/TransferPrsnlBnftContractsDecl",26174,26174,"2017v2.2, 2017v2.3"
"/Return/ReturnData/TransferPrsnlBnftContractsDecl/DeclarationDesc",26174,26174,"2017v2.2, 2017v2.3"
"/Return/ReturnData/IRS990ScheduleR/IdDisregardedEntitiesGrp",26098,8374,"2017v2.2, 2017v2.3, 2017v2.0"
"/Return/ReturnData/IRS990/PdInCapSrplsLandBldgEqpFundGrp",26092,26092,"2017v2.0, 2017v2.3, 2017v2.2"
"/Return/ReturnData/IRS990ScheduleR/IdDisregardedEntitiesGrp/DisregardedEntityName/BusinessNameLine1Txt",26085,8370,"2017v2.3, 2017v2.0, 2017v2.2"
"/Return/ReturnData/IRS990ScheduleR/IdDisregardedEntitiesGrp/DisregardedEntityName",26085,8370,"2017v2.2, 2017v2.3, 2017v2.0"
"/Return/ReturnData/IRS990/PdInCapSrplsLandBldgEqpFundGrp/BOYAmt",25952,25952,"2017v2.2, 2017v2.0, 2017v2.3"
"/Return/ReturnData/IRS990ScheduleD/CYMinus2YrEndwmtFundGrp/InvestmentEarningsOrLossesAmt",25881,25881,"2017v2.2, 2017v2.0, 2017v2.3"
"/Return/ReturnData/IRS990/PdInCapSrplsLandBldgEqpFundGrp/EOYAmt",25877,25877,"2017v2.2, 2017v2.0, 2017v2.3"
"/Return/ReturnData/IRS990/NetGainOrLossInvestmentsGrp/RelatedOrExemptFuncIncomeAmt",25845,25845,"2017v2.3, 2017v2.2, 2017v2.0"
"/Return/ReturnData/IRS990/UnsecuredNotesLoansPayableGrp/EOYAmt",25823,25823,"2017v2.2, 2017v2.0, 2017v2.3"
"/Return/ReturnData/IRS990/QuidProQuoContriDisclInd",25819,25819,"2017v2.3, 2017v2.0, 2017v2.2"
"/Return/ReturnData/IRS990ScheduleR/IdDisregardedEntitiesGrp/PrimaryActivitiesTxt",25806,8258,"2017v2.0, 2017v2.3, 2017v2.2"
"/Return/ReturnData/IRS990/UnsecuredNotesLoansPayableGrp/BOYAmt",25694,25694,"2017v2.2, 2017v2.3, 2017v2.0"
"/Return/ReturnData/IRS990ScheduleR/IdDisregardedEntitiesGrp/LegalDomicileStateCd",25683,8240,"2017v2.0, 2017v2.2, 2017v2.3"
"/Return/ReturnData/IRS990/FeesForServicesAccountingGrp/FundraisingAmt",25651,25651,"2017v2.2, 2017v2.0, 2017v2.3"
"/Return/ReturnData/IRS990ScheduleR/IdDisregardedEntitiesGrp/USAddress/ZIPCd",25643,8214,"2017v2.0, 2017v2.2, 2017v2.3"
"/Return/ReturnData/IRS990ScheduleR/IdDisregardedEntitiesGrp/USAddress/CityNm",25643,8214,"2017v2.0, 2017v2.2, 2017v2.3"
"/Return/ReturnData/IRS990ScheduleR/IdDisregardedEntitiesGrp/USAddress",25643,8214,"2017v2.2, 2017v2.0, 2017v2.3"
"/Return/ReturnData/IRS990ScheduleR/IdDisregardedEntitiesGrp/USAddress/StateAbbreviationCd",25643,8214,"2017v2.2, 2017v2.3, 2017v2.0"
"/Return/ReturnData/IRS990ScheduleR/IdDisregardedEntitiesGrp/USAddress/AddressLine1Txt",25643,8214,"2017v2.0, 2017v2.2, 2017v2.3"
"/Return/ReturnData/IRS990/LessRentalExpensesGrp/RealAmt",25636,25636,"2017v2.0, 2017v2.3, 2017v2.2"
"/Return/ReturnData/IRS990/AcctCompileOrReviewBasisGrp/SeparateBasisFinclStmtInd",25586,25586,"2017v2.3, 2017v2.0, 2017v2.2"
"/Return/ReturnData/IRS990ScheduleD/CYMinus3YrEndwmtFundGrp/InvestmentEarningsOrLossesAmt",25303,25303,"2017v2.2, 2017v2.3, 2017v2.0"
"/Return/ReturnData/IRS990/ConferencesMeetingsGrp/FundraisingAmt",25266,25266,"2017v2.2, 2017v2.3, 2017v2.0"
"/Return/ReturnData/IRS990EZ/RelatedOrgSect527OrgInd",25178,25178,"2017v2.2, 2017v2.0, 2017v2.3"
"/Return/ReturnData/IRS990ScheduleG/FundraisingEventInformationGrp/GrossRevenueOtherEventsAmt",25128,25128,"2017v2.0, 2017v2.3, 2017v2.2"
"/Return/ReturnData/IRS990ScheduleR/IdRelatedOrgTxblCorpTrGrp/ShareOfEOYAssetsAmt",24845,5364,"2017v2.2, 2017v2.0, 2017v2.3"
"/Return/ReturnData/IRS990/PriorPeriodAdjustmentsAmt",24670,24670,"2017v2.3, 2017v2.2, 2017v2.0"
"/Return/ReturnData/IRS990ScheduleD/CYMinus4YrEndwmtFundGrp/InvestmentEarningsOrLossesAmt",24632,24632,"2017v2.0, 2017v2.2, 2017v2.3"
"/Return/ReturnData/IRS990/LessCostOthBasisSalesExpnssGrp/OtherAmt",24599,24599,"2017v2.2, 2017v2.3, 2017v2.0"
"/Return/ReturnData/IRS990ScheduleR/IdRelatedOrgTxblCorpTrGrp/ShareOfTotalIncomeAmt",24091,5085,"2017v2.3, 2017v2.0, 2017v2.2"
"/Return/ReturnData/IRS990/GrossAmountSalesAssetsGrp/OtherAmt",24076,24076,"2017v2.2, 2017v2.3, 2017v2.0"
"/Return/ReturnData/IRS990/PensionPlanContributionsGrp/FundraisingAmt",23961,23961,"2017v2.0, 2017v2.3, 2017v2.2"
"/Return/ReturnData/IRS990/NetIncomeOrLossGrp/RelatedOrExemptFuncIncomeAmt",23859,23859,"2017v2.0, 2017v2.3, 2017v2.2"
"/Return/ReturnData/IRS990/InformationTechnologyGrp/FundraisingAmt",23766,23766,"2017v2.2, 2017v2.0, 2017v2.3"
"/Return/ReturnData/IRS990/ProgSrvcAccomActy3Grp/RevenueAmt",23682,23682,"2017v2.2, 2017v2.0, 2017v2.3"
"/Return/ReturnData/IRS990ScheduleR/IdRelatedOrgTxblPartnershipGrp/ShareOfEOYAssetsAmt",23649,3425,"2017v2.2, 2017v2.3, 2017v2.0"
"/Return/ReturnData/IRS990/IntangibleAssetsGrp/BOYAmt",23544,23544,"2017v2.0, 2017v2.3, 2017v2.2"
"/Return/ReturnData/IRS990ScheduleR/IdRelatedOrgTxblPartnershipGrp/ShareOfTotalIncomeAmt",23409,3448,"2017v2.3, 2017v2.0, 2017v2.2"
"/Return/ReturnData/IRS990ScheduleR/IdRelatedOrgTxblPartnershipGrp/OwnershipPct",23273,4027,"2017v2.2, 2017v2.3, 2017v2.0"
"/Return/ReturnData/IRS990/FederalGrantAuditPerformedInd",22853,22853,"2017v2.0, 2017v2.2, 2017v2.3"
"/Return/ReturnData/IRS990ScheduleH/OthHlthCareFcltsNotHospitalGrp/OthHlthCareFcltsGrp/USAddress/ZIPCd",22616,1556,"2017v2.3, 2017v2.0, 2017v2.2"
"/Return/ReturnData/IRS990ScheduleH/OthHlthCareFcltsNotHospitalGrp/OthHlthCareFcltsGrp/USAddress/AddressLine1Txt",22616,1556,"2017v2.3, 2017v2.2, 2017v2.0"
"/Return/ReturnData/IRS990ScheduleH/OthHlthCareFcltsNotHospitalGrp/OthHlthCareFcltsGrp/USAddress/CityNm",22616,1556,"2017v2.3, 2017v2.2, 2017v2.0"
"/Return/ReturnData/IRS990ScheduleH/OthHlthCareFcltsNotHospitalGrp/OthHlthCareFcltsGrp/USAddress/StateAbbreviationCd",22616,1556,"2017v2.3, 2017v2.0, 2017v2.2"
"/Return/ReturnData/IRS990ScheduleH/OthHlthCareFcltsNotHospitalGrp/OthHlthCareFcltsGrp/BusinessName/BusinessNameLine1Txt",22616,1556,"2017v2.0, 2017v2.2, 2017v2.3"
"/Return/ReturnData/IRS990ScheduleH/OthHlthCareFcltsNotHospitalGrp/OthHlthCareFcltsGrp/BusinessName",22616,1556,"2017v2.0, 2017v2.3, 2017v2.2"
"/Return/ReturnData/IRS990ScheduleH/OthHlthCareFcltsNotHospitalGrp/OthHlthCareFcltsGrp",22616,1556,"2017v2.2, 2017v2.0, 2017v2.3"
"/Return/ReturnData/IRS990ScheduleH/OthHlthCareFcltsNotHospitalGrp/OthHlthCareFcltsGrp/FacilityTxt",22616,1556,"2017v2.0, 2017v2.3, 2017v2.2"
"/Return/ReturnData/IRS990ScheduleH/OthHlthCareFcltsNotHospitalGrp/OthHlthCareFcltsGrp/USAddress",22616,1556,"2017v2.2, 2017v2.3, 2017v2.0"
"/Return/ReturnData/IRS990ScheduleG/FundraisingEventInformationGrp/OthDirectExpnssOtherEventsAmt",22563,22563,"2017v2.2, 2017v2.3, 2017v2.0"
"/Return/ReturnData/IRS990ScheduleL/BusTrInvolveInterestedPrsnGrp/NameOfInterested/PersonNm",22378,12313,"2017v2.2, 2017v2.3, 2017v2.0"
"/Return/ReturnData/IRS990ScheduleR/IdDisregardedEntitiesGrp/EIN",22198,7057,"2017v2.0, 2017v2.2, 2017v2.3"
"/Return/ReturnData/IRS990ScheduleL/LoansBtwnOrgInterestedPrsnGrp",22184,10959,"2017v2.0, 2017v2.3, 2017v2.2"
"/Return/ReturnData/IRS990ScheduleD/PrmnntEndowmentBalanceEOYPct",22117,22117,"2017v2.3, 2017v2.2, 2017v2.0"
"/Return/ReturnData/IRS990ScheduleL/LoansBtwnOrgInterestedPrsnGrp/DefaultInd",22052,10942,"2017v2.2, 2017v2.0, 2017v2.3"
"/Return/ReturnData/IRS990ScheduleL/LoansBtwnOrgInterestedPrsnGrp/BoardOrCommitteeApprovalInd",22040,10918,"2017v2.2, 2017v2.0, 2017v2.3"
"/Return/ReturnData/IRS990ScheduleL/LoansBtwnOrgInterestedPrsnGrp/WrittenAgreementInd",22007,10889,"2017v2.3, 2017v2.2, 2017v2.0"
"/Return/ReturnData/IRS990ScheduleR/IdDisregardedEntitiesGrp/DirectControllingEntityName",21821,6904,"2017v2.0, 2017v2.3, 2017v2.2"
"/Return/ReturnData/IRS990ScheduleR/IdDisregardedEntitiesGrp/DirectControllingEntityName/BusinessNameLine1Txt",21821,6904,"2017v2.0, 2017v2.3, 2017v2.2"
"/Return/ReturnData/IRS990ScheduleG/AgrmtProfFundraisingActyInd",21750,21750,"2017v2.2, 2017v2.3, 2017v2.0"
"/Return/ReturnData/IRS990/GamingGrossIncomeAmt",21588,21588,"2017v2.0, 2017v2.3, 2017v2.2"
"/Return/ReturnData/IRS990ScheduleD/DonatedServicesAndUseFcltsAmt",21285,21285,"2017v2.0, 2017v2.2, 2017v2.3"
"/Return/ReturnData/IRS990/ProgramServiceRevenueGrp/ExclusionAmt",21275,11383,"2017v2.3, 2017v2.0, 2017v2.2"
"/Return/ReturnData/IRS990/FeesForServicesManagementGrp/ProgramServicesAmt",21222,21222,"2017v2.2, 2017v2.3, 2017v2.0"
"/Return/ReturnData/IRS990ScheduleJ/CompensationSurveyInd",21127,21127,"2017v2.3, 2017v2.0, 2017v2.2"
"/Return/ReturnData/IRS990/TotalOthProgramServiceRevGrp",21082,21082,"2017v2.0, 2017v2.2, 2017v2.3"
"/Return/ReturnData/IRS990/TotalOthProgramServiceRevGrp/TotalRevenueColumnAmt",21076,21076,"2017v2.0, 2017v2.2, 2017v2.3"
"/Return/ReturnData/IRS990ScheduleA/OtherIncome509Grp/CurrentTaxYearAmt",20983,20983,"2017v2.0, 2017v2.2, 2017v2.3"
"/Return/ReturnData/IRS990/GamingDirectExpensesAmt",20869,20869,"2017v2.3, 2017v2.0, 2017v2.2"
"/Return/ReturnData/IRS990ScheduleA/OtherIncome509Grp/CurrentTaxYearMinus1YearAmt",20811,20811,"2017v2.3, 2017v2.2, 2017v2.0"
"/Return/ReturnData/IRS990ScheduleE/SupplementalInformationDetail/ExplanationTxt",20691,12916,"2017v2.3, 2017v2.0, 2017v2.2"
"/Return/ReturnData/IRS990/LoansFromOfficersDirectorsGrp",20664,20664,"2017v2.3, 2017v2.0, 2017v2.2"
"/Return/ReturnData/IRS990/NetRentalIncomeOrLossGrp/ExclusionAmt",20554,20554,"2017v2.3, 2017v2.2, 2017v2.0"
"/Return/ReturnData/IRS990/InvestmentsProgramRelatedGrp/BOYAmt",20536,20536,"2017v2.2, 2017v2.0, 2017v2.3"
"/Return/ReturnData/IRS990ScheduleD/DonatedServicesUseFcltsAmt",20520,20520,"2017v2.2, 2017v2.3, 2017v2.0"
"/Return/ReturnData/IRS990EZ/GrossSalesOfInventoryAmt",20484,20484,"2017v2.3, 2017v2.2, 2017v2.0"
"/Return/ReturnData/IRS990ScheduleA/OtherIncome509Grp/CurrentTaxYearMinus2YearsAmt",20459,20459,"2017v2.3, 2017v2.0, 2017v2.2"
"/Return/ReturnData/IRS990ScheduleA/OtherIncome509Grp/CurrentTaxYearMinus3YearsAmt",20053,20053,"2017v2.0, 2017v2.3, 2017v2.2"
"/Return/ReturnData/IRS990ScheduleG/FundraisingEventInformationGrp/EntertainmentTotalEventsAmt",19954,19954,"2017v2.0, 2017v2.2, 2017v2.3"
"/Return/ReturnData/IRS990ScheduleL/LoansBtwnOrgInterestedPrsnGrp/OriginalPrincipalAmt",19852,10367,"2017v2.2, 2017v2.3, 2017v2.0"
"/Return/ReturnData/IRS990ScheduleA/OtherSupportSumAmt",19794,19794,"2017v2.3, 2017v2.0, 2017v2.2"
"/Return/ReturnData/IRS990/ContractorCompensationGrp/ContractorName/PersonNm",19700,7903,"2017v2.2, 2017v2.3, 2017v2.0"
"/Return/ReturnData/IRS990/ProgramServiceRevenueGrp/UnrelatedBusinessRevenueAmt",19633,12026,"2017v2.2, 2017v2.0, 2017v2.3"
"/Return/ReturnData/IRS990ScheduleA/OtherIncome509Grp/CurrentTaxYearMinus4YearsAmt",19553,19553,"2017v2.0, 2017v2.3, 2017v2.2"
"/Return/ReturnData/IRS990ScheduleI/TotalOtherOrgCnt",19420,19420,"2017v2.0, 2017v2.3, 2017v2.2"
"/Return/ReturnData/IRS990ScheduleL/LoansBtwnOrgInterestedPrsnGrp/LoanPurposeTxt",19398,10119,"2017v2.3, 2017v2.0, 2017v2.2"
"/Return/ReturnData/IRS990/LoansFromOfficersDirectorsGrp/EOYAmt",19346,19346,"2017v2.0, 2017v2.2, 2017v2.3"
"/Return/ReturnData/IRS990/GrantsPayableGrp",19319,19319,"2017v2.0, 2017v2.3, 2017v2.2"
"/Return/ReturnData/IRS990ScheduleL/LoansBtwnOrgInterestedPrsnGrp/BalanceDueAmt",19220,10080,"2017v2.3, 2017v2.2, 2017v2.0"
"/Return/ReturnData/IRS990ScheduleD/TotalBookValueSecuritiesAmt",18637,18637,"2017v2.0, 2017v2.2, 2017v2.3"
"/Return/ReturnData/IRS990/TotalOtherProgSrvcRevenueAmt",18594,18594,"2017v2.3, 2017v2.2, 2017v2.0"
"/Return/ReturnData/IRS990/EscrowAccountLiabilityGrp",18540,18540,"2017v2.0, 2017v2.3, 2017v2.2"
"/Return/ReturnData/IRS990/LoansFromOfficersDirectorsGrp/BOYAmt",18493,18493,"2017v2.2, 2017v2.0, 2017v2.3"
"/Return/ReturnData/IRS990/GrantsPayableGrp/BOYAmt",18476,18476,"2017v2.2, 2017v2.0, 2017v2.3"
"/Return/ReturnData/IRS990/RentalIncomeOrLossGrp/PersonalAmt",18475,18475,"2017v2.0, 2017v2.2, 2017v2.3"
"/Return/ReturnData/IRS990ScheduleL/LoansBtwnOrgInterestedPrsnGrp/PersonNm",18456,9708,"2017v2.3, 2017v2.0, 2017v2.2"
"/Return/ReturnData/IRS990/GrantsPayableGrp/EOYAmt",18444,18444,"2017v2.0, 2017v2.3, 2017v2.2"
"/Return/ReturnData/IRS990ScheduleL/LoansBtwnOrgInterestedPrsnGrp/RelationshipWithOrgTxt",18432,9687,"2017v2.2, 2017v2.0, 2017v2.3"
"/Return/ReturnData/IRS990/TaxExemptBondLiabilitiesGrp",18257,18257,"2017v2.0, 2017v2.3, 2017v2.2"
"/Return/ReturnData/IRS990/EscrowAccountLiabilityGrp/BOYAmt",18169,18169,"2017v2.0, 2017v2.2, 2017v2.3"
"/Return/ReturnData/IRS990ScheduleD/CYEndwmtFundGrp/ContributionsAmt",18161,18161,"2017v2.0, 2017v2.3, 2017v2.2"
"/Return/ReturnData/IRS990/DoingBusinessAsName",18160,18160,"2017v2.2, 2017v2.0, 2017v2.3"
"/Return/ReturnData/IRS990/DoingBusinessAsName/BusinessNameLine1Txt",18160,18160,"2017v2.0, 2017v2.2, 2017v2.3"
"/Return/ReturnData/IRS990/EscrowAccountLiabilityGrp/EOYAmt",18122,18122,"2017v2.2, 2017v2.0, 2017v2.3"
"/Return/ReturnData/IRS990ScheduleD/CYMinus1YrEndwmtFundGrp/ContributionsAmt",18120,18120,"2017v2.0, 2017v2.3, 2017v2.2"
"/Return/ReturnData/IRS990ScheduleD/CYMinus2YrEndwmtFundGrp/ContributionsAmt",18088,18088,"2017v2.0, 2017v2.2, 2017v2.3"
"/Return/ReturnData/IRS990/TaxExemptBondLiabilitiesGrp/BOYAmt",18044,18044,"2017v2.3, 2017v2.2, 2017v2.0"
"/Return/ReturnData/IRS990/ProgSrvcAccomActyOtherGrp/RevenueAmt",18025,12634,"2017v2.2, 2017v2.3, 2017v2.0"
"/Return/ReturnData/IRS990ScheduleD/CYMinus3YrEndwmtFundGrp/ContributionsAmt",17961,17961,"2017v2.3, 2017v2.0, 2017v2.2"
"/Return/ReturnData/IRS990ScheduleA/SupportSumAmt",17945,17945,"2017v2.3, 2017v2.0, 2017v2.2"
"/Return/ReturnData/IRS990ScheduleA/SupportedOrganizationsCnt",17929,17929,"2017v2.3, 2017v2.0, 2017v2.2"
"/Return/ReturnData/IRS990/TaxExemptBondLiabilitiesGrp/EOYAmt",17880,17880,"2017v2.2, 2017v2.0, 2017v2.3"
"/Return/ReturnData/IRS990ScheduleA/Form990SchASupportingOrgGrp/DisqualifiedPrsnControllIntInd",17818,17818,"2017v2.2, 2017v2.3, 2017v2.0"
"/Return/ReturnData/IRS990ScheduleA/Form990SchASupportingOrgGrp/DisqualifiedPrsnOwnrIntInd",17818,17818,"2017v2.3, 2017v2.2, 2017v2.0"
"/Return/ReturnData/IRS990ScheduleA/Form990SchASupportingOrgGrp/ExcessBusinessHoldingsRulesInd",17818,17818,"2017v2.0, 2017v2.3, 2017v2.2"
"/Return/ReturnData/IRS990ScheduleA/Form990SchASupportingOrgGrp",17818,17818,"2017v2.0, 2017v2.2, 2017v2.3"
"/Return/ReturnData/IRS990ScheduleA/Form990SchASupportingOrgGrp/ListedByNameGoverningDocInd",17818,17818,"2017v2.2, 2017v2.0, 2017v2.3"
"/Return/ReturnData/IRS990ScheduleA/Form990SchASupportingOrgGrp/SuprtOrgNoIRSDeterminationInd",17818,17818,"2017v2.0, 2017v2.2, 2017v2.3"
"/Return/ReturnData/IRS990ScheduleA/Form990SchASupportingOrgGrp/SupportedOrgNotOrganizedUSInd",17818,17818,"2017v2.3, 2017v2.2, 2017v2.0"
"/Return/ReturnData/IRS990ScheduleA/Form990SchASupportingOrgGrp/PaymentSubstantialContribtrInd",17818,17818,"2017v2.0, 2017v2.2, 2017v2.3"
"/Return/ReturnData/IRS990ScheduleA/Form990SchASupportingOrgGrp/OrganizationChangeSuprtOrgInd",17818,17818,"2017v2.2, 2017v2.3, 2017v2.0"
"/Return/ReturnData/IRS990ScheduleA/Form990SchASupportingOrgGrp/SupportNonSupportedOrgInd",17818,17818,"2017v2.0, 2017v2.2, 2017v2.3"
"/Return/ReturnData/IRS990ScheduleA/Form990SchASupportingOrgGrp/SupportedOrgSectionC456Ind",17818,17818,"2017v2.2, 2017v2.3, 2017v2.0"
"/Return/ReturnData/IRS990ScheduleA/Form990SchASupportingOrgGrp/ContributionFamilyInd",17818,17818,"2017v2.2, 2017v2.3, 2017v2.0"
"/Return/ReturnData/IRS990ScheduleA/Form990SchASupportingOrgGrp/ContributionControllerInd",17818,17818,"2017v2.3, 2017v2.0, 2017v2.2"
"/Return/ReturnData/IRS990ScheduleA/Form990SchASupportingOrgGrp/LoanDisqualifiedPersonInd",17818,17818,"2017v2.2, 2017v2.0, 2017v2.3"
"/Return/ReturnData/IRS990ScheduleA/Form990SchASupportingOrgGrp/ControlledDisqualifiedPrsnInd",17818,17818,"2017v2.0, 2017v2.3, 2017v2.2"
"/Return/ReturnData/IRS990ScheduleA/Form990SchASupportingOrgGrp/Contribution35ControlledInd",17818,17818,"2017v2.0, 2017v2.2, 2017v2.3"
"/Return/ReturnData/IRS990ScheduleD/CYMinus4YrEndwmtFundGrp/ContributionsAmt",17716,17716,"2017v2.3, 2017v2.2, 2017v2.0"
"/Return/ReturnData/IRS990/TotalOthProgramServiceRevGrp/RelatedOrExemptFuncIncomeAmt",17716,17716,"2017v2.3, 2017v2.0, 2017v2.2"
"/Return/ReturnData/IRS990ScheduleI/RecipientTable/USAddress/AddressLine2Txt",17696,2825,"2017v2.0, 2017v2.2, 2017v2.3"
"/Return/ReturnData/IRS990/ProgSrvcAccomActy2Grp/GrantAmt",17675,17675,"2017v2.3, 2017v2.2, 2017v2.0"
"/Return/ReturnData/IRS990ScheduleD/OtherRevenuesNotIncludedAmt",17619,17619,"2017v2.0, 2017v2.2, 2017v2.3"
"/Return/ReturnData/IRS990ScheduleR/IdDisregardedEntitiesGrp/EndOfYearAssetsAmt",17587,6392,"2017v2.2, 2017v2.3, 2017v2.0"
"/Return/ReturnData/IRS990ScheduleA/SupportedOrganizationsTotalCnt",17536,17536,"2017v2.2, 2017v2.3, 2017v2.0"
"/Return/ReturnData/IRS990ScheduleA/SupportingOrganization509a3Ind",17518,17518,"2017v2.2, 2017v2.0, 2017v2.3"
"/Return/ReturnData/IRS990ScheduleD/EquipmentGrp/InvestmentCostOrOtherBasisAmt",17515,17515,"2017v2.3, 2017v2.0, 2017v2.2"
"/Return/ReturnData/IRS990ScheduleG/FundraisingEventInformationGrp/CharitableContriEvent2Amt",17419,17419,"2017v2.0, 2017v2.3, 2017v2.2"
"/Return/ReturnData/IRS990ScheduleG/FundraisingEventInformationGrp/EntertainmentEvent1Amt",17298,17298,"2017v2.2, 2017v2.3, 2017v2.0"
"/Return/ReturnData/IRS990ScheduleD/BoardDesignatedBalanceEOYPct",17297,17297,"2017v2.2, 2017v2.0, 2017v2.3"
"/Return/ReturnData/IRS990ScheduleA/SubstAndDsqlfyPrsnsTotGrp/CurrentTaxYearAmt",17258,17258,"2017v2.2, 2017v2.3, 2017v2.0"
"/Return/ReturnData/IRS990ScheduleC/SubstantiallyAllDuesNondedInd",17235,17235,"2017v2.0, 2017v2.3, 2017v2.2"
"/Return/ReturnData/IRS990ScheduleD/TermEndowmentBalanceEOYPct",17223,17223,"2017v2.0, 2017v2.3, 2017v2.2"
"/Return/ReturnData/IRS990ScheduleC/OnlyInHouseLobbyingInd",17201,17201,"2017v2.0, 2017v2.3, 2017v2.2"
"/Return/ReturnData/IRS990/OwnWebsiteInd",17189,17189,"2017v2.3, 2017v2.0, 2017v2.2"
"/Return/ReturnData/IRS990ScheduleA/SubstAndDsqlfyPrsnsTotGrp/CurrentTaxYearMinus1YearAmt",17141,17141,"2017v2.3, 2017v2.2, 2017v2.0"
"/Return/ReturnData/IRS990/RelatedOrganizationsAmt",17101,17101,"2017v2.0, 2017v2.3, 2017v2.2"
"/Return/ReturnData/IRS990ScheduleC/AgreeCarryoverPriorYearInd",17093,17093,"2017v2.0, 2017v2.2, 2017v2.3"
"/Return/ReturnData/IRS990/FederatedCampaignsAmt",16884,16884,"2017v2.3, 2017v2.2, 2017v2.0"
"/Return/ReturnData/IRS990ScheduleR/IdDisregardedEntitiesGrp/TotalIncomeAmt",16845,6115,"2017v2.2, 2017v2.0, 2017v2.3"
"/Return/ReturnData/IRS990ScheduleA/SubstAndDsqlfyPrsnsTotGrp/CurrentTaxYearMinus2YearsAmt",16774,16774,"2017v2.0, 2017v2.3, 2017v2.2"
"/Return/ReturnData/IRS990ScheduleD/InclEscrowCustodialAcctLiabInd",16752,16752,"2017v2.3, 2017v2.0, 2017v2.2"
"/Return/ReturnData/IRS990ScheduleJ/CompensationCommitteeInd",16428,16428,"2017v2.2, 2017v2.0, 2017v2.3"
"/Return/ReturnData/IRS990ScheduleA/SchoolInd",16382,16382,"2017v2.2, 2017v2.3, 2017v2.0"
"/Return/ReturnData/IRS990ScheduleI/GrantsOtherAsstToIndivInUSGrp/ValuationMethodUsedDesc",16330,9247,"2017v2.3, 2017v2.2, 2017v2.0"
"/Return/ReturnData/IRS990ScheduleA/SubstAndDsqlfyPrsnsTotGrp/CurrentTaxYearMinus3YearsAmt",16177,16177,"2017v2.3, 2017v2.2, 2017v2.0"
"/Return/ReturnData/IRS990ScheduleE",16090,16090,"2017v2.3, 2017v2.2, 2017v2.0"
"/Return/ReturnData/IRS990/ReceivablesFromOfficersEtcGrp/BOYAmt",16061,16061,"2017v2.2, 2017v2.3, 2017v2.0"
"/Return/ReturnData/IRS990ScheduleE/NondiscriminatoryPolicyStmtInd",15901,15901,"2017v2.0, 2017v2.3, 2017v2.2"
"/Return/ReturnData/IRS990ScheduleE/PolicyStmtInBrochuresEtcInd",15893,15893,"2017v2.3, 2017v2.2, 2017v2.0"
"/Return/ReturnData/IRS990ScheduleA/GrossReceiptsNonUnrltBusGrp/CurrentTaxYearAmt",15874,15874,"2017v2.2, 2017v2.0, 2017v2.3"
"/Return/ReturnData/IRS990ScheduleE/PlcyPblczdViaBroadcastMediaInd",15870,15870,"2017v2.0, 2017v2.3, 2017v2.2"
"/Return/ReturnData/IRS990ScheduleE/DiscriminateRaceAdmissPlcyInd",15866,15866,"2017v2.2, 2017v2.3, 2017v2.0"
"/Return/ReturnData/IRS990ScheduleE/DiscriminateRaceStdntsRghtsInd",15866,15866,"2017v2.0, 2017v2.3, 2017v2.2"
"/Return/ReturnData/IRS990ScheduleE/MaintainRacialCompRecsInd",15866,15866,"2017v2.3, 2017v2.2, 2017v2.0"
"/Return/ReturnData/IRS990ScheduleE/DiscriminateRaceEmplmFcultyInd",15865,15865,"2017v2.2, 2017v2.3, 2017v2.0"
"/Return/ReturnData/IRS990ScheduleE/MaintainCpyOfBrochuresEtcInd",15865,15865,"2017v2.2, 2017v2.0, 2017v2.3"
"/Return/ReturnData/IRS990ScheduleE/DiscriminateRaceEducPlcyInd",15864,15864,"2017v2.3, 2017v2.0, 2017v2.2"
"/Return/ReturnData/IRS990ScheduleE/GovernmentFinancialAidRcvdInd",15863,15863,"2017v2.3, 2017v2.2, 2017v2.0"
"/Return/ReturnData/IRS990ScheduleE/DiscriminateRaceUseOfFcltsInd",15863,15863,"2017v2.2, 2017v2.3, 2017v2.0"
"/Return/ReturnData/IRS990ScheduleE/ComplianceWithRevProc7550Ind",15858,15858,"2017v2.2, 2017v2.0, 2017v2.3"
"/Return/ReturnData/IRS990ScheduleE/DiscriminateRaceSchsInd",15856,15856,"2017v2.3, 2017v2.0, 2017v2.2"
"/Return/ReturnData/IRS990ScheduleE/MaintainScholarshipsRecsInd",15852,15852,"2017v2.2, 2017v2.0, 2017v2.3"
"/Return/ReturnData/IRS990ScheduleE/MaintainCpyOfAllSolInd",15846,15846,"2017v2.2, 2017v2.3, 2017v2.0"
"/Return/ReturnData/IRS990ScheduleE/DiscriminateRaceAthltProgInd",15845,15845,"2017v2.2, 2017v2.0, 2017v2.3"
"/Return/ReturnData/IRS990ScheduleE/DiscriminateRaceOtherActyInd",15834,15834,"2017v2.2, 2017v2.3, 2017v2.0"
"/Return/ReturnData/IRS990ScheduleE/GovernmentFinancialAidRvkdInd",15805,15805,"2017v2.0, 2017v2.2, 2017v2.3"
"/Return/ReturnData/IRS990ScheduleA/SubstAndDsqlfyPrsnsTotGrp/CurrentTaxYearMinus4YearsAmt",15785,15785,"2017v2.0, 2017v2.2, 2017v2.3"
"/Return/ReturnData/IRS990ScheduleH/SupplementalInformationGrp/FormAndLineReferenceDesc",15416,2381,"2017v2.0, 2017v2.3, 2017v2.2"
"/Return/ReturnData/IRS990ScheduleH/SupplementalInformationGrp",15416,2381,"2017v2.2, 2017v2.3, 2017v2.0"
"/Return/ReturnData/IRS990ScheduleH/SupplementalInformationGrp/ExplanationTxt",15401,2379,"2017v2.3, 2017v2.0, 2017v2.2"
"/Return/ReturnData/IRS990ScheduleD/CYEndwmtFundGrp/OtherExpendituresAmt",15363,15363,"2017v2.0, 2017v2.2, 2017v2.3"
"/Return/ReturnData/IRS990ScheduleA/First5Years509Ind",15285,15285,"2017v2.0, 2017v2.2, 2017v2.3"
"/Return/ReturnData/IRS990ScheduleA/GrossReceiptsNonUnrltBusGrp/CurrentTaxYearMinus1YearAmt",15223,15223,"2017v2.2, 2017v2.0, 2017v2.3"
"/Return/ReturnData/IRS990ScheduleD/CYMinus1YrEndwmtFundGrp/OtherExpendituresAmt",15104,15104,"2017v2.3, 2017v2.2, 2017v2.0"
"/Return/ReturnData/IRS990ScheduleD/OtherExpensesNotIncludedAmt",15017,15017,"2017v2.3, 2017v2.2, 2017v2.0"
"/Return/ReturnData/IRS990ScheduleG/FundraisingEventInformationGrp/NonCashPrizesTotalEventsAmt",14866,14866,"2017v2.2, 2017v2.0, 2017v2.3"
"/Return/ReturnData/IRS990ScheduleD/CYMinus2YrEndwmtFundGrp/OtherExpendituresAmt",14865,14865,"2017v2.2, 2017v2.0, 2017v2.3"
"/Return/ReturnData/IRS990/NetRentalIncomeOrLossGrp/RelatedOrExemptFuncIncomeAmt",14654,14654,"2017v2.3, 2017v2.0, 2017v2.2"
"/Return/ReturnData/IRS990ScheduleD/CYMinus3YrEndwmtFundGrp/OtherExpendituresAmt",14630,14630,"2017v2.2, 2017v2.0, 2017v2.3"
"/Return/ReturnData/IRS990ScheduleA/GrossReceiptsNonUnrltBusGrp/CurrentTaxYearMinus2YearsAmt",14431,14431,"2017v2.0, 2017v2.3, 2017v2.2"
"/Return/ReturnData/IRS990ScheduleD/CYMinus4YrEndwmtFundGrp/OtherExpendituresAmt",14317,14317,"2017v2.3, 2017v2.0, 2017v2.2"
"/Return/ReturnData/IRS990ScheduleD/BuildingsGrp/InvestmentCostOrOtherBasisAmt",14207,14207,"2017v2.2, 2017v2.3, 2017v2.0"
"/Return/ReturnData/IRS990/Form990PartVIISectionAGrp/FormerOfcrDirectorTrusteeInd",14155,7441,"2017v2.0, 2017v2.2, 2017v2.3"
"/Return/ReturnData/IRS990/MiscellaneousRevenueGrp",13926,13926,"2017v2.3, 2017v2.0, 2017v2.2"
"/Return/ReturnData/IRS990/MiscellaneousRevenueGrp/TotalRevenueColumnAmt",13922,13922,"2017v2.0, 2017v2.3, 2017v2.2"
"/Return/ReturnData/IRS990ScheduleG/SpecialFundraisingEventsInd",13579,13579,"2017v2.3, 2017v2.0, 2017v2.2"
"/Return/ReturnData/IRS990ScheduleA/GrossReceiptsNonUnrltBusGrp/CurrentTaxYearMinus3YearsAmt",13517,13517,"2017v2.0, 2017v2.2, 2017v2.3"
"/Return/ReturnData/IRS990ScheduleA/First5Years170Ind",13428,13428,"2017v2.2, 2017v2.0, 2017v2.3"
"/Return/ReturnData/IRS990ScheduleF",13371,13371,"2017v2.3, 2017v2.2, 2017v2.0"
"/Return/ReturnData/IRS990/PoliciesReferenceChaptersInd",13370,13370,"2017v2.3, 2017v2.2, 2017v2.0"
"/Return/ReturnHeader/Filer/InCareOfNm",13351,13351,"2017v2.3, 2017v2.0, 2017v2.2"
"/Return/ReturnData/IRS990ScheduleF/GrantsToOrgOutsideUSGrp/ValuationMethodUsedDesc",13282,1665,"2017v2.3, 2017v2.0, 2017v2.2"
"/Return/ReturnData/IRS990ScheduleK/TaxExemptBondsIssuesGrp/BondReferenceCd",13239,6392,"2017v2.2, 2017v2.0, 2017v2.3"
"/Return/ReturnData/IRS990ScheduleK/TaxExemptBondsIssuesGrp",13239,6392,"2017v2.3, 2017v2.0, 2017v2.2"
"/Return/ReturnData/IRS990ScheduleK/TaxExemptBondsIssuesGrp/IssuerName",13225,6390,"2017v2.2, 2017v2.0, 2017v2.3"
"/Return/ReturnData/IRS990ScheduleK/TaxExemptBondsIssuesGrp/IssuerName/BusinessNameLine1Txt",13225,6390,"2017v2.2, 2017v2.3, 2017v2.0"
"/Return/ReturnData/IRS990ScheduleK/TaxExemptBondsIssuesGrp/IssuePriceAmt",13201,6373,"2017v2.2, 2017v2.0, 2017v2.3"
"/Return/ReturnData/IRS990ScheduleK/TaxExemptBondsIssuesGrp/BondIssuedDt",13200,6379,"2017v2.3, 2017v2.0, 2017v2.2"
"/Return/ReturnData/IRS990ScheduleK/TaxExemptBondsIssuesGrp/DefeasedInd",13188,6362,"2017v2.2, 2017v2.3, 2017v2.0"
"/Return/ReturnData/IRS990ScheduleK/TaxExemptBondsIssuesGrp/OnBehalfOfIssuerInd",13172,6352,"2017v2.2, 2017v2.3, 2017v2.0"
"/Return/ReturnData/IRS990ScheduleK/TaxExemptBondsProceedsGrp",13156,6342,"2017v2.2, 2017v2.3, 2017v2.0"
"/Return/ReturnData/IRS990ScheduleK/TaxExemptBondsProceedsGrp/BondReferenceCd",13156,6342,"2017v2.3, 2017v2.2, 2017v2.0"
"/Return/ReturnData/IRS990ScheduleK/TaxExemptBondsProceedsGrp/CurrentRefundingInd",13128,6329,"2017v2.2, 2017v2.3, 2017v2.0"
"/Return/ReturnData/IRS990ScheduleK/TaxExemptBondsIssuesGrp/PoolFinancingInd",13123,6321,"2017v2.3, 2017v2.0, 2017v2.2"
"/Return/ReturnData/IRS990ScheduleK/TaxExemptBondsProceedsGrp/AdvanceRefundingInd",13120,6327,"2017v2.3, 2017v2.0, 2017v2.2"
"/Return/ReturnData/IRS990ScheduleK/TaxExemptBondsProceedsGrp/FinalAllocationMadeInd",13117,6322,"2017v2.0, 2017v2.3, 2017v2.2"
"/Return/ReturnData/IRS990ScheduleG/FundraisingEventInformationGrp/FoodAndBeverageEvent2Amt",13097,13097,"2017v2.2, 2017v2.3, 2017v2.0"
"/Return/ReturnData/IRS990ScheduleK/TaxExemptBondsProceedsGrp/AdequateBooksAndRecMaintInd",13096,6319,"2017v2.2, 2017v2.0, 2017v2.3"
"/Return/ReturnData/IRS990ScheduleK/TaxExemptBondsIssuesGrp/PurposeDesc",13090,6310,"2017v2.2, 2017v2.3, 2017v2.0"
"/Return/ReturnData/IRS990/RcvblFromDisqualifiedPrsnGrp/BOYAmt",13074,13074,"2017v2.0, 2017v2.2, 2017v2.3"
"/Return/ReturnData/IRS990ScheduleF/InterestInForeignTrustInd",13001,13001,"2017v2.2, 2017v2.0, 2017v2.3"
"/Return/ReturnData/IRS990ScheduleF/TransferToForeignCorpInd",13000,13000,"2017v2.0, 2017v2.3, 2017v2.2"
"/Return/ReturnData/IRS990ScheduleF/ForeignCorpOwnershipInd",13000,13000,"2017v2.3, 2017v2.0, 2017v2.2"
"/Return/ReturnData/IRS990ScheduleF/PassiveForeignInvestmestCoInd",13000,13000,"2017v2.0, 2017v2.2, 2017v2.3"
"/Return/ReturnData/IRS990ScheduleF/ForeignPartnershipInd",12998,12998,"2017v2.3, 2017v2.0, 2017v2.2"
"/Return/ReturnData/IRS990ScheduleF/BoycottCountriesInd",12998,12998,"2017v2.0, 2017v2.3, 2017v2.2"
"/Return/ReturnData/IRS990ScheduleK/TaxExemptBondsArbitrageGrp",12982,6261,"2017v2.0, 2017v2.2, 2017v2.3"
"/Return/ReturnData/IRS990ScheduleK/TaxExemptBondsArbitrageGrp/BondReferenceCd",12982,6261,"2017v2.0, 2017v2.3, 2017v2.2"
"/Return/ReturnData/IRS990EZ/BenefitsPaidToOrForMembersAmt",12969,12969,"2017v2.0, 2017v2.3, 2017v2.2"
"/Return/ReturnData/IRS990ScheduleK/TaxExemptBondsArbitrageGrp/Form8038TFiledInd",12920,6219,"2017v2.2, 2017v2.0, 2017v2.3"
"/Return/ReturnData/IRS990ScheduleD/LandGrp/InvestmentCostOrOtherBasisAmt",12915,12915,"2017v2.0, 2017v2.3, 2017v2.2"
"/Return/ReturnData/IRS990ScheduleK/TaxExemptBondsArbitrageGrp/HedgeIdentifiedInBksAndRecInd",12905,6222,"2017v2.0, 2017v2.3, 2017v2.2"
"/Return/ReturnData/IRS990ScheduleK/TaxExemptBondsArbitrageGrp/GrossProceedsInvestedInGICInd",12888,6214,"2017v2.3, 2017v2.0, 2017v2.2"
"/Return/ReturnData/IRS990ScheduleK/TaxExemptBondsArbitrageGrp/WrittenProcToMonitorReqsInd",12804,6169,"2017v2.0, 2017v2.3, 2017v2.2"
"/Return/ReturnData/IRS990ScheduleA/GrossReceiptsNonUnrltBusGrp/CurrentTaxYearMinus4YearsAmt",12764,12764,"2017v2.0, 2017v2.3, 2017v2.2"
"/Return/ReturnData/IRS990ScheduleK/TaxExemptBondsArbitrageGrp/GrossProceedsInvestedInd",12756,6141,"2017v2.2, 2017v2.0, 2017v2.3"
"/Return/ReturnData/IRS990/OtherRevenueMiscGrp/UnrelatedBusinessRevenueAmt",12735,9447,"2017v2.2, 2017v2.0, 2017v2.3"
"/Return/ReturnData/IRS990EZ/SaleOfAssetsGrossAmt",12717,12717,"2017v2.0, 2017v2.2, 2017v2.3"
"/Return/ReturnData/IRS990/TotalOtherProgSrvcGrantAmt",12685,12685,"2017v2.0, 2017v2.2, 2017v2.3"
"/Return/ReturnData/IRS990ScheduleL/LoansBtwnOrgInterestedPrsnGrp/LoanToOrganizationInd",12552,7734,"2017v2.3, 2017v2.0, 2017v2.2"
"/Return/ReturnData/IRS990ScheduleK/ProceduresCorrectiveActionGrp/BondReferenceCd",12514,5992,"2017v2.0, 2017v2.2, 2017v2.3"
"/Return/ReturnData/IRS990ScheduleK/ProceduresCorrectiveActionGrp",12514,5992,"2017v2.2, 2017v2.0, 2017v2.3"
"/Return/ReturnData/IRS990ScheduleG/FundraisingEventInformationGrp/NonCashPrizesEvent1Amt",12484,12484,"2017v2.2, 2017v2.0, 2017v2.3"
"/Return/ReturnData/IRS990ScheduleK/TaxExemptBondsIssuesGrp/BondIssuerEIN",12470,5943,"2017v2.0, 2017v2.3, 2017v2.2"
"/Return/ReturnData/IRS990ScheduleK/ProceduresCorrectiveActionGrp/ProceduresCorrectiveActionInd",12470,5966,"2017v2.3, 2017v2.0, 2017v2.2"
"/Return/ReturnData/IRS990ScheduleK/TaxExemptBondsArbitrageGrp/VariableRateIssueInd",12442,5940,"2017v2.3, 2017v2.2, 2017v2.0"
"/Return/ReturnData/IRS990ScheduleK/TaxExemptBondsPrivateBusUseGrp",12415,5992,"2017v2.2, 2017v2.3, 2017v2.0"
"/Return/ReturnData/IRS990ScheduleK/TaxExemptBondsPrivateBusUseGrp/BondReferenceCd",12415,5992,"2017v2.0, 2017v2.3, 2017v2.2"
"/Return/ReturnData/IRS990ScheduleJ/WrittenEmploymentContractInd",12381,12381,"2017v2.0, 2017v2.2, 2017v2.3"
"/Return/ReturnData/IRS990ScheduleK/TaxExemptBondsProceedsGrp/TotalProceedsAmt",12381,5920,"2017v2.0, 2017v2.2, 2017v2.3"
"/Return/ReturnData/IRS990ScheduleD/InvstProgramRelatedOrgGrp",12370,4864,"2017v2.3, 2017v2.0, 2017v2.2"
"/Return/ReturnData/IRS990ScheduleD/InvstProgramRelatedOrgGrp/Desc",12354,4848,"2017v2.0, 2017v2.2, 2017v2.3"
"/Return/ReturnData/IRS990ScheduleD/InvstProgramRelatedOrgGrp/BookValueAmt",12313,4855,"2017v2.0, 2017v2.3, 2017v2.2"
"/Return/ReturnData/IRS990ScheduleA/AmountsRcvdDsqlfyPersonGrp/CurrentTaxYearAmt",12267,12267,"2017v2.0, 2017v2.2, 2017v2.3"
"/Return/ReturnData/IRS990ScheduleI/GrantsOtherAsstToIndivInUSGrp/NonCashAssistanceDesc",12246,7191,"2017v2.3, 2017v2.0, 2017v2.2"
"/Return/ReturnData/IRS990ScheduleA/AmountsRcvdDsqlfyPersonGrp/CurrentTaxYearMinus1YearAmt",12219,12219,"2017v2.0, 2017v2.3, 2017v2.2"
"/Return/ReturnData/IRS990ScheduleK/TaxExemptBondsPrivateBusUseGrp/OwningBondFinancedPropertyInd",12166,5929,"2017v2.3, 2017v2.2, 2017v2.0"
"/Return/ReturnData/IRS990ScheduleK/TaxExemptBondsPrivateBusUseGrp/MgmtContractBondFincdPropInd",12164,5927,"2017v2.3, 2017v2.0, 2017v2.2"
"/Return/ReturnData/IRS990ScheduleK/TaxExemptBondsPrivateBusUseGrp/AnyLeaseArrangementsInd",12164,5929,"2017v2.2, 2017v2.3, 2017v2.0"
"/Return/ReturnData/IRS990/InterestGrp/FundraisingAmt",12137,12137,"2017v2.3, 2017v2.2, 2017v2.0"
"/Return/ReturnData/IRS990ScheduleK/TaxExemptBondsPrivateBusUseGrp/AnyResearchAgreementsInd",12120,5904,"2017v2.0, 2017v2.3, 2017v2.2"
"/Return/ReturnData/IRS990/InvestmentIncomeGrp/UnrelatedBusinessRevenueAmt",12100,12100,"2017v2.2, 2017v2.0, 2017v2.3"
"/Return/ReturnData/IRS990ScheduleJ/RltdOrgOfficerTrstKeyEmplGrp/BusinessName/BusinessNameLine1Txt",12097,1487,"2017v2.2, 2017v2.0, 2017v2.3"
"/Return/ReturnData/IRS990ScheduleJ/RltdOrgOfficerTrstKeyEmplGrp/BusinessName",12097,1487,"2017v2.3, 2017v2.0, 2017v2.2"
"/Return/ReturnData/IRS990ScheduleD/InvstProgramRelatedOrgGrp/MethodValuationCd",12069,4726,"2017v2.3, 2017v2.0, 2017v2.2"
"/Return/ReturnData/IRS990ScheduleK/TaxExemptBondsPrivateBusUseGrp/ProcsNonqualifiedBondRemdtdInd",12067,5852,"2017v2.2, 2017v2.0, 2017v2.3"
"/Return/ReturnData/IRS990EZ/TypeOfOrganizationAssocInd",11997,11997,"2017v2.3, 2017v2.0, 2017v2.2"
"/Return/ReturnData/IRS990ScheduleK/TaxExemptBondsPrivateBusUseGrp/ChangeInUseBondFinancedPropInd",11985,5819,"2017v2.2, 2017v2.3, 2017v2.0"
"/Return/ReturnData/IRS990ScheduleA/AmountsRcvdDsqlfyPersonGrp/CurrentTaxYearMinus2YearsAmt",11915,11915,"2017v2.0, 2017v2.3, 2017v2.2"
"/Return/ReturnData/IRS990ScheduleK/TaxExemptBondsPrivateBusUseGrp/BondIssMeetPrvtSecPymtTestInd",11859,5757,"2017v2.2, 2017v2.0, 2017v2.3"
"/Return/ReturnData/IRS990ScheduleF/GrantsToOrgOutsideUSGrp/NonCashAssistanceAmt",11741,874,"2017v2.2, 2017v2.0, 2017v2.3"
"/Return/ReturnData/IRS990ScheduleR/IdRelatedOrgTxblCorpTrGrp/LegalDomicileForeignCountryCd",11626,2666,"2017v2.0, 2017v2.2, 2017v2.3"
"/Return/ReturnData/IRS990ScheduleF/SupplementalInformationDetail",11603,8011,"2017v2.0, 2017v2.3, 2017v2.2"
"/Return/ReturnData/IRS990ScheduleF/SupplementalInformationDetail/FormAndLineReferenceDesc",11600,8011,"2017v2.0, 2017v2.2, 2017v2.3"
"/Return/ReturnData/IRS990ScheduleF/SupplementalInformationDetail/ExplanationTxt",11595,8009,"2017v2.0, 2017v2.3, 2017v2.2"
"/Return/ReturnData/IRS990ScheduleK/TaxExemptBondsArbitrageGrp/RebateNotDueYetInd",11507,5670,"2017v2.0, 2017v2.3, 2017v2.2"
"/Return/ReturnData/IRS990/ProgSrvcAccomActy3Grp/GrantAmt",11503,11503,"2017v2.3, 2017v2.2, 2017v2.0"
"/Return/ReturnData/IRS990ScheduleA/AmountsRcvdDsqlfyPersonGrp/CurrentTaxYearMinus3YearsAmt",11470,11470,"2017v2.3, 2017v2.2, 2017v2.0"
"/Return/ReturnData/IRS990ScheduleK/TaxExemptBondsArbitrageGrp/ExceptionToRebateInd",11459,5600,"2017v2.2, 2017v2.0, 2017v2.3"
"/Return/ReturnData/IRS990/ForeignGrantsGrp/ProgramServicesAmt",11431,11431,"2017v2.2, 2017v2.3, 2017v2.0"
"/Return/ReturnData/IRS990ScheduleK/TaxExemptBondsArbitrageGrp/NoRebateDueInd",11408,5598,"2017v2.0, 2017v2.2, 2017v2.3"
"/Return/ReturnData/IRS990/TypeOfOrganizationAssocInd",11408,11408,"2017v2.2, 2017v2.3, 2017v2.0"
"/Return/ReturnData/IRS990ScheduleF/TotalSpentAmt",11306,11306,"2017v2.2, 2017v2.0, 2017v2.3"
"/Return/ReturnData/IRS990/FeesForServicesLegalGrp/FundraisingAmt",11285,11285,"2017v2.2, 2017v2.3, 2017v2.0"
"/Return/ReturnData/IRS990ScheduleA/AmountsRcvdDsqlfyPersonGrp/CurrentTaxYearMinus4YearsAmt",11128,11128,"2017v2.2, 2017v2.0, 2017v2.3"
"/Return/ReturnData/IRS990ScheduleG/FundraisingEventInformationGrp/RentFacilityCostsEvent2Amt",11001,11001,"2017v2.2, 2017v2.3, 2017v2.0"
"/Return/ReturnData/IRS990ScheduleG/GamingWithNonmembersInd",10980,10980,"2017v2.2, 2017v2.3, 2017v2.0"
"/Return/ReturnData/IRS990/ProgSrvcAccomActyOtherGrp/GrantAmt",10952,7402,"2017v2.2, 2017v2.3, 2017v2.0"
"/Return/ReturnData/IRS990ScheduleG/MemberOfOtherEntityInd",10927,10927,"2017v2.0, 2017v2.3, 2017v2.2"
"/Return/ReturnData/IRS990ScheduleF/SubtotalSpentAmt",10896,10896,"2017v2.2, 2017v2.3, 2017v2.0"
"/Return/ReturnData/IRS990ScheduleD/InvestmentExpensesNotIncldAmt",10769,10769,"2017v2.3, 2017v2.2, 2017v2.0"
"/Return/ReturnData/IRS990ScheduleC/SupplementalInformationDetail",10748,9735,"2017v2.0, 2017v2.3, 2017v2.2"
"/Return/ReturnData/IRS990ScheduleC/SupplementalInformationDetail/FormAndLineReferenceDesc",10745,9735,"2017v2.2, 2017v2.0, 2017v2.3"
"/Return/ReturnData/IRS990ScheduleC/SupplementalInformationDetail/ExplanationTxt",10742,9732,"2017v2.0, 2017v2.3, 2017v2.2"
"/Return/ReturnData/IRS990ScheduleD/InvestmentExpensesNotIncld2Amt",10661,10661,"2017v2.2, 2017v2.3, 2017v2.0"
"/Return/ReturnData/IRS990ScheduleG/LicensedInd",10643,10643,"2017v2.0, 2017v2.2, 2017v2.3"
"/Return/ReturnData/IRS990ScheduleI/GrantsOtherAsstToIndivInUSGrp/NonCashAssistanceAmt",10560,6047,"2017v2.3, 2017v2.0, 2017v2.2"
"/Return/ReturnData/IRS990/FeesForServicesProfFundraising/FundraisingAmt",10552,10552,"2017v2.0, 2017v2.3, 2017v2.2"
"/Return/ReturnData/IRS990ScheduleD/CYEndwmtFundGrp/AdministrativeExpensesAmt",10500,10500,"2017v2.2, 2017v2.3, 2017v2.0"
"/Return/ReturnData/IRS990ScheduleA/Form990SchAType1SuprtOrgGrp/PowerAppointMajorityDirTrstInd",10458,10458,"2017v2.0, 2017v2.3, 2017v2.2"
"/Return/ReturnData/IRS990ScheduleA/Form990SchAType1SuprtOrgGrp",10458,10458,"2017v2.2, 2017v2.3, 2017v2.0"
"/Return/ReturnData/IRS990ScheduleA/Form990SchAType1SuprtOrgGrp/OperateBenefitNonSuprtOrgInd",10458,10458,"2017v2.2, 2017v2.0, 2017v2.3"
"/Return/ReturnData/IRS990ScheduleG/LicenseSuspendedEtcInd",10449,10449,"2017v2.0, 2017v2.3, 2017v2.2"
"/Return/ReturnData/IRS990ScheduleL/BusTrInvolveInterestedPrsnGrp/NameOfInterested/BusinessName/BusinessNameLine1Txt",10434,6084,"2017v2.2, 2017v2.3, 2017v2.0"
"/Return/ReturnData/IRS990ScheduleL/BusTrInvolveInterestedPrsnGrp/NameOfInterested/BusinessName",10434,6084,"2017v2.3, 2017v2.0, 2017v2.2"
"/Return/ReturnData/IRS990ScheduleG/GamingInformationGrp",10428,10428,"2017v2.0, 2017v2.3, 2017v2.2"
"/Return/ReturnData/IRS990ScheduleG/CntrctWith3rdPrtyForGameRevInd",10384,10384,"2017v2.2, 2017v2.0, 2017v2.3"
"/Return/ReturnData/IRS990ScheduleD/CYMinus1YrEndwmtFundGrp/AdministrativeExpensesAmt",10374,10374,"2017v2.0, 2017v2.2, 2017v2.3"
"/Return/ReturnData/IRS990ScheduleR/IdRelatedOrgTxblCorpTrGrp/ForeignAddress/CountryCd",10356,2410,"2017v2.0, 2017v2.2, 2017v2.3"
"/Return/ReturnData/IRS990ScheduleR/IdRelatedOrgTxblCorpTrGrp/ForeignAddress",10356,2410,"2017v2.2, 2017v2.0, 2017v2.3"
"/Return/ReturnData/IRS990ScheduleR/IdRelatedOrgTxblCorpTrGrp/ForeignAddress/AddressLine1Txt",10356,2410,"2017v2.2, 2017v2.3, 2017v2.0"
"/Return/ReturnData/IRS990/AddressChangeInd",10278,10278,"2017v2.3, 2017v2.0, 2017v2.2"
"/Return/ReturnData/IRS990ScheduleD/ArtPublicExhibitionAmountsGrp",10249,10249,"2017v2.3, 2017v2.2, 2017v2.0"
"/Return/ReturnData/IRS990ScheduleJ/SubstantiationRequiredInd",10238,10238,"2017v2.3, 2017v2.2, 2017v2.0"
"/Return/ReturnData/IRS990ScheduleD/CYMinus2YrEndwmtFundGrp/AdministrativeExpensesAmt",10230,10230,"2017v2.3, 2017v2.2, 2017v2.0"
"/Return/ReturnData/IRS990ScheduleK/TaxExemptBondsProceedsGrp/IssuanceCostsFromProceedsAmt",10169,5099,"2017v2.3, 2017v2.2, 2017v2.0"
"/Return/ReturnData/IRS990ScheduleM/SecuritiesPubliclyTradedGrp",10165,10165,"2017v2.2, 2017v2.3, 2017v2.0"
"/Return/ReturnData/IRS990/MiscellaneousRevenueGrp/RelatedOrExemptFuncIncomeAmt",10100,10100,"2017v2.0, 2017v2.2, 2017v2.3"
"/Return/ReturnData/IRS990ScheduleJ/Form990OfOtherOrganizationsInd",10079,10079,"2017v2.3, 2017v2.0, 2017v2.2"
"/Return/ReturnData/IRS990ScheduleD/OtherLandBuildingsGrp/InvestmentCostOrOtherBasisAmt",9991,9991,"2017v2.2, 2017v2.3, 2017v2.0"
"/Return/ReturnData/IRS990ScheduleL/TotalBalanceDueAmt",9974,9974,"2017v2.2, 2017v2.3, 2017v2.0"
"/Return/ReturnData/IRS990ScheduleD/AgentTrusteeEtcInd",9971,9971,"2017v2.2, 2017v2.3, 2017v2.0"
"/Return/ReturnData/IRS990ScheduleD/CYMinus3YrEndwmtFundGrp/AdministrativeExpensesAmt",9952,9952,"2017v2.3, 2017v2.2, 2017v2.0"
"/Return/ReturnData/IRS990ScheduleG/StatesWhereGamingConductedCd",9921,9208,"2017v2.2, 2017v2.3, 2017v2.0"
"/Return/ReturnData/IRS990ScheduleG/GamingInformationGrp/GrossRevenueTotalGamingAmt",9883,9883,"2017v2.3, 2017v2.0, 2017v2.2"
"/Return/ReturnData/IRS990ScheduleG/CharitableDistributionRqrInd",9866,9866,"2017v2.2, 2017v2.3, 2017v2.0"
"/Return/ReturnData/IRS990ScheduleA/SupportingOrgType1Ind",9844,9844,"2017v2.2, 2017v2.3, 2017v2.0"
"/Return/ReturnData/IRS990ScheduleG/GamingInformationGrp/NetGamingIncomeSummaryAmt",9824,9824,"2017v2.3, 2017v2.2, 2017v2.0"
"/Return/ReturnData/IRS990ScheduleG/FundraisingEventInformationGrp/CharitableContriOtherEventsAmt",9754,9754,"2017v2.3, 2017v2.2, 2017v2.0"
"/Return/ReturnData/IRS990ScheduleD/CYMinus4YrEndwmtFundGrp/AdministrativeExpensesAmt",9686,9686,"2017v2.3, 2017v2.0, 2017v2.2"
"/Return/ReturnData/IRS990ScheduleM/SecuritiesPubliclyTradedGrp/NoncashContributionsRptF990Amt",9426,9426,"2017v2.2, 2017v2.0, 2017v2.3"
"/Return/ReturnData/IRS990ScheduleM/SecuritiesPubliclyTradedGrp/NonCashCheckboxInd",9404,9404,"2017v2.3, 2017v2.2, 2017v2.0"
"/Return/ReturnData/IRS990ScheduleF/ForeignIndividualsGrantsGrp",9386,2307,"2017v2.3, 2017v2.2, 2017v2.0"
"/Return/ReturnData/IRS990ScheduleF/TotalEmployeeCnt",9385,9385,"2017v2.0, 2017v2.3, 2017v2.2"
"/Return/ReturnData/IRS990ScheduleM/SecuritiesPubliclyTradedGrp/ContributionCnt",9362,9362,"2017v2.3, 2017v2.2, 2017v2.0"
"/Return/ReturnData/IRS990ScheduleF/GrantsToOrgOutsideUSGrp/DescriptionOfNonCashAsstTxt",9336,958,"2017v2.2, 2017v2.3, 2017v2.0"
"/Return/ReturnData/IRS990ScheduleG/GamingInformationGrp/DirectExpenseSummaryGamingAmt",9303,9303,"2017v2.3, 2017v2.0, 2017v2.2"
"/Return/ReturnData/IRS990ScheduleF/ForeignIndividualsGrantsGrp/RegionTxt",9298,2280,"2017v2.3, 2017v2.0, 2017v2.2"
"/Return/ReturnData/IRS990/FeesForSrvcInvstMgmntFeesGrp/ProgramServicesAmt",9296,9296,"2017v2.0, 2017v2.3, 2017v2.2"
"/Return/ReturnData/IRS990ScheduleF/ForeignIndividualsGrantsGrp/TypeOfAssistanceTxt",9262,2260,"2017v2.0, 2017v2.3, 2017v2.2"
"/Return/ReturnData/IRS990ScheduleK/TaxExemptBondsProceedsGrp/SubstantialCompletionYr",9243,4594,"2017v2.3, 2017v2.2, 2017v2.0"
"/Return/ReturnData/IRS990ScheduleR/IdRelatedOrgTxblCorpTrGrp/ForeignAddress/CityNm",9230,2080,"2017v2.2, 2017v2.3, 2017v2.0"
"/Return/ReturnData/IRS990/RoyaltiesRevenueGrp/ExclusionAmt",9177,9177,"2017v2.0, 2017v2.3, 2017v2.2"
"/Return/ReturnData/IRS990/NetIncomeOrLossGrp/ExclusionAmt",9099,9099,"2017v2.3, 2017v2.2, 2017v2.0"
"/Return/ReturnData/IRS990ScheduleM/SupplementalInformationDetail",9069,7800,"2017v2.3, 2017v2.2, 2017v2.0"
"/Return/ReturnData/IRS990ScheduleM/SupplementalInformationDetail/FormAndLineReferenceDesc",9067,7800,"2017v2.3, 2017v2.0, 2017v2.2"
"/Return/ReturnData/IRS990ScheduleM/SupplementalInformationDetail/ExplanationTxt",9066,7799,"2017v2.0, 2017v2.3, 2017v2.2"
"/Return/ReturnData/IRS990ScheduleF/TotalOfficeCnt",9009,9009,"2017v2.0, 2017v2.3, 2017v2.2"
"/Return/ReturnData/IRS990ScheduleF/SubtotalEmployeesCnt",8962,8962,"2017v2.2, 2017v2.0, 2017v2.3"
"/Return/ReturnData/IRS990/PaymentsToAffiliatesGrp/ProgramServicesAmt",8946,8946,"2017v2.3, 2017v2.0, 2017v2.2"
"/Return/ReturnData/IRS990ScheduleD/HeldWorksArtGrp",8920,8920,"2017v2.2, 2017v2.0, 2017v2.3"
"/Return/ReturnData/CompensationExplanation",8912,8588,"2017v2.2, 2017v2.3"
"/Return/ReturnData/IRS990ScheduleD/FederalIncomeTaxLiabilityAmt",8847,8847,"2017v2.2, 2017v2.3, 2017v2.0"
"/Return/ReturnData/IRS990ScheduleM/SecuritiesPubliclyTradedGrp/MethodOfDeterminingRevenuesTxt",8829,8829,"2017v2.0, 2017v2.2, 2017v2.3"
"/Return/ReturnData/IRS990ScheduleG/PersonsWithBooksUSAddress/AddressLine1Txt",8775,8775,"2017v2.2, 2017v2.0, 2017v2.3"
"/Return/ReturnData/IRS990ScheduleG/PersonsWithBooksUSAddress/StateAbbreviationCd",8775,8775,"2017v2.0, 2017v2.3, 2017v2.2"
"/Return/ReturnData/IRS990ScheduleG/PersonsWithBooksUSAddress/CityNm",8775,8775,"2017v2.2, 2017v2.0, 2017v2.3"
"/Return/ReturnData/IRS990ScheduleG/PersonsWithBooksUSAddress/ZIPCd",8775,8775,"2017v2.0, 2017v2.2, 2017v2.3"
"/Return/ReturnData/IRS990ScheduleG/PersonsWithBooksUSAddress",8775,8775,"2017v2.3, 2017v2.0, 2017v2.2"
"/Return/ReturnData/IRS990ScheduleG/FundraiserActivityInfoGrp",8754,5591,"2017v2.0, 2017v2.3, 2017v2.2"
"/Return/ReturnData/IRS990/BenefitsToMembersGrp/ProgramServicesAmt",8720,8720,"2017v2.3, 2017v2.0, 2017v2.2"
"/Return/ReturnData/IRS990/ForeignCountryCd",8709,3615,"2017v2.0, 2017v2.3, 2017v2.2"
"/Return/ReturnData/IRS990ScheduleG/FundraiserActivityInfoGrp/FundraiserControlOfFundsInd",8687,5538,"2017v2.2, 2017v2.3, 2017v2.0"
"/Return/ReturnData/IRS990ScheduleF/ForeignIndividualsGrantsGrp/RecipientCnt",8670,2088,"2017v2.2, 2017v2.3, 2017v2.0"
"/Return/ReturnData/IRS990ScheduleG/FundraisingEventInformationGrp/CashPrizesTotalEventsAmt",8634,8634,"2017v2.0, 2017v2.3, 2017v2.2"
"/Return/ReturnData/IRS990/DonatedServicesAndUseFcltsAmt",8595,8595,"2017v2.2, 2017v2.3, 2017v2.0"
"/Return/ReturnData/IRS990ScheduleF/SubtotalOfficesCnt",8588,8588,"2017v2.0, 2017v2.3, 2017v2.2"
"/Return/ReturnData/IRS990ScheduleJ/WrittenPolicyRefTAndEExpnssInd",8553,8553,"2017v2.3, 2017v2.2, 2017v2.0"
"/Return/ReturnData/IRS990/InfoInScheduleOPartVIIInd",8524,8524,"2017v2.0, 2017v2.3, 2017v2.2"
"/Return/ReturnData/IRS990/GroupExemptionNum",8479,8479,"2017v2.3, 2017v2.0, 2017v2.2"
"/Return/ReturnData/IRS990EZ/GroupExemptionNum",8464,8464,"2017v2.2, 2017v2.0, 2017v2.3"
"/Return/ReturnData/IRS990ScheduleK/TaxExemptBondsIssuesGrp/CUSIPNum",8452,3809,"2017v2.3, 2017v2.2, 2017v2.0"
"/Return/ReturnData/IRS990ScheduleA/SubstantialContributorsAmtGrp/CurrentTaxYearMinus1YearAmt",8448,8448,"2017v2.2, 2017v2.0, 2017v2.3"
"/Return/ReturnData/IRS990/NondeductibleContriDisclInd",8431,8431,"2017v2.3, 2017v2.0, 2017v2.2"
"/Return/ReturnData/IRS990ScheduleA/SubstantialContributorsAmtGrp/CurrentTaxYearAmt",8385,8385,"2017v2.2, 2017v2.3, 2017v2.0"
"/Return/ReturnData/IRS990ScheduleK/TaxExemptBondsProceedsGrp/CapitalExpendituresAmt",8377,4384,"2017v2.0, 2017v2.3, 2017v2.2"
"/Return/ReturnData/IRS990ScheduleG/FundraiserActivityInfoGrp/ActivityTxt",8310,5354,"2017v2.3, 2017v2.0, 2017v2.2"
"/Return/ReturnData/IRS990ScheduleG/FundraiserActivityInfoGrp/RetainedByContractorAmt",8279,5353,"2017v2.2, 2017v2.0, 2017v2.3"
"/Return/ReturnData/IRS990ScheduleA/SubstantialContributorsAmtGrp/CurrentTaxYearMinus2YearsAmt",8259,8259,"2017v2.3, 2017v2.2, 2017v2.0"
"/Return/ReturnData/IRS990ScheduleF/ForeignIndividualsGrantsGrp/CashGrantAmt",8245,1994,"2017v2.3, 2017v2.0, 2017v2.2"
"/Return/ReturnData/IRS990/FeesForServicesManagementGrp/FundraisingAmt",8211,8211,"2017v2.3, 2017v2.2, 2017v2.0"
"/Return/ReturnData/IRS990/CompDisqualPersonsGrp/ProgramServicesAmt",8189,8189,"2017v2.3, 2017v2.0, 2017v2.2"
"/Return/ReturnData/IRS990ScheduleL/LoansBtwnOrgInterestedPrsnGrp/LoanFromOrganizationInd",8153,3409,"2017v2.2, 2017v2.3, 2017v2.0"
"/Return/ReturnData/IRS990ScheduleD/LeaseholdImprovementsGrp/InvestmentCostOrOtherBasisAmt",8145,8145,"2017v2.3, 2017v2.0, 2017v2.2"
"/Return/ReturnData/IRS990/Form990PartVIISectionAGrp/InstitutionalTrusteeInd",8135,3419,"2017v2.0, 2017v2.2, 2017v2.3"
"/Return/ReturnData/IRS990ScheduleG/GamingInformationGrp/OthDirectExpnssTotalGamingAmt",8122,8122,"2017v2.2, 2017v2.0, 2017v2.3"
"/Return/ReturnData/IRS990ScheduleK/TaxExemptBondsProceedsGrp/RetiredAmt",8075,4074,"2017v2.0, 2017v2.3, 2017v2.2"
"/Return/ReturnData/IRS990ScheduleA/SubstantialContributorsAmtGrp/CurrentTaxYearMinus3YearsAmt",7998,7998,"2017v2.2, 2017v2.3, 2017v2.0"
"/Return/ReturnData/IRS990ScheduleG/FundraisingEventInformationGrp/FoodAndBeverageOtherEventsAmt",7936,7936,"2017v2.2, 2017v2.0, 2017v2.3"
"/Return/ReturnData/IRS990/TypeOfOrganizationTrustInd",7932,7932,"2017v2.2, 2017v2.3, 2017v2.0"
"/Return/ReturnData/IRS990ScheduleG/MailSolicitationsInd",7882,7882,"2017v2.3, 2017v2.2, 2017v2.0"
"/Return/ReturnData/IRS990ScheduleF/GrantRecordsMaintainedInd",7835,7835,"2017v2.0, 2017v2.3, 2017v2.2"
"/Return/ReturnData/IRS990ScheduleG/GamingInformationGrp/VolunteerLaborOtherGamingInd",7752,7752,"2017v2.0, 2017v2.3, 2017v2.2"
"/Return/ReturnData/IRS990ScheduleA/SubstantialContributorsAmtGrp/CurrentTaxYearMinus4YearsAmt",7747,7747,"2017v2.3, 2017v2.0, 2017v2.2"
"/Return/ReturnData/IRS990ScheduleG/FundraiserActivityInfoGrp/NetToOrganizationAmt",7745,5047,"2017v2.3, 2017v2.0, 2017v2.2"
"/Return/ReturnData/IRS990ScheduleJ/IndependentConsultantInd",7702,7702,"2017v2.3, 2017v2.2, 2017v2.0"
"/Return/ReturnData/IRS990ScheduleG/FundraiserActivityInfoGrp/USAddress/CityNm",7694,5043,"2017v2.0, 2017v2.3, 2017v2.2"
"/Return/ReturnData/IRS990ScheduleG/FundraiserActivityInfoGrp/USAddress/StateAbbreviationCd",7694,5043,"2017v2.3, 2017v2.0, 2017v2.2"
"/Return/ReturnData/IRS990ScheduleG/FundraiserActivityInfoGrp/USAddress",7694,5043,"2017v2.3, 2017v2.0, 2017v2.2"
"/Return/ReturnData/IRS990ScheduleG/FundraiserActivityInfoGrp/USAddress/ZIPCd",7694,5043,"2017v2.2, 2017v2.0, 2017v2.3"
"/Return/ReturnData/IRS990ScheduleG/FundraiserActivityInfoGrp/USAddress/AddressLine1Txt",7694,5043,"2017v2.0, 2017v2.3, 2017v2.2"
"/Return/ReturnData/IRS990ScheduleD/CYEndwmtFundGrp/GrantsOrScholarshipsAmt",7608,7608,"2017v2.2, 2017v2.3, 2017v2.0"
"/Return/ReturnData/IRS990ScheduleC/DirectContactLegislatorsInd",7557,7557,"2017v2.2, 2017v2.3, 2017v2.0"
"/Return/ReturnData/IRS990/NetRentalIncomeOrLossGrp/UnrelatedBusinessRevenueAmt",7533,7533,"2017v2.3, 2017v2.0, 2017v2.2"
"/Return/ReturnData/IRS990ScheduleG/InPersonSolicitationsInd",7515,7515,"2017v2.0, 2017v2.2, 2017v2.3"
"/Return/ReturnData/IRS990ScheduleC/MailingsMembersInd",7501,7501,"2017v2.3, 2017v2.0, 2017v2.2"
"/Return/ReturnData/IRS990ScheduleC/GrantsOtherOrganizationsInd",7500,7500,"2017v2.0, 2017v2.3, 2017v2.2"
"/Return/ReturnData/IRS990ScheduleC/PaidStaffOrManagementInd",7497,7497,"2017v2.3, 2017v2.0, 2017v2.2"
"/Return/ReturnData/IRS990ScheduleC/RalliesDemonstrationsInd",7497,7497,"2017v2.2, 2017v2.3, 2017v2.0"
"/Return/ReturnData/IRS990ScheduleF/ForeignIndividualsGrantsGrp/MannerOfCashDisbursementTxt",7494,1783,"2017v2.0, 2017v2.2, 2017v2.3"
"/Return/ReturnData/IRS990ScheduleC/OtherActivitiesInd",7491,7491,"2017v2.3, 2017v2.2, 2017v2.0"
"/Return/ReturnData/IRS990ScheduleC/MediaAdvertisementsInd",7490,7490,"2017v2.0, 2017v2.3, 2017v2.2"
"/Return/ReturnData/IRS990ScheduleC/VolunteersInd",7489,7489,"2017v2.3, 2017v2.0, 2017v2.2"
"/Return/ReturnData/IRS990ScheduleC/PublicationsOrBroadcastInd",7486,7486,"2017v2.0, 2017v2.3, 2017v2.2"
"/Return/ReturnData/IRS990ScheduleD/CYMinus1YrEndwmtFundGrp/GrantsOrScholarshipsAmt",7428,7428,"2017v2.0, 2017v2.2, 2017v2.3"
"/Return/ReturnData/IRS990ScheduleG/IndividualWithBooksNm",7425,7425,"2017v2.2, 2017v2.3, 2017v2.0"
"/Return/ReturnData/IRS990ScheduleG/FundraiserActivityInfoGrp/GrossReceiptsAmt",7394,4901,"2017v2.3, 2017v2.2, 2017v2.0"
"/Return/ReturnData/IRS990ScheduleD/CYMinus2YrEndwmtFundGrp/GrantsOrScholarshipsAmt",7386,7386,"2017v2.3, 2017v2.2, 2017v2.0"
"/Return/ReturnData/IRS990ScheduleC/NotDescribedSection501c3Ind",7339,7339,"2017v2.3, 2017v2.0, 2017v2.2"
"/Return/ReturnData/IRS990ScheduleA/UnrelatedBusinessNetIncm170Grp/CurrentTaxYearAmt",7333,7333,"2017v2.0, 2017v2.2, 2017v2.3"
"/Return/ReturnData/IRS990ScheduleD/CYMinus3YrEndwmtFundGrp/GrantsOrScholarshipsAmt",7278,7278,"2017v2.2, 2017v2.3, 2017v2.0"
"/Return/ReturnData/IRS990/CompDisqualPersonsGrp/ManagementAndGeneralAmt",7234,7234,"2017v2.3, 2017v2.2, 2017v2.0"
"/Return/ReturnData/IRS990ScheduleK",7204,6418,"2017v2.2, 2017v2.3, 2017v2.0"
"/Return/ReturnData/IRS990ScheduleD/CYMinus4YrEndwmtFundGrp/GrantsOrScholarshipsAmt",7180,7180,"2017v2.0, 2017v2.2, 2017v2.3"
"/Return/ReturnData/IRS990/NetIncomeFromGamingGrp/ExclusionAmt",7112,7112,"2017v2.3, 2017v2.0, 2017v2.2"
"/Return/ReturnData/IRS990ScheduleA/UnrelatedBusinessNetIncm170Grp/CurrentTaxYearMinus1YearAmt",7108,7108,"2017v2.2, 2017v2.3, 2017v2.0"
"/Return/ReturnData/IRS990ScheduleK/TaxExemptBondsProceedsGrp/OtherSpentProceedsAmt",7037,3524,"2017v2.0, 2017v2.3, 2017v2.2"
"/Return/ReturnData/IRS990ScheduleG/FundraisingEventInformationGrp/CashPrizesEvent1Amt",7029,7029,"2017v2.0, 2017v2.2, 2017v2.3"
"/Return/ReturnData/IRS990ScheduleA/UnrelatedBusinessNetIncm170Grp/CurrentTaxYearMinus2YearsAmt",6955,6955,"2017v2.3, 2017v2.0, 2017v2.2"
"/Return/ReturnData/IRS990ScheduleG/GamingInformationGrp/VolunteerLaborPullTabsInd",6888,6888,"2017v2.2, 2017v2.0, 2017v2.3"
"/Return/ReturnData/IRS990/InvestmentExpenseAmt",6826,6826,"2017v2.3, 2017v2.0, 2017v2.2"
"/Return/ReturnData/IRS990EZ/InfoInScheduleOPartIVInd",6815,6815,"2017v2.2, 2017v2.0, 2017v2.3"
"/Return/ReturnData/IRS990ScheduleA/UnrelatedBusinessNetIncm170Grp/CurrentTaxYearMinus3YearsAmt",6811,6811,"2017v2.2, 2017v2.0, 2017v2.3"
"/Return/ReturnData/IRS990/MiscellaneousRevenueGrp/ExclusionAmt",6758,6758,"2017v2.3, 2017v2.0, 2017v2.2"
"/Return/ReturnData/IRS990ScheduleD/SolicitedAssetsSaleInd",6755,6755,"2017v2.2, 2017v2.0, 2017v2.3"
"/Return/ReturnData/IRS990ScheduleG/EmailSolicitationsInd",6747,6747,"2017v2.0, 2017v2.2, 2017v2.3"
"/Return/ReturnData/IRS990/WrittenPolicyOrProcedureInd",6731,6731,"2017v2.2, 2017v2.0, 2017v2.3"
"/Return/ReturnData/IRS990ScheduleR/IdRelatedOrgTxblPartnershipGrp/UBICodeVAmt",6674,891,"2017v2.2, 2017v2.3, 2017v2.0"
"/Return/ReturnData/IRS990ScheduleA/UnrelatedBusinessNetIncm170Grp/CurrentTaxYearMinus4YearsAmt",6658,6658,"2017v2.3, 2017v2.2, 2017v2.0"
"/Return/ReturnData/IRS990ScheduleF/ContinuationSpentAmt",6653,6653,"2017v2.2, 2017v2.3, 2017v2.0"
"/Return/ReturnData/IRS990ScheduleF/ContinuationTotalEmployeeCnt",6602,6602,"2017v2.2, 2017v2.0, 2017v2.3"
"/Return/ReturnData/IRS990ScheduleF/ContinuationTotalOfficeCnt",6591,6591,"2017v2.3, 2017v2.0, 2017v2.2"
"/Return/ReturnData/IRS990ScheduleC/Section527PoliticalOrgGrp",6585,2004,"2017v2.0, 2017v2.3, 2017v2.2"
"/Return/ReturnData/IRS990ScheduleC/Section527PoliticalOrgGrp/USAddress/AddressLine1Txt",6584,2003,"2017v2.3, 2017v2.2, 2017v2.0"
"/Return/ReturnData/IRS990ScheduleC/Section527PoliticalOrgGrp/USAddress/StateAbbreviationCd",6584,2003,"2017v2.2, 2017v2.3, 2017v2.0"
"/Return/ReturnData/IRS990ScheduleC/Section527PoliticalOrgGrp/OrganizationBusinessName",6584,2003,"2017v2.0, 2017v2.3, 2017v2.2"
"/Return/ReturnData/IRS990ScheduleC/Section527PoliticalOrgGrp/USAddress/ZIPCd",6584,2003,"2017v2.0, 2017v2.3, 2017v2.2"
"/Return/ReturnData/IRS990ScheduleC/Section527PoliticalOrgGrp/USAddress/CityNm",6584,2003,"2017v2.2, 2017v2.0, 2017v2.3"
"/Return/ReturnData/IRS990ScheduleC/Section527PoliticalOrgGrp/OrganizationBusinessName/BusinessNameLine1Txt",6584,2003,"2017v2.0, 2017v2.2, 2017v2.3"
"/Return/ReturnData/IRS990ScheduleC/Section527PoliticalOrgGrp/USAddress",6584,2003,"2017v2.3, 2017v2.2, 2017v2.0"
"/Return/ReturnData/IRS990ScheduleG/GamingInformationGrp/VolunteerLaborBingoInd",6571,6571,"2017v2.0, 2017v2.3, 2017v2.2"
"/Return/ReturnData/IRS990ScheduleG/FundraisingEventInformationGrp/EntertainmentEvent2Amt",6459,6459,"2017v2.2, 2017v2.0, 2017v2.3"
"/Return/ReturnData/IRS990ScheduleK/SupplementalInformationDetail",6432,2888,"2017v2.2, 2017v2.0, 2017v2.3"
"/Return/ReturnData/IRS990ScheduleK/SupplementalInformationDetail/FormAndLineReferenceDesc",6431,2888,"2017v2.0, 2017v2.3, 2017v2.2"
"/Return/ReturnData/IRS990ScheduleC/LobbyingNontaxableAmountGrp",6427,6427,"2017v2.3, 2017v2.2, 2017v2.0"
"/Return/ReturnData/IRS990ScheduleC/GrassrootsNontaxableGrp",6426,6426,"2017v2.3, 2017v2.0, 2017v2.2"
"/Return/ReturnData/IRS990ScheduleC/TotalExemptPurposeExpendGrp",6426,6426,"2017v2.2, 2017v2.3, 2017v2.0"
"/Return/ReturnData/IRS990ScheduleK/SupplementalInformationDetail/ExplanationTxt",6419,2884,"2017v2.0, 2017v2.3, 2017v2.2"
"/Return/ReturnData/IRS990/FeesForServicesLobbyingGrp/ProgramServicesAmt",6414,6414,"2017v2.2, 2017v2.0, 2017v2.3"
"/Return/ReturnData/IRS990/TotalOthProgramServiceRevGrp/UnrelatedBusinessRevenueAmt",6410,6410,"2017v2.2, 2017v2.0, 2017v2.3"
"/Return/ReturnData/IRS990/FSAuditedBasisGrp/ConsolAndSepBasisFinclStmtInd",6400,6400,"2017v2.2, 2017v2.3, 2017v2.0"
"/Return/ReturnData/IRS990/PaymentsToAffiliatesGrp/ManagementAndGeneralAmt",6374,6374,"2017v2.2, 2017v2.3, 2017v2.0"
"/Return/ReturnData/IRS990ScheduleM/ClothingAndHouseholdGoodsGrp",6346,6346,"2017v2.0, 2017v2.2, 2017v2.3"
"/Return/ReturnData/IRS990ScheduleC/TotalLobbyingExpendituresAmt",6301,6301,"2017v2.2, 2017v2.0, 2017v2.3"
"/Return/ReturnData/IRS990ScheduleG/GamingInformationGrp/CashPrizesTotalGamingAmt",6228,6228,"2017v2.2, 2017v2.3, 2017v2.0"
"/Return/ReturnData/IRS990ScheduleM/FoodInventoryGrp",6198,6198,"2017v2.3, 2017v2.2, 2017v2.0"
"/Return/ReturnData/IRS990ScheduleC/OtherExemptPurposeExpendGrp",6198,6198,"2017v2.0, 2017v2.2, 2017v2.3"
"/Return/ReturnData/IRS990ScheduleD/RelatedOrgListSchRInd",6102,6102,"2017v2.2, 2017v2.3, 2017v2.0"
"/Return/ReturnData/IRS990ScheduleA/ChurchInd",6065,6065,"2017v2.2, 2017v2.0, 2017v2.3"
"/Return/ReturnData/IRS990/TotalOthProgramServiceRevGrp/ExclusionAmt",6041,6041,"2017v2.3, 2017v2.2, 2017v2.0"
"/Return/ReturnData/IRS990/FeesForServicesLobbyingGrp/ManagementAndGeneralAmt",6018,6018,"2017v2.0, 2017v2.3, 2017v2.2"
"/Return/ReturnData/IRS990ScheduleK/TaxExemptBondsPrivateBusUseGrp/PrivateBusUseByOthersPct",6008,2687,"2017v2.3, 2017v2.2, 2017v2.0"
"/Return/ReturnData/IRS990/NetIncomeFromGamingGrp/RelatedOrExemptFuncIncomeAmt",5974,5974,"2017v2.2, 2017v2.0, 2017v2.3"
"/Return/ReturnData/IRS990/NetIncomeOrLossGrp/UnrelatedBusinessRevenueAmt",5958,5958,"2017v2.3, 2017v2.2, 2017v2.0"
"/Return/ReturnData/IRS990ScheduleC/TotalLobbyingExpendGrp",5946,5946,"2017v2.0, 2017v2.2, 2017v2.3"
"/Return/ReturnData/IRS990ScheduleR/SupplementalInformationDetail",5936,4742,"2017v2.3, 2017v2.2, 2017v2.0"
"/Return/ReturnData/IRS990ScheduleR/SupplementalInformationDetail/FormAndLineReferenceDesc",5936,4742,"2017v2.2, 2017v2.0, 2017v2.3"
"/Return/ReturnData/IRS990/OtherInd",5928,5928,"2017v2.2, 2017v2.3, 2017v2.0"
"/Return/ReturnData/IRS990ScheduleR/SupplementalInformationDetail/ExplanationTxt",5928,4736,"2017v2.2, 2017v2.3, 2017v2.0"
"/Return/ReturnData/IRS990/TypeOfOrganizationOtherInd",5905,5905,"2017v2.0, 2017v2.3, 2017v2.2"
"/Return/ReturnData/IRS990ScheduleG/FundraiserActivityInfoGrp/OrganizationBusinessName",5693,3882,"2017v2.3, 2017v2.0, 2017v2.2"
"/Return/ReturnData/IRS990ScheduleG/FundraiserActivityInfoGrp/OrganizationBusinessName/BusinessNameLine1Txt",5693,3882,"2017v2.0, 2017v2.2, 2017v2.3"
"/Return/ReturnData/IRS990ScheduleG/FundraisingEventInformationGrp/RentFcltyCostsOtherEventsAmt",5676,5676,"2017v2.3, 2017v2.2, 2017v2.0"
"/Return/ReturnData/IRS990ScheduleA/NetIncomeFromOtherUBIGrp/CurrentTaxYearAmt",5666,5666,"2017v2.3, 2017v2.0, 2017v2.2"
"/Return/ReturnData/IRS990ScheduleG/GamingInformationGrp/GrossRevenueOtherGamingAmt",5642,5642,"2017v2.3, 2017v2.0, 2017v2.2"
"/Return/ReturnData/IRS990/MethodOfAccountingOtherInd",5631,5631,"2017v2.3, 2017v2.0, 2017v2.2"
"/Return/ReturnData/IRS990ScheduleD/TotalBookValueProgramRltdAmt",5626,5626,"2017v2.3, 2017v2.0, 2017v2.2"
"/Return/ReturnData/IRS990ScheduleK/TaxExemptBondsProceedsGrp/InReserveFundAmt",5626,2672,"2017v2.0, 2017v2.3, 2017v2.2"
"/Return/ReturnData/IRS990/PrincipalOfcrBusinessName",5618,5618,"2017v2.0, 2017v2.3, 2017v2.2"
"/Return/ReturnData/IRS990/PrincipalOfcrBusinessName/BusinessNameLine1Txt",5618,5618,"2017v2.0, 2017v2.2, 2017v2.3"
"/Return/ReturnData/IRS990ScheduleC/DuesAssessmentsAmt",5603,5603,"2017v2.2, 2017v2.0, 2017v2.3"
"/Return/ReturnData/IRS990EZ/AddressChangeInd",5594,5594,"2017v2.2, 2017v2.3, 2017v2.0"
"/Return/ReturnData/IRS990ScheduleG/FundraisingEventInformationGrp/NonCashPrizesEvent2Amt",5555,5555,"2017v2.0, 2017v2.2, 2017v2.3"
"/Return/ReturnData/IRS990/RoyaltiesRevenueGrp/RelatedOrExemptFuncIncomeAmt",5540,5540,"2017v2.0, 2017v2.2, 2017v2.3"
"/Return/ReturnData/IRS990ScheduleC/TotalDirectLobbyingGrp",5539,5539,"2017v2.3, 2017v2.0, 2017v2.2"
"/Return/ReturnData/IRS990ScheduleA/NetIncomeFromOtherUBIGrp/CurrentTaxYearMinus1YearAmt",5521,5521,"2017v2.3, 2017v2.2, 2017v2.0"
"/Return/ReturnData/IRS990ScheduleA/NetIncomeFromOtherUBIGrp/CurrentTaxYearMinus2YearsAmt",5459,5459,"2017v2.3, 2017v2.0, 2017v2.2"
"/Return/ReturnData/IRS990ScheduleL/SupplementalInformationDetail",5432,4642,"2017v2.0, 2017v2.2, 2017v2.3"
"/Return/ReturnData/IRS990ScheduleL/SupplementalInformationDetail/FormAndLineReferenceDesc",5432,4642,"2017v2.3, 2017v2.0, 2017v2.2"
"/Return/ReturnData/IRS990ScheduleG/TotalRetainedByContractorsAmt",5424,5424,"2017v2.2, 2017v2.0, 2017v2.3"
"/Return/ReturnData/IRS990ScheduleL/SupplementalInformationDetail/ExplanationTxt",5411,4625,"2017v2.3, 2017v2.0, 2017v2.2"
"/Return/ReturnData/CompensationExplanation/CompensationExplanationGrp",5394,2124,"2017v2.3, 2017v2.2"
"/Return/ReturnData/CompensationExplanation/CompensationExplanationGrp/PersonNm",5341,2091,"2017v2.2, 2017v2.3"
"/Return/ReturnData/IRS990ScheduleD/ExplanationProvidedInd",5340,5340,"2017v2.3, 2017v2.0, 2017v2.2"
"/Return/ReturnData/IRS990ScheduleR/IdRelatedOrgTxblCorpTrGrp/ForeignAddress/ForeignPostalCd",5340,1214,"2017v2.0, 2017v2.2, 2017v2.3"
"/Return/ReturnData/IRS990ScheduleG/SolicitationOfNonGovtGrantsInd",5307,5307,"2017v2.2, 2017v2.3, 2017v2.0"
"/Return/ReturnData/IRS990ScheduleR/IdRelatedOrgTxblCorpTrGrp/ForeignAddress/ProvinceOrStateNm",5267,1145,"2017v2.2, 2017v2.3, 2017v2.0"
"/Return/ReturnData/CompensationExplanation/CompensationExplanationGrp/ShortExplanationTxt",5258,2053,"2017v2.3, 2017v2.2"
"/Return/ReturnData/IRS990ScheduleA/NetIncomeFromOtherUBIGrp/CurrentTaxYearMinus3YearsAmt",5250,5250,"2017v2.3, 2017v2.0, 2017v2.2"
"/Return/ReturnData/IRS990/FeesForSrvcInvstMgmntFeesGrp/FundraisingAmt",5239,5239,"2017v2.0, 2017v2.3, 2017v2.2"
"/Return/ReturnData/IRS990/CompDisqualPersonsGrp/FundraisingAmt",5213,5213,"2017v2.2, 2017v2.3, 2017v2.0"
"/Return/ReturnData/ReasonableCauseExplanation",5203,5203,"2017v2.3, 2017v2.0, 2017v2.2"
"/Return/ReturnData/ReasonableCauseExplanation/ExplanationTxt",5203,5203,"2017v2.2, 2017v2.3, 2017v2.0"
"/Return/ReturnData/IRS990ScheduleA/NetIncomeFromOtherUBIGrp/CurrentTaxYearMinus4YearsAmt",5125,5125,"2017v2.2, 2017v2.3, 2017v2.0"
"/Return/ReturnData/IRS990/BooksInCareOfDetail/USAddress/AddressLine2Txt",5101,5101,"2017v2.3, 2017v2.2, 2017v2.0"
"/Return/ReturnData/IRS990/RoyaltiesGrp/ProgramServicesAmt",5097,5097,"2017v2.2, 2017v2.3, 2017v2.0"
"/Return/ReturnData/IRS990ScheduleC/Section527PoliticalOrgGrp/PaidInternalFundsAmt",5035,995,"2017v2.3, 2017v2.0, 2017v2.2"
"/Return/ReturnData/IRS990ScheduleK/TaxExemptBondsPrivateBusUseGrp/TotalPrivateBusinessUsePct",5013,2335,"2017v2.2, 2017v2.3, 2017v2.0"
"/Return/ReturnData/IRS990ScheduleC/TotLbbyExpendMnsLbbyngNonTxGrp",5012,5012,"2017v2.2, 2017v2.3, 2017v2.0"
"/Return/ReturnData/IRS990ScheduleN/LiquidationOfAssetsTableGrp/LiquidationOfAssetsDetail",4976,2651,"2017v2.0, 2017v2.3, 2017v2.2"
"/Return/ReturnData/IRS990ScheduleA/Form990SchAType3SprtOrgAllGrp/SupportedOrgVoiceInvestmentInd",4975,4975,"2017v2.2, 2017v2.0, 2017v2.3"
"/Return/ReturnData/IRS990ScheduleA/Form990SchAType3SprtOrgAllGrp/TimelyProvidedDocumentsInd",4975,4975,"2017v2.0, 2017v2.3, 2017v2.2"
"/Return/ReturnData/IRS990ScheduleA/Form990SchAType3SprtOrgAllGrp",4975,4975,"2017v2.2, 2017v2.0, 2017v2.3"
"/Return/ReturnData/IRS990ScheduleA/Form990SchAType3SprtOrgAllGrp/OfficersCloseRelationshipInd",4975,4975,"2017v2.2, 2017v2.3, 2017v2.0"
"/Return/ReturnData/IRS990ScheduleG/PhoneSolicitationsInd",4973,4973,"2017v2.3, 2017v2.2, 2017v2.0"
"/Return/ReturnData/IRS990ScheduleC/TotLbbyngGrassrootMnsNonTxGrp",4971,4971,"2017v2.2, 2017v2.0, 2017v2.3"
"/Return/ReturnData/IRS990ScheduleN/LiquidationOfAssetsTableGrp/LiquidationOfAssetsDetail/AssetsDistriOrExpnssPaidDesc",4962,2641,"2017v2.3, 2017v2.0, 2017v2.2"
"/Return/ReturnData/IRS990ScheduleG/TotalNetToOrganizationAmt",4939,4939,"2017v2.3, 2017v2.2, 2017v2.0"
"/Return/ReturnData/IRS990ScheduleA/GovtFurnSrvcFcltsVl170Grp/CurrentTaxYearMinus2YearsAmt",4939,4939,"2017v2.2, 2017v2.0, 2017v2.3"
"/Return/ReturnData/IRS990ScheduleA/GovtFurnSrvcFcltsVl170Grp/CurrentTaxYearMinus3YearsAmt",4916,4916,"2017v2.3, 2017v2.0, 2017v2.2"
"/Return/ReturnData/IRS990ScheduleA/GovtFurnSrvcFcltsVl170Grp/CurrentTaxYearMinus4YearsAmt",4860,4860,"2017v2.2, 2017v2.3, 2017v2.0"
"/Return/ReturnData/IRS990ScheduleA/GovtFurnSrvcFcltsVl170Grp/CurrentTaxYearMinus1YearAmt",4860,4860,"2017v2.0, 2017v2.2, 2017v2.3"
"/Return/ReturnData/IRS990ScheduleC/AvgLobbyingNontaxableAmountGrp",4850,4850,"2017v2.2, 2017v2.0, 2017v2.3"
"/Return/ReturnData/IRS990/IncmFromInvestBondProceedsGrp/ExclusionAmt",4844,4844,"2017v2.2, 2017v2.3, 2017v2.0"
"/Return/ReturnData/IRS990ScheduleC/AvgGrassrootsNontaxableGrp",4839,4839,"2017v2.3, 2017v2.0, 2017v2.2"
"/Return/ReturnData/IRS990ScheduleC/AvgLobbyingNontaxableAmountGrp/TotalAmt",4831,4831,"2017v2.2, 2017v2.3, 2017v2.0"
"/Return/ReturnData/IRS990ScheduleC/LobbyingCeilingAmt",4828,4828,"2017v2.2, 2017v2.3, 2017v2.0"
"/Return/ReturnData/IRS990ScheduleM/ClothingAndHouseholdGoodsGrp/NoncashContributionsRptF990Amt",4817,4817,"2017v2.0, 2017v2.3, 2017v2.2"
"/Return/ReturnData/IRS990ScheduleC/AvgGrassrootsNontaxableGrp/TotalAmt",4815,4815,"2017v2.0, 2017v2.3, 2017v2.2"
"/Return/ReturnData/IRS990ScheduleC/GrassrootsCeilingAmt",4813,4813,"2017v2.2, 2017v2.0, 2017v2.3"
"/Return/ReturnData/IRS990/InfoInScheduleOPartVInd",4750,4750,"2017v2.3, 2017v2.0, 2017v2.2"
"/Return/ReturnData/IRS990ScheduleG/FundraisingEventInformationGrp/EntertainmentOtherEventsAmt",4742,4742,"2017v2.3, 2017v2.0, 2017v2.2"
"/Return/ReturnData/IRS990ScheduleC/TotalExemptPurposeExpendGrp/FilingOrganizationsTotalAmt",4708,4708,"2017v2.3, 2017v2.2, 2017v2.0"
"/Return/ReturnData/IRS990ScheduleC/GrassrootsNontaxableGrp/FilingOrganizationsTotalAmt",4708,4708,"2017v2.0, 2017v2.3, 2017v2.2"
"/Return/ReturnData/IRS990ScheduleC/LobbyingNontaxableAmountGrp/FilingOrganizationsTotalAmt",4696,4696,"2017v2.2, 2017v2.3, 2017v2.0"
"/Return/ReturnData/IRS990ScheduleN/LiquidationOfAssetsTableGrp/LiquidationOfAssetsDetail/DistributionDt",4675,2384,"2017v2.3, 2017v2.0, 2017v2.2"
"/Return/ReturnData/IRS990ScheduleA/GovtFurnSrvcFcltsVl170Grp/CurrentTaxYearAmt",4666,4666,"2017v2.3, 2017v2.0, 2017v2.2"
"/Return/ReturnData/IRS990ScheduleG/GamingOwnFacilityPct",4662,4662,"2017v2.3, 2017v2.2, 2017v2.0"
"/Return/ReturnData/IRS990EZ/InitialReturnInd",4657,4657,"2017v2.0, 2017v2.3, 2017v2.2"
"/Return/ReturnData/IRS990ScheduleM/ClothingAndHouseholdGoodsGrp/NonCashCheckboxInd",4655,4655,"2017v2.3, 2017v2.2, 2017v2.0"
"/Return/ReturnData/IRS990/MiscellaneousRevenueGrp/UnrelatedBusinessRevenueAmt",4645,4645,"2017v2.3, 2017v2.2, 2017v2.0"
"/Return/ReturnData/IRS990ScheduleM/FoodInventoryGrp/NoncashContributionsRptF990Amt",4641,4641,"2017v2.3, 2017v2.0, 2017v2.2"
"/Return/ReturnData/IRS990ScheduleD/CollectionUsedPubExhibitionInd",4636,4636,"2017v2.2, 2017v2.3, 2017v2.0"
"/Return/ReturnData/IRS990ScheduleC/NonDeductibleLbbyngPltclTotAmt",4597,4597,"2017v2.0, 2017v2.3, 2017v2.2"
"/Return/ReturnData/IRS990ScheduleC/AvgLobbyingNontaxableAmountGrp/CurrentYearAmt",4569,4569,"2017v2.0, 2017v2.3, 2017v2.2"
"/Return/ReturnData/IRS990ScheduleC/AvgGrassrootsNontaxableGrp/CurrentYearAmt",4560,4560,"2017v2.3, 2017v2.0, 2017v2.2"
"/Return/ReturnData/IRS990ScheduleM/FoodInventoryGrp/NonCashCheckboxInd",4506,4506,"2017v2.2, 2017v2.3, 2017v2.0"
"/Return/ReturnData/IRS990ScheduleN/LiquidationOfAssetsTableGrp/LiquidationOfAssetsDetail/FairMarketValueOfAssetAmt",4499,2247,"2017v2.2, 2017v2.0, 2017v2.3"
"/Return/ReturnData/IRS990ScheduleC/OtherExemptPurposeExpendGrp/FilingOrganizationsTotalAmt",4475,4475,"2017v2.2, 2017v2.0, 2017v2.3"
"/Return/ReturnData/IRS990ScheduleC/NonDeductibleLbbyngPltclCYAmt",4468,4468,"2017v2.3, 2017v2.2, 2017v2.0"
"/Return/ReturnData/IRS990ScheduleK/TaxExemptBondsProceedsGrp/CapitalizedInterestAmt",4438,2040,"2017v2.0, 2017v2.3, 2017v2.2"
"/Return/ReturnData/IRS990/RoyaltiesRevenueGrp/UnrelatedBusinessRevenueAmt",4423,4423,"2017v2.0, 2017v2.3, 2017v2.2"
"/Return/ReturnData/IRS990ScheduleC/AvgLobbyingNontaxableAmountGrp/CurrentYearMinus1Amt",4413,4413,"2017v2.3, 2017v2.2, 2017v2.0"
"/Return/ReturnData/IRS990ScheduleG/GamingInformationGrp/GrossRevenuePullTabsAmt",4404,4404,"2017v2.3, 2017v2.0, 2017v2.2"
"/Return/ReturnData/IRS990ScheduleK/TaxExemptBondsProceedsGrp/RefundingEscrowAmt",4398,2013,"2017v2.2, 2017v2.0, 2017v2.3"
"/Return/ReturnData/IRS990ScheduleC/AvgGrassrootsNontaxableGrp/CurrentYearMinus1Amt",4388,4388,"2017v2.2, 2017v2.3, 2017v2.0"
"/Return/ReturnData/IRS990ScheduleG/GamingManagerServicesProvTxt",4373,4373,"2017v2.2, 2017v2.0, 2017v2.3"
"/Return/ReturnData/IRS990EZ/TypeOfOrganizationOtherInd",4361,4361,"2017v2.2, 2017v2.3, 2017v2.0"
"/Return/ReturnData/IRS990/OtherOrganizationDsc",4360,4360,"2017v2.2, 2017v2.3, 2017v2.0"
"/Return/ReturnData/IRS990ScheduleM/ClothingAndHouseholdGoodsGrp/MethodOfDeterminingRevenuesTxt",4357,4357,"2017v2.0, 2017v2.2, 2017v2.3"
"/Return/ReturnData/IRS990ScheduleN/LiquidationOfAssetsTableGrp/LiquidationOfAssetsDetail/USAddress/AddressLine1Txt",4351,2128,"2017v2.0, 2017v2.3, 2017v2.2"
"/Return/ReturnData/IRS990ScheduleN/LiquidationOfAssetsTableGrp/LiquidationOfAssetsDetail/USAddress/ZIPCd",4351,2128,"2017v2.2, 2017v2.3, 2017v2.0"
"/Return/ReturnData/IRS990ScheduleN/LiquidationOfAssetsTableGrp/LiquidationOfAssetsDetail/USAddress/StateAbbreviationCd",4351,2128,"2017v2.2, 2017v2.0, 2017v2.3"
"/Return/ReturnData/IRS990ScheduleN/LiquidationOfAssetsTableGrp/LiquidationOfAssetsDetail/USAddress",4351,2128,"2017v2.2, 2017v2.0, 2017v2.3"
"/Return/ReturnData/IRS990ScheduleN/LiquidationOfAssetsTableGrp/LiquidationOfAssetsDetail/USAddress/CityNm",4351,2128,"2017v2.0, 2017v2.2, 2017v2.3"
"/Return/ReturnData/IRS990ScheduleM/Form8283ReceivedCnt",4350,4350,"2017v2.0, 2017v2.3, 2017v2.2"
"/Return/ReturnData/IRS990/IncmFromInvestBondProceedsGrp/RelatedOrExemptFuncIncomeAmt",4341,4341,"2017v2.2, 2017v2.3, 2017v2.0"
"/Return/ReturnData/IRS990/InitiationFeesAndCapContriAmt",4334,4334,"2017v2.0, 2017v2.3, 2017v2.2"
"/Return/ReturnData/IRS990ScheduleG/GamingManagerPersonNm",4320,4320,"2017v2.3, 2017v2.2, 2017v2.0"
"/Return/ReturnData/IRS990ScheduleC/AvgTotalLobbyingExpendGrp",4310,4310,"2017v2.0, 2017v2.3, 2017v2.2"
"/Return/ReturnData/IRS990ScheduleC/TotalGrassrootsLobbyingGrp",4294,4294,"2017v2.0, 2017v2.2, 2017v2.3"
"/Return/ReturnData/IRS990ScheduleC/AvgTotalLobbyingExpendGrp/TotalAmt",4252,4252,"2017v2.2, 2017v2.3, 2017v2.0"
"/Return/ReturnData/IRS990ScheduleK/TaxExemptBondsProceedsGrp/UnspentAmt",4249,1984,"2017v2.0, 2017v2.2, 2017v2.3"
"/Return/ReturnData/IRS990ScheduleC/AvgLobbyingNontaxableAmountGrp/CurrentYearMinus2Amt",4239,4239,"2017v2.2, 2017v2.3, 2017v2.0"
"/Return/ReturnData/IRS990ScheduleC/AvgGrassrootsNontaxableGrp/CurrentYearMinus2Amt",4214,4214,"2017v2.2, 2017v2.0, 2017v2.3"
"/Return/ReturnData/IRS990ScheduleN",4176,4176,"2017v2.3, 2017v2.2, 2017v2.0"
"/Return/ReturnData/IRS990ScheduleC/TotalLobbyingExpendGrp/FilingOrganizationsTotalAmt",4176,4176,"2017v2.0, 2017v2.2, 2017v2.3"
"/Return/ReturnData/IRS990/PaymentsToAffiliatesGrp/FundraisingAmt",4150,4150,"2017v2.3, 2017v2.0, 2017v2.2"
"/Return/ReturnData/IRS990ScheduleG/GamingOtherFacilityPct",4142,4142,"2017v2.3, 2017v2.0, 2017v2.2"
"/Return/ReturnData/IRS990/IncmFromInvestBondProceedsGrp/UnrelatedBusinessRevenueAmt",4118,4118,"2017v2.0, 2017v2.2, 2017v2.3"
"/Return/ReturnData/IRS990ScheduleN/LiquidationOfAssetsTableGrp/LiquidationOfAssetsDetail/MethodOfFMVDeterminationTxt",4113,2053,"2017v2.0, 2017v2.2, 2017v2.3"
"/Return/ReturnData/IRS990ScheduleN/LiquidationOfAssetsTableGrp/LiquidationOfAssetsDetail/IRCSectionTxt",4111,1993,"2017v2.0, 2017v2.2, 2017v2.3"
"/Return/ReturnData/IRS990ScheduleM/FoodInventoryGrp/MethodOfDeterminingRevenuesTxt",4106,4106,"2017v2.3, 2017v2.0, 2017v2.2"
"/Return/ReturnData/IRS990ScheduleG/TotalGrossReceiptsAmt",4101,4101,"2017v2.0, 2017v2.3, 2017v2.2"
"/Return/ReturnData/IRS990ScheduleA/TaxRevLeviedOrgnztnlBnft170Grp/CurrentTaxYearMinus4YearsAmt",4090,4090,"2017v2.3, 2017v2.0, 2017v2.2"
"/Return/ReturnData/IRS990ScheduleA/TaxRevLeviedOrgnztnlBnft170Grp/CurrentTaxYearMinus3YearsAmt",4085,4085,"2017v2.0, 2017v2.3, 2017v2.2"
"/Return/ReturnData/IRS990ScheduleA/TaxRevLeviedOrgnztnlBnft170Grp/CurrentTaxYearMinus2YearsAmt",4081,4081,"2017v2.0, 2017v2.2, 2017v2.3"
"/Return/ReturnData/IRS990ScheduleA/TaxRevLeviedOrgnztnlBnft170Grp/CurrentTaxYearMinus1YearAmt",4073,4073,"2017v2.2, 2017v2.0, 2017v2.3"
"/Return/ReturnData/IRS990ScheduleC/Form1120POLFiledInd",4073,4073,"2017v2.0, 2017v2.3, 2017v2.2"
"/Return/ReturnData/IRS990ScheduleC/AggregateReportedDuesNtcAmt",4066,4066,"2017v2.0, 2017v2.3, 2017v2.2"
"/Return/ReturnData/IRS990ScheduleJ/RebuttablePresumptionProcInd",4051,4051,"2017v2.3, 2017v2.2, 2017v2.0"
"/Return/ReturnData/IRS990ScheduleM/FoodInventoryGrp/ContributionCnt",4050,4050,"2017v2.2, 2017v2.0, 2017v2.3"
"/Return/ReturnData/IRS990ScheduleC/AvgLobbyingNontaxableAmountGrp/CurrentYearMinus3Amt",4044,4044,"2017v2.2, 2017v2.3, 2017v2.0"
"/Return/ReturnData/IRS990ScheduleK/TaxExemptBondsPrivateBusUseGrp/PrivateBusConcerningUBIPct",4038,1897,"2017v2.3, 2017v2.2, 2017v2.0"
"/Return/ReturnData/IRS990ScheduleA/HospitalInd",4023,4023,"2017v2.2, 2017v2.3, 2017v2.0"
"/Return/ReturnData/IRS990/GrossReceiptsForPublicUseAmt",4018,4018,"2017v2.2, 2017v2.3, 2017v2.0"
"/Return/ReturnData/IRS990ScheduleC/AvgGrassrootsNontaxableGrp/CurrentYearMinus3Amt",4016,4016,"2017v2.3, 2017v2.0, 2017v2.2"
"/Return/ReturnData/IRS990ScheduleC/Section527PoliticalOrgGrp/EIN",3980,1625,"2017v2.3, 2017v2.2, 2017v2.0"
"/Return/ReturnData/IRS990/PymtTravelEntrtnmntPubOfclGrp/ProgramServicesAmt",3966,3966,"2017v2.2, 2017v2.0, 2017v2.3"
"/Return/ReturnData/IRS990ScheduleA/TaxRevLeviedOrgnztnlBnft170Grp/CurrentTaxYearAmt",3899,3899,"2017v2.0, 2017v2.3, 2017v2.2"
"/Return/ReturnData/IRS990ScheduleK/TaxExemptBondsProceedsGrp/WorkingCapitalExpendituresAmt",3897,1641,"2017v2.3, 2017v2.2, 2017v2.0"
"/Return/ReturnData/IRS990ScheduleF/Total501c3OrgCnt",3891,3891,"2017v2.0, 2017v2.3, 2017v2.2"
"/Return/ReturnData/IRS990ScheduleC/AvgTotalLobbyingExpendGrp/CurrentYearAmt",3824,3824,"2017v2.0, 2017v2.2, 2017v2.3"
"/Return/ReturnData/IRS990ScheduleK/TaxExemptBondsProceedsGrp/CreditEnhancementAmt",3804,1598,"2017v2.0, 2017v2.3, 2017v2.2"
"/Return/ReturnData/IRS990ScheduleK/TaxExemptBondsProceedsGrp/BondDefeasedAmt",3772,1545,"2017v2.3, 2017v2.2, 2017v2.0"
"/Return/ReturnData/IRS990ScheduleH/HospitalFacilitiesGrp/FacilityNum",3768,2415,"2017v2.0, 2017v2.3, 2017v2.2"
"/Return/ReturnData/IRS990ScheduleH/HospitalFacilitiesGrp",3768,2415,"2017v2.3, 2017v2.2, 2017v2.0"
"/Return/ReturnData/IRS990ScheduleN/LiquidationOfAssetsTableGrp/LiquidationOfAssetsDetail/EIN",3767,1765,"2017v2.3, 2017v2.0, 2017v2.2"
"/Return/ReturnData/IRS990ScheduleH/HospitalFacilitiesGrp/BusinessName",3766,2413,"2017v2.3, 2017v2.2, 2017v2.0"
"/Return/ReturnData/IRS990ScheduleH/HospitalFacilitiesGrp/BusinessName/BusinessNameLine1Txt",3766,2413,"2017v2.0, 2017v2.3, 2017v2.2"
"/Return/ReturnData/IRS990ScheduleH/HospitalFacilitiesGrp/USAddress/CityNm",3759,2407,"2017v2.0, 2017v2.3, 2017v2.2"
"/Return/ReturnData/IRS990ScheduleH/HospitalFacilitiesGrp/USAddress/StateAbbreviationCd",3759,2407,"2017v2.2, 2017v2.0, 2017v2.3"
"/Return/ReturnData/IRS990ScheduleH/HospitalFacilitiesGrp/USAddress",3759,2407,"2017v2.2, 2017v2.3, 2017v2.0"
"/Return/ReturnData/IRS990ScheduleH/HospitalFacilitiesGrp/USAddress/ZIPCd",3759,2407,"2017v2.0, 2017v2.3, 2017v2.2"
"/Return/ReturnData/IRS990ScheduleH/HospitalFacilitiesGrp/USAddress/AddressLine1Txt",3759,2407,"2017v2.2, 2017v2.0, 2017v2.3"
"/Return/ReturnData/IRS990ScheduleC/TotalDirectLobbyingGrp/FilingOrganizationsTotalAmt",3756,3756,"2017v2.3, 2017v2.0, 2017v2.2"
"/Return/ReturnData/IRS990/GrossRentsGrp/PersonalAmt",3748,3748,"2017v2.0, 2017v2.3, 2017v2.2"
"/Return/ReturnData/IRS990ScheduleG/GamingInformationGrp/OthDirectExpnssOtherGamingAmt",3726,3726,"2017v2.2, 2017v2.3, 2017v2.0"
"/Return/ReturnData/IRS990ScheduleG/GamingInformationGrp/OtherDirectExpensesPullTabsAmt",3687,3687,"2017v2.3, 2017v2.0, 2017v2.2"
"/Return/ReturnData/IRS990ScheduleC/AvgTotalLobbyingExpendGrp/CurrentYearMinus1Amt",3681,3681,"2017v2.0, 2017v2.3, 2017v2.2"
"/Return/ReturnData/IRS990ScheduleK/TaxExemptBondsArbitrageGrp/HedgeProviderName/BusinessNameLine1Txt",3649,1842,"2017v2.0, 2017v2.2, 2017v2.3"
"/Return/ReturnData/IRS990ScheduleK/TaxExemptBondsArbitrageGrp/HedgeProviderName",3649,1842,"2017v2.3, 2017v2.0, 2017v2.2"
"/Return/ReturnData/IRS990ScheduleA/IRSWrittenDeterminationInd",3646,3646,"2017v2.2, 2017v2.0, 2017v2.3"
"/Return/ReturnData/IRS990ScheduleD/CollectionUsedPreservationInd",3625,3625,"2017v2.0, 2017v2.2, 2017v2.3"
"/Return/ReturnData/IRS990ScheduleH/HospitalFacilitiesGrp/LicensedHospitalInd",3579,2353,"2017v2.3, 2017v2.0, 2017v2.2"
"/Return/ReturnData/IRS990ScheduleG/GamingInformationGrp/GrossRevenueBingoAmt",3575,3575,"2017v2.2, 2017v2.0, 2017v2.3"
"/Return/ReturnData/IRS990/PymtTravelEntrtnmntPubOfclGrp/ManagementAndGeneralAmt",3548,3548,"2017v2.3, 2017v2.0, 2017v2.2"
"/Return/ReturnData/IRS990ScheduleC/AvgTotalLobbyingExpendGrp/CurrentYearMinus2Amt",3529,3529,"2017v2.0, 2017v2.2, 2017v2.3"
"/Return/ReturnData/IRS990ScheduleG/SolicitationOfGovtGrantsInd",3485,3485,"2017v2.3, 2017v2.2, 2017v2.0"
"/Return/ReturnData/IRS990ScheduleG/SupplementalInformationDetail",3471,3092,"2017v2.2, 2017v2.0, 2017v2.3"
"/Return/ReturnData/IRS990ScheduleG/SupplementalInformationDetail/FormAndLineReferenceDesc",3470,3092,"2017v2.0, 2017v2.3, 2017v2.2"
"/Return/ReturnData/IRS990ScheduleG/SupplementalInformationDetail/ExplanationTxt",3465,3088,"2017v2.3, 2017v2.0, 2017v2.2"
"/Return/ReturnData/IRS990ScheduleD/DisclosedForCharitablePrpsInd",3450,3450,"2017v2.0, 2017v2.2, 2017v2.3"
"/Return/ReturnData/IRS990/FeesForServicesLobbyingGrp/FundraisingAmt",3437,3437,"2017v2.2, 2017v2.3, 2017v2.0"
"/Return/ReturnData/IRS990/NetIncmFromFundraisingEvtGrp/UnrelatedBusinessRevenueAmt",3414,3414,"2017v2.0, 2017v2.3, 2017v2.2"
"/Return/ReturnData/IRS990ScheduleC/AvgTotalLobbyingExpendGrp/CurrentYearMinus3Amt",3412,3412,"2017v2.2, 2017v2.0, 2017v2.3"
"/Return/ReturnData/IRS990ScheduleD/DisclosedOrgLegCtrlInd",3395,3395,"2017v2.3, 2017v2.2, 2017v2.0"
"/Return/ReturnData/IRS990/RoyaltiesGrp/ManagementAndGeneralAmt",3363,3363,"2017v2.0, 2017v2.3, 2017v2.2"
"/Return/ReturnData/IRS990/NetGainOrLossInvestmentsGrp/UnrelatedBusinessRevenueAmt",3346,3346,"2017v2.0, 2017v2.2, 2017v2.3"
"/Return/ReturnData/IRS990ScheduleC/OtherActivitiesAmt",3336,3336,"2017v2.3, 2017v2.0, 2017v2.2"
"/Return/ReturnData/IRS990ScheduleA/GovtFurnSrvcFcltsVl509Grp/CurrentTaxYearMinus2YearsAmt",3334,3334,"2017v2.2, 2017v2.3, 2017v2.0"
"/Return/ReturnData/IRS990ScheduleR/IdRelatedTaxExemptOrgGrp/DisregardedEntityName/BusinessNameLine2Txt",3332,1541,"2017v2.0, 2017v2.3, 2017v2.2"
"/Return/ReturnData/IRS990ScheduleA/Post1975UBTIGrp/CurrentTaxYearMinus1YearAmt",3331,3331,"2017v2.2, 2017v2.0, 2017v2.3"
"/Return/ReturnData/IRS990ScheduleA/Form990SchAType3FuncIntGrp",3315,3315,"2017v2.3, 2017v2.0, 2017v2.2"
"/Return/ReturnData/IRS990ScheduleM/CarsAndOtherVehiclesGrp",3312,3312,"2017v2.2, 2017v2.3, 2017v2.0"
"/Return/ReturnData/IRS990ScheduleA/GovtFurnSrvcFcltsVl509Grp/CurrentTaxYearMinus4YearsAmt",3307,3307,"2017v2.2, 2017v2.0, 2017v2.3"
"/Return/ReturnData/IRS990ScheduleA/GovtFurnSrvcFcltsVl509Grp/CurrentTaxYearMinus1YearAmt",3305,3305,"2017v2.2, 2017v2.0, 2017v2.3"
"/Return/ReturnData/IRS990ScheduleG/GamingInformationGrp/CashPrizesPullTabsAmt",3303,3303,"2017v2.2, 2017v2.0, 2017v2.3"
"/Return/ReturnData/IRS990ScheduleA/GovtFurnSrvcFcltsVl509Grp/CurrentTaxYearMinus3YearsAmt",3300,3300,"2017v2.2, 2017v2.3, 2017v2.0"
"/Return/ReturnData/IRS990ScheduleA/Post1975UBTIGrp/CurrentTaxYearMinus2YearsAmt",3297,3297,"2017v2.0, 2017v2.2, 2017v2.3"
"/Return/ReturnData/IRS990ScheduleA/Post1975UBTIGrp/CurrentTaxYearAmt",3277,3277,"2017v2.3, 2017v2.0, 2017v2.2"
"/Return/ReturnData/IRS990ScheduleA/Post1975UBTIGrp/CurrentTaxYearMinus3YearsAmt",3274,3274,"2017v2.0, 2017v2.3, 2017v2.2"
"/Return/ReturnData/IRS990ScheduleG/FundraisingEventInformationGrp/CashPrizesEvent2Amt",3270,3270,"2017v2.3, 2017v2.0, 2017v2.2"
"/Return/ReturnData/IRS990ScheduleA/Post1975UBTIGrp/CurrentTaxYearMinus4YearsAmt",3264,3264,"2017v2.3, 2017v2.0, 2017v2.2"
"/Return/ReturnData/IRS990ScheduleA/MajorityDirTrstSupportedOrgInd",3235,3235,"2017v2.2, 2017v2.0, 2017v2.3"
"/Return/ReturnData/IRS990ScheduleA/TaxRevLeviedOrgnztnlBnft509Grp/CurrentTaxYearMinus2YearsAmt",3204,3204,"2017v2.2, 2017v2.0, 2017v2.3"
"/Return/ReturnData/IRS990ScheduleA/GovtFurnSrvcFcltsVl509Grp/CurrentTaxYearAmt",3196,3196,"2017v2.2, 2017v2.3, 2017v2.0"
"/Return/ReturnData/IRS990/InfoInScheduleOPartVIIIInd",3195,3195,"2017v2.0, 2017v2.2, 2017v2.3"
"/Return/ReturnData/IRS990ScheduleA/TaxRevLeviedOrgnztnlBnft509Grp/CurrentTaxYearMinus3YearsAmt",3194,3194,"2017v2.0, 2017v2.3, 2017v2.2"
"/Return/ReturnData/IRS990ScheduleJ/ClubDuesOrFeesInd",3189,3189,"2017v2.0, 2017v2.2, 2017v2.3"
"/Return/ReturnData/IRS990ScheduleM/WorksOfArtGrp",3188,3188,"2017v2.2, 2017v2.3, 2017v2.0"
"/Return/ReturnData/IRS990ScheduleA/TaxRevLeviedOrgnztnlBnft509Grp/CurrentTaxYearMinus4YearsAmt",3187,3187,"2017v2.3, 2017v2.0, 2017v2.2"
"/Return/ReturnData/IRS990ScheduleA/TaxRevLeviedOrgnztnlBnft509Grp/CurrentTaxYearMinus1YearAmt",3172,3172,"2017v2.3, 2017v2.2, 2017v2.0"
"/Return/ReturnData/IRS990ScheduleG/FundraisingEventInformationGrp/NonCashPrizesOtherEventsAmt",3150,3150,"2017v2.3, 2017v2.0, 2017v2.2"
"/Return/ReturnData/IRS990/NetIncomeFromGamingGrp/UnrelatedBusinessRevenueAmt",3135,3135,"2017v2.2, 2017v2.0, 2017v2.3"
"/Return/ReturnData/IRS990ScheduleH/HospitalFacilitiesGrp/WebsiteAddressTxt",3125,1971,"2017v2.3, 2017v2.0, 2017v2.2"
"/Return/ReturnData/IRS990/PymtTravelEntrtnmntPubOfclGrp/FundraisingAmt",3100,3100,"2017v2.0, 2017v2.2, 2017v2.3"
"/Return/ReturnData/IRS990/RoyaltiesGrp/FundraisingAmt",3099,3099,"2017v2.0, 2017v2.3, 2017v2.2"
"/Return/ReturnData/IRS990ScheduleA/SupportingOrgType2Ind",3066,3066,"2017v2.2, 2017v2.3, 2017v2.0"
"/Return/ReturnData/IRS990ScheduleR/IdDisregardedEntitiesGrp/DirectControllingNACd",3057,955,"2017v2.2, 2017v2.0, 2017v2.3"
"/Return/ReturnData/IRS990ScheduleA/TaxRevLeviedOrgnztnlBnft509Grp/CurrentTaxYearAmt",3054,3054,"2017v2.0, 2017v2.3, 2017v2.2"
"/Return/ReturnData/IRS990ScheduleH/HospitalFacilitiesGrp/EmergencyRoom24HrsInd",3049,2072,"2017v2.0, 2017v2.2, 2017v2.3"
"/Return/ReturnData/IRS990ScheduleJ/HousingAllowanceOrResidenceInd",3031,3031,"2017v2.2, 2017v2.0, 2017v2.3"
"/Return/ReturnData/IRS990EZ/BooksInCareOfDetail/USAddress/AddressLine2Txt",3029,3029,"2017v2.2, 2017v2.3, 2017v2.0"
"/Return/ReturnData/IRS990EZ/TypeOfOrganizationOtherDesc",3016,3016,"2017v2.2, 2017v2.0, 2017v2.3"
"/Return/ReturnData/IRS990ScheduleH/HospitalFacilitiesGrp/StateLicenseNum",3004,1900,"2017v2.3, 2017v2.2, 2017v2.0"
"/Return/ReturnData/IRS990ScheduleH/HospitalFacilitiesGrp/GeneralMedicalAndSurgicalInd",2992,1991,"2017v2.2, 2017v2.0, 2017v2.3"
"/Return/ReturnData/IRS990ScheduleF/ForeignIndividualsGrantsGrp/ValuationMethodUsedDesc",2991,775,"2017v2.2, 2017v2.0, 2017v2.3"
"/Return/ReturnData/IRS990ScheduleC/TotLbbyExpendMnsLbbyngNonTxGrp/FilingOrganizationsTotalAmt",2980,2980,"2017v2.3, 2017v2.0, 2017v2.2"
"/Return/ReturnData/IRS990ScheduleM/BooksAndPublicationsGrp",2968,2968,"2017v2.3, 2017v2.0, 2017v2.2"
"/Return/ReturnData/IRS990ScheduleG/GamingInformationGrp/OtherDirectExpensesBingoAmt",2961,2961,"2017v2.2, 2017v2.0, 2017v2.3"
"/Return/ReturnData/IRS990ScheduleR/IdRelatedTaxExemptOrgGrp/LegalDomicileForeignCountryCd",2948,1267,"2017v2.3, 2017v2.2, 2017v2.0"
"/Return/ReturnData/IRS990ScheduleA/SupportingOrgType3FuncIntInd",2938,2938,"2017v2.2, 2017v2.3, 2017v2.0"
"/Return/ReturnData/IRS990ScheduleC/TotLbbyngGrassrootMnsNonTxGrp/FilingOrganizationsTotalAmt",2934,2934,"2017v2.3, 2017v2.2, 2017v2.0"
"/Return/ReturnData/IRS990ScheduleG/FundraiserActivityInfoGrp/PersonNm",2909,1908,"2017v2.3, 2017v2.2, 2017v2.0"
"/Return/ReturnData/IRS990/LessRentalExpensesGrp/PersonalAmt",2902,2902,"2017v2.0, 2017v2.3, 2017v2.2"
"/Return/ReturnData/IRS990ScheduleM/DrugsAndMedicalSuppliesGrp",2899,2899,"2017v2.2, 2017v2.0, 2017v2.3"
"/Return/ReturnData/IRS990ScheduleH/HospitalFcltyPoliciesPrctcGrp",2871,2413,"2017v2.2, 2017v2.3, 2017v2.0"
"/Return/ReturnData/IRS990ScheduleH/HospitalFcltyPoliciesPrctcGrp/TaxExemptHospitalCYOrPYInd",2871,2413,"2017v2.3, 2017v2.2, 2017v2.0"
"/Return/ReturnData/IRS990ScheduleH/HospitalFcltyPoliciesPrctcGrp/AmountsGenerallyBilledInd",2871,2413,"2017v2.0, 2017v2.3, 2017v2.2"
"/Return/ReturnData/IRS990ScheduleH/HospitalFcltyPoliciesPrctcGrp/FirstLicensedCYOrPYInd",2871,2413,"2017v2.3, 2017v2.2, 2017v2.0"
"/Return/ReturnData/IRS990ScheduleH/HospitalFcltyPoliciesPrctcGrp/AppFinancialAsstExplnInd",2871,2413,"2017v2.3, 2017v2.2, 2017v2.0"
"/Return/ReturnData/IRS990ScheduleH/HospitalFcltyPoliciesPrctcGrp/EligCriteriaExplainedInd",2871,2413,"2017v2.2, 2017v2.3, 2017v2.0"
"/Return/ReturnData/IRS990ScheduleH/HospitalFcltyPoliciesPrctcGrp/GrossChargesInd",2871,2413,"2017v2.0, 2017v2.2, 2017v2.3"
"/Return/ReturnData/IRS990ScheduleH/HospitalFcltyPoliciesPrctcGrp/FAPActionsOnNonpaymentInd",2871,2413,"2017v2.2, 2017v2.3, 2017v2.0"
"/Return/ReturnData/IRS990ScheduleH/HospitalFcltyPoliciesPrctcGrp/CollectionActivitiesInd",2871,2413,"2017v2.0, 2017v2.2, 2017v2.3"
"/Return/ReturnData/IRS990ScheduleH/HospitalFcltyPoliciesPrctcGrp/IncludesPublicityMeasuresInd",2871,2413,"2017v2.2, 2017v2.3, 2017v2.0"
"/Return/ReturnData/IRS990ScheduleH/HospitalFcltyPoliciesPrctcGrp/CHNAConductedInd",2871,2413,"2017v2.2, 2017v2.3, 2017v2.0"
"/Return/ReturnData/IRS990ScheduleH/HospitalFcltyPoliciesPrctcGrp/NondisEmergencyCarePolicyInd",2871,2413,"2017v2.2, 2017v2.0, 2017v2.3"
"/Return/ReturnData/IRS990ScheduleH/HospitalFcltyPoliciesPrctcGrp/ExplainedBasisInd",2871,2413,"2017v2.2, 2017v2.0, 2017v2.3"
"/Return/ReturnData/IRS990ScheduleH/HospitalFcltyPoliciesPrctcGrp/OrganizationIncurExciseTaxInd",2866,2409,"2017v2.3, 2017v2.0, 2017v2.2"
"/Return/ReturnData/IRS990ScheduleH/HospitalFcltyPoliciesPrctcGrp/HospitalFacilityName",2847,2389,"2017v2.2, 2017v2.3, 2017v2.0"
"/Return/ReturnData/IRS990ScheduleH/HospitalFcltyPoliciesPrctcGrp/HospitalFacilityName/BusinessNameLine1Txt",2847,2389,"2017v2.0, 2017v2.3, 2017v2.2"
"/Return/ReturnData/IRS990/AcctCompileOrReviewBasisGrp/ConsolidatedBasisFinclStmtInd",2836,2836,"2017v2.2, 2017v2.3, 2017v2.0"
"/Return/ReturnData/IRS990ScheduleR/IdRelatedTaxExemptOrgGrp/DirectControllingEntityName/BusinessNameLine2Txt",2832,697,"2017v2.2, 2017v2.3, 2017v2.0"
"/Return/ReturnData/IRS990ScheduleK/TaxExemptBondsPrivateBusUseGrp/EngageBondCounselContractsInd",2832,1146,"2017v2.0, 2017v2.3, 2017v2.2"
"/Return/ReturnData/IRS990ScheduleH/HospitalFcltyPoliciesPrctcGrp/FPGFamilyIncmLmtFreeDscntInd",2817,2368,"2017v2.2, 2017v2.3, 2017v2.0"
"/Return/ReturnData/IRS990ScheduleH/HospitalFcltyPoliciesPrctcGrp/DescribedInfoInd",2807,2354,"2017v2.2, 2017v2.3, 2017v2.0"
"/Return/ReturnData/IRS990ScheduleH/HospitalFcltyPoliciesPrctcGrp/FAPAvlblOnRequestNoChargeInd",2805,2355,"2017v2.3, 2017v2.2, 2017v2.0"
"/Return/ReturnData/IRS990ScheduleN/BondsOutstandingInd",2804,2804,"2017v2.3, 2017v2.2, 2017v2.0"
"/Return/ReturnData/IRS990ScheduleN/RequiredToNotifyAGInd",2803,2803,"2017v2.3, 2017v2.0, 2017v2.2"
"/Return/ReturnData/IRS990ScheduleH/HospitalFcltyPoliciesPrctcGrp/FPGFamilyIncmLmtFreeCarePct",2800,2351,"2017v2.0, 2017v2.3, 2017v2.2"
"/Return/ReturnData/IRS990ScheduleN/LiabilitiesPaidInd",2798,2798,"2017v2.2, 2017v2.3, 2017v2.0"
"/Return/ReturnData/IRS990ScheduleN/AssetsDistributedInd",2797,2797,"2017v2.3, 2017v2.2, 2017v2.0"
"/Return/ReturnData/IRS990ScheduleH/HospitalFcltyPoliciesPrctcGrp/DescribedSuprtDocInd",2784,2333,"2017v2.3, 2017v2.2, 2017v2.0"
"/Return/ReturnData/IRS990ScheduleH/HospitalFcltyPoliciesPrctcGrp/FAPAppAvlblOnRequestNoChrgInd",2774,2327,"2017v2.3, 2017v2.0, 2017v2.2"
"/Return/ReturnData/IRS990ScheduleN/LiquidationOfAssetsTableGrp",2769,2769,"2017v2.2, 2017v2.0, 2017v2.3"
"/Return/ReturnData/IRS990ScheduleH/HospitalFcltyPoliciesPrctcGrp/CHNAReportWidelyAvailableInd",2768,2347,"2017v2.2, 2017v2.0, 2017v2.3"
"/Return/ReturnData/IRS990ScheduleH/HospitalFcltyPoliciesPrctcGrp/TakeIntoAccountOthersInputInd",2768,2348,"2017v2.3, 2017v2.0, 2017v2.2"
"/Return/ReturnData/IRS990ScheduleH/HospitalFcltyPoliciesPrctcGrp/ImplementationStrategyAdoptInd",2767,2347,"2017v2.3, 2017v2.2, 2017v2.0"
"/Return/ReturnData/IRS990ScheduleH/HospitalFcltyPoliciesPrctcGrp/CHNAConductedWithNonFcltsInd",2766,2347,"2017v2.2, 2017v2.0, 2017v2.3"
"/Return/ReturnData/IRS990ScheduleH/HospitalFcltyPoliciesPrctcGrp/CHNAConductedWithOtherFcltsInd",2766,2347,"2017v2.2, 2017v2.3, 2017v2.0"
"/Return/ReturnData/IRS990ScheduleH/HospitalFcltyPoliciesPrctcGrp/CHNAConductedYr",2766,2347,"2017v2.2, 2017v2.3, 2017v2.0"
"/Return/ReturnData/IRS990ScheduleH/HospitalFcltyPoliciesPrctcGrp/CommunityDefinitionInd",2762,2345,"2017v2.0, 2017v2.3, 2017v2.2"
"/Return/ReturnData/IRS990/USAddress/AddressLine2Txt",2760,2760,"2017v2.3, 2017v2.2, 2017v2.0"
"/Return/ReturnData/IRS990ScheduleH/HospitalFcltyPoliciesPrctcGrp/HowDataObtainedInd",2757,2340,"2017v2.2, 2017v2.0, 2017v2.3"
"/Return/ReturnData/IRS990ScheduleH/HospitalFcltyPoliciesPrctcGrp/CommunityDemographicsInd",2750,2334,"2017v2.2, 2017v2.0, 2017v2.3"
"/Return/ReturnData/IRS990ScheduleH/HospitalFcltyPoliciesPrctcGrp/FAPAvailableOnWebsiteInd",2749,2304,"2017v2.2, 2017v2.0, 2017v2.3"
"/Return/ReturnData/IRS990ScheduleH/HospitalFcltyPoliciesPrctcGrp/FAPAvailableOnWebsiteURLTxt",2749,2304,"2017v2.3, 2017v2.0, 2017v2.2"
"/Return/ReturnData/IRS990ScheduleH/HospitalFcltyPoliciesPrctcGrp/ProvidedHospitalContactInd",2748,2305,"2017v2.0, 2017v2.2, 2017v2.3"
"/Return/ReturnData/IRS990ScheduleH/HospitalFcltyPoliciesPrctcGrp/CommunityHlthNeedsIdProcessInd",2747,2330,"2017v2.0, 2017v2.3, 2017v2.2"
"/Return/ReturnData/IRS990ScheduleH/HospitalFcltyPoliciesPrctcGrp/StrategyPostedWebsiteInd",2746,2330,"2017v2.3, 2017v2.0, 2017v2.2"
"/Return/ReturnData/IRS990ScheduleH/HospitalFcltyPoliciesPrctcGrp/CommunityHealthNeedsInd",2741,2325,"2017v2.2, 2017v2.3, 2017v2.0"
"/Return/ReturnData/IRS990ScheduleG/GamingInformationGrp/CashPrizesOtherGamingAmt",2741,2741,"2017v2.0, 2017v2.3, 2017v2.2"
"/Return/ReturnData/IRS990ScheduleH/HospitalFcltyPoliciesPrctcGrp/ImplementationStrategyAdptYr",2740,2330,"2017v2.0, 2017v2.3, 2017v2.2"
"/Return/ReturnData/IRS990ScheduleH/HospitalFcltyPoliciesPrctcGrp/ConsultingProcessInd",2724,2310,"2017v2.2, 2017v2.3, 2017v2.0"
"/Return/ReturnData/IRS990ScheduleH/HospitalFcltyPoliciesPrctcGrp/FAPSumAvlblOnRequestNoChrgInd",2719,2281,"2017v2.0, 2017v2.2, 2017v2.3"
"/Return/ReturnData/IRS990ScheduleD/WrittenPolicyMonitoringInd",2694,2694,"2017v2.2, 2017v2.3, 2017v2.0"
"/Return/ReturnData/IRS990EZ/LoansToFromOfficersAmt",2690,2690,"2017v2.3, 2017v2.2, 2017v2.0"
"/Return/ReturnData/IRS990ScheduleG/GamingInformationGrp/VolunteerLaborOtherGamingPct",2687,2687,"2017v2.2, 2017v2.3, 2017v2.0"
"/Return/ReturnData/IRS990ScheduleH/HospitalFcltyPoliciesPrctcGrp/FPGFamilyIncmLmtDscntCarePct",2686,2241,"2017v2.0, 2017v2.3, 2017v2.2"
"/Return/ReturnData/IRS990ScheduleH/HospitalFcltyPoliciesPrctcGrp/ExistingResourcesInd",2686,2275,"2017v2.2, 2017v2.3, 2017v2.0"
"/Return/ReturnData/IRS990ScheduleN/EmployeeOfSuccessorInd",2680,2680,"2017v2.0, 2017v2.3, 2017v2.2"
"/Return/ReturnData/IRS990ScheduleN/ReceiveCompensationInd",2679,2679,"2017v2.0, 2017v2.3, 2017v2.2"
"/Return/ReturnData/IRS990ScheduleN/DirectorOfSuccessorInd",2679,2679,"2017v2.2, 2017v2.0, 2017v2.3"
"/Return/ReturnData/IRS990ScheduleH/HospitalFcltyPoliciesPrctcGrp/OtherHealthIssuesInd",2678,2271,"2017v2.2, 2017v2.3, 2017v2.0"
"/Return/ReturnData/IRS990ScheduleN/OwnerOfSuccessorInd",2678,2678,"2017v2.3, 2017v2.2, 2017v2.0"
"/Return/ReturnData/IRS990ScheduleH/HospitalFcltyPoliciesPrctcGrp/OwnWebsiteURLTxt",2677,2273,"2017v2.3, 2017v2.0, 2017v2.2"
"/Return/ReturnData/IRS990ScheduleH/HospitalFcltyPoliciesPrctcGrp/FAPAppAvailableOnWebsiteInd",2675,2240,"2017v2.3, 2017v2.2, 2017v2.0"
"/Return/ReturnData/IRS990ScheduleH/HospitalFcltyPoliciesPrctcGrp/FAPAppAvailableOnWebsiteURLTxt",2675,2240,"2017v2.3, 2017v2.0, 2017v2.2"
"/Return/ReturnData/IRS990ScheduleH/HospitalFcltyPoliciesPrctcGrp/RptAvailableOnOwnWebsiteInd",2673,2269,"2017v2.2, 2017v2.0, 2017v2.3"
"/Return/ReturnData/IRS990/AmendedReturnInd",2647,2647,"2017v2.0, 2017v2.3, 2017v2.2"
"/Return/ReturnData/IRS990ScheduleH/HospitalFcltyPoliciesPrctcGrp/NotifiedFAPCopyBillDisplayInd",2647,2206,"2017v2.0, 2017v2.3, 2017v2.2"
"/Return/ReturnData/IRS990ScheduleI/RecipientTable/RecipientBusinessName/BusinessNameLine2Txt",2644,948,"2017v2.0, 2017v2.3, 2017v2.2"
"/Return/ReturnData/IRS990ScheduleG/GamingManagerIsDirectorOfcrInd",2642,2642,"2017v2.0, 2017v2.3, 2017v2.2"
"/Return/ReturnData/IRS990ScheduleH/HospitalFcltyPoliciesPrctcGrp/FAPSummaryOnWebsiteURLTxt",2639,2213,"2017v2.2, 2017v2.0, 2017v2.3"
"/Return/ReturnData/IRS990ScheduleH/HospitalFcltyPoliciesPrctcGrp/FAPSummaryOnWebsiteInd",2637,2212,"2017v2.3, 2017v2.0, 2017v2.2"
"/Return/ReturnData/IRS990ScheduleG/GamingInformationGrp/CashPrizesBingoAmt",2632,2632,"2017v2.0, 2017v2.3, 2017v2.2"
"/Return/ReturnData/IRS990EZ/OtherEmployeePaidOver100kCnt",2612,2612,"2017v2.0, 2017v2.3, 2017v2.2"
"/Return/ReturnData/IRS990/InitialReturnInd",2612,2612,"2017v2.0, 2017v2.2, 2017v2.3"
"/Return/ReturnData/IRS990ScheduleC/DirectContactLegislatorsAmt",2610,2610,"2017v2.3, 2017v2.0, 2017v2.2"
"/Return/ReturnData/IRS990EZ/ProgramSrvcAccomplishmentGrp/ForeignGrantsInd",2605,2009,"2017v2.2, 2017v2.3, 2017v2.0"
"/Return/ReturnData/IRS990ScheduleC/TaxableAmt",2604,2604,"2017v2.2, 2017v2.3, 2017v2.0"
"/Return/ReturnData/IRS990ScheduleK/TaxExemptBondsArbitrageGrp/GICProviderName",2596,1045,"2017v2.3, 2017v2.2, 2017v2.0"
"/Return/ReturnData/IRS990ScheduleK/TaxExemptBondsArbitrageGrp/GICProviderName/BusinessNameLine1Txt",2596,1045,"2017v2.0, 2017v2.2, 2017v2.3"
"/Return/ReturnData/IRS990ScheduleF/TotalOtherOrgCnt",2580,2580,"2017v2.3, 2017v2.0, 2017v2.2"
"/Return/ReturnData/IRS990EZ/CntrctRcvdGreaterThan100KCnt",2574,2574,"2017v2.2, 2017v2.3, 2017v2.0"
"/Return/ReturnData/IRS990ScheduleM/RealEstateCommercialGrp",2573,2573,"2017v2.0, 2017v2.2, 2017v2.3"
"/Return/ReturnData/IRS990ScheduleH/HospitalFcltyPoliciesPrctcGrp/PermitNoActionsInd",2565,2130,"2017v2.3, 2017v2.2, 2017v2.0"
"/Return/ReturnData/IRS990ScheduleM/RealEstateOtherGrp",2559,2559,"2017v2.0, 2017v2.2, 2017v2.3"
"/Return/ReturnData/IRS990ScheduleH/HospitalFcltyPoliciesPrctcGrp/PaperCopyPublicInspectionInd",2545,2143,"2017v2.0, 2017v2.2, 2017v2.3"
"/Return/ReturnData/IRS990ScheduleH/HospitalFcltyPoliciesPrctcGrp/MadeEffortOrallyNotifyInd",2535,2110,"2017v2.2, 2017v2.0, 2017v2.3"
"/Return/ReturnData/IRS990ScheduleH/HospitalFcltyPoliciesPrctcGrp/FacilityNum",2524,2136,"2017v2.3, 2017v2.2, 2017v2.0"
"/Return/ReturnData/IRS990ScheduleR/IdRelatedTaxExemptOrgGrp/ForeignAddress/CountryCd",2522,1039,"2017v2.3, 2017v2.0, 2017v2.2"
"/Return/ReturnData/IRS990ScheduleR/IdRelatedTaxExemptOrgGrp/ForeignAddress",2522,1039,"2017v2.3, 2017v2.2, 2017v2.0"
"/Return/ReturnData/IRS990ScheduleR/IdRelatedTaxExemptOrgGrp/ForeignAddress/AddressLine1Txt",2522,1039,"2017v2.2, 2017v2.3, 2017v2.0"
"/Return/ReturnData/IRS990ScheduleM/RealEstateResidentialGrp",2513,2513,"2017v2.0, 2017v2.2, 2017v2.3"
"/Return/ReturnData/IRS990ScheduleN/LiquidationOfAssetsTableGrp/LiquidationOfAssetsDetail/BusinessName/BusinessNameLine1Txt",2493,1144,"2017v2.2, 2017v2.0, 2017v2.3"
"/Return/ReturnData/IRS990ScheduleN/LiquidationOfAssetsTableGrp/LiquidationOfAssetsDetail/BusinessName",2493,1144,"2017v2.3, 2017v2.2, 2017v2.0"
"/Return/ReturnData/IRS990ScheduleG/GamingInformationGrp/RentFcltyCostsTotalGamingAmt",2491,2491,"2017v2.3, 2017v2.0, 2017v2.2"
"/Return/ReturnData/IRS990/InfoInScheduleOPartXInd",2459,2459,"2017v2.2, 2017v2.3, 2017v2.0"
"/Return/ReturnData/IRS990ScheduleH/HospitalFcltyPoliciesPrctcGrp/ProcessedFAPApplicationInd",2450,2044,"2017v2.2, 2017v2.3, 2017v2.0"
"/Return/ReturnData/IRS990ScheduleA/CommunityTrustInd",2439,2439,"2017v2.0, 2017v2.2, 2017v2.3"
"/Return/ReturnData/IRS990ScheduleH/HospitalFcltyPoliciesPrctcGrp/StrategyWebsiteURLTxt",2431,2080,"2017v2.3, 2017v2.0, 2017v2.2"
"/Return/ReturnData/IRS990/AuditedFinancialStmtAttInd",2416,2416,"2017v2.2, 2017v2.3, 2017v2.0"
"/Return/ReturnData/IRS990ScheduleH",2415,2415,"2017v2.0, 2017v2.3, 2017v2.2"
"/Return/ReturnData/IRS990ScheduleH/FinancialAssistancePolicyInd",2415,2415,"2017v2.3, 2017v2.2, 2017v2.0"
"/Return/ReturnData/IRS990ScheduleH/HospitalFacilitiesCnt",2415,2415,"2017v2.2, 2017v2.3, 2017v2.0"
"/Return/ReturnData/IRS990ScheduleH/AnnualCommunityBnftReportInd",2415,2415,"2017v2.0, 2017v2.3, 2017v2.2"
"/Return/ReturnData/IRS990ScheduleH/WrittenDebtCollectionPolicyInd",2407,2407,"2017v2.3, 2017v2.0, 2017v2.2"
"/Return/ReturnData/IRS990ScheduleH/FinancialAssistanceBudgetInd",2405,2405,"2017v2.2, 2017v2.0, 2017v2.3"
"/Return/ReturnData/IRS990ScheduleH/FreeCareMedicallyIndigentInd",2405,2405,"2017v2.3, 2017v2.0, 2017v2.2"
"/Return/ReturnData/IRS990ScheduleH/FPGReferenceFreeCareInd",2405,2405,"2017v2.2, 2017v2.0, 2017v2.3"
"/Return/ReturnData/IRS990ScheduleH/WrittenPolicyInd",2404,2404,"2017v2.2, 2017v2.3, 2017v2.0"
"/Return/ReturnData/IRS990ScheduleJ/TravelForCompanionsInd",2402,2402,"2017v2.3, 2017v2.0, 2017v2.2"
"/Return/ReturnData/IRS990ScheduleH/FPGReferenceDiscountedCareInd",2398,2398,"2017v2.0, 2017v2.3, 2017v2.2"
"/Return/ReturnData/IRS990ScheduleH/TotalCommunityBenefitsGrp",2397,2397,"2017v2.3, 2017v2.0, 2017v2.2"
"/Return/ReturnData/IRS990ScheduleH/BadDebtExpenseReportedInd",2395,2395,"2017v2.0, 2017v2.3, 2017v2.2"
"/Return/ReturnData/IRS990ScheduleH/TotalCommunityBenefitsGrp/NetCommunityBenefitExpnsAmt",2394,2394,"2017v2.0, 2017v2.2, 2017v2.3"
"/Return/ReturnData/IRS990ScheduleH/TotalCommunityBenefitsGrp/TotalCommunityBenefitExpnsAmt",2394,2394,"2017v2.2, 2017v2.0, 2017v2.3"
"/Return/ReturnData/IRS990ScheduleH/TotalCommunityBenefitsGrp/TotalExpensePct",2393,2393,"2017v2.3, 2017v2.2, 2017v2.0"
"/Return/ReturnData/IRS990ScheduleH/TotalFinancialAssistanceTyp",2386,2386,"2017v2.3, 2017v2.2, 2017v2.0"
"/Return/ReturnData/IRS990ScheduleL/GrntAsstBnftInterestedPrsnGrp",2385,1173,"2017v2.3, 2017v2.0, 2017v2.2"
"/Return/ReturnData/IRS990ScheduleC/AvgGrassrootsLobbyingExpendGrp",2385,2385,"2017v2.2, 2017v2.0, 2017v2.3"
"/Return/ReturnData/IRS990ScheduleH/TotalFinancialAssistanceTyp/TotalCommunityBenefitExpnsAmt",2383,2383,"2017v2.0, 2017v2.2, 2017v2.3"
"/Return/ReturnData/IRS990ScheduleH/TotalFinancialAssistanceTyp/TotalExpensePct",2383,2383,"2017v2.2, 2017v2.3, 2017v2.0"
"/Return/ReturnData/IRS990ScheduleH/TotalFinancialAssistanceTyp/NetCommunityBenefitExpnsAmt",2382,2382,"2017v2.0, 2017v2.3, 2017v2.2"
"/Return/ReturnData/IRS990ScheduleA/DistributableAmountGrp/CYGreaterAdjustedMinimumAmt",2380,2380,"2017v2.0, 2017v2.2, 2017v2.3"
"/Return/ReturnData/IRS990ScheduleA/DistributableAmountGrp/CYPct85AdjustedNetIncomeAmt",2380,2380,"2017v2.3, 2017v2.2, 2017v2.0"
"/Return/ReturnData/IRS990ScheduleA/DistributableAmountGrp/CYDistributableAsAdjustedAmt",2380,2380,"2017v2.3, 2017v2.2, 2017v2.0"
"/Return/ReturnData/IRS990ScheduleA/DistributableAmountGrp/CYIncomeTaxImposedPYAmt",2380,2380,"2017v2.0, 2017v2.3, 2017v2.2"
"/Return/ReturnData/IRS990ScheduleA/DistributableAmountGrp/CYTotalMinAstDistributableAmt",2380,2380,"2017v2.2, 2017v2.0, 2017v2.3"
"/Return/ReturnData/IRS990ScheduleA/DistributableAmountGrp/CYAdjNetIncomeDistributableAmt",2380,2380,"2017v2.0, 2017v2.3, 2017v2.2"
"/Return/ReturnData/IRS990ScheduleA/DistributableAmountGrp",2380,2380,"2017v2.3, 2017v2.2, 2017v2.0"
"/Return/ReturnData/IRS990ScheduleC/TotalGrassrootsLobbyingGrp/FilingOrganizationsTotalAmt",2378,2378,"2017v2.2, 2017v2.3, 2017v2.0"
"/Return/ReturnData/IRS990ScheduleH/BadDebtExpenseAmt",2375,2375,"2017v2.0, 2017v2.3, 2017v2.2"
"/Return/ReturnData/IRS990ScheduleH/FinancialAssistancePrvsnInd",2365,2365,"2017v2.0, 2017v2.3, 2017v2.2"
"/Return/ReturnData/IRS990ScheduleH/ReimbursedByMedicareAmt",2353,2353,"2017v2.2, 2017v2.0, 2017v2.3"
"/Return/ReturnData/IRS990ScheduleH/HospitalFcltyPoliciesPrctcGrp/CommuntityNotifiedFAPInd",2347,1958,"2017v2.3, 2017v2.0, 2017v2.2"
"/Return/ReturnData/IRS990ScheduleH/CostOfCareReimbursedByMedcrAmt",2345,2345,"2017v2.0, 2017v2.3, 2017v2.2"
"/Return/ReturnData/IRS990ScheduleC/PoliticalExpendituresAmt",2345,2345,"2017v2.3, 2017v2.0, 2017v2.2"
"/Return/ReturnData/IRS990ScheduleH/CostingMethodologyUsedGrp",2342,2342,"2017v2.2, 2017v2.3, 2017v2.0"
"/Return/ReturnData/IRS990ScheduleD/CloselyHeldEquityInterestsGrp",2337,2337,"2017v2.2, 2017v2.0, 2017v2.3"
"/Return/ReturnData/IRS990ScheduleH/FinancialAssistanceAtCostTyp",2335,2335,"2017v2.2, 2017v2.0, 2017v2.3"
"/Return/ReturnData/IRS990ScheduleH/FinancialAssistanceAtCostTyp/TotalCommunityBenefitExpnsAmt",2328,2328,"2017v2.2, 2017v2.0, 2017v2.3"
"/Return/ReturnData/IRS990ScheduleH/TotalCommunityBenefitsGrp/DirectOffsettingRevenueAmt",2327,2327,"2017v2.2, 2017v2.3, 2017v2.0"
"/Return/ReturnData/IRS990ScheduleR/IdRelatedTaxExemptOrgGrp/ForeignAddress/CityNm",2318,976,"2017v2.3, 2017v2.2, 2017v2.0"
"/Return/ReturnData/IRS990ScheduleH/MedicareSurplusOrShortfallAmt",2315,2315,"2017v2.0, 2017v2.2, 2017v2.3"
"/Return/ReturnData/IRS990/JointCostsInd",2307,2307,"2017v2.0, 2017v2.3, 2017v2.2"
"/Return/ReturnData/IRS990ScheduleH/FinancialAssistanceAtCostTyp/TotalExpensePct",2307,2307,"2017v2.3, 2017v2.0, 2017v2.2"
"/Return/ReturnData/IRS990ScheduleH/FinancialAssistanceAtCostTyp/NetCommunityBenefitExpnsAmt",2304,2304,"2017v2.3, 2017v2.0, 2017v2.2"
"/Return/ReturnData/IRS990ScheduleH/HospitalFcltyPoliciesPrctcGrp/PriorCHNAImpactInd",2298,1931,"2017v2.2, 2017v2.3, 2017v2.0"
"/Return/ReturnData/IRS990ScheduleC/AvgGrassrootsLobbyingExpendGrp/TotalAmt",2287,2287,"2017v2.0, 2017v2.3, 2017v2.2"
"/Return/ReturnData/IRS990ScheduleL/LoansBtwnOrgInterestedPrsnGrp/BusinessName",2280,1431,"2017v2.2, 2017v2.3, 2017v2.0"
"/Return/ReturnData/IRS990ScheduleL/LoansBtwnOrgInterestedPrsnGrp/BusinessName/BusinessNameLine1Txt",2280,1431,"2017v2.0, 2017v2.3, 2017v2.2"
"/Return/ReturnData/IRS990ScheduleD/CollUsedScholarlyRsrchInd",2264,2264,"2017v2.2, 2017v2.0, 2017v2.3"
"/Return/ReturnData/IRS990/ContractTerminationInd",2262,2262,"2017v2.2, 2017v2.0, 2017v2.3"
"/Return/ReturnData/IRS990ScheduleH/ExpensesExceedBudgetInd",2259,2259,"2017v2.3, 2017v2.2, 2017v2.0"
"/Return/ReturnData/IRS990ScheduleH/HospitalFcltyPoliciesPrctcGrp/ProvidedWrittenNoticeInd",2256,1859,"2017v2.3, 2017v2.2, 2017v2.0"
"/Return/ReturnData/IRS990ScheduleK/TaxExemptBondsPrivateBusUseGrp/RemedialActionTakenInd",2252,901,"2017v2.3, 2017v2.0, 2017v2.2"
"/Return/ReturnData/IRS990ScheduleL/GrntAsstBnftInterestedPrsnGrp/TypeOfAssistanceTxt",2239,1120,"2017v2.2, 2017v2.0, 2017v2.3"
"/Return/ReturnData/IRS990ScheduleL/GrntAsstBnftInterestedPrsnGrp/CashGrantAmt",2236,1098,"2017v2.0, 2017v2.3, 2017v2.2"
"/Return/ReturnData/IRS990ScheduleH/UnreimbursedMedicaidGrp",2232,2232,"2017v2.2, 2017v2.0, 2017v2.3"
"/Return/ReturnData/IRS990ScheduleM/CollectiblesGrp",2224,2224,"2017v2.2, 2017v2.3, 2017v2.0"
"/Return/ReturnData/IRS990ScheduleH/TotalOtherBenefitsGrp",2221,2221,"2017v2.3, 2017v2.0, 2017v2.2"
"/Return/ReturnData/IRS990ScheduleH/TotalFinancialAssistanceTyp/DirectOffsettingRevenueAmt",2220,2220,"2017v2.2, 2017v2.0, 2017v2.3"
"/Return/ReturnData/IRS990ScheduleH/TotalOtherBenefitsGrp/TotalCommunityBenefitExpnsAmt",2216,2216,"2017v2.0, 2017v2.2, 2017v2.3"
"/Return/ReturnData/IRS990ScheduleH/UnreimbursedMedicaidGrp/TotalCommunityBenefitExpnsAmt",2216,2216,"2017v2.2, 2017v2.3, 2017v2.0"
"/Return/ReturnData/IRS990ScheduleH/TotalOtherBenefitsGrp/NetCommunityBenefitExpnsAmt",2215,2215,"2017v2.0, 2017v2.3, 2017v2.2"
"/Return/ReturnData/IRS990ScheduleH/TotalOtherBenefitsGrp/TotalExpensePct",2210,2210,"2017v2.2, 2017v2.3, 2017v2.0"
"/Return/ReturnData/IRS990EZ/OfficerDirectorTrusteeEmplGrp/BusinessName/BusinessNameLine1Txt",2177,1036,"2017v2.0, 2017v2.3, 2017v2.2"
"/Return/ReturnData/IRS990EZ/OfficerDirectorTrusteeEmplGrp/BusinessName",2177,1036,"2017v2.2, 2017v2.3, 2017v2.0"
"/Return/ReturnData/IRS990ScheduleH/UnreimbursedMedicaidGrp/DirectOffsettingRevenueAmt",2169,2169,"2017v2.2, 2017v2.3, 2017v2.0"
"/Return/ReturnData/IRS990ScheduleH/HospitalFcltyPoliciesPrctcGrp/MadePresumptiveEligDetermInd",2162,1809,"2017v2.0, 2017v2.2, 2017v2.3"
"/Return/ReturnData/IRS990ScheduleA/SupportedOrgInformationGrp/SupportedOrganizationName/BusinessNameLine2Txt",2158,1605,"2017v2.0, 2017v2.2, 2017v2.3"
"/Return/ReturnData/IRS990ScheduleH/UnreimbursedMedicaidGrp/NetCommunityBenefitExpnsAmt",2151,2151,"2017v2.3, 2017v2.0, 2017v2.2"
"/Return/ReturnData/IRS990ScheduleH/HospitalFcltyPoliciesPrctcGrp/FAPTranslatedInd",2148,1750,"2017v2.3, 2017v2.0, 2017v2.2"
"/Return/ReturnData/IRS990ScheduleH/HospitalFcltyPoliciesPrctcGrp/MedicalIndigencyCriteriaInd",2146,1784,"2017v2.2, 2017v2.0, 2017v2.3"
"/Return/ReturnData/IRS990ScheduleA/Form990SchAType3FuncIntGrp/ActivitiesFurtherExemptPrpsInd",2134,2134,"2017v2.0, 2017v2.2, 2017v2.3"
"/Return/ReturnData/IRS990ScheduleH/UnreimbursedMedicaidGrp/TotalExpensePct",2132,2132,"2017v2.3, 2017v2.0, 2017v2.2"
"/Return/ReturnData/IRS990ScheduleA/Form990SchAType3FuncIntGrp/ActivitiesEngagedOrgInvlmntInd",2131,2131,"2017v2.0, 2017v2.2, 2017v2.3"
"/Return/ReturnData/IRS990ScheduleA/Form990SchAType3FuncIntGrp/ActivitiesTestInd",2105,2105,"2017v2.2, 2017v2.3, 2017v2.0"
"/Return/ReturnData/IRS990ScheduleA/DistributionsGrp/ExemptUseAssetsAcquisPaidAmt",2095,2095,"2017v2.0, 2017v2.2, 2017v2.3"
"/Return/ReturnData/IRS990ScheduleA/DistributionsGrp/CYDistriAttentiveSuprtOrgAmt",2095,2095,"2017v2.0, 2017v2.2, 2017v2.3"
"/Return/ReturnData/IRS990ScheduleA/DistributionsGrp/CYPaidAccomplishExemptPrpsAmt",2095,2095,"2017v2.2, 2017v2.0, 2017v2.3"
"/Return/ReturnData/IRS990ScheduleA/DistributionsGrp/CYOtherDistributionsAmt",2095,2095,"2017v2.2, 2017v2.0, 2017v2.3"
"/Return/ReturnData/IRS990ScheduleA/DistributionsGrp/CYPdInExcessIncomeActivityAmt",2095,2095,"2017v2.3, 2017v2.0, 2017v2.2"
"/Return/ReturnData/IRS990ScheduleA/DistributionsGrp/CYDistributableAsAdjustedAmt",2095,2095,"2017v2.3, 2017v2.0, 2017v2.2"
"/Return/ReturnData/IRS990ScheduleA/DistributionsGrp/CYAdministrativeExpensePaidAmt",2095,2095,"2017v2.2, 2017v2.0, 2017v2.3"
"/Return/ReturnData/IRS990ScheduleA/DistributionsGrp/CYDistributionYrRt",2095,2095,"2017v2.0, 2017v2.3, 2017v2.2"
"/Return/ReturnData/IRS990ScheduleA/DistributionsGrp/QualifiedSetAsideAmt",2095,2095,"2017v2.2, 2017v2.0, 2017v2.3"
"/Return/ReturnData/IRS990ScheduleA/DistributionsGrp",2095,2095,"2017v2.3, 2017v2.2, 2017v2.0"
"/Return/ReturnData/IRS990ScheduleA/DistributionsGrp/CYTotalAnnualDistributionsAmt",2095,2095,"2017v2.3, 2017v2.2, 2017v2.0"
"/Return/ReturnData/IRS990ScheduleD/LossesReportedAmt",2093,2093,"2017v2.0, 2017v2.3, 2017v2.2"
"/Return/ReturnData/IRS990ScheduleA/DistributionAllocationsGrp",2088,2088,"2017v2.3, 2017v2.0, 2017v2.2"
"/Return/ReturnData/IRS990ScheduleA/DistributionAllocationsGrp/ExcessDistributionCyovYr3Amt",2088,2088,"2017v2.2, 2017v2.0, 2017v2.3"
"/Return/ReturnData/IRS990ScheduleA/DistributionAllocationsGrp/TotalExcessDistributionCyovAmt",2088,2088,"2017v2.2, 2017v2.3, 2017v2.0"
"/Return/ReturnData/IRS990ScheduleA/DistributionAllocationsGrp/RemainingUnderdistriCYAmt",2088,2088,"2017v2.2, 2017v2.3, 2017v2.0"
"/Return/ReturnData/IRS990ScheduleA/DistributionAllocationsGrp/ExcessDistributionCyovYr1Amt",2088,2088,"2017v2.3, 2017v2.0, 2017v2.2"
"/Return/ReturnData/IRS990ScheduleA/DistributionAllocationsGrp/CYDistribAppUnderdistriPYAmt",2088,2088,"2017v2.3, 2017v2.2, 2017v2.0"
"/Return/ReturnData/IRS990ScheduleA/DistributionAllocationsGrp/CyovAppliedUnderdistrCPYAmt",2088,2088,"2017v2.3, 2017v2.2, 2017v2.0"
"/Return/ReturnData/IRS990ScheduleA/DistributionAllocationsGrp/ExcessFromYear2Amt",2088,2088,"2017v2.2, 2017v2.3, 2017v2.0"
"/Return/ReturnData/IRS990ScheduleA/DistributionAllocationsGrp/ExcessFromYear1Amt",2088,2088,"2017v2.0, 2017v2.2, 2017v2.3"
"/Return/ReturnData/IRS990ScheduleA/DistributionAllocationsGrp/UnderdistributionsAmt",2088,2088,"2017v2.3, 2017v2.2, 2017v2.0"
"/Return/ReturnData/IRS990ScheduleA/DistributionAllocationsGrp/ExcessFromYear4Amt",2088,2088,"2017v2.3, 2017v2.2, 2017v2.0"
"/Return/ReturnData/IRS990ScheduleA/DistributionAllocationsGrp/ExcessDistributionCyovAmt",2088,2088,"2017v2.3, 2017v2.2, 2017v2.0"
"/Return/ReturnData/IRS990ScheduleA/DistributionAllocationsGrp/ExcessDistributionAmt",2088,2088,"2017v2.2, 2017v2.3, 2017v2.0"
"/Return/ReturnData/IRS990ScheduleA/DistributionAllocationsGrp/CyovAppliedUnderdistriPYAmt",2088,2088,"2017v2.0, 2017v2.2, 2017v2.3"
"/Return/ReturnData/IRS990ScheduleA/DistributionAllocationsGrp/ExcessDistriCyovToNextYrAmt",2088,2088,"2017v2.3, 2017v2.2, 2017v2.0"
"/Return/ReturnData/IRS990ScheduleA/DistributionAllocationsGrp/ExcessFromYear5Amt",2088,2088,"2017v2.0, 2017v2.3, 2017v2.2"
"/Return/ReturnData/IRS990ScheduleA/DistributionAllocationsGrp/ExcessFromYear3Amt",2088,2088,"2017v2.3, 2017v2.0, 2017v2.2"
"/Return/ReturnData/IRS990ScheduleA/DistributionAllocationsGrp/ExcessDistributionCyovYr2Amt",2088,2088,"2017v2.3, 2017v2.0, 2017v2.2"
"/Return/ReturnData/IRS990ScheduleA/DistributionAllocationsGrp/ExcessDistributionCyovYr4Amt",2088,2088,"2017v2.2, 2017v2.0, 2017v2.3"
"/Return/ReturnData/IRS990ScheduleA/DistributionAllocationsGrp/CYDistributableAsAdjustedAmt",2088,2088,"2017v2.3, 2017v2.2, 2017v2.0"
"/Return/ReturnData/IRS990ScheduleA/DistributionAllocationsGrp/RemainingUnderdistriPYAmt",2088,2088,"2017v2.2, 2017v2.0, 2017v2.3"
"/Return/ReturnData/IRS990ScheduleA/DistributionAllocationsGrp/CYTotalAnnualDistributionsAmt",2088,2088,"2017v2.3, 2017v2.0, 2017v2.2"
"/Return/ReturnData/IRS990ScheduleA/ThirtyThrPctSuprtTestsPY509Ind",2080,2080,"2017v2.2, 2017v2.0, 2017v2.3"
"/Return/ReturnData/IRS990ScheduleN/DispositionOfAssetsDetail",2076,1218,"2017v2.2, 2017v2.3, 2017v2.0"
"/Return/ReturnData/IRS990ScheduleN/DispositionOfAssetsDetail/AssetsDistriOrExpnssPaidDesc",2075,1217,"2017v2.3, 2017v2.0, 2017v2.2"
"/Return/ReturnData/IRS990ScheduleF/ForeignIndividualsGrantsGrp/NonCashAssistanceAmt",2058,527,"2017v2.3, 2017v2.0, 2017v2.2"
"/Return/ReturnData/IRS990ScheduleH/HospitalFcltyPoliciesPrctcGrp/InsuranceStatusCriteriaInd",2036,1668,"2017v2.2, 2017v2.3, 2017v2.0"
"/Return/ReturnData/IRS990ScheduleN/DispositionOfAssetsDetail/DistributionDt",2033,1188,"2017v2.3, 2017v2.0, 2017v2.2"
"/Return/ReturnData/IRS990ScheduleH/CommunityHealthServicesGrp",2010,2010,"2017v2.0, 2017v2.3, 2017v2.2"
"/Return/ReturnData/IRS990ScheduleN/DispositionOfAssetsDetail/FairMarketValueOfAssetAmt",2009,1164,"2017v2.2, 2017v2.3, 2017v2.0"
"/Return/ReturnData/IRS990ScheduleH/CommunityHealthServicesGrp/NetCommunityBenefitExpnsAmt",1998,1998,"2017v2.0, 2017v2.3, 2017v2.2"
"/Return/ReturnData/IRS990ScheduleD/PriorYearAdjustmentsAmt",1990,1990,"2017v2.0, 2017v2.2, 2017v2.3"
"/Return/ReturnData/IRS990/MembersAndShrGrossIncomeAmt",1988,1988,"2017v2.0, 2017v2.3, 2017v2.2"
"/Return/ReturnData/IRS990ScheduleH/CommunityHealthServicesGrp/TotalCommunityBenefitExpnsAmt",1987,1987,"2017v2.0, 2017v2.3, 2017v2.2"
"/Return/ReturnData/IRS990ScheduleM/HistoricalArtifactsGrp",1985,1985,"2017v2.0, 2017v2.3, 2017v2.2"
"/Return/ReturnData/IRS990ScheduleH/CommunityHealthServicesGrp/TotalExpensePct",1983,1983,"2017v2.0, 2017v2.3, 2017v2.2"
"/Return/ReturnData/IRS990ScheduleG/FundraisingEventInformationGrp/CashPrizesOtherEventsAmt",1961,1961,"2017v2.2, 2017v2.3, 2017v2.0"
"/Return/ReturnData/IRS990ScheduleN/AttorneyGeneralNotifiedInd",1952,1952,"2017v2.0, 2017v2.2, 2017v2.3"
"/Return/ReturnData/IRS990ScheduleD/ArtPublicExhibitionAmountsGrp/AssetsIncludedAmt",1950,1950,"2017v2.2, 2017v2.3, 2017v2.0"
"/Return/ReturnData/IRS990ScheduleG/GamingInformationGrp/VolunteerLaborBingoPct",1933,1933,"2017v2.2, 2017v2.3, 2017v2.0"
"/Return/ReturnData/IRS990ScheduleC/NonDedLbbyngPltclCyovAmt",1929,1929,"2017v2.0, 2017v2.2, 2017v2.3"
"/Return/ReturnData/IRS990ScheduleC/AvgGrassrootsLobbyingExpendGrp/CurrentYearAmt",1927,1927,"2017v2.0, 2017v2.3, 2017v2.2"
"/Return/ReturnData/IRS990ScheduleM/BoatsAndPlanesGrp",1927,1927,"2017v2.3, 2017v2.0, 2017v2.2"
"/Return/ReturnData/IRS990ScheduleR/IdRelatedTaxExemptOrgGrp/USAddress/AddressLine2Txt",1926,730,"2017v2.2, 2017v2.3, 2017v2.0"
"/Return/ReturnData/IRS990ScheduleL/GrntAsstBnftInterestedPrsnGrp/RelationshipWithOrgTxt",1925,836,"2017v2.0, 2017v2.2, 2017v2.3"
"/Return/ReturnData/IRS990ScheduleH/ReportPublicallyAvailableInd",1923,1923,"2017v2.2, 2017v2.0, 2017v2.3"
"/Return/ReturnData/IRS990ScheduleF/ForeignIndividualsGrantsGrp/DescriptionOfNonCashAsstTxt",1917,531,"2017v2.0, 2017v2.3, 2017v2.2"
"/Return/ReturnData/IRS990ScheduleD/RecoveriesPriorYearGrantsAmt",1912,1912,"2017v2.2, 2017v2.0, 2017v2.3"
"/Return/ReturnData/IRS990ScheduleM/SecuritiesMiscellaneousGrp",1904,1904,"2017v2.0, 2017v2.3, 2017v2.2"
"/Return/ReturnData/IRS990ScheduleM/SecurPrtnrshpTrustIntrstsGrp",1900,1900,"2017v2.2, 2017v2.3, 2017v2.0"
"/Return/ReturnData/IRS990ScheduleM/SecuritiesCloselyHeldStockGrp",1895,1895,"2017v2.3, 2017v2.2, 2017v2.0"
"/Return/ReturnData/IRS990/OtherSourcesGrossIncomeAmt",1895,1895,"2017v2.2, 2017v2.0, 2017v2.3"
"/Return/ReturnData/IRS990ScheduleM/QualifiedContribOtherGrp",1893,1893,"2017v2.0, 2017v2.2, 2017v2.3"
"/Return/ReturnData/IRS990ScheduleD/DonorAdvisedFundsHeldCnt",1874,1874,"2017v2.0, 2017v2.2, 2017v2.3"
"/Return/ReturnData/IRS990ScheduleG/GamingInformationGrp/VolunteerLaborPullTabsPct",1866,1866,"2017v2.3, 2017v2.0, 2017v2.2"
"/Return/ReturnData/IRS990ScheduleN/DispositionOfAssetsDetail/USAddress/AddressLine1Txt",1865,1079,"2017v2.2, 2017v2.0, 2017v2.3"
"/Return/ReturnData/IRS990ScheduleN/DispositionOfAssetsDetail/USAddress/CityNm",1865,1079,"2017v2.2, 2017v2.3, 2017v2.0"
"/Return/ReturnData/IRS990ScheduleN/DispositionOfAssetsDetail/USAddress/ZIPCd",1865,1079,"2017v2.3, 2017v2.0, 2017v2.2"
"/Return/ReturnData/IRS990ScheduleN/DispositionOfAssetsDetail/USAddress/StateAbbreviationCd",1865,1079,"2017v2.0, 2017v2.2, 2017v2.3"
"/Return/ReturnData/IRS990ScheduleN/DispositionOfAssetsDetail/USAddress",1865,1079,"2017v2.3, 2017v2.2, 2017v2.0"
"/Return/ReturnData/IRS990ScheduleG/DistributedAmt",1861,1861,"2017v2.2, 2017v2.3, 2017v2.0"
"/Return/ReturnHeader/PreparerFirmGrp/PreparerUSAddress/AddressLine2Txt",1856,1856,"2017v2.3, 2017v2.0, 2017v2.2"
"/Return/ReturnData/IRS990ScheduleM/ArtHistoricalTreasuresGrp",1855,1855,"2017v2.3, 2017v2.2, 2017v2.0"
"/Return/ReturnData/IRS990ScheduleG/GamingManagerCompensationAmt",1850,1850,"2017v2.2, 2017v2.3, 2017v2.0"
"/Return/ReturnData/IRS990ScheduleG/GamingInformationGrp/NonCashPrizesTotalGamingAmt",1849,1849,"2017v2.2, 2017v2.3, 2017v2.0"
"/Return/ReturnData/IRS990/BooksInCareOfDetail/BusinessName/BusinessNameLine2Txt",1842,1842,"2017v2.0, 2017v2.2, 2017v2.3"
"/Return/ReturnData/IRS990ScheduleL/GrntAsstBnftInterestedPrsnGrp/AssistancePurposeTxt",1841,941,"2017v2.3, 2017v2.0, 2017v2.2"
"/Return/ReturnData/IRS990ScheduleN/DispositionOfAssetsDetail/MethodOfFMVDeterminationTxt",1838,1087,"2017v2.0, 2017v2.3, 2017v2.2"
"/Return/ReturnData/IRS990ScheduleD/Section170hRqrStsfdInd",1838,1838,"2017v2.2, 2017v2.3, 2017v2.0"
"/Return/ReturnData/IRS990ScheduleC/AvgGrassrootsLobbyingExpendGrp/CurrentYearMinus1Amt",1829,1829,"2017v2.0, 2017v2.3, 2017v2.2"
"/Return/ReturnData/IRS990ScheduleC/Section527PoliticalOrgGrp/ContributionsRcvdDlvrAmt",1818,1159,"2017v2.0, 2017v2.3, 2017v2.2"
"/Return/ReturnData/IRS990ScheduleD/DonorAdvisedFundsVlEOYAmt",1817,1817,"2017v2.2, 2017v2.0, 2017v2.3"
"/Return/ReturnData/IRS990ScheduleA/ThirtyThrPctSuprtTestsPY170Ind",1810,1810,"2017v2.2, 2017v2.3, 2017v2.0"
"/Return/ReturnData/IRS990ScheduleM/IntellectualPropertyGrp",1806,1806,"2017v2.0, 2017v2.3, 2017v2.2"
"/Return/ReturnData/IRS990ScheduleH/HospitalFcltyPoliciesPrctcGrp/UnderinsuranceStatCriteriaInd",1805,1511,"2017v2.0, 2017v2.3, 2017v2.2"
"/Return/ReturnData/IRS990ScheduleA/FactsAndCircumstancesTestTxt",1797,1797,"2017v2.0, 2017v2.3, 2017v2.2"
"/Return/ReturnData/IRS990ScheduleN/SupplementalInformationDetail",1795,1178,"2017v2.3, 2017v2.0, 2017v2.2"
"/Return/ReturnData/IRS990ScheduleM/ScientificSpecimensGrp",1794,1794,"2017v2.0, 2017v2.2, 2017v2.3"
"/Return/ReturnData/IRS990ScheduleN/SupplementalInformationDetail/FormAndLineReferenceDesc",1792,1177,"2017v2.3, 2017v2.0, 2017v2.2"
"/Return/ReturnData/IRS990ScheduleN/SupplementalInformationDetail/ExplanationTxt",1791,1177,"2017v2.2, 2017v2.3, 2017v2.0"
"/Return/ReturnData/IRS990ScheduleN/DispositionOfAssetsDetail/IRCSectionTxt",1771,1009,"2017v2.0, 2017v2.3, 2017v2.2"
"/Return/ReturnData/IRS990ScheduleH/AllHospitalsPolicyInd",1770,1770,"2017v2.3, 2017v2.2, 2017v2.0"
"/Return/ReturnData/IRS990ScheduleM/TaxidermyGrp",1762,1762,"2017v2.3, 2017v2.2"
"/Return/ReturnData/IRS990ScheduleM/ArchaeologicalArtifactsGrp",1762,1762,"2017v2.0, 2017v2.2, 2017v2.3"
"/Return/ReturnData/IRS990ScheduleM/ArtFractionalInterestGrp",1760,1760,"2017v2.3, 2017v2.2"
"/Return/ReturnData/IRS990ScheduleM/QualifiedContribHistStructGrp",1759,1759,"2017v2.2, 2017v2.3"
"/Return/ReturnData/IRS990ScheduleC/AvgGrassrootsLobbyingExpendGrp/CurrentYearMinus2Amt",1745,1745,"2017v2.3, 2017v2.2, 2017v2.0"
"/Return/ReturnData/IRS990ScheduleK/TaxExemptBondsArbitrageGrp/SuperintegratedHedgeInd",1744,1211,"2017v2.2, 2017v2.3, 2017v2.0"
"/Return/ReturnData/IRS990ScheduleK/TaxExemptBondsArbitrageGrp/HedgeTerminatedInd",1740,1206,"2017v2.2, 2017v2.0, 2017v2.3"
"/Return/ReturnData/IRS990ScheduleH/TotalOtherBenefitsGrp/DirectOffsettingRevenueAmt",1723,1723,"2017v2.2, 2017v2.3, 2017v2.0"
"/Return/ReturnData/IRS990ScheduleA/TenPctFactsCrcmstncsTestCYInd",1723,1723,"2017v2.3, 2017v2.0, 2017v2.2"
"/Return/ReturnData/IRS990ScheduleA/CollegeOrganizationInd",1695,1695,"2017v2.2, 2017v2.3, 2017v2.0"
"/Return/ReturnData/IRS990ScheduleH/HospitalFcltyPoliciesPrctcGrp/AssetLevelCriteriaInd",1690,1419,"2017v2.2, 2017v2.0, 2017v2.3"
"/Return/ReturnData/IRS990ScheduleA/SupportingOrgType3NonFuncInd",1670,1670,"2017v2.2, 2017v2.3, 2017v2.0"
"/Return/ReturnData/IRS990ScheduleC/AvgGrassrootsLobbyingExpendGrp/CurrentYearMinus3Amt",1668,1668,"2017v2.3, 2017v2.0, 2017v2.2"
"/Return/ReturnData/IRS990ScheduleM/CarsAndOtherVehiclesGrp/NoncashContributionsRptF990Amt",1664,1664,"2017v2.0, 2017v2.3, 2017v2.2"
"/Return/ReturnData/IRS990ScheduleH/CashAndInKindContributionsGrp",1661,1661,"2017v2.3, 2017v2.0, 2017v2.2"
"/Return/ReturnData/IRS990ScheduleM/WorksOfArtGrp/NonCashCheckboxInd",1655,1655,"2017v2.2, 2017v2.0, 2017v2.3"
"/Return/ReturnData/IRS990ScheduleL/GrntAsstBnftInterestedPrsnGrp/PersonNm",1652,682,"2017v2.2, 2017v2.3, 2017v2.0"
"/Return/ReturnData/IRS990ScheduleH/CostingMethodologyUsedGrp/CostToChargeRatioInd",1646,1646,"2017v2.2, 2017v2.3, 2017v2.0"
"/Return/ReturnData/IRS990ScheduleH/CashAndInKindContributionsGrp/NetCommunityBenefitExpnsAmt",1644,1644,"2017v2.0, 2017v2.3, 2017v2.2"
"/Return/ReturnData/IRS990ScheduleM/WorksOfArtGrp/ContributionCnt",1642,1642,"2017v2.0, 2017v2.2, 2017v2.3"
"/Return/ReturnData/IRS990ScheduleD/FinancialDerivativesGrp",1640,1640,"2017v2.2, 2017v2.0, 2017v2.3"
"/Return/ReturnData/IRS990ScheduleD/DonorAdvisedFundsContriAmt",1635,1635,"2017v2.3, 2017v2.2, 2017v2.0"
"/Return/ReturnData/IRS990/Form8886TFiledInd",1633,1633,"2017v2.3, 2017v2.0, 2017v2.2"
"/Return/ReturnData/IRS990ScheduleB/ContributorInformationGrp/ContributorUSAddress/State",1632,1632,"2017v2.2, 2017v2.3, 2017v2.0"
"/Return/ReturnData/IRS990ScheduleB/ContributorInformationGrp/ContributorNum",1632,1632,"2017v2.3, 2017v2.2, 2017v2.0"
"/Return/ReturnData/IRS990ScheduleB/ContributorInformationGrp/ContributorBusinessName",1632,1632,"2017v2.3, 2017v2.0, 2017v2.2"
"/Return/ReturnData/IRS990ScheduleB/ContributorInformationGrp/ContributorUSAddress/AddressLine1",1632,1632,"2017v2.2, 2017v2.3, 2017v2.0"
"/Return/ReturnData/IRS990ScheduleB/ContributorInformationGrp/ContributorUSAddress/City",1632,1632,"2017v2.2, 2017v2.0, 2017v2.3"
"/Return/ReturnData/IRS990ScheduleB/ContributorInformationGrp/ContributorUSAddress/ZIPCode",1632,1632,"2017v2.3, 2017v2.0, 2017v2.2"
"/Return/ReturnData/IRS990ScheduleB/ContributorInformationGrp/TotalContributionsAmt",1632,1632,"2017v2.0, 2017v2.3, 2017v2.2"
"/Return/ReturnData/IRS990ScheduleB/ContributorInformationGrp/ContributorUSAddress",1632,1632,"2017v2.3, 2017v2.0, 2017v2.2"
"/Return/ReturnData/IRS990ScheduleB/ContributorInformationGrp/ContributorUSAddress/AddressLine2",1632,1632,"2017v2.0, 2017v2.2, 2017v2.3"
"/Return/ReturnData/IRS990ScheduleB/ContributorInformationGrp",1632,1632,"2017v2.0, 2017v2.2, 2017v2.3"
"/Return/ReturnData/IRS990ScheduleB/ContributorInformationGrp/ContributorBusinessName/BusinessNameLine1",1632,1632,"2017v2.2, 2017v2.3, 2017v2.0"
"/Return/ReturnData/IRS990ScheduleH/HealthProfessionsEducationGrp",1631,1631,"2017v2.0, 2017v2.2, 2017v2.3"
"/Return/ReturnData/IRS990ScheduleH/CashAndInKindContributionsGrp/TotalCommunityBenefitExpnsAmt",1626,1626,"2017v2.0, 2017v2.3, 2017v2.2"
"/Return/ReturnData/IRS990ScheduleM/CarsAndOtherVehiclesGrp/NonCashCheckboxInd",1626,1626,"2017v2.2, 2017v2.3, 2017v2.0"
"/Return/ReturnData/IRS990ScheduleH/FacilityNum",1624,1624,"2017v2.3, 2017v2.2, 2017v2.0"
"/Return/ReturnData/IRS990ScheduleM/CarsAndOtherVehiclesGrp/ContributionCnt",1623,1623,"2017v2.0, 2017v2.2, 2017v2.3"
"/Return/ReturnData/IRS990ScheduleH/CashAndInKindContributionsGrp/TotalExpensePct",1621,1621,"2017v2.2, 2017v2.0, 2017v2.3"
"/Return/ReturnData/IRS990ScheduleH/BadDebtExpenseAttributableAmt",1621,1621,"2017v2.0, 2017v2.3, 2017v2.2"
"/Return/ReturnData/IRS990ScheduleG/GamingManagerIsEmployeeInd",1613,1613,"2017v2.2, 2017v2.3, 2017v2.0"
"/Return/ReturnData/IRS990ScheduleH/HealthProfessionsEducationGrp/NetCommunityBenefitExpnsAmt",1610,1610,"2017v2.2, 2017v2.0, 2017v2.3"
"/Return/ReturnData/IRS990ScheduleH/HealthProfessionsEducationGrp/TotalExpensePct",1607,1607,"2017v2.3, 2017v2.0, 2017v2.2"
"/Return/ReturnData/IRS990ScheduleD/DonorAdvisedFundsGrantsAmt",1601,1601,"2017v2.2, 2017v2.0, 2017v2.3"
"/Return/ReturnData/IRS990ScheduleA/AdjustedNetIncomeGrp/NetSTCapitalGainAdjNetIncmGrp",1596,1596,"2017v2.3, 2017v2.0, 2017v2.2"
"/Return/ReturnData/IRS990ScheduleA/AdjustedNetIncomeGrp/OtherGrossIncomeGrp",1596,1596,"2017v2.2, 2017v2.0, 2017v2.3"
"/Return/ReturnData/IRS990ScheduleA/AdjustedNetIncomeGrp/ProductionIncomeGrp",1596,1596,"2017v2.3, 2017v2.2, 2017v2.0"
"/Return/ReturnData/IRS990ScheduleA/AdjustedNetIncomeGrp/RecoveriesPYDistributionsGrp/PriorYearAmt",1596,1596,"2017v2.0, 2017v2.3, 2017v2.2"
"/Return/ReturnData/IRS990ScheduleA/AdjustedNetIncomeGrp/OtherExpensesGrp/PriorYearAmt",1596,1596,"2017v2.0, 2017v2.3, 2017v2.2"
"/Return/ReturnData/IRS990ScheduleA/AdjustedNetIncomeGrp/OtherGrossIncomeGrp/PriorYearAmt",1596,1596,"2017v2.2, 2017v2.0, 2017v2.3"
"/Return/ReturnData/IRS990ScheduleA/AdjustedNetIncomeGrp/TotalAdjustedNetIncomeGrp/PriorYearAmt",1596,1596,"2017v2.0, 2017v2.3, 2017v2.2"
"/Return/ReturnData/IRS990ScheduleA/AdjustedNetIncomeGrp/AdjustedGrossIncomeGrp/PriorYearAmt",1596,1596,"2017v2.2, 2017v2.0, 2017v2.3"
"/Return/ReturnData/IRS990ScheduleA/AdjustedNetIncomeGrp/TotalAdjustedNetIncomeGrp",1596,1596,"2017v2.0, 2017v2.2, 2017v2.3"
"/Return/ReturnData/IRS990ScheduleA/AdjustedNetIncomeGrp/RecoveriesPYDistributionsGrp",1596,1596,"2017v2.2, 2017v2.3, 2017v2.0"
"/Return/ReturnData/IRS990ScheduleA/AdjustedNetIncomeGrp/NetSTCapitalGainAdjNetIncmGrp/PriorYearAmt",1596,1596,"2017v2.0, 2017v2.3, 2017v2.2"
"/Return/ReturnData/IRS990ScheduleA/AdjustedNetIncomeGrp",1596,1596,"2017v2.0, 2017v2.3, 2017v2.2"
"/Return/ReturnData/IRS990ScheduleA/AdjustedNetIncomeGrp/AdjustedGrossIncomeGrp",1596,1596,"2017v2.0, 2017v2.3, 2017v2.2"
"/Return/ReturnData/IRS990ScheduleA/AdjustedNetIncomeGrp/ProductionIncomeGrp/PriorYearAmt",1596,1596,"2017v2.3, 2017v2.2, 2017v2.0"
"/Return/ReturnData/IRS990ScheduleA/AdjustedNetIncomeGrp/DepreciationDepletionGrp",1596,1596,"2017v2.2, 2017v2.3, 2017v2.0"
"/Return/ReturnData/IRS990ScheduleN/DispositionOfAssetsDetail/EIN",1596,889,"2017v2.0, 2017v2.3, 2017v2.2"
"/Return/ReturnData/IRS990ScheduleA/AdjustedNetIncomeGrp/DepreciationDepletionGrp/PriorYearAmt",1596,1596,"2017v2.2, 2017v2.3, 2017v2.0"
"/Return/ReturnData/IRS990ScheduleA/AdjustedNetIncomeGrp/OtherExpensesGrp",1596,1596,"2017v2.3, 2017v2.0, 2017v2.2"
"/Return/ReturnData/IRS990ScheduleH/HealthProfessionsEducationGrp/TotalCommunityBenefitExpnsAmt",1585,1585,"2017v2.0, 2017v2.2, 2017v2.3"
"/Return/ReturnData/IRS990/TotalJointCostsGrp",1577,1577,"2017v2.3, 2017v2.2, 2017v2.0"
"/Return/ReturnData/IRS990ScheduleR/TransactionsRelatedOrgGrp/OtherOrganizationName/BusinessNameLine2Txt",1576,681,"2017v2.0, 2017v2.3, 2017v2.2"
"/Return/ReturnData/IRS990/TotalJointCostsGrp/TotalAmt",1566,1566,"2017v2.0, 2017v2.2, 2017v2.3"
"/Return/ReturnData/IRS990ScheduleH/OthHlthCareFcltsNotHospitalGrp",1556,1556,"2017v2.3, 2017v2.0, 2017v2.2"
"/Return/ReturnData/IRS990EZ/FinalReturnInd",1550,1550,"2017v2.2, 2017v2.3, 2017v2.0"
"/Return/ReturnData/IRS990/FinalReturnInd",1536,1536,"2017v2.2, 2017v2.3, 2017v2.0"
"/Return/ReturnData/IRS990ScheduleA/PrivateFoundation509Ind",1534,1534,"2017v2.0, 2017v2.3, 2017v2.2"
"/Return/ReturnData/IRS990ScheduleM/CarsAndOtherVehiclesGrp/MethodOfDeterminingRevenuesTxt",1525,1525,"2017v2.0, 2017v2.2, 2017v2.3"
"/Return/ReturnData/IRS990ScheduleC/Form4720FiledSection4955TaxInd",1520,1520,"2017v2.2, 2017v2.0, 2017v2.3"
"/Return/ReturnData/IRS990ScheduleJ/IdemnificationGrossUpPmtsInd",1516,1516,"2017v2.0, 2017v2.2, 2017v2.3"
"/Return/ReturnData/IRS990ScheduleD/StatesEasementsHeldCnt",1496,1496,"2017v2.0, 2017v2.2, 2017v2.3"
"/Return/ReturnData/IRS990ScheduleK/TaxExemptBondsArbitrageGrp/TermOfHedgePct",1496,1091,"2017v2.2, 2017v2.0, 2017v2.3"
"/Return/ReturnData/IRS990ScheduleM/WorksOfArtGrp/NoncashContributionsRptF990Amt",1494,1494,"2017v2.3, 2017v2.0, 2017v2.2"
"/Return/ReturnData/IRS990/ContractorCompensationGrp/ContractorAddress/ForeignAddress",1492,910,"2017v2.0, 2017v2.3, 2017v2.2"
"/Return/ReturnData/IRS990/ContractorCompensationGrp/ContractorAddress/ForeignAddress/AddressLine1Txt",1492,910,"2017v2.0, 2017v2.3, 2017v2.2"
"/Return/ReturnData/IRS990/ContractorCompensationGrp/ContractorAddress/ForeignAddress/CountryCd",1492,910,"2017v2.2, 2017v2.0, 2017v2.3"
"/Return/ReturnData/IRS990ScheduleD/TotalEasementsCnt",1469,1469,"2017v2.3, 2017v2.0, 2017v2.2"
"/Return/ReturnData/IRS990ScheduleH/SubsidizedHealthServicesGrp",1467,1467,"2017v2.3, 2017v2.2, 2017v2.0"
"/Return/ReturnData/IRS990EZ/TypeOfOrganizationTrustInd",1461,1461,"2017v2.3, 2017v2.0, 2017v2.2"
"/Return/ReturnData/IRS990ScheduleA/MinimumAssetAmountGrp/AverageMonthlyCashBalancesGrp/PriorYearAmt",1456,1456,"2017v2.2, 2017v2.3, 2017v2.0"
"/Return/ReturnData/IRS990ScheduleA/MinimumAssetAmountGrp/AdjustedFMVLessIndebtednessGrp/PriorYearAmt",1456,1456,"2017v2.2, 2017v2.0, 2017v2.3"
"/Return/ReturnData/IRS990ScheduleA/MinimumAssetAmountGrp/FMVOtherNonExemptUseAssetGrp/PriorYearAmt",1456,1456,"2017v2.2, 2017v2.0, 2017v2.3"
"/Return/ReturnData/IRS990ScheduleA/MinimumAssetAmountGrp/DiscountClaimedAmt",1456,1456,"2017v2.2, 2017v2.3, 2017v2.0"
"/Return/ReturnData/IRS990ScheduleA/MinimumAssetAmountGrp/TotalFMVOfNonExemptUseAssetGrp",1456,1456,"2017v2.3, 2017v2.2, 2017v2.0"
"/Return/ReturnData/IRS990ScheduleA/MinimumAssetAmountGrp",1456,1456,"2017v2.2, 2017v2.0, 2017v2.3"
"/Return/ReturnData/IRS990ScheduleA/MinimumAssetAmountGrp/CashDeemedCharitableGrp/PriorYearAmt",1456,1456,"2017v2.3, 2017v2.0, 2017v2.2"
"/Return/ReturnData/IRS990ScheduleA/MinimumAssetAmountGrp/FMVOtherNonExemptUseAssetGrp",1456,1456,"2017v2.2, 2017v2.3, 2017v2.0"
"/Return/ReturnData/IRS990ScheduleA/MinimumAssetAmountGrp/AverageMonthlyFMVOfSecGrp/PriorYearAmt",1456,1456,"2017v2.2, 2017v2.0, 2017v2.3"
"/Return/ReturnData/IRS990ScheduleA/MinimumAssetAmountGrp/AdjustedFMVLessIndebtednessGrp",1456,1456,"2017v2.3, 2017v2.0, 2017v2.2"
"/Return/ReturnData/IRS990ScheduleA/MinimumAssetAmountGrp/AverageMonthlyCashBalancesGrp",1456,1456,"2017v2.2, 2017v2.0, 2017v2.3"
"/Return/ReturnData/IRS990ScheduleA/MinimumAssetAmountGrp/NetVlNonExemptUseAssetsGrp/PriorYearAmt",1456,1456,"2017v2.0, 2017v2.3, 2017v2.2"
"/Return/ReturnData/IRS990ScheduleA/MinimumAssetAmountGrp/TotalMinimumAssetGrp",1456,1456,"2017v2.2, 2017v2.3, 2017v2.0"
"/Return/ReturnData/IRS990ScheduleA/MinimumAssetAmountGrp/TotalFMVOfNonExemptUseAssetGrp/PriorYearAmt",1456,1456,"2017v2.3, 2017v2.0, 2017v2.2"
"/Return/ReturnData/IRS990ScheduleA/MinimumAssetAmountGrp/PctOfNetVlNonExemptUseAstGrp/PriorYearAmt",1456,1456,"2017v2.0, 2017v2.3, 2017v2.2"
"/Return/ReturnData/IRS990ScheduleA/MinimumAssetAmountGrp/AcquisitionIndebtednessGrp/PriorYearAmt",1456,1456,"2017v2.3, 2017v2.2, 2017v2.0"
"/Return/ReturnData/IRS990ScheduleA/MinimumAssetAmountGrp/AcquisitionIndebtednessGrp",1456,1456,"2017v2.0, 2017v2.3, 2017v2.2"
"/Return/ReturnData/IRS990ScheduleA/MinimumAssetAmountGrp/RecoveriesPYDistriMinAssetGrp",1456,1456,"2017v2.2, 2017v2.3, 2017v2.0"
"/Return/ReturnData/IRS990ScheduleA/MinimumAssetAmountGrp/PctOfNetVlNonExemptUseAstGrp",1456,1456,"2017v2.0, 2017v2.3, 2017v2.2"
"/Return/ReturnData/IRS990ScheduleA/MinimumAssetAmountGrp/NetVlNonExemptUseAssetsGrp",1456,1456,"2017v2.0, 2017v2.3, 2017v2.2"
"/Return/ReturnData/IRS990ScheduleA/MinimumAssetAmountGrp/TotalMinimumAssetGrp/PriorYearAmt",1456,1456,"2017v2.0, 2017v2.3, 2017v2.2"
"/Return/ReturnData/IRS990ScheduleA/MinimumAssetAmountGrp/CashDeemedCharitableGrp",1456,1456,"2017v2.0, 2017v2.2, 2017v2.3"
"/Return/ReturnData/IRS990ScheduleA/MinimumAssetAmountGrp/AverageMonthlyFMVOfSecGrp",1456,1456,"2017v2.2, 2017v2.3, 2017v2.0"
"/Return/ReturnData/IRS990ScheduleA/MinimumAssetAmountGrp/RecoveriesPYDistriMinAssetGrp/PriorYearAmt",1456,1456,"2017v2.0, 2017v2.3, 2017v2.2"
"/Return/ReturnData/IRS990ScheduleM/WorksOfArtGrp/MethodOfDeterminingRevenuesTxt",1447,1447,"2017v2.2, 2017v2.3, 2017v2.0"
"/Return/ReturnData/IRS990ScheduleC/CarriedOverAmt",1445,1445,"2017v2.0, 2017v2.2, 2017v2.3"
"/Return/ReturnData/IRS990/ContractorCompensationGrp/ContractorAddress/ForeignAddress/CityNm",1436,881,"2017v2.0, 2017v2.3, 2017v2.2"
"/Return/ReturnData/IRS990ScheduleC/CorrectionMadeInd",1430,1430,"2017v2.3, 2017v2.2, 2017v2.0"
"/Return/ReturnData/IRS990ScheduleH/SubsidizedHealthServicesGrp/TotalExpensePct",1428,1428,"2017v2.3, 2017v2.0, 2017v2.2"
"/Return/ReturnData/IRS990ScheduleH/SubsidizedHealthServicesGrp/NetCommunityBenefitExpnsAmt",1427,1427,"2017v2.2, 2017v2.3, 2017v2.0"
"/Return/ReturnData/IRS990ScheduleH/HospitalFcltyPoliciesPrctcGrp/LookBackMedicarePrivateInd",1411,1160,"2017v2.0, 2017v2.2, 2017v2.3"
"/Return/ReturnData/IRS990/ContractorCompensationGrp/ContractorAddress/USAddress/AddressLine2Txt",1401,949,"2017v2.0, 2017v2.3, 2017v2.2"
"/Return/ReturnData/IRS990ScheduleA/PrivateFoundation170Ind",1384,1384,"2017v2.0, 2017v2.3, 2017v2.2"
"/Return/ReturnData/IRS990ScheduleD/TotalAcreageCnt",1371,1371,"2017v2.3, 2017v2.2, 2017v2.0"
"/Return/ReturnData/IRS990ScheduleH/SubsidizedHealthServicesGrp/TotalCommunityBenefitExpnsAmt",1369,1369,"2017v2.0, 2017v2.2, 2017v2.3"
"/Return/ReturnData/IRS990ScheduleJ/FirstClassOrCharterTravelInd",1368,1368,"2017v2.3, 2017v2.0, 2017v2.2"
"/Return/ReturnData/IRS990ScheduleM/BooksAndPublicationsGrp/NonCashCheckboxInd",1366,1366,"2017v2.3, 2017v2.2, 2017v2.0"
"/Return/ReturnData/IRS990ScheduleM/BooksAndPublicationsGrp/NoncashContributionsRptF990Amt",1356,1356,"2017v2.3, 2017v2.0, 2017v2.2"
"/Return/ReturnData/IRS990ScheduleH/TotalCommuntityBuildingActyGrp",1330,1330,"2017v2.2, 2017v2.0, 2017v2.3"
"/Return/ReturnData/AffiliateListing/AffiliateListingGrp/EIN",1329,116,"2017v2.3, 2017v2.2"
"/Return/ReturnData/AffiliateListing/AffiliateListingGrp/BusinessName/BusinessNameLine1Txt",1329,116,"2017v2.3, 2017v2.2"
"/Return/ReturnData/AffiliateListing/AffiliateListingGrp/BusinessNameControlTxt",1329,116,"2017v2.3, 2017v2.2"
"/Return/ReturnData/AffiliateListing/AffiliateListingGrp",1329,116,"2017v2.2, 2017v2.3"
"/Return/ReturnData/AffiliateListing/AffiliateListingGrp/BusinessName",1329,116,"2017v2.2, 2017v2.3"
"/Return/ReturnData/AffiliateListing/AffiliateListingGrp/USAddress/ZIPCd",1328,115,"2017v2.3, 2017v2.2"
"/Return/ReturnData/AffiliateListing/AffiliateListingGrp/USAddress/StateAbbreviationCd",1328,115,"2017v2.3, 2017v2.2"
"/Return/ReturnData/AffiliateListing/AffiliateListingGrp/USAddress/CityNm",1328,115,"2017v2.3, 2017v2.2"
"/Return/ReturnData/AffiliateListing/AffiliateListingGrp/USAddress/AddressLine1Txt",1328,115,"2017v2.2, 2017v2.3"
"/Return/ReturnData/AffiliateListing/AffiliateListingGrp/USAddress",1328,115,"2017v2.3, 2017v2.2"
"/Return/ReturnData/IRS990ScheduleH/TotalCommuntityBuildingActyGrp/TotalCommunityBenefitExpnsAmt",1326,1326,"2017v2.0, 2017v2.2, 2017v2.3"
"/Return/ReturnData/IRS990ScheduleG/GamingInformationGrp/NonCashPrizesOtherGamingAmt",1324,1324,"2017v2.3, 2017v2.2, 2017v2.0"
"/Return/ReturnData/IRS990ScheduleH/TotalCommuntityBuildingActyGrp/NetCommunityBenefitExpnsAmt",1324,1324,"2017v2.0, 2017v2.3, 2017v2.2"
"/Return/ReturnData/IRS990ScheduleN/LiquidationOfAssetsTableGrp/LiquidationOfAssetsDetail/PersonNm",1309,765,"2017v2.3, 2017v2.2, 2017v2.0"
"/Return/ReturnData/IRS990ScheduleN/DirectorOfSuccessor2Ind",1306,1306,"2017v2.3, 2017v2.0, 2017v2.2"
"/Return/ReturnData/IRS990ScheduleH/HospitalFacilitiesGrp/FacilityReportingGroupCd",1303,379,"2017v2.3, 2017v2.0, 2017v2.2"
"/Return/ReturnData/IRS990ScheduleN/EmployeeOfSuccessor2Ind",1302,1302,"2017v2.2, 2017v2.0, 2017v2.3"
"/Return/ReturnData/IRS990ScheduleN/OwnerOfSuccessor2Ind",1301,1301,"2017v2.3, 2017v2.0, 2017v2.2"
"/Return/ReturnData/IRS990ScheduleN/ReceiveCompensation2Ind",1299,1299,"2017v2.0, 2017v2.3, 2017v2.2"
"/Return/ReturnData/IRS990ScheduleM/BooksAndPublicationsGrp/MethodOfDeterminingRevenuesTxt",1288,1288,"2017v2.2, 2017v2.3, 2017v2.0"
"/Return/ReturnData/IRS990ScheduleR/IdRelatedTaxExemptOrgGrp/ForeignAddress/ForeignPostalCd",1287,654,"2017v2.0, 2017v2.3, 2017v2.2"
"/Return/ReturnData/IRS990ScheduleC/TotalExemptFunctionExpendAmt",1278,1278,"2017v2.2, 2017v2.0, 2017v2.3"
"/Return/ReturnData/IRS990ScheduleN/DispositionOfAssetsDetail/BusinessName/BusinessNameLine1Txt",1277,735,"2017v2.3, 2017v2.2, 2017v2.0"
"/Return/ReturnData/IRS990ScheduleN/DispositionOfAssetsDetail/BusinessName",1277,735,"2017v2.2, 2017v2.0, 2017v2.3"
"/Return/ReturnData/IRS990ScheduleG/PersonsWithBooksName/BusinessNameLine1Txt",1276,1276,"2017v2.2, 2017v2.0, 2017v2.3"
"/Return/ReturnData/IRS990ScheduleG/PersonsWithBooksName",1276,1276,"2017v2.2, 2017v2.0, 2017v2.3"
"/Return/ReturnData/IRS990ScheduleM/DrugsAndMedicalSuppliesGrp/NoncashContributionsRptF990Amt",1273,1273,"2017v2.3, 2017v2.2, 2017v2.0"
"/Return/ReturnData/IRS990ScheduleH/TotalCommuntityBuildingActyGrp/TotalExpensePct",1267,1267,"2017v2.0, 2017v2.3, 2017v2.2"
"/Return/ReturnData/IRS990ScheduleM/DrugsAndMedicalSuppliesGrp/NonCashCheckboxInd",1256,1256,"2017v2.2, 2017v2.0, 2017v2.3"
"/Return/ReturnData/IRS990ScheduleD/EndingBalanceAmt",1255,1255,"2017v2.2, 2017v2.3, 2017v2.0"
"/Return/ReturnData/IRS990ScheduleH/UnableToProvideCareInd",1223,1223,"2017v2.3, 2017v2.0, 2017v2.2"
"/Return/ReturnData/IRS990ScheduleM/DrugsAndMedicalSuppliesGrp/ContributionCnt",1175,1175,"2017v2.2, 2017v2.3, 2017v2.0"
"/Return/ReturnData/IRS990ScheduleD/CollUsedLoanOrExchProgInd",1169,1169,"2017v2.3, 2017v2.0, 2017v2.2"
"/Return/ReturnData/IRS990ScheduleG/GamingInformationGrp/RentFacilityCostsBingoAmt",1168,1168,"2017v2.2, 2017v2.0, 2017v2.3"
"/Return/ReturnData/IRS990ScheduleH/CommunityHealthServicesGrp/DirectOffsettingRevenueAmt",1161,1161,"2017v2.2, 2017v2.3, 2017v2.0"
"/Return/ReturnData/IRS990ScheduleG/GamingInformationGrp/RentFacilityCostsPullTabsAmt",1151,1151,"2017v2.2, 2017v2.3, 2017v2.0"
"/Return/ReturnData/IRS990ScheduleA/DistributionAllocationsGrp/CYDistriAppDistributableAmt",1150,1150,"2017v2.2, 2017v2.0, 2017v2.3"
"/Return/ReturnData/IRS990ScheduleH/ManagementCoAndJntVenturesGrp/EntityName",1148,496,"2017v2.2, 2017v2.3, 2017v2.0"
"/Return/ReturnData/IRS990ScheduleH/ManagementCoAndJntVenturesGrp",1148,496,"2017v2.0, 2017v2.3, 2017v2.2"
"/Return/ReturnData/IRS990ScheduleH/ManagementCoAndJntVenturesGrp/EntityName/BusinessNameLine1Txt",1148,496,"2017v2.3, 2017v2.0, 2017v2.2"
"/Return/ReturnData/IRS990ScheduleH/SubsidizedHealthServicesGrp/DirectOffsettingRevenueAmt",1147,1147,"2017v2.2, 2017v2.0, 2017v2.3"
"/Return/ReturnData/IRS990ScheduleD/CloselyHeldEquityInterestsGrp/BookValueAmt",1137,1137,"2017v2.2, 2017v2.3, 2017v2.0"
"/Return/ReturnData/IRS990ScheduleM/DrugsAndMedicalSuppliesGrp/MethodOfDeterminingRevenuesTxt",1135,1135,"2017v2.0, 2017v2.3, 2017v2.2"
"/Return/ReturnData/IRS990ScheduleD/BeginningBalanceAmt",1117,1117,"2017v2.0, 2017v2.2, 2017v2.3"
"/Return/ReturnData/IRS990/AcctCompileOrReviewBasisGrp/ConsolAndSepBasisFinclStmtInd",1113,1113,"2017v2.2, 2017v2.0, 2017v2.3"
"/Return/ReturnData/IRS990ScheduleD/StaffHoursSpentEnforcementCnt",1109,1109,"2017v2.3, 2017v2.2, 2017v2.0"
"/Return/ReturnData/IRS990EZ/MethodOfAccountingOtherDesc",1107,1107,"2017v2.3, 2017v2.0, 2017v2.2"
"/Return/ReturnData/IRS990ScheduleK/TaxExemptBondsPrivateBusUseGrp/EngageBondCounselResearchInd",1095,372,"2017v2.0, 2017v2.2, 2017v2.3"
"/Return/ReturnData/IRS990ScheduleD/ProtectionNaturalHabitatInd",1095,1095,"2017v2.2, 2017v2.3, 2017v2.0"
"/Return/ReturnData/IRS990ScheduleH/ManagementCoAndJntVenturesGrp/PrimaryActivitiesTxt",1079,467,"2017v2.3, 2017v2.0, 2017v2.2"
"/Return/ReturnData/IRS990ScheduleH/Percent200Ind",1074,1074,"2017v2.0, 2017v2.2, 2017v2.3"
"/Return/ReturnData/IRS990ScheduleH/ManagementCoAndJntVenturesGrp/OrgProfitOrOwnershipPct",1067,457,"2017v2.3, 2017v2.0, 2017v2.2"
"/Return/ReturnData/IRS990ScheduleR/IdRelatedOrgTxblCorpTrGrp/RelatedOrganizationName/BusinessNameLine2Txt",1049,358,"2017v2.2, 2017v2.0, 2017v2.3"
"/Return/ReturnData/IRS990ScheduleC/InternalFundsContributedAmt",1048,1048,"2017v2.0, 2017v2.3, 2017v2.2"
"/Return/ReturnData/IRS990ScheduleH/HospitalFcltyPoliciesPrctcGrp/ResidencyCriteriaInd",1045,861,"2017v2.3, 2017v2.0, 2017v2.2"
"/Return/ReturnData/IRS990ScheduleC/Form4720FiledInd",1044,1044,"2017v2.2, 2017v2.0, 2017v2.3"
"/Return/ReturnData/AffiliatedGroupSchedule/AffiliatedScheduleGrp",1037,182,"2017v2.2, 2017v2.3"
"/Return/ReturnData/AffiliatedGroupSchedule/AffiliatedScheduleGrp/TotalGrassrootsLobbyAmt",1037,182,"2017v2.3, 2017v2.2"
"/Return/ReturnData/AffiliatedGroupSchedule/AffiliatedScheduleGrp/TotalDirectLobbyAmt",1037,182,"2017v2.3, 2017v2.2"
"/Return/ReturnData/AffiliatedGroupSchedule/AffiliatedScheduleGrp/USAddress/CityNm",1037,182,"2017v2.2, 2017v2.3"
"/Return/ReturnData/AffiliatedGroupSchedule/AffiliatedScheduleGrp/TotLbbyExpendMnsLobbyNontxAmt",1037,182,"2017v2.3, 2017v2.2"
"/Return/ReturnData/AffiliatedGroupSchedule/AffiliatedScheduleGrp/USAddress/AddressLine1Txt",1037,182,"2017v2.3, 2017v2.2"
"/Return/ReturnData/AffiliatedGroupSchedule/AffiliatedScheduleGrp/GrassrootsNontxAmt",1037,182,"2017v2.2, 2017v2.3"
"/Return/ReturnData/AffiliatedGroupSchedule/AffiliatedScheduleGrp/TotalLobbyGrssrootMnsNontxAmt",1037,182,"2017v2.3, 2017v2.2"
"/Return/ReturnData/AffiliatedGroupSchedule/AffiliatedScheduleGrp/USAddress/StateAbbreviationCd",1037,182,"2017v2.2, 2017v2.3"
"/Return/ReturnData/AffiliatedGroupSchedule/AffiliatedScheduleGrp/EIN",1037,182,"2017v2.2, 2017v2.3"
"/Return/ReturnData/AffiliatedGroupSchedule/AffiliatedScheduleGrp/ShareExcessLobbyExpendAmt",1037,182,"2017v2.2, 2017v2.3"
"/Return/ReturnData/AffiliatedGroupSchedule/AffiliatedScheduleGrp/USAddress/ZIPCd",1037,182,"2017v2.2, 2017v2.3"
"/Return/ReturnData/AffiliatedGroupSchedule/AffiliatedScheduleGrp/USAddress",1037,182,"2017v2.2, 2017v2.3"
"/Return/ReturnData/AffiliatedGroupSchedule/AffiliatedScheduleGrp/BusinessName",1037,182,"2017v2.2, 2017v2.3"
"/Return/ReturnData/AffiliatedGroupSchedule/AffiliatedScheduleGrp/LobbyNontxAmt",1037,182,"2017v2.2, 2017v2.3"
"/Return/ReturnData/AffiliatedGroupSchedule/AffiliatedScheduleGrp/BusinessName/BusinessNameLine1Txt",1037,182,"2017v2.3, 2017v2.2"
"/Return/ReturnData/AffiliatedGroupSchedule/AffiliatedScheduleGrp/TotalLobbyExpenditureAmt",1037,182,"2017v2.3, 2017v2.2"
"/Return/ReturnData/AffiliatedGroupSchedule/AffiliatedScheduleGrp/OtherExemptPurposeExpendAmt",1037,182,"2017v2.2, 2017v2.3"
"/Return/ReturnData/AffiliatedGroupSchedule/AffiliatedScheduleGrp/TotalExemptPurposeExpendAmt",1037,182,"2017v2.3, 2017v2.2"
"/Return/ReturnData/IRS990/Form720FiledInd",1021,1021,"2017v2.2, 2017v2.0, 2017v2.3"
"/Return/ReturnData/IRS990ScheduleA/Form990SchASupportingOrgGrp/SuprtExclusivelySec170c2BInd",1018,1018,"2017v2.2, 2017v2.3, 2017v2.0"
"/Return/ReturnData/IRS990ScheduleA/Form990SchASupportingOrgGrp/SupportedOrgQualifiedInd",1017,1017,"2017v2.3, 2017v2.2, 2017v2.0"
"/Return/ReturnData/IRS990ScheduleD/CloselyHeldEquityInterestsGrp/MethodValuationCd",1003,1003,"2017v2.3, 2017v2.0, 2017v2.2"
"/Return/ReturnData/IRS990ScheduleL/DisqualifiedPersonExBnftTrGrp/TransactionCorrectedInd",992,225,"2017v2.0, 2017v2.3, 2017v2.2"
"/Return/ReturnData/IRS990ScheduleL/DisqualifiedPersonExBnftTrGrp",992,225,"2017v2.0, 2017v2.3, 2017v2.2"
"/Return/ReturnData/IRS990ScheduleH/HospitalFcltyPoliciesPrctcGrp/ProvidedNonprofitContactInd",988,832,"2017v2.0, 2017v2.2, 2017v2.3"
"/Return/ReturnData/IRS990ScheduleC/VolunteerHoursCnt",967,967,"2017v2.0, 2017v2.3, 2017v2.2"
"/Return/ReturnData/IRS990ScheduleH/CommunitySupportGrp",962,962,"2017v2.3, 2017v2.0, 2017v2.2"
"/Return/ReturnData/IRS990ScheduleH/ManagementCoAndJntVenturesGrp/PhysiciansProfitOrOwnershipPct",961,416,"2017v2.2, 2017v2.3, 2017v2.0"
"/Return/ReturnData/IRS990ScheduleH/CommunitySupportGrp/NetCommunityBenefitExpnsAmt",953,953,"2017v2.0, 2017v2.3, 2017v2.2"
"/Return/ReturnData/IRS990ScheduleD/AdditionsDuringYearAmt",943,943,"2017v2.2, 2017v2.0, 2017v2.3"
"/Return/ReturnData/IRS990ScheduleD/PreservationOpenSpaceInd",941,941,"2017v2.2, 2017v2.3, 2017v2.0"
"/Return/ReturnData/IRS990ScheduleH/HealthProfessionsEducationGrp/DirectOffsettingRevenueAmt",926,926,"2017v2.3, 2017v2.0, 2017v2.2"
"/Return/ReturnData/IRS990ScheduleJ/DiscretionarySpendingAcctInd",913,913,"2017v2.3, 2017v2.2, 2017v2.0"
"/Return/ReturnData/IRS990ScheduleH/HospitalFacilitiesGrp/TeachingHospitalInd",910,597,"2017v2.3, 2017v2.2, 2017v2.0"
"/Return/ReturnData/IRS990ScheduleH/FinancialAssistanceAtCostTyp/DirectOffsettingRevenueAmt",905,905,"2017v2.0, 2017v2.3, 2017v2.2"
"/Return/ReturnData/IRS990ScheduleD/ExpensesIncurredEnforcementAmt",900,900,"2017v2.3, 2017v2.0, 2017v2.2"
"/Return/ReturnData/IRS990ScheduleD/DistributionsDuringYearAmt",898,898,"2017v2.0, 2017v2.2, 2017v2.3"
"/Return/ReturnData/IRS990ScheduleC/GrantsOtherOrganizationsAmt",884,884,"2017v2.2, 2017v2.0, 2017v2.3"
"/Return/ReturnData/IRS990EZ/AmendedReturnInd",881,881,"2017v2.2, 2017v2.3, 2017v2.0"
"/Return/ReturnData/IRS990ScheduleR/IdRelatedTaxExemptOrgGrp/ForeignAddress/ProvinceOrStateNm",878,506,"2017v2.0, 2017v2.3, 2017v2.2"
"/Return/ReturnData/IRS990ScheduleA/AdjustedNetIncomeGrp/TotalAdjustedNetIncomeGrp/CurrentYearAmt",874,874,"2017v2.2, 2017v2.3, 2017v2.0"
"/Return/ReturnData/IRS990ScheduleH/CommunitySupportGrp/TotalExpensePct",872,872,"2017v2.3, 2017v2.0, 2017v2.2"
"/Return/ReturnData/IRS990ScheduleA/AdjustedNetIncomeGrp/AdjustedGrossIncomeGrp/CurrentYearAmt",867,867,"2017v2.0, 2017v2.2, 2017v2.3"
"/Return/ReturnData/IRS990ScheduleH/HospitalFcltyPoliciesPrctcGrp/OtherPublicityInd",866,667,"2017v2.2, 2017v2.3, 2017v2.0"
"/Return/ReturnData/IRS990ScheduleH/HospitalFacilitiesGrp/OtherDesc",860,609,"2017v2.2, 2017v2.3, 2017v2.0"
"/Return/ReturnData/IRS990ScheduleA/AdjustedNetIncomeGrp/OtherGrossIncomeGrp/CurrentYearAmt",854,854,"2017v2.3, 2017v2.2, 2017v2.0"
"/Return/ReturnData/IRS990ScheduleM/RealEstateOtherGrp/NoncashContributionsRptF990Amt",849,849,"2017v2.3, 2017v2.2, 2017v2.0"
"/Return/ReturnData/IRS990ScheduleA/MinimumAssetAmountGrp/TotalFMVOfNonExemptUseAssetGrp/CurrentYearAmt",848,848,"2017v2.2, 2017v2.0, 2017v2.3"
"/Return/ReturnData/IRS990ScheduleM/RealEstateCommercialGrp/NoncashContributionsRptF990Amt",848,848,"2017v2.3, 2017v2.0, 2017v2.2"
"/Return/ReturnData/IRS990ScheduleA/MinimumAssetAmountGrp/AdjustedFMVLessIndebtednessGrp/CurrentYearAmt",848,848,"2017v2.3, 2017v2.0, 2017v2.2"
"/Return/ReturnData/IRS990ScheduleA/MinimumAssetAmountGrp/TotalMinimumAssetGrp/CurrentYearAmt",847,847,"2017v2.0, 2017v2.3, 2017v2.2"
"/Return/ReturnData/IRS990ScheduleA/MinimumAssetAmountGrp/PctOfNetVlNonExemptUseAstGrp/CurrentYearAmt",847,847,"2017v2.3, 2017v2.2, 2017v2.0"
"/Return/ReturnData/IRS990ScheduleA/MinimumAssetAmountGrp/NetVlNonExemptUseAssetsGrp/CurrentYearAmt",847,847,"2017v2.0, 2017v2.3, 2017v2.2"
"/Return/ReturnData/IRS990ScheduleH/HospitalFacilitiesGrp/CriticalAccessHospitalInd",838,744,"2017v2.0, 2017v2.2, 2017v2.3"
"/Return/ReturnData/IRS990ScheduleM/RealEstateCommercialGrp/NonCashCheckboxInd",837,837,"2017v2.2, 2017v2.0, 2017v2.3"
"/Return/ReturnData/IRS990/ContractorCompensationGrp/ContractorAddress/ForeignAddress/ForeignPostalCd",835,541,"2017v2.2, 2017v2.0, 2017v2.3"
"/Return/ReturnData/IRS990ScheduleM/RealEstateResidentialGrp/NoncashContributionsRptF990Amt",834,834,"2017v2.3, 2017v2.0, 2017v2.2"
"/Return/ReturnData/IRS990ScheduleC/Expended527ActivitiesAmt",832,832,"2017v2.2, 2017v2.3, 2017v2.0"
"/Return/ReturnData/IRS990ScheduleH/CommunitySupportGrp/TotalCommunityBenefitExpnsAmt",830,830,"2017v2.0, 2017v2.3, 2017v2.2"
"/Return/ReturnData/IRS990ScheduleM/RealEstateOtherGrp/NonCashCheckboxInd",829,829,"2017v2.0, 2017v2.3, 2017v2.2"
"/Return/ReturnData/IRS990ScheduleM/RealEstateResidentialGrp/NonCashCheckboxInd",829,829,"2017v2.2, 2017v2.3, 2017v2.0"
"/Return/ReturnData/IRS990ScheduleM/RealEstateCommercialGrp/ContributionCnt",821,821,"2017v2.2, 2017v2.0, 2017v2.3"
"/Return/ReturnData/IRS990ScheduleM/RealEstateResidentialGrp/ContributionCnt",821,821,"2017v2.2, 2017v2.0, 2017v2.3"
"/Return/ReturnData/IRS990ScheduleM/RealEstateOtherGrp/ContributionCnt",819,819,"2017v2.2, 2017v2.0, 2017v2.3"
"/Return/ReturnData/IRS990ScheduleH/WorkforceDevelopmentGrp",818,818,"2017v2.0, 2017v2.2, 2017v2.3"
"/Return/ReturnData/IRS990ScheduleH/WorkforceDevelopmentGrp/NetCommunityBenefitExpnsAmt",808,808,"2017v2.0, 2017v2.3, 2017v2.2"
"/Return/ReturnData/IRS990ScheduleA/MinimumAssetAmountGrp/CashDeemedCharitableGrp/CurrentYearAmt",807,807,"2017v2.0, 2017v2.3, 2017v2.2"
"/Return/ReturnData/IRS990ScheduleH/UnreimbursedCostsGrp",791,791,"2017v2.2, 2017v2.3, 2017v2.0"
"/Return/ReturnData/IRS990ScheduleH/ResearchGrp",789,789,"2017v2.3, 2017v2.2, 2017v2.0"
"/Return/ReturnData/IRS990ScheduleA/MinimumAssetAmountGrp/AverageMonthlyCashBalancesGrp/CurrentYearAmt",788,788,"2017v2.0, 2017v2.3, 2017v2.2"
"/Return/ReturnData/IRS990EZ/BooksInCareOfDetail/BusinessName/BusinessNameLine2Txt",787,787,"2017v2.2, 2017v2.3, 2017v2.0"
"/Return/ReturnData/IRS990/Form990PartVIISectionAGrp/BusinessName/BusinessNameLine2Txt",780,269,"2017v2.3, 2017v2.0, 2017v2.2"
"/Return/ReturnData/IRS990/TaxExemptInterestAmt",773,773,"2017v2.2, 2017v2.3"
"/Return/ReturnData/IRS990ScheduleH/TotalCommunityBenefitsGrp/PersonsServedCnt",772,772,"2017v2.2, 2017v2.0, 2017v2.3"
"/Return/ReturnData/IRS990/ContractorCompensationGrp/ContractorAddress/ForeignAddress/ProvinceOrStateNm",771,514,"2017v2.3, 2017v2.0, 2017v2.2"
"/Return/ReturnData/IRS990ScheduleH/HospitalFcltyPoliciesPrctcGrp/IncomeLevelCriteriaInd",771,679,"2017v2.2, 2017v2.3, 2017v2.0"
"/Return/ReturnData/IRS990/TotalJointCostsGrp/ProgramServicesAmt",767,767,"2017v2.0, 2017v2.2, 2017v2.3"
"/Return/ReturnData/IRS990ScheduleA/MinimumAssetAmountGrp/AverageMonthlyFMVOfSecGrp/CurrentYearAmt",760,760,"2017v2.3, 2017v2.0, 2017v2.2"
"/Return/ReturnData/IRS990ScheduleC/Form4720Filed4912TaxInd",758,758,"2017v2.2, 2017v2.3, 2017v2.0"
"/Return/ReturnData/IRS990ScheduleR/IdRelatedOrgTxblPartnershipGrp/LegalDomicileForeignCountryCd",757,131,"2017v2.2, 2017v2.0, 2017v2.3"
"/Return/ReturnData/IRS990ScheduleR/IdRelatedOrgTxblPartnershipGrp/USAddress/AddressLine2Txt",757,231,"2017v2.3, 2017v2.2, 2017v2.0"
"/Return/ReturnData/IRS990ScheduleH/HospitalFcltyPoliciesPrctcGrp/OtherCriteriaInd",756,623,"2017v2.2, 2017v2.0, 2017v2.3"
"/Return/ReturnData/IRS990/TotalJointCostsGrp/FundraisingAmt",754,754,"2017v2.0, 2017v2.3, 2017v2.2"
"/Return/ReturnData/IRS990ScheduleH/WorkforceDevelopmentGrp/TotalExpensePct",754,754,"2017v2.2, 2017v2.0, 2017v2.3"
"/Return/ReturnData/IRS990ScheduleG/ExplanationIfNoTxt",752,752,"2017v2.2, 2017v2.3, 2017v2.0"
"/Return/ReturnData/IRS990ScheduleH/UnreimbursedCostsGrp/TotalExpensePct",741,741,"2017v2.0, 2017v2.3, 2017v2.2"
"/Return/ReturnData/IRS990ScheduleH/UnreimbursedCostsGrp/NetCommunityBenefitExpnsAmt",740,740,"2017v2.2, 2017v2.3, 2017v2.0"
"/Return/ReturnData/IRS990ScheduleH/TotalOtherBenefitsGrp/PersonsServedCnt",736,736,"2017v2.0, 2017v2.2, 2017v2.3"
"/Return/ReturnData/IRS990ScheduleD/FundsAndOtherAccountsHeldCnt",734,734,"2017v2.2, 2017v2.0, 2017v2.3"
"/Return/ReturnData/IRS990ScheduleH/ResearchGrp/TotalExpensePct",732,732,"2017v2.3, 2017v2.2, 2017v2.0"
"/Return/ReturnData/IRS990ScheduleM/RealEstateResidentialGrp/MethodOfDeterminingRevenuesTxt",730,730,"2017v2.0, 2017v2.3, 2017v2.2"
"/Return/ReturnData/IRS990ScheduleD/PreservationPublicUseInd",729,729,"2017v2.2, 2017v2.0, 2017v2.3"
"/Return/ReturnData/IRS990ScheduleA/AdjustedNetIncomeGrp/ProductionIncomeGrp/CurrentYearAmt",726,726,"2017v2.0, 2017v2.3, 2017v2.2"
"/Return/ReturnData/IRS990ScheduleH/ResearchGrp/NetCommunityBenefitExpnsAmt",725,725,"2017v2.2, 2017v2.0, 2017v2.3"
"/Return/ReturnData/IRS990ScheduleM/RealEstateOtherGrp/MethodOfDeterminingRevenuesTxt",722,722,"2017v2.3, 2017v2.2, 2017v2.0"
"/Return/ReturnData/IRS990ScheduleM/RealEstateCommercialGrp/MethodOfDeterminingRevenuesTxt",715,715,"2017v2.0, 2017v2.3, 2017v2.2"
"/Return/ReturnData/IRS990ScheduleH/HealthImprovementAdvocacyGrp",709,709,"2017v2.3, 2017v2.0, 2017v2.2"
"/Return/ReturnData/IRS990ScheduleH/Percent400Ind",706,706,"2017v2.0, 2017v2.3, 2017v2.2"
"/Return/ReturnData/IRS990ScheduleD/FundsAndOtherAccountsVlEOYAmt",704,704,"2017v2.0, 2017v2.3, 2017v2.2"
"/Return/ReturnData/IRS990ScheduleG/GamingInformationGrp/RentFcltyCostsOtherGamingAmt",703,703,"2017v2.2, 2017v2.3, 2017v2.0"
"/Return/ReturnData/IRS990ScheduleD/ArtPublicExhibitionAmountsGrp/RevenuesIncludedAmt",703,703,"2017v2.2, 2017v2.3, 2017v2.0"
"/Return/ReturnData/IRS990ScheduleA/Form990SchAType3FuncIntGrp/GovernmentalEntityInd",697,697,"2017v2.3, 2017v2.0, 2017v2.2"
"/Return/ReturnData/IRS990ScheduleH/FreeCareOthPercentageGrp/OtherInd",696,696,"2017v2.2, 2017v2.0, 2017v2.3"
"/Return/ReturnData/IRS990ScheduleR/IdRelatedOrgTxblPartnershipGrp/ForeignAddress/CountryCd",696,116,"2017v2.0, 2017v2.2, 2017v2.3"
"/Return/ReturnData/IRS990ScheduleH/FreeCareOthPercentageGrp/FreeCareOtherPct",696,696,"2017v2.2, 2017v2.3, 2017v2.0"
"/Return/ReturnData/IRS990ScheduleR/IdRelatedOrgTxblPartnershipGrp/ForeignAddress/AddressLine1Txt",696,116,"2017v2.2, 2017v2.3, 2017v2.0"
"/Return/ReturnData/IRS990ScheduleH/FreeCareOthPercentageGrp",696,696,"2017v2.3, 2017v2.2, 2017v2.0"
"/Return/ReturnData/IRS990ScheduleR/IdRelatedOrgTxblPartnershipGrp/ForeignAddress",696,116,"2017v2.2, 2017v2.3, 2017v2.0"
"/Return/ReturnData/IRS990ScheduleN/DispositionOfAssetsDetail/PersonNm",682,403,"2017v2.0, 2017v2.3, 2017v2.2"
"/Return/ReturnData/IRS990ScheduleH/HealthImprovementAdvocacyGrp/NetCommunityBenefitExpnsAmt",681,681,"2017v2.0, 2017v2.3, 2017v2.2"
"/Return/ReturnData/IRS990ScheduleH/TotalCommunityBenefitsGrp/ActivitiesOrProgramsCnt",679,679,"2017v2.2, 2017v2.0, 2017v2.3"
"/Return/ReturnData/IRS990ScheduleH/TotalOtherBenefitsGrp/ActivitiesOrProgramsCnt",671,671,"2017v2.3, 2017v2.0, 2017v2.2"
"/Return/ReturnData/IRS990ScheduleH/WorkforceDevelopmentGrp/TotalCommunityBenefitExpnsAmt",665,665,"2017v2.2, 2017v2.3, 2017v2.0"
"/Return/ReturnData/IRS990ScheduleH/CoalitionBuildingGrp",658,658,"2017v2.3, 2017v2.0, 2017v2.2"
"/Return/ReturnData/IRS990ScheduleA/GovernmentalUnitInd",654,654,"2017v2.0, 2017v2.3, 2017v2.2"
"/Return/ReturnData/IRS990ScheduleH/ResearchGrp/TotalCommunityBenefitExpnsAmt",652,652,"2017v2.0, 2017v2.3, 2017v2.2"
"/Return/ReturnData/IRS990/TotalJointCostsGrp/ManagementAndGeneralAmt",648,648,"2017v2.3, 2017v2.2, 2017v2.0"
"/Return/ReturnData/IRS990ScheduleH/CoalitionBuildingGrp/NetCommunityBenefitExpnsAmt",647,647,"2017v2.0, 2017v2.3, 2017v2.2"
"/Return/ReturnData/IRS990ScheduleH/EconomicDevelopmentGrp",647,647,"2017v2.2, 2017v2.0, 2017v2.3"
"/Return/ReturnData/IRS990ScheduleR/IdRelatedOrgTxblPartnershipGrp/ForeignAddress/CityNm",644,108,"2017v2.0, 2017v2.3, 2017v2.2"
"/Return/ReturnData/IRS990ScheduleH/HealthImprovementAdvocacyGrp/TotalExpensePct",640,640,"2017v2.3, 2017v2.0, 2017v2.2"
"/Return/ReturnData/IRS990ScheduleD/FundsAndOtherAccountsContriAmt",640,640,"2017v2.2, 2017v2.0, 2017v2.3"
"/Return/ReturnData/IRS990ScheduleH/EconomicDevelopmentGrp/NetCommunityBenefitExpnsAmt",635,635,"2017v2.2, 2017v2.3, 2017v2.0"
"/Return/ReturnData/IRS990ScheduleH/TotalCommuntityBuildingActyGrp/ActivitiesOrProgramsCnt",629,629,"2017v2.2, 2017v2.3, 2017v2.0"
"/Return/ReturnData/IRS990ScheduleJ/PersonalServicesInd",629,629,"2017v2.0, 2017v2.3, 2017v2.2"
"/Return/ReturnData/IRS990ScheduleD/FundsAndOtherAccountsGrantsAmt",623,623,"2017v2.2, 2017v2.0, 2017v2.3"
"/Return/ReturnData/IRS990ScheduleA/AdjustedNetIncomeGrp/OtherExpensesGrp/CurrentYearAmt",616,616,"2017v2.2, 2017v2.0, 2017v2.3"
"/Return/ReturnData/IRS990ScheduleH/UnreimbursedCostsGrp/TotalCommunityBenefitExpnsAmt",613,613,"2017v2.3, 2017v2.0, 2017v2.2"
"/Return/ReturnData/IRS990ScheduleR/IdRelatedOrgTxblPartnershipGrp/ForeignAddress/ForeignPostalCd",598,102,"2017v2.3, 2017v2.2, 2017v2.0"
"/Return/ReturnData/IRS990ScheduleH/CoalitionBuildingGrp/TotalExpensePct",595,595,"2017v2.3, 2017v2.0, 2017v2.2"
"/Return/ReturnData/IRS990ScheduleH/EconomicDevelopmentGrp/TotalExpensePct",588,588,"2017v2.3, 2017v2.0, 2017v2.2"
"/Return/ReturnData/IRS990ScheduleH/HospitalFcltyPoliciesPrctcGrp/StrategyAttachedInd",587,514,"2017v2.3, 2017v2.2, 2017v2.0"
"/Return/ReturnData/IRS990ScheduleR/IdRelatedOrgTxblCorpTrGrp/USAddress/AddressLine2Txt",586,179,"2017v2.2, 2017v2.0, 2017v2.3"
"/Return/ReturnData/IRS990ScheduleH/TotalCommuntityBuildingActyGrp/PersonsServedCnt",578,578,"2017v2.0, 2017v2.3, 2017v2.2"
"/Return/ReturnData/IRS990EZ/ForeignOfficeCountryCd",576,555,"2017v2.2, 2017v2.3, 2017v2.0"
"/Return/ReturnData/IRS990ScheduleN/BondLiabilitiesDischargedInd",575,575,"2017v2.2, 2017v2.3, 2017v2.0"
"/Return/ReturnData/IRS990ScheduleH/TotalFinancialAssistanceTyp/PersonsServedCnt",573,573,"2017v2.3, 2017v2.0, 2017v2.2"
"/Return/ReturnData/AffiliatedGroupSchedule/AffiliatedScheduleGrp/ElectingOrganizationInd",573,140,"2017v2.3, 2017v2.2"
"/Return/ReturnData/IRS990ScheduleH/HospitalFcltyPoliciesPrctcGrp/RptAvailableThruOtherMethodInd",569,486,"2017v2.2, 2017v2.0, 2017v2.3"
"/Return/ReturnData/IRS990ScheduleD/HistoricStructureEasementsCnt",569,569,"2017v2.2, 2017v2.3, 2017v2.0"
"/Return/ReturnData/IRS990ScheduleH/HospitalFcltyPoliciesPrctcGrp/ProspectiveMedicareMedicaidInd",551,490,"2017v2.2, 2017v2.0, 2017v2.3"
"/Return/ReturnData/IRS990ScheduleM/CollectiblesGrp/NonCashCheckboxInd",551,551,"2017v2.0, 2017v2.3, 2017v2.2"
"/Return/ReturnData/IRS990ScheduleA/AdjustedNetIncomeGrp/NetSTCapitalGainAdjNetIncmGrp/CurrentYearAmt",551,551,"2017v2.0, 2017v2.3, 2017v2.2"
"/Return/ReturnData/IRS990ScheduleH/UnreimbursedCostsGrp/DirectOffsettingRevenueAmt",547,547,"2017v2.3, 2017v2.0, 2017v2.2"
"/Return/ReturnData/IRS990ScheduleM/CollectiblesGrp/ContributionCnt",541,541,"2017v2.2, 2017v2.0, 2017v2.3"
"/Return/ReturnData/IRS990ScheduleA/MinimumAssetAmountGrp/FMVOtherNonExemptUseAssetGrp/CurrentYearAmt",538,538,"2017v2.2, 2017v2.0, 2017v2.3"
"/Return/ReturnData/IRS990ScheduleH/HealthImprovementAdvocacyGrp/TotalCommunityBenefitExpnsAmt",535,535,"2017v2.2, 2017v2.3, 2017v2.0"
"/Return/ReturnData/IRS990ScheduleH/CommunityHealthServicesGrp/PersonsServedCnt",535,535,"2017v2.0, 2017v2.2, 2017v2.3"
"/Return/ReturnData/IRS990/ForeignAddress/CountryCd",527,527,"2017v2.2, 2017v2.3, 2017v2.0"
"/Return/ReturnData/IRS990/ForeignAddress/AddressLine1Txt",527,527,"2017v2.3, 2017v2.0, 2017v2.2"
"/Return/ReturnData/IRS990/ForeignAddress",527,527,"2017v2.3, 2017v2.2, 2017v2.0"
"/Return/ReturnData/IRS990ScheduleH/CashAndInKindContributionsGrp/DirectOffsettingRevenueAmt",526,526,"2017v2.0, 2017v2.3, 2017v2.2"
"/Return/ReturnData/IRS990ScheduleM/CollectiblesGrp/NoncashContributionsRptF990Amt",525,525,"2017v2.0, 2017v2.3, 2017v2.2"
"/Return/ReturnData/IRS990ScheduleC/MailingsMembersAmt",523,523,"2017v2.2, 2017v2.0, 2017v2.3"
"/Return/ReturnData/IRS990ScheduleA/AdjustedNetIncomeGrp/DepreciationDepletionGrp/CurrentYearAmt",520,520,"2017v2.2, 2017v2.0, 2017v2.3"
"/Return/ReturnData/IRS990ScheduleH/LeadershipDevelopmentGrp",518,518,"2017v2.2, 2017v2.0, 2017v2.3"
"/Return/ReturnData/IRS990/ForeignAddress/CityNm",516,516,"2017v2.3, 2017v2.0, 2017v2.2"
"/Return/ReturnData/IRS990ScheduleH/Percent300Ind",505,505,"2017v2.2, 2017v2.3, 2017v2.0"
"/Return/ReturnData/IRS990ScheduleH/CoalitionBuildingGrp/TotalCommunityBenefitExpnsAmt",503,503,"2017v2.3, 2017v2.0, 2017v2.2"
"/Return/ReturnData/IRS990ScheduleH/TotalCommuntityBuildingActyGrp/DirectOffsettingRevenueAmt",502,502,"2017v2.2, 2017v2.3, 2017v2.0"
"/Return/ReturnData/IRS990ScheduleH/CostingMethodologyUsedGrp/OtherInd",495,495,"2017v2.2, 2017v2.0, 2017v2.3"
"/Return/ReturnData/IRS990/BooksInCareOfDetail/ForeignAddress/CountryCd",495,495,"2017v2.0, 2017v2.2, 2017v2.3"
"/Return/ReturnData/IRS990/BooksInCareOfDetail/ForeignAddress/AddressLine1Txt",495,495,"2017v2.0, 2017v2.2, 2017v2.3"
"/Return/ReturnData/IRS990/BooksInCareOfDetail/ForeignAddress",495,495,"2017v2.0, 2017v2.3, 2017v2.2"
"/Return/ReturnData/IRS990ScheduleH/LeadershipDevelopmentGrp/NetCommunityBenefitExpnsAmt",490,490,"2017v2.2, 2017v2.3, 2017v2.0"
"/Return/ReturnData/IRS990ScheduleM/CollectiblesGrp/MethodOfDeterminingRevenuesTxt",488,488,"2017v2.2, 2017v2.0, 2017v2.3"
"/Return/ReturnData/IRS990ScheduleA/AdjustedNetIncomeGrp/RecoveriesPYDistributionsGrp/CurrentYearAmt",488,488,"2017v2.0, 2017v2.2, 2017v2.3"
"/Return/ReturnData/IRS990ScheduleH/ResearchGrp/DirectOffsettingRevenueAmt",482,482,"2017v2.0, 2017v2.3, 2017v2.2"
"/Return/ReturnData/IRS990/BooksInCareOfDetail/ForeignAddress/CityNm",480,480,"2017v2.0, 2017v2.3, 2017v2.2"
"/Return/ReturnData/IRS990ScheduleD/ModifiedEasementsCnt",480,480,"2017v2.2, 2017v2.0, 2017v2.3"
"/Return/ReturnData/IRS990EZ/ForeignFinancialAccountCntryCd",480,469,"2017v2.0, 2017v2.2, 2017v2.3"
"/Return/ReturnData/IRS990ScheduleH/PhysicalImprvAndHousingGrp",472,472,"2017v2.0, 2017v2.2, 2017v2.3"
"/Return/ReturnData/IRS990ScheduleH/OtherCommuntityBuildingActyGrp",470,470,"2017v2.2, 2017v2.0, 2017v2.3"
"/Return/ReturnData/IRS990ScheduleH/CommunityHealthServicesGrp/ActivitiesOrProgramsCnt",470,470,"2017v2.3, 2017v2.0, 2017v2.2"
"/Return/ReturnData/IRS990ScheduleH/EconomicDevelopmentGrp/TotalCommunityBenefitExpnsAmt",469,469,"2017v2.0, 2017v2.3, 2017v2.2"
"/Return/ReturnData/IRS990ScheduleH/HospitalFcltyPoliciesPrctcGrp/OtherWebsiteURLTxt",467,401,"2017v2.3, 2017v2.0, 2017v2.2"
"/Return/ReturnData/IRS990ScheduleD/HistoricStrctrEasementsAftrCnt",466,466,"2017v2.3, 2017v2.0, 2017v2.2"
"/Return/ReturnData/IRS990ScheduleC/RalliesDemonstrationsAmt",465,465,"2017v2.0, 2017v2.3, 2017v2.2"
"/Return/ReturnData/IRS990ScheduleA/HospitalNameAndAddressGrp/SupportedOrganizationName/BusinessNameLine1Txt",464,376,"2017v2.2, 2017v2.0, 2017v2.3"
"/Return/ReturnData/IRS990ScheduleG/GamingManagerBusinessName/BusinessNameLine1Txt",464,464,"2017v2.2, 2017v2.0, 2017v2.3"
"/Return/ReturnData/IRS990ScheduleA/HospitalNameAndAddressGrp/CityNm",464,376,"2017v2.0, 2017v2.3, 2017v2.2"
"/Return/ReturnData/IRS990ScheduleA/HospitalNameAndAddressGrp",464,376,"2017v2.3, 2017v2.0, 2017v2.2"
"/Return/ReturnData/IRS990ScheduleA/HospitalNameAndAddressGrp/SupportedOrganizationName",464,376,"2017v2.3, 2017v2.2, 2017v2.0"
"/Return/ReturnData/IRS990ScheduleG/GamingManagerBusinessName",464,464,"2017v2.3, 2017v2.0, 2017v2.2"
"/Return/ReturnData/IRS990ScheduleA/MinimumAssetAmountGrp/RecoveriesPYDistriMinAssetGrp/CurrentYearAmt",463,463,"2017v2.3, 2017v2.0, 2017v2.2"
"/Return/ReturnData/IRS990ScheduleH/HospitalFcltyPoliciesPrctcGrp/OtherWebsiteInd",462,397,"2017v2.3, 2017v2.2, 2017v2.0"
"/Return/ReturnData/IRS990ScheduleA/MinimumAssetAmountGrp/AcquisitionIndebtednessGrp/CurrentYearAmt",461,461,"2017v2.2, 2017v2.0, 2017v2.3"
"/Return/ReturnData/IRS990ScheduleA/HospitalNameAndAddressGrp/StateAbbreviationCd",457,370,"2017v2.0, 2017v2.2, 2017v2.3"
"/Return/ReturnData/IRS990ScheduleD/HeldWorksArtGrp/AssetsIncludedAmt",457,457,"2017v2.0, 2017v2.3, 2017v2.2"
"/Return/ReturnData/IRS990ScheduleG/GamingRevenueReceivedByOrgAmt",455,455,"2017v2.0, 2017v2.2, 2017v2.3"
"/Return/ReturnData/IRS990ScheduleH/DiscountedCareOthPercentageGrp/OtherInd",454,454,"2017v2.2, 2017v2.0, 2017v2.3"
"/Return/ReturnData/IRS990ScheduleH/DiscountedCareOthPercentageGrp/DiscountedCareOtherPct",454,454,"2017v2.3, 2017v2.0, 2017v2.2"
"/Return/ReturnData/IRS990ScheduleH/DiscountedCareOthPercentageGrp",454,454,"2017v2.2, 2017v2.0, 2017v2.3"
"/Return/ReturnData/IRS990ScheduleH/LeadershipDevelopmentGrp/TotalExpensePct",454,454,"2017v2.2, 2017v2.0, 2017v2.3"
"/Return/ReturnData/IRS990ScheduleD/CollectionUsedOtherPurposesGrp",451,451,"2017v2.2, 2017v2.3, 2017v2.0"
"/Return/ReturnData/IRS990ScheduleD/CollectionUsedOtherPurposesGrp/OtherPurposesDesc",451,451,"2017v2.3, 2017v2.0, 2017v2.2"
"/Return/ReturnData/IRS990ScheduleD/CollectionUsedOtherPurposesGrp/CollectionUsedOtherPurposesInd",451,451,"2017v2.3, 2017v2.0, 2017v2.2"
"/Return/ReturnData/IRS990ScheduleH/PhysicalImprvAndHousingGrp/NetCommunityBenefitExpnsAmt",450,450,"2017v2.2, 2017v2.3, 2017v2.0"
"/Return/ReturnData/IRS990ScheduleH/OtherCommuntityBuildingActyGrp/NetCommunityBenefitExpnsAmt",443,443,"2017v2.2, 2017v2.0, 2017v2.3"
"/Return/ReturnData/IRS990ScheduleH/ManagementCoAndJntVenturesGrp/OfcrEtcProfitOrOwnershipPct",440,199,"2017v2.3, 2017v2.2, 2017v2.0"
"/Return/ReturnData/IRS990ScheduleH/OtherCommuntityBuildingActyGrp/TotalExpensePct",439,439,"2017v2.2, 2017v2.0, 2017v2.3"
"/Return/ReturnData/IRS990ScheduleH/EnvironmentalImprovementsGrp",436,436,"2017v2.0, 2017v2.2, 2017v2.3"
"/Return/ReturnData/IRS990ScheduleH/PhysicalImprvAndHousingGrp/TotalExpensePct",435,435,"2017v2.2, 2017v2.0, 2017v2.3"
"/Return/ReturnData/IRS990ScheduleK/TaxExemptBondsArbitrageGrp/RegulatorySafeHarborStsfdInd",432,270,"2017v2.0, 2017v2.3, 2017v2.2"
"/Return/ReturnData/IRS990ScheduleR/IdDisregardedEntitiesGrp/USAddress/AddressLine2Txt",421,86,"2017v2.2, 2017v2.0, 2017v2.3"
"/Return/ReturnData/IRS990ScheduleK/TaxExemptBondsPrivateBusUseGrp/ChangeInUseBondFinancedPropPct",413,163,"2017v2.0, 2017v2.3, 2017v2.2"
"/Return/ReturnData/IRS990EZ/CompensationHighestPaidEmplGrp/TitleTxt",411,203,"2017v2.2, 2017v2.0, 2017v2.3"
"/Return/ReturnData/IRS990EZ/CompensationHighestPaidEmplGrp",411,203,"2017v2.2, 2017v2.3, 2017v2.0"
"/Return/ReturnData/IRS990EZ/CompensationHighestPaidEmplGrp/AverageHoursPerWeekRt",411,203,"2017v2.3, 2017v2.0, 2017v2.2"
"/Return/ReturnData/IRS990EZ/CompensationHighestPaidEmplGrp/EmployeeBenefitsAmt",411,203,"2017v2.3, 2017v2.0, 2017v2.2"
"/Return/ReturnData/IRS990EZ/CompensationHighestPaidEmplGrp/PersonNm",411,203,"2017v2.3, 2017v2.2, 2017v2.0"
"/Return/ReturnData/IRS990EZ/CompensationHighestPaidEmplGrp/ExpenseAccountAmt",411,203,"2017v2.2, 2017v2.0, 2017v2.3"
"/Return/ReturnData/IRS990ScheduleH/EnvironmentalImprovementsGrp/NetCommunityBenefitExpnsAmt",411,411,"2017v2.3, 2017v2.0, 2017v2.2"
"/Return/ReturnData/IRS990EZ/CompensationHighestPaidEmplGrp/CompensationAmt",411,203,"2017v2.3, 2017v2.0, 2017v2.2"
"/Return/ReturnData/IRS990ScheduleH/HealthProfessionsEducationGrp/PersonsServedCnt",410,410,"2017v2.3, 2017v2.2, 2017v2.0"
"/Return/ReturnData/IRS990ScheduleH/HospitalFcltyPoliciesPrctcGrp/OtherActionsTakenInd",408,334,"2017v2.0, 2017v2.3, 2017v2.2"
"/Return/ReturnData/IRS990ScheduleH/EnvironmentalImprovementsGrp/TotalExpensePct",402,402,"2017v2.0, 2017v2.3, 2017v2.2"
"/Return/ReturnData/IRS990ScheduleH/CashAndInKindContributionsGrp/ActivitiesOrProgramsCnt",400,400,"2017v2.2, 2017v2.3, 2017v2.0"
"/Return/ReturnData/IRS990/BooksInCareOfDetail/ForeignAddress/ForeignPostalCd",400,400,"2017v2.0, 2017v2.2, 2017v2.3"
"/Return/ReturnData/IRS990ScheduleA/Form990SchASupportingOrgGrp/ExcessBusinessHoldingsInd",400,400,"2017v2.2, 2017v2.0, 2017v2.3"
"/Return/ReturnData/IRS990ScheduleD/FinancialDerivativesGrp/BookValueAmt",394,394,"2017v2.3, 2017v2.0, 2017v2.2"
"/Return/ReturnData/IRS990ScheduleC/OrganizationBelongsAffltGrpInd",393,393,"2017v2.2, 2017v2.3, 2017v2.0"
"/Return/ReturnData/IRS990ScheduleG/ThirdPartyUSAddress/CityNm",392,392,"2017v2.2, 2017v2.0, 2017v2.3"
"/Return/ReturnData/IRS990/ForeignAddress/ForeignPostalCd",392,392,"2017v2.2, 2017v2.0, 2017v2.3"
"/Return/ReturnData/IRS990ScheduleH/HospitalFcltyPoliciesPrctcGrp/LookBackMedicareInd",392,334,"2017v2.3, 2017v2.0, 2017v2.2"
"/Return/ReturnData/IRS990ScheduleG/ThirdPartyUSAddress/StateAbbreviationCd",392,392,"2017v2.3, 2017v2.0, 2017v2.2"
"/Return/ReturnData/IRS990ScheduleG/ThirdPartyUSAddress/AddressLine1Txt",392,392,"2017v2.3, 2017v2.2, 2017v2.0"
"/Return/ReturnData/IRS990ScheduleG/ThirdPartyUSAddress/ZIPCd",392,392,"2017v2.2, 2017v2.0, 2017v2.3"
"/Return/ReturnData/IRS990ScheduleG/ThirdPartyUSAddress",392,392,"2017v2.0, 2017v2.2, 2017v2.3"
"/Return/ReturnData/IRS990ScheduleH/HealthProfessionsEducationGrp/ActivitiesOrProgramsCnt",391,391,"2017v2.3, 2017v2.2, 2017v2.0"
"/Return/ReturnData/IRS990ScheduleC/LobbyingNontaxableAmountGrp/AffiliatedGroupTotalAmt",387,387,"2017v2.2, 2017v2.3, 2017v2.0"
"/Return/ReturnData/IRS990ScheduleH/TotalFinancialAssistanceTyp/ActivitiesOrProgramsCnt",386,386,"2017v2.0, 2017v2.2, 2017v2.3"
"/Return/ReturnData/IRS990ScheduleA/Form990SchASupportingOrgGrp/SupportedOrgClassDesignatedInd",384,384,"2017v2.0, 2017v2.3, 2017v2.2"
"/Return/ReturnData/IRS990ScheduleG/GamingRevenueRtnBy3PrtyAmt",384,384,"2017v2.0, 2017v2.2, 2017v2.3"
"/Return/ReturnData/IRS990ScheduleH/CashAndInKindContributionsGrp/PersonsServedCnt",381,381,"2017v2.0, 2017v2.3, 2017v2.2"
"/Return/ReturnData/IRS990ScheduleR/IdRelatedOrgTxblPartnershipGrp/ForeignAddress/ProvinceOrStateNm",378,69,"2017v2.2, 2017v2.0, 2017v2.3"
"/Return/ReturnData/IRS990ScheduleH/HospitalFcltyPoliciesPrctcGrp/LookBackMedicaidMedcrPrvtInd",378,332,"2017v2.0, 2017v2.3, 2017v2.2"
"/Return/ReturnData/IRS990ScheduleA/MedicalResearchOrganizationInd",376,376,"2017v2.2, 2017v2.0, 2017v2.3"
"/Return/ReturnData/IRS990ScheduleH/Percent100Ind",375,375,"2017v2.3, 2017v2.2, 2017v2.0"
"/Return/ReturnData/IRS990ScheduleH/OthHlthCareFcltsNotHospitalGrp/OthHlthCareFcltsGrp/USAddress/AddressLine2Txt",371,96,"2017v2.2, 2017v2.0, 2017v2.3"
"/Return/ReturnData/IRS990ScheduleH/HospitalFacilitiesGrp/ResearchFacilityInd",370,252,"2017v2.2, 2017v2.0, 2017v2.3"
"/Return/ReturnData/IRS990ScheduleA/TestPublicSafetyInd",367,367,"2017v2.3, 2017v2.0, 2017v2.2"
"/Return/ReturnData/IRS990ScheduleA/Form990SchAType3FuncIntGrp/ExerciseDirectionPoliciesInd",363,363,"2017v2.3, 2017v2.2, 2017v2.0"
"/Return/ReturnData/IRS990ScheduleA/Form990SchAType3FuncIntGrp/AppointElectMajorityOfficerInd",363,363,"2017v2.3, 2017v2.2, 2017v2.0"
"/Return/ReturnData/IRS990ScheduleC/GrassrootsNontaxableGrp/AffiliatedGroupTotalAmt",355,355,"2017v2.0, 2017v2.2, 2017v2.3"
"/Return/ReturnData/IRS990ScheduleC/TotalExemptPurposeExpendGrp/AffiliatedGroupTotalAmt",355,355,"2017v2.0, 2017v2.3, 2017v2.2"
"/Return/ReturnData/IRS990ScheduleK/TaxExemptBondsIssuesGrp/IssuerName/BusinessNameLine2Txt",341,190,"2017v2.2, 2017v2.3, 2017v2.0"
"/Return/ReturnData/IRS990/ActivityCd",340,340,"2017v2.2, 2017v2.3, 2017v2.0"
"/Return/ReturnData/IRS990ScheduleD/HistoricStructureInd",332,332,"2017v2.3, 2017v2.0, 2017v2.2"
"/Return/ReturnData/IRS990ScheduleC/TotalLobbyingExpendGrp/AffiliatedGroupTotalAmt",330,330,"2017v2.0, 2017v2.3, 2017v2.2"
"/Return/ReturnData/IRS990/ForeignAddress/ProvinceOrStateNm",330,330,"2017v2.3, 2017v2.0, 2017v2.2"
"/Return/ReturnData/IRS990ScheduleH/FinancialAssistanceAtCostTyp/PersonsServedCnt",330,330,"2017v2.3, 2017v2.0, 2017v2.2"
"/Return/ReturnData/IRS990ScheduleC/OtherExemptPurposeExpendGrp/AffiliatedGroupTotalAmt",327,327,"2017v2.3, 2017v2.0, 2017v2.2"
"/Return/ReturnData/IRS990EZ/InfoInScheduleOPartVIInd",327,327,"2017v2.3, 2017v2.2, 2017v2.0"
"/Return/ReturnData/IRS990ScheduleH/CommunitySupportGrp/ActivitiesOrProgramsCnt",324,324,"2017v2.3, 2017v2.2, 2017v2.0"
"/Return/ReturnData/IRS990ScheduleH/LeadershipDevelopmentGrp/TotalCommunityBenefitExpnsAmt",322,322,"2017v2.2, 2017v2.0, 2017v2.3"
"/Return/ReturnData/IRS990ScheduleR/UnrelatedOrgTxblPartnershipGrp",321,192,"2017v2.3, 2017v2.0, 2017v2.2"
"/Return/ReturnData/IRS990ScheduleD/HistoricLandAreaInd",321,321,"2017v2.3, 2017v2.2, 2017v2.0"
"/Return/ReturnData/IRS990ScheduleR/UnrelatedOrgTxblPartnershipGrp/BusinessName",320,191,"2017v2.0, 2017v2.2, 2017v2.3"
"/Return/ReturnData/IRS990ScheduleR/UnrelatedOrgTxblPartnershipGrp/BusinessName/BusinessNameLine1Txt",320,191,"2017v2.2, 2017v2.3, 2017v2.0"
"/Return/ReturnData/IRS990ScheduleR/UnrelatedOrgTxblPartnershipGrp/GeneralOrManagingPartnerInd",319,190,"2017v2.2, 2017v2.3, 2017v2.0"
"/Return/ReturnData/IRS990ScheduleR/UnrelatedOrgTxblPartnershipGrp/AllPartnersC3SInd",319,190,"2017v2.3, 2017v2.0, 2017v2.2"
"/Return/ReturnData/IRS990ScheduleR/IdDisregardedEntitiesGrp/LegalDomicileForeignCountryCd",318,163,"2017v2.0, 2017v2.2, 2017v2.3"
"/Return/ReturnData/IRS990ScheduleR/UnrelatedOrgTxblPartnershipGrp/USAddress/CityNm",317,188,"2017v2.2, 2017v2.3, 2017v2.0"
"/Return/ReturnData/IRS990ScheduleR/UnrelatedOrgTxblPartnershipGrp/USAddress/StateAbbreviationCd",317,188,"2017v2.0, 2017v2.3, 2017v2.2"
"/Return/ReturnData/IRS990ScheduleR/UnrelatedOrgTxblPartnershipGrp/USAddress/ZIPCd",317,188,"2017v2.0, 2017v2.2, 2017v2.3"
"/Return/ReturnData/IRS990ScheduleR/UnrelatedOrgTxblPartnershipGrp/USAddress",317,188,"2017v2.2, 2017v2.0, 2017v2.3"
"/Return/ReturnData/IRS990ScheduleR/UnrelatedOrgTxblPartnershipGrp/USAddress/AddressLine1Txt",317,188,"2017v2.3, 2017v2.0, 2017v2.2"
"/Return/ReturnData/IRS990ScheduleR/UnrelatedOrgTxblPartnershipGrp/DisproportionateAllocationsInd",316,187,"2017v2.3, 2017v2.0, 2017v2.2"
"/Return/ReturnData/IRS990ScheduleR/UnrelatedOrgTxblPartnershipGrp/LegalDomicileStateCd",315,186,"2017v2.2, 2017v2.0, 2017v2.3"
"/Return/ReturnData/IRS990ScheduleR/UnrelatedOrgTxblPartnershipGrp/PrimaryActivitiesTxt",315,186,"2017v2.0, 2017v2.2, 2017v2.3"
"/Return/ReturnData/IRS990ScheduleG/GamingManagerIsIndCntrctInd",313,313,"2017v2.2, 2017v2.0, 2017v2.3"
"/Return/ReturnData/IRS990ScheduleA/Form990SchAType3FuncIntGrp/ParentSupportedOrgInd",307,307,"2017v2.0, 2017v2.3, 2017v2.2"
"/Return/ReturnData/IRS990ScheduleR/UnrelatedOrgTxblPartnershipGrp/EIN",305,179,"2017v2.0, 2017v2.3, 2017v2.2"
"/Return/ReturnData/IRS990ScheduleA/TrustIntegralPartTestInd",304,304,"2017v2.0, 2017v2.2, 2017v2.3"
"/Return/ReturnData/IRS990ScheduleG/GamingInformationGrp/NonCashPrizesBingoAmt",300,300,"2017v2.3, 2017v2.0, 2017v2.2"
"/Return/ReturnData/IRS990ScheduleC/TotalDirectLobbyingGrp/AffiliatedGroupTotalAmt",298,298,"2017v2.0, 2017v2.3, 2017v2.2"
"/Return/ReturnData/IRS990ScheduleI/RecipientTable/ForeignAddress/AddressLine1Txt",296,184,"2017v2.2, 2017v2.0, 2017v2.3"
"/Return/ReturnData/IRS990ScheduleI/RecipientTable/ForeignAddress/CountryCd",296,184,"2017v2.3, 2017v2.2, 2017v2.0"
"/Return/ReturnData/IRS990ScheduleI/RecipientTable/ForeignAddress",296,184,"2017v2.3, 2017v2.0, 2017v2.2"
"/Return/ReturnData/IRS990ScheduleR/UnrelatedOrgTxblPartnershipGrp/OwnershipPct",292,172,"2017v2.2, 2017v2.3, 2017v2.0"
"/Return/ReturnData/IRS990ScheduleR/IdDisregardedEntitiesGrp/DirectControllingEntityName/BusinessNameLine2Txt",291,175,"2017v2.2, 2017v2.0, 2017v2.3"
"/Return/ReturnData/IRS990ScheduleR/IdDisregardedEntitiesGrp/ForeignAddress/AddressLine1Txt",287,148,"2017v2.2, 2017v2.0, 2017v2.3"
"/Return/ReturnData/IRS990ScheduleR/IdDisregardedEntitiesGrp/ForeignAddress",287,148,"2017v2.2, 2017v2.3, 2017v2.0"
"/Return/ReturnData/IRS990ScheduleR/IdDisregardedEntitiesGrp/ForeignAddress/CountryCd",287,148,"2017v2.2, 2017v2.0, 2017v2.3"
"/Return/ReturnData/IRS990ScheduleD/HeldWorksArtGrp/RevenuesIncludedAmt",284,284,"2017v2.2, 2017v2.3, 2017v2.0"
"/Return/ReturnData/IRS990ScheduleC/PublicationsOrBroadcastAmt",283,283,"2017v2.2, 2017v2.3, 2017v2.0"
"/Return/ReturnData/IRS990ScheduleL/GrntAsstBnftInterestedPrsnGrp/BusinessName/BusinessNameLine1Txt",278,157,"2017v2.3, 2017v2.0, 2017v2.2"
"/Return/ReturnData/IRS990ScheduleL/GrntAsstBnftInterestedPrsnGrp/BusinessName",278,157,"2017v2.0, 2017v2.3, 2017v2.2"
"/Return/ReturnData/IRS990ScheduleH/UnreimbursedMedicaidGrp/PersonsServedCnt",277,277,"2017v2.0, 2017v2.3, 2017v2.2"
"/Return/ReturnData/IRS990EZ/OfficerDirectorTrusteeEmplGrp/BusinessName/BusinessNameLine2Txt",276,106,"2017v2.0, 2017v2.3, 2017v2.2"
"/Return/ReturnHeader/Filer/ForeignAddress/CountryCd",276,276,"2017v2.0, 2017v2.3, 2017v2.2"
"/Return/ReturnHeader/Filer/ForeignAddress",276,276,"2017v2.2, 2017v2.3, 2017v2.0"
"/Return/ReturnHeader/Filer/ForeignAddress/AddressLine1Txt",276,276,"2017v2.0, 2017v2.2, 2017v2.3"
"/Return/ReturnData/IRS990ScheduleH/PhysicalImprvAndHousingGrp/TotalCommunityBenefitExpnsAmt",272,272,"2017v2.3, 2017v2.0, 2017v2.2"
"/Return/ReturnData/IRS990ScheduleH/OtherCommuntityBuildingActyGrp/TotalCommunityBenefitExpnsAmt",272,272,"2017v2.2, 2017v2.3, 2017v2.0"
"/Return/ReturnHeader/Filer/ForeignAddress/CityNm",272,272,"2017v2.0, 2017v2.3, 2017v2.2"
"/Return/ReturnData/IRS990ScheduleD/FinancialDerivativesGrp/MethodValuationCd",271,271,"2017v2.3, 2017v2.2, 2017v2.0"
"/Return/ReturnData/IRS990ScheduleH/CommunitySupportGrp/PersonsServedCnt",271,271,"2017v2.2, 2017v2.3, 2017v2.0"
"/Return/ReturnData/IRS990ScheduleH/SubsidizedHealthServicesGrp/PersonsServedCnt",268,268,"2017v2.2, 2017v2.3, 2017v2.0"
"/Return/ReturnData/IRS990ScheduleR/UnrelatedOrgTxblPartnershipGrp/PredominateIncomeDesc",266,154,"2017v2.0, 2017v2.2, 2017v2.3"
"/Return/ReturnData/IRS990ScheduleA/Form990SchASupportingOrgGrp/SupportForeignOrgNoDetermInd",266,266,"2017v2.3, 2017v2.0, 2017v2.2"
"/Return/ReturnData/IRS990/ContractorCompensationGrp/ContractorName/BusinessName/BusinessNameLine2Txt",265,187,"2017v2.2, 2017v2.0, 2017v2.3"
"/Return/ReturnData/IRS990ScheduleG/ThirdPartyBusinessName/BusinessNameLine1Txt",264,264,"2017v2.3, 2017v2.2, 2017v2.0"
"/Return/ReturnData/IRS990ScheduleG/ThirdPartyBusinessName",264,264,"2017v2.3, 2017v2.0, 2017v2.2"
"/Return/ReturnData/IRS990ScheduleH/WorkforceDevelopmentGrp/ActivitiesOrProgramsCnt",261,261,"2017v2.2, 2017v2.0, 2017v2.3"
"/Return/ReturnData/IRS990ScheduleH/SubsidizedHealthServicesGrp/ActivitiesOrProgramsCnt",260,260,"2017v2.2, 2017v2.0, 2017v2.3"
"/Return/ReturnData/IRS990ScheduleG/AllStatesCd",257,257,"2017v2.3, 2017v2.0, 2017v2.2"
"/Return/ReturnData/IRS990/StateRequiredReservesAmt",257,257,"2017v2.3, 2017v2.0, 2017v2.2"
"/Return/ReturnData/IRS990ScheduleR/IdDisregardedEntitiesGrp/ForeignAddress/CityNm",256,132,"2017v2.0, 2017v2.2, 2017v2.3"
"/Return/ReturnData/IRS990ScheduleH/HospitalFcltyPoliciesPrctcGrp/OtherInd",256,225,"2017v2.3, 2017v2.0, 2017v2.2"
"/Return/ReturnData/IRS990ScheduleM/HistoricalArtifactsGrp/NonCashCheckboxInd",255,255,"2017v2.0, 2017v2.2, 2017v2.3"
"/Return/ReturnData/IRS990ScheduleK/TaxExemptBondsArbitrageGrp/TermOfGICPct",255,173,"2017v2.2, 2017v2.0, 2017v2.3"
"/Return/ReturnData/IRS990ScheduleR/UnrelatedOrgTxblPartnershipGrp/ShareOfEOYAssetsAmt",252,147,"2017v2.2, 2017v2.0, 2017v2.3"
"/Return/ReturnData/IRS990/BooksInCareOfDetail/ForeignAddress/ProvinceOrStateNm",251,251,"2017v2.2, 2017v2.3, 2017v2.0"
"/Return/ReturnData/IRS990ScheduleH/CommunitySupportGrp/DirectOffsettingRevenueAmt",250,250,"2017v2.0, 2017v2.3, 2017v2.2"
"/Return/ReturnData/IRS990ScheduleM/HistoricalArtifactsGrp/ContributionCnt",249,249,"2017v2.2, 2017v2.0, 2017v2.3"
"/Return/ReturnData/IRS990ScheduleR/UnrelatedOrgTxblPartnershipGrp/ShareOfTotalIncomeAmt",246,142,"2017v2.3, 2017v2.0, 2017v2.2"
"/Return/ReturnData/IRS990ScheduleA/Form990SchASupportingOrgGrp/ControlDecidingGrntFrgnOrgInd",246,246,"2017v2.0, 2017v2.2, 2017v2.3"
"/Return/ReturnHeader/Filer/ForeignAddress/ForeignPostalCd",246,246,"2017v2.3, 2017v2.2, 2017v2.0"
"/Return/ReturnData/IRS990ScheduleI/RecipientTable/ForeignAddress/CityNm",245,150,"2017v2.0, 2017v2.3, 2017v2.2"
"/Return/ReturnData/IRS990ScheduleH/Percent200DInd",245,245,"2017v2.2, 2017v2.3, 2017v2.0"
"/Return/ReturnData/IRS990EZ/CompensationOfHghstPdCntrctGrp/CompensationAmt",243,167,"2017v2.3, 2017v2.0, 2017v2.2"
"/Return/ReturnData/IRS990EZ/CompensationOfHghstPdCntrctGrp/ServiceTypeTxt",243,167,"2017v2.0, 2017v2.3, 2017v2.2"
"/Return/ReturnData/IRS990EZ/CompensationOfHghstPdCntrctGrp",243,167,"2017v2.2, 2017v2.0, 2017v2.3"
"/Return/ReturnData/IRS990EZ/CompensationOfHghstPdCntrctGrp/USAddress/ZIPCd",241,165,"2017v2.2, 2017v2.3, 2017v2.0"
"/Return/ReturnData/IRS990EZ/CompensationOfHghstPdCntrctGrp/USAddress/CityNm",241,165,"2017v2.3, 2017v2.0, 2017v2.2"
"/Return/ReturnData/IRS990EZ/CompensationOfHghstPdCntrctGrp/USAddress/StateAbbreviationCd",241,165,"2017v2.2, 2017v2.0, 2017v2.3"
"/Return/ReturnData/IRS990EZ/CompensationOfHghstPdCntrctGrp/USAddress",241,165,"2017v2.0, 2017v2.2, 2017v2.3"
"/Return/ReturnData/IRS990EZ/CompensationOfHghstPdCntrctGrp/USAddress/AddressLine1Txt",241,165,"2017v2.3, 2017v2.2, 2017v2.0"
"/Return/ReturnData/IRS990/ReservesMaintainedAmt",238,238,"2017v2.0, 2017v2.2, 2017v2.3"
"/Return/ReturnData/IRS990ScheduleK/TaxExemptBondsArbitrageGrp/HedgeProviderName/BusinessNameLine2Txt",236,196,"2017v2.0, 2017v2.3, 2017v2.2"
"/Return/ReturnData/IRS990ScheduleH/HospitalFacilitiesGrp/ChildrensHospitalInd",235,191,"2017v2.2, 2017v2.3, 2017v2.0"
"/Return/ReturnData/IRS990ScheduleH/HospitalFcltyPoliciesPrctcGrp/OtherMethodInd",234,187,"2017v2.2, 2017v2.0, 2017v2.3"
"/Return/ReturnData/IRS990ScheduleH/HealthImprovementAdvocacyGrp/ActivitiesOrProgramsCnt",234,234,"2017v2.0, 2017v2.3, 2017v2.2"
"/Return/ReturnData/IRS990ScheduleH/EnvironmentalImprovementsGrp/TotalCommunityBenefitExpnsAmt",234,234,"2017v2.2, 2017v2.3, 2017v2.0"
"/Return/ReturnData/IRS990ScheduleH/WorkforceDevelopmentGrp/PersonsServedCnt",221,221,"2017v2.0, 2017v2.3, 2017v2.2"
"/Return/ReturnData/IRS990ScheduleC/TotalGrassrootsLobbyingGrp/AffiliatedGroupTotalAmt",220,220,"2017v2.2, 2017v2.3, 2017v2.0"
"/Return/ReturnData/IRS990ScheduleC/Section527PoliticalOrgGrp/OrganizationBusinessName/BusinessNameLine2Txt",217,71,"2017v2.0, 2017v2.3, 2017v2.2"
"/Return/ReturnData/IRS990ScheduleC/TotLbbyExpendMnsLbbyngNonTxGrp/AffiliatedGroupTotalAmt",216,216,"2017v2.2, 2017v2.0, 2017v2.3"
"/Return/ReturnData/IRS990ScheduleC/TotLbbyngGrassrootMnsNonTxGrp/AffiliatedGroupTotalAmt",214,214,"2017v2.0, 2017v2.2, 2017v2.3"
"/Return/ReturnData/IRS990ScheduleH/CoalitionBuildingGrp/ActivitiesOrProgramsCnt",209,209,"2017v2.2, 2017v2.3, 2017v2.0"
"/Return/ReturnData/IRS990ScheduleL/BusTrInvolveInterestedPrsnGrp/NameOfInterested/BusinessName/BusinessNameLine2Txt",206,128,"2017v2.0, 2017v2.3, 2017v2.2"
"/Return/ReturnData/IRS990ScheduleH/Percent150Ind",199,199,"2017v2.2, 2017v2.0, 2017v2.3"
"/Return/ReturnData/IRS990ScheduleH/HealthImprovementAdvocacyGrp/DirectOffsettingRevenueAmt",199,199,"2017v2.0, 2017v2.3, 2017v2.2"
"/Return/ReturnData/IRS990ScheduleM/BoatsAndPlanesGrp/NonCashCheckboxInd",197,197,"2017v2.2, 2017v2.3, 2017v2.0"
"/Return/ReturnData/IRS990ScheduleH/EconomicDevelopmentGrp/ActivitiesOrProgramsCnt",196,196,"2017v2.3, 2017v2.2, 2017v2.0"
"/Return/ReturnData/AveragingAttachment",195,195,"2017v2.2, 2017v2.3"
"/Return/ReturnData/IRS990ScheduleG/GamingInformationGrp/NonCashPrizesPullTabsAmt",194,194,"2017v2.0, 2017v2.2, 2017v2.3"
"/Return/ReturnData/IRS990ScheduleH/WorkforceDevelopmentGrp/DirectOffsettingRevenueAmt",194,194,"2017v2.3, 2017v2.2, 2017v2.0"
"/Return/ReturnData/AveragingAttachment/ExplanationTxt",194,194,"2017v2.3, 2017v2.2"
"/Return/ReturnData/IRS990ScheduleM/SecuritiesMiscellaneousGrp/NonCashCheckboxInd",193,193,"2017v2.2, 2017v2.3, 2017v2.0"
"/Return/ReturnData/IRS990ScheduleC/Section4955OrganizationTaxAmt",193,193,"2017v2.0, 2017v2.3, 2017v2.2"
"/Return/ReturnData/IRS990ScheduleH/CostingMethodologyUsedGrp/CostAccountingSystemInd",191,191,"2017v2.3, 2017v2.2, 2017v2.0"
"/Return/ReturnData/IRS990ScheduleM/SecuritiesMiscellaneousGrp/NoncashContributionsRptF990Amt",191,191,"2017v2.3, 2017v2.0, 2017v2.2"
"/Return/ReturnData/IRS990ScheduleM/BoatsAndPlanesGrp/ContributionCnt",189,189,"2017v2.0, 2017v2.2, 2017v2.3"
"/Return/ReturnData/IRS990ScheduleC/Section4955ManagersTaxAmt",189,189,"2017v2.0, 2017v2.3, 2017v2.2"
"/Return/ReturnData/IRS990ScheduleM/SecuritiesMiscellaneousGrp/ContributionCnt",189,189,"2017v2.2, 2017v2.3, 2017v2.0"
"/Return/ReturnData/IRS990ScheduleH/HealthImprovementAdvocacyGrp/PersonsServedCnt",189,189,"2017v2.3, 2017v2.0, 2017v2.2"
"/Return/ReturnData/IRS990ScheduleM/BoatsAndPlanesGrp/NoncashContributionsRptF990Amt",188,188,"2017v2.2, 2017v2.3, 2017v2.0"
"/Return/ReturnHeader/Filer/ForeignAddress/ProvinceOrStateNm",185,185,"2017v2.0, 2017v2.3, 2017v2.2"
"/Return/ReturnData/IRS990ScheduleM/SecurPrtnrshpTrustIntrstsGrp/NonCashCheckboxInd",184,184,"2017v2.2, 2017v2.0, 2017v2.3"
"/Return/ReturnData/IRS990ScheduleM/SecurPrtnrshpTrustIntrstsGrp/NoncashContributionsRptF990Amt",184,184,"2017v2.0, 2017v2.3, 2017v2.2"
"/Return/ReturnData/IRS990ScheduleM/SecuritiesCloselyHeldStockGrp/NoncashContributionsRptF990Amt",183,183,"2017v2.0, 2017v2.2, 2017v2.3"
"/Return/ReturnData/IRS990ScheduleM/SecuritiesCloselyHeldStockGrp/NonCashCheckboxInd",182,182,"2017v2.2, 2017v2.3, 2017v2.0"
"/Return/ReturnData/IRS990/DoingBusinessAsName/BusinessNameLine2Txt",182,182,"2017v2.2, 2017v2.3, 2017v2.0"
"/Return/ReturnData/AffiliatedGroupSchedule",182,182,"2017v2.2, 2017v2.3"
"/Return/ReturnData/IRS990ScheduleI/RecipientTable/ForeignAddress/ForeignPostalCd",181,111,"2017v2.0, 2017v2.3, 2017v2.2"
"/Return/ReturnData/IRS990ScheduleM/SecurPrtnrshpTrustIntrstsGrp/ContributionCnt",180,180,"2017v2.2, 2017v2.3, 2017v2.0"
"/Return/ReturnData/IRS990ScheduleR/IdRelatedOrgTxblPartnershipGrp/DirectControllingEntityName/BusinessNameLine2Txt",180,77,"2017v2.0, 2017v2.2, 2017v2.3"
"/Return/ReturnData/IRS990ScheduleM/BoatsAndPlanesGrp/MethodOfDeterminingRevenuesTxt",180,180,"2017v2.3, 2017v2.0, 2017v2.2"
"/Return/ReturnData/IRS990ScheduleH/CoalitionBuildingGrp/DirectOffsettingRevenueAmt",178,178,"2017v2.2, 2017v2.3, 2017v2.0"
"/Return/ReturnData/IRS990ScheduleM/SecuritiesCloselyHeldStockGrp/ContributionCnt",177,177,"2017v2.2, 2017v2.3, 2017v2.0"
"/Return/ReturnData/IRS990ScheduleM/SecuritiesMiscellaneousGrp/MethodOfDeterminingRevenuesTxt",175,175,"2017v2.3, 2017v2.0, 2017v2.2"
"/Return/ReturnData/IRS990ScheduleH/ResearchGrp/ActivitiesOrProgramsCnt",174,174,"2017v2.2, 2017v2.3, 2017v2.0"
"/Return/ReturnData/IRS990ScheduleC/MediaAdvertisementsAmt",174,174,"2017v2.3, 2017v2.0, 2017v2.2"
"/Return/ReturnData/IRS990ScheduleA/Form990SchASupportingOrgGrp/SubstitutionBeyondOrgCntlInd",173,173,"2017v2.0, 2017v2.3, 2017v2.2"
"/Return/ReturnData/IRS990ScheduleH/CoalitionBuildingGrp/PersonsServedCnt",170,170,"2017v2.2, 2017v2.3, 2017v2.0"
"/Return/ReturnData/IRS990ScheduleJ/PaymentsForUseOfResidenceInd",169,169,"2017v2.2, 2017v2.0, 2017v2.3"
"/Return/ReturnData/IRS990ScheduleM/SecurPrtnrshpTrustIntrstsGrp/MethodOfDeterminingRevenuesTxt",169,169,"2017v2.2, 2017v2.0, 2017v2.3"
"/Return/ReturnData/IRS990ScheduleM/HistoricalArtifactsGrp/MethodOfDeterminingRevenuesTxt",168,168,"2017v2.0, 2017v2.3, 2017v2.2"
"/Return/ReturnData/IRS990EZ/BooksInCareOfDetail/ForeignAddress/CountryCd",168,168,"2017v2.3, 2017v2.0, 2017v2.2"
"/Return/ReturnData/IRS990EZ/BooksInCareOfDetail/ForeignAddress/AddressLine1Txt",168,168,"2017v2.2, 2017v2.3, 2017v2.0"
"/Return/ReturnData/IRS990EZ/BooksInCareOfDetail/ForeignAddress",168,168,"2017v2.3, 2017v2.2, 2017v2.0"
"/Return/ReturnData/IRS990ScheduleR/IdRelatedOrgTxblCorpTrGrp/DirectControllingEntityName/BusinessNameLine2Txt",167,104,"2017v2.2, 2017v2.3, 2017v2.0"
"/Return/ReturnData/IRS990ScheduleI/RecipientTable/ForeignAddress/ProvinceOrStateNm",167,111,"2017v2.2, 2017v2.0, 2017v2.3"
"/Return/ReturnData/IRS990ScheduleH/ResearchGrp/PersonsServedCnt",166,166,"2017v2.0, 2017v2.2, 2017v2.3"
"/Return/ReturnData/IRS990ScheduleM/SecuritiesCloselyHeldStockGrp/MethodOfDeterminingRevenuesTxt",165,165,"2017v2.2, 2017v2.0, 2017v2.3"
"/Return/ReturnData/IRS990EZ/BooksInCareOfDetail/ForeignAddress/CityNm",164,164,"2017v2.0, 2017v2.3, 2017v2.2"
"/Return/ReturnData/IRS990ScheduleM/HistoricalArtifactsGrp/NoncashContributionsRptF990Amt",160,160,"2017v2.3, 2017v2.0, 2017v2.2"
"/Return/ReturnData/IRS990ScheduleH/EconomicDevelopmentGrp/DirectOffsettingRevenueAmt",157,157,"2017v2.2, 2017v2.3, 2017v2.0"
"/Return/ReturnData/IRS990ScheduleA/TenPctFactsCrcmstncsTestPYInd",154,154,"2017v2.2, 2017v2.0, 2017v2.3"
"/Return/ReturnData/IRS990ScheduleM/QualifiedContribOtherGrp/NonCashCheckboxInd",154,154,"2017v2.2, 2017v2.0, 2017v2.3"
"/Return/ReturnData/IRS990/LegalDomicileCountryCd",152,152,"2017v2.2, 2017v2.3, 2017v2.0"
"/Return/ReturnData/IRS990EZ/CompensationOfHghstPdCntrctGrp/BusinessName",152,117,"2017v2.2, 2017v2.3, 2017v2.0"
"/Return/ReturnData/IRS990EZ/CompensationOfHghstPdCntrctGrp/BusinessName/BusinessNameLine1Txt",152,117,"2017v2.2, 2017v2.3, 2017v2.0"
"/Return/ReturnData/IRS990/PrincipalOfcrBusinessName/BusinessNameLine2Txt",151,151,"2017v2.3, 2017v2.0, 2017v2.2"
"/Return/ReturnData/IRS990ScheduleH/LeadershipDevelopmentGrp/ActivitiesOrProgramsCnt",151,151,"2017v2.2, 2017v2.3, 2017v2.0"
"/Return/ReturnData/IRS990ScheduleM/QualifiedContribOtherGrp/ContributionCnt",150,150,"2017v2.2, 2017v2.0, 2017v2.3"
"/Return/ReturnData/IRS990ScheduleG/PersonsWithBooksUSAddress/AddressLine2Txt",149,149,"2017v2.2, 2017v2.3, 2017v2.0"
"/Return/ReturnData/IRS990ScheduleH/HospitalFcltyPoliciesPrctcGrp/NoEmergencyCareInd",144,129,"2017v2.3, 2017v2.0, 2017v2.2"
"/Return/ReturnData/IRS990ScheduleG/FundraiserActivityInfoGrp/USAddress/AddressLine2Txt",143,117,"2017v2.2, 2017v2.0, 2017v2.3"
"/Return/ReturnData/IRS990ScheduleG/ThirdPartyPersonNm",142,142,"2017v2.3, 2017v2.2, 2017v2.0"
"/Return/ReturnData/IRS990ScheduleH/EconomicDevelopmentGrp/PersonsServedCnt",139,139,"2017v2.0, 2017v2.3, 2017v2.2"
"/Return/ReturnData/IRS990ScheduleH/LeadershipDevelopmentGrp/PersonsServedCnt",138,138,"2017v2.0, 2017v2.3, 2017v2.2"
"/Return/ReturnData/IRS990ScheduleM/QualifiedContribOtherGrp/MethodOfDeterminingRevenuesTxt",138,138,"2017v2.0, 2017v2.2, 2017v2.3"
"/Return/ReturnHeader/PreparerFirmGrp/PreparerForeignAddress/CountryCd",133,133,"2017v2.0, 2017v2.2, 2017v2.3"
"/Return/ReturnHeader/PreparerFirmGrp/PreparerForeignAddress",133,133,"2017v2.0, 2017v2.3, 2017v2.2"
"/Return/ReturnData/IRS990ScheduleH/PhysicalImprvAndHousingGrp/DirectOffsettingRevenueAmt",133,133,"2017v2.2, 2017v2.3, 2017v2.0"
"/Return/ReturnHeader/PreparerFirmGrp/PreparerForeignAddress/AddressLine1Txt",133,133,"2017v2.0, 2017v2.2, 2017v2.3"
"/Return/ReturnHeader/PreparerFirmGrp/PreparerForeignAddress/CityNm",133,133,"2017v2.0, 2017v2.3, 2017v2.2"
"/Return/ReturnData/IRS990EZ/BooksInCareOfDetail/ForeignAddress/ForeignPostalCd",132,132,"2017v2.2, 2017v2.3, 2017v2.0"
"/Return/ReturnData/IRS990ScheduleH/LeadershipDevelopmentGrp/DirectOffsettingRevenueAmt",131,131,"2017v2.2, 2017v2.3, 2017v2.0"
"/Return/ReturnData/IRS990ScheduleH/Percent250Ind",131,131,"2017v2.0, 2017v2.3, 2017v2.2"
"/Return/ReturnData/IRS990ScheduleH/OtherCommuntityBuildingActyGrp/DirectOffsettingRevenueAmt",130,130,"2017v2.0, 2017v2.3, 2017v2.2"
"/Return/ReturnData/IRS990ScheduleR/IdRelatedOrgTxblCorpTrGrp/ForeignAddress/AddressLine2Txt",130,61,"2017v2.2, 2017v2.3, 2017v2.0"
"/Return/ReturnData/IRS990ScheduleR/IdDisregardedEntitiesGrp/ForeignAddress/ForeignPostalCd",129,84,"2017v2.2, 2017v2.0, 2017v2.3"
"/Return/ReturnData/AffiliateListing/AffiliateListingGrp/BusinessName/BusinessNameLine2Txt",128,9,"2017v2.3"
"/Return/ReturnData/IRS990ScheduleM/QualifiedContribOtherGrp/NoncashContributionsRptF990Amt",127,127,"2017v2.3, 2017v2.2, 2017v2.0"
"/Return/ReturnData/IRS990/Organization4947a1NotPFInd",127,127,"2017v2.0, 2017v2.2, 2017v2.3"
"/Return/ReturnData/IRS990ScheduleR/IdDisregardedEntitiesGrp/DisregardedEntityName/BusinessNameLine2Txt",126,80,"2017v2.2, 2017v2.3, 2017v2.0"
"/Return/ReturnData/IRS990ScheduleM/ArtHistoricalTreasuresGrp/NonCashCheckboxInd",124,124,"2017v2.3, 2017v2.0, 2017v2.2"
"/Return/ReturnData/IRS990ScheduleH/PhysicalImprvAndHousingGrp/ActivitiesOrProgramsCnt",123,123,"2017v2.3, 2017v2.2, 2017v2.0"
"/Return/ReturnData/IRS990/SpecialConditionDesc",121,117,"2017v2.3, 2017v2.2"
"/Return/ReturnData/AffiliateListing",121,121,"2017v2.3, 2017v2.2"
"/Return/ReturnData/IRS990ScheduleH/EnvironmentalImprovementsGrp/DirectOffsettingRevenueAmt",119,119,"2017v2.0, 2017v2.3, 2017v2.2"
"/Return/ReturnData/IRS990ScheduleH/FinancialAssistanceAtCostTyp/ActivitiesOrProgramsCnt",116,116,"2017v2.2, 2017v2.3, 2017v2.0"
"/Return/ReturnData/IRS990ScheduleH/PhysicalImprvAndHousingGrp/PersonsServedCnt",114,114,"2017v2.3, 2017v2.0, 2017v2.2"
"/Return/ReturnData/IRS990ScheduleM/ArtHistoricalTreasuresGrp/ContributionCnt",113,113,"2017v2.2, 2017v2.0, 2017v2.3"
"/Return/ReturnHeader/PreparerPersonGrp/SSN",112,112,"2017v2.3, 2017v2.2"
"/Return/ReturnData/IRS990/ProgSrvcAccomActy2Grp/ActivityCd",110,110,"2017v2.2, 2017v2.3, 2017v2.0"
"/Return/ReturnData/IRS990ScheduleH/EnvironmentalImprovementsGrp/ActivitiesOrProgramsCnt",110,110,"2017v2.2, 2017v2.0, 2017v2.3"
"/Return/ReturnData/IRS990ScheduleH/HospitalFacilitiesGrp/SubordinateHospitalEIN",110,22,"2017v2.3, 2017v2.2"
"/Return/ReturnHeader/PreparerFirmGrp/PreparerForeignAddress/ForeignPostalCd",109,109,"2017v2.2, 2017v2.3, 2017v2.0"
"/Return/ReturnData/IRS990ScheduleH/UnreimbursedCostsGrp/PersonsServedCnt",109,109,"2017v2.0, 2017v2.3, 2017v2.2"
"/Return/ReturnData/IRS990ScheduleH/HospitalFcltyPoliciesPrctcGrp/PermitReportToCreditAgencyInd",108,100,"2017v2.0, 2017v2.3, 2017v2.2"
"/Return/ReturnData/IRS990EZ/BooksInCareOfDetail/ForeignAddress/ProvinceOrStateNm",108,108,"2017v2.0, 2017v2.2, 2017v2.3"
"/Return/ReturnData/IRS990ScheduleC/Section527PoliticalOrgGrp/USAddress/AddressLine2Txt",108,33,"2017v2.3, 2017v2.0, 2017v2.2"
"/Return/ReturnData/IRS990ScheduleH/UnreimbursedMedicaidGrp/ActivitiesOrProgramsCnt",104,104,"2017v2.3, 2017v2.2, 2017v2.0"
"/Return/ReturnData/IRS990ScheduleH/OtherCommuntityBuildingActyGrp/ActivitiesOrProgramsCnt",104,104,"2017v2.2, 2017v2.3, 2017v2.0"
"/Return/ReturnData/IRS990ScheduleH/EnvironmentalImprovementsGrp/PersonsServedCnt",104,104,"2017v2.2, 2017v2.0, 2017v2.3"
"/Return/ReturnData/IRS990ScheduleH/OtherCommuntityBuildingActyGrp/PersonsServedCnt",103,103,"2017v2.3, 2017v2.0, 2017v2.2"
"/Return/ReturnData/IRS990ScheduleH/HospitalFacilitiesGrp/SubordinateHospitalName/BusinessNameLine1Txt",102,16,"2017v2.2, 2017v2.3"
"/Return/ReturnData/IRS990ScheduleH/HospitalFacilitiesGrp/SubordinateHospitalName",102,16,"2017v2.3, 2017v2.2"
"/Return/ReturnData/IRS990ScheduleR/IdRelatedOrgTxblPartnershipGrp/RelatedOrganizationName/BusinessNameLine2Txt",96,52,"2017v2.0, 2017v2.3, 2017v2.2"
"/Return/ReturnData/IRS990ScheduleM/ArtHistoricalTreasuresGrp/NoncashContributionsRptF990Amt",95,95,"2017v2.0, 2017v2.3, 2017v2.2"
"/Return/ReturnData/IRS990ScheduleL/DisqualifiedPersonExBnftTrGrp/TransactionDesc",95,74,"2017v2.2, 2017v2.0, 2017v2.3"
"/Return/ReturnData/IRS990ScheduleM/ArtHistoricalTreasuresGrp/MethodOfDeterminingRevenuesTxt",93,93,"2017v2.3, 2017v2.2, 2017v2.0"
"/Return/ReturnData/IRS990EZ/CompensationOfHghstPdCntrctGrp/PersonNm",91,57,"2017v2.0, 2017v2.2, 2017v2.3"
"/Return/ReturnData/IRS990ScheduleR/IdRelatedTaxExemptOrgGrp/ForeignAddress/AddressLine2Txt",90,42,"2017v2.3, 2017v2.0, 2017v2.2"
"/Return/ReturnData/IRS990ScheduleH/Percent350Ind",89,89,"2017v2.3, 2017v2.0, 2017v2.2"
"/Return/ReturnData/IRS990ScheduleR/IdDisregardedEntitiesGrp/ForeignAddress/ProvinceOrStateNm",88,60,"2017v2.3, 2017v2.2, 2017v2.0"
"/Return/ReturnData/IRS990ScheduleL/DisqualifiedPersonExBnftTrGrp/RlnDisqualifiedPersonOrgTxt",88,73,"2017v2.0, 2017v2.2, 2017v2.3"
"/Return/ReturnData/IRS990ScheduleH/HospitalFacilitiesGrp/EmergencyRoomOtherInd",87,72,"2017v2.0, 2017v2.2, 2017v2.3"
"/Return/ReturnData/IRS990ScheduleH/HospitalFcltyPoliciesPrctcGrp/ExciseReportForm4720ForAllAmt",85,5,"2017v2.3"
"/Return/ReturnData/IRS990ScheduleH/HospitalFcltyPoliciesPrctcGrp/NoneMadeInd",78,74,"2017v2.3, 2017v2.2, 2017v2.0"
"/Return/ReturnData/IRS990ScheduleL/DisqualifiedPersonExBnftTrGrp/PersonNm",78,65,"2017v2.3, 2017v2.2, 2017v2.0"
"/Return/ReturnData/IRS990ScheduleM/IntellectualPropertyGrp/NonCashCheckboxInd",75,75,"2017v2.2, 2017v2.0, 2017v2.3"
"/Return/ReturnData/IRS990ScheduleM/IntellectualPropertyGrp/NoncashContributionsRptF990Amt",74,74,"2017v2.0, 2017v2.2, 2017v2.3"
"/Return/ReturnHeader/PreparerFirmGrp/PreparerForeignAddress/ProvinceOrStateNm",73,73,"2017v2.2, 2017v2.3, 2017v2.0"
"/Return/ReturnData/IRS990ScheduleG/FundraiserActivityInfoGrp/ForeignAddress",73,56,"2017v2.3, 2017v2.2, 2017v2.0"
"/Return/ReturnData/IRS990ScheduleG/FundraiserActivityInfoGrp/ForeignAddress/CountryCd",73,56,"2017v2.3, 2017v2.2, 2017v2.0"
"/Return/ReturnData/IRS990ScheduleG/FundraiserActivityInfoGrp/ForeignAddress/AddressLine1Txt",73,56,"2017v2.3, 2017v2.0, 2017v2.2"
"/Return/ReturnData/IRS990ScheduleH/HospitalFcltyPoliciesPrctcGrp/ReportingToCreditAgencyInd",71,68,"2017v2.3, 2017v2.2, 2017v2.0"
"/Return/ReturnData/IRS990ScheduleM/IntellectualPropertyGrp/ContributionCnt",71,71,"2017v2.0, 2017v2.2, 2017v2.3"
"/Return/ReturnData/IRS990ScheduleH/HospitalFcltyPoliciesPrctcGrp/PermitLegalJudicialProcessInd",71,64,"2017v2.3, 2017v2.2, 2017v2.0"
"/Return/ReturnData/IRS990ScheduleL/LoansBtwnOrgInterestedPrsnGrp/BusinessName/BusinessNameLine2Txt",70,48,"2017v2.2, 2017v2.3, 2017v2.0"
"/Return/ReturnData/IRS990/ProgSrvcAccomActy3Grp/ActivityCd",67,67,"2017v2.2, 2017v2.0, 2017v2.3"
"/Return/ReturnData/IRS990ScheduleG/FundraiserActivityInfoGrp/ForeignAddress/CityNm",67,51,"2017v2.3, 2017v2.2, 2017v2.0"
"/Return/ReturnData/IRS990ScheduleN/LiquidationOfAssetsTableGrp/LiquidationOfAssetsDetail/USAddress/AddressLine2Txt",66,34,"2017v2.2, 2017v2.3, 2017v2.0"
"/Return/ReturnData/IRS990EZ/SpecialConditionDesc",64,64,"2017v2.3, 2017v2.2"
"/Return/ReturnData/IRS990ScheduleN/LiquidationOfAssetsTableGrp/LiquidationOfAssetsDetail/BusinessName/BusinessNameLine2Txt",59,38,"2017v2.0, 2017v2.2, 2017v2.3"
"/Return/ReturnData/IRS990ScheduleK/TaxExemptBondsArbitrageGrp/GICProviderName/BusinessNameLine2Txt",58,46,"2017v2.2, 2017v2.3"
"/Return/ReturnData/IRS990ScheduleH/UnreimbursedCostsGrp/ActivitiesOrProgramsCnt",58,58,"2017v2.3, 2017v2.2, 2017v2.0"
"/Return/ReturnData/IRS990ScheduleM/IntellectualPropertyGrp/MethodOfDeterminingRevenuesTxt",58,58,"2017v2.3, 2017v2.2, 2017v2.0"
"/Return/ReturnData/IRS990ScheduleH/HospitalFcltyPoliciesPrctcGrp/PermitOtherActionsInd",54,50,"2017v2.0, 2017v2.2, 2017v2.3"
"/Return/ReturnData/IRS990ScheduleG/FundraiserActivityInfoGrp/ForeignAddress/ForeignPostalCd",52,38,"2017v2.2, 2017v2.0, 2017v2.3"
"/Return/ReturnData/IRS990ScheduleM/ScientificSpecimensGrp/NonCashCheckboxInd",51,51,"2017v2.3, 2017v2.2, 2017v2.0"
"/Return/ReturnData/IRS990ScheduleM/ScientificSpecimensGrp/ContributionCnt",49,49,"2017v2.3, 2017v2.0, 2017v2.2"
"/Return/ReturnData/IRS990ScheduleG/PersonsWithBooksName/BusinessNameLine2Txt",48,48,"2017v2.3, 2017v2.2"
"/Return/ReturnData/CompensationExplanation/CompensationExplanationGrp/BusinessName/BusinessNameLine1Txt",47,36,"2017v2.2, 2017v2.3"
"/Return/ReturnData/CompensationExplanation/CompensationExplanationGrp/BusinessName",47,36,"2017v2.2, 2017v2.3"
"/Return/ReturnData/IRS990/ContractorCompensationGrp/ContractorAddress/ForeignAddress/AddressLine2Txt",44,36,"2017v2.2, 2017v2.0, 2017v2.3"
"/Return/ReturnData/IRS990ScheduleM/ScientificSpecimensGrp/NoncashContributionsRptF990Amt",43,43,"2017v2.0, 2017v2.3, 2017v2.2"
"/Return/ReturnData/IRS990ScheduleM/ScientificSpecimensGrp/MethodOfDeterminingRevenuesTxt",43,43,"2017v2.2, 2017v2.0, 2017v2.3"
"/Return/ReturnHeader/DisasterReliefTxt",42,42,"2017v2.2, 2017v2.0, 2017v2.3"
"/Return/ReturnData/IRS990ScheduleH/HospitalFcltyPoliciesPrctcGrp/EngagedLegalJudicialProcessInd",42,37,"2017v2.2, 2017v2.3, 2017v2.0"
"/Return/ReturnData/IRS990/ForeignAddress/AddressLine2Txt",41,41,"2017v2.0, 2017v2.2, 2017v2.3"
"/Return/ReturnData/IRS990ScheduleN/DispositionOfAssetsDetail/BusinessName/BusinessNameLine2Txt",40,24,"2017v2.3, 2017v2.2, 2017v2.0"
"/Return/ReturnData/AffiliateListing/AffiliateListingGrp/USAddress/AddressLine2Txt",39,6,"2017v2.3"
"/Return/ReturnData/IRS990ScheduleG/FundraiserActivityInfoGrp/ForeignAddress/ProvinceOrStateNm",39,31,"2017v2.2, 2017v2.0, 2017v2.3"
"/Return/ReturnData/IRS990ScheduleR/UnrelatedOrgTxblPartnershipGrp/UBICodeVAmt",37,23,"2017v2.2, 2017v2.3, 2017v2.0"
"/Return/ReturnData/IRS990ScheduleH/HospitalFcltyPoliciesPrctcGrp/OtherReasonInd",35,32,"2017v2.2, 2017v2.3"
"/Return/ReturnData/IRS990ScheduleL/TaxImposedAmt",35,35,"2017v2.3, 2017v2.2, 2017v2.0"
"/Return/ReturnData/IRS990ScheduleH/MostHospitalsPolicyInd",35,35,"2017v2.3, 2017v2.2"
"/Return/ReturnData/IRS990EZ/Organization4947a1NotPFInd",34,34,"2017v2.3, 2017v2.2"
"/Return/ReturnData/IRS990/BooksInCareOfDetail/ForeignAddress/AddressLine2Txt",34,34,"2017v2.3, 2017v2.2, 2017v2.0"
"/Return/ReturnData/IRS990ScheduleN/DispositionOfAssetsDetail/ForeignAddress/AddressLine1Txt",32,19,"2017v2.0, 2017v2.3, 2017v2.2"
"/Return/ReturnData/IRS990ScheduleN/DispositionOfAssetsDetail/ForeignAddress/CountryCd",32,19,"2017v2.2, 2017v2.3, 2017v2.0"
"/Return/ReturnData/IRS990ScheduleN/DispositionOfAssetsDetail/ForeignAddress",32,19,"2017v2.0, 2017v2.3, 2017v2.2"
"/Return/ReturnData/IRS990ScheduleG/ExplanationIfYesTxt",31,31,"2017v2.3, 2017v2.0, 2017v2.2"
"/Return/ReturnData/IRS990ScheduleH/OthHlthCareFcltsNotHospitalGrp/OthHlthCareFcltsGrp/BusinessName/BusinessNameLine2Txt",29,7,"2017v2.2, 2017v2.0"
"/Return/ReturnData/IRS990ScheduleC/LimitedControlProvisionsAppInd",28,28,"2017v2.3, 2017v2.2"
"/Return/ReturnData/IRS990ScheduleN/DispositionOfAssetsDetail/ForeignAddress/CityNm",28,16,"2017v2.0, 2017v2.3, 2017v2.2"
"/Return/ReturnData/IRS990ScheduleA/AgriculturalNameAndAddressGrp",25,21,"2017v2.0, 2017v2.3, 2017v2.2"
"/Return/ReturnData/IRS990ScheduleA/AgriculturalNameAndAddressGrp/CollegeUniversityName",25,21,"2017v2.0, 2017v2.2, 2017v2.3"
"/Return/ReturnData/IRS990ScheduleA/AgriculturalNameAndAddressGrp/CityNm",25,21,"2017v2.2, 2017v2.0, 2017v2.3"
"/Return/ReturnData/IRS990ScheduleA/AgriculturalNameAndAddressGrp/CollegeUniversityName/BusinessNameLine1Txt",25,21,"2017v2.2, 2017v2.0, 2017v2.3"
"/Return/ReturnData/IRS990ScheduleA/AgriculturalNameAndAddressGrp/StateAbbreviationCd",25,21,"2017v2.2, 2017v2.0, 2017v2.3"
"/Return/ReturnData/IRS990ScheduleH/HospitalFacilitiesGrp/BusinessName/BusinessNameLine2Txt",25,22,"2017v2.2, 2017v2.0, 2017v2.3"
"/Return/ReturnData/AffiliatedGroupAttachment",25,25,"2017v2.2, 2017v2.3"
"/Return/ReturnData/AffiliatedGroupAttachment/MeduimExplanationTxt",24,24,"2017v2.2, 2017v2.3"
"/Return/ReturnData/IRS990ScheduleM/ArchaeologicalArtifactsGrp/NonCashCheckboxInd",24,24,"2017v2.2, 2017v2.3, 2017v2.0"
"/Return/ReturnData/IRS990/ProgSrvcAccomActyOtherGrp/ActivityCd",23,11,"2017v2.2, 2017v2.0, 2017v2.3"
"/Return/ReturnData/IRS990ScheduleH/HospitalFcltyPoliciesPrctcGrp/OtherActionsInd",23,19,"2017v2.3, 2017v2.2"
"/Return/ReturnData/IRS990ScheduleI/RecipientTable/ForeignAddress/AddressLine2Txt",22,20,"2017v2.0, 2017v2.2, 2017v2.3"
"/Return/ReturnData/IRS990ScheduleA/AgriculturalResearchOrgInd",21,21,"2017v2.0, 2017v2.2, 2017v2.3"
"/Return/ReturnData/IRS990EZ/BooksInCareOfDetail/ForeignAddress/AddressLine2Txt",21,21,"2017v2.3, 2017v2.0, 2017v2.2"
"/Return/ReturnData/IRS990ScheduleM/ArchaeologicalArtifactsGrp/ContributionCnt",21,21,"2017v2.2, 2017v2.3, 2017v2.0"
"/Return/ReturnHeader/PreparerFirmGrp/PreparerFirmName/BusinessNameLine2Txt",19,19,"2017v2.0"
"/Return/ReturnData/IRS990ScheduleN/DispositionOfAssetsDetail/USAddress/AddressLine2Txt",18,17,"2017v2.2, 2017v2.0, 2017v2.3"
"/Return/ReturnData/IRS990ScheduleL/TaxReimbursedAmt",18,18,"2017v2.2, 2017v2.3, 2017v2.0"
"/Return/ReturnData/IRS990ScheduleA/HospitalNameAndAddressGrp/SupportedOrganizationName/BusinessNameLine2Txt",18,18,"2017v2.2, 2017v2.3"
"/Return/ReturnData/IRS990ScheduleM/QualifiedContribHistStructGrp/NonCashCheckboxInd",18,18,"2017v2.3, 2017v2.2"
"/Return/ReturnData/IRS990ScheduleG/FundraiserActivityInfoGrp/OrganizationBusinessName/BusinessNameLine2Txt",18,17,"2017v2.3, 2017v2.0, 2017v2.2"
"/Return/ReturnData/IRS990ScheduleM/ArtFractionalInterestGrp/NonCashCheckboxInd",18,18,"2017v2.2, 2017v2.3"
"/Return/ReturnData/AffiliatedGroupSchedule/AffiliatedScheduleGrp/USAddress/AddressLine2Txt",17,3,"2017v2.2, 2017v2.3"
"/Return/ReturnData/IRS990ScheduleM/QualifiedContribHistStructGrp/NoncashContributionsRptF990Amt",17,17,"2017v2.3, 2017v2.2"
"/Return/ReturnData/IRS990ScheduleH/HospitalFcltyPoliciesPrctcGrp/HospitalFacilityName/BusinessNameLine2Txt",17,17,"2017v2.0, 2017v2.2, 2017v2.3"
"/Return/ReturnData/IRS990ScheduleN/LiquidationOfAssetsTableGrp/LiquidationOfAssetsDetail/ForeignAddress/CountryCd",17,16,"2017v2.0, 2017v2.2, 2017v2.3"
"/Return/ReturnData/IRS990ScheduleN/LiquidationOfAssetsTableGrp/LiquidationOfAssetsDetail/ForeignAddress/AddressLine1Txt",17,16,"2017v2.3, 2017v2.2, 2017v2.0"
"/Return/ReturnData/IRS990ScheduleN/LiquidationOfAssetsTableGrp/LiquidationOfAssetsDetail/ForeignAddress",17,16,"2017v2.3, 2017v2.0, 2017v2.2"
"/Return/ReturnData/IRS990EZ/NECTFilingForm990Ind",17,17,"2017v2.2, 2017v2.3"
"/Return/ReturnData/IRS990ScheduleM/TaxidermyGrp/MethodOfDeterminingRevenuesTxt",17,17,"2017v2.2, 2017v2.3"
"/Return/ReturnData/IRS990ScheduleM/TaxidermyGrp/NonCashCheckboxInd",17,17,"2017v2.2, 2017v2.3"
"/Return/ReturnData/IRS990ScheduleM/TaxidermyGrp/ContributionCnt",16,16,"2017v2.3, 2017v2.2"
"/Return/ReturnData/IRS990ScheduleM/ArchaeologicalArtifactsGrp/NoncashContributionsRptF990Amt",16,16,"2017v2.2, 2017v2.3, 2017v2.0"
"/Return/ReturnData/IRS990ScheduleH/HospitalFacilitiesGrp/USAddress/AddressLine2Txt",16,16,"2017v2.2, 2017v2.3, 2017v2.0"
"/Return/ReturnData/IRS990ScheduleM/QualifiedContribHistStructGrp/ContributionCnt",16,16,"2017v2.3, 2017v2.2"
"/Return/ReturnData/IRS990ScheduleH/HospitalFcltyPoliciesPrctcGrp/PermitSellingDebtInd",16,14,"2017v2.0, 2017v2.2, 2017v2.3"
"/Return/ReturnData/IRS990ScheduleM/ArtFractionalInterestGrp/ContributionCnt",16,16,"2017v2.2, 2017v2.3"
"/Return/ReturnData/IRS990ScheduleN/LiquidationOfAssetsTableGrp/LiquidationOfAssetsDetail/ForeignAddress/CityNm",15,14,"2017v2.3, 2017v2.2, 2017v2.0"
"/Return/ReturnData/IRS990ScheduleM/TaxidermyGrp/NoncashContributionsRptF990Amt",15,15,"2017v2.2, 2017v2.3"
"/Return/ReturnData/IRS990ScheduleM/ArchaeologicalArtifactsGrp/MethodOfDeterminingRevenuesTxt",14,14,"2017v2.2, 2017v2.0, 2017v2.3"
"/Return/ReturnData/IRS990ScheduleL/DisqualifiedPersonExBnftTrGrp/BusinessName/BusinessNameLine1Txt",14,13,"2017v2.2, 2017v2.3"
"/Return/ReturnData/IRS990ScheduleL/DisqualifiedPersonExBnftTrGrp/BusinessName",14,13,"2017v2.2, 2017v2.3"
"/Return/ReturnData/IRS990ScheduleM/ArtFractionalInterestGrp/MethodOfDeterminingRevenuesTxt",14,14,"2017v2.2, 2017v2.3"
"/Return/ReturnData/IRS990ScheduleM/QualifiedContribHistStructGrp/MethodOfDeterminingRevenuesTxt",14,14,"2017v2.3, 2017v2.2"
"/Return/ReturnData/EmployeeCompensationExpln",13,13,"2017v2.3"
"/Return/ReturnData/IRS990ScheduleG/GamingManagerBusinessName/BusinessNameLine2Txt",13,13,"2017v2.3"
"/Return/ReturnHeader/PreparerFirmGrp/PreparerForeignAddress/AddressLine2Txt",13,13,"2017v2.0"
"/Return/ReturnData/IRS990ScheduleA/DistributableAmountGrp/FirstYearType3NonFuncInd",12,12,"2017v2.3, 2017v2.0, 2017v2.2"
"/Return/ReturnData/IRS990ScheduleH/IndivHospitalTailoredPolicyInd",12,12,"2017v2.2, 2017v2.3"
"/Return/ReturnData/IRS990ScheduleM/ArtFractionalInterestGrp/NoncashContributionsRptF990Amt",12,12,"2017v2.3, 2017v2.2"
"/Return/ReturnData/EmployeeCompensationExpln/EmployeeCompExplanationGrp/ExplanationTxt",11,8,"2017v2.3"
"/Return/ReturnData/EmployeeCompensationExpln/EmployeeCompExplanationGrp/EmployeeNm",11,8,"2017v2.3"
"/Return/ReturnData/EmployeeCompensationExpln/EmployeeCompExplanationGrp",11,8,"2017v2.3"
"/Return/ReturnData/IRS990ScheduleN/DispositionOfAssetsDetail/ForeignAddress/ProvinceOrStateNm",10,9,"2017v2.3, 2017v2.2, 2017v2.0"
"/Return/ReturnData/IRS990ScheduleN/DispositionOfAssetsDetail/ForeignAddress/ForeignPostalCd",9,8,"2017v2.3, 2017v2.0, 2017v2.2"
"/Return/ReturnData/IRS990ScheduleN/LiquidationOfAssetsTableGrp/LiquidationOfAssetsDetail/ForeignAddress/ProvinceOrStateNm",9,8,"2017v2.2, 2017v2.0, 2017v2.3"
"/Return/ReturnData/IRS990ScheduleH/HospitalFcltyPoliciesPrctcGrp/EngagedSellingDebtInd",9,9,"2017v2.3, 2017v2.2"
"/Return/ReturnData/IRS990ScheduleC/Tax4912Amt",9,9,"2017v2.3, 2017v2.0"
"/Return/ReturnData/IRS990ScheduleR/IdDisregardedEntitiesGrp/ForeignAddress/AddressLine2Txt",8,8,"2017v2.2, 2017v2.0, 2017v2.3"
"/Return/ReturnData/IRS990ScheduleA/HospitalNameAndAddressGrp/CountryCd",7,7,"2017v2.2, 2017v2.3"
"/Return/ReturnData/IRS990ScheduleH/HospitalFcltyPoliciesPrctcGrp/NoEmergencyCarePolicyInd",7,5,"2017v2.3"
"/Return/ReturnData/IRS990ScheduleC/Managers4912TaxAmt",7,7,"2017v2.3, 2017v2.0"
"/efile:Return/efile:ReturnData/efile:IRS990EZ/efile:OfficerDirectorTrusteeEmplGrp",6,1,"2017v2.0"
"/efile:Return/efile:ReturnData/efile:IRS990EZ/efile:OfficerDirectorTrusteeEmplGrp/efile:CompensationAmt",6,1,"2017v2.0"
"/efile:Return/efile:ReturnData/efile:IRS990EZ/efile:OfficerDirectorTrusteeEmplGrp/efile:TitleTxt",6,1,"2017v2.0"
"/efile:Return/efile:ReturnData/efile:IRS990EZ/efile:OfficerDirectorTrusteeEmplGrp/efile:EmployeeBenefitProgramAmt",6,1,"2017v2.0"
"/efile:Return/efile:ReturnData/efile:IRS990EZ/efile:OfficerDirectorTrusteeEmplGrp/efile:PersonNm",6,1,"2017v2.0"
"/Return/ReturnData/IRS990ScheduleN/LiquidationOfAssetsTableGrp/LiquidationOfAssetsDetail/ForeignAddress/ForeignPostalCd",6,5,"2017v2.2, 2017v2.3, 2017v2.0"
"/efile:Return/efile:ReturnData/efile:IRS990EZ/efile:OfficerDirectorTrusteeEmplGrp/efile:ExpenseAccountOtherAllwncAmt",6,1,"2017v2.0"
"/efile:Return/efile:ReturnData/efile:IRS990EZ/efile:OfficerDirectorTrusteeEmplGrp/efile:AverageHrsPerWkDevotedToPosRt",6,1,"2017v2.0"
"/Return/ReturnData/IRS990ScheduleG/FundraiserActivityInfoGrp/ForeignAddress/AddressLine2Txt",5,3,"2017v2.2, 2017v2.0"
"/Return/ReturnData/IRS990ScheduleJ/RltdOrgOfficerTrstKeyEmplGrp/BusinessName/BusinessNameLine2Txt",5,5,"2017v2.3, 2017v2.2"
"/Return/ReturnData/IRS990ScheduleH/HospitalFcltyPoliciesPrctcGrp/EngageDeferDenyRqrPaymentInd",4,4,"2017v2.3"
"/Return/ReturnData/IRS990ScheduleG/ThirdPartyForeignAddress/CountryCd",4,4,"2017v2.3"
"/Return/ReturnData/IRS990ScheduleG/ThirdPartyForeignAddress/AddressLine1Txt",4,4,"2017v2.3"
"/efile:Return/efile:ReturnData/efile:IRS990ScheduleO/efile:SupplementalInformationDetail/efile:ExplanationTxt",4,1,"2017v2.0"
"/Return/ReturnData/IRS990ScheduleG/ThirdPartyForeignAddress/CityNm",4,4,"2017v2.3"
"/Return/ReturnData/IRS990ScheduleG/ThirdPartyForeignAddress",4,4,"2017v2.3"
"/efile:Return/efile:ReturnData/efile:IRS990ScheduleO/efile:SupplementalInformationDetail",4,1,"2017v2.0"
"/Return/ReturnData/IRS990ScheduleG/ThirdPartyForeignAddress/ForeignPostalCd",4,4,"2017v2.3"
"/efile:Return/efile:ReturnData/efile:IRS990ScheduleO/efile:SupplementalInformationDetail/efile:FormAndLineReferenceDesc",4,1,"2017v2.0"
"/Return/ReturnData/IRS990ScheduleR/IdRelatedOrgTxblPartnershipGrp/ForeignAddress/AddressLine2Txt",4,3,"2017v2.2, 2017v2.0"
"/Return/ReturnData/IRS990ScheduleR/UnrelatedOrgTxblPartnershipGrp/BusinessName/BusinessNameLine2Txt",4,4,"2017v2.3"
"/efile:Return/efile:ReturnData/efile:IRS990EZ/efile:ProgramSrvcAccomplishmentGrp",3,1,"2017v2.0"
"/Return/ReturnData/IRS990ScheduleA/AgriculturalNameAndAddressGrp/CollegeUniversityName/BusinessNameLine2Txt",3,3,"2017v2.3, 2017v2.0"
"/efile:Return/efile:ReturnData/efile:IRS990EZ/efile:ProgramSrvcAccomplishmentGrp/efile:DescriptionProgramSrvcAccomTxt",3,1,"2017v2.0"
"/efile:Return/efile:ReturnData/efile:IRS990EZ/efile:ProgramSrvcAccomplishmentGrp/efile:ProgramServiceExpensesAmt",3,1,"2017v2.0"
"/Return/ReturnData/IRS990ScheduleH/HospitalFcltyPoliciesPrctcGrp/Form4720FiledInd",3,3,"2017v2.3"
"/efile:Return/efile:ReturnData/efile:IRS990EZ/efile:ProgramSrvcAccomplishmentGrp/efile:GrantsAndAllocationsAmt",3,1,"2017v2.0"
"/Return/ReturnData/IRS990ScheduleG/ThirdPartyBusinessName/BusinessNameLine2Txt",3,3,"2017v2.3"
"/Return/ReturnData/IRS990EZ/CompensationOfHghstPdCntrctGrp/ForeignAddress/CityNm",2,2,"2017v2.3, 2017v2.2"
"/Return/ReturnData/IRS990ScheduleG/ThirdPartyForeignAddress/ProvinceOrStateNm",2,2,"2017v2.3"
"/Return/ReturnData/IRS990ScheduleR/UnrelatedOrgTxblPartnershipGrp/LegalDomicileForeignCountryCd",2,2,"2017v2.3, 2017v2.2"
"/Return/ReturnData/IRS990EZ/CompensationOfHghstPdCntrctGrp/ForeignAddress/AddressLine1Txt",2,2,"2017v2.2, 2017v2.3"
"/Return/ReturnData/IRS990ScheduleH/HospitalFcltyPoliciesPrctcGrp/PermitDeferDenyRqrPaymentInd",2,2,"2017v2.3"
"/Return/ReturnData/IRS990EZ/CompensationOfHghstPdCntrctGrp/ForeignAddress",2,2,"2017v2.2, 2017v2.3"
"/Return/ReturnData/IRS990ScheduleG/PersonsWithBooksForeignAddress/ProvinceOrStateNm",2,2,"2017v2.3"
"/Return/ReturnData/IRS990ScheduleG/PersonsWithBooksForeignAddress/CityNm",2,2,"2017v2.3"
"/Return/ReturnData/IRS990ScheduleG/PersonsWithBooksForeignAddress/CountryCd",2,2,"2017v2.3"
"/Return/ReturnData/IRS990ScheduleG/PersonsWithBooksForeignAddress",2,2,"2017v2.3"
"/Return/ReturnData/IRS990ScheduleH/ManagementCoAndJntVenturesGrp/EntityName/BusinessNameLine2Txt",2,2,"2017v2.2"
"/Return/ReturnData/IRS990ScheduleG/ThirdPartyUSAddress/AddressLine2Txt",2,2,"2017v2.0, 2017v2.3"
"/Return/ReturnData/IRS990ScheduleG/PersonsWithBooksForeignAddress/AddressLine1Txt",2,2,"2017v2.3"
"/Return/ReturnData/IRS990ScheduleR/UnrelatedOrgTxblPartnershipGrp/USAddress/AddressLine2Txt",2,2,"2017v2.3, 2017v2.2"
"/Return/ReturnData/IRS990EZ/CompensationOfHghstPdCntrctGrp/ForeignAddress/CountryCd",2,2,"2017v2.3, 2017v2.2"
"/efile:Return/efile:ReturnData/efile:IRS990EZ/efile:CashSavingsAndInvestmentsGrp/efile:BOYAmt",1,1,"2017v2.0"
"/efile:Return/efile:ReturnData/efile:IRS990EZ/efile:BooksInCareOfDetail/efile:PhoneNum",1,1,"2017v2.0"
"/efile:Return/efile:ReturnData/efile:IRS990ScheduleA/efile:Form990ScheduleAPartVIGrp/efile:FormAndLineReferenceDesc",1,1,"2017v2.0"
"/efile:Return/efile:ReturnData/efile:IRS990ScheduleA/efile:PublicSupportCY509Pct",1,1,"2017v2.0"
"/efile:Return/efile:ReturnData/efile:IRS990ScheduleA/efile:OtherIncome509Grp/efile:CurrentTaxYearMinus3YearsAmt",1,1,"2017v2.0"
"/efile:Return/efile:ReturnData/efile:IRS990EZ/efile:BooksInCareOfDetail/efile:USAddress/efile:CityNm",1,1,"2017v2.0"
"/efile:Return/efile:ReturnData/efile:IRS990EZ/efile:OrganizationDissolvedEtcInd",1,1,"2017v2.0"
"/efile:Return/efile:ReturnHeader/efile:OriginatorGrp/efile:OriginatorTypeCd",1,1,"2017v2.0"
"/efile:Return/efile:ReturnData/efile:IRS990EZ/efile:ExcessOrDeficitForYearAmt",1,1,"2017v2.0"
"/efile:Return/efile:ReturnData/efile:IRS990EZ/efile:OtherExpensesTotalAmt",1,1,"2017v2.0"
"/efile:Return/efile:ReturnData/efile:IRS990EZ/efile:GrantsAndSimilarAmountsPaidAmt",1,1,"2017v2.0"
"/efile:Return/efile:ReturnHeader/efile:PINEnteredByCd",1,1,"2017v2.0"
"/efile:Return/efile:ReturnHeader/efile:OriginatorGrp",1,1,"2017v2.0"
"/efile:Return/efile:ReturnData/efile:IRS990EZ/efile:TypeOfOrganizationAssocInd",1,1,"2017v2.0"
"/efile:Return/efile:ReturnData/efile:IRS990EZ/efile:OtherRevenueTotalAmt",1,1,"2017v2.0"
"/Return/ReturnData/IRS990ScheduleC/Section527PoliticalOrgGrp/ForeignAddress/CityNm",1,1,"2017v2.2"
"/efile:Return/efile:ReturnData/efile:IRS990ScheduleA/efile:GiftsGrantsContrisRcvd509Grp/efile:CurrentTaxYearAmt",1,1,"2017v2.0"
"/efile:Return/efile:ReturnHeader/efile:OriginatorGrp/efile:PractitionerPINGrp",1,1,"2017v2.0"
"/efile:Return/efile:ReturnData/efile:IRS990ScheduleA/efile:InvestmentIncomePYPct",1,1,"2017v2.0"
"/efile:Return/efile:ReturnData/efile:IRS990ScheduleA/efile:TotalSupportCalendarYearGrp/efile:TotalAmt",1,1,"2017v2.0"
"/efile:Return/efile:ReturnData/efile:IRS990ScheduleA/efile:TotalSupportCalendarYearGrp/efile:CurrentTaxYearMinus4YearsAmt",1,1,"2017v2.0"
"/efile:Return/efile:ReturnData/efile:IRS990ScheduleA/efile:InvestmentIncomeAndUBTIGrp/efile:CurrentTaxYearMinus1YearAmt",1,1,"2017v2.0"
"/efile:Return/efile:ReturnData/efile:IRS990ScheduleA/efile:PublicSupportTotal509Amt",1,1,"2017v2.0"
"/efile:Return/efile:ReturnData/efile:IRS990ScheduleA/efile:GiftsGrantsContrisRcvd509Grp/efile:TotalAmt",1,1,"2017v2.0"
"/efile:Return/efile:ReturnData/efile:IRS990EZ/efile:SpecialEventsNetIncomeLossAmt",1,1,"2017v2.0"
"/efile:Return/efile:ReturnHeader/efile:FilingSecurityInformation",1,1,"2017v2.0"
"/efile:Return/efile:ReturnHeader/efile:Filer/efile:USAddress/efile:AddressLine1Txt",1,1,"2017v2.0"
"/Return/ReturnData/IRS990ScheduleC/Section527PoliticalOrgGrp/ForeignAddress",1,1,"2017v2.2"
"/efile:Return/efile:ReturnHeader/efile:Filer/efile:USAddress/efile:StateAbbreviationCd",1,1,"2017v2.0"
"/efile:Return/efile:ReturnHeader/efile:OriginatorGrp/efile:EFIN",1,1,"2017v2.0"
"/efile:Return/efile:ReturnData/efile:IRS990EZ/efile:InfoInScheduleOPartIInd",1,1,"2017v2.0"
"/efile:Return/efile:ReturnHeader/efile:OriginatorGrp/efile:PractitionerPINGrp/efile:EFIN",1,1,"2017v2.0"
"/efile:Return/efile:ReturnData/efile:IRS990ScheduleA/efile:GiftsGrantsContrisRcvd509Grp/efile:CurrentTaxYearMinus3YearsAmt",1,1,"2017v2.0"
"/Return/ReturnData/CompensationExplanation/CompensationExplanationGrp/BusinessName/BusinessNameLine2Txt",1,1,"2017v2.3"
"/Return/ReturnData/IRS990ScheduleL/GrntAsstBnftInterestedPrsnGrp/BusinessName/BusinessNameLine2Txt",1,1,"2017v2.3"
"/efile:Return/efile:ReturnData/efile:IRS990ScheduleA/efile:Total509Grp",1,1,"2017v2.0"
"/efile:Return/efile:ReturnData/efile:IRS990EZ/efile:Organization501c3Ind",1,1,"2017v2.0"
"/efile:Return/efile:ReturnData/efile:IRS990EZ/efile:EngagedInExcessBenefitTransInd",1,1,"2017v2.0"
"/efile:Return/efile:ReturnData/efile:IRS990EZ/efile:ProhibitedTaxShelterTransInd",1,1,"2017v2.0"
"/efile:Return/efile:ReturnData/efile:IRS990ScheduleA/efile:GrossInvestmentIncome509Grp/efile:CurrentTaxYearAmt",1,1,"2017v2.0"
"/efile:Return/efile:ReturnData/efile:IRS990EZ",1,1,"2017v2.0"
"/efile:Return/efile:ReturnData/efile:IRS990ScheduleA/efile:TotalSupportCalendarYearGrp",1,1,"2017v2.0"
"/efile:Return/efile:ReturnData/efile:IRS990ScheduleA/efile:OtherIncome509Grp",1,1,"2017v2.0"
"/efile:Return/efile:ReturnHeader/efile:Filer",1,1,"2017v2.0"
"/efile:Return/efile:ReturnData/efile:IRS990ScheduleA/efile:OtherIncome509Grp/efile:CurrentTaxYearMinus2YearsAmt",1,1,"2017v2.0"
"/efile:Return/efile:ReturnData/efile:IRS990ScheduleA/efile:OtherIncome509Grp/efile:CurrentTaxYearAmt",1,1,"2017v2.0"
"/efile:Return/efile:ReturnData/efile:IRS990ScheduleA/efile:Form990ScheduleAPartVIGrp/efile:ExplanationTxt",1,1,"2017v2.0"
"/Return/ReturnData/IRS990EZ/CompensationOfHghstPdCntrctGrp/BusinessName/BusinessNameLine2Txt",1,1,"2017v2.3"
"/efile:Return/efile:ReturnData/efile:IRS990EZ/efile:ForeignFinancialAccountInd",1,1,"2017v2.0"
"/efile:Return/efile:ReturnData/efile:IRS990EZ/efile:StatesWhereCopyOfReturnIsFldCd",1,1,"2017v2.0"
"/efile:Return/efile:ReturnData/efile:IRS990EZ/efile:Form990TotalAssetsGrp/efile:EOYAmt",1,1,"2017v2.0"
"/efile:Return/efile:ReturnData/efile:IRS990EZ/efile:WebsiteAddressTxt",1,1,"2017v2.0"
"/efile:Return/efile:ReturnHeader/efile:SoftwareId",1,1,"2017v2.0"
"/efile:Return/efile:ReturnData/efile:IRS990EZ/efile:BooksInCareOfDetail/efile:PersonNm",1,1,"2017v2.0"
"/efile:Return/efile:ReturnData",1,1,"2017v2.0"
"/efile:Return/efile:ReturnData/efile:IRS990EZ/efile:LobbyingActivitiesInd",1,1,"2017v2.0"
"/efile:Return/efile:ReturnData/efile:IRS990ScheduleA/efile:OtherIncome509Grp/efile:TotalAmt",1,1,"2017v2.0"
"/efile:Return/efile:ReturnData/efile:IRS990ScheduleA/efile:InvestmentIncomeCYPct",1,1,"2017v2.0"
"/efile:Return/efile:ReturnData/efile:IRS990EZ/efile:GrossProfitLossSlsOfInvntryAmt",1,1,"2017v2.0"
"/efile:Return/efile:ReturnData/efile:IRS990EZ/efile:OperateHospitalInd",1,1,"2017v2.0"
"/efile:Return/efile:ReturnData/efile:IRS990EZ/efile:DonorAdvisedFndsInd",1,1,"2017v2.0"
"/efile:Return/efile:ReturnData/efile:IRS990EZ/efile:ActivitiesNotPreviouslyRptInd",1,1,"2017v2.0"
"/efile:Return/efile:ReturnHeader/efile:Filer/efile:BusinessNameControlTxt",1,1,"2017v2.0"
"/Return/ReturnData/IRS990ScheduleR/UnrelatedOrgTxblPartnershipGrp/ForeignAddress/CountryCd",1,1,"2017v2.2"
"/efile:Return/efile:ReturnHeader/efile:ReturnTs",1,1,"2017v2.0"
"/efile:Return/efile:ReturnData/efile:IRS990EZ/efile:GrossSalesOfInventoryAmt",1,1,"2017v2.0"
"/efile:Return/efile:ReturnData/efile:IRS990EZ/efile:CostOfGoodsSoldAmt",1,1,"2017v2.0"
"/efile:Return/efile:ReturnData/efile:IRS990EZ/efile:ChgMadeToOrgnzngDocNotRptInd",1,1,"2017v2.0"
"/efile:Return/efile:ReturnData/efile:IRS990ScheduleA/efile:GrossInvestmentIncome509Grp/efile:CurrentTaxYearMinus1YearAmt",1,1,"2017v2.0"
"/efile:Return/efile:ReturnData/efile:IRS990ScheduleA/efile:TotalSupportCalendarYearGrp/efile:CurrentTaxYearMinus2YearsAmt",1,1,"2017v2.0"
"/Return/ReturnData/IRS990ScheduleC/Section527PoliticalOrgGrp/ForeignAddress/ProvinceOrStateNm",1,1,"2017v2.2"
"/Return/ReturnData/IRS990EZ/CompensationOfHghstPdCntrctGrp/ForeignAddress/ForeignPostalCd",1,1,"2017v2.2"
"/efile:Return/efile:ReturnHeader/efile:FilingSecurityInformation/efile:IPTimezoneCd",1,1,"2017v2.0"
"/Return/ReturnData/IRS990ScheduleC/Section527PoliticalOrgGrp/ForeignAddress/AddressLine1Txt",1,1,"2017v2.2"
"/efile:Return/efile:ReturnHeader/efile:Filer/efile:USAddress/efile:CityNm",1,1,"2017v2.0"
"/efile:Return/efile:ReturnData/efile:IRS990EZ/efile:OtherChangesInNetAssetsAmt",1,1,"2017v2.0"
"/efile:Return/efile:ReturnData/efile:IRS990EZ/efile:NetAssetsOrFundBalancesEOYAmt",1,1,"2017v2.0"
"/efile:Return/efile:ReturnData/efile:IRS990ScheduleA",1,1,"2017v2.0"
"/efile:Return/efile:ReturnData/efile:IRS990ScheduleA/efile:PubliclySupportedOrg509a2Ind",1,1,"2017v2.0"
"/efile:Return/efile:ReturnHeader/efile:BusinessOfficerGrp",1,1,"2017v2.0"
"/efile:Return/efile:ReturnData/efile:IRS990ScheduleA/efile:TotalSupportCalendarYearGrp/efile:CurrentTaxYearMinus1YearAmt",1,1,"2017v2.0"
"/efile:Return/efile:ReturnData/efile:IRS990ScheduleA/efile:InvestmentIncomeAndUBTIGrp/efile:CurrentTaxYearMinus2YearsAmt",1,1,"2017v2.0"
"/efile:Return/efile:ReturnData/efile:IRS990ScheduleA/efile:Total509Grp/efile:CurrentTaxYearMinus2YearsAmt",1,1,"2017v2.0"
"/efile:Return/efile:ReturnData/efile:IRS990EZ/efile:NetAssetsOrFundBalancesBOYAmt",1,1,"2017v2.0"
"/efile:Return/efile:ReturnHeader/efile:BusinessOfficerGrp/efile:PhoneNum",1,1,"2017v2.0"
"/efile:Return/efile:ReturnData/efile:IRS990EZ/efile:ContributionsGiftsGrantsEtcAmt",1,1,"2017v2.0"
"/efile:Return/efile:ReturnData/efile:IRS990EZ/efile:Form990TotalAssetsGrp/efile:BOYAmt",1,1,"2017v2.0"
"/efile:Return/efile:ReturnData/efile:IRS990EZ/efile:MadeLoansToFromOfficersInd",1,1,"2017v2.0"
"/efile:Return/efile:ReturnData/efile:IRS990ScheduleA/efile:GrossInvestmentIncome509Grp/efile:CurrentTaxYearMinus3YearsAmt",1,1,"2017v2.0"
"/efile:Return/efile:ReturnData/efile:IRS990ScheduleO",1,1,"2017v2.0"
"/efile:Return/efile:ReturnData/efile:IRS990ScheduleA/efile:TotalSupportCalendarYearGrp/efile:CurrentTaxYearMinus3YearsAmt",1,1,"2017v2.0"
"/Return/ReturnData/IRS990ScheduleN/DispositionOfAssetsDetail/ForeignAddress/AddressLine2Txt",1,1,"2017v2.0"
"/efile:Return/efile:ReturnData/efile:IRS990EZ/efile:SubjectToProxyTaxInd",1,1,"2017v2.0"
"/efile:Return/efile:ReturnData/efile:IRS990ScheduleA/efile:InvestmentIncomeAndUBTIGrp",1,1,"2017v2.0"
"/efile:Return/efile:ReturnData/efile:IRS990ScheduleA/efile:GiftsGrantsContrisRcvd509Grp/efile:CurrentTaxYearMinus2YearsAmt",1,1,"2017v2.0"
"/efile:Return/efile:ReturnData/efile:IRS990EZ/efile:PartVIHghstPdCntrctProfSrvcTxt",1,1,"2017v2.0"
"/efile:Return/efile:ReturnHeader/efile:Filer/efile:USAddress/efile:ZIPCd",1,1,"2017v2.0"
"/Return/ReturnData/IRS990ScheduleG/PersonsWithBooksForeignAddress/ForeignPostalCd",1,1,"2017v2.3"
"/efile:Return/efile:ReturnHeader",1,1,"2017v2.0"
"/efile:Return/efile:ReturnData/efile:IRS990EZ/efile:TrnsfrExmptNonChrtblRltdOrgInd",1,1,"2017v2.0"
"/efile:Return/efile:ReturnHeader/efile:SoftwareVersionNum",1,1,"2017v2.0"
"/efile:Return/efile:ReturnData/efile:IRS990ScheduleA/efile:ThirtyThrPctSuprtTestsCY509Ind",1,1,"2017v2.0"
"/efile:Return/efile:ReturnData/efile:IRS990ScheduleA/efile:OtherIncome509Grp/efile:CurrentTaxYearMinus4YearsAmt",1,1,"2017v2.0"
"/efile:Return/efile:ReturnData/efile:IRS990ScheduleA/efile:Total509Grp/efile:CurrentTaxYearAmt",1,1,"2017v2.0"
"/efile:Return/efile:ReturnData/efile:IRS990ScheduleA/efile:Total509Grp/efile:CurrentTaxYearMinus4YearsAmt",1,1,"2017v2.0"
"/efile:Return/efile:ReturnData/efile:IRS990ScheduleA/efile:GiftsGrantsContrisRcvd509Grp/efile:CurrentTaxYearMinus4YearsAmt",1,1,"2017v2.0"
"/efile:Return/efile:ReturnData/efile:IRS990EZ/efile:PoliticalCampaignActyInd",1,1,"2017v2.0"
"/efile:Return/efile:ReturnData/efile:IRS990EZ/efile:BooksInCareOfDetail/efile:USAddress",1,1,"2017v2.0"
"/efile:Return/efile:ReturnData/efile:IRS990EZ/efile:TotalProgramServiceExpensesAmt",1,1,"2017v2.0"
"/efile:Return/efile:ReturnData/efile:IRS990EZ/efile:NetAssetsOrFundBalancesGrp/efile:EOYAmt",1,1,"2017v2.0"
"/efile:Return/efile:ReturnHeader/efile:BusinessOfficerGrp/efile:PersonTitleTxt",1,1,"2017v2.0"
"/efile:Return/efile:ReturnHeader/efile:Filer/efile:USAddress",1,1,"2017v2.0"
"/efile:Return/efile:ReturnData/efile:IRS990EZ/efile:FundraisingGrossIncomeAmt",1,1,"2017v2.0"
"/efile:Return/efile:ReturnData/efile:IRS990EZ/efile:NetAssetsOrFundBalancesGrp",1,1,"2017v2.0"
"/efile:Return/efile:ReturnData/efile:IRS990EZ/efile:CashSavingsAndInvestmentsGrp/efile:EOYAmt",1,1,"2017v2.0"
"/efile:Return/efile:ReturnHeader/efile:BusinessOfficerGrp/efile:SignatureDt",1,1,"2017v2.0"
"/efile:Return/efile:ReturnHeader/efile:SignatureOptionCd",1,1,"2017v2.0"
"/efile:Return/efile:ReturnHeader/efile:TaxPeriodEndDt",1,1,"2017v2.0"
"/efile:Return/efile:ReturnHeader/efile:FilingSecurityInformation/efile:IPAddress/efile:IPv4AddressTxt",1,1,"2017v2.0"
"/efile:Return/efile:ReturnData/efile:IRS990EZ/efile:InvestmentIncomeAmt",1,1,"2017v2.0"
"/efile:Return/efile:ReturnData/efile:IRS990EZ/efile:GrossReceiptsAmt",1,1,"2017v2.0"
"/efile:Return/efile:ReturnHeader/efile:Filer/efile:BusinessName",1,1,"2017v2.0"
"/efile:Return/efile:ReturnData/efile:IRS990EZ/efile:TotalRevenueAmt",1,1,"2017v2.0"
"/efile:Return/efile:ReturnData/efile:IRS990EZ/efile:SchoolOperatingInd",1,1,"2017v2.0"
"/efile:Return/efile:ReturnData/efile:IRS990EZ/efile:SpecialEventsDirectExpensesAmt",1,1,"2017v2.0"
"/efile:Return/efile:ReturnHeader/efile:OriginatorGrp/efile:PractitionerPINGrp/efile:PIN",1,1,"2017v2.0"
"/efile:Return/efile:ReturnHeader/efile:TaxPeriodBeginDt",1,1,"2017v2.0"
"/efile:Return/efile:ReturnData/efile:IRS990EZ/efile:NetAssetsOrFundBalancesGrp/efile:BOYAmt",1,1,"2017v2.0"
"/efile:Return/efile:ReturnData/efile:IRS990EZ/efile:RelatedOrganizationCtrlEntInd",1,1,"2017v2.0"
"/efile:Return/efile:ReturnData/efile:IRS990EZ/efile:CashSavingsAndInvestmentsGrp",1,1,"2017v2.0"
"/efile:Return/efile:ReturnData/efile:IRS990ScheduleA/efile:GrossInvestmentIncome509Grp",1,1,"2017v2.0"
"/efile:Return/efile:ReturnData/efile:IRS990ScheduleA/efile:OtherIncome509Grp/efile:CurrentTaxYearMinus1YearAmt",1,1,"2017v2.0"
"/efile:Return/efile:ReturnData/efile:IRS990ScheduleA/efile:GrossInvestmentIncome509Grp/efile:CurrentTaxYearMinus2YearsAmt",1,1,"2017v2.0"
"/efile:Return/efile:ReturnData/efile:IRS990ScheduleA/efile:GrossInvestmentIncome509Grp/efile:CurrentTaxYearMinus4YearsAmt",1,1,"2017v2.0"
"/efile:Return/efile:ReturnData/efile:IRS990EZ/efile:BooksInCareOfDetail",1,1,"2017v2.0"
"/efile:Return/efile:ReturnData/efile:IRS990EZ/efile:BooksInCareOfDetail/efile:USAddress/efile:StateAbbreviationCd",1,1,"2017v2.0"
"/efile:Return/efile:ReturnData/efile:IRS990EZ/efile:PartVIOfCompOfHghstPdEmplTxt",1,1,"2017v2.0"
"/efile:Return/efile:ReturnData/efile:IRS990ScheduleA/efile:GiftsGrantsContrisRcvd509Grp",1,1,"2017v2.0"
"/efile:Return/efile:ReturnData/efile:IRS990ScheduleA/efile:Total509Grp/efile:TotalAmt",1,1,"2017v2.0"
"/efile:Return/efile:ReturnData/efile:IRS990ScheduleA/efile:InvestmentIncomeAndUBTIGrp/efile:CurrentTaxYearMinus3YearsAmt",1,1,"2017v2.0"
"/efile:Return/efile:ReturnData/efile:IRS990ScheduleA/efile:PublicSupportPY509Pct",1,1,"2017v2.0"
"/efile:Return/efile:ReturnHeader/efile:Filer/efile:InCareOfNm",1,1,"2017v2.0"
"/efile:Return/efile:ReturnData/efile:IRS990EZ/efile:ScheduleBNotRequiredInd",1,1,"2017v2.0"
"/efile:Return/efile:ReturnHeader/efile:TaxYr",1,1,"2017v2.0"
"/Return/ReturnData/AffiliatedGroupSchedule/AffiliatedScheduleGrp/BusinessName/BusinessNameLine2Txt",1,1,"2017v2.2"
"/efile:Return/efile:ReturnHeader/efile:Filer/efile:EIN",1,1,"2017v2.0"
"/Return/ReturnData/IRS990ScheduleR/UnrelatedOrgTxblPartnershipGrp/ForeignAddress/ForeignPostalCd",1,1,"2017v2.2"
"/Return/ReturnData/IRS990ScheduleC/Section527PoliticalOrgGrp/ForeignAddress/CountryCd",1,1,"2017v2.2"
"/efile:Return/efile:ReturnData/efile:IRS990EZ/efile:PrimaryExemptPurposeTxt",1,1,"2017v2.0"
"/efile:Return/efile:ReturnData/efile:IRS990EZ/efile:BooksInCareOfDetail/efile:USAddress/efile:AddressLine1Txt",1,1,"2017v2.0"
"/efile:Return/efile:ReturnData/efile:IRS990ScheduleA/efile:InvestmentIncomeAndUBTIGrp/efile:CurrentTaxYearAmt",1,1,"2017v2.0"
"/Return/ReturnData/IRS990EZ/CompensationOfHghstPdCntrctGrp/ForeignAddress/ProvinceOrStateNm",1,1,"2017v2.2"
"/Return/ReturnData/IRS990ScheduleC/Section527PoliticalOrgGrp/ForeignAddress/ForeignPostalCd",1,1,"2017v2.2"
"/Return/ReturnData/IRS990ScheduleR/UnrelatedOrgTxblPartnershipGrp/ForeignAddress/ProvinceOrStateNm",1,1,"2017v2.2"
"/Return/ReturnData/IRS990ScheduleR/UnrelatedOrgTxblPartnershipGrp/ForeignAddress/AddressLine1Txt",1,1,"2017v2.2"
"/efile:Return/efile:ReturnData/efile:IRS990ScheduleA/efile:Form990ScheduleAPartVIGrp",1,1,"2017v2.0"
"/efile:Return/efile:ReturnData/efile:IRS990ScheduleA/efile:GrossInvestmentIncome509Grp/efile:TotalAmt",1,1,"2017v2.0"
"/efile:Return/efile:ReturnData/efile:IRS990EZ/efile:FiledScheduleAInd",1,1,"2017v2.0"
"/efile:Return/efile:ReturnData/efile:IRS990EZ/efile:Form990TotalAssetsGrp",1,1,"2017v2.0"
"/efile:Return/efile:ReturnData/efile:IRS990ScheduleA/efile:InvestmentIncomeAndUBTIGrp/efile:CurrentTaxYearMinus4YearsAmt",1,1,"2017v2.0"
"/efile:Return/efile:ReturnData/efile:IRS990EZ/efile:TanningServicesProvidedInd",1,1,"2017v2.0"
"/efile:Return/efile:ReturnHeader/efile:FilingSecurityInformation/efile:IPAddress",1,1,"2017v2.0"
"/Return/ReturnData/IRS990ScheduleR/UnrelatedOrgTxblPartnershipGrp/ForeignAddress",1,1,"2017v2.2"
"/efile:Return",1,1,"2017v2.0"
"/efile:Return/efile:ReturnHeader/efile:ReturnTypeCd",1,1,"2017v2.0"
"/efile:Return/efile:ReturnHeader/efile:MultSoftwarePackagesUsedInd",1,1,"2017v2.0"
"/efile:Return/efile:ReturnData/efile:IRS990ScheduleA/efile:TotalSupportCalendarYearGrp/efile:CurrentTaxYearAmt",1,1,"2017v2.0"
"/efile:Return/efile:ReturnData/efile:IRS990ScheduleA/efile:InvestmentIncomeAndUBTIGrp/efile:TotalAmt",1,1,"2017v2.0"
"/efile:Return/efile:ReturnData/efile:IRS990ScheduleA/efile:Total509Grp/efile:CurrentTaxYearMinus1YearAmt",1,1,"2017v2.0"
"/efile:Return/efile:ReturnData/efile:IRS990ScheduleA/efile:Total509Grp/efile:CurrentTaxYearMinus3YearsAmt",1,1,"2017v2.0"
"/efile:Return/efile:ReturnData/efile:IRS990ScheduleA/efile:GiftsGrantsContrisRcvd509Grp/efile:CurrentTaxYearMinus1YearAmt",1,1,"2017v2.0"
"/efile:Return/efile:ReturnData/efile:IRS990EZ/efile:ForeignOfficeInd",1,1,"2017v2.0"
"/efile:Return/efile:ReturnData/efile:IRS990EZ/efile:BooksInCareOfDetail/efile:USAddress/efile:ZIPCd",1,1,"2017v2.0"
"/efile:Return/efile:ReturnData/efile:IRS990EZ/efile:Form1120PolFiledInd",1,1,"2017v2.0"
"/efile:Return/efile:ReturnHeader/efile:Filer/efile:BusinessName/efile:BusinessNameLine1Txt",1,1,"2017v2.0"
"/efile:Return/efile:ReturnHeader/efile:BusinessOfficerGrp/efile:PersonNm",1,1,"2017v2.0"
"/efile:Return/efile:ReturnHeader/efile:Filer/efile:PhoneNum",1,1,"2017v2.0"
"/efile:Return/efile:ReturnHeader/efile:BusinessOfficerGrp/efile:TaxpayerPIN",1,1,"2017v2.0"
"/efile:Return/efile:ReturnData/efile:IRS990EZ/efile:MethodOfAccountingCashInd",1,1,"2017v2.0"
"/efile:Return/efile:ReturnData/efile:IRS990EZ/efile:PrintingPublicationsPostageAmt",1,1,"2017v2.0"
"/efile:Return/efile:ReturnData/efile:IRS990EZ/efile:TotalExpensesAmt",1,1,"2017v2.0"
"/efile:Return/efile:ReturnData/efile:IRS990EZ/efile:OrganizationHadUBIInd",1,1,"2017v2.0"
"/efile:Return/efile:ReturnHeader/efile:FilingSecurityInformation/efile:IPDt",1,1,"2017v2.0"
