"xpath","count_occurrences","count_filings","schema_versions"
"/Return/ReturnData/IRS990/Form990PartVIISectionAGrp",3922080,320342,"2020v4.0, 2020v4.1, 2020v4.2"
"/Return/ReturnData/IRS990/Form990PartVIISectionAGrp/ReportableCompFromOrgAmt",3921416,320324,"2020v4.0, 2020v4.1, 2020v4.2"
"/Return/ReturnData/IRS990/Form990PartVIISectionAGrp/OtherCompensationAmt",3921350,320320,"2020v4.0, 2020v4.1, 2020v4.2"
"/Return/ReturnData/IRS990/Form990PartVIISectionAGrp/ReportableCompFromRltdOrgAmt",3921348,320320,"2020v4.0, 2020v4.1, 2020v4.2"
"/Return/ReturnData/IRS990/Form990PartVIISectionAGrp/TitleTxt",3920043,320342,"2020v4.0, 2020v4.1, 2020v4.2"
"/Return/ReturnData/IRS990/Form990PartVIISectionAGrp/PersonNm",3868628,316388,"2020v4.0, 2020v4.1, 2020v4.2"
"/Return/ReturnData/IRS990/Form990PartVIISectionAGrp/AverageHoursPerWeekRt",3708384,303250,"2020v4.0, 2020v4.1, 2020v4.2"
"/Return/ReturnData/IRS990/Form990PartVIISectionAGrp/IndividualTrusteeOrDirectorInd",3145589,282778,"2020v4.0, 2020v4.1, 2020v4.2"
"/Return/ReturnData/IRS990ScheduleO/SupplementalInformationDetail",2758516,481567,"2020v4.0, 2020v4.1, 2020v4.2"
"/Return/ReturnData/IRS990ScheduleO/SupplementalInformationDetail/ExplanationTxt",2758516,481567,"2020v4.0, 2020v4.1, 2020v4.2"
"/Return/ReturnData/IRS990ScheduleO/SupplementalInformationDetail/FormAndLineReferenceDesc",2758516,481567,"2020v4.0, 2020v4.1, 2020v4.2"
"/Return/ReturnData/IRS990/Form990PartVIISectionAGrp/OfficerInd",1423659,294129,"2020v4.0, 2020v4.1, 2020v4.2"
"/Return/ReturnData/IRS990/Form990PartVIISectionAGrp/AverageHoursPerWeekRltdOrgRt",1374865,128289,"2020v4.0, 2020v4.1, 2020v4.2"
"/Return/ReturnData/IRS990EZ/OfficerDirectorTrusteeEmplGrp",1066171,169864,"2020v4.0, 2020v4.1, 2020v4.2"
"/Return/ReturnData/IRS990EZ/OfficerDirectorTrusteeEmplGrp/AverageHrsPerWkDevotedToPosRt",1066171,169864,"2020v4.0, 2020v4.1, 2020v4.2"
"/Return/ReturnData/IRS990EZ/OfficerDirectorTrusteeEmplGrp/CompensationAmt",1066171,169864,"2020v4.0, 2020v4.1, 2020v4.2"
"/Return/ReturnData/IRS990EZ/OfficerDirectorTrusteeEmplGrp/TitleTxt",1066171,169864,"2020v4.0, 2020v4.1, 2020v4.2"
"/Return/ReturnData/IRS990EZ/OfficerDirectorTrusteeEmplGrp/PersonNm",1063333,169282,"2020v4.0, 2020v4.1, 2020v4.2"
"/Return/ReturnData/IRS990/OtherExpensesGrp",1059925,289647,"2020v4.0, 2020v4.1, 2020v4.2"
"/Return/ReturnData/IRS990/OtherExpensesGrp/TotalAmt",1059068,289359,"2020v4.0, 2020v4.1, 2020v4.2"
"/Return/ReturnData/IRS990/OtherExpensesGrp/Desc",1056373,289198,"2020v4.0, 2020v4.1, 2020v4.2"
"/Return/ReturnData/IRS990ScheduleI/RecipientTable",1050955,44655,"2020v4.0, 2020v4.1, 2020v4.2"
"/Return/ReturnData/IRS990ScheduleI/RecipientTable/RecipientBusinessName",1049960,44477,"2020v4.0, 2020v4.1, 2020v4.2"
"/Return/ReturnData/IRS990ScheduleI/RecipientTable/RecipientBusinessName/BusinessNameLine1Txt",1049960,44477,"2020v4.0, 2020v4.1, 2020v4.2"
"/Return/ReturnData/IRS990ScheduleI/RecipientTable/USAddress",1036577,43091,"2020v4.0, 2020v4.1, 2020v4.2"
"/Return/ReturnData/IRS990ScheduleI/RecipientTable/USAddress/AddressLine1Txt",1036577,43091,"2020v4.0, 2020v4.1, 2020v4.2"
"/Return/ReturnData/IRS990ScheduleI/RecipientTable/USAddress/CityNm",1036577,43091,"2020v4.0, 2020v4.1, 2020v4.2"
"/Return/ReturnData/IRS990ScheduleI/RecipientTable/USAddress/StateAbbreviationCd",1036577,43091,"2020v4.0, 2020v4.1, 2020v4.2"
"/Return/ReturnData/IRS990ScheduleI/RecipientTable/USAddress/ZIPCd",1036577,43091,"2020v4.0, 2020v4.1, 2020v4.2"
"/Return/ReturnData/IRS990ScheduleI/RecipientTable/PurposeOfGrantTxt",1030424,41094,"2020v4.0, 2020v4.1, 2020v4.2"
"/Return/ReturnData/IRS990ScheduleI/RecipientTable/CashGrantAmt",1008848,42728,"2020v4.0, 2020v4.1, 2020v4.2"
"/Return/ReturnData/IRS990ScheduleI/RecipientTable/RecipientEIN",986653,38866,"2020v4.0, 2020v4.1, 2020v4.2"
"/Return/ReturnData/IRS990ScheduleI/RecipientTable/IRCSectionDesc",892893,31515,"2020v4.0, 2020v4.1, 2020v4.2"
"/Return/ReturnData/IRS990/OtherExpensesGrp/ProgramServicesAmt",807063,239119,"2020v4.0, 2020v4.1, 2020v4.2"
"/Return/ReturnData/IRS990ScheduleR/IdRelatedTaxExemptOrgGrp",566983,66975,"2020v4.0, 2020v4.1, 2020v4.2"
"/Return/ReturnData/IRS990ScheduleR/IdRelatedTaxExemptOrgGrp/DisregardedEntityName",566875,66938,"2020v4.0, 2020v4.1, 2020v4.2"
"/Return/ReturnData/IRS990ScheduleR/IdRelatedTaxExemptOrgGrp/DisregardedEntityName/BusinessNameLine1Txt",566875,66938,"2020v4.0, 2020v4.1, 2020v4.2"
"/Return/ReturnData/IRS990ScheduleR/IdRelatedTaxExemptOrgGrp/ControlledOrganizationInd",558243,65844,"2020v4.0, 2020v4.1, 2020v4.2"
"/Return/ReturnData/IRS990ScheduleR/IdRelatedTaxExemptOrgGrp/PrimaryActivitiesTxt",556997,65340,"2020v4.0, 2020v4.1, 2020v4.2"
"/Return/ReturnData/IRS990ScheduleR/IdRelatedTaxExemptOrgGrp/USAddress",554110,65651,"2020v4.0, 2020v4.1, 2020v4.2"
"/Return/ReturnData/IRS990ScheduleR/IdRelatedTaxExemptOrgGrp/USAddress/AddressLine1Txt",554110,65651,"2020v4.0, 2020v4.1, 2020v4.2"
"/Return/ReturnData/IRS990ScheduleR/IdRelatedTaxExemptOrgGrp/USAddress/CityNm",554110,65651,"2020v4.0, 2020v4.1, 2020v4.2"
"/Return/ReturnData/IRS990ScheduleR/IdRelatedTaxExemptOrgGrp/USAddress/StateAbbreviationCd",554110,65651,"2020v4.0, 2020v4.1, 2020v4.2"
"/Return/ReturnData/IRS990ScheduleR/IdRelatedTaxExemptOrgGrp/USAddress/ZIPCd",554110,65651,"2020v4.0, 2020v4.1, 2020v4.2"
"/Return/ReturnData/IRS990ScheduleR/IdRelatedTaxExemptOrgGrp/LegalDomicileStateCd",553015,65314,"2020v4.0, 2020v4.1, 2020v4.2"
"/Return/ReturnData/IRS990ScheduleR/IdRelatedTaxExemptOrgGrp/EIN",549454,63810,"2020v4.0, 2020v4.1, 2020v4.2"
"/Return/ReturnData/IRS990ScheduleR/IdRelatedTaxExemptOrgGrp/ExemptCodeSectionTxt",548269,64033,"2020v4.0, 2020v4.1, 2020v4.2"
"/Return/ReturnData/IRS990EZ/OfficerDirectorTrusteeEmplGrp/ExpenseAccountOtherAllwncAmt",546738,90072,"2020v4.0, 2020v4.1, 2020v4.2"
"/Return/ReturnData/IRS990EZ/OfficerDirectorTrusteeEmplGrp/EmployeeBenefitProgramAmt",546063,90149,"2020v4.0, 2020v4.1, 2020v4.2"
"/Return",515679,490206,"2020v4.0, 2020v4.1, 2020v4.2"
"/Return/ReturnData",515679,490206,"2020v4.0, 2020v4.1, 2020v4.2"
"/Return/ReturnHeader",515679,490206,"2020v4.0, 2020v4.1, 2020v4.2"
"/Return/ReturnHeader/BuildTS",515679,490206,"2020v4.0, 2020v4.1, 2020v4.2"
"/Return/ReturnHeader/BusinessOfficerGrp",515679,490206,"2020v4.0, 2020v4.1, 2020v4.2"
"/Return/ReturnHeader/BusinessOfficerGrp/PersonNm",515679,490206,"2020v4.0, 2020v4.1, 2020v4.2"
"/Return/ReturnHeader/BusinessOfficerGrp/PersonTitleTxt",515679,490206,"2020v4.0, 2020v4.1, 2020v4.2"
"/Return/ReturnHeader/BusinessOfficerGrp/SignatureDt",515679,490206,"2020v4.0, 2020v4.1, 2020v4.2"
"/Return/ReturnHeader/Filer",515679,490206,"2020v4.0, 2020v4.1, 2020v4.2"
"/Return/ReturnHeader/Filer/BusinessName",515679,490206,"2020v4.0, 2020v4.1, 2020v4.2"
"/Return/ReturnHeader/Filer/BusinessName/BusinessNameLine1Txt",515679,490206,"2020v4.0, 2020v4.1, 2020v4.2"
"/Return/ReturnHeader/Filer/BusinessNameControlTxt",515679,490206,"2020v4.0, 2020v4.1, 2020v4.2"
"/Return/ReturnHeader/Filer/EIN",515679,490206,"2020v4.0, 2020v4.1, 2020v4.2"
"/Return/ReturnHeader/ReturnTs",515679,490206,"2020v4.0, 2020v4.1, 2020v4.2"
"/Return/ReturnHeader/ReturnTypeCd",515679,490206,"2020v4.0, 2020v4.1, 2020v4.2"
"/Return/ReturnHeader/TaxPeriodBeginDt",515679,490206,"2020v4.0, 2020v4.1, 2020v4.2"
"/Return/ReturnHeader/TaxPeriodEndDt",515679,490206,"2020v4.0, 2020v4.1, 2020v4.2"
"/Return/ReturnHeader/TaxYr",515679,490206,"2020v4.0, 2020v4.1, 2020v4.2"
"/Return/ReturnHeader/Filer/USAddress",515109,489682,"2020v4.0, 2020v4.1, 2020v4.2"
"/Return/ReturnHeader/Filer/USAddress/AddressLine1Txt",515109,489682,"2020v4.0, 2020v4.1, 2020v4.2"
"/Return/ReturnHeader/Filer/USAddress/CityNm",515109,489682,"2020v4.0, 2020v4.1, 2020v4.2"
"/Return/ReturnHeader/Filer/USAddress/StateAbbreviationCd",515109,489682,"2020v4.0, 2020v4.1, 2020v4.2"
"/Return/ReturnHeader/Filer/USAddress/ZIPCd",515109,489682,"2020v4.0, 2020v4.1, 2020v4.2"
"/Return/ReturnData/IRS990ScheduleR/IdRelatedTaxExemptOrgGrp/PublicCharityStatusTxt",511126,51500,"2020v4.0, 2020v4.1, 2020v4.2"
"/Return/ReturnData/IRS990ScheduleO",506990,481567,"2020v4.0, 2020v4.1, 2020v4.2"
"/Return/ReturnHeader/SigningOfficerGrp",474949,450829,"2020v4.0, 2020v4.1, 2020v4.2"
"/Return/ReturnHeader/SigningOfficerGrp/PersonFullName",474923,450804,"2020v4.0, 2020v4.1, 2020v4.2"
"/Return/ReturnHeader/SigningOfficerGrp/PersonFullName/PersonFirstNm",474923,450804,"2020v4.0, 2020v4.1, 2020v4.2"
"/Return/ReturnHeader/SigningOfficerGrp/PersonFullName/PersonLastNm",474024,449937,"2020v4.0, 2020v4.1, 2020v4.2"
"/Return/ReturnHeader/PreparerPersonGrp",472159,448100,"2020v4.0, 2020v4.1, 2020v4.2"
"/Return/ReturnData/IRS990/OtherExpensesGrp/ManagementAndGeneralAmt",471825,181335,"2020v4.0, 2020v4.1, 2020v4.2"
"/Return/ReturnHeader/PreparerPersonGrp/PhoneNum",471160,447124,"2020v4.0, 2020v4.1, 2020v4.2"
"/Return/ReturnHeader/PreparerPersonGrp/PTIN",471144,447109,"2020v4.0, 2020v4.1, 2020v4.2"
"/Return/ReturnHeader/PreparerFirmGrp",470542,446533,"2020v4.0, 2020v4.1, 2020v4.2"
"/Return/ReturnHeader/PreparerFirmGrp/PreparerFirmName",470542,446533,"2020v4.0, 2020v4.1, 2020v4.2"
"/Return/ReturnHeader/PreparerFirmGrp/PreparerFirmName/BusinessNameLine1Txt",470542,446533,"2020v4.0, 2020v4.1, 2020v4.2"
"/Return/ReturnHeader/PreparerFirmGrp/PreparerUSAddress",470295,446302,"2020v4.0, 2020v4.1, 2020v4.2"
"/Return/ReturnHeader/PreparerFirmGrp/PreparerUSAddress/AddressLine1Txt",470295,446302,"2020v4.0, 2020v4.1, 2020v4.2"
"/Return/ReturnHeader/PreparerFirmGrp/PreparerUSAddress/CityNm",470295,446302,"2020v4.0, 2020v4.1, 2020v4.2"
"/Return/ReturnHeader/PreparerFirmGrp/PreparerUSAddress/StateAbbreviationCd",470295,446302,"2020v4.0, 2020v4.1, 2020v4.2"
"/Return/ReturnHeader/PreparerFirmGrp/PreparerUSAddress/ZIPCd",470295,446302,"2020v4.0, 2020v4.1, 2020v4.2"
"/Return/ReturnHeader/PreparerPersonGrp/PreparerPersonNm",470162,446214,"2020v4.0, 2020v4.1, 2020v4.2"
"/Return/ReturnData/IRS990/ProgramServiceRevenueGrp",465729,199733,"2020v4.0, 2020v4.1, 2020v4.2"
"/Return/ReturnData/IRS990/ProgramServiceRevenueGrp/TotalRevenueColumnAmt",460252,198517,"2020v4.0, 2020v4.1, 2020v4.2"
"/Return/ReturnData/IRS990/ProgramServiceRevenueGrp/Desc",455115,197918,"2020v4.0, 2020v4.1, 2020v4.2"
"/Return/ReturnHeader/BusinessOfficerGrp/DiscussWithPaidPreparerInd",439252,416623,"2020v4.0, 2020v4.1, 2020v4.2"
"/Return/ReturnHeader/Filer/PhoneNum",435483,412570,"2020v4.0, 2020v4.1, 2020v4.2"
"/Return/ReturnHeader/SigningOfficerGrp/SSN",424568,402379,"2020v4.0, 2020v4.1, 2020v4.2"
"/Return/ReturnData/IRS990ScheduleR/IdRelatedTaxExemptOrgGrp/DirectControllingEntityName",423293,32524,"2020v4.0, 2020v4.1, 2020v4.2"
"/Return/ReturnData/IRS990ScheduleR/IdRelatedTaxExemptOrgGrp/DirectControllingEntityName/BusinessNameLine1Txt",423293,32524,"2020v4.0, 2020v4.1, 2020v4.2"
"/Return/ReturnData/IRS990/ProgramServiceRevenueGrp/RelatedOrExemptFuncIncomeAmt",410028,178223,"2020v4.0, 2020v4.1, 2020v4.2"
"/Return/ReturnData/IRS990ScheduleA",399612,376117,"2020v4.0, 2020v4.1, 2020v4.2"
"/Return/ReturnHeader/BusinessOfficerGrp/PhoneNum",398431,377786,"2020v4.0, 2020v4.1, 2020v4.2"
"/Return/ReturnHeader/AdditionalFilerInformation",386368,367178,"2020v4.0, 2020v4.1, 2020v4.2"
"/Return/ReturnHeader/AdditionalFilerInformation/TrustedCustomerGrp",386368,367178,"2020v4.0, 2020v4.1, 2020v4.2"
"/Return/ReturnHeader/PreparerFirmGrp/PreparerFirmEIN",382613,362165,"2020v4.0, 2020v4.1, 2020v4.2"
"/Return/ReturnHeader/AdditionalFilerInformation/TrustedCustomerGrp/TrustedCustomerCd",380443,361434,"2020v4.0, 2020v4.1, 2020v4.2"
"/Return/ReturnHeader/AdditionalFilerInformation/TrustedCustomerGrp/AuthenticationAssuranceLevelCd",370371,351854,"2020v4.0, 2020v4.1, 2020v4.2"
"/Return/ReturnHeader/AdditionalFilerInformation/TrustedCustomerGrp/IdentityAssuranceLevelCd",346002,328349,"2020v4.0, 2020v4.1, 2020v4.2"
"/Return/ReturnData/IRS990/ProgramServiceRevenueGrp/BusinessCd",345584,153192,"2020v4.0, 2020v4.1, 2020v4.2"
"/Return/ReturnData/IRS990",343789,320342,"2020v4.0, 2020v4.1, 2020v4.2"
"/Return/ReturnData/IRS990/AccountantCompileOrReviewInd",343789,320342,"2020v4.0, 2020v4.1, 2020v4.2"
"/Return/ReturnData/IRS990/ActivitiesConductedPrtshpInd",343789,320342,"2020v4.0, 2020v4.1, 2020v4.2"
"/Return/ReturnData/IRS990/ActivityOrMissionDesc",343789,320342,"2020v4.0, 2020v4.1, 2020v4.2"
"/Return/ReturnData/IRS990/BooksInCareOfDetail",343789,320342,"2020v4.0, 2020v4.1, 2020v4.2"
"/Return/ReturnData/IRS990/BooksInCareOfDetail/PhoneNum",343789,320342,"2020v4.0, 2020v4.1, 2020v4.2"
"/Return/ReturnData/IRS990/BusinessRlnWith35CtrlEntInd",343789,320342,"2020v4.0, 2020v4.1, 2020v4.2"
"/Return/ReturnData/IRS990/BusinessRlnWithFamMemInd",343789,320342,"2020v4.0, 2020v4.1, 2020v4.2"
"/Return/ReturnData/IRS990/BusinessRlnWithOrgMemInd",343789,320342,"2020v4.0, 2020v4.1, 2020v4.2"
"/Return/ReturnData/IRS990/CYBenefitsPaidToMembersAmt",343789,320342,"2020v4.0, 2020v4.1, 2020v4.2"
"/Return/ReturnData/IRS990/CYContributionsGrantsAmt",343789,320342,"2020v4.0, 2020v4.1, 2020v4.2"
"/Return/ReturnData/IRS990/CYGrantsAndSimilarPaidAmt",343789,320342,"2020v4.0, 2020v4.1, 2020v4.2"
"/Return/ReturnData/IRS990/CYInvestmentIncomeAmt",343789,320342,"2020v4.0, 2020v4.1, 2020v4.2"
"/Return/ReturnData/IRS990/CYOtherExpensesAmt",343789,320342,"2020v4.0, 2020v4.1, 2020v4.2"
"/Return/ReturnData/IRS990/CYOtherRevenueAmt",343789,320342,"2020v4.0, 2020v4.1, 2020v4.2"
"/Return/ReturnData/IRS990/CYProgramServiceRevenueAmt",343789,320342,"2020v4.0, 2020v4.1, 2020v4.2"
"/Return/ReturnData/IRS990/CYRevenuesLessExpensesAmt",343789,320342,"2020v4.0, 2020v4.1, 2020v4.2"
"/Return/ReturnData/IRS990/CYSalariesCompEmpBnftPaidAmt",343789,320342,"2020v4.0, 2020v4.1, 2020v4.2"
"/Return/ReturnData/IRS990/CYTotalExpensesAmt",343789,320342,"2020v4.0, 2020v4.1, 2020v4.2"
"/Return/ReturnData/IRS990/CYTotalFundraisingExpenseAmt",343789,320342,"2020v4.0, 2020v4.1, 2020v4.2"
"/Return/ReturnData/IRS990/CYTotalProfFndrsngExpnsAmt",343789,320342,"2020v4.0, 2020v4.1, 2020v4.2"
"/Return/ReturnData/IRS990/CYTotalRevenueAmt",343789,320342,"2020v4.0, 2020v4.1, 2020v4.2"
"/Return/ReturnData/IRS990/ChangeToOrgDocumentsInd",343789,320342,"2020v4.0, 2020v4.1, 2020v4.2"
"/Return/ReturnData/IRS990/CollectionsOfArtInd",343789,320342,"2020v4.0, 2020v4.1, 2020v4.2"
"/Return/ReturnData/IRS990/CompensationFromOtherSrcsInd",343789,320342,"2020v4.0, 2020v4.1, 2020v4.2"
"/Return/ReturnData/IRS990/ConflictOfInterestPolicyInd",343789,320342,"2020v4.0, 2020v4.1, 2020v4.2"
"/Return/ReturnData/IRS990/ConservationEasementsInd",343789,320342,"2020v4.0, 2020v4.1, 2020v4.2"
"/Return/ReturnData/IRS990/ConsolidatedAuditFinclStmtInd",343789,320342,"2020v4.0, 2020v4.1, 2020v4.2"
"/Return/ReturnData/IRS990/CreditCounselingInd",343789,320342,"2020v4.0, 2020v4.1, 2020v4.2"
"/Return/ReturnData/IRS990/DecisionsSubjectToApprovaInd",343789,320342,"2020v4.0, 2020v4.1, 2020v4.2"
"/Return/ReturnData/IRS990/DeductibleArtContributionInd",343789,320342,"2020v4.0, 2020v4.1, 2020v4.2"
"/Return/ReturnData/IRS990/DeductibleNonCashContriInd",343789,320342,"2020v4.0, 2020v4.1, 2020v4.2"
"/Return/ReturnData/IRS990/DelegationOfMgmtDutiesInd",343789,320342,"2020v4.0, 2020v4.1, 2020v4.2"
"/Return/ReturnData/IRS990/Desc",343789,320342,"2020v4.0, 2020v4.1, 2020v4.2"
"/Return/ReturnData/IRS990/DescribedInSection501c3Ind",343789,320342,"2020v4.0, 2020v4.1, 2020v4.2"
"/Return/ReturnData/IRS990/DisregardedEntityInd",343789,320342,"2020v4.0, 2020v4.1, 2020v4.2"
"/Return/ReturnData/IRS990/DocumentRetentionPolicyInd",343789,320342,"2020v4.0, 2020v4.1, 2020v4.2"
"/Return/ReturnData/IRS990/DonorAdvisedFundInd",343789,320342,"2020v4.0, 2020v4.1, 2020v4.2"
"/Return/ReturnData/IRS990/DonorRstrOrQuasiEndowmentsInd",343789,320342,"2020v4.0, 2020v4.1, 2020v4.2"
"/Return/ReturnData/IRS990/ElectionOfBoardMembersInd",343789,320342,"2020v4.0, 2020v4.1, 2020v4.2"
"/Return/ReturnData/IRS990/EmployeeCnt",343789,320342,"2020v4.0, 2020v4.1, 2020v4.2"
"/Return/ReturnData/IRS990/FSAuditedInd",343789,320342,"2020v4.0, 2020v4.1, 2020v4.2"
"/Return/ReturnData/IRS990/FamilyOrBusinessRlnInd",343789,320342,"2020v4.0, 2020v4.1, 2020v4.2"
"/Return/ReturnData/IRS990/ForeignActivitiesInd",343789,320342,"2020v4.0, 2020v4.1, 2020v4.2"
"/Return/ReturnData/IRS990/ForeignFinancialAccountInd",343789,320342,"2020v4.0, 2020v4.1, 2020v4.2"
"/Return/ReturnData/IRS990/ForeignOfficeInd",343789,320342,"2020v4.0, 2020v4.1, 2020v4.2"
"/Return/ReturnData/IRS990/Form990ProvidedToGvrnBodyInd",343789,320342,"2020v4.0, 2020v4.1, 2020v4.2"
"/Return/ReturnData/IRS990/FormerOfcrEmployeesListedInd",343789,320342,"2020v4.0, 2020v4.1, 2020v4.2"
"/Return/ReturnData/IRS990/FundraisingActivitiesInd",343789,320342,"2020v4.0, 2020v4.1, 2020v4.2"
"/Return/ReturnData/IRS990/GamingActivitiesInd",343789,320342,"2020v4.0, 2020v4.1, 2020v4.2"
"/Return/ReturnData/IRS990/GoverningBodyVotingMembersCnt",343789,320342,"2020v4.0, 2020v4.1, 2020v4.2"
"/Return/ReturnData/IRS990/GrantToRelatedPersonInd",343789,320342,"2020v4.0, 2020v4.1, 2020v4.2"
"/Return/ReturnData/IRS990/GrantsToIndividualsInd",343789,320342,"2020v4.0, 2020v4.1, 2020v4.2"
"/Return/ReturnData/IRS990/GrantsToOrganizationsInd",343789,320342,"2020v4.0, 2020v4.1, 2020v4.2"
"/Return/ReturnData/IRS990/GrossReceiptsAmt",343789,320342,"2020v4.0, 2020v4.1, 2020v4.2"
"/Return/ReturnData/IRS990/GroupReturnForAffiliatesInd",343789,320342,"2020v4.0, 2020v4.1, 2020v4.2"
"/Return/ReturnData/IRS990/IRPDocumentCnt",343789,320342,"2020v4.0, 2020v4.1, 2020v4.2"
"/Return/ReturnData/IRS990/IRPDocumentW2GCnt",343789,320342,"2020v4.0, 2020v4.1, 2020v4.2"
"/Return/ReturnData/IRS990/IncludeFIN48FootnoteInd",343789,320342,"2020v4.0, 2020v4.1, 2020v4.2"
"/Return/ReturnData/IRS990/IndependentAuditFinclStmtInd",343789,320342,"2020v4.0, 2020v4.1, 2020v4.2"
"/Return/ReturnData/IRS990/IndependentVotingMemberCnt",343789,320342,"2020v4.0, 2020v4.1, 2020v4.2"
"/Return/ReturnData/IRS990/IndoorTanningServicesInd",343789,320342,"2020v4.0, 2020v4.1, 2020v4.2"
"/Return/ReturnData/IRS990/InvestmentInJointVentureInd",343789,320342,"2020v4.0, 2020v4.1, 2020v4.2"
"/Return/ReturnData/IRS990/LoanOutstandingInd",343789,320342,"2020v4.0, 2020v4.1, 2020v4.2"
"/Return/ReturnData/IRS990/LocalChaptersInd",343789,320342,"2020v4.0, 2020v4.1, 2020v4.2"
"/Return/ReturnData/IRS990/MaterialDiversionOrMisuseInd",343789,320342,"2020v4.0, 2020v4.1, 2020v4.2"
"/Return/ReturnData/IRS990/MembersOrStockholdersInd",343789,320342,"2020v4.0, 2020v4.1, 2020v4.2"
"/Return/ReturnData/IRS990/MinutesOfGoverningBodyInd",343789,320342,"2020v4.0, 2020v4.1, 2020v4.2"
"/Return/ReturnData/IRS990/MoreThan5000KToIndividualsInd",343789,320342,"2020v4.0, 2020v4.1, 2020v4.2"
"/Return/ReturnData/IRS990/MoreThan5000KToOrgInd",343789,320342,"2020v4.0, 2020v4.1, 2020v4.2"
"/Return/ReturnData/IRS990/NetAssetsOrFundBalancesEOYAmt",343789,320342,"2020v4.0, 2020v4.1, 2020v4.2"
"/Return/ReturnData/IRS990/NondeductibleContributionsInd",343789,320342,"2020v4.0, 2020v4.1, 2020v4.2"
"/Return/ReturnData/IRS990/OfficerMailingAddressInd",343789,320342,"2020v4.0, 2020v4.1, 2020v4.2"
"/Return/ReturnData/IRS990/OperateHospitalInd",343789,320342,"2020v4.0, 2020v4.1, 2020v4.2"
"/Return/ReturnData/IRS990/PartialLiquidationInd",343789,320342,"2020v4.0, 2020v4.1, 2020v4.2"
"/Return/ReturnData/IRS990/PoliticalCampaignActyInd",343789,320342,"2020v4.0, 2020v4.1, 2020v4.2"
"/Return/ReturnData/IRS990/ProfessionalFundraisingInd",343789,320342,"2020v4.0, 2020v4.1, 2020v4.2"
"/Return/ReturnData/IRS990/ProhibitedTaxShelterTransInd",343789,320342,"2020v4.0, 2020v4.1, 2020v4.2"
"/Return/ReturnData/IRS990/ReconcilationRevenueExpnssAmt",343789,320342,"2020v4.0, 2020v4.1, 2020v4.2"
"/Return/ReturnData/IRS990/RelatedEntityInd",343789,320342,"2020v4.0, 2020v4.1, 2020v4.2"
"/Return/ReturnData/IRS990/RelatedOrganizationCtrlEntInd",343789,320342,"2020v4.0, 2020v4.1, 2020v4.2"
"/Return/ReturnData/IRS990/ReportInvestmentsOtherSecInd",343789,320342,"2020v4.0, 2020v4.1, 2020v4.2"
"/Return/ReturnData/IRS990/ReportLandBuildingEquipmentInd",343789,320342,"2020v4.0, 2020v4.1, 2020v4.2"
"/Return/ReturnData/IRS990/ReportOtherAssetsInd",343789,320342,"2020v4.0, 2020v4.1, 2020v4.2"
"/Return/ReturnData/IRS990/ReportOtherLiabilitiesInd",343789,320342,"2020v4.0, 2020v4.1, 2020v4.2"
"/Return/ReturnData/IRS990/ReportProgramRelatedInvstInd",343789,320342,"2020v4.0, 2020v4.1, 2020v4.2"
"/Return/ReturnData/IRS990/ScheduleBRequiredInd",343789,320342,"2020v4.0, 2020v4.1, 2020v4.2"
"/Return/ReturnData/IRS990/ScheduleJRequiredInd",343789,320342,"2020v4.0, 2020v4.1, 2020v4.2"
"/Return/ReturnData/IRS990/ScheduleORequiredInd",343789,320342,"2020v4.0, 2020v4.1, 2020v4.2"
"/Return/ReturnData/IRS990/SchoolOperatingInd",343789,320342,"2020v4.0, 2020v4.1, 2020v4.2"
"/Return/ReturnData/IRS990/TaxExemptBondsInd",343789,320342,"2020v4.0, 2020v4.1, 2020v4.2"
"/Return/ReturnData/IRS990/TaxablePartyNotificationInd",343789,320342,"2020v4.0, 2020v4.1, 2020v4.2"
"/Return/ReturnData/IRS990/TerminateOperationsInd",343789,320342,"2020v4.0, 2020v4.1, 2020v4.2"
"/Return/ReturnData/IRS990/TotLiabNetAssetsFundBalanceGrp",343789,320342,"2020v4.0, 2020v4.1, 2020v4.2"
"/Return/ReturnData/IRS990/TotLiabNetAssetsFundBalanceGrp/BOYAmt",343789,320342,"2020v4.0, 2020v4.1, 2020v4.2"
"/Return/ReturnData/IRS990/TotLiabNetAssetsFundBalanceGrp/EOYAmt",343789,320342,"2020v4.0, 2020v4.1, 2020v4.2"
"/Return/ReturnData/IRS990/TotalAssetsEOYAmt",343789,320342,"2020v4.0, 2020v4.1, 2020v4.2"
"/Return/ReturnData/IRS990/TotalAssetsGrp",343789,320342,"2020v4.0, 2020v4.1, 2020v4.2"
"/Return/ReturnData/IRS990/TotalAssetsGrp/BOYAmt",343789,320342,"2020v4.0, 2020v4.1, 2020v4.2"
"/Return/ReturnData/IRS990/TotalAssetsGrp/EOYAmt",343789,320342,"2020v4.0, 2020v4.1, 2020v4.2"
"/Return/ReturnData/IRS990/TotalCompGreaterThan150KInd",343789,320342,"2020v4.0, 2020v4.1, 2020v4.2"
"/Return/ReturnData/IRS990/TotalEmployeeCnt",343789,320342,"2020v4.0, 2020v4.1, 2020v4.2"
"/Return/ReturnData/IRS990/TotalFunctionalExpensesGrp",343789,320342,"2020v4.0, 2020v4.1, 2020v4.2"
"/Return/ReturnData/IRS990/TotalFunctionalExpensesGrp/TotalAmt",343789,320342,"2020v4.0, 2020v4.1, 2020v4.2"
"/Return/ReturnData/IRS990/TotalGrossUBIAmt",343789,320342,"2020v4.0, 2020v4.1, 2020v4.2"
"/Return/ReturnData/IRS990/TotalLiabilitiesEOYAmt",343789,320342,"2020v4.0, 2020v4.1, 2020v4.2"
"/Return/ReturnData/IRS990/TotalLiabilitiesGrp",343789,320342,"2020v4.0, 2020v4.1, 2020v4.2"
"/Return/ReturnData/IRS990/TotalLiabilitiesGrp/BOYAmt",343789,320342,"2020v4.0, 2020v4.1, 2020v4.2"
"/Return/ReturnData/IRS990/TotalLiabilitiesGrp/EOYAmt",343789,320342,"2020v4.0, 2020v4.1, 2020v4.2"
"/Return/ReturnData/IRS990/TotalNetAssetsFundBalanceGrp",343789,320342,"2020v4.0, 2020v4.1, 2020v4.2"
"/Return/ReturnData/IRS990/TotalNetAssetsFundBalanceGrp/BOYAmt",343789,320342,"2020v4.0, 2020v4.1, 2020v4.2"
"/Return/ReturnData/IRS990/TotalNetAssetsFundBalanceGrp/EOYAmt",343789,320342,"2020v4.0, 2020v4.1, 2020v4.2"
"/Return/ReturnData/IRS990/TotalRevenueGrp",343789,320342,"2020v4.0, 2020v4.1, 2020v4.2"
"/Return/ReturnData/IRS990/TotalRevenueGrp/TotalRevenueColumnAmt",343789,320342,"2020v4.0, 2020v4.1, 2020v4.2"
"/Return/ReturnData/IRS990/UnrelatedBusIncmOverLimitInd",343789,320342,"2020v4.0, 2020v4.1, 2020v4.2"
"/Return/ReturnData/IRS990/VotingMembersGoverningBodyCnt",343789,320342,"2020v4.0, 2020v4.1, 2020v4.2"
"/Return/ReturnData/IRS990/VotingMembersIndependentCnt",343789,320342,"2020v4.0, 2020v4.1, 2020v4.2"
"/Return/ReturnData/IRS990/WhistleblowerPolicyInd",343789,320342,"2020v4.0, 2020v4.1, 2020v4.2"
"/Return/ReturnData/IRS990/MinutesOfCommitteesInd",343160,319738,"2020v4.0, 2020v4.1, 2020v4.2"
"/Return/ReturnData/IRS990/BooksInCareOfDetail/USAddress",342913,319525,"2020v4.0, 2020v4.1, 2020v4.2"
"/Return/ReturnData/IRS990/BooksInCareOfDetail/USAddress/AddressLine1Txt",342913,319525,"2020v4.0, 2020v4.1, 2020v4.2"
"/Return/ReturnData/IRS990/BooksInCareOfDetail/USAddress/CityNm",342913,319525,"2020v4.0, 2020v4.1, 2020v4.2"
"/Return/ReturnData/IRS990/BooksInCareOfDetail/USAddress/StateAbbreviationCd",342913,319525,"2020v4.0, 2020v4.1, 2020v4.2"
"/Return/ReturnData/IRS990/BooksInCareOfDetail/USAddress/ZIPCd",342913,319525,"2020v4.0, 2020v4.1, 2020v4.2"
"/Return/ReturnData/IRS990/MissionDesc",342865,319454,"2020v4.0, 2020v4.1, 2020v4.2"
"/Return/ReturnData/IRS990/CompensationProcessCEOInd",342803,319387,"2020v4.0, 2020v4.1, 2020v4.2"
"/Return/ReturnData/IRS990/CompensationProcessOtherInd",342714,319299,"2020v4.0, 2020v4.1, 2020v4.2"
"/Return/ReturnData/IRS990/SignificantNewProgramSrvcInd",340323,317019,"2020v4.0, 2020v4.1, 2020v4.2"
"/Return/ReturnData/IRS990/SignificantChangeInd",340248,316947,"2020v4.0, 2020v4.1, 2020v4.2"
"/Return/ReturnData/IRS990/TotalAssetsBOYAmt",338148,314943,"2020v4.0, 2020v4.1, 2020v4.2"
"/Return/ReturnData/IRS990/NetAssetsOrFundBalancesBOYAmt",337692,314509,"2020v4.0, 2020v4.1, 2020v4.2"
"/Return/ReturnData/IRS990ScheduleI/RecipientTable/ValuationMethodUsedDesc",337378,8272,"2020v4.0, 2020v4.1, 2020v4.2"
"/Return/ReturnData/IRS990/SubjectToProxyTaxInd",332772,309853,"2020v4.0, 2020v4.1, 2020v4.2"
"/Return/ReturnData/IRS990/PYTotalRevenueAmt",332092,309228,"2020v4.0, 2020v4.1, 2020v4.2"
"/Return/ReturnData/IRS990/PYRevenuesLessExpensesAmt",331986,309126,"2020v4.0, 2020v4.1, 2020v4.2"
"/Return/ReturnData/IRS990/PYTotalExpensesAmt",331500,308686,"2020v4.0, 2020v4.1, 2020v4.2"
"/Return/ReturnData/IRS990/PYOtherExpensesAmt",329876,307161,"2020v4.0, 2020v4.1, 2020v4.2"
"/Return/ReturnData/IRS990/InfoInScheduleOPartVIInd",329833,307024,"2020v4.0, 2020v4.1, 2020v4.2"
"/Return/ReturnData/IRS990/LegalDomicileStateCd",327500,305042,"2020v4.0, 2020v4.1, 2020v4.2"
"/Return/ReturnData/IRS990/TotalFunctionalExpensesGrp/ProgramServicesAmt",324596,301158,"2020v4.0, 2020v4.1, 2020v4.2"
"/Return/ReturnData/IRS990/TotalFunctionalExpensesGrp/ManagementAndGeneralAmt",323820,300382,"2020v4.0, 2020v4.1, 2020v4.2"
"/Return/ReturnData/IRS990/FormationYr",323042,300763,"2020v4.0, 2020v4.1, 2020v4.2"
"/Return/ReturnData/IRS990/TotalFunctionalExpensesGrp/FundraisingAmt",322517,299079,"2020v4.0, 2020v4.1, 2020v4.2"
"/Return/ReturnData/IRS990/StatesWhereCopyOfReturnIsFldCd",321834,166145,"2020v4.0, 2020v4.1, 2020v4.2"
"/Return/ReturnHeader/PreparerPersonGrp/PreparationDt",320841,304446,"2020v4.0, 2020v4.1, 2020v4.2"
"/Return/ReturnData/IRS990/SubjToTaxRmnrtnExPrchtPymtInd",320087,298017,"2020v4.0, 2020v4.1, 2020v4.2"
"/Return/ReturnData/IRS990/SubjectToExcsTaxNetInvstIncInd",320067,297994,"2020v4.0, 2020v4.1, 2020v4.2"
"/Return/ReturnData/IRS990/CashNonInterestBearingGrp",318964,297230,"2020v4.0, 2020v4.1, 2020v4.2"
"/Return/ReturnData/IRS990/CashNonInterestBearingGrp/EOYAmt",316336,294740,"2020v4.0, 2020v4.1, 2020v4.2"
"/Return/ReturnData/IRS990/CashNonInterestBearingGrp/BOYAmt",309710,288513,"2020v4.0, 2020v4.1, 2020v4.2"
"/Return/ReturnData/IRS990/FederalGrantAuditRequiredInd",308084,286504,"2020v4.0, 2020v4.1, 2020v4.2"
"/Return/ReturnData/IRS990/TotalRevenueGrp/RelatedOrExemptFuncIncomeAmt",307669,286325,"2020v4.0, 2020v4.1, 2020v4.2"
"/Return/ReturnData/IRS990/UponRequestInd",306538,285075,"2020v4.0, 2020v4.1, 2020v4.2"
"/Return/ReturnData/IRS990/TypeOfOrganizationCorpInd",306481,284351,"2020v4.0, 2020v4.1, 2020v4.2"
"/Return/ReturnData/IRS990/USAddress",306443,285295,"2020v4.0, 2020v4.1, 2020v4.2"
"/Return/ReturnData/IRS990/USAddress/AddressLine1Txt",306443,285295,"2020v4.0, 2020v4.1, 2020v4.2"
"/Return/ReturnData/IRS990/USAddress/CityNm",306443,285295,"2020v4.0, 2020v4.1, 2020v4.2"
"/Return/ReturnData/IRS990/USAddress/StateAbbreviationCd",306443,285295,"2020v4.0, 2020v4.1, 2020v4.2"
"/Return/ReturnData/IRS990/USAddress/ZIPCd",306443,285295,"2020v4.0, 2020v4.1, 2020v4.2"
"/Return/ReturnData/IRS990/WebsiteAddressTxt",301976,280424,"2020v4.0, 2020v4.1, 2020v4.2"
"/Return/ReturnData/IRS990/PrincipalOfficerNm",299514,278762,"2020v4.0, 2020v4.1, 2020v4.2"
"/Return/ReturnData/IRS990/PYContributionsGrantsAmt",299300,277646,"2020v4.0, 2020v4.1, 2020v4.2"
"/Return/ReturnData/IRS990/TotalProgramServiceExpensesAmt",297671,274723,"2020v4.0, 2020v4.1, 2020v4.2"
"/Return/ReturnData/IRS990/TotalContributionsAmt",292353,270817,"2020v4.0, 2020v4.1, 2020v4.2"
"/Return/ReturnData/IRS990/ExpenseAmt",291441,268818,"2020v4.0, 2020v4.1, 2020v4.2"
"/Return/ReturnData/IRS990/TotalLiabilitiesBOYAmt",287729,266852,"2020v4.0, 2020v4.1, 2020v4.2"
"/Return/ReturnData/IRS990/OfficeExpensesGrp",285244,265576,"2020v4.0, 2020v4.1, 2020v4.2"
"/Return/ReturnData/IRS990/OfficeExpensesGrp/TotalAmt",285235,265567,"2020v4.0, 2020v4.1, 2020v4.2"
"/Return/ReturnData/IRS990ScheduleR/IdRelatedOrgTxblCorpTrGrp",284599,20573,"2020v4.0, 2020v4.1, 2020v4.2"
"/Return/ReturnData/IRS990ScheduleR/IdRelatedOrgTxblCorpTrGrp/RelatedOrganizationName",284458,20553,"2020v4.0, 2020v4.1, 2020v4.2"
"/Return/ReturnData/IRS990ScheduleR/IdRelatedOrgTxblCorpTrGrp/RelatedOrganizationName/BusinessNameLine1Txt",284458,20553,"2020v4.0, 2020v4.1, 2020v4.2"
"/Return/ReturnData/IRS990ScheduleJ/RltdOrgOfficerTrstKeyEmplGrp",283890,66810,"2020v4.0, 2020v4.1, 2020v4.2"
"/Return/ReturnData/IRS990ScheduleD",283529,263069,"2020v4.0, 2020v4.1, 2020v4.2"
"/Return/ReturnData/IRS990/PYExcessBenefitTransInd",280786,257341,"2020v4.0, 2020v4.1, 2020v4.2"
"/Return/ReturnData/IRS990/EngagedInExcessBenefitTransInd",280511,257066,"2020v4.0, 2020v4.1, 2020v4.2"
"/Return/ReturnData/IRS990/PYInvestmentIncomeAmt",279936,260205,"2020v4.0, 2020v4.1, 2020v4.2"
"/Return/ReturnData/IRS990ScheduleJ/RltdOrgOfficerTrstKeyEmplGrp/TitleTxt",278150,64542,"2020v4.0, 2020v4.1, 2020v4.2"
"/Return/ReturnData/IRS990/PYSalariesCompEmpBnftPaidAmt",272870,253031,"2020v4.0, 2020v4.1, 2020v4.2"
"/Return/ReturnData/IRS990/FeesForServicesAccountingGrp",270985,252244,"2020v4.0, 2020v4.1, 2020v4.2"
"/Return/ReturnData/IRS990/FeesForServicesAccountingGrp/TotalAmt",270978,252237,"2020v4.0, 2020v4.1, 2020v4.2"
"/Return/ReturnData/IRS990/TotalRevenueGrp/ExclusionAmt",270565,251337,"2020v4.0, 2020v4.1, 2020v4.2"
"/Return/ReturnData/IRS990ScheduleJ/RltdOrgOfficerTrstKeyEmplGrp/PersonNm",270387,65153,"2020v4.0, 2020v4.1, 2020v4.2"
"/Return/ReturnData/IRS990ScheduleJ/RltdOrgOfficerTrstKeyEmplGrp/TotalCompensationFilingOrgAmt",269226,63181,"2020v4.0, 2020v4.1, 2020v4.2"
"/Return/ReturnData/IRS990ScheduleJ/RltdOrgOfficerTrstKeyEmplGrp/BaseCompensationFilingOrgAmt",268866,63067,"2020v4.0, 2020v4.1, 2020v4.2"
"/Return/ReturnData/IRS990/InsuranceGrp",268318,249277,"2020v4.0, 2020v4.1, 2020v4.2"
"/Return/ReturnData/IRS990/InsuranceGrp/TotalAmt",268309,249268,"2020v4.0, 2020v4.1, 2020v4.2"
"/Return/ReturnData/IRS990/LobbyingActivitiesInd",267984,244539,"2020v4.0, 2020v4.1, 2020v4.2"
"/Return/ReturnData/IRS990/TrnsfrExmptNonChrtblRltdOrgInd",267585,244162,"2020v4.0, 2020v4.1, 2020v4.2"
"/Return/ReturnData/IRS990/InvestmentIncomeGrp",266900,247878,"2020v4.0, 2020v4.1, 2020v4.2"
"/Return/ReturnData/IRS990/InvestmentIncomeGrp/TotalRevenueColumnAmt",266813,247795,"2020v4.0, 2020v4.1, 2020v4.2"
"/Return/ReturnData/IRS990/Organization501c3Ind",266395,242950,"2020v4.0, 2020v4.1, 2020v4.2"
"/Return/ReturnData/IRS990/PYProgramServiceRevenueAmt",262710,243891,"2020v4.0, 2020v4.1, 2020v4.2"
"/Return/ReturnData/IRS990/TotalReportableCompFromOrgAmt",262426,243844,"2020v4.0, 2020v4.1, 2020v4.2"
"/Return/ReturnData/IRS990/OrganizationFollowsFASB117Ind",259934,239837,"2020v4.0, 2020v4.1, 2020v4.2"
"/Return/ReturnData/IRS990ScheduleJ/RltdOrgOfficerTrstKeyEmplGrp/NontaxableBenefitsFilingOrgAmt",258000,57845,"2020v4.0, 2020v4.1, 2020v4.2"
"/Return/ReturnData/IRS990/NoDonorRestrictionNetAssetsGrp",257420,237499,"2020v4.0, 2020v4.1, 2020v4.2"
"/Return/ReturnData/IRS990ScheduleD/OtherLiabilitiesOrgGrp",257379,127485,"2020v4.0, 2020v4.1, 2020v4.2"
"/Return/ReturnData/IRS990ScheduleJ/RltdOrgOfficerTrstKeyEmplGrp/DeferredCompensationFlngOrgAmt",256763,57401,"2020v4.0, 2020v4.1, 2020v4.2"
"/Return/ReturnData/IRS990ScheduleD/OtherLiabilitiesOrgGrp/Desc",256724,127063,"2020v4.0, 2020v4.1, 2020v4.2"
"/Return/ReturnData/IRS990/NoDonorRestrictionNetAssetsGrp/EOYAmt",256394,236532,"2020v4.0, 2020v4.1, 2020v4.2"
"/Return/ReturnData/IRS990EZ/ProgramSrvcAccomplishmentGrp",255915,169864,"2020v4.0, 2020v4.1, 2020v4.2"
"/Return/ReturnData/IRS990EZ/ProgramSrvcAccomplishmentGrp/DescriptionProgramSrvcAccomTxt",255915,169864,"2020v4.0, 2020v4.1, 2020v4.2"
"/Return/ReturnData/IRS990/LandBldgEquipBasisNetGrp",254681,236308,"2020v4.0, 2020v4.1, 2020v4.2"
"/Return/ReturnData/IRS990/NoDonorRestrictionNetAssetsGrp/BOYAmt",254626,234857,"2020v4.0, 2020v4.1, 2020v4.2"
"/Return/ReturnData/IRS990ScheduleR/IdRelatedOrgTxblPartnershipGrp",253687,11916,"2020v4.0, 2020v4.1, 2020v4.2"
"/Return/ReturnData/IRS990ScheduleR/IdRelatedOrgTxblPartnershipGrp/RelatedOrganizationName",253657,11913,"2020v4.0, 2020v4.1, 2020v4.2"
"/Return/ReturnData/IRS990ScheduleR/IdRelatedOrgTxblPartnershipGrp/RelatedOrganizationName/BusinessNameLine1Txt",253657,11913,"2020v4.0, 2020v4.1, 2020v4.2"
"/Return/ReturnData/IRS990/TotalVolunteersCnt",252751,234476,"2020v4.0, 2020v4.1, 2020v4.2"
"/Return/ReturnData/IRS990/PYOtherRevenueAmt",252603,234622,"2020v4.0, 2020v4.1, 2020v4.2"
"/Return/ReturnData/IRS990ScheduleJ/RltdOrgOfficerTrstKeyEmplGrp/TotalCompensationRltdOrgsAmt",249886,55485,"2020v4.0, 2020v4.1, 2020v4.2"
"/Return/ReturnData/IRS990ScheduleJ/RltdOrgOfficerTrstKeyEmplGrp/CompensationBasedOnRltdOrgsAmt",249260,55354,"2020v4.0, 2020v4.1, 2020v4.2"
"/Return/ReturnData/IRS990/LandBldgEquipBasisNetGrp/EOYAmt",249180,231138,"2020v4.0, 2020v4.1, 2020v4.2"
"/Return/ReturnData/IRS990ScheduleJ/RltdOrgOfficerTrstKeyEmplGrp/NontaxableBenefitsRltdOrgsAmt",247420,54404,"2020v4.0, 2020v4.1, 2020v4.2"
"/Return/ReturnData/IRS990ScheduleJ/RltdOrgOfficerTrstKeyEmplGrp/DeferredCompRltdOrgsAmt",246325,54139,"2020v4.0, 2020v4.1, 2020v4.2"
"/Return/ReturnData/IRS990ScheduleD/TotalBookValueLandBuildingsAmt",246159,228095,"2020v4.0, 2020v4.1, 2020v4.2"
"/Return/ReturnData/IRS990ScheduleR/IdRelatedOrgTxblPartnershipGrp/PrimaryActivitiesTxt",244858,11399,"2020v4.0, 2020v4.1, 2020v4.2"
"/Return/ReturnData/IRS990ScheduleJ/RltdOrgOfficerTrstKeyEmplGrp/BonusFilingOrganizationAmount",244654,53855,"2020v4.0, 2020v4.1, 2020v4.2"
"/Return/ReturnData/IRS990ScheduleJ/RltdOrgOfficerTrstKeyEmplGrp/OtherCompensationFilingOrgAmt",244429,53329,"2020v4.0, 2020v4.1, 2020v4.2"
"/Return/ReturnData/IRS990/TotalProgramServiceRevenueAmt",244367,227129,"2020v4.0, 2020v4.1, 2020v4.2"
"/Return/ReturnData/IRS990ScheduleD/OtherLiabilitiesOrgGrp/Amt",243944,120737,"2020v4.0, 2020v4.1, 2020v4.2"
"/Return/ReturnData/IRS990ScheduleR/IdRelatedOrgTxblPartnershipGrp/USAddress",242812,11397,"2020v4.0, 2020v4.1, 2020v4.2"
"/Return/ReturnData/IRS990ScheduleR/IdRelatedOrgTxblPartnershipGrp/USAddress/AddressLine1Txt",242812,11397,"2020v4.0, 2020v4.1, 2020v4.2"
"/Return/ReturnData/IRS990ScheduleR/IdRelatedOrgTxblPartnershipGrp/USAddress/CityNm",242812,11397,"2020v4.0, 2020v4.1, 2020v4.2"
"/Return/ReturnData/IRS990ScheduleR/IdRelatedOrgTxblPartnershipGrp/USAddress/StateAbbreviationCd",242812,11397,"2020v4.0, 2020v4.1, 2020v4.2"
"/Return/ReturnData/IRS990ScheduleR/IdRelatedOrgTxblPartnershipGrp/USAddress/ZIPCd",242812,11397,"2020v4.0, 2020v4.1, 2020v4.2"
"/Return/ReturnData/IRS990ScheduleR/IdRelatedOrgTxblPartnershipGrp/LegalDomicileStateCd",242236,11393,"2020v4.0, 2020v4.1, 2020v4.2"
"/Return/ReturnData/IRS990ScheduleJ/RltdOrgOfficerTrstKeyEmplGrp/OtherCompensationRltdOrgsAmt",241565,52660,"2020v4.0, 2020v4.1, 2020v4.2"
"/Return/ReturnData/IRS990/OccupancyGrp",240869,223505,"2020v4.0, 2020v4.1, 2020v4.2"
"/Return/ReturnData/IRS990/OccupancyGrp/TotalAmt",240865,223501,"2020v4.0, 2020v4.1, 2020v4.2"
"/Return/ReturnData/IRS990/LandBldgEquipCostOrOtherBssAmt",240546,222976,"2020v4.0, 2020v4.1, 2020v4.2"
"/Return/ReturnData/IRS990ScheduleJ/RltdOrgOfficerTrstKeyEmplGrp/BonusRelatedOrganizationsAmt",240509,52488,"2020v4.0, 2020v4.1, 2020v4.2"
"/Return/ReturnData/IRS990ScheduleR/IdRelatedOrgTxblPartnershipGrp/EIN",239965,11139,"2020v4.0, 2020v4.1, 2020v4.2"
"/Return/ReturnData/IRS990/QuidProQuoContributionsInd",239900,220391,"2020v4.0, 2020v4.1, 2020v4.2"
"/Return/ReturnData/IRS990/Form8282PropertyDisposedOfInd",239379,219895,"2020v4.0, 2020v4.1, 2020v4.2"
"/Return/ReturnData/IRS990/IndivRcvdGreaterThan100KCnt",239343,222359,"2020v4.0, 2020v4.1, 2020v4.2"
"/Return/ReturnData/IRS990/AllOtherContributionsAmt",239113,220240,"2020v4.0, 2020v4.1, 2020v4.2"
"/Return/ReturnData/IRS990/DepreciationDepletionGrp",237404,220065,"2020v4.0, 2020v4.1, 2020v4.2"
"/Return/ReturnData/IRS990/DepreciationDepletionGrp/TotalAmt",237382,220043,"2020v4.0, 2020v4.1, 2020v4.2"
"/Return/ReturnData/IRS990/OtherExpensesGrp/FundraisingAmt",237127,88616,"2020v4.0, 2020v4.1, 2020v4.2"
"/Return/ReturnData/IRS990/OtherSalariesAndWagesGrp",235913,218464,"2020v4.0, 2020v4.1, 2020v4.2"
"/Return/ReturnData/IRS990/OtherSalariesAndWagesGrp/TotalAmt",235909,218460,"2020v4.0, 2020v4.1, 2020v4.2"
"/Return/ReturnData/IRS990/LandBldgEquipBasisNetGrp/BOYAmt",235647,218446,"2020v4.0, 2020v4.1, 2020v4.2"
"/Return/ReturnData/IRS990/PayrollTaxesGrp",234233,217169,"2020v4.0, 2020v4.1, 2020v4.2"
"/Return/ReturnData/IRS990/PayrollTaxesGrp/TotalAmt",234229,217166,"2020v4.0, 2020v4.1, 2020v4.2"
"/Return/ReturnData/IRS990ScheduleJ/RltdOrgOfficerTrstKeyEmplGrp/CompReportPrior990RltdOrgsAmt",233596,50830,"2020v4.0, 2020v4.1, 2020v4.2"
"/Return/ReturnData/IRS990ScheduleJ/RltdOrgOfficerTrstKeyEmplGrp/CompReportPrior990FilingOrgAmt",233559,50772,"2020v4.0, 2020v4.1, 2020v4.2"
"/Return/ReturnData/IRS990/AccountsPayableAccrExpnssGrp",231587,213645,"2020v4.0, 2020v4.1, 2020v4.2"
"/Return/ReturnData/IRS990ScheduleI/RecipientTable/NonCashAssistanceDesc",230764,4926,"2020v4.0, 2020v4.1, 2020v4.2"
"/Return/ReturnData/IRS990/LandBldgEquipAccumDeprecAmt",229438,212356,"2020v4.0, 2020v4.1, 2020v4.2"
"/Return/ReturnData/IRS990ScheduleD/SupplementalInformationDetail",226096,104109,"2020v4.0, 2020v4.1, 2020v4.2"
"/Return/ReturnData/IRS990ScheduleD/SupplementalInformationDetail/FormAndLineReferenceDesc",226092,104108,"2020v4.0, 2020v4.1, 2020v4.2"
"/Return/ReturnData/IRS990ScheduleD/SupplementalInformationDetail/ExplanationTxt",226040,104088,"2020v4.0, 2020v4.1, 2020v4.2"
"/Return/ReturnData/CompensationExplanation/CompensationExplanationGrp",224338,33782,"2020v4.0, 2020v4.1, 2020v4.2"
"/Return/ReturnData/CompensationExplanation/CompensationExplanationGrp/PersonNm",224260,33740,"2020v4.0, 2020v4.1, 2020v4.2"
"/Return/ReturnData/IRS990/TotalOtherCompensationAmt",223288,207435,"2020v4.0, 2020v4.1, 2020v4.2"
"/Return/ReturnData/IRS990/AccountsPayableAccrExpnssGrp/EOYAmt",222878,205410,"2020v4.0, 2020v4.1, 2020v4.2"
"/Return/ReturnData/IRS990/AccountsPayableAccrExpnssGrp/BOYAmt",221097,203820,"2020v4.0, 2020v4.1, 2020v4.2"
"/Return/ReturnData/IRS990ScheduleB",220667,205319,"2020v4.0, 2020v4.1, 2020v4.2"
"/Return/ReturnData/IRS990ScheduleB/ContributorInformationGrp",220667,205319,"2020v4.0, 2020v4.1, 2020v4.2"
"/Return/ReturnData/IRS990ScheduleB/ContributorInformationGrp/ContributorBusinessName",220667,205319,"2020v4.0, 2020v4.1, 2020v4.2"
"/Return/ReturnData/IRS990ScheduleB/ContributorInformationGrp/ContributorBusinessName/BusinessNameLine1",220667,205319,"2020v4.0, 2020v4.1, 2020v4.2"
"/Return/ReturnData/IRS990ScheduleB/ContributorInformationGrp/ContributorNum",220667,205319,"2020v4.0, 2020v4.1, 2020v4.2"
"/Return/ReturnData/IRS990ScheduleB/ContributorInformationGrp/ContributorUSAddress",220667,205319,"2020v4.0, 2020v4.1, 2020v4.2"
"/Return/ReturnData/IRS990ScheduleB/ContributorInformationGrp/ContributorUSAddress/AddressLine1",220667,205319,"2020v4.0, 2020v4.1, 2020v4.2"
"/Return/ReturnData/IRS990ScheduleB/ContributorInformationGrp/ContributorUSAddress/AddressLine2",220667,205319,"2020v4.0, 2020v4.1, 2020v4.2"
"/Return/ReturnData/IRS990ScheduleB/ContributorInformationGrp/ContributorUSAddress/City",220667,205319,"2020v4.0, 2020v4.1, 2020v4.2"
"/Return/ReturnData/IRS990ScheduleB/ContributorInformationGrp/ContributorUSAddress/State",220667,205319,"2020v4.0, 2020v4.1, 2020v4.2"
"/Return/ReturnData/IRS990ScheduleB/ContributorInformationGrp/ContributorUSAddress/ZIPCode",220667,205319,"2020v4.0, 2020v4.1, 2020v4.2"
"/Return/ReturnData/IRS990ScheduleB/ContributorInformationGrp/TotalContributionsAmt",220667,205319,"2020v4.0, 2020v4.1, 2020v4.2"
"/Return/ReturnData/IRS990/RegularMonitoringEnfrcInd",219652,202300,"2020v4.0, 2020v4.1, 2020v4.2"
"/Return/ReturnData/IRS990/AnnualDisclosureCoveredPrsnInd",218695,201385,"2020v4.0, 2020v4.1, 2020v4.2"
"/Return/ReturnData/IRS990/EmploymentTaxReturnsFiledInd",216919,200836,"2020v4.0, 2020v4.1, 2020v4.2"
"/Return/ReturnData/IRS990/MethodOfAccountingAccrualInd",216498,198822,"2020v4.0, 2020v4.1, 2020v4.2"
"/Return/ReturnData/IRS990/AllOtherExpensesGrp",216211,200942,"2020v4.0, 2020v4.1, 2020v4.2"
"/Return/ReturnData/IRS990/AllOtherExpensesGrp/TotalAmt",215978,200734,"2020v4.0, 2020v4.1, 2020v4.2"
"/Return/ReturnData/IRS990/SavingsAndTempCashInvstGrp",215887,200933,"2020v4.0, 2020v4.1, 2020v4.2"
"/Return/ReturnData/IRS990/BackupWthldComplianceInd",214837,200089,"2020v4.0, 2020v4.1, 2020v4.2"
"/Return/ReturnData/IRS990/BooksInCareOfDetail/PersonNm",212512,198787,"2020v4.0, 2020v4.1, 2020v4.2"
"/Return/ReturnData/IRS990ScheduleR/IdRelatedOrgTxblPartnershipGrp/DisproportionateAllocationsInd",212433,10263,"2020v4.0, 2020v4.1, 2020v4.2"
"/Return/ReturnData/IRS990ScheduleR/IdRelatedOrgTxblPartnershipGrp/GeneralOrManagingPartnerInd",212306,10206,"2020v4.0, 2020v4.1, 2020v4.2"
"/Return/ReturnData/IRS990/SavingsAndTempCashInvstGrp/EOYAmt",211369,196748,"2020v4.0, 2020v4.1, 2020v4.2"
"/Return/ReturnData/IRS990/TotalRevenueGrp/UnrelatedBusinessRevenueAmt",210598,196450,"2020v4.0, 2020v4.1, 2020v4.2"
"/Return/ReturnData/IRS990/TotReportableCompRltdOrgAmt",207523,193211,"2020v4.0, 2020v4.1, 2020v4.2"
"/Return/ReturnData/IRS990/NetUnrelatedBusTxblIncmAmt",205713,191741,"2020v4.0, 2020v4.1, 2020v4.2"
"/Return/ReturnData/IRS990/AdvertisingGrp",204068,189461,"2020v4.0, 2020v4.1, 2020v4.2"
"/Return/ReturnData/IRS990/AdvertisingGrp/TotalAmt",204060,189454,"2020v4.0, 2020v4.1, 2020v4.2"
"/Return/ReturnData/IRS990ScheduleR/IdRelatedOrgTxblCorpTrGrp/ControlledOrganizationInd",203908,19030,"2020v4.0, 2020v4.1, 2020v4.2"
"/Return/ReturnData/IRS990/FeesForServicesOtherGrp",202644,187928,"2020v4.0, 2020v4.1, 2020v4.2"
"/Return/ReturnData/IRS990/FeesForServicesOtherGrp/TotalAmt",202630,187914,"2020v4.0, 2020v4.1, 2020v4.2"
"/Return/ReturnData/IRS990/PayPremiumsPrsnlBnftCntrctInd",200025,183848,"2020v4.0, 2020v4.1, 2020v4.2"
"/Return/ReturnData/IRS990/RcvFndsToPayPrsnlBnftCntrctInd",199966,183789,"2020v4.0, 2020v4.1, 2020v4.2"
"/Return/ReturnData/IRS990/CntrctRcvdGreaterThan100KCnt",199911,185394,"2020v4.0, 2020v4.1, 2020v4.2"
"/Return/ReturnData/IRS990/OfficeExpensesGrp/ManagementAndGeneralAmt",197740,181781,"2020v4.0, 2020v4.1, 2020v4.2"
"/Return/ReturnData/IRS990/FeesForServicesAccountingGrp/ManagementAndGeneralAmt",197311,181459,"2020v4.0, 2020v4.1, 2020v4.2"
"/Return/ReturnData/IRS990/OtherChangesInNetAssetsAmt",195225,181812,"2020v4.0, 2020v4.1, 2020v4.2"
"/Return/ReturnData/IRS990/PYGrantsAndSimilarPaidAmt",195167,181291,"2020v4.0, 2020v4.1, 2020v4.2"
"/Return/ReturnData/IRS990/TravelGrp",194452,180592,"2020v4.0, 2020v4.1, 2020v4.2"
"/Return/ReturnData/IRS990/TravelGrp/TotalAmt",194442,180584,"2020v4.0, 2020v4.1, 2020v4.2"
"/Return/ReturnData/IRS990/CompCurrentOfcrDirectorsGrp",194393,180327,"2020v4.0, 2020v4.1, 2020v4.2"
"/Return/ReturnData/IRS990/CompCurrentOfcrDirectorsGrp/TotalAmt",194386,180321,"2020v4.0, 2020v4.1, 2020v4.2"
"/Return/ReturnData/IRS990ScheduleR/IdRelatedOrgTxblCorpTrGrp/PrimaryActivitiesTxt",193796,19443,"2020v4.0, 2020v4.1, 2020v4.2"
"/Return/ReturnData/IRS990/OtherRevenueMiscGrp",191827,116291,"2020v4.0, 2020v4.1, 2020v4.2"
"/Return/ReturnData/IRS990ScheduleA/PublicSupportTotal509Amt",189859,180754,"2020v4.0, 2020v4.1, 2020v4.2"
"/Return/ReturnData/IRS990/AccountsReceivableGrp",188825,174445,"2020v4.0, 2020v4.1, 2020v4.2"
"/Return/ReturnData/IRS990/OtherRevenueMiscGrp/TotalRevenueColumnAmt",188721,114683,"2020v4.0, 2020v4.1, 2020v4.2"
"/Return/ReturnData/IRS990ScheduleA/PublicSupportCY170Pct",188527,176480,"2020v4.0, 2020v4.1, 2020v4.2"
"/Return/ReturnData/IRS990/SavingsAndTempCashInvstGrp/BOYAmt",188453,175413,"2020v4.0, 2020v4.1, 2020v4.2"
"/Return/ReturnData/IRS990ScheduleD/EquipmentGrp",186368,172143,"2020v4.0, 2020v4.1, 2020v4.2"
"/Return/ReturnData/IRS990/PrepaidExpensesDefrdChargesGrp",184975,170365,"2020v4.0, 2020v4.1, 2020v4.2"
"/Return/ReturnData/IRS990/OtherEmployeeBenefitsGrp",184922,170623,"2020v4.0, 2020v4.1, 2020v4.2"
"/Return/ReturnData/IRS990/OtherEmployeeBenefitsGrp/TotalAmt",184918,170620,"2020v4.0, 2020v4.1, 2020v4.2"
"/Return/ReturnData/IRS990/OtherRevenueMiscGrp/Desc",184833,114160,"2020v4.0, 2020v4.1, 2020v4.2"
"/Return/ReturnData/IRS990ScheduleR/IdRelatedOrgTxblPartnershipGrp/DirectControllingNACd",183010,6125,"2020v4.0, 2020v4.1, 2020v4.2"
"/Return/ReturnData/IRS990ScheduleA/PublicSupportCY509Pct",181974,173052,"2020v4.0, 2020v4.1, 2020v4.2"
"/Return/ReturnData/IRS990/InvestmentIncomeGrp/ExclusionAmt",181926,167843,"2020v4.0, 2020v4.1, 2020v4.2"
"/Return/ReturnData/IRS990/OfficeExpensesGrp/ProgramServicesAmt",181494,167136,"2020v4.0, 2020v4.1, 2020v4.2"
"/Return/ReturnData/IRS990ScheduleA/InvestmentIncomeCYPct",181394,172492,"2020v4.0, 2020v4.1, 2020v4.2"
"/Return/ReturnData/IRS990/RevenueAmt",181155,166537,"2020v4.0, 2020v4.1, 2020v4.2"
"/Return/ReturnData/IRS990/AccountsReceivableGrp/EOYAmt",180397,166631,"2020v4.0, 2020v4.1, 2020v4.2"
"/Return/ReturnData/IRS990/OtherSalariesAndWagesGrp/ProgramServicesAmt",179401,163881,"2020v4.0, 2020v4.1, 2020v4.2"
"/Return/ReturnData/IRS990/OtherRevenueTotalAmt",178236,165525,"2020v4.0, 2020v4.1, 2020v4.2"
"/Return/ReturnData/IRS990/PrepaidExpensesDefrdChargesGrp/EOYAmt",178158,164026,"2020v4.0, 2020v4.1, 2020v4.2"
"/Return/ReturnData/IRS990ScheduleA/PublicSupportTotal170Amt",177428,166027,"2020v4.0, 2020v4.1, 2020v4.2"
"/Return/ReturnData/IRS990/PayrollTaxesGrp/ProgramServicesAmt",175749,160765,"2020v4.0, 2020v4.1, 2020v4.2"
"/Return/ReturnData/IRS990ScheduleD/EquipmentGrp/DepreciationAmt",175133,161493,"2020v4.0, 2020v4.1, 2020v4.2"
"/Return/ReturnData/IRS990/AuditCommitteeInd",173408,158478,"2020v4.0, 2020v4.1, 2020v4.2"
"/Return/ReturnData/IRS990ScheduleA/PubliclySupportedOrg509a2Ind",172579,164513,"2020v4.0, 2020v4.1, 2020v4.2"
"/Return/ReturnData/IRS990/OccupancyGrp/ProgramServicesAmt",172167,157671,"2020v4.0, 2020v4.1, 2020v4.2"
"/Return/ReturnData/IRS990ScheduleA/TotalSupportCalendarYearGrp",172031,163991,"2020v4.0, 2020v4.1, 2020v4.2"
"/Return/ReturnData/IRS990EZ",171890,169864,"2020v4.0, 2020v4.1, 2020v4.2"
"/Return/ReturnData/IRS990EZ/ActivitiesNotPreviouslyRptInd",171890,169864,"2020v4.0, 2020v4.1, 2020v4.2"
"/Return/ReturnData/IRS990EZ/BooksInCareOfDetail",171890,169864,"2020v4.0, 2020v4.1, 2020v4.2"
"/Return/ReturnData/IRS990EZ/BooksInCareOfDetail/PhoneNum",171890,169864,"2020v4.0, 2020v4.1, 2020v4.2"
"/Return/ReturnData/IRS990EZ/ChgMadeToOrgnzngDocNotRptInd",171890,169864,"2020v4.0, 2020v4.1, 2020v4.2"
"/Return/ReturnData/IRS990EZ/DonorAdvisedFndsInd",171890,169864,"2020v4.0, 2020v4.1, 2020v4.2"
"/Return/ReturnData/IRS990EZ/Form990TotalAssetsGrp",171890,169864,"2020v4.0, 2020v4.1, 2020v4.2"
"/Return/ReturnData/IRS990EZ/Form990TotalAssetsGrp/BOYAmt",171890,169864,"2020v4.0, 2020v4.1, 2020v4.2"
"/Return/ReturnData/IRS990EZ/Form990TotalAssetsGrp/EOYAmt",171890,169864,"2020v4.0, 2020v4.1, 2020v4.2"
"/Return/ReturnData/IRS990EZ/MadeLoansToFromOfficersInd",171890,169864,"2020v4.0, 2020v4.1, 2020v4.2"
"/Return/ReturnData/IRS990EZ/NetAssetsOrFundBalancesGrp",171890,169864,"2020v4.0, 2020v4.1, 2020v4.2"
"/Return/ReturnData/IRS990EZ/NetAssetsOrFundBalancesGrp/BOYAmt",171890,169864,"2020v4.0, 2020v4.1, 2020v4.2"
"/Return/ReturnData/IRS990EZ/NetAssetsOrFundBalancesGrp/EOYAmt",171890,169864,"2020v4.0, 2020v4.1, 2020v4.2"
"/Return/ReturnData/IRS990EZ/OperateHospitalInd",171890,169864,"2020v4.0, 2020v4.1, 2020v4.2"
"/Return/ReturnData/IRS990EZ/OrganizationDissolvedEtcInd",171890,169864,"2020v4.0, 2020v4.1, 2020v4.2"
"/Return/ReturnData/IRS990EZ/OrganizationHadUBIInd",171890,169864,"2020v4.0, 2020v4.1, 2020v4.2"
"/Return/ReturnData/IRS990EZ/PrimaryExemptPurposeTxt",171890,169864,"2020v4.0, 2020v4.1, 2020v4.2"
"/Return/ReturnData/IRS990EZ/RelatedOrganizationCtrlEntInd",171890,169864,"2020v4.0, 2020v4.1, 2020v4.2"
"/Return/ReturnData/IRS990EZ/SubjectToProxyTaxInd",171890,169864,"2020v4.0, 2020v4.1, 2020v4.2"
"/Return/ReturnData/IRS990EZ/TanningServicesProvidedInd",171890,169864,"2020v4.0, 2020v4.1, 2020v4.2"
"/Return/ReturnData/IRS990EZ/BooksInCareOfDetail/USAddress",171666,169640,"2020v4.0, 2020v4.1, 2020v4.2"
"/Return/ReturnData/IRS990EZ/BooksInCareOfDetail/USAddress/AddressLine1Txt",171666,169640,"2020v4.0, 2020v4.1, 2020v4.2"
"/Return/ReturnData/IRS990EZ/BooksInCareOfDetail/USAddress/CityNm",171666,169640,"2020v4.0, 2020v4.1, 2020v4.2"
"/Return/ReturnData/IRS990EZ/BooksInCareOfDetail/USAddress/StateAbbreviationCd",171666,169640,"2020v4.0, 2020v4.1, 2020v4.2"
"/Return/ReturnData/IRS990EZ/BooksInCareOfDetail/USAddress/ZIPCd",171666,169640,"2020v4.0, 2020v4.1, 2020v4.2"
"/Return/ReturnData/IRS990ScheduleA/TotalSupportCalendarYearGrp/TotalAmt",171651,163617,"2020v4.0, 2020v4.1, 2020v4.2"
"/Return/ReturnData/IRS990/InsuranceGrp/ProgramServicesAmt",171435,157373,"2020v4.0, 2020v4.1, 2020v4.2"
"/Return/ReturnData/IRS990ScheduleA/Total509Grp",171198,163180,"2020v4.0, 2020v4.1, 2020v4.2"
"/Return/ReturnData/IRS990ScheduleA/Total509Grp/TotalAmt",171001,162983,"2020v4.0, 2020v4.1, 2020v4.2"
"/Return/ReturnData/IRS990ScheduleD/EquipmentGrp/BookValueAmt",170933,157744,"2020v4.0, 2020v4.1, 2020v4.2"
"/Return/ReturnData/IRS990EZ/ProgramSrvcAccomplishmentGrp/ProgramServiceExpensesAmt",170147,113159,"2020v4.0, 2020v4.1, 2020v4.2"
"/Return/ReturnData/IRS990ScheduleA/TotalSupportAmt",169953,158785,"2020v4.0, 2020v4.1, 2020v4.2"
"/Return/ReturnData/IRS990ScheduleA/GiftsGrantsContriRcvd170Grp",169627,158474,"2020v4.0, 2020v4.1, 2020v4.2"
"/Return/ReturnData/IRS990ScheduleA/TotalCalendarYear170Grp",169360,158217,"2020v4.0, 2020v4.1, 2020v4.2"
"/Return/ReturnData/IRS990ScheduleA/GiftsGrantsContriRcvd170Grp/TotalAmt",169039,157887,"2020v4.0, 2020v4.1, 2020v4.2"
"/Return/ReturnData/IRS990ScheduleA/TotalCalendarYear170Grp/TotalAmt",168929,157786,"2020v4.0, 2020v4.1, 2020v4.2"
"/Return/ReturnData/IRS990/InsuranceGrp/ManagementAndGeneralAmt",168320,154074,"2020v4.0, 2020v4.1, 2020v4.2"
"/Return/ReturnData/IRS990EZ/TotalRevenueAmt",168252,166237,"2020v4.0, 2020v4.1, 2020v4.2"
"/Return/ReturnData/IRS990EZ/NetAssetsOrFundBalancesEOYAmt",167868,165860,"2020v4.0, 2020v4.1, 2020v4.2"
"/Return/ReturnData/IRS990EZ/ExcessOrDeficitForYearAmt",167238,165229,"2020v4.0, 2020v4.1, 2020v4.2"
"/Return/ReturnData/IRS990EZ/ProhibitedTaxShelterTransInd",167021,165030,"2020v4.0, 2020v4.1, 2020v4.2"
"/Return/ReturnData/IRS990EZ/CashSavingsAndInvestmentsGrp",167001,164989,"2020v4.0, 2020v4.1, 2020v4.2"
"/Return/ReturnData/IRS990EZ/TotalExpensesAmt",166982,164976,"2020v4.0, 2020v4.1, 2020v4.2"
"/Return/ReturnData/IRS990EZ/GrossReceiptsAmt",166851,164850,"2020v4.0, 2020v4.1, 2020v4.2"
"/Return/ReturnData/IRS990EZ/ForeignFinancialAccountInd",166628,164657,"2020v4.0, 2020v4.1, 2020v4.2"
"/Return/ReturnData/IRS990/OtherAssetsTotalGrp",166606,154277,"2020v4.0, 2020v4.1, 2020v4.2"
"/Return/ReturnData/IRS990EZ/PoliticalCampaignActyInd",166534,164691,"2020v4.0, 2020v4.1, 2020v4.2"
"/Return/ReturnData/IRS990EZ/ForeignOfficeInd",166396,164426,"2020v4.0, 2020v4.1, 2020v4.2"
"/Return/ReturnData/IRS990/ConferencesMeetingsGrp",166151,155311,"2020v4.0, 2020v4.1, 2020v4.2"
"/Return/ReturnData/IRS990/ConferencesMeetingsGrp/TotalAmt",166151,155311,"2020v4.0, 2020v4.1, 2020v4.2"
"/Return/ReturnData/IRS990ScheduleD/EquipmentGrp/OtherCostOrOtherBasisAmt",165401,152517,"2020v4.0, 2020v4.1, 2020v4.2"
"/Return/ReturnData/IRS990EZ/CashSavingsAndInvestmentsGrp/EOYAmt",165055,163055,"2020v4.0, 2020v4.1, 2020v4.2"
"/Return/ReturnData/IRS990ScheduleA/Total509Grp/CurrentTaxYearAmt",164567,156686,"2020v4.0, 2020v4.1, 2020v4.2"
"/Return/ReturnData/IRS990ScheduleA/GiftsGrantsContriRcvd170Grp/CurrentTaxYearAmt",163817,152833,"2020v4.0, 2020v4.1, 2020v4.2"
"/Return/ReturnData/IRS990EZ/CashSavingsAndInvestmentsGrp/BOYAmt",163705,161702,"2020v4.0, 2020v4.1, 2020v4.2"
"/Return/ReturnData/IRS990ScheduleA/TotalCalendarYear170Grp/CurrentTaxYearAmt",163568,152578,"2020v4.0, 2020v4.1, 2020v4.2"
"/Return/ReturnData/IRS990ScheduleA/GiftsGrantsContrisRcvd509Grp",163450,155918,"2020v4.0, 2020v4.1, 2020v4.2"
"/Return/ReturnData/IRS990/DepreciationDepletionGrp/ProgramServicesAmt",163199,149465,"2020v4.0, 2020v4.1, 2020v4.2"
"/Return/ReturnData/IRS990EZ/NetAssetsOrFundBalancesBOYAmt",163158,161152,"2020v4.0, 2020v4.1, 2020v4.2"
"/Return/ReturnData/IRS990ScheduleA/GiftsGrantsContrisRcvd509Grp/TotalAmt",163078,155549,"2020v4.0, 2020v4.1, 2020v4.2"
"/Return/ReturnData/IRS990ScheduleA/PublicOrganization170Ind",162335,151640,"2020v4.0, 2020v4.1, 2020v4.2"
"/Return/ReturnData/IRS990ScheduleR/IdRelatedOrgTxblCorpTrGrp/EntityTypeTxt",161832,18296,"2020v4.0, 2020v4.1, 2020v4.2"
"/Return/ReturnData/IRS990/InformationTechnologyGrp",161492,150374,"2020v4.0, 2020v4.1, 2020v4.2"
"/Return/ReturnData/IRS990/InformationTechnologyGrp/TotalAmt",161487,150370,"2020v4.0, 2020v4.1, 2020v4.2"
"/Return/ReturnData/IRS990ScheduleR/IdRelatedOrgTxblCorpTrGrp/LegalDomicileStateCd",161420,18971,"2020v4.0, 2020v4.1, 2020v4.2"
"/Return/ReturnData/IRS990/OtherAssetsTotalGrp/EOYAmt",161296,149338,"2020v4.0, 2020v4.1, 2020v4.2"
"/Return/ReturnData/IRS990ScheduleA/Total509Grp/CurrentTaxYearMinus1YearAmt",159842,152066,"2020v4.0, 2020v4.1, 2020v4.2"
"/Return/ReturnData/IRS990/AllOtherExpensesGrp/ProgramServicesAmt",159611,146768,"2020v4.0, 2020v4.1, 2020v4.2"
"/Return/ReturnData/IRS990ScheduleA/TotalCalendarYear170Grp/CurrentTaxYearMinus1YearAmt",159346,148519,"2020v4.0, 2020v4.1, 2020v4.2"
"/Return/ReturnData/IRS990ScheduleA/GiftsGrantsContriRcvd170Grp/CurrentTaxYearMinus1YearAmt",158945,148132,"2020v4.0, 2020v4.1, 2020v4.2"
"/Return/ReturnData/IRS990EZ/OtherExpensesTotalAmt",158270,156328,"2020v4.0, 2020v4.1, 2020v4.2"
"/Return/ReturnData/IRS990/FeesForServicesLegalGrp",158157,147754,"2020v4.0, 2020v4.1, 2020v4.2"
"/Return/ReturnData/IRS990/FeesForServicesLegalGrp/TotalAmt",158156,147753,"2020v4.0, 2020v4.1, 2020v4.2"
"/Return/ReturnData/IRS990/OtherLiabilitiesGrp",157067,145605,"2020v4.0, 2020v4.1, 2020v4.2"
"/Return/ReturnData/IRS990ScheduleR/IdRelatedOrgTxblCorpTrGrp/USAddress",156955,18341,"2020v4.0, 2020v4.1, 2020v4.2"
"/Return/ReturnData/IRS990ScheduleR/IdRelatedOrgTxblCorpTrGrp/USAddress/AddressLine1Txt",156955,18341,"2020v4.0, 2020v4.1, 2020v4.2"
"/Return/ReturnData/IRS990ScheduleR/IdRelatedOrgTxblCorpTrGrp/USAddress/CityNm",156955,18341,"2020v4.0, 2020v4.1, 2020v4.2"
"/Return/ReturnData/IRS990ScheduleR/IdRelatedOrgTxblCorpTrGrp/USAddress/StateAbbreviationCd",156955,18341,"2020v4.0, 2020v4.1, 2020v4.2"
"/Return/ReturnData/IRS990ScheduleR/IdRelatedOrgTxblCorpTrGrp/USAddress/ZIPCd",156955,18341,"2020v4.0, 2020v4.1, 2020v4.2"
"/Return/ReturnData/IRS990EZ/InfoInScheduleOPartIInd",156426,154506,"2020v4.0, 2020v4.1, 2020v4.2"
"/Return/ReturnData/IRS990/PYBenefitsPaidToMembersAmt",155315,144414,"2020v4.0, 2020v4.1, 2020v4.2"
"/Return/ReturnData/IRS990ScheduleA/TotalCalendarYear170Grp/CurrentTaxYearMinus2YearsAmt",155076,144337,"2020v4.0, 2020v4.1, 2020v4.2"
"/Return/ReturnData/IRS990ScheduleA/Total509Grp/CurrentTaxYearMinus2YearsAmt",154622,146931,"2020v4.0, 2020v4.1, 2020v4.2"
"/Return/ReturnData/IRS990ScheduleA/GiftsGrantsContriRcvd170Grp/CurrentTaxYearMinus2YearsAmt",154230,143520,"2020v4.0, 2020v4.1, 2020v4.2"
"/Return/ReturnData/IRS990/NoListedPersonsCompensatedInd",153793,144683,"2020v4.0, 2020v4.1, 2020v4.2"
"/Return/ReturnData/IRS990ScheduleR/IdRelatedOrgTxblCorpTrGrp/EIN",152952,17797,"2020v4.0, 2020v4.1, 2020v4.2"
"/Return/ReturnData/IRS990/PYTotalProfFndrsngExpnsAmt",152805,141697,"2020v4.0, 2020v4.1, 2020v4.2"
"/Return/ReturnData/IRS990/AccountsReceivableGrp/BOYAmt",151829,139888,"2020v4.0, 2020v4.1, 2020v4.2"
"/Return/ReturnData/IRS990ScheduleA/GiftsGrantsContrisRcvd509Grp/CurrentTaxYearAmt",151825,144657,"2020v4.0, 2020v4.1, 2020v4.2"
"/Return/ReturnData/IRS990/PayrollTaxesGrp/ManagementAndGeneralAmt",151608,138171,"2020v4.0, 2020v4.1, 2020v4.2"
"/Return/ReturnData/IRS990ScheduleA/TotalCalendarYear170Grp/CurrentTaxYearMinus3YearsAmt",150711,140117,"2020v4.0, 2020v4.1, 2020v4.2"
"/Return/ReturnData/IRS990ScheduleA/TotalSupportCalendarYearGrp/CurrentTaxYearAmt",149772,142486,"2020v4.0, 2020v4.1, 2020v4.2"
"/Return/ReturnData/IRS990ScheduleA/GiftsGrantsContriRcvd170Grp/CurrentTaxYearMinus3YearsAmt",149535,138978,"2020v4.0, 2020v4.1, 2020v4.2"
"/Return/ReturnData/IRS990/PrepaidExpensesDefrdChargesGrp/BOYAmt",149170,136806,"2020v4.0, 2020v4.1, 2020v4.2"
"/Return/ReturnData/IRS990ScheduleA/Total509Grp/CurrentTaxYearMinus3YearsAmt",149016,141427,"2020v4.0, 2020v4.1, 2020v4.2"
"/Return/ReturnData/IRS990ScheduleA/ThirtyThrPctSuprtTestsCY509Ind",148200,140727,"2020v4.0, 2020v4.1, 2020v4.2"
"/Return/ReturnData/IRS990/InterestGrp",146929,136478,"2020v4.0, 2020v4.1, 2020v4.2"
"/Return/ReturnData/IRS990/InterestGrp/TotalAmt",146924,136474,"2020v4.0, 2020v4.1, 2020v4.2"
"/Return/ReturnData/IRS990/OtherSalariesAndWagesGrp/ManagementAndGeneralAmt",146516,133159,"2020v4.0, 2020v4.1, 2020v4.2"
"/Return/ReturnData/IRS990ScheduleA/TotalCalendarYear170Grp/CurrentTaxYearMinus4YearsAmt",146333,135882,"2020v4.0, 2020v4.1, 2020v4.2"
"/Return/ReturnData/IRS990/OtherLiabilitiesGrp/BOYAmt",146133,135332,"2020v4.0, 2020v4.1, 2020v4.2"
"/Return/ReturnData/IRS990/OtherLiabilitiesGrp/EOYAmt",145579,135052,"2020v4.0, 2020v4.1, 2020v4.2"
"/Return/ReturnData/IRS990ScheduleA/TotalSupportCalendarYearGrp/CurrentTaxYearMinus1YearAmt",145443,138254,"2020v4.0, 2020v4.1, 2020v4.2"
"/Return/ReturnData/IRS990ScheduleA/ThirtyThrPctSuprtTestsCY170Ind",145274,134950,"2020v4.0, 2020v4.1, 2020v4.2"
"/Return/ReturnData/IRS990EZ/WebsiteAddressTxt",145010,143355,"2020v4.0, 2020v4.1, 2020v4.2"
"/Return/ReturnData/IRS990ScheduleA/GiftsGrantsContriRcvd170Grp/CurrentTaxYearMinus4YearsAmt",144912,134501,"2020v4.0, 2020v4.1, 2020v4.2"
"/Return/ReturnData/IRS990ScheduleA/GiftsGrantsContrisRcvd509Grp/CurrentTaxYearMinus1YearAmt",144414,137557,"2020v4.0, 2020v4.1, 2020v4.2"
"/Return/ReturnData/IRS990ScheduleA/PublicSupportPY509Pct",144113,136797,"2020v4.0, 2020v4.1, 2020v4.2"
"/Return/ReturnData/IRS990EZ/ProgramSrvcAccomplishmentGrp/GrantsAndAllocationsAmt",143869,96923,"2020v4.0, 2020v4.1, 2020v4.2"
"/Return/ReturnData/IRS990ScheduleA/TotalSupportCalendarYearGrp/CurrentTaxYearMinus2YearsAmt",143827,136678,"2020v4.0, 2020v4.1, 2020v4.2"
"/Return/ReturnData/IRS990ScheduleA/Total509Grp/CurrentTaxYearMinus4YearsAmt",143776,136297,"2020v4.0, 2020v4.1, 2020v4.2"
"/Return/ReturnData/IRS990EZ/EngagedInExcessBenefitTransInd",141528,140924,"2020v4.0, 2020v4.1, 2020v4.2"
"/Return/ReturnData/IRS990ScheduleA/PublicSupportPY170Pct",141198,131072,"2020v4.0, 2020v4.1, 2020v4.2"
"/Return/ReturnData/IRS990EZ/TransactionWithControlEntInd",141115,139518,"2020v4.0, 2020v4.1, 2020v4.2"
"/Return/ReturnData/IRS990/GovernmentGrantsAmt",140471,127479,"2020v4.0, 2020v4.1, 2020v4.2"
"/Return/ReturnData/IRS990EZ/TypeOfOrganizationCorpInd",140312,138923,"2020v4.0, 2020v4.1, 2020v4.2"
"/Return/ReturnData/IRS990EZ/PartVIOfCompOfHghstPdEmplTxt",139406,138937,"2020v4.0, 2020v4.1, 2020v4.2"
"/Return/ReturnData/IRS990EZ/PartVIHghstPdCntrctProfSrvcTxt",138670,138200,"2020v4.0, 2020v4.1, 2020v4.2"
"/Return/ReturnData/IRS990ScheduleA/GiftsGrantsContrisRcvd509Grp/CurrentTaxYearMinus2YearsAmt",138569,131830,"2020v4.0, 2020v4.1, 2020v4.2"
"/Return/ReturnData/IRS990/FSAuditedBasisGrp",138567,125867,"2020v4.0, 2020v4.1, 2020v4.2"
"/Return/ReturnData/IRS990/OccupancyGrp/ManagementAndGeneralAmt",138112,126150,"2020v4.0, 2020v4.1, 2020v4.2"
"/Return/ReturnData/IRS990EZ/BooksInCareOfDetail/PersonNm",137658,136135,"2020v4.0, 2020v4.1, 2020v4.2"
"/Return/ReturnData/IRS990EZ/TotalProgramServiceExpensesAmt",136628,135568,"2020v4.0, 2020v4.1, 2020v4.2"
"/Return/ReturnData/IRS990ScheduleA/GrossReceiptsAdmissionsGrp",136216,129183,"2020v4.0, 2020v4.1, 2020v4.2"
"/Return/ReturnData/IRS990ScheduleA/TotalSupportCalendarYearGrp/CurrentTaxYearMinus4YearsAmt",136137,129155,"2020v4.0, 2020v4.1, 2020v4.2"
"/Return/ReturnData/IRS990ScheduleA/TotalSupportCalendarYearGrp/CurrentTaxYearMinus3YearsAmt",135905,128885,"2020v4.0, 2020v4.1, 2020v4.2"
"/Return/ReturnData/IRS990ScheduleA/GrossReceiptsAdmissionsGrp/TotalAmt",135782,128749,"2020v4.0, 2020v4.1, 2020v4.2"
"/Return/ReturnData/IRS990/PensionPlanContributionsGrp",135744,126026,"2020v4.0, 2020v4.1, 2020v4.2"
"/Return/ReturnData/IRS990/PensionPlanContributionsGrp/TotalAmt",135740,126024,"2020v4.0, 2020v4.1, 2020v4.2"
"/Return/ReturnData/IRS990EZ/FiledScheduleAInd",135521,135177,"2020v4.0, 2020v4.1, 2020v4.2"
"/Return/ReturnData/IRS990/InvestmentsPubTradedSecGrp",135046,125421,"2020v4.0, 2020v4.1, 2020v4.2"
"/Return/ReturnData/IRS990/AllOtherExpensesGrp/ManagementAndGeneralAmt",134766,123628,"2020v4.0, 2020v4.1, 2020v4.2"
"/Return/ReturnData/IRS990/OtherRevenueMiscGrp/BusinessCd",134741,84726,"2020v4.0, 2020v4.1, 2020v4.2"
"/Return/ReturnData/IRS990EZ/ContributionsGiftsGrantsEtcAmt",134559,133434,"2020v4.0, 2020v4.1, 2020v4.2"
"/Return/ReturnData/IRS990EZ/MethodOfAccountingCashInd",134093,132609,"2020v4.0, 2020v4.1, 2020v4.2"
"/Return/ReturnData/IRS990/OtherAssetsTotalGrp/BOYAmt",134038,123935,"2020v4.0, 2020v4.1, 2020v4.2"
"/Return/ReturnData/IRS990EZ/Form1120PolFiledInd",133723,132204,"2020v4.0, 2020v4.1, 2020v4.2"
"/Return/ReturnData/IRS990/OtherRevenueMiscGrp/RelatedOrExemptFuncIncomeAmt",133598,82918,"2020v4.0, 2020v4.1, 2020v4.2"
"/Return/ReturnData/IRS990ScheduleD/TotalLiabilityAmt",133291,123655,"2020v4.0, 2020v4.1, 2020v4.2"
"/Return/ReturnData/IRS990/InvestmentsPubTradedSecGrp/EOYAmt",133061,123559,"2020v4.0, 2020v4.1, 2020v4.2"
"/Return/ReturnData/IRS990ScheduleD/BuildingsGrp",132955,123142,"2020v4.0, 2020v4.1, 2020v4.2"
"/Return/ReturnData/IRS990ScheduleA/GiftsGrantsContrisRcvd509Grp/CurrentTaxYearMinus3YearsAmt",132706,126084,"2020v4.0, 2020v4.1, 2020v4.2"
"/Return/ReturnData/IRS990/BooksInCareOfDetail/BusinessName",131277,121555,"2020v4.0, 2020v4.1, 2020v4.2"
"/Return/ReturnData/IRS990/BooksInCareOfDetail/BusinessName/BusinessNameLine1Txt",131277,121555,"2020v4.0, 2020v4.1, 2020v4.2"
"/Return/ReturnData/IRS990EZ/LobbyingActivitiesInd",130677,130648,"2020v4.0, 2020v4.1, 2020v4.2"
"/Return/ReturnData/IRS990EZ/SchoolOperatingInd",130500,130471,"2020v4.0, 2020v4.1, 2020v4.2"
"/Return/ReturnData/IRS990EZ/Organization501c3Ind",130447,130436,"2020v4.0, 2020v4.1, 2020v4.2"
"/Return/ReturnData/IRS990/NetGainOrLossInvestmentsGrp",129613,120075,"2020v4.0, 2020v4.1, 2020v4.2"
"/Return/ReturnData/IRS990/NetGainOrLossInvestmentsGrp/TotalRevenueColumnAmt",129416,119881,"2020v4.0, 2020v4.1, 2020v4.2"
"/Return/ReturnData/IRS990EZ/TrnsfrExmptNonChrtblRltdOrgInd",128553,128508,"2020v4.0, 2020v4.1, 2020v4.2"
"/Return/ReturnData/IRS990/GrantsToDomesticOrgsGrp",128419,120043,"2020v4.0, 2020v4.1, 2020v4.2"
"/Return/ReturnData/IRS990/GrantsToDomesticOrgsGrp/TotalAmt",128411,120035,"2020v4.0, 2020v4.1, 2020v4.2"
"/Return/ReturnData/IRS990ScheduleA/GrossInvestmentIncome170Grp",127540,118165,"2020v4.0, 2020v4.1, 2020v4.2"
"/Return/ReturnData/IRS990ScheduleA/GiftsGrantsContrisRcvd509Grp/CurrentTaxYearMinus4YearsAmt",127375,120858,"2020v4.0, 2020v4.1, 2020v4.2"
"/Return/ReturnData/IRS990ScheduleA/GrossInvestmentIncome170Grp/TotalAmt",126841,117470,"2020v4.0, 2020v4.1, 2020v4.2"
"/Return/ReturnData/IRS990ScheduleD/BuildingsGrp/BookValueAmt",126363,116898,"2020v4.0, 2020v4.1, 2020v4.2"
"/Return/ReturnData/IRS990/TravelGrp/ProgramServicesAmt",126336,115959,"2020v4.0, 2020v4.1, 2020v4.2"
"/Return/ReturnData/IRS990ScheduleD/OtherLandBuildingsGrp",125788,116807,"2020v4.0, 2020v4.1, 2020v4.2"
"/Return/ReturnData/IRS990ScheduleD/LandGrp",125182,115906,"2020v4.0, 2020v4.1, 2020v4.2"
"/Return/ReturnData/IRS990/CompCurrentOfcrDirectorsGrp/ManagementAndGeneralAmt",125159,114126,"2020v4.0, 2020v4.1, 2020v4.2"
"/Return/ReturnData/IRS990ScheduleR/TransactionsRelatedOrgGrp",124996,36279,"2020v4.0, 2020v4.1, 2020v4.2"
"/Return/ReturnData/IRS990ScheduleR/TransactionsRelatedOrgGrp/OtherOrganizationName",124691,36243,"2020v4.0, 2020v4.1, 2020v4.2"
"/Return/ReturnData/IRS990ScheduleR/TransactionsRelatedOrgGrp/OtherOrganizationName/BusinessNameLine1Txt",124691,36243,"2020v4.0, 2020v4.1, 2020v4.2"
"/Return/ReturnData/IRS990ScheduleR/TransactionsRelatedOrgGrp/TransactionTypeTxt",124284,35980,"2020v4.0, 2020v4.1, 2020v4.2"
"/Return/ReturnData/IRS990/Form990PartVIISectionAGrp/HighestCompensatedEmployeeInd",124137,39789,"2020v4.0, 2020v4.1, 2020v4.2"
"/Return/ReturnData/IRS990/OtherEmployeeBenefitsGrp/ProgramServicesAmt",123983,112301,"2020v4.0, 2020v4.1, 2020v4.2"
"/Return/ReturnData/IRS990/FeesForServicesOtherGrp/ProgramServicesAmt",123777,113373,"2020v4.0, 2020v4.1, 2020v4.2"
"/Return/ReturnData/IRS990ScheduleA/InvestmentIncomePYPct",122927,116345,"2020v4.0, 2020v4.1, 2020v4.2"
"/Return/ReturnData/IRS990/NetIncmFromFundraisingEvtGrp",122706,113351,"2020v4.0, 2020v4.1, 2020v4.2"
"/Return/ReturnData/IRS990/NetIncmFromFundraisingEvtGrp/TotalRevenueColumnAmt",122706,113351,"2020v4.0, 2020v4.1, 2020v4.2"
"/Return/ReturnData/IRS990/CompCurrentOfcrDirectorsGrp/ProgramServicesAmt",121105,110891,"2020v4.0, 2020v4.1, 2020v4.2"
"/Return/ReturnData/IRS990/DonorRestrictionNetAssetsGrp",120918,109891,"2020v4.0, 2020v4.1, 2020v4.2"
"/Return/ReturnData/IRS990EZ/ScheduleBNotRequiredInd",120360,118557,"2020v4.0, 2020v4.1, 2020v4.2"
"/Return/ReturnData/IRS990/AdvertisingGrp/ProgramServicesAmt",120201,110657,"2020v4.0, 2020v4.1, 2020v4.2"
"/Return/ReturnData/IRS990ScheduleD/LandGrp/BookValueAmt",120045,111037,"2020v4.0, 2020v4.1, 2020v4.2"
"/Return/ReturnData/IRS990/MethodOfAccountingCashInd",119920,114457,"2020v4.0, 2020v4.1, 2020v4.2"
"/Return/ReturnHeader/AdditionalFilerInformation/TrustedCustomerGrp/FederatedAssuranceLevelCd",119334,114051,"2020v4.0, 2020v4.1"
"/Return/ReturnData/IRS990ScheduleD/BuildingsGrp/DepreciationAmt",119257,110096,"2020v4.0, 2020v4.1, 2020v4.2"
"/Return/ReturnData/IRS990EZ/FeesAndOtherPymtToIndCntrctAmt",119237,117718,"2020v4.0, 2020v4.1, 2020v4.2"
"/Return/ReturnData/IRS990/PledgesAndGrantsReceivableGrp",119233,109146,"2020v4.0, 2020v4.1, 2020v4.2"
"/Return/ReturnData/IRS990/DepreciationDepletionGrp/ManagementAndGeneralAmt",118700,108085,"2020v4.0, 2020v4.1, 2020v4.2"
"/Return/ReturnData/IRS990ScheduleR/TransactionsRelatedOrgGrp/InvolvedAmt",118091,34094,"2020v4.0, 2020v4.1, 2020v4.2"
"/Return/ReturnData/IRS990ScheduleD/TotalRevenuePerForm990Amt",117652,106051,"2020v4.0, 2020v4.1, 2020v4.2"
"/Return/ReturnData/IRS990ScheduleD/RevenueSubtotalAmt",117649,106049,"2020v4.0, 2020v4.1, 2020v4.2"
"/Return/ReturnData/IRS990ScheduleD/TotalExpensesPerForm990Amt",117601,106007,"2020v4.0, 2020v4.1, 2020v4.2"
"/Return/ReturnData/IRS990/DonorRestrictionNetAssetsGrp/EOYAmt",117590,106854,"2020v4.0, 2020v4.1, 2020v4.2"
"/Return/ReturnData/IRS990ScheduleD/ExpensesSubtotalAmt",117580,105987,"2020v4.0, 2020v4.1, 2020v4.2"
"/Return/ReturnData/IRS990ScheduleA/GrossInvestmentIncome509Grp",117556,111081,"2020v4.0, 2020v4.1, 2020v4.2"
"/Return/ReturnData/IRS990ScheduleD/TotalRevEtcAuditedFinclStmtAmt",117255,105669,"2020v4.0, 2020v4.1, 2020v4.2"
"/Return/ReturnData/IRS990ScheduleD/TotExpnsEtcAuditedFinclStmtAmt",117196,105616,"2020v4.0, 2020v4.1, 2020v4.2"
"/Return/ReturnData/IRS990ScheduleA/GrossInvestmentIncome509Grp/TotalAmt",116959,110487,"2020v4.0, 2020v4.1, 2020v4.2"
"/Return/ReturnData/IRS990/PledgesAndGrantsReceivableGrp/EOYAmt",115285,105559,"2020v4.0, 2020v4.1, 2020v4.2"
"/Return/ReturnData/IRS990/DonorRestrictionNetAssetsGrp/BOYAmt",114841,104345,"2020v4.0, 2020v4.1, 2020v4.2"
"/Return/ReturnData/IRS990ScheduleD/BuildingsGrp/OtherCostOrOtherBasisAmt",114281,105525,"2020v4.0, 2020v4.1, 2020v4.2"
"/Return/ReturnData/IRS990ScheduleR/TransactionsRelatedOrgGrp/MethodOfAmountDeterminationTxt",114088,32794,"2020v4.0, 2020v4.1, 2020v4.2"
"/Return/ReturnData/IRS990/ContractorCompensationGrp",113862,38562,"2020v4.0, 2020v4.1, 2020v4.2"
"/Return/ReturnData/IRS990/ContractorCompensationGrp/ContractorName",113807,38535,"2020v4.0, 2020v4.1, 2020v4.2"
"/Return/ReturnData/IRS990/FeesForServicesManagementGrp",113512,106171,"2020v4.0, 2020v4.1, 2020v4.2"
"/Return/ReturnData/IRS990/FeesForServicesManagementGrp/TotalAmt",113503,106163,"2020v4.0, 2020v4.1, 2020v4.2"
"/Return/ReturnData/IRS990/FeesForSrvcInvstMgmntFeesGrp",113120,105406,"2020v4.0, 2020v4.1, 2020v4.2"
"/Return/ReturnData/IRS990/FeesForSrvcInvstMgmntFeesGrp/TotalAmt",113116,105403,"2020v4.0, 2020v4.1, 2020v4.2"
"/Return/ReturnData/IRS990/ContractorCompensationGrp/ContractorAddress",112904,37913,"2020v4.0, 2020v4.1, 2020v4.2"
"/Return/ReturnData/IRS990/GrantsToDomesticIndividualsGrp",112380,104347,"2020v4.0, 2020v4.1, 2020v4.2"
"/Return/ReturnData/IRS990/GrantsToDomesticIndividualsGrp/TotalAmt",112370,104339,"2020v4.0, 2020v4.1, 2020v4.2"
"/Return/ReturnData/IRS990/ContractorCompensationGrp/CompensationAmt",112326,37403,"2020v4.0, 2020v4.1, 2020v4.2"
"/Return/ReturnData/IRS990/ContractorCompensationGrp/ServicesDesc",112119,37403,"2020v4.0, 2020v4.1, 2020v4.2"
"/Return/ReturnData/IRS990ScheduleD/OtherLandBuildingsGrp/OtherCostOrOtherBasisAmt",111664,103577,"2020v4.0, 2020v4.1, 2020v4.2"
"/Return/ReturnData/IRS990ScheduleD/OtherLandBuildingsGrp/BookValueAmt",111254,103159,"2020v4.0, 2020v4.1, 2020v4.2"
"/Return/ReturnData/IRS990/FeesForServicesOtherGrp/ManagementAndGeneralAmt",111243,101528,"2020v4.0, 2020v4.1, 2020v4.2"
"/Return/ReturnData/IRS990/InfoInScheduleOPartIIIInd",110838,102513,"2020v4.0, 2020v4.1, 2020v4.2"
"/Return/ReturnData/IRS990/ContractorCompensationGrp/ContractorAddress/USAddress",110144,37087,"2020v4.0, 2020v4.1, 2020v4.2"
"/Return/ReturnData/IRS990/ContractorCompensationGrp/ContractorAddress/USAddress/AddressLine1Txt",110144,37087,"2020v4.0, 2020v4.1, 2020v4.2"
"/Return/ReturnData/IRS990/ContractorCompensationGrp/ContractorAddress/USAddress/CityNm",110144,37087,"2020v4.0, 2020v4.1, 2020v4.2"
"/Return/ReturnData/IRS990/ContractorCompensationGrp/ContractorAddress/USAddress/StateAbbreviationCd",110144,37087,"2020v4.0, 2020v4.1, 2020v4.2"
"/Return/ReturnData/IRS990/ContractorCompensationGrp/ContractorAddress/USAddress/ZIPCd",110144,37087,"2020v4.0, 2020v4.1, 2020v4.2"
"/Return/ReturnData/IRS990/OtherEmployeeBenefitsGrp/ManagementAndGeneralAmt",109813,99256,"2020v4.0, 2020v4.1, 2020v4.2"
"/Return/ReturnData/IRS990ScheduleI/RecipientTable/NonCashAssistanceAmt",108067,9550,"2020v4.0, 2020v4.1, 2020v4.2"
"/Return/ReturnData/IRS990/GrantAmt",107975,99453,"2020v4.0, 2020v4.1, 2020v4.2"
"/Return/ReturnData/IRS990ScheduleD/OtherLandBuildingsGrp/DepreciationAmt",107477,99665,"2020v4.0, 2020v4.1, 2020v4.2"
"/Return/ReturnData/IRS990/InventoriesForSaleOrUseGrp",107122,100009,"2020v4.0, 2020v4.1, 2020v4.2"
"/Return/ReturnData/IRS990ScheduleA/GrossReceiptsAdmissionsGrp/CurrentTaxYearMinus1YearAmt",106571,100416,"2020v4.0, 2020v4.1, 2020v4.2"
"/Return/ReturnData/IRS990EZ/SumOfTotalLiabilitiesGrp",105378,103994,"2020v4.0, 2020v4.1, 2020v4.2"
"/Return/ReturnData/IRS990/InventoriesForSaleOrUseGrp/EOYAmt",105271,98277,"2020v4.0, 2020v4.1, 2020v4.2"
"/Return/ReturnData/IRS990ScheduleA/GrossReceiptsAdmissionsGrp/CurrentTaxYearAmt",105240,99063,"2020v4.0, 2020v4.1, 2020v4.2"
"/Return/ReturnData/IRS990ScheduleA/GrossReceiptsAdmissionsGrp/CurrentTaxYearMinus2YearsAmt",104776,98626,"2020v4.0, 2020v4.1, 2020v4.2"
"/Return/ReturnData/IRS990/ProgSrvcAccomActy2Grp",103973,96117,"2020v4.0, 2020v4.1, 2020v4.2"
"/Return/ReturnData/IRS990/DeferredRevenueGrp",103672,95139,"2020v4.0, 2020v4.1, 2020v4.2"
"/Return/ReturnData/IRS990ScheduleD/LandGrp/OtherCostOrOtherBasisAmt",102793,94932,"2020v4.0, 2020v4.1, 2020v4.2"
"/Return/ReturnData/IRS990/ProgSrvcAccomActy2Grp/Desc",102092,94338,"2020v4.0, 2020v4.1, 2020v4.2"
"/Return/ReturnData/IRS990ScheduleA/GrossReceiptsAdmissionsGrp/CurrentTaxYearMinus3YearsAmt",101771,95705,"2020v4.0, 2020v4.1, 2020v4.2"
"/Return/ReturnData/IRS990EZ/SumOfTotalLiabilitiesGrp/EOYAmt",101437,100114,"2020v4.0, 2020v4.1, 2020v4.2"
"/Return/ReturnData/IRS990/GainOrLossGrp",101406,93945,"2020v4.0, 2020v4.1, 2020v4.2"
"/Return/ReturnData/IRS990ScheduleA/InvestmentIncomeAndUBTIGrp",101391,95255,"2020v4.0, 2020v4.1, 2020v4.2"
"/Return/ReturnData/IRS990ScheduleA/AmountsRcvdDsqlfyPersonGrp",100972,95721,"2020v4.0, 2020v4.1, 2020v4.2"
"/Return/ReturnHeader/Filer/BusinessName/BusinessNameLine2Txt",100820,95303,"2020v4.0, 2020v4.1, 2020v4.2"
"/Return/ReturnData/IRS990ScheduleA/InvestmentIncomeAndUBTIGrp/TotalAmt",100549,94423,"2020v4.0, 2020v4.1, 2020v4.2"
"/Return/ReturnData/IRS990EZ/SumOfTotalLiabilitiesGrp/BOYAmt",100381,99041,"2020v4.0, 2020v4.1, 2020v4.2"
"/Return/ReturnData/IRS990ScheduleA/AmountsRcvdDsqlfyPersonGrp/TotalAmt",100372,95121,"2020v4.0, 2020v4.1, 2020v4.2"
"/Return/ReturnData/IRS990ScheduleD/OtherAssetsOrgGrp",99766,42024,"2020v4.0, 2020v4.1, 2020v4.2"
"/Return/ReturnData/IRS990ScheduleA/GrossInvestmentIncome170Grp/CurrentTaxYearAmt",99763,91561,"2020v4.0, 2020v4.1, 2020v4.2"
"/Return/ReturnData/IRS990/NetUnrlzdGainsLossesInvstAmt",99666,91964,"2020v4.0, 2020v4.1, 2020v4.2"
"/Return/ReturnData/IRS990ScheduleA/GrossInvestmentIncome170Grp/CurrentTaxYearMinus1YearAmt",99434,91253,"2020v4.0, 2020v4.1, 2020v4.2"
"/Return/ReturnData/IRS990ScheduleA/SubstantialContributorsAmtGrp",99023,93876,"2020v4.0, 2020v4.1, 2020v4.2"
"/Return/ReturnData/IRS990ScheduleA/GrossReceiptsAdmissionsGrp/CurrentTaxYearMinus4YearsAmt",98713,92746,"2020v4.0, 2020v4.1, 2020v4.2"
"/Return/ReturnData/IRS990ScheduleD/OtherAssetsOrgGrp/Desc",98508,41878,"2020v4.0, 2020v4.1, 2020v4.2"
"/Return/ReturnData/IRS990ScheduleA/SubstantialContributorsAmtGrp/TotalAmt",98417,93270,"2020v4.0, 2020v4.1, 2020v4.2"
"/Return/ReturnData/IRS990ScheduleD/OtherAssetsOrgGrp/BookValueAmt",97541,41792,"2020v4.0, 2020v4.1, 2020v4.2"
"/Return/ReturnData/IRS990/InvestmentsPubTradedSecGrp/BOYAmt",97503,90473,"2020v4.0, 2020v4.1, 2020v4.2"
"/Return/ReturnData/IRS990ScheduleA/GrossInvestmentIncome170Grp/CurrentTaxYearMinus2YearsAmt",97498,89394,"2020v4.0, 2020v4.1, 2020v4.2"
"/Return/ReturnData/IRS990/DeferredRevenueGrp/EOYAmt",96470,88641,"2020v4.0, 2020v4.1, 2020v4.2"
"/Return/ReturnData/IRS990ScheduleR/IdRelatedOrgTxblCorpTrGrp/DirectControllingNACd",95868,8581,"2020v4.0, 2020v4.1, 2020v4.2"
"/Return/ReturnData/IRS990/NetRentalIncomeOrLossGrp",95850,89372,"2020v4.0, 2020v4.1, 2020v4.2"
"/Return/ReturnData/IRS990ScheduleA/GrossInvestmentIncome170Grp/CurrentTaxYearMinus3YearsAmt",95817,87789,"2020v4.0, 2020v4.1, 2020v4.2"
"/Return/ReturnData/IRS990/NetRentalIncomeOrLossGrp/TotalRevenueColumnAmt",95657,89183,"2020v4.0, 2020v4.1, 2020v4.2"
"/Return/ReturnData/IRS990/FSAuditedBasisGrp/SeparateBasisFinclStmtInd",95056,85591,"2020v4.0, 2020v4.1, 2020v4.2"
"/Return/ReturnData/IRS990/DeferredRevenueGrp/BOYAmt",94493,86779,"2020v4.0, 2020v4.1, 2020v4.2"
"/Return/ReturnData/IRS990/ContractorCompensationGrp/ContractorName/BusinessName",94447,31973,"2020v4.0, 2020v4.1, 2020v4.2"
"/Return/ReturnData/IRS990/ContractorCompensationGrp/ContractorName/BusinessName/BusinessNameLine1Txt",94447,31973,"2020v4.0, 2020v4.1, 2020v4.2"
"/Return/ReturnData/IRS990/TravelGrp/ManagementAndGeneralAmt",94263,86446,"2020v4.0, 2020v4.1, 2020v4.2"
"/Return/ReturnData/IRS990ScheduleA/GrossInvestmentIncome170Grp/CurrentTaxYearMinus4YearsAmt",93870,85967,"2020v4.0, 2020v4.1, 2020v4.2"
"/Return/ReturnData/IRS990EZ/OtherAssetsTotalDetail",93529,92281,"2020v4.0, 2020v4.1, 2020v4.2"
"/Return/ReturnData/IRS990/InvestmentsOtherSecuritiesGrp",92693,86325,"2020v4.0, 2020v4.1, 2020v4.2"
"/Return/ReturnData/IRS990ScheduleG",92010,86136,"2020v4.0, 2020v4.1, 2020v4.2"
"/Return/ReturnData/IRS990/NetIncomeOrLossGrp",91674,85711,"2020v4.0, 2020v4.1, 2020v4.2"
"/Return/ReturnData/IRS990/NetIncomeOrLossGrp/TotalRevenueColumnAmt",91664,85701,"2020v4.0, 2020v4.1, 2020v4.2"
"/Return/ReturnData/IRS990EZ/InvestmentIncomeAmt",90760,89425,"2020v4.0, 2020v4.1, 2020v4.2"
"/Return/ReturnData/IRS990ScheduleA/SubstantialContributorsTotAmt",90264,84344,"2020v4.0, 2020v4.1, 2020v4.2"
"/Return/ReturnData/IRS990/FeesForServicesAccountingGrp/ProgramServicesAmt",89825,83477,"2020v4.0, 2020v4.1, 2020v4.2"
"/Return/ReturnData/IRS990EZ/OtherAssetsTotalDetail/EOYAmt",89780,88577,"2020v4.0, 2020v4.1, 2020v4.2"
"/Return/ReturnHeader/PreparerPersonGrp/SelfEmployedInd",89733,86239,"2020v4.0, 2020v4.1, 2020v4.2"
"/Return/ReturnData/IRS990EZ/OtherAssetsTotalDetail/BOYAmt",89719,88503,"2020v4.0, 2020v4.1, 2020v4.2"
"/Return/ReturnData/IRS990EZ/FundraisingGrossIncomeAmt",89686,88645,"2020v4.0, 2020v4.1, 2020v4.2"
"/Return/ReturnData/IRS990/InvestmentsOtherSecuritiesGrp/EOYAmt",89649,83410,"2020v4.0, 2020v4.1, 2020v4.2"
"/Return/ReturnData/IRS990ScheduleA/OtherIncome170Grp",89072,82746,"2020v4.0, 2020v4.1, 2020v4.2"
"/Return/ReturnData/IRS990/MortgNotesPyblScrdInvstPropGrp",88789,81923,"2020v4.0, 2020v4.1, 2020v4.2"
"/Return/ReturnData/IRS990ScheduleD/RevenueNotReportedAmt",88496,79786,"2020v4.0, 2020v4.1, 2020v4.2"
"/Return/ReturnData/IRS990ScheduleA/OtherIncome170Grp/TotalAmt",88464,82138,"2020v4.0, 2020v4.1, 2020v4.2"
"/Return/ReturnData/IRS990ScheduleA/InvestmentIncomeAndUBTIGrp/CurrentTaxYearMinus1YearAmt",87938,82369,"2020v4.0, 2020v4.1, 2020v4.2"
"/Return/ReturnData/IRS990ScheduleA/InvestmentIncomeAndUBTIGrp/CurrentTaxYearAmt",87098,81575,"2020v4.0, 2020v4.1, 2020v4.2"
"/Return/ReturnData/IRS990/ProgSrvcAccomActy2Grp/ExpenseAmt",87091,79739,"2020v4.0, 2020v4.1, 2020v4.2"
"/Return/ReturnData/IRS990ScheduleA/InvestmentIncomeAndUBTIGrp/CurrentTaxYearMinus2YearsAmt",86938,81415,"2020v4.0, 2020v4.1, 2020v4.2"
"/Return/ReturnData/IRS990EZ/SpecialEventsDirectExpensesAmt",86463,85443,"2020v4.0, 2020v4.1, 2020v4.2"
"/Return/ReturnData/IRS990/ConferencesMeetingsGrp/ProgramServicesAmt",86337,79821,"2020v4.0, 2020v4.1, 2020v4.2"
"/Return/ReturnData/IRS990/PayrollTaxesGrp/FundraisingAmt",86059,78133,"2020v4.0, 2020v4.1, 2020v4.2"
"/Return/ReturnData/IRS990ScheduleA/GrossInvestmentIncome509Grp/CurrentTaxYearMinus1YearAmt",86042,80519,"2020v4.0, 2020v4.1, 2020v4.2"
"/Return/ReturnData/IRS990ScheduleA/InvestmentIncomeAndUBTIGrp/CurrentTaxYearMinus3YearsAmt",85837,80358,"2020v4.0, 2020v4.1, 2020v4.2"
"/Return/ReturnData/IRS990ScheduleA/GrossInvestmentIncome509Grp/CurrentTaxYearAmt",85666,80155,"2020v4.0, 2020v4.1, 2020v4.2"
"/Return/ReturnData/IRS990/PaymentsToAffiliatesGrp",85490,80302,"2020v4.0, 2020v4.1, 2020v4.2"
"/Return/ReturnData/IRS990/PaymentsToAffiliatesGrp/TotalAmt",85486,80299,"2020v4.0, 2020v4.1, 2020v4.2"
"/Return/ReturnData/IRS990/OfficeExpensesGrp/FundraisingAmt",85315,77978,"2020v4.0, 2020v4.1, 2020v4.2"
"/Return/ReturnData/IRS990/BenefitsToMembersGrp",85222,80359,"2020v4.0, 2020v4.1, 2020v4.2"
"/Return/ReturnData/IRS990/BenefitsToMembersGrp/TotalAmt",85219,80356,"2020v4.0, 2020v4.1, 2020v4.2"
"/Return/ReturnData/IRS990/AdvertisingGrp/ManagementAndGeneralAmt",85142,78091,"2020v4.0, 2020v4.1, 2020v4.2"
"/Return/ReturnData/IRS990ScheduleA/GrossInvestmentIncome509Grp/CurrentTaxYearMinus2YearsAmt",84703,79232,"2020v4.0, 2020v4.1, 2020v4.2"
"/Return/ReturnData/IRS990ScheduleA/InvestmentIncomeAndUBTIGrp/CurrentTaxYearMinus4YearsAmt",84602,79165,"2020v4.0, 2020v4.1, 2020v4.2"
"/Return/ReturnData/IRS990/GrossAmountSalesAssetsGrp",84558,78220,"2020v4.0, 2020v4.1, 2020v4.2"
"/Return/ReturnData/IRS990/OthNotesLoansReceivableNetGrp",84470,78909,"2020v4.0, 2020v4.1, 2020v4.2"
"/Return/ReturnData/IRS990/ForeignGrantsGrp",83689,78441,"2020v4.0, 2020v4.1, 2020v4.2"
"/Return/ReturnData/IRS990/ForeignGrantsGrp/TotalAmt",83685,78437,"2020v4.0, 2020v4.1, 2020v4.2"
"/Return/ReturnData/IRS990/MortgNotesPyblScrdInvstPropGrp/EOYAmt",83603,77275,"2020v4.0, 2020v4.1, 2020v4.2"
"/Return/ReturnData/IRS990/MortgNotesPyblScrdInvstPropGrp/BOYAmt",83322,76768,"2020v4.0, 2020v4.1, 2020v4.2"
"/Return/ReturnData/IRS990ScheduleA/GrossInvestmentIncome509Grp/CurrentTaxYearMinus3YearsAmt",83282,77862,"2020v4.0, 2020v4.1, 2020v4.2"
"/Return/ReturnData/IRS990/FeesForServicesLobbyingGrp",83279,78169,"2020v4.0, 2020v4.1, 2020v4.2"
"/Return/ReturnData/IRS990/FeesForServicesLobbyingGrp/TotalAmt",83276,78167,"2020v4.0, 2020v4.1, 2020v4.2"
"/Return/ReturnData/IRS990/InformationTechnologyGrp/ProgramServicesAmt",82993,76243,"2020v4.0, 2020v4.1, 2020v4.2"
"/Return/ReturnData/IRS990/OtherSalariesAndWagesGrp/FundraisingAmt",82935,75195,"2020v4.0, 2020v4.1, 2020v4.2"
"/Return/ReturnData/IRS990/LessCostOthBasisSalesExpnssGrp",82902,76569,"2020v4.0, 2020v4.1, 2020v4.2"
"/Return/ReturnData/IRS990ScheduleR",82774,77070,"2020v4.0, 2020v4.1, 2020v4.2"
"/Return/ReturnData/IRS990/FundraisingGrossIncomeAmt",82753,75960,"2020v4.0, 2020v4.1, 2020v4.2"
"/Return/ReturnData/IRS990/Form1098CFiledInd",82343,75861,"2020v4.0, 2020v4.1, 2020v4.2"
"/Return/ReturnData/IRS990/OthNotesLoansReceivableNetGrp/EOYAmt",82223,76815,"2020v4.0, 2020v4.1, 2020v4.2"
"/Return/ReturnData/IRS990/CompDisqualPersonsGrp",82117,76845,"2020v4.0, 2020v4.1, 2020v4.2"
"/Return/ReturnData/IRS990/CompDisqualPersonsGrp/TotalAmt",82115,76844,"2020v4.0, 2020v4.1, 2020v4.2"
"/Return/ReturnData/IRS990/Form8899Filedind",81894,75481,"2020v4.0, 2020v4.1, 2020v4.2"
"/Return/ReturnData/IRS990ScheduleA/GrossInvestmentIncome509Grp/CurrentTaxYearMinus4YearsAmt",81888,76510,"2020v4.0, 2020v4.1, 2020v4.2"
"/Return/ReturnData/IRS990/FeesForServicesProfFundraising",81368,76115,"2020v4.0, 2020v4.1, 2020v4.2"
"/Return/ReturnData/IRS990/InformationTechnologyGrp/ManagementAndGeneralAmt",81359,74711,"2020v4.0, 2020v4.1, 2020v4.2"
"/Return/ReturnData/IRS990ScheduleD/LeaseholdImprovementsGrp",81196,75122,"2020v4.0, 2020v4.1, 2020v4.2"
"/Return/ReturnData/IRS990ScheduleD/FootnoteTextInd",81019,73835,"2020v4.0, 2020v4.1, 2020v4.2"
"/Return/ReturnData/IRS990ScheduleD/ExpensesNotReportedAmt",80635,72745,"2020v4.0, 2020v4.1, 2020v4.2"
"/Return/ReturnData/IRS990EZ/ProgramServiceRevenueAmt",80516,79512,"2020v4.0, 2020v4.1, 2020v4.2"
"/Return/ReturnData/IRS990/OrgDoesNotFollowFASB117Ind",80041,76845,"2020v4.0, 2020v4.1, 2020v4.2"
"/Return/ReturnData/IRS990/GainOrLossGrp/SecuritiesAmt",79924,74141,"2020v4.0, 2020v4.1, 2020v4.2"
"/Return/ReturnData/IRS990/FeesForServicesLegalGrp/ManagementAndGeneralAmt",79891,73647,"2020v4.0, 2020v4.1, 2020v4.2"
"/Return/ReturnData/IRS990EZ/InfoInScheduleOPartIIInd",79745,78665,"2020v4.0, 2020v4.1, 2020v4.2"
"/Return/ReturnData/IRS990ScheduleA/SubstAndDsqlfyPrsnsTotGrp",79648,75135,"2020v4.0, 2020v4.1, 2020v4.2"
"/Return/ReturnData/IRS990/FundraisingDirectExpensesAmt",79566,73043,"2020v4.0, 2020v4.1, 2020v4.2"
"/Return/ReturnData/IRS990ScheduleA/SubstAndDsqlfyPrsnsTotGrp/TotalAmt",79068,74555,"2020v4.0, 2020v4.1, 2020v4.2"
"/Return/ReturnData/IRS990ScheduleR/SharingOfFacilitiesInd",78517,73138,"2020v4.0, 2020v4.1, 2020v4.2"
"/Return/ReturnData/IRS990ScheduleR/PaidEmployeesSharingInd",78515,73134,"2020v4.0, 2020v4.1, 2020v4.2"
"/Return/ReturnData/IRS990ScheduleR/GiftGrntCapContriFromOthOrgInd",78512,73132,"2020v4.0, 2020v4.1, 2020v4.2"
"/Return/ReturnData/IRS990ScheduleR/GiftGrntOrCapContriToOthOrgInd",78508,73127,"2020v4.0, 2020v4.1, 2020v4.2"
"/Return/ReturnData/IRS990ScheduleR/ReimbursementPaidToOtherOrgInd",78501,73120,"2020v4.0, 2020v4.1, 2020v4.2"
"/Return/ReturnData/IRS990ScheduleR/LoansOrGuaranteesFromOthOrgInd",78498,73117,"2020v4.0, 2020v4.1, 2020v4.2"
"/Return/ReturnData/IRS990ScheduleR/LoansOrGuaranteesToOtherOrgInd",78498,73117,"2020v4.0, 2020v4.1, 2020v4.2"
"/Return/ReturnData/IRS990ScheduleR/ReimbursementPaidByOtherOrgInd",78497,73116,"2020v4.0, 2020v4.1, 2020v4.2"
"/Return/ReturnData/IRS990ScheduleR/RentalOfFcltsFromOthOrgInd",78497,73116,"2020v4.0, 2020v4.1, 2020v4.2"
"/Return/ReturnData/IRS990ScheduleR/PerformOfServicesByOtherOrgInd",78495,73114,"2020v4.0, 2020v4.1, 2020v4.2"
"/Return/ReturnData/IRS990ScheduleR/PerformOfServicesForOthOrgInd",78493,73112,"2020v4.0, 2020v4.1, 2020v4.2"
"/Return/ReturnData/IRS990ScheduleR/ReceiptOfIntAnntsRntsRyltsInd",78492,73111,"2020v4.0, 2020v4.1, 2020v4.2"
"/Return/ReturnData/IRS990ScheduleR/RentalOfFacilitiesToOthOrgInd",78492,73111,"2020v4.0, 2020v4.1, 2020v4.2"
"/Return/ReturnData/IRS990ScheduleR/AssetSaleToOtherOrgInd",78487,73107,"2020v4.0, 2020v4.1, 2020v4.2"
"/Return/ReturnData/IRS990ScheduleR/TransferToOtherOrgInd",78484,73103,"2020v4.0, 2020v4.1, 2020v4.2"
"/Return/ReturnData/IRS990ScheduleR/AssetPurchaseFromOtherOrgInd",78483,73103,"2020v4.0, 2020v4.1, 2020v4.2"
"/Return/ReturnData/IRS990ScheduleR/AssetExchangeInd",78479,73099,"2020v4.0, 2020v4.1, 2020v4.2"
"/Return/ReturnData/IRS990ScheduleR/TransferFromOtherOrgInd",78472,73091,"2020v4.0, 2020v4.1, 2020v4.2"
"/Return/ReturnData/IRS990ScheduleR/IdRelatedTaxExemptOrgGrp/DirectControllingNACd",78067,32116,"2020v4.0, 2020v4.1, 2020v4.2"
"/Return/ReturnData/IRS990ScheduleR/IdRelatedOrgTxblCorpTrGrp/DirectControllingEntityName",77631,10436,"2020v4.0, 2020v4.1, 2020v4.2"
"/Return/ReturnData/IRS990ScheduleR/IdRelatedOrgTxblCorpTrGrp/DirectControllingEntityName/BusinessNameLine1Txt",77631,10436,"2020v4.0, 2020v4.1, 2020v4.2"
"/Return/ReturnData/IRS990/RtnEarnEndowmentIncmOthFndsGrp",77528,74457,"2020v4.0, 2020v4.1, 2020v4.2"
"/Return/ReturnData/IRS990EZ/PrintingPublicationsPostageAmt",77466,76437,"2020v4.0, 2020v4.1, 2020v4.2"
"/Return/ReturnData/IRS990ScheduleR/DivRelatedOrganizationInd",77370,72048,"2020v4.0, 2020v4.1, 2020v4.2"
"/Return/ReturnData/IRS990/Organization501cInd",77195,77193,"2020v4.0, 2020v4.1, 2020v4.2"
"/Return/ReturnData/IRS990/RoyaltiesGrp",77036,72150,"2020v4.0, 2020v4.1, 2020v4.2"
"/Return/ReturnData/IRS990/RoyaltiesGrp/TotalAmt",77033,72148,"2020v4.0, 2020v4.1, 2020v4.2"
"/Return/ReturnData/IRS990/PledgesAndGrantsReceivableGrp/BOYAmt",76938,69699,"2020v4.0, 2020v4.1, 2020v4.2"
"/Return/ReturnData/IRS990/RtnEarnEndowmentIncmOthFndsGrp/EOYAmt",76838,73785,"2020v4.0, 2020v4.1, 2020v4.2"
"/Return/ReturnData/IRS990ScheduleF/GrantsToOrgOutsideUSGrp",76823,8286,"2020v4.0, 2020v4.1, 2020v4.2"
"/Return/ReturnData/IRS990/InvestmentIncomeGrp/RelatedOrExemptFuncIncomeAmt",76760,72163,"2020v4.0, 2020v4.1, 2020v4.2"
"/Return/ReturnHeader/AdditionalFilerInformation/TrustedCustomerGrp/OOBSecurityVerificationCd",76677,74038,"2020v4.0, 2020v4.1"
"/Return/ReturnData/IRS990ScheduleI",76657,70438,"2020v4.0, 2020v4.1, 2020v4.2"
"/Return/ReturnData/IRS990/RtnEarnEndowmentIncmOthFndsGrp/BOYAmt",76422,73397,"2020v4.0, 2020v4.1, 2020v4.2"
"/Return/ReturnData/IRS990/IntangibleAssetsGrp",76408,71387,"2020v4.0, 2020v4.1, 2020v4.2"
"/Return/ReturnData/IRS990EZ/CostOfGoodsSoldAmt",76375,75515,"2020v4.0, 2020v4.1, 2020v4.2"
"/Return/ReturnData/IRS990ScheduleR/IdRelatedOrgTxblPartnershipGrp/PredominantIncomeTypeTxt",76322,6060,"2020v4.0, 2020v4.1, 2020v4.2"
"/Return/ReturnData/IRS990ScheduleR/IdRelatedTaxExemptOrgGrp/USAddress/AddressLine2Txt",75818,1146,"2020v4.0"
"/Return/ReturnData/IRS990ScheduleI/GrantRecordsMaintainedInd",75776,69599,"2020v4.0, 2020v4.1, 2020v4.2"
"/Return/ReturnData/IRS990/PymtTravelEntrtnmntPubOfclGrp",75730,70975,"2020v4.0, 2020v4.1, 2020v4.2"
"/Return/ReturnData/IRS990/PymtTravelEntrtnmntPubOfclGrp/TotalAmt",75727,70973,"2020v4.0, 2020v4.1, 2020v4.2"
"/Return/ReturnData/IRS990EZ/OccupancyRentUtltsAndMaintAmt",74845,73824,"2020v4.0, 2020v4.1, 2020v4.2"
"/Return/ReturnData/IRS990ScheduleJ",74839,69327,"2020v4.0, 2020v4.1, 2020v4.2"
"/Return/ReturnData/IRS990EZ/TaxImposedUnderIRC4911Amt",74803,74447,"2020v4.0, 2020v4.1, 2020v4.2"
"/Return/ReturnData/IRS990EZ/TaxImposedUnderIRC4912Amt",74794,74438,"2020v4.0, 2020v4.1, 2020v4.2"
"/Return/ReturnData/IRS990EZ/TaxImposedUnderIRC4955Amt",74793,74437,"2020v4.0, 2020v4.1, 2020v4.2"
"/Return/ReturnData/IRS990/IntangibleAssetsGrp/EOYAmt",74728,69813,"2020v4.0, 2020v4.1, 2020v4.2"
"/Return/ReturnData/IRS990ScheduleF/GrantsToOrgOutsideUSGrp/RegionTxt",74595,7359,"2020v4.0, 2020v4.1, 2020v4.2"
"/Return/ReturnData/IRS990ScheduleA/GrossReceiptsRltdActivitiesAmt",73783,67828,"2020v4.0, 2020v4.1, 2020v4.2"
"/Return/ReturnData/IRS990/InvestmentsProgramRelatedGrp",73738,68996,"2020v4.0, 2020v4.1, 2020v4.2"
"/Return/ReturnData/IRS990ScheduleD/RevenueNotReportedFinclStmtAmt",73573,66514,"2020v4.0, 2020v4.1, 2020v4.2"
"/Return/ReturnData/IRS990ScheduleJ/SeverancePaymentInd",73552,68113,"2020v4.0, 2020v4.1, 2020v4.2"
"/Return/ReturnData/IRS990ScheduleJ/SupplementalNonqualRtrPlanInd",73548,68108,"2020v4.0, 2020v4.1, 2020v4.2"
"/Return/ReturnData/IRS990ScheduleJ/EquityBasedCompArrngmInd",73523,68085,"2020v4.0, 2020v4.1, 2020v4.2"
"/Return/ReturnData/IRS990ScheduleD/ExpensesNotRptFinclStmtAmt",73240,66273,"2020v4.0, 2020v4.1, 2020v4.2"
"/Return/ReturnData/IRS990ScheduleF/GrantsToOrgOutsideUSGrp/PurposeOfGrantTxt",73087,8137,"2020v4.0, 2020v4.1, 2020v4.2"
"/Return/ReturnData/IRS990/ProgSrvcAccomActy3Grp",73020,67497,"2020v4.0, 2020v4.1, 2020v4.2"
"/Return/ReturnData/IRS990ScheduleD/LeaseholdImprovementsGrp/BookValueAmt",72756,67246,"2020v4.0, 2020v4.1, 2020v4.2"
"/Return/ReturnData/IRS990ScheduleG/FundraisingEventInformationGrp",72505,67351,"2020v4.0, 2020v4.1, 2020v4.2"
"/Return/ReturnData/IRS990/RoyaltiesRevenueGrp",72148,67476,"2020v4.0, 2020v4.1, 2020v4.2"
"/Return/ReturnData/IRS990/RoyaltiesRevenueGrp/TotalRevenueColumnAmt",71972,67304,"2020v4.0, 2020v4.1, 2020v4.2"
"/Return/ReturnData/IRS990ScheduleG/FundraisingEventInformationGrp/Event1Nm",71366,66270,"2020v4.0, 2020v4.1, 2020v4.2"
"/Return/ReturnData/IRS990EZ/StatesWhereCopyOfReturnIsFldCd",71180,67017,"2020v4.0, 2020v4.1, 2020v4.2"
"/Return/ReturnData/IRS990ScheduleF/GrantsToOrgOutsideUSGrp/CashGrantAmt",71131,7661,"2020v4.0, 2020v4.1, 2020v4.2"
"/Return/ReturnData/IRS990/CompCurrentOfcrDirectorsGrp/FundraisingAmt",71105,64721,"2020v4.0, 2020v4.1, 2020v4.2"
"/Return/ReturnData/IRS990/InvestmentsProgramRelatedGrp/EOYAmt",71028,66401,"2020v4.0, 2020v4.1, 2020v4.2"
"/Return/ReturnData/IRS990ScheduleD/LeaseholdImprovementsGrp/DepreciationAmt",71028,65548,"2020v4.0, 2020v4.1, 2020v4.2"
"/Return/ReturnData/IRS990/ProgSrvcAccomActy3Grp/Desc",71020,65594,"2020v4.0, 2020v4.1, 2020v4.2"
"/Return/ReturnData/IRS990ScheduleI/GrantsOtherAsstToIndivInUSGrp",70924,32268,"2020v4.0, 2020v4.1, 2020v4.2"
"/Return/ReturnData/IRS990ScheduleA/Form990ScheduleAPartVIGrp",70462,52276,"2020v4.0, 2020v4.1, 2020v4.2"
"/Return/ReturnData/IRS990ScheduleA/Form990ScheduleAPartVIGrp/FormAndLineReferenceDesc",70458,52273,"2020v4.0, 2020v4.1, 2020v4.2"
"/Return/ReturnData/IRS990EZ/MembershipDuesAmt",70357,68858,"2020v4.0, 2020v4.1, 2020v4.2"
"/Return/ReturnData/IRS990/NetIncomeFromGamingGrp",70039,65692,"2020v4.0, 2020v4.1, 2020v4.2"
"/Return/ReturnData/IRS990/NetIncomeFromGamingGrp/TotalRevenueColumnAmt",70029,65682,"2020v4.0, 2020v4.1, 2020v4.2"
"/Return/ReturnData/IRS990ScheduleI/GrantsOtherAsstToIndivInUSGrp/GrantTypeTxt",70019,32151,"2020v4.0, 2020v4.1, 2020v4.2"
"/Return/ReturnData/IRS990ScheduleA/Form990ScheduleAPartVIGrp/ExplanationTxt",69943,51810,"2020v4.0, 2020v4.1, 2020v4.2"
"/Return/ReturnData/IRS990ScheduleA/GrossReceiptsNonUnrltBusGrp",69838,66977,"2020v4.0, 2020v4.1, 2020v4.2"
"/Return/ReturnData/IRS990ScheduleG/FundraisingEventInformationGrp/GrossReceiptsTotalAmt",69771,64716,"2020v4.0, 2020v4.1, 2020v4.2"
"/Return/ReturnData/IRS990EZ/TaxImposedOnOrganizationMgrAmt",69619,69081,"2020v4.0, 2020v4.1, 2020v4.2"
"/Return/ReturnData/IRS990EZ/TaxReimbursedByOrganizationAmt",69609,69071,"2020v4.0, 2020v4.1, 2020v4.2"
"/Return/ReturnData/IRS990EZ/CostOrOtherBasisExpenseSaleAmt",69576,68791,"2020v4.0, 2020v4.1, 2020v4.2"
"/Return/ReturnData/IRS990ScheduleG/FundraisingEventInformationGrp/GrossReceiptsEvent1Amt",69255,64227,"2020v4.0, 2020v4.1, 2020v4.2"
"/Return/ReturnData/IRS990/FeesForServicesProfFundraising/TotalAmt",69248,64604,"2020v4.0, 2020v4.1, 2020v4.2"
"/Return/ReturnData/IRS990ScheduleA/GrossReceiptsNonUnrltBusGrp/TotalAmt",69224,66363,"2020v4.0, 2020v4.1, 2020v4.2"
"/Return/ReturnData/IRS990/ReceivablesFromOfficersEtcGrp",69199,64817,"2020v4.0, 2020v4.1, 2020v4.2"
"/Return/ReturnData/IRS990ScheduleD/OtherSecuritiesGrp",68997,26750,"2020v4.0, 2020v4.1, 2020v4.2"
"/Return/ReturnData/IRS990/GrantsToDomesticOrgsGrp/ProgramServicesAmt",68897,63998,"2020v4.0, 2020v4.1, 2020v4.2"
"/Return/ReturnData/IRS990ScheduleD/OtherSecuritiesGrp/Desc",68778,26668,"2020v4.0, 2020v4.1, 2020v4.2"
"/Return/ReturnData/IRS990/UnsecuredNotesLoansPayableGrp",68554,62851,"2020v4.0, 2020v4.1, 2020v4.2"
"/Return/ReturnData/IRS990ScheduleD/LeaseholdImprovementsGrp/OtherCostOrOtherBasisAmt",68437,63173,"2020v4.0, 2020v4.1, 2020v4.2"
"/Return/ReturnData/IRS990/ReceivablesFromOfficersEtcGrp/EOYAmt",68344,64024,"2020v4.0, 2020v4.1, 2020v4.2"
"/Return/ReturnData/IRS990/PensionPlanContributionsGrp/ProgramServicesAmt",68206,62000,"2020v4.0, 2020v4.1, 2020v4.2"
"/Return/ReturnData/IRS990/RentalIncomeOrLossGrp",68109,63795,"2020v4.0, 2020v4.1, 2020v4.2"
"/Return/ReturnData/IRS990ScheduleA/OtherIncome509Grp",68070,64631,"2020v4.0, 2020v4.1, 2020v4.2"
"/Return/ReturnData/IRS990/ProgramServiceRevenueGrp/ExclusionAmt",67916,29816,"2020v4.0, 2020v4.1, 2020v4.2"
"/Return/ReturnData/IRS990/MembershipDuesAmt",67866,64567,"2020v4.0, 2020v4.1, 2020v4.2"
"/Return/ReturnData/IRS990/ConferencesMeetingsGrp/ManagementAndGeneralAmt",67585,62179,"2020v4.0, 2020v4.1, 2020v4.2"
"/Return/ReturnData/IRS990ScheduleA/OtherIncome509Grp/TotalAmt",67442,64007,"2020v4.0, 2020v4.1, 2020v4.2"
"/Return/ReturnData/IRS990/GrossAmountSalesAssetsGrp/SecuritiesAmt",67383,62277,"2020v4.0, 2020v4.1, 2020v4.2"
"/Return/ReturnData/IRS990/OtherRevenueMiscGrp/ExclusionAmt",67309,41911,"2020v4.0, 2020v4.1, 2020v4.2"
"/Return/ReturnData/IRS990EZ/SpecialEventsNetIncomeLossAmt",67295,66477,"2020v4.0, 2020v4.1, 2020v4.2"
"/Return/ReturnData/IRS990/InventoriesForSaleOrUseGrp/BOYAmt",67151,62942,"2020v4.0, 2020v4.1, 2020v4.2"
"/Return/ReturnData/IRS990ScheduleG/FundraisingEventInformationGrp/NetIncomeSummaryAmt",67085,62294,"2020v4.0, 2020v4.1, 2020v4.2"
"/Return/ReturnData/IRS990/RcvblFromDisqualifiedPrsnGrp",66914,62635,"2020v4.0, 2020v4.1, 2020v4.2"
"/Return/ReturnData/IRS990ScheduleF/GrantsToOrgOutsideUSGrp/MannerOfCashDisbursementTxt",66860,6888,"2020v4.0, 2020v4.1, 2020v4.2"
"/Return/ReturnData/IRS990/RentalIncomeOrLossGrp/RealAmt",66771,62524,"2020v4.0, 2020v4.1, 2020v4.2"
"/Return/ReturnData/IRS990/ProgramServiceRevenueGrp/UnrelatedBusinessRevenueAmt",66747,30768,"2020v4.0, 2020v4.1, 2020v4.2"
"/Return/ReturnData/IRS990/IncmFromInvestBondProceedsGrp",66552,62242,"2020v4.0, 2020v4.1, 2020v4.2"
"/Return/ReturnData/IRS990/IncmFromInvestBondProceedsGrp/TotalRevenueColumnAmt",66376,62070,"2020v4.0, 2020v4.1, 2020v4.2"
"/Return/ReturnData/IRS990/RcvblFromDisqualifiedPrsnGrp/EOYAmt",66345,62111,"2020v4.0, 2020v4.1, 2020v4.2"
"/Return/ReturnData/IRS990/LessCostOthBasisSalesExpnssGrp/SecuritiesAmt",65493,60552,"2020v4.0, 2020v4.1, 2020v4.2"
"/Return/ReturnData/IRS990/InterestGrp/ProgramServicesAmt",65386,60070,"2020v4.0, 2020v4.1, 2020v4.2"
"/Return/ReturnData/IRS990/AllOtherExpensesGrp/FundraisingAmt",64028,58438,"2020v4.0, 2020v4.1, 2020v4.2"
"/Return/ReturnData/IRS990ScheduleG/LicensedStatesCd",63960,6532,"2020v4.0, 2020v4.1, 2020v4.2"
"/Return/ReturnData/IRS990/OtherEmployeeBenefitsGrp/FundraisingAmt",63929,57683,"2020v4.0, 2020v4.1, 2020v4.2"
"/Return/ReturnData/IRS990/InfoInScheduleOPartXIInd",63637,59369,"2020v4.0, 2020v4.1, 2020v4.2"
"/Return/ReturnData/IRS990ScheduleI/GrantsOtherAsstToIndivInUSGrp/RecipientCnt",63086,29604,"2020v4.0, 2020v4.1, 2020v4.2"
"/Return/ReturnData/IRS990/OccupancyGrp/FundraisingAmt",62586,57051,"2020v4.0, 2020v4.1, 2020v4.2"
"/Return/ReturnData/IRS990ScheduleG/FundraisingEventInformationGrp/GrossRevenueTotalEventsAmt",62558,58178,"2020v4.0, 2020v4.1, 2020v4.2"
"/Return/ReturnData/IRS990ScheduleG/FundraisingEventInformationGrp/DirectExpenseSummaryEventsAmt",62540,58038,"2020v4.0, 2020v4.1, 2020v4.2"
"/Return/ReturnData/IRS990EZ/OtherChangesInNetAssetsAmt",62195,61324,"2020v4.0, 2020v4.1, 2020v4.2"
"/Return/ReturnData/IRS990/PensionPlanContributionsGrp/ManagementAndGeneralAmt",62116,56396,"2020v4.0, 2020v4.1, 2020v4.2"
"/Return/ReturnData/IRS990/NoncashContributionsAmt",61680,56168,"2020v4.0, 2020v4.1, 2020v4.2"
"/Return/ReturnData/IRS990ScheduleI/GrantsOtherAsstToIndivInUSGrp/CashGrantAmt",60996,28679,"2020v4.0, 2020v4.1, 2020v4.2"
"/Return/ReturnData/IRS990/NetGainOrLossInvestmentsGrp/ExclusionAmt",60980,56143,"2020v4.0, 2020v4.1, 2020v4.2"
"/Return/ReturnData/IRS990ScheduleJ/CompBasedOnRevenueOfFlngOrgInd",60841,55334,"2020v4.0, 2020v4.1, 2020v4.2"
"/Return/ReturnData/IRS990ScheduleJ/CompBsdNetEarnsFlngOrgInd",60834,55327,"2020v4.0, 2020v4.1, 2020v4.2"
"/Return/ReturnData/IRS990ScheduleJ/CompBsdNetEarnsRltdOrgsInd",60832,55326,"2020v4.0, 2020v4.1, 2020v4.2"
"/Return/ReturnData/IRS990ScheduleJ/CompBsdOnRevRelatedOrgsInd",60823,55317,"2020v4.0, 2020v4.1, 2020v4.2"
"/Return/ReturnData/IRS990ScheduleJ/InitialContractExceptionInd",60745,55242,"2020v4.0, 2020v4.1, 2020v4.2"
"/Return/ReturnData/IRS990ScheduleJ/AnyNonFixedPaymentsInd",60714,55215,"2020v4.0, 2020v4.1, 2020v4.2"
"/Return/ReturnData/IRS990/ProgSrvcAccomActy3Grp/ExpenseAmt",60400,55246,"2020v4.0, 2020v4.1, 2020v4.2"
"/Return/ReturnData/IRS990/Form990PartVIISectionAGrp/KeyEmployeeInd",60369,26644,"2020v4.0, 2020v4.1, 2020v4.2"
"/Return/ReturnData/IRS990ScheduleG/FundraisingEventInformationGrp/GrossRevenueEvent1Amt",60351,56153,"2020v4.0, 2020v4.1, 2020v4.2"
"/Return/ReturnData/IRS990/ProgSrvcAccomActyOtherGrp",60297,42138,"2020v4.0, 2020v4.1, 2020v4.2"
"/Return/ReturnData/IRS990/InfoInScheduleOPartIXInd",60143,56464,"2020v4.0, 2020v4.1, 2020v4.2"
"/Return/ReturnData/IRS990/InterestGrp/ManagementAndGeneralAmt",59950,54671,"2020v4.0, 2020v4.1, 2020v4.2"
"/Return/ReturnData/IRS990/UnsecuredNotesLoansPayableGrp/EOYAmt",59776,55340,"2020v4.0, 2020v4.1, 2020v4.2"
"/Return/ReturnData/IRS990ScheduleA/OtherSupportSumAmt",59381,56133,"2020v4.0, 2020v4.1, 2020v4.2"
"/Return/ReturnData/IRS990ScheduleG/FundraisingEventInformationGrp/OthDirectExpnssTotalEventsAmt",59335,55007,"2020v4.0, 2020v4.1, 2020v4.2"
"/Return/ReturnData/IRS990EZ/LandAndBuildingsGrp",58911,58087,"2020v4.0, 2020v4.1, 2020v4.2"
"/Return/ReturnData/IRS990/InsuranceGrp/FundraisingAmt",58839,53761,"2020v4.0, 2020v4.1, 2020v4.2"
"/Return/ReturnData/IRS990EZ/InfoInScheduleOPartIIIInd",58609,57833,"2020v4.0, 2020v4.1, 2020v4.2"
"/Return/ReturnData/IRS990EZ/LandAndBuildingsGrp/EOYAmt",58410,57587,"2020v4.0, 2020v4.1, 2020v4.2"
"/Return/ReturnData/IRS990EZ/LandAndBuildingsGrp/BOYAmt",58103,57287,"2020v4.0, 2020v4.1, 2020v4.2"
"/Return/ReturnData/IRS990ScheduleR/IdRelatedOrgTxblPartnershipGrp/DirectControllingEntityName",58081,5577,"2020v4.0, 2020v4.1, 2020v4.2"
"/Return/ReturnData/IRS990ScheduleR/IdRelatedOrgTxblPartnershipGrp/DirectControllingEntityName/BusinessNameLine1Txt",58081,5577,"2020v4.0, 2020v4.1, 2020v4.2"
"/Return/ReturnData/IRS990ScheduleA/UnrelatedBusinessNetIncm170Grp",57686,54129,"2020v4.0, 2020v4.1, 2020v4.2"
"/Return/ReturnData/IRS990/ProgSrvcAccomActyOtherGrp/Desc",57605,39713,"2020v4.0, 2020v4.1, 2020v4.2"
"/Return/ReturnData/IRS990/FundraisingAmt",57524,52973,"2020v4.0, 2020v4.1, 2020v4.2"
"/Return/ReturnData/IRS990/AdvertisingGrp/FundraisingAmt",57312,52493,"2020v4.0, 2020v4.1, 2020v4.2"
"/Return/ReturnData/IRS990EZ/SalariesOtherCompEmplBnftAmt",57056,56280,"2020v4.0, 2020v4.1, 2020v4.2"
"/Return/ReturnData/IRS990ScheduleA/UnrelatedBusinessNetIncm170Grp/TotalAmt",56955,53404,"2020v4.0, 2020v4.1, 2020v4.2"
"/Return/ReturnData/IRS990ScheduleG/FundraisingEventInformationGrp/OtherDirectExpensesEvent1Amt",56404,52263,"2020v4.0, 2020v4.1, 2020v4.2"
"/Return/ReturnData/IRS990/ContriRptFundraisingEventAmt",55840,51350,"2020v4.0, 2020v4.1, 2020v4.2"
"/Return/ReturnData/IRS990/NetIncmFromFundraisingEvtGrp/ExclusionAmt",55462,50637,"2020v4.0, 2020v4.1, 2020v4.2"
"/Return/ReturnData/IRS990/UnsecuredNotesLoansPayableGrp/BOYAmt",55154,50059,"2020v4.0, 2020v4.1, 2020v4.2"
"/Return/ReturnData/IRS990/InfoInScheduleOPartXIIInd",54251,49614,"2020v4.0, 2020v4.1, 2020v4.2"
"/Return/ReturnData/IRS990ScheduleA/TaxRevLeviedOrgnztnlBnft509Grp",53958,51951,"2020v4.0, 2020v4.1, 2020v4.2"
"/Return/ReturnData/IRS990/Form990PartVIISectionAGrp/BusinessName",53452,5851,"2020v4.0, 2020v4.1, 2020v4.2"
"/Return/ReturnData/IRS990/Form990PartVIISectionAGrp/BusinessName/BusinessNameLine1Txt",53452,5851,"2020v4.0, 2020v4.1, 2020v4.2"
"/Return/ReturnData/IRS990ScheduleA/TaxRevLeviedOrgnztnlBnft509Grp/TotalAmt",53289,51284,"2020v4.0, 2020v4.1, 2020v4.2"
"/Return/ReturnData/IRS990/TotalOtherProgSrvcExpenseAmt",53217,49145,"2020v4.0, 2020v4.1, 2020v4.2"
"/Return/ReturnData/IRS990/GrossSalesOfInventoryAmt",52857,49697,"2020v4.0, 2020v4.1, 2020v4.2"
"/Return/ReturnData/IRS990/GainOrLossGrp/OtherAmt",52621,48920,"2020v4.0, 2020v4.1, 2020v4.2"
"/Return/ReturnData/IRS990/GrantsToDomesticIndividualsGrp/ProgramServicesAmt",52392,47905,"2020v4.0, 2020v4.1, 2020v4.2"
"/Return/ReturnData/IRS990/FeesForServicesOtherGrp/FundraisingAmt",51867,47304,"2020v4.0, 2020v4.1, 2020v4.2"
"/Return/ReturnData/IRS990ScheduleA/GovtFurnSrvcFcltsVl170Grp",51111,48032,"2020v4.0, 2020v4.1, 2020v4.2"
"/Return/ReturnData/IRS990/DepreciationDepletionGrp/FundraisingAmt",50705,46282,"2020v4.0, 2020v4.1, 2020v4.2"
"/Return/ReturnData/IRS990ScheduleA/NetIncomeFromOtherUBIGrp",50566,48509,"2020v4.0, 2020v4.1, 2020v4.2"
"/Return/ReturnData/IRS990/CostOfGoodsSoldAmt",50502,47548,"2020v4.0, 2020v4.1, 2020v4.2"
"/Return/ReturnData/IRS990EZ/GrossProfitLossSlsOfInvntryAmt",50499,49920,"2020v4.0, 2020v4.1, 2020v4.2"
"/Return/ReturnData/IRS990/ProgSrvcAccomActy2Grp/RevenueAmt",50432,46150,"2020v4.0, 2020v4.1, 2020v4.2"
"/Return/ReturnData/IRS990ScheduleA/GovtFurnSrvcFcltsVl170Grp/TotalAmt",50416,47343,"2020v4.0, 2020v4.1, 2020v4.2"
"/Return/ReturnData/IRS990ScheduleA/TaxRevLeviedOrgnztnlBnft170Grp",50062,47186,"2020v4.0, 2020v4.1, 2020v4.2"
"/Return/ReturnData/IRS990ScheduleA/NetIncomeFromOtherUBIGrp/TotalAmt",49869,47815,"2020v4.0, 2020v4.1, 2020v4.2"
"/Return/ReturnData/IRS990/FeesForServicesLegalGrp/ProgramServicesAmt",49823,46406,"2020v4.0, 2020v4.1, 2020v4.2"
"/Return/ReturnData/IRS990ScheduleI/SupplementalInformationDetail",49773,41980,"2020v4.0, 2020v4.1, 2020v4.2"
"/Return/ReturnData/IRS990ScheduleI/SupplementalInformationDetail/FormAndLineReferenceDesc",49748,41978,"2020v4.0, 2020v4.1, 2020v4.2"
"/Return/ReturnData/IRS990ScheduleI/SupplementalInformationDetail/ExplanationTxt",49713,41971,"2020v4.0, 2020v4.1, 2020v4.2"
"/Return/ReturnData/IRS990ScheduleA/TaxRevLeviedOrgnztnlBnft170Grp/TotalAmt",49348,46478,"2020v4.0, 2020v4.1, 2020v4.2"
"/Return/ReturnData/IRS990/InvestmentsOtherSecuritiesGrp/BOYAmt",49338,46072,"2020v4.0, 2020v4.1, 2020v4.2"
"/Return/ReturnData/IRS990ScheduleD/OtherSecuritiesGrp/BookValueAmt",49132,17925,"2020v4.0, 2020v4.1, 2020v4.2"
"/Return/ReturnData/IRS990EZ/GrantsAndSimilarAmountsPaidAmt",49081,48352,"2020v4.0, 2020v4.1, 2020v4.2"
"/Return/ReturnData/IRS990/GrossRentsGrp",49013,45722,"2020v4.0, 2020v4.1, 2020v4.2"
"/Return/ReturnData/IRS990ScheduleD/OtherSecuritiesGrp/MethodValuationCd",48919,17592,"2020v4.0, 2020v4.1, 2020v4.2"
"/Return/ReturnData/IRS990ScheduleJ/SupplementalInformationDetail",47862,27701,"2020v4.0, 2020v4.1, 2020v4.2"
"/Return/ReturnData/IRS990ScheduleJ/SupplementalInformationDetail/FormAndLineReferenceDesc",47861,27701,"2020v4.0, 2020v4.1, 2020v4.2"
"/Return/ReturnData/IRS990ScheduleJ/SupplementalInformationDetail/ExplanationTxt",47627,27544,"2020v4.0, 2020v4.1, 2020v4.2"
"/Return/ReturnData/IRS990/GrossRentsGrp/RealAmt",47624,44402,"2020v4.0, 2020v4.1, 2020v4.2"
"/Return/ReturnData/IRS990/TravelGrp/FundraisingAmt",47188,43306,"2020v4.0, 2020v4.1, 2020v4.2"
"/Return/ReturnData/IRS990/ProgSrvcAccomActyOtherGrp/ExpenseAmt",46921,31655,"2020v4.0, 2020v4.1, 2020v4.2"
"/Return/ReturnData/IRS990EZ/OtherRevenueTotalAmt",46554,45727,"2020v4.0, 2020v4.1, 2020v4.2"
"/Return/ReturnData/IRS990ScheduleA/Post1975UBTIGrp",46536,44842,"2020v4.0, 2020v4.1, 2020v4.2"
"/Return/ReturnData/IRS990ScheduleD/TotalBookValueOtherAssetsAmt",46211,42746,"2020v4.0, 2020v4.1, 2020v4.2"
"/Return/ReturnData/IRS990ScheduleA/SupportedOrgInformationGrp",45950,21144,"2020v4.0, 2020v4.1, 2020v4.2"
"/Return/ReturnData/IRS990ScheduleA/SupportedOrgInformationGrp/EIN",45950,21144,"2020v4.0, 2020v4.1, 2020v4.2"
"/Return/ReturnData/IRS990ScheduleA/SupportedOrgInformationGrp/GoverningDocumentListedInd",45950,21144,"2020v4.0, 2020v4.1, 2020v4.2"
"/Return/ReturnData/IRS990ScheduleA/SupportedOrgInformationGrp/OrganizationTypeCd",45950,21144,"2020v4.0, 2020v4.1, 2020v4.2"
"/Return/ReturnData/IRS990ScheduleA/SupportedOrgInformationGrp/OtherSupportAmt",45950,21144,"2020v4.0, 2020v4.1, 2020v4.2"
"/Return/ReturnData/IRS990ScheduleA/SupportedOrgInformationGrp/SupportAmt",45950,21144,"2020v4.0, 2020v4.1, 2020v4.2"
"/Return/ReturnData/IRS990ScheduleA/SupportedOrgInformationGrp/SupportedOrganizationName",45950,21144,"2020v4.0, 2020v4.1, 2020v4.2"
"/Return/ReturnData/IRS990ScheduleA/SupportedOrgInformationGrp/SupportedOrganizationName/BusinessNameLine1Txt",45950,21144,"2020v4.0, 2020v4.1, 2020v4.2"
"/Return/ReturnData/IRS990EZ/DirectIndirectPltclExpendAmt",45897,45210,"2020v4.0, 2020v4.1, 2020v4.2"
"/Return/ReturnData/IRS990ScheduleA/Post1975UBTIGrp/TotalAmt",45855,44167,"2020v4.0, 2020v4.1, 2020v4.2"
"/Return/ReturnData/IRS990ScheduleD/NetUnrealizedGainsInvstAmt",45604,41058,"2020v4.0, 2020v4.1, 2020v4.2"
"/Return/ReturnData/IRS990/PriorPeriodAdjustmentsAmt",44669,42118,"2020v4.0, 2020v4.1, 2020v4.2"
"/Return/ReturnData/IRS990/FeesForSrvcInvstMgmntFeesGrp/ManagementAndGeneralAmt",44590,40834,"2020v4.0, 2020v4.1, 2020v4.2"
"/Return/ReturnData/IRS990ScheduleA/OtherIncome170Grp/CurrentTaxYearMinus1YearAmt",43952,40315,"2020v4.0, 2020v4.1, 2020v4.2"
"/Return/ReturnData/IRS990ScheduleA/OtherIncome170Grp/CurrentTaxYearAmt",43804,40118,"2020v4.0, 2020v4.1, 2020v4.2"
"/Return/ReturnData/IRS990/TransactionWithControlEntInd",43789,41336,"2020v4.0, 2020v4.1, 2020v4.2"
"/Return/ReturnData/IRS990ScheduleD/CYMinus3YrEndwmtFundGrp",43382,39135,"2020v4.0, 2020v4.1, 2020v4.2"
"/Return/ReturnData/IRS990ScheduleA/OtherIncome170Grp/CurrentTaxYearMinus2YearsAmt",43297,39663,"2020v4.0, 2020v4.1, 2020v4.2"
"/Return/ReturnData/IRS990ScheduleD/CYMinus4YrEndwmtFundGrp",42647,38483,"2020v4.0, 2020v4.1, 2020v4.2"
"/Return/ReturnData/IRS990ScheduleA/OtherIncome170Grp/CurrentTaxYearMinus3YearsAmt",42406,38823,"2020v4.0, 2020v4.1, 2020v4.2"
"/Return/ReturnData/IRS990EZ/GainOrLossFromSaleOfAssetsAmt",42113,41625,"2020v4.0, 2020v4.1, 2020v4.2"
"/Return/ReturnData/IRS990/OtherWebsiteInd",41664,37789,"2020v4.0, 2020v4.1, 2020v4.2"
"/Return/ReturnData/IRS990ScheduleA/OtherIncome170Grp/CurrentTaxYearMinus4YearsAmt",41469,37945,"2020v4.0, 2020v4.1, 2020v4.2"
"/Return/ReturnData/IRS990EZ/Organization501cInd",41397,39383,"2020v4.0, 2020v4.1, 2020v4.2"
"/Return/ReturnData/IRS990ScheduleF/AccountActivitiesOutsideUSGrp",41233,12633,"2020v4.0, 2020v4.1, 2020v4.2"
"/Return/ReturnData/IRS990/CapStkTrPrinCurrentFundsGrp",41004,39352,"2020v4.0, 2020v4.1, 2020v4.2"
"/Return/ReturnData/IRS990ScheduleJ/BoardOrCommitteeApprovalInd",40933,37682,"2020v4.0, 2020v4.1, 2020v4.2"
"/Return/ReturnData/IRS990/FeesForServicesManagementGrp/ManagementAndGeneralAmt",40837,37910,"2020v4.0, 2020v4.1, 2020v4.2"
"/Return/ReturnData/IRS990/FeesForServicesAccountingGrp/FundraisingAmt",40736,37785,"2020v4.0, 2020v4.1, 2020v4.2"
"/Return/ReturnData/IRS990/CapStkTrPrinCurrentFundsGrp/BOYAmt",40729,39087,"2020v4.0, 2020v4.1, 2020v4.2"
"/Return/ReturnData/IRS990/CapStkTrPrinCurrentFundsGrp/EOYAmt",40516,38882,"2020v4.0, 2020v4.1, 2020v4.2"
"/Return/ReturnData/IRS990/OthNotesLoansReceivableNetGrp/BOYAmt",40515,38093,"2020v4.0, 2020v4.1, 2020v4.2"
"/Return/ReturnData/IRS990/InformationTechnologyGrp/FundraisingAmt",40507,37147,"2020v4.0, 2020v4.1, 2020v4.2"
"/Return/ReturnData/IRS990ScheduleF/AccountActivitiesOutsideUSGrp/RegionTxt",40492,12626,"2020v4.0, 2020v4.1, 2020v4.2"
"/Return/ReturnData/IRS990ScheduleF/AccountActivitiesOutsideUSGrp/TypeOfActivitiesConductedTxt",40233,12478,"2020v4.0, 2020v4.1, 2020v4.2"
"/Return/ReturnData/IRS990/InvestmentIncomeGrp/UnrelatedBusinessRevenueAmt",40103,37970,"2020v4.0, 2020v4.1, 2020v4.2"
"/Return/ReturnData/IRS990ScheduleD/EndowmentsHeldUnrelatedOrgInd",39787,35570,"2020v4.0, 2020v4.1, 2020v4.2"
"/Return/ReturnData/IRS990ScheduleD/EndowmentsHeldRelatedOrgInd",39605,35404,"2020v4.0, 2020v4.1, 2020v4.2"
"/Return/ReturnData/IRS990/AcctCompileOrReviewBasisGrp",39063,36580,"2020v4.0, 2020v4.1, 2020v4.2"
"/Return/ReturnData/IRS990ScheduleD/CYEndwmtFundGrp",38916,34780,"2020v4.0, 2020v4.1, 2020v4.2"
"/Return/ReturnData/IRS990ScheduleF/AccountActivitiesOutsideUSGrp/RegionTotalExpendituresAmt",38754,11968,"2020v4.0, 2020v4.1, 2020v4.2"
"/Return/ReturnData/IRS990ScheduleD/CYMinus1YrEndwmtFundGrp",38742,34638,"2020v4.0, 2020v4.1, 2020v4.2"
"/Return/ReturnData/IRS990ScheduleC",38618,37192,"2020v4.0, 2020v4.1, 2020v4.2"
"/Return/ReturnData/IRS990ScheduleD/CYMinus1YrEndwmtFundGrp/EndYearBalanceAmt",38493,34405,"2020v4.0, 2020v4.1, 2020v4.2"
"/Return/ReturnData/IRS990ScheduleD/CYEndwmtFundGrp/EndYearBalanceAmt",38470,34366,"2020v4.0, 2020v4.1, 2020v4.2"
"/Return/ReturnData/IRS990/NetGainOrLossInvestmentsGrp/RelatedOrExemptFuncIncomeAmt",38434,35759,"2020v4.0, 2020v4.1, 2020v4.2"
"/Return/ReturnData/IRS990ScheduleD/CYMinus2YrEndwmtFundGrp",38327,34270,"2020v4.0, 2020v4.1, 2020v4.2"
"/Return/ReturnData/IRS990ScheduleD/CYMinus2YrEndwmtFundGrp/EndYearBalanceAmt",38037,34004,"2020v4.0, 2020v4.1, 2020v4.2"
"/Return/ReturnData/IRS990ScheduleD/CYEndwmtFundGrp/BeginningYearBalanceAmt",38028,33960,"2020v4.0, 2020v4.1, 2020v4.2"
"/Return/ReturnData/IRS990ScheduleD/CYMinus1YrEndwmtFundGrp/BeginningYearBalanceAmt",37740,33712,"2020v4.0, 2020v4.1, 2020v4.2"
"/Return/ReturnData/IRS990/Form8282FiledCnt",37735,34487,"2020v4.0, 2020v4.1, 2020v4.2"
"/Return/ReturnData/IRS990ScheduleA/GovtFurnSrvcFcltsVl509Grp",37563,36126,"2020v4.0, 2020v4.1, 2020v4.2"
"/Return/ReturnData/IRS990/PdInCapSrplsLandBldgEqpFundGrp",37461,35921,"2020v4.0, 2020v4.1, 2020v4.2"
"/Return/ReturnData/IRS990ScheduleD/CYMinus3YrEndwmtFundGrp/EndYearBalanceAmt",37311,33348,"2020v4.0, 2020v4.1, 2020v4.2"
"/Return/ReturnData/IRS990/PdInCapSrplsLandBldgEqpFundGrp/BOYAmt",37211,35687,"2020v4.0, 2020v4.1, 2020v4.2"
"/Return/ReturnData/IRS990ScheduleD/CYMinus2YrEndwmtFundGrp/BeginningYearBalanceAmt",37177,33209,"2020v4.0, 2020v4.1, 2020v4.2"
"/Return/ReturnData/IRS990/PdInCapSrplsLandBldgEqpFundGrp/EOYAmt",37152,35618,"2020v4.0, 2020v4.1, 2020v4.2"
"/Return/ReturnData/IRS990/PensionPlanContributionsGrp/FundraisingAmt",37136,33696,"2020v4.0, 2020v4.1, 2020v4.2"
"/Return/ReturnData/IRS990ScheduleL/BusTrInvolveInterestedPrsnGrp",36938,17727,"2020v4.0, 2020v4.1, 2020v4.2"
"/Return/ReturnData/IRS990ScheduleA/GovtFurnSrvcFcltsVl509Grp/TotalAmt",36907,35471,"2020v4.0, 2020v4.1, 2020v4.2"
"/Return/ReturnData/IRS990ScheduleL/BusTrInvolveInterestedPrsnGrp/SharingOfRevenuesInd",36697,17638,"2020v4.0, 2020v4.1, 2020v4.2"
"/Return/ReturnData/IRS990ScheduleD/CYMinus4YrEndwmtFundGrp/EndYearBalanceAmt",36522,32649,"2020v4.0, 2020v4.1, 2020v4.2"
"/Return/ReturnData/IRS990ScheduleD/CYMinus3YrEndwmtFundGrp/BeginningYearBalanceAmt",36402,32512,"2020v4.0, 2020v4.1, 2020v4.2"
"/Return/ReturnData/IRS990EZ/MethodOfAccountingAccrualInd",35762,35243,"2020v4.0, 2020v4.1, 2020v4.2"
"/Return/ReturnData/IRS990ScheduleD/CYMinus4YrEndwmtFundGrp/BeginningYearBalanceAmt",35668,31850,"2020v4.0, 2020v4.1, 2020v4.2"
"/Return/ReturnData/IRS990/LessRentalExpensesGrp",35638,33194,"2020v4.0, 2020v4.1, 2020v4.2"
"/Return/ReturnData/IRS990ScheduleI/Total501c3OrgCnt",35238,32595,"2020v4.0, 2020v4.1, 2020v4.2"
"/Return/ReturnData/IRS990/FSAuditedBasisGrp/ConsolidatedBasisFinclStmtInd",34863,32317,"2020v4.0, 2020v4.1, 2020v4.2"
"/Return/ReturnData/IRS990/LessRentalExpensesGrp/RealAmt",34798,32396,"2020v4.0, 2020v4.1, 2020v4.2"
"/Return/ReturnData/IRS990/ProgSrvcAccomActy3Grp/RevenueAmt",34756,31842,"2020v4.0, 2020v4.1, 2020v4.2"
"/Return/ReturnData/CompensationExplanation",34390,33782,"2020v4.0, 2020v4.1, 2020v4.2"
"/Return/ReturnData/IRS990EZ/BooksInCareOfDetail/BusinessName",34232,33729,"2020v4.0, 2020v4.1, 2020v4.2"
"/Return/ReturnData/IRS990EZ/BooksInCareOfDetail/BusinessName/BusinessNameLine1Txt",34232,33729,"2020v4.0, 2020v4.1, 2020v4.2"
"/Return/ReturnData/IRS990/ConferencesMeetingsGrp/FundraisingAmt",34149,31515,"2020v4.0, 2020v4.1, 2020v4.2"
"/Return/ReturnData/IRS990/Form990TFiledInd",33560,32141,"2020v4.0, 2020v4.1, 2020v4.2"
"/Return/ReturnData/IRS990/GrossAmountSalesAssetsGrp/OtherAmt",33541,31185,"2020v4.0, 2020v4.1, 2020v4.2"
"/Return/ReturnData/IRS990ScheduleE/SupplementalInformationDetail",33364,15419,"2020v4.0, 2020v4.1, 2020v4.2"
"/Return/ReturnData/IRS990ScheduleE/SupplementalInformationDetail/FormAndLineReferenceDesc",33364,15419,"2020v4.0, 2020v4.1, 2020v4.2"
"/Return/ReturnData/IRS990/NetIncomeOrLossGrp/RelatedOrExemptFuncIncomeAmt",33208,31246,"2020v4.0, 2020v4.1, 2020v4.2"
"/Return/ReturnData/IRS990ScheduleL/BusTrInvolveInterestedPrsnGrp/NameOfInterested",33190,17484,"2020v4.0, 2020v4.1, 2020v4.2"
"/Return/ReturnData/IRS990/ProgSrvcAccomActy2Grp/GrantAmt",33081,30417,"2020v4.0, 2020v4.1, 2020v4.2"
"/Return/ReturnData/IRS990ScheduleD/CYMinus1YrEndwmtFundGrp/InvestmentEarningsOrLossesAmt",33072,29453,"2020v4.0, 2020v4.1, 2020v4.2"
"/Return/ReturnData/IRS990/IntangibleAssetsGrp/BOYAmt",33026,31102,"2020v4.0, 2020v4.1, 2020v4.2"
"/Return/ReturnData/IRS990ScheduleD/CYEndwmtFundGrp/InvestmentEarningsOrLossesAmt",33010,29379,"2020v4.0, 2020v4.1, 2020v4.2"
"/Return/ReturnData/IRS990ScheduleL/BusTrInvolveInterestedPrsnGrp/RelationshipDescriptionTxt",32971,17299,"2020v4.0, 2020v4.1, 2020v4.2"
"/Return/ReturnData/IRS990ScheduleG/FundraisingEventInformationGrp/Event2Nm",32835,30404,"2020v4.0, 2020v4.1, 2020v4.2"
"/Return/ReturnData/IRS990/DAFExcessBusinessHoldingsInd",32791,30754,"2020v4.0, 2020v4.1, 2020v4.2"
"/Return/ReturnData/IRS990ScheduleD/CYMinus2YrEndwmtFundGrp/InvestmentEarningsOrLossesAmt",32672,29111,"2020v4.0, 2020v4.1, 2020v4.2"
"/Return/ReturnData/IRS990ScheduleL/BusTrInvolveInterestedPrsnGrp/TransactionDesc",32609,17190,"2020v4.0, 2020v4.1, 2020v4.2"
"/Return/ReturnData/IRS990/LessCostOthBasisSalesExpnssGrp/OtherAmt",32594,30010,"2020v4.0, 2020v4.1, 2020v4.2"
"/Return/ReturnData/IRS990/TaxableDistributionsInd",32417,30427,"2020v4.0, 2020v4.1, 2020v4.2"
"/Return/ReturnData/IRS990/TotalOtherProgSrvcRevenueAmt",32416,29960,"2020v4.0, 2020v4.1, 2020v4.2"
"/Return/ReturnData/IRS990ScheduleM",32412,29152,"2020v4.0, 2020v4.1, 2020v4.2"
"/Return/ReturnData/IRS990ScheduleG/FundraisingEventInformationGrp/CharitableContributionsTotAmt",32399,29613,"2020v4.0, 2020v4.1, 2020v4.2"
"/Return/ReturnData/IRS990/FeesForServicesManagementGrp/ProgramServicesAmt",32385,30293,"2020v4.0, 2020v4.1, 2020v4.2"
"/Return/ReturnData/IRS990/DistributionToDonorInd",32128,30153,"2020v4.0, 2020v4.1, 2020v4.2"
"/Return/ReturnData/IRS990ScheduleF/AccountActivitiesOutsideUSGrp/EmployeeCnt",32012,10284,"2020v4.0, 2020v4.1, 2020v4.2"
"/Return/ReturnData/IRS990/AcctCompileOrReviewBasisGrp/SeparateBasisFinclStmtInd",32009,29879,"2020v4.0, 2020v4.1, 2020v4.2"
"/Return/ReturnData/IRS990ScheduleM/ThirdPartiesUsedInd",32002,28770,"2020v4.0, 2020v4.1, 2020v4.2"
"/Return/ReturnData/IRS990ScheduleM/ReviewProcessUnusualNCGiftsInd",31991,28761,"2020v4.0, 2020v4.1, 2020v4.2"
"/Return/ReturnData/IRS990ScheduleD/CYMinus3YrEndwmtFundGrp/InvestmentEarningsOrLossesAmt",31962,28487,"2020v4.0, 2020v4.1, 2020v4.2"
"/Return/ReturnData/IRS990/OtherRevenueMiscGrp/UnrelatedBusinessRevenueAmt",31879,18820,"2020v4.0, 2020v4.1, 2020v4.2"
"/Return/ReturnData/IRS990ScheduleM/AnyPropertyThatMustBeHeldInd",31816,28600,"2020v4.0, 2020v4.1, 2020v4.2"
"/Return/ReturnData/IRS990ScheduleD/LandGrp/InvestmentCostOrOtherBasisAmt",31788,29778,"2020v4.0, 2020v4.1, 2020v4.2"
"/Return/ReturnData/IRS990ScheduleD/OtherRevenueAmt",31624,28511,"2020v4.0, 2020v4.1, 2020v4.2"
"/Return/ReturnData/IRS990ScheduleD/OtherExpensesIncludedAmt",31617,28551,"2020v4.0, 2020v4.1, 2020v4.2"
"/Return/ReturnData/IRS990ScheduleH/SupplementalInformationDetail",31462,2345,"2020v4.0, 2020v4.1, 2020v4.2"
"/Return/ReturnData/IRS990ScheduleH/SupplementalInformationDetail/FormAndLineReferenceDesc",31462,2345,"2020v4.0, 2020v4.1, 2020v4.2"
"/Return/ReturnData/IRS990ScheduleH/SupplementalInformationDetail/ExplanationTxt",31459,2345,"2020v4.0, 2020v4.1, 2020v4.2"
"/Return/ReturnData/IRS990ScheduleG/FundraisingEventInformationGrp/CharitableContriEvent1Amt",31360,28657,"2020v4.0, 2020v4.1, 2020v4.2"
"/Return/ReturnData/IRS990EZ/InfoInScheduleOPartVInd",31350,30909,"2020v4.0, 2020v4.1, 2020v4.2"
"/Return/ReturnData/IRS990/RelatedOrganizationsAmt",31342,29425,"2020v4.0, 2020v4.1, 2020v4.2"
"/Return/ReturnData/IRS990ScheduleF/AccountActivitiesOutsideUSGrp/OfficesCnt",31267,10156,"2020v4.0, 2020v4.1, 2020v4.2"
"/Return/ReturnData/IRS990ScheduleD/CYMinus4YrEndwmtFundGrp/InvestmentEarningsOrLossesAmt",31133,27749,"2020v4.0, 2020v4.1, 2020v4.2"
"/Return/ReturnData/IRS990ScheduleL",31044,29052,"2020v4.0, 2020v4.1, 2020v4.2"
"/Return/ReturnData/IRS990ScheduleG/FundraisingEventInformationGrp/GrossReceiptsEvent2Amt",30956,28610,"2020v4.0, 2020v4.1, 2020v4.2"
"/Return/ReturnData/IRS990ScheduleR/IdDisregardedEntitiesGrp",30948,9870,"2020v4.0, 2020v4.1, 2020v4.2"
"/Return/ReturnData/IRS990ScheduleR/IdDisregardedEntitiesGrp/DisregardedEntityName",30942,9867,"2020v4.0, 2020v4.1, 2020v4.2"
"/Return/ReturnData/IRS990ScheduleR/IdDisregardedEntitiesGrp/DisregardedEntityName/BusinessNameLine1Txt",30942,9867,"2020v4.0, 2020v4.1, 2020v4.2"
"/Return/ReturnData/IRS990ScheduleM/OtherNonCashContriTableGrp",30779,14449,"2020v4.0, 2020v4.1, 2020v4.2"
"/Return/ReturnData/IRS990ScheduleM/OtherNonCashContriTableGrp/NoncashContributionsRptF990Amt",30598,14387,"2020v4.0, 2020v4.1, 2020v4.2"
"/Return/ReturnData/IRS990ScheduleR/IdDisregardedEntitiesGrp/PrimaryActivitiesTxt",30546,9714,"2020v4.0, 2020v4.1, 2020v4.2"
"/Return/ReturnData/IRS990/FederatedCampaignsAmt",30433,28044,"2020v4.0, 2020v4.1, 2020v4.2"
"/Return/ReturnData/IRS990/LoansFromOfficersDirectorsGrp",30414,28800,"2020v4.0, 2020v4.1, 2020v4.2"
"/Return/ReturnData/IRS990ScheduleR/IdDisregardedEntitiesGrp/LegalDomicileStateCd",30277,9678,"2020v4.0, 2020v4.1, 2020v4.2"
"/Return/ReturnData/IRS990EZ/GrossSalesOfInventoryAmt",30272,29886,"2020v4.0, 2020v4.1, 2020v4.2"
"/Return/ReturnData/IRS990ScheduleR/IdDisregardedEntitiesGrp/USAddress",30225,9670,"2020v4.0, 2020v4.1, 2020v4.2"
"/Return/ReturnData/IRS990ScheduleR/IdDisregardedEntitiesGrp/USAddress/AddressLine1Txt",30225,9670,"2020v4.0, 2020v4.1, 2020v4.2"
"/Return/ReturnData/IRS990ScheduleR/IdDisregardedEntitiesGrp/USAddress/CityNm",30225,9670,"2020v4.0, 2020v4.1, 2020v4.2"
"/Return/ReturnData/IRS990ScheduleR/IdDisregardedEntitiesGrp/USAddress/StateAbbreviationCd",30225,9670,"2020v4.0, 2020v4.1, 2020v4.2"
"/Return/ReturnData/IRS990ScheduleR/IdDisregardedEntitiesGrp/USAddress/ZIPCd",30225,9670,"2020v4.0, 2020v4.1, 2020v4.2"
"/Return/ReturnData/IRS990/GrantsPayableGrp",30104,28272,"2020v4.0, 2020v4.1, 2020v4.2"
"/Return/ReturnData/IRS990/RentalIncomeOrLossGrp/PersonalAmt",30023,28429,"2020v4.0, 2020v4.1, 2020v4.2"
"/Return/ReturnData/IRS990/FederalGrantAuditPerformedInd",30005,26982,"2020v4.0, 2020v4.1, 2020v4.2"
"/Return/ReturnData/IRS990/InvestmentsProgramRelatedGrp/BOYAmt",29681,28079,"2020v4.0, 2020v4.1, 2020v4.2"
"/Return/ReturnData/IRS990/TotalOthProgramServiceRevGrp",29586,27903,"2020v4.0, 2020v4.1, 2020v4.2"
"/Return/ReturnData/IRS990/TotalOthProgramServiceRevGrp/TotalRevenueColumnAmt",29426,27746,"2020v4.0, 2020v4.1, 2020v4.2"
"/Return/ReturnData/IRS990ScheduleF/AccountActivitiesOutsideUSGrp/SpecificServicesProvidedTxt",29424,9564,"2020v4.0, 2020v4.1, 2020v4.2"
"/Return/ReturnData/IRS990ScheduleM/OtherNonCashContriTableGrp/ContributionCnt",29366,13790,"2020v4.0, 2020v4.1, 2020v4.2"
"/Return/ReturnData/IRS990ScheduleM/OtherNonCashContriTableGrp/NonCashCheckboxInd",29330,13795,"2020v4.0, 2020v4.1, 2020v4.2"
"/Return/ReturnData/IRS990ScheduleM/OtherNonCashContriTableGrp/Desc",29091,13075,"2020v4.0, 2020v4.1, 2020v4.2"
"/Return/ReturnData/IRS990/LoansFromOfficersDirectorsGrp/BOYAmt",29090,27537,"2020v4.0, 2020v4.1, 2020v4.2"
"/Return/ReturnData/TransferPrsnlBnftContractsDecl",28896,28471,"2020v4.0, 2020v4.1, 2020v4.2"
"/Return/ReturnData/TransferPrsnlBnftContractsDecl/DeclarationDesc",28896,28471,"2020v4.0, 2020v4.1, 2020v4.2"
"/Return/ReturnData/IRS990/NetRentalIncomeOrLossGrp/ExclusionAmt",28878,26791,"2020v4.0, 2020v4.1, 2020v4.2"
"/Return/ReturnData/IRS990ScheduleL/BusTrInvolveInterestedPrsnGrp/TransactionAmt",28840,15193,"2020v4.0, 2020v4.1, 2020v4.2"
"/Return/ReturnData/IRS990/LoansFromOfficersDirectorsGrp/EOYAmt",28578,27099,"2020v4.0, 2020v4.1, 2020v4.2"
"/Return/ReturnData/IRS990/GrantsPayableGrp/EOYAmt",28574,26854,"2020v4.0, 2020v4.1, 2020v4.2"
"/Return/ReturnData/IRS990/GrantsPayableGrp/BOYAmt",28368,26632,"2020v4.0, 2020v4.1, 2020v4.2"
"/Return/ReturnData/IRS990ScheduleA/OtherIncome509Grp/CurrentTaxYearAmt",28129,26214,"2020v4.0, 2020v4.1, 2020v4.2"
"/Return/ReturnData/IRS990/EscrowAccountLiabilityGrp",28097,26375,"2020v4.0, 2020v4.1, 2020v4.2"
"/Return/ReturnData/IRS990ScheduleD/EquipmentGrp/InvestmentCostOrOtherBasisAmt",27905,26196,"2020v4.0, 2020v4.1, 2020v4.2"
"/Return/ReturnData/IRS990/GamingGrossIncomeAmt",27651,26369,"2020v4.0, 2020v4.1, 2020v4.2"
"/Return/ReturnData/IRS990ScheduleA/OtherIncome509Grp/CurrentTaxYearMinus1YearAmt",27609,25763,"2020v4.0, 2020v4.1, 2020v4.2"
"/Return/ReturnData/IRS990/DoingBusinessAsName",27576,25767,"2020v4.0, 2020v4.1, 2020v4.2"
"/Return/ReturnData/IRS990/DoingBusinessAsName/BusinessNameLine1Txt",27576,25767,"2020v4.0, 2020v4.1, 2020v4.2"
"/Return/ReturnData/IRS990/EscrowAccountLiabilityGrp/BOYAmt",27552,25848,"2020v4.0, 2020v4.1, 2020v4.2"
"/Return/ReturnData/IRS990/EscrowAccountLiabilityGrp/EOYAmt",27308,25633,"2020v4.0, 2020v4.1, 2020v4.2"
"/Return/ReturnData/IRS990/TaxExemptBondLiabilitiesGrp",27213,25534,"2020v4.0, 2020v4.1, 2020v4.2"
"/Return/ReturnData/IRS990ScheduleA/OtherIncome509Grp/CurrentTaxYearMinus2YearsAmt",27200,25382,"2020v4.0, 2020v4.1, 2020v4.2"
"/Return/ReturnData/IRS990/TotalOtherProgSrvcGrantAmt",27000,25143,"2020v4.0, 2020v4.1, 2020v4.2"
"/Return/ReturnData/IRS990/GamingDirectExpensesAmt",26934,25678,"2020v4.0, 2020v4.1, 2020v4.2"
"/Return/ReturnData/IRS990/TaxExemptBondLiabilitiesGrp/BOYAmt",26838,25180,"2020v4.0, 2020v4.1, 2020v4.2"
"/Return/ReturnData/IRS990ScheduleE/SupplementalInformationDetail/ExplanationTxt",26810,14427,"2020v4.0, 2020v4.1, 2020v4.2"
"/Return/ReturnData/IRS990ScheduleG/FundraisingEventInformationGrp/GrossRevenueEvent2Amt",26787,24863,"2020v4.0, 2020v4.1, 2020v4.2"
"/Return/ReturnData/IRS990ScheduleA/OtherIncome509Grp/CurrentTaxYearMinus3YearsAmt",26710,24912,"2020v4.0, 2020v4.1, 2020v4.2"
"/Return/ReturnData/IRS990ScheduleM/OtherNonCashContriTableGrp/MethodOfDeterminingRevenuesTxt",26521,11878,"2020v4.0, 2020v4.1, 2020v4.2"
"/Return/ReturnData/IRS990/TaxExemptBondLiabilitiesGrp/EOYAmt",26478,24848,"2020v4.0, 2020v4.1, 2020v4.2"
"/Return/ReturnHeader/AdditionalFilerInformation/TrustedCustomerGrp/LastSubmissionRqrOOBCd",26403,25403,"2020v4.0"
"/Return/ReturnData/IRS990ScheduleA/OtherIncome509Grp/CurrentTaxYearMinus4YearsAmt",26093,24330,"2020v4.0, 2020v4.1, 2020v4.2"
"/Return/ReturnData/IRS990ScheduleD/PrmnntEndowmentBalanceEOYPct",25865,23028,"2020v4.0, 2020v4.1, 2020v4.2"
"/Return/ReturnData/IRS990ScheduleH/OthHlthCareFcltsNotHospitalGrp/OthHlthCareFcltsGrp",25702,1556,"2020v4.0, 2020v4.1, 2020v4.2"
"/Return/ReturnData/IRS990ScheduleH/OthHlthCareFcltsNotHospitalGrp/OthHlthCareFcltsGrp/BusinessName",25702,1556,"2020v4.0, 2020v4.1, 2020v4.2"
"/Return/ReturnData/IRS990ScheduleH/OthHlthCareFcltsNotHospitalGrp/OthHlthCareFcltsGrp/BusinessName/BusinessNameLine1Txt",25702,1556,"2020v4.0, 2020v4.1, 2020v4.2"
"/Return/ReturnData/IRS990ScheduleH/OthHlthCareFcltsNotHospitalGrp/OthHlthCareFcltsGrp/FacilityTxt",25702,1556,"2020v4.0, 2020v4.1, 2020v4.2"
"/Return/ReturnData/IRS990ScheduleH/OthHlthCareFcltsNotHospitalGrp/OthHlthCareFcltsGrp/USAddress",25702,1556,"2020v4.0, 2020v4.1, 2020v4.2"
"/Return/ReturnData/IRS990ScheduleH/OthHlthCareFcltsNotHospitalGrp/OthHlthCareFcltsGrp/USAddress/AddressLine1Txt",25702,1556,"2020v4.0, 2020v4.1, 2020v4.2"
"/Return/ReturnData/IRS990ScheduleH/OthHlthCareFcltsNotHospitalGrp/OthHlthCareFcltsGrp/USAddress/CityNm",25702,1556,"2020v4.0, 2020v4.1, 2020v4.2"
"/Return/ReturnData/IRS990ScheduleH/OthHlthCareFcltsNotHospitalGrp/OthHlthCareFcltsGrp/USAddress/StateAbbreviationCd",25702,1556,"2020v4.0, 2020v4.1, 2020v4.2"
"/Return/ReturnData/IRS990ScheduleH/OthHlthCareFcltsNotHospitalGrp/OthHlthCareFcltsGrp/USAddress/ZIPCd",25702,1556,"2020v4.0, 2020v4.1, 2020v4.2"
"/Return/ReturnData/IRS990ScheduleR/IdDisregardedEntitiesGrp/EIN",25470,8222,"2020v4.0, 2020v4.1, 2020v4.2"
"/Return/ReturnData/IRS990/TotalOthProgramServiceRevGrp/RelatedOrExemptFuncIncomeAmt",25419,23952,"2020v4.0, 2020v4.1, 2020v4.2"
"/Return/ReturnData/IRS990ScheduleI/TotalOtherOrgCnt",25409,23573,"2020v4.0, 2020v4.1, 2020v4.2"
"/Return/ReturnData/IRS990ScheduleR/IdDisregardedEntitiesGrp/DirectControllingEntityName",25395,8402,"2020v4.0, 2020v4.1, 2020v4.2"
"/Return/ReturnData/IRS990ScheduleR/IdDisregardedEntitiesGrp/DirectControllingEntityName/BusinessNameLine1Txt",25395,8402,"2020v4.0, 2020v4.1, 2020v4.2"
"/Return/ReturnData/IRS990ScheduleL/LoansBtwnOrgInterestedPrsnGrp",25387,11453,"2020v4.0, 2020v4.1, 2020v4.2"
"/Return/ReturnData/IRS990ScheduleL/LoansBtwnOrgInterestedPrsnGrp/DefaultInd",25226,11408,"2020v4.0, 2020v4.1, 2020v4.2"
"/Return/ReturnData/IRS990ScheduleL/LoansBtwnOrgInterestedPrsnGrp/BoardOrCommitteeApprovalInd",25219,11398,"2020v4.0, 2020v4.1, 2020v4.2"
"/Return/ReturnData/IRS990EZ/GrossReceiptsForPublicUseAmt",25173,24690,"2020v4.0, 2020v4.1, 2020v4.2"
"/Return/ReturnData/IRS990EZ/InitiationFeesAndCapContriAmt",25172,24690,"2020v4.0, 2020v4.1, 2020v4.2"
"/Return/ReturnData/IRS990ScheduleL/LoansBtwnOrgInterestedPrsnGrp/WrittenAgreementInd",25172,11363,"2020v4.0, 2020v4.1, 2020v4.2"
"/Return/ReturnData/IRS990/QuidProQuoContriDisclInd",25006,22553,"2020v4.0, 2020v4.1, 2020v4.2"
"/Return/ReturnData/IRS990ScheduleA/SubstAndDsqlfyPrsnsTotGrp/CurrentTaxYearMinus1YearAmt",24897,23471,"2020v4.0, 2020v4.1, 2020v4.2"
"/Return/ReturnData/IRS990/ReceivablesFromOfficersEtcGrp/BOYAmt",24736,23513,"2020v4.0, 2020v4.1, 2020v4.2"
"/Return/ReturnData/IRS990ScheduleD/DonatedServicesAndUseFcltsAmt",24699,21905,"2020v4.0, 2020v4.1, 2020v4.2"
"/Return/ReturnData/IRS990ScheduleA/SubstAndDsqlfyPrsnsTotGrp/CurrentTaxYearMinus2YearsAmt",24645,23222,"2020v4.0, 2020v4.1, 2020v4.2"
"/Return/ReturnData/IRS990ScheduleA/SubstAndDsqlfyPrsnsTotGrp/CurrentTaxYearAmt",24630,23205,"2020v4.0, 2020v4.1, 2020v4.2"
"/Return/ReturnData/IRS990ScheduleJ/CompensationSurveyInd",24574,22652,"2020v4.0, 2020v4.1, 2020v4.2"
"/Return/ReturnData/IRS990ScheduleA/SupportSumAmt",24423,22936,"2020v4.0, 2020v4.1, 2020v4.2"
"/Return/ReturnData/IRS990ScheduleA/SubstAndDsqlfyPrsnsTotGrp/CurrentTaxYearMinus3YearsAmt",24162,22757,"2020v4.0, 2020v4.1, 2020v4.2"
"/Return/ReturnData/IRS990ScheduleD/BuildingsGrp/InvestmentCostOrOtherBasisAmt",23892,22562,"2020v4.0, 2020v4.1, 2020v4.2"
"/Return/ReturnData/IRS990ScheduleD/DonatedServicesUseFcltsAmt",23775,21080,"2020v4.0, 2020v4.1, 2020v4.2"
"/Return/ReturnData/IRS990/ProgSrvcAccomActyOtherGrp/RevenueAmt",23710,14987,"2020v4.0, 2020v4.1, 2020v4.2"
"/Return/ReturnData/IRS990ScheduleA/SubstAndDsqlfyPrsnsTotGrp/CurrentTaxYearMinus4YearsAmt",23677,22306,"2020v4.0, 2020v4.1, 2020v4.2"
"/Return/ReturnData/IRS990ScheduleG/FundraisingEventInformationGrp/OtherDirectExpensesEvent2Amt",23638,21839,"2020v4.0, 2020v4.1, 2020v4.2"
"/Return/ReturnData/IRS990/OwnWebsiteInd",23584,21387,"2020v4.0, 2020v4.1, 2020v4.2"
"/Return/ReturnData/IRS990/MiscellaneousRevenueGrp",23569,22297,"2020v4.0, 2020v4.1, 2020v4.2"
"/Return/ReturnData/IRS990/MiscellaneousRevenueGrp/TotalRevenueColumnAmt",23551,22280,"2020v4.0, 2020v4.1, 2020v4.2"
"/Return/ReturnData/IRS990ScheduleD/InclEscrowCustodialAcctLiabInd",23544,21905,"2020v4.0, 2020v4.1, 2020v4.2"
"/Return/ReturnData/IRS990ScheduleA/SupportedOrganizationsCnt",23503,21963,"2020v4.0, 2020v4.1, 2020v4.2"
"/Return/ReturnData/IRS990/NetRentalIncomeOrLossGrp/RelatedOrExemptFuncIncomeAmt",23391,21995,"2020v4.0, 2020v4.1, 2020v4.2"
"/Return/ReturnData/IRS990ScheduleI/RecipientTable/USAddress/AddressLine2Txt",23249,3525,"2020v4.0, 2020v4.1, 2020v4.2"
"/Return/ReturnData/IRS990ScheduleR/IdDisregardedEntitiesGrp/EndOfYearAssetsAmt",23108,7630,"2020v4.0, 2020v4.1, 2020v4.2"
"/Return/ReturnData/IRS990ScheduleA/Form990SchASupportingOrgGrp",23016,21477,"2020v4.0, 2020v4.1, 2020v4.2"
"/Return/ReturnData/IRS990ScheduleA/Form990SchASupportingOrgGrp/Contribution35ControlledInd",23016,21477,"2020v4.0, 2020v4.1, 2020v4.2"
"/Return/ReturnData/IRS990ScheduleA/Form990SchASupportingOrgGrp/ContributionControllerInd",23016,21477,"2020v4.0, 2020v4.1, 2020v4.2"
"/Return/ReturnData/IRS990ScheduleA/Form990SchASupportingOrgGrp/ContributionFamilyInd",23016,21477,"2020v4.0, 2020v4.1, 2020v4.2"
"/Return/ReturnData/IRS990ScheduleA/Form990SchASupportingOrgGrp/ControlledDisqualifiedPrsnInd",23016,21477,"2020v4.0, 2020v4.1, 2020v4.2"
"/Return/ReturnData/IRS990ScheduleA/Form990SchASupportingOrgGrp/DisqualifiedPrsnControllIntInd",23016,21477,"2020v4.0, 2020v4.1, 2020v4.2"
"/Return/ReturnData/IRS990ScheduleA/Form990SchASupportingOrgGrp/DisqualifiedPrsnOwnrIntInd",23016,21477,"2020v4.0, 2020v4.1, 2020v4.2"
"/Return/ReturnData/IRS990ScheduleA/Form990SchASupportingOrgGrp/ExcessBusinessHoldingsRulesInd",23016,21477,"2020v4.0, 2020v4.1, 2020v4.2"
"/Return/ReturnData/IRS990ScheduleA/Form990SchASupportingOrgGrp/ListedByNameGoverningDocInd",23016,21477,"2020v4.0, 2020v4.1, 2020v4.2"
"/Return/ReturnData/IRS990ScheduleA/Form990SchASupportingOrgGrp/LoanDisqualifiedPersonInd",23016,21477,"2020v4.0, 2020v4.1, 2020v4.2"
"/Return/ReturnData/IRS990ScheduleA/Form990SchASupportingOrgGrp/OrganizationChangeSuprtOrgInd",23016,21477,"2020v4.0, 2020v4.1, 2020v4.2"
"/Return/ReturnData/IRS990ScheduleA/Form990SchASupportingOrgGrp/PaymentSubstantialContribtrInd",23016,21477,"2020v4.0, 2020v4.1, 2020v4.2"
"/Return/ReturnData/IRS990ScheduleA/Form990SchASupportingOrgGrp/SupportNonSupportedOrgInd",23016,21477,"2020v4.0, 2020v4.1, 2020v4.2"
"/Return/ReturnData/IRS990ScheduleA/Form990SchASupportingOrgGrp/SupportedOrgNotOrganizedUSInd",23016,21477,"2020v4.0, 2020v4.1, 2020v4.2"
"/Return/ReturnData/IRS990ScheduleA/Form990SchASupportingOrgGrp/SupportedOrgSectionC456Ind",23016,21477,"2020v4.0, 2020v4.1, 2020v4.2"
"/Return/ReturnData/IRS990ScheduleA/Form990SchASupportingOrgGrp/SuprtOrgNoIRSDeterminationInd",23016,21477,"2020v4.0, 2020v4.1, 2020v4.2"
"/Return/ReturnData/IRS990ScheduleA/SupportedOrganizationsTotalCnt",22931,21396,"2020v4.0, 2020v4.1, 2020v4.2"
"/Return/ReturnData/IRS990/ProgSrvcAccomActy3Grp/GrantAmt",22888,21109,"2020v4.0, 2020v4.1, 2020v4.2"
"/Return/ReturnData/IRS990ScheduleD/TotalBookValueSecuritiesAmt",22601,20859,"2020v4.0, 2020v4.1, 2020v4.2"
"/Return/ReturnData/IRS990ScheduleL/BusTrInvolveInterestedPrsnGrp/NameOfInterested/PersonNm",22578,11965,"2020v4.0, 2020v4.1, 2020v4.2"
"/Return/ReturnData/IRS990ScheduleA/SupportingOrganization509a3Ind",22542,21010,"2020v4.0, 2020v4.1, 2020v4.2"
"/Return/ReturnData/IRS990/RcvblFromDisqualifiedPrsnGrp/BOYAmt",22491,21370,"2020v4.0, 2020v4.1, 2020v4.2"
"/Return/ReturnData/IRS990ScheduleF/SupplementalInformationDetail",22298,11941,"2020v4.0, 2020v4.1, 2020v4.2"
"/Return/ReturnData/IRS990ScheduleF/SupplementalInformationDetail/FormAndLineReferenceDesc",22297,11941,"2020v4.0, 2020v4.1, 2020v4.2"
"/Return/ReturnData/IRS990ScheduleR/IdDisregardedEntitiesGrp/TotalIncomeAmt",22220,7330,"2020v4.0, 2020v4.1, 2020v4.2"
"/Return/ReturnHeader/Filer/InCareOfNm",22199,21360,"2020v4.0, 2020v4.1, 2020v4.2"
"/Return/ReturnData/IRS990EZ/BenefitsPaidToOrForMembersAmt",22182,21789,"2020v4.0, 2020v4.1, 2020v4.2"
"/Return/ReturnData/IRS990ScheduleA/GrossReceiptsNonUnrltBusGrp/CurrentTaxYearMinus1YearAmt",22109,21131,"2020v4.0, 2020v4.1, 2020v4.2"
"/Return/ReturnData/IRS990/InterestGrp/FundraisingAmt",22028,20291,"2020v4.0, 2020v4.1, 2020v4.2"
"/Return/ReturnData/IRS990/DonatedServicesAndUseFcltsAmt",21867,20558,"2020v4.0, 2020v4.1, 2020v4.2"
"/Return/ReturnData/IRS990ScheduleA/GrossReceiptsNonUnrltBusGrp/CurrentTaxYearMinus2YearsAmt",21636,20645,"2020v4.0, 2020v4.1, 2020v4.2"
"/Return/ReturnData/IRS990ScheduleI/GrantsOtherAsstToIndivInUSGrp/ValuationMethodUsedDesc",21585,10656,"2020v4.0, 2020v4.1, 2020v4.2"
"/Return/ReturnData/IRS990ScheduleR/IdRelatedOrgTxblCorpTrGrp/OwnershipPct",21575,7247,"2020v4.0, 2020v4.1, 2020v4.2"
"/Return/ReturnData/IRS990ScheduleD/BoardDesignatedBalanceEOYPct",21544,19252,"2020v4.0, 2020v4.1, 2020v4.2"
"/Return/ReturnData/IRS990ScheduleD/CYMinus3YrEndwmtFundGrp/ContributionsAmt",21478,19224,"2020v4.0, 2020v4.1, 2020v4.2"
"/Return/ReturnData/IRS990ScheduleD/CYMinus2YrEndwmtFundGrp/ContributionsAmt",21413,19180,"2020v4.0, 2020v4.1, 2020v4.2"
"/Return/ReturnData/IRS990ScheduleA/GrossReceiptsNonUnrltBusGrp/CurrentTaxYearAmt",21350,20410,"2020v4.0, 2020v4.1, 2020v4.2"
"/Return/ReturnData/IRS990ScheduleC/SubstantiallyAllDuesNondedInd",21332,21205,"2020v4.0, 2020v4.1, 2020v4.2"
"/Return/ReturnData/IRS990ScheduleC/OnlyInHouseLobbyingInd",21290,21163,"2020v4.0, 2020v4.1, 2020v4.2"
"/Return/ReturnData/IRS990ScheduleD/CYMinus4YrEndwmtFundGrp/ContributionsAmt",21206,18968,"2020v4.0, 2020v4.1, 2020v4.2"
"/Return/ReturnData/IRS990ScheduleC/AgreeCarryoverPriorYearInd",21161,21034,"2020v4.0, 2020v4.1, 2020v4.2"
"/Return/ReturnData/IRS990ScheduleA/SchoolInd",21146,18776,"2020v4.0, 2020v4.1, 2020v4.2"
"/Return/ReturnData/IRS990ScheduleD/CYMinus1YrEndwmtFundGrp/ContributionsAmt",21145,18939,"2020v4.0, 2020v4.1, 2020v4.2"
"/Return/ReturnData/IRS990/FeesForServicesLegalGrp/FundraisingAmt",21142,19730,"2020v4.0, 2020v4.1, 2020v4.2"
"/Return/ReturnData/IRS990ScheduleD/CYEndwmtFundGrp/ContributionsAmt",21066,18810,"2020v4.0, 2020v4.1, 2020v4.2"
"/Return/ReturnData/IRS990EZ/SaleOfAssetsGrossAmt",20995,20708,"2020v4.0, 2020v4.1, 2020v4.2"
"/Return/ReturnData/IRS990ScheduleL/LoansBtwnOrgInterestedPrsnGrp/OriginalPrincipalAmt",20960,10709,"2020v4.0, 2020v4.1, 2020v4.2"
"/Return/ReturnData/IRS990ScheduleE",20774,18395,"2020v4.0, 2020v4.1, 2020v4.2"
"/Return/ReturnData/IRS990ScheduleL/LoansBtwnOrgInterestedPrsnGrp/LoanPurposeTxt",20756,10573,"2020v4.0, 2020v4.1, 2020v4.2"
"/Return/ReturnData/IRS990ScheduleD/InvestmentExpensesNotIncldAmt",20734,18776,"2020v4.0, 2020v4.1, 2020v4.2"
"/Return/ReturnData/IRS990/InvestmentExpenseAmt",20732,19532,"2020v4.0, 2020v4.1, 2020v4.2"
"/Return/ReturnData/IRS990ScheduleL/LoansBtwnOrgInterestedPrsnGrp/BalanceDueAmt",20626,10477,"2020v4.0, 2020v4.1, 2020v4.2"
"/Return/ReturnData/IRS990/ForeignGrantsGrp/ProgramServicesAmt",20591,19372,"2020v4.0, 2020v4.1, 2020v4.2"
"/Return/ReturnData/IRS990ScheduleA/GrossReceiptsNonUnrltBusGrp/CurrentTaxYearMinus3YearsAmt",20553,19631,"2020v4.0, 2020v4.1, 2020v4.2"
"/Return/ReturnData/IRS990ScheduleE/PolicyStmtInBrochuresEtcInd",20513,18152,"2020v4.0, 2020v4.1, 2020v4.2"
"/Return/ReturnData/IRS990ScheduleE/NondiscriminatoryPolicyStmtInd",20503,18142,"2020v4.0, 2020v4.1, 2020v4.2"
"/Return/ReturnData/IRS990ScheduleE/PlcyPblczdViaBroadcastMediaInd",20485,18125,"2020v4.0, 2020v4.1, 2020v4.2"
"/Return/ReturnData/IRS990ScheduleE/DiscriminateRaceAdmissPlcyInd",20471,18113,"2020v4.0, 2020v4.1, 2020v4.2"
"/Return/ReturnData/IRS990ScheduleE/DiscriminateRaceStdntsRghtsInd",20471,18113,"2020v4.0, 2020v4.1, 2020v4.2"
"/Return/ReturnData/IRS990ScheduleE/DiscriminateRaceEducPlcyInd",20470,18112,"2020v4.0, 2020v4.1, 2020v4.2"
"/Return/ReturnData/IRS990ScheduleE/DiscriminateRaceEmplmFcultyInd",20469,18111,"2020v4.0, 2020v4.1, 2020v4.2"
"/Return/ReturnData/IRS990ScheduleE/DiscriminateRaceUseOfFcltsInd",20468,18110,"2020v4.0, 2020v4.1, 2020v4.2"
"/Return/ReturnData/IRS990ScheduleE/MaintainRacialCompRecsInd",20465,18108,"2020v4.0, 2020v4.1, 2020v4.2"
"/Return/ReturnData/IRS990ScheduleE/GovernmentFinancialAidRcvdInd",20461,18106,"2020v4.0, 2020v4.1, 2020v4.2"
"/Return/ReturnData/IRS990ScheduleE/ComplianceWithRevProc7550Ind",20460,18103,"2020v4.0, 2020v4.1, 2020v4.2"
"/Return/ReturnData/IRS990ScheduleE/MaintainCpyOfBrochuresEtcInd",20460,18104,"2020v4.0, 2020v4.1, 2020v4.2"
"/Return/ReturnData/IRS990ScheduleE/DiscriminateRaceSchsInd",20457,18101,"2020v4.0, 2020v4.1, 2020v4.2"
"/Return/ReturnData/IRS990ScheduleE/DiscriminateRaceAthltProgInd",20443,18089,"2020v4.0, 2020v4.1, 2020v4.2"
"/Return/ReturnData/IRS990ScheduleE/MaintainCpyOfAllSolInd",20438,18084,"2020v4.0, 2020v4.1, 2020v4.2"
"/Return/ReturnData/IRS990ScheduleE/MaintainScholarshipsRecsInd",20432,18082,"2020v4.0, 2020v4.1, 2020v4.2"
"/Return/ReturnData/IRS990ScheduleE/DiscriminateRaceOtherActyInd",20429,18075,"2020v4.0, 2020v4.1, 2020v4.2"
"/Return/ReturnData/IRS990ScheduleE/GovernmentFinancialAidRvkdInd",20382,18033,"2020v4.0, 2020v4.1, 2020v4.2"
"/Return/ReturnData/IRS990ScheduleL/LoansBtwnOrgInterestedPrsnGrp/RelationshipWithOrgTxt",20237,10362,"2020v4.0, 2020v4.1, 2020v4.2"
"/Return/ReturnData/IRS990ScheduleD/InvestmentExpensesNotIncld2Amt",20162,18283,"2020v4.0, 2020v4.1, 2020v4.2"
"/Return/ReturnData/IRS990EZ/GamingGrossIncomeAmt",19947,19636,"2020v4.0, 2020v4.1, 2020v4.2"
"/Return/ReturnData/IRS990ScheduleR/IdRelatedOrgTxblPartnershipGrp/OwnershipPct",19940,4200,"2020v4.0, 2020v4.1, 2020v4.2"
"/Return/ReturnData/IRS990ScheduleD/OtherRevenuesNotIncludedAmt",19848,18006,"2020v4.0, 2020v4.1, 2020v4.2"
"/Return/ReturnData/IRS990ScheduleG/FundraisingEventInformationGrp/OtherEventsTotalCnt",19794,18319,"2020v4.0, 2020v4.1, 2020v4.2"
"/Return/ReturnData/IRS990ScheduleA/GrossReceiptsNonUnrltBusGrp/CurrentTaxYearMinus4YearsAmt",19756,18846,"2020v4.0, 2020v4.1, 2020v4.2"
"/Return/ReturnData/IRS990ScheduleG/FundraisingEventInformationGrp/FoodAndBeverageTotalEventsAmt",19466,18085,"2020v4.0, 2020v4.1, 2020v4.2"
"/Return/ReturnData/IRS990/MiscellaneousRevenueGrp/RelatedOrExemptFuncIncomeAmt",19453,18449,"2020v4.0, 2020v4.1, 2020v4.2"
"/Return/ReturnData/IRS990/RoyaltiesRevenueGrp/ExclusionAmt",19383,18290,"2020v4.0, 2020v4.1, 2020v4.2"
"/Return/ReturnData/IRS990/ContractorCompensationGrp/ContractorName/PersonNm",19350,7900,"2020v4.0, 2020v4.1, 2020v4.2"
"/Return/ReturnData/IRS990ScheduleL/LoansBtwnOrgInterestedPrsnGrp/PersonNm",19104,9899,"2020v4.0, 2020v4.1, 2020v4.2"
"/Return/ReturnData/IRS990ScheduleG/AgrmtProfFundraisingActyInd",19033,17611,"2020v4.0, 2020v4.1, 2020v4.2"
"/Return/ReturnData/IRS990ScheduleA/AmountsRcvdDsqlfyPersonGrp/CurrentTaxYearMinus1YearAmt",18951,17884,"2020v4.0, 2020v4.1, 2020v4.2"
"/Return/ReturnData/IRS990ScheduleJ/CompensationCommitteeInd",18837,17393,"2020v4.0, 2020v4.1, 2020v4.2"
"/Return/ReturnData/IRS990ScheduleA/AmountsRcvdDsqlfyPersonGrp/CurrentTaxYearAmt",18804,17746,"2020v4.0, 2020v4.1, 2020v4.2"
"/Return/ReturnData/IRS990ScheduleA/AmountsRcvdDsqlfyPersonGrp/CurrentTaxYearMinus2YearsAmt",18725,17662,"2020v4.0, 2020v4.1, 2020v4.2"
"/Return/ReturnData/IRS990ScheduleD/TermEndowmentBalanceEOYPct",18707,16707,"2020v4.0, 2020v4.1, 2020v4.2"
"/Return/ReturnData/IRS990ScheduleR/IdRelatedOrgTxblPartnershipGrp/ShareOfEOYAssetsAmt",18626,3432,"2020v4.0, 2020v4.1, 2020v4.2"
"/Return/ReturnData/IRS990ScheduleA/First5Years509Ind",18310,17892,"2020v4.0, 2020v4.1, 2020v4.2"
"/Return/ReturnData/IRS990ScheduleD/CYMinus2YrEndwmtFundGrp/OtherExpendituresAmt",18286,16378,"2020v4.0, 2020v4.1, 2020v4.2"
"/Return/ReturnData/IRS990ScheduleA/AmountsRcvdDsqlfyPersonGrp/CurrentTaxYearMinus3YearsAmt",18253,17210,"2020v4.0, 2020v4.1, 2020v4.2"
"/Return/ReturnData/IRS990ScheduleD/CYMinus1YrEndwmtFundGrp/OtherExpendituresAmt",18237,16342,"2020v4.0, 2020v4.1, 2020v4.2"
"/Return/ReturnData/IRS990ScheduleR/IdRelatedOrgTxblPartnershipGrp/ShareOfTotalIncomeAmt",18114,3511,"2020v4.0, 2020v4.1, 2020v4.2"
"/Return/ReturnData/IRS990ScheduleD/CYMinus3YrEndwmtFundGrp/OtherExpendituresAmt",17929,16027,"2020v4.0, 2020v4.1, 2020v4.2"
"/Return/ReturnData/IRS990/FeesForServicesProfFundraising/FundraisingAmt",17904,16651,"2020v4.0, 2020v4.1, 2020v4.2"
"/Return/ReturnData/IRS990ScheduleD/CYEndwmtFundGrp/OtherExpendituresAmt",17874,16022,"2020v4.0, 2020v4.1, 2020v4.2"
"/Return/ReturnData/IRS990ScheduleA/AmountsRcvdDsqlfyPersonGrp/CurrentTaxYearMinus4YearsAmt",17775,16750,"2020v4.0, 2020v4.1, 2020v4.2"
"/Return/ReturnData/IRS990ScheduleA/First5Years170Ind",17632,17114,"2020v4.0, 2020v4.1, 2020v4.2"
"/Return/ReturnData/IRS990/FeesForSrvcInvstMgmntFeesGrp/ProgramServicesAmt",17580,16470,"2020v4.0, 2020v4.1, 2020v4.2"
"/Return/ReturnData/IRS990ScheduleD/OtherExpensesNotIncludedAmt",17573,16071,"2020v4.0, 2020v4.1, 2020v4.2"
"/Return/ReturnData/IRS990ScheduleH/SupplementalInformationGrp",17490,2327,"2020v4.0, 2020v4.1, 2020v4.2"
"/Return/ReturnData/IRS990ScheduleH/SupplementalInformationGrp/FormAndLineReferenceDesc",17490,2327,"2020v4.0, 2020v4.1, 2020v4.2"
"/Return/ReturnData/IRS990ScheduleH/SupplementalInformationGrp/ExplanationTxt",17485,2327,"2020v4.0, 2020v4.1, 2020v4.2"
"/Return/ReturnData/IRS990ScheduleD/CYMinus4YrEndwmtFundGrp/OtherExpendituresAmt",17459,15623,"2020v4.0, 2020v4.1, 2020v4.2"
"/Return/ReturnData/IRS990ScheduleD/OtherLandBuildingsGrp/InvestmentCostOrOtherBasisAmt",17440,16403,"2020v4.0, 2020v4.1, 2020v4.2"
"/Return/ReturnData/IRS990/TotalOthProgramServiceRevGrp/UnrelatedBusinessRevenueAmt",17219,16318,"2020v4.0, 2020v4.1, 2020v4.2"
"/Return/ReturnData/IRS990/PaymentsToAffiliatesGrp/ProgramServicesAmt",17134,16159,"2020v4.0, 2020v4.1, 2020v4.2"
"/Return/ReturnData/IRS990/MiscellaneousRevenueGrp/ExclusionAmt",17098,16170,"2020v4.0, 2020v4.1, 2020v4.2"
"/Return/ReturnData/IRS990/PoliciesReferenceChaptersInd",17036,16150,"2020v4.0, 2020v4.1, 2020v4.2"
"/Return/ReturnData/IRS990ScheduleG/FundraisingEventInformationGrp/FoodAndBeverageEvent1Amt",16929,15744,"2020v4.0, 2020v4.1, 2020v4.2"
"/Return/ReturnData/IRS990/BenefitsToMembersGrp/ProgramServicesAmt",16823,16099,"2020v4.0, 2020v4.1, 2020v4.2"
"/Return/ReturnData/IRS990ScheduleF",16812,15741,"2020v4.0, 2020v4.1, 2020v4.2"
"/Return/ReturnData/IRS990/ProgSrvcAccomActyOtherGrp/GrantAmt",16800,10463,"2020v4.0, 2020v4.1, 2020v4.2"
"/Return/ReturnData/IRS990/TotalOthProgramServiceRevGrp/ExclusionAmt",16783,15885,"2020v4.0, 2020v4.1, 2020v4.2"
"/Return/ReturnData/IRS990ScheduleG/FundraisingEventInformationGrp/GrossReceiptsOtherEventsAmt",16756,15489,"2020v4.0, 2020v4.1, 2020v4.2"
"/Return/ReturnData/IRS990ScheduleI/GrantsOtherAsstToIndivInUSGrp/NonCashAssistanceDesc",16752,8529,"2020v4.0, 2020v4.1, 2020v4.2"
"/Return/ReturnData/IRS990ScheduleR/IdRelatedOrgTxblCorpTrGrp/ShareOfEOYAssetsAmt",16748,5432,"2020v4.0, 2020v4.1, 2020v4.2"
"/Return/ReturnData/IRS990ScheduleG/FundraisingEventInformationGrp/RentFcltyCostsTotalEventsAmt",16684,15563,"2020v4.0, 2020v4.1, 2020v4.2"
"/Return/ReturnData/IRS990/FeesForServicesManagementGrp/FundraisingAmt",16448,15404,"2020v4.0, 2020v4.1, 2020v4.2"
"/Return/ReturnData/IRS990ScheduleF/TransferToForeignCorpInd",16401,15347,"2020v4.0, 2020v4.1, 2020v4.2"
"/Return/ReturnData/IRS990ScheduleF/InterestInForeignTrustInd",16400,15346,"2020v4.0, 2020v4.1, 2020v4.2"
"/Return/ReturnData/IRS990ScheduleF/PassiveForeignInvestmestCoInd",16400,15346,"2020v4.0, 2020v4.1, 2020v4.2"
"/Return/ReturnData/IRS990ScheduleF/BoycottCountriesInd",16399,15345,"2020v4.0, 2020v4.1, 2020v4.2"
"/Return/ReturnData/IRS990ScheduleF/ForeignCorpOwnershipInd",16399,15345,"2020v4.0, 2020v4.1, 2020v4.2"
"/Return/ReturnData/IRS990ScheduleF/ForeignPartnershipInd",16399,15345,"2020v4.0, 2020v4.1, 2020v4.2"
"/Return/ReturnData/IRS990/CompDisqualPersonsGrp/ProgramServicesAmt",16375,15293,"2020v4.0, 2020v4.1, 2020v4.2"
"/Return/ReturnData/IRS990ScheduleF/GrantsToOrgOutsideUSGrp/ValuationMethodUsedDesc",16265,2074,"2020v4.0, 2020v4.1, 2020v4.2"
"/Return/ReturnData/IRS990ScheduleI/GrantsOtherAsstToIndivInUSGrp/NonCashAssistanceAmt",16097,7776,"2020v4.0, 2020v4.1, 2020v4.2"
"/Return/ReturnData/IRS990ScheduleR/IdRelatedOrgTxblCorpTrGrp/ShareOfTotalIncomeAmt",16054,5174,"2020v4.0, 2020v4.1, 2020v4.2"
"/Return/ReturnData/IRS990/Form990PartVIISectionAGrp/FormerOfcrDirectorTrusteeInd",15694,7830,"2020v4.0, 2020v4.1, 2020v4.2"
"/Return/ReturnData/IRS990ScheduleD/LeaseholdImprovementsGrp/InvestmentCostOrOtherBasisAmt",15582,14659,"2020v4.0, 2020v4.1, 2020v4.2"
"/Return/ReturnData/IRS990EZ/TypeOfOrganizationAssocInd",15455,15069,"2020v4.0, 2020v4.1, 2020v4.2"
"/Return/ReturnData/IRS990/RoyaltiesRevenueGrp/RelatedOrExemptFuncIncomeAmt",15330,14511,"2020v4.0, 2020v4.1, 2020v4.2"
"/Return/ReturnData/IRS990ScheduleD/InvstProgramRelatedOrgGrp",15065,5682,"2020v4.0, 2020v4.1, 2020v4.2"
"/Return/ReturnData/IRS990/CompDisqualPersonsGrp/ManagementAndGeneralAmt",14994,13992,"2020v4.0, 2020v4.1, 2020v4.2"
"/Return/ReturnData/IRS990ScheduleD/InvstProgramRelatedOrgGrp/BookValueAmt",14978,5657,"2020v4.0, 2020v4.1, 2020v4.2"
"/Return/ReturnData/IRS990ScheduleD/InvstProgramRelatedOrgGrp/Desc",14977,5657,"2020v4.0, 2020v4.1, 2020v4.2"
"/Return/ReturnData/IRS990ScheduleG/FundraisingEventInformationGrp/GrossRevenueOtherEventsAmt",14943,13878,"2020v4.0, 2020v4.1, 2020v4.2"
"/Return/ReturnData/IRS990/NetIncomeOrLossGrp/ExclusionAmt",14771,13759,"2020v4.0, 2020v4.1, 2020v4.2"
"/Return/ReturnData/IRS990ScheduleF/SupplementalInformationDetail/ExplanationTxt",14769,9342,"2020v4.0, 2020v4.1, 2020v4.2"
"/Return/ReturnData/IRS990ScheduleD/InvstProgramRelatedOrgGrp/MethodValuationCd",14614,5492,"2020v4.0, 2020v4.1, 2020v4.2"
"/Return/ReturnData/IRS990ScheduleG/FundraisingEventInformationGrp/RentFacilityCostsEvent1Amt",14460,13517,"2020v4.0, 2020v4.1, 2020v4.2"
"/Return/ReturnData/IRS990/IncmFromInvestBondProceedsGrp/ExclusionAmt",14428,13668,"2020v4.0, 2020v4.1, 2020v4.2"
"/Return/ReturnData/IRS990/TypeOfOrganizationAssocInd",14407,13958,"2020v4.0, 2020v4.1, 2020v4.2"
"/Return/ReturnData/IRS990ScheduleJ/WrittenEmploymentContractInd",14358,13189,"2020v4.0, 2020v4.1, 2020v4.2"
"/Return/ReturnData/IRS990/NetRentalIncomeOrLossGrp/UnrelatedBusinessRevenueAmt",14254,13482,"2020v4.0, 2020v4.1, 2020v4.2"
"/Return/ReturnData/IRS990/FeesForServicesLobbyingGrp/ProgramServicesAmt",14103,13318,"2020v4.0, 2020v4.1, 2020v4.2"
"/Return/ReturnData/IRS990/MiscellaneousRevenueGrp/UnrelatedBusinessRevenueAmt",14072,13382,"2020v4.0, 2020v4.1, 2020v4.2"
"/Return/ReturnData/IRS990/RoyaltiesRevenueGrp/UnrelatedBusinessRevenueAmt",14027,13296,"2020v4.0, 2020v4.1, 2020v4.2"
"/Return/ReturnData/IRS990/NetIncmFromFundraisingEvtGrp/UnrelatedBusinessRevenueAmt",13842,12960,"2020v4.0, 2020v4.1, 2020v4.2"
"/Return/ReturnData/IRS990/PaymentsToAffiliatesGrp/ManagementAndGeneralAmt",13802,12970,"2020v4.0, 2020v4.1, 2020v4.2"
"/Return/ReturnData/IRS990ScheduleD/AgentTrusteeEtcInd",13759,12592,"2020v4.0, 2020v4.1, 2020v4.2"
"/Return/ReturnData/IRS990/AddressChangeInd",13721,12830,"2020v4.0, 2020v4.1, 2020v4.2"
"/Return/ReturnData/IRS990/IncmFromInvestBondProceedsGrp/RelatedOrExemptFuncIncomeAmt",13700,12980,"2020v4.0, 2020v4.1, 2020v4.2"
"/Return/ReturnData/IRS990ScheduleF/TotalSpentAmt",13682,12789,"2020v4.0, 2020v4.1, 2020v4.2"
"/Return/ReturnData/IRS990ScheduleA/SubstantialContributorsAmtGrp/CurrentTaxYearMinus1YearAmt",13666,12947,"2020v4.0, 2020v4.1, 2020v4.2"
"/Return/ReturnData/IRS990ScheduleK/TaxExemptBondsIssuesGrp",13621,6153,"2020v4.0, 2020v4.1, 2020v4.2"
"/Return/ReturnData/IRS990ScheduleK/TaxExemptBondsIssuesGrp/BondReferenceCd",13621,6153,"2020v4.0, 2020v4.1, 2020v4.2"
"/Return/ReturnData/IRS990ScheduleA/SubstantialContributorsAmtGrp/CurrentTaxYearMinus2YearsAmt",13594,12876,"2020v4.0, 2020v4.1, 2020v4.2"
"/Return/ReturnData/IRS990ScheduleA/Form990SchAType1SuprtOrgGrp",13589,12648,"2020v4.0, 2020v4.1, 2020v4.2"
"/Return/ReturnData/IRS990ScheduleA/Form990SchAType1SuprtOrgGrp/OperateBenefitNonSuprtOrgInd",13589,12648,"2020v4.0, 2020v4.1, 2020v4.2"
"/Return/ReturnData/IRS990ScheduleA/Form990SchAType1SuprtOrgGrp/PowerAppointMajorityDirTrstInd",13589,12648,"2020v4.0, 2020v4.1, 2020v4.2"
"/Return/ReturnData/IRS990/Form990PartVIISectionAGrp/InstitutionalTrusteeInd",13586,5844,"2020v4.0, 2020v4.1, 2020v4.2"
"/Return/ReturnData/IRS990ScheduleK/TaxExemptBondsIssuesGrp/DefeasedInd",13573,6121,"2020v4.0, 2020v4.1, 2020v4.2"
"/Return/ReturnData/IRS990ScheduleK/TaxExemptBondsIssuesGrp/IssuerName",13569,6143,"2020v4.0, 2020v4.1, 2020v4.2"
"/Return/ReturnData/IRS990ScheduleK/TaxExemptBondsIssuesGrp/IssuerName/BusinessNameLine1Txt",13569,6143,"2020v4.0, 2020v4.1, 2020v4.2"
"/Return/ReturnData/IRS990ScheduleK/TaxExemptBondsIssuesGrp/OnBehalfOfIssuerInd",13547,6105,"2020v4.0, 2020v4.1, 2020v4.2"
"/Return/ReturnData/IRS990ScheduleK/TaxExemptBondsIssuesGrp/BondIssuedDt",13534,6121,"2020v4.0, 2020v4.1, 2020v4.2"
"/Return/ReturnData/IRS990ScheduleK/TaxExemptBondsIssuesGrp/IssuePriceAmt",13530,6114,"2020v4.0, 2020v4.1, 2020v4.2"
"/Return/ReturnData/IRS990ScheduleK/TaxExemptBondsIssuesGrp/PoolFinancingInd",13509,6088,"2020v4.0, 2020v4.1, 2020v4.2"
"/Return/ReturnData/IRS990ScheduleK/TaxExemptBondsProceedsGrp",13501,6094,"2020v4.0, 2020v4.1, 2020v4.2"
"/Return/ReturnData/IRS990ScheduleK/TaxExemptBondsProceedsGrp/BondReferenceCd",13501,6094,"2020v4.0, 2020v4.1, 2020v4.2"
"/Return/ReturnData/IRS990ScheduleK/TaxExemptBondsProceedsGrp/RefundingTaxExemptBondsInd",13472,6079,"2020v4.0, 2020v4.1, 2020v4.2"
"/Return/ReturnData/IRS990ScheduleK/TaxExemptBondsProceedsGrp/RefundingTaxableBondsInd",13461,6073,"2020v4.0, 2020v4.1, 2020v4.2"
"/Return/ReturnData/IRS990ScheduleK/TaxExemptBondsProceedsGrp/FinalAllocationMadeInd",13460,6072,"2020v4.0, 2020v4.1, 2020v4.2"
"/Return/ReturnData/IRS990/IncmFromInvestBondProceedsGrp/UnrelatedBusinessRevenueAmt",13449,12736,"2020v4.0, 2020v4.1, 2020v4.2"
"/Return/ReturnData/IRS990ScheduleK/TaxExemptBondsProceedsGrp/AdequateBooksAndRecMaintInd",13445,6074,"2020v4.0, 2020v4.1, 2020v4.2"
"/Return/ReturnData/IRS990ScheduleA/SubstantialContributorsAmtGrp/CurrentTaxYearMinus3YearsAmt",13399,12679,"2020v4.0, 2020v4.1, 2020v4.2"
"/Return/ReturnData/IRS990ScheduleG/FundraisingEventInformationGrp/OthDirectExpnssOtherEventsAmt",13367,12346,"2020v4.0, 2020v4.1, 2020v4.2"
"/Return/ReturnData/IRS990ScheduleK/TaxExemptBondsArbitrageGrp",13360,6030,"2020v4.0, 2020v4.1, 2020v4.2"
"/Return/ReturnData/IRS990ScheduleK/TaxExemptBondsArbitrageGrp/BondReferenceCd",13360,6030,"2020v4.0, 2020v4.1, 2020v4.2"
"/Return/ReturnData/IRS990ScheduleJ/RltdOrgOfficerTrstKeyEmplGrp/BusinessName",13352,1681,"2020v4.0, 2020v4.1, 2020v4.2"
"/Return/ReturnData/IRS990ScheduleJ/RltdOrgOfficerTrstKeyEmplGrp/BusinessName/BusinessNameLine1Txt",13352,1681,"2020v4.0, 2020v4.1, 2020v4.2"
"/Return/ReturnData/IRS990ScheduleK/TaxExemptBondsIssuesGrp/PurposeDesc",13349,6047,"2020v4.0, 2020v4.1, 2020v4.2"
"/Return/ReturnData/IRS990ScheduleK/TaxExemptBondsArbitrageGrp/Form8038TFiledInd",13298,5991,"2020v4.0, 2020v4.1, 2020v4.2"
"/Return/ReturnData/IRS990ScheduleL/LoansBtwnOrgInterestedPrsnGrp/LoanToOrganizationInd",13297,8003,"2020v4.0, 2020v4.1, 2020v4.2"
"/Return/ReturnData/IRS990ScheduleA/SubstantialContributorsAmtGrp/CurrentTaxYearAmt",13295,12597,"2020v4.0, 2020v4.1, 2020v4.2"
"/Return/ReturnData/IRS990ScheduleK/TaxExemptBondsArbitrageGrp/HedgeIdentifiedInBksAndRecInd",13287,5984,"2020v4.0, 2020v4.1, 2020v4.2"
"/Return/ReturnData/IRS990ScheduleD/CYEndwmtFundGrp/AdministrativeExpensesAmt",13276,11903,"2020v4.0, 2020v4.1, 2020v4.2"
"/Return/ReturnData/IRS990ScheduleD/CYMinus1YrEndwmtFundGrp/AdministrativeExpensesAmt",13264,11896,"2020v4.0, 2020v4.1, 2020v4.2"
"/Return/ReturnData/IRS990ScheduleK/TaxExemptBondsArbitrageGrp/GrossProceedsInvestedInGICInd",13223,5961,"2020v4.0, 2020v4.1, 2020v4.2"
"/Return/ReturnData/IRS990ScheduleD/CYMinus2YrEndwmtFundGrp/AdministrativeExpensesAmt",13193,11832,"2020v4.0, 2020v4.1, 2020v4.2"
"/Return/ReturnData/IRS990ScheduleK/TaxExemptBondsArbitrageGrp/WrittenProcToMonitorReqsInd",13152,5920,"2020v4.0, 2020v4.1, 2020v4.2"
"/Return/ReturnData/IRS990ScheduleA/SubstantialContributorsAmtGrp/CurrentTaxYearMinus4YearsAmt",13112,12436,"2020v4.0, 2020v4.1, 2020v4.2"
"/Return/ReturnData/IRS990ScheduleD/CYMinus3YrEndwmtFundGrp/AdministrativeExpensesAmt",13094,11748,"2020v4.0, 2020v4.1, 2020v4.2"
"/Return/ReturnData/IRS990/FeesForServicesLobbyingGrp/ManagementAndGeneralAmt",13075,12306,"2020v4.0, 2020v4.1, 2020v4.2"
"/Return/ReturnData/IRS990ScheduleG/FundraisingEventInformationGrp/CharitableContriEvent2Amt",13012,11836,"2020v4.0, 2020v4.1, 2020v4.2"
"/Return/ReturnData/IRS990ScheduleR/IdRelatedOrgTxblCorpTrGrp/LegalDomicileForeignCountryCd",12988,3412,"2020v4.0, 2020v4.1, 2020v4.2"
"/Return/ReturnData/IRS990/InvestTaxExemptBondsInd",12944,11965,"2020v4.0, 2020v4.1, 2020v4.2"
"/Return/ReturnData/IRS990ScheduleK/TaxExemptBondsArbitrageGrp/GrossProceedsInvestedInd",12883,5862,"2020v4.0, 2020v4.1, 2020v4.2"
"/Return/ReturnData/IRS990ScheduleF/SubtotalSpentAmt",12864,12009,"2020v4.0, 2020v4.1, 2020v4.2"
"/Return/ReturnData/IRS990ScheduleK/ProceduresCorrectiveActionGrp",12864,5777,"2020v4.0, 2020v4.1, 2020v4.2"
"/Return/ReturnData/IRS990ScheduleK/ProceduresCorrectiveActionGrp/BondReferenceCd",12864,5777,"2020v4.0, 2020v4.1, 2020v4.2"
"/Return/ReturnData/IRS990ScheduleK/ProceduresCorrectiveActionGrp/ProceduresCorrectiveActionInd",12833,5758,"2020v4.0, 2020v4.1, 2020v4.2"
"/Return/ReturnData/IRS990/EscrowAccountInd",12805,11829,"2020v4.0, 2020v4.1, 2020v4.2"
"/Return/ReturnData/IRS990ScheduleK/TaxExemptBondsArbitrageGrp/VariableRateIssueInd",12779,5741,"2020v4.0, 2020v4.1, 2020v4.2"
"/Return/ReturnData/IRS990ScheduleA/UnrelatedBusinessNetIncm170Grp/CurrentTaxYearMinus2YearsAmt",12766,11956,"2020v4.0, 2020v4.1, 2020v4.2"
"/Return/ReturnData/IRS990ScheduleD/CYMinus4YrEndwmtFundGrp/AdministrativeExpensesAmt",12758,11452,"2020v4.0, 2020v4.1, 2020v4.2"
"/Return/ReturnData/IRS990/OnBehalfOfIssuerInd",12696,11722,"2020v4.0, 2020v4.1, 2020v4.2"
"/Return/ReturnData/IRS990ScheduleA/SupportingOrgType1Ind",12686,11775,"2020v4.0, 2020v4.1, 2020v4.2"
"/Return/ReturnData/IRS990ScheduleK/TaxExemptBondsProceedsGrp/TotalProceedsAmt",12686,5704,"2020v4.0, 2020v4.1, 2020v4.2"
"/Return/ReturnData/IRS990ScheduleK/TaxExemptBondsIssuesGrp/BondIssuerEIN",12666,5698,"2020v4.0, 2020v4.1, 2020v4.2"
"/Return/ReturnData/IRS990ScheduleK/TaxExemptBondsPrivateBusUseGrp",12654,5731,"2020v4.0, 2020v4.1, 2020v4.2"
"/Return/ReturnData/IRS990ScheduleK/TaxExemptBondsPrivateBusUseGrp/BondReferenceCd",12648,5731,"2020v4.0, 2020v4.1, 2020v4.2"
"/Return/ReturnData/IRS990ScheduleA/UnrelatedBusinessNetIncm170Grp/CurrentTaxYearMinus1YearAmt",12624,11848,"2020v4.0, 2020v4.1, 2020v4.2"
"/Return/ReturnData/IRS990/FeesForSrvcInvstMgmntFeesGrp/FundraisingAmt",12534,11728,"2020v4.0, 2020v4.1, 2020v4.2"
"/Return/ReturnData/IRS990ScheduleK/TaxExemptBondsPrivateBusUseGrp/AnyLeaseArrangementsInd",12511,5688,"2020v4.0, 2020v4.1, 2020v4.2"
"/Return/ReturnData/IRS990ScheduleK/TaxExemptBondsPrivateBusUseGrp/OwningBondFinancedPropertyInd",12510,5687,"2020v4.0, 2020v4.1, 2020v4.2"
"/Return/ReturnData/IRS990ScheduleA/UnrelatedBusinessNetIncm170Grp/CurrentTaxYearMinus3YearsAmt",12503,11721,"2020v4.0, 2020v4.1, 2020v4.2"
"/Return/ReturnData/IRS990ScheduleK/TaxExemptBondsPrivateBusUseGrp/MgmtContractBondFincdPropInd",12503,5680,"2020v4.0, 2020v4.1, 2020v4.2"
"/Return/ReturnData/IRS990/CompDisqualPersonsGrp/FundraisingAmt",12451,11661,"2020v4.0, 2020v4.1, 2020v4.2"
"/Return/ReturnData/IRS990ScheduleC/SupplementalInformationDetail",12451,10971,"2020v4.0, 2020v4.1, 2020v4.2"
"/Return/ReturnData/IRS990ScheduleK/TaxExemptBondsPrivateBusUseGrp/AnyResearchAgreementsInd",12448,5653,"2020v4.0, 2020v4.1, 2020v4.2"
"/Return/ReturnData/IRS990ScheduleC/SupplementalInformationDetail/FormAndLineReferenceDesc",12442,10970,"2020v4.0, 2020v4.1, 2020v4.2"
"/Return/ReturnData/IRS990ScheduleC/SupplementalInformationDetail/ExplanationTxt",12437,10966,"2020v4.0, 2020v4.1, 2020v4.2"
"/Return/ReturnData/IRS990ScheduleG/GamingWithNonmembersInd",12430,11993,"2020v4.0, 2020v4.1, 2020v4.2"
"/Return/ReturnData/ReasonableCauseExplanation",12384,11814,"2020v4.0, 2020v4.1, 2020v4.2"
"/Return/ReturnData/ReasonableCauseExplanation/ExplanationTxt",12384,11814,"2020v4.0, 2020v4.1, 2020v4.2"
"/Return/ReturnData/IRS990ScheduleK/TaxExemptBondsPrivateBusUseGrp/ProcsNonqualifiedBondRemdtdInd",12368,5598,"2020v4.0, 2020v4.1, 2020v4.2"
"/Return/ReturnData/IRS990ScheduleK/TaxExemptBondsPrivateBusUseGrp/ChangeInUseBondFinancedPropInd",12366,5597,"2020v4.0, 2020v4.1, 2020v4.2"
"/Return/ReturnData/IRS990ScheduleG/MemberOfOtherEntityInd",12347,11915,"2020v4.0, 2020v4.1, 2020v4.2"
"/Return/ReturnData/IRS990/NetGainOrLossInvestmentsGrp/UnrelatedBusinessRevenueAmt",12326,11619,"2020v4.0, 2020v4.1, 2020v4.2"
"/Return/ReturnData/IRS990ScheduleJ/Form990OfOtherOrganizationsInd",12249,11186,"2020v4.0, 2020v4.1, 2020v4.2"
"/Return/ReturnData/IRS990ScheduleK/TaxExemptBondsPrivateBusUseGrp/BondIssMeetPrvtSecPymtTestInd",12239,5550,"2020v4.0, 2020v4.1, 2020v4.2"
"/Return/ReturnData/IRS990/NetIncomeFromGamingGrp/RelatedOrExemptFuncIncomeAmt",12238,11771,"2020v4.0, 2020v4.1, 2020v4.2"
"/Return/ReturnData/IRS990ScheduleM/SecuritiesPubliclyTradedGrp",12199,10948,"2020v4.0, 2020v4.1, 2020v4.2"
"/Return/ReturnData/IRS990ScheduleA/UnrelatedBusinessNetIncm170Grp/CurrentTaxYearAmt",12190,11414,"2020v4.0, 2020v4.1, 2020v4.2"
"/Return/ReturnData/IRS990ScheduleA/UnrelatedBusinessNetIncm170Grp/CurrentTaxYearMinus4YearsAmt",12169,11398,"2020v4.0, 2020v4.1, 2020v4.2"
"/Return/ReturnData/IRS990ScheduleK/TaxExemptBondsArbitrageGrp/NoRebateDueInd",12067,5478,"2020v4.0, 2020v4.1, 2020v4.2"
"/Return/ReturnData/IRS990/NetIncomeFromGamingGrp/ExclusionAmt",12062,11387,"2020v4.0, 2020v4.1, 2020v4.2"
"/Return/ReturnData/IRS990ScheduleG/LicensedInd",12054,11640,"2020v4.0, 2020v4.1, 2020v4.2"
"/Return/ReturnData/IRS990/RoyaltiesGrp/ProgramServicesAmt",12041,11282,"2020v4.0, 2020v4.1, 2020v4.2"
"/Return/ReturnData/IRS990ScheduleK/TaxExemptBondsArbitrageGrp/RebateNotDueYetInd",12029,5497,"2020v4.0, 2020v4.1, 2020v4.2"
"/Return/ReturnData/IRS990ScheduleK/TaxExemptBondsArbitrageGrp/ExceptionToRebateInd",12009,5448,"2020v4.0, 2020v4.1, 2020v4.2"
"/Return/ReturnData/IRS990ScheduleG/LicenseSuspendedEtcInd",11917,11505,"2020v4.0, 2020v4.1, 2020v4.2"
"/Return/ReturnData/IRS990ScheduleG/FundraisingEventInformationGrp/NonCashPrizesTotalEventsAmt",11908,11087,"2020v4.0, 2020v4.1, 2020v4.2"
"/Return/ReturnData/IRS990ScheduleF/TotalEmployeeCnt",11846,11073,"2020v4.0, 2020v4.1, 2020v4.2"
"/Return/ReturnData/IRS990ScheduleG/GamingInformationGrp",11672,11281,"2020v4.0, 2020v4.1, 2020v4.2"
"/Return/ReturnData/IRS990ScheduleG/CntrctWith3rdPrtyForGameRevInd",11626,11214,"2020v4.0, 2020v4.1, 2020v4.2"
"/Return/ReturnData/IRS990/NetIncomeOrLossGrp/UnrelatedBusinessRevenueAmt",11570,11038,"2020v4.0, 2020v4.1, 2020v4.2"
"/Return/ReturnData/IRS990/NondeductibleContriDisclInd",11550,11213,"2020v4.0, 2020v4.1, 2020v4.2"
"/Return/ReturnData/IRS990ScheduleM/SecuritiesPubliclyTradedGrp/NoncashContributionsRptF990Amt",11516,10311,"2020v4.0, 2020v4.1, 2020v4.2"
"/Return/ReturnData/IRS990ScheduleM/SecuritiesPubliclyTradedGrp/NonCashCheckboxInd",11506,10299,"2020v4.0, 2020v4.1, 2020v4.2"
"/Return/ReturnData/IRS990ScheduleF/TotalOfficeCnt",11419,10671,"2020v4.0, 2020v4.1, 2020v4.2"
"/Return/ReturnData/IRS990ScheduleM/SecuritiesPubliclyTradedGrp/ContributionCnt",11417,10219,"2020v4.0, 2020v4.1, 2020v4.2"
"/Return/ReturnData/IRS990ScheduleM/SupplementalInformationDetail",11400,8809,"2020v4.0, 2020v4.1, 2020v4.2"
"/Return/ReturnData/IRS990ScheduleM/SupplementalInformationDetail/FormAndLineReferenceDesc",11400,8809,"2020v4.0, 2020v4.1, 2020v4.2"
"/Return/ReturnData/IRS990ScheduleJ/SubstantiationRequiredInd",11398,10640,"2020v4.0, 2020v4.1, 2020v4.2"
"/Return/ReturnData/IRS990ScheduleM/SupplementalInformationDetail/ExplanationTxt",11397,8806,"2020v4.0, 2020v4.1, 2020v4.2"
"/Return/ReturnData/IRS990ScheduleG/StatesWhereGamingConductedCd",11322,10200,"2020v4.0, 2020v4.1, 2020v4.2"
"/Return/ReturnData/IRS990/PaymentsToAffiliatesGrp/FundraisingAmt",11273,10633,"2020v4.0, 2020v4.1, 2020v4.2"
"/Return/ReturnData/IRS990ScheduleG/SpecialFundraisingEventsInd",11122,10364,"2020v4.0, 2020v4.1, 2020v4.2"
"/Return/ReturnData/IRS990/PrincipalOfcrBusinessName",11121,10537,"2020v4.0, 2020v4.1, 2020v4.2"
"/Return/ReturnData/IRS990/PrincipalOfcrBusinessName/BusinessNameLine1Txt",11121,10537,"2020v4.0, 2020v4.1, 2020v4.2"
"/Return/ReturnData/IRS990ScheduleG/CharitableDistributionRqrInd",11087,10682,"2020v4.0, 2020v4.1, 2020v4.2"
"/Return/ReturnData/IRS990ScheduleG/FundraisingEventInformationGrp/EntertainmentTotalEventsAmt",11078,10299,"2020v4.0, 2020v4.1, 2020v4.2"
"/Return/ReturnData/IRS990EZ/GroupExemptionNum",11061,10630,"2020v4.0, 2020v4.1, 2020v4.2"
"/Return/ReturnData/IRS990ScheduleF/SubtotalEmployeesCnt",11010,10276,"2020v4.0, 2020v4.1, 2020v4.2"
"/Return/ReturnData/IRS990/GroupExemptionNum",10922,10522,"2020v4.0, 2020v4.1, 2020v4.2"
"/Return/ReturnData/IRS990ScheduleL/TotalBalanceDueAmt",10824,10322,"2020v4.0, 2020v4.1, 2020v4.2"
"/Return/ReturnData/IRS990ScheduleG/GamingInformationGrp/GrossRevenueTotalGamingAmt",10801,10437,"2020v4.0, 2020v4.1, 2020v4.2"
"/Return/ReturnData/IRS990ScheduleG/GamingInformationGrp/NetGamingIncomeSummaryAmt",10787,10423,"2020v4.0, 2020v4.1, 2020v4.2"
"/Return/ReturnData/IRS990ScheduleM/SecuritiesPubliclyTradedGrp/MethodOfDeterminingRevenuesTxt",10773,9649,"2020v4.0, 2020v4.1, 2020v4.2"
"/Return/ReturnData/IRS990/InfoInScheduleOPartVIIInd",10675,10064,"2020v4.0, 2020v4.1, 2020v4.2"
"/Return/ReturnData/IRS990/PymtTravelEntrtnmntPubOfclGrp/ProgramServicesAmt",10667,10060,"2020v4.0, 2020v4.1, 2020v4.2"
"/Return/ReturnData/IRS990ScheduleL/BusTrInvolveInterestedPrsnGrp/NameOfInterested/BusinessName",10603,6186,"2020v4.0, 2020v4.1, 2020v4.2"
"/Return/ReturnData/IRS990ScheduleL/BusTrInvolveInterestedPrsnGrp/NameOfInterested/BusinessName/BusinessNameLine1Txt",10603,6186,"2020v4.0, 2020v4.1, 2020v4.2"
"/Return/ReturnData/IRS990ScheduleF/SubtotalOfficesCnt",10594,9885,"2020v4.0, 2020v4.1, 2020v4.2"
"/Return/ReturnData/IRS990/TypeOfOrganizationTrustInd",10559,10247,"2020v4.0, 2020v4.1, 2020v4.2"
"/Return/ReturnData/IRS990ScheduleK/TaxExemptBondsProceedsGrp/IssuanceCostsFromProceedsAmt",10534,4921,"2020v4.0, 2020v4.1, 2020v4.2"
"/Return/ReturnData/IRS990ScheduleG/FundraisingEventInformationGrp/NonCashPrizesEvent1Amt",10469,9766,"2020v4.0, 2020v4.1, 2020v4.2"
"/Return/ReturnData/IRS990ScheduleR/IdRelatedOrgTxblCorpTrGrp/ForeignAddress",10432,3032,"2020v4.0, 2020v4.1, 2020v4.2"
"/Return/ReturnData/IRS990ScheduleR/IdRelatedOrgTxblCorpTrGrp/ForeignAddress/AddressLine1Txt",10432,3032,"2020v4.0, 2020v4.1, 2020v4.2"
"/Return/ReturnData/IRS990ScheduleR/IdRelatedOrgTxblCorpTrGrp/ForeignAddress/CountryCd",10432,3032,"2020v4.0, 2020v4.1, 2020v4.2"
"/Return/ReturnData/IRS990ScheduleF/ForeignIndividualsGrantsGrp",10344,2564,"2020v4.0, 2020v4.1, 2020v4.2"
"/Return/ReturnData/IRS990ScheduleF/GrantsToOrgOutsideUSGrp/DescriptionOfNonCashAsstTxt",10325,1127,"2020v4.0, 2020v4.1, 2020v4.2"
"/Return/ReturnData/IRS990ScheduleF/ForeignIndividualsGrantsGrp/RegionTxt",10292,2531,"2020v4.0, 2020v4.1, 2020v4.2"
"/Return/ReturnData/IRS990ScheduleG/GamingInformationGrp/DirectExpenseSummaryGamingAmt",10251,9906,"2020v4.0, 2020v4.1, 2020v4.2"
"/Return/ReturnData/IRS990ScheduleA/NetIncomeFromOtherUBIGrp/CurrentTaxYearMinus2YearsAmt",10229,9752,"2020v4.0, 2020v4.1, 2020v4.2"
"/Return/ReturnData/IRS990ScheduleF/ForeignIndividualsGrantsGrp/TypeOfAssistanceTxt",10226,2517,"2020v4.0, 2020v4.1, 2020v4.2"
"/Return/ReturnData/IRS990ScheduleF/GrantRecordsMaintainedInd",10205,9548,"2020v4.0, 2020v4.1, 2020v4.2"
"/Return/ReturnData/IRS990ScheduleA/NetIncomeFromOtherUBIGrp/CurrentTaxYearMinus1YearAmt",10174,9728,"2020v4.0, 2020v4.1, 2020v4.2"
"/Return/ReturnData/IRS990ScheduleA/NetIncomeFromOtherUBIGrp/CurrentTaxYearMinus3YearsAmt",10101,9652,"2020v4.0, 2020v4.1, 2020v4.2"
"/Return/ReturnData/IRS990/FeesForServicesLobbyingGrp/FundraisingAmt",10065,9466,"2020v4.0, 2020v4.1, 2020v4.2"
"/Return/ReturnData/IRS990/PymtTravelEntrtnmntPubOfclGrp/ManagementAndGeneralAmt",10039,9472,"2020v4.0, 2020v4.1, 2020v4.2"
"/Return/ReturnData/IRS990ScheduleG/PersonsWithBooksUSAddress",9975,9617,"2020v4.0, 2020v4.1, 2020v4.2"
"/Return/ReturnData/IRS990ScheduleG/PersonsWithBooksUSAddress/AddressLine1Txt",9975,9617,"2020v4.0, 2020v4.1, 2020v4.2"
"/Return/ReturnData/IRS990ScheduleG/PersonsWithBooksUSAddress/CityNm",9975,9617,"2020v4.0, 2020v4.1, 2020v4.2"
"/Return/ReturnData/IRS990ScheduleG/PersonsWithBooksUSAddress/StateAbbreviationCd",9975,9617,"2020v4.0, 2020v4.1, 2020v4.2"
"/Return/ReturnData/IRS990ScheduleG/PersonsWithBooksUSAddress/ZIPCd",9975,9617,"2020v4.0, 2020v4.1, 2020v4.2"
"/Return/ReturnData/IRS990ScheduleA/NetIncomeFromOtherUBIGrp/CurrentTaxYearAmt",9968,9508,"2020v4.0, 2020v4.1, 2020v4.2"
"/Return/ReturnData/IRS990/RoyaltiesGrp/ManagementAndGeneralAmt",9933,9366,"2020v4.0, 2020v4.1, 2020v4.2"
"/Return/ReturnData/IRS990ScheduleG/FundraisingEventInformationGrp/EntertainmentEvent1Amt",9912,9228,"2020v4.0, 2020v4.1, 2020v4.2"
"/Return/ReturnData/IRS990/ForeignCountryCd",9906,3929,"2020v4.0, 2020v4.1, 2020v4.2"
"/Return/ReturnData/IRS990ScheduleD/FederalIncomeTaxLiabilityAmt",9893,9361,"2020v4.0, 2020v4.1, 2020v4.2"
"/Return/ReturnData/IRS990ScheduleA/NetIncomeFromOtherUBIGrp/CurrentTaxYearMinus4YearsAmt",9889,9447,"2020v4.0, 2020v4.1, 2020v4.2"
"/Return/ReturnData/IRS990ScheduleD/ArtPublicExhibitionAmountsGrp",9747,9125,"2020v4.0, 2020v4.1, 2020v4.2"
"/Return/ReturnData/IRS990ScheduleD/CYMinus1YrEndwmtFundGrp/GrantsOrScholarshipsAmt",9732,8735,"2020v4.0, 2020v4.1, 2020v4.2"
"/Return/ReturnData/IRS990ScheduleF/GrantsToOrgOutsideUSGrp/NonCashAssistanceAmt",9730,1304,"2020v4.0, 2020v4.1, 2020v4.2"
"/Return/ReturnData/IRS990ScheduleD/CYMinus2YrEndwmtFundGrp/GrantsOrScholarshipsAmt",9714,8714,"2020v4.0, 2020v4.1, 2020v4.2"
"/Return/ReturnData/IRS990ScheduleD/CYEndwmtFundGrp/GrantsOrScholarshipsAmt",9639,8658,"2020v4.0, 2020v4.1, 2020v4.2"
"/Return/ReturnData/IRS990ScheduleD/SolicitedAssetsSaleInd",9627,8826,"2020v4.0, 2020v4.1, 2020v4.2"
"/Return/ReturnData/IRS990ScheduleR/IdRelatedOrgTxblPartnershipGrp/USAddress/AddressLine2Txt",9614,495,"2020v4.0"
"/Return/ReturnData/IRS990/RoyaltiesGrp/FundraisingAmt",9602,9058,"2020v4.0, 2020v4.1, 2020v4.2"
"/Return/ReturnData/IRS990ScheduleR/IdRelatedOrgTxblCorpTrGrp/USAddress/AddressLine2Txt",9597,589,"2020v4.0"
"/Return/ReturnData/IRS990ScheduleD/CYMinus3YrEndwmtFundGrp/GrantsOrScholarshipsAmt",9578,8592,"2020v4.0, 2020v4.1, 2020v4.2"
"/Return/ReturnData/IRS990/PymtTravelEntrtnmntPubOfclGrp/FundraisingAmt",9495,8952,"2020v4.0, 2020v4.1, 2020v4.2"
"/Return/ReturnData/IRS990ScheduleF/ForeignIndividualsGrantsGrp/RecipientCnt",9361,2285,"2020v4.0, 2020v4.1, 2020v4.2"
"/Return/ReturnData/IRS990ScheduleD/CYMinus4YrEndwmtFundGrp/GrantsOrScholarshipsAmt",9336,8377,"2020v4.0, 2020v4.1, 2020v4.2"
"/Return/ReturnData/IRS990ScheduleA/ChurchInd",9326,9111,"2020v4.0, 2020v4.1, 2020v4.2"
"/Return/ReturnData/IRS990ScheduleK/TaxExemptBondsProceedsGrp/SubstantialCompletionYr",9296,4356,"2020v4.0, 2020v4.1, 2020v4.2"
"/Return/ReturnData/IRS990/NetIncomeFromGamingGrp/UnrelatedBusinessRevenueAmt",9218,8754,"2020v4.0, 2020v4.1, 2020v4.2"
"/Return/ReturnData/IRS990ScheduleJ/WrittenPolicyRefTAndEExpnssInd",9183,8593,"2020v4.0, 2020v4.1, 2020v4.2"
"/Return/ReturnData/IRS990ScheduleG/FundraiserActivityInfoGrp",9151,5318,"2020v4.0, 2020v4.1, 2020v4.2"
"/Return/ReturnData/IRS990ScheduleR/IdRelatedOrgTxblCorpTrGrp/ForeignAddress/CityNm",9130,2651,"2020v4.0, 2020v4.1, 2020v4.2"
"/Return/ReturnData/IRS990/WrittenPolicyOrProcedureInd",9084,8653,"2020v4.0, 2020v4.1, 2020v4.2"
"/Return/ReturnData/IRS990ScheduleG/FundraiserActivityInfoGrp/FundraiserControlOfFundsInd",9062,5265,"2020v4.0, 2020v4.1, 2020v4.2"
"/Return/ReturnData/IRS990ScheduleF/ForeignIndividualsGrantsGrp/CashGrantAmt",9041,2252,"2020v4.0, 2020v4.1, 2020v4.2"
"/Return/ReturnData/IRS990/GrossRentsGrp/PersonalAmt",9031,8534,"2020v4.0, 2020v4.1, 2020v4.2"
"/Return/ReturnData/IRS990/OtherInd",8999,8389,"2020v4.0, 2020v4.1, 2020v4.2"
"/Return/ReturnData/IRS990ScheduleG/GamingInformationGrp/OthDirectExpnssTotalGamingAmt",8943,8644,"2020v4.0, 2020v4.1, 2020v4.2"
"/Return/ReturnData/IRS990ScheduleK/TaxExemptBondsIssuesGrp/CUSIPNum",8876,3761,"2020v4.0, 2020v4.1, 2020v4.2"
"/Return/ReturnData/IRS990EZ/InfoInScheduleOPartIVInd",8817,8636,"2020v4.0, 2020v4.1, 2020v4.2"
"/Return/ReturnData/IRS990ScheduleC/Section527PoliticalOrgGrp",8753,2410,"2020v4.0, 2020v4.1, 2020v4.2"
"/Return/ReturnData/IRS990ScheduleC/Section527PoliticalOrgGrp/OrganizationBusinessName",8752,2409,"2020v4.0, 2020v4.1, 2020v4.2"
"/Return/ReturnData/IRS990ScheduleC/Section527PoliticalOrgGrp/OrganizationBusinessName/BusinessNameLine1Txt",8752,2409,"2020v4.0, 2020v4.1, 2020v4.2"
"/Return/ReturnData/IRS990ScheduleC/Section527PoliticalOrgGrp/USAddress",8734,2410,"2020v4.0, 2020v4.1, 2020v4.2"
"/Return/ReturnData/IRS990ScheduleC/Section527PoliticalOrgGrp/USAddress/AddressLine1Txt",8734,2410,"2020v4.0, 2020v4.1, 2020v4.2"
"/Return/ReturnData/IRS990ScheduleC/Section527PoliticalOrgGrp/USAddress/CityNm",8734,2410,"2020v4.0, 2020v4.1, 2020v4.2"
"/Return/ReturnData/IRS990ScheduleC/Section527PoliticalOrgGrp/USAddress/StateAbbreviationCd",8734,2410,"2020v4.0, 2020v4.1, 2020v4.2"
"/Return/ReturnData/IRS990ScheduleC/Section527PoliticalOrgGrp/USAddress/ZIPCd",8734,2410,"2020v4.0, 2020v4.1, 2020v4.2"
"/Return/ReturnData/IRS990ScheduleA/GovtFurnSrvcFcltsVl170Grp/CurrentTaxYearMinus2YearsAmt",8688,8108,"2020v4.0, 2020v4.1, 2020v4.2"
"/Return/ReturnData/IRS990ScheduleA/GovtFurnSrvcFcltsVl170Grp/CurrentTaxYearMinus3YearsAmt",8680,8097,"2020v4.0, 2020v4.1, 2020v4.2"
"/Return/ReturnData/IRS990ScheduleA/GovtFurnSrvcFcltsVl170Grp/CurrentTaxYearMinus4YearsAmt",8664,8079,"2020v4.0, 2020v4.1, 2020v4.2"
"/Return/ReturnData/IRS990ScheduleL/LoansBtwnOrgInterestedPrsnGrp/LoanFromOrganizationInd",8651,3494,"2020v4.0, 2020v4.1, 2020v4.2"
"/Return/ReturnData/IRS990ScheduleG/FundraiserActivityInfoGrp/ActivityTxt",8640,5071,"2020v4.0, 2020v4.1, 2020v4.2"
"/Return/ReturnData/IRS990ScheduleG/FundraiserActivityInfoGrp/RetainedByContractorAmt",8629,5082,"2020v4.0, 2020v4.1, 2020v4.2"
"/Return/ReturnData/IRS990ScheduleA/GovtFurnSrvcFcltsVl170Grp/CurrentTaxYearMinus1YearAmt",8615,8041,"2020v4.0, 2020v4.1, 2020v4.2"
"/Return/ReturnData/IRS990ScheduleG/IndividualWithBooksNm",8519,8228,"2020v4.0, 2020v4.1, 2020v4.2"
"/Return/ReturnData/IRS990ScheduleJ/IndependentConsultantInd",8500,7987,"2020v4.0, 2020v4.1, 2020v4.2"
"/Return/ReturnData/IRS990ScheduleC/DirectContactLegislatorsInd",8423,7794,"2020v4.0, 2020v4.1, 2020v4.2"
"/Return/ReturnData/IRS990ScheduleC/OtherActivitiesInd",8410,7780,"2020v4.0, 2020v4.1, 2020v4.2"
"/Return/ReturnData/IRS990ScheduleR/SupplementalInformationDetail",8396,5437,"2020v4.0, 2020v4.1, 2020v4.2"
"/Return/ReturnData/IRS990/TypeOfOrganizationOtherInd",8394,8048,"2020v4.0, 2020v4.1, 2020v4.2"
"/Return/ReturnData/IRS990ScheduleC/GrantsOtherOrganizationsInd",8372,7746,"2020v4.0, 2020v4.1, 2020v4.2"
"/Return/ReturnData/IRS990ScheduleC/MailingsMembersInd",8371,7745,"2020v4.0, 2020v4.1, 2020v4.2"
"/Return/ReturnData/IRS990ScheduleC/PublicationsOrBroadcastInd",8362,7736,"2020v4.0, 2020v4.1, 2020v4.2"
"/Return/ReturnData/IRS990ScheduleC/RalliesDemonstrationsInd",8362,7736,"2020v4.0, 2020v4.1, 2020v4.2"
"/Return/ReturnData/IRS990ScheduleC/MediaAdvertisementsInd",8361,7735,"2020v4.0, 2020v4.1, 2020v4.2"
"/Return/ReturnData/IRS990ScheduleG/GamingInformationGrp/VolunteerLaborOtherGamingInd",8355,8042,"2020v4.0, 2020v4.1, 2020v4.2"
"/Return/ReturnData/IRS990ScheduleC/PaidStaffOrManagementInd",8341,7713,"2020v4.0, 2020v4.1, 2020v4.2"
"/Return/ReturnData/IRS990ScheduleC/VolunteersInd",8330,7701,"2020v4.0, 2020v4.1, 2020v4.2"
"/Return/ReturnData/IRS990ScheduleD/HeldWorksArtGrp",8323,7849,"2020v4.0, 2020v4.1, 2020v4.2"
"/Return/ReturnData/IRS990ScheduleA/GovtFurnSrvcFcltsVl170Grp/CurrentTaxYearAmt",8318,7768,"2020v4.0, 2020v4.1, 2020v4.2"
"/Return/ReturnData/IRS990ScheduleF/ForeignIndividualsGrantsGrp/MannerOfCashDisbursementTxt",8302,2033,"2020v4.0, 2020v4.1, 2020v4.2"
"/Return/ReturnData/IRS990ScheduleK/TaxExemptBondsProceedsGrp/CapitalExpendituresAmt",8254,4119,"2020v4.0, 2020v4.1, 2020v4.2"
"/Return/ReturnData/IRS990ScheduleG/FundraiserActivityInfoGrp/NetToOrganizationAmt",8241,4856,"2020v4.0, 2020v4.1, 2020v4.2"
"/Return/ReturnData/IRS990ScheduleK/TaxExemptBondsProceedsGrp/RetiredAmt",8180,3946,"2020v4.0, 2020v4.1, 2020v4.2"
"/Return/ReturnData/IRS990ScheduleC/NotDescribedSection501c3Ind",8178,7564,"2020v4.0, 2020v4.1, 2020v4.2"
"/Return/ReturnData/IRS990ScheduleK/SupplementalInformationDetail",8168,3098,"2020v4.0, 2020v4.1, 2020v4.2"
"/Return/ReturnData/IRS990ScheduleK/SupplementalInformationDetail/FormAndLineReferenceDesc",8168,3098,"2020v4.0, 2020v4.1, 2020v4.2"
"/Return/ReturnData/IRS990ScheduleK/SupplementalInformationDetail/ExplanationTxt",8157,3097,"2020v4.0, 2020v4.1, 2020v4.2"
"/Return/ReturnData/IRS990ScheduleG/GamingInformationGrp/VolunteerLaborPullTabsInd",8128,7884,"2020v4.0, 2020v4.1, 2020v4.2"
"/Return/ReturnData/IRS990ScheduleG/FundraiserActivityInfoGrp/USAddress",8101,4794,"2020v4.0, 2020v4.1, 2020v4.2"
"/Return/ReturnData/IRS990ScheduleG/FundraiserActivityInfoGrp/USAddress/AddressLine1Txt",8101,4794,"2020v4.0, 2020v4.1, 2020v4.2"
"/Return/ReturnData/IRS990ScheduleG/FundraiserActivityInfoGrp/USAddress/CityNm",8101,4794,"2020v4.0, 2020v4.1, 2020v4.2"
"/Return/ReturnData/IRS990ScheduleG/FundraiserActivityInfoGrp/USAddress/StateAbbreviationCd",8101,4794,"2020v4.0, 2020v4.1, 2020v4.2"
"/Return/ReturnData/IRS990ScheduleG/FundraiserActivityInfoGrp/USAddress/ZIPCd",8101,4794,"2020v4.0, 2020v4.1, 2020v4.2"
"/Return/ReturnData/IRS990/LessRentalExpensesGrp/PersonalAmt",7992,7542,"2020v4.0, 2020v4.1, 2020v4.2"
"/Return/ReturnData/IRS990ScheduleF/ContinuationSpentAmt",7970,7432,"2020v4.0, 2020v4.1, 2020v4.2"
"/Return/ReturnData/IRS990ScheduleG/FundraiserActivityInfoGrp/GrossReceiptsAmt",7962,4720,"2020v4.0, 2020v4.1, 2020v4.2"
"/Return/ReturnData/IRS990ScheduleF/ContinuationTotalEmployeeCnt",7953,7415,"2020v4.0, 2020v4.1, 2020v4.2"
"/Return/ReturnData/IRS990ScheduleF/ContinuationTotalOfficeCnt",7947,7409,"2020v4.0, 2020v4.1, 2020v4.2"
"/Return/ReturnData/IRS990ScheduleG/FundraisingEventInformationGrp/CashPrizesTotalEventsAmt",7933,7497,"2020v4.0, 2020v4.1, 2020v4.2"
"/Return/ReturnData/IRS990ScheduleR/SupplementalInformationDetail/FormAndLineReferenceDesc",7786,5437,"2020v4.0, 2020v4.1, 2020v4.2"
"/Return/ReturnData/IRS990ScheduleA/TaxRevLeviedOrgnztnlBnft170Grp/CurrentTaxYearMinus2YearsAmt",7781,7413,"2020v4.0, 2020v4.1, 2020v4.2"
"/Return/ReturnData/IRS990ScheduleA/TaxRevLeviedOrgnztnlBnft170Grp/CurrentTaxYearMinus3YearsAmt",7764,7396,"2020v4.0, 2020v4.1, 2020v4.2"
"/Return/ReturnData/IRS990ScheduleR/SupplementalInformationDetail/ExplanationTxt",7758,5426,"2020v4.0, 2020v4.1, 2020v4.2"
"/Return/ReturnData/IRS990ScheduleA/Post1975UBTIGrp/CurrentTaxYearMinus3YearsAmt",7746,7507,"2020v4.0, 2020v4.1, 2020v4.2"
"/Return/ReturnData/IRS990ScheduleA/TaxRevLeviedOrgnztnlBnft170Grp/CurrentTaxYearMinus4YearsAmt",7740,7369,"2020v4.0, 2020v4.1, 2020v4.2"
"/Return/ReturnData/IRS990ScheduleA/TaxRevLeviedOrgnztnlBnft170Grp/CurrentTaxYearMinus1YearAmt",7736,7372,"2020v4.0, 2020v4.1, 2020v4.2"
"/Return/ReturnData/IRS990ScheduleA/Post1975UBTIGrp/CurrentTaxYearMinus2YearsAmt",7716,7474,"2020v4.0, 2020v4.1, 2020v4.2"
"/Return/ReturnData/IRS990ScheduleA/Post1975UBTIGrp/CurrentTaxYearMinus4YearsAmt",7685,7451,"2020v4.0, 2020v4.1, 2020v4.2"
"/Return/ReturnData/IRS990ScheduleK",7620,6194,"2020v4.0, 2020v4.1, 2020v4.2"
"/Return/ReturnData/IRS990ScheduleG/MailSolicitationsInd",7583,6914,"2020v4.0, 2020v4.1, 2020v4.2"
"/Return/ReturnData/IRS990ScheduleA/Post1975UBTIGrp/CurrentTaxYearMinus1YearAmt",7580,7346,"2020v4.0, 2020v4.1, 2020v4.2"
"/Return/ReturnData/IRS990ScheduleA/TaxRevLeviedOrgnztnlBnft170Grp/CurrentTaxYearAmt",7464,7113,"2020v4.0, 2020v4.1, 2020v4.2"
"/Return/ReturnData/IRS990/MethodOfAccountingOtherInd",7371,7063,"2020v4.0, 2020v4.1, 2020v4.2"
"/Return/ReturnData/IRS990EZ/AddressChangeInd",7315,7215,"2020v4.0, 2020v4.1, 2020v4.2"
"/Return/ReturnData/IRS990/InfoInScheduleOPartVInd",7300,6878,"2020v4.0, 2020v4.1, 2020v4.2"
"/Return/ReturnData/IRS990ScheduleA/Post1975UBTIGrp/CurrentTaxYearAmt",7274,7056,"2020v4.0, 2020v4.1, 2020v4.2"
"/Return/ReturnData/IRS990ScheduleG/GamingInformationGrp/VolunteerLaborBingoInd",7267,7020,"2020v4.0, 2020v4.1, 2020v4.2"
"/Return/ReturnData/IRS990ScheduleC/LobbyingNontaxableAmountGrp",7259,6641,"2020v4.0, 2020v4.1, 2020v4.2"
"/Return/ReturnData/IRS990ScheduleC/TotalExemptPurposeExpendGrp",7258,6639,"2020v4.0, 2020v4.1, 2020v4.2"
"/Return/ReturnData/IRS990ScheduleC/GrassrootsNontaxableGrp",7256,6638,"2020v4.0, 2020v4.1, 2020v4.2"
"/Return/ReturnData/IRS990/FSAuditedBasisGrp/ConsolAndSepBasisFinclStmtInd",7219,6600,"2020v4.0, 2020v4.1, 2020v4.2"
"/Return/ReturnData/IRS990ScheduleA/GovtFurnSrvcFcltsVl509Grp/CurrentTaxYearMinus2YearsAmt",7210,6957,"2020v4.0, 2020v4.1, 2020v4.2"
"/Return/ReturnData/IRS990ScheduleG/GamingInformationGrp/CashPrizesTotalGamingAmt",7204,6975,"2020v4.0, 2020v4.1, 2020v4.2"
"/Return/ReturnData/IRS990ScheduleA/TaxRevLeviedOrgnztnlBnft509Grp/CurrentTaxYearMinus2YearsAmt",7193,6985,"2020v4.0, 2020v4.1, 2020v4.2"
"/Return/ReturnData/IRS990ScheduleA/GovtFurnSrvcFcltsVl509Grp/CurrentTaxYearMinus1YearAmt",7180,6930,"2020v4.0, 2020v4.1, 2020v4.2"
"/Return/ReturnData/IRS990ScheduleA/GovtFurnSrvcFcltsVl509Grp/CurrentTaxYearMinus3YearsAmt",7175,6922,"2020v4.0, 2020v4.1, 2020v4.2"
"/Return/ReturnData/IRS990ScheduleG/EmailSolicitationsInd",7173,6549,"2020v4.0, 2020v4.1, 2020v4.2"
"/Return/ReturnData/IRS990ScheduleA/TaxRevLeviedOrgnztnlBnft509Grp/CurrentTaxYearMinus3YearsAmt",7167,6960,"2020v4.0, 2020v4.1, 2020v4.2"
"/Return/ReturnData/IRS990EZ/InitialReturnInd",7165,7121,"2020v4.0, 2020v4.1, 2020v4.2"
"/Return/ReturnData/IRS990ScheduleA/TaxRevLeviedOrgnztnlBnft509Grp/CurrentTaxYearMinus1YearAmt",7161,6958,"2020v4.0, 2020v4.1, 2020v4.2"
"/Return/ReturnData/IRS990ScheduleA/TaxRevLeviedOrgnztnlBnft509Grp/CurrentTaxYearMinus4YearsAmt",7111,6905,"2020v4.0, 2020v4.1, 2020v4.2"
"/Return/ReturnData/IRS990ScheduleK/TaxExemptBondsProceedsGrp/OtherSpentProceedsAmt",7105,3474,"2020v4.0, 2020v4.1, 2020v4.2"
"/Return/ReturnData/IRS990ScheduleA/GovtFurnSrvcFcltsVl509Grp/CurrentTaxYearMinus4YearsAmt",7098,6847,"2020v4.0, 2020v4.1, 2020v4.2"
"/Return/ReturnData/IRS990ScheduleG/FundraisingEventInformationGrp/CharitableContriOtherEventsAmt",7096,6465,"2020v4.0, 2020v4.1, 2020v4.2"
"/Return/ReturnData/IRS990ScheduleC/OtherExemptPurposeExpendGrp",7014,6419,"2020v4.0, 2020v4.1, 2020v4.2"
"/Return/ReturnData/IRS990ScheduleA/GovtFurnSrvcFcltsVl509Grp/CurrentTaxYearAmt",7008,6762,"2020v4.0, 2020v4.1, 2020v4.2"
"/Return/ReturnData/IRS990ScheduleC/TotalLobbyingExpendituresAmt",7006,6453,"2020v4.0, 2020v4.1, 2020v4.2"
"/Return/ReturnData/IRS990ScheduleN/LiquidationOfAssetsTableGrp/LiquidationOfAssetsDetail",6994,3371,"2020v4.0, 2020v4.1, 2020v4.2"
"/Return/ReturnData/IRS990ScheduleA/TaxRevLeviedOrgnztnlBnft509Grp/CurrentTaxYearAmt",6988,6794,"2020v4.0, 2020v4.1, 2020v4.2"
"/Return/ReturnData/IRS990ScheduleN/LiquidationOfAssetsTableGrp/LiquidationOfAssetsDetail/AssetsDistriOrExpnssPaidDesc",6980,3363,"2020v4.0, 2020v4.1, 2020v4.2"
"/Return/ReturnData/IRS990ScheduleG/InPersonSolicitationsInd",6976,6405,"2020v4.0, 2020v4.1, 2020v4.2"
"/Return/ReturnData/IRS990ScheduleG/FundraisingEventInformationGrp/CashPrizesEvent1Amt",6971,6600,"2020v4.0, 2020v4.1, 2020v4.2"
"/Return/ReturnData/IRS990ScheduleD/TotalBookValueProgramRltdAmt",6910,6508,"2020v4.0, 2020v4.1, 2020v4.2"
"/Return/ReturnData/IRS990ScheduleM/FoodInventoryGrp",6821,6172,"2020v4.0, 2020v4.1, 2020v4.2"
"/Return/ReturnData/IRS990ScheduleD/RelatedOrgListSchRInd",6803,6137,"2020v4.0, 2020v4.1, 2020v4.2"
"/Return/ReturnData/IRS990ScheduleC/Section527PoliticalOrgGrp/PaidInternalFundsAmt",6791,1354,"2020v4.0, 2020v4.1, 2020v4.2"
"/Return/ReturnData/IRS990/OtherOrganizationDsc",6788,6543,"2020v4.0, 2020v4.1, 2020v4.2"
"/Return/ReturnData/IRS990ScheduleD/ExplanationProvidedInd",6736,6079,"2020v4.0, 2020v4.1, 2020v4.2"
"/Return/ReturnData/IRS990ScheduleM/ClothingAndHouseholdGoodsGrp",6735,6106,"2020v4.0, 2020v4.1, 2020v4.2"
"/Return/ReturnData/IRS990ScheduleC/TotalLobbyingExpendGrp",6652,6097,"2020v4.0, 2020v4.1, 2020v4.2"
"/Return/ReturnData/IRS990ScheduleG/FundraiserActivityInfoGrp/OrganizationBusinessName",6636,3905,"2020v4.0, 2020v4.1, 2020v4.2"
"/Return/ReturnData/IRS990ScheduleG/FundraiserActivityInfoGrp/OrganizationBusinessName/BusinessNameLine1Txt",6636,3905,"2020v4.0, 2020v4.1, 2020v4.2"
"/Return/ReturnData/IRS990ScheduleN/LiquidationOfAssetsTableGrp/LiquidationOfAssetsDetail/DistributionDt",6606,3019,"2020v4.0, 2020v4.1, 2020v4.2"
"/Return/ReturnData/IRS990ScheduleA/Form990SchAType3SprtOrgAllGrp",6602,6193,"2020v4.0, 2020v4.1, 2020v4.2"
"/Return/ReturnData/IRS990ScheduleA/Form990SchAType3SprtOrgAllGrp/OfficersCloseRelationshipInd",6602,6193,"2020v4.0, 2020v4.1, 2020v4.2"
"/Return/ReturnData/IRS990ScheduleA/Form990SchAType3SprtOrgAllGrp/SupportedOrgVoiceInvestmentInd",6602,6193,"2020v4.0, 2020v4.1, 2020v4.2"
"/Return/ReturnData/IRS990ScheduleA/Form990SchAType3SprtOrgAllGrp/TimelyProvidedDocumentsInd",6602,6193,"2020v4.0, 2020v4.1, 2020v4.2"
"/Return/ReturnData/IRS990EZ/TypeOfOrganizationOtherInd",6568,6450,"2020v4.0, 2020v4.1, 2020v4.2"
"/Return/ReturnData/IRS990ScheduleG/FundraisingEventInformationGrp/FoodAndBeverageEvent2Amt",6561,6082,"2020v4.0, 2020v4.1, 2020v4.2"
"/Return/ReturnData/IRS990ScheduleC/DuesAssessmentsAmt",6499,6465,"2020v4.0, 2020v4.1, 2020v4.2"
"/Return/ReturnData/IRS990ScheduleN/LiquidationOfAssetsTableGrp/LiquidationOfAssetsDetail/FairMarketValueOfAssetAmt",6460,2942,"2020v4.0, 2020v4.1, 2020v4.2"
"/Return/ReturnData/IRS990/BooksInCareOfDetail/USAddress/AddressLine2Txt",6396,5994,"2020v4.0, 2020v4.1"
"/Return/ReturnData/IRS990/InitiationFeesAndCapContriAmt",6377,6374,"2020v4.0, 2020v4.1, 2020v4.2"
"/Return/ReturnData/IRS990ScheduleL/SupplementalInformationDetail",6334,4933,"2020v4.0, 2020v4.1, 2020v4.2"
"/Return/ReturnData/IRS990ScheduleL/SupplementalInformationDetail/FormAndLineReferenceDesc",6334,4933,"2020v4.0, 2020v4.1, 2020v4.2"
"/Return/ReturnData/IRS990ScheduleR/IdRelatedOrgTxblPartnershipGrp/UBICodeVAmt",6306,862,"2020v4.0, 2020v4.1, 2020v4.2"
"/Return/ReturnData/IRS990ScheduleL/SupplementalInformationDetail/ExplanationTxt",6302,4911,"2020v4.0, 2020v4.1, 2020v4.2"
"/Return/ReturnData/IRS990ScheduleC/TotalDirectLobbyingGrp",6217,5714,"2020v4.0, 2020v4.1, 2020v4.2"
"/Return/ReturnData/IRS990ScheduleC/AvgLobbyingNontaxableAmountGrp",6130,5534,"2020v4.0, 2020v4.1, 2020v4.2"
"/Return/ReturnData/IRS990ScheduleC/AvgGrassrootsNontaxableGrp",6110,5517,"2020v4.0, 2020v4.1, 2020v4.2"
"/Return/ReturnData/IRS990ScheduleC/AvgLobbyingNontaxableAmountGrp/TotalAmt",6103,5510,"2020v4.0, 2020v4.1, 2020v4.2"
"/Return/ReturnData/IRS990ScheduleC/LobbyingCeilingAmt",6103,5510,"2020v4.0, 2020v4.1, 2020v4.2"
"/Return/ReturnData/IRS990ScheduleG/GamingInformationGrp/GrossRevenueOtherGamingAmt",6102,5881,"2020v4.0, 2020v4.1, 2020v4.2"
"/Return/ReturnData/IRS990ScheduleC/AvgGrassrootsNontaxableGrp/TotalAmt",6075,5486,"2020v4.0, 2020v4.1, 2020v4.2"
"/Return/ReturnData/IRS990ScheduleC/GrassrootsCeilingAmt",6075,5486,"2020v4.0, 2020v4.1, 2020v4.2"
"/Return/ReturnData/IRS990EZ/OrganizationFiled990TInd",6039,5806,"2020v4.0, 2020v4.1, 2020v4.2"
"/Return/ReturnData/IRS990ScheduleN/LiquidationOfAssetsTableGrp/LiquidationOfAssetsDetail/USAddress",6029,2601,"2020v4.0, 2020v4.1, 2020v4.2"
"/Return/ReturnData/IRS990ScheduleN/LiquidationOfAssetsTableGrp/LiquidationOfAssetsDetail/USAddress/AddressLine1Txt",6029,2601,"2020v4.0, 2020v4.1, 2020v4.2"
"/Return/ReturnData/IRS990ScheduleN/LiquidationOfAssetsTableGrp/LiquidationOfAssetsDetail/USAddress/CityNm",6029,2601,"2020v4.0, 2020v4.1, 2020v4.2"
"/Return/ReturnData/IRS990ScheduleN/LiquidationOfAssetsTableGrp/LiquidationOfAssetsDetail/USAddress/StateAbbreviationCd",6029,2601,"2020v4.0, 2020v4.1, 2020v4.2"
"/Return/ReturnData/IRS990ScheduleN/LiquidationOfAssetsTableGrp/LiquidationOfAssetsDetail/USAddress/ZIPCd",6029,2601,"2020v4.0, 2020v4.1, 2020v4.2"
"/Return/ReturnData/IRS990ScheduleG/GamingInformationGrp/GrossRevenuePullTabsAmt",6024,5888,"2020v4.0, 2020v4.1, 2020v4.2"
"/Return/ReturnData/IRS990/GrossReceiptsForPublicUseAmt",5939,5937,"2020v4.0, 2020v4.1, 2020v4.2"
"/Return/ReturnData/IRS990ScheduleC/LobbyingNontaxableAmountGrp/FilingOrganizationsTotalAmt",5928,5357,"2020v4.0, 2020v4.1, 2020v4.2"
"/Return/ReturnData/IRS990ScheduleC/TotalExemptPurposeExpendGrp/FilingOrganizationsTotalAmt",5927,5355,"2020v4.0, 2020v4.1, 2020v4.2"
"/Return/ReturnData/IRS990ScheduleC/GrassrootsNontaxableGrp/FilingOrganizationsTotalAmt",5925,5354,"2020v4.0, 2020v4.1, 2020v4.2"
"/Return/ReturnData/IRS990EZ/RelatedOrgSect527OrgInd",5911,5890,"2020v4.0, 2020v4.1, 2020v4.2"
"/Return/ReturnData/IRS990ScheduleM/Form8283ReceivedCnt",5882,5369,"2020v4.0, 2020v4.1, 2020v4.2"
"/Return/ReturnData/IRS990/AmendedReturnInd",5791,5354,"2020v4.0, 2020v4.1, 2020v4.2"
"/Return/ReturnData/CompensationExplanation/CompensationExplanationGrp/ShortExplanationTxt",5755,2385,"2020v4.0, 2020v4.1, 2020v4.2"
"/Return/ReturnData/IRS990ScheduleC/TotLbbyExpendMnsLbbyngNonTxGrp",5754,5294,"2020v4.0, 2020v4.1, 2020v4.2"
"/Return/ReturnData/IRS990ScheduleK/TaxExemptBondsPrivateBusUseGrp/PrivateBusUseByOthersPct",5742,2466,"2020v4.0, 2020v4.1, 2020v4.2"
"/Return/ReturnData/IRS990ScheduleN/LiquidationOfAssetsTableGrp/LiquidationOfAssetsDetail/MethodOfFMVDeterminationTxt",5737,2516,"2020v4.0, 2020v4.1, 2020v4.2"
"/Return/ReturnData/IRS990ScheduleC/AvgLobbyingNontaxableAmountGrp/CurrentYearAmt",5720,5166,"2020v4.0, 2020v4.1, 2020v4.2"
"/Return/ReturnData/IRS990ScheduleC/AvgGrassrootsNontaxableGrp/CurrentYearAmt",5713,5160,"2020v4.0, 2020v4.1, 2020v4.2"
"/Return/ReturnData/IRS990ScheduleD/DisclosedForCharitablePrpsInd",5701,5308,"2020v4.0, 2020v4.1, 2020v4.2"
"/Return/ReturnData/IRS990ScheduleD/CollectionUsedPubExhibitionInd",5695,5141,"2020v4.0, 2020v4.1, 2020v4.2"
"/Return/ReturnData/IRS990/InitialReturnInd",5685,5394,"2020v4.0, 2020v4.1, 2020v4.2"
"/Return/ReturnData/IRS990ScheduleC/TotLbbyngGrassrootMnsNonTxGrp",5679,5227,"2020v4.0, 2020v4.1, 2020v4.2"
"/Return/ReturnData/IRS990ScheduleC/OtherExemptPurposeExpendGrp/FilingOrganizationsTotalAmt",5660,5113,"2020v4.0, 2020v4.1, 2020v4.2"
"/Return/ReturnData/IRS990ScheduleC/Section527PoliticalOrgGrp/EIN",5636,1972,"2020v4.0, 2020v4.1, 2020v4.2"
"/Return/ReturnData/IRS990ScheduleC/AvgLobbyingNontaxableAmountGrp/CurrentYearMinus1Amt",5632,5087,"2020v4.0, 2020v4.1, 2020v4.2"
"/Return/ReturnData/IRS990ScheduleD/DisclosedOrgLegCtrlInd",5625,5243,"2020v4.0, 2020v4.1, 2020v4.2"
"/Return/ReturnData/IRS990ScheduleC/AvgGrassrootsNontaxableGrp/CurrentYearMinus1Amt",5609,5065,"2020v4.0, 2020v4.1, 2020v4.2"
"/Return/ReturnData/IRS990ScheduleR/IdRelatedOrgTxblCorpTrGrp/ForeignAddress/ForeignPostalCd",5565,1570,"2020v4.0, 2020v4.1, 2020v4.2"
"/Return/ReturnData/IRS990ScheduleM/FoodInventoryGrp/NoncashContributionsRptF990Amt",5540,4977,"2020v4.0, 2020v4.1, 2020v4.2"
"/Return/ReturnData/IRS990ScheduleF/Total501c3OrgCnt",5527,5177,"2020v4.0, 2020v4.1, 2020v4.2"
"/Return/ReturnData/IRS990ScheduleG/FundraisingEventInformationGrp/RentFacilityCostsEvent2Amt",5521,5119,"2020v4.0, 2020v4.1, 2020v4.2"
"/Return/ReturnData/IRS990ScheduleG/GamingManagerPersonNm",5495,5300,"2020v4.0, 2020v4.1, 2020v4.2"
"/Return/ReturnData/IRS990ScheduleM/ClothingAndHouseholdGoodsGrp/NoncashContributionsRptF990Amt",5482,4934,"2020v4.0, 2020v4.1, 2020v4.2"
"/Return/ReturnData/IRS990ScheduleG/TotalRetainedByContractorsAmt",5478,4981,"2020v4.0, 2020v4.1, 2020v4.2"
"/Return/ReturnData/IRS990ScheduleC/AvgLobbyingNontaxableAmountGrp/CurrentYearMinus2Amt",5460,4937,"2020v4.0, 2020v4.1, 2020v4.2"
"/Return/ReturnData/IRS990ScheduleN/LiquidationOfAssetsTableGrp/LiquidationOfAssetsDetail/IRCSectionTxt",5460,2439,"2020v4.0, 2020v4.1, 2020v4.2"
"/Return/ReturnData/IRS990ScheduleC/AvgTotalLobbyingExpendGrp",5445,4918,"2020v4.0, 2020v4.1, 2020v4.2"
"/Return/ReturnData/IRS990ScheduleC/AvgGrassrootsNontaxableGrp/CurrentYearMinus2Amt",5428,4909,"2020v4.0, 2020v4.1, 2020v4.2"
"/Return/ReturnData/IRS990ScheduleM/FoodInventoryGrp/NonCashCheckboxInd",5418,4876,"2020v4.0, 2020v4.1, 2020v4.2"
"/Return/ReturnData/IRS990ScheduleC/NonDeductibleLbbyngPltclTotAmt",5407,5375,"2020v4.0, 2020v4.1, 2020v4.2"
"/Return/ReturnData/IRS990ScheduleG/GamingManagerServicesProvTxt",5400,5196,"2020v4.0, 2020v4.1, 2020v4.2"
"/Return/ReturnData/IRS990ScheduleC/AvgTotalLobbyingExpendGrp/TotalAmt",5376,4856,"2020v4.0, 2020v4.1, 2020v4.2"
"/Return/ReturnData/IRS990ScheduleR/IdRelatedOrgTxblCorpTrGrp/ForeignAddress/ProvinceOrStateNm",5373,1371,"2020v4.0, 2020v4.1, 2020v4.2"
"/Return/ReturnData/IRS990ScheduleC/NonDeductibleLbbyngPltclCYAmt",5368,5336,"2020v4.0, 2020v4.1, 2020v4.2"
"/Return/ReturnData/IRS990ScheduleG/SolicitationOfNonGovtGrantsInd",5353,4850,"2020v4.0, 2020v4.1, 2020v4.2"
"/Return/ReturnData/IRS990ScheduleM/ClothingAndHouseholdGoodsGrp/NonCashCheckboxInd",5335,4805,"2020v4.0, 2020v4.1, 2020v4.2"
"/Return/ReturnData/IRS990ScheduleC/AvgLobbyingNontaxableAmountGrp/CurrentYearMinus3Amt",5290,4766,"2020v4.0, 2020v4.1, 2020v4.2"
"/Return/ReturnData/IRS990ScheduleC/AvgGrassrootsNontaxableGrp/CurrentYearMinus3Amt",5250,4733,"2020v4.0, 2020v4.1, 2020v4.2"
"/Return/ReturnData/IRS990ScheduleC/TotalLobbyingExpendGrp/FilingOrganizationsTotalAmt",5250,4754,"2020v4.0, 2020v4.1, 2020v4.2"
"/Return/ReturnData/IRS990ScheduleN",5241,5056,"2020v4.0, 2020v4.1, 2020v4.2"
"/Return/ReturnHeader/Filer/ForeignPhoneNum",5203,5114,"2020v4.0, 2020v4.1, 2020v4.2"
"/Return/ReturnData/IRS990ScheduleG/GamingOwnFacilityPct",5191,5078,"2020v4.0, 2020v4.1, 2020v4.2"
"/Return/ReturnData/IRS990ScheduleN/LiquidationOfAssetsTableGrp/LiquidationOfAssetsDetail/EIN",5115,2225,"2020v4.0, 2020v4.1, 2020v4.2"
"/Return/ReturnData/IRS990EZ/TypeOfOrganizationOtherDesc",5090,4990,"2020v4.0, 2020v4.1, 2020v4.2"
"/Return/ReturnData/IRS990ScheduleG/FundraisingEventInformationGrp/FoodAndBeverageOtherEventsAmt",5076,4752,"2020v4.0, 2020v4.1, 2020v4.2"
"/Return/ReturnData/IRS990ScheduleG/GamingInformationGrp/OtherDirectExpensesPullTabsAmt",5076,4957,"2020v4.0, 2020v4.1, 2020v4.2"
"/Return/ReturnData/IRS990ScheduleK/TaxExemptBondsProceedsGrp/InReserveFundAmt",5033,2371,"2020v4.0, 2020v4.1, 2020v4.2"
"/Return/ReturnData/IRS990ScheduleK/TaxExemptBondsPrivateBusUseGrp/TotalPrivateBusinessUsePct",5029,2202,"2020v4.0, 2020v4.1, 2020v4.2"
"/Return/ReturnData/IRS990EZ/Form720FiledInd",5013,4984,"2020v4.0, 2020v4.1, 2020v4.2"
"/Return/ReturnData/IRS990ScheduleG/TotalNetToOrganizationAmt",4975,4541,"2020v4.0, 2020v4.1, 2020v4.2"
"/Return/ReturnData/IRS990ScheduleC/Form1120POLFiledInd",4973,4930,"2020v4.0, 2020v4.1, 2020v4.2"
"/Return/ReturnData/IRS990ScheduleG/PhoneSolicitationsInd",4960,4546,"2020v4.0, 2020v4.1, 2020v4.2"
"/Return/ReturnData/IRS990/LicensedMoreThanOneStateInd",4950,4765,"2020v4.0, 2020v4.1, 2020v4.2"
"/Return/ReturnData/IRS990ScheduleM/ClothingAndHouseholdGoodsGrp/MethodOfDeterminingRevenuesTxt",4915,4424,"2020v4.0, 2020v4.1, 2020v4.2"
"/Return/ReturnData/IRS990ScheduleM/FoodInventoryGrp/MethodOfDeterminingRevenuesTxt",4892,4389,"2020v4.0, 2020v4.1, 2020v4.2"
"/Return/ReturnData/IRS990ScheduleA/IRSWrittenDeterminationInd",4875,4555,"2020v4.0, 2020v4.1, 2020v4.2"
"/Return/ReturnData/IRS990ScheduleA/DistributableAmountGrp",4828,4620,"2020v4.0, 2020v4.1, 2020v4.2"
"/Return/ReturnData/IRS990ScheduleA/DistributableAmountGrp/CYAdjNetIncomeDistributableAmt",4828,4620,"2020v4.0, 2020v4.1, 2020v4.2"
"/Return/ReturnData/IRS990ScheduleA/DistributableAmountGrp/CYDistributableAsAdjustedAmt",4828,4620,"2020v4.0, 2020v4.1, 2020v4.2"
"/Return/ReturnData/IRS990ScheduleA/DistributableAmountGrp/CYGreaterAdjustedMinimumAmt",4828,4620,"2020v4.0, 2020v4.1, 2020v4.2"
"/Return/ReturnData/IRS990ScheduleA/DistributableAmountGrp/CYIncomeTaxImposedPYAmt",4828,4620,"2020v4.0, 2020v4.1, 2020v4.2"
"/Return/ReturnData/IRS990ScheduleA/DistributableAmountGrp/CYPct85AdjustedNetIncomeAmt",4828,4620,"2020v4.0, 2020v4.1, 2020v4.2"
"/Return/ReturnData/IRS990ScheduleA/DistributableAmountGrp/CYTotalMinAstDistributableAmt",4828,4620,"2020v4.0, 2020v4.1, 2020v4.2"
"/Return/ReturnData/IRS990ScheduleC/TotalDirectLobbyingGrp/FilingOrganizationsTotalAmt",4781,4339,"2020v4.0, 2020v4.1, 2020v4.2"
"/Return/ReturnData/IRS990ScheduleD/WrittenPolicyMonitoringInd",4739,4426,"2020v4.0, 2020v4.1, 2020v4.2"
"/Return/ReturnData/IRS990ScheduleC/AvgTotalLobbyingExpendGrp/CurrentYearAmt",4735,4280,"2020v4.0, 2020v4.1, 2020v4.2"
"/Return/ReturnData/IRS990ScheduleC/AggregateReportedDuesNtcAmt",4732,4705,"2020v4.0, 2020v4.1, 2020v4.2"
"/Return/ReturnData/IRS990ScheduleM/FoodInventoryGrp/ContributionCnt",4724,4258,"2020v4.0, 2020v4.1, 2020v4.2"
"/Return/ReturnData/IRS990ScheduleC/AvgTotalLobbyingExpendGrp/CurrentYearMinus1Amt",4721,4267,"2020v4.0, 2020v4.1, 2020v4.2"
"/Return/ReturnData/IRS990ScheduleC/TotalGrassrootsLobbyingGrp",4697,4356,"2020v4.0, 2020v4.1, 2020v4.2"
"/Return/ReturnData/IRS990ScheduleG/GamingInformationGrp/CashPrizesPullTabsAmt",4624,4510,"2020v4.0, 2020v4.1, 2020v4.2"
"/Return/ReturnData/IRS990ScheduleC/AvgTotalLobbyingExpendGrp/CurrentYearMinus2Amt",4606,4164,"2020v4.0, 2020v4.1, 2020v4.2"
"/Return/ReturnData/IRS990ScheduleC/AvgTotalLobbyingExpendGrp/CurrentYearMinus3Amt",4477,4039,"2020v4.0, 2020v4.1, 2020v4.2"
"/Return/ReturnData/IRS990ScheduleD/CollectionUsedPreservationInd",4447,4028,"2020v4.0, 2020v4.1, 2020v4.2"
"/Return/ReturnData/IRS990ScheduleA/HospitalInd",4430,4224,"2020v4.0, 2020v4.1, 2020v4.2"
"/Return/ReturnData/IRS990ScheduleA/Form990SchAType3FuncIntGrp",4341,4074,"2020v4.0, 2020v4.1, 2020v4.2"
"/Return/ReturnData/IRS990ScheduleG/SupplementalInformationDetail",4274,3280,"2020v4.0, 2020v4.1, 2020v4.2"
"/Return/ReturnData/IRS990ScheduleG/SupplementalInformationDetail/FormAndLineReferenceDesc",4274,3280,"2020v4.0, 2020v4.1, 2020v4.2"
"/Return/ReturnData/IRS990ScheduleG/SupplementalInformationDetail/ExplanationTxt",4266,3274,"2020v4.0, 2020v4.1, 2020v4.2"
"/Return/ReturnData/IRS990ScheduleK/TaxExemptBondsPrivateBusUseGrp/PrivateBusConcerningUBIPct",4251,1882,"2020v4.0, 2020v4.1, 2020v4.2"
"/Return/ReturnData/IRS990ScheduleR/IdDisregardedEntitiesGrp/DirectControllingNACd",4219,980,"2020v4.0, 2020v4.1, 2020v4.2"
"/Return/ReturnData/IRS990ScheduleG/FundraisingEventInformationGrp/NonCashPrizesEvent2Amt",4208,3907,"2020v4.0, 2020v4.1, 2020v4.2"
"/Return/ReturnHeader/AdditionalFilerInformation/TrustedCustomerGrp/ProfilePasswordChangeInd",4205,4042,"2020v4.0"
"/Return/ReturnData/IRS990ScheduleC/TotLbbyExpendMnsLbbyngNonTxGrp/FilingOrganizationsTotalAmt",4155,3759,"2020v4.0, 2020v4.1, 2020v4.2"
"/Return/ReturnData/IRS990ScheduleI/RecipientTable/RecipientBusinessName/BusinessNameLine2Txt",4092,1192,"2020v4.0, 2020v4.1"
"/Return/ReturnData/IRS990ScheduleG/GamingInformationGrp/GrossRevenueBingoAmt",4087,3937,"2020v4.0, 2020v4.1, 2020v4.2"
"/Return/ReturnData/IRS990ScheduleC/TotLbbyngGrassrootMnsNonTxGrp/FilingOrganizationsTotalAmt",4082,3694,"2020v4.0, 2020v4.1, 2020v4.2"
"/Return/ReturnData/IRS990/USAddress/AddressLine2Txt",4066,3831,"2020v4.0, 2020v4.1, 2020v4.2"
"/Return/ReturnData/IRS990ScheduleG/GamingOtherFacilityPct",4013,3782,"2020v4.0, 2020v4.1, 2020v4.2"
"/Return/ReturnData/IRS990ScheduleR/IdRelatedTaxExemptOrgGrp/LegalDomicileForeignCountryCd",4009,1631,"2020v4.0, 2020v4.1, 2020v4.2"
"/Return/ReturnData/IRS990ScheduleG/TotalGrossReceiptsAmt",4007,3649,"2020v4.0, 2020v4.1, 2020v4.2"
"/Return/ReturnData/IRS990ScheduleR/IdRelatedTaxExemptOrgGrp/DirectControllingEntityName/BusinessNameLine2Txt",3992,956,"2020v4.0, 2020v4.1"
"/Return/ReturnData/IRS990ScheduleG/GamingInformationGrp/OthDirectExpnssOtherGamingAmt",3964,3809,"2020v4.0, 2020v4.1, 2020v4.2"
"/Return/ReturnData/IRS990ScheduleA/MajorityDirTrstSupportedOrgInd",3959,3729,"2020v4.0, 2020v4.1, 2020v4.2"
"/Return/ReturnData/IRS990/AcctCompileOrReviewBasisGrp/ConsolidatedBasisFinclStmtInd",3953,3736,"2020v4.0, 2020v4.1, 2020v4.2"
"/Return/ReturnData/IRS990EZ/BooksInCareOfDetail/USAddress/AddressLine2Txt",3897,3848,"2020v4.0, 2020v4.1, 2020v4.2"
"/Return/ReturnData/IRS990ScheduleH/HospitalFacilitiesGrp",3848,2352,"2020v4.0, 2020v4.1, 2020v4.2"
"/Return/ReturnData/IRS990ScheduleH/HospitalFacilitiesGrp/FacilityNum",3848,2352,"2020v4.0, 2020v4.1, 2020v4.2"
"/Return/ReturnData/IRS990ScheduleH/HospitalFacilitiesGrp/BusinessName",3846,2350,"2020v4.0, 2020v4.1, 2020v4.2"
"/Return/ReturnData/IRS990ScheduleH/HospitalFacilitiesGrp/BusinessName/BusinessNameLine1Txt",3846,2350,"2020v4.0, 2020v4.1, 2020v4.2"
"/Return/ReturnData/IRS990ScheduleH/HospitalFacilitiesGrp/USAddress",3840,2345,"2020v4.0, 2020v4.1, 2020v4.2"
"/Return/ReturnData/IRS990ScheduleH/HospitalFacilitiesGrp/USAddress/AddressLine1Txt",3840,2345,"2020v4.0, 2020v4.1, 2020v4.2"
"/Return/ReturnData/IRS990ScheduleH/HospitalFacilitiesGrp/USAddress/CityNm",3840,2345,"2020v4.0, 2020v4.1, 2020v4.2"
"/Return/ReturnData/IRS990ScheduleH/HospitalFacilitiesGrp/USAddress/StateAbbreviationCd",3840,2345,"2020v4.0, 2020v4.1, 2020v4.2"
"/Return/ReturnData/IRS990ScheduleH/HospitalFacilitiesGrp/USAddress/ZIPCd",3840,2345,"2020v4.0, 2020v4.1, 2020v4.2"
"/Return/ReturnData/IRS990ScheduleF/TotalOtherOrgCnt",3785,3561,"2020v4.0, 2020v4.1, 2020v4.2"
"/Return/ReturnData/IRS990ScheduleA/DistributionAllocationsGrp",3745,3574,"2020v4.0, 2020v4.1, 2020v4.2"
"/Return/ReturnData/IRS990ScheduleA/DistributionAllocationsGrp/CYDistribAppUnderdistriPYAmt",3745,3574,"2020v4.0, 2020v4.1, 2020v4.2"
"/Return/ReturnData/IRS990ScheduleA/DistributionAllocationsGrp/CYDistributableAsAdjustedAmt",3745,3574,"2020v4.0, 2020v4.1, 2020v4.2"
"/Return/ReturnData/IRS990ScheduleA/DistributionAllocationsGrp/CYTotalAnnualDistributionsAmt",3745,3574,"2020v4.0, 2020v4.1, 2020v4.2"
"/Return/ReturnData/IRS990ScheduleA/DistributionAllocationsGrp/CarryoverPYNotAppliedAmt",3745,3574,"2020v4.0, 2020v4.1, 2020v4.2"
"/Return/ReturnData/IRS990ScheduleA/DistributionAllocationsGrp/CyovAppliedUnderdistrCPYAmt",3745,3574,"2020v4.0, 2020v4.1, 2020v4.2"
"/Return/ReturnData/IRS990ScheduleA/DistributionAllocationsGrp/CyovAppliedUnderdistriPYAmt",3745,3574,"2020v4.0, 2020v4.1, 2020v4.2"
"/Return/ReturnData/IRS990ScheduleA/DistributionAllocationsGrp/ExcessDistriCyovToNextYrAmt",3745,3574,"2020v4.0, 2020v4.1, 2020v4.2"
"/Return/ReturnData/IRS990ScheduleA/DistributionAllocationsGrp/ExcessDistributionAmt",3745,3574,"2020v4.0, 2020v4.1, 2020v4.2"
"/Return/ReturnData/IRS990ScheduleA/DistributionAllocationsGrp/ExcessDistributionCyovAmt",3745,3574,"2020v4.0, 2020v4.1, 2020v4.2"
"/Return/ReturnData/IRS990ScheduleA/DistributionAllocationsGrp/ExcessDistributionCyovYr1Amt",3745,3574,"2020v4.0, 2020v4.1, 2020v4.2"
"/Return/ReturnData/IRS990ScheduleA/DistributionAllocationsGrp/ExcessDistributionCyovYr2Amt",3745,3574,"2020v4.0, 2020v4.1, 2020v4.2"
"/Return/ReturnData/IRS990ScheduleA/DistributionAllocationsGrp/ExcessDistributionCyovYr3Amt",3745,3574,"2020v4.0, 2020v4.1, 2020v4.2"
"/Return/ReturnData/IRS990ScheduleA/DistributionAllocationsGrp/ExcessDistributionCyovYr4Amt",3745,3574,"2020v4.0, 2020v4.1, 2020v4.2"
"/Return/ReturnData/IRS990ScheduleA/DistributionAllocationsGrp/ExcessDistributionCyovYr5Amt",3745,3574,"2020v4.0, 2020v4.1, 2020v4.2"
"/Return/ReturnData/IRS990ScheduleA/DistributionAllocationsGrp/ExcessFromYear1Amt",3745,3574,"2020v4.0, 2020v4.1, 2020v4.2"
"/Return/ReturnData/IRS990ScheduleA/DistributionAllocationsGrp/ExcessFromYear2Amt",3745,3574,"2020v4.0, 2020v4.1, 2020v4.2"
"/Return/ReturnData/IRS990ScheduleA/DistributionAllocationsGrp/ExcessFromYear3Amt",3745,3574,"2020v4.0, 2020v4.1, 2020v4.2"
"/Return/ReturnData/IRS990ScheduleA/DistributionAllocationsGrp/ExcessFromYear4Amt",3745,3574,"2020v4.0, 2020v4.1, 2020v4.2"
"/Return/ReturnData/IRS990ScheduleA/DistributionAllocationsGrp/ExcessFromYear5Amt",3745,3574,"2020v4.0, 2020v4.1, 2020v4.2"
"/Return/ReturnData/IRS990ScheduleA/DistributionAllocationsGrp/RemainingUnderdistriCYAmt",3745,3574,"2020v4.0, 2020v4.1, 2020v4.2"
"/Return/ReturnData/IRS990ScheduleA/DistributionAllocationsGrp/RemainingUnderdistriPYAmt",3745,3574,"2020v4.0, 2020v4.1, 2020v4.2"
"/Return/ReturnData/IRS990ScheduleA/DistributionAllocationsGrp/TotalExcessDistributionCyovAmt",3745,3574,"2020v4.0, 2020v4.1, 2020v4.2"
"/Return/ReturnData/IRS990ScheduleA/DistributionAllocationsGrp/UnderdistributionsAmt",3745,3574,"2020v4.0, 2020v4.1, 2020v4.2"
"/Return/ReturnData/IRS990ScheduleK/TaxExemptBondsProceedsGrp/CapitalizedInterestAmt",3728,1757,"2020v4.0, 2020v4.1, 2020v4.2"
"/Return/ReturnData/IRS990ScheduleA/SupportingOrgType2Ind",3712,3488,"2020v4.0, 2020v4.1, 2020v4.2"
"/Return/ReturnData/IRS990ScheduleH/HospitalFacilitiesGrp/LicensedHospitalInd",3707,2297,"2020v4.0, 2020v4.1, 2020v4.2"
"/Return/ReturnData/IRS990ScheduleA/DistributionsGrp",3698,3529,"2020v4.0, 2020v4.1, 2020v4.2"
"/Return/ReturnData/IRS990ScheduleA/DistributionsGrp/CYAdministrativeExpensePaidAmt",3698,3529,"2020v4.0, 2020v4.1, 2020v4.2"
"/Return/ReturnData/IRS990ScheduleA/DistributionsGrp/CYDistriAttentiveSuprtOrgAmt",3698,3529,"2020v4.0, 2020v4.1, 2020v4.2"
"/Return/ReturnData/IRS990ScheduleA/DistributionsGrp/CYDistributableAsAdjustedAmt",3698,3529,"2020v4.0, 2020v4.1, 2020v4.2"
"/Return/ReturnData/IRS990ScheduleA/DistributionsGrp/CYDistributionYrRt",3698,3529,"2020v4.0, 2020v4.1, 2020v4.2"
"/Return/ReturnData/IRS990ScheduleA/DistributionsGrp/CYOtherDistributionsAmt",3698,3529,"2020v4.0, 2020v4.1, 2020v4.2"
"/Return/ReturnData/IRS990ScheduleA/DistributionsGrp/CYPaidAccomplishExemptPrpsAmt",3698,3529,"2020v4.0, 2020v4.1, 2020v4.2"
"/Return/ReturnData/IRS990ScheduleA/DistributionsGrp/CYPdInExcessIncomeActivityAmt",3698,3529,"2020v4.0, 2020v4.1, 2020v4.2"
"/Return/ReturnData/IRS990ScheduleA/DistributionsGrp/CYTotalAnnualDistributionsAmt",3698,3529,"2020v4.0, 2020v4.1, 2020v4.2"
"/Return/ReturnData/IRS990ScheduleA/DistributionsGrp/ExemptUseAssetsAcquisPaidAmt",3698,3529,"2020v4.0, 2020v4.1, 2020v4.2"
"/Return/ReturnData/IRS990ScheduleA/DistributionsGrp/QualifiedSetAsideAmt",3698,3529,"2020v4.0, 2020v4.1, 2020v4.2"
"/Return/ReturnData/IRS990ScheduleA/SupportingOrgType3FuncIntInd",3686,3426,"2020v4.0, 2020v4.1, 2020v4.2"
"/Return/ReturnData/IRS990ScheduleR/IdRelatedTaxExemptOrgGrp/DisregardedEntityName/BusinessNameLine2Txt",3683,1887,"2020v4.0, 2020v4.1"
"/Return/ReturnData/IRS990ScheduleG/FundraisingEventInformationGrp/EntertainmentOtherEventsAmt",3657,3435,"2020v4.0, 2020v4.1, 2020v4.2"
"/Return/ReturnData/IRS990ScheduleN/BondsOutstandingInd",3652,3540,"2020v4.0, 2020v4.1, 2020v4.2"
"/Return/ReturnData/IRS990ScheduleN/RequiredToNotifyAGInd",3651,3539,"2020v4.0, 2020v4.1, 2020v4.2"
"/Return/ReturnData/IRS990ScheduleN/AssetsDistributedInd",3649,3537,"2020v4.0, 2020v4.1, 2020v4.2"
"/Return/ReturnData/IRS990ScheduleN/LiabilitiesPaidInd",3649,3538,"2020v4.0, 2020v4.1, 2020v4.2"
"/Return/ReturnData/IRS990ScheduleG/SolicitationOfGovtGrantsInd",3633,3264,"2020v4.0, 2020v4.1, 2020v4.2"
"/Return/ReturnData/IRS990ScheduleA/ThirtyThrPctSuprtTestsPY509Ind",3626,3512,"2020v4.0, 2020v4.1, 2020v4.2"
"/Return/ReturnData/IRS990ScheduleC/OtherActivitiesAmt",3625,3384,"2020v4.0, 2020v4.1, 2020v4.2"
"/Return/ReturnHeader/PreparerFirmGrp/PreparerUSAddress/AddressLine2Txt",3611,3434,"2020v4.0, 2020v4.1, 2020v4.2"
"/Return/ReturnData/IRS990/InfoInScheduleOPartXInd",3609,3378,"2020v4.0, 2020v4.1, 2020v4.2"
"/Return/ReturnData/IRS990ScheduleN/LiquidationOfAssetsTableGrp/LiquidationOfAssetsDetail/BusinessName",3597,1517,"2020v4.0, 2020v4.1, 2020v4.2"
"/Return/ReturnData/IRS990ScheduleN/LiquidationOfAssetsTableGrp/LiquidationOfAssetsDetail/BusinessName/BusinessNameLine1Txt",3597,1517,"2020v4.0, 2020v4.1, 2020v4.2"
"/Return/ReturnData/IRS990ScheduleC/Section527PoliticalOrgGrp/ContributionsRcvdDlvrAmt",3586,1330,"2020v4.0, 2020v4.1, 2020v4.2"
"/Return/ReturnData/IRS990ScheduleN/DirectorOfSuccessorInd",3581,3469,"2020v4.0, 2020v4.1, 2020v4.2"
"/Return/ReturnData/IRS990ScheduleN/EmployeeOfSuccessorInd",3581,3469,"2020v4.0, 2020v4.1, 2020v4.2"
"/Return/ReturnData/IRS990ScheduleN/OwnerOfSuccessorInd",3581,3469,"2020v4.0, 2020v4.1, 2020v4.2"
"/Return/ReturnData/IRS990ScheduleA/SupportedOrgInformationGrp/SupportedOrganizationName/BusinessNameLine2Txt",3578,1840,"2020v4.0, 2020v4.1"
"/Return/ReturnData/IRS990ScheduleN/ReceiveCompensationInd",3578,3466,"2020v4.0, 2020v4.1, 2020v4.2"
"/Return/ReturnData/IRS990ScheduleD/Section170hRqrStsfdInd",3576,3372,"2020v4.0, 2020v4.1, 2020v4.2"
"/Return/ReturnData/IRS990ScheduleN/LiquidationOfAssetsTableGrp",3569,3455,"2020v4.0, 2020v4.1, 2020v4.2"
"/Return/ReturnData/IRS990ScheduleG/FundraisingEventInformationGrp/EntertainmentEvent2Amt",3526,3285,"2020v4.0, 2020v4.1, 2020v4.2"
"/Return/ReturnData/IRS990ScheduleC/TaxableAmt",3521,3499,"2020v4.0, 2020v4.1, 2020v4.2"
"/Return/ReturnData/IRS990ScheduleF/ForeignIndividualsGrantsGrp/ValuationMethodUsedDesc",3502,832,"2020v4.0, 2020v4.1, 2020v4.2"
"/Return/ReturnData/IRS990ScheduleD/LossesReportedAmt",3489,3241,"2020v4.0, 2020v4.1, 2020v4.2"
"/Return/ReturnData/IRS990ScheduleD/PriorYearAdjustmentsAmt",3478,3230,"2020v4.0, 2020v4.1, 2020v4.2"
"/Return/ReturnData/IRS990ScheduleG/GamingInformationGrp/OtherDirectExpensesBingoAmt",3449,3322,"2020v4.0, 2020v4.1, 2020v4.2"
"/Return/ReturnData/IRS990ScheduleK/TaxExemptBondsProceedsGrp/UnspentAmt",3430,1665,"2020v4.0, 2020v4.1, 2020v4.2"
"/Return/ReturnData/IRS990ScheduleD/RecoveriesPriorYearGrantsAmt",3363,3127,"2020v4.0, 2020v4.1, 2020v4.2"
"/Return/ReturnData/IRS990ScheduleG/GamingManagerIsDirectorOfcrInd",3359,3262,"2020v4.0, 2020v4.1, 2020v4.2"
"/Return/ReturnData/IRS990ScheduleK/TaxExemptBondsProceedsGrp/RefundingEscrowAmt",3310,1514,"2020v4.0, 2020v4.1, 2020v4.2"
"/Return/ReturnData/IRS990ScheduleH/HospitalFacilitiesGrp/WebsiteAddressTxt",3302,1997,"2020v4.0, 2020v4.1, 2020v4.2"
"/Return/ReturnData/IRS990ScheduleJ/ClubDuesOrFeesInd",3261,3045,"2020v4.0, 2020v4.1, 2020v4.2"
"/Return/ReturnData/IRS990ScheduleJ/HousingAllowanceOrResidenceInd",3258,2959,"2020v4.0, 2020v4.1, 2020v4.2"
"/Return/ReturnData/IRS990ScheduleG/GamingInformationGrp/CashPrizesOtherGamingAmt",3247,3130,"2020v4.0, 2020v4.1, 2020v4.2"
"/Return/ReturnData/IRS990ScheduleH/HospitalFacilitiesGrp/StateLicenseNum",3208,1934,"2020v4.0, 2020v4.1, 2020v4.2"
"/Return/ReturnData/IRS990ScheduleA/CommunityTrustInd",3204,3110,"2020v4.0, 2020v4.1, 2020v4.2"
"/Return/ReturnData/IRS990EZ/ProgramSrvcAccomplishmentGrp/ForeignGrantsInd",3195,2309,"2020v4.0, 2020v4.1, 2020v4.2"
"/Return/ReturnData/IRS990ScheduleC/TotalGrassrootsLobbyingGrp/FilingOrganizationsTotalAmt",3182,2899,"2020v4.0, 2020v4.1, 2020v4.2"
"/Return/ReturnData/IRS990ScheduleH/HospitalFacilitiesGrp/EmergencyRoom24HrsInd",3173,2056,"2020v4.0, 2020v4.1, 2020v4.2"
"/Return/ReturnData/IRS990ScheduleR/IdRelatedTaxExemptOrgGrp/ForeignAddress",3158,1342,"2020v4.0, 2020v4.1, 2020v4.2"
"/Return/ReturnData/IRS990ScheduleR/IdRelatedTaxExemptOrgGrp/ForeignAddress/AddressLine1Txt",3158,1342,"2020v4.0, 2020v4.1, 2020v4.2"
"/Return/ReturnData/IRS990ScheduleR/IdRelatedTaxExemptOrgGrp/ForeignAddress/CountryCd",3158,1342,"2020v4.0, 2020v4.1, 2020v4.2"
"/Return/ReturnData/IRS990ScheduleM/DrugsAndMedicalSuppliesGrp",3149,2910,"2020v4.0, 2020v4.1, 2020v4.2"
"/Return/ReturnData/IRS990ScheduleG/GamingInformationGrp/CashPrizesBingoAmt",3147,3040,"2020v4.0, 2020v4.1, 2020v4.2"
"/Return/ReturnData/IRS990ScheduleC/AvgGrassrootsLobbyingExpendGrp",3135,2845,"2020v4.0, 2020v4.1, 2020v4.2"
"/Return/ReturnData/IRS990ScheduleM/CarsAndOtherVehiclesGrp",3129,2854,"2020v4.0, 2020v4.1, 2020v4.2"
"/Return/ReturnData/IRS990EZ/LoansToFromOfficersAmt",3126,3109,"2020v4.0, 2020v4.1, 2020v4.2"
"/Return/ReturnData/IRS990ScheduleH/HospitalFacilitiesGrp/GeneralMedicalAndSurgicalInd",3099,1965,"2020v4.0, 2020v4.1, 2020v4.2"
"/Return/ReturnData/IRS990/OrgFiledInLieuOfForm1041Ind",3086,2975,"2020v4.0, 2020v4.1, 2020v4.2"
"/Return/ReturnData/IRS990ScheduleC/PoliticalExpendituresAmt",3068,3024,"2020v4.0, 2020v4.1, 2020v4.2"
"/Return/ReturnData/IRS990ScheduleC/AvgGrassrootsLobbyingExpendGrp/TotalAmt",3018,2738,"2020v4.0, 2020v4.1, 2020v4.2"
"/Return/ReturnData/IRS990ScheduleK/TaxExemptBondsProceedsGrp/WorkingCapitalExpendituresAmt",2959,1270,"2020v4.0, 2020v4.1, 2020v4.2"
"/Return/ReturnData/IRS990/ContractTerminationInd",2948,2792,"2020v4.0, 2020v4.1, 2020v4.2"
"/Return/ReturnData/IRS990ScheduleG/FundraisingEventInformationGrp/CashPrizesEvent2Amt",2944,2769,"2020v4.0, 2020v4.1, 2020v4.2"
"/Return/ReturnData/IRS990ScheduleG/FundraisingEventInformationGrp/RentFcltyCostsOtherEventsAmt",2926,2735,"2020v4.0, 2020v4.1, 2020v4.2"
"/Return/ReturnData/IRS990ScheduleG/GamingInformationGrp/RentFcltyCostsTotalGamingAmt",2915,2793,"2020v4.0, 2020v4.1, 2020v4.2"
"/Return/ReturnData/IRS990ScheduleL/LoansBtwnOrgInterestedPrsnGrp/BusinessName",2905,1616,"2020v4.0, 2020v4.1, 2020v4.2"
"/Return/ReturnData/IRS990ScheduleL/LoansBtwnOrgInterestedPrsnGrp/BusinessName/BusinessNameLine1Txt",2905,1616,"2020v4.0, 2020v4.1, 2020v4.2"
"/Return/ReturnData/IRS990ScheduleK/TaxExemptBondsProceedsGrp/CreditEnhancementAmt",2897,1214,"2020v4.0, 2020v4.1, 2020v4.2"
"/Return/ReturnData/IRS990ScheduleH/HospitalFcltyPoliciesPrctcGrp",2874,2347,"2020v4.0, 2020v4.1, 2020v4.2"
"/Return/ReturnData/IRS990ScheduleH/HospitalFcltyPoliciesPrctcGrp/AmountsGenerallyBilledInd",2874,2347,"2020v4.0, 2020v4.1, 2020v4.2"
"/Return/ReturnData/IRS990ScheduleH/HospitalFcltyPoliciesPrctcGrp/AppFinancialAsstExplnInd",2874,2347,"2020v4.0, 2020v4.1, 2020v4.2"
"/Return/ReturnData/IRS990ScheduleH/HospitalFcltyPoliciesPrctcGrp/CHNAConductedInd",2874,2347,"2020v4.0, 2020v4.1, 2020v4.2"
"/Return/ReturnData/IRS990ScheduleH/HospitalFcltyPoliciesPrctcGrp/CollectionActivitiesInd",2874,2347,"2020v4.0, 2020v4.1, 2020v4.2"
"/Return/ReturnData/IRS990ScheduleH/HospitalFcltyPoliciesPrctcGrp/EligCriteriaExplainedInd",2874,2347,"2020v4.0, 2020v4.1, 2020v4.2"
"/Return/ReturnData/IRS990ScheduleH/HospitalFcltyPoliciesPrctcGrp/ExplainedBasisInd",2874,2347,"2020v4.0, 2020v4.1, 2020v4.2"
"/Return/ReturnData/IRS990ScheduleH/HospitalFcltyPoliciesPrctcGrp/FAPActionsOnNonpaymentInd",2874,2347,"2020v4.0, 2020v4.1, 2020v4.2"
"/Return/ReturnData/IRS990ScheduleH/HospitalFcltyPoliciesPrctcGrp/FirstLicensedCYOrPYInd",2874,2347,"2020v4.0, 2020v4.1, 2020v4.2"
"/Return/ReturnData/IRS990ScheduleH/HospitalFcltyPoliciesPrctcGrp/GrossChargesInd",2874,2347,"2020v4.0, 2020v4.1, 2020v4.2"
"/Return/ReturnData/IRS990ScheduleH/HospitalFcltyPoliciesPrctcGrp/IncludesPublicityMeasuresInd",2874,2347,"2020v4.0, 2020v4.1, 2020v4.2"
"/Return/ReturnData/IRS990ScheduleH/HospitalFcltyPoliciesPrctcGrp/NondisEmergencyCarePolicyInd",2874,2347,"2020v4.0, 2020v4.1, 2020v4.2"
"/Return/ReturnData/IRS990ScheduleH/HospitalFcltyPoliciesPrctcGrp/OrganizationIncurExciseTaxInd",2874,2347,"2020v4.0, 2020v4.1, 2020v4.2"
"/Return/ReturnData/IRS990ScheduleH/HospitalFcltyPoliciesPrctcGrp/TaxExemptHospitalCYOrPYInd",2874,2347,"2020v4.0, 2020v4.1, 2020v4.2"
"/Return/ReturnData/IRS990ScheduleR/IdRelatedTaxExemptOrgGrp/ForeignAddress/CityNm",2869,1262,"2020v4.0, 2020v4.1, 2020v4.2"
"/Return/ReturnData/IRS990ScheduleN/DispositionOfAssetsDetail",2860,1301,"2020v4.0, 2020v4.1, 2020v4.2"
"/Return/ReturnData/IRS990ScheduleN/DispositionOfAssetsDetail/AssetsDistriOrExpnssPaidDesc",2856,1300,"2020v4.0, 2020v4.1, 2020v4.2"
"/Return/ReturnData/IRS990ScheduleH/HospitalFcltyPoliciesPrctcGrp/HospitalFacilityName",2846,2324,"2020v4.0, 2020v4.1, 2020v4.2"
"/Return/ReturnData/IRS990ScheduleH/HospitalFcltyPoliciesPrctcGrp/HospitalFacilityName/BusinessNameLine1Txt",2846,2324,"2020v4.0, 2020v4.1, 2020v4.2"
"/Return/ReturnData/IRS990ScheduleK/TaxExemptBondsPrivateBusUseGrp/EngageBondCounselContractsInd",2843,1147,"2020v4.0, 2020v4.1, 2020v4.2"
"/Return/ReturnData/IRS990ScheduleC/DirectContactLegislatorsAmt",2842,2588,"2020v4.0, 2020v4.1, 2020v4.2"
"/Return/ReturnData/IRS990EZ/OfficerDirectorTrusteeEmplGrp/BusinessName",2838,1301,"2020v4.0, 2020v4.1, 2020v4.2"
"/Return/ReturnData/IRS990EZ/OfficerDirectorTrusteeEmplGrp/BusinessName/BusinessNameLine1Txt",2838,1301,"2020v4.0, 2020v4.1, 2020v4.2"
"/Return/ReturnData/IRS990ScheduleK/TaxExemptBondsArbitrageGrp/HedgeProviderName",2823,1415,"2020v4.0, 2020v4.1, 2020v4.2"
"/Return/ReturnData/IRS990ScheduleK/TaxExemptBondsArbitrageGrp/HedgeProviderName/BusinessNameLine1Txt",2823,1415,"2020v4.0, 2020v4.1, 2020v4.2"
"/Return/ReturnData/IRS990ScheduleH/HospitalFcltyPoliciesPrctcGrp/FPGFamilyIncmLmtFreeDscntInd",2821,2310,"2020v4.0, 2020v4.1, 2020v4.2"
"/Return/ReturnData/IRS990ScheduleA/ThirtyThrPctSuprtTestsPY170Ind",2820,2696,"2020v4.0, 2020v4.1, 2020v4.2"
"/Return/ReturnData/IRS990/AllAffiliatesIncludedInd",2819,2703,"2020v4.0, 2020v4.1, 2020v4.2"
"/Return/ReturnData/IRS990ScheduleK/TaxExemptBondsProceedsGrp/BondDefeasedAmt",2819,1161,"2020v4.0, 2020v4.1, 2020v4.2"
"/Return/ReturnData/IRS990ScheduleH/HospitalFcltyPoliciesPrctcGrp/FAPAvlblOnRequestNoChargeInd",2815,2303,"2020v4.0, 2020v4.1, 2020v4.2"
"/Return/ReturnData/IRS990ScheduleH/HospitalFcltyPoliciesPrctcGrp/DescribedInfoInd",2814,2299,"2020v4.0, 2020v4.1, 2020v4.2"
"/Return/ReturnData/IRS990ScheduleH/HospitalFcltyPoliciesPrctcGrp/FPGFamilyIncmLmtFreeCarePct",2806,2296,"2020v4.0, 2020v4.1, 2020v4.2"
"/Return/ReturnData/IRS990ScheduleH/HospitalFcltyPoliciesPrctcGrp/FAPAppAvlblOnRequestNoChrgInd",2796,2284,"2020v4.0, 2020v4.1, 2020v4.2"
"/Return/ReturnData/IRS990ScheduleN/DispositionOfAssetsDetail/DistributionDt",2790,1260,"2020v4.0, 2020v4.1, 2020v4.2"
"/Return/ReturnData/IRS990ScheduleH/HospitalFcltyPoliciesPrctcGrp/DescribedSuprtDocInd",2788,2280,"2020v4.0, 2020v4.1, 2020v4.2"
"/Return/ReturnData/IRS990ScheduleH/HospitalFcltyPoliciesPrctcGrp/FAPAvailableOnWebsiteInd",2783,2277,"2020v4.0, 2020v4.1, 2020v4.2"
"/Return/ReturnData/IRS990ScheduleH/HospitalFcltyPoliciesPrctcGrp/FAPAvailableOnWebsiteURLTxt",2781,2275,"2020v4.0, 2020v4.1, 2020v4.2"
"/Return/ReturnData/IRS990ScheduleH/HospitalFcltyPoliciesPrctcGrp/ProvidedHospitalContactInd",2780,2277,"2020v4.0, 2020v4.1, 2020v4.2"
"/Return/ReturnData/IRS990ScheduleH/HospitalFcltyPoliciesPrctcGrp/CHNAReportWidelyAvailableInd",2778,2286,"2020v4.0, 2020v4.1, 2020v4.2"
"/Return/ReturnData/IRS990ScheduleH/HospitalFcltyPoliciesPrctcGrp/ImplementationStrategyAdoptInd",2778,2286,"2020v4.0, 2020v4.1, 2020v4.2"
"/Return/ReturnData/IRS990ScheduleH/HospitalFcltyPoliciesPrctcGrp/TakeIntoAccountOthersInputInd",2778,2286,"2020v4.0, 2020v4.1, 2020v4.2"
"/Return/ReturnData/IRS990ScheduleH/HospitalFcltyPoliciesPrctcGrp/CHNAConductedWithNonFcltsInd",2777,2285,"2020v4.0, 2020v4.1, 2020v4.2"
"/Return/ReturnData/IRS990ScheduleH/HospitalFcltyPoliciesPrctcGrp/CHNAConductedWithOtherFcltsInd",2777,2285,"2020v4.0, 2020v4.1, 2020v4.2"
"/Return/ReturnData/IRS990ScheduleH/HospitalFcltyPoliciesPrctcGrp/CHNAConductedYr",2777,2285,"2020v4.0, 2020v4.1, 2020v4.2"
"/Return/ReturnData/IRS990ScheduleH/HospitalFcltyPoliciesPrctcGrp/CommunityDefinitionInd",2775,2283,"2020v4.0, 2020v4.1, 2020v4.2"
"/Return/ReturnData/IRS990ScheduleH/HospitalFcltyPoliciesPrctcGrp/HowDataObtainedInd",2774,2282,"2020v4.0, 2020v4.1, 2020v4.2"
"/Return/ReturnData/IRS990ScheduleD/CollUsedScholarlyRsrchInd",2771,2508,"2020v4.0, 2020v4.1, 2020v4.2"
"/Return/ReturnData/IRS990ScheduleH/HospitalFcltyPoliciesPrctcGrp/CommunityDemographicsInd",2766,2276,"2020v4.0, 2020v4.1, 2020v4.2"
"/Return/ReturnData/IRS990/Form8886TFiledInd",2765,2659,"2020v4.0, 2020v4.1, 2020v4.2"
"/Return/ReturnData/IRS990ScheduleH/HospitalFcltyPoliciesPrctcGrp/StrategyPostedWebsiteInd",2765,2275,"2020v4.0, 2020v4.1, 2020v4.2"
"/Return/ReturnData/IRS990EZ/OtherEmployeePaidOver100kCnt",2764,2746,"2020v4.0, 2020v4.1, 2020v4.2"
"/Return/ReturnData/IRS990ScheduleH/HospitalFcltyPoliciesPrctcGrp/CommunityHlthNeedsIdProcessInd",2764,2272,"2020v4.0, 2020v4.1, 2020v4.2"
"/Return/ReturnData/IRS990ScheduleH/HospitalFcltyPoliciesPrctcGrp/ImplementationStrategyAdptYr",2764,2274,"2020v4.0, 2020v4.1, 2020v4.2"
"/Return/ReturnData/AffiliatedGroupSchedule/AffiliatedScheduleGrp",2763,208,"2020v4.0, 2020v4.1, 2020v4.2"
"/Return/ReturnData/AffiliatedGroupSchedule/AffiliatedScheduleGrp/BusinessName",2763,208,"2020v4.0, 2020v4.1, 2020v4.2"
"/Return/ReturnData/AffiliatedGroupSchedule/AffiliatedScheduleGrp/BusinessName/BusinessNameLine1Txt",2763,208,"2020v4.0, 2020v4.1, 2020v4.2"
"/Return/ReturnData/AffiliatedGroupSchedule/AffiliatedScheduleGrp/EIN",2763,208,"2020v4.0, 2020v4.1, 2020v4.2"
"/Return/ReturnData/AffiliatedGroupSchedule/AffiliatedScheduleGrp/GrassrootsNontxAmt",2763,208,"2020v4.0, 2020v4.1, 2020v4.2"
"/Return/ReturnData/AffiliatedGroupSchedule/AffiliatedScheduleGrp/LobbyNontxAmt",2763,208,"2020v4.0, 2020v4.1, 2020v4.2"
"/Return/ReturnData/AffiliatedGroupSchedule/AffiliatedScheduleGrp/OtherExemptPurposeExpendAmt",2763,208,"2020v4.0, 2020v4.1, 2020v4.2"
"/Return/ReturnData/AffiliatedGroupSchedule/AffiliatedScheduleGrp/ShareExcessLobbyExpendAmt",2763,208,"2020v4.0, 2020v4.1, 2020v4.2"
"/Return/ReturnData/AffiliatedGroupSchedule/AffiliatedScheduleGrp/TotLbbyExpendMnsLobbyNontxAmt",2763,208,"2020v4.0, 2020v4.1, 2020v4.2"
"/Return/ReturnData/AffiliatedGroupSchedule/AffiliatedScheduleGrp/TotalDirectLobbyAmt",2763,208,"2020v4.0, 2020v4.1, 2020v4.2"
"/Return/ReturnData/AffiliatedGroupSchedule/AffiliatedScheduleGrp/TotalExemptPurposeExpendAmt",2763,208,"2020v4.0, 2020v4.1, 2020v4.2"
"/Return/ReturnData/AffiliatedGroupSchedule/AffiliatedScheduleGrp/TotalGrassrootsLobbyAmt",2763,208,"2020v4.0, 2020v4.1, 2020v4.2"
"/Return/ReturnData/AffiliatedGroupSchedule/AffiliatedScheduleGrp/TotalLobbyExpenditureAmt",2763,208,"2020v4.0, 2020v4.1, 2020v4.2"
"/Return/ReturnData/AffiliatedGroupSchedule/AffiliatedScheduleGrp/TotalLobbyGrssrootMnsNontxAmt",2763,208,"2020v4.0, 2020v4.1, 2020v4.2"
"/Return/ReturnData/AffiliatedGroupSchedule/AffiliatedScheduleGrp/USAddress",2763,208,"2020v4.0, 2020v4.1, 2020v4.2"
"/Return/ReturnData/AffiliatedGroupSchedule/AffiliatedScheduleGrp/USAddress/AddressLine1Txt",2763,208,"2020v4.0, 2020v4.1, 2020v4.2"
"/Return/ReturnData/AffiliatedGroupSchedule/AffiliatedScheduleGrp/USAddress/CityNm",2763,208,"2020v4.0, 2020v4.1, 2020v4.2"
"/Return/ReturnData/AffiliatedGroupSchedule/AffiliatedScheduleGrp/USAddress/StateAbbreviationCd",2763,208,"2020v4.0, 2020v4.1, 2020v4.2"
"/Return/ReturnData/AffiliatedGroupSchedule/AffiliatedScheduleGrp/USAddress/ZIPCd",2763,208,"2020v4.0, 2020v4.1, 2020v4.2"
"/Return/ReturnData/IRS990ScheduleH/HospitalFcltyPoliciesPrctcGrp/FAPSumAvlblOnRequestNoChrgInd",2761,2258,"2020v4.0, 2020v4.1, 2020v4.2"
"/Return/ReturnData/IRS990ScheduleN/DispositionOfAssetsDetail/FairMarketValueOfAssetAmt",2757,1255,"2020v4.0, 2020v4.1, 2020v4.2"
"/Return/ReturnData/IRS990ScheduleH/HospitalFcltyPoliciesPrctcGrp/CommunityHealthNeedsInd",2754,2263,"2020v4.0, 2020v4.1, 2020v4.2"
"/Return/ReturnData/IRS990ScheduleH/HospitalFcltyPoliciesPrctcGrp/ConsultingProcessInd",2747,2258,"2020v4.0, 2020v4.1, 2020v4.2"
"/Return/ReturnData/IRS990ScheduleM/WorksOfArtGrp",2743,2524,"2020v4.0, 2020v4.1, 2020v4.2"
"/Return/ReturnData/IRS990ScheduleH/HospitalFcltyPoliciesPrctcGrp/FAPAppAvailableOnWebsiteInd",2742,2241,"2020v4.0, 2020v4.1, 2020v4.2"
"/Return/ReturnData/IRS990ScheduleH/HospitalFcltyPoliciesPrctcGrp/FAPAppAvailableOnWebsiteURLTxt",2739,2238,"2020v4.0, 2020v4.1, 2020v4.2"
"/Return/ReturnData/IRS990ScheduleH/HospitalFcltyPoliciesPrctcGrp/ExistingResourcesInd",2723,2236,"2020v4.0, 2020v4.1, 2020v4.2"
"/Return/ReturnData/IRS990ScheduleH/HospitalFcltyPoliciesPrctcGrp/FAPSummaryOnWebsiteInd",2720,2221,"2020v4.0, 2020v4.1, 2020v4.2"
"/Return/ReturnData/IRS990ScheduleL/GrntAsstBnftInterestedPrsnGrp",2720,1248,"2020v4.0, 2020v4.1, 2020v4.2"
"/Return/ReturnData/IRS990ScheduleH/HospitalFcltyPoliciesPrctcGrp/NotifiedFAPCopyBillDisplayInd",2719,2221,"2020v4.0, 2020v4.1, 2020v4.2"
"/Return/ReturnData/IRS990ScheduleH/HospitalFcltyPoliciesPrctcGrp/FAPSummaryOnWebsiteURLTxt",2713,2215,"2020v4.0, 2020v4.1, 2020v4.2"
"/Return/ReturnData/IRS990ScheduleH/HospitalFcltyPoliciesPrctcGrp/OtherHealthIssuesInd",2712,2231,"2020v4.0, 2020v4.1, 2020v4.2"
"/Return/ReturnData/IRS990/NameChangeInd",2708,2534,"2020v4.0, 2020v4.1, 2020v4.2"
"/Return/ReturnData/IRS990ScheduleA/Form990SchAType3FuncIntGrp/ActivitiesFurtherExemptPrpsInd",2700,2509,"2020v4.0, 2020v4.1, 2020v4.2"
"/Return/ReturnData/IRS990ScheduleA/Form990SchAType3FuncIntGrp/ActivitiesEngagedOrgInvlmntInd",2698,2507,"2020v4.0, 2020v4.1, 2020v4.2"
"/Return/ReturnData/IRS990ScheduleH/HospitalFcltyPoliciesPrctcGrp/OwnWebsiteURLTxt",2687,2220,"2020v4.0, 2020v4.1, 2020v4.2"
"/Return/ReturnData/IRS990ScheduleH/HospitalFcltyPoliciesPrctcGrp/RptAvailableOnOwnWebsiteInd",2682,2217,"2020v4.0, 2020v4.1, 2020v4.2"
"/Return/ReturnData/IRS990ScheduleH/HospitalFcltyPoliciesPrctcGrp/FPGFamilyIncmLmtDscntCarePct",2676,2181,"2020v4.0, 2020v4.1, 2020v4.2"
"/Return/ReturnData/IRS990ScheduleA/Form990SchAType3FuncIntGrp/ActivitiesTestInd",2659,2469,"2020v4.0, 2020v4.1, 2020v4.2"
"/Return/ReturnData/IRS990EZ/CntrctRcvdGreaterThan100KCnt",2658,2638,"2020v4.0, 2020v4.1, 2020v4.2"
"/Return/ReturnData/IRS990/InfoInScheduleOPartVIIIInd",2644,2483,"2020v4.0, 2020v4.1, 2020v4.2"
"/Return/ReturnData/IRS990ScheduleH/HospitalFcltyPoliciesPrctcGrp/PermitNoActionsInd",2641,2159,"2020v4.0, 2020v4.1, 2020v4.2"
"/Return/ReturnData/IRS990ScheduleH/HospitalFcltyPoliciesPrctcGrp/MadeEffortOrallyNotifyInd",2623,2146,"2020v4.0, 2020v4.1, 2020v4.2"
"/Return/ReturnData/IRS990ScheduleN/AttorneyGeneralNotifiedInd",2622,2534,"2020v4.0, 2020v4.1, 2020v4.2"
"/Return/ReturnData/IRS990ScheduleN/DispositionOfAssetsDetail/MethodOfFMVDeterminationTxt",2617,1158,"2020v4.0, 2020v4.1, 2020v4.2"
"/Return/ReturnData/IRS990ScheduleG/DistributedAmt",2599,2515,"2020v4.0, 2020v4.1, 2020v4.2"
"/Return/ReturnData/IRS990ScheduleH/HospitalFcltyPoliciesPrctcGrp/ProcessedFAPApplicationInd",2588,2107,"2020v4.0, 2020v4.1, 2020v4.2"
"/Return/ReturnData/IRS990ScheduleH/HospitalFcltyPoliciesPrctcGrp/StrategyWebsiteURLTxt",2582,2146,"2020v4.0, 2020v4.1, 2020v4.2"
"/Return/ReturnData/IRS990ScheduleM/BooksAndPublicationsGrp",2578,2370,"2020v4.0, 2020v4.1, 2020v4.2"
"/Return/ReturnData/IRS990ScheduleH/HospitalFcltyPoliciesPrctcGrp/PaperCopyPublicInspectionInd",2561,2101,"2020v4.0, 2020v4.1, 2020v4.2"
"/Return/ReturnData/IRS990ScheduleL/GrntAsstBnftInterestedPrsnGrp/TypeOfAssistanceTxt",2561,1190,"2020v4.0, 2020v4.1, 2020v4.2"
"/Return/ReturnData/IRS990/MembersAndShrGrossIncomeAmt",2554,2552,"2020v4.0, 2020v4.1, 2020v4.2"
"/Return/ReturnData/IRS990ScheduleC/AvgGrassrootsLobbyingExpendGrp/CurrentYearAmt",2512,2291,"2020v4.0, 2020v4.1, 2020v4.2"
"/Return/ReturnData/IRS990/JointCostsInd",2503,2316,"2020v4.0, 2020v4.1, 2020v4.2"
"/Return/ReturnData/IRS990ScheduleL/GrntAsstBnftInterestedPrsnGrp/CashGrantAmt",2494,1168,"2020v4.0, 2020v4.1, 2020v4.2"
"/Return/ReturnData/IRS990ScheduleF/ForeignIndividualsGrantsGrp/DescriptionOfNonCashAsstTxt",2483,578,"2020v4.0, 2020v4.1, 2020v4.2"
"/Return/ReturnData/IRS990ScheduleA/FactsAndCircumstancesTestTxt",2474,2324,"2020v4.0, 2020v4.1, 2020v4.2"
"/Return/ReturnData/IRS990ScheduleC/AvgGrassrootsLobbyingExpendGrp/CurrentYearMinus1Amt",2469,2252,"2020v4.0, 2020v4.1, 2020v4.2"
"/Return/ReturnData/IRS990ScheduleH/HospitalFcltyPoliciesPrctcGrp/CommuntityNotifiedFAPInd",2468,2021,"2020v4.0, 2020v4.1, 2020v4.2"
"/Return/ReturnData/IRS990ScheduleH/HospitalFcltyPoliciesPrctcGrp/PriorCHNAImpactInd",2466,2011,"2020v4.0, 2020v4.1, 2020v4.2"
"/Return/ReturnData/IRS990ScheduleA/SupportingOrgType3NonFuncInd",2458,2321,"2020v4.0, 2020v4.1, 2020v4.2"
"/Return/ReturnData/IRS990/AuditedFinancialStmtAttInd",2448,2354,"2020v4.0, 2020v4.1, 2020v4.2"
"/Return/ReturnData/IRS990ScheduleH",2445,2352,"2020v4.0, 2020v4.1, 2020v4.2"
"/Return/ReturnData/IRS990ScheduleH/HospitalFacilitiesCnt",2445,2352,"2020v4.0, 2020v4.1, 2020v4.2"
"/Return/ReturnData/IRS990ScheduleH/AnnualCommunityBnftReportInd",2444,2351,"2020v4.0, 2020v4.1, 2020v4.2"
"/Return/ReturnData/IRS990ScheduleH/FinancialAssistancePolicyInd",2444,2351,"2020v4.0, 2020v4.1, 2020v4.2"
"/Return/ReturnData/IRS990ScheduleG/GamingManagerCompensationAmt",2442,2344,"2020v4.0, 2020v4.1, 2020v4.2"
"/Return/ReturnData/IRS990ScheduleH/WrittenDebtCollectionPolicyInd",2436,2343,"2020v4.0, 2020v4.1, 2020v4.2"
"/Return/ReturnData/IRS990ScheduleC/AvgGrassrootsLobbyingExpendGrp/CurrentYearMinus2Amt",2433,2220,"2020v4.0, 2020v4.1, 2020v4.2"
"/Return/ReturnData/IRS990ScheduleD/CloselyHeldEquityInterestsGrp",2430,2294,"2020v4.0, 2020v4.1, 2020v4.2"
"/Return/ReturnData/IRS990ScheduleH/FinancialAssistanceBudgetInd",2430,2340,"2020v4.0, 2020v4.1, 2020v4.2"
"/Return/ReturnData/IRS990ScheduleH/FreeCareMedicallyIndigentInd",2430,2340,"2020v4.0, 2020v4.1, 2020v4.2"
"/Return/ReturnData/IRS990ScheduleH/WrittenPolicyInd",2429,2339,"2020v4.0, 2020v4.1, 2020v4.2"
"/Return/ReturnData/IRS990ScheduleH/FPGReferenceFreeCareInd",2428,2338,"2020v4.0, 2020v4.1, 2020v4.2"
"/Return/ReturnData/IRS990ScheduleH/HospitalFcltyPoliciesPrctcGrp/FacilityNum",2428,2003,"2020v4.0, 2020v4.1, 2020v4.2"
"/Return/ReturnData/IRS990/OtherSourcesGrossIncomeAmt",2424,2423,"2020v4.0, 2020v4.1, 2020v4.2"
"/Return/ReturnData/IRS990ScheduleH/FPGReferenceDiscountedCareInd",2424,2334,"2020v4.0, 2020v4.1, 2020v4.2"
"/Return/ReturnData/IRS990ScheduleH/BadDebtExpenseReportedInd",2418,2327,"2020v4.0, 2020v4.1, 2020v4.2"
"/Return/ReturnData/IRS990ScheduleH/TotalCommunityBenefitsGrp",2415,2327,"2020v4.0, 2020v4.1, 2020v4.2"
"/Return/ReturnData/IRS990ScheduleH/TotalCommunityBenefitsGrp/NetCommunityBenefitExpnsAmt",2411,2323,"2020v4.0, 2020v4.1, 2020v4.2"
"/Return/ReturnData/IRS990ScheduleH/TotalCommunityBenefitsGrp/TotalCommunityBenefitExpnsAmt",2411,2324,"2020v4.0, 2020v4.1, 2020v4.2"
"/Return/ReturnData/IRS990ScheduleH/TotalFinancialAssistanceTyp",2411,2324,"2020v4.0, 2020v4.1, 2020v4.2"
"/Return/ReturnData/IRS990ScheduleC/NonDedLbbyngPltclCyovAmt",2409,2399,"2020v4.0, 2020v4.1, 2020v4.2"
"/Return/ReturnData/IRS990ScheduleH/TotalFinancialAssistanceTyp/TotalCommunityBenefitExpnsAmt",2407,2321,"2020v4.0, 2020v4.1, 2020v4.2"
"/Return/ReturnData/IRS990ScheduleH/TotalCommunityBenefitsGrp/TotalExpensePct",2406,2318,"2020v4.0, 2020v4.1, 2020v4.2"
"/Return/ReturnData/IRS990ScheduleH/TotalFinancialAssistanceTyp/NetCommunityBenefitExpnsAmt",2403,2316,"2020v4.0, 2020v4.1, 2020v4.2"
"/Return/ReturnData/IRS990ScheduleH/TotalFinancialAssistanceTyp/TotalExpensePct",2402,2315,"2020v4.0, 2020v4.1, 2020v4.2"
"/Return/ReturnData/IRS990ScheduleH/FinancialAssistancePrvsnInd",2392,2306,"2020v4.0, 2020v4.1, 2020v4.2"
"/Return/ReturnData/IRS990ScheduleC/AvgGrassrootsLobbyingExpendGrp/CurrentYearMinus3Amt",2391,2168,"2020v4.0, 2020v4.1, 2020v4.2"
"/Return/ReturnData/IRS990ScheduleN/DispositionOfAssetsDetail/USAddress",2385,1139,"2020v4.0, 2020v4.1, 2020v4.2"
"/Return/ReturnData/IRS990ScheduleN/DispositionOfAssetsDetail/USAddress/AddressLine1Txt",2385,1139,"2020v4.0, 2020v4.1, 2020v4.2"
"/Return/ReturnData/IRS990ScheduleN/DispositionOfAssetsDetail/USAddress/CityNm",2385,1139,"2020v4.0, 2020v4.1, 2020v4.2"
"/Return/ReturnData/IRS990ScheduleN/DispositionOfAssetsDetail/USAddress/StateAbbreviationCd",2385,1139,"2020v4.0, 2020v4.1, 2020v4.2"
"/Return/ReturnData/IRS990ScheduleN/DispositionOfAssetsDetail/USAddress/ZIPCd",2385,1139,"2020v4.0, 2020v4.1, 2020v4.2"
"/Return/ReturnData/IRS990ScheduleG/GamingInformationGrp/VolunteerLaborOtherGamingPct",2374,2284,"2020v4.0, 2020v4.1, 2020v4.2"
"/Return/ReturnData/AffiliateListing/AffiliateListingGrp",2372,148,"2020v4.0, 2020v4.1, 2020v4.2"
"/Return/ReturnData/AffiliateListing/AffiliateListingGrp/BusinessName",2372,148,"2020v4.0, 2020v4.1, 2020v4.2"
"/Return/ReturnData/AffiliateListing/AffiliateListingGrp/BusinessName/BusinessNameLine1Txt",2372,148,"2020v4.0, 2020v4.1, 2020v4.2"
"/Return/ReturnData/AffiliateListing/AffiliateListingGrp/BusinessNameControlTxt",2372,148,"2020v4.0, 2020v4.1, 2020v4.2"
"/Return/ReturnData/AffiliateListing/AffiliateListingGrp/EIN",2372,148,"2020v4.0, 2020v4.1, 2020v4.2"
"/Return/ReturnData/AffiliateListing/AffiliateListingGrp/USAddress",2372,148,"2020v4.0, 2020v4.1, 2020v4.2"
"/Return/ReturnData/AffiliateListing/AffiliateListingGrp/USAddress/AddressLine1Txt",2372,148,"2020v4.0, 2020v4.1, 2020v4.2"
"/Return/ReturnData/AffiliateListing/AffiliateListingGrp/USAddress/CityNm",2372,148,"2020v4.0, 2020v4.1, 2020v4.2"
"/Return/ReturnData/AffiliateListing/AffiliateListingGrp/USAddress/StateAbbreviationCd",2372,148,"2020v4.0, 2020v4.1, 2020v4.2"
"/Return/ReturnData/AffiliateListing/AffiliateListingGrp/USAddress/ZIPCd",2372,148,"2020v4.0, 2020v4.1, 2020v4.2"
"/Return/ReturnData/IRS990ScheduleH/ReimbursedByMedicareAmt",2368,2289,"2020v4.0, 2020v4.1, 2020v4.2"
"/Return/ReturnData/IRS990ScheduleH/FinancialAssistanceAtCostTyp",2367,2280,"2020v4.0, 2020v4.1, 2020v4.2"
"/Return/ReturnData/IRS990ScheduleD/DonorAdvisedFundsHeldCnt",2366,2163,"2020v4.0, 2020v4.1, 2020v4.2"
"/Return/ReturnData/IRS990ScheduleH/HospitalFcltyPoliciesPrctcGrp/MadePresumptiveEligDetermInd",2366,1939,"2020v4.0, 2020v4.1, 2020v4.2"
"/Return/ReturnData/IRS990ScheduleH/CostingMethodologyUsedGrp",2364,2284,"2020v4.0, 2020v4.1, 2020v4.2"
"/Return/ReturnData/IRS990ScheduleH/CostOfCareReimbursedByMedcrAmt",2362,2284,"2020v4.0, 2020v4.1, 2020v4.2"
"/Return/ReturnData/IRS990ScheduleH/FinancialAssistanceAtCostTyp/TotalCommunityBenefitExpnsAmt",2357,2271,"2020v4.0, 2020v4.1, 2020v4.2"
"/Return/ReturnData/IRS990/Form720FiledInd",2354,2267,"2020v4.0, 2020v4.1, 2020v4.2"
"/Return/ReturnData/IRS990ScheduleG/FundraiserActivityInfoGrp/PersonNm",2350,1561,"2020v4.0, 2020v4.1, 2020v4.2"
"/Return/ReturnData/IRS990ScheduleM/RealEstateCommercialGrp",2344,2169,"2020v4.0, 2020v4.1, 2020v4.2"
"/Return/ReturnData/IRS990ScheduleH/TotalCommunityBenefitsGrp/DirectOffsettingRevenueAmt",2337,2253,"2020v4.0, 2020v4.1, 2020v4.2"
"/Return/ReturnData/IRS990ScheduleH/FinancialAssistanceAtCostTyp/NetCommunityBenefitExpnsAmt",2333,2249,"2020v4.0, 2020v4.1, 2020v4.2"
"/Return/ReturnData/IRS990ScheduleH/FinancialAssistanceAtCostTyp/TotalExpensePct",2333,2248,"2020v4.0, 2020v4.1, 2020v4.2"
"/Return/ReturnData/IRS990ScheduleH/HospitalFcltyPoliciesPrctcGrp/FAPTranslatedInd",2332,1875,"2020v4.0, 2020v4.1, 2020v4.2"
"/Return/ReturnData/IRS990ScheduleH/HospitalFcltyPoliciesPrctcGrp/ProvidedWrittenNoticeInd",2325,1889,"2020v4.0, 2020v4.1, 2020v4.2"
"/Return/ReturnData/IRS990ScheduleH/MedicareSurplusOrShortfallAmt",2323,2246,"2020v4.0, 2020v4.1, 2020v4.2"
"/Return/ReturnData/IRS990ScheduleD/EndingBalanceAmt",2322,2123,"2020v4.0, 2020v4.1, 2020v4.2"
"/Return/ReturnData/IRS990ScheduleA/AdjustedNetIncomeGrp",2319,2194,"2020v4.0, 2020v4.1, 2020v4.2"
"/Return/ReturnData/IRS990ScheduleA/AdjustedNetIncomeGrp/AdjustedGrossIncomeGrp",2319,2194,"2020v4.0, 2020v4.1, 2020v4.2"
"/Return/ReturnData/IRS990ScheduleA/AdjustedNetIncomeGrp/AdjustedGrossIncomeGrp/PriorYearAmt",2319,2194,"2020v4.0, 2020v4.1, 2020v4.2"
"/Return/ReturnData/IRS990ScheduleA/AdjustedNetIncomeGrp/DepreciationDepletionGrp",2319,2194,"2020v4.0, 2020v4.1, 2020v4.2"
"/Return/ReturnData/IRS990ScheduleA/AdjustedNetIncomeGrp/DepreciationDepletionGrp/PriorYearAmt",2319,2194,"2020v4.0, 2020v4.1, 2020v4.2"
"/Return/ReturnData/IRS990ScheduleA/AdjustedNetIncomeGrp/NetSTCapitalGainAdjNetIncmGrp",2319,2194,"2020v4.0, 2020v4.1, 2020v4.2"
"/Return/ReturnData/IRS990ScheduleA/AdjustedNetIncomeGrp/NetSTCapitalGainAdjNetIncmGrp/PriorYearAmt",2319,2194,"2020v4.0, 2020v4.1, 2020v4.2"
"/Return/ReturnData/IRS990ScheduleA/AdjustedNetIncomeGrp/OtherExpensesGrp",2319,2194,"2020v4.0, 2020v4.1, 2020v4.2"
"/Return/ReturnData/IRS990ScheduleA/AdjustedNetIncomeGrp/OtherExpensesGrp/PriorYearAmt",2319,2194,"2020v4.0, 2020v4.1, 2020v4.2"
"/Return/ReturnData/IRS990ScheduleA/AdjustedNetIncomeGrp/OtherGrossIncomeGrp",2319,2194,"2020v4.0, 2020v4.1, 2020v4.2"
"/Return/ReturnData/IRS990ScheduleA/AdjustedNetIncomeGrp/OtherGrossIncomeGrp/PriorYearAmt",2319,2194,"2020v4.0, 2020v4.1, 2020v4.2"
"/Return/ReturnData/IRS990ScheduleA/AdjustedNetIncomeGrp/ProductionIncomeGrp",2319,2194,"2020v4.0, 2020v4.1, 2020v4.2"
"/Return/ReturnData/IRS990ScheduleA/AdjustedNetIncomeGrp/ProductionIncomeGrp/PriorYearAmt",2319,2194,"2020v4.0, 2020v4.1, 2020v4.2"
"/Return/ReturnData/IRS990ScheduleA/AdjustedNetIncomeGrp/RecoveriesPYDistributionsGrp",2319,2194,"2020v4.0, 2020v4.1, 2020v4.2"
"/Return/ReturnData/IRS990ScheduleA/AdjustedNetIncomeGrp/RecoveriesPYDistributionsGrp/PriorYearAmt",2319,2194,"2020v4.0, 2020v4.1, 2020v4.2"
"/Return/ReturnData/IRS990ScheduleA/AdjustedNetIncomeGrp/TotalAdjustedNetIncomeGrp",2319,2194,"2020v4.0, 2020v4.1, 2020v4.2"
"/Return/ReturnData/IRS990ScheduleA/AdjustedNetIncomeGrp/TotalAdjustedNetIncomeGrp/PriorYearAmt",2319,2194,"2020v4.0, 2020v4.1, 2020v4.2"
"/Return/ReturnData/IRS990ScheduleA/MinimumAssetAmountGrp",2317,2198,"2020v4.0, 2020v4.1, 2020v4.2"
"/Return/ReturnData/IRS990ScheduleA/MinimumAssetAmountGrp/AcquisitionIndebtednessGrp",2317,2198,"2020v4.0, 2020v4.1, 2020v4.2"
"/Return/ReturnData/IRS990ScheduleA/MinimumAssetAmountGrp/AcquisitionIndebtednessGrp/PriorYearAmt",2317,2198,"2020v4.0, 2020v4.1, 2020v4.2"
"/Return/ReturnData/IRS990ScheduleA/MinimumAssetAmountGrp/AdjustedFMVLessIndebtednessGrp",2317,2198,"2020v4.0, 2020v4.1, 2020v4.2"
"/Return/ReturnData/IRS990ScheduleA/MinimumAssetAmountGrp/AdjustedFMVLessIndebtednessGrp/PriorYearAmt",2317,2198,"2020v4.0, 2020v4.1, 2020v4.2"
"/Return/ReturnData/IRS990ScheduleA/MinimumAssetAmountGrp/AverageMonthlyCashBalancesGrp",2317,2198,"2020v4.0, 2020v4.1, 2020v4.2"
"/Return/ReturnData/IRS990ScheduleA/MinimumAssetAmountGrp/AverageMonthlyCashBalancesGrp/PriorYearAmt",2317,2198,"2020v4.0, 2020v4.1, 2020v4.2"
"/Return/ReturnData/IRS990ScheduleA/MinimumAssetAmountGrp/AverageMonthlyFMVOfSecGrp",2317,2198,"2020v4.0, 2020v4.1, 2020v4.2"
"/Return/ReturnData/IRS990ScheduleA/MinimumAssetAmountGrp/AverageMonthlyFMVOfSecGrp/PriorYearAmt",2317,2198,"2020v4.0, 2020v4.1, 2020v4.2"
"/Return/ReturnData/IRS990ScheduleA/MinimumAssetAmountGrp/CashDeemedCharitableGrp",2317,2198,"2020v4.0, 2020v4.1, 2020v4.2"
"/Return/ReturnData/IRS990ScheduleA/MinimumAssetAmountGrp/CashDeemedCharitableGrp/PriorYearAmt",2317,2198,"2020v4.0, 2020v4.1, 2020v4.2"
"/Return/ReturnData/IRS990ScheduleA/MinimumAssetAmountGrp/DiscountClaimedAmt",2317,2198,"2020v4.0, 2020v4.1, 2020v4.2"
"/Return/ReturnData/IRS990ScheduleA/MinimumAssetAmountGrp/FMVOtherNonExemptUseAssetGrp",2317,2198,"2020v4.0, 2020v4.1, 2020v4.2"
"/Return/ReturnData/IRS990ScheduleA/MinimumAssetAmountGrp/FMVOtherNonExemptUseAssetGrp/PriorYearAmt",2317,2198,"2020v4.0, 2020v4.1, 2020v4.2"
"/Return/ReturnData/IRS990ScheduleA/MinimumAssetAmountGrp/NetVlNonExemptUseAssetsGrp",2317,2198,"2020v4.0, 2020v4.1, 2020v4.2"
"/Return/ReturnData/IRS990ScheduleA/MinimumAssetAmountGrp/NetVlNonExemptUseAssetsGrp/PriorYearAmt",2317,2198,"2020v4.0, 2020v4.1, 2020v4.2"
"/Return/ReturnData/IRS990ScheduleA/MinimumAssetAmountGrp/PctOfNetVlNonExemptUseAstGrp",2317,2198,"2020v4.0, 2020v4.1, 2020v4.2"
"/Return/ReturnData/IRS990ScheduleA/MinimumAssetAmountGrp/PctOfNetVlNonExemptUseAstGrp/PriorYearAmt",2317,2198,"2020v4.0, 2020v4.1, 2020v4.2"
"/Return/ReturnData/IRS990ScheduleA/MinimumAssetAmountGrp/RecoveriesPYDistriMinAssetGrp",2317,2198,"2020v4.0, 2020v4.1, 2020v4.2"
"/Return/ReturnData/IRS990ScheduleA/MinimumAssetAmountGrp/RecoveriesPYDistriMinAssetGrp/PriorYearAmt",2317,2198,"2020v4.0, 2020v4.1, 2020v4.2"
"/Return/ReturnData/IRS990ScheduleA/MinimumAssetAmountGrp/TotalFMVOfNonExemptUseAssetGrp",2317,2198,"2020v4.0, 2020v4.1, 2020v4.2"
"/Return/ReturnData/IRS990ScheduleA/MinimumAssetAmountGrp/TotalFMVOfNonExemptUseAssetGrp/PriorYearAmt",2317,2198,"2020v4.0, 2020v4.1, 2020v4.2"
"/Return/ReturnData/IRS990ScheduleA/MinimumAssetAmountGrp/TotalMinimumAssetGrp",2317,2198,"2020v4.0, 2020v4.1, 2020v4.2"
"/Return/ReturnData/IRS990ScheduleA/MinimumAssetAmountGrp/TotalMinimumAssetGrp/PriorYearAmt",2317,2198,"2020v4.0, 2020v4.1, 2020v4.2"
"/Return/ReturnData/IRS990ScheduleG/FundraisingEventInformationGrp/NonCashPrizesOtherEventsAmt",2304,2146,"2020v4.0, 2020v4.1, 2020v4.2"
"/Return/ReturnData/IRS990ScheduleA/PrivateFoundation170Ind",2291,2206,"2020v4.0, 2020v4.1, 2020v4.2"
"/Return/ReturnData/IRS990ScheduleH/BadDebtExpenseAmt",2283,2199,"2020v4.0, 2020v4.1, 2020v4.2"
"/Return/ReturnData/IRS990ScheduleM/RealEstateOtherGrp",2279,2108,"2020v4.0, 2020v4.1, 2020v4.2"
"/Return/ReturnData/IRS990ScheduleH/UnreimbursedMedicaidGrp",2270,2190,"2020v4.0, 2020v4.1, 2020v4.2"
"/Return/ReturnData/IRS990ScheduleL/DisqualifiedPersonExBnftTrGrp",2269,434,"2020v4.0, 2020v4.1, 2020v4.2"
"/Return/ReturnData/IRS990ScheduleL/DisqualifiedPersonExBnftTrGrp/TransactionCorrectedInd",2269,434,"2020v4.0, 2020v4.1, 2020v4.2"
"/Return/ReturnData/IRS990ScheduleD/DonorAdvisedFundsVlEOYAmt",2264,2066,"2020v4.0, 2020v4.1, 2020v4.2"
"/Return/ReturnData/IRS990ScheduleH/UnreimbursedMedicaidGrp/TotalCommunityBenefitExpnsAmt",2263,2184,"2020v4.0, 2020v4.1, 2020v4.2"
"/Return/ReturnData/IRS990ScheduleH/TotalFinancialAssistanceTyp/DirectOffsettingRevenueAmt",2249,2169,"2020v4.0, 2020v4.1, 2020v4.2"
"/Return/ReturnData/IRS990ScheduleN/SupplementalInformationDetail",2247,1441,"2020v4.0, 2020v4.1, 2020v4.2"
"/Return/ReturnData/IRS990ScheduleN/SupplementalInformationDetail/ExplanationTxt",2247,1441,"2020v4.0, 2020v4.1, 2020v4.2"
"/Return/ReturnData/IRS990ScheduleN/SupplementalInformationDetail/FormAndLineReferenceDesc",2247,1441,"2020v4.0, 2020v4.1, 2020v4.2"
"/Return/ReturnData/IRS990ScheduleA/PrivateFoundation509Ind",2245,2188,"2020v4.0, 2020v4.1, 2020v4.2"
"/Return/ReturnData/IRS990/BooksInCareOfDetail/BusinessName/BusinessNameLine2Txt",2243,2089,"2020v4.0, 2020v4.1"
"/Return/ReturnData/IRS990ScheduleD/ArtPublicExhibitionAmountsGrp/AssetsIncludedAmt",2231,2014,"2020v4.0, 2020v4.1, 2020v4.2"
"/Return/ReturnData/IRS990ScheduleH/ExpensesExceedBudgetInd",2230,2145,"2020v4.0, 2020v4.1, 2020v4.2"
"/Return/ReturnData/AffiliatedGroupSchedule/AffiliatedScheduleGrp/ElectingOrganizationInd",2228,165,"2020v4.0, 2020v4.1, 2020v4.2"
"/Return/ReturnData/IRS990ScheduleA/TenPctFactsCrcmstncsTestCYInd",2220,2095,"2020v4.0, 2020v4.1, 2020v4.2"
"/Return/ReturnData/IRS990ScheduleF/ForeignIndividualsGrantsGrp/NonCashAssistanceAmt",2218,564,"2020v4.0, 2020v4.1, 2020v4.2"
"/Return/ReturnData/IRS990ScheduleH/TotalOtherBenefitsGrp",2218,2140,"2020v4.0, 2020v4.1, 2020v4.2"
"/Return/ReturnData/IRS990ScheduleH/TotalOtherBenefitsGrp/NetCommunityBenefitExpnsAmt",2213,2135,"2020v4.0, 2020v4.1, 2020v4.2"
"/Return/ReturnData/IRS990ScheduleH/UnreimbursedMedicaidGrp/DirectOffsettingRevenueAmt",2213,2135,"2020v4.0, 2020v4.1, 2020v4.2"
"/Return/ReturnData/IRS990ScheduleH/TotalOtherBenefitsGrp/TotalCommunityBenefitExpnsAmt",2211,2134,"2020v4.0, 2020v4.1, 2020v4.2"
"/Return/ReturnData/IRS990ScheduleH/TotalOtherBenefitsGrp/TotalExpensePct",2201,2124,"2020v4.0, 2020v4.1, 2020v4.2"
"/Return/ReturnData/IRS990ScheduleH/HospitalFcltyPoliciesPrctcGrp/MedicalIndigencyCriteriaInd",2192,1797,"2020v4.0, 2020v4.1, 2020v4.2"
"/Return/ReturnData/IRS990ScheduleA/DistributionAllocationsGrp/CYDistriAppDistributableAmt",2183,2090,"2020v4.0, 2020v4.1, 2020v4.2"
"/Return/ReturnData/IRS990ScheduleL/GrntAsstBnftInterestedPrsnGrp/RelationshipWithOrgTxt",2168,921,"2020v4.0, 2020v4.1, 2020v4.2"
"/Return/ReturnData/IRS990ScheduleH/UnreimbursedMedicaidGrp/NetCommunityBenefitExpnsAmt",2163,2091,"2020v4.0, 2020v4.1, 2020v4.2"
"/Return/ReturnData/IRS990ScheduleA/CollegeOrganizationInd",2158,1938,"2020v4.0, 2020v4.1, 2020v4.2"
"/Return/ReturnData/IRS990ScheduleH/UnreimbursedMedicaidGrp/TotalExpensePct",2156,2083,"2020v4.0, 2020v4.1, 2020v4.2"
"/Return/ReturnData/IRS990/ContractorCompensationGrp/ContractorAddress/ForeignAddress",2149,1079,"2020v4.0, 2020v4.1, 2020v4.2"
"/Return/ReturnData/IRS990/ContractorCompensationGrp/ContractorAddress/ForeignAddress/AddressLine1Txt",2149,1079,"2020v4.0, 2020v4.1, 2020v4.2"
"/Return/ReturnData/IRS990/ContractorCompensationGrp/ContractorAddress/ForeignAddress/CountryCd",2149,1079,"2020v4.0, 2020v4.1, 2020v4.2"
"/Return/ReturnData/IRS990ScheduleN/DispositionOfAssetsDetail/IRCSectionTxt",2119,1017,"2020v4.0, 2020v4.1, 2020v4.2"
"/Return/ReturnData/IRS990ScheduleJ/TravelForCompanionsInd",2115,2022,"2020v4.0, 2020v4.1, 2020v4.2"
"/Return/ReturnData/IRS990/FinalReturnInd",2113,2006,"2020v4.0, 2020v4.1, 2020v4.2"
"/Return/ReturnData/IRS990ScheduleM/RealEstateResidentialGrp",2096,1928,"2020v4.0, 2020v4.1, 2020v4.2"
"/Return/ReturnData/IRS990ScheduleH/HospitalFcltyPoliciesPrctcGrp/InsuranceStatusCriteriaInd",2077,1691,"2020v4.0, 2020v4.1, 2020v4.2"
"/Return/ReturnData/IRS990ScheduleD/DonorAdvisedFundsContriAmt",2053,1883,"2020v4.0, 2020v4.1, 2020v4.2"
"/Return/ReturnData/IRS990/ContractorCompensationGrp/ContractorAddress/ForeignAddress/CityNm",2048,1021,"2020v4.0, 2020v4.1, 2020v4.2"
"/Return/ReturnData/IRS990ScheduleG/GamingInformationGrp/VolunteerLaborPullTabsPct",2038,2005,"2020v4.0, 2020v4.1, 2020v4.2"
"/Return/ReturnData/IRS990EZ/AmendedReturnInd",2018,1997,"2020v4.0, 2020v4.1, 2020v4.2"
"/Return/ReturnData/IRS990ScheduleL/GrntAsstBnftInterestedPrsnGrp/AssistancePurposeTxt",1999,991,"2020v4.0, 2020v4.1, 2020v4.2"
"/Return/ReturnData/IRS990ScheduleN/LiquidationOfAssetsTableGrp/LiquidationOfAssetsDetail/PersonNm",1982,903,"2020v4.0, 2020v4.1, 2020v4.2"
"/Return/ReturnData/IRS990ScheduleD/DonorAdvisedFundsGrantsAmt",1961,1805,"2020v4.0, 2020v4.1, 2020v4.2"
"/Return/ReturnData/IRS990ScheduleG/GamingManagerIsEmployeeInd",1960,1868,"2020v4.0, 2020v4.1, 2020v4.2"
"/Return/ReturnData/IRS990ScheduleN/DispositionOfAssetsDetail/EIN",1959,930,"2020v4.0, 2020v4.1, 2020v4.2"
"/Return/ReturnData/IRS990ScheduleH/CommunityHealthServicesGrp",1955,1889,"2020v4.0, 2020v4.1, 2020v4.2"
"/Return/ReturnData/IRS990ScheduleH/CommunityHealthServicesGrp/NetCommunityBenefitExpnsAmt",1941,1876,"2020v4.0, 2020v4.1, 2020v4.2"
"/Return/ReturnData/IRS990ScheduleH/CommunityHealthServicesGrp/TotalCommunityBenefitExpnsAmt",1937,1872,"2020v4.0, 2020v4.1, 2020v4.2"
"/Return/ReturnData/IRS990ScheduleM/DrugsAndMedicalSuppliesGrp/NoncashContributionsRptF990Amt",1928,1762,"2020v4.0, 2020v4.1, 2020v4.2"
"/Return/ReturnData/IRS990ScheduleH/CommunityHealthServicesGrp/TotalExpensePct",1923,1858,"2020v4.0, 2020v4.1, 2020v4.2"
"/Return/ReturnData/IRS990ScheduleM/DrugsAndMedicalSuppliesGrp/NonCashCheckboxInd",1911,1747,"2020v4.0, 2020v4.1, 2020v4.2"
"/Return/ReturnData/IRS990EZ/FinalReturnInd",1910,1895,"2020v4.0, 2020v4.1, 2020v4.2"
"/Return/ReturnData/IRS990ScheduleD/StatesEasementsHeldCnt",1892,1728,"2020v4.0, 2020v4.1, 2020v4.2"
"/Return/ReturnData/IRS990ScheduleH/ReportPublicallyAvailableInd",1881,1825,"2020v4.0, 2020v4.1, 2020v4.2"
"/Return/ReturnData/IRS990ScheduleD/TotalEasementsCnt",1873,1703,"2020v4.0, 2020v4.1, 2020v4.2"
"/Return/ReturnData/IRS990ScheduleH/AllHospitalsPolicyInd",1865,1807,"2020v4.0, 2020v4.1, 2020v4.2"
"/Return/ReturnData/IRS990ScheduleG/GamingInformationGrp/RentFacilityCostsPullTabsAmt",1864,1788,"2020v4.0, 2020v4.1, 2020v4.2"
"/Return/ReturnData/IRS990EZ/TypeOfOrganizationTrustInd",1824,1795,"2020v4.0, 2020v4.1, 2020v4.2"
"/Return/ReturnData/IRS990ScheduleH/HospitalFcltyPoliciesPrctcGrp/UnderinsuranceStatCriteriaInd",1803,1497,"2020v4.0, 2020v4.1, 2020v4.2"
"/Return/ReturnData/IRS990ScheduleM/CollectiblesGrp",1802,1680,"2020v4.0, 2020v4.1, 2020v4.2"
"/Return/ReturnData/IRS990ScheduleG/GamingInformationGrp/NonCashPrizesTotalGamingAmt",1800,1718,"2020v4.0, 2020v4.1, 2020v4.2"
"/Return/ReturnData/IRS990ScheduleK/TaxExemptBondsArbitrageGrp/GICProviderName",1789,716,"2020v4.0, 2020v4.1, 2020v4.2"
"/Return/ReturnData/IRS990ScheduleK/TaxExemptBondsArbitrageGrp/GICProviderName/BusinessNameLine1Txt",1789,716,"2020v4.0, 2020v4.1, 2020v4.2"
"/Return/ReturnData/IRS990ScheduleC/TotalExemptFunctionExpendAmt",1788,1776,"2020v4.0, 2020v4.1, 2020v4.2"
"/Return/ReturnData/IRS990ScheduleN/DispositionOfAssetsDetail/BusinessName",1785,811,"2020v4.0, 2020v4.1, 2020v4.2"
"/Return/ReturnData/IRS990ScheduleN/DispositionOfAssetsDetail/BusinessName/BusinessNameLine1Txt",1785,811,"2020v4.0, 2020v4.1, 2020v4.2"
"/Return/ReturnData/IRS990ScheduleD/FinancialDerivativesGrp",1781,1687,"2020v4.0, 2020v4.1, 2020v4.2"
"/Return/ReturnData/IRS990ScheduleM/CarsAndOtherVehiclesGrp/NoncashContributionsRptF990Amt",1781,1592,"2020v4.0, 2020v4.1, 2020v4.2"
"/Return/ReturnData/IRS990ScheduleM/DrugsAndMedicalSuppliesGrp/ContributionCnt",1778,1629,"2020v4.0, 2020v4.1, 2020v4.2"
"/Return/ReturnData/IRS990ScheduleM/CarsAndOtherVehiclesGrp/NonCashCheckboxInd",1774,1587,"2020v4.0, 2020v4.1, 2020v4.2"
"/Return/ReturnData/IRS990/ContractorCompensationGrp/ContractorAddress/USAddress/AddressLine2Txt",1765,1140,"2020v4.0, 2020v4.1"
"/Return/ReturnData/IRS990ScheduleD/TotalAcreageCnt",1762,1597,"2020v4.0, 2020v4.1, 2020v4.2"
"/Return/ReturnData/IRS990ScheduleL/GrntAsstBnftInterestedPrsnGrp/PersonNm",1759,719,"2020v4.0, 2020v4.1, 2020v4.2"
"/Return/ReturnData/IRS990ScheduleG/FundraisingEventInformationGrp/CashPrizesOtherEventsAmt",1739,1640,"2020v4.0, 2020v4.1, 2020v4.2"
"/Return/ReturnData/IRS990ScheduleM/DrugsAndMedicalSuppliesGrp/MethodOfDeterminingRevenuesTxt",1739,1586,"2020v4.0, 2020v4.1, 2020v4.2"
"/Return/ReturnData/IRS990ScheduleH/HospitalFcltyPoliciesPrctcGrp/AssetLevelCriteriaInd",1734,1423,"2020v4.0, 2020v4.1, 2020v4.2"
"/Return/ReturnData/IRS990ScheduleG/GamingInformationGrp/VolunteerLaborBingoPct",1730,1683,"2020v4.0, 2020v4.1, 2020v4.2"
"/Return/ReturnData/IRS990ScheduleM/CarsAndOtherVehiclesGrp/ContributionCnt",1730,1551,"2020v4.0, 2020v4.1, 2020v4.2"
"/Return/ReturnData/IRS990ScheduleD/BeginningBalanceAmt",1724,1559,"2020v4.0, 2020v4.1, 2020v4.2"
"/Return/ReturnData/IRS990ScheduleH/FacilityNum",1688,1631,"2020v4.0, 2020v4.1, 2020v4.2"
"/Return/ReturnData/IRS990/AcctCompileOrReviewBasisGrp/ConsolAndSepBasisFinclStmtInd",1678,1603,"2020v4.0, 2020v4.1, 2020v4.2"
"/Return/ReturnData/IRS990ScheduleH/TotalOtherBenefitsGrp/DirectOffsettingRevenueAmt",1670,1621,"2020v4.0, 2020v4.1, 2020v4.2"
"/Return/ReturnData/IRS990ScheduleH/CostingMethodologyUsedGrp/CostToChargeRatioInd",1668,1618,"2020v4.0, 2020v4.1, 2020v4.2"
"/Return/ReturnData/IRS990ScheduleC/Form4720FiledSection4955TaxInd",1665,1512,"2020v4.0, 2020v4.1, 2020v4.2"
"/Return/ReturnData/IRS990ScheduleR/IdRelatedTaxExemptOrgGrp/ForeignAddress/ForeignPostalCd",1660,850,"2020v4.0, 2020v4.1, 2020v4.2"
"/Return/ReturnData/IRS990ScheduleM/CarsAndOtherVehiclesGrp/MethodOfDeterminingRevenuesTxt",1659,1480,"2020v4.0, 2020v4.1, 2020v4.2"
"/Return/ReturnData/IRS990ScheduleM/HistoricalArtifactsGrp",1657,1545,"2020v4.0, 2020v4.1, 2020v4.2"
"/Return/ReturnData/IRS990ScheduleR/IdRelatedOrgTxblCorpTrGrp/ForeignAddress/AddressLine2Txt",1657,356,"2020v4.0"
"/Return/ReturnData/IRS990ScheduleK/TaxExemptBondsPrivateBusUseGrp/RemedialActionTakenInd",1655,647,"2020v4.0, 2020v4.1, 2020v4.2"
"/Return/ReturnData/IRS990ScheduleR/TransactionsRelatedOrgGrp/OtherOrganizationName/BusinessNameLine2Txt",1652,780,"2020v4.0, 2020v4.1"
"/Return/ReturnData/IRS990ScheduleH/CashAndInKindContributionsGrp",1647,1600,"2020v4.0, 2020v4.1, 2020v4.2"
"/Return/ReturnData/IRS990ScheduleC/CarriedOverAmt",1644,1633,"2020v4.0, 2020v4.1, 2020v4.2"
"/Return/ReturnData/IRS990/TaxExemptInterestAmt",1640,1575,"2020v4.0, 2020v4.1, 2020v4.2"
"/Return/ReturnData/IRS990/TotalJointCostsGrp",1630,1549,"2020v4.0, 2020v4.1, 2020v4.2"
"/Return/ReturnData/IRS990ScheduleH/HealthProfessionsEducationGrp",1629,1580,"2020v4.0, 2020v4.1, 2020v4.2"
"/Return/ReturnData/IRS990ScheduleH/CashAndInKindContributionsGrp/NetCommunityBenefitExpnsAmt",1620,1574,"2020v4.0, 2020v4.1, 2020v4.2"
"/Return/ReturnData/IRS990/TotalJointCostsGrp/TotalAmt",1617,1536,"2020v4.0, 2020v4.1, 2020v4.2"
"/Return/ReturnData/IRS990ScheduleH/OthHlthCareFcltsNotHospitalGrp",1615,1556,"2020v4.0, 2020v4.1, 2020v4.2"
"/Return/ReturnData/IRS990ScheduleH/CashAndInKindContributionsGrp/TotalCommunityBenefitExpnsAmt",1610,1565,"2020v4.0, 2020v4.1, 2020v4.2"
"/Return/ReturnData/IRS990ScheduleM/SecuritiesCloselyHeldStockGrp",1603,1503,"2020v4.0, 2020v4.1, 2020v4.2"
"/Return/ReturnData/IRS990ScheduleH/HealthProfessionsEducationGrp/NetCommunityBenefitExpnsAmt",1597,1549,"2020v4.0, 2020v4.1, 2020v4.2"
"/Return/ReturnData/IRS990ScheduleM/QualifiedContribOtherGrp",1597,1489,"2020v4.0, 2020v4.1, 2020v4.2"
"/Return/ReturnData/IRS990ScheduleH/HealthProfessionsEducationGrp/TotalExpensePct",1592,1543,"2020v4.0, 2020v4.1, 2020v4.2"
"/Return/ReturnData/IRS990ScheduleM/SecurPrtnrshpTrustIntrstsGrp",1591,1491,"2020v4.0, 2020v4.1, 2020v4.2"
"/Return/ReturnData/IRS990ScheduleH/BadDebtExpenseAttributableAmt",1580,1518,"2020v4.0, 2020v4.1, 2020v4.2"
"/Return/ReturnData/IRS990ScheduleM/SecuritiesMiscellaneousGrp",1580,1471,"2020v4.0, 2020v4.1, 2020v4.2"
"/Return/ReturnData/IRS990ScheduleH/HealthProfessionsEducationGrp/TotalCommunityBenefitExpnsAmt",1572,1525,"2020v4.0, 2020v4.1, 2020v4.2"
"/Return/ReturnData/IRS990ScheduleH/CashAndInKindContributionsGrp/TotalExpensePct",1571,1525,"2020v4.0, 2020v4.1, 2020v4.2"
"/Return/ReturnData/IRS990ScheduleM/BoatsAndPlanesGrp",1554,1455,"2020v4.0, 2020v4.1, 2020v4.2"
"/Return/ReturnData/IRS990ScheduleC/CorrectionMadeInd",1551,1405,"2020v4.0, 2020v4.1, 2020v4.2"
"/Return/ReturnData/IRS990ScheduleG/GamingInformationGrp/RentFacilityCostsBingoAmt",1548,1486,"2020v4.0, 2020v4.1, 2020v4.2"
"/Return/ReturnData/IRS990ScheduleK/TaxExemptBondsArbitrageGrp/HedgeTerminatedInd",1530,979,"2020v4.0, 2020v4.1, 2020v4.2"
"/Return/ReturnData/IRS990ScheduleK/TaxExemptBondsArbitrageGrp/SuperintegratedHedgeInd",1528,980,"2020v4.0, 2020v4.1, 2020v4.2"
"/Return/ReturnData/IRS990ScheduleM/ArtHistoricalTreasuresGrp",1527,1428,"2020v4.0, 2020v4.1, 2020v4.2"
"/Return/ReturnData/IRS990ScheduleN/DirectorOfSuccessor2Ind",1515,1446,"2020v4.0, 2020v4.1, 2020v4.2"
"/Return/ReturnData/IRS990ScheduleN/EmployeeOfSuccessor2Ind",1514,1445,"2020v4.0, 2020v4.1, 2020v4.2"
"/Return/ReturnData/IRS990ScheduleN/OwnerOfSuccessor2Ind",1514,1445,"2020v4.0, 2020v4.1, 2020v4.2"
"/Return/ReturnData/IRS990ScheduleN/ReceiveCompensation2Ind",1512,1443,"2020v4.0, 2020v4.1, 2020v4.2"
"/Return/ReturnData/IRS990ScheduleC/InternalFundsContributedAmt",1479,1468,"2020v4.0, 2020v4.1, 2020v4.2"
"/Return/ReturnData/IRS990ScheduleJ/IdemnificationGrossUpPmtsInd",1477,1397,"2020v4.0, 2020v4.1, 2020v4.2"
"/Return/ReturnData/IRS990ScheduleH/SubsidizedHealthServicesGrp",1476,1436,"2020v4.0, 2020v4.1, 2020v4.2"
"/Return/ReturnData/IRS990ScheduleM/WorksOfArtGrp/NonCashCheckboxInd",1471,1333,"2020v4.0, 2020v4.1, 2020v4.2"
"/Return/ReturnData/IRS990ScheduleD/AdditionsDuringYearAmt",1469,1323,"2020v4.0, 2020v4.1, 2020v4.2"
"/Return/ReturnData/IRS990ScheduleM/IntellectualPropertyGrp",1468,1375,"2020v4.0, 2020v4.1, 2020v4.2"
"/Return/ReturnData/IRS990ScheduleD/CloselyHeldEquityInterestsGrp/BookValueAmt",1455,1364,"2020v4.0, 2020v4.1, 2020v4.2"
"/Return/ReturnData/IRS990ScheduleH/HospitalFcltyPoliciesPrctcGrp/LookBackMedicarePrivateInd",1451,1178,"2020v4.0, 2020v4.1, 2020v4.2"
"/Return/ReturnData/IRS990ScheduleM/WorksOfArtGrp/ContributionCnt",1449,1314,"2020v4.0, 2020v4.1, 2020v4.2"
"/Return/ReturnData/IRS990ScheduleD/ProtectionNaturalHabitatInd",1448,1314,"2020v4.0, 2020v4.1, 2020v4.2"
"/Return/ReturnData/IRS990ScheduleK/TaxExemptBondsArbitrageGrp/TermOfHedgePct",1446,967,"2020v4.0, 2020v4.1, 2020v4.2"
"/Return/ReturnData/IRS990ScheduleA/AdjustedNetIncomeGrp/AdjustedGrossIncomeGrp/CurrentYearAmt",1441,1348,"2020v4.0, 2020v4.1, 2020v4.2"
"/Return/ReturnData/IRS990ScheduleA/AdjustedNetIncomeGrp/TotalAdjustedNetIncomeGrp/CurrentYearAmt",1440,1346,"2020v4.0, 2020v4.1, 2020v4.2"
"/Return/ReturnData/IRS990ScheduleM/ScientificSpecimensGrp",1438,1344,"2020v4.0, 2020v4.1, 2020v4.2"
"/Return/ReturnData/IRS990ScheduleH/SubsidizedHealthServicesGrp/TotalExpensePct",1432,1392,"2020v4.0, 2020v4.1, 2020v4.2"
"/Return/ReturnData/IRS990ScheduleH/SubsidizedHealthServicesGrp/NetCommunityBenefitExpnsAmt",1431,1392,"2020v4.0, 2020v4.1, 2020v4.2"
"/Return/ReturnData/IRS990ScheduleD/CollUsedLoanOrExchProgInd",1420,1279,"2020v4.0, 2020v4.1, 2020v4.2"
"/Return/ReturnData/IRS990ScheduleD/DistributionsDuringYearAmt",1419,1276,"2020v4.0, 2020v4.1, 2020v4.2"
"/Return/ReturnData/IRS990ScheduleA/MinimumAssetAmountGrp/AdjustedFMVLessIndebtednessGrp/CurrentYearAmt",1415,1324,"2020v4.0, 2020v4.1, 2020v4.2"
"/Return/ReturnData/IRS990ScheduleA/MinimumAssetAmountGrp/TotalFMVOfNonExemptUseAssetGrp/CurrentYearAmt",1415,1324,"2020v4.0, 2020v4.1, 2020v4.2"
"/Return/ReturnData/IRS990ScheduleA/MinimumAssetAmountGrp/NetVlNonExemptUseAssetsGrp/CurrentYearAmt",1414,1323,"2020v4.0, 2020v4.1, 2020v4.2"
"/Return/ReturnData/IRS990ScheduleA/MinimumAssetAmountGrp/PctOfNetVlNonExemptUseAstGrp/CurrentYearAmt",1414,1323,"2020v4.0, 2020v4.1, 2020v4.2"
"/Return/ReturnData/IRS990ScheduleA/MinimumAssetAmountGrp/TotalMinimumAssetGrp/CurrentYearAmt",1414,1323,"2020v4.0, 2020v4.1, 2020v4.2"
"/Return/ReturnData/IRS990ScheduleA/AdjustedNetIncomeGrp/OtherGrossIncomeGrp/CurrentYearAmt",1413,1319,"2020v4.0, 2020v4.1, 2020v4.2"
"/Return/ReturnData/IRS990ScheduleH/HospitalFacilitiesGrp/FacilityReportingGroupCd",1413,386,"2020v4.0, 2020v4.1, 2020v4.2"
"/Return/ReturnData/IRS990ScheduleM/ArchaeologicalArtifactsGrp",1411,1323,"2020v4.0, 2020v4.1, 2020v4.2"
"/Return/ReturnData/IRS990ScheduleM/ArtFractionalInterestGrp",1400,1313,"2020v4.0, 2020v4.1, 2020v4.2"
"/Return/ReturnData/IRS990ScheduleM/TaxidermyGrp",1400,1313,"2020v4.0, 2020v4.1, 2020v4.2"
"/Return/ReturnData/IRS990ScheduleM/QualifiedContribHistStructGrp",1397,1310,"2020v4.0, 2020v4.1, 2020v4.2"
"/Return/ReturnData/IRS990ScheduleG/PersonsWithBooksName",1391,1324,"2020v4.0, 2020v4.1, 2020v4.2"
"/Return/ReturnData/IRS990ScheduleG/PersonsWithBooksName/BusinessNameLine1Txt",1391,1324,"2020v4.0, 2020v4.1, 2020v4.2"
"/Return/ReturnData/IRS990ScheduleJ/FirstClassOrCharterTravelInd",1387,1325,"2020v4.0, 2020v4.1, 2020v4.2"
"/Return/ReturnData/IRS990ScheduleD/StaffHoursSpentEnforcementCnt",1384,1257,"2020v4.0, 2020v4.1, 2020v4.2"
"/Return/ReturnData/IRS990ScheduleH/SubsidizedHealthServicesGrp/TotalCommunityBenefitExpnsAmt",1375,1336,"2020v4.0, 2020v4.1, 2020v4.2"
"/Return/ReturnData/IRS990EZ/MethodOfAccountingOtherDesc",1364,1344,"2020v4.0, 2020v4.1, 2020v4.2"
"/Return/ReturnData/IRS990ScheduleA/Form990SchASupportingOrgGrp/SupportedOrgQualifiedInd",1362,1288,"2020v4.0, 2020v4.1, 2020v4.2"
"/Return/ReturnData/IRS990/ContractorCompensationGrp/ContractorAddress/ForeignAddress/ForeignPostalCd",1355,703,"2020v4.0, 2020v4.1, 2020v4.2"
"/Return/ReturnData/IRS990ScheduleA/MinimumAssetAmountGrp/CashDeemedCharitableGrp/CurrentYearAmt",1355,1269,"2020v4.0, 2020v4.1, 2020v4.2"
"/Return/ReturnData/IRS990ScheduleA/Form990SchASupportingOrgGrp/SuprtExclusivelySec170c2BInd",1353,1281,"2020v4.0, 2020v4.1, 2020v4.2"
"/Return/ReturnData/IRS990ScheduleG/GamingInformationGrp/NonCashPrizesOtherGamingAmt",1342,1273,"2020v4.0, 2020v4.1, 2020v4.2"
"/Return/ReturnData/IRS990ScheduleA/MinimumAssetAmountGrp/AverageMonthlyFMVOfSecGrp/CurrentYearAmt",1312,1223,"2020v4.0, 2020v4.1, 2020v4.2"
"/Return/ReturnData/IRS990ScheduleM/WorksOfArtGrp/NoncashContributionsRptF990Amt",1312,1192,"2020v4.0, 2020v4.1, 2020v4.2"
"/Return/ReturnData/IRS990/TotalJointCostsGrp/ProgramServicesAmt",1305,1228,"2020v4.0, 2020v4.1, 2020v4.2"
"/Return/ReturnData/IRS990ScheduleC/Expended527ActivitiesAmt",1289,1284,"2020v4.0, 2020v4.1, 2020v4.2"
"/Return/ReturnData/IRS990ScheduleM/WorksOfArtGrp/MethodOfDeterminingRevenuesTxt",1286,1167,"2020v4.0, 2020v4.1, 2020v4.2"
"/Return/ReturnData/IRS990ScheduleD/CloselyHeldEquityInterestsGrp/MethodValuationCd",1285,1211,"2020v4.0, 2020v4.1, 2020v4.2"
"/Return/ReturnData/IRS990ScheduleR/IdRelatedOrgTxblPartnershipGrp/LegalDomicileForeignCountryCd",1275,400,"2020v4.0, 2020v4.1, 2020v4.2"
"/Return/ReturnData/IRS990/TotalJointCostsGrp/FundraisingAmt",1264,1190,"2020v4.0, 2020v4.1, 2020v4.2"
"/Return/ReturnData/IRS990ScheduleM/BooksAndPublicationsGrp/NonCashCheckboxInd",1256,1130,"2020v4.0, 2020v4.1, 2020v4.2"
"/Return/ReturnData/IRS990ScheduleA/MinimumAssetAmountGrp/AverageMonthlyCashBalancesGrp/CurrentYearAmt",1244,1165,"2020v4.0, 2020v4.1, 2020v4.2"
"/Return/ReturnData/IRS990ScheduleH/TotalCommuntityBuildingActyGrp",1242,1215,"2020v4.0, 2020v4.1, 2020v4.2"
"/Return/ReturnData/IRS990ScheduleH/TotalCommuntityBuildingActyGrp/TotalCommunityBenefitExpnsAmt",1237,1210,"2020v4.0, 2020v4.1, 2020v4.2"
"/Return/ReturnData/IRS990ScheduleM/BooksAndPublicationsGrp/NoncashContributionsRptF990Amt",1236,1113,"2020v4.0, 2020v4.1, 2020v4.2"
"/Return/ReturnData/IRS990ScheduleH/TotalCommuntityBuildingActyGrp/NetCommunityBenefitExpnsAmt",1234,1207,"2020v4.0, 2020v4.1, 2020v4.2"
"/Return/ReturnData/IRS990ScheduleD/PreservationOpenSpaceInd",1232,1124,"2020v4.0, 2020v4.1, 2020v4.2"
"/Return/ReturnData/IRS990ScheduleC/VolunteerHoursCnt",1230,1211,"2020v4.0, 2020v4.1, 2020v4.2"
"/Return/ReturnData/IRS990ScheduleC/Form4720FiledInd",1217,1100,"2020v4.0, 2020v4.1, 2020v4.2"
"/Return/ReturnData/IRS990EZ/NameChangeInd",1215,1203,"2020v4.0, 2020v4.1, 2020v4.2"
"/Return/ReturnData/IRS990/TotalJointCostsGrp/ManagementAndGeneralAmt",1204,1136,"2020v4.0, 2020v4.1, 2020v4.2"
"/Return/ReturnData/IRS990ScheduleR/IdRelatedTaxExemptOrgGrp/ForeignAddress/ProvinceOrStateNm",1194,698,"2020v4.0, 2020v4.1, 2020v4.2"
"/Return/ReturnData/IRS990ScheduleH/TotalCommuntityBuildingActyGrp/TotalExpensePct",1193,1166,"2020v4.0, 2020v4.1, 2020v4.2"
"/Return/ReturnData/IRS990ScheduleA/AdjustedNetIncomeGrp/ProductionIncomeGrp/CurrentYearAmt",1190,1110,"2020v4.0, 2020v4.1, 2020v4.2"
"/Return/ReturnData/IRS990ScheduleH/HospitalFcltyPoliciesPrctcGrp/ResidencyCriteriaInd",1187,952,"2020v4.0, 2020v4.1, 2020v4.2"
"/Return/ReturnData/IRS990ScheduleH/SubsidizedHealthServicesGrp/DirectOffsettingRevenueAmt",1173,1136,"2020v4.0, 2020v4.1, 2020v4.2"
"/Return/ReturnData/IRS990ScheduleM/BooksAndPublicationsGrp/MethodOfDeterminingRevenuesTxt",1168,1049,"2020v4.0, 2020v4.1, 2020v4.2"
"/Return/ReturnData/IRS990/ContractorCompensationGrp/ContractorAddress/ForeignAddress/ProvinceOrStateNm",1166,617,"2020v4.0, 2020v4.1, 2020v4.2"
"/Return/ReturnData/IRS990ScheduleD/ExpensesIncurredEnforcementAmt",1122,1020,"2020v4.0, 2020v4.1, 2020v4.2"
"/Return/ReturnData/IRS990/StateRequiredReservesAmt",1095,1061,"2020v4.0, 2020v4.1"
"/Return/ReturnData/IRS990/ReservesMaintainedAmt",1086,1056,"2020v4.0, 2020v4.1, 2020v4.2"
"/Return/ReturnData/IRS990ScheduleH/UnableToProvideCareInd",1086,1046,"2020v4.0, 2020v4.1, 2020v4.2"
"/Return/ReturnData/IRS990ScheduleH/ManagementCoAndJntVenturesGrp",1072,445,"2020v4.0, 2020v4.1, 2020v4.2"
"/Return/ReturnData/IRS990ScheduleH/ManagementCoAndJntVenturesGrp/EntityName",1072,445,"2020v4.0, 2020v4.1, 2020v4.2"
"/Return/ReturnData/IRS990ScheduleH/ManagementCoAndJntVenturesGrp/EntityName/BusinessNameLine1Txt",1072,445,"2020v4.0, 2020v4.1, 2020v4.2"
"/Return/ReturnData/IRS990ScheduleH/CommunityHealthServicesGrp/DirectOffsettingRevenueAmt",1056,1033,"2020v4.0, 2020v4.1, 2020v4.2"
"/Return/ReturnData/IRS990ScheduleH/Percent200Ind",1036,1017,"2020v4.0, 2020v4.1, 2020v4.2"
"/Return/ReturnData/IRS990ScheduleH/ManagementCoAndJntVenturesGrp/PrimaryActivitiesTxt",1021,429,"2020v4.0, 2020v4.1, 2020v4.2"
"/Return/ReturnData/IRS990ScheduleA/AdjustedNetIncomeGrp/OtherExpensesGrp/CurrentYearAmt",1018,954,"2020v4.0, 2020v4.1, 2020v4.2"
"/Return/ReturnData/IRS990ScheduleD/PreservationPublicUseInd",1018,924,"2020v4.0, 2020v4.1, 2020v4.2"
"/Return/ReturnData/IRS990ScheduleH/ManagementCoAndJntVenturesGrp/OrgProfitOrOwnershipPct",1009,423,"2020v4.0, 2020v4.1, 2020v4.2"
"/Return/ReturnData/IRS990ScheduleD/FundsAndOtherAccountsHeldCnt",997,919,"2020v4.0, 2020v4.1, 2020v4.2"
"/Return/ReturnData/IRS990ScheduleH/HospitalFcltyPoliciesPrctcGrp/ProvidedNonprofitContactInd",993,851,"2020v4.0, 2020v4.1, 2020v4.2"
"/Return/ReturnData/IRS990ScheduleK/TaxExemptBondsPrivateBusUseGrp/EngageBondCounselResearchInd",986,359,"2020v4.0, 2020v4.1, 2020v4.2"
"/Return/ReturnData/IRS990ScheduleH/HospitalFacilitiesGrp/TeachingHospitalInd",971,610,"2020v4.0, 2020v4.1, 2020v4.2"
"/Return/ReturnData/IRS990ScheduleD/FundsAndOtherAccountsVlEOYAmt",961,885,"2020v4.0, 2020v4.1, 2020v4.2"
"/Return/ReturnData/IRS990ScheduleJ/DiscretionarySpendingAcctInd",956,887,"2020v4.0, 2020v4.1, 2020v4.2"
"/Return/ReturnData/IRS990ScheduleM/RealEstateCommercialGrp/NoncashContributionsRptF990Amt",953,867,"2020v4.0, 2020v4.1, 2020v4.2"
"/Return/ReturnData/IRS990ScheduleM/RealEstateCommercialGrp/NonCashCheckboxInd",944,859,"2020v4.0, 2020v4.1, 2020v4.2"
"/Return/ReturnData/IRS990ScheduleH/HealthProfessionsEducationGrp/DirectOffsettingRevenueAmt",941,924,"2020v4.0, 2020v4.1, 2020v4.2"
"/Return/ReturnData/IRS990ScheduleG/GamingInformationGrp/RentFcltyCostsOtherGamingAmt",932,896,"2020v4.0, 2020v4.1, 2020v4.2"
"/Return/ReturnData/IRS990ScheduleH/ManagementCoAndJntVenturesGrp/PhysiciansProfitOrOwnershipPct",930,389,"2020v4.0, 2020v4.1, 2020v4.2"
"/Return/ReturnData/IRS990ScheduleH/FinancialAssistanceAtCostTyp/DirectOffsettingRevenueAmt",921,901,"2020v4.0, 2020v4.1, 2020v4.2"
"/Return/ReturnData/IRS990ScheduleM/RealEstateCommercialGrp/ContributionCnt",921,837,"2020v4.0, 2020v4.1, 2020v4.2"
"/Return/ReturnData/IRS990ScheduleM/RealEstateOtherGrp/NoncashContributionsRptF990Amt",905,820,"2020v4.0, 2020v4.1, 2020v4.2"
"/Return/ReturnData/IRS990ScheduleM/RealEstateOtherGrp/NonCashCheckboxInd",900,817,"2020v4.0, 2020v4.1, 2020v4.2"
"/Return/ReturnData/IRS990ScheduleM/RealEstateOtherGrp/ContributionCnt",890,807,"2020v4.0, 2020v4.1, 2020v4.2"
"/Return/ReturnData/IRS990ScheduleC/GrantsOtherOrganizationsAmt",889,831,"2020v4.0, 2020v4.1, 2020v4.2"
"/Return/ReturnData/IRS990ScheduleC/Section527PoliticalOrgGrp/OrganizationBusinessName/BusinessNameLine2Txt",886,67,"2020v4.0, 2020v4.1"
"/Return/ReturnData/IRS990ScheduleA/Form990SchAType3FuncIntGrp/GovernmentalEntityInd",881,813,"2020v4.0, 2020v4.1, 2020v4.2"
"/Return/ReturnData/IRS990ScheduleD/FundsAndOtherAccountsContriAmt",881,810,"2020v4.0, 2020v4.1, 2020v4.2"
"/Return/ReturnData/IRS990ScheduleH/CommunitySupportGrp",880,863,"2020v4.0, 2020v4.1, 2020v4.2"
"/Return/ReturnData/IRS990/BooksInCareOfDetail/ForeignAddress",876,817,"2020v4.0, 2020v4.1, 2020v4.2"
"/Return/ReturnData/IRS990/BooksInCareOfDetail/ForeignAddress/AddressLine1Txt",876,817,"2020v4.0, 2020v4.1, 2020v4.2"
"/Return/ReturnData/IRS990/BooksInCareOfDetail/ForeignAddress/CountryCd",876,817,"2020v4.0, 2020v4.1, 2020v4.2"
"/Return/ReturnData/IRS990ScheduleH/HospitalFacilitiesGrp/CriticalAccessHospitalInd",874,729,"2020v4.0, 2020v4.1, 2020v4.2"
"/Return/ReturnData/IRS990ScheduleH/HospitalFacilitiesGrp/OtherDesc",870,603,"2020v4.0, 2020v4.1, 2020v4.2"
"/Return/ReturnData/IRS990ScheduleA/GovernmentalUnitInd",866,812,"2020v4.0, 2020v4.1, 2020v4.2"
"/Return/ReturnData/IRS990EZ/BooksInCareOfDetail/BusinessName/BusinessNameLine2Txt",862,853,"2020v4.0, 2020v4.1"
"/Return/ReturnData/IRS990ScheduleH/HospitalFcltyPoliciesPrctcGrp/OtherCriteriaInd",861,691,"2020v4.0, 2020v4.1, 2020v4.2"
"/Return/ReturnData/IRS990ScheduleH/CommunitySupportGrp/NetCommunityBenefitExpnsAmt",860,843,"2020v4.0, 2020v4.1, 2020v4.2"
"/Return/ReturnData/IRS990ScheduleR/IdRelatedOrgTxblPartnershipGrp/ForeignAddress",857,351,"2020v4.0, 2020v4.1, 2020v4.2"
"/Return/ReturnData/IRS990ScheduleR/IdRelatedOrgTxblPartnershipGrp/ForeignAddress/AddressLine1Txt",857,351,"2020v4.0, 2020v4.1, 2020v4.2"
"/Return/ReturnData/IRS990ScheduleR/IdRelatedOrgTxblPartnershipGrp/ForeignAddress/CountryCd",857,351,"2020v4.0, 2020v4.1, 2020v4.2"
"/Return/ReturnData/IRS990ScheduleA/AdjustedNetIncomeGrp/NetSTCapitalGainAdjNetIncmGrp/CurrentYearAmt",856,791,"2020v4.0, 2020v4.1, 2020v4.2"
"/Return/ReturnData/IRS990ScheduleD/FundsAndOtherAccountsGrantsAmt",852,788,"2020v4.0, 2020v4.1, 2020v4.2"
"/Return/ReturnData/IRS990ScheduleD/ArtPublicExhibitionAmountsGrp/RevenuesIncludedAmt",847,770,"2020v4.0, 2020v4.1, 2020v4.2"
"/Return/ReturnData/IRS990/BooksInCareOfDetail/ForeignAddress/CityNm",843,785,"2020v4.0, 2020v4.1, 2020v4.2"
"/Return/ReturnData/IRS990ScheduleH/HospitalFcltyPoliciesPrctcGrp/OtherPublicityInd",842,658,"2020v4.0, 2020v4.1, 2020v4.2"
"/Return/ReturnData/IRS990ScheduleH/FreeCareOthPercentageGrp",827,791,"2020v4.0, 2020v4.1, 2020v4.2"
"/Return/ReturnData/IRS990ScheduleH/FreeCareOthPercentageGrp/FreeCareOtherPct",827,791,"2020v4.0, 2020v4.1, 2020v4.2"
"/Return/ReturnData/IRS990ScheduleH/FreeCareOthPercentageGrp/OtherInd",827,791,"2020v4.0, 2020v4.1, 2020v4.2"
"/Return/ReturnData/IRS990ScheduleR/IdRelatedOrgTxblPartnershipGrp/ForeignAddress/CityNm",820,341,"2020v4.0, 2020v4.1, 2020v4.2"
"/Return/ReturnData/IRS990ScheduleC/Form4720Filed4912TaxInd",804,746,"2020v4.0, 2020v4.1, 2020v4.2"
"/Return/ReturnData/IRS990ScheduleH/CommunitySupportGrp/TotalExpensePct",803,786,"2020v4.0, 2020v4.1, 2020v4.2"
"/Return/ReturnData/IRS990ScheduleH/UnreimbursedCostsGrp",803,781,"2020v4.0, 2020v4.1, 2020v4.2"
"/Return/ReturnData/IRS990ScheduleH/ResearchGrp",797,782,"2020v4.0, 2020v4.1, 2020v4.2"
"/Return/ReturnData/IRS990ScheduleM/RealEstateOtherGrp/MethodOfDeterminingRevenuesTxt",787,714,"2020v4.0, 2020v4.1, 2020v4.2"
"/Return/ReturnData/IRS990ScheduleA/MinimumAssetAmountGrp/FMVOtherNonExemptUseAssetGrp/CurrentYearAmt",783,733,"2020v4.0, 2020v4.1, 2020v4.2"
"/Return/ReturnData/IRS990/ForeignAddress",781,729,"2020v4.0, 2020v4.1, 2020v4.2"
"/Return/ReturnData/IRS990/ForeignAddress/AddressLine1Txt",781,729,"2020v4.0, 2020v4.1, 2020v4.2"
"/Return/ReturnData/IRS990/ForeignAddress/CountryCd",781,729,"2020v4.0, 2020v4.1, 2020v4.2"
"/Return/ReturnData/IRS990ScheduleM/RealEstateCommercialGrp/MethodOfDeterminingRevenuesTxt",779,707,"2020v4.0, 2020v4.1, 2020v4.2"
"/Return/ReturnData/IRS990ScheduleH/TotalCommunityBenefitsGrp/PersonsServedCnt",776,760,"2020v4.0, 2020v4.1, 2020v4.2"
"/Return/ReturnData/IRS990ScheduleA/AdjustedNetIncomeGrp/DepreciationDepletionGrp/CurrentYearAmt",770,716,"2020v4.0, 2020v4.1, 2020v4.2"
"/Return/ReturnData/IRS990ScheduleA/Form990SchASupportingOrgGrp/ExcessBusinessHoldingsInd",761,728,"2020v4.0, 2020v4.1, 2020v4.2"
"/Return/ReturnData/IRS990/ForeignAddress/CityNm",758,706,"2020v4.0, 2020v4.1, 2020v4.2"
"/Return/ReturnData/IRS990ScheduleH/Percent400Ind",756,731,"2020v4.0, 2020v4.1, 2020v4.2"
"/Return/ReturnHeader/AdditionalFilerInformation/TrustedCustomerGrp/ProfileEmailAddressChangeInd",749,713,"2020v4.0"
"/Return/ReturnData/AffiliateListing/AffiliateListingGrp/BusinessName/BusinessNameLine2Txt",745,31,"2020v4.0"
"/Return/ReturnData/IRS990ScheduleM/RealEstateResidentialGrp/NoncashContributionsRptF990Amt",742,658,"2020v4.0, 2020v4.1, 2020v4.2"
"/Return/ReturnData/IRS990ScheduleD/FinancialDerivativesGrp/BookValueAmt",741,695,"2020v4.0, 2020v4.1, 2020v4.2"
"/Return/ReturnData/IRS990ScheduleH/TotalOtherBenefitsGrp/PersonsServedCnt",738,722,"2020v4.0, 2020v4.1, 2020v4.2"
"/Return/ReturnData/IRS990/BooksInCareOfDetail/ForeignAddress/ForeignPostalCd",737,679,"2020v4.0, 2020v4.1, 2020v4.2"
"/Return/ReturnData/IRS990/Form990PartVIISectionAGrp/BusinessName/BusinessNameLine2Txt",733,277,"2020v4.0, 2020v4.1"
"/Return/ReturnData/IRS990ScheduleM/RealEstateResidentialGrp/NonCashCheckboxInd",731,649,"2020v4.0, 2020v4.1, 2020v4.2"
"/Return/ReturnData/IRS990ScheduleA/AdjustedNetIncomeGrp/RecoveriesPYDistributionsGrp/CurrentYearAmt",730,681,"2020v4.0, 2020v4.1, 2020v4.2"
"/Return/ReturnData/IRS990ScheduleM/RealEstateResidentialGrp/ContributionCnt",728,645,"2020v4.0, 2020v4.1, 2020v4.2"
"/Return/ReturnData/IRS990ScheduleD/HistoricStructureEasementsCnt",721,662,"2020v4.0, 2020v4.1, 2020v4.2"
"/Return/ReturnData/IRS990ScheduleN/BondLiabilitiesDischargedInd",719,704,"2020v4.0, 2020v4.1, 2020v4.2"
"/Return/ReturnData/IRS990ScheduleH/CommunitySupportGrp/TotalCommunityBenefitExpnsAmt",716,699,"2020v4.0, 2020v4.1, 2020v4.2"
"/Return/ReturnData/IRS990ScheduleH/UnreimbursedCostsGrp/TotalExpensePct",716,695,"2020v4.0, 2020v4.1, 2020v4.2"
"/Return/ReturnData/IRS990EZ/ForeignOfficeCountryCd",712,687,"2020v4.0, 2020v4.1, 2020v4.2"
"/Return/ReturnData/IRS990ScheduleD/HeldWorksArtGrp/AssetsIncludedAmt",711,651,"2020v4.0, 2020v4.1, 2020v4.2"
"/Return/ReturnData/IRS990ScheduleH/UnreimbursedCostsGrp/NetCommunityBenefitExpnsAmt",709,689,"2020v4.0, 2020v4.1, 2020v4.2"
"/Return/ReturnData/IRS990ScheduleH/ResearchGrp/NetCommunityBenefitExpnsAmt",706,692,"2020v4.0, 2020v4.1, 2020v4.2"
"/Return/ReturnData/IRS990ScheduleA/MinimumAssetAmountGrp/AcquisitionIndebtednessGrp/CurrentYearAmt",704,659,"2020v4.0, 2020v4.1, 2020v4.2"
"/Return/ReturnData/IRS990ScheduleA/MinimumAssetAmountGrp/RecoveriesPYDistriMinAssetGrp/CurrentYearAmt",704,658,"2020v4.0, 2020v4.1, 2020v4.2"
"/Return/ReturnData/IRS990ScheduleG/ExplanationIfNoTxt",704,664,"2020v4.0, 2020v4.1, 2020v4.2"
"/Return/ReturnData/IRS990ScheduleH/HospitalFcltyPoliciesPrctcGrp/IncomeLevelCriteriaInd",704,589,"2020v4.0, 2020v4.1, 2020v4.2"
"/Return/ReturnData/IRS990ScheduleN/DispositionOfAssetsDetail/PersonNm",702,395,"2020v4.0, 2020v4.1, 2020v4.2"
"/Return/ReturnData/IRS990ScheduleH/ResearchGrp/TotalExpensePct",700,688,"2020v4.0, 2020v4.1, 2020v4.2"
"/Return/ReturnData/IRS990ScheduleH/TotalCommunityBenefitsGrp/ActivitiesOrProgramsCnt",699,687,"2020v4.0, 2020v4.1, 2020v4.2"
"/Return/ReturnData/IRS990ScheduleH/TotalOtherBenefitsGrp/ActivitiesOrProgramsCnt",694,682,"2020v4.0, 2020v4.1, 2020v4.2"
"/Return/ReturnData/IRS990ScheduleH/WorkforceDevelopmentGrp",687,682,"2020v4.0, 2020v4.1, 2020v4.2"
"/Return/ReturnData/IRS990ScheduleJ/RebuttablePresumptionProcInd",687,652,"2020v4.0, 2020v4.1, 2020v4.2"
"/Return/ReturnData/IRS990EZ/CompensationHighestPaidEmplGrp",670,380,"2020v4.0, 2020v4.1, 2020v4.2"
"/Return/ReturnData/IRS990EZ/CompensationHighestPaidEmplGrp/AverageHoursPerWeekRt",670,380,"2020v4.0, 2020v4.1, 2020v4.2"
"/Return/ReturnData/IRS990EZ/CompensationHighestPaidEmplGrp/CompensationAmt",670,380,"2020v4.0, 2020v4.1, 2020v4.2"
"/Return/ReturnData/IRS990EZ/CompensationHighestPaidEmplGrp/EmployeeBenefitsAmt",670,380,"2020v4.0, 2020v4.1, 2020v4.2"
"/Return/ReturnData/IRS990EZ/CompensationHighestPaidEmplGrp/ExpenseAccountAmt",670,380,"2020v4.0, 2020v4.1, 2020v4.2"
"/Return/ReturnData/IRS990EZ/CompensationHighestPaidEmplGrp/PersonNm",670,380,"2020v4.0, 2020v4.1, 2020v4.2"
"/Return/ReturnData/IRS990EZ/CompensationHighestPaidEmplGrp/TitleTxt",670,380,"2020v4.0, 2020v4.1, 2020v4.2"
"/Return/ReturnData/IRS990ScheduleH/WorkforceDevelopmentGrp/NetCommunityBenefitExpnsAmt",666,661,"2020v4.0, 2020v4.1, 2020v4.2"
"/Return/ReturnData/IRS990ScheduleM/RealEstateResidentialGrp/MethodOfDeterminingRevenuesTxt",666,589,"2020v4.0, 2020v4.1, 2020v4.2"
"/Return/ReturnData/IRS990ScheduleH/ResearchGrp/TotalCommunityBenefitExpnsAmt",656,643,"2020v4.0, 2020v4.1, 2020v4.2"
"/Return/ReturnData/IRS990ScheduleH/UnreimbursedCostsGrp/TotalCommunityBenefitExpnsAmt",637,617,"2020v4.0, 2020v4.1, 2020v4.2"
"/Return/ReturnData/IRS990ScheduleH/HealthImprovementAdvocacyGrp",624,613,"2020v4.0, 2020v4.1, 2020v4.2"
"/Return/ReturnData/IRS990EZ/InfoInScheduleOPartVIInd",623,620,"2020v4.0, 2020v4.1, 2020v4.2"
"/Return/ReturnData/IRS990ScheduleH/WorkforceDevelopmentGrp/TotalExpensePct",623,618,"2020v4.0, 2020v4.1, 2020v4.2"
"/Return/ReturnData/IRS990/ForeignAddress/ForeignPostalCd",618,571,"2020v4.0, 2020v4.1, 2020v4.2"
"/Return/ReturnData/IRS990ScheduleD/FinancialDerivativesGrp/MethodValuationCd",617,581,"2020v4.0, 2020v4.1, 2020v4.2"
"/Return/ReturnData/IRS990ScheduleD/ModifiedEasementsCnt",613,553,"2020v4.0, 2020v4.1, 2020v4.2"
"/Return/ReturnData/IRS990ScheduleJ/PersonalServicesInd",609,553,"2020v4.0, 2020v4.1, 2020v4.2"
"/Return/ReturnData/IRS990ScheduleH/HospitalFcltyPoliciesPrctcGrp/RptAvailableThruOtherMethodInd",601,496,"2020v4.0, 2020v4.1, 2020v4.2"
"/Return/ReturnData/IRS990ScheduleH/UnreimbursedCostsGrp/DirectOffsettingRevenueAmt",597,577,"2020v4.0, 2020v4.1, 2020v4.2"
"/Return/ReturnData/IRS990ScheduleD/HistoricStrctrEasementsAftrCnt",591,536,"2020v4.0, 2020v4.1, 2020v4.2"
"/Return/ReturnData/IRS990ScheduleH/HealthImprovementAdvocacyGrp/NetCommunityBenefitExpnsAmt",590,579,"2020v4.0, 2020v4.1, 2020v4.2"
"/Return/ReturnData/IRS990ScheduleA/TestPublicSafetyInd",589,573,"2020v4.0, 2020v4.1, 2020v4.2"
"/Return/ReturnData/IRS990ScheduleH/CoalitionBuildingGrp",585,577,"2020v4.0, 2020v4.1, 2020v4.2"
"/Return/ReturnData/IRS990ScheduleH/TotalCommuntityBuildingActyGrp/ActivitiesOrProgramsCnt",584,575,"2020v4.0, 2020v4.1, 2020v4.2"
"/Return/ReturnData/IRS990ScheduleH/EconomicDevelopmentGrp",580,572,"2020v4.0, 2020v4.1, 2020v4.2"
"/Return/ReturnData/IRS990ScheduleA/TrustIntegralPartTestInd",573,550,"2020v4.0, 2020v4.1, 2020v4.2"
"/Return/ReturnHeader/Filer/ForeignAddress",570,524,"2020v4.0, 2020v4.1, 2020v4.2"
"/Return/ReturnHeader/Filer/ForeignAddress/AddressLine1Txt",570,524,"2020v4.0, 2020v4.1, 2020v4.2"
"/Return/ReturnHeader/Filer/ForeignAddress/CountryCd",570,524,"2020v4.0, 2020v4.1, 2020v4.2"
"/Return/ReturnData/IRS990/ActivityCd",566,534,"2020v4.0, 2020v4.1"
"/Return/ReturnData/IRS990/ApplicationPendingInd",566,550,"2020v4.0, 2020v4.1, 2020v4.2"
"/Return/ReturnData/IRS990ScheduleH/HealthImprovementAdvocacyGrp/TotalExpensePct",565,554,"2020v4.0, 2020v4.1, 2020v4.2"
"/Return/ReturnData/IRS990ScheduleD/CollectionUsedOtherPurposesGrp",561,502,"2020v4.0, 2020v4.1, 2020v4.2"
"/Return/ReturnData/IRS990ScheduleD/CollectionUsedOtherPurposesGrp/CollectionUsedOtherPurposesInd",561,502,"2020v4.0, 2020v4.1, 2020v4.2"
"/Return/ReturnData/IRS990ScheduleD/CollectionUsedOtherPurposesGrp/OtherPurposesDesc",561,502,"2020v4.0, 2020v4.1, 2020v4.2"
"/Return/ReturnData/IRS990ScheduleG/ThirdPartyUSAddress",560,542,"2020v4.0, 2020v4.1, 2020v4.2"
"/Return/ReturnData/IRS990ScheduleG/ThirdPartyUSAddress/AddressLine1Txt",560,542,"2020v4.0, 2020v4.1, 2020v4.2"
"/Return/ReturnData/IRS990ScheduleG/ThirdPartyUSAddress/CityNm",560,542,"2020v4.0, 2020v4.1, 2020v4.2"
"/Return/ReturnData/IRS990ScheduleG/ThirdPartyUSAddress/StateAbbreviationCd",560,542,"2020v4.0, 2020v4.1, 2020v4.2"
"/Return/ReturnData/IRS990ScheduleG/ThirdPartyUSAddress/ZIPCd",560,542,"2020v4.0, 2020v4.1, 2020v4.2"
"/Return/ReturnData/IRS990ScheduleH/TotalFinancialAssistanceTyp/PersonsServedCnt",560,552,"2020v4.0, 2020v4.1, 2020v4.2"
"/Return/ReturnHeader/Filer/ForeignAddress/CityNm",559,513,"2020v4.0, 2020v4.1, 2020v4.2"
"/Return/ReturnData/IRS990ScheduleH/CoalitionBuildingGrp/NetCommunityBenefitExpnsAmt",558,550,"2020v4.0, 2020v4.1, 2020v4.2"
"/Return/ReturnData/IRS990ScheduleH/EconomicDevelopmentGrp/NetCommunityBenefitExpnsAmt",556,548,"2020v4.0, 2020v4.1, 2020v4.2"
"/Return/ReturnData/IRS990ScheduleR/IdRelatedOrgTxblPartnershipGrp/ForeignAddress/ForeignPostalCd",553,136,"2020v4.0, 2020v4.1, 2020v4.2"
"/Return/ReturnData/IRS990EZ/ApplicationPendingInd",552,549,"2020v4.0, 2020v4.1, 2020v4.2"
"/Return/ReturnData/IRS990ScheduleG/GamingInformationGrp/NonCashPrizesBingoAmt",550,535,"2020v4.0, 2020v4.1, 2020v4.2"
"/Return/ReturnData/IRS990ScheduleG/GamingRevenueReceivedByOrgAmt",545,529,"2020v4.0, 2020v4.1, 2020v4.2"
"/Return/ReturnData/IRS990ScheduleR/IdDisregardedEntitiesGrp/LegalDomicileForeignCountryCd",543,228,"2020v4.0, 2020v4.1, 2020v4.2"
"/Return/ReturnData/IRS990ScheduleH/HospitalFcltyPoliciesPrctcGrp/ProspectiveMedicareMedicaidInd",540,457,"2020v4.0, 2020v4.1, 2020v4.2"
"/Return/ReturnData/IRS990ScheduleH/CashAndInKindContributionsGrp/DirectOffsettingRevenueAmt",538,534,"2020v4.0, 2020v4.1, 2020v4.2"
"/Return/ReturnData/IRS990ScheduleH/CoalitionBuildingGrp/TotalExpensePct",532,524,"2020v4.0, 2020v4.1, 2020v4.2"
"/Return/ReturnData/IRS990ScheduleH/EconomicDevelopmentGrp/TotalExpensePct",532,524,"2020v4.0, 2020v4.1, 2020v4.2"
"/Return/ReturnHeader/Filer/ForeignAddress/ForeignPostalCd",531,485,"2020v4.0, 2020v4.1, 2020v4.2"
"/Return/ReturnData/IRS990EZ/ForeignFinancialAccountCntryCd",528,509,"2020v4.0, 2020v4.1, 2020v4.2"
"/Return/ReturnData/IRS990ScheduleH/CommunityHealthServicesGrp/PersonsServedCnt",525,511,"2020v4.0, 2020v4.1, 2020v4.2"
"/Return/ReturnData/IRS990ScheduleG/GamingInformationGrp/NonCashPrizesPullTabsAmt",524,515,"2020v4.0, 2020v4.1, 2020v4.2"
"/Return/ReturnData/IRS990/BooksInCareOfDetail/ForeignAddress/ProvinceOrStateNm",523,479,"2020v4.0, 2020v4.1, 2020v4.2"
"/Return/ReturnData/IRS990ScheduleR/IdRelatedOrgTxblCorpTrGrp/RelatedOrganizationName/BusinessNameLine2Txt",521,199,"2020v4.0, 2020v4.1"
"/Return/ReturnData/IRS990ScheduleH/TotalCommuntityBuildingActyGrp/PersonsServedCnt",518,509,"2020v4.0, 2020v4.1, 2020v4.2"
"/Return/ReturnData/IRS990ScheduleA/Form990SchASupportingOrgGrp/SupportedOrgClassDesignatedInd",513,503,"2020v4.0, 2020v4.1, 2020v4.2"
"/Return/ReturnData/IRS990ScheduleA/HospitalNameAndAddressGrp",508,381,"2020v4.0, 2020v4.1, 2020v4.2"
"/Return/ReturnData/IRS990ScheduleA/HospitalNameAndAddressGrp/CityNm",508,381,"2020v4.0, 2020v4.1, 2020v4.2"
"/Return/ReturnData/IRS990ScheduleA/HospitalNameAndAddressGrp/SupportedOrganizationName",508,381,"2020v4.0, 2020v4.1, 2020v4.2"
"/Return/ReturnData/IRS990ScheduleA/HospitalNameAndAddressGrp/SupportedOrganizationName/BusinessNameLine1Txt",508,381,"2020v4.0, 2020v4.1, 2020v4.2"
"/Return/ReturnData/IRS990ScheduleH/CostingMethodologyUsedGrp/OtherInd",505,475,"2020v4.0, 2020v4.1, 2020v4.2"
"/Return/ReturnData/IRS990ScheduleH/Percent300Ind",502,484,"2020v4.0, 2020v4.1, 2020v4.2"
"/Return/ReturnData/IRS990ScheduleH/WorkforceDevelopmentGrp/TotalCommunityBenefitExpnsAmt",496,491,"2020v4.0, 2020v4.1, 2020v4.2"
"/Return/ReturnData/IRS990/ForeignAddress/ProvinceOrStateNm",491,455,"2020v4.0, 2020v4.1, 2020v4.2"
"/Return/ReturnData/IRS990ScheduleA/HospitalNameAndAddressGrp/StateAbbreviationCd",491,369,"2020v4.0, 2020v4.1, 2020v4.2"
"/Return/ReturnData/IRS990ScheduleH/ResearchGrp/DirectOffsettingRevenueAmt",491,483,"2020v4.0, 2020v4.1, 2020v4.2"
"/Return/ReturnData/IRS990ScheduleR/IdDisregardedEntitiesGrp/ForeignAddress",490,203,"2020v4.0, 2020v4.1, 2020v4.2"
"/Return/ReturnData/IRS990ScheduleR/IdDisregardedEntitiesGrp/ForeignAddress/AddressLine1Txt",490,203,"2020v4.0, 2020v4.1, 2020v4.2"
"/Return/ReturnData/IRS990ScheduleR/IdDisregardedEntitiesGrp/ForeignAddress/CountryCd",490,203,"2020v4.0, 2020v4.1, 2020v4.2"
"/Return/ReturnData/IRS990ScheduleH/CommunityHealthServicesGrp/ActivitiesOrProgramsCnt",481,471,"2020v4.0, 2020v4.1, 2020v4.2"
"/Return/ReturnData/IRS990ScheduleH/TotalCommuntityBuildingActyGrp/DirectOffsettingRevenueAmt",465,462,"2020v4.0, 2020v4.1, 2020v4.2"
"/Return/ReturnData/IRS990ScheduleH/HospitalFcltyPoliciesPrctcGrp/OtherActionsTakenInd",460,367,"2020v4.0, 2020v4.1, 2020v4.2"
"/Return/ReturnData/IRS990ScheduleH/HospitalFcltyPoliciesPrctcGrp/OtherWebsiteURLTxt",459,380,"2020v4.0, 2020v4.1, 2020v4.2"
"/Return/ReturnData/IRS990ScheduleC/MailingsMembersAmt",458,424,"2020v4.0, 2020v4.1, 2020v4.2"
"/Return/ReturnData/IRS990ScheduleH/OtherCommuntityBuildingActyGrp",457,454,"2020v4.0, 2020v4.1, 2020v4.2"
"/Return/ReturnData/IRS990ScheduleG/GamingRevenueRtnBy3PrtyAmt",456,445,"2020v4.0, 2020v4.1, 2020v4.2"
"/Return/ReturnData/IRS990ScheduleH/LeadershipDevelopmentGrp",455,449,"2020v4.0, 2020v4.1, 2020v4.2"
"/Return/ReturnData/IRS990ScheduleH/HospitalFcltyPoliciesPrctcGrp/OtherWebsiteInd",454,376,"2020v4.0, 2020v4.1, 2020v4.2"
"/Return/ReturnData/IRS990ScheduleC/LobbyingNontaxableAmountGrp/AffiliatedGroupTotalAmt",453,407,"2020v4.0, 2020v4.1, 2020v4.2"
"/Return/ReturnData/IRS990ScheduleD/HeldWorksArtGrp/RevenuesIncludedAmt",453,420,"2020v4.0, 2020v4.1, 2020v4.2"
"/Return/ReturnData/IRS990/SpecialConditionDesc",450,363,"2020v4.0, 2020v4.1, 2020v4.2"
"/Return/ReturnData/IRS990ScheduleR/IdDisregardedEntitiesGrp/ForeignAddress/CityNm",450,182,"2020v4.0, 2020v4.1, 2020v4.2"
"/Return/ReturnData/IRS990ScheduleA/Form990SchAType3FuncIntGrp/AppointElectMajorityOfficerInd",445,421,"2020v4.0, 2020v4.1, 2020v4.2"
"/Return/ReturnData/IRS990ScheduleA/Form990SchAType3FuncIntGrp/ExerciseDirectionPoliciesInd",445,421,"2020v4.0, 2020v4.1, 2020v4.2"
"/Return/ReturnData/IRS990ScheduleM/CollectiblesGrp/NonCashCheckboxInd",444,406,"2020v4.0, 2020v4.1, 2020v4.2"
"/Return/ReturnData/IRS990ScheduleA/Form990SchASupportingOrgGrp/SupportForeignOrgNoDetermInd",438,427,"2020v4.0, 2020v4.1, 2020v4.2"
"/Return/ReturnData/IRS990ScheduleH/DiscountedCareOthPercentageGrp",433,427,"2020v4.0, 2020v4.1, 2020v4.2"
"/Return/ReturnData/IRS990ScheduleH/DiscountedCareOthPercentageGrp/DiscountedCareOtherPct",433,427,"2020v4.0, 2020v4.1, 2020v4.2"
"/Return/ReturnData/IRS990ScheduleH/DiscountedCareOthPercentageGrp/OtherInd",433,427,"2020v4.0, 2020v4.1, 2020v4.2"
"/Return/ReturnData/IRS990ScheduleL/GrntAsstBnftInterestedPrsnGrp/BusinessName",433,209,"2020v4.0, 2020v4.1, 2020v4.2"
"/Return/ReturnData/IRS990ScheduleL/GrntAsstBnftInterestedPrsnGrp/BusinessName/BusinessNameLine1Txt",433,209,"2020v4.0, 2020v4.1, 2020v4.2"
"/Return/ReturnData/IRS990ScheduleC/OrganizationBelongsAffltGrpInd",430,375,"2020v4.0, 2020v4.1, 2020v4.2"
"/Return/ReturnData/IRS990ScheduleH/HealthImprovementAdvocacyGrp/TotalCommunityBenefitExpnsAmt",430,419,"2020v4.0, 2020v4.1, 2020v4.2"
"/Return/ReturnData/IRS990ScheduleM/CollectiblesGrp/ContributionCnt",430,394,"2020v4.0, 2020v4.1, 2020v4.2"
"/Return/ReturnData/IRS990ScheduleH/HospitalFcltyPoliciesPrctcGrp/StrategyAttachedInd",429,337,"2020v4.0, 2020v4.1, 2020v4.2"
"/Return/ReturnData/IRS990ScheduleC/GrassrootsNontaxableGrp/AffiliatedGroupTotalAmt",418,375,"2020v4.0, 2020v4.1, 2020v4.2"
"/Return/ReturnData/IRS990ScheduleD/HistoricLandAreaInd",418,387,"2020v4.0, 2020v4.1, 2020v4.2"
"/Return/ReturnData/IRS990ScheduleH/CashAndInKindContributionsGrp/ActivitiesOrProgramsCnt",418,411,"2020v4.0, 2020v4.1, 2020v4.2"
"/Return/ReturnData/IRS990ScheduleH/PhysicalImprvAndHousingGrp",418,416,"2020v4.0, 2020v4.1, 2020v4.2"
"/Return/ReturnData/IRS990ScheduleC/TotalExemptPurposeExpendGrp/AffiliatedGroupTotalAmt",417,374,"2020v4.0, 2020v4.1, 2020v4.2"
"/Return/ReturnData/IRS990ScheduleH/OtherCommuntityBuildingActyGrp/NetCommunityBenefitExpnsAmt",417,414,"2020v4.0, 2020v4.1, 2020v4.2"
"/Return/ReturnData/IRS990ScheduleH/OtherCommuntityBuildingActyGrp/TotalExpensePct",417,415,"2020v4.0, 2020v4.1, 2020v4.2"
"/Return/ReturnData/IRS990ScheduleH/LeadershipDevelopmentGrp/NetCommunityBenefitExpnsAmt",416,410,"2020v4.0, 2020v4.1, 2020v4.2"
"/Return/ReturnData/IRS990ScheduleC/OtherExemptPurposeExpendGrp/AffiliatedGroupTotalAmt",413,371,"2020v4.0, 2020v4.1, 2020v4.2"
"/Return/ReturnData/IRS990ScheduleH/LeadershipDevelopmentGrp/TotalExpensePct",412,406,"2020v4.0, 2020v4.1, 2020v4.2"
"/Return/ReturnData/IRS990ScheduleA/Form990SchASupportingOrgGrp/ControlDecidingGrntFrgnOrgInd",411,400,"2020v4.0, 2020v4.1, 2020v4.2"
"/Return/ReturnData/IRS990ScheduleH/HealthProfessionsEducationGrp/PersonsServedCnt",408,398,"2020v4.0, 2020v4.1, 2020v4.2"
"/Return/ReturnData/IRS990ScheduleR/IdDisregardedEntitiesGrp/USAddress/AddressLine2Txt",408,138,"2020v4.0"
"/Return/ReturnData/IRS990ScheduleA/MedicalResearchOrganizationInd",406,381,"2020v4.0, 2020v4.1, 2020v4.2"
"/Return/ReturnData/IRS990ScheduleK/TaxExemptBondsArbitrageGrp/RegulatorySafeHarborStsfdInd",405,220,"2020v4.0, 2020v4.1, 2020v4.2"
"/Return/ReturnData/IRS990ScheduleM/CollectiblesGrp/NoncashContributionsRptF990Amt",404,370,"2020v4.0, 2020v4.1, 2020v4.2"
"/Return/ReturnData/IRS990ScheduleD/HistoricStructureInd",401,368,"2020v4.0, 2020v4.1, 2020v4.2"
"/Return/ReturnData/IRS990ScheduleR/IdDisregardedEntitiesGrp/DirectControllingEntityName/BusinessNameLine2Txt",401,238,"2020v4.0"
"/Return/ReturnData/IRS990ScheduleH/EnvironmentalImprovementsGrp",400,398,"2020v4.0, 2020v4.1, 2020v4.2"
"/Return/ReturnData/IRS990ScheduleR/UnrelatedOrgTxblPartnershipGrp",400,222,"2020v4.0, 2020v4.1, 2020v4.2"
"/Return/ReturnData/IRS990ScheduleR/UnrelatedOrgTxblPartnershipGrp/AllPartnersC3SInd",400,222,"2020v4.0, 2020v4.1, 2020v4.2"
"/Return/ReturnData/IRS990ScheduleR/UnrelatedOrgTxblPartnershipGrp/GeneralOrManagingPartnerInd",400,222,"2020v4.0, 2020v4.1, 2020v4.2"
"/Return/ReturnData/IRS990ScheduleH/HospitalFcltyPoliciesPrctcGrp/LookBackMedicaidMedcrPrvtInd",399,347,"2020v4.0, 2020v4.1, 2020v4.2"
"/Return/ReturnData/IRS990ScheduleC/TotalLobbyingExpendGrp/AffiliatedGroupTotalAmt",398,356,"2020v4.0, 2020v4.1, 2020v4.2"
"/Return/ReturnData/IRS990ScheduleC/TotalDirectLobbyingGrp/AffiliatedGroupTotalAmt",397,355,"2020v4.0, 2020v4.1, 2020v4.2"
"/Return/ReturnData/IRS990ScheduleH/HospitalFacilitiesGrp/ResearchFacilityInd",397,256,"2020v4.0, 2020v4.1, 2020v4.2"
"/Return/ReturnData/IRS990ScheduleR/UnrelatedOrgTxblPartnershipGrp/BusinessName",397,219,"2020v4.0, 2020v4.1, 2020v4.2"
"/Return/ReturnData/IRS990ScheduleR/UnrelatedOrgTxblPartnershipGrp/BusinessName/BusinessNameLine1Txt",397,219,"2020v4.0, 2020v4.1, 2020v4.2"
"/Return/ReturnData/IRS990ScheduleG/GamingManagerBusinessName",396,370,"2020v4.0, 2020v4.1, 2020v4.2"
"/Return/ReturnData/IRS990ScheduleG/GamingManagerBusinessName/BusinessNameLine1Txt",396,370,"2020v4.0, 2020v4.1, 2020v4.2"
"/Return/ReturnData/IRS990ScheduleH/HealthProfessionsEducationGrp/ActivitiesOrProgramsCnt",392,385,"2020v4.0, 2020v4.1, 2020v4.2"
"/Return/ReturnData/IRS990ScheduleG/ThirdPartyBusinessName",391,377,"2020v4.0, 2020v4.1, 2020v4.2"
"/Return/ReturnData/IRS990ScheduleG/ThirdPartyBusinessName/BusinessNameLine1Txt",391,377,"2020v4.0, 2020v4.1, 2020v4.2"
"/Return/ReturnData/IRS990ScheduleK/TaxExemptBondsPrivateBusUseGrp/ChangeInUseBondFinancedPropPct",390,194,"2020v4.0, 2020v4.1, 2020v4.2"
"/Return/ReturnData/IRS990ScheduleR/UnrelatedOrgTxblPartnershipGrp/LegalDomicileStateCd",390,216,"2020v4.0, 2020v4.1, 2020v4.2"
"/Return/ReturnData/IRS990ScheduleM/CollectiblesGrp/MethodOfDeterminingRevenuesTxt",389,355,"2020v4.0, 2020v4.1, 2020v4.2"
"/Return/ReturnData/IRS990ScheduleR/UnrelatedOrgTxblPartnershipGrp/USAddress",388,214,"2020v4.0, 2020v4.1, 2020v4.2"
"/Return/ReturnData/IRS990ScheduleR/UnrelatedOrgTxblPartnershipGrp/USAddress/AddressLine1Txt",388,214,"2020v4.0, 2020v4.1, 2020v4.2"
"/Return/ReturnData/IRS990ScheduleR/UnrelatedOrgTxblPartnershipGrp/USAddress/CityNm",388,214,"2020v4.0, 2020v4.1, 2020v4.2"
"/Return/ReturnData/IRS990ScheduleR/UnrelatedOrgTxblPartnershipGrp/USAddress/StateAbbreviationCd",388,214,"2020v4.0, 2020v4.1, 2020v4.2"
"/Return/ReturnData/IRS990ScheduleR/UnrelatedOrgTxblPartnershipGrp/USAddress/ZIPCd",388,214,"2020v4.0, 2020v4.1, 2020v4.2"
"/Return/ReturnData/IRS990ScheduleR/UnrelatedOrgTxblPartnershipGrp/PrimaryActivitiesTxt",386,212,"2020v4.0, 2020v4.1, 2020v4.2"
"/Return/ReturnData/IRS990ScheduleH/CoalitionBuildingGrp/TotalCommunityBenefitExpnsAmt",385,377,"2020v4.0, 2020v4.1, 2020v4.2"
"/Return/ReturnData/IRS990ScheduleR/UnrelatedOrgTxblPartnershipGrp/DisproportionateAllocationsInd",384,217,"2020v4.0, 2020v4.1, 2020v4.2"
"/Return/ReturnData/IRS990ScheduleR/UnrelatedOrgTxblPartnershipGrp/EIN",382,207,"2020v4.0, 2020v4.1, 2020v4.2"
"/Return/ReturnData/IRS990ScheduleH/ManagementCoAndJntVenturesGrp/OfcrEtcProfitOrOwnershipPct",381,178,"2020v4.0, 2020v4.1, 2020v4.2"
"/Return/ReturnData/IRS990ScheduleH/HospitalFcltyPoliciesPrctcGrp/LookBackMedicareInd",380,312,"2020v4.0, 2020v4.1, 2020v4.2"
"/Return/ReturnData/IRS990ScheduleH/PhysicalImprvAndHousingGrp/NetCommunityBenefitExpnsAmt",380,379,"2020v4.0, 2020v4.1, 2020v4.2"
"/Return/ReturnData/IRS990ScheduleH/EconomicDevelopmentGrp/TotalCommunityBenefitExpnsAmt",378,370,"2020v4.0, 2020v4.1, 2020v4.2"
"/Return/ReturnData/IRS990ScheduleH/PhysicalImprvAndHousingGrp/TotalExpensePct",376,375,"2020v4.0, 2020v4.1, 2020v4.2"
"/Return/ReturnData/IRS990ScheduleC/RalliesDemonstrationsAmt",372,348,"2020v4.0, 2020v4.1, 2020v4.2"
"/Return/ReturnData/IRS990ScheduleH/TotalFinancialAssistanceTyp/ActivitiesOrProgramsCnt",369,365,"2020v4.0, 2020v4.1, 2020v4.2"
"/Return/ReturnData/IRS990ScheduleH/CashAndInKindContributionsGrp/PersonsServedCnt",366,358,"2020v4.0, 2020v4.1, 2020v4.2"
"/Return/ReturnData/IRS990ScheduleH/EnvironmentalImprovementsGrp/TotalExpensePct",363,361,"2020v4.0, 2020v4.1, 2020v4.2"
"/Return/ReturnData/IRS990ScheduleR/UnrelatedOrgTxblPartnershipGrp/OwnershipPct",363,202,"2020v4.0, 2020v4.1, 2020v4.2"
"/Return/ReturnData/IRS990ScheduleH/EnvironmentalImprovementsGrp/NetCommunityBenefitExpnsAmt",361,359,"2020v4.0, 2020v4.1, 2020v4.2"
"/Return/ReturnData/IRS990ScheduleH/OthHlthCareFcltsNotHospitalGrp/OthHlthCareFcltsGrp/USAddress/AddressLine2Txt",356,115,"2020v4.0, 2020v4.1, 2020v4.2"
"/Return/ReturnData/IRS990ScheduleK/TaxExemptBondsIssuesGrp/IssuerName/BusinessNameLine2Txt",355,169,"2020v4.0"
"/Return/ReturnData/IRS990ScheduleG/GamingManagerIsIndCntrctInd",353,336,"2020v4.0, 2020v4.1, 2020v4.2"
"/Return/ReturnData/IRS990ScheduleK/TaxExemptBondsArbitrageGrp/TermOfGICPct",350,209,"2020v4.0, 2020v4.1, 2020v4.2"
"/Return/ReturnData/IRS990ScheduleA/Form990SchAType3FuncIntGrp/ParentSupportedOrgInd",349,329,"2020v4.0, 2020v4.1, 2020v4.2"
"/Return/ReturnHeader/Filer/ForeignAddress/ProvinceOrStateNm",347,322,"2020v4.0, 2020v4.1, 2020v4.2"
"/Return/ReturnData/IRS990/LegalDomicileCountryCd",345,311,"2020v4.0, 2020v4.1, 2020v4.2"
"/Return/ReturnData/IRS990EZ/CompensationOfHghstPdCntrctGrp",336,227,"2020v4.0, 2020v4.1, 2020v4.2"
"/Return/ReturnData/IRS990EZ/CompensationOfHghstPdCntrctGrp/CompensationAmt",336,227,"2020v4.0, 2020v4.1, 2020v4.2"
"/Return/ReturnData/IRS990EZ/CompensationOfHghstPdCntrctGrp/ServiceTypeTxt",336,227,"2020v4.0, 2020v4.1, 2020v4.2"
"/Return/ReturnData/IRS990EZ/OfficerDirectorTrusteeEmplGrp/BusinessName/BusinessNameLine2Txt",333,103,"2020v4.0, 2020v4.1"
"/Return/ReturnData/IRS990ScheduleI/RecipientTable/ForeignAddress",333,182,"2020v4.0, 2020v4.1, 2020v4.2"
"/Return/ReturnData/IRS990ScheduleI/RecipientTable/ForeignAddress/AddressLine1Txt",333,182,"2020v4.0, 2020v4.1, 2020v4.2"
"/Return/ReturnData/IRS990ScheduleI/RecipientTable/ForeignAddress/CountryCd",333,182,"2020v4.0, 2020v4.1, 2020v4.2"
"/Return/ReturnData/IRS990EZ/CompensationOfHghstPdCntrctGrp/USAddress",330,223,"2020v4.0, 2020v4.1, 2020v4.2"
"/Return/ReturnData/IRS990EZ/CompensationOfHghstPdCntrctGrp/USAddress/AddressLine1Txt",330,223,"2020v4.0, 2020v4.1, 2020v4.2"
"/Return/ReturnData/IRS990EZ/CompensationOfHghstPdCntrctGrp/USAddress/CityNm",330,223,"2020v4.0, 2020v4.1, 2020v4.2"
"/Return/ReturnData/IRS990EZ/CompensationOfHghstPdCntrctGrp/USAddress/StateAbbreviationCd",330,223,"2020v4.0, 2020v4.1, 2020v4.2"
"/Return/ReturnData/IRS990EZ/CompensationOfHghstPdCntrctGrp/USAddress/ZIPCd",330,223,"2020v4.0, 2020v4.1, 2020v4.2"
"/Return/ReturnData/IRS990ScheduleH/Percent100Ind",330,303,"2020v4.0, 2020v4.1, 2020v4.2"
"/Return/ReturnData/IRS990ScheduleR/UnrelatedOrgTxblPartnershipGrp/PredominateIncomeDesc",330,180,"2020v4.0, 2020v4.1, 2020v4.2"
"/Return/ReturnData/IRS990/ContractorCompensationGrp/ContractorName/BusinessName/BusinessNameLine2Txt",321,216,"2020v4.0"
"/Return/ReturnData/IRS990ScheduleR/UnrelatedOrgTxblPartnershipGrp/ShareOfEOYAssetsAmt",310,176,"2020v4.0, 2020v4.1, 2020v4.2"
"/Return/ReturnData/IRS990ScheduleH/FinancialAssistanceAtCostTyp/PersonsServedCnt",308,301,"2020v4.0, 2020v4.1, 2020v4.2"
"/Return/ReturnData/IRS990ScheduleR/UnrelatedOrgTxblPartnershipGrp/ShareOfTotalIncomeAmt",301,173,"2020v4.0, 2020v4.1, 2020v4.2"
"/Return/ReturnData/IRS990ScheduleR/IdRelatedOrgTxblPartnershipGrp/ForeignAddress/ProvinceOrStateNm",292,91,"2020v4.0, 2020v4.1, 2020v4.2"
"/Return/ReturnData/IRS990ScheduleC/TotalGrassrootsLobbyingGrp/AffiliatedGroupTotalAmt",290,271,"2020v4.0, 2020v4.1, 2020v4.2"
"/Return/ReturnHeader/DisasterReliefTxt",290,269,"2020v4.0, 2020v4.1, 2020v4.2"
"/Return/ReturnData/IRS990/DoingBusinessAsName/BusinessNameLine2Txt",286,267,"2020v4.0, 2020v4.1, 2020v4.2"
"/Return/ReturnData/IRS990ScheduleM/HistoricalArtifactsGrp/NonCashCheckboxInd",280,253,"2020v4.0, 2020v4.1, 2020v4.2"
"/Return/ReturnData/IRS990ScheduleC/Section4955OrganizationTaxAmt",276,255,"2020v4.0, 2020v4.1, 2020v4.2"
"/Return/ReturnData/IRS990ScheduleA/Form990SchASupportingOrgGrp/SubstitutionBeyondOrgCntlInd",272,270,"2020v4.0, 2020v4.1, 2020v4.2"
"/Return/ReturnData/IRS990ScheduleG/AllStatesCd",272,249,"2020v4.0, 2020v4.1, 2020v4.2"
"/Return/ReturnData/IRS990ScheduleM/HistoricalArtifactsGrp/ContributionCnt",268,242,"2020v4.0, 2020v4.1, 2020v4.2"
"/Return/ReturnData/IRS990ScheduleC/Section4955ManagersTaxAmt",267,246,"2020v4.0, 2020v4.1, 2020v4.2"
"/Return/ReturnData/IRS990ScheduleH/HospitalFcltyPoliciesPrctcGrp/OtherInd",266,222,"2020v4.0, 2020v4.1, 2020v4.2"
"/Return/ReturnData/IRS990ScheduleH/CommunitySupportGrp/ActivitiesOrProgramsCnt",264,259,"2020v4.0, 2020v4.1, 2020v4.2"
"/Return/ReturnData/IRS990ScheduleI/RecipientTable/ForeignAddress/CityNm",264,140,"2020v4.0, 2020v4.1, 2020v4.2"
"/Return/ReturnData/IRS990ScheduleH/UnreimbursedMedicaidGrp/PersonsServedCnt",262,259,"2020v4.0, 2020v4.1, 2020v4.2"
"/Return/ReturnData/IRS990ScheduleC/PublicationsOrBroadcastAmt",261,244,"2020v4.0, 2020v4.1, 2020v4.2"
"/Return/ReturnData/IRS990ScheduleH/Percent200DInd",254,234,"2020v4.0, 2020v4.1, 2020v4.2"
"/Return/ReturnData/IRS990ScheduleH/SubsidizedHealthServicesGrp/ActivitiesOrProgramsCnt",254,252,"2020v4.0, 2020v4.1, 2020v4.2"
"/Return/ReturnData/IRS990ScheduleA/TenPctFactsCrcmstncsTestPYInd",253,242,"2020v4.0, 2020v4.1, 2020v4.2"
"/Return/ReturnData/IRS990ScheduleH/SubsidizedHealthServicesGrp/PersonsServedCnt",249,246,"2020v4.0, 2020v4.1, 2020v4.2"
"/Return/ReturnHeader/PreparerFirmGrp/PreparerForeignAddress",247,231,"2020v4.0, 2020v4.1, 2020v4.2"
"/Return/ReturnHeader/PreparerFirmGrp/PreparerForeignAddress/AddressLine1Txt",247,231,"2020v4.0, 2020v4.1, 2020v4.2"
"/Return/ReturnHeader/PreparerFirmGrp/PreparerForeignAddress/CityNm",247,231,"2020v4.0, 2020v4.1, 2020v4.2"
"/Return/ReturnHeader/PreparerFirmGrp/PreparerForeignAddress/CountryCd",247,231,"2020v4.0, 2020v4.1, 2020v4.2"
"/Return/ReturnData/IRS990ScheduleH/HospitalFacilitiesGrp/ChildrensHospitalInd",246,189,"2020v4.0, 2020v4.1, 2020v4.2"
"/Return/ReturnData/IRS990ScheduleH/HospitalFcltyPoliciesPrctcGrp/OtherMethodInd",242,183,"2020v4.0, 2020v4.1, 2020v4.2"
"/Return/ReturnData/IRS990ScheduleR/IdDisregardedEntitiesGrp/ForeignAddress/ForeignPostalCd",241,116,"2020v4.0, 2020v4.1, 2020v4.2"
"/Return/ReturnData/IRS990ScheduleH/LeadershipDevelopmentGrp/TotalCommunityBenefitExpnsAmt",236,230,"2020v4.0, 2020v4.1, 2020v4.2"
"/Return/ReturnData/IRS990ScheduleC/TotLbbyExpendMnsLbbyngNonTxGrp/AffiliatedGroupTotalAmt",233,210,"2020v4.0, 2020v4.1, 2020v4.2"
"/Return/ReturnData/IRS990ScheduleC/TotLbbyngGrassrootMnsNonTxGrp/AffiliatedGroupTotalAmt",232,209,"2020v4.0, 2020v4.1, 2020v4.2"
"/Return/ReturnData/AffiliatedGroupSchedule",231,208,"2020v4.0, 2020v4.1, 2020v4.2"
"/Return/ReturnData/IRS990/PrincipalOfcrBusinessName/BusinessNameLine2Txt",229,219,"2020v4.0, 2020v4.1"
"/Return/ReturnData/IRS990ScheduleH/OtherCommuntityBuildingActyGrp/TotalCommunityBenefitExpnsAmt",228,225,"2020v4.0, 2020v4.1, 2020v4.2"
"/Return/ReturnData/IRS990ScheduleM/SecuritiesCloselyHeldStockGrp/NonCashCheckboxInd",227,213,"2020v4.0, 2020v4.1, 2020v4.2"
"/Return/ReturnData/IRS990ScheduleM/SecuritiesCloselyHeldStockGrp/NoncashContributionsRptF990Amt",226,212,"2020v4.0, 2020v4.1, 2020v4.2"
"/Return/ReturnData/IRS990EZ/BooksInCareOfDetail/ForeignAddress",224,224,"2020v4.0, 2020v4.1, 2020v4.2"
"/Return/ReturnData/IRS990EZ/BooksInCareOfDetail/ForeignAddress/AddressLine1Txt",224,224,"2020v4.0, 2020v4.1, 2020v4.2"
"/Return/ReturnData/IRS990EZ/BooksInCareOfDetail/ForeignAddress/CountryCd",224,224,"2020v4.0, 2020v4.1, 2020v4.2"
"/Return/ReturnData/IRS990ScheduleK/TaxExemptBondsArbitrageGrp/HedgeProviderName/BusinessNameLine2Txt",224,170,"2020v4.0, 2020v4.1, 2020v4.2"
"/Return/ReturnData/IRS990ScheduleM/SecuritiesCloselyHeldStockGrp/ContributionCnt",224,211,"2020v4.0, 2020v4.1, 2020v4.2"
"/Return/ReturnData/IRS990ScheduleH/CommunitySupportGrp/DirectOffsettingRevenueAmt",222,220,"2020v4.0, 2020v4.1, 2020v4.2"
"/Return/ReturnData/IRS990ScheduleH/CommunitySupportGrp/PersonsServedCnt",221,215,"2020v4.0, 2020v4.1, 2020v4.2"
"/Return/ReturnData/IRS990EZ/BooksInCareOfDetail/ForeignAddress/CityNm",217,217,"2020v4.0, 2020v4.1, 2020v4.2"
"/Return/ReturnData/IRS990ScheduleM/SecurPrtnrshpTrustIntrstsGrp/NonCashCheckboxInd",217,202,"2020v4.0, 2020v4.1, 2020v4.2"
"/Return/ReturnData/IRS990ScheduleM/SecurPrtnrshpTrustIntrstsGrp/NoncashContributionsRptF990Amt",217,202,"2020v4.0, 2020v4.1, 2020v4.2"
"/Return/ReturnData/IRS990ScheduleM/SecurPrtnrshpTrustIntrstsGrp/ContributionCnt",215,201,"2020v4.0, 2020v4.1, 2020v4.2"
"/Return/ReturnData/AveragingAttachment",214,196,"2020v4.0, 2020v4.1"
"/Return/ReturnData/AveragingAttachment/ExplanationTxt",213,195,"2020v4.0, 2020v4.1"
"/Return/ReturnHeader/PreparerFirmGrp/PreparerForeignAddress/ForeignPostalCd",213,202,"2020v4.0, 2020v4.1, 2020v4.2"
"/Return/ReturnData/IRS990ScheduleL/BusTrInvolveInterestedPrsnGrp/NameOfInterested/BusinessName/BusinessNameLine2Txt",210,133,"2020v4.0"
"/Return/ReturnData/IRS990ScheduleM/SecurPrtnrshpTrustIntrstsGrp/MethodOfDeterminingRevenuesTxt",210,196,"2020v4.0, 2020v4.1, 2020v4.2"
"/Return/ReturnData/IRS990ScheduleJ/PaymentsForUseOfResidenceInd",209,196,"2020v4.0, 2020v4.1, 2020v4.2"
"/Return/ReturnData/IRS990ScheduleM/SecuritiesMiscellaneousGrp/NoncashContributionsRptF990Amt",208,184,"2020v4.0, 2020v4.1, 2020v4.2"
"/Return/ReturnData/IRS990ScheduleM/QualifiedContribOtherGrp/ContributionCnt",207,186,"2020v4.0, 2020v4.1, 2020v4.2"
"/Return/ReturnData/IRS990ScheduleM/SecuritiesCloselyHeldStockGrp/MethodOfDeterminingRevenuesTxt",207,195,"2020v4.0, 2020v4.1, 2020v4.2"
"/Return/ReturnData/IRS990ScheduleM/SecuritiesMiscellaneousGrp/NonCashCheckboxInd",207,183,"2020v4.0, 2020v4.1, 2020v4.2"
"/Return/ReturnData/IRS990ScheduleM/QualifiedContribOtherGrp/NonCashCheckboxInd",206,184,"2020v4.0, 2020v4.1, 2020v4.2"
"/Return/ReturnHeader/BusinessOfficerGrp/ForeignPhoneNum",202,188,"2020v4.0, 2020v4.1, 2020v4.2"
"/Return/ReturnData/IRS990ScheduleH/PhysicalImprvAndHousingGrp/TotalCommunityBenefitExpnsAmt",200,198,"2020v4.0, 2020v4.1, 2020v4.2"
"/Return/ReturnData/IRS990ScheduleM/SecuritiesMiscellaneousGrp/ContributionCnt",200,177,"2020v4.0, 2020v4.1, 2020v4.2"
"/Return/ReturnData/IRS990/Organization4947a1NotPFInd",199,199,"2020v4.0, 2020v4.1, 2020v4.2"
"/Return/ReturnData/IRS990ScheduleI/RecipientTable/ForeignAddress/ForeignPostalCd",195,117,"2020v4.0, 2020v4.1, 2020v4.2"
"/Return/ReturnData/IRS990EZ/CompensationOfHghstPdCntrctGrp/BusinessName",193,143,"2020v4.0, 2020v4.1, 2020v4.2"
"/Return/ReturnData/IRS990EZ/CompensationOfHghstPdCntrctGrp/BusinessName/BusinessNameLine1Txt",193,143,"2020v4.0, 2020v4.1, 2020v4.2"
"/Return/ReturnData/IRS990ScheduleI/RecipientTable/ForeignAddress/ProvinceOrStateNm",190,122,"2020v4.0, 2020v4.1, 2020v4.2"
"/Return/ReturnData/IRS990ScheduleH/CostingMethodologyUsedGrp/CostAccountingSystemInd",188,188,"2020v4.0, 2020v4.1, 2020v4.2"
"/Return/ReturnData/IRS990ScheduleG/ThirdPartyPersonNm",187,181,"2020v4.0, 2020v4.1, 2020v4.2"
"/Return/ReturnData/IRS990ScheduleM/QualifiedContribOtherGrp/MethodOfDeterminingRevenuesTxt",186,168,"2020v4.0, 2020v4.1, 2020v4.2"
"/Return/ReturnData/IRS990ScheduleM/SecuritiesMiscellaneousGrp/MethodOfDeterminingRevenuesTxt",186,164,"2020v4.0, 2020v4.1, 2020v4.2"
"/Return/ReturnData/IRS990ScheduleH/EnvironmentalImprovementsGrp/TotalCommunityBenefitExpnsAmt",185,183,"2020v4.0, 2020v4.1, 2020v4.2"
"/Return/ReturnData/IRS990ScheduleM/HistoricalArtifactsGrp/MethodOfDeterminingRevenuesTxt",185,168,"2020v4.0, 2020v4.1, 2020v4.2"
"/Return/ReturnData/IRS990ScheduleR/IdRelatedOrgTxblPartnershipGrp/DirectControllingEntityName/BusinessNameLine2Txt",183,73,"2020v4.0"
"/Return/ReturnData/IRS990/ProgSrvcAccomActy2Grp/ActivityCd",182,164,"2020v4.0, 2020v4.1"
"/Return/ReturnData/IRS990ScheduleH/Percent150Ind",181,176,"2020v4.0, 2020v4.1, 2020v4.2"
"/Return/ReturnData/IRS990ScheduleH/ResearchGrp/ActivitiesOrProgramsCnt",177,176,"2020v4.0, 2020v4.1, 2020v4.2"
"/Return/ReturnData/IRS990EZ/BooksInCareOfDetail/ForeignAddress/ForeignPostalCd",175,175,"2020v4.0, 2020v4.1, 2020v4.2"
"/Return/ReturnData/IRS990ScheduleM/HistoricalArtifactsGrp/NoncashContributionsRptF990Amt",173,158,"2020v4.0, 2020v4.1, 2020v4.2"
"/Return/ReturnHeader/PreparerPersonGrp/SSN",173,165,"2020v4.0, 2020v4.1, 2020v4.2"
"/Return/ReturnData/IRS990ScheduleM/BoatsAndPlanesGrp/NonCashCheckboxInd",172,159,"2020v4.0, 2020v4.1, 2020v4.2"
"/Return/ReturnData/IRS990ScheduleH/HealthImprovementAdvocacyGrp/ActivitiesOrProgramsCnt",171,166,"2020v4.0, 2020v4.1, 2020v4.2"
"/Return/ReturnData/IRS990ScheduleM/QualifiedContribOtherGrp/NoncashContributionsRptF990Amt",170,157,"2020v4.0, 2020v4.1, 2020v4.2"
"/Return/ReturnData/IRS990ScheduleC/MediaAdvertisementsAmt",169,150,"2020v4.0, 2020v4.1, 2020v4.2"
"/Return/ReturnData/IRS990ScheduleH/CoalitionBuildingGrp/ActivitiesOrProgramsCnt",169,166,"2020v4.0, 2020v4.1, 2020v4.2"
"/Return/ReturnData/IRS990ScheduleG/PersonsWithBooksUSAddress/AddressLine2Txt",168,164,"2020v4.0, 2020v4.1"
"/Return/ReturnData/IRS990ScheduleM/BoatsAndPlanesGrp/NoncashContributionsRptF990Amt",168,156,"2020v4.0, 2020v4.1, 2020v4.2"
"/Return/ReturnData/IRS990ScheduleH/WorkforceDevelopmentGrp/ActivitiesOrProgramsCnt",167,165,"2020v4.0, 2020v4.1, 2020v4.2"
"/Return/ReturnData/IRS990ScheduleM/BoatsAndPlanesGrp/ContributionCnt",167,156,"2020v4.0, 2020v4.1, 2020v4.2"
"/Return/ReturnData/IRS990ScheduleR/IdRelatedOrgTxblCorpTrGrp/DirectControllingEntityName/BusinessNameLine2Txt",165,106,"2020v4.0, 2020v4.1"
"/Return/ReturnData/IRS990ScheduleH/ResearchGrp/PersonsServedCnt",164,163,"2020v4.0, 2020v4.1, 2020v4.2"
"/Return/ReturnData/IRS990ScheduleH/WorkforceDevelopmentGrp/DirectOffsettingRevenueAmt",162,162,"2020v4.0, 2020v4.1, 2020v4.2"
"/Return/ReturnData/AffiliateListing",161,156,"2020v4.0, 2020v4.1, 2020v4.2"
"/Return/ReturnData/IRS990ScheduleL/DisqualifiedPersonExBnftTrGrp/TransactionDesc",156,94,"2020v4.0, 2020v4.1, 2020v4.2"
"/Return/ReturnData/IRS990ScheduleR/IdDisregardedEntitiesGrp/DisregardedEntityName/BusinessNameLine2Txt",156,102,"2020v4.0"
"/Return/ReturnData/IRS990ScheduleH/HospitalFacilitiesGrp/SubordinateHospitalEIN",155,27,"2020v4.0, 2020v4.1, 2020v4.2"
"/Return/ReturnData/IRS990ScheduleL/DisqualifiedPersonExBnftTrGrp/RlnDisqualifiedPersonOrgTxt",152,95,"2020v4.0, 2020v4.1, 2020v4.2"
"/Return/ReturnData/IRS990EZ/BooksInCareOfDetail/ForeignAddress/ProvinceOrStateNm",151,151,"2020v4.0, 2020v4.1, 2020v4.2"
"/Return/ReturnData/IRS990ScheduleH/HospitalFacilitiesGrp/SubordinateHospitalName",149,22,"2020v4.0, 2020v4.1, 2020v4.2"
"/Return/ReturnData/IRS990ScheduleH/HospitalFacilitiesGrp/SubordinateHospitalName/BusinessNameLine1Txt",149,22,"2020v4.0, 2020v4.1, 2020v4.2"
"/Return/ReturnData/IRS990ScheduleH/EconomicDevelopmentGrp/ActivitiesOrProgramsCnt",148,144,"2020v4.0, 2020v4.1, 2020v4.2"
"/Return/ReturnHeader/PreparerFirmGrp/PreparerForeignAddress/ProvinceOrStateNm",148,141,"2020v4.0, 2020v4.1, 2020v4.2"
"/Return/ReturnData/IRS990ScheduleH/CoalitionBuildingGrp/DirectOffsettingRevenueAmt",147,147,"2020v4.0, 2020v4.1, 2020v4.2"
"/Return/ReturnData/IRS990ScheduleM/ArtHistoricalTreasuresGrp/NonCashCheckboxInd",144,131,"2020v4.0, 2020v4.1, 2020v4.2"
"/Return/ReturnData/IRS990ScheduleM/BoatsAndPlanesGrp/MethodOfDeterminingRevenuesTxt",144,134,"2020v4.0, 2020v4.1, 2020v4.2"
"/Return/ReturnData/IRS990EZ/CompensationOfHghstPdCntrctGrp/PersonNm",143,93,"2020v4.0, 2020v4.1, 2020v4.2"
"/Return/ReturnData/IRS990ScheduleH/WorkforceDevelopmentGrp/PersonsServedCnt",143,142,"2020v4.0, 2020v4.1, 2020v4.2"
"/Return/ReturnData/IRS990ScheduleH/HealthImprovementAdvocacyGrp/DirectOffsettingRevenueAmt",142,141,"2020v4.0, 2020v4.1, 2020v4.2"
"/Return/ReturnData/IRS990EZ/SpecialConditionDesc",139,138,"2020v4.0, 2020v4.1"
"/Return/ReturnData/IRS990ScheduleR/IdRelatedTaxExemptOrgGrp/ForeignAddress/AddressLine2Txt",139,80,"2020v4.0"
"/Return/ReturnData/IRS990ScheduleN/LiquidationOfAssetsTableGrp/LiquidationOfAssetsDetail/USAddress/AddressLine2Txt",136,86,"2020v4.0"
"/Return/ReturnData/IRS990ScheduleG/FundraiserActivityInfoGrp/USAddress/AddressLine2Txt",135,115,"2020v4.0, 2020v4.1"
"/Return/ReturnData/IRS990ScheduleM/ArtHistoricalTreasuresGrp/ContributionCnt",135,123,"2020v4.0, 2020v4.1, 2020v4.2"
"/Return/ReturnData/IRS990ScheduleR/IdDisregardedEntitiesGrp/ForeignAddress/ProvinceOrStateNm",134,81,"2020v4.0, 2020v4.1, 2020v4.2"
"/Return/ReturnData/IRS990/ContractorCompensationGrp/ContractorAddress/ForeignAddress/AddressLine2Txt",132,66,"2020v4.0"
"/Return/ReturnData/IRS990ScheduleH/Percent250Ind",128,118,"2020v4.0, 2020v4.1, 2020v4.2"
"/Return/ReturnData/IRS990ScheduleH/CoalitionBuildingGrp/PersonsServedCnt",127,124,"2020v4.0, 2020v4.1, 2020v4.2"
"/Return/ReturnData/IRS990ScheduleR/IdRelatedOrgTxblPartnershipGrp/RelatedOrganizationName/BusinessNameLine2Txt",125,60,"2020v4.0"
"/Return/ReturnData/IRS990ScheduleL/DisqualifiedPersonExBnftTrGrp/PersonNm",124,83,"2020v4.0, 2020v4.1, 2020v4.2"
"/Return/ReturnData/IRS990ScheduleH/HealthImprovementAdvocacyGrp/PersonsServedCnt",123,118,"2020v4.0, 2020v4.1, 2020v4.2"
"/Return/ReturnData/IRS990ScheduleH/HospitalFcltyPoliciesPrctcGrp/NoEmergencyCareInd",123,108,"2020v4.0, 2020v4.1, 2020v4.2"
"/Return/ReturnData/IRS990ScheduleH/EconomicDevelopmentGrp/DirectOffsettingRevenueAmt",119,119,"2020v4.0, 2020v4.1, 2020v4.2"
"/Return/ReturnHeader/PreparerPersonGrp/ForeignPhoneNum",114,114,"2020v4.0, 2020v4.2"
"/Return/ReturnData/IRS990/ProgSrvcAccomActy3Grp/ActivityCd",109,99,"2020v4.0, 2020v4.1"
"/Return/ReturnData/IRS990ScheduleH/UnreimbursedCostsGrp/PersonsServedCnt",109,109,"2020v4.0, 2020v4.1, 2020v4.2"
"/Return/ReturnData/IRS990ScheduleH/PhysicalImprvAndHousingGrp/DirectOffsettingRevenueAmt",107,105,"2020v4.0, 2020v4.1, 2020v4.2"
"/Return/ReturnData/IRS990ScheduleH/OtherCommuntityBuildingActyGrp/DirectOffsettingRevenueAmt",106,105,"2020v4.0, 2020v4.1, 2020v4.2"
"/Return/ReturnData/IRS990ScheduleM/ArtHistoricalTreasuresGrp/NoncashContributionsRptF990Amt",105,96,"2020v4.0, 2020v4.1, 2020v4.2"
"/Return/ReturnData/IRS990ScheduleH/FinancialAssistanceAtCostTyp/ActivitiesOrProgramsCnt",104,101,"2020v4.0, 2020v4.1, 2020v4.2"
"/Return/ReturnHeader/FilingSecurityInformation",104,104,"2020v4.0, 2020v4.1"
"/Return/ReturnHeader/FilingSecurityInformation/IPAddress",104,104,"2020v4.0, 2020v4.1"
"/Return/ReturnData/IRS990ScheduleH/UnreimbursedMedicaidGrp/ActivitiesOrProgramsCnt",103,101,"2020v4.0, 2020v4.1, 2020v4.2"
"/Return/ReturnHeader/FilingSecurityInformation/IPAddress/IPv4AddressTxt",103,103,"2020v4.0, 2020v4.1"
"/Return/ReturnData/IRS990ScheduleH/LeadershipDevelopmentGrp/DirectOffsettingRevenueAmt",102,102,"2020v4.0, 2020v4.1, 2020v4.2"
"/Return/ReturnData/IRS990ScheduleM/ArtHistoricalTreasuresGrp/MethodOfDeterminingRevenuesTxt",102,94,"2020v4.0, 2020v4.1, 2020v4.2"
"/Return/ReturnData/IRS990ScheduleH/EnvironmentalImprovementsGrp/DirectOffsettingRevenueAmt",100,100,"2020v4.0, 2020v4.1, 2020v4.2"
"/Return/ReturnData/IRS990ScheduleH/HospitalFcltyPoliciesPrctcGrp/PermitReportToCreditAgencyInd",100,83,"2020v4.0, 2020v4.1, 2020v4.2"
"/Return/ReturnHeader/FilingSecurityInformation/AtSubmissionCreationDeviceId",99,99,"2020v4.0, 2020v4.1"
"/Return/ReturnHeader/FilingSecurityInformation/AtSubmissionFilingDeviceId",99,99,"2020v4.0, 2020v4.1"
"/Return/ReturnHeader/FilingSecurityInformation/FilingLicenseTypeCd",97,97,"2020v4.0, 2020v4.1"
"/Return/ReturnData/IRS990ScheduleG/FundraiserActivityInfoGrp/ForeignAddress",96,66,"2020v4.0, 2020v4.1, 2020v4.2"
"/Return/ReturnData/IRS990ScheduleG/FundraiserActivityInfoGrp/ForeignAddress/AddressLine1Txt",96,66,"2020v4.0, 2020v4.1, 2020v4.2"
"/Return/ReturnData/IRS990ScheduleG/FundraiserActivityInfoGrp/ForeignAddress/CountryCd",96,66,"2020v4.0, 2020v4.1, 2020v4.2"
"/Return/ReturnHeader/FilingSecurityInformation/IPDt",95,95,"2020v4.0, 2020v4.1"
"/Return/ReturnData/IRS990/ForeignAddress/AddressLine2Txt",94,83,"2020v4.0, 2020v4.1, 2020v4.2"
"/Return/ReturnData/IRS990ScheduleG/FundraiserActivityInfoGrp/ForeignAddress/CityNm",92,63,"2020v4.0, 2020v4.1, 2020v4.2"
"/Return/ReturnData/IRS990ScheduleH/LeadershipDevelopmentGrp/ActivitiesOrProgramsCnt",92,89,"2020v4.0, 2020v4.1, 2020v4.2"
"/Return/ReturnData/IRS990ScheduleH/EconomicDevelopmentGrp/PersonsServedCnt",90,89,"2020v4.0, 2020v4.1, 2020v4.2"
"/Return/ReturnHeader/FilingSecurityInformation/IPTm",90,90,"2020v4.0, 2020v4.1"
"/Return/ReturnData/IRS990ScheduleH/LeadershipDevelopmentGrp/PersonsServedCnt",89,86,"2020v4.0, 2020v4.1, 2020v4.2"
"/Return/ReturnHeader/FilingSecurityInformation/TotalPreparationSubmissionTs",89,89,"2020v4.0, 2020v4.1"
"/Return/ReturnData/IRS990ScheduleH/Percent350Ind",86,84,"2020v4.0, 2020v4.1, 2020v4.2"
"/Return/ReturnData/IRS990ScheduleM/IntellectualPropertyGrp/NonCashCheckboxInd",81,74,"2020v4.0, 2020v4.1, 2020v4.2"
"/Return/ReturnHeader/FilingSecurityInformation/TotActiveTimePrepSubmissionTs",80,80,"2020v4.0, 2020v4.1"
"/Return/ReturnData/IRS990/BooksInCareOfDetail/ForeignAddress/AddressLine2Txt",78,70,"2020v4.0"
"/Return/ReturnData/IRS990ScheduleC/Section527PoliticalOrgGrp/USAddress/AddressLine2Txt",77,49,"2020v4.0"
"/Return/ReturnHeader/FilingSecurityInformation/IPTimezoneCd",77,77,"2020v4.0, 2020v4.1"
"/Return/ReturnData/IRS990ScheduleH/OtherCommuntityBuildingActyGrp/ActivitiesOrProgramsCnt",76,74,"2020v4.0, 2020v4.1, 2020v4.2"
"/Return/ReturnData/IRS990ScheduleM/IntellectualPropertyGrp/ContributionCnt",76,70,"2020v4.0, 2020v4.1, 2020v4.2"
"/Return/ReturnData/IRS990ScheduleM/IntellectualPropertyGrp/NoncashContributionsRptF990Amt",76,70,"2020v4.0, 2020v4.1, 2020v4.2"
"/Return/ReturnData/IRS990ScheduleH/PhysicalImprvAndHousingGrp/ActivitiesOrProgramsCnt",74,73,"2020v4.0, 2020v4.1, 2020v4.2"
"/Return/ReturnData/IRS990ScheduleR/UnrelatedOrgTxblPartnershipGrp/UBICodeVAmt",74,43,"2020v4.0, 2020v4.1, 2020v4.2"
"/Return/ReturnData/AffiliateListing/AffiliateListingGrp/USAddress/AddressLine2Txt",73,14,"2020v4.0, 2020v4.1, 2020v4.2"
"/Return/ReturnData/IRS990ScheduleG/FundraiserActivityInfoGrp/ForeignAddress/ForeignPostalCd",73,50,"2020v4.0, 2020v4.1, 2020v4.2"
"/Return/ReturnData/IRS990ScheduleH/EnvironmentalImprovementsGrp/ActivitiesOrProgramsCnt",73,72,"2020v4.0, 2020v4.1, 2020v4.2"
"/Return/ReturnData/IRS990ScheduleH/PhysicalImprvAndHousingGrp/PersonsServedCnt",73,71,"2020v4.0, 2020v4.1, 2020v4.2"
"/Return/ReturnData/IRS990ScheduleH/HospitalFacilitiesGrp/EmergencyRoomOtherInd",72,62,"2020v4.0, 2020v4.1, 2020v4.2"
"/Return/ReturnData/IRS990ScheduleN/LiquidationOfAssetsTableGrp/LiquidationOfAssetsDetail/BusinessName/BusinessNameLine2Txt",72,39,"2020v4.0"
"/Return/ReturnData/IRS990ScheduleR/IdRelatedOrgTxblPartnershipGrp/ForeignAddress/AddressLine2Txt",72,18,"2020v4.0"
"/Return/ReturnData/IRS990ScheduleH/MostHospitalsPolicyInd",71,68,"2020v4.0, 2020v4.1, 2020v4.2"
"/Return/ReturnHeader/AdditionalFilerInformation/TrustedCustomerGrp/ProfileUserNameChangeInd",71,69,"2020v4.0"
"/Return/ReturnData/CompensationExplanation/CompensationExplanationGrp/BusinessName",70,43,"2020v4.0, 2020v4.1, 2020v4.2"
"/Return/ReturnData/CompensationExplanation/CompensationExplanationGrp/BusinessName/BusinessNameLine1Txt",70,43,"2020v4.0, 2020v4.1, 2020v4.2"
"/Return/ReturnData/IRS990ScheduleH/OtherCommuntityBuildingActyGrp/PersonsServedCnt",69,67,"2020v4.0, 2020v4.1, 2020v4.2"
"/Return/ReturnData/IRS990ScheduleH/EnvironmentalImprovementsGrp/PersonsServedCnt",65,65,"2020v4.0, 2020v4.1, 2020v4.2"
"/Return/ReturnData/IRS990ScheduleH/HospitalFcltyPoliciesPrctcGrp/NoneMadeInd",65,61,"2020v4.0, 2020v4.1, 2020v4.2"
"/Return/ReturnData/IRS990ScheduleM/IntellectualPropertyGrp/MethodOfDeterminingRevenuesTxt",65,61,"2020v4.0, 2020v4.1, 2020v4.2"
"/Return/ReturnData/IRS990ScheduleL/LoansBtwnOrgInterestedPrsnGrp/BusinessName/BusinessNameLine2Txt",64,49,"2020v4.0"
"/Return/ReturnHeader/PreparerFirmGrp/PreparerFirmName/BusinessNameLine2Txt",59,54,"2020v4.0, 2020v4.1"
"/Return/ReturnData/IRS990ScheduleH/HospitalFcltyPoliciesPrctcGrp/ReportingToCreditAgencyInd",58,46,"2020v4.0, 2020v4.1, 2020v4.2"
"/Return/ReturnHeader/FilingSecurityInformation/VendorControlNum",58,58,"2020v4.0, 2020v4.1"
"/Return/ReturnData/IRS990ScheduleH/HospitalFcltyPoliciesPrctcGrp/PermitLegalJudicialProcessInd",56,47,"2020v4.0, 2020v4.1, 2020v4.2"
"/Return/ReturnData/IRS990ScheduleH/UnreimbursedCostsGrp/ActivitiesOrProgramsCnt",56,56,"2020v4.0, 2020v4.1, 2020v4.2"
"/Return/ReturnData/IRS990ScheduleG/PersonsWithBooksName/BusinessNameLine2Txt",55,52,"2020v4.0"
"/Return/ReturnData/IRS990ScheduleN/DispositionOfAssetsDetail/BusinessName/BusinessNameLine2Txt",55,32,"2020v4.0"
"/Return/ReturnData/IRS990ScheduleN/DispositionOfAssetsDetail/USAddress/AddressLine2Txt",55,38,"2020v4.0"
"/Return/ReturnData/IRS990ScheduleM/ScientificSpecimensGrp/NonCashCheckboxInd",51,43,"2020v4.0, 2020v4.1, 2020v4.2"
"/Return/ReturnData/IRS990ScheduleG/FundraiserActivityInfoGrp/ForeignAddress/ProvinceOrStateNm",50,37,"2020v4.0, 2020v4.1, 2020v4.2"
"/Return/ReturnData/IRS990ScheduleM/ScientificSpecimensGrp/ContributionCnt",48,41,"2020v4.0, 2020v4.1, 2020v4.2"
"/Return/ReturnData/IRS990/ProgSrvcAccomActyOtherGrp/ActivityCd",47,28,"2020v4.0, 2020v4.1"
"/Return/ReturnData/IRS990ScheduleH/OthHlthCareFcltsNotHospitalGrp/OthHlthCareFcltsGrp/BusinessName/BusinessNameLine2Txt",47,12,"2020v4.0"
"/Return/ReturnData/IRS990ScheduleL/TaxImposedAmt",47,44,"2020v4.0, 2020v4.1, 2020v4.2"
"/Return/ReturnData/IRS990EZ/Organization4947a1NotPFInd",46,45,"2020v4.0, 2020v4.1, 2020v4.2"
"/Return/ReturnData/IRS990ScheduleK/TaxExemptBondsArbitrageGrp/GICProviderName/BusinessNameLine2Txt",43,32,"2020v4.0, 2020v4.1, 2020v4.2"
"/Return/ReturnData/IRS990ScheduleM/ScientificSpecimensGrp/NoncashContributionsRptF990Amt",43,35,"2020v4.0, 2020v4.1, 2020v4.2"
"/Return/ReturnData/EmployeeCompensationExpln",41,40,"2020v4.0, 2020v4.1"
"/Return/ReturnData/IRS990ScheduleN/DispositionOfAssetsDetail/ForeignAddress",40,24,"2020v4.0, 2020v4.1, 2020v4.2"
"/Return/ReturnData/IRS990ScheduleN/DispositionOfAssetsDetail/ForeignAddress/AddressLine1Txt",40,24,"2020v4.0, 2020v4.1, 2020v4.2"
"/Return/ReturnData/IRS990ScheduleN/DispositionOfAssetsDetail/ForeignAddress/CountryCd",40,24,"2020v4.0, 2020v4.1, 2020v4.2"
"/Return/ReturnData/IRS990ScheduleH/HospitalFcltyPoliciesPrctcGrp/PermitOtherActionsInd",37,30,"2020v4.0, 2020v4.1, 2020v4.2"
"/Return/ReturnData/IRS990ScheduleN/LiquidationOfAssetsTableGrp/LiquidationOfAssetsDetail/ForeignAddress",37,18,"2020v4.0, 2020v4.1, 2020v4.2"
"/Return/ReturnData/IRS990ScheduleN/LiquidationOfAssetsTableGrp/LiquidationOfAssetsDetail/ForeignAddress/AddressLine1Txt",37,18,"2020v4.0, 2020v4.1, 2020v4.2"
"/Return/ReturnData/IRS990ScheduleN/LiquidationOfAssetsTableGrp/LiquidationOfAssetsDetail/ForeignAddress/CountryCd",37,18,"2020v4.0, 2020v4.1, 2020v4.2"
"/Return/ReturnHeader/FilingSecurityInformation/FederalOriginalSubmissionId",37,37,"2020v4.0, 2020v4.1"
"/Return/ReturnData/IRS990ScheduleN/LiquidationOfAssetsTableGrp/LiquidationOfAssetsDetail/ForeignAddress/CityNm",36,17,"2020v4.0, 2020v4.1, 2020v4.2"
"/Return/ReturnHeader/FilingSecurityInformation/FederalOriginalSubmissionIdDt",36,36,"2020v4.0, 2020v4.1"
"/Return/ReturnData/IRS990ScheduleA/AgriculturalNameAndAddressGrp",35,29,"2020v4.0, 2020v4.1, 2020v4.2"
"/Return/ReturnData/IRS990ScheduleA/AgriculturalNameAndAddressGrp/CityNm",35,29,"2020v4.0, 2020v4.1, 2020v4.2"
"/Return/ReturnData/IRS990ScheduleA/AgriculturalNameAndAddressGrp/CollegeUniversityName",35,29,"2020v4.0, 2020v4.1, 2020v4.2"
"/Return/ReturnData/IRS990ScheduleA/AgriculturalNameAndAddressGrp/CollegeUniversityName/BusinessNameLine1Txt",35,29,"2020v4.0, 2020v4.1, 2020v4.2"
"/Return/ReturnData/IRS990ScheduleA/AgriculturalNameAndAddressGrp/StateAbbreviationCd",35,29,"2020v4.0, 2020v4.1, 2020v4.2"
"/Return/ReturnData/IRS990ScheduleM/ScientificSpecimensGrp/MethodOfDeterminingRevenuesTxt",35,29,"2020v4.0, 2020v4.1, 2020v4.2"
"/Return/ReturnData/IRS990ScheduleN/DispositionOfAssetsDetail/ForeignAddress/CityNm",35,19,"2020v4.0, 2020v4.1, 2020v4.2"
"/Return/ReturnData/IRS990ScheduleL/DisqualifiedPersonExBnftTrGrp/BusinessName",33,18,"2020v4.0, 2020v4.1, 2020v4.2"
"/Return/ReturnData/IRS990ScheduleL/DisqualifiedPersonExBnftTrGrp/BusinessName/BusinessNameLine1Txt",33,18,"2020v4.0, 2020v4.1, 2020v4.2"
"/Return/ReturnData/IRS990ScheduleC/LimitedControlProvisionsAppInd",32,31,"2020v4.0, 2020v4.1, 2020v4.2"
"/Return/ReturnData/IRS990ScheduleL/TaxReimbursedAmt",32,30,"2020v4.0, 2020v4.1, 2020v4.2"
"/Return/ReturnData/IRS990ScheduleA/AgriculturalResearchOrgInd",31,29,"2020v4.0, 2020v4.1, 2020v4.2"
"/Return/ReturnData/IRS990ScheduleG/ExplanationIfYesTxt",31,31,"2020v4.0, 2020v4.1, 2020v4.2"
"/Return/ReturnData/IRS990ScheduleH/HospitalFcltyPoliciesPrctcGrp/OtherReasonInd",30,23,"2020v4.0, 2020v4.1, 2020v4.2"
"/Return/ReturnData/IRS990ScheduleA/DistributableAmountGrp/FirstYearType3NonFuncInd",26,26,"2020v4.0, 2020v4.1, 2020v4.2"
"/Return/ReturnData/IRS990ScheduleI/RecipientTable/ForeignAddress/AddressLine2Txt",26,22,"2020v4.0, 2020v4.1, 2020v4.2"
"/Return/ReturnHeader/FilingSecurityInformation/AuthenticationReviewTxt",26,26,"2020v4.0, 2020v4.1"
"/Return/ReturnData/AffiliatedGroupAttachment",25,23,"2020v4.1, 2020v4.2"
"/Return/ReturnData/AffiliatedGroupAttachment/MeduimExplanationTxt",25,23,"2020v4.1, 2020v4.2"
"/Return/ReturnData/IRS990EZ/BooksInCareOfDetail/ForeignAddress/AddressLine2Txt",25,25,"2020v4.0, 2020v4.1, 2020v4.2"
"/Return/ReturnData/IRS990ScheduleH/HospitalFacilitiesGrp/BusinessName/BusinessNameLine2Txt",25,20,"2020v4.0"
"/Return/ReturnData/EmployeeCompensationExpln/EmployeeCompExplanationGrp",24,14,"2020v4.0, 2020v4.1"
"/Return/ReturnData/EmployeeCompensationExpln/EmployeeCompExplanationGrp/EmployeeNm",24,14,"2020v4.0, 2020v4.1"
"/Return/ReturnData/IRS990ScheduleM/ArchaeologicalArtifactsGrp/NonCashCheckboxInd",23,21,"2020v4.0, 2020v4.1, 2020v4.2"
"/Return/ReturnHeader/AdditionalFilerInformation/TrustedCustomerGrp/ProfileCellPhoneNumChangeInd",23,23,"2020v4.0"
"/Return/ReturnData/IRS990ScheduleM/ArchaeologicalArtifactsGrp/ContributionCnt",22,21,"2020v4.0, 2020v4.1, 2020v4.2"
"/Return/ReturnData/IRS990ScheduleN/LiquidationOfAssetsTableGrp/LiquidationOfAssetsDetail/ForeignAddress/ForeignPostalCd",22,8,"2020v4.0, 2020v4.1, 2020v4.2"
"/Return/ReturnData/IRS990EZ/NECTFilingForm990Ind",21,21,"2020v4.0, 2020v4.1, 2020v4.2"
"/Return/ReturnData/IRS990ScheduleG/FundraiserActivityInfoGrp/OrganizationBusinessName/BusinessNameLine2Txt",21,20,"2020v4.0, 2020v4.1"
"/Return/ReturnHeader/PreparerFirmGrp/PreparerForeignAddress/AddressLine2Txt",21,20,"2020v4.0, 2020v4.2"
"/Return/ReturnData/IRS990ScheduleH/HospitalFcltyPoliciesPrctcGrp/HospitalFacilityName/BusinessNameLine2Txt",20,18,"2020v4.0"
"/Return/ReturnData/IRS990ScheduleC/Section527PoliticalOrgGrp/ForeignAddress",19,2,"2020v4.1, 2020v4.2"
"/Return/ReturnData/IRS990ScheduleC/Section527PoliticalOrgGrp/ForeignAddress/AddressLine1Txt",19,2,"2020v4.1, 2020v4.2"
"/Return/ReturnData/IRS990ScheduleC/Section527PoliticalOrgGrp/ForeignAddress/CountryCd",19,2,"2020v4.1, 2020v4.2"
"/Return/ReturnData/IRS990ScheduleC/Section527PoliticalOrgGrp/ForeignAddress/ForeignPostalCd",19,2,"2020v4.1, 2020v4.2"
"/Return/ReturnData/IRS990ScheduleH/HospitalFcltyPoliciesPrctcGrp/EngagedLegalJudicialProcessInd",19,17,"2020v4.0, 2020v4.1, 2020v4.2"
"/Return/ReturnData/IRS990ScheduleH/HospitalFcltyPoliciesPrctcGrp/OtherActionsInd",19,14,"2020v4.0, 2020v4.1, 2020v4.2"
"/Return/ReturnData/EmployeeCompensationExpln/EmployeeCompExplanationGrp/ExplanationTxt",17,11,"2020v4.1"
"/Return/ReturnData/IRS990ScheduleA/HospitalNameAndAddressGrp/CountryCd",17,13,"2020v4.0, 2020v4.1, 2020v4.2"
"/Return/ReturnData/IRS990ScheduleC/Section527PoliticalOrgGrp/ForeignAddress/ProvinceOrStateNm",17,2,"2020v4.1, 2020v4.2"
"/Return/ReturnData/IRS990ScheduleH/HospitalFacilitiesGrp/USAddress/AddressLine2Txt",17,16,"2020v4.0, 2020v4.1, 2020v4.2"
"/Return/ReturnData/IRS990ScheduleH/HospitalFcltyPoliciesPrctcGrp/PermitSellingDebtInd",16,13,"2020v4.0, 2020v4.1, 2020v4.2"
"/Return/ReturnData/IRS990ScheduleJ/RltdOrgOfficerTrstKeyEmplGrp/BusinessName/BusinessNameLine2Txt",16,9,"2020v4.0"
"/Return/ReturnData/IRS990ScheduleM/ArchaeologicalArtifactsGrp/NoncashContributionsRptF990Amt",16,15,"2020v4.0, 2020v4.1, 2020v4.2"
"/Return/ReturnData/IRS990ScheduleA/HospitalNameAndAddressGrp/SupportedOrganizationName/BusinessNameLine2Txt",15,15,"2020v4.0"
"/Return/ReturnData/IRS990ScheduleG/GamingManagerBusinessName/BusinessNameLine2Txt",15,15,"2020v4.0"
"/Return/ReturnData/IRS990ScheduleN/DispositionOfAssetsDetail/ForeignAddress/ProvinceOrStateNm",15,12,"2020v4.0, 2020v4.1, 2020v4.2"
"/Return/ReturnData/IRS990ScheduleH/IndivHospitalTailoredPolicyInd",13,13,"2020v4.0, 2020v4.1, 2020v4.2"
"/Return/ReturnData/IRS990ScheduleM/ArtFractionalInterestGrp/NonCashCheckboxInd",13,11,"2020v4.0, 2020v4.1, 2020v4.2"
"/Return/ReturnData/IRS990ScheduleN/DispositionOfAssetsDetail/ForeignAddress/ForeignPostalCd",13,11,"2020v4.0, 2020v4.1, 2020v4.2"
"/Return/ReturnData/IRS990ScheduleN/LiquidationOfAssetsTableGrp/LiquidationOfAssetsDetail/ForeignAddress/ProvinceOrStateNm",13,7,"2020v4.0, 2020v4.1"
"/irs:Return/irs:ReturnData/irs:IRS990ScheduleO/irs:SupplementalInformationDetail",13,2,"2020v4.1"
"/irs:Return/irs:ReturnData/irs:IRS990ScheduleO/irs:SupplementalInformationDetail/irs:ExplanationTxt",13,2,"2020v4.1"
"/irs:Return/irs:ReturnData/irs:IRS990ScheduleO/irs:SupplementalInformationDetail/irs:FormAndLineReferenceDesc",13,2,"2020v4.1"
"/Return/ReturnData/AffiliatedGroupSchedule/AffiliatedScheduleGrp/USAddress/AddressLine2Txt",12,5,"2020v4.0, 2020v4.1, 2020v4.2"
"/Return/ReturnData/IRS990ScheduleM/ArtFractionalInterestGrp/ContributionCnt",11,10,"2020v4.0, 2020v4.1, 2020v4.2"
"/Return/ReturnData/IRS990ScheduleM/TaxidermyGrp/NonCashCheckboxInd",10,9,"2020v4.0, 2020v4.1, 2020v4.2"
"/Return/ReturnData/IRS990ScheduleM/TaxidermyGrp/NoncashContributionsRptF990Amt",10,9,"2020v4.0, 2020v4.1, 2020v4.2"
"/Return/ReturnData/IRS990ScheduleG/PersonsWithBooksForeignAddress",9,8,"2020v4.0, 2020v4.1"
"/Return/ReturnData/IRS990ScheduleG/PersonsWithBooksForeignAddress/AddressLine1Txt",9,8,"2020v4.0, 2020v4.1"
"/Return/ReturnData/IRS990ScheduleG/PersonsWithBooksForeignAddress/CityNm",9,8,"2020v4.0, 2020v4.1"
"/Return/ReturnData/IRS990ScheduleG/PersonsWithBooksForeignAddress/CountryCd",9,8,"2020v4.0, 2020v4.1"
"/Return/ReturnData/IRS990ScheduleG/ThirdPartyBusinessName/BusinessNameLine2Txt",9,8,"2020v4.0"
"/Return/ReturnData/IRS990ScheduleH/HospitalFcltyPoliciesPrctcGrp/Form4720FiledInd",9,9,"2020v4.0, 2020v4.1, 2020v4.2"
"/Return/ReturnData/IRS990ScheduleH/HospitalFcltyPoliciesPrctcGrp/PermitDeferDenyRqrPaymentInd",9,7,"2020v4.0, 2020v4.2"
"/Return/ReturnData/IRS990ScheduleL/GrntAsstBnftInterestedPrsnGrp/BusinessName/BusinessNameLine2Txt",9,4,"2020v4.0"
"/Return/ReturnData/IRS990ScheduleM/ArchaeologicalArtifactsGrp/MethodOfDeterminingRevenuesTxt",9,9,"2020v4.0, 2020v4.1, 2020v4.2"
"/Return/ReturnData/IRS990ScheduleM/ArtFractionalInterestGrp/MethodOfDeterminingRevenuesTxt",9,9,"2020v4.0, 2020v4.1, 2020v4.2"
"/Return/ReturnData/IRS990ScheduleM/ArtFractionalInterestGrp/NoncashContributionsRptF990Amt",9,8,"2020v4.0, 2020v4.1, 2020v4.2"
"/Return/ReturnData/IRS990ScheduleM/QualifiedContribHistStructGrp/NonCashCheckboxInd",9,8,"2020v4.0, 2020v4.1, 2020v4.2"
"/Return/ReturnData/IRS990ScheduleM/TaxidermyGrp/ContributionCnt",9,9,"2020v4.0, 2020v4.1, 2020v4.2"
"/Return/ReturnData/IRS990ScheduleM/TaxidermyGrp/MethodOfDeterminingRevenuesTxt",9,9,"2020v4.0, 2020v4.1, 2020v4.2"
"/Return/ReturnHeader/AdditionalFilerInformation/TrustedCustomerGrp/PaymentDeclinedReasonCd",9,9,"2020v4.0, 2020v4.1"
"/Return/ReturnData/IRS990ScheduleC/Tax4912Amt",8,7,"2020v4.0, 2020v4.1"
"/Return/ReturnData/IRS990ScheduleG/PersonsWithBooksForeignAddress/ProvinceOrStateNm",8,7,"2020v4.0, 2020v4.1"
"/Return/ReturnData/IRS990ScheduleG/ThirdPartyUSAddress/AddressLine2Txt",8,7,"2020v4.0"
"/Return/ReturnData/IRS990ScheduleH/HospitalFcltyPoliciesPrctcGrp/EngagedSellingDebtInd",8,6,"2020v4.0, 2020v4.2"
"/Return/ReturnData/IRS990ScheduleM/QualifiedContribHistStructGrp/ContributionCnt",8,8,"2020v4.0, 2020v4.1, 2020v4.2"
"/Return/ReturnData/IRS990ScheduleR/UnrelatedOrgTxblPartnershipGrp/USAddress/AddressLine2Txt",8,4,"2020v4.0"
"/Return/ReturnData/IRS990ScheduleH/HospitalFcltyPoliciesPrctcGrp/EngageDeferDenyRqrPaymentInd",7,5,"2020v4.0, 2020v4.2"
"/Return/ReturnData/IRS990ScheduleM/QualifiedContribHistStructGrp/NoncashContributionsRptF990Amt",7,6,"2020v4.0, 2020v4.1, 2020v4.2"
"/Return/ReturnData/IRS990ScheduleR/IdDisregardedEntitiesGrp/ForeignAddress/AddressLine2Txt",7,5,"2020v4.0"
"/Return/ReturnData/IRS990EZ/CompensationOfHghstPdCntrctGrp/ForeignAddress",6,4,"2020v4.0"
"/Return/ReturnData/IRS990EZ/CompensationOfHghstPdCntrctGrp/ForeignAddress/AddressLine1Txt",6,4,"2020v4.0"
"/Return/ReturnData/IRS990EZ/CompensationOfHghstPdCntrctGrp/ForeignAddress/CityNm",6,4,"2020v4.0"
"/Return/ReturnData/IRS990EZ/CompensationOfHghstPdCntrctGrp/ForeignAddress/CountryCd",6,4,"2020v4.0"
"/Return/ReturnData/IRS990ScheduleG/FundraiserActivityInfoGrp/ForeignAddress/AddressLine2Txt",6,4,"2020v4.0"
"/Return/ReturnData/IRS990ScheduleG/PersonsWithBooksForeignAddress/ForeignPostalCd",6,5,"2020v4.0"
"/Return/ReturnData/IRS990ScheduleG/ThirdPartyForeignAddress",6,5,"2020v4.0, 2020v4.1, 2020v4.2"
"/Return/ReturnData/IRS990ScheduleG/ThirdPartyForeignAddress/AddressLine1Txt",6,5,"2020v4.0, 2020v4.1, 2020v4.2"
"/Return/ReturnData/IRS990ScheduleG/ThirdPartyForeignAddress/CityNm",6,5,"2020v4.0, 2020v4.1, 2020v4.2"
"/Return/ReturnData/IRS990ScheduleG/ThirdPartyForeignAddress/CountryCd",6,5,"2020v4.0, 2020v4.1, 2020v4.2"
"/Return/ReturnData/IRS990ScheduleH/HospitalFcltyPoliciesPrctcGrp/ExciseReportForm4720ForAllAmt",6,6,"2020v4.0, 2020v4.1, 2020v4.2"
"/Return/ReturnData/IRS990ScheduleM/QualifiedContribHistStructGrp/MethodOfDeterminingRevenuesTxt",6,6,"2020v4.0, 2020v4.1, 2020v4.2"
"/Return/ReturnData/IRS990EZ/CompensationOfHghstPdCntrctGrp/USAddress/AddressLine2Txt",5,4,"2020v4.0"
"/Return/ReturnData/IRS990ScheduleC/Managers4912TaxAmt",5,5,"2020v4.0, 2020v4.1"
"/Return/ReturnData/IRS990ScheduleG/ThirdPartyForeignAddress/ProvinceOrStateNm",5,4,"2020v4.0, 2020v4.1, 2020v4.2"
"/Return/ReturnData/IRS990ScheduleR/UnrelatedOrgTxblPartnershipGrp/ForeignAddress",5,2,"2020v4.0"
"/Return/ReturnData/IRS990ScheduleR/UnrelatedOrgTxblPartnershipGrp/ForeignAddress/AddressLine1Txt",5,2,"2020v4.0"
"/Return/ReturnData/IRS990ScheduleR/UnrelatedOrgTxblPartnershipGrp/ForeignAddress/CountryCd",5,2,"2020v4.0"
"/Return/ReturnData/IRS990ScheduleR/UnrelatedOrgTxblPartnershipGrp/ForeignAddress/ForeignPostalCd",5,2,"2020v4.0"
"/Return/ReturnData/IRS990ScheduleR/UnrelatedOrgTxblPartnershipGrp/ForeignAddress/ProvinceOrStateNm",5,2,"2020v4.0"
"/Return/ReturnData/IRS990ScheduleR/UnrelatedOrgTxblPartnershipGrp/LegalDomicileForeignCountryCd",5,2,"2020v4.0"
"/Return/ReturnHeader/FilingSecurityInformation/AuthenticationReviewCd",5,5,"2020v4.0"
"/Return/ReturnData/IRS990EZ/CompensationOfHghstPdCntrctGrp/ForeignAddress/ProvinceOrStateNm",4,4,"2020v4.0"
"/Return/ReturnData/IRS990ScheduleA/AgriculturalNameAndAddressGrp/CollegeUniversityName/BusinessNameLine2Txt",4,3,"2020v4.0"
"/Return/ReturnData/IRS990ScheduleG/ThirdPartyForeignAddress/ForeignPostalCd",4,3,"2020v4.0, 2020v4.1"
"/Return/ReturnData/IRS990ScheduleR/UnrelatedOrgTxblPartnershipGrp/ForeignAddress/CityNm",4,1,"2020v4.0"
"/irs:Return/irs:ReturnData/irs:IRS990/irs:OtherExpensesGrp",4,1,"2020v4.1"
"/irs:Return/irs:ReturnData/irs:IRS990/irs:OtherExpensesGrp/irs:Desc",4,1,"2020v4.1"
"/irs:Return/irs:ReturnData/irs:IRS990/irs:OtherExpensesGrp/irs:TotalAmt",4,1,"2020v4.1"
"/irs:Return/irs:ReturnData/irs:IRS990EZ/irs:OfficerDirectorTrusteeEmplGrp",4,1,"2020v4.1"
"/irs:Return/irs:ReturnData/irs:IRS990EZ/irs:OfficerDirectorTrusteeEmplGrp/irs:AverageHrsPerWkDevotedToPosRt",4,1,"2020v4.1"
"/irs:Return/irs:ReturnData/irs:IRS990EZ/irs:OfficerDirectorTrusteeEmplGrp/irs:CompensationAmt",4,1,"2020v4.1"
"/irs:Return/irs:ReturnData/irs:IRS990EZ/irs:OfficerDirectorTrusteeEmplGrp/irs:PersonNm",4,1,"2020v4.1"
"/irs:Return/irs:ReturnData/irs:IRS990EZ/irs:OfficerDirectorTrusteeEmplGrp/irs:TitleTxt",4,1,"2020v4.1"
"/Return/ReturnData/AffiliatedGroupSchedule/AffiliatedScheduleGrp/BusinessName/BusinessNameLine2Txt",3,3,"2020v4.0"
"/Return/ReturnData/IRS990EZ/CompensationOfHghstPdCntrctGrp/ForeignAddress/ForeignPostalCd",3,3,"2020v4.0"
"/Return/ReturnData/IRS990ScheduleG/PersonsWithBooksForeignAddress/AddressLine2Txt",3,3,"2020v4.0"
"/Return/ReturnData/IRS990ScheduleH/HospitalFcltyPoliciesPrctcGrp/NoEmergencyCarePolicyInd",3,3,"2020v4.0, 2020v4.1, 2020v4.2"
"/Return/ReturnData/IRS990ScheduleN/DispositionOfAssetsDetail/ForeignAddress/AddressLine2Txt",3,1,"2020v4.0"
"/Return/ReturnData/IRS990ScheduleH/ManagementCoAndJntVenturesGrp/EntityName/BusinessNameLine2Txt",2,2,"2020v4.0"
"/irs:Return",2,2,"2020v4.1"
"/irs:Return/irs:ReturnData",2,2,"2020v4.1"
"/irs:Return/irs:ReturnData/irs:IRS990ScheduleA",2,2,"2020v4.1"
"/irs:Return/irs:ReturnData/irs:IRS990ScheduleA/irs:GiftsGrantsContriRcvd170Grp",2,2,"2020v4.1"
"/irs:Return/irs:ReturnData/irs:IRS990ScheduleA/irs:GiftsGrantsContriRcvd170Grp/irs:CurrentTaxYearAmt",2,2,"2020v4.1"
"/irs:Return/irs:ReturnData/irs:IRS990ScheduleA/irs:GiftsGrantsContriRcvd170Grp/irs:CurrentTaxYearMinus1YearAmt",2,2,"2020v4.1"
"/irs:Return/irs:ReturnData/irs:IRS990ScheduleA/irs:GiftsGrantsContriRcvd170Grp/irs:CurrentTaxYearMinus2YearsAmt",2,2,"2020v4.1"
"/irs:Return/irs:ReturnData/irs:IRS990ScheduleA/irs:GiftsGrantsContriRcvd170Grp/irs:TotalAmt",2,2,"2020v4.1"
"/irs:Return/irs:ReturnData/irs:IRS990ScheduleA/irs:PublicOrganization170Ind",2,2,"2020v4.1"
"/irs:Return/irs:ReturnData/irs:IRS990ScheduleA/irs:PublicSupportCY170Pct",2,2,"2020v4.1"
"/irs:Return/irs:ReturnData/irs:IRS990ScheduleA/irs:PublicSupportPY170Pct",2,2,"2020v4.1"
"/irs:Return/irs:ReturnData/irs:IRS990ScheduleA/irs:PublicSupportTotal170Amt",2,2,"2020v4.1"
"/irs:Return/irs:ReturnData/irs:IRS990ScheduleA/irs:ThirtyThrPctSuprtTestsCY170Ind",2,2,"2020v4.1"
"/irs:Return/irs:ReturnData/irs:IRS990ScheduleA/irs:TotalCalendarYear170Grp",2,2,"2020v4.1"
"/irs:Return/irs:ReturnData/irs:IRS990ScheduleA/irs:TotalCalendarYear170Grp/irs:CurrentTaxYearAmt",2,2,"2020v4.1"
"/irs:Return/irs:ReturnData/irs:IRS990ScheduleA/irs:TotalCalendarYear170Grp/irs:CurrentTaxYearMinus1YearAmt",2,2,"2020v4.1"
"/irs:Return/irs:ReturnData/irs:IRS990ScheduleA/irs:TotalCalendarYear170Grp/irs:CurrentTaxYearMinus2YearsAmt",2,2,"2020v4.1"
"/irs:Return/irs:ReturnData/irs:IRS990ScheduleA/irs:TotalCalendarYear170Grp/irs:TotalAmt",2,2,"2020v4.1"
"/irs:Return/irs:ReturnData/irs:IRS990ScheduleA/irs:TotalSupportAmt",2,2,"2020v4.1"
"/irs:Return/irs:ReturnData/irs:IRS990ScheduleO",2,2,"2020v4.1"
"/irs:Return/irs:ReturnHeader",2,2,"2020v4.1"
"/irs:Return/irs:ReturnHeader/irs:AdditionalFilerInformation",2,2,"2020v4.1"
"/irs:Return/irs:ReturnHeader/irs:AdditionalFilerInformation/irs:TrustedCustomerGrp",2,2,"2020v4.1"
"/irs:Return/irs:ReturnHeader/irs:AdditionalFilerInformation/irs:TrustedCustomerGrp/irs:AuthenticationAssuranceLevelCd",2,2,"2020v4.1"
"/irs:Return/irs:ReturnHeader/irs:BuildTS",2,2,"2020v4.1"
"/irs:Return/irs:ReturnHeader/irs:BusinessOfficerGrp",2,2,"2020v4.1"
"/irs:Return/irs:ReturnHeader/irs:BusinessOfficerGrp/irs:DiscussWithPaidPreparerInd",2,2,"2020v4.1"
"/irs:Return/irs:ReturnHeader/irs:BusinessOfficerGrp/irs:PersonNm",2,2,"2020v4.1"
"/irs:Return/irs:ReturnHeader/irs:BusinessOfficerGrp/irs:PersonTitleTxt",2,2,"2020v4.1"
"/irs:Return/irs:ReturnHeader/irs:BusinessOfficerGrp/irs:PhoneNum",2,2,"2020v4.1"
"/irs:Return/irs:ReturnHeader/irs:BusinessOfficerGrp/irs:SignatureDt",2,2,"2020v4.1"
"/irs:Return/irs:ReturnHeader/irs:Filer",2,2,"2020v4.1"
"/irs:Return/irs:ReturnHeader/irs:Filer/irs:BusinessName",2,2,"2020v4.1"
"/irs:Return/irs:ReturnHeader/irs:Filer/irs:BusinessName/irs:BusinessNameLine1Txt",2,2,"2020v4.1"
"/irs:Return/irs:ReturnHeader/irs:Filer/irs:BusinessNameControlTxt",2,2,"2020v4.1"
"/irs:Return/irs:ReturnHeader/irs:Filer/irs:EIN",2,2,"2020v4.1"
"/irs:Return/irs:ReturnHeader/irs:Filer/irs:PhoneNum",2,2,"2020v4.1"
"/irs:Return/irs:ReturnHeader/irs:Filer/irs:USAddress",2,2,"2020v4.1"
"/irs:Return/irs:ReturnHeader/irs:Filer/irs:USAddress/irs:AddressLine1Txt",2,2,"2020v4.1"
"/irs:Return/irs:ReturnHeader/irs:Filer/irs:USAddress/irs:CityNm",2,2,"2020v4.1"
"/irs:Return/irs:ReturnHeader/irs:Filer/irs:USAddress/irs:StateAbbreviationCd",2,2,"2020v4.1"
"/irs:Return/irs:ReturnHeader/irs:Filer/irs:USAddress/irs:ZIPCd",2,2,"2020v4.1"
"/irs:Return/irs:ReturnHeader/irs:PreparerFirmGrp",2,2,"2020v4.1"
"/irs:Return/irs:ReturnHeader/irs:PreparerFirmGrp/irs:PreparerFirmEIN",2,2,"2020v4.1"
"/irs:Return/irs:ReturnHeader/irs:PreparerFirmGrp/irs:PreparerFirmName",2,2,"2020v4.1"
"/irs:Return/irs:ReturnHeader/irs:PreparerFirmGrp/irs:PreparerFirmName/irs:BusinessNameLine1Txt",2,2,"2020v4.1"
"/irs:Return/irs:ReturnHeader/irs:PreparerFirmGrp/irs:PreparerUSAddress",2,2,"2020v4.1"
"/irs:Return/irs:ReturnHeader/irs:PreparerFirmGrp/irs:PreparerUSAddress/irs:AddressLine1Txt",2,2,"2020v4.1"
"/irs:Return/irs:ReturnHeader/irs:PreparerFirmGrp/irs:PreparerUSAddress/irs:CityNm",2,2,"2020v4.1"
"/irs:Return/irs:ReturnHeader/irs:PreparerFirmGrp/irs:PreparerUSAddress/irs:StateAbbreviationCd",2,2,"2020v4.1"
"/irs:Return/irs:ReturnHeader/irs:PreparerFirmGrp/irs:PreparerUSAddress/irs:ZIPCd",2,2,"2020v4.1"
"/irs:Return/irs:ReturnHeader/irs:PreparerPersonGrp",2,2,"2020v4.1"
"/irs:Return/irs:ReturnHeader/irs:PreparerPersonGrp/irs:PTIN",2,2,"2020v4.1"
"/irs:Return/irs:ReturnHeader/irs:PreparerPersonGrp/irs:PhoneNum",2,2,"2020v4.1"
"/irs:Return/irs:ReturnHeader/irs:PreparerPersonGrp/irs:PreparationDt",2,2,"2020v4.1"
"/irs:Return/irs:ReturnHeader/irs:PreparerPersonGrp/irs:PreparerPersonNm",2,2,"2020v4.1"
"/irs:Return/irs:ReturnHeader/irs:ReturnTs",2,2,"2020v4.1"
"/irs:Return/irs:ReturnHeader/irs:ReturnTypeCd",2,2,"2020v4.1"
"/irs:Return/irs:ReturnHeader/irs:SigningOfficerGrp",2,2,"2020v4.1"
"/irs:Return/irs:ReturnHeader/irs:SigningOfficerGrp/irs:PersonFullName",2,2,"2020v4.1"
"/irs:Return/irs:ReturnHeader/irs:SigningOfficerGrp/irs:PersonFullName/irs:PersonFirstNm",2,2,"2020v4.1"
"/irs:Return/irs:ReturnHeader/irs:SigningOfficerGrp/irs:PersonFullName/irs:PersonLastNm",2,2,"2020v4.1"
"/irs:Return/irs:ReturnHeader/irs:SigningOfficerGrp/irs:SSN",2,2,"2020v4.1"
"/irs:Return/irs:ReturnHeader/irs:TaxPeriodBeginDt",2,2,"2020v4.1"
"/irs:Return/irs:ReturnHeader/irs:TaxPeriodEndDt",2,2,"2020v4.1"
"/irs:Return/irs:ReturnHeader/irs:TaxYr",2,2,"2020v4.1"
"/Return/ReturnData/IRS990EZ/CompensationOfHghstPdCntrctGrp/BusinessName/BusinessNameLine2Txt",1,1,"2020v4.0"
"/Return/ReturnData/IRS990ScheduleC/Section527PoliticalOrgGrp/ForeignAddress/CityNm",1,1,"2020v4.1"
"/Return/ReturnData/IRS990ScheduleH/HospitalFcltyPoliciesPrctcGrp/EmergencyCareLimitedInd",1,1,"2020v4.0"
"/Return/ReturnData/IRS990ScheduleN/LiquidationOfAssetsTableGrp/LiquidationOfAssetsDetail/ForeignAddress/AddressLine2Txt",1,1,"2020v4.0"
"/Return/ReturnData/IRS990ScheduleR/UnrelatedOrgTxblPartnershipGrp/BusinessName/BusinessNameLine2Txt",1,1,"2020v4.0"
"/Return/ReturnData/IRS990ScheduleR/UnrelatedOrgTxblPartnershipGrp/ForeignAddress/AddressLine2Txt",1,1,"2020v4.0"
"/Return/ReturnHeader/FilingSecurityInformation/IPAddress/IPv6AddressTxt",1,1,"2020v4.0"
"/irs:Return/irs:ReturnData/irs:IRS990",1,1,"2020v4.1"
"/irs:Return/irs:ReturnData/irs:IRS990/irs:AccountantCompileOrReviewInd",1,1,"2020v4.1"
"/irs:Return/irs:ReturnData/irs:IRS990/irs:ActivitiesConductedPrtshpInd",1,1,"2020v4.1"
"/irs:Return/irs:ReturnData/irs:IRS990/irs:ActivityOrMissionDesc",1,1,"2020v4.1"
"/irs:Return/irs:ReturnData/irs:IRS990/irs:AllOtherContributionsAmt",1,1,"2020v4.1"
"/irs:Return/irs:ReturnData/irs:IRS990/irs:AmendedReturnInd",1,1,"2020v4.1"
"/irs:Return/irs:ReturnData/irs:IRS990/irs:AuditCommitteeInd",1,1,"2020v4.1"
"/irs:Return/irs:ReturnData/irs:IRS990/irs:BackupWthldComplianceInd",1,1,"2020v4.1"
"/irs:Return/irs:ReturnData/irs:IRS990/irs:BooksInCareOfDetail",1,1,"2020v4.1"
"/irs:Return/irs:ReturnData/irs:IRS990/irs:BooksInCareOfDetail/irs:PersonNm",1,1,"2020v4.1"
"/irs:Return/irs:ReturnData/irs:IRS990/irs:BooksInCareOfDetail/irs:PhoneNum",1,1,"2020v4.1"
"/irs:Return/irs:ReturnData/irs:IRS990/irs:BooksInCareOfDetail/irs:USAddress",1,1,"2020v4.1"
"/irs:Return/irs:ReturnData/irs:IRS990/irs:BooksInCareOfDetail/irs:USAddress/irs:AddressLine1Txt",1,1,"2020v4.1"
"/irs:Return/irs:ReturnData/irs:IRS990/irs:BooksInCareOfDetail/irs:USAddress/irs:CityNm",1,1,"2020v4.1"
"/irs:Return/irs:ReturnData/irs:IRS990/irs:BooksInCareOfDetail/irs:USAddress/irs:StateAbbreviationCd",1,1,"2020v4.1"
"/irs:Return/irs:ReturnData/irs:IRS990/irs:BooksInCareOfDetail/irs:USAddress/irs:ZIPCd",1,1,"2020v4.1"
"/irs:Return/irs:ReturnData/irs:IRS990/irs:BusinessRlnWith35CtrlEntInd",1,1,"2020v4.1"
"/irs:Return/irs:ReturnData/irs:IRS990/irs:BusinessRlnWithFamMemInd",1,1,"2020v4.1"
"/irs:Return/irs:ReturnData/irs:IRS990/irs:BusinessRlnWithOrgMemInd",1,1,"2020v4.1"
"/irs:Return/irs:ReturnData/irs:IRS990/irs:CYBenefitsPaidToMembersAmt",1,1,"2020v4.1"
"/irs:Return/irs:ReturnData/irs:IRS990/irs:CYContributionsGrantsAmt",1,1,"2020v4.1"
"/irs:Return/irs:ReturnData/irs:IRS990/irs:CYGrantsAndSimilarPaidAmt",1,1,"2020v4.1"
"/irs:Return/irs:ReturnData/irs:IRS990/irs:CYInvestmentIncomeAmt",1,1,"2020v4.1"
"/irs:Return/irs:ReturnData/irs:IRS990/irs:CYOtherExpensesAmt",1,1,"2020v4.1"
"/irs:Return/irs:ReturnData/irs:IRS990/irs:CYOtherRevenueAmt",1,1,"2020v4.1"
"/irs:Return/irs:ReturnData/irs:IRS990/irs:CYProgramServiceRevenueAmt",1,1,"2020v4.1"
"/irs:Return/irs:ReturnData/irs:IRS990/irs:CYRevenuesLessExpensesAmt",1,1,"2020v4.1"
"/irs:Return/irs:ReturnData/irs:IRS990/irs:CYSalariesCompEmpBnftPaidAmt",1,1,"2020v4.1"
"/irs:Return/irs:ReturnData/irs:IRS990/irs:CYTotalExpensesAmt",1,1,"2020v4.1"
"/irs:Return/irs:ReturnData/irs:IRS990/irs:CYTotalFundraisingExpenseAmt",1,1,"2020v4.1"
"/irs:Return/irs:ReturnData/irs:IRS990/irs:CYTotalProfFndrsngExpnsAmt",1,1,"2020v4.1"
"/irs:Return/irs:ReturnData/irs:IRS990/irs:CYTotalRevenueAmt",1,1,"2020v4.1"
"/irs:Return/irs:ReturnData/irs:IRS990/irs:ChangeToOrgDocumentsInd",1,1,"2020v4.1"
"/irs:Return/irs:ReturnData/irs:IRS990/irs:CollectionsOfArtInd",1,1,"2020v4.1"
"/irs:Return/irs:ReturnData/irs:IRS990/irs:CompensationFromOtherSrcsInd",1,1,"2020v4.1"
"/irs:Return/irs:ReturnData/irs:IRS990/irs:CompensationProcessCEOInd",1,1,"2020v4.1"
"/irs:Return/irs:ReturnData/irs:IRS990/irs:CompensationProcessOtherInd",1,1,"2020v4.1"
"/irs:Return/irs:ReturnData/irs:IRS990/irs:ConferencesMeetingsGrp",1,1,"2020v4.1"
"/irs:Return/irs:ReturnData/irs:IRS990/irs:ConferencesMeetingsGrp/irs:TotalAmt",1,1,"2020v4.1"
"/irs:Return/irs:ReturnData/irs:IRS990/irs:ConflictOfInterestPolicyInd",1,1,"2020v4.1"
"/irs:Return/irs:ReturnData/irs:IRS990/irs:ConservationEasementsInd",1,1,"2020v4.1"
"/irs:Return/irs:ReturnData/irs:IRS990/irs:ConsolidatedAuditFinclStmtInd",1,1,"2020v4.1"
"/irs:Return/irs:ReturnData/irs:IRS990/irs:CreditCounselingInd",1,1,"2020v4.1"
"/irs:Return/irs:ReturnData/irs:IRS990/irs:DAFExcessBusinessHoldingsInd",1,1,"2020v4.1"
"/irs:Return/irs:ReturnData/irs:IRS990/irs:DecisionsSubjectToApprovaInd",1,1,"2020v4.1"
"/irs:Return/irs:ReturnData/irs:IRS990/irs:DeductibleArtContributionInd",1,1,"2020v4.1"
"/irs:Return/irs:ReturnData/irs:IRS990/irs:DeductibleNonCashContriInd",1,1,"2020v4.1"
"/irs:Return/irs:ReturnData/irs:IRS990/irs:DelegationOfMgmtDutiesInd",1,1,"2020v4.1"
"/irs:Return/irs:ReturnData/irs:IRS990/irs:Desc",1,1,"2020v4.1"
"/irs:Return/irs:ReturnData/irs:IRS990/irs:DescribedInSection501c3Ind",1,1,"2020v4.1"
"/irs:Return/irs:ReturnData/irs:IRS990/irs:DisregardedEntityInd",1,1,"2020v4.1"
"/irs:Return/irs:ReturnData/irs:IRS990/irs:DistributionToDonorInd",1,1,"2020v4.1"
"/irs:Return/irs:ReturnData/irs:IRS990/irs:DocumentRetentionPolicyInd",1,1,"2020v4.1"
"/irs:Return/irs:ReturnData/irs:IRS990/irs:DonorAdvisedFundInd",1,1,"2020v4.1"
"/irs:Return/irs:ReturnData/irs:IRS990/irs:DonorRstrOrQuasiEndowmentsInd",1,1,"2020v4.1"
"/irs:Return/irs:ReturnData/irs:IRS990/irs:ElectionOfBoardMembersInd",1,1,"2020v4.1"
"/irs:Return/irs:ReturnData/irs:IRS990/irs:EmployeeCnt",1,1,"2020v4.1"
"/irs:Return/irs:ReturnData/irs:IRS990/irs:EmploymentTaxReturnsFiledInd",1,1,"2020v4.1"
"/irs:Return/irs:ReturnData/irs:IRS990/irs:EngagedInExcessBenefitTransInd",1,1,"2020v4.1"
"/irs:Return/irs:ReturnData/irs:IRS990/irs:EscrowAccountInd",1,1,"2020v4.1"
"/irs:Return/irs:ReturnData/irs:IRS990/irs:FSAuditedInd",1,1,"2020v4.1"
"/irs:Return/irs:ReturnData/irs:IRS990/irs:FamilyOrBusinessRlnInd",1,1,"2020v4.1"
"/irs:Return/irs:ReturnData/irs:IRS990/irs:FederalGrantAuditRequiredInd",1,1,"2020v4.1"
"/irs:Return/irs:ReturnData/irs:IRS990/irs:FeesForServicesManagementGrp",1,1,"2020v4.1"
"/irs:Return/irs:ReturnData/irs:IRS990/irs:FeesForServicesManagementGrp/irs:TotalAmt",1,1,"2020v4.1"
"/irs:Return/irs:ReturnData/irs:IRS990/irs:ForeignActivitiesInd",1,1,"2020v4.1"
"/irs:Return/irs:ReturnData/irs:IRS990/irs:ForeignFinancialAccountInd",1,1,"2020v4.1"
"/irs:Return/irs:ReturnData/irs:IRS990/irs:ForeignOfficeInd",1,1,"2020v4.1"
"/irs:Return/irs:ReturnData/irs:IRS990/irs:Form1098CFiledInd",1,1,"2020v4.1"
"/irs:Return/irs:ReturnData/irs:IRS990/irs:Form720FiledInd",1,1,"2020v4.1"
"/irs:Return/irs:ReturnData/irs:IRS990/irs:Form8282PropertyDisposedOfInd",1,1,"2020v4.1"
"/irs:Return/irs:ReturnData/irs:IRS990/irs:Form8886TFiledInd",1,1,"2020v4.1"
"/irs:Return/irs:ReturnData/irs:IRS990/irs:Form8899Filedind",1,1,"2020v4.1"
"/irs:Return/irs:ReturnData/irs:IRS990/irs:Form990PartVIISectionAGrp",1,1,"2020v4.1"
"/irs:Return/irs:ReturnData/irs:IRS990/irs:Form990PartVIISectionAGrp/irs:AverageHoursPerWeekRltdOrgRt",1,1,"2020v4.1"
"/irs:Return/irs:ReturnData/irs:IRS990/irs:Form990PartVIISectionAGrp/irs:AverageHoursPerWeekRt",1,1,"2020v4.1"
"/irs:Return/irs:ReturnData/irs:IRS990/irs:Form990PartVIISectionAGrp/irs:OfficerInd",1,1,"2020v4.1"
"/irs:Return/irs:ReturnData/irs:IRS990/irs:Form990PartVIISectionAGrp/irs:OtherCompensationAmt",1,1,"2020v4.1"
"/irs:Return/irs:ReturnData/irs:IRS990/irs:Form990PartVIISectionAGrp/irs:PersonNm",1,1,"2020v4.1"
"/irs:Return/irs:ReturnData/irs:IRS990/irs:Form990PartVIISectionAGrp/irs:ReportableCompFromOrgAmt",1,1,"2020v4.1"
"/irs:Return/irs:ReturnData/irs:IRS990/irs:Form990PartVIISectionAGrp/irs:ReportableCompFromRltdOrgAmt",1,1,"2020v4.1"
"/irs:Return/irs:ReturnData/irs:IRS990/irs:Form990PartVIISectionAGrp/irs:TitleTxt",1,1,"2020v4.1"
"/irs:Return/irs:ReturnData/irs:IRS990/irs:Form990ProvidedToGvrnBodyInd",1,1,"2020v4.1"
"/irs:Return/irs:ReturnData/irs:IRS990/irs:Form990TFiledInd",1,1,"2020v4.1"
"/irs:Return/irs:ReturnData/irs:IRS990/irs:FormationYr",1,1,"2020v4.1"
"/irs:Return/irs:ReturnData/irs:IRS990/irs:FormerOfcrEmployeesListedInd",1,1,"2020v4.1"
"/irs:Return/irs:ReturnData/irs:IRS990/irs:FundraisingActivitiesInd",1,1,"2020v4.1"
"/irs:Return/irs:ReturnData/irs:IRS990/irs:FundraisingAmt",1,1,"2020v4.1"
"/irs:Return/irs:ReturnData/irs:IRS990/irs:GamingActivitiesInd",1,1,"2020v4.1"
"/irs:Return/irs:ReturnData/irs:IRS990/irs:GoverningBodyVotingMembersCnt",1,1,"2020v4.1"
"/irs:Return/irs:ReturnData/irs:IRS990/irs:GovernmentGrantsAmt",1,1,"2020v4.1"
"/irs:Return/irs:ReturnData/irs:IRS990/irs:GrantAmt",1,1,"2020v4.1"
"/irs:Return/irs:ReturnData/irs:IRS990/irs:GrantToRelatedPersonInd",1,1,"2020v4.1"
"/irs:Return/irs:ReturnData/irs:IRS990/irs:GrantsToDomesticOrgsGrp",1,1,"2020v4.1"
"/irs:Return/irs:ReturnData/irs:IRS990/irs:GrantsToDomesticOrgsGrp/irs:TotalAmt",1,1,"2020v4.1"
"/irs:Return/irs:ReturnData/irs:IRS990/irs:GrantsToIndividualsInd",1,1,"2020v4.1"
"/irs:Return/irs:ReturnData/irs:IRS990/irs:GrantsToOrganizationsInd",1,1,"2020v4.1"
"/irs:Return/irs:ReturnData/irs:IRS990/irs:GrossReceiptsAmt",1,1,"2020v4.1"
"/irs:Return/irs:ReturnData/irs:IRS990/irs:GroupReturnForAffiliatesInd",1,1,"2020v4.1"
"/irs:Return/irs:ReturnData/irs:IRS990/irs:IRPDocumentCnt",1,1,"2020v4.1"
"/irs:Return/irs:ReturnData/irs:IRS990/irs:IRPDocumentW2GCnt",1,1,"2020v4.1"
"/irs:Return/irs:ReturnData/irs:IRS990/irs:IncludeFIN48FootnoteInd",1,1,"2020v4.1"
"/irs:Return/irs:ReturnData/irs:IRS990/irs:IndependentAuditFinclStmtInd",1,1,"2020v4.1"
"/irs:Return/irs:ReturnData/irs:IRS990/irs:IndependentVotingMemberCnt",1,1,"2020v4.1"
"/irs:Return/irs:ReturnData/irs:IRS990/irs:IndoorTanningServicesInd",1,1,"2020v4.1"
"/irs:Return/irs:ReturnData/irs:IRS990/irs:InfoInScheduleOPartIIIInd",1,1,"2020v4.1"
"/irs:Return/irs:ReturnData/irs:IRS990/irs:InfoInScheduleOPartVIInd",1,1,"2020v4.1"
"/irs:Return/irs:ReturnData/irs:IRS990/irs:InfoInScheduleOPartVInd",1,1,"2020v4.1"
"/irs:Return/irs:ReturnData/irs:IRS990/irs:InfoInScheduleOPartXIIInd",1,1,"2020v4.1"
"/irs:Return/irs:ReturnData/irs:IRS990/irs:InsuranceGrp",1,1,"2020v4.1"
"/irs:Return/irs:ReturnData/irs:IRS990/irs:InsuranceGrp/irs:TotalAmt",1,1,"2020v4.1"
"/irs:Return/irs:ReturnData/irs:IRS990/irs:InvestTaxExemptBondsInd",1,1,"2020v4.1"
"/irs:Return/irs:ReturnData/irs:IRS990/irs:InvestmentInJointVentureInd",1,1,"2020v4.1"
"/irs:Return/irs:ReturnData/irs:IRS990/irs:LegalDomicileStateCd",1,1,"2020v4.1"
"/irs:Return/irs:ReturnData/irs:IRS990/irs:LicensedMoreThanOneStateInd",1,1,"2020v4.1"
"/irs:Return/irs:ReturnData/irs:IRS990/irs:LoanOutstandingInd",1,1,"2020v4.1"
"/irs:Return/irs:ReturnData/irs:IRS990/irs:LobbyingActivitiesInd",1,1,"2020v4.1"
"/irs:Return/irs:ReturnData/irs:IRS990/irs:LocalChaptersInd",1,1,"2020v4.1"
"/irs:Return/irs:ReturnData/irs:IRS990/irs:MaterialDiversionOrMisuseInd",1,1,"2020v4.1"
"/irs:Return/irs:ReturnData/irs:IRS990/irs:MembersOrStockholdersInd",1,1,"2020v4.1"
"/irs:Return/irs:ReturnData/irs:IRS990/irs:MethodOfAccountingCashInd",1,1,"2020v4.1"
"/irs:Return/irs:ReturnData/irs:IRS990/irs:MinutesOfCommitteesInd",1,1,"2020v4.1"
"/irs:Return/irs:ReturnData/irs:IRS990/irs:MinutesOfGoverningBodyInd",1,1,"2020v4.1"
"/irs:Return/irs:ReturnData/irs:IRS990/irs:MissionDesc",1,1,"2020v4.1"
"/irs:Return/irs:ReturnData/irs:IRS990/irs:MoreThan5000KToIndividualsInd",1,1,"2020v4.1"
"/irs:Return/irs:ReturnData/irs:IRS990/irs:MoreThan5000KToOrgInd",1,1,"2020v4.1"
"/irs:Return/irs:ReturnData/irs:IRS990/irs:NetAssetsOrFundBalancesEOYAmt",1,1,"2020v4.1"
"/irs:Return/irs:ReturnData/irs:IRS990/irs:NetIncmFromFundraisingEvtGrp",1,1,"2020v4.1"
"/irs:Return/irs:ReturnData/irs:IRS990/irs:NetIncmFromFundraisingEvtGrp/irs:TotalRevenueColumnAmt",1,1,"2020v4.1"
"/irs:Return/irs:ReturnData/irs:IRS990/irs:NoListedPersonsCompensatedInd",1,1,"2020v4.1"
"/irs:Return/irs:ReturnData/irs:IRS990/irs:NondeductibleContriDisclInd",1,1,"2020v4.1"
"/irs:Return/irs:ReturnData/irs:IRS990/irs:NondeductibleContributionsInd",1,1,"2020v4.1"
"/irs:Return/irs:ReturnData/irs:IRS990/irs:OfficeExpensesGrp",1,1,"2020v4.1"
"/irs:Return/irs:ReturnData/irs:IRS990/irs:OfficeExpensesGrp/irs:TotalAmt",1,1,"2020v4.1"
"/irs:Return/irs:ReturnData/irs:IRS990/irs:OfficerMailingAddressInd",1,1,"2020v4.1"
"/irs:Return/irs:ReturnData/irs:IRS990/irs:OnBehalfOfIssuerInd",1,1,"2020v4.1"
"/irs:Return/irs:ReturnData/irs:IRS990/irs:OperateHospitalInd",1,1,"2020v4.1"
"/irs:Return/irs:ReturnData/irs:IRS990/irs:OrgDoesNotFollowFASB117Ind",1,1,"2020v4.1"
"/irs:Return/irs:ReturnData/irs:IRS990/irs:OrgFiledInLieuOfForm1041Ind",1,1,"2020v4.1"
"/irs:Return/irs:ReturnData/irs:IRS990/irs:Organization501c3Ind",1,1,"2020v4.1"
"/irs:Return/irs:ReturnData/irs:IRS990/irs:OtherSalariesAndWagesGrp",1,1,"2020v4.1"
"/irs:Return/irs:ReturnData/irs:IRS990/irs:OtherSalariesAndWagesGrp/irs:TotalAmt",1,1,"2020v4.1"
"/irs:Return/irs:ReturnData/irs:IRS990/irs:PYExcessBenefitTransInd",1,1,"2020v4.1"
"/irs:Return/irs:ReturnData/irs:IRS990/irs:PartialLiquidationInd",1,1,"2020v4.1"
"/irs:Return/irs:ReturnData/irs:IRS990/irs:PayPremiumsPrsnlBnftCntrctInd",1,1,"2020v4.1"
"/irs:Return/irs:ReturnData/irs:IRS990/irs:PayrollTaxesGrp",1,1,"2020v4.1"
"/irs:Return/irs:ReturnData/irs:IRS990/irs:PayrollTaxesGrp/irs:TotalAmt",1,1,"2020v4.1"
"/irs:Return/irs:ReturnData/irs:IRS990/irs:PoliciesReferenceChaptersInd",1,1,"2020v4.1"
"/irs:Return/irs:ReturnData/irs:IRS990/irs:PoliticalCampaignActyInd",1,1,"2020v4.1"
"/irs:Return/irs:ReturnData/irs:IRS990/irs:PrincipalOfficerNm",1,1,"2020v4.1"
"/irs:Return/irs:ReturnData/irs:IRS990/irs:ProfessionalFundraisingInd",1,1,"2020v4.1"
"/irs:Return/irs:ReturnData/irs:IRS990/irs:ProgSrvcAccomActy2Grp",1,1,"2020v4.1"
"/irs:Return/irs:ReturnData/irs:IRS990/irs:ProgSrvcAccomActy2Grp/irs:Desc",1,1,"2020v4.1"
"/irs:Return/irs:ReturnData/irs:IRS990/irs:ProgSrvcAccomActy2Grp/irs:GrantAmt",1,1,"2020v4.1"
"/irs:Return/irs:ReturnData/irs:IRS990/irs:ProgSrvcAccomActy3Grp",1,1,"2020v4.1"
"/irs:Return/irs:ReturnData/irs:IRS990/irs:ProgSrvcAccomActy3Grp/irs:Desc",1,1,"2020v4.1"
"/irs:Return/irs:ReturnData/irs:IRS990/irs:ProgSrvcAccomActy3Grp/irs:GrantAmt",1,1,"2020v4.1"
"/irs:Return/irs:ReturnData/irs:IRS990/irs:ProhibitedTaxShelterTransInd",1,1,"2020v4.1"
"/irs:Return/irs:ReturnData/irs:IRS990/irs:QuidProQuoContriDisclInd",1,1,"2020v4.1"
"/irs:Return/irs:ReturnData/irs:IRS990/irs:QuidProQuoContributionsInd",1,1,"2020v4.1"
"/irs:Return/irs:ReturnData/irs:IRS990/irs:RcvFndsToPayPrsnlBnftCntrctInd",1,1,"2020v4.1"
"/irs:Return/irs:ReturnData/irs:IRS990/irs:ReconcilationRevenueExpnssAmt",1,1,"2020v4.1"
"/irs:Return/irs:ReturnData/irs:IRS990/irs:RelatedEntityInd",1,1,"2020v4.1"
"/irs:Return/irs:ReturnData/irs:IRS990/irs:RelatedOrganizationCtrlEntInd",1,1,"2020v4.1"
"/irs:Return/irs:ReturnData/irs:IRS990/irs:ReportInvestmentsOtherSecInd",1,1,"2020v4.1"
"/irs:Return/irs:ReturnData/irs:IRS990/irs:ReportLandBuildingEquipmentInd",1,1,"2020v4.1"
"/irs:Return/irs:ReturnData/irs:IRS990/irs:ReportOtherAssetsInd",1,1,"2020v4.1"
"/irs:Return/irs:ReturnData/irs:IRS990/irs:ReportOtherLiabilitiesInd",1,1,"2020v4.1"
"/irs:Return/irs:ReturnData/irs:IRS990/irs:ReportProgramRelatedInvstInd",1,1,"2020v4.1"
"/irs:Return/irs:ReturnData/irs:IRS990/irs:ScheduleBRequiredInd",1,1,"2020v4.1"
"/irs:Return/irs:ReturnData/irs:IRS990/irs:ScheduleJRequiredInd",1,1,"2020v4.1"
"/irs:Return/irs:ReturnData/irs:IRS990/irs:ScheduleORequiredInd",1,1,"2020v4.1"
"/irs:Return/irs:ReturnData/irs:IRS990/irs:SchoolOperatingInd",1,1,"2020v4.1"
"/irs:Return/irs:ReturnData/irs:IRS990/irs:SignificantChangeInd",1,1,"2020v4.1"
"/irs:Return/irs:ReturnData/irs:IRS990/irs:SignificantNewProgramSrvcInd",1,1,"2020v4.1"
"/irs:Return/irs:ReturnData/irs:IRS990/irs:SubjToTaxRmnrtnExPrchtPymtInd",1,1,"2020v4.1"
"/irs:Return/irs:ReturnData/irs:IRS990/irs:SubjectToExcsTaxNetInvstIncInd",1,1,"2020v4.1"
"/irs:Return/irs:ReturnData/irs:IRS990/irs:SubjectToProxyTaxInd",1,1,"2020v4.1"
"/irs:Return/irs:ReturnData/irs:IRS990/irs:TaxExemptBondsInd",1,1,"2020v4.1"
"/irs:Return/irs:ReturnData/irs:IRS990/irs:TaxableDistributionsInd",1,1,"2020v4.1"
"/irs:Return/irs:ReturnData/irs:IRS990/irs:TaxablePartyNotificationInd",1,1,"2020v4.1"
"/irs:Return/irs:ReturnData/irs:IRS990/irs:TerminateOperationsInd",1,1,"2020v4.1"
"/irs:Return/irs:ReturnData/irs:IRS990/irs:TotLiabNetAssetsFundBalanceGrp",1,1,"2020v4.1"
"/irs:Return/irs:ReturnData/irs:IRS990/irs:TotLiabNetAssetsFundBalanceGrp/irs:BOYAmt",1,1,"2020v4.1"
"/irs:Return/irs:ReturnData/irs:IRS990/irs:TotLiabNetAssetsFundBalanceGrp/irs:EOYAmt",1,1,"2020v4.1"
"/irs:Return/irs:ReturnData/irs:IRS990/irs:TotalAssetsEOYAmt",1,1,"2020v4.1"
"/irs:Return/irs:ReturnData/irs:IRS990/irs:TotalAssetsGrp",1,1,"2020v4.1"
"/irs:Return/irs:ReturnData/irs:IRS990/irs:TotalAssetsGrp/irs:BOYAmt",1,1,"2020v4.1"
"/irs:Return/irs:ReturnData/irs:IRS990/irs:TotalAssetsGrp/irs:EOYAmt",1,1,"2020v4.1"
"/irs:Return/irs:ReturnData/irs:IRS990/irs:TotalCompGreaterThan150KInd",1,1,"2020v4.1"
"/irs:Return/irs:ReturnData/irs:IRS990/irs:TotalContributionsAmt",1,1,"2020v4.1"
"/irs:Return/irs:ReturnData/irs:IRS990/irs:TotalEmployeeCnt",1,1,"2020v4.1"
"/irs:Return/irs:ReturnData/irs:IRS990/irs:TotalFunctionalExpensesGrp",1,1,"2020v4.1"
"/irs:Return/irs:ReturnData/irs:IRS990/irs:TotalFunctionalExpensesGrp/irs:FundraisingAmt",1,1,"2020v4.1"
"/irs:Return/irs:ReturnData/irs:IRS990/irs:TotalFunctionalExpensesGrp/irs:ManagementAndGeneralAmt",1,1,"2020v4.1"
"/irs:Return/irs:ReturnData/irs:IRS990/irs:TotalFunctionalExpensesGrp/irs:ProgramServicesAmt",1,1,"2020v4.1"
"/irs:Return/irs:ReturnData/irs:IRS990/irs:TotalFunctionalExpensesGrp/irs:TotalAmt",1,1,"2020v4.1"
"/irs:Return/irs:ReturnData/irs:IRS990/irs:TotalGrossUBIAmt",1,1,"2020v4.1"
"/irs:Return/irs:ReturnData/irs:IRS990/irs:TotalLiabilitiesEOYAmt",1,1,"2020v4.1"
"/irs:Return/irs:ReturnData/irs:IRS990/irs:TotalLiabilitiesGrp",1,1,"2020v4.1"
"/irs:Return/irs:ReturnData/irs:IRS990/irs:TotalLiabilitiesGrp/irs:BOYAmt",1,1,"2020v4.1"
"/irs:Return/irs:ReturnData/irs:IRS990/irs:TotalLiabilitiesGrp/irs:EOYAmt",1,1,"2020v4.1"
"/irs:Return/irs:ReturnData/irs:IRS990/irs:TotalNetAssetsFundBalanceGrp",1,1,"2020v4.1"
"/irs:Return/irs:ReturnData/irs:IRS990/irs:TotalNetAssetsFundBalanceGrp/irs:BOYAmt",1,1,"2020v4.1"
"/irs:Return/irs:ReturnData/irs:IRS990/irs:TotalNetAssetsFundBalanceGrp/irs:EOYAmt",1,1,"2020v4.1"
"/irs:Return/irs:ReturnData/irs:IRS990/irs:TotalOtherProgSrvcGrantAmt",1,1,"2020v4.1"
"/irs:Return/irs:ReturnData/irs:IRS990/irs:TotalRevenueGrp",1,1,"2020v4.1"
"/irs:Return/irs:ReturnData/irs:IRS990/irs:TotalRevenueGrp/irs:ExclusionAmt",1,1,"2020v4.1"
"/irs:Return/irs:ReturnData/irs:IRS990/irs:TotalRevenueGrp/irs:RelatedOrExemptFuncIncomeAmt",1,1,"2020v4.1"
"/irs:Return/irs:ReturnData/irs:IRS990/irs:TotalRevenueGrp/irs:TotalRevenueColumnAmt",1,1,"2020v4.1"
"/irs:Return/irs:ReturnData/irs:IRS990/irs:TotalRevenueGrp/irs:UnrelatedBusinessRevenueAmt",1,1,"2020v4.1"
"/irs:Return/irs:ReturnData/irs:IRS990/irs:TransactionWithControlEntInd",1,1,"2020v4.1"
"/irs:Return/irs:ReturnData/irs:IRS990/irs:TravelGrp",1,1,"2020v4.1"
"/irs:Return/irs:ReturnData/irs:IRS990/irs:TravelGrp/irs:TotalAmt",1,1,"2020v4.1"
"/irs:Return/irs:ReturnData/irs:IRS990/irs:TrnsfrExmptNonChrtblRltdOrgInd",1,1,"2020v4.1"
"/irs:Return/irs:ReturnData/irs:IRS990/irs:TypeOfOrganizationCorpInd",1,1,"2020v4.1"
"/irs:Return/irs:ReturnData/irs:IRS990/irs:USAddress",1,1,"2020v4.1"
"/irs:Return/irs:ReturnData/irs:IRS990/irs:USAddress/irs:AddressLine1Txt",1,1,"2020v4.1"
"/irs:Return/irs:ReturnData/irs:IRS990/irs:USAddress/irs:CityNm",1,1,"2020v4.1"
"/irs:Return/irs:ReturnData/irs:IRS990/irs:USAddress/irs:StateAbbreviationCd",1,1,"2020v4.1"
"/irs:Return/irs:ReturnData/irs:IRS990/irs:USAddress/irs:ZIPCd",1,1,"2020v4.1"
"/irs:Return/irs:ReturnData/irs:IRS990/irs:UnrelatedBusIncmOverLimitInd",1,1,"2020v4.1"
"/irs:Return/irs:ReturnData/irs:IRS990/irs:UponRequestInd",1,1,"2020v4.1"
"/irs:Return/irs:ReturnData/irs:IRS990/irs:VotingMembersGoverningBodyCnt",1,1,"2020v4.1"
"/irs:Return/irs:ReturnData/irs:IRS990/irs:VotingMembersIndependentCnt",1,1,"2020v4.1"
"/irs:Return/irs:ReturnData/irs:IRS990/irs:WebsiteAddressTxt",1,1,"2020v4.1"
"/irs:Return/irs:ReturnData/irs:IRS990/irs:WhistleblowerPolicyInd",1,1,"2020v4.1"
"/irs:Return/irs:ReturnData/irs:IRS990/irs:WrittenPolicyOrProcedureInd",1,1,"2020v4.1"
"/irs:Return/irs:ReturnData/irs:IRS990EZ",1,1,"2020v4.1"
"/irs:Return/irs:ReturnData/irs:IRS990EZ/irs:ActivitiesNotPreviouslyRptInd",1,1,"2020v4.1"
"/irs:Return/irs:ReturnData/irs:IRS990EZ/irs:AmendedReturnInd",1,1,"2020v4.1"
"/irs:Return/irs:ReturnData/irs:IRS990EZ/irs:BooksInCareOfDetail",1,1,"2020v4.1"
"/irs:Return/irs:ReturnData/irs:IRS990EZ/irs:BooksInCareOfDetail/irs:PersonNm",1,1,"2020v4.1"
"/irs:Return/irs:ReturnData/irs:IRS990EZ/irs:BooksInCareOfDetail/irs:PhoneNum",1,1,"2020v4.1"
"/irs:Return/irs:ReturnData/irs:IRS990EZ/irs:BooksInCareOfDetail/irs:USAddress",1,1,"2020v4.1"
"/irs:Return/irs:ReturnData/irs:IRS990EZ/irs:BooksInCareOfDetail/irs:USAddress/irs:AddressLine1Txt",1,1,"2020v4.1"
"/irs:Return/irs:ReturnData/irs:IRS990EZ/irs:BooksInCareOfDetail/irs:USAddress/irs:CityNm",1,1,"2020v4.1"
"/irs:Return/irs:ReturnData/irs:IRS990EZ/irs:BooksInCareOfDetail/irs:USAddress/irs:StateAbbreviationCd",1,1,"2020v4.1"
"/irs:Return/irs:ReturnData/irs:IRS990EZ/irs:BooksInCareOfDetail/irs:USAddress/irs:ZIPCd",1,1,"2020v4.1"
"/irs:Return/irs:ReturnData/irs:IRS990EZ/irs:CashSavingsAndInvestmentsGrp",1,1,"2020v4.1"
"/irs:Return/irs:ReturnData/irs:IRS990EZ/irs:CashSavingsAndInvestmentsGrp/irs:BOYAmt",1,1,"2020v4.1"
"/irs:Return/irs:ReturnData/irs:IRS990EZ/irs:CashSavingsAndInvestmentsGrp/irs:EOYAmt",1,1,"2020v4.1"
"/irs:Return/irs:ReturnData/irs:IRS990EZ/irs:ChgMadeToOrgnzngDocNotRptInd",1,1,"2020v4.1"
"/irs:Return/irs:ReturnData/irs:IRS990EZ/irs:ContributionsGiftsGrantsEtcAmt",1,1,"2020v4.1"
"/irs:Return/irs:ReturnData/irs:IRS990EZ/irs:DonorAdvisedFndsInd",1,1,"2020v4.1"
"/irs:Return/irs:ReturnData/irs:IRS990EZ/irs:EngagedInExcessBenefitTransInd",1,1,"2020v4.1"
"/irs:Return/irs:ReturnData/irs:IRS990EZ/irs:ExcessOrDeficitForYearAmt",1,1,"2020v4.1"
"/irs:Return/irs:ReturnData/irs:IRS990EZ/irs:FeesAndOtherPymtToIndCntrctAmt",1,1,"2020v4.1"
"/irs:Return/irs:ReturnData/irs:IRS990EZ/irs:FiledScheduleAInd",1,1,"2020v4.1"
"/irs:Return/irs:ReturnData/irs:IRS990EZ/irs:ForeignFinancialAccountInd",1,1,"2020v4.1"
"/irs:Return/irs:ReturnData/irs:IRS990EZ/irs:ForeignOfficeInd",1,1,"2020v4.1"
"/irs:Return/irs:ReturnData/irs:IRS990EZ/irs:Form990TotalAssetsGrp",1,1,"2020v4.1"
"/irs:Return/irs:ReturnData/irs:IRS990EZ/irs:Form990TotalAssetsGrp/irs:BOYAmt",1,1,"2020v4.1"
"/irs:Return/irs:ReturnData/irs:IRS990EZ/irs:Form990TotalAssetsGrp/irs:EOYAmt",1,1,"2020v4.1"
"/irs:Return/irs:ReturnData/irs:IRS990EZ/irs:FundraisingGrossIncomeAmt",1,1,"2020v4.1"
"/irs:Return/irs:ReturnData/irs:IRS990EZ/irs:GamingGrossIncomeAmt",1,1,"2020v4.1"
"/irs:Return/irs:ReturnData/irs:IRS990EZ/irs:GrossReceiptsAmt",1,1,"2020v4.1"
"/irs:Return/irs:ReturnData/irs:IRS990EZ/irs:GrossReceiptsForPublicUseAmt",1,1,"2020v4.1"
"/irs:Return/irs:ReturnData/irs:IRS990EZ/irs:InfoInScheduleOPartIIIInd",1,1,"2020v4.1"
"/irs:Return/irs:ReturnData/irs:IRS990EZ/irs:InfoInScheduleOPartIInd",1,1,"2020v4.1"
"/irs:Return/irs:ReturnData/irs:IRS990EZ/irs:InitiationFeesAndCapContriAmt",1,1,"2020v4.1"
"/irs:Return/irs:ReturnData/irs:IRS990EZ/irs:LobbyingActivitiesInd",1,1,"2020v4.1"
"/irs:Return/irs:ReturnData/irs:IRS990EZ/irs:MadeLoansToFromOfficersInd",1,1,"2020v4.1"
"/irs:Return/irs:ReturnData/irs:IRS990EZ/irs:MethodOfAccountingCashInd",1,1,"2020v4.1"
"/irs:Return/irs:ReturnData/irs:IRS990EZ/irs:NetAssetsOrFundBalancesBOYAmt",1,1,"2020v4.1"
"/irs:Return/irs:ReturnData/irs:IRS990EZ/irs:NetAssetsOrFundBalancesEOYAmt",1,1,"2020v4.1"
"/irs:Return/irs:ReturnData/irs:IRS990EZ/irs:NetAssetsOrFundBalancesGrp",1,1,"2020v4.1"
"/irs:Return/irs:ReturnData/irs:IRS990EZ/irs:NetAssetsOrFundBalancesGrp/irs:BOYAmt",1,1,"2020v4.1"
"/irs:Return/irs:ReturnData/irs:IRS990EZ/irs:NetAssetsOrFundBalancesGrp/irs:EOYAmt",1,1,"2020v4.1"
"/irs:Return/irs:ReturnData/irs:IRS990EZ/irs:OccupancyRentUtltsAndMaintAmt",1,1,"2020v4.1"
"/irs:Return/irs:ReturnData/irs:IRS990EZ/irs:OperateHospitalInd",1,1,"2020v4.1"
"/irs:Return/irs:ReturnData/irs:IRS990EZ/irs:Organization501c3Ind",1,1,"2020v4.1"
"/irs:Return/irs:ReturnData/irs:IRS990EZ/irs:OrganizationDissolvedEtcInd",1,1,"2020v4.1"
"/irs:Return/irs:ReturnData/irs:IRS990EZ/irs:OrganizationHadUBIInd",1,1,"2020v4.1"
"/irs:Return/irs:ReturnData/irs:IRS990EZ/irs:OtherExpensesTotalAmt",1,1,"2020v4.1"
"/irs:Return/irs:ReturnData/irs:IRS990EZ/irs:PartVIHghstPdCntrctProfSrvcTxt",1,1,"2020v4.1"
"/irs:Return/irs:ReturnData/irs:IRS990EZ/irs:PartVIOfCompOfHghstPdEmplTxt",1,1,"2020v4.1"
"/irs:Return/irs:ReturnData/irs:IRS990EZ/irs:PoliticalCampaignActyInd",1,1,"2020v4.1"
"/irs:Return/irs:ReturnData/irs:IRS990EZ/irs:PrimaryExemptPurposeTxt",1,1,"2020v4.1"
"/irs:Return/irs:ReturnData/irs:IRS990EZ/irs:PrintingPublicationsPostageAmt",1,1,"2020v4.1"
"/irs:Return/irs:ReturnData/irs:IRS990EZ/irs:ProgramServiceRevenueAmt",1,1,"2020v4.1"
"/irs:Return/irs:ReturnData/irs:IRS990EZ/irs:ProgramSrvcAccomplishmentGrp",1,1,"2020v4.1"
"/irs:Return/irs:ReturnData/irs:IRS990EZ/irs:ProgramSrvcAccomplishmentGrp/irs:DescriptionProgramSrvcAccomTxt",1,1,"2020v4.1"
"/irs:Return/irs:ReturnData/irs:IRS990EZ/irs:ProhibitedTaxShelterTransInd",1,1,"2020v4.1"
"/irs:Return/irs:ReturnData/irs:IRS990EZ/irs:RelatedOrganizationCtrlEntInd",1,1,"2020v4.1"
"/irs:Return/irs:ReturnData/irs:IRS990EZ/irs:SchoolOperatingInd",1,1,"2020v4.1"
"/irs:Return/irs:ReturnData/irs:IRS990EZ/irs:SpecialEventsDirectExpensesAmt",1,1,"2020v4.1"
"/irs:Return/irs:ReturnData/irs:IRS990EZ/irs:SpecialEventsNetIncomeLossAmt",1,1,"2020v4.1"
"/irs:Return/irs:ReturnData/irs:IRS990EZ/irs:SubjectToProxyTaxInd",1,1,"2020v4.1"
"/irs:Return/irs:ReturnData/irs:IRS990EZ/irs:TanningServicesProvidedInd",1,1,"2020v4.1"
"/irs:Return/irs:ReturnData/irs:IRS990EZ/irs:TotalExpensesAmt",1,1,"2020v4.1"
"/irs:Return/irs:ReturnData/irs:IRS990EZ/irs:TotalRevenueAmt",1,1,"2020v4.1"
"/irs:Return/irs:ReturnData/irs:IRS990EZ/irs:TransactionWithControlEntInd",1,1,"2020v4.1"
"/irs:Return/irs:ReturnData/irs:IRS990EZ/irs:TrnsfrExmptNonChrtblRltdOrgInd",1,1,"2020v4.1"
"/irs:Return/irs:ReturnData/irs:IRS990EZ/irs:TypeOfOrganizationCorpInd",1,1,"2020v4.1"
"/irs:Return/irs:ReturnData/irs:IRS990ScheduleA/irs:GiftsGrantsContriRcvd170Grp/irs:CurrentTaxYearMinus3YearsAmt",1,1,"2020v4.1"
"/irs:Return/irs:ReturnData/irs:IRS990ScheduleA/irs:TotalCalendarYear170Grp/irs:CurrentTaxYearMinus3YearsAmt",1,1,"2020v4.1"
"/irs:Return/irs:ReturnData/irs:IRS990ScheduleB",1,1,"2020v4.1"
"/irs:Return/irs:ReturnData/irs:IRS990ScheduleB/irs:ContributorInformationGrp",1,1,"2020v4.1"
"/irs:Return/irs:ReturnData/irs:IRS990ScheduleB/irs:ContributorInformationGrp/irs:ContributorBusinessName",1,1,"2020v4.1"
"/irs:Return/irs:ReturnData/irs:IRS990ScheduleB/irs:ContributorInformationGrp/irs:ContributorBusinessName/irs:BusinessNameLine1",1,1,"2020v4.1"
"/irs:Return/irs:ReturnData/irs:IRS990ScheduleB/irs:ContributorInformationGrp/irs:ContributorNum",1,1,"2020v4.1"
"/irs:Return/irs:ReturnData/irs:IRS990ScheduleB/irs:ContributorInformationGrp/irs:ContributorUSAddress",1,1,"2020v4.1"
"/irs:Return/irs:ReturnData/irs:IRS990ScheduleB/irs:ContributorInformationGrp/irs:ContributorUSAddress/irs:AddressLine1",1,1,"2020v4.1"
"/irs:Return/irs:ReturnData/irs:IRS990ScheduleB/irs:ContributorInformationGrp/irs:ContributorUSAddress/irs:AddressLine2",1,1,"2020v4.1"
"/irs:Return/irs:ReturnData/irs:IRS990ScheduleB/irs:ContributorInformationGrp/irs:ContributorUSAddress/irs:City",1,1,"2020v4.1"
"/irs:Return/irs:ReturnData/irs:IRS990ScheduleB/irs:ContributorInformationGrp/irs:ContributorUSAddress/irs:State",1,1,"2020v4.1"
"/irs:Return/irs:ReturnData/irs:IRS990ScheduleB/irs:ContributorInformationGrp/irs:ContributorUSAddress/irs:ZIPCode",1,1,"2020v4.1"
"/irs:Return/irs:ReturnData/irs:IRS990ScheduleB/irs:ContributorInformationGrp/irs:TotalContributionsAmt",1,1,"2020v4.1"
"/irs:Return/irs:ReturnData/irs:IRS990ScheduleI",1,1,"2020v4.1"
"/irs:Return/irs:ReturnData/irs:IRS990ScheduleI/irs:GrantRecordsMaintainedInd",1,1,"2020v4.1"
"/irs:Return/irs:ReturnHeader/irs:PreparerPersonGrp/irs:SelfEmployedInd",1,1,"2020v4.1"
