"xpath","count_occurrences","count_filings","schema_versions"
"/Return/ReturnData/IRS990/Form990PartVIISectionAGrp",3759180,336480,"2021v4.1, 2021v4.0, 2021v4.2"
"/Return/ReturnData/IRS990/Form990PartVIISectionAGrp/ReportableCompFromOrgAmt",3758175,336427,"2021v4.0, 2021v4.2, 2021v4.1"
"/Return/ReturnData/IRS990/Form990PartVIISectionAGrp/ReportableCompFromRltdOrgAmt",3758141,336421,"2021v4.1, 2021v4.0, 2021v4.2"
"/Return/ReturnData/IRS990/Form990PartVIISectionAGrp/OtherCompensationAmt",3758136,336421,"2021v4.0, 2021v4.2, 2021v4.1"
"/Return/ReturnData/IRS990/Form990PartVIISectionAGrp/TitleTxt",3757153,336480,"2021v4.1, 2021v4.0, 2021v4.2"
"/Return/ReturnData/IRS990/Form990PartVIISectionAGrp/PersonNm",3699958,332204,"2021v4.1, 2021v4.0, 2021v4.2"
"/Return/ReturnData/IRS990/Form990PartVIISectionAGrp/AverageHoursPerWeekRt",3540968,315723,"2021v4.0, 2021v4.2, 2021v4.1"
"/Return/ReturnData/IRS990/Form990PartVIISectionAGrp/IndividualTrusteeOrDirectorInd",2991277,295601,"2021v4.1, 2021v4.0, 2021v4.2"
"/Return/ReturnData/IRS990ScheduleO/SupplementalInformationDetail",2799622,526490,"2021v4.1, 2021v4.0, 2021v4.2"
"/Return/ReturnData/IRS990ScheduleO/SupplementalInformationDetail/FormAndLineReferenceDesc",2799622,526490,"2021v4.1, 2021v4.0, 2021v4.2"
"/Return/ReturnData/IRS990ScheduleO/SupplementalInformationDetail/ExplanationTxt",2799622,526490,"2021v4.0, 2021v4.2, 2021v4.1"
"/Return/ReturnData/IRS990/Form990PartVIISectionAGrp/OfficerInd",1386271,308355,"2021v4.0, 2021v4.2, 2021v4.1"
"/Return/ReturnData/IRS990/Form990PartVIISectionAGrp/AverageHoursPerWeekRltdOrgRt",1357900,136763,"2021v4.2, 2021v4.0, 2021v4.1"
"/Return/ReturnData/IRS990EZ/OfficerDirectorTrusteeEmplGrp/AverageHrsPerWkDevotedToPosRt",1217091,202724,"2021v4.1, 2021v4.2, 2021v4.0"
"/Return/ReturnData/IRS990EZ/OfficerDirectorTrusteeEmplGrp/CompensationAmt",1217091,202724,"2021v4.1, 2021v4.2, 2021v4.0"
"/Return/ReturnData/IRS990EZ/OfficerDirectorTrusteeEmplGrp",1217091,202724,"2021v4.2, 2021v4.0, 2021v4.1"
"/Return/ReturnData/IRS990EZ/OfficerDirectorTrusteeEmplGrp/TitleTxt",1217091,202724,"2021v4.2, 2021v4.0, 2021v4.1"
"/Return/ReturnData/IRS990EZ/OfficerDirectorTrusteeEmplGrp/PersonNm",1213529,201980,"2021v4.1, 2021v4.2, 2021v4.0"
"/Return/ReturnData/IRS990/OtherExpensesGrp",1031882,303113,"2021v4.0, 2021v4.2, 2021v4.1"
"/Return/ReturnData/IRS990/OtherExpensesGrp/TotalAmt",1030937,302765,"2021v4.0, 2021v4.2, 2021v4.1"
"/Return/ReturnData/IRS990/OtherExpensesGrp/Desc",1027339,302534,"2021v4.1, 2021v4.0, 2021v4.2"
"/Return/ReturnData/IRS990ScheduleI/RecipientTable",899810,46351,"2021v4.1, 2021v4.2, 2021v4.0"
"/Return/ReturnData/IRS990ScheduleI/RecipientTable/RecipientBusinessName/BusinessNameLine1Txt",899660,46237,"2021v4.1, 2021v4.2, 2021v4.0"
"/Return/ReturnData/IRS990ScheduleI/RecipientTable/RecipientBusinessName",899660,46237,"2021v4.1, 2021v4.2, 2021v4.0"
"/Return/ReturnData/IRS990ScheduleI/RecipientTable/CashGrantAmt",891136,45473,"2021v4.2, 2021v4.0, 2021v4.1"
"/Return/ReturnData/IRS990ScheduleI/RecipientTable/USAddress/StateAbbreviationCd",887753,44833,"2021v4.2, 2021v4.0, 2021v4.1"
"/Return/ReturnData/IRS990ScheduleI/RecipientTable/USAddress/CityNm",887753,44833,"2021v4.2, 2021v4.0, 2021v4.1"
"/Return/ReturnData/IRS990ScheduleI/RecipientTable/USAddress/ZIPCd",887753,44833,"2021v4.2, 2021v4.0, 2021v4.1"
"/Return/ReturnData/IRS990ScheduleI/RecipientTable/USAddress",887753,44833,"2021v4.2, 2021v4.0, 2021v4.1"
"/Return/ReturnData/IRS990ScheduleI/RecipientTable/USAddress/AddressLine1Txt",887753,44833,"2021v4.2, 2021v4.0, 2021v4.1"
"/Return/ReturnData/IRS990ScheduleI/RecipientTable/PurposeOfGrantTxt",877953,42412,"2021v4.1, 2021v4.2, 2021v4.0"
"/Return/ReturnData/IRS990ScheduleI/RecipientTable/RecipientEIN",854397,40219,"2021v4.1, 2021v4.2, 2021v4.0"
"/Return/ReturnData/IRS990ScheduleI/RecipientTable/IRCSectionDesc",789589,32378,"2021v4.2, 2021v4.0, 2021v4.1"
"/Return/ReturnData/IRS990/OtherExpensesGrp/ProgramServicesAmt",782527,250920,"2021v4.0, 2021v4.2, 2021v4.1"
"/Return/ReturnData/IRS990EZ/OfficerDirectorTrusteeEmplGrp/ExpenseAccountOtherAllwncAmt",696084,118950,"2021v4.1, 2021v4.2, 2021v4.0"
"/Return/ReturnData/IRS990EZ/OfficerDirectorTrusteeEmplGrp/EmployeeBenefitProgramAmt",695569,119048,"2021v4.1, 2021v4.2, 2021v4.0"
"/Return/ReturnData/IRS990ScheduleI/RecipientTable/NonCashAssistanceAmt",565959,30278,"2021v4.2, 2021v4.0, 2021v4.1"
"/Return/ReturnHeader/BusinessOfficerGrp/SignatureDt",539238,539204,"2021v4.0, 2021v4.2, 2021v4.1"
"/Return/ReturnHeader/BusinessOfficerGrp",539238,539204,"2021v4.0, 2021v4.2, 2021v4.1"
"/Return/ReturnHeader/Filer/BusinessNameControlTxt",539238,539204,"2021v4.0, 2021v4.2, 2021v4.1"
"/Return/ReturnHeader/BusinessOfficerGrp/PersonTitleTxt",539238,539204,"2021v4.1, 2021v4.0, 2021v4.2"
"/Return",539238,539204,"2021v4.0, 2021v4.2, 2021v4.1"
"/Return/ReturnHeader/Filer",539238,539204,"2021v4.0, 2021v4.2, 2021v4.1"
"/Return/ReturnHeader/ReturnTypeCd",539238,539204,"2021v4.1, 2021v4.0, 2021v4.2"
"/Return/ReturnHeader/TaxYr",539238,539204,"2021v4.1, 2021v4.0, 2021v4.2"
"/Return/ReturnData",539238,539204,"2021v4.0, 2021v4.2, 2021v4.1"
"/Return/ReturnHeader/TaxPeriodEndDt",539238,539204,"2021v4.1, 2021v4.0, 2021v4.2"
"/Return/ReturnHeader",539238,539204,"2021v4.1, 2021v4.0, 2021v4.2"
"/Return/ReturnHeader/ReturnTs",539238,539204,"2021v4.1, 2021v4.0, 2021v4.2"
"/Return/ReturnHeader/TaxPeriodBeginDt",539238,539204,"2021v4.1, 2021v4.0, 2021v4.2"
"/Return/ReturnHeader/Filer/BusinessName",539238,539204,"2021v4.0, 2021v4.2, 2021v4.1"
"/Return/ReturnHeader/BuildTS",539238,539204,"2021v4.0, 2021v4.2, 2021v4.1"
"/Return/ReturnHeader/Filer/BusinessName/BusinessNameLine1Txt",539238,539204,"2021v4.1, 2021v4.0, 2021v4.2"
"/Return/ReturnHeader/Filer/EIN",539238,539204,"2021v4.1, 2021v4.0, 2021v4.2"
"/Return/ReturnHeader/BusinessOfficerGrp/PersonNm",539238,539204,"2021v4.1, 2021v4.0, 2021v4.2"
"/Return/ReturnHeader/Filer/USAddress/AddressLine1Txt",538688,538655,"2021v4.1, 2021v4.0, 2021v4.2"
"/Return/ReturnHeader/Filer/USAddress/StateAbbreviationCd",538688,538655,"2021v4.1, 2021v4.0, 2021v4.2"
"/Return/ReturnHeader/Filer/USAddress/ZIPCd",538688,538655,"2021v4.1, 2021v4.0, 2021v4.2"
"/Return/ReturnHeader/Filer/USAddress/CityNm",538688,538655,"2021v4.1, 2021v4.0, 2021v4.2"
"/Return/ReturnHeader/Filer/USAddress",538688,538655,"2021v4.1, 2021v4.0, 2021v4.2"
"/Return/ReturnData/IRS990ScheduleR/IdRelatedTaxExemptOrgGrp",537284,67998,"2021v4.2, 2021v4.0, 2021v4.1"
"/Return/ReturnData/IRS990ScheduleR/IdRelatedTaxExemptOrgGrp/DisregardedEntityName",537179,67949,"2021v4.2, 2021v4.0, 2021v4.1"
"/Return/ReturnData/IRS990ScheduleR/IdRelatedTaxExemptOrgGrp/DisregardedEntityName/BusinessNameLine1Txt",537179,67949,"2021v4.2, 2021v4.0, 2021v4.1"
"/Return/ReturnData/IRS990ScheduleR/IdRelatedTaxExemptOrgGrp/ControlledOrganizationInd",529039,66885,"2021v4.2, 2021v4.0, 2021v4.1"
"/Return/ReturnData/IRS990ScheduleR/IdRelatedTaxExemptOrgGrp/PrimaryActivitiesTxt",527677,66286,"2021v4.2, 2021v4.0, 2021v4.1"
"/Return/ReturnData/IRS990ScheduleO",526524,526490,"2021v4.1, 2021v4.0, 2021v4.2"
"/Return/ReturnData/IRS990ScheduleR/IdRelatedTaxExemptOrgGrp/USAddress/CityNm",524674,66652,"2021v4.2, 2021v4.0, 2021v4.1"
"/Return/ReturnData/IRS990ScheduleR/IdRelatedTaxExemptOrgGrp/USAddress/AddressLine1Txt",524674,66652,"2021v4.1, 2021v4.2, 2021v4.0"
"/Return/ReturnData/IRS990ScheduleR/IdRelatedTaxExemptOrgGrp/USAddress/ZIPCd",524674,66652,"2021v4.1, 2021v4.2, 2021v4.0"
"/Return/ReturnData/IRS990ScheduleR/IdRelatedTaxExemptOrgGrp/USAddress",524674,66652,"2021v4.2, 2021v4.0, 2021v4.1"
"/Return/ReturnData/IRS990ScheduleR/IdRelatedTaxExemptOrgGrp/USAddress/StateAbbreviationCd",524674,66652,"2021v4.1, 2021v4.2, 2021v4.0"
"/Return/ReturnData/IRS990ScheduleR/IdRelatedTaxExemptOrgGrp/LegalDomicileStateCd",523416,66210,"2021v4.1, 2021v4.2, 2021v4.0"
"/Return/ReturnData/IRS990ScheduleR/IdRelatedTaxExemptOrgGrp/EIN",520346,64780,"2021v4.2, 2021v4.0, 2021v4.1"
"/Return/ReturnData/IRS990ScheduleR/IdRelatedTaxExemptOrgGrp/ExemptCodeSectionTxt",519329,64926,"2021v4.2, 2021v4.0, 2021v4.1"
"/Return/ReturnData/IRS990ScheduleR/IdRelatedTaxExemptOrgGrp/PublicCharityStatusTxt",483625,52289,"2021v4.2, 2021v4.0, 2021v4.1"
"/Return/ReturnHeader/SigningOfficerGrp",478785,478751,"2021v4.1, 2021v4.0, 2021v4.2"
"/Return/ReturnHeader/SigningOfficerGrp/PersonFullName",478764,478730,"2021v4.0, 2021v4.2, 2021v4.1"
"/Return/ReturnHeader/SigningOfficerGrp/PersonFullName/PersonFirstNm",478764,478730,"2021v4.0, 2021v4.2, 2021v4.1"
"/Return/ReturnHeader/SigningOfficerGrp/PersonFullName/PersonLastNm",477858,477824,"2021v4.0, 2021v4.2, 2021v4.1"
"/Return/ReturnHeader/PreparerPersonGrp",473521,473488,"2021v4.1, 2021v4.0, 2021v4.2"
"/Return/ReturnHeader/PreparerPersonGrp/PTIN",472284,472251,"2021v4.1, 2021v4.0, 2021v4.2"
"/Return/ReturnHeader/PreparerPersonGrp/PhoneNum",472138,472105,"2021v4.0, 2021v4.2, 2021v4.1"
"/Return/ReturnHeader/PreparerPersonGrp/PreparerPersonNm",471461,471428,"2021v4.0, 2021v4.2, 2021v4.1"
"/Return/ReturnHeader/PreparerFirmGrp/PreparerFirmName",471455,471422,"2021v4.1, 2021v4.0, 2021v4.2"
"/Return/ReturnHeader/PreparerFirmGrp/PreparerFirmName/BusinessNameLine1Txt",471455,471422,"2021v4.1, 2021v4.0, 2021v4.2"
"/Return/ReturnHeader/PreparerFirmGrp",471455,471422,"2021v4.1, 2021v4.0, 2021v4.2"
"/Return/ReturnHeader/PreparerFirmGrp/PreparerUSAddress/ZIPCd",471218,471185,"2021v4.1, 2021v4.0, 2021v4.2"
"/Return/ReturnHeader/PreparerFirmGrp/PreparerUSAddress/CityNm",471218,471185,"2021v4.0, 2021v4.2, 2021v4.1"
"/Return/ReturnHeader/PreparerFirmGrp/PreparerUSAddress/StateAbbreviationCd",471218,471185,"2021v4.1, 2021v4.0, 2021v4.2"
"/Return/ReturnHeader/PreparerFirmGrp/PreparerUSAddress/AddressLine1Txt",471218,471185,"2021v4.0, 2021v4.2, 2021v4.1"
"/Return/ReturnHeader/PreparerFirmGrp/PreparerUSAddress",471218,471185,"2021v4.1, 2021v4.0, 2021v4.2"
"/Return/ReturnData/IRS990/ProgramServiceRevenueGrp",455380,208433,"2021v4.0, 2021v4.2, 2021v4.1"
"/Return/ReturnHeader/Filer/PhoneNum",451865,451834,"2021v4.1, 2021v4.0, 2021v4.2"
"/Return/ReturnData/IRS990/ProgramServiceRevenueGrp/TotalRevenueColumnAmt",450895,207307,"2021v4.0, 2021v4.2, 2021v4.1"
"/Return/ReturnData/IRS990/OtherExpensesGrp/ManagementAndGeneralAmt",450413,187983,"2021v4.0, 2021v4.2, 2021v4.1"
"/Return/ReturnHeader/PreparerFirmGrp/PreparerFirmEIN",443357,443329,"2021v4.0, 2021v4.2, 2021v4.1"
"/Return/ReturnData/IRS990/ProgramServiceRevenueGrp/Desc",441860,206119,"2021v4.1, 2021v4.0, 2021v4.2"
"/Return/ReturnHeader/BusinessOfficerGrp/DiscussWithPaidPreparerInd",440234,440202,"2021v4.1, 2021v4.0, 2021v4.2"
"/Return/ReturnHeader/BusinessOfficerGrp/PhoneNum",437101,437070,"2021v4.0, 2021v4.2, 2021v4.1"
"/Return/ReturnHeader/SigningOfficerGrp/SSN",429397,429367,"2021v4.1, 2021v4.0, 2021v4.2"
"/Return/ReturnData/IRS990ScheduleA",415612,415579,"2021v4.0, 2021v4.2, 2021v4.1"
"/Return/ReturnData/IRS990ScheduleR/IdRelatedTaxExemptOrgGrp/DirectControllingEntityName",403458,33259,"2021v4.1, 2021v4.2, 2021v4.0"
"/Return/ReturnData/IRS990ScheduleR/IdRelatedTaxExemptOrgGrp/DirectControllingEntityName/BusinessNameLine1Txt",403458,33259,"2021v4.1, 2021v4.2, 2021v4.0"
"/Return/ReturnData/IRS990/ProgramServiceRevenueGrp/RelatedOrExemptFuncIncomeAmt",402727,186517,"2021v4.1, 2021v4.0, 2021v4.2"
"/Return/ReturnHeader/AdditionalFilerInformation/TrustedCustomerGrp",395951,395921,"2021v4.1, 2021v4.2, 2021v4.0"
"/Return/ReturnHeader/AdditionalFilerInformation",395951,395921,"2021v4.2, 2021v4.0, 2021v4.1"
"/Return/ReturnHeader/AdditionalFilerInformation/TrustedCustomerGrp/TrustedCustomerCd",389430,389400,"2021v4.2, 2021v4.0, 2021v4.1"
"/Return/ReturnHeader/AdditionalFilerInformation/TrustedCustomerGrp/AuthenticationAssuranceLevelCd",379471,379446,"2021v4.2, 2021v4.0, 2021v4.1"
"/Return/ReturnHeader/AdditionalFilerInformation/TrustedCustomerGrp/IdentityAssuranceLevelCd",343041,343015,"2021v4.1, 2021v4.2, 2021v4.0"
"/Return/ReturnData/IRS990/FundraisingActivitiesInd",336513,336480,"2021v4.1, 2021v4.0, 2021v4.2"
"/Return/ReturnData/IRS990/LoanOutstandingInd",336513,336480,"2021v4.0, 2021v4.2, 2021v4.1"
"/Return/ReturnData/IRS990/GrantToRelatedPersonInd",336513,336480,"2021v4.1, 2021v4.0, 2021v4.2"
"/Return/ReturnData/IRS990/ProhibitedTaxShelterTransInd",336513,336480,"2021v4.0, 2021v4.2, 2021v4.1"
"/Return/ReturnData/IRS990/CompensationFromOtherSrcsInd",336513,336480,"2021v4.1, 2021v4.0, 2021v4.2"
"/Return/ReturnData/IRS990/TotalLiabilitiesGrp/EOYAmt",336513,336480,"2021v4.1, 2021v4.0, 2021v4.2"
"/Return/ReturnData/IRS990/TotalLiabilitiesGrp/BOYAmt",336513,336480,"2021v4.0, 2021v4.2, 2021v4.1"
"/Return/ReturnData/IRS990/ReportInvestmentsOtherSecInd",336513,336480,"2021v4.1, 2021v4.0, 2021v4.2"
"/Return/ReturnData/IRS990/VotingMembersIndependentCnt",336513,336480,"2021v4.0, 2021v4.2, 2021v4.1"
"/Return/ReturnData/IRS990/IndependentVotingMemberCnt",336513,336480,"2021v4.1, 2021v4.0, 2021v4.2"
"/Return/ReturnData/IRS990/ForeignOfficeInd",336513,336480,"2021v4.1, 2021v4.0, 2021v4.2"
"/Return/ReturnData/IRS990/ReportLandBuildingEquipmentInd",336513,336480,"2021v4.1, 2021v4.0, 2021v4.2"
"/Return/ReturnData/IRS990/NetAssetsOrFundBalancesEOYAmt",336513,336480,"2021v4.0, 2021v4.2, 2021v4.1"
"/Return/ReturnData/IRS990/TotalAssetsEOYAmt",336513,336480,"2021v4.1, 2021v4.0, 2021v4.2"
"/Return/ReturnData/IRS990/ProfessionalFundraisingInd",336513,336480,"2021v4.1, 2021v4.0, 2021v4.2"
"/Return/ReturnData/IRS990/CYTotalProfFndrsngExpnsAmt",336513,336480,"2021v4.0, 2021v4.2, 2021v4.1"
"/Return/ReturnData/IRS990/CYBenefitsPaidToMembersAmt",336513,336480,"2021v4.0, 2021v4.2, 2021v4.1"
"/Return/ReturnData/IRS990/CYTotalRevenueAmt",336513,336480,"2021v4.0, 2021v4.2, 2021v4.1"
"/Return/ReturnData/IRS990/CYInvestmentIncomeAmt",336513,336480,"2021v4.0, 2021v4.2, 2021v4.1"
"/Return/ReturnData/IRS990/CYProgramServiceRevenueAmt",336513,336480,"2021v4.0, 2021v4.2, 2021v4.1"
"/Return/ReturnData/IRS990/TotalNetAssetsFundBalanceGrp",336513,336480,"2021v4.1, 2021v4.0, 2021v4.2"
"/Return/ReturnData/IRS990/TotalLiabilitiesGrp",336513,336480,"2021v4.0, 2021v4.2, 2021v4.1"
"/Return/ReturnData/IRS990/ScheduleORequiredInd",336513,336480,"2021v4.0, 2021v4.2, 2021v4.1"
"/Return/ReturnData/IRS990/MoreThan5000KToIndividualsInd",336513,336480,"2021v4.1, 2021v4.0, 2021v4.2"
"/Return/ReturnData/IRS990/ReportProgramRelatedInvstInd",336513,336480,"2021v4.1, 2021v4.0, 2021v4.2"
"/Return/ReturnData/IRS990/NondeductibleContributionsInd",336513,336480,"2021v4.0, 2021v4.2, 2021v4.1"
"/Return/ReturnData/IRS990/FSAuditedInd",336513,336480,"2021v4.1, 2021v4.0, 2021v4.2"
"/Return/ReturnData/IRS990/TotalNetAssetsFundBalanceGrp/BOYAmt",336513,336480,"2021v4.1, 2021v4.0, 2021v4.2"
"/Return/ReturnData/IRS990/BusinessRlnWithFamMemInd",336513,336480,"2021v4.0, 2021v4.2, 2021v4.1"
"/Return/ReturnData/IRS990/VotingMembersGoverningBodyCnt",336513,336480,"2021v4.1, 2021v4.0, 2021v4.2"
"/Return/ReturnData/IRS990/EmployeeCnt",336513,336480,"2021v4.0, 2021v4.2, 2021v4.1"
"/Return/ReturnData/IRS990/ActivitiesConductedPrtshpInd",336513,336480,"2021v4.1, 2021v4.0, 2021v4.2"
"/Return/ReturnData/IRS990/BusinessRlnWithOrgMemInd",336513,336480,"2021v4.0, 2021v4.2, 2021v4.1"
"/Return/ReturnData/IRS990/TaxExemptBondsInd",336513,336480,"2021v4.0, 2021v4.2, 2021v4.1"
"/Return/ReturnData/IRS990/PoliticalCampaignActyInd",336513,336480,"2021v4.0, 2021v4.2, 2021v4.1"
"/Return/ReturnData/IRS990/AccountantCompileOrReviewInd",336513,336480,"2021v4.1, 2021v4.0, 2021v4.2"
"/Return/ReturnData/IRS990/InvestmentInJointVentureInd",336513,336480,"2021v4.1, 2021v4.0, 2021v4.2"
"/Return/ReturnData/IRS990/GrantsToOrganizationsInd",336513,336480,"2021v4.0, 2021v4.2, 2021v4.1"
"/Return/ReturnData/IRS990/TotalAssetsGrp/EOYAmt",336513,336480,"2021v4.0, 2021v4.2, 2021v4.1"
"/Return/ReturnData/IRS990",336513,336480,"2021v4.1, 2021v4.0, 2021v4.2"
"/Return/ReturnData/IRS990/CYOtherExpensesAmt",336513,336480,"2021v4.1, 2021v4.0, 2021v4.2"
"/Return/ReturnData/IRS990/ForeignActivitiesInd",336513,336480,"2021v4.0, 2021v4.2, 2021v4.1"
"/Return/ReturnData/IRS990/Form990ProvidedToGvrnBodyInd",336513,336480,"2021v4.1, 2021v4.0, 2021v4.2"
"/Return/ReturnData/IRS990/ChangeToOrgDocumentsInd",336513,336480,"2021v4.0, 2021v4.2, 2021v4.1"
"/Return/ReturnData/IRS990/TotalNetAssetsFundBalanceGrp/EOYAmt",336513,336480,"2021v4.1, 2021v4.0, 2021v4.2"
"/Return/ReturnData/IRS990/BooksInCareOfDetail/PhoneNum",336513,336480,"2021v4.0, 2021v4.2, 2021v4.1"
"/Return/ReturnData/IRS990/FormerOfcrEmployeesListedInd",336513,336480,"2021v4.0, 2021v4.2, 2021v4.1"
"/Return/ReturnData/IRS990/WhistleblowerPolicyInd",336513,336480,"2021v4.0, 2021v4.2, 2021v4.1"
"/Return/ReturnData/IRS990/DeductibleArtContributionInd",336513,336480,"2021v4.0, 2021v4.2, 2021v4.1"
"/Return/ReturnData/IRS990/ElectionOfBoardMembersInd",336513,336480,"2021v4.0, 2021v4.2, 2021v4.1"
"/Return/ReturnData/IRS990/ReportOtherLiabilitiesInd",336513,336480,"2021v4.0, 2021v4.2, 2021v4.1"
"/Return/ReturnData/IRS990/ForeignFinancialAccountInd",336513,336480,"2021v4.0, 2021v4.2, 2021v4.1"
"/Return/ReturnData/IRS990/TotalFunctionalExpensesGrp/TotalAmt",336513,336480,"2021v4.0, 2021v4.2, 2021v4.1"
"/Return/ReturnData/IRS990/IncludeFIN48FootnoteInd",336513,336480,"2021v4.0, 2021v4.2, 2021v4.1"
"/Return/ReturnData/IRS990/GrossReceiptsAmt",336513,336480,"2021v4.0, 2021v4.2, 2021v4.1"
"/Return/ReturnData/IRS990/IndependentAuditFinclStmtInd",336513,336480,"2021v4.0, 2021v4.2, 2021v4.1"
"/Return/ReturnData/IRS990/MoreThan5000KToOrgInd",336513,336480,"2021v4.1, 2021v4.0, 2021v4.2"
"/Return/ReturnData/IRS990/CYOtherRevenueAmt",336513,336480,"2021v4.0, 2021v4.2, 2021v4.1"
"/Return/ReturnData/IRS990/CYTotalFundraisingExpenseAmt",336513,336480,"2021v4.1, 2021v4.0, 2021v4.2"
"/Return/ReturnData/IRS990/ConservationEasementsInd",336513,336480,"2021v4.1, 2021v4.0, 2021v4.2"
"/Return/ReturnData/IRS990/UnrelatedBusIncmOverLimitInd",336513,336480,"2021v4.0, 2021v4.2, 2021v4.1"
"/Return/ReturnData/IRS990/TotalAssetsGrp/BOYAmt",336513,336480,"2021v4.1, 2021v4.0, 2021v4.2"
"/Return/ReturnData/IRS990/DisregardedEntityInd",336513,336480,"2021v4.1, 2021v4.0, 2021v4.2"
"/Return/ReturnData/IRS990/TaxablePartyNotificationInd",336513,336480,"2021v4.0, 2021v4.2, 2021v4.1"
"/Return/ReturnData/IRS990/Desc",336513,336480,"2021v4.0, 2021v4.2, 2021v4.1"
"/Return/ReturnData/IRS990/TotLiabNetAssetsFundBalanceGrp/BOYAmt",336513,336480,"2021v4.0, 2021v4.2, 2021v4.1"
"/Return/ReturnData/IRS990/TotLiabNetAssetsFundBalanceGrp",336513,336480,"2021v4.1, 2021v4.0, 2021v4.2"
"/Return/ReturnData/IRS990/CYTotalExpensesAmt",336513,336480,"2021v4.1, 2021v4.0, 2021v4.2"
"/Return/ReturnData/IRS990/CYGrantsAndSimilarPaidAmt",336513,336480,"2021v4.1, 2021v4.0, 2021v4.2"
"/Return/ReturnData/IRS990/DescribedInSection501c3Ind",336513,336480,"2021v4.1, 2021v4.0, 2021v4.2"
"/Return/ReturnData/IRS990/ActivityOrMissionDesc",336513,336480,"2021v4.1, 2021v4.0, 2021v4.2"
"/Return/ReturnData/IRS990/ScheduleJRequiredInd",336513,336480,"2021v4.1, 2021v4.0, 2021v4.2"
"/Return/ReturnData/IRS990/FamilyOrBusinessRlnInd",336513,336480,"2021v4.1, 2021v4.0, 2021v4.2"
"/Return/ReturnData/IRS990/TotalFunctionalExpensesGrp",336513,336480,"2021v4.0, 2021v4.2, 2021v4.1"
"/Return/ReturnData/IRS990/MembersOrStockholdersInd",336513,336480,"2021v4.1, 2021v4.0, 2021v4.2"
"/Return/ReturnData/IRS990/PartialLiquidationInd",336513,336480,"2021v4.0, 2021v4.2, 2021v4.1"
"/Return/ReturnData/IRS990/ConflictOfInterestPolicyInd",336513,336480,"2021v4.1, 2021v4.0, 2021v4.2"
"/Return/ReturnData/IRS990/TotalRevenueGrp/TotalRevenueColumnAmt",336513,336480,"2021v4.0, 2021v4.2, 2021v4.1"
"/Return/ReturnData/IRS990/IndoorTanningServicesInd",336513,336480,"2021v4.1, 2021v4.0, 2021v4.2"
"/Return/ReturnData/IRS990/TotalRevenueGrp",336513,336480,"2021v4.0, 2021v4.2, 2021v4.1"
"/Return/ReturnData/IRS990/DeductibleNonCashContriInd",336513,336480,"2021v4.1, 2021v4.0, 2021v4.2"
"/Return/ReturnData/IRS990/TotalGrossUBIAmt",336513,336480,"2021v4.0, 2021v4.2, 2021v4.1"
"/Return/ReturnData/IRS990/CYSalariesCompEmpBnftPaidAmt",336513,336480,"2021v4.0, 2021v4.2, 2021v4.1"
"/Return/ReturnData/IRS990/DecisionsSubjectToApprovaInd",336513,336480,"2021v4.0, 2021v4.2, 2021v4.1"
"/Return/ReturnData/IRS990/TotalCompGreaterThan150KInd",336513,336480,"2021v4.1, 2021v4.0, 2021v4.2"
"/Return/ReturnData/IRS990/DonorAdvisedFundInd",336513,336480,"2021v4.0, 2021v4.2, 2021v4.1"
"/Return/ReturnData/IRS990/BooksInCareOfDetail",336513,336480,"2021v4.1, 2021v4.0, 2021v4.2"
"/Return/ReturnData/IRS990/RelatedOrganizationCtrlEntInd",336513,336480,"2021v4.0, 2021v4.2, 2021v4.1"
"/Return/ReturnData/IRS990/MaterialDiversionOrMisuseInd",336513,336480,"2021v4.1, 2021v4.0, 2021v4.2"
"/Return/ReturnData/IRS990/DocumentRetentionPolicyInd",336513,336480,"2021v4.1, 2021v4.0, 2021v4.2"
"/Return/ReturnData/IRS990/CreditCounselingInd",336513,336480,"2021v4.1, 2021v4.0, 2021v4.2"
"/Return/ReturnData/IRS990/SchoolOperatingInd",336513,336480,"2021v4.0, 2021v4.2, 2021v4.1"
"/Return/ReturnData/IRS990/GamingActivitiesInd",336513,336480,"2021v4.0, 2021v4.2, 2021v4.1"
"/Return/ReturnData/IRS990/BusinessRlnWith35CtrlEntInd",336513,336480,"2021v4.0, 2021v4.2, 2021v4.1"
"/Return/ReturnData/IRS990/ReconcilationRevenueExpnssAmt",336513,336480,"2021v4.0, 2021v4.2, 2021v4.1"
"/Return/ReturnData/IRS990/IRPDocumentCnt",336513,336480,"2021v4.0, 2021v4.2, 2021v4.1"
"/Return/ReturnData/IRS990/IRPDocumentW2GCnt",336513,336480,"2021v4.0, 2021v4.2, 2021v4.1"
"/Return/ReturnData/IRS990/DonorRstrOrQuasiEndowmentsInd",336513,336480,"2021v4.1, 2021v4.0, 2021v4.2"
"/Return/ReturnData/IRS990/ReportOtherAssetsInd",336513,336480,"2021v4.0, 2021v4.2, 2021v4.1"
"/Return/ReturnData/IRS990/MinutesOfGoverningBodyInd",336513,336480,"2021v4.0, 2021v4.2, 2021v4.1"
"/Return/ReturnData/IRS990/LocalChaptersInd",336513,336480,"2021v4.1, 2021v4.0, 2021v4.2"
"/Return/ReturnData/IRS990/CYRevenuesLessExpensesAmt",336513,336480,"2021v4.0, 2021v4.2, 2021v4.1"
"/Return/ReturnData/IRS990/CYContributionsGrantsAmt",336513,336480,"2021v4.0, 2021v4.2, 2021v4.1"
"/Return/ReturnData/IRS990/ConsolidatedAuditFinclStmtInd",336513,336480,"2021v4.0, 2021v4.2, 2021v4.1"
"/Return/ReturnData/IRS990/TotalAssetsGrp",336513,336480,"2021v4.0, 2021v4.2, 2021v4.1"
"/Return/ReturnData/IRS990/DelegationOfMgmtDutiesInd",336513,336480,"2021v4.0, 2021v4.2, 2021v4.1"
"/Return/ReturnData/IRS990/OfficerMailingAddressInd",336513,336480,"2021v4.1, 2021v4.0, 2021v4.2"
"/Return/ReturnData/IRS990/TerminateOperationsInd",336513,336480,"2021v4.1, 2021v4.0, 2021v4.2"
"/Return/ReturnData/IRS990/TotLiabNetAssetsFundBalanceGrp/EOYAmt",336513,336480,"2021v4.1, 2021v4.0, 2021v4.2"
"/Return/ReturnData/IRS990/TotalLiabilitiesEOYAmt",336513,336480,"2021v4.1, 2021v4.0, 2021v4.2"
"/Return/ReturnData/IRS990/GroupReturnForAffiliatesInd",336513,336480,"2021v4.1, 2021v4.0, 2021v4.2"
"/Return/ReturnData/IRS990/GrantsToIndividualsInd",336513,336480,"2021v4.0, 2021v4.2, 2021v4.1"
"/Return/ReturnData/IRS990/TotalEmployeeCnt",336513,336480,"2021v4.0, 2021v4.2, 2021v4.1"
"/Return/ReturnData/IRS990/OperateHospitalInd",336513,336480,"2021v4.1, 2021v4.0, 2021v4.2"
"/Return/ReturnData/IRS990/CollectionsOfArtInd",336513,336480,"2021v4.0, 2021v4.2, 2021v4.1"
"/Return/ReturnData/IRS990/GoverningBodyVotingMembersCnt",336513,336480,"2021v4.1, 2021v4.0, 2021v4.2"
"/Return/ReturnData/IRS990/RelatedEntityInd",336513,336480,"2021v4.1, 2021v4.0, 2021v4.2"
"/Return/ReturnData/IRS990/ScheduleBRequiredInd",336513,336480,"2021v4.1, 2021v4.0, 2021v4.2"
"/Return/ReturnData/IRS990/MinutesOfCommitteesInd",335843,335810,"2021v4.0, 2021v4.2, 2021v4.1"
"/Return/ReturnData/IRS990/BooksInCareOfDetail/USAddress/ZIPCd",335651,335620,"2021v4.1, 2021v4.0, 2021v4.2"
"/Return/ReturnData/IRS990/BooksInCareOfDetail/USAddress/AddressLine1Txt",335651,335620,"2021v4.1, 2021v4.0, 2021v4.2"
"/Return/ReturnData/IRS990/BooksInCareOfDetail/USAddress/CityNm",335651,335620,"2021v4.1, 2021v4.0, 2021v4.2"
"/Return/ReturnData/IRS990/BooksInCareOfDetail/USAddress",335651,335620,"2021v4.1, 2021v4.0, 2021v4.2"
"/Return/ReturnData/IRS990/BooksInCareOfDetail/USAddress/StateAbbreviationCd",335651,335620,"2021v4.0, 2021v4.2, 2021v4.1"
"/Return/ReturnData/IRS990/MissionDesc",335606,335573,"2021v4.1, 2021v4.0, 2021v4.2"
"/Return/ReturnData/IRS990/CompensationProcessCEOInd",335482,335449,"2021v4.0, 2021v4.2, 2021v4.1"
"/Return/ReturnData/IRS990/CompensationProcessOtherInd",335393,335360,"2021v4.0, 2021v4.2, 2021v4.1"
"/Return/ReturnData/IRS990/ProgramServiceRevenueGrp/BusinessCd",334021,159267,"2021v4.0, 2021v4.2, 2021v4.1"
"/Return/ReturnData/IRS990/SignificantNewProgramSrvcInd",332762,332729,"2021v4.1, 2021v4.0, 2021v4.2"
"/Return/ReturnData/IRS990/SignificantChangeInd",332653,332620,"2021v4.0, 2021v4.2, 2021v4.1"
"/Return/ReturnData/IRS990/TotalAssetsBOYAmt",329886,329853,"2021v4.0, 2021v4.2, 2021v4.1"
"/Return/ReturnHeader/PreparerPersonGrp/PreparationDt",329875,329856,"2021v4.1, 2021v4.0, 2021v4.2"
"/Return/ReturnData/IRS990/NetAssetsOrFundBalancesBOYAmt",329464,329431,"2021v4.1, 2021v4.0, 2021v4.2"
"/Return/ReturnData/IRS990ScheduleI/RecipientTable/ValuationMethodUsedDesc",329449,8487,"2021v4.2, 2021v4.0, 2021v4.1"
"/Return/ReturnData/IRS990/SubjectToProxyTaxInd",325539,325506,"2021v4.0, 2021v4.2, 2021v4.1"
"/Return/ReturnData/IRS990/PYTotalRevenueAmt",321973,321940,"2021v4.1, 2021v4.0, 2021v4.2"
"/Return/ReturnData/IRS990/PYRevenuesLessExpensesAmt",321950,321917,"2021v4.1, 2021v4.0, 2021v4.2"
"/Return/ReturnData/IRS990/PYTotalExpensesAmt",321375,321342,"2021v4.0, 2021v4.2, 2021v4.1"
"/Return/ReturnData/IRS990/InfoInScheduleOPartVIInd",321294,321262,"2021v4.0, 2021v4.2, 2021v4.1"
"/Return/ReturnData/IRS990/LegalDomicileStateCd",319955,319924,"2021v4.0, 2021v4.2, 2021v4.1"
"/Return/ReturnData/IRS990/PYOtherExpensesAmt",319748,319716,"2021v4.0, 2021v4.2, 2021v4.1"
"/Return/ReturnData/IRS990/TotalFunctionalExpensesGrp/ProgramServicesAmt",316931,316898,"2021v4.0, 2021v4.2, 2021v4.1"
"/Return/ReturnData/IRS990/TotalFunctionalExpensesGrp/ManagementAndGeneralAmt",316085,316053,"2021v4.0, 2021v4.2, 2021v4.1"
"/Return/ReturnData/IRS990/FormationYr",315363,315331,"2021v4.0, 2021v4.2, 2021v4.1"
"/Return/ReturnData/IRS990/SubjectToExcsTaxNetInvstIncInd",315039,315008,"2021v4.1, 2021v4.0, 2021v4.2"
"/Return/ReturnData/IRS990/SubjToTaxRmnrtnExPrchtPymtInd",315022,314991,"2021v4.0, 2021v4.2, 2021v4.1"
"/Return/ReturnData/IRS990/TotalFunctionalExpensesGrp/FundraisingAmt",314801,314769,"2021v4.1, 2021v4.0, 2021v4.2"
"/Return/ReturnData/IRS990/CashNonInterestBearingGrp",312899,312872,"2021v4.0, 2021v4.2, 2021v4.1"
"/Return/ReturnData/IRS990/StatesWhereCopyOfReturnIsFldCd",311847,174577,"2021v4.1, 2021v4.0, 2021v4.2"
"/Return/ReturnData/IRS990/CashNonInterestBearingGrp/EOYAmt",310338,310311,"2021v4.1, 2021v4.0, 2021v4.2"
"/Return/ReturnData/IRS990EZ/ProgramSrvcAccomplishmentGrp/DescriptionProgramSrvcAccomTxt",309709,202724,"2021v4.1, 2021v4.2, 2021v4.0"
"/Return/ReturnData/IRS990EZ/ProgramSrvcAccomplishmentGrp",309709,202724,"2021v4.1, 2021v4.2, 2021v4.0"
"/Return/ReturnData/IRS990/CashNonInterestBearingGrp/BOYAmt",303619,303592,"2021v4.0, 2021v4.2, 2021v4.1"
"/Return/ReturnData/IRS990/TotalRevenueGrp/RelatedOrExemptFuncIncomeAmt",300131,300099,"2021v4.0, 2021v4.2, 2021v4.1"
"/Return/ReturnData/IRS990/FederalGrantAuditRequiredInd",299451,299419,"2021v4.0, 2021v4.2, 2021v4.1"
"/Return/ReturnData/IRS990/TypeOfOrganizationCorpInd",299210,299180,"2021v4.1, 2021v4.0, 2021v4.2"
"/Return/ReturnData/IRS990/USAddress/StateAbbreviationCd",298457,298430,"2021v4.1, 2021v4.0, 2021v4.2"
"/Return/ReturnData/IRS990/USAddress/AddressLine1Txt",298457,298430,"2021v4.0, 2021v4.2, 2021v4.1"
"/Return/ReturnData/IRS990/USAddress",298457,298430,"2021v4.0, 2021v4.2, 2021v4.1"
"/Return/ReturnData/IRS990/USAddress/ZIPCd",298457,298430,"2021v4.1, 2021v4.0, 2021v4.2"
"/Return/ReturnData/IRS990/USAddress/CityNm",298457,298430,"2021v4.0, 2021v4.2, 2021v4.1"
"/Return/ReturnData/IRS990/UponRequestInd",296640,296609,"2021v4.1, 2021v4.0, 2021v4.2"
"/Return/ReturnData/IRS990/WebsiteAddressTxt",294066,294034,"2021v4.1, 2021v4.0, 2021v4.2"
"/Return/ReturnData/IRS990/PrincipalOfficerNm",292052,292021,"2021v4.1, 2021v4.0, 2021v4.2"
"/Return/ReturnData/IRS990/PYContributionsGrantsAmt",291562,291530,"2021v4.1, 2021v4.0, 2021v4.2"
"/Return/ReturnData/IRS990/TotalProgramServiceExpensesAmt",289126,289093,"2021v4.0, 2021v4.2, 2021v4.1"
"/Return/ReturnData/IRS990ScheduleR/IdRelatedOrgTxblCorpTrGrp",287156,20823,"2021v4.1, 2021v4.2, 2021v4.0"
"/Return/ReturnData/IRS990ScheduleR/IdRelatedOrgTxblCorpTrGrp/RelatedOrganizationName",287104,20809,"2021v4.1, 2021v4.2, 2021v4.0"
"/Return/ReturnData/IRS990ScheduleR/IdRelatedOrgTxblCorpTrGrp/RelatedOrganizationName/BusinessNameLine1Txt",287104,20809,"2021v4.2, 2021v4.0, 2021v4.1"
"/Return/ReturnData/IRS990/TotalContributionsAmt",286771,286740,"2021v4.1, 2021v4.0, 2021v4.2"
"/Return/ReturnData/IRS990/ExpenseAmt",282653,282620,"2021v4.0, 2021v4.2, 2021v4.1"
"/Return/ReturnData/IRS990ScheduleJ/RltdOrgOfficerTrstKeyEmplGrp",280175,70420,"2021v4.2, 2021v4.0, 2021v4.1"
"/Return/ReturnData/IRS990/OfficeExpensesGrp",279482,279452,"2021v4.0, 2021v4.2, 2021v4.1"
"/Return/ReturnData/IRS990/OfficeExpensesGrp/TotalAmt",279475,279445,"2021v4.0, 2021v4.2, 2021v4.1"
"/Return/ReturnData/IRS990/TotalLiabilitiesBOYAmt",278274,278242,"2021v4.1, 2021v4.0, 2021v4.2"
"/Return/ReturnData/IRS990ScheduleJ/RltdOrgOfficerTrstKeyEmplGrp/TitleTxt",274620,67974,"2021v4.2, 2021v4.0, 2021v4.1"
"/Return/ReturnData/IRS990ScheduleD",271930,271898,"2021v4.1, 2021v4.0, 2021v4.2"
"/Return/ReturnData/IRS990/PYExcessBenefitTransInd",271707,271674,"2021v4.1, 2021v4.0, 2021v4.2"
"/Return/ReturnData/IRS990/EngagedInExcessBenefitTransInd",271422,271390,"2021v4.1, 2021v4.0, 2021v4.2"
"/Return/ReturnData/IRS990/PYInvestmentIncomeAmt",269587,269557,"2021v4.1, 2021v4.0, 2021v4.2"
"/Return/ReturnData/IRS990ScheduleJ/RltdOrgOfficerTrstKeyEmplGrp/TotalCompensationFilingOrgAmt",266549,66615,"2021v4.2, 2021v4.0, 2021v4.1"
"/Return/ReturnData/IRS990ScheduleJ/RltdOrgOfficerTrstKeyEmplGrp/BaseCompensationFilingOrgAmt",266349,66530,"2021v4.2, 2021v4.0, 2021v4.1"
"/Return/ReturnData/IRS990/FeesForServicesAccountingGrp",263692,263665,"2021v4.1, 2021v4.0, 2021v4.2"
"/Return/ReturnData/IRS990/FeesForServicesAccountingGrp/TotalAmt",263683,263656,"2021v4.0, 2021v4.2, 2021v4.1"
"/Return/ReturnData/IRS990ScheduleI/RecipientTable/NonCashAssistanceDesc",263188,5022,"2021v4.2, 2021v4.0, 2021v4.1"
"/Return/ReturnData/IRS990ScheduleJ/RltdOrgOfficerTrstKeyEmplGrp/PersonNm",262749,68462,"2021v4.2, 2021v4.0, 2021v4.1"
"/Return/ReturnData/IRS990/PYSalariesCompEmpBnftPaidAmt",262740,262709,"2021v4.0, 2021v4.2, 2021v4.1"
"/Return/ReturnData/IRS990/TotalRevenueGrp/ExclusionAmt",262527,262496,"2021v4.0, 2021v4.2, 2021v4.1"
"/Return/ReturnData/IRS990/InsuranceGrp",262154,262125,"2021v4.0, 2021v4.2, 2021v4.1"
"/Return/ReturnData/IRS990/InsuranceGrp/TotalAmt",262147,262118,"2021v4.1, 2021v4.0, 2021v4.2"
"/Return/ReturnData/IRS990/LobbyingActivitiesInd",258643,258611,"2021v4.0, 2021v4.2, 2021v4.1"
"/Return/ReturnData/IRS990/TrnsfrExmptNonChrtblRltdOrgInd",258105,258073,"2021v4.0, 2021v4.2, 2021v4.1"
"/Return/ReturnData/IRS990/InvestmentIncomeGrp",256880,256851,"2021v4.0, 2021v4.2, 2021v4.1"
"/Return/ReturnData/IRS990/Organization501c3Ind",256862,256830,"2021v4.0, 2021v4.2, 2021v4.1"
"/Return/ReturnData/IRS990/InvestmentIncomeGrp/TotalRevenueColumnAmt",256695,256666,"2021v4.1, 2021v4.0, 2021v4.2"
"/Return/ReturnData/IRS990ScheduleJ/RltdOrgOfficerTrstKeyEmplGrp/NontaxableBenefitsFilingOrgAmt",255180,60705,"2021v4.2, 2021v4.0, 2021v4.1"
"/Return/ReturnData/IRS990ScheduleJ/RltdOrgOfficerTrstKeyEmplGrp/DeferredCompensationFlngOrgAmt",254123,60278,"2021v4.2, 2021v4.0, 2021v4.1"
"/Return/ReturnData/IRS990/OrganizationFollowsFASB117Ind",251696,251665,"2021v4.0, 2021v4.2, 2021v4.1"
"/Return/ReturnData/IRS990/PYProgramServiceRevenueAmt",251124,251093,"2021v4.0, 2021v4.2, 2021v4.1"
"/Return/ReturnData/IRS990/TotalReportableCompFromOrgAmt",250133,250102,"2021v4.1, 2021v4.0, 2021v4.2"
"/Return/ReturnData/IRS990/NoDonorRestrictionNetAssetsGrp",249392,249361,"2021v4.0, 2021v4.2, 2021v4.1"
"/Return/ReturnData/IRS990/NoDonorRestrictionNetAssetsGrp/EOYAmt",248267,248236,"2021v4.0, 2021v4.2, 2021v4.1"
"/Return/ReturnData/IRS990ScheduleJ/RltdOrgOfficerTrstKeyEmplGrp/TotalCompensationRltdOrgsAmt",246560,58171,"2021v4.2, 2021v4.0, 2021v4.1"
"/Return/ReturnData/IRS990ScheduleJ/RltdOrgOfficerTrstKeyEmplGrp/CompensationBasedOnRltdOrgsAmt",246304,58073,"2021v4.1, 2021v4.2, 2021v4.0"
"/Return/ReturnData/IRS990/NoDonorRestrictionNetAssetsGrp/BOYAmt",246133,246102,"2021v4.1, 2021v4.0, 2021v4.2"
"/Return/ReturnData/IRS990ScheduleR/IdRelatedOrgTxblPartnershipGrp",246078,12100,"2021v4.2, 2021v4.0, 2021v4.1"
"/Return/ReturnData/IRS990ScheduleR/IdRelatedOrgTxblPartnershipGrp/RelatedOrganizationName/BusinessNameLine1Txt",246072,12099,"2021v4.1, 2021v4.2, 2021v4.0"
"/Return/ReturnData/IRS990ScheduleR/IdRelatedOrgTxblPartnershipGrp/RelatedOrganizationName",246072,12099,"2021v4.1, 2021v4.2, 2021v4.0"
"/Return/ReturnData/IRS990/TotalVolunteersCnt",244493,244465,"2021v4.1, 2021v4.0, 2021v4.2"
"/Return/ReturnData/IRS990ScheduleJ/RltdOrgOfficerTrstKeyEmplGrp/BonusFilingOrganizationAmount",244172,56928,"2021v4.2, 2021v4.0, 2021v4.1"
"/Return/ReturnData/IRS990/LandBldgEquipBasisNetGrp",244048,244018,"2021v4.0, 2021v4.2, 2021v4.1"
"/Return/ReturnData/IRS990ScheduleJ/RltdOrgOfficerTrstKeyEmplGrp/NontaxableBenefitsRltdOrgsAmt",243853,57000,"2021v4.2, 2021v4.0, 2021v4.1"
"/Return/ReturnData/IRS990ScheduleJ/RltdOrgOfficerTrstKeyEmplGrp/DeferredCompRltdOrgsAmt",243071,56734,"2021v4.1, 2021v4.2, 2021v4.0"
"/Return/ReturnData/IRS990ScheduleJ/RltdOrgOfficerTrstKeyEmplGrp/OtherCompensationFilingOrgAmt",242707,56067,"2021v4.2, 2021v4.0, 2021v4.1"
"/Return/ReturnData/IRS990/PYOtherRevenueAmt",241795,241764,"2021v4.0, 2021v4.2, 2021v4.1"
"/Return/ReturnData/IRS990ScheduleJ/RltdOrgOfficerTrstKeyEmplGrp/OtherCompensationRltdOrgsAmt",240204,55404,"2021v4.1, 2021v4.2, 2021v4.0"
"/Return/ReturnData/IRS990ScheduleJ/RltdOrgOfficerTrstKeyEmplGrp/BonusRelatedOrganizationsAmt",239530,55395,"2021v4.1, 2021v4.2, 2021v4.0"
"/Return/ReturnData/IRS990/LandBldgEquipBasisNetGrp/EOYAmt",239079,239049,"2021v4.1, 2021v4.0, 2021v4.2"
"/Return/ReturnData/IRS990/TotalProgramServiceRevenueAmt",238046,238016,"2021v4.1, 2021v4.0, 2021v4.2"
"/Return/ReturnData/IRS990ScheduleR/IdRelatedOrgTxblPartnershipGrp/PrimaryActivitiesTxt",235492,11560,"2021v4.1, 2021v4.2, 2021v4.0"
"/Return/ReturnData/IRS990ScheduleD/OtherLiabilitiesOrgGrp",234524,125619,"2021v4.1, 2021v4.2, 2021v4.0"
"/Return/ReturnData/IRS990ScheduleD/TotalBookValueLandBuildingsAmt",234306,234275,"2021v4.0, 2021v4.2, 2021v4.1"
"/Return/ReturnData/IRS990ScheduleD/OtherLiabilitiesOrgGrp/Desc",233910,125176,"2021v4.1, 2021v4.2, 2021v4.0"
"/Return/ReturnData/IRS990/IndivRcvdGreaterThan100KCnt",233846,233817,"2021v4.2, 2021v4.0, 2021v4.1"
"/Return/ReturnData/IRS990/OccupancyGrp",233771,233741,"2021v4.1, 2021v4.0, 2021v4.2"
"/Return/ReturnData/IRS990/OccupancyGrp/TotalAmt",233765,233735,"2021v4.1, 2021v4.0, 2021v4.2"
"/Return/ReturnData/IRS990/AllOtherContributionsAmt",233501,233472,"2021v4.1, 2021v4.2, 2021v4.0"
"/Return/ReturnData/IRS990EZ/ProgramSrvcAccomplishmentGrp/ProgramServiceExpensesAmt",233414,151457,"2021v4.1, 2021v4.2, 2021v4.0"
"/Return/ReturnData/IRS990ScheduleR/IdRelatedOrgTxblPartnershipGrp/USAddress/CityNm",233262,11570,"2021v4.1, 2021v4.2, 2021v4.0"
"/Return/ReturnData/IRS990ScheduleR/IdRelatedOrgTxblPartnershipGrp/USAddress/ZIPCd",233262,11570,"2021v4.1, 2021v4.2, 2021v4.0"
"/Return/ReturnData/IRS990ScheduleR/IdRelatedOrgTxblPartnershipGrp/USAddress/AddressLine1Txt",233262,11570,"2021v4.1, 2021v4.2, 2021v4.0"
"/Return/ReturnData/IRS990ScheduleR/IdRelatedOrgTxblPartnershipGrp/USAddress/StateAbbreviationCd",233262,11570,"2021v4.2, 2021v4.0, 2021v4.1"
"/Return/ReturnData/IRS990ScheduleR/IdRelatedOrgTxblPartnershipGrp/USAddress",233262,11570,"2021v4.1, 2021v4.2, 2021v4.0"
"/Return/ReturnData/IRS990ScheduleR/IdRelatedOrgTxblPartnershipGrp/LegalDomicileStateCd",232812,11559,"2021v4.1, 2021v4.2, 2021v4.0"
"/Return/ReturnData/IRS990ScheduleJ/RltdOrgOfficerTrstKeyEmplGrp/CompReportPrior990FilingOrgAmt",231690,53380,"2021v4.1, 2021v4.2, 2021v4.0"
"/Return/ReturnData/IRS990ScheduleJ/RltdOrgOfficerTrstKeyEmplGrp/CompReportPrior990RltdOrgsAmt",231610,53380,"2021v4.2, 2021v4.0, 2021v4.1"
"/Return/ReturnData/IRS990ScheduleR/IdRelatedOrgTxblPartnershipGrp/EIN",231019,11287,"2021v4.2, 2021v4.0, 2021v4.1"
"/Return/ReturnData/IRS990/QuidProQuoContributionsInd",230370,230339,"2021v4.1, 2021v4.0, 2021v4.2"
"/Return/ReturnData/IRS990/LandBldgEquipCostOrOtherBssAmt",230141,230111,"2021v4.0, 2021v4.2, 2021v4.1"
"/Return/ReturnData/IRS990/Form8282PropertyDisposedOfInd",229794,229764,"2021v4.1, 2021v4.0, 2021v4.2"
"/Return/ReturnData/IRS990/OtherExpensesGrp/FundraisingAmt",229655,93353,"2021v4.2, 2021v4.0, 2021v4.1"
"/Return/ReturnData/IRS990/OtherSalariesAndWagesGrp",228455,228425,"2021v4.1, 2021v4.0, 2021v4.2"
"/Return/ReturnData/IRS990/OtherSalariesAndWagesGrp/TotalAmt",228453,228423,"2021v4.0, 2021v4.2, 2021v4.1"
"/Return/ReturnData/IRS990ScheduleB/ContributorInformationGrp/ContributorUSAddress/ZIPCode",227991,227968,"2021v4.0, 2021v4.2, 2021v4.1"
"/Return/ReturnData/IRS990ScheduleB/ContributorInformationGrp/TotalContributionsAmt",227991,227968,"2021v4.1, 2021v4.0, 2021v4.2"
"/Return/ReturnData/IRS990ScheduleB/ContributorInformationGrp/ContributorBusinessName",227991,227968,"2021v4.1, 2021v4.0, 2021v4.2"
"/Return/ReturnData/IRS990ScheduleB",227991,227968,"2021v4.0, 2021v4.2, 2021v4.1"
"/Return/ReturnData/IRS990ScheduleB/ContributorInformationGrp/ContributorUSAddress",227991,227968,"2021v4.0, 2021v4.2, 2021v4.1"
"/Return/ReturnData/IRS990ScheduleB/ContributorInformationGrp/ContributorUSAddress/AddressLine1",227991,227968,"2021v4.0, 2021v4.2, 2021v4.1"
"/Return/ReturnData/IRS990ScheduleB/ContributorInformationGrp/ContributorUSAddress/City",227991,227968,"2021v4.0, 2021v4.2, 2021v4.1"
"/Return/ReturnData/IRS990ScheduleB/ContributorInformationGrp/ContributorNum",227991,227968,"2021v4.0, 2021v4.2, 2021v4.1"
"/Return/ReturnData/IRS990ScheduleB/ContributorInformationGrp",227991,227968,"2021v4.1, 2021v4.0, 2021v4.2"
"/Return/ReturnData/IRS990ScheduleB/ContributorInformationGrp/ContributorUSAddress/State",227991,227968,"2021v4.0, 2021v4.2, 2021v4.1"
"/Return/ReturnData/IRS990ScheduleB/ContributorInformationGrp/ContributorUSAddress/AddressLine2",227991,227968,"2021v4.1, 2021v4.0, 2021v4.2"
"/Return/ReturnData/IRS990ScheduleB/ContributorInformationGrp/ContributorBusinessName/BusinessNameLine1",227991,227968,"2021v4.0, 2021v4.2, 2021v4.1"
"/Return/ReturnData/IRS990/DepreciationDepletionGrp",227245,227215,"2021v4.0, 2021v4.2, 2021v4.1"
"/Return/ReturnData/IRS990/DepreciationDepletionGrp/TotalAmt",227223,227193,"2021v4.0, 2021v4.2, 2021v4.1"
"/Return/ReturnData/IRS990/PayrollTaxesGrp",226844,226816,"2021v4.0, 2021v4.2, 2021v4.1"
"/Return/ReturnData/IRS990/PayrollTaxesGrp/TotalAmt",226841,226813,"2021v4.0, 2021v4.2, 2021v4.1"
"/Return/ReturnData/IRS990/LandBldgEquipBasisNetGrp/BOYAmt",223862,223832,"2021v4.0, 2021v4.2, 2021v4.1"
"/Return/ReturnData/IRS990ScheduleD/OtherLiabilitiesOrgGrp/Amt",221091,118463,"2021v4.1, 2021v4.2, 2021v4.0"
"/Return/ReturnData/IRS990/AccountsPayableAccrExpnssGrp",220843,220816,"2021v4.1, 2021v4.0, 2021v4.2"
"/Return/ReturnData/IRS990/LandBldgEquipAccumDeprecAmt",218681,218651,"2021v4.0, 2021v4.2, 2021v4.1"
"/Return/ReturnData/IRS990/AccountsPayableAccrExpnssGrp/EOYAmt",212561,212534,"2021v4.1, 2021v4.0, 2021v4.2"
"/Return/ReturnData/IRS990/TotalOtherCompensationAmt",211750,211722,"2021v4.2, 2021v4.0, 2021v4.1"
"/Return/ReturnData/IRS990/AllOtherExpensesGrp",210945,210924,"2021v4.1, 2021v4.0, 2021v4.2"
"/Return/ReturnData/IRS990/RegularMonitoringEnfrcInd",210556,210527,"2021v4.1, 2021v4.0, 2021v4.2"
"/Return/ReturnData/IRS990/AllOtherExpensesGrp/TotalAmt",210358,210337,"2021v4.0, 2021v4.2, 2021v4.1"
"/Return/ReturnData/IRS990/BooksInCareOfDetail/PersonNm",210353,210336,"2021v4.0, 2021v4.2, 2021v4.1"
"/Return/ReturnData/IRS990/BackupWthldComplianceInd",210112,210086,"2021v4.1, 2021v4.0, 2021v4.2"
"/Return/ReturnData/IRS990/AccountsPayableAccrExpnssGrp/BOYAmt",209615,209589,"2021v4.0, 2021v4.2, 2021v4.1"
"/Return/ReturnData/IRS990/AnnualDisclosureCoveredPrsnInd",209558,209529,"2021v4.0, 2021v4.2, 2021v4.1"
"/Return/ReturnData/IRS990/EmploymentTaxReturnsFiledInd",208495,208465,"2021v4.1, 2021v4.0, 2021v4.2"
"/Return/ReturnData/IRS990/SavingsAndTempCashInvstGrp",207960,207937,"2021v4.1, 2021v4.0, 2021v4.2"
"/Return/ReturnData/IRS990ScheduleD/SupplementalInformationDetail",207486,105698,"2021v4.1, 2021v4.0, 2021v4.2"
"/Return/ReturnData/IRS990ScheduleD/SupplementalInformationDetail/FormAndLineReferenceDesc",207478,105697,"2021v4.1, 2021v4.0, 2021v4.2"
"/Return/ReturnData/IRS990ScheduleD/SupplementalInformationDetail/ExplanationTxt",207446,105685,"2021v4.1, 2021v4.0, 2021v4.2"
"/Return/ReturnData/IRS990/TotalRevenueGrp/UnrelatedBusinessRevenueAmt",206391,206364,"2021v4.1, 2021v4.2, 2021v4.0"
"/Return/ReturnData/IRS990ScheduleR/IdRelatedOrgTxblCorpTrGrp/ControlledOrganizationInd",205097,19343,"2021v4.1, 2021v4.2, 2021v4.0"
"/Return/ReturnData/IRS990/MethodOfAccountingAccrualInd",204832,204806,"2021v4.1, 2021v4.0, 2021v4.2"
"/Return/ReturnData/IRS990ScheduleR/IdRelatedOrgTxblPartnershipGrp/DisproportionateAllocationsInd",203535,10500,"2021v4.1, 2021v4.2, 2021v4.0"
"/Return/ReturnData/IRS990/SavingsAndTempCashInvstGrp/EOYAmt",203477,203454,"2021v4.0, 2021v4.2, 2021v4.1"
"/Return/ReturnData/IRS990ScheduleA/PublicSupportTotal509Amt",202992,202979,"2021v4.1, 2021v4.0, 2021v4.2"
"/Return/ReturnData/IRS990ScheduleR/IdRelatedOrgTxblPartnershipGrp/GeneralOrManagingPartnerInd",202935,10422,"2021v4.2, 2021v4.0, 2021v4.1"
"/Return/ReturnData/IRS990EZ/NetAssetsOrFundBalancesGrp/EOYAmt",202725,202724,"2021v4.2, 2021v4.0, 2021v4.1"
"/Return/ReturnData/IRS990EZ/TanningServicesProvidedInd",202725,202724,"2021v4.2, 2021v4.0, 2021v4.1"
"/Return/ReturnData/IRS990EZ/Form990TotalAssetsGrp/BOYAmt",202725,202724,"2021v4.1, 2021v4.2, 2021v4.0"
"/Return/ReturnData/IRS990EZ/OrganizationDissolvedEtcInd",202725,202724,"2021v4.2, 2021v4.0, 2021v4.1"
"/Return/ReturnData/IRS990EZ/ActivitiesNotPreviouslyRptInd",202725,202724,"2021v4.1, 2021v4.2, 2021v4.0"
"/Return/ReturnData/IRS990EZ/OrganizationHadUBIInd",202725,202724,"2021v4.1, 2021v4.2, 2021v4.0"
"/Return/ReturnData/IRS990EZ/DonorAdvisedFndsInd",202725,202724,"2021v4.2, 2021v4.0, 2021v4.1"
"/Return/ReturnData/IRS990EZ/SubjectToProxyTaxInd",202725,202724,"2021v4.1, 2021v4.2, 2021v4.0"
"/Return/ReturnData/IRS990EZ/Form990TotalAssetsGrp/EOYAmt",202725,202724,"2021v4.1, 2021v4.2, 2021v4.0"
"/Return/ReturnData/IRS990EZ/Form990TotalAssetsGrp",202725,202724,"2021v4.1, 2021v4.2, 2021v4.0"
"/Return/ReturnData/IRS990EZ/BooksInCareOfDetail/PhoneNum",202725,202724,"2021v4.1, 2021v4.2, 2021v4.0"
"/Return/ReturnData/IRS990EZ/BooksInCareOfDetail",202725,202724,"2021v4.2, 2021v4.0, 2021v4.1"
"/Return/ReturnData/IRS990EZ/PrimaryExemptPurposeTxt",202725,202724,"2021v4.1, 2021v4.2, 2021v4.0"
"/Return/ReturnData/IRS990EZ/ChgMadeToOrgnzngDocNotRptInd",202725,202724,"2021v4.1, 2021v4.2, 2021v4.0"
"/Return/ReturnData/IRS990EZ/MadeLoansToFromOfficersInd",202725,202724,"2021v4.2, 2021v4.0, 2021v4.1"
"/Return/ReturnData/IRS990EZ/NetAssetsOrFundBalancesGrp",202725,202724,"2021v4.1, 2021v4.2, 2021v4.0"
"/Return/ReturnData/IRS990EZ/RelatedOrganizationCtrlEntInd",202725,202724,"2021v4.1, 2021v4.2, 2021v4.0"
"/Return/ReturnData/IRS990EZ",202725,202724,"2021v4.1, 2021v4.2, 2021v4.0"
"/Return/ReturnData/IRS990EZ/OperateHospitalInd",202725,202724,"2021v4.1, 2021v4.2, 2021v4.0"
"/Return/ReturnData/IRS990EZ/NetAssetsOrFundBalancesGrp/BOYAmt",202725,202724,"2021v4.2, 2021v4.0, 2021v4.1"
"/Return/ReturnData/IRS990EZ/BooksInCareOfDetail/USAddress/StateAbbreviationCd",202465,202464,"2021v4.1, 2021v4.2, 2021v4.0"
"/Return/ReturnData/IRS990EZ/BooksInCareOfDetail/USAddress/AddressLine1Txt",202465,202464,"2021v4.1, 2021v4.2, 2021v4.0"
"/Return/ReturnData/IRS990EZ/BooksInCareOfDetail/USAddress",202465,202464,"2021v4.2, 2021v4.0, 2021v4.1"
"/Return/ReturnData/IRS990EZ/BooksInCareOfDetail/USAddress/ZIPCd",202465,202464,"2021v4.2, 2021v4.0, 2021v4.1"
"/Return/ReturnData/IRS990EZ/BooksInCareOfDetail/USAddress/CityNm",202465,202464,"2021v4.2, 2021v4.0, 2021v4.1"
"/Return/ReturnData/IRS990/AdvertisingGrp",202227,202202,"2021v4.1, 2021v4.0, 2021v4.2"
"/Return/ReturnData/IRS990/AdvertisingGrp/TotalAmt",202220,202195,"2021v4.0, 2021v4.2, 2021v4.1"
"/Return/ReturnData/IRS990/NetUnrelatedBusTxblIncmAmt",201155,201128,"2021v4.1, 2021v4.2, 2021v4.0"
"/Return/ReturnData/IRS990/FeesForServicesOtherGrp",200193,200168,"2021v4.1, 2021v4.0, 2021v4.2"
"/Return/ReturnData/IRS990/FeesForServicesOtherGrp/TotalAmt",200180,200155,"2021v4.1, 2021v4.0, 2021v4.2"
"/Return/ReturnData/IRS990EZ/ForeignFinancialAccountInd",199243,199242,"2021v4.2, 2021v4.0, 2021v4.1"
"/Return/ReturnData/IRS990EZ/ForeignOfficeInd",198901,198900,"2021v4.2, 2021v4.0, 2021v4.1"
"/Return/ReturnData/IRS990EZ/TotalRevenueAmt",198393,198392,"2021v4.1, 2021v4.2, 2021v4.0"
"/Return/ReturnData/IRS990EZ/NetAssetsOrFundBalancesEOYAmt",197880,197879,"2021v4.2, 2021v4.0, 2021v4.1"
"/Return/ReturnData/IRS990EZ/GrossReceiptsAmt",197629,197628,"2021v4.1, 2021v4.2, 2021v4.0"
"/Return/ReturnData/IRS990EZ/ExcessOrDeficitForYearAmt",197211,197210,"2021v4.2, 2021v4.0, 2021v4.1"
"/Return/ReturnData/IRS990/TotReportableCompRltdOrgAmt",197163,197138,"2021v4.2, 2021v4.0, 2021v4.1"
"/Return/ReturnData/IRS990EZ/CashSavingsAndInvestmentsGrp",196838,196837,"2021v4.2, 2021v4.0, 2021v4.1"
"/Return/ReturnData/IRS990EZ/TotalExpensesAmt",196737,196736,"2021v4.1, 2021v4.2, 2021v4.0"
"/Return/ReturnData/IRS990EZ/ProhibitedTaxShelterTransInd",196692,196691,"2021v4.2, 2021v4.0, 2021v4.1"
"/Return/ReturnData/IRS990EZ/PoliticalCampaignActyInd",196662,196661,"2021v4.1, 2021v4.2, 2021v4.0"
"/Return/ReturnData/IRS990ScheduleR/IdRelatedOrgTxblCorpTrGrp/PrimaryActivitiesTxt",196111,19708,"2021v4.2, 2021v4.0, 2021v4.1"
"/Return/ReturnData/IRS990EZ/CashSavingsAndInvestmentsGrp/EOYAmt",194740,194739,"2021v4.2, 2021v4.0, 2021v4.1"
"/Return/ReturnData/IRS990/CntrctRcvdGreaterThan100KCnt",193274,193250,"2021v4.2, 2021v4.0, 2021v4.1"
"/Return/ReturnData/IRS990ScheduleA/PublicSupportCY509Pct",193136,193123,"2021v4.0, 2021v4.2, 2021v4.1"
"/Return/ReturnData/IRS990ScheduleA/PublicSupportCY170Pct",192918,192903,"2021v4.0, 2021v4.2, 2021v4.1"
"/Return/ReturnData/IRS990EZ/CashSavingsAndInvestmentsGrp/BOYAmt",192668,192667,"2021v4.1, 2021v4.2, 2021v4.0"
"/Return/ReturnData/IRS990ScheduleA/InvestmentIncomeCYPct",192567,192554,"2021v4.0, 2021v4.2, 2021v4.1"
"/Return/ReturnData/IRS990/TravelGrp",192420,192398,"2021v4.0, 2021v4.2, 2021v4.1"
"/Return/ReturnData/IRS990/TravelGrp/TotalAmt",192416,192394,"2021v4.0, 2021v4.2, 2021v4.1"
"/Return/ReturnData/IRS990/PayPremiumsPrsnlBnftCntrctInd",191791,191763,"2021v4.1, 2021v4.0, 2021v4.2"
"/Return/ReturnData/IRS990/RcvFndsToPayPrsnlBnftCntrctInd",191719,191691,"2021v4.1, 2021v4.0, 2021v4.2"
"/Return/ReturnData/IRS990EZ/NetAssetsOrFundBalancesBOYAmt",191484,191483,"2021v4.1, 2021v4.2, 2021v4.0"
"/Return/ReturnData/IRS990/OfficeExpensesGrp/ManagementAndGeneralAmt",191307,191281,"2021v4.0, 2021v4.2, 2021v4.1"
"/Return/ReturnData/IRS990/OtherChangesInNetAssetsAmt",189839,189814,"2021v4.1, 2021v4.2, 2021v4.0"
"/Return/ReturnData/IRS990/FeesForServicesAccountingGrp/ManagementAndGeneralAmt",189343,189320,"2021v4.1, 2021v4.0, 2021v4.2"
"/Return/ReturnData/IRS990/PYGrantsAndSimilarPaidAmt",189178,189151,"2021v4.1, 2021v4.0, 2021v4.2"
"/Return/ReturnData/IRS990/CompCurrentOfcrDirectorsGrp",188749,188723,"2021v4.1, 2021v4.0, 2021v4.2"
"/Return/ReturnData/IRS990/CompCurrentOfcrDirectorsGrp/TotalAmt",188739,188713,"2021v4.0, 2021v4.2, 2021v4.1"
"/Return/ReturnData/IRS990EZ/OtherExpensesTotalAmt",185465,185464,"2021v4.1, 2021v4.2, 2021v4.0"
"/Return/ReturnData/IRS990ScheduleA/TotalSupportCalendarYearGrp",185194,185182,"2021v4.0, 2021v4.2, 2021v4.1"
"/Return/ReturnData/IRS990ScheduleA/PubliclySupportedOrg509a2Ind",185166,185154,"2021v4.1, 2021v4.0, 2021v4.2"
"/Return/ReturnData/IRS990ScheduleA/TotalSupportCalendarYearGrp/TotalAmt",184761,184749,"2021v4.0, 2021v4.2, 2021v4.1"
"/Return/ReturnData/IRS990ScheduleA/Total509Grp",184285,184273,"2021v4.0, 2021v4.2, 2021v4.1"
"/Return/ReturnData/IRS990/OtherRevenueMiscGrp",183796,119556,"2021v4.1, 2021v4.0, 2021v4.2"
"/Return/ReturnData/IRS990ScheduleA/Total509Grp/TotalAmt",183385,183373,"2021v4.0, 2021v4.2, 2021v4.1"
"/Return/ReturnData/IRS990ScheduleA/PublicSupportTotal170Amt",181633,181619,"2021v4.1, 2021v4.0, 2021v4.2"
"/Return/ReturnData/IRS990/AccountsReceivableGrp",180748,180720,"2021v4.0, 2021v4.2, 2021v4.1"
"/Return/ReturnData/IRS990/OtherRevenueMiscGrp/TotalRevenueColumnAmt",180521,117718,"2021v4.1, 2021v4.0, 2021v4.2"
"/Return/ReturnData/IRS990/SavingsAndTempCashInvstGrp/BOYAmt",180236,180217,"2021v4.0, 2021v4.2, 2021v4.1"
"/Return/ReturnData/IRS990EZ/InfoInScheduleOPartIInd",179298,179297,"2021v4.1, 2021v4.2, 2021v4.0"
"/Return/ReturnData/IRS990/OtherEmployeeBenefitsGrp",177994,177970,"2021v4.0, 2021v4.2, 2021v4.1"
"/Return/ReturnData/IRS990/OtherEmployeeBenefitsGrp/TotalAmt",177992,177968,"2021v4.1, 2021v4.0, 2021v4.2"
"/Return/ReturnData/IRS990ScheduleA/GiftsGrantsContrisRcvd509Grp",177173,177161,"2021v4.0, 2021v4.2, 2021v4.1"
"/Return/ReturnData/IRS990ScheduleA/Total509Grp/CurrentTaxYearAmt",176983,176971,"2021v4.1, 2021v4.0, 2021v4.2"
"/Return/ReturnData/IRS990/PrepaidExpensesDefrdChargesGrp",176688,176663,"2021v4.0, 2021v4.2, 2021v4.1"
"/Return/ReturnData/IRS990ScheduleD/EquipmentGrp",176390,176363,"2021v4.0, 2021v4.2, 2021v4.1"
"/Return/ReturnData/IRS990ScheduleA/GiftsGrantsContrisRcvd509Grp/TotalAmt",176068,176056,"2021v4.0, 2021v4.2, 2021v4.1"
"/Return/ReturnData/IRS990/OfficeExpensesGrp/ProgramServicesAmt",175723,175699,"2021v4.0, 2021v4.2, 2021v4.1"
"/Return/ReturnData/IRS990/RevenueAmt",174958,174932,"2021v4.0, 2021v4.2, 2021v4.1"
"/Return/ReturnData/IRS990/OtherRevenueMiscGrp/Desc",174572,116584,"2021v4.0, 2021v4.2, 2021v4.1"
"/Return/ReturnData/IRS990ScheduleA/GiftsGrantsContriRcvd170Grp",174485,174471,"2021v4.1, 2021v4.0, 2021v4.2"
"/Return/ReturnData/IRS990ScheduleA/TotalCalendarYear170Grp",174110,174096,"2021v4.1, 2021v4.0, 2021v4.2"
"/Return/ReturnData/IRS990ScheduleR/IdRelatedOrgTxblPartnershipGrp/DirectControllingNACd",173733,6217,"2021v4.2, 2021v4.0, 2021v4.1"
"/Return/ReturnData/IRS990ScheduleA/TotalSupportAmt",173633,173619,"2021v4.1, 2021v4.0, 2021v4.2"
"/Return/ReturnData/IRS990/AccountsReceivableGrp/EOYAmt",173154,173126,"2021v4.0, 2021v4.2, 2021v4.1"
"/Return/ReturnData/IRS990/InvestmentIncomeGrp/ExclusionAmt",172819,172794,"2021v4.0, 2021v4.2, 2021v4.1"
"/Return/ReturnData/IRS990/OtherRevenueTotalAmt",172768,172749,"2021v4.0, 2021v4.2, 2021v4.1"
"/Return/ReturnData/IRS990ScheduleA/GiftsGrantsContriRcvd170Grp/TotalAmt",172700,172686,"2021v4.0, 2021v4.2, 2021v4.1"
"/Return/ReturnData/IRS990ScheduleA/TotalCalendarYear170Grp/TotalAmt",172541,172527,"2021v4.1, 2021v4.0, 2021v4.2"
"/Return/ReturnData/IRS990/OtherSalariesAndWagesGrp/ProgramServicesAmt",170805,170777,"2021v4.1, 2021v4.0, 2021v4.2"
"/Return/ReturnData/IRS990EZ/TransactionWithControlEntInd",170132,170131,"2021v4.2, 2021v4.0, 2021v4.1"
"/Return/ReturnData/IRS990/PrepaidExpensesDefrdChargesGrp/EOYAmt",169965,169941,"2021v4.1, 2021v4.0, 2021v4.2"
"/Return/ReturnData/IRS990EZ/EngagedInExcessBenefitTransInd",169182,169181,"2021v4.2, 2021v4.0, 2021v4.1"
"/Return/ReturnData/IRS990ScheduleA/Total509Grp/CurrentTaxYearMinus1YearAmt",168804,168792,"2021v4.0, 2021v4.2, 2021v4.1"
"/Return/ReturnData/IRS990/PayrollTaxesGrp/ProgramServicesAmt",167551,167525,"2021v4.1, 2021v4.0, 2021v4.2"
"/Return/ReturnData/IRS990ScheduleA/GiftsGrantsContriRcvd170Grp/CurrentTaxYearAmt",167293,167279,"2021v4.2, 2021v4.0, 2021v4.1"
"/Return/ReturnData/IRS990ScheduleA/TotalCalendarYear170Grp/CurrentTaxYearAmt",167144,167130,"2021v4.1, 2021v4.2, 2021v4.0"
"/Return/ReturnData/IRS990EZ/ProgramSrvcAccomplishmentGrp/GrantsAndAllocationsAmt",167033,107280,"2021v4.2, 2021v4.0, 2021v4.1"
"/Return/ReturnData/IRS990EZ/PartVIOfCompOfHghstPdEmplTxt",166433,166432,"2021v4.1, 2021v4.2, 2021v4.0"
"/Return/ReturnData/IRS990EZ/BooksInCareOfDetail/PersonNm",165874,165873,"2021v4.1, 2021v4.2, 2021v4.0"
"/Return/ReturnData/IRS990EZ/PartVIHghstPdCntrctProfSrvcTxt",165602,165601,"2021v4.1, 2021v4.2, 2021v4.0"
"/Return/ReturnData/IRS990ScheduleA/PublicOrganization170Ind",165514,165500,"2021v4.1, 2021v4.2, 2021v4.0"
"/Return/ReturnData/IRS990ScheduleD/EquipmentGrp/DepreciationAmt",164892,164866,"2021v4.0, 2021v4.2, 2021v4.1"
"/Return/ReturnData/IRS990/OccupancyGrp/ProgramServicesAmt",164814,164790,"2021v4.0, 2021v4.2, 2021v4.1"
"/Return/ReturnData/IRS990/InsuranceGrp/ProgramServicesAmt",164808,164784,"2021v4.1, 2021v4.0, 2021v4.2"
"/Return/ReturnData/IRS990/ConferencesMeetingsGrp",164652,164635,"2021v4.1, 2021v4.0, 2021v4.2"
"/Return/ReturnData/IRS990/ConferencesMeetingsGrp/TotalAmt",164650,164633,"2021v4.1, 2021v4.0, 2021v4.2"
"/Return/ReturnData/IRS990ScheduleA/GiftsGrantsContrisRcvd509Grp/CurrentTaxYearAmt",164646,164634,"2021v4.1, 2021v4.0, 2021v4.2"
"/Return/ReturnData/IRS990EZ/TotalProgramServiceExpensesAmt",164296,164295,"2021v4.2, 2021v4.0, 2021v4.1"
"/Return/ReturnData/IRS990ScheduleA/Total509Grp/CurrentTaxYearMinus2YearsAmt",164047,164035,"2021v4.0, 2021v4.2, 2021v4.1"
"/Return/ReturnData/IRS990EZ/TypeOfOrganizationCorpInd",163984,163983,"2021v4.1, 2021v4.2, 2021v4.0"
"/Return/ReturnData/IRS990EZ/ContributionsGiftsGrantsEtcAmt",163406,163405,"2021v4.1, 2021v4.2, 2021v4.0"
"/Return/ReturnData/IRS990ScheduleA/TotalSupportCalendarYearGrp/CurrentTaxYearAmt",162327,162316,"2021v4.0, 2021v4.2, 2021v4.1"
"/Return/ReturnData/IRS990EZ/WebsiteAddressTxt",162321,162320,"2021v4.1, 2021v4.2, 2021v4.0"
"/Return/ReturnData/IRS990/InsuranceGrp/ManagementAndGeneralAmt",161929,161905,"2021v4.0, 2021v4.2, 2021v4.1"
"/Return/ReturnData/IRS990ScheduleR/IdRelatedOrgTxblCorpTrGrp/LegalDomicileStateCd",161916,19204,"2021v4.2, 2021v4.0, 2021v4.1"
"/Return/ReturnData/IRS990/OtherAssetsTotalGrp",161820,161799,"2021v4.1, 2021v4.2, 2021v4.0"
"/Return/ReturnData/IRS990ScheduleA/TotalCalendarYear170Grp/CurrentTaxYearMinus1YearAmt",161237,161223,"2021v4.0, 2021v4.2, 2021v4.1"
"/Return/ReturnData/IRS990EZ/Form1120PolFiledInd",161186,161185,"2021v4.2, 2021v4.0, 2021v4.1"
"/Return/ReturnData/IRS990EZ/FiledScheduleAInd",160962,160961,"2021v4.2, 2021v4.0, 2021v4.1"
"/Return/ReturnData/IRS990ScheduleD/EquipmentGrp/BookValueAmt",160741,160715,"2021v4.1, 2021v4.0, 2021v4.2"
"/Return/ReturnData/IRS990EZ/MethodOfAccountingCashInd",160584,160583,"2021v4.2, 2021v4.0, 2021v4.1"
"/Return/ReturnData/IRS990ScheduleA/GiftsGrantsContriRcvd170Grp/CurrentTaxYearMinus1YearAmt",160531,160517,"2021v4.0, 2021v4.2, 2021v4.1"
"/Return/ReturnData/IRS990/InformationTechnologyGrp",160431,160413,"2021v4.2, 2021v4.0, 2021v4.1"
"/Return/ReturnData/IRS990/InformationTechnologyGrp/TotalAmt",160423,160405,"2021v4.2, 2021v4.0, 2021v4.1"
"/Return/ReturnData/IRS990/AuditCommitteeInd",159655,159629,"2021v4.0, 2021v4.2, 2021v4.1"
"/Return/ReturnData/IRS990ScheduleR/IdRelatedOrgTxblCorpTrGrp/EntityTypeTxt",159473,18555,"2021v4.1, 2021v4.2, 2021v4.0"
"/Return/ReturnData/IRS990ScheduleA/Total509Grp/CurrentTaxYearMinus3YearsAmt",158456,158444,"2021v4.1, 2021v4.0, 2021v4.2"
"/Return/ReturnData/IRS990ScheduleA/TotalCalendarYear170Grp/CurrentTaxYearMinus2YearsAmt",156716,156703,"2021v4.0, 2021v4.2, 2021v4.1"
"/Return/ReturnData/IRS990/OtherAssetsTotalGrp/EOYAmt",156171,156150,"2021v4.1, 2021v4.2, 2021v4.0"
"/Return/ReturnData/IRS990ScheduleD/EquipmentGrp/OtherCostOrOtherBasisAmt",156081,156057,"2021v4.1, 2021v4.0, 2021v4.2"
"/Return/ReturnData/IRS990EZ/Organization501c3Ind",155780,155779,"2021v4.1, 2021v4.2, 2021v4.0"
"/Return/ReturnData/IRS990ScheduleR/IdRelatedOrgTxblCorpTrGrp/USAddress/CityNm",155728,18550,"2021v4.2, 2021v4.0, 2021v4.1"
"/Return/ReturnData/IRS990ScheduleR/IdRelatedOrgTxblCorpTrGrp/USAddress/ZIPCd",155728,18550,"2021v4.1, 2021v4.2, 2021v4.0"
"/Return/ReturnData/IRS990ScheduleR/IdRelatedOrgTxblCorpTrGrp/USAddress",155728,18550,"2021v4.1, 2021v4.2, 2021v4.0"
"/Return/ReturnData/IRS990ScheduleR/IdRelatedOrgTxblCorpTrGrp/USAddress/AddressLine1Txt",155728,18550,"2021v4.1, 2021v4.2, 2021v4.0"
"/Return/ReturnData/IRS990ScheduleR/IdRelatedOrgTxblCorpTrGrp/USAddress/StateAbbreviationCd",155728,18550,"2021v4.1, 2021v4.2, 2021v4.0"
"/Return/ReturnData/IRS990EZ/LobbyingActivitiesInd",155682,155681,"2021v4.2, 2021v4.0, 2021v4.1"
"/Return/ReturnData/IRS990/FeesForServicesLegalGrp",155644,155625,"2021v4.1, 2021v4.2, 2021v4.0"
"/Return/ReturnData/IRS990/FeesForServicesLegalGrp/TotalAmt",155638,155619,"2021v4.2, 2021v4.0, 2021v4.1"
"/Return/ReturnData/IRS990ScheduleA/TotalSupportCalendarYearGrp/CurrentTaxYearMinus1YearAmt",155443,155432,"2021v4.0, 2021v4.2, 2021v4.1"
"/Return/ReturnData/IRS990EZ/SchoolOperatingInd",155425,155424,"2021v4.1, 2021v4.2, 2021v4.0"
"/Return/ReturnData/IRS990ScheduleA/GiftsGrantsContriRcvd170Grp/CurrentTaxYearMinus2YearsAmt",155321,155308,"2021v4.0, 2021v4.2, 2021v4.1"
"/Return/ReturnData/IRS990ScheduleA/ThirtyThrPctSuprtTestsCY509Ind",154841,154829,"2021v4.1, 2021v4.0, 2021v4.2"
"/Return/ReturnData/IRS990ScheduleA/GiftsGrantsContrisRcvd509Grp/CurrentTaxYearMinus1YearAmt",154822,154810,"2021v4.0, 2021v4.2, 2021v4.1"
"/Return/ReturnData/IRS990ScheduleA/TotalSupportCalendarYearGrp/CurrentTaxYearMinus2YearsAmt",154773,154762,"2021v4.1, 2021v4.0, 2021v4.2"
"/Return/ReturnData/IRS990/NoListedPersonsCompensatedInd",154529,154525,"2021v4.0, 2021v4.2, 2021v4.1"
"/Return/ReturnData/IRS990/AllOtherExpensesGrp/ProgramServicesAmt",153963,153944,"2021v4.0, 2021v4.2, 2021v4.1"
"/Return/ReturnData/IRS990/DepreciationDepletionGrp/ProgramServicesAmt",153492,153466,"2021v4.0, 2021v4.2, 2021v4.1"
"/Return/ReturnData/IRS990ScheduleA/PublicSupportPY509Pct",152977,152965,"2021v4.0, 2021v4.2, 2021v4.1"
"/Return/ReturnData/IRS990ScheduleA/Total509Grp/CurrentTaxYearMinus4YearsAmt",152847,152835,"2021v4.0, 2021v4.2, 2021v4.1"
"/Return/ReturnData/IRS990EZ/TrnsfrExmptNonChrtblRltdOrgInd",152817,152816,"2021v4.1, 2021v4.2, 2021v4.0"
"/Return/ReturnData/IRS990ScheduleA/TotalCalendarYear170Grp/CurrentTaxYearMinus3YearsAmt",152123,152109,"2021v4.1, 2021v4.0, 2021v4.2"
"/Return/ReturnData/IRS990ScheduleR/IdRelatedOrgTxblCorpTrGrp/EIN",151618,17994,"2021v4.1, 2021v4.2, 2021v4.0"
"/Return/ReturnData/IRS990/PYBenefitsPaidToMembersAmt",151121,151099,"2021v4.2, 2021v4.0, 2021v4.1"
"/Return/ReturnData/IRS990ScheduleA/GiftsGrantsContriRcvd170Grp/CurrentTaxYearMinus3YearsAmt",150202,150188,"2021v4.1, 2021v4.0, 2021v4.2"
"/Return/ReturnData/IRS990/PYTotalProfFndrsngExpnsAmt",148414,148392,"2021v4.2, 2021v4.0, 2021v4.1"
"/Return/ReturnData/IRS990ScheduleA/GiftsGrantsContrisRcvd509Grp/CurrentTaxYearMinus2YearsAmt",147932,147920,"2021v4.0, 2021v4.2, 2021v4.1"
"/Return/ReturnData/IRS990ScheduleA/TotalCalendarYear170Grp/CurrentTaxYearMinus4YearsAmt",147693,147679,"2021v4.1, 2021v4.0, 2021v4.2"
"/Return/ReturnData/IRS990/OtherLiabilitiesGrp",147542,147515,"2021v4.2, 2021v4.0, 2021v4.1"
"/Return/ReturnData/IRS990ScheduleA/TotalSupportCalendarYearGrp/CurrentTaxYearMinus4YearsAmt",146813,146802,"2021v4.1, 2021v4.0, 2021v4.2"
"/Return/ReturnData/IRS990ScheduleA/TotalSupportCalendarYearGrp/CurrentTaxYearMinus3YearsAmt",146202,146191,"2021v4.0, 2021v4.2, 2021v4.1"
"/Return/ReturnData/IRS990ScheduleA/GiftsGrantsContriRcvd170Grp/CurrentTaxYearMinus4YearsAmt",145349,145335,"2021v4.0, 2021v4.2, 2021v4.1"
"/Return/ReturnData/IRS990ScheduleA/ThirtyThrPctSuprtTestsCY170Ind",144836,144823,"2021v4.2, 2021v4.0, 2021v4.1"
"/Return/ReturnData/IRS990ScheduleA/GrossReceiptsAdmissionsGrp",144321,144310,"2021v4.0, 2021v4.2, 2021v4.1"
"/Return/ReturnData/IRS990/PayrollTaxesGrp/ManagementAndGeneralAmt",143592,143569,"2021v4.1, 2021v4.0, 2021v4.2"
"/Return/ReturnData/IRS990ScheduleA/PublicSupportPY170Pct",143034,143020,"2021v4.1, 2021v4.0, 2021v4.2"
"/Return/ReturnData/IRS990ScheduleA/GrossReceiptsAdmissionsGrp/TotalAmt",142703,142692,"2021v4.0, 2021v4.2, 2021v4.1"
"/Return/ReturnData/IRS990/AccountsReceivableGrp/BOYAmt",142452,142425,"2021v4.1, 2021v4.0, 2021v4.2"
"/Return/ReturnData/IRS990ScheduleA/GiftsGrantsContrisRcvd509Grp/CurrentTaxYearMinus3YearsAmt",141634,141622,"2021v4.1, 2021v4.0, 2021v4.2"
"/Return/ReturnData/IRS990/InterestGrp",141583,141564,"2021v4.0, 2021v4.2, 2021v4.1"
"/Return/ReturnData/IRS990/InterestGrp/TotalAmt",141582,141563,"2021v4.1, 2021v4.0, 2021v4.2"
"/Return/ReturnData/IRS990EZ/FeesAndOtherPymtToIndCntrctAmt",141173,141173,"2021v4.1, 2021v4.2, 2021v4.0"
"/Return/ReturnData/IRS990/PrepaidExpensesDefrdChargesGrp/BOYAmt",140107,140082,"2021v4.0, 2021v4.2, 2021v4.1"
"/Return/ReturnData/IRS990/OtherLiabilitiesGrp/BOYAmt",140092,140066,"2021v4.2, 2021v4.0, 2021v4.1"
"/Return/ReturnData/IRS990EZ/ScheduleBNotRequiredInd",139644,139643,"2021v4.2, 2021v4.0, 2021v4.1"
"/Return/ReturnData/IRS990/OtherSalariesAndWagesGrp/ManagementAndGeneralAmt",138422,138398,"2021v4.0, 2021v4.2, 2021v4.1"
"/Return/ReturnData/IRS990ScheduleA/GiftsGrantsContrisRcvd509Grp/CurrentTaxYearMinus4YearsAmt",135598,135587,"2021v4.0, 2021v4.2, 2021v4.1"
"/Return/ReturnData/IRS990/OtherLiabilitiesGrp/EOYAmt",135351,135325,"2021v4.2, 2021v4.0, 2021v4.1"
"/Return/ReturnData/IRS990/GovernmentGrantsAmt",134531,134512,"2021v4.1, 2021v4.0, 2021v4.2"
"/Return/ReturnData/IRS990/InvestmentsPubTradedSecGrp",132967,132948,"2021v4.1, 2021v4.2, 2021v4.0"
"/Return/ReturnData/IRS990/PensionPlanContributionsGrp",131895,131875,"2021v4.2, 2021v4.0, 2021v4.1"
"/Return/ReturnData/IRS990/PensionPlanContributionsGrp/TotalAmt",131893,131873,"2021v4.1, 2021v4.2, 2021v4.0"
"/Return/ReturnData/IRS990ScheduleA/InvestmentIncomePYPct",131509,131499,"2021v4.1, 2021v4.0, 2021v4.2"
"/Return/ReturnData/IRS990/InvestmentsPubTradedSecGrp/EOYAmt",130806,130787,"2021v4.1, 2021v4.2, 2021v4.0"
"/Return/ReturnData/IRS990/OccupancyGrp/ManagementAndGeneralAmt",130604,130583,"2021v4.0, 2021v4.2, 2021v4.1"
"/Return/ReturnData/IRS990/AllOtherExpensesGrp/ManagementAndGeneralAmt",130158,130141,"2021v4.1, 2021v4.0, 2021v4.2"
"/Return/ReturnData/IRS990/OtherRevenueMiscGrp/RelatedOrExemptFuncIncomeAmt",129287,85693,"2021v4.0, 2021v4.2, 2021v4.1"
"/Return/ReturnData/IRS990ScheduleA/GrossInvestmentIncome170Grp",128848,128836,"2021v4.1, 2021v4.0, 2021v4.2"
"/Return/ReturnData/IRS990/OtherAssetsTotalGrp/BOYAmt",128299,128279,"2021v4.2, 2021v4.0, 2021v4.1"
"/Return/ReturnData/IRS990/NetGainOrLossInvestmentsGrp",127781,127762,"2021v4.2, 2021v4.0, 2021v4.1"
"/Return/ReturnData/IRS990/GrantsToDomesticOrgsGrp",127538,127526,"2021v4.1, 2021v4.2, 2021v4.0"
"/Return/ReturnData/IRS990/GrantsToDomesticOrgsGrp/TotalAmt",127535,127523,"2021v4.1, 2021v4.2, 2021v4.0"
"/Return/ReturnData/IRS990/NetGainOrLossInvestmentsGrp/TotalRevenueColumnAmt",127397,127378,"2021v4.2, 2021v4.0, 2021v4.1"
"/Return/ReturnData/IRS990/FSAuditedBasisGrp",127054,127031,"2021v4.1, 2021v4.0, 2021v4.2"
"/Return/ReturnData/IRS990ScheduleD/BuildingsGrp",126667,126647,"2021v4.0, 2021v4.2, 2021v4.1"
"/Return/ReturnData/IRS990/OtherRevenueMiscGrp/BusinessCd",126587,86011,"2021v4.0, 2021v4.2, 2021v4.1"
"/Return/ReturnData/IRS990ScheduleA/GrossInvestmentIncome170Grp/TotalAmt",126543,126531,"2021v4.0, 2021v4.2, 2021v4.1"
"/Return/ReturnData/IRS990/BooksInCareOfDetail/BusinessName/BusinessNameLine1Txt",126160,126144,"2021v4.2, 2021v4.0, 2021v4.1"
"/Return/ReturnData/IRS990/BooksInCareOfDetail/BusinessName",126160,126144,"2021v4.1, 2021v4.2, 2021v4.0"
"/Return/ReturnData/IRS990EZ/SumOfTotalLiabilitiesGrp",125352,125352,"2021v4.2, 2021v4.0, 2021v4.1"
"/Return/ReturnData/IRS990/TravelGrp/ProgramServicesAmt",124757,124737,"2021v4.1, 2021v4.0, 2021v4.2"
"/Return/ReturnData/IRS990/MethodOfAccountingCashInd",124311,124304,"2021v4.2, 2021v4.0, 2021v4.1"
"/Return/ReturnData/IRS990/NetIncmFromFundraisingEvtGrp/TotalRevenueColumnAmt",123774,123757,"2021v4.2, 2021v4.0, 2021v4.1"
"/Return/ReturnData/IRS990/NetIncmFromFundraisingEvtGrp",123774,123757,"2021v4.2, 2021v4.0, 2021v4.1"
"/Return/ReturnData/IRS990ScheduleA/GrossInvestmentIncome509Grp",123465,123455,"2021v4.0, 2021v4.2, 2021v4.1"
"/Return/ReturnData/IRS990/Form990PartVIISectionAGrp/HighestCompensatedEmployeeInd",122553,41856,"2021v4.2, 2021v4.0, 2021v4.1"
"/Return/ReturnData/IRS990/FeesForServicesOtherGrp/ProgramServicesAmt",121960,121939,"2021v4.2, 2021v4.0, 2021v4.1"
"/Return/ReturnData/IRS990ScheduleD/TotalLiabilityAmt",121623,121600,"2021v4.2, 2021v4.0, 2021v4.1"
"/Return/ReturnData/IRS990ScheduleA/GrossInvestmentIncome509Grp/TotalAmt",121301,121291,"2021v4.1, 2021v4.0, 2021v4.2"
"/Return/ReturnData/IRS990EZ/SumOfTotalLiabilitiesGrp/EOYAmt",121296,121296,"2021v4.1, 2021v4.2, 2021v4.0"
"/Return/ReturnData/IRS990EZ/SumOfTotalLiabilitiesGrp/BOYAmt",120692,120692,"2021v4.1, 2021v4.2, 2021v4.0"
"/Return/ReturnData/IRS990ScheduleD/OtherLandBuildingsGrp",120682,120660,"2021v4.0, 2021v4.2, 2021v4.1"
"/Return/ReturnData/IRS990ScheduleD/BuildingsGrp/BookValueAmt",119828,119809,"2021v4.1, 2021v4.0, 2021v4.2"
"/Return/ReturnData/IRS990/AdvertisingGrp/ProgramServicesAmt",119609,119589,"2021v4.1, 2021v4.0, 2021v4.2"
"/Return/ReturnData/IRS990/CompCurrentOfcrDirectorsGrp/ManagementAndGeneralAmt",118930,118907,"2021v4.0, 2021v4.2, 2021v4.1"
"/Return/ReturnData/IRS990ScheduleD/LandGrp",118815,118798,"2021v4.0, 2021v4.2, 2021v4.1"
"/Return/ReturnHeader/AdditionalFilerInformation/TrustedCustomerGrp/FederatedAssuranceLevelCd",118619,118615,"2021v4.0, 2021v4.1"
"/Return/ReturnData/IRS990ScheduleR/TransactionsRelatedOrgGrp",117267,36635,"2021v4.1, 2021v4.2, 2021v4.0"
"/Return/ReturnData/IRS990ScheduleR/TransactionsRelatedOrgGrp/OtherOrganizationName/BusinessNameLine1Txt",116978,36597,"2021v4.2, 2021v4.0, 2021v4.1"
"/Return/ReturnData/IRS990ScheduleR/TransactionsRelatedOrgGrp/OtherOrganizationName",116978,36597,"2021v4.2, 2021v4.0, 2021v4.1"
"/Return/ReturnData/IRS990ScheduleR/TransactionsRelatedOrgGrp/TransactionTypeTxt",116631,36355,"2021v4.2, 2021v4.0, 2021v4.1"
"/Return/ReturnData/IRS990/CompCurrentOfcrDirectorsGrp/ProgramServicesAmt",116562,116544,"2021v4.1, 2021v4.0, 2021v4.2"
"/Return/ReturnData/IRS990/OtherEmployeeBenefitsGrp/ProgramServicesAmt",116487,116465,"2021v4.0, 2021v4.2, 2021v4.1"
"/Return/ReturnData/IRS990EZ/OtherAssetsTotalDetail",115402,115402,"2021v4.2, 2021v4.0, 2021v4.1"
"/Return/ReturnData/IRS990/PledgesAndGrantsReceivableGrp",114801,114782,"2021v4.0, 2021v4.2, 2021v4.1"
"/Return/ReturnData/IRS990/DonorRestrictionNetAssetsGrp",113941,113920,"2021v4.0, 2021v4.2, 2021v4.1"
"/Return/ReturnData/IRS990ScheduleD/LandGrp/BookValueAmt",113469,113452,"2021v4.0, 2021v4.2, 2021v4.1"
"/Return/ReturnData/IRS990/ContractorCompensationGrp",113032,40357,"2021v4.2, 2021v4.0, 2021v4.1"
"/Return/ReturnData/IRS990/ContractorCompensationGrp/ContractorName",113016,40345,"2021v4.2, 2021v4.0, 2021v4.1"
"/Return/ReturnData/IRS990ScheduleD/BuildingsGrp/DepreciationAmt",112676,112656,"2021v4.1, 2021v4.0, 2021v4.2"
"/Return/ReturnData/IRS990/ContractorCompensationGrp/ContractorAddress",112137,39731,"2021v4.2, 2021v4.0, 2021v4.1"
"/Return/ReturnData/IRS990/FeesForServicesManagementGrp",112064,112055,"2021v4.0, 2021v4.2, 2021v4.1"
"/Return/ReturnData/IRS990/FeesForServicesManagementGrp/TotalAmt",112058,112049,"2021v4.0, 2021v4.2, 2021v4.1"
"/Return/ReturnData/IRS990/FeesForSrvcInvstMgmntFeesGrp",112053,112039,"2021v4.1, 2021v4.2, 2021v4.0"
"/Return/ReturnData/IRS990/FeesForSrvcInvstMgmntFeesGrp/TotalAmt",112051,112037,"2021v4.2, 2021v4.0, 2021v4.1"
"/Return/ReturnData/IRS990EZ/FundraisingGrossIncomeAmt",111906,111906,"2021v4.1, 2021v4.2, 2021v4.0"
"/Return/ReturnData/IRS990/ContractorCompensationGrp/CompensationAmt",111763,39315,"2021v4.2, 2021v4.0, 2021v4.1"
"/Return/ReturnData/IRS990EZ/OtherAssetsTotalDetail/EOYAmt",111725,111725,"2021v4.2, 2021v4.0, 2021v4.1"
"/Return/ReturnData/IRS990/ContractorCompensationGrp/ServicesDesc",111403,39231,"2021v4.1, 2021v4.2, 2021v4.0"
"/Return/ReturnData/IRS990ScheduleA/GrossReceiptsAdmissionsGrp/CurrentTaxYearAmt",111187,111176,"2021v4.1, 2021v4.0, 2021v4.2"
"/Return/ReturnData/IRS990/GrantsToDomesticIndividualsGrp",111029,111014,"2021v4.0, 2021v4.2, 2021v4.1"
"/Return/ReturnData/IRS990/GrantsToDomesticIndividualsGrp/TotalAmt",111025,111010,"2021v4.0, 2021v4.2, 2021v4.1"
"/Return/ReturnData/IRS990EZ/OtherAssetsTotalDetail/BOYAmt",111017,111017,"2021v4.2, 2021v4.0, 2021v4.1"
"/Return/ReturnData/IRS990/PledgesAndGrantsReceivableGrp/EOYAmt",110871,110852,"2021v4.1, 2021v4.0, 2021v4.2"
"/Return/ReturnData/IRS990ScheduleR/TransactionsRelatedOrgGrp/InvolvedAmt",110781,34425,"2021v4.1, 2021v4.2, 2021v4.0"
"/Return/ReturnData/IRS990/DonorRestrictionNetAssetsGrp/EOYAmt",110601,110580,"2021v4.0, 2021v4.2, 2021v4.1"
"/Return/ReturnData/IRS990/DepreciationDepletionGrp/ManagementAndGeneralAmt",109931,109910,"2021v4.2, 2021v4.0, 2021v4.1"
"/Return/ReturnData/IRS990/ContractorCompensationGrp/ContractorAddress/USAddress",109423,38892,"2021v4.1, 2021v4.2, 2021v4.0"
"/Return/ReturnData/IRS990/ContractorCompensationGrp/ContractorAddress/USAddress/StateAbbreviationCd",109423,38892,"2021v4.2, 2021v4.0, 2021v4.1"
"/Return/ReturnData/IRS990/ContractorCompensationGrp/ContractorAddress/USAddress/AddressLine1Txt",109423,38892,"2021v4.1, 2021v4.2, 2021v4.0"
"/Return/ReturnData/IRS990/ContractorCompensationGrp/ContractorAddress/USAddress/CityNm",109423,38892,"2021v4.2, 2021v4.0, 2021v4.1"
"/Return/ReturnData/IRS990/ContractorCompensationGrp/ContractorAddress/USAddress/ZIPCd",109423,38892,"2021v4.1, 2021v4.2, 2021v4.0"
"/Return/ReturnData/IRS990EZ/InvestmentIncomeAmt",109372,109372,"2021v4.0, 2021v4.2, 2021v4.1"
"/Return/ReturnData/IRS990/FeesForServicesOtherGrp/ManagementAndGeneralAmt",108933,108914,"2021v4.0, 2021v4.2, 2021v4.1"
"/Return/ReturnData/IRS990ScheduleD/BuildingsGrp/OtherCostOrOtherBasisAmt",108297,108279,"2021v4.0, 2021v4.2, 2021v4.1"
"/Return/ReturnData/IRS990/DonorRestrictionNetAssetsGrp/BOYAmt",108013,107992,"2021v4.0, 2021v4.2, 2021v4.1"
"/Return/ReturnData/IRS990ScheduleA/GrossReceiptsAdmissionsGrp/CurrentTaxYearMinus2YearsAmt",107931,107921,"2021v4.0, 2021v4.2, 2021v4.1"
"/Return/ReturnData/IRS990ScheduleA/AmountsRcvdDsqlfyPersonGrp",107921,107911,"2021v4.1, 2021v4.2, 2021v4.0"
"/Return/ReturnData/IRS990EZ/SpecialEventsDirectExpensesAmt",107811,107811,"2021v4.0, 2021v4.2, 2021v4.1"
"/Return/ReturnData/IRS990ScheduleR/TransactionsRelatedOrgGrp/MethodOfAmountDeterminationTxt",107702,33306,"2021v4.2, 2021v4.0, 2021v4.1"
"/Return/ReturnData/IRS990ScheduleA/GrossReceiptsAdmissionsGrp/CurrentTaxYearMinus1YearAmt",106789,106779,"2021v4.0, 2021v4.2, 2021v4.1"
"/Return/ReturnData/IRS990ScheduleD/OtherLandBuildingsGrp/OtherCostOrOtherBasisAmt",106714,106694,"2021v4.0, 2021v4.2, 2021v4.1"
"/Return/ReturnData/IRS990ScheduleD/TotalRevenuePerForm990Amt",106713,106694,"2021v4.0, 2021v4.2, 2021v4.1"
"/Return/ReturnData/IRS990ScheduleD/RevenueSubtotalAmt",106705,106686,"2021v4.0, 2021v4.2, 2021v4.1"
"/Return/ReturnData/IRS990ScheduleD/TotalExpensesPerForm990Amt",106676,106657,"2021v4.0, 2021v4.2, 2021v4.1"
"/Return/ReturnData/IRS990ScheduleD/ExpensesSubtotalAmt",106654,106635,"2021v4.1, 2021v4.0, 2021v4.2"
"/Return/ReturnData/IRS990ScheduleD/TotalRevEtcAuditedFinclStmtAmt",106342,106323,"2021v4.1, 2021v4.0, 2021v4.2"
"/Return/ReturnData/IRS990ScheduleD/TotExpnsEtcAuditedFinclStmtAmt",106300,106281,"2021v4.1, 2021v4.0, 2021v4.2"
"/Return/ReturnData/IRS990ScheduleG",106271,106258,"2021v4.2, 2021v4.0, 2021v4.1"
"/Return/ReturnData/IRS990ScheduleA/InvestmentIncomeAndUBTIGrp",106081,106071,"2021v4.1, 2021v4.0, 2021v4.2"
"/Return/ReturnData/IRS990/GrantAmt",105974,105957,"2021v4.1, 2021v4.2, 2021v4.0"
"/Return/ReturnData/IRS990ScheduleD/OtherLandBuildingsGrp/BookValueAmt",105813,105792,"2021v4.1, 2021v4.0, 2021v4.2"
"/Return/ReturnData/IRS990ScheduleA/GrossReceiptsAdmissionsGrp/CurrentTaxYearMinus3YearsAmt",105742,105732,"2021v4.0, 2021v4.2, 2021v4.1"
"/Return/ReturnData/IRS990ScheduleA/SubstantialContributorsAmtGrp",105685,105676,"2021v4.1, 2021v4.2, 2021v4.0"
"/Return/ReturnData/IRS990ScheduleA/AmountsRcvdDsqlfyPersonGrp/TotalAmt",105599,105589,"2021v4.2, 2021v4.0, 2021v4.1"
"/Return/ReturnData/IRS990/InfoInScheduleOPartIIIInd",105390,105375,"2021v4.0, 2021v4.2, 2021v4.1"
"/Return/ReturnData/IRS990/InventoriesForSaleOrUseGrp",104687,104670,"2021v4.0, 2021v4.2, 2021v4.1"
"/Return/ReturnData/IRS990ScheduleA/InvestmentIncomeAndUBTIGrp/TotalAmt",103555,103545,"2021v4.0, 2021v4.2, 2021v4.1"
"/Return/ReturnData/IRS990ScheduleA/SubstantialContributorsAmtGrp/TotalAmt",103348,103339,"2021v4.1, 2021v4.2, 2021v4.0"
"/Return/ReturnData/IRS990/OtherEmployeeBenefitsGrp/ManagementAndGeneralAmt",102759,102739,"2021v4.2, 2021v4.0, 2021v4.1"
"/Return/ReturnData/IRS990ScheduleA/GrossReceiptsAdmissionsGrp/CurrentTaxYearMinus4YearsAmt",102593,102583,"2021v4.1, 2021v4.0, 2021v4.2"
"/Return/ReturnData/IRS990/InventoriesForSaleOrUseGrp/EOYAmt",102578,102561,"2021v4.1, 2021v4.0, 2021v4.2"
"/Return/ReturnData/IRS990ScheduleD/OtherLandBuildingsGrp/DepreciationAmt",102168,102151,"2021v4.1, 2021v4.0, 2021v4.2"
"/Return/ReturnData/IRS990/ProgSrvcAccomActy2Grp",101063,101049,"2021v4.1, 2021v4.2, 2021v4.0"
"/Return/ReturnData/IRS990EZ/ProgramServiceRevenueAmt",100563,100562,"2021v4.1, 2021v4.2, 2021v4.0"
"/Return/ReturnData/IRS990/GainOrLossGrp",99718,99700,"2021v4.1, 2021v4.2, 2021v4.0"
"/Return/ReturnData/IRS990/NetUnrlzdGainsLossesInvstAmt",99291,99271,"2021v4.1, 2021v4.2, 2021v4.0"
"/Return/ReturnData/IRS990EZ/PrintingPublicationsPostageAmt",99191,99191,"2021v4.2, 2021v4.0, 2021v4.1"
"/Return/ReturnData/IRS990/DeferredRevenueGrp",98549,98530,"2021v4.1, 2021v4.0, 2021v4.2"
"/Return/ReturnData/IRS990/ProgSrvcAccomActy2Grp/Desc",98484,98470,"2021v4.2, 2021v4.0, 2021v4.1"
"/Return/ReturnHeader/Filer/BusinessName/BusinessNameLine2Txt",98393,98385,"2021v4.0, 2021v4.2, 2021v4.1"
"/Return/ReturnData/IRS990ScheduleA/GrossInvestmentIncome170Grp/CurrentTaxYearAmt",98076,98066,"2021v4.0, 2021v4.2, 2021v4.1"
"/Return/ReturnData/IRS990ScheduleA/GrossInvestmentIncome170Grp/CurrentTaxYearMinus1YearAmt",97524,97514,"2021v4.0, 2021v4.2, 2021v4.1"
"/Return/ReturnData/IRS990ScheduleD/OtherAssetsOrgGrp",97382,44266,"2021v4.2, 2021v4.0, 2021v4.1"
"/Return/ReturnData/IRS990ScheduleD/LandGrp/OtherCostOrOtherBasisAmt",96953,96937,"2021v4.1, 2021v4.0, 2021v4.2"
"/Return/ReturnData/IRS990EZ/CostOfGoodsSoldAmt",96664,96664,"2021v4.0, 2021v4.2, 2021v4.1"
"/Return/ReturnData/IRS990ScheduleD/OtherAssetsOrgGrp/Desc",96480,44098,"2021v4.1, 2021v4.2, 2021v4.0"
"/Return/ReturnData/IRS990EZ/OccupancyRentUtltsAndMaintAmt",96177,96177,"2021v4.0, 2021v4.2, 2021v4.1"
"/Return/ReturnData/IRS990ScheduleA/GrossInvestmentIncome170Grp/CurrentTaxYearMinus2YearsAmt",96151,96140,"2021v4.1, 2021v4.0, 2021v4.2"
"/Return/ReturnData/IRS990ScheduleR/IdRelatedOrgTxblCorpTrGrp/DirectControllingNACd",95401,8682,"2021v4.2, 2021v4.0, 2021v4.1"
"/Return/ReturnData/IRS990ScheduleD/OtherAssetsOrgGrp/BookValueAmt",95321,44035,"2021v4.2, 2021v4.0, 2021v4.1"
"/Return/ReturnData/IRS990/NetRentalIncomeOrLossGrp",94653,94636,"2021v4.2, 2021v4.0, 2021v4.1"
"/Return/ReturnData/IRS990/InvestmentsPubTradedSecGrp/BOYAmt",94604,94586,"2021v4.1, 2021v4.2, 2021v4.0"
"/Return/ReturnData/IRS990/NetRentalIncomeOrLossGrp/TotalRevenueColumnAmt",94272,94255,"2021v4.2, 2021v4.0, 2021v4.1"
"/Return/ReturnData/IRS990/ContractorCompensationGrp/ContractorName/BusinessName/BusinessNameLine1Txt",94255,33618,"2021v4.2, 2021v4.0, 2021v4.1"
"/Return/ReturnData/IRS990/ContractorCompensationGrp/ContractorName/BusinessName",94255,33618,"2021v4.2, 2021v4.0, 2021v4.1"
"/Return/ReturnData/IRS990ScheduleA/GrossInvestmentIncome170Grp/CurrentTaxYearMinus3YearsAmt",93966,93955,"2021v4.0, 2021v4.2, 2021v4.1"
"/Return/ReturnData/IRS990/TravelGrp/ManagementAndGeneralAmt",92934,92915,"2021v4.1, 2021v4.2, 2021v4.0"
"/Return/ReturnData/IRS990ScheduleA/GrossInvestmentIncome170Grp/CurrentTaxYearMinus4YearsAmt",92236,92225,"2021v4.1, 2021v4.0, 2021v4.2"
"/Return/ReturnData/IRS990ScheduleA/OtherIncome170Grp",92174,92164,"2021v4.1, 2021v4.0, 2021v4.2"
"/Return/ReturnData/IRS990ScheduleA/SubstantialContributorsTotAmt",92106,92097,"2021v4.1, 2021v4.0, 2021v4.2"
"/Return/ReturnHeader/AdditionalFilerInformation/TrustedCustomerGrp/OOBSecurityVerificationCd",91841,91838,"2021v4.2, 2021v4.0, 2021v4.1"
"/Return/ReturnData/IRS990/DeferredRevenueGrp/EOYAmt",91838,91819,"2021v4.0, 2021v4.2, 2021v4.1"
"/Return/ReturnHeader/PreparerPersonGrp/SelfEmployedInd",91565,91562,"2021v4.1, 2021v4.2, 2021v4.0"
"/Return/ReturnData/IRS990/NetIncomeOrLossGrp",91139,91124,"2021v4.1, 2021v4.0, 2021v4.2"
"/Return/ReturnData/IRS990/InvestmentsOtherSecuritiesGrp",91124,91112,"2021v4.1, 2021v4.2, 2021v4.0"
"/Return/ReturnData/IRS990/NetIncomeOrLossGrp/TotalRevenueColumnAmt",91120,91105,"2021v4.1, 2021v4.0, 2021v4.2"
"/Return/ReturnData/IRS990ScheduleA/InvestmentIncomeAndUBTIGrp/CurrentTaxYearAmt",90836,90826,"2021v4.0, 2021v4.2, 2021v4.1"
"/Return/ReturnData/IRS990ScheduleA/InvestmentIncomeAndUBTIGrp/CurrentTaxYearMinus1YearAmt",90818,90808,"2021v4.0, 2021v4.2, 2021v4.1"
"/Return/ReturnData/IRS990/DeferredRevenueGrp/BOYAmt",90615,90596,"2021v4.0, 2021v4.2, 2021v4.1"
"/Return/ReturnData/IRS990ScheduleA/InvestmentIncomeAndUBTIGrp/CurrentTaxYearMinus2YearsAmt",90330,90320,"2021v4.0, 2021v4.2, 2021v4.1"
"/Return/ReturnData/IRS990EZ/MembershipDuesAmt",90225,90225,"2021v4.1, 2021v4.0, 2021v4.2"
"/Return/ReturnData/IRS990ScheduleA/OtherIncome170Grp/TotalAmt",89859,89849,"2021v4.0, 2021v4.2, 2021v4.1"
"/Return/ReturnData/IRS990EZ/SpecialEventsNetIncomeLossAmt",89217,89217,"2021v4.1, 2021v4.2, 2021v4.0"
"/Return/ReturnData/IRS990ScheduleA/InvestmentIncomeAndUBTIGrp/CurrentTaxYearMinus3YearsAmt",89068,89058,"2021v4.0, 2021v4.2, 2021v4.1"
"/Return/ReturnData/IRS990EZ/StatesWhereCopyOfReturnIsFldCd",88313,83617,"2021v4.0, 2021v4.2, 2021v4.1"
"/Return/ReturnData/IRS990ScheduleA/GrossInvestmentIncome509Grp/CurrentTaxYearAmt",88146,88136,"2021v4.0, 2021v4.2, 2021v4.1"
"/Return/ReturnData/IRS990EZ/TaxImposedUnderIRC4911Amt",87777,87777,"2021v4.1, 2021v4.2, 2021v4.0"
"/Return/ReturnData/IRS990EZ/TaxImposedUnderIRC4912Amt",87768,87768,"2021v4.2, 2021v4.0, 2021v4.1"
"/Return/ReturnData/IRS990EZ/TaxImposedUnderIRC4955Amt",87767,87767,"2021v4.1, 2021v4.2, 2021v4.0"
"/Return/ReturnData/IRS990/FeesForServicesAccountingGrp/ProgramServicesAmt",87766,87758,"2021v4.1, 2021v4.0, 2021v4.2"
"/Return/ReturnData/IRS990ScheduleA/InvestmentIncomeAndUBTIGrp/CurrentTaxYearMinus4YearsAmt",87763,87754,"2021v4.1, 2021v4.0, 2021v4.2"
"/Return/ReturnData/IRS990ScheduleG/FundraisingEventInformationGrp",87697,87685,"2021v4.2, 2021v4.0, 2021v4.1"
"/Return/ReturnData/IRS990ScheduleA/GrossInvestmentIncome509Grp/CurrentTaxYearMinus1YearAmt",87676,87666,"2021v4.1, 2021v4.0, 2021v4.2"
"/Return/ReturnData/IRS990/InvestmentsOtherSecuritiesGrp/EOYAmt",87463,87451,"2021v4.1, 2021v4.2, 2021v4.0"
"/Return/ReturnData/IRS990EZ/CostOrOtherBasisExpenseSaleAmt",86840,86840,"2021v4.1, 2021v4.0, 2021v4.2"
"/Return/ReturnData/IRS990ScheduleA/GrossInvestmentIncome509Grp/CurrentTaxYearMinus2YearsAmt",86806,86796,"2021v4.1, 2021v4.0, 2021v4.2"
"/Return/ReturnData/IRS990ScheduleG/FundraisingEventInformationGrp/Event1Nm",86373,86361,"2021v4.1, 2021v4.2, 2021v4.0"
"/Return/ReturnData/IRS990ScheduleA/SubstAndDsqlfyPrsnsTotGrp",86244,86235,"2021v4.1, 2021v4.2, 2021v4.0"
"/Return/ReturnData/IRS990/FSAuditedBasisGrp/SeparateBasisFinclStmtInd",86014,85996,"2021v4.1, 2021v4.0, 2021v4.2"
"/Return/ReturnData/IRS990EZ/InfoInScheduleOPartIIInd",85754,85754,"2021v4.1, 2021v4.0, 2021v4.2"
"/Return/ReturnData/IRS990ScheduleA/GrossInvestmentIncome509Grp/CurrentTaxYearMinus3YearsAmt",85157,85147,"2021v4.0, 2021v4.2, 2021v4.1"
"/Return/ReturnData/IRS990/ConferencesMeetingsGrp/ProgramServicesAmt",85149,85136,"2021v4.1, 2021v4.0, 2021v4.2"
"/Return/ReturnData/IRS990/FundraisingGrossIncomeAmt",85053,85037,"2021v4.2, 2021v4.0, 2021v4.1"
"/Return/ReturnData/IRS990/BenefitsToMembersGrp",84998,84991,"2021v4.0, 2021v4.2, 2021v4.1"
"/Return/ReturnData/IRS990/BenefitsToMembersGrp/TotalAmt",84998,84991,"2021v4.0, 2021v4.2, 2021v4.1"
"/Return/ReturnData/IRS990ScheduleG/FundraisingEventInformationGrp/GrossReceiptsTotalAmt",84984,84972,"2021v4.2, 2021v4.0, 2021v4.1"
"/Return/ReturnData/IRS990/PaymentsToAffiliatesGrp",84790,84781,"2021v4.1, 2021v4.0, 2021v4.2"
"/Return/ReturnData/IRS990/PaymentsToAffiliatesGrp/TotalAmt",84787,84778,"2021v4.0, 2021v4.2, 2021v4.1"
"/Return/ReturnData/IRS990ScheduleG/FundraisingEventInformationGrp/GrossReceiptsEvent1Amt",84609,84598,"2021v4.1, 2021v4.2, 2021v4.0"
"/Return/ReturnData/IRS990/AdvertisingGrp/ManagementAndGeneralAmt",84464,84447,"2021v4.0, 2021v4.2, 2021v4.1"
"/Return/ReturnData/IRS990ScheduleA/SubstAndDsqlfyPrsnsTotGrp/TotalAmt",83972,83963,"2021v4.2, 2021v4.0, 2021v4.1"
"/Return/ReturnData/IRS990/ProgSrvcAccomActy2Grp/ExpenseAmt",83689,83676,"2021v4.2, 2021v4.0, 2021v4.1"
"/Return/ReturnData/IRS990/ForeignGrantsGrp",83575,83567,"2021v4.0, 2021v4.2, 2021v4.1"
"/Return/ReturnData/IRS990/ForeignGrantsGrp/TotalAmt",83571,83563,"2021v4.0, 2021v4.2, 2021v4.1"
"/Return/ReturnData/IRS990ScheduleA/GrossInvestmentIncome509Grp/CurrentTaxYearMinus4YearsAmt",83513,83504,"2021v4.0, 2021v4.2, 2021v4.1"
"/Return/ReturnData/IRS990/FeesForServicesLobbyingGrp",82940,82931,"2021v4.0, 2021v4.2, 2021v4.1"
"/Return/ReturnData/IRS990/FeesForServicesLobbyingGrp/TotalAmt",82939,82930,"2021v4.1, 2021v4.0, 2021v4.2"
"/Return/ReturnData/IRS990/OthNotesLoansReceivableNetGrp",82924,82917,"2021v4.0, 2021v4.2, 2021v4.1"
"/Return/ReturnData/IRS990/GrossAmountSalesAssetsGrp",82518,82501,"2021v4.2, 2021v4.0, 2021v4.1"
"/Return/ReturnData/IRS990ScheduleG/FundraisingEventInformationGrp/NetIncomeSummaryAmt",82263,82251,"2021v4.1, 2021v4.2, 2021v4.0"
"/Return/ReturnData/IRS990EZ/TaxImposedOnOrganizationMgrAmt",82262,82262,"2021v4.1, 2021v4.2, 2021v4.0"
"/Return/ReturnData/IRS990/InformationTechnologyGrp/ProgramServicesAmt",82253,82244,"2021v4.2, 2021v4.0, 2021v4.1"
"/Return/ReturnData/IRS990EZ/TaxReimbursedByOrganizationAmt",82221,82221,"2021v4.1, 2021v4.2, 2021v4.0"
"/Return/ReturnData/IRS990/MortgNotesPyblScrdInvstPropGrp",82025,82013,"2021v4.1, 2021v4.0, 2021v4.2"
"/Return/ReturnData/IRS990/FundraisingDirectExpensesAmt",81754,81739,"2021v4.1, 2021v4.2, 2021v4.0"
"/Return/ReturnData/IRS990/PayrollTaxesGrp/FundraisingAmt",81615,81601,"2021v4.2, 2021v4.0, 2021v4.1"
"/Return/ReturnData/IRS990/OfficeExpensesGrp/FundraisingAmt",81569,81557,"2021v4.2, 2021v4.0, 2021v4.1"
"/Return/ReturnData/IRS990/CompDisqualPersonsGrp",81225,81218,"2021v4.0, 2021v4.2, 2021v4.1"
"/Return/ReturnData/IRS990/CompDisqualPersonsGrp/TotalAmt",81224,81217,"2021v4.1, 2021v4.0, 2021v4.2"
"/Return/ReturnData/IRS990/FeesForServicesProfFundraising",80692,80684,"2021v4.2, 2021v4.0, 2021v4.1"
"/Return/ReturnData/IRS990/OrgDoesNotFollowFASB117Ind",80653,80651,"2021v4.2, 2021v4.0, 2021v4.1"
"/Return/ReturnData/IRS990/OthNotesLoansReceivableNetGrp/EOYAmt",80465,80458,"2021v4.0, 2021v4.2, 2021v4.1"
"/Return/ReturnData/IRS990/InformationTechnologyGrp/ManagementAndGeneralAmt",80465,80452,"2021v4.2, 2021v4.0, 2021v4.1"
"/Return/ReturnData/IRS990ScheduleD/RevenueNotReportedAmt",80372,80355,"2021v4.1, 2021v4.2, 2021v4.0"
"/Return/ReturnData/IRS990EZ/OtherChangesInNetAssetsAmt",80346,80345,"2021v4.1, 2021v4.2, 2021v4.0"
"/Return/ReturnData/IRS990/LessCostOthBasisSalesExpnssGrp",80321,80303,"2021v4.1, 2021v4.2, 2021v4.0"
"/Return/ReturnData/IRS990/Form1098CFiledInd",80153,80147,"2021v4.1, 2021v4.2, 2021v4.0"
"/Return/ReturnData/IRS990EZ/LandAndBuildingsGrp",79932,79932,"2021v4.2, 2021v4.0, 2021v4.1"
"/Return/ReturnData/IRS990/Form8899Filedind",79855,79848,"2021v4.2, 2021v4.0, 2021v4.1"
"/Return/ReturnData/IRS990/Organization501cInd",79439,79438,"2021v4.0, 2021v4.2, 2021v4.1"
"/Return/ReturnData/IRS990EZ/LandAndBuildingsGrp/EOYAmt",79375,79375,"2021v4.1, 2021v4.2, 2021v4.0"
"/Return/ReturnData/IRS990ScheduleG/FundraisingEventInformationGrp/GrossRevenueTotalEventsAmt",79065,79054,"2021v4.1, 2021v4.2, 2021v4.0"
"/Return/ReturnData/IRS990EZ/LandAndBuildingsGrp/BOYAmt",79029,79029,"2021v4.1, 2021v4.2, 2021v4.0"
"/Return/ReturnData/IRS990/GainOrLossGrp/SecuritiesAmt",78980,78964,"2021v4.2, 2021v4.0, 2021v4.1"
"/Return/ReturnData/IRS990ScheduleR",78513,78504,"2021v4.1, 2021v4.2, 2021v4.0"
"/Return/ReturnData/IRS990/MortgNotesPyblScrdInvstPropGrp/BOYAmt",78472,78460,"2021v4.1, 2021v4.0, 2021v4.2"
"/Return/ReturnData/IRS990/OtherSalariesAndWagesGrp/FundraisingAmt",78429,78413,"2021v4.2, 2021v4.0, 2021v4.1"
"/Return/ReturnData/IRS990/RtnEarnEndowmentIncmOthFndsGrp",78355,78353,"2021v4.1, 2021v4.2, 2021v4.0"
"/Return/ReturnData/IRS990/FeesForServicesLegalGrp/ManagementAndGeneralAmt",78130,78114,"2021v4.2, 2021v4.0, 2021v4.1"
"/Return/ReturnData/IRS990ScheduleA/GrossReceiptsNonUnrltBusGrp",77846,77842,"2021v4.1, 2021v4.2, 2021v4.0"
"/Return/ReturnData/IRS990/RtnEarnEndowmentIncmOthFndsGrp/EOYAmt",77725,77723,"2021v4.1, 2021v4.2, 2021v4.0"
"/Return/ReturnData/IRS990ScheduleG/FundraisingEventInformationGrp/DirectExpenseSummaryEventsAmt",77608,77597,"2021v4.1, 2021v4.2, 2021v4.0"
"/Return/ReturnData/IRS990ScheduleD/LeaseholdImprovementsGrp",77496,77484,"2021v4.1, 2021v4.0, 2021v4.2"
"/Return/ReturnData/IRS990ScheduleG/FundraisingEventInformationGrp/GrossRevenueEvent1Amt",77373,77362,"2021v4.1, 2021v4.0, 2021v4.2"
"/Return/ReturnData/IRS990/RtnEarnEndowmentIncmOthFndsGrp/BOYAmt",77039,77037,"2021v4.2, 2021v4.0, 2021v4.1"
"/Return/ReturnData/IRS990/RoyaltiesGrp",76460,76450,"2021v4.2, 2021v4.0, 2021v4.1"
"/Return/ReturnData/IRS990/RoyaltiesGrp/TotalAmt",76459,76449,"2021v4.2, 2021v4.0, 2021v4.1"
"/Return/ReturnData/IRS990/MortgNotesPyblScrdInvstPropGrp/EOYAmt",76285,76273,"2021v4.1, 2021v4.0, 2021v4.2"
"/Return/ReturnData/IRS990ScheduleA/OtherIncome509Grp",76028,76019,"2021v4.1, 2021v4.0, 2021v4.2"
"/Return/ReturnData/IRS990/InvestmentIncomeGrp/RelatedOrExemptFuncIncomeAmt",75916,75912,"2021v4.0, 2021v4.2, 2021v4.1"
"/Return/ReturnData/IRS990/IntangibleAssetsGrp",75696,75689,"2021v4.1, 2021v4.0, 2021v4.2"
"/Return/ReturnData/IRS990ScheduleA/GrossReceiptsNonUnrltBusGrp/TotalAmt",75522,75518,"2021v4.2, 2021v4.0, 2021v4.1"
"/Return/ReturnData/IRS990ScheduleD/FootnoteTextInd",75337,75322,"2021v4.1, 2021v4.2, 2021v4.0"
"/Return/ReturnData/IRS990/PymtTravelEntrtnmntPubOfclGrp",75321,75314,"2021v4.0, 2021v4.2, 2021v4.1"
"/Return/ReturnData/IRS990/PymtTravelEntrtnmntPubOfclGrp/TotalAmt",75320,75313,"2021v4.1, 2021v4.0, 2021v4.2"
"/Return/ReturnData/IRS990ScheduleR/IdRelatedOrgTxblCorpTrGrp/DirectControllingEntityName",75113,10547,"2021v4.2, 2021v4.0, 2021v4.1"
"/Return/ReturnData/IRS990ScheduleR/IdRelatedOrgTxblCorpTrGrp/DirectControllingEntityName/BusinessNameLine1Txt",75113,10547,"2021v4.1, 2021v4.2, 2021v4.0"
"/Return/ReturnData/IRS990EZ/SalariesOtherCompEmplBnftAmt",74455,74455,"2021v4.1, 2021v4.0, 2021v4.2"
"/Return/ReturnData/IRS990ScheduleI",74435,74423,"2021v4.2, 2021v4.0, 2021v4.1"
"/Return/ReturnData/IRS990ScheduleR/SharingOfFacilitiesInd",74247,74239,"2021v4.2, 2021v4.0, 2021v4.1"
"/Return/ReturnData/IRS990ScheduleR/PaidEmployeesSharingInd",74239,74231,"2021v4.2, 2021v4.0, 2021v4.1"
"/Return/ReturnData/IRS990ScheduleR/GiftGrntOrCapContriToOthOrgInd",74232,74224,"2021v4.1, 2021v4.2, 2021v4.0"
"/Return/ReturnData/IRS990ScheduleR/ReimbursementPaidToOtherOrgInd",74226,74218,"2021v4.1, 2021v4.2, 2021v4.0"
"/Return/ReturnData/IRS990ScheduleR/GiftGrntCapContriFromOthOrgInd",74225,74217,"2021v4.1, 2021v4.2, 2021v4.0"
"/Return/ReturnData/IRS990ScheduleR/PerformOfServicesByOtherOrgInd",74222,74214,"2021v4.2, 2021v4.0, 2021v4.1"
"/Return/ReturnData/IRS990ScheduleR/ReimbursementPaidByOtherOrgInd",74221,74213,"2021v4.1, 2021v4.2, 2021v4.0"
"/Return/ReturnData/IRS990ScheduleR/RentalOfFcltsFromOthOrgInd",74220,74212,"2021v4.2, 2021v4.0, 2021v4.1"
"/Return/ReturnData/IRS990ScheduleF/GrantsToOrgOutsideUSGrp",74220,8873,"2021v4.2, 2021v4.0, 2021v4.1"
"/Return/ReturnData/IRS990ScheduleR/LoansOrGuaranteesToOtherOrgInd",74220,74212,"2021v4.2, 2021v4.0, 2021v4.1"
"/Return/ReturnData/IRS990ScheduleR/LoansOrGuaranteesFromOthOrgInd",74219,74211,"2021v4.2, 2021v4.0, 2021v4.1"
"/Return/ReturnData/IRS990ScheduleR/PerformOfServicesForOthOrgInd",74218,74210,"2021v4.1, 2021v4.2, 2021v4.0"
"/Return/ReturnData/IRS990ScheduleR/ReceiptOfIntAnntsRntsRyltsInd",74218,74210,"2021v4.1, 2021v4.2, 2021v4.0"
"/Return/ReturnData/IRS990ScheduleR/RentalOfFacilitiesToOthOrgInd",74216,74208,"2021v4.1, 2021v4.2, 2021v4.0"
"/Return/ReturnData/IRS990ScheduleR/AssetPurchaseFromOtherOrgInd",74213,74205,"2021v4.1, 2021v4.2, 2021v4.0"
"/Return/ReturnData/IRS990ScheduleR/AssetSaleToOtherOrgInd",74212,74204,"2021v4.1, 2021v4.2, 2021v4.0"
"/Return/ReturnData/IRS990ScheduleR/TransferToOtherOrgInd",74211,74203,"2021v4.2, 2021v4.0, 2021v4.1"
"/Return/ReturnData/IRS990ScheduleR/TransferFromOtherOrgInd",74208,74200,"2021v4.2, 2021v4.0, 2021v4.1"
"/Return/ReturnData/IRS990ScheduleR/AssetExchangeInd",74207,74199,"2021v4.1, 2021v4.2, 2021v4.0"
"/Return/ReturnData/IRS990ScheduleA/GrossReceiptsRltdActivitiesAmt",73658,73651,"2021v4.0, 2021v4.2, 2021v4.1"
"/Return/ReturnData/IRS990ScheduleG/FundraisingEventInformationGrp/OthDirectExpnssTotalEventsAmt",73607,73596,"2021v4.2, 2021v4.0, 2021v4.1"
"/Return/ReturnData/IRS990/IntangibleAssetsGrp/EOYAmt",73573,73566,"2021v4.0, 2021v4.2, 2021v4.1"
"/Return/ReturnData/IRS990ScheduleA/OtherIncome509Grp/TotalAmt",73541,73532,"2021v4.1, 2021v4.0, 2021v4.2"
"/Return/ReturnData/IRS990ScheduleI/GrantRecordsMaintainedInd",73458,73446,"2021v4.1, 2021v4.2, 2021v4.0"
"/Return/ReturnData/IRS990ScheduleA/Form990ScheduleAPartVIGrp",73431,59182,"2021v4.1, 2021v4.0, 2021v4.2"
"/Return/ReturnData/IRS990ScheduleA/Form990ScheduleAPartVIGrp/FormAndLineReferenceDesc",73405,59163,"2021v4.1, 2021v4.0, 2021v4.2"
"/Return/ReturnData/IRS990/InvestmentsProgramRelatedGrp",73268,73261,"2021v4.1, 2021v4.0, 2021v4.2"
"/Return/ReturnData/IRS990ScheduleR/DivRelatedOrganizationInd",73148,73140,"2021v4.1, 2021v4.2, 2021v4.0"
"/Return/ReturnData/IRS990EZ/GrossProfitLossSlsOfInvntryAmt",73118,73118,"2021v4.0, 2021v4.2, 2021v4.1"
"/Return/ReturnData/IRS990ScheduleD/ExpensesNotReportedAmt",73101,73086,"2021v4.2, 2021v4.0, 2021v4.1"
"/Return/ReturnData/IRS990ScheduleJ",72975,72958,"2021v4.2, 2021v4.0, 2021v4.1"
"/Return/ReturnData/IRS990ScheduleR/IdRelatedTaxExemptOrgGrp/DirectControllingNACd",72930,32527,"2021v4.1, 2021v4.2, 2021v4.0"
"/Return/ReturnData/IRS990ScheduleA/Form990ScheduleAPartVIGrp/ExplanationTxt",72885,58686,"2021v4.1, 2021v4.0, 2021v4.2"
"/Return/ReturnData/IRS990/PledgesAndGrantsReceivableGrp/BOYAmt",72209,72192,"2021v4.0, 2021v4.2, 2021v4.1"
"/Return/ReturnData/IRS990ScheduleF/GrantsToOrgOutsideUSGrp/PurposeOfGrantTxt",72126,8687,"2021v4.2, 2021v4.0, 2021v4.1"
"/Return/ReturnData/IRS990ScheduleF/GrantsToOrgOutsideUSGrp/CashGrantAmt",71989,8338,"2021v4.1, 2021v4.2, 2021v4.0"
"/Return/ReturnData/IRS990ScheduleF/GrantsToOrgOutsideUSGrp/RegionTxt",71909,7850,"2021v4.2, 2021v4.0, 2021v4.1"
"/Return/ReturnData/IRS990ScheduleR/IdRelatedOrgTxblPartnershipGrp/PredominantIncomeTypeTxt",71773,5997,"2021v4.1, 2021v4.2, 2021v4.0"
"/Return/ReturnData/IRS990/RoyaltiesRevenueGrp",71679,71669,"2021v4.0, 2021v4.2, 2021v4.1"
"/Return/ReturnData/IRS990ScheduleJ/SeverancePaymentInd",71657,71640,"2021v4.1, 2021v4.2, 2021v4.0"
"/Return/ReturnData/IRS990ScheduleJ/SupplementalNonqualRtrPlanInd",71656,71639,"2021v4.2, 2021v4.0, 2021v4.1"
"/Return/ReturnData/IRS990ScheduleJ/EquityBasedCompArrngmInd",71634,71617,"2021v4.1, 2021v4.2, 2021v4.0"
"/Return/ReturnData/IRS990/ProgSrvcAccomActy3Grp",71356,71345,"2021v4.2, 2021v4.0, 2021v4.1"
"/Return/ReturnData/IRS990/RoyaltiesRevenueGrp/TotalRevenueColumnAmt",71330,71320,"2021v4.1, 2021v4.0, 2021v4.2"
"/Return/ReturnData/IRS990ScheduleG/FundraisingEventInformationGrp/OtherDirectExpensesEvent1Amt",70582,70572,"2021v4.1, 2021v4.2, 2021v4.0"
"/Return/ReturnData/IRS990/NetIncomeFromGamingGrp",70542,70533,"2021v4.0, 2021v4.2, 2021v4.1"
"/Return/ReturnData/IRS990/NetIncomeFromGamingGrp/TotalRevenueColumnAmt",70525,70516,"2021v4.1, 2021v4.0, 2021v4.2"
"/Return/ReturnData/IRS990ScheduleR/IdRelatedTaxExemptOrgGrp/USAddress/AddressLine2Txt",70092,1216,"2021v4.2, 2021v4.0"
"/Return/ReturnData/IRS990/InvestmentsProgramRelatedGrp/EOYAmt",69819,69812,"2021v4.0, 2021v4.2, 2021v4.1"
"/Return/ReturnData/IRS990/ProgramServiceRevenueGrp/ExclusionAmt",69394,31497,"2021v4.1, 2021v4.0, 2021v4.2"
"/Return/ReturnData/IRS990/ReceivablesFromOfficersEtcGrp",68933,68927,"2021v4.1, 2021v4.0, 2021v4.2"
"/Return/ReturnData/IRS990/FeesForServicesProfFundraising/TotalAmt",68852,68845,"2021v4.1, 2021v4.2, 2021v4.0"
"/Return/ReturnData/IRS990ScheduleD/LeaseholdImprovementsGrp/BookValueAmt",68833,68822,"2021v4.0, 2021v4.2, 2021v4.1"
"/Return/ReturnData/IRS990/MembershipDuesAmt",68809,68805,"2021v4.1, 2021v4.0, 2021v4.2"
"/Return/ReturnData/IRS990/GrantsToDomesticOrgsGrp/ProgramServicesAmt",68678,68669,"2021v4.1, 2021v4.2, 2021v4.0"
"/Return/ReturnData/IRS990/ProgSrvcAccomActy3Grp/Desc",68613,68602,"2021v4.1, 2021v4.2, 2021v4.0"
"/Return/ReturnData/IRS990/ProgramServiceRevenueGrp/UnrelatedBusinessRevenueAmt",68368,32541,"2021v4.0, 2021v4.2, 2021v4.1"
"/Return/ReturnData/IRS990EZ/GrantsAndSimilarAmountsPaidAmt",68085,68085,"2021v4.0, 2021v4.2, 2021v4.1"
"/Return/ReturnData/IRS990/CompCurrentOfcrDirectorsGrp/FundraisingAmt",67845,67832,"2021v4.1, 2021v4.2, 2021v4.0"
"/Return/ReturnData/IRS990ScheduleI/GrantsOtherAsstToIndivInUSGrp",67782,33894,"2021v4.0, 2021v4.2, 2021v4.1"
"/Return/ReturnData/IRS990/RentalIncomeOrLossGrp",67775,67760,"2021v4.2, 2021v4.0, 2021v4.1"
"/Return/ReturnData/IRS990/ReceivablesFromOfficersEtcGrp/EOYAmt",67738,67732,"2021v4.0, 2021v4.2, 2021v4.1"
"/Return/ReturnData/IRS990ScheduleD/RevenueNotReportedFinclStmtAmt",67189,67176,"2021v4.1, 2021v4.2, 2021v4.0"
"/Return/ReturnData/IRS990ScheduleD/LeaseholdImprovementsGrp/DepreciationAmt",67029,67019,"2021v4.1, 2021v4.0, 2021v4.2"
"/Return/ReturnData/IRS990ScheduleD/ExpensesNotRptFinclStmtAmt",66868,66855,"2021v4.2, 2021v4.0, 2021v4.1"
"/Return/ReturnData/IRS990ScheduleI/GrantsOtherAsstToIndivInUSGrp/GrantTypeTxt",66772,33774,"2021v4.1, 2021v4.0, 2021v4.2"
"/Return/ReturnData/IRS990/RcvblFromDisqualifiedPrsnGrp",66734,66728,"2021v4.1, 2021v4.0, 2021v4.2"
"/Return/ReturnData/IRS990/ConferencesMeetingsGrp/ManagementAndGeneralAmt",66547,66538,"2021v4.2, 2021v4.0, 2021v4.1"
"/Return/ReturnData/IRS990/IncmFromInvestBondProceedsGrp",66337,66330,"2021v4.0, 2021v4.2, 2021v4.1"
"/Return/ReturnData/IRS990/RentalIncomeOrLossGrp/RealAmt",66300,66286,"2021v4.1, 2021v4.2, 2021v4.0"
"/Return/ReturnData/IRS990/IncmFromInvestBondProceedsGrp/TotalRevenueColumnAmt",65898,65891,"2021v4.0, 2021v4.2, 2021v4.1"
"/Return/ReturnData/IRS990/RcvblFromDisqualifiedPrsnGrp/EOYAmt",65806,65800,"2021v4.0, 2021v4.2, 2021v4.1"
"/Return/ReturnData/IRS990/GrossAmountSalesAssetsGrp/SecuritiesAmt",65433,65417,"2021v4.2, 2021v4.0, 2021v4.1"
"/Return/ReturnData/IRS990/InventoriesForSaleOrUseGrp/BOYAmt",65230,65215,"2021v4.1, 2021v4.0, 2021v4.2"
"/Return/ReturnData/IRS990/OtherRevenueMiscGrp/ExclusionAmt",65188,43147,"2021v4.0, 2021v4.2, 2021v4.1"
"/Return/ReturnData/IRS990/PensionPlanContributionsGrp/ProgramServicesAmt",64834,64816,"2021v4.2, 2021v4.0, 2021v4.1"
"/Return/ReturnData/IRS990ScheduleD/LeaseholdImprovementsGrp/OtherCostOrOtherBasisAmt",64788,64779,"2021v4.0, 2021v4.2, 2021v4.1"
"/Return/ReturnData/IRS990ScheduleF/GrantsToOrgOutsideUSGrp/MannerOfCashDisbursementTxt",64685,7295,"2021v4.1, 2021v4.2, 2021v4.0"
"/Return/ReturnData/IRS990/InfoInScheduleOPartIXInd",64588,64579,"2021v4.0, 2021v4.2, 2021v4.1"
"/Return/ReturnData/IRS990EZ/OtherRevenueTotalAmt",63748,63748,"2021v4.2, 2021v4.0, 2021v4.1"
"/Return/ReturnData/IRS990/LessCostOthBasisSalesExpnssGrp/SecuritiesAmt",63738,63722,"2021v4.2, 2021v4.0, 2021v4.1"
"/Return/ReturnData/IRS990EZ/InfoInScheduleOPartIIIInd",63001,63001,"2021v4.2, 2021v4.0, 2021v4.1"
"/Return/ReturnData/IRS990ScheduleG/LicensedStatesCd",62956,7703,"2021v4.1, 2021v4.2, 2021v4.0"
"/Return/ReturnData/IRS990ScheduleA/UnrelatedBusinessNetIncm170Grp",62645,62637,"2021v4.1, 2021v4.0, 2021v4.2"
"/Return/ReturnData/IRS990EZ/GainOrLossFromSaleOfAssetsAmt",62284,62284,"2021v4.1, 2021v4.0, 2021v4.2"
"/Return/ReturnData/IRS990ScheduleD/OtherSecuritiesGrp",61943,27484,"2021v4.1, 2021v4.2, 2021v4.0"
"/Return/ReturnData/IRS990ScheduleD/OtherSecuritiesGrp/Desc",61828,27400,"2021v4.1, 2021v4.2, 2021v4.0"
"/Return/ReturnData/IRS990ScheduleA/TaxRevLeviedOrgnztnlBnft509Grp",61777,61775,"2021v4.0, 2021v4.2, 2021v4.1"
"/Return/ReturnData/IRS990ScheduleA/OtherSupportSumAmt",61576,61573,"2021v4.1, 2021v4.2, 2021v4.0"
"/Return/ReturnData/IRS990/InterestGrp/ProgramServicesAmt",61516,61505,"2021v4.0, 2021v4.2, 2021v4.1"
"/Return/ReturnData/IRS990/AllOtherExpensesGrp/FundraisingAmt",61438,61430,"2021v4.0, 2021v4.2, 2021v4.1"
"/Return/ReturnData/IRS990EZ/DirectIndirectPltclExpendAmt",61278,61278,"2021v4.1, 2021v4.2, 2021v4.0"
"/Return/ReturnData/IRS990/NoncashContributionsAmt",60409,60402,"2021v4.2, 2021v4.0, 2021v4.1"
"/Return/ReturnData/IRS990/InfoInScheduleOPartXIInd",60401,60389,"2021v4.2, 2021v4.0, 2021v4.1"
"/Return/ReturnData/IRS990/Form990PartVIISectionAGrp/KeyEmployeeInd",60381,28148,"2021v4.2, 2021v4.0, 2021v4.1"
"/Return/ReturnData/IRS990/OtherEmployeeBenefitsGrp/FundraisingAmt",60255,60243,"2021v4.2, 2021v4.0, 2021v4.1"
"/Return/ReturnData/IRS990/FundraisingAmt",60203,60194,"2021v4.1, 2021v4.2, 2021v4.0"
"/Return/ReturnData/IRS990ScheduleA/UnrelatedBusinessNetIncm170Grp/TotalAmt",60174,60166,"2021v4.0, 2021v4.2, 2021v4.1"
"/Return/ReturnData/IRS990ScheduleI/GrantsOtherAsstToIndivInUSGrp/RecipientCnt",59843,31016,"2021v4.1, 2021v4.0, 2021v4.2"
"/Return/ReturnData/IRS990/NetGainOrLossInvestmentsGrp/ExclusionAmt",59673,59655,"2021v4.2, 2021v4.0, 2021v4.1"
"/Return/ReturnData/IRS990ScheduleA/TaxRevLeviedOrgnztnlBnft509Grp/TotalAmt",59321,59319,"2021v4.1, 2021v4.0, 2021v4.2"
"/Return/ReturnData/IRS990/OccupancyGrp/FundraisingAmt",59268,59258,"2021v4.2, 2021v4.0, 2021v4.1"
"/Return/ReturnData/IRS990/Form990PartVIISectionAGrp/BusinessName/BusinessNameLine1Txt",59222,6229,"2021v4.2, 2021v4.0, 2021v4.1"
"/Return/ReturnData/IRS990/Form990PartVIISectionAGrp/BusinessName",59222,6229,"2021v4.1, 2021v4.2, 2021v4.0"
"/Return/ReturnData/IRS990ScheduleA/NetIncomeFromOtherUBIGrp",59130,59125,"2021v4.2, 2021v4.0, 2021v4.1"
"/Return/ReturnData/IRS990/UnsecuredNotesLoansPayableGrp",59105,59096,"2021v4.2, 2021v4.0, 2021v4.1"
"/Return/ReturnData/IRS990/PensionPlanContributionsGrp/ManagementAndGeneralAmt",59032,59016,"2021v4.2, 2021v4.0, 2021v4.1"
"/Return/ReturnData/IRS990ScheduleI/GrantsOtherAsstToIndivInUSGrp/CashGrantAmt",58688,30193,"2021v4.1, 2021v4.0, 2021v4.2"
"/Return/ReturnData/IRS990ScheduleJ/CompBsdNetEarnsFlngOrgInd",58472,58455,"2021v4.2, 2021v4.0, 2021v4.1"
"/Return/ReturnData/IRS990ScheduleJ/CompBasedOnRevenueOfFlngOrgInd",58471,58454,"2021v4.2, 2021v4.0, 2021v4.1"
"/Return/ReturnData/IRS990ScheduleJ/CompBsdNetEarnsRltdOrgsInd",58462,58445,"2021v4.1, 2021v4.2, 2021v4.0"
"/Return/ReturnData/IRS990ScheduleJ/CompBsdOnRevRelatedOrgsInd",58451,58434,"2021v4.2, 2021v4.0, 2021v4.1"
"/Return/ReturnData/IRS990/ContriRptFundraisingEventAmt",58411,58403,"2021v4.1, 2021v4.2, 2021v4.0"
"/Return/ReturnData/IRS990ScheduleJ/InitialContractExceptionInd",58385,58368,"2021v4.2, 2021v4.0, 2021v4.1"
"/Return/ReturnData/IRS990ScheduleR/IdRelatedOrgTxblPartnershipGrp/DirectControllingEntityName",58373,5660,"2021v4.1, 2021v4.2, 2021v4.0"
"/Return/ReturnData/IRS990ScheduleR/IdRelatedOrgTxblPartnershipGrp/DirectControllingEntityName/BusinessNameLine1Txt",58373,5660,"2021v4.1, 2021v4.2, 2021v4.0"
"/Return/ReturnData/IRS990ScheduleJ/AnyNonFixedPaymentsInd",58345,58328,"2021v4.2, 2021v4.0, 2021v4.1"
"/Return/ReturnData/IRS990/ProgSrvcAccomActy3Grp/ExpenseAmt",58321,58310,"2021v4.2, 2021v4.0, 2021v4.1"
"/Return/ReturnData/IRS990/ProgSrvcAccomActyOtherGrp",57174,43741,"2021v4.0, 2021v4.2, 2021v4.1"
"/Return/ReturnData/IRS990/NetIncmFromFundraisingEvtGrp/ExclusionAmt",57111,57101,"2021v4.2, 2021v4.0, 2021v4.1"
"/Return/ReturnData/IRS990/AdvertisingGrp/FundraisingAmt",56611,56603,"2021v4.1, 2021v4.2, 2021v4.0"
"/Return/ReturnData/IRS990ScheduleA/NetIncomeFromOtherUBIGrp/TotalAmt",56489,56484,"2021v4.1, 2021v4.2, 2021v4.0"
"/Return/ReturnData/IRS990/InsuranceGrp/FundraisingAmt",56234,56227,"2021v4.2, 2021v4.0, 2021v4.1"
"/Return/ReturnData/IRS990/InterestGrp/ManagementAndGeneralAmt",55994,55986,"2021v4.1, 2021v4.0, 2021v4.2"
"/Return/ReturnData/IRS990/UnsecuredNotesLoansPayableGrp/BOYAmt",55938,55929,"2021v4.2, 2021v4.0, 2021v4.1"
"/Return/ReturnData/IRS990ScheduleA/Post1975UBTIGrp",55083,55080,"2021v4.0, 2021v4.2, 2021v4.1"
"/Return/ReturnData/IRS990ScheduleA/GovtFurnSrvcFcltsVl170Grp",54733,54729,"2021v4.1, 2021v4.0, 2021v4.2"
"/Return/ReturnData/IRS990/ProgSrvcAccomActyOtherGrp/Desc",54628,41226,"2021v4.1, 2021v4.0, 2021v4.2"
"/Return/ReturnData/IRS990ScheduleA/TaxRevLeviedOrgnztnlBnft170Grp",53903,53899,"2021v4.0, 2021v4.2, 2021v4.1"
"/Return/ReturnData/IRS990/GrossSalesOfInventoryAmt",53076,53062,"2021v4.1, 2021v4.0, 2021v4.2"
"/Return/ReturnData/IRS990/GainOrLossGrp/OtherAmt",53063,53057,"2021v4.0, 2021v4.2, 2021v4.1"
"/Return/ReturnData/IRS990/TotalOtherProgSrvcExpenseAmt",52482,52475,"2021v4.0, 2021v4.2, 2021v4.1"
"/Return/ReturnData/IRS990ScheduleA/Post1975UBTIGrp/TotalAmt",52468,52465,"2021v4.0, 2021v4.2, 2021v4.1"
"/Return/ReturnData/IRS990ScheduleF/GrantsToOrgOutsideUSGrp/NonCashAssistanceAmt",52327,4596,"2021v4.1, 2021v4.2, 2021v4.0"
"/Return/ReturnData/IRS990ScheduleA/GovtFurnSrvcFcltsVl170Grp/TotalAmt",52302,52298,"2021v4.0, 2021v4.2, 2021v4.1"
"/Return/ReturnData/IRS990/GrantsToDomesticIndividualsGrp/ProgramServicesAmt",51798,51787,"2021v4.1, 2021v4.0, 2021v4.2"
"/Return/ReturnData/IRS990ScheduleA/TaxRevLeviedOrgnztnlBnft170Grp/TotalAmt",51466,51462,"2021v4.1, 2021v4.0, 2021v4.2"
"/Return/ReturnData/IRS990/FeesForServicesOtherGrp/FundraisingAmt",51160,51150,"2021v4.1, 2021v4.2, 2021v4.0"
"/Return/ReturnData/IRS990/CostOfGoodsSoldAmt",50766,50753,"2021v4.0, 2021v4.2, 2021v4.1"
"/Return/ReturnData/IRS990/InfoInScheduleOPartXIIInd",49775,49769,"2021v4.1, 2021v4.2, 2021v4.0"
"/Return/ReturnData/IRS990/FeesForServicesLegalGrp/ProgramServicesAmt",49444,49437,"2021v4.2, 2021v4.0, 2021v4.1"
"/Return/ReturnData/IRS990EZ/GrossSalesOfInventoryAmt",49194,49194,"2021v4.0, 2021v4.2, 2021v4.1"
"/Return/ReturnData/IRS990/ProgSrvcAccomActy2Grp/RevenueAmt",48949,48939,"2021v4.1, 2021v4.2, 2021v4.0"
"/Return/ReturnData/IRS990/GrossRentsGrp",48608,48593,"2021v4.1, 2021v4.2, 2021v4.0"
"/Return/ReturnData/IRS990/InvestmentsOtherSecuritiesGrp/BOYAmt",48201,48192,"2021v4.1, 2021v4.2, 2021v4.0"
"/Return/ReturnData/IRS990/DepreciationDepletionGrp/FundraisingAmt",47490,47479,"2021v4.1, 2021v4.2, 2021v4.0"
"/Return/ReturnData/IRS990/TravelGrp/FundraisingAmt",47340,47331,"2021v4.1, 2021v4.2, 2021v4.0"
"/Return/ReturnData/IRS990/GrossRentsGrp/RealAmt",47081,47067,"2021v4.1, 2021v4.2, 2021v4.0"
"/Return/ReturnData/IRS990EZ/Organization501cInd",46881,46881,"2021v4.1, 2021v4.0, 2021v4.2"
"/Return/ReturnData/IRS990ScheduleJ/SupplementalInformationDetail",46702,28780,"2021v4.1, 2021v4.2, 2021v4.0"
"/Return/ReturnData/IRS990ScheduleJ/SupplementalInformationDetail/FormAndLineReferenceDesc",46702,28780,"2021v4.2, 2021v4.0, 2021v4.1"
"/Return/ReturnData/IRS990/PriorPeriodAdjustmentsAmt",46508,46503,"2021v4.0, 2021v4.2, 2021v4.1"
"/Return/ReturnData/IRS990ScheduleJ/SupplementalInformationDetail/ExplanationTxt",46497,28626,"2021v4.1, 2021v4.2, 2021v4.0"
"/Return/ReturnData/IRS990ScheduleI/SupplementalInformationDetail",46490,43144,"2021v4.2, 2021v4.0, 2021v4.1"
"/Return/ReturnData/IRS990ScheduleI/SupplementalInformationDetail/FormAndLineReferenceDesc",46479,43142,"2021v4.1, 2021v4.2, 2021v4.0"
"/Return/ReturnData/IRS990/UnsecuredNotesLoansPayableGrp/EOYAmt",46444,46437,"2021v4.2, 2021v4.0, 2021v4.1"
"/Return/ReturnData/IRS990ScheduleI/SupplementalInformationDetail/ExplanationTxt",46443,43133,"2021v4.2, 2021v4.0, 2021v4.1"
"/Return/ReturnData/IRS990ScheduleA/SupportedOrgInformationGrp/SupportedOrganizationName/BusinessNameLine1Txt",45679,22295,"2021v4.2, 2021v4.0, 2021v4.1"
"/Return/ReturnData/IRS990ScheduleA/SupportedOrgInformationGrp/SupportedOrganizationName",45679,22295,"2021v4.1, 2021v4.2, 2021v4.0"
"/Return/ReturnData/IRS990ScheduleA/SupportedOrgInformationGrp/OrganizationTypeCd",45679,22295,"2021v4.2, 2021v4.0, 2021v4.1"
"/Return/ReturnData/IRS990ScheduleA/SupportedOrgInformationGrp",45679,22295,"2021v4.1, 2021v4.2, 2021v4.0"
"/Return/ReturnData/IRS990ScheduleA/SupportedOrgInformationGrp/EIN",45679,22295,"2021v4.1, 2021v4.2, 2021v4.0"
"/Return/ReturnData/IRS990ScheduleA/SupportedOrgInformationGrp/SupportAmt",45679,22295,"2021v4.1, 2021v4.2, 2021v4.0"
"/Return/ReturnData/IRS990ScheduleA/SupportedOrgInformationGrp/GoverningDocumentListedInd",45679,22295,"2021v4.1, 2021v4.2, 2021v4.0"
"/Return/ReturnData/IRS990ScheduleA/SupportedOrgInformationGrp/OtherSupportAmt",45679,22295,"2021v4.2, 2021v4.0, 2021v4.1"
"/Return/ReturnData/IRS990ScheduleA/OtherIncome170Grp/CurrentTaxYearAmt",45062,45054,"2021v4.2, 2021v4.0, 2021v4.1"
"/Return/ReturnData/IRS990ScheduleD/TotalBookValueOtherAssetsAmt",44989,44980,"2021v4.2, 2021v4.0, 2021v4.1"
"/Return/ReturnData/IRS990ScheduleA/GovtFurnSrvcFcltsVl509Grp",44880,44878,"2021v4.0, 2021v4.2, 2021v4.1"
"/Return/ReturnData/IRS990ScheduleA/OtherIncome170Grp/CurrentTaxYearMinus1YearAmt",44430,44422,"2021v4.1, 2021v4.2, 2021v4.0"
"/Return/ReturnData/IRS990ScheduleA/OtherIncome170Grp/CurrentTaxYearMinus2YearsAmt",44190,44182,"2021v4.1, 2021v4.2, 2021v4.0"
"/Return/ReturnData/IRS990/FeesForSrvcInvstMgmntFeesGrp/ManagementAndGeneralAmt",44002,43993,"2021v4.1, 2021v4.2, 2021v4.0"
"/Return/ReturnData/IRS990/ProgSrvcAccomActyOtherGrp/ExpenseAmt",43689,32708,"2021v4.1, 2021v4.0, 2021v4.2"
"/Return/ReturnData/IRS990ScheduleA/OtherIncome170Grp/CurrentTaxYearMinus3YearsAmt",43415,43407,"2021v4.2, 2021v4.0, 2021v4.1"
"/Return/ReturnData/IRS990ScheduleD/OtherSecuritiesGrp/BookValueAmt",42913,18517,"2021v4.2, 2021v4.0, 2021v4.1"
"/Return/ReturnData/IRS990ScheduleA/OtherIncome170Grp/CurrentTaxYearMinus4YearsAmt",42636,42629,"2021v4.1, 2021v4.2, 2021v4.0"
"/Return/ReturnData/IRS990ScheduleD/OtherSecuritiesGrp/MethodValuationCd",42520,18127,"2021v4.2, 2021v4.0, 2021v4.1"
"/Return/ReturnData/IRS990ScheduleA/GovtFurnSrvcFcltsVl509Grp/TotalAmt",42433,42431,"2021v4.0, 2021v4.2, 2021v4.1"
"/Return/ReturnData/IRS990ScheduleD/NetUnrealizedGainsInvstAmt",42246,42232,"2021v4.1, 2021v4.0, 2021v4.2"
"/Return/ReturnData/IRS990ScheduleF/AccountActivitiesOutsideUSGrp",42055,13413,"2021v4.1, 2021v4.2, 2021v4.0"
"/Return/ReturnData/IRS990ScheduleG/FundraisingEventInformationGrp/Event2Nm",42038,42033,"2021v4.1, 2021v4.2, 2021v4.0"
"/Return/ReturnData/IRS990/TransactionWithControlEntInd",41512,41506,"2021v4.1, 2021v4.2, 2021v4.0"
"/Return/ReturnData/IRS990ScheduleF/AccountActivitiesOutsideUSGrp/RegionTxt",41353,13403,"2021v4.2, 2021v4.0, 2021v4.1"
"/Return/ReturnData/IRS990/CapStkTrPrinCurrentFundsGrp",41312,41311,"2021v4.1, 2021v4.2, 2021v4.0"
"/Return/ReturnHeader/AdditionalFilerInformation/TrustedCustomerGrp/LastSubmissionRqrOOBCd",41191,41191,"2021v4.0"
"/Return/ReturnData/IRS990ScheduleG/FundraisingEventInformationGrp/GrossReceiptsEvent2Amt",41101,41096,"2021v4.2, 2021v4.0, 2021v4.1"
"/Return/ReturnData/IRS990ScheduleF/AccountActivitiesOutsideUSGrp/TypeOfActivitiesConductedTxt",41062,13250,"2021v4.2, 2021v4.0, 2021v4.1"
"/Return/ReturnData/IRS990/CapStkTrPrinCurrentFundsGrp/BOYAmt",41021,41020,"2021v4.1, 2021v4.2, 2021v4.0"
"/Return/ReturnData/IRS990/CapStkTrPrinCurrentFundsGrp/EOYAmt",40890,40889,"2021v4.2, 2021v4.0, 2021v4.1"
"/Return/ReturnData/IRS990/FeesForServicesManagementGrp/ManagementAndGeneralAmt",40234,40230,"2021v4.1, 2021v4.0, 2021v4.2"
"/Return/ReturnData/IRS990/InformationTechnologyGrp/FundraisingAmt",40146,40141,"2021v4.1, 2021v4.2, 2021v4.0"
"/Return/ReturnData/IRS990/InvestmentIncomeGrp/UnrelatedBusinessRevenueAmt",40056,40051,"2021v4.1, 2021v4.0, 2021v4.2"
"/Return/ReturnData/IRS990EZ/MethodOfAccountingAccrualInd",39727,39727,"2021v4.1, 2021v4.0, 2021v4.2"
"/Return/ReturnData/IRS990/OthNotesLoansReceivableNetGrp/BOYAmt",39696,39691,"2021v4.0, 2021v4.2, 2021v4.1"
"/Return/ReturnData/IRS990ScheduleD/CYMinus3YrEndwmtFundGrp",39681,39669,"2021v4.0, 2021v4.2, 2021v4.1"
"/Return/ReturnData/IRS990/FeesForServicesAccountingGrp/FundraisingAmt",39653,39652,"2021v4.2, 2021v4.0, 2021v4.1"
"/Return/ReturnData/IRS990ScheduleF/AccountActivitiesOutsideUSGrp/RegionTotalExpendituresAmt",39631,12695,"2021v4.2, 2021v4.0, 2021v4.1"
"/Return/ReturnData/IRS990ScheduleG/FundraisingEventInformationGrp/CharitableContributionsTotAmt",39402,39395,"2021v4.2, 2021v4.0, 2021v4.1"
"/Return/ReturnData/IRS990ScheduleJ/BoardOrCommitteeApprovalInd",39375,39363,"2021v4.2, 2021v4.0, 2021v4.1"
"/Return/ReturnData/IRS990EZ/BenefitsPaidToOrForMembersAmt",39111,39111,"2021v4.1, 2021v4.0, 2021v4.2"
"/Return/ReturnData/IRS990ScheduleD/CYMinus4YrEndwmtFundGrp",39013,39001,"2021v4.0, 2021v4.2, 2021v4.1"
"/Return/ReturnData/IRS990/OtherWebsiteInd",38999,38996,"2021v4.0, 2021v4.2, 2021v4.1"
"/Return/ReturnData/IRS990ScheduleC",38280,38276,"2021v4.0, 2021v4.2, 2021v4.1"
"/Return/ReturnData/IRS990ScheduleG/FundraisingEventInformationGrp/CharitableContriEvent1Amt",38100,38094,"2021v4.2, 2021v4.0, 2021v4.1"
"/Return/ReturnData/IRS990/NetGainOrLossInvestmentsGrp/RelatedOrExemptFuncIncomeAmt",37978,37976,"2021v4.2, 2021v4.0, 2021v4.1"
"/Return/ReturnData/IRS990/PdInCapSrplsLandBldgEqpFundGrp",37795,37794,"2021v4.1, 2021v4.2, 2021v4.0"
"/Return/ReturnData/IRS990/PdInCapSrplsLandBldgEqpFundGrp/BOYAmt",37523,37522,"2021v4.2, 2021v4.0, 2021v4.1"
"/Return/ReturnData/IRS990ScheduleG/FundraisingEventInformationGrp/GrossRevenueEvent2Amt",37508,37503,"2021v4.2, 2021v4.0, 2021v4.1"
"/Return/ReturnData/IRS990/PdInCapSrplsLandBldgEqpFundGrp/EOYAmt",37428,37427,"2021v4.1, 2021v4.2, 2021v4.0"
"/Return/ReturnData/IRS990/AcctCompileOrReviewBasisGrp",37289,37285,"2021v4.1, 2021v4.0, 2021v4.2"
"/Return/ReturnData/IRS990/Form8282FiledCnt",37235,37233,"2021v4.1, 2021v4.0, 2021v4.2"
"/Return/ReturnData/IRS990EZ/SaleOfAssetsGrossAmt",37224,37224,"2021v4.1, 2021v4.0, 2021v4.2"
"/Return/ReturnData/IRS990EZ/BooksInCareOfDetail/BusinessName",36851,36851,"2021v4.1, 2021v4.2, 2021v4.0"
"/Return/ReturnData/IRS990EZ/BooksInCareOfDetail/BusinessName/BusinessNameLine1Txt",36851,36851,"2021v4.1, 2021v4.2, 2021v4.0"
"/Return/ReturnData/IRS990EZ/GamingGrossIncomeAmt",36752,36752,"2021v4.0, 2021v4.2, 2021v4.1"
"/Return/ReturnData/IRS990ScheduleD/EndowmentsHeldUnrelatedOrgInd",36115,36102,"2021v4.1, 2021v4.0, 2021v4.2"
"/Return/ReturnData/IRS990ScheduleD/EndowmentsHeldRelatedOrgInd",35924,35911,"2021v4.0, 2021v4.2, 2021v4.1"
"/Return/ReturnData/IRS990/PensionPlanContributionsGrp/FundraisingAmt",35910,35901,"2021v4.1, 2021v4.2, 2021v4.0"
"/Return/ReturnData/IRS990/LessRentalExpensesGrp",35456,35445,"2021v4.2, 2021v4.0, 2021v4.1"
"/Return/ReturnData/IRS990ScheduleD/CYEndwmtFundGrp",35324,35311,"2021v4.0, 2021v4.2, 2021v4.1"
"/Return/ReturnData/IRS990ScheduleD/CYMinus1YrEndwmtFundGrp",35024,35011,"2021v4.1, 2021v4.0, 2021v4.2"
"/Return/ReturnData/IRS990ScheduleD/CYEndwmtFundGrp/EndYearBalanceAmt",34884,34871,"2021v4.1, 2021v4.0, 2021v4.2"
"/Return/ReturnData/IRS990ScheduleD/CYMinus1YrEndwmtFundGrp/EndYearBalanceAmt",34683,34670,"2021v4.0, 2021v4.2, 2021v4.1"
"/Return/ReturnData/IRS990ScheduleD/CYMinus2YrEndwmtFundGrp",34620,34608,"2021v4.1, 2021v4.0, 2021v4.2"
"/Return/ReturnData/IRS990ScheduleL/BusTrInvolveInterestedPrsnGrp",34400,17616,"2021v4.0, 2021v4.2, 2021v4.1"
"/Return/ReturnData/IRS990ScheduleD/CYEndwmtFundGrp/BeginningYearBalanceAmt",34372,34359,"2021v4.0, 2021v4.2, 2021v4.1"
"/Return/ReturnData/IRS990/LessRentalExpensesGrp/RealAmt",34350,34340,"2021v4.1, 2021v4.2, 2021v4.0"
"/Return/ReturnData/IRS990ScheduleI/Total501c3OrgCnt",34303,34296,"2021v4.1, 2021v4.2, 2021v4.0"
"/Return/ReturnData/IRS990ScheduleD/CYMinus2YrEndwmtFundGrp/EndYearBalanceAmt",34293,34281,"2021v4.0, 2021v4.2, 2021v4.1"
"/Return/ReturnData/IRS990ScheduleL/BusTrInvolveInterestedPrsnGrp/SharingOfRevenuesInd",34207,17535,"2021v4.0, 2021v4.2, 2021v4.1"
"/Return/ReturnData/IRS990/GrossAmountSalesAssetsGrp/OtherAmt",34207,34204,"2021v4.2, 2021v4.0, 2021v4.1"
"/Return/ReturnData/IRS990/NetIncomeOrLossGrp/RelatedOrExemptFuncIncomeAmt",34082,34076,"2021v4.0, 2021v4.2, 2021v4.1"
"/Return/ReturnData/IRS990ScheduleD/CYMinus1YrEndwmtFundGrp/BeginningYearBalanceAmt",34020,34007,"2021v4.1, 2021v4.0, 2021v4.2"
"/Return/ReturnData/IRS990ScheduleF/AccountActivitiesOutsideUSGrp/EmployeeCnt",34009,11064,"2021v4.1, 2021v4.2, 2021v4.0"
"/Return/ReturnData/IRS990/ConferencesMeetingsGrp/FundraisingAmt",34000,33995,"2021v4.2, 2021v4.0, 2021v4.1"
"/Return/ReturnData/IRS990/ProgSrvcAccomActy3Grp/RevenueAmt",33922,33914,"2021v4.2, 2021v4.0, 2021v4.1"
"/Return/ReturnData/IRS990ScheduleD/CYMinus3YrEndwmtFundGrp/EndYearBalanceAmt",33799,33787,"2021v4.1, 2021v4.0, 2021v4.2"
"/Return/ReturnData/IRS990ScheduleD/CYMinus2YrEndwmtFundGrp/BeginningYearBalanceAmt",33586,33574,"2021v4.1, 2021v4.0, 2021v4.2"
"/Return/ReturnData/IRS990ScheduleF/AccountActivitiesOutsideUSGrp/OfficesCnt",33349,10974,"2021v4.1, 2021v4.2, 2021v4.0"
"/Return/ReturnData/IRS990ScheduleD/CYMinus4YrEndwmtFundGrp/EndYearBalanceAmt",33150,33138,"2021v4.0, 2021v4.2, 2021v4.1"
"/Return/ReturnData/IRS990/OtherRevenueMiscGrp/UnrelatedBusinessRevenueAmt",33062,20031,"2021v4.1, 2021v4.2, 2021v4.0"
"/Return/ReturnData/IRS990ScheduleD/CYMinus3YrEndwmtFundGrp/BeginningYearBalanceAmt",33031,33019,"2021v4.1, 2021v4.0, 2021v4.2"
"/Return/ReturnData/IRS990/FSAuditedBasisGrp/ConsolidatedBasisFinclStmtInd",32960,32957,"2021v4.2, 2021v4.0, 2021v4.1"
"/Return/ReturnData/IRS990ScheduleG/FundraisingEventInformationGrp/OtherDirectExpensesEvent2Amt",32938,32933,"2021v4.1, 2021v4.2, 2021v4.0"
"/Return/ReturnData/IRS990/IntangibleAssetsGrp/BOYAmt",32905,32900,"2021v4.2, 2021v4.0, 2021v4.1"
"/Return/ReturnData/IRS990/ProgSrvcAccomActy2Grp/GrantAmt",32890,32883,"2021v4.0, 2021v4.2, 2021v4.1"
"/Return/ReturnData/IRS990/Form990TFiledInd",32850,32829,"2021v4.0, 2021v4.2, 2021v4.1"
"/Return/ReturnData/IRS990EZ/InfoInScheduleOPartVInd",32812,32812,"2021v4.1, 2021v4.2, 2021v4.0"
"/Return/ReturnData/IRS990/FeesForServicesManagementGrp/ProgramServicesAmt",32720,32719,"2021v4.0, 2021v4.2, 2021v4.1"
"/Return/ReturnData/IRS990/TotalOtherProgSrvcRevenueAmt",32402,32395,"2021v4.0, 2021v4.2, 2021v4.1"
"/Return/ReturnData/IRS990ScheduleD/CYMinus4YrEndwmtFundGrp/BeginningYearBalanceAmt",32304,32292,"2021v4.1, 2021v4.0, 2021v4.2"
"/Return/ReturnData/IRS990/DAFExcessBusinessHoldingsInd",32174,32170,"2021v4.2, 2021v4.0, 2021v4.1"
"/Return/ReturnData/IRS990ScheduleA/OtherIncome509Grp/CurrentTaxYearAmt",32131,32126,"2021v4.1, 2021v4.0, 2021v4.2"
"/Return/ReturnData/IRS990/LessCostOthBasisSalesExpnssGrp/OtherAmt",31948,31942,"2021v4.2, 2021v4.0, 2021v4.1"
"/Return/ReturnData/IRS990ScheduleA/OtherIncome509Grp/CurrentTaxYearMinus1YearAmt",31722,31716,"2021v4.0, 2021v4.2, 2021v4.1"
"/Return/ReturnData/IRS990/RelatedOrganizationsAmt",31707,31703,"2021v4.1, 2021v4.0, 2021v4.2"
"/Return/ReturnData/IRS990/TaxableDistributionsInd",31491,31487,"2021v4.1, 2021v4.2, 2021v4.0"
"/Return/ReturnData/IRS990ScheduleR/IdDisregardedEntitiesGrp",31298,10254,"2021v4.2, 2021v4.0, 2021v4.1"
"/Return/ReturnData/IRS990ScheduleR/IdDisregardedEntitiesGrp/DisregardedEntityName",31294,10252,"2021v4.2, 2021v4.0, 2021v4.1"
"/Return/ReturnData/IRS990ScheduleR/IdDisregardedEntitiesGrp/DisregardedEntityName/BusinessNameLine1Txt",31294,10252,"2021v4.1, 2021v4.2, 2021v4.0"
"/Return/ReturnData/IRS990ScheduleH/SupplementalInformationDetail",31268,2317,"2021v4.2, 2021v4.0, 2021v4.1"
"/Return/ReturnData/IRS990ScheduleH/SupplementalInformationDetail/FormAndLineReferenceDesc",31268,2317,"2021v4.2, 2021v4.0, 2021v4.1"
"/Return/ReturnData/IRS990ScheduleH/SupplementalInformationDetail/ExplanationTxt",31265,2317,"2021v4.2, 2021v4.0, 2021v4.1"
"/Return/ReturnHeader/Filer/InCareOfNm",31250,31245,"2021v4.0, 2021v4.2, 2021v4.1"
"/Return/ReturnData/IRS990ScheduleM",31226,31220,"2021v4.2, 2021v4.0, 2021v4.1"
"/Return/ReturnData/IRS990/DistributionToDonorInd",31216,31212,"2021v4.1, 2021v4.2, 2021v4.0"
"/Return/ReturnData/IRS990/RentalIncomeOrLossGrp/PersonalAmt",31076,31070,"2021v4.1, 2021v4.0, 2021v4.2"
"/Return/ReturnData/IRS990ScheduleA/OtherIncome509Grp/CurrentTaxYearMinus2YearsAmt",30944,30940,"2021v4.0, 2021v4.2, 2021v4.1"
"/Return/ReturnData/IRS990ScheduleG/FundraisingEventInformationGrp/FoodAndBeverageTotalEventsAmt",30911,30905,"2021v4.1, 2021v4.2, 2021v4.0"
"/Return/ReturnData/IRS990ScheduleR/IdDisregardedEntitiesGrp/PrimaryActivitiesTxt",30855,10067,"2021v4.2, 2021v4.0, 2021v4.1"
"/Return/ReturnData/IRS990/TotalOthProgramServiceRevGrp",30844,30836,"2021v4.1, 2021v4.0, 2021v4.2"
"/Return/ReturnData/IRS990ScheduleM/ThirdPartiesUsedInd",30824,30818,"2021v4.1, 2021v4.2, 2021v4.0"
"/Return/ReturnData/IRS990ScheduleM/ReviewProcessUnusualNCGiftsInd",30808,30802,"2021v4.2, 2021v4.0, 2021v4.1"
"/Return/ReturnData/IRS990ScheduleM/AnyPropertyThatMustBeHeldInd",30645,30639,"2021v4.2, 2021v4.0, 2021v4.1"
"/Return/ReturnData/IRS990ScheduleR/IdDisregardedEntitiesGrp/LegalDomicileStateCd",30643,10047,"2021v4.1, 2021v4.2, 2021v4.0"
"/Return/ReturnData/IRS990ScheduleR/IdDisregardedEntitiesGrp/USAddress/AddressLine1Txt",30635,10045,"2021v4.1, 2021v4.2, 2021v4.0"
"/Return/ReturnData/IRS990ScheduleR/IdDisregardedEntitiesGrp/USAddress",30635,10045,"2021v4.2, 2021v4.0, 2021v4.1"
"/Return/ReturnData/IRS990ScheduleR/IdDisregardedEntitiesGrp/USAddress/CityNm",30635,10045,"2021v4.1, 2021v4.2, 2021v4.0"
"/Return/ReturnData/IRS990ScheduleR/IdDisregardedEntitiesGrp/USAddress/ZIPCd",30635,10045,"2021v4.1, 2021v4.2, 2021v4.0"
"/Return/ReturnData/IRS990ScheduleR/IdDisregardedEntitiesGrp/USAddress/StateAbbreviationCd",30635,10045,"2021v4.2, 2021v4.0, 2021v4.1"
"/Return/ReturnData/IRS990/TotalOthProgramServiceRevGrp/TotalRevenueColumnAmt",30499,30491,"2021v4.1, 2021v4.0, 2021v4.2"
"/Return/ReturnData/IRS990ScheduleL/BusTrInvolveInterestedPrsnGrp/NameOfInterested",30486,17327,"2021v4.1, 2021v4.0, 2021v4.2"
"/Return/ReturnData/IRS990ScheduleE/SupplementalInformationDetail",30479,16081,"2021v4.0, 2021v4.2, 2021v4.1"
"/Return/ReturnData/IRS990ScheduleE/SupplementalInformationDetail/FormAndLineReferenceDesc",30479,16081,"2021v4.1, 2021v4.0, 2021v4.2"
"/Return/ReturnData/IRS990ScheduleA/OtherIncome509Grp/CurrentTaxYearMinus3YearsAmt",30473,30468,"2021v4.1, 2021v4.0, 2021v4.2"
"/Return/ReturnData/IRS990ScheduleL/BusTrInvolveInterestedPrsnGrp/RelationshipDescriptionTxt",30320,17161,"2021v4.0, 2021v4.2, 2021v4.1"
"/Return/ReturnData/IRS990/LoansFromOfficersDirectorsGrp",30277,30272,"2021v4.1, 2021v4.2, 2021v4.0"
"/Return/ReturnData/IRS990ScheduleF/AccountActivitiesOutsideUSGrp/SpecificServicesProvidedTxt",30207,10158,"2021v4.1, 2021v4.2, 2021v4.0"
"/Return/ReturnData/IRS990/AcctCompileOrReviewBasisGrp/SeparateBasisFinclStmtInd",30179,30175,"2021v4.1, 2021v4.0, 2021v4.2"
"/Return/ReturnData/IRS990ScheduleL/BusTrInvolveInterestedPrsnGrp/TransactionDesc",30079,17068,"2021v4.1, 2021v4.0, 2021v4.2"
"/Return/ReturnData/IRS990/GrantsPayableGrp",30059,30054,"2021v4.1, 2021v4.0, 2021v4.2"
"/Return/ReturnData/IRS990/InvestmentsProgramRelatedGrp/BOYAmt",30023,30018,"2021v4.1, 2021v4.2, 2021v4.0"
"/Return/ReturnData/IRS990ScheduleD/LandGrp/InvestmentCostOrOtherBasisAmt",29993,29991,"2021v4.1, 2021v4.0, 2021v4.2"
"/Return/ReturnData/IRS990ScheduleA/SubstAndDsqlfyPrsnsTotGrp/CurrentTaxYearAmt",29955,29950,"2021v4.0, 2021v4.2, 2021v4.1"
"/Return/ReturnData/IRS990ScheduleA/OtherIncome509Grp/CurrentTaxYearMinus4YearsAmt",29917,29911,"2021v4.0, 2021v4.2, 2021v4.1"
"/Return/ReturnData/IRS990/FederatedCampaignsAmt",29873,29872,"2021v4.2, 2021v4.0, 2021v4.1"
"/Return/ReturnData/IRS990ScheduleD/CYMinus1YrEndwmtFundGrp/InvestmentEarningsOrLossesAmt",29850,29837,"2021v4.0, 2021v4.2, 2021v4.1"
"/Return/ReturnData/IRS990ScheduleD/CYEndwmtFundGrp/InvestmentEarningsOrLossesAmt",29817,29804,"2021v4.1, 2021v4.0, 2021v4.2"
"/Return/ReturnData/IRS990ScheduleA/SubstAndDsqlfyPrsnsTotGrp/CurrentTaxYearMinus1YearAmt",29598,29593,"2021v4.0, 2021v4.2, 2021v4.1"
"/Return/ReturnData/IRS990ScheduleA/SubstAndDsqlfyPrsnsTotGrp/CurrentTaxYearMinus2YearsAmt",29593,29587,"2021v4.1, 2021v4.0, 2021v4.2"
"/Return/ReturnData/IRS990ScheduleD/CYMinus2YrEndwmtFundGrp/InvestmentEarningsOrLossesAmt",29498,29486,"2021v4.1, 2021v4.0, 2021v4.2"
"/Return/ReturnData/IRS990ScheduleM/OtherNonCashContriTableGrp",29484,15665,"2021v4.2, 2021v4.0, 2021v4.1"
"/Return/ReturnData/IRS990ScheduleL",29334,29329,"2021v4.1, 2021v4.0, 2021v4.2"
"/Return/ReturnData/TransferPrsnlBnftContractsDecl/DeclarationDesc",29325,29325,"2021v4.2, 2021v4.0, 2021v4.1"
"/Return/ReturnData/TransferPrsnlBnftContractsDecl",29325,29325,"2021v4.2, 2021v4.0, 2021v4.1"
"/Return/ReturnData/IRS990ScheduleM/OtherNonCashContriTableGrp/NoncashContributionsRptF990Amt",29286,15590,"2021v4.1, 2021v4.2, 2021v4.0"
"/Return/ReturnData/IRS990ScheduleA/SubstAndDsqlfyPrsnsTotGrp/CurrentTaxYearMinus3YearsAmt",29174,29168,"2021v4.0, 2021v4.2, 2021v4.1"
"/Return/ReturnData/IRS990ScheduleD/OtherExpensesIncludedAmt",29058,29049,"2021v4.1, 2021v4.2, 2021v4.0"
"/Return/ReturnData/IRS990ScheduleD/CYMinus3YrEndwmtFundGrp/InvestmentEarningsOrLossesAmt",29033,29021,"2021v4.0, 2021v4.2, 2021v4.1"
"/Return/ReturnData/IRS990/LoansFromOfficersDirectorsGrp/BOYAmt",29000,28995,"2021v4.1, 2021v4.2, 2021v4.0"
"/Return/ReturnData/IRS990/GamingGrossIncomeAmt",28979,28972,"2021v4.1, 2021v4.0, 2021v4.2"
"/Return/ReturnData/IRS990/GrantsPayableGrp/BOYAmt",28742,28737,"2021v4.1, 2021v4.0, 2021v4.2"
"/Return/ReturnData/IRS990/NetRentalIncomeOrLossGrp/ExclusionAmt",28731,28722,"2021v4.2, 2021v4.0, 2021v4.1"
"/Return/ReturnData/IRS990ScheduleA/SubstAndDsqlfyPrsnsTotGrp/CurrentTaxYearMinus4YearsAmt",28663,28658,"2021v4.1, 2021v4.0, 2021v4.2"
"/Return/ReturnData/IRS990/FederalGrantAuditPerformedInd",28530,28526,"2021v4.1, 2021v4.2, 2021v4.0"
"/Return/ReturnData/IRS990ScheduleD/CYMinus4YrEndwmtFundGrp/InvestmentEarningsOrLossesAmt",28408,28396,"2021v4.1, 2021v4.0, 2021v4.2"
"/Return/ReturnData/IRS990ScheduleD/OtherRevenueAmt",28367,28356,"2021v4.1, 2021v4.2, 2021v4.0"
"/Return/ReturnData/IRS990/LoansFromOfficersDirectorsGrp/EOYAmt",28312,28307,"2021v4.1, 2021v4.2, 2021v4.0"
"/Return/ReturnData/IRS990/EscrowAccountLiabilityGrp",28229,28224,"2021v4.1, 2021v4.0, 2021v4.2"
"/Return/ReturnData/IRS990/GamingDirectExpensesAmt",28160,28153,"2021v4.1, 2021v4.0, 2021v4.2"
"/Return/ReturnData/IRS990ScheduleM/OtherNonCashContriTableGrp/ContributionCnt",28133,14941,"2021v4.2, 2021v4.0, 2021v4.1"
"/Return/ReturnData/IRS990ScheduleG/FundraisingEventInformationGrp/RentFcltyCostsTotalEventsAmt",28080,28076,"2021v4.0, 2021v4.2, 2021v4.1"
"/Return/ReturnData/IRS990/GrantsPayableGrp/EOYAmt",28036,28031,"2021v4.1, 2021v4.0, 2021v4.2"
"/Return/ReturnData/IRS990ScheduleM/OtherNonCashContriTableGrp/NonCashCheckboxInd",28035,14931,"2021v4.2, 2021v4.0, 2021v4.1"
"/Return/ReturnData/IRS990ScheduleM/OtherNonCashContriTableGrp/Desc",27865,14170,"2021v4.1, 2021v4.2, 2021v4.0"
"/Return/ReturnData/IRS990/TotalOtherProgSrvcGrantAmt",27796,27793,"2021v4.1, 2021v4.0, 2021v4.2"
"/Return/ReturnData/IRS990ScheduleG/FundraisingEventInformationGrp/FoodAndBeverageEvent1Amt",27757,27752,"2021v4.0, 2021v4.2, 2021v4.1"
"/Return/ReturnData/IRS990/EscrowAccountLiabilityGrp/BOYAmt",27665,27660,"2021v4.1, 2021v4.0, 2021v4.2"
"/Return/ReturnData/IRS990/DoingBusinessAsName/BusinessNameLine1Txt",27444,27437,"2021v4.1, 2021v4.2, 2021v4.0"
"/Return/ReturnData/IRS990/DoingBusinessAsName",27444,27437,"2021v4.1, 2021v4.2, 2021v4.0"
"/Return/ReturnData/IRS990EZ/InitiationFeesAndCapContriAmt",27415,27415,"2021v4.0, 2021v4.2, 2021v4.1"
"/Return/ReturnData/IRS990EZ/GrossReceiptsForPublicUseAmt",27409,27409,"2021v4.0, 2021v4.2, 2021v4.1"
"/Return/ReturnData/IRS990/TaxExemptBondLiabilitiesGrp",27100,27091,"2021v4.1, 2021v4.0, 2021v4.2"
"/Return/ReturnData/IRS990/EscrowAccountLiabilityGrp/EOYAmt",27099,27094,"2021v4.1, 2021v4.0, 2021v4.2"
"/Return/ReturnData/IRS990ScheduleA/GrossReceiptsNonUnrltBusGrp/CurrentTaxYearAmt",26881,26878,"2021v4.2, 2021v4.0, 2021v4.1"
"/Return/ReturnData/IRS990/TaxExemptBondLiabilitiesGrp/BOYAmt",26710,26701,"2021v4.0, 2021v4.2, 2021v4.1"
"/Return/ReturnData/IRS990/TotalOthProgramServiceRevGrp/RelatedOrExemptFuncIncomeAmt",26648,26641,"2021v4.1, 2021v4.0, 2021v4.2"
"/Return/ReturnData/IRS990ScheduleD/EquipmentGrp/InvestmentCostOrOtherBasisAmt",26514,26511,"2021v4.1, 2021v4.0, 2021v4.2"
"/Return/ReturnData/IRS990ScheduleL/BusTrInvolveInterestedPrsnGrp/TransactionAmt",26468,14982,"2021v4.0, 2021v4.2, 2021v4.1"
"/Return/ReturnData/IRS990ScheduleA/SupportSumAmt",26343,26342,"2021v4.1, 2021v4.2, 2021v4.0"
"/Return/ReturnData/IRS990ScheduleH/OthHlthCareFcltsNotHospitalGrp/OthHlthCareFcltsGrp/USAddress/ZIPCd",26160,1544,"2021v4.2, 2021v4.0, 2021v4.1"
"/Return/ReturnData/IRS990ScheduleH/OthHlthCareFcltsNotHospitalGrp/OthHlthCareFcltsGrp",26160,1544,"2021v4.1, 2021v4.2, 2021v4.0"
"/Return/ReturnData/IRS990ScheduleH/OthHlthCareFcltsNotHospitalGrp/OthHlthCareFcltsGrp/USAddress/CityNm",26160,1544,"2021v4.2, 2021v4.0, 2021v4.1"
"/Return/ReturnData/IRS990ScheduleH/OthHlthCareFcltsNotHospitalGrp/OthHlthCareFcltsGrp/USAddress/AddressLine1Txt",26160,1544,"2021v4.2, 2021v4.0, 2021v4.1"
"/Return/ReturnData/IRS990ScheduleH/OthHlthCareFcltsNotHospitalGrp/OthHlthCareFcltsGrp/USAddress",26160,1544,"2021v4.2, 2021v4.0, 2021v4.1"
"/Return/ReturnData/IRS990ScheduleH/OthHlthCareFcltsNotHospitalGrp/OthHlthCareFcltsGrp/FacilityTxt",26160,1544,"2021v4.1, 2021v4.2, 2021v4.0"
"/Return/ReturnData/IRS990ScheduleH/OthHlthCareFcltsNotHospitalGrp/OthHlthCareFcltsGrp/BusinessName/BusinessNameLine1Txt",26160,1544,"2021v4.1, 2021v4.2, 2021v4.0"
"/Return/ReturnData/IRS990ScheduleH/OthHlthCareFcltsNotHospitalGrp/OthHlthCareFcltsGrp/USAddress/StateAbbreviationCd",26160,1544,"2021v4.1, 2021v4.2, 2021v4.0"
"/Return/ReturnData/IRS990ScheduleH/OthHlthCareFcltsNotHospitalGrp/OthHlthCareFcltsGrp/BusinessName",26160,1544,"2021v4.1, 2021v4.2, 2021v4.0"
"/Return/ReturnData/IRS990ScheduleA/GrossReceiptsNonUnrltBusGrp/CurrentTaxYearMinus2YearsAmt",26126,26123,"2021v4.1, 2021v4.0, 2021v4.2"
"/Return/ReturnData/IRS990/TaxExemptBondLiabilitiesGrp/EOYAmt",26088,26079,"2021v4.1, 2021v4.0, 2021v4.2"
"/Return/ReturnData/IRS990ScheduleR/IdDisregardedEntitiesGrp/DirectControllingEntityName/BusinessNameLine1Txt",26049,8777,"2021v4.1, 2021v4.2, 2021v4.0"
"/Return/ReturnData/IRS990ScheduleR/IdDisregardedEntitiesGrp/DirectControllingEntityName",26049,8777,"2021v4.1, 2021v4.2, 2021v4.0"
"/Return/ReturnData/IRS990ScheduleR/IdDisregardedEntitiesGrp/EIN",25964,8543,"2021v4.1, 2021v4.2, 2021v4.0"
"/Return/ReturnData/IRS990ScheduleG/FundraisingEventInformationGrp/OtherEventsTotalCnt",25791,25787,"2021v4.2, 2021v4.0, 2021v4.1"
"/Return/ReturnData/IRS990ScheduleA/GrossReceiptsNonUnrltBusGrp/CurrentTaxYearMinus3YearsAmt",25562,25559,"2021v4.1, 2021v4.0, 2021v4.2"
"/Return/ReturnData/IRS990ScheduleA/GrossReceiptsNonUnrltBusGrp/CurrentTaxYearMinus1YearAmt",25527,25524,"2021v4.0, 2021v4.2, 2021v4.1"
"/Return/ReturnData/IRS990/ReceivablesFromOfficersEtcGrp/BOYAmt",25361,25357,"2021v4.2, 2021v4.0, 2021v4.1"
"/Return/ReturnData/IRS990ScheduleG/FundraisingEventInformationGrp/RentFacilityCostsEvent1Amt",25218,25214,"2021v4.0, 2021v4.2, 2021v4.1"
"/Return/ReturnData/IRS990ScheduleM/OtherNonCashContriTableGrp/MethodOfDeterminingRevenuesTxt",25198,12723,"2021v4.2, 2021v4.0, 2021v4.1"
"/Return/ReturnData/IRS990ScheduleI/TotalOtherOrgCnt",24997,24992,"2021v4.2, 2021v4.0, 2021v4.1"
"/Return/ReturnData/IRS990ScheduleI/RecipientTable/USAddress/AddressLine2Txt",24838,3434,"2021v4.1, 2021v4.2, 2021v4.0"
"/Return/ReturnData/IRS990ScheduleA/SupportedOrganizationsCnt",24706,24705,"2021v4.2, 2021v4.0, 2021v4.1"
"/Return/ReturnData/IRS990ScheduleL/LoansBtwnOrgInterestedPrsnGrp",24639,11370,"2021v4.1, 2021v4.2, 2021v4.0"
"/Return/ReturnData/IRS990ScheduleA/GrossReceiptsNonUnrltBusGrp/CurrentTaxYearMinus4YearsAmt",24519,24516,"2021v4.1, 2021v4.0, 2021v4.2"
"/Return/ReturnData/IRS990ScheduleL/LoansBtwnOrgInterestedPrsnGrp/DefaultInd",24470,11309,"2021v4.1, 2021v4.2, 2021v4.0"
"/Return/ReturnData/IRS990/MiscellaneousRevenueGrp",24465,24463,"2021v4.2, 2021v4.0, 2021v4.1"
"/Return/ReturnData/IRS990ScheduleL/LoansBtwnOrgInterestedPrsnGrp/BoardOrCommitteeApprovalInd",24465,11304,"2021v4.1, 2021v4.2, 2021v4.0"
"/Return/ReturnData/IRS990/MiscellaneousRevenueGrp/TotalRevenueColumnAmt",24427,24425,"2021v4.2, 2021v4.0, 2021v4.1"
"/Return/ReturnData/IRS990ScheduleL/LoansBtwnOrgInterestedPrsnGrp/WrittenAgreementInd",24408,11255,"2021v4.2, 2021v4.0, 2021v4.1"
"/Return/ReturnData/IRS990ScheduleE/SupplementalInformationDetail/ExplanationTxt",24307,14984,"2021v4.1, 2021v4.0, 2021v4.2"
"/Return/ReturnData/IRS990ScheduleA/SupportedOrganizationsTotalCnt",23978,23977,"2021v4.2, 2021v4.0, 2021v4.1"
"/Return/ReturnData/IRS990/NetRentalIncomeOrLossGrp/RelatedOrExemptFuncIncomeAmt",23925,23922,"2021v4.0, 2021v4.2, 2021v4.1"
"/Return/ReturnData/IRS990ScheduleA/AmountsRcvdDsqlfyPersonGrp/CurrentTaxYearAmt",23529,23524,"2021v4.1, 2021v4.0, 2021v4.2"
"/Return/ReturnData/IRS990ScheduleA/AmountsRcvdDsqlfyPersonGrp/CurrentTaxYearMinus1YearAmt",23499,23494,"2021v4.1, 2021v4.0, 2021v4.2"
"/Return/ReturnData/IRS990ScheduleJ/CompensationSurveyInd",23329,23319,"2021v4.1, 2021v4.2, 2021v4.0"
"/Return/ReturnData/IRS990ScheduleA/AmountsRcvdDsqlfyPersonGrp/CurrentTaxYearMinus2YearsAmt",23255,23250,"2021v4.1, 2021v4.0, 2021v4.2"
"/Return/ReturnData/IRS990ScheduleD/PrmnntEndowmentBalanceEOYPct",23191,23179,"2021v4.0, 2021v4.2, 2021v4.1"
"/Return/ReturnData/IRS990/ProgSrvcAccomActy3Grp/GrantAmt",23167,23163,"2021v4.2, 2021v4.0, 2021v4.1"
"/Return/ReturnData/IRS990/QuidProQuoContriDisclInd",23158,23153,"2021v4.1, 2021v4.2, 2021v4.0"
"/Return/ReturnData/IRS990/RcvblFromDisqualifiedPrsnGrp/BOYAmt",23148,23144,"2021v4.1, 2021v4.2, 2021v4.0"
"/Return/ReturnData/IRS990ScheduleG/FundraisingEventInformationGrp/GrossReceiptsOtherEventsAmt",23000,22994,"2021v4.1, 2021v4.2, 2021v4.0"
"/Return/ReturnData/IRS990ScheduleR/IdDisregardedEntitiesGrp/EndOfYearAssetsAmt",22968,7879,"2021v4.2, 2021v4.0, 2021v4.1"
"/Return/ReturnData/IRS990ScheduleD/BuildingsGrp/InvestmentCostOrOtherBasisAmt",22877,22874,"2021v4.0, 2021v4.2, 2021v4.1"
"/Return/ReturnData/IRS990ScheduleA/AmountsRcvdDsqlfyPersonGrp/CurrentTaxYearMinus3YearsAmt",22780,22775,"2021v4.0, 2021v4.2, 2021v4.1"
"/Return/ReturnData/IRS990/DonatedServicesAndUseFcltsAmt",22765,22764,"2021v4.0, 2021v4.2, 2021v4.1"
"/Return/ReturnData/IRS990ScheduleA/Form990SchASupportingOrgGrp/ContributionControllerInd",22732,22731,"2021v4.2, 2021v4.0, 2021v4.1"
"/Return/ReturnData/IRS990ScheduleA/Form990SchASupportingOrgGrp/ListedByNameGoverningDocInd",22732,22731,"2021v4.1, 2021v4.2, 2021v4.0"
"/Return/ReturnData/IRS990ScheduleA/Form990SchASupportingOrgGrp/OrganizationChangeSuprtOrgInd",22732,22731,"2021v4.2, 2021v4.0, 2021v4.1"
"/Return/ReturnData/IRS990ScheduleA/Form990SchASupportingOrgGrp/PaymentSubstantialContribtrInd",22732,22731,"2021v4.1, 2021v4.2, 2021v4.0"
"/Return/ReturnData/IRS990ScheduleA/Form990SchASupportingOrgGrp/ControlledDisqualifiedPrsnInd",22732,22731,"2021v4.1, 2021v4.2, 2021v4.0"
"/Return/ReturnData/IRS990ScheduleA/Form990SchASupportingOrgGrp/SupportNonSupportedOrgInd",22732,22731,"2021v4.1, 2021v4.2, 2021v4.0"
"/Return/ReturnData/IRS990ScheduleA/Form990SchASupportingOrgGrp/DisqualifiedPrsnOwnrIntInd",22732,22731,"2021v4.2, 2021v4.0, 2021v4.1"
"/Return/ReturnData/IRS990ScheduleA/Form990SchASupportingOrgGrp/SuprtOrgNoIRSDeterminationInd",22732,22731,"2021v4.1, 2021v4.2, 2021v4.0"
"/Return/ReturnData/IRS990ScheduleA/Form990SchASupportingOrgGrp/SupportedOrgNotOrganizedUSInd",22732,22731,"2021v4.2, 2021v4.0, 2021v4.1"
"/Return/ReturnData/IRS990ScheduleA/Form990SchASupportingOrgGrp/ContributionFamilyInd",22732,22731,"2021v4.2, 2021v4.0, 2021v4.1"
"/Return/ReturnData/IRS990ScheduleA/Form990SchASupportingOrgGrp/ExcessBusinessHoldingsRulesInd",22732,22731,"2021v4.1, 2021v4.2, 2021v4.0"
"/Return/ReturnData/IRS990ScheduleA/Form990SchASupportingOrgGrp",22732,22731,"2021v4.1, 2021v4.2, 2021v4.0"
"/Return/ReturnData/IRS990ScheduleA/Form990SchASupportingOrgGrp/Contribution35ControlledInd",22732,22731,"2021v4.1, 2021v4.2, 2021v4.0"
"/Return/ReturnData/IRS990ScheduleA/Form990SchASupportingOrgGrp/SupportedOrgSectionC456Ind",22732,22731,"2021v4.2, 2021v4.0, 2021v4.1"
"/Return/ReturnData/IRS990ScheduleA/Form990SchASupportingOrgGrp/LoanDisqualifiedPersonInd",22732,22731,"2021v4.2, 2021v4.0, 2021v4.1"
"/Return/ReturnData/IRS990ScheduleA/Form990SchASupportingOrgGrp/DisqualifiedPrsnControllIntInd",22732,22731,"2021v4.2, 2021v4.0, 2021v4.1"
"/Return/ReturnData/IRS990/OwnWebsiteInd",22570,22565,"2021v4.1, 2021v4.2, 2021v4.0"
"/Return/ReturnData/IRS990ScheduleA/AmountsRcvdDsqlfyPersonGrp/CurrentTaxYearMinus4YearsAmt",22231,22227,"2021v4.1, 2021v4.0, 2021v4.2"
"/Return/ReturnData/IRS990ScheduleR/IdDisregardedEntitiesGrp/TotalIncomeAmt",22208,7560,"2021v4.1, 2021v4.2, 2021v4.0"
"/Return/ReturnData/IRS990ScheduleD/InclEscrowCustodialAcctLiabInd",22164,22162,"2021v4.1, 2021v4.0, 2021v4.2"
"/Return/ReturnData/IRS990ScheduleF/SupplementalInformationDetail/FormAndLineReferenceDesc",22093,12792,"2021v4.1, 2021v4.2, 2021v4.0"
"/Return/ReturnData/IRS990ScheduleF/SupplementalInformationDetail",22093,12792,"2021v4.1, 2021v4.2, 2021v4.0"
"/Return/ReturnData/IRS990ScheduleA/SupportingOrganization509a3Ind",22084,22083,"2021v4.1, 2021v4.2, 2021v4.0"
"/Return/ReturnData/IRS990ScheduleC/SubstantiallyAllDuesNondedInd",21839,21839,"2021v4.1, 2021v4.0, 2021v4.2"
"/Return/ReturnData/IRS990/InvestmentExpenseAmt",21823,21823,"2021v4.1, 2021v4.0, 2021v4.2"
"/Return/ReturnData/IRS990ScheduleC/OnlyInHouseLobbyingInd",21801,21801,"2021v4.1, 2021v4.0, 2021v4.2"
"/Return/ReturnData/IRS990ScheduleD/DonatedServicesAndUseFcltsAmt",21783,21778,"2021v4.1, 2021v4.2, 2021v4.0"
"/Return/ReturnData/IRS990/ProgSrvcAccomActyOtherGrp/RevenueAmt",21685,15212,"2021v4.0, 2021v4.2, 2021v4.1"
"/Return/ReturnData/IRS990ScheduleC/AgreeCarryoverPriorYearInd",21669,21669,"2021v4.1, 2021v4.0, 2021v4.2"
"/Return/ReturnData/IRS990ScheduleA/First5Years509Ind",21652,21652,"2021v4.1, 2021v4.2, 2021v4.0"
"/Return/ReturnData/IRS990ScheduleD/TotalBookValueSecuritiesAmt",21509,21505,"2021v4.1, 2021v4.2, 2021v4.0"
"/Return/ReturnData/IRS990/ForeignGrantsGrp/ProgramServicesAmt",21490,21487,"2021v4.2, 2021v4.0, 2021v4.1"
"/Return/ReturnData/IRS990ScheduleG/FundraisingEventInformationGrp/GrossRevenueOtherEventsAmt",21468,21463,"2021v4.1, 2021v4.2, 2021v4.0"
"/Return/ReturnData/IRS990/FeesForServicesLegalGrp/FundraisingAmt",21286,21285,"2021v4.0, 2021v4.2, 2021v4.1"
"/Return/ReturnData/IRS990ScheduleR/IdRelatedOrgTxblCorpTrGrp/OwnershipPct",21271,7308,"2021v4.1, 2021v4.2, 2021v4.0"
"/Return/ReturnData/IRS990ScheduleG/AgrmtProfFundraisingActyInd",21265,21263,"2021v4.2, 2021v4.0, 2021v4.1"
"/Return/ReturnData/IRS990/InterestGrp/FundraisingAmt",21160,21157,"2021v4.2, 2021v4.0, 2021v4.1"
"/Return/ReturnData/IRS990ScheduleD/DonatedServicesUseFcltsAmt",20924,20919,"2021v4.2, 2021v4.0, 2021v4.1"
"/Return/ReturnData/IRS990ScheduleA/First5Years170Ind",20571,20571,"2021v4.1, 2021v4.0, 2021v4.2"
"/Return/ReturnData/IRS990/MiscellaneousRevenueGrp/RelatedOrExemptFuncIncomeAmt",20526,20525,"2021v4.1, 2021v4.0, 2021v4.2"
"/Return/ReturnData/IRS990ScheduleL/BusTrInvolveInterestedPrsnGrp/NameOfInterested/PersonNm",20454,11781,"2021v4.0, 2021v4.2, 2021v4.1"
"/Return/ReturnData/IRS990ScheduleR/IdRelatedOrgTxblPartnershipGrp/OwnershipPct",20101,4186,"2021v4.2, 2021v4.0, 2021v4.1"
"/Return/ReturnData/IRS990/RoyaltiesRevenueGrp/ExclusionAmt",19882,19877,"2021v4.1, 2021v4.0, 2021v4.2"
"/Return/ReturnData/IRS990ScheduleL/LoansBtwnOrgInterestedPrsnGrp/LoanPurposeTxt",19878,10475,"2021v4.2, 2021v4.0, 2021v4.1"
"/Return/ReturnData/IRS990ScheduleL/LoansBtwnOrgInterestedPrsnGrp/OriginalPrincipalAmt",19858,10588,"2021v4.2, 2021v4.0, 2021v4.1"
"/Return/ReturnData/IRS990ScheduleA/SchoolInd",19833,19829,"2021v4.0, 2021v4.2, 2021v4.1"
"/Return/ReturnData/IRS990ScheduleI/GrantsOtherAsstToIndivInUSGrp/ValuationMethodUsedDesc",19730,11002,"2021v4.2, 2021v4.0, 2021v4.1"
"/Return/ReturnData/IRS990ScheduleL/LoansBtwnOrgInterestedPrsnGrp/BalanceDueAmt",19706,10364,"2021v4.2, 2021v4.0, 2021v4.1"
"/Return/ReturnData/IRS990ScheduleD/BoardDesignatedBalanceEOYPct",19703,19694,"2021v4.1, 2021v4.2, 2021v4.0"
"/Return/ReturnData/IRS990ScheduleD/InvestmentExpensesNotIncldAmt",19663,19656,"2021v4.2, 2021v4.0, 2021v4.1"
"/Return/ReturnData/IRS990ScheduleR/IdRelatedOrgTxblPartnershipGrp/ShareOfEOYAssetsAmt",19636,3473,"2021v4.2, 2021v4.0, 2021v4.1"
"/Return/ReturnData/IRS990ScheduleG/FundraisingEventInformationGrp/EntertainmentTotalEventsAmt",19459,19456,"2021v4.1, 2021v4.0, 2021v4.2"
"/Return/ReturnData/IRS990ScheduleL/LoansBtwnOrgInterestedPrsnGrp/RelationshipWithOrgTxt",19433,10320,"2021v4.1, 2021v4.2, 2021v4.0"
"/Return/ReturnData/IRS990ScheduleE",19333,19329,"2021v4.0, 2021v4.2, 2021v4.1"
"/Return/ReturnData/IRS990ScheduleD/CYEndwmtFundGrp/ContributionsAmt",19221,19211,"2021v4.1, 2021v4.2, 2021v4.0"
"/Return/ReturnData/IRS990ScheduleR/IdRelatedOrgTxblPartnershipGrp/ShareOfTotalIncomeAmt",19185,3492,"2021v4.1, 2021v4.2, 2021v4.0"
"/Return/ReturnData/IRS990ScheduleD/CYMinus3YrEndwmtFundGrp/ContributionsAmt",19183,19173,"2021v4.1, 2021v4.0, 2021v4.2"
"/Return/ReturnData/IRS990ScheduleD/CYMinus4YrEndwmtFundGrp/ContributionsAmt",19180,19170,"2021v4.0, 2021v4.2, 2021v4.1"
"/Return/ReturnData/IRS990ScheduleG/FundraisingEventInformationGrp/OthDirectExpnssOtherEventsAmt",19155,19152,"2021v4.2, 2021v4.0, 2021v4.1"
"/Return/ReturnData/IRS990ScheduleD/InvestmentExpensesNotIncld2Amt",19124,19116,"2021v4.0, 2021v4.2, 2021v4.1"
"/Return/ReturnData/IRS990EZ/TypeOfOrganizationAssocInd",19098,19098,"2021v4.0, 2021v4.2, 2021v4.1"
"/Return/ReturnData/IRS990ScheduleE/PolicyStmtInBrochuresEtcInd",19063,19059,"2021v4.0, 2021v4.2, 2021v4.1"
"/Return/ReturnData/IRS990ScheduleE/NondiscriminatoryPolicyStmtInd",19057,19053,"2021v4.1, 2021v4.0, 2021v4.2"
"/Return/ReturnData/IRS990ScheduleE/PlcyPblczdViaBroadcastMediaInd",19026,19022,"2021v4.1, 2021v4.0, 2021v4.2"
"/Return/ReturnData/IRS990ScheduleE/MaintainRacialCompRecsInd",19010,19006,"2021v4.0, 2021v4.2, 2021v4.1"
"/Return/ReturnData/IRS990ScheduleE/MaintainCpyOfBrochuresEtcInd",19002,18998,"2021v4.1, 2021v4.0, 2021v4.2"
"/Return/ReturnData/IRS990ScheduleE/ComplianceWithRevProc7550Ind",18993,18989,"2021v4.1, 2021v4.0, 2021v4.2"
"/Return/ReturnData/IRS990ScheduleE/DiscriminateRaceStdntsRghtsInd",18989,18985,"2021v4.1, 2021v4.0, 2021v4.2"
"/Return/ReturnData/IRS990ScheduleE/MaintainCpyOfAllSolInd",18988,18984,"2021v4.0, 2021v4.2, 2021v4.1"
"/Return/ReturnData/IRS990ScheduleE/DiscriminateRaceAdmissPlcyInd",18987,18983,"2021v4.0, 2021v4.2, 2021v4.1"
"/Return/ReturnData/IRS990ScheduleE/DiscriminateRaceEmplmFcultyInd",18985,18981,"2021v4.0, 2021v4.2, 2021v4.1"
"/Return/ReturnData/IRS990ScheduleE/DiscriminateRaceEducPlcyInd",18984,18980,"2021v4.1, 2021v4.0, 2021v4.2"
"/Return/ReturnData/IRS990ScheduleE/GovernmentFinancialAidRcvdInd",18984,18980,"2021v4.0, 2021v4.2, 2021v4.1"
"/Return/ReturnData/IRS990ScheduleD/CYMinus2YrEndwmtFundGrp/ContributionsAmt",18983,18974,"2021v4.1, 2021v4.0, 2021v4.2"
"/Return/ReturnData/IRS990ScheduleE/DiscriminateRaceUseOfFcltsInd",18983,18979,"2021v4.0, 2021v4.2, 2021v4.1"
"/Return/ReturnData/IRS990ScheduleE/MaintainScholarshipsRecsInd",18981,18977,"2021v4.1, 2021v4.0, 2021v4.2"
"/Return/ReturnData/IRS990ScheduleE/DiscriminateRaceSchsInd",18973,18969,"2021v4.1, 2021v4.0, 2021v4.2"
"/Return/ReturnData/IRS990ScheduleE/DiscriminateRaceAthltProgInd",18955,18951,"2021v4.0, 2021v4.2, 2021v4.1"
"/Return/ReturnData/IRS990ScheduleE/DiscriminateRaceOtherActyInd",18948,18944,"2021v4.0, 2021v4.2, 2021v4.1"
"/Return/ReturnData/IRS990ScheduleD/CYMinus1YrEndwmtFundGrp/ContributionsAmt",18903,18893,"2021v4.0, 2021v4.2, 2021v4.1"
"/Return/ReturnData/IRS990ScheduleE/GovernmentFinancialAidRvkdInd",18892,18888,"2021v4.1, 2021v4.0, 2021v4.2"
"/Return/ReturnData/IRS990/ContractorCompensationGrp/ContractorName/PersonNm",18761,8256,"2021v4.2, 2021v4.0, 2021v4.1"
"/Return/ReturnData/IRS990/TotalOthProgramServiceRevGrp/UnrelatedBusinessRevenueAmt",18299,18299,"2021v4.0, 2021v4.2, 2021v4.1"
"/Return/ReturnData/IRS990/FeesForServicesProfFundraising/FundraisingAmt",18173,18172,"2021v4.1, 2021v4.2, 2021v4.0"
"/Return/ReturnData/IRS990ScheduleD/OtherRevenuesNotIncludedAmt",18146,18140,"2021v4.1, 2021v4.0, 2021v4.2"
"/Return/ReturnData/IRS990ScheduleL/LoansBtwnOrgInterestedPrsnGrp/PersonNm",18106,9828,"2021v4.2, 2021v4.0, 2021v4.1"
"/Return/ReturnData/IRS990ScheduleA/SubstantialContributorsAmtGrp/CurrentTaxYearMinus1YearAmt",18011,18010,"2021v4.1, 2021v4.0, 2021v4.2"
"/Return/ReturnData/IRS990ScheduleA/SubstantialContributorsAmtGrp/CurrentTaxYearMinus2YearsAmt",17923,17921,"2021v4.0, 2021v4.2, 2021v4.1"
"/Return/ReturnData/IRS990/MiscellaneousRevenueGrp/ExclusionAmt",17901,17899,"2021v4.1, 2021v4.2, 2021v4.0"
"/Return/ReturnData/IRS990/FeesForSrvcInvstMgmntFeesGrp/ProgramServicesAmt",17890,17890,"2021v4.1, 2021v4.2, 2021v4.0"
"/Return/ReturnData/IRS990ScheduleA/SubstantialContributorsAmtGrp/CurrentTaxYearAmt",17888,17887,"2021v4.0, 2021v4.2, 2021v4.1"
"/Return/ReturnData/IRS990ScheduleG/FundraisingEventInformationGrp/NonCashPrizesTotalEventsAmt",17863,17863,"2021v4.0, 2021v4.2, 2021v4.1"
"/Return/ReturnData/IRS990ScheduleJ/CompensationCommitteeInd",17849,17839,"2021v4.0, 2021v4.2, 2021v4.1"
"/Return/ReturnData/IRS990/TotalOthProgramServiceRevGrp/ExclusionAmt",17844,17844,"2021v4.0, 2021v4.2, 2021v4.1"
"/Return/ReturnData/IRS990/BenefitsToMembersGrp/ProgramServicesAmt",17726,17725,"2021v4.2, 2021v4.0, 2021v4.1"
"/Return/ReturnData/IRS990ScheduleA/SubstantialContributorsAmtGrp/CurrentTaxYearMinus3YearsAmt",17712,17710,"2021v4.0, 2021v4.2, 2021v4.1"
"/Return/ReturnData/IRS990/PaymentsToAffiliatesGrp/ProgramServicesAmt",17526,17524,"2021v4.0, 2021v4.2, 2021v4.1"
"/Return/ReturnData/IRS990ScheduleA/SubstantialContributorsAmtGrp/CurrentTaxYearMinus4YearsAmt",17491,17489,"2021v4.1, 2021v4.0, 2021v4.2"
"/Return/ReturnData/IRS990ScheduleG/FundraisingEventInformationGrp/EntertainmentEvent1Amt",17386,17383,"2021v4.0, 2021v4.2, 2021v4.1"
"/Return/ReturnData/IRS990ScheduleG/FundraisingEventInformationGrp/CharitableContriEvent2Amt",17327,17324,"2021v4.1, 2021v4.2, 2021v4.0"
"/Return/ReturnData/IRS990ScheduleJ/RltdOrgOfficerTrstKeyEmplGrp/BusinessName",17210,1956,"2021v4.2, 2021v4.0, 2021v4.1"
"/Return/ReturnData/IRS990ScheduleJ/RltdOrgOfficerTrstKeyEmplGrp/BusinessName/BusinessNameLine1Txt",17210,1956,"2021v4.1, 2021v4.2, 2021v4.0"
"/Return/ReturnData/IRS990ScheduleH/SupplementalInformationGrp",17135,2302,"2021v4.2, 2021v4.0, 2021v4.1"
"/Return/ReturnData/IRS990ScheduleH/SupplementalInformationGrp/FormAndLineReferenceDesc",17135,2302,"2021v4.1, 2021v4.2, 2021v4.0"
"/Return/ReturnData/IRS990ScheduleH/SupplementalInformationGrp/ExplanationTxt",17126,2302,"2021v4.1, 2021v4.2, 2021v4.0"
"/Return/ReturnData/IRS990ScheduleF",16856,16851,"2021v4.2, 2021v4.0, 2021v4.1"
"/Return/ReturnData/IRS990/FeesForServicesManagementGrp/FundraisingAmt",16842,16842,"2021v4.2, 2021v4.0, 2021v4.1"
"/Return/ReturnData/IRS990ScheduleD/TermEndowmentBalanceEOYPct",16734,16726,"2021v4.1, 2021v4.2, 2021v4.0"
"/Return/ReturnData/IRS990/CompDisqualPersonsGrp/ProgramServicesAmt",16586,16584,"2021v4.0, 2021v4.2, 2021v4.1"
"/Return/ReturnData/IRS990ScheduleD/OtherLandBuildingsGrp/InvestmentCostOrOtherBasisAmt",16453,16452,"2021v4.0, 2021v4.2, 2021v4.1"
"/Return/ReturnData/IRS990ScheduleF/TransferToForeignCorpInd",16355,16350,"2021v4.1, 2021v4.2, 2021v4.0"
"/Return/ReturnData/IRS990ScheduleF/ForeignPartnershipInd",16354,16349,"2021v4.1, 2021v4.2, 2021v4.0"
"/Return/ReturnData/IRS990ScheduleF/InterestInForeignTrustInd",16354,16349,"2021v4.1, 2021v4.2, 2021v4.0"
"/Return/ReturnData/IRS990ScheduleF/PassiveForeignInvestmestCoInd",16353,16348,"2021v4.1, 2021v4.2, 2021v4.0"
"/Return/ReturnData/IRS990ScheduleF/ForeignCorpOwnershipInd",16353,16348,"2021v4.1, 2021v4.2, 2021v4.0"
"/Return/ReturnData/IRS990ScheduleF/BoycottCountriesInd",16352,16347,"2021v4.2, 2021v4.0, 2021v4.1"
"/Return/ReturnData/IRS990ScheduleD/CYMinus3YrEndwmtFundGrp/OtherExpendituresAmt",16300,16290,"2021v4.1, 2021v4.2, 2021v4.0"
"/Return/ReturnData/IRS990ScheduleD/CYMinus2YrEndwmtFundGrp/OtherExpendituresAmt",16278,16268,"2021v4.2, 2021v4.0, 2021v4.1"
"/Return/ReturnData/IRS990/RoyaltiesRevenueGrp/RelatedOrExemptFuncIncomeAmt",16073,16072,"2021v4.1, 2021v4.0, 2021v4.2"
"/Return/ReturnData/IRS990/ProgSrvcAccomActyOtherGrp/GrantAmt",16068,10976,"2021v4.2, 2021v4.0, 2021v4.1"
"/Return/ReturnData/IRS990ScheduleA/UnrelatedBusinessNetIncm170Grp/CurrentTaxYearMinus3YearsAmt",16025,16022,"2021v4.1, 2021v4.0, 2021v4.2"
"/Return/ReturnData/IRS990ScheduleD/CYMinus1YrEndwmtFundGrp/OtherExpendituresAmt",15960,15949,"2021v4.2, 2021v4.0, 2021v4.1"
"/Return/ReturnData/IRS990ScheduleA/UnrelatedBusinessNetIncm170Grp/CurrentTaxYearMinus2YearsAmt",15944,15941,"2021v4.0, 2021v4.2, 2021v4.1"
"/Return/ReturnData/IRS990ScheduleD/CYMinus4YrEndwmtFundGrp/OtherExpendituresAmt",15942,15932,"2021v4.1, 2021v4.2, 2021v4.0"
"/Return/ReturnData/IRS990ScheduleA/UnrelatedBusinessNetIncm170Grp/CurrentTaxYearAmt",15879,15876,"2021v4.1, 2021v4.0, 2021v4.2"
"/Return/ReturnData/IRS990ScheduleD/OtherExpensesNotIncludedAmt",15783,15779,"2021v4.0, 2021v4.2, 2021v4.1"
"/Return/ReturnData/IRS990ScheduleG/FundraisingEventInformationGrp/NonCashPrizesEvent1Amt",15769,15769,"2021v4.0, 2021v4.2, 2021v4.1"
"/Return/ReturnData/IRS990ScheduleA/UnrelatedBusinessNetIncm170Grp/CurrentTaxYearMinus4YearsAmt",15764,15761,"2021v4.0, 2021v4.2, 2021v4.1"
"/Return/ReturnData/IRS990ScheduleD/CYEndwmtFundGrp/OtherExpendituresAmt",15721,15712,"2021v4.1, 2021v4.2, 2021v4.0"
"/Return/ReturnData/IRS990/PoliciesReferenceChaptersInd",15707,15706,"2021v4.0, 2021v4.2, 2021v4.1"
"/Return/ReturnData/IRS990ScheduleA/UnrelatedBusinessNetIncm170Grp/CurrentTaxYearMinus1YearAmt",15573,15570,"2021v4.0, 2021v4.2, 2021v4.1"
"/Return/ReturnData/IRS990ScheduleR/IdRelatedOrgTxblCorpTrGrp/ShareOfEOYAssetsAmt",15546,5496,"2021v4.1, 2021v4.2, 2021v4.0"
"/Return/ReturnData/IRS990/NetIncomeOrLossGrp/ExclusionAmt",15421,15418,"2021v4.0, 2021v4.2, 2021v4.1"
"/Return/ReturnData/IRS990ScheduleI/GrantsOtherAsstToIndivInUSGrp/NonCashAssistanceDesc",15276,8733,"2021v4.2, 2021v4.0, 2021v4.1"
"/Return/ReturnData/IRS990/MiscellaneousRevenueGrp/UnrelatedBusinessRevenueAmt",15145,15144,"2021v4.0, 2021v4.2, 2021v4.1"
"/Return/ReturnData/IRS990ScheduleA/NetIncomeFromOtherUBIGrp/CurrentTaxYearAmt",15114,15109,"2021v4.1, 2021v4.2, 2021v4.0"
"/Return/ReturnData/IRS990/Form990PartVIISectionAGrp/FormerOfcrDirectorTrusteeInd",15093,8112,"2021v4.1, 2021v4.0, 2021v4.2"
"/Return/ReturnData/IRS990ScheduleF/GrantsToOrgOutsideUSGrp/ValuationMethodUsedDesc",15054,2189,"2021v4.2, 2021v4.0, 2021v4.1"
"/Return/ReturnData/IRS990/IncmFromInvestBondProceedsGrp/ExclusionAmt",15044,15043,"2021v4.0, 2021v4.2, 2021v4.1"
"/Return/ReturnData/IRS990/NetRentalIncomeOrLossGrp/UnrelatedBusinessRevenueAmt",15014,15007,"2021v4.0, 2021v4.2, 2021v4.1"
"/Return/ReturnData/IRS990/CompDisqualPersonsGrp/ManagementAndGeneralAmt",14983,14983,"2021v4.0, 2021v4.2, 2021v4.1"
"/Return/ReturnData/IRS990/NetIncmFromFundraisingEvtGrp/UnrelatedBusinessRevenueAmt",14963,14963,"2021v4.1, 2021v4.0, 2021v4.2"
"/Return/ReturnData/ReasonableCauseExplanation/ExplanationTxt",14926,14926,"2021v4.0, 2021v4.2, 2021v4.1"
"/Return/ReturnData/ReasonableCauseExplanation",14926,14926,"2021v4.1, 2021v4.0, 2021v4.2"
"/Return/ReturnData/IRS990ScheduleA/NetIncomeFromOtherUBIGrp/CurrentTaxYearMinus2YearsAmt",14917,14912,"2021v4.2, 2021v4.0, 2021v4.1"
"/Return/ReturnData/IRS990ScheduleR/IdRelatedOrgTxblCorpTrGrp/ShareOfTotalIncomeAmt",14895,5214,"2021v4.1, 2021v4.2, 2021v4.0"
"/Return/ReturnData/IRS990ScheduleA/NetIncomeFromOtherUBIGrp/CurrentTaxYearMinus3YearsAmt",14864,14859,"2021v4.1, 2021v4.2, 2021v4.0"
"/Return/ReturnData/IRS990ScheduleA/NetIncomeFromOtherUBIGrp/CurrentTaxYearMinus1YearAmt",14852,14847,"2021v4.2, 2021v4.0, 2021v4.1"
"/Return/ReturnData/IRS990/RoyaltiesRevenueGrp/UnrelatedBusinessRevenueAmt",14841,14841,"2021v4.1, 2021v4.0, 2021v4.2"
"/Return/ReturnData/IRS990ScheduleD/InvstProgramRelatedOrgGrp",14769,5894,"2021v4.2, 2021v4.0, 2021v4.1"
"/Return/ReturnData/IRS990ScheduleD/InvstProgramRelatedOrgGrp/Desc",14732,5871,"2021v4.1, 2021v4.2, 2021v4.0"
"/Return/ReturnData/IRS990ScheduleA/NetIncomeFromOtherUBIGrp/CurrentTaxYearMinus4YearsAmt",14715,14711,"2021v4.2, 2021v4.0, 2021v4.1"
"/Return/ReturnData/IRS990/FeesForServicesLobbyingGrp/ProgramServicesAmt",14708,14708,"2021v4.0, 2021v4.2, 2021v4.1"
"/Return/ReturnData/IRS990ScheduleD/InvstProgramRelatedOrgGrp/BookValueAmt",14692,5872,"2021v4.1, 2021v4.2, 2021v4.0"
"/Return/ReturnData/IRS990ScheduleD/LeaseholdImprovementsGrp/InvestmentCostOrOtherBasisAmt",14656,14654,"2021v4.1, 2021v4.0, 2021v4.2"
"/Return/ReturnData/IRS990ScheduleI/GrantsOtherAsstToIndivInUSGrp/NonCashAssistanceAmt",14621,7936,"2021v4.0, 2021v4.2, 2021v4.1"
"/Return/ReturnData/IRS990ScheduleF/SupplementalInformationDetail/ExplanationTxt",14576,9968,"2021v4.2, 2021v4.0, 2021v4.1"
"/Return/ReturnData/IRS990/TypeOfOrganizationAssocInd",14570,14569,"2021v4.2, 2021v4.0, 2021v4.1"
"/Return/ReturnData/IRS990/IncmFromInvestBondProceedsGrp/RelatedOrExemptFuncIncomeAmt",14504,14504,"2021v4.0, 2021v4.2, 2021v4.1"
"/Return/ReturnData/IRS990ScheduleD/InvstProgramRelatedOrgGrp/MethodValuationCd",14347,5704,"2021v4.2, 2021v4.0, 2021v4.1"
"/Return/ReturnData/IRS990/IncmFromInvestBondProceedsGrp/UnrelatedBusinessRevenueAmt",14226,14226,"2021v4.1, 2021v4.0, 2021v4.2"
"/Return/ReturnData/IRS990/Form990PartVIISectionAGrp/InstitutionalTrusteeInd",14114,6157,"2021v4.1, 2021v4.2, 2021v4.0"
"/Return/ReturnData/IRS990/PaymentsToAffiliatesGrp/ManagementAndGeneralAmt",14095,14094,"2021v4.2, 2021v4.0, 2021v4.1"
"/Return/ReturnData/IRS990ScheduleG/GamingWithNonmembersInd",13883,13881,"2021v4.0, 2021v4.2, 2021v4.1"
"/Return/ReturnData/IRS990ScheduleG/MemberOfOtherEntityInd",13810,13808,"2021v4.1, 2021v4.0, 2021v4.2"
"/Return/ReturnData/IRS990/AddressChangeInd",13623,13623,"2021v4.1, 2021v4.0, 2021v4.2"
"/Return/ReturnData/IRS990ScheduleF/TotalSpentAmt",13594,13590,"2021v4.1, 2021v4.2, 2021v4.0"
"/Return/ReturnData/IRS990ScheduleG/LicensedInd",13566,13564,"2021v4.1, 2021v4.0, 2021v4.2"
"/Return/ReturnData/IRS990/FeesForServicesLobbyingGrp/ManagementAndGeneralAmt",13559,13557,"2021v4.1, 2021v4.2, 2021v4.0"
"/Return/ReturnData/IRS990/NetIncomeFromGamingGrp/RelatedOrExemptFuncIncomeAmt",13549,13549,"2021v4.1, 2021v4.0, 2021v4.2"
"/Return/ReturnData/IRS990ScheduleA/Form990SchAType1SuprtOrgGrp/OperateBenefitNonSuprtOrgInd",13500,13500,"2021v4.2, 2021v4.0, 2021v4.1"
"/Return/ReturnData/IRS990ScheduleA/Form990SchAType1SuprtOrgGrp",13500,13500,"2021v4.2, 2021v4.0, 2021v4.1"
"/Return/ReturnData/IRS990ScheduleA/Form990SchAType1SuprtOrgGrp/PowerAppointMajorityDirTrstInd",13500,13500,"2021v4.1, 2021v4.2, 2021v4.0"
"/Return/ReturnData/IRS990ScheduleG/LicenseSuspendedEtcInd",13444,13442,"2021v4.0, 2021v4.2, 2021v4.1"
"/Return/ReturnData/IRS990ScheduleJ/WrittenEmploymentContractInd",13440,13435,"2021v4.1, 2021v4.2, 2021v4.0"
"/Return/ReturnData/IRS990/NetIncomeFromGamingGrp/ExclusionAmt",13371,13368,"2021v4.1, 2021v4.0, 2021v4.2"
"/Return/ReturnData/IRS990EZ/GroupExemptionNum",13337,13337,"2021v4.1, 2021v4.0, 2021v4.2"
"/Return/ReturnData/IRS990/ExcsTaxSect4951Or4952Or4953Ind",13277,13276,"2021v4.2, 2021v4.0, 2021v4.1"
"/Return/ReturnData/IRS990ScheduleG/GamingInformationGrp",13238,13236,"2021v4.0, 2021v4.2, 2021v4.1"
"/Return/ReturnData/IRS990/NetGainOrLossInvestmentsGrp/UnrelatedBusinessRevenueAmt",13096,13095,"2021v4.1, 2021v4.0, 2021v4.2"
"/Return/ReturnData/IRS990ScheduleG/FundraisingEventInformationGrp/CashPrizesTotalEventsAmt",13094,13094,"2021v4.0, 2021v4.2, 2021v4.1"
"/Return/ReturnData/IRS990ScheduleG/CntrctWith3rdPrtyForGameRevInd",12993,12991,"2021v4.1, 2021v4.0, 2021v4.2"
"/Return/ReturnData/IRS990/FeesForSrvcInvstMgmntFeesGrp/FundraisingAmt",12809,12809,"2021v4.0, 2021v4.2, 2021v4.1"
"/Return/ReturnData/IRS990ScheduleF/SubtotalSpentAmt",12755,12751,"2021v4.2, 2021v4.0, 2021v4.1"
"/Return/ReturnData/IRS990ScheduleD/AgentTrusteeEtcInd",12677,12675,"2021v4.0, 2021v4.2, 2021v4.1"
"/Return/ReturnData/IRS990/NetIncomeOrLossGrp/UnrelatedBusinessRevenueAmt",12671,12667,"2021v4.0, 2021v4.2, 2021v4.1"
"/Return/ReturnData/IRS990/CompDisqualPersonsGrp/FundraisingAmt",12630,12630,"2021v4.0, 2021v4.2, 2021v4.1"
"/Return/ReturnData/IRS990ScheduleA/Post1975UBTIGrp/CurrentTaxYearMinus3YearsAmt",12600,12598,"2021v4.1, 2021v4.0, 2021v4.2"
"/Return/ReturnData/IRS990ScheduleA/Post1975UBTIGrp/CurrentTaxYearMinus2YearsAmt",12596,12595,"2021v4.1, 2021v4.0, 2021v4.2"
"/Return/ReturnData/IRS990ScheduleA/Post1975UBTIGrp/CurrentTaxYearMinus1YearAmt",12568,12566,"2021v4.0, 2021v4.2, 2021v4.1"
"/Return/ReturnData/IRS990ScheduleA/Post1975UBTIGrp/CurrentTaxYearMinus4YearsAmt",12564,12563,"2021v4.1, 2021v4.0, 2021v4.2"
"/Return/ReturnData/IRS990/RoyaltiesGrp/ProgramServicesAmt",12537,12533,"2021v4.2, 2021v4.0, 2021v4.1"
"/Return/ReturnData/IRS990ScheduleG/SpecialFundraisingEventsInd",12503,12502,"2021v4.1, 2021v4.2, 2021v4.0"
"/Return/ReturnData/IRS990ScheduleG/CharitableDistributionRqrInd",12440,12438,"2021v4.0, 2021v4.2, 2021v4.1"
"/Return/ReturnData/IRS990ScheduleA/SupportingOrgType1Ind",12425,12425,"2021v4.2, 2021v4.0, 2021v4.1"
"/Return/ReturnData/IRS990ScheduleG/StatesWhereGamingConductedCd",12377,11727,"2021v4.0, 2021v4.2, 2021v4.1"
"/Return/ReturnData/IRS990ScheduleA/Post1975UBTIGrp/CurrentTaxYearAmt",12372,12370,"2021v4.1, 2021v4.0, 2021v4.2"
"/Return/ReturnData/IRS990ScheduleL/LoansBtwnOrgInterestedPrsnGrp/LoanToOrganizationInd",12327,7826,"2021v4.1, 2021v4.2, 2021v4.0"
"/Return/ReturnData/IRS990ScheduleG/GamingInformationGrp/GrossRevenueTotalGamingAmt",12271,12269,"2021v4.0, 2021v4.2, 2021v4.1"
"/Return/ReturnData/IRS990ScheduleC/SupplementalInformationDetail",12259,11164,"2021v4.0, 2021v4.2, 2021v4.1"
"/Return/ReturnData/IRS990ScheduleC/SupplementalInformationDetail/FormAndLineReferenceDesc",12254,11164,"2021v4.0, 2021v4.2, 2021v4.1"
"/Return/ReturnData/IRS990ScheduleR/IdRelatedOrgTxblCorpTrGrp/LegalDomicileForeignCountryCd",12251,3430,"2021v4.1, 2021v4.2, 2021v4.0"
"/Return/ReturnData/IRS990ScheduleG/GamingInformationGrp/NetGamingIncomeSummaryAmt",12234,12232,"2021v4.0, 2021v4.2, 2021v4.1"
"/Return/ReturnData/IRS990ScheduleG/FundraisingEventInformationGrp/FoodAndBeverageEvent2Amt",12208,12205,"2021v4.2, 2021v4.0, 2021v4.1"
"/Return/ReturnData/IRS990ScheduleD/CYEndwmtFundGrp/AdministrativeExpensesAmt",12131,12129,"2021v4.0, 2021v4.2, 2021v4.1"
"/Return/ReturnData/IRS990ScheduleA/TaxRevLeviedOrgnztnlBnft509Grp/CurrentTaxYearMinus1YearAmt",12090,12089,"2021v4.0, 2021v4.2, 2021v4.1"
"/Return/ReturnData/IRS990ScheduleD/CYMinus1YrEndwmtFundGrp/AdministrativeExpensesAmt",12066,12064,"2021v4.1, 2021v4.0, 2021v4.2"
"/Return/ReturnData/IRS990ScheduleK/TaxExemptBondsIssuesGrp",12021,6051,"2021v4.0, 2021v4.2, 2021v4.1"
"/Return/ReturnData/IRS990ScheduleK/TaxExemptBondsIssuesGrp/BondReferenceCd",12021,6051,"2021v4.1, 2021v4.0, 2021v4.2"
"/Return/ReturnData/IRS990ScheduleF/TotalEmployeeCnt",12012,12008,"2021v4.1, 2021v4.2, 2021v4.0"
"/Return/ReturnData/IRS990ScheduleA/GovtFurnSrvcFcltsVl509Grp/CurrentTaxYearMinus1YearAmt",12000,11999,"2021v4.1, 2021v4.0, 2021v4.2"
"/Return/ReturnData/IRS990ScheduleA/TaxRevLeviedOrgnztnlBnft509Grp/CurrentTaxYearMinus2YearsAmt",12000,11999,"2021v4.1, 2021v4.0, 2021v4.2"
"/Return/ReturnData/IRS990ScheduleK/TaxExemptBondsIssuesGrp/DefeasedInd",11985,6026,"2021v4.0, 2021v4.2, 2021v4.1"
"/Return/ReturnData/IRS990ScheduleK/TaxExemptBondsIssuesGrp/IssuerName",11979,6043,"2021v4.0, 2021v4.2, 2021v4.1"
"/Return/ReturnData/IRS990ScheduleK/TaxExemptBondsIssuesGrp/IssuerName/BusinessNameLine1Txt",11979,6043,"2021v4.0, 2021v4.2, 2021v4.1"
"/Return/ReturnData/IRS990ScheduleK/TaxExemptBondsIssuesGrp/OnBehalfOfIssuerInd",11972,6017,"2021v4.0, 2021v4.2, 2021v4.1"
"/Return/ReturnData/IRS990ScheduleK/TaxExemptBondsIssuesGrp/BondIssuedDt",11966,6034,"2021v4.0, 2021v4.2, 2021v4.1"
"/Return/ReturnData/IRS990ScheduleD/CYMinus2YrEndwmtFundGrp/AdministrativeExpensesAmt",11964,11961,"2021v4.0, 2021v4.2, 2021v4.1"
"/Return/ReturnData/IRS990ScheduleK/TaxExemptBondsIssuesGrp/IssuePriceAmt",11953,6024,"2021v4.1, 2021v4.0, 2021v4.2"
"/Return/ReturnData/IRS990ScheduleK/TaxExemptBondsIssuesGrp/PoolFinancingInd",11945,6001,"2021v4.1, 2021v4.0, 2021v4.2"
"/Return/ReturnData/IRS990ScheduleC/SupplementalInformationDetail/ExplanationTxt",11938,11162,"2021v4.0, 2021v4.2, 2021v4.1"
"/Return/ReturnData/IRS990ScheduleK/TaxExemptBondsProceedsGrp/BondReferenceCd",11935,6004,"2021v4.0, 2021v4.2, 2021v4.1"
"/Return/ReturnData/IRS990ScheduleK/TaxExemptBondsProceedsGrp",11935,6004,"2021v4.0, 2021v4.2, 2021v4.1"
"/Return/ReturnData/IRS990ScheduleA/TaxRevLeviedOrgnztnlBnft509Grp/CurrentTaxYearMinus3YearsAmt",11933,11932,"2021v4.0, 2021v4.2, 2021v4.1"
"/Return/ReturnData/IRS990ScheduleA/GovtFurnSrvcFcltsVl509Grp/CurrentTaxYearMinus2YearsAmt",11925,11924,"2021v4.0, 2021v4.2, 2021v4.1"
"/Return/ReturnData/IRS990ScheduleK/TaxExemptBondsProceedsGrp/RefundingTaxExemptBondsInd",11907,5989,"2021v4.1, 2021v4.0, 2021v4.2"
"/Return/ReturnData/IRS990ScheduleK/TaxExemptBondsProceedsGrp/FinalAllocationMadeInd",11899,5984,"2021v4.1, 2021v4.0, 2021v4.2"
"/Return/ReturnData/IRS990ScheduleK/TaxExemptBondsProceedsGrp/RefundingTaxableBondsInd",11895,5982,"2021v4.0, 2021v4.2, 2021v4.1"
"/Return/ReturnData/IRS990ScheduleK/TaxExemptBondsProceedsGrp/AdequateBooksAndRecMaintInd",11878,5984,"2021v4.0, 2021v4.2, 2021v4.1"
"/Return/ReturnData/IRS990ScheduleA/TaxRevLeviedOrgnztnlBnft509Grp/CurrentTaxYearMinus4YearsAmt",11856,11855,"2021v4.1, 2021v4.0, 2021v4.2"
"/Return/ReturnData/IRS990ScheduleA/GovtFurnSrvcFcltsVl509Grp/CurrentTaxYearMinus3YearsAmt",11851,11850,"2021v4.0, 2021v4.2, 2021v4.1"
"/Return/ReturnData/IRS990ScheduleD/CYMinus3YrEndwmtFundGrp/AdministrativeExpensesAmt",11845,11842,"2021v4.0, 2021v4.2, 2021v4.1"
"/Return/ReturnData/IRS990ScheduleM/SecuritiesPubliclyTradedGrp",11828,11823,"2021v4.2, 2021v4.0, 2021v4.1"
"/Return/ReturnData/IRS990ScheduleA/TaxRevLeviedOrgnztnlBnft509Grp/CurrentTaxYearAmt",11820,11819,"2021v4.0, 2021v4.2, 2021v4.1"
"/Return/ReturnData/IRS990ScheduleK/TaxExemptBondsArbitrageGrp/BondReferenceCd",11816,5937,"2021v4.0, 2021v4.2, 2021v4.1"
"/Return/ReturnData/IRS990ScheduleK/TaxExemptBondsArbitrageGrp",11816,5937,"2021v4.1, 2021v4.0, 2021v4.2"
"/Return/ReturnData/IRS990ScheduleK/TaxExemptBondsIssuesGrp/PurposeDesc",11806,5959,"2021v4.0, 2021v4.2, 2021v4.1"
"/Return/ReturnData/IRS990ScheduleA/GovtFurnSrvcFcltsVl509Grp/CurrentTaxYearAmt",11786,11785,"2021v4.0, 2021v4.2, 2021v4.1"
"/Return/ReturnData/IRS990ScheduleK/TaxExemptBondsArbitrageGrp/Form8038TFiledInd",11758,5897,"2021v4.1, 2021v4.0, 2021v4.2"
"/Return/ReturnData/IRS990ScheduleK/TaxExemptBondsArbitrageGrp/HedgeIdentifiedInBksAndRecInd",11754,5898,"2021v4.1, 2021v4.0, 2021v4.2"
"/Return/ReturnData/IRS990ScheduleA/GovtFurnSrvcFcltsVl509Grp/CurrentTaxYearMinus4YearsAmt",11751,11750,"2021v4.1, 2021v4.0, 2021v4.2"
"/Return/ReturnData/IRS990ScheduleD/CYMinus4YrEndwmtFundGrp/AdministrativeExpensesAmt",11750,11747,"2021v4.0, 2021v4.2, 2021v4.1"
"/Return/ReturnData/IRS990ScheduleJ/Form990OfOtherOrganizationsInd",11742,11738,"2021v4.1, 2021v4.2, 2021v4.0"
"/Return/ReturnData/IRS990ScheduleK/TaxExemptBondsArbitrageGrp/GrossProceedsInvestedInGICInd",11730,5880,"2021v4.0, 2021v4.2, 2021v4.1"
"/Return/ReturnData/IRS990ScheduleF/TotalOfficeCnt",11652,11648,"2021v4.1, 2021v4.2, 2021v4.0"
"/Return/ReturnData/IRS990ScheduleK/TaxExemptBondsArbitrageGrp/WrittenProcToMonitorReqsInd",11642,5835,"2021v4.1, 2021v4.0, 2021v4.2"
"/Return/ReturnData/IRS990/PaymentsToAffiliatesGrp/FundraisingAmt",11628,11627,"2021v4.1, 2021v4.0, 2021v4.2"
"/Return/ReturnData/IRS990EZ/InitialReturnInd",11599,11599,"2021v4.2, 2021v4.0, 2021v4.1"
"/Return/ReturnData/IRS990ScheduleG/GamingInformationGrp/DirectExpenseSummaryGamingAmt",11548,11546,"2021v4.1, 2021v4.0, 2021v4.2"
"/Return/ReturnData/IRS990ScheduleK/TaxExemptBondsArbitrageGrp/GrossProceedsInvestedInd",11534,5804,"2021v4.1, 2021v4.0, 2021v4.2"
"/Return/ReturnData/IRS990ScheduleG/FundraisingEventInformationGrp/CashPrizesEvent1Amt",11489,11489,"2021v4.1, 2021v4.0, 2021v4.2"
"/Return/ReturnData/IRS990ScheduleK/ProceduresCorrectiveActionGrp",11419,5705,"2021v4.1, 2021v4.0, 2021v4.2"
"/Return/ReturnData/IRS990ScheduleK/ProceduresCorrectiveActionGrp/BondReferenceCd",11419,5705,"2021v4.1, 2021v4.0, 2021v4.2"
"/Return/ReturnData/IRS990ScheduleK/ProceduresCorrectiveActionGrp/ProceduresCorrectiveActionInd",11395,5689,"2021v4.1, 2021v4.0, 2021v4.2"
"/Return/ReturnData/IRS990/PrincipalOfcrBusinessName/BusinessNameLine1Txt",11376,11376,"2021v4.1, 2021v4.2, 2021v4.0"
"/Return/ReturnData/IRS990/PrincipalOfcrBusinessName",11376,11376,"2021v4.1, 2021v4.2, 2021v4.0"
"/Return/ReturnData/IRS990ScheduleK/TaxExemptBondsArbitrageGrp/VariableRateIssueInd",11344,5650,"2021v4.0, 2021v4.2, 2021v4.1"
"/Return/ReturnData/IRS990/PymtTravelEntrtnmntPubOfclGrp/ProgramServicesAmt",11331,11331,"2021v4.0, 2021v4.2, 2021v4.1"
"/Return/ReturnData/IRS990ScheduleK/TaxExemptBondsProceedsGrp/TotalProceedsAmt",11287,5644,"2021v4.1, 2021v4.0, 2021v4.2"
"/Return/ReturnData/IRS990ScheduleK/TaxExemptBondsPrivateBusUseGrp",11221,5643,"2021v4.0, 2021v4.2, 2021v4.1"
"/Return/ReturnData/IRS990ScheduleK/TaxExemptBondsPrivateBusUseGrp/BondReferenceCd",11218,5643,"2021v4.1, 2021v4.0, 2021v4.2"
"/Return/ReturnData/IRS990ScheduleK/TaxExemptBondsIssuesGrp/BondIssuerEIN",11216,5628,"2021v4.1, 2021v4.0, 2021v4.2"
"/Return/ReturnData/IRS990ScheduleM/SecuritiesPubliclyTradedGrp/NoncashContributionsRptF990Amt",11174,11170,"2021v4.1, 2021v4.2, 2021v4.0"
"/Return/ReturnData/IRS990ScheduleF/SubtotalEmployeesCnt",11152,11148,"2021v4.1, 2021v4.2, 2021v4.0"
"/Return/ReturnData/IRS990ScheduleM/SecuritiesPubliclyTradedGrp/NonCashCheckboxInd",11147,11143,"2021v4.2, 2021v4.0, 2021v4.1"
"/Return/ReturnData/IRS990/InvestTaxExemptBondsInd",11096,11090,"2021v4.1, 2021v4.0, 2021v4.2"
"/Return/ReturnData/IRS990ScheduleM/SupplementalInformationDetail",11093,9499,"2021v4.2, 2021v4.0, 2021v4.1"
"/Return/ReturnData/IRS990ScheduleM/SupplementalInformationDetail/FormAndLineReferenceDesc",11093,9499,"2021v4.2, 2021v4.0, 2021v4.1"
"/Return/ReturnData/IRS990ScheduleM/SecuritiesPubliclyTradedGrp/ContributionCnt",11092,11088,"2021v4.2, 2021v4.0, 2021v4.1"
"/Return/ReturnData/IRS990ScheduleM/SupplementalInformationDetail/ExplanationTxt",11090,9497,"2021v4.1, 2021v4.2, 2021v4.0"
"/Return/ReturnData/IRS990ScheduleK/TaxExemptBondsPrivateBusUseGrp/AnyLeaseArrangementsInd",11088,5594,"2021v4.0, 2021v4.2, 2021v4.1"
"/Return/ReturnData/IRS990ScheduleK/TaxExemptBondsPrivateBusUseGrp/OwningBondFinancedPropertyInd",11088,5594,"2021v4.0, 2021v4.2, 2021v4.1"
"/Return/ReturnData/IRS990ScheduleK/TaxExemptBondsPrivateBusUseGrp/MgmtContractBondFincdPropInd",11081,5586,"2021v4.1, 2021v4.0, 2021v4.2"
"/Return/ReturnData/IRS990ScheduleF/ForeignIndividualsGrantsGrp",11069,2912,"2021v4.2, 2021v4.0, 2021v4.1"
"/Return/ReturnData/IRS990ScheduleG/PersonsWithBooksUSAddress",11053,11051,"2021v4.1, 2021v4.0, 2021v4.2"
"/Return/ReturnData/IRS990ScheduleG/PersonsWithBooksUSAddress/ZIPCd",11053,11051,"2021v4.1, 2021v4.0, 2021v4.2"
"/Return/ReturnData/IRS990ScheduleG/PersonsWithBooksUSAddress/AddressLine1Txt",11053,11051,"2021v4.0, 2021v4.2, 2021v4.1"
"/Return/ReturnData/IRS990ScheduleG/PersonsWithBooksUSAddress/CityNm",11053,11051,"2021v4.1, 2021v4.0, 2021v4.2"
"/Return/ReturnData/IRS990ScheduleG/PersonsWithBooksUSAddress/StateAbbreviationCd",11053,11051,"2021v4.0, 2021v4.2, 2021v4.1"
"/Return/ReturnData/IRS990ScheduleK/TaxExemptBondsPrivateBusUseGrp/AnyResearchAgreementsInd",11025,5558,"2021v4.0, 2021v4.2, 2021v4.1"
"/Return/ReturnData/IRS990/EscrowAccountInd",10986,10980,"2021v4.0, 2021v4.2, 2021v4.1"
"/Return/ReturnData/IRS990/GroupExemptionNum",10982,10982,"2021v4.1, 2021v4.2, 2021v4.0"
"/Return/ReturnData/IRS990ScheduleF/ForeignIndividualsGrantsGrp/RegionTxt",10967,2870,"2021v4.2, 2021v4.0, 2021v4.1"
"/Return/ReturnData/IRS990ScheduleA/GovtFurnSrvcFcltsVl170Grp/CurrentTaxYearMinus2YearsAmt",10964,10964,"2021v4.0, 2021v4.2, 2021v4.1"
"/Return/ReturnData/IRS990ScheduleK/TaxExemptBondsPrivateBusUseGrp/ChangeInUseBondFinancedPropInd",10960,5512,"2021v4.0, 2021v4.2, 2021v4.1"
"/Return/ReturnData/IRS990ScheduleK/TaxExemptBondsPrivateBusUseGrp/ProcsNonqualifiedBondRemdtdInd",10960,5507,"2021v4.1, 2021v4.0, 2021v4.2"
"/Return/ReturnData/IRS990ScheduleF/ForeignIndividualsGrantsGrp/TypeOfAssistanceTxt",10948,2848,"2021v4.1, 2021v4.2, 2021v4.0"
"/Return/ReturnData/IRS990ScheduleA/GovtFurnSrvcFcltsVl170Grp/CurrentTaxYearMinus1YearAmt",10943,10943,"2021v4.1, 2021v4.0, 2021v4.2"
"/Return/ReturnData/IRS990ScheduleA/GovtFurnSrvcFcltsVl170Grp/CurrentTaxYearMinus3YearsAmt",10928,10928,"2021v4.1, 2021v4.0, 2021v4.2"
"/Return/ReturnData/IRS990ScheduleA/ChurchInd",10927,10927,"2021v4.1, 2021v4.0, 2021v4.2"
"/Return/ReturnData/IRS990ScheduleA/GovtFurnSrvcFcltsVl170Grp/CurrentTaxYearMinus4YearsAmt",10883,10883,"2021v4.0, 2021v4.2, 2021v4.1"
"/Return/ReturnData/IRS990/OnBehalfOfIssuerInd",10882,10876,"2021v4.0, 2021v4.2, 2021v4.1"
"/Return/ReturnData/IRS990ScheduleK/TaxExemptBondsPrivateBusUseGrp/BondIssMeetPrvtSecPymtTestInd",10863,5468,"2021v4.1, 2021v4.0, 2021v4.2"
"/Return/ReturnData/IRS990/NondeductibleContriDisclInd",10823,10823,"2021v4.1, 2021v4.2, 2021v4.0"
"/Return/ReturnData/IRS990ScheduleF/SubtotalOfficesCnt",10802,10798,"2021v4.1, 2021v4.2, 2021v4.0"
"/Return/ReturnData/IRS990ScheduleK/TaxExemptBondsArbitrageGrp/RebateNotDueYetInd",10763,5436,"2021v4.0, 2021v4.2, 2021v4.1"
"/Return/ReturnData/IRS990ScheduleK/TaxExemptBondsArbitrageGrp/NoRebateDueInd",10759,5413,"2021v4.1, 2021v4.0, 2021v4.2"
"/Return/ReturnData/IRS990ScheduleK/TaxExemptBondsArbitrageGrp/ExceptionToRebateInd",10745,5381,"2021v4.0, 2021v4.2, 2021v4.1"
"/Return/ReturnData/IRS990ScheduleG/FundraisingEventInformationGrp/RentFacilityCostsEvent2Amt",10669,10668,"2021v4.0, 2021v4.2, 2021v4.1"
"/Return/ReturnData/IRS990ScheduleJ/SubstantiationRequiredInd",10645,10641,"2021v4.2, 2021v4.0, 2021v4.1"
"/Return/ReturnData/IRS990/FeesForServicesLobbyingGrp/FundraisingAmt",10587,10586,"2021v4.0, 2021v4.2, 2021v4.1"
"/Return/ReturnData/IRS990/PymtTravelEntrtnmntPubOfclGrp/ManagementAndGeneralAmt",10575,10575,"2021v4.1, 2021v4.0, 2021v4.2"
"/Return/ReturnData/IRS990ScheduleM/SecuritiesPubliclyTradedGrp/MethodOfDeterminingRevenuesTxt",10409,10405,"2021v4.1, 2021v4.2, 2021v4.0"
"/Return/ReturnData/IRS990/TypeOfOrganizationTrustInd",10390,10389,"2021v4.0, 2021v4.2, 2021v4.1"
"/Return/ReturnData/IRS990/RoyaltiesGrp/ManagementAndGeneralAmt",10387,10387,"2021v4.0, 2021v4.2, 2021v4.1"
"/Return/ReturnData/IRS990ScheduleA/GovtFurnSrvcFcltsVl170Grp/CurrentTaxYearAmt",10375,10375,"2021v4.1, 2021v4.0, 2021v4.2"
"/Return/ReturnData/IRS990ScheduleA/TaxRevLeviedOrgnztnlBnft170Grp/CurrentTaxYearMinus1YearAmt",10329,10329,"2021v4.2, 2021v4.0, 2021v4.1"
"/Return/ReturnData/IRS990ScheduleA/TaxRevLeviedOrgnztnlBnft170Grp/CurrentTaxYearMinus2YearsAmt",10309,10309,"2021v4.1, 2021v4.2, 2021v4.0"
"/Return/ReturnData/IRS990ScheduleL/TotalBalanceDueAmt",10262,10261,"2021v4.2, 2021v4.0, 2021v4.1"
"/Return/ReturnData/IRS990ScheduleF/GrantRecordsMaintainedInd",10242,10239,"2021v4.1, 2021v4.2, 2021v4.0"
"/Return/ReturnData/IRS990ScheduleA/TaxRevLeviedOrgnztnlBnft170Grp/CurrentTaxYearMinus3YearsAmt",10230,10230,"2021v4.1, 2021v4.2, 2021v4.0"
"/Return/ReturnData/IRS990ScheduleA/TaxRevLeviedOrgnztnlBnft170Grp/CurrentTaxYearMinus4YearsAmt",10201,10201,"2021v4.1, 2021v4.2, 2021v4.0"
"/Return/ReturnData/IRS990/InfoInScheduleOPartVIIInd",10190,10185,"2021v4.1, 2021v4.2, 2021v4.0"
"/Return/ReturnData/IRS990EZ/TypeOfOrganizationOtherInd",10176,10176,"2021v4.0, 2021v4.2, 2021v4.1"
"/Return/ReturnData/IRS990/NetIncomeFromGamingGrp/UnrelatedBusinessRevenueAmt",10088,10086,"2021v4.1, 2021v4.0, 2021v4.2"
"/Return/ReturnData/IRS990ScheduleG/GamingInformationGrp/OthDirectExpnssTotalGamingAmt",10060,10058,"2021v4.1, 2021v4.0, 2021v4.2"
"/Return/ReturnData/IRS990/RoyaltiesGrp/FundraisingAmt",10043,10042,"2021v4.1, 2021v4.0, 2021v4.2"
"/Return/ReturnData/IRS990ScheduleL/BusTrInvolveInterestedPrsnGrp/NameOfInterested/BusinessName/BusinessNameLine1Txt",10032,6183,"2021v4.0, 2021v4.2, 2021v4.1"
"/Return/ReturnData/IRS990ScheduleL/BusTrInvolveInterestedPrsnGrp/NameOfInterested/BusinessName",10032,6183,"2021v4.0, 2021v4.2, 2021v4.1"
"/Return/ReturnData/IRS990ScheduleR/IdRelatedOrgTxblPartnershipGrp/USAddress/AddressLine2Txt",10027,488,"2021v4.2, 2021v4.0"
"/Return/ReturnData/IRS990/PymtTravelEntrtnmntPubOfclGrp/FundraisingAmt",10018,10018,"2021v4.1, 2021v4.0, 2021v4.2"
"/Return/ReturnHeader/Filer/ForeignPhoneNum",9993,9993,"2021v4.0, 2021v4.2, 2021v4.1"
"/Return/ReturnData/IRS990/GrossRentsGrp/PersonalAmt",9982,9980,"2021v4.1, 2021v4.0, 2021v4.2"
"/Return/ReturnData/IRS990ScheduleF/ForeignIndividualsGrantsGrp/RecipientCnt",9931,2588,"2021v4.2, 2021v4.0, 2021v4.1"
"/Return/ReturnData/IRS990ScheduleG/FundraisingEventInformationGrp/CharitableContriOtherEventsAmt",9841,9838,"2021v4.2, 2021v4.0, 2021v4.1"
"/Return/ReturnData/IRS990ScheduleA/TaxRevLeviedOrgnztnlBnft170Grp/CurrentTaxYearAmt",9798,9798,"2021v4.1, 2021v4.2, 2021v4.0"
"/Return/ReturnData/IRS990ScheduleF/ForeignIndividualsGrantsGrp/CashGrantAmt",9761,2574,"2021v4.2, 2021v4.0, 2021v4.1"
"/Return/ReturnData/IRS990/ForeignCountryCd",9734,4139,"2021v4.2, 2021v4.0, 2021v4.1"
"/Return/ReturnData/IRS990ScheduleG/GamingInformationGrp/VolunteerLaborOtherGamingInd",9727,9726,"2021v4.0, 2021v4.2, 2021v4.1"
"/Return/ReturnData/IRS990EZ/InfoInScheduleOPartIVInd",9651,9651,"2021v4.1, 2021v4.0, 2021v4.2"
"/Return/ReturnData/IRS990ScheduleR/IdRelatedOrgTxblCorpTrGrp/ForeignAddress/CountryCd",9648,3114,"2021v4.1, 2021v4.2, 2021v4.0"
"/Return/ReturnData/IRS990ScheduleR/IdRelatedOrgTxblCorpTrGrp/ForeignAddress/AddressLine1Txt",9648,3114,"2021v4.2, 2021v4.0, 2021v4.1"
"/Return/ReturnData/IRS990ScheduleR/IdRelatedOrgTxblCorpTrGrp/ForeignAddress",9648,3114,"2021v4.1, 2021v4.2, 2021v4.0"
"/Return/ReturnData/IRS990ScheduleR/IdRelatedOrgTxblCorpTrGrp/USAddress/AddressLine2Txt",9572,596,"2021v4.2, 2021v4.0"
"/Return/ReturnData/IRS990ScheduleF/GrantsToOrgOutsideUSGrp/DescriptionOfNonCashAsstTxt",9474,1188,"2021v4.2, 2021v4.0, 2021v4.1"
"/Return/ReturnData/IRS990ScheduleG/IndividualWithBooksNm",9460,9458,"2021v4.0, 2021v4.2, 2021v4.1"
"/Return/ReturnData/IRS990ScheduleD/FederalIncomeTaxLiabilityAmt",9411,9407,"2021v4.2, 2021v4.0, 2021v4.1"
"/Return/ReturnData/IRS990ScheduleK/TaxExemptBondsProceedsGrp/IssuanceCostsFromProceedsAmt",9380,4883,"2021v4.0, 2021v4.2, 2021v4.1"
"/Return/ReturnData/IRS990ScheduleG/FundraisingEventInformationGrp/FoodAndBeverageOtherEventsAmt",9314,9312,"2021v4.1, 2021v4.2, 2021v4.0"
"/Return/ReturnData/IRS990ScheduleD/SolicitedAssetsSaleInd",9187,9183,"2021v4.1, 2021v4.2, 2021v4.0"
"/Return/ReturnData/IRS990ScheduleD/ArtPublicExhibitionAmountsGrp",9106,9102,"2021v4.2, 2021v4.0, 2021v4.1"
"/Return/ReturnData/IRS990EZ/AddressChangeInd",9098,9098,"2021v4.0, 2021v4.2, 2021v4.1"
"/Return/ReturnData/IRS990ScheduleG/FundraiserActivityInfoGrp",9073,5826,"2021v4.1, 2021v4.2, 2021v4.0"
"/Return/ReturnData/IRS990ScheduleG/GamingInformationGrp/VolunteerLaborPullTabsInd",8981,8979,"2021v4.1, 2021v4.0, 2021v4.2"
"/Return/ReturnData/IRS990ScheduleG/FundraiserActivityInfoGrp/FundraiserControlOfFundsInd",8979,5765,"2021v4.2, 2021v4.0, 2021v4.1"
"/Return/ReturnData/IRS990/OtherInd",8950,8949,"2021v4.0, 2021v4.2, 2021v4.1"
"/Return/ReturnData/IRS990ScheduleF/ForeignIndividualsGrantsGrp/MannerOfCashDisbursementTxt",8934,2305,"2021v4.1, 2021v4.2, 2021v4.0"
"/Return/ReturnData/IRS990/LessRentalExpensesGrp/PersonalAmt",8923,8921,"2021v4.1, 2021v4.0, 2021v4.2"
"/Return/ReturnData/IRS990ScheduleD/CYMinus2YrEndwmtFundGrp/GrantsOrScholarshipsAmt",8824,8821,"2021v4.2, 2021v4.0, 2021v4.1"
"/Return/ReturnData/IRS990ScheduleD/CYMinus3YrEndwmtFundGrp/GrantsOrScholarshipsAmt",8764,8761,"2021v4.2, 2021v4.0, 2021v4.1"
"/Return/ReturnData/IRS990ScheduleD/CYMinus1YrEndwmtFundGrp/GrantsOrScholarshipsAmt",8761,8758,"2021v4.1, 2021v4.2, 2021v4.0"
"/Return/ReturnData/IRS990ScheduleD/CYEndwmtFundGrp/GrantsOrScholarshipsAmt",8683,8681,"2021v4.2, 2021v4.0, 2021v4.1"
"/Return/ReturnData/IRS990ScheduleD/CYMinus4YrEndwmtFundGrp/GrantsOrScholarshipsAmt",8642,8640,"2021v4.1, 2021v4.2, 2021v4.0"
"/Return/ReturnData/IRS990ScheduleL/LoansBtwnOrgInterestedPrsnGrp/LoanFromOrganizationInd",8603,3528,"2021v4.2, 2021v4.0, 2021v4.1"
"/Return/ReturnData/IRS990EZ/TypeOfOrganizationOtherDesc",8601,8601,"2021v4.2, 2021v4.0, 2021v4.1"
"/Return/ReturnData/IRS990ScheduleG/FundraiserActivityInfoGrp/ActivityTxt",8544,5553,"2021v4.2, 2021v4.0, 2021v4.1"
"/Return/ReturnData/IRS990ScheduleJ/WrittenPolicyRefTAndEExpnssInd",8533,8529,"2021v4.2, 2021v4.0, 2021v4.1"
"/Return/ReturnData/IRS990ScheduleG/FundraiserActivityInfoGrp/RetainedByContractorAmt",8508,5562,"2021v4.1, 2021v4.2, 2021v4.0"
"/Return/ReturnData/IRS990ScheduleR/IdRelatedOrgTxblCorpTrGrp/ForeignAddress/CityNm",8452,2591,"2021v4.2, 2021v4.0, 2021v4.1"
"/Return/ReturnData/IRS990/WrittenPolicyOrProcedureInd",8437,8437,"2021v4.2, 2021v4.0, 2021v4.1"
"/Return/ReturnData/IRS990/TypeOfOrganizationOtherInd",8356,8355,"2021v4.1, 2021v4.2, 2021v4.0"
"/Return/ReturnData/IRS990ScheduleJ/IndependentConsultantInd",8244,8238,"2021v4.2, 2021v4.0, 2021v4.1"
"/Return/ReturnData/IRS990ScheduleK/TaxExemptBondsProceedsGrp/SubstantialCompletionYr",8218,4275,"2021v4.2, 2021v4.0, 2021v4.1"
"/Return/ReturnData/IRS990ScheduleG/FundraiserActivityInfoGrp/NetToOrganizationAmt",8206,5327,"2021v4.1, 2021v4.2, 2021v4.0"
"/Return/ReturnData/IRS990ScheduleG/GamingInformationGrp/VolunteerLaborBingoInd",8135,8133,"2021v4.1, 2021v4.0, 2021v4.2"
"/Return/ReturnData/IRS990ScheduleG/FundraiserActivityInfoGrp/USAddress/ZIPCd",8064,5278,"2021v4.1, 2021v4.2, 2021v4.0"
"/Return/ReturnData/IRS990ScheduleG/FundraiserActivityInfoGrp/USAddress",8064,5278,"2021v4.1, 2021v4.2, 2021v4.0"
"/Return/ReturnData/IRS990ScheduleG/FundraiserActivityInfoGrp/USAddress/AddressLine1Txt",8064,5278,"2021v4.1, 2021v4.2, 2021v4.0"
"/Return/ReturnData/IRS990ScheduleG/FundraiserActivityInfoGrp/USAddress/StateAbbreviationCd",8064,5278,"2021v4.1, 2021v4.2, 2021v4.0"
"/Return/ReturnData/IRS990ScheduleG/FundraiserActivityInfoGrp/USAddress/CityNm",8064,5278,"2021v4.2, 2021v4.0, 2021v4.1"
"/Return/ReturnData/IRS990ScheduleK/TaxExemptBondsIssuesGrp/CUSIPNum",8016,3778,"2021v4.2, 2021v4.0, 2021v4.1"
"/Return/ReturnData/IRS990ScheduleF/ContinuationSpentAmt",8012,8010,"2021v4.2, 2021v4.0, 2021v4.1"
"/Return/ReturnData/IRS990ScheduleF/ContinuationTotalEmployeeCnt",7998,7996,"2021v4.2, 2021v4.0, 2021v4.1"
"/Return/ReturnData/IRS990ScheduleF/ContinuationTotalOfficeCnt",7993,7991,"2021v4.2, 2021v4.0, 2021v4.1"
"/Return/ReturnData/IRS990ScheduleC/DirectContactLegislatorsInd",7985,7983,"2021v4.2, 2021v4.0, 2021v4.1"
"/Return/ReturnData/IRS990ScheduleC/OtherActivitiesInd",7977,7975,"2021v4.2, 2021v4.0, 2021v4.1"
"/Return/ReturnData/IRS990ScheduleG/FundraiserActivityInfoGrp/GrossReceiptsAmt",7943,5175,"2021v4.2, 2021v4.0, 2021v4.1"
"/Return/ReturnData/IRS990ScheduleC/GrantsOtherOrganizationsInd",7927,7925,"2021v4.1, 2021v4.2, 2021v4.0"
"/Return/ReturnData/IRS990ScheduleC/MailingsMembersInd",7922,7920,"2021v4.1, 2021v4.2, 2021v4.0"
"/Return/ReturnData/IRS990ScheduleC/RalliesDemonstrationsInd",7916,7914,"2021v4.2, 2021v4.0, 2021v4.1"
"/Return/ReturnData/IRS990ScheduleC/PublicationsOrBroadcastInd",7914,7912,"2021v4.1, 2021v4.2, 2021v4.0"
"/Return/ReturnData/IRS990ScheduleC/MediaAdvertisementsInd",7912,7910,"2021v4.1, 2021v4.2, 2021v4.0"
"/Return/ReturnData/IRS990ScheduleG/GamingInformationGrp/CashPrizesTotalGamingAmt",7896,7894,"2021v4.0, 2021v4.2, 2021v4.1"
"/Return/ReturnData/IRS990ScheduleC/PaidStaffOrManagementInd",7889,7887,"2021v4.2, 2021v4.0, 2021v4.1"
"/Return/ReturnData/IRS990ScheduleC/VolunteersInd",7872,7870,"2021v4.2, 2021v4.0, 2021v4.1"
"/Return/ReturnData/IRS990ScheduleD/HeldWorksArtGrp",7866,7862,"2021v4.2, 2021v4.0, 2021v4.1"
"/Return/ReturnData/IRS990ScheduleC/Section527PoliticalOrgGrp/OrganizationBusinessName",7810,2351,"2021v4.1, 2021v4.2, 2021v4.0"
"/Return/ReturnData/IRS990ScheduleC/Section527PoliticalOrgGrp/OrganizationBusinessName/BusinessNameLine1Txt",7810,2351,"2021v4.1, 2021v4.2, 2021v4.0"
"/Return/ReturnData/IRS990ScheduleC/Section527PoliticalOrgGrp",7810,2351,"2021v4.1, 2021v4.2, 2021v4.0"
"/Return/ReturnData/IRS990ScheduleC/Section527PoliticalOrgGrp/USAddress/CityNm",7801,2351,"2021v4.1, 2021v4.2, 2021v4.0"
"/Return/ReturnData/IRS990ScheduleC/Section527PoliticalOrgGrp/USAddress/StateAbbreviationCd",7801,2351,"2021v4.2, 2021v4.0, 2021v4.1"
"/Return/ReturnData/IRS990ScheduleC/Section527PoliticalOrgGrp/USAddress/AddressLine1Txt",7801,2351,"2021v4.2, 2021v4.0, 2021v4.1"
"/Return/ReturnData/IRS990ScheduleC/Section527PoliticalOrgGrp/USAddress",7801,2351,"2021v4.2, 2021v4.0, 2021v4.1"
"/Return/ReturnData/IRS990ScheduleC/Section527PoliticalOrgGrp/USAddress/ZIPCd",7801,2351,"2021v4.1, 2021v4.2, 2021v4.0"
"/Return/ReturnData/IRS990ScheduleC/NotDescribedSection501c3Ind",7761,7759,"2021v4.1, 2021v4.2, 2021v4.0"
"/Return/ReturnData/IRS990ScheduleG/MailSolicitationsInd",7640,7638,"2021v4.2, 2021v4.0, 2021v4.1"
"/Return/ReturnData/IRS990ScheduleG/FundraisingEventInformationGrp/NonCashPrizesEvent2Amt",7571,7571,"2021v4.1, 2021v4.0, 2021v4.2"
"/Return/ReturnData/IRS990ScheduleG/EmailSolicitationsInd",7505,7504,"2021v4.1, 2021v4.2, 2021v4.0"
"/Return/ReturnData/IRS990ScheduleG/FundraisingEventInformationGrp/EntertainmentEvent2Amt",7493,7491,"2021v4.1, 2021v4.0, 2021v4.2"
"/Return/ReturnData/IRS990ScheduleG/GamingInformationGrp/GrossRevenueOtherGamingAmt",7421,7420,"2021v4.1, 2021v4.2, 2021v4.0"
"/Return/ReturnData/IRS990ScheduleK/TaxExemptBondsProceedsGrp/CapitalExpendituresAmt",7396,4085,"2021v4.1, 2021v4.0, 2021v4.2"
"/Return/ReturnData/IRS990ScheduleG/InPersonSolicitationsInd",7394,7393,"2021v4.1, 2021v4.2, 2021v4.0"
"/Return/ReturnData/IRS990ScheduleK/SupplementalInformationDetail",7387,3040,"2021v4.1, 2021v4.0, 2021v4.2"
"/Return/ReturnData/IRS990ScheduleK/SupplementalInformationDetail/FormAndLineReferenceDesc",7387,3040,"2021v4.0, 2021v4.2, 2021v4.1"
"/Return/ReturnData/IRS990ScheduleK/SupplementalInformationDetail/ExplanationTxt",7378,3039,"2021v4.1, 2021v4.0, 2021v4.2"
"/Return/ReturnData/IRS990/MethodOfAccountingOtherInd",7370,7370,"2021v4.2, 2021v4.0, 2021v4.1"
"/Return/ReturnData/IRS990ScheduleK/TaxExemptBondsProceedsGrp/RetiredAmt",7307,3893,"2021v4.0, 2021v4.2, 2021v4.1"
"/Return/ReturnData/IRS990/InfoInScheduleOPartVInd",7269,7268,"2021v4.2, 2021v4.0, 2021v4.1"
"/Return/ReturnData/IRS990ScheduleR/SupplementalInformationDetail",7181,5430,"2021v4.2, 2021v4.0, 2021v4.1"
"/Return/ReturnData/IRS990ScheduleR/SupplementalInformationDetail/FormAndLineReferenceDesc",7180,5430,"2021v4.1, 2021v4.2, 2021v4.0"
"/Return/ReturnData/IRS990ScheduleN/LiquidationOfAssetsTableGrp/LiquidationOfAssetsDetail",7150,3522,"2021v4.1, 2021v4.0, 2021v4.2"
"/Return/ReturnData/IRS990ScheduleR/SupplementalInformationDetail/ExplanationTxt",7140,5414,"2021v4.2, 2021v4.0, 2021v4.1"
"/Return/ReturnData/IRS990ScheduleN/LiquidationOfAssetsTableGrp/LiquidationOfAssetsDetail/AssetsDistriOrExpnssPaidDesc",7123,3509,"2021v4.1, 2021v4.2, 2021v4.0"
"/Return/ReturnData/IRS990ScheduleG/FundraisingEventInformationGrp/EntertainmentOtherEventsAmt",7121,7120,"2021v4.1, 2021v4.0, 2021v4.2"
"/Return/ReturnData/CompensationExplanation/CompensationExplanationGrp",6864,2798,"2021v4.1, 2021v4.2, 2021v4.0"
"/Return/ReturnData/IRS990/OtherOrganizationDsc",6814,6814,"2021v4.2, 2021v4.0, 2021v4.1"
"/Return/ReturnData/IRS990ScheduleN/LiquidationOfAssetsTableGrp/LiquidationOfAssetsDetail/DistributionDt",6777,3213,"2021v4.1, 2021v4.2, 2021v4.0"
"/Return/ReturnData/IRS990ScheduleK",6719,6088,"2021v4.0, 2021v4.2, 2021v4.1"
"/Return/ReturnData/IRS990ScheduleC/TotalExemptPurposeExpendGrp",6715,6713,"2021v4.0, 2021v4.2, 2021v4.1"
"/Return/ReturnData/IRS990ScheduleC/LobbyingNontaxableAmountGrp",6714,6712,"2021v4.0, 2021v4.2, 2021v4.1"
"/Return/ReturnData/IRS990ScheduleC/GrassrootsNontaxableGrp",6712,6710,"2021v4.1, 2021v4.0, 2021v4.2"
"/Return/ReturnData/IRS990ScheduleN/LiquidationOfAssetsTableGrp/LiquidationOfAssetsDetail/FairMarketValueOfAssetAmt",6711,3121,"2021v4.1, 2021v4.2, 2021v4.0"
"/Return/ReturnData/IRS990ScheduleD/TotalBookValueProgramRltdAmt",6695,6694,"2021v4.2, 2021v4.0, 2021v4.1"
"/Return/ReturnData/IRS990ScheduleR/IdRelatedOrgTxblPartnershipGrp/UBICodeVAmt",6692,773,"2021v4.2, 2021v4.0, 2021v4.1"
"/Return/ReturnData/CompensationExplanation/CompensationExplanationGrp/ShortExplanationTxt",6682,2694,"2021v4.2, 2021v4.0, 2021v4.1"
"/Return/ReturnData/IRS990ScheduleC/TotalLobbyingExpendituresAmt",6679,6677,"2021v4.1, 2021v4.2, 2021v4.0"
"/Return/ReturnData/CompensationExplanation/CompensationExplanationGrp/PersonNm",6658,2658,"2021v4.2, 2021v4.1"
"/Return/ReturnData/IRS990ScheduleA/Form990SchAType3SprtOrgAllGrp",6622,6622,"2021v4.1, 2021v4.0, 2021v4.2"
"/Return/ReturnData/IRS990ScheduleA/Form990SchAType3SprtOrgAllGrp/OfficersCloseRelationshipInd",6622,6622,"2021v4.0, 2021v4.2, 2021v4.1"
"/Return/ReturnData/IRS990ScheduleA/Form990SchAType3SprtOrgAllGrp/TimelyProvidedDocumentsInd",6622,6622,"2021v4.1, 2021v4.0, 2021v4.2"
"/Return/ReturnData/IRS990ScheduleA/Form990SchAType3SprtOrgAllGrp/SupportedOrgVoiceInvestmentInd",6622,6622,"2021v4.0, 2021v4.2, 2021v4.1"
"/Return/ReturnData/IRS990ScheduleG/FundraiserActivityInfoGrp/OrganizationBusinessName/BusinessNameLine1Txt",6595,4313,"2021v4.1, 2021v4.0, 2021v4.2"
"/Return/ReturnData/IRS990ScheduleG/FundraiserActivityInfoGrp/OrganizationBusinessName",6595,4313,"2021v4.1, 2021v4.0, 2021v4.2"
"/Return/ReturnData/IRS990/InitiationFeesAndCapContriAmt",6592,6592,"2021v4.1, 2021v4.2, 2021v4.0"
"/Return/ReturnData/IRS990/FSAuditedBasisGrp/ConsolAndSepBasisFinclStmtInd",6549,6547,"2021v4.2, 2021v4.0, 2021v4.1"
"/Return/ReturnData/IRS990ScheduleC/OtherExemptPurposeExpendGrp",6495,6493,"2021v4.1, 2021v4.0, 2021v4.2"
"/Return/ReturnData/IRS990ScheduleK/TaxExemptBondsProceedsGrp/OtherSpentProceedsAmt",6488,3458,"2021v4.1, 2021v4.0, 2021v4.2"
"/Return/ReturnData/IRS990ScheduleM/FoodInventoryGrp",6486,6483,"2021v4.2, 2021v4.0, 2021v4.1"
"/Return/ReturnData/IRS990ScheduleC/DuesAssessmentsAmt",6463,6463,"2021v4.1, 2021v4.0, 2021v4.2"
"/Return/ReturnData/IRS990ScheduleG/GamingInformationGrp/GrossRevenuePullTabsAmt",6459,6457,"2021v4.0, 2021v4.2, 2021v4.1"
"/Return/ReturnData/IRS990ScheduleM/ClothingAndHouseholdGoodsGrp",6432,6429,"2021v4.1, 2021v4.0, 2021v4.2"
"/Return/ReturnData/IRS990/BooksInCareOfDetail/USAddress/AddressLine2Txt",6391,6391,"2021v4.0, 2021v4.2, 2021v4.1"
"/Return/ReturnData/IRS990ScheduleD/ExplanationProvidedInd",6172,6171,"2021v4.1, 2021v4.0, 2021v4.2"
"/Return/ReturnData/IRS990ScheduleD/RelatedOrgListSchRInd",6123,6120,"2021v4.2, 2021v4.0, 2021v4.1"
"/Return/ReturnData/IRS990ScheduleC/TotalLobbyingExpendGrp",6113,6111,"2021v4.1, 2021v4.0, 2021v4.2"
"/Return/ReturnData/IRS990EZ/RelatedOrgSect527OrgInd",6113,6113,"2021v4.1, 2021v4.0, 2021v4.2"
"/Return/ReturnData/IRS990/GrossReceiptsForPublicUseAmt",6102,6102,"2021v4.2, 2021v4.0, 2021v4.1"
"/Return/ReturnData/IRS990ScheduleN/LiquidationOfAssetsTableGrp/LiquidationOfAssetsDetail/USAddress/AddressLine1Txt",6048,2764,"2021v4.0, 2021v4.2, 2021v4.1"
"/Return/ReturnData/IRS990ScheduleN/LiquidationOfAssetsTableGrp/LiquidationOfAssetsDetail/USAddress/ZIPCd",6048,2764,"2021v4.0, 2021v4.2, 2021v4.1"
"/Return/ReturnData/IRS990ScheduleN/LiquidationOfAssetsTableGrp/LiquidationOfAssetsDetail/USAddress/CityNm",6048,2764,"2021v4.1, 2021v4.0, 2021v4.2"
"/Return/ReturnData/IRS990ScheduleN/LiquidationOfAssetsTableGrp/LiquidationOfAssetsDetail/USAddress/StateAbbreviationCd",6048,2764,"2021v4.0, 2021v4.2, 2021v4.1"
"/Return/ReturnData/IRS990ScheduleN/LiquidationOfAssetsTableGrp/LiquidationOfAssetsDetail/USAddress",6048,2764,"2021v4.1, 2021v4.0, 2021v4.2"
"/Return/ReturnData/IRS990ScheduleC/Section527PoliticalOrgGrp/PaidInternalFundsAmt",6044,1270,"2021v4.1, 2021v4.2, 2021v4.0"
"/Return/ReturnData/IRS990ScheduleA/Form990SchAType3FuncIntGrp",6041,6041,"2021v4.1, 2021v4.2, 2021v4.0"
"/Return/ReturnData/IRS990ScheduleM/Form8283ReceivedCnt",6004,5999,"2021v4.1, 2021v4.2, 2021v4.0"
"/Return/ReturnData/IRS990ScheduleG/GamingManagerPersonNm",5965,5963,"2021v4.0, 2021v4.2, 2021v4.1"
"/Return/ReturnData/IRS990ScheduleL/SupplementalInformationDetail/FormAndLineReferenceDesc",5919,5019,"2021v4.0, 2021v4.2, 2021v4.1"
"/Return/ReturnData/IRS990ScheduleL/SupplementalInformationDetail",5919,5019,"2021v4.1, 2021v4.0, 2021v4.2"
"/Return/ReturnData/IRS990ScheduleN/LiquidationOfAssetsTableGrp/LiquidationOfAssetsDetail/MethodOfFMVDeterminationTxt",5900,2684,"2021v4.1, 2021v4.2, 2021v4.0"
"/Return/ReturnData/IRS990ScheduleG/GamingManagerServicesProvTxt",5895,5893,"2021v4.0, 2021v4.2, 2021v4.1"
"/Return/ReturnData/IRS990ScheduleL/SupplementalInformationDetail/ExplanationTxt",5892,5000,"2021v4.0, 2021v4.2, 2021v4.1"
"/Return/ReturnData/IRS990/InitialReturnInd",5871,5871,"2021v4.1, 2021v4.0, 2021v4.2"
"/Return/ReturnData/IRS990ScheduleG/FundraisingEventInformationGrp/CashPrizesEvent2Amt",5858,5858,"2021v4.0, 2021v4.2, 2021v4.1"
"/Return/ReturnData/IRS990/AmendedReturnInd",5849,5843,"2021v4.1, 2021v4.2, 2021v4.0"
"/Return/ReturnData/IRS990ScheduleG/FundraisingEventInformationGrp/RentFcltyCostsOtherEventsAmt",5817,5816,"2021v4.2, 2021v4.0, 2021v4.1"
"/Return/ReturnData/IRS990ScheduleG/GamingOwnFacilityPct",5800,5800,"2021v4.0, 2021v4.2, 2021v4.1"
"/Return/ReturnData/IRS990ScheduleC/TotalDirectLobbyingGrp",5739,5737,"2021v4.0, 2021v4.2, 2021v4.1"
"/Return/ReturnData/IRS990ScheduleC/AvgLobbyingNontaxableAmountGrp",5680,5678,"2021v4.1, 2021v4.0, 2021v4.2"
"/Return/ReturnData/IRS990ScheduleC/AvgGrassrootsNontaxableGrp",5671,5669,"2021v4.1, 2021v4.0, 2021v4.2"
"/Return/ReturnData/IRS990ScheduleC/LobbyingCeilingAmt",5658,5656,"2021v4.0, 2021v4.2, 2021v4.1"
"/Return/ReturnData/IRS990ScheduleC/AvgLobbyingNontaxableAmountGrp/TotalAmt",5658,5656,"2021v4.0, 2021v4.2, 2021v4.1"
"/Return/ReturnData/IRS990ScheduleC/AvgGrassrootsNontaxableGrp/TotalAmt",5640,5638,"2021v4.1, 2021v4.0, 2021v4.2"
"/Return/ReturnData/IRS990ScheduleC/GrassrootsCeilingAmt",5640,5638,"2021v4.1, 2021v4.0, 2021v4.2"
"/Return/ReturnData/IRS990ScheduleR/IdRelatedOrgTxblCorpTrGrp/ForeignAddress/ForeignPostalCd",5598,1677,"2021v4.1, 2021v4.2, 2021v4.0"
"/Return/ReturnData/IRS990ScheduleN/LiquidationOfAssetsTableGrp/LiquidationOfAssetsDetail/IRCSectionTxt",5571,2515,"2021v4.1, 2021v4.0, 2021v4.2"
"/Return/ReturnData/IRS990ScheduleF/Total501c3OrgCnt",5529,5526,"2021v4.1, 2021v4.2, 2021v4.0"
"/Return/ReturnData/IRS990ScheduleC/LobbyingNontaxableAmountGrp/FilingOrganizationsTotalAmt",5522,5520,"2021v4.0, 2021v4.2, 2021v4.1"
"/Return/ReturnData/IRS990ScheduleC/TotalExemptPurposeExpendGrp/FilingOrganizationsTotalAmt",5522,5520,"2021v4.0, 2021v4.2, 2021v4.1"
"/Return/ReturnData/IRS990ScheduleC/GrassrootsNontaxableGrp/FilingOrganizationsTotalAmt",5520,5518,"2021v4.0, 2021v4.2, 2021v4.1"
"/Return/ReturnData/IRS990ScheduleA/ThirtyThrPctSuprtTestsPY509Ind",5495,5495,"2021v4.1, 2021v4.0, 2021v4.2"
"/Return/ReturnData/IRS990ScheduleG/TotalRetainedByContractorsAmt",5486,5485,"2021v4.2, 2021v4.0, 2021v4.1"
"/Return/ReturnData/IRS990ScheduleG/GamingInformationGrp/OtherDirectExpensesPullTabsAmt",5449,5447,"2021v4.1, 2021v4.0, 2021v4.2"
"/Return/ReturnData/IRS990ScheduleC/NonDeductibleLbbyngPltclTotAmt",5392,5392,"2021v4.1, 2021v4.0, 2021v4.2"
"/Return/ReturnData/IRS990ScheduleC/TotLbbyExpendMnsLbbyngNonTxGrp",5382,5380,"2021v4.2, 2021v4.0, 2021v4.1"
"/Return/ReturnData/IRS990ScheduleG/SolicitationOfNonGovtGrantsInd",5373,5372,"2021v4.2, 2021v4.0, 2021v4.1"
"/Return/ReturnData/IRS990ScheduleC/AvgLobbyingNontaxableAmountGrp/CurrentYearAmt",5342,5340,"2021v4.0, 2021v4.2, 2021v4.1"
"/Return/ReturnData/IRS990ScheduleC/AvgGrassrootsNontaxableGrp/CurrentYearAmt",5334,5332,"2021v4.1, 2021v4.0, 2021v4.2"
"/Return/ReturnData/IRS990ScheduleC/TotLbbyngGrassrootMnsNonTxGrp",5317,5315,"2021v4.2, 2021v4.0, 2021v4.1"
"/Return/ReturnData/IRS990ScheduleC/NonDeductibleLbbyngPltclCYAmt",5282,5282,"2021v4.0, 2021v4.2, 2021v4.1"
"/Return/ReturnData/IRS990ScheduleC/OtherExemptPurposeExpendGrp/FilingOrganizationsTotalAmt",5281,5279,"2021v4.1, 2021v4.0, 2021v4.2"
"/Return/ReturnData/IRS990ScheduleM/FoodInventoryGrp/NoncashContributionsRptF990Amt",5278,5277,"2021v4.1, 2021v4.2, 2021v4.0"
"/Return/ReturnData/IRS990ScheduleN",5275,5275,"2021v4.2, 2021v4.0, 2021v4.1"
"/Return/ReturnData/IRS990ScheduleK/TaxExemptBondsPrivateBusUseGrp/PrivateBusUseByOthersPct",5247,2447,"2021v4.2, 2021v4.0, 2021v4.1"
"/Return/ReturnHeader/AdditionalFilerInformation/TrustedCustomerGrp/ProfilePasswordChangeInd",5242,5242,"2021v4.0"
"/Return/ReturnData/IRS990ScheduleM/ClothingAndHouseholdGoodsGrp/NoncashContributionsRptF990Amt",5233,5232,"2021v4.1, 2021v4.0, 2021v4.2"
"/Return/ReturnData/IRS990ScheduleD/CollectionUsedPubExhibitionInd",5195,5191,"2021v4.2, 2021v4.0, 2021v4.1"
"/Return/ReturnData/IRS990EZ/BooksInCareOfDetail/USAddress/AddressLine2Txt",5186,5185,"2021v4.0, 2021v4.2, 2021v4.1"
"/Return/ReturnData/IRS990ScheduleC/AvgLobbyingNontaxableAmountGrp/CurrentYearMinus1Amt",5172,5170,"2021v4.0, 2021v4.2, 2021v4.1"
"/Return/ReturnData/IRS990ScheduleM/FoodInventoryGrp/NonCashCheckboxInd",5167,5166,"2021v4.2, 2021v4.0, 2021v4.1"
"/Return/ReturnData/IRS990ScheduleC/AvgGrassrootsNontaxableGrp/CurrentYearMinus1Amt",5149,5147,"2021v4.0, 2021v4.2, 2021v4.1"
"/Return/ReturnData/IRS990ScheduleD/DisclosedForCharitablePrpsInd",5120,5119,"2021v4.1, 2021v4.2, 2021v4.0"
"/Return/ReturnData/IRS990ScheduleM/ClothingAndHouseholdGoodsGrp/NonCashCheckboxInd",5098,5097,"2021v4.0, 2021v4.2, 2021v4.1"
"/Return/ReturnData/IRS990ScheduleC/AvgLobbyingNontaxableAmountGrp/CurrentYearMinus2Amt",5066,5065,"2021v4.0, 2021v4.2, 2021v4.1"
"/Return/ReturnData/IRS990ScheduleD/DisclosedOrgLegCtrlInd",5057,5056,"2021v4.2, 2021v4.0, 2021v4.1"
"/Return/ReturnData/IRS990ScheduleC/AvgGrassrootsNontaxableGrp/CurrentYearMinus2Amt",5034,5033,"2021v4.1, 2021v4.0, 2021v4.2"
"/Return/ReturnData/IRS990ScheduleN/LiquidationOfAssetsTableGrp/LiquidationOfAssetsDetail/EIN",5033,2287,"2021v4.1, 2021v4.2, 2021v4.0"
"/Return/ReturnData/IRS990ScheduleC/AvgTotalLobbyingExpendGrp",5032,5030,"2021v4.1, 2021v4.0, 2021v4.2"
"/Return/ReturnData/IRS990ScheduleG/TotalNetToOrganizationAmt",5027,5026,"2021v4.2, 2021v4.0, 2021v4.1"
"/Return/ReturnData/IRS990ScheduleC/AvgTotalLobbyingExpendGrp/TotalAmt",4972,4970,"2021v4.0, 2021v4.2, 2021v4.1"
"/Return/ReturnData/IRS990ScheduleA/IRSWrittenDeterminationInd",4969,4968,"2021v4.1, 2021v4.2, 2021v4.0"
"/Return/ReturnData/IRS990ScheduleC/AvgLobbyingNontaxableAmountGrp/CurrentYearMinus3Amt",4925,4924,"2021v4.0, 2021v4.2, 2021v4.1"
"/Return/ReturnData/IRS990ScheduleG/PhoneSolicitationsInd",4916,4915,"2021v4.2, 2021v4.0, 2021v4.1"
"/Return/ReturnData/IRS990ScheduleC/Section527PoliticalOrgGrp/EIN",4913,1926,"2021v4.2, 2021v4.0, 2021v4.1"
"/Return/ReturnData/IRS990ScheduleA/DistributableAmountGrp/CYAdjNetIncomeDistributableAmt",4906,4906,"2021v4.1, 2021v4.2, 2021v4.0"
"/Return/ReturnData/IRS990ScheduleA/DistributableAmountGrp/CYIncomeTaxImposedPYAmt",4906,4906,"2021v4.1, 2021v4.2, 2021v4.0"
"/Return/ReturnData/IRS990ScheduleA/DistributableAmountGrp/CYGreaterAdjustedMinimumAmt",4906,4906,"2021v4.1, 2021v4.2, 2021v4.0"
"/Return/ReturnData/IRS990ScheduleA/DistributableAmountGrp/CYTotalMinAstDistributableAmt",4906,4906,"2021v4.1, 2021v4.2, 2021v4.0"
"/Return/ReturnData/IRS990ScheduleA/DistributableAmountGrp/CYPct85AdjustedNetIncomeAmt",4906,4906,"2021v4.2, 2021v4.0, 2021v4.1"
"/Return/ReturnData/IRS990ScheduleA/DistributableAmountGrp",4906,4906,"2021v4.2, 2021v4.0, 2021v4.1"
"/Return/ReturnData/IRS990ScheduleA/DistributableAmountGrp/CYDistributableAsAdjustedAmt",4906,4906,"2021v4.2, 2021v4.0, 2021v4.1"
"/Return/ReturnData/IRS990ScheduleC/AvgGrassrootsNontaxableGrp/CurrentYearMinus3Amt",4888,4887,"2021v4.0, 2021v4.2, 2021v4.1"
"/Return/ReturnData/IRS990ScheduleC/Form1120POLFiledInd",4881,4881,"2021v4.1, 2021v4.0, 2021v4.2"
"/Return/ReturnData/IRS990ScheduleC/TotalLobbyingExpendGrp/FilingOrganizationsTotalAmt",4869,4867,"2021v4.1, 2021v4.0, 2021v4.2"
"/Return/ReturnData/IRS990ScheduleG/GamingInformationGrp/OthDirectExpnssOtherGamingAmt",4866,4865,"2021v4.2, 2021v4.0, 2021v4.1"
"/Return/ReturnData/IRS990ScheduleG/SupplementalInformationDetail",4864,3840,"2021v4.1, 2021v4.2, 2021v4.0"
"/Return/ReturnData/IRS990ScheduleG/SupplementalInformationDetail/FormAndLineReferenceDesc",4863,3840,"2021v4.1, 2021v4.2, 2021v4.0"
"/Return/ReturnData/IRS990ScheduleG/SupplementalInformationDetail/ExplanationTxt",4852,3833,"2021v4.2, 2021v4.0, 2021v4.1"
"/Return/ReturnData/IRS990ScheduleG/GamingInformationGrp/CashPrizesPullTabsAmt",4787,4785,"2021v4.0, 2021v4.2, 2021v4.1"
"/Return/ReturnData/IRS990EZ/ProgramSrvcAccomplishmentGrp/ForeignGrantsInd",4751,3241,"2021v4.2, 2021v4.0, 2021v4.1"
"/Return/ReturnData/IRS990ScheduleM/ClothingAndHouseholdGoodsGrp/MethodOfDeterminingRevenuesTxt",4704,4703,"2021v4.1, 2021v4.0, 2021v4.2"
"/Return/ReturnData/IRS990EZ/OtherEmployeePaidOver100kCnt",4689,4689,"2021v4.1, 2021v4.0, 2021v4.2"
"/Return/ReturnData/IRS990EZ/OrganizationFiled990TInd",4674,4674,"2021v4.0, 2021v4.2, 2021v4.1"
"/Return/ReturnData/IRS990ScheduleK/TaxExemptBondsPrivateBusUseGrp/TotalPrivateBusinessUsePct",4662,2200,"2021v4.2, 2021v4.0, 2021v4.1"
"/Return/ReturnData/IRS990ScheduleC/AggregateReportedDuesNtcAmt",4658,4658,"2021v4.0, 2021v4.2, 2021v4.1"
"/Return/ReturnData/IRS990ScheduleR/IdRelatedOrgTxblCorpTrGrp/ForeignAddress/ProvinceOrStateNm",4654,1351,"2021v4.2, 2021v4.0, 2021v4.1"
"/Return/ReturnData/IRS990ScheduleM/FoodInventoryGrp/MethodOfDeterminingRevenuesTxt",4647,4646,"2021v4.1, 2021v4.2, 2021v4.0"
"/Return/ReturnData/IRS990ScheduleG/FundraisingEventInformationGrp/NonCashPrizesOtherEventsAmt",4593,4593,"2021v4.1, 2021v4.0, 2021v4.2"
"/Return/ReturnData/IRS990ScheduleM/FoodInventoryGrp/ContributionCnt",4551,4550,"2021v4.1, 2021v4.2, 2021v4.0"
"/Return/ReturnData/IRS990ScheduleG/GamingOtherFacilityPct",4528,4526,"2021v4.0, 2021v4.2, 2021v4.1"
"/Return/ReturnData/IRS990ScheduleK/TaxExemptBondsProceedsGrp/InReserveFundAmt",4523,2357,"2021v4.1, 2021v4.2, 2021v4.0"
"/Return/ReturnData/IRS990ScheduleG/GamingInformationGrp/GrossRevenueBingoAmt",4518,4516,"2021v4.0, 2021v4.2, 2021v4.1"
"/Return/ReturnData/IRS990ScheduleC/TotalDirectLobbyingGrp/FilingOrganizationsTotalAmt",4463,4461,"2021v4.1, 2021v4.0, 2021v4.2"
"/Return/ReturnData/IRS990EZ/CntrctRcvdGreaterThan100KCnt",4461,4461,"2021v4.0, 2021v4.2, 2021v4.1"
"/Return/ReturnData/IRS990/LicensedMoreThanOneStateInd",4433,4432,"2021v4.1, 2021v4.2, 2021v4.0"
"/Return/ReturnData/IRS990ScheduleC/AvgTotalLobbyingExpendGrp/CurrentYearAmt",4417,4415,"2021v4.1, 2021v4.0, 2021v4.2"
"/Return/ReturnData/IRS990ScheduleC/TotalGrassrootsLobbyingGrp",4380,4378,"2021v4.1, 2021v4.2, 2021v4.0"
"/Return/ReturnData/IRS990ScheduleI/RecipientTable/RecipientBusinessName/BusinessNameLine2Txt",4367,1337,"2021v4.0, 2021v4.2, 2021v4.1"
"/Return/ReturnData/IRS990ScheduleC/AvgTotalLobbyingExpendGrp/CurrentYearMinus1Amt",4255,4253,"2021v4.1, 2021v4.0, 2021v4.2"
"/Return/ReturnData/IRS990ScheduleA/HospitalInd",4238,4236,"2021v4.0, 2021v4.2, 2021v4.1"
"/Return/ReturnData/IRS990ScheduleC/AvgTotalLobbyingExpendGrp/CurrentYearMinus2Amt",4229,4228,"2021v4.1, 2021v4.0, 2021v4.2"
"/Return/ReturnData/IRS990ScheduleD/WrittenPolicyMonitoringInd",4224,4223,"2021v4.2, 2021v4.0, 2021v4.1"
"/Return/ReturnData/IRS990EZ/Form720FiledInd",4200,4200,"2021v4.2, 2021v4.0, 2021v4.1"
"/Return/ReturnData/IRS990ScheduleC/AvgTotalLobbyingExpendGrp/CurrentYearMinus3Amt",4160,4159,"2021v4.1, 2021v4.0, 2021v4.2"
"/Return/ReturnData/IRS990/USAddress/AddressLine2Txt",4114,4114,"2021v4.0, 2021v4.2, 2021v4.1"
"/Return/ReturnData/IRS990ScheduleD/CollectionUsedPreservationInd",4052,4048,"2021v4.1, 2021v4.2, 2021v4.0"
"/Return/ReturnData/IRS990ScheduleR/IdDisregardedEntitiesGrp/DirectControllingNACd",4029,991,"2021v4.1, 2021v4.0, 2021v4.2"
"/Return/ReturnData/IRS990ScheduleG/TotalGrossReceiptsAmt",4017,4016,"2021v4.1, 2021v4.0, 2021v4.2"
"/Return/ReturnHeader/PreparerFirmGrp/PreparerUSAddress/AddressLine2Txt",3995,3994,"2021v4.1, 2021v4.0, 2021v4.2"
"/Return/ReturnData/IRS990ScheduleR/IdRelatedTaxExemptOrgGrp/LegalDomicileForeignCountryCd",3974,1679,"2021v4.2, 2021v4.0, 2021v4.1"
"/Return/ReturnData/IRS990ScheduleF/TotalOtherOrgCnt",3969,3969,"2021v4.1, 2021v4.2, 2021v4.0"
"/Return/ReturnData/IRS990ScheduleG/GamingInformationGrp/CashPrizesOtherGamingAmt",3959,3958,"2021v4.1, 2021v4.0, 2021v4.2"
"/Return/ReturnData/IRS990ScheduleA/ThirtyThrPctSuprtTestsPY170Ind",3949,3949,"2021v4.0, 2021v4.2, 2021v4.1"
"/Return/ReturnData/IRS990ScheduleK/TaxExemptBondsPrivateBusUseGrp/PrivateBusConcerningUBIPct",3945,1885,"2021v4.2, 2021v4.0, 2021v4.1"
"/Return/ReturnData/IRS990ScheduleC/TotLbbyExpendMnsLbbyngNonTxGrp/FilingOrganizationsTotalAmt",3944,3943,"2021v4.1, 2021v4.2, 2021v4.0"
"/Return/ReturnData/IRS990ScheduleA/MajorityDirTrstSupportedOrgInd",3884,3883,"2021v4.0, 2021v4.2, 2021v4.1"
"/Return/ReturnData/IRS990ScheduleC/TotLbbyngGrassrootMnsNonTxGrp/FilingOrganizationsTotalAmt",3882,3881,"2021v4.2, 2021v4.0, 2021v4.1"
"/Return/ReturnData/IRS990ScheduleG/FundraisingEventInformationGrp/CashPrizesOtherEventsAmt",3852,3852,"2021v4.0, 2021v4.2, 2021v4.1"
"/Return/ReturnData/IRS990/AcctCompileOrReviewBasisGrp/ConsolidatedBasisFinclStmtInd",3844,3844,"2021v4.2, 2021v4.0, 2021v4.1"
"/Return/ReturnData/IRS990ScheduleG/GamingManagerIsDirectorOfcrInd",3843,3843,"2021v4.2, 2021v4.0, 2021v4.1"
"/Return/ReturnData/IRS990ScheduleG/GamingInformationGrp/OtherDirectExpensesBingoAmt",3790,3789,"2021v4.1, 2021v4.0, 2021v4.2"
"/Return/ReturnData/IRS990ScheduleN/BondsOutstandingInd",3742,3742,"2021v4.2, 2021v4.0, 2021v4.1"
"/Return/ReturnData/IRS990ScheduleN/LiabilitiesPaidInd",3742,3742,"2021v4.2, 2021v4.0, 2021v4.1"
"/Return/ReturnData/IRS990ScheduleN/AssetsDistributedInd",3740,3740,"2021v4.2, 2021v4.0, 2021v4.1"
"/Return/ReturnData/IRS990ScheduleN/RequiredToNotifyAGInd",3739,3739,"2021v4.1, 2021v4.2, 2021v4.0"
"/Return/ReturnData/IRS990ScheduleG/SolicitationOfGovtGrantsInd",3731,3731,"2021v4.2, 2021v4.0, 2021v4.1"
"/Return/ReturnData/IRS990ScheduleH/HospitalFacilitiesGrp",3687,2328,"2021v4.2, 2021v4.0, 2021v4.1"
"/Return/ReturnData/IRS990ScheduleH/HospitalFacilitiesGrp/FacilityNum",3687,2328,"2021v4.1, 2021v4.2, 2021v4.0"
"/Return/ReturnData/IRS990ScheduleH/HospitalFacilitiesGrp/BusinessName",3686,2327,"2021v4.2, 2021v4.0, 2021v4.1"
"/Return/ReturnData/IRS990ScheduleH/HospitalFacilitiesGrp/BusinessName/BusinessNameLine1Txt",3686,2327,"2021v4.2, 2021v4.0, 2021v4.1"
"/Return/ReturnData/IRS990ScheduleH/HospitalFacilitiesGrp/USAddress",3679,2321,"2021v4.2, 2021v4.0, 2021v4.1"
"/Return/ReturnData/IRS990ScheduleH/HospitalFacilitiesGrp/USAddress/AddressLine1Txt",3679,2321,"2021v4.1, 2021v4.2, 2021v4.0"
"/Return/ReturnData/IRS990ScheduleH/HospitalFacilitiesGrp/USAddress/CityNm",3679,2321,"2021v4.1, 2021v4.2, 2021v4.0"
"/Return/ReturnData/IRS990ScheduleH/HospitalFacilitiesGrp/USAddress/StateAbbreviationCd",3679,2321,"2021v4.1, 2021v4.2, 2021v4.0"
"/Return/ReturnData/IRS990ScheduleH/HospitalFacilitiesGrp/USAddress/ZIPCd",3679,2321,"2021v4.2, 2021v4.0, 2021v4.1"
"/Return/ReturnData/IRS990ScheduleA/CommunityTrustInd",3653,3653,"2021v4.1, 2021v4.0, 2021v4.2"
"/Return/ReturnData/IRS990ScheduleN/LiquidationOfAssetsTableGrp/LiquidationOfAssetsDetail/BusinessName",3638,1524,"2021v4.0, 2021v4.2, 2021v4.1"
"/Return/ReturnData/IRS990ScheduleN/LiquidationOfAssetsTableGrp/LiquidationOfAssetsDetail/BusinessName/BusinessNameLine1Txt",3638,1524,"2021v4.1, 2021v4.0, 2021v4.2"
"/Return/ReturnData/IRS990ScheduleN/DirectorOfSuccessorInd",3628,3628,"2021v4.1, 2021v4.2, 2021v4.0"
"/Return/ReturnData/IRS990ScheduleN/EmployeeOfSuccessorInd",3627,3627,"2021v4.1, 2021v4.2, 2021v4.0"
"/Return/ReturnData/IRS990ScheduleN/OwnerOfSuccessorInd",3626,3626,"2021v4.2, 2021v4.0, 2021v4.1"
"/Return/ReturnData/IRS990ScheduleN/ReceiveCompensationInd",3626,3626,"2021v4.1, 2021v4.2, 2021v4.0"
"/Return/ReturnData/IRS990ScheduleN/LiquidationOfAssetsTableGrp",3622,3622,"2021v4.0, 2021v4.2, 2021v4.1"
"/Return/ReturnData/IRS990ScheduleA/SupportingOrgType2Ind",3614,3613,"2021v4.0, 2021v4.2, 2021v4.1"
"/Return/ReturnData/IRS990ScheduleA/SupportedOrgInformationGrp/SupportedOrganizationName/BusinessNameLine2Txt",3604,1972,"2021v4.1, 2021v4.0, 2021v4.2"
"/Return/ReturnData/IRS990ScheduleA/SupportingOrgType3FuncIntInd",3596,3596,"2021v4.2, 2021v4.0, 2021v4.1"
"/Return/ReturnData/IRS990ScheduleH/HospitalFacilitiesGrp/LicensedHospitalInd",3569,2283,"2021v4.2, 2021v4.0, 2021v4.1"
"/Return/ReturnData/IRS990ScheduleA/DistributionAllocationsGrp/CYDistribAppUnderdistriPYAmt",3568,3568,"2021v4.0, 2021v4.2, 2021v4.1"
"/Return/ReturnData/IRS990ScheduleA/DistributionAllocationsGrp/ExcessFromYear3Amt",3568,3568,"2021v4.1, 2021v4.0, 2021v4.2"
"/Return/ReturnData/IRS990ScheduleA/DistributionAllocationsGrp/CarryoverPYNotAppliedAmt",3568,3568,"2021v4.1, 2021v4.0, 2021v4.2"
"/Return/ReturnData/IRS990ScheduleA/DistributionAllocationsGrp/ExcessDistributionCyovYr1Amt",3568,3568,"2021v4.0, 2021v4.2, 2021v4.1"
"/Return/ReturnData/IRS990ScheduleA/DistributionAllocationsGrp/ExcessDistriCyovToNextYrAmt",3568,3568,"2021v4.0, 2021v4.2, 2021v4.1"
"/Return/ReturnData/IRS990ScheduleA/DistributionAllocationsGrp/RemainingUnderdistriPYAmt",3568,3568,"2021v4.1, 2021v4.0, 2021v4.2"
"/Return/ReturnData/IRS990ScheduleA/DistributionAllocationsGrp",3568,3568,"2021v4.1, 2021v4.0, 2021v4.2"
"/Return/ReturnData/IRS990ScheduleA/DistributionAllocationsGrp/CYDistributableAsAdjustedAmt",3568,3568,"2021v4.0, 2021v4.2, 2021v4.1"
"/Return/ReturnData/IRS990ScheduleA/DistributionAllocationsGrp/UnderdistributionsAmt",3568,3568,"2021v4.0, 2021v4.2, 2021v4.1"
"/Return/ReturnData/IRS990ScheduleA/DistributionAllocationsGrp/RemainingUnderdistriCYAmt",3568,3568,"2021v4.0, 2021v4.2, 2021v4.1"
"/Return/ReturnData/IRS990ScheduleA/DistributionAllocationsGrp/ExcessDistributionCyovAmt",3568,3568,"2021v4.0, 2021v4.2, 2021v4.1"
"/Return/ReturnData/IRS990ScheduleA/DistributionAllocationsGrp/ExcessFromYear2Amt",3568,3568,"2021v4.0, 2021v4.2, 2021v4.1"
"/Return/ReturnData/IRS990ScheduleA/DistributionAllocationsGrp/ExcessDistributionCyovYr3Amt",3568,3568,"2021v4.0, 2021v4.2, 2021v4.1"
"/Return/ReturnData/IRS990ScheduleA/DistributionAllocationsGrp/ExcessFromYear5Amt",3568,3568,"2021v4.1, 2021v4.0, 2021v4.2"
"/Return/ReturnData/IRS990ScheduleA/DistributionAllocationsGrp/CYTotalAnnualDistributionsAmt",3568,3568,"2021v4.1, 2021v4.0, 2021v4.2"
"/Return/ReturnData/IRS990ScheduleA/DistributionAllocationsGrp/TotalExcessDistributionCyovAmt",3568,3568,"2021v4.0, 2021v4.2, 2021v4.1"
"/Return/ReturnData/IRS990ScheduleA/DistributionAllocationsGrp/ExcessDistributionCyovYr2Amt",3568,3568,"2021v4.1, 2021v4.0, 2021v4.2"
"/Return/ReturnData/IRS990ScheduleA/DistributionAllocationsGrp/CyovAppliedUnderdistriPYAmt",3568,3568,"2021v4.1, 2021v4.0, 2021v4.2"
"/Return/ReturnData/IRS990ScheduleA/DistributionAllocationsGrp/ExcessDistributionCyovYr5Amt",3568,3568,"2021v4.0, 2021v4.2, 2021v4.1"
"/Return/ReturnData/IRS990ScheduleA/DistributionAllocationsGrp/ExcessFromYear4Amt",3568,3568,"2021v4.0, 2021v4.2, 2021v4.1"
"/Return/ReturnData/IRS990ScheduleA/DistributionAllocationsGrp/ExcessDistributionCyovYr4Amt",3568,3568,"2021v4.1, 2021v4.0, 2021v4.2"
"/Return/ReturnData/IRS990ScheduleA/DistributionAllocationsGrp/ExcessFromYear1Amt",3568,3568,"2021v4.1, 2021v4.0, 2021v4.2"
"/Return/ReturnData/IRS990ScheduleA/DistributionAllocationsGrp/ExcessDistributionAmt",3568,3568,"2021v4.0, 2021v4.2, 2021v4.1"
"/Return/ReturnData/IRS990ScheduleA/DistributionAllocationsGrp/CyovAppliedUnderdistrCPYAmt",3568,3568,"2021v4.0, 2021v4.2, 2021v4.1"
"/Return/ReturnData/IRS990EZ/OfficerDirectorTrusteeEmplGrp/BusinessName/BusinessNameLine1Txt",3562,1548,"2021v4.0, 2021v4.2, 2021v4.1"
"/Return/ReturnData/IRS990EZ/OfficerDirectorTrusteeEmplGrp/BusinessName",3562,1548,"2021v4.0, 2021v4.2, 2021v4.1"
"/Return/ReturnData/IRS990ScheduleA/DistributionsGrp/CYTotalAnnualDistributionsAmt",3545,3545,"2021v4.0, 2021v4.2, 2021v4.1"
"/Return/ReturnData/IRS990ScheduleA/DistributionsGrp/ExemptUseAssetsAcquisPaidAmt",3545,3545,"2021v4.1, 2021v4.0, 2021v4.2"
"/Return/ReturnData/IRS990ScheduleA/DistributionsGrp/CYDistriAttentiveSuprtOrgAmt",3545,3545,"2021v4.1, 2021v4.0, 2021v4.2"
"/Return/ReturnData/IRS990ScheduleA/DistributionsGrp/CYOtherDistributionsAmt",3545,3545,"2021v4.1, 2021v4.0, 2021v4.2"
"/Return/ReturnData/IRS990ScheduleA/DistributionsGrp/CYPdInExcessIncomeActivityAmt",3545,3545,"2021v4.1, 2021v4.0, 2021v4.2"
"/Return/ReturnData/IRS990ScheduleF/ForeignIndividualsGrantsGrp/ValuationMethodUsedDesc",3545,923,"2021v4.2, 2021v4.0, 2021v4.1"
"/Return/ReturnData/IRS990ScheduleA/DistributionsGrp/CYDistributableAsAdjustedAmt",3545,3545,"2021v4.1, 2021v4.0, 2021v4.2"
"/Return/ReturnData/IRS990ScheduleA/DistributionsGrp/CYAdministrativeExpensePaidAmt",3545,3545,"2021v4.1, 2021v4.0, 2021v4.2"
"/Return/ReturnData/IRS990ScheduleA/DistributionsGrp",3545,3545,"2021v4.0, 2021v4.2, 2021v4.1"
"/Return/ReturnData/IRS990ScheduleA/DistributionsGrp/QualifiedSetAsideAmt",3545,3545,"2021v4.0, 2021v4.2, 2021v4.1"
"/Return/ReturnData/IRS990ScheduleA/DistributionsGrp/CYDistributionYrRt",3545,3545,"2021v4.0, 2021v4.2, 2021v4.1"
"/Return/ReturnData/IRS990ScheduleA/DistributionsGrp/CYPaidAccomplishExemptPrpsAmt",3545,3545,"2021v4.1, 2021v4.0, 2021v4.2"
"/Return/ReturnData/IRS990ScheduleC/OtherActivitiesAmt",3512,3510,"2021v4.1, 2021v4.2, 2021v4.0"
"/Return/ReturnData/IRS990ScheduleC/TaxableAmt",3478,3478,"2021v4.0, 2021v4.2, 2021v4.1"
"/Return/ReturnData/IRS990ScheduleK/TaxExemptBondsProceedsGrp/CapitalizedInterestAmt",3385,1747,"2021v4.1, 2021v4.2, 2021v4.0"
"/Return/ReturnData/IRS990ScheduleG/GamingInformationGrp/CashPrizesBingoAmt",3361,3359,"2021v4.0, 2021v4.2, 2021v4.1"
"/Return/ReturnData/IRS990ScheduleG/GamingInformationGrp/RentFcltyCostsTotalGamingAmt",3345,3343,"2021v4.1, 2021v4.0, 2021v4.2"
"/Return/ReturnData/IRS990ScheduleR/IdRelatedTaxExemptOrgGrp/DisregardedEntityName/BusinessNameLine2Txt",3340,1914,"2021v4.0, 2021v4.2, 2021v4.1"
"/Return/ReturnData/IRS990/TotalJointCostsGrp",3286,3286,"2021v4.0, 2021v4.2, 2021v4.1"
"/Return/ReturnData/IRS990/TotalJointCostsGrp/TotalAmt",3274,3274,"2021v4.1, 2021v4.0, 2021v4.2"
"/Return/ReturnData/IRS990/InfoInScheduleOPartXInd",3221,3220,"2021v4.2, 2021v4.0, 2021v4.1"
"/Return/ReturnData/IRS990ScheduleH/HospitalFacilitiesGrp/WebsiteAddressTxt",3216,2000,"2021v4.1, 2021v4.2, 2021v4.0"
"/Return/ReturnData/IRS990ScheduleK/TaxExemptBondsProceedsGrp/UnspentAmt",3148,1697,"2021v4.1, 2021v4.2, 2021v4.0"
"/Return/ReturnData/IRS990ScheduleD/Section170hRqrStsfdInd",3129,3128,"2021v4.2, 2021v4.0, 2021v4.1"
"/Return/ReturnData/IRS990ScheduleR/IdRelatedTaxExemptOrgGrp/ForeignAddress",3121,1371,"2021v4.2, 2021v4.0, 2021v4.1"
"/Return/ReturnData/IRS990ScheduleR/IdRelatedTaxExemptOrgGrp/ForeignAddress/AddressLine1Txt",3121,1371,"2021v4.2, 2021v4.0, 2021v4.1"
"/Return/ReturnData/IRS990ScheduleR/IdRelatedTaxExemptOrgGrp/ForeignAddress/CountryCd",3121,1371,"2021v4.2, 2021v4.0, 2021v4.1"
"/Return/ReturnData/IRS990ScheduleH/HospitalFacilitiesGrp/StateLicenseNum",3117,1936,"2021v4.2, 2021v4.0, 2021v4.1"
"/Return/ReturnData/IRS990ScheduleC/Section527PoliticalOrgGrp/ContributionsRcvdDlvrAmt",3082,1322,"2021v4.2, 2021v4.0, 2021v4.1"
"/Return/ReturnData/IRS990/TotalJointCostsGrp/ProgramServicesAmt",3069,3069,"2021v4.1, 2021v4.0, 2021v4.2"
"/Return/ReturnData/IRS990ScheduleR/IdRelatedTaxExemptOrgGrp/DirectControllingEntityName/BusinessNameLine2Txt",3066,968,"2021v4.0, 2021v4.2, 2021v4.1"
"/Return/ReturnData/IRS990ScheduleH/HospitalFacilitiesGrp/EmergencyRoom24HrsInd",3055,2041,"2021v4.1, 2021v4.2, 2021v4.0"
"/Return/ReturnData/IRS990/TotalJointCostsGrp/FundraisingAmt",3033,3033,"2021v4.1, 2021v4.0, 2021v4.2"
"/Return/ReturnData/IRS990ScheduleD/LossesReportedAmt",3025,3025,"2021v4.1, 2021v4.0, 2021v4.2"
"/Return/ReturnData/IRS990ScheduleC/TotalGrassrootsLobbyingGrp/FilingOrganizationsTotalAmt",3023,3022,"2021v4.2, 2021v4.0, 2021v4.1"
"/Return/ReturnData/IRS990ScheduleC/PoliticalExpendituresAmt",3006,3006,"2021v4.1, 2021v4.0, 2021v4.2"
"/Return/ReturnData/IRS990ScheduleH/HospitalFacilitiesGrp/GeneralMedicalAndSurgicalInd",2990,1951,"2021v4.2, 2021v4.0, 2021v4.1"
"/Return/ReturnData/IRS990ScheduleJ/HousingAllowanceOrResidenceInd",2987,2985,"2021v4.2, 2021v4.0, 2021v4.1"
"/Return/ReturnData/IRS990ScheduleJ/ClubDuesOrFeesInd",2987,2985,"2021v4.1, 2021v4.2, 2021v4.0"
"/Return/ReturnData/IRS990/TotalJointCostsGrp/ManagementAndGeneralAmt",2973,2973,"2021v4.0, 2021v4.2, 2021v4.1"
"/Return/ReturnData/CompensationExplanation",2962,2798,"2021v4.1, 2021v4.2, 2021v4.0"
"/Return/ReturnData/IRS990ScheduleD/PriorYearAdjustmentsAmt",2949,2949,"2021v4.1, 2021v4.0, 2021v4.2"
"/Return/ReturnData/IRS990ScheduleG/GamingInformationGrp/VolunteerLaborOtherGamingPct",2939,2939,"2021v4.0, 2021v4.2, 2021v4.1"
"/Return/ReturnData/IRS990ScheduleK/TaxExemptBondsProceedsGrp/RefundingEscrowAmt",2928,1452,"2021v4.1, 2021v4.2, 2021v4.0"
"/Return/ReturnData/IRS990ScheduleC/AvgGrassrootsLobbyingExpendGrp",2920,2919,"2021v4.1, 2021v4.2, 2021v4.0"
"/Return/ReturnData/IRS990ScheduleG/DistributedAmt",2875,2873,"2021v4.0, 2021v4.2, 2021v4.1"
"/Return/ReturnData/IRS990ScheduleR/IdRelatedTaxExemptOrgGrp/ForeignAddress/CityNm",2870,1287,"2021v4.2, 2021v4.0, 2021v4.1"
"/Return/ReturnData/IRS990ScheduleM/CarsAndOtherVehiclesGrp",2829,2827,"2021v4.2, 2021v4.0, 2021v4.1"
"/Return/ReturnData/IRS990ScheduleM/DrugsAndMedicalSuppliesGrp",2829,2827,"2021v4.1, 2021v4.2, 2021v4.0"
"/Return/ReturnData/IRS990ScheduleL/LoansBtwnOrgInterestedPrsnGrp/BusinessName",2825,1533,"2021v4.2, 2021v4.0, 2021v4.1"
"/Return/ReturnData/IRS990ScheduleL/LoansBtwnOrgInterestedPrsnGrp/BusinessName/BusinessNameLine1Txt",2825,1533,"2021v4.1, 2021v4.2, 2021v4.0"
"/Return/ReturnData/IRS990ScheduleD/RecoveriesPriorYearGrantsAmt",2823,2823,"2021v4.0, 2021v4.2, 2021v4.1"
"/Return/ReturnData/IRS990ScheduleC/AvgGrassrootsLobbyingExpendGrp/TotalAmt",2807,2806,"2021v4.1, 2021v4.2, 2021v4.0"
"/Return/ReturnData/IRS990EZ/AmendedReturnInd",2802,2801,"2021v4.0, 2021v4.2, 2021v4.1"
"/Return/ReturnData/IRS990ScheduleA/PrivateFoundation509Ind",2787,2787,"2021v4.1, 2021v4.0, 2021v4.2"
"/Return/ReturnData/IRS990/OrgFiledInLieuOfForm1041Ind",2756,2756,"2021v4.1, 2021v4.2, 2021v4.0"
"/Return/ReturnData/IRS990ScheduleA/PrivateFoundation170Ind",2745,2745,"2021v4.1, 2021v4.0, 2021v4.2"
"/Return/ReturnData/IRS990ScheduleH/HospitalFcltyPoliciesPrctcGrp/EligCriteriaExplainedInd",2737,2326,"2021v4.2, 2021v4.0, 2021v4.1"
"/Return/ReturnData/IRS990ScheduleH/HospitalFcltyPoliciesPrctcGrp/ExplainedBasisInd",2737,2326,"2021v4.1, 2021v4.2, 2021v4.0"
"/Return/ReturnData/IRS990ScheduleH/HospitalFcltyPoliciesPrctcGrp/FAPActionsOnNonpaymentInd",2737,2326,"2021v4.2, 2021v4.0, 2021v4.1"
"/Return/ReturnData/IRS990ScheduleH/HospitalFcltyPoliciesPrctcGrp/IncludesPublicityMeasuresInd",2737,2326,"2021v4.2, 2021v4.0, 2021v4.1"
"/Return/ReturnData/IRS990ScheduleH/HospitalFcltyPoliciesPrctcGrp/TaxExemptHospitalCYOrPYInd",2737,2326,"2021v4.2, 2021v4.0, 2021v4.1"
"/Return/ReturnData/IRS990ScheduleH/HospitalFcltyPoliciesPrctcGrp/FirstLicensedCYOrPYInd",2737,2326,"2021v4.2, 2021v4.0, 2021v4.1"
"/Return/ReturnData/IRS990ScheduleH/HospitalFcltyPoliciesPrctcGrp/GrossChargesInd",2737,2326,"2021v4.1, 2021v4.2, 2021v4.0"
"/Return/ReturnData/IRS990ScheduleH/HospitalFcltyPoliciesPrctcGrp/AmountsGenerallyBilledInd",2737,2326,"2021v4.2, 2021v4.0, 2021v4.1"
"/Return/ReturnData/IRS990ScheduleH/HospitalFcltyPoliciesPrctcGrp/AppFinancialAsstExplnInd",2737,2326,"2021v4.2, 2021v4.0, 2021v4.1"
"/Return/ReturnData/IRS990ScheduleH/HospitalFcltyPoliciesPrctcGrp/NondisEmergencyCarePolicyInd",2737,2326,"2021v4.1, 2021v4.2, 2021v4.0"
"/Return/ReturnData/IRS990ScheduleH/HospitalFcltyPoliciesPrctcGrp",2737,2326,"2021v4.2, 2021v4.0, 2021v4.1"
"/Return/ReturnData/IRS990ScheduleH/HospitalFcltyPoliciesPrctcGrp/CollectionActivitiesInd",2737,2326,"2021v4.1, 2021v4.2, 2021v4.0"
"/Return/ReturnData/IRS990ScheduleH/HospitalFcltyPoliciesPrctcGrp/CHNAConductedInd",2737,2326,"2021v4.2, 2021v4.0, 2021v4.1"
"/Return/ReturnData/IRS990ScheduleH/HospitalFcltyPoliciesPrctcGrp/OrganizationIncurExciseTaxInd",2736,2325,"2021v4.1, 2021v4.2, 2021v4.0"
"/Return/ReturnData/IRS990ScheduleC/DirectContactLegislatorsAmt",2716,2716,"2021v4.1, 2021v4.2, 2021v4.0"
"/Return/ReturnData/IRS990ScheduleH/HospitalFcltyPoliciesPrctcGrp/HospitalFacilityName/BusinessNameLine1Txt",2715,2306,"2021v4.1, 2021v4.2, 2021v4.0"
"/Return/ReturnData/IRS990ScheduleH/HospitalFcltyPoliciesPrctcGrp/HospitalFacilityName",2715,2306,"2021v4.2, 2021v4.0, 2021v4.1"
"/Return/ReturnData/IRS990ScheduleH/HospitalFcltyPoliciesPrctcGrp/FAPAvlblOnRequestNoChargeInd",2688,2283,"2021v4.2, 2021v4.0, 2021v4.1"
"/Return/ReturnData/IRS990ScheduleK/TaxExemptBondsPrivateBusUseGrp/EngageBondCounselContractsInd",2682,1134,"2021v4.1, 2021v4.2, 2021v4.0"
"/Return/ReturnData/IRS990ScheduleH/HospitalFcltyPoliciesPrctcGrp/FPGFamilyIncmLmtFreeDscntInd",2681,2280,"2021v4.2, 2021v4.0, 2021v4.1"
"/Return/ReturnData/IRS990ScheduleH/HospitalFcltyPoliciesPrctcGrp/DescribedInfoInd",2680,2276,"2021v4.2, 2021v4.0, 2021v4.1"
"/Return/ReturnData/IRS990EZ/LoansToFromOfficersAmt",2668,2668,"2021v4.2, 2021v4.0, 2021v4.1"
"/Return/ReturnData/IRS990ScheduleH/HospitalFcltyPoliciesPrctcGrp/FAPAppAvlblOnRequestNoChrgInd",2666,2262,"2021v4.1, 2021v4.2, 2021v4.0"
"/Return/ReturnData/IRS990ScheduleH/HospitalFcltyPoliciesPrctcGrp/FPGFamilyIncmLmtFreeCarePct",2665,2261,"2021v4.2, 2021v4.0, 2021v4.1"
"/Return/ReturnData/IRS990ScheduleH/HospitalFcltyPoliciesPrctcGrp/DescribedSuprtDocInd",2665,2263,"2021v4.2, 2021v4.0, 2021v4.1"
"/Return/ReturnData/IRS990ScheduleH/HospitalFcltyPoliciesPrctcGrp/FAPAvailableOnWebsiteInd",2663,2262,"2021v4.1, 2021v4.2, 2021v4.0"
"/Return/ReturnData/IRS990ScheduleH/HospitalFcltyPoliciesPrctcGrp/TakeIntoAccountOthersInputInd",2661,2270,"2021v4.1, 2021v4.2, 2021v4.0"
"/Return/ReturnData/IRS990ScheduleH/HospitalFcltyPoliciesPrctcGrp/FAPAvailableOnWebsiteURLTxt",2661,2260,"2021v4.1, 2021v4.2, 2021v4.0"
"/Return/ReturnData/IRS990ScheduleH/HospitalFcltyPoliciesPrctcGrp/ImplementationStrategyAdoptInd",2661,2270,"2021v4.2, 2021v4.0, 2021v4.1"
"/Return/ReturnData/IRS990ScheduleH/HospitalFcltyPoliciesPrctcGrp/CHNAReportWidelyAvailableInd",2661,2270,"2021v4.2, 2021v4.0, 2021v4.1"
"/Return/ReturnData/IRS990ScheduleH/HospitalFcltyPoliciesPrctcGrp/CHNAConductedWithOtherFcltsInd",2661,2270,"2021v4.2, 2021v4.0, 2021v4.1"
"/Return/ReturnData/IRS990ScheduleM/WorksOfArtGrp",2658,2655,"2021v4.2, 2021v4.0, 2021v4.1"
"/Return/ReturnData/IRS990ScheduleH/HospitalFcltyPoliciesPrctcGrp/CHNAConductedWithNonFcltsInd",2658,2267,"2021v4.1, 2021v4.2, 2021v4.0"
"/Return/ReturnData/IRS990ScheduleH/HospitalFcltyPoliciesPrctcGrp/CHNAConductedYr",2656,2265,"2021v4.2, 2021v4.0, 2021v4.1"
"/Return/ReturnData/IRS990ScheduleH/HospitalFcltyPoliciesPrctcGrp/CommunityDefinitionInd",2655,2264,"2021v4.1, 2021v4.2, 2021v4.0"
"/Return/ReturnData/IRS990ScheduleH/HospitalFcltyPoliciesPrctcGrp/HowDataObtainedInd",2653,2262,"2021v4.1, 2021v4.2, 2021v4.0"
"/Return/ReturnData/IRS990ScheduleH/HospitalFcltyPoliciesPrctcGrp/ProvidedHospitalContactInd",2651,2250,"2021v4.1, 2021v4.2, 2021v4.0"
"/Return/ReturnData/IRS990ScheduleH/HospitalFcltyPoliciesPrctcGrp/CommunityHlthNeedsIdProcessInd",2650,2259,"2021v4.1, 2021v4.2, 2021v4.0"
"/Return/ReturnData/IRS990ScheduleG/GamingManagerCompensationAmt",2649,2647,"2021v4.0, 2021v4.2, 2021v4.1"
"/Return/ReturnData/IRS990ScheduleH/HospitalFcltyPoliciesPrctcGrp/CommunityDemographicsInd",2649,2260,"2021v4.1, 2021v4.2, 2021v4.0"
"/Return/ReturnData/IRS990ScheduleH/HospitalFcltyPoliciesPrctcGrp/StrategyPostedWebsiteInd",2642,2255,"2021v4.1, 2021v4.2, 2021v4.0"
"/Return/ReturnData/IRS990ScheduleH/HospitalFcltyPoliciesPrctcGrp/FAPSumAvlblOnRequestNoChrgInd",2639,2237,"2021v4.1, 2021v4.2, 2021v4.0"
"/Return/ReturnData/IRS990ScheduleH/HospitalFcltyPoliciesPrctcGrp/ImplementationStrategyAdptYr",2638,2251,"2021v4.1, 2021v4.2, 2021v4.0"
"/Return/ReturnData/IRS990ScheduleH/HospitalFcltyPoliciesPrctcGrp/CommunityHealthNeedsInd",2638,2249,"2021v4.2, 2021v4.0, 2021v4.1"
"/Return/ReturnData/IRS990ScheduleH/HospitalFcltyPoliciesPrctcGrp/ConsultingProcessInd",2637,2248,"2021v4.2, 2021v4.0, 2021v4.1"
"/Return/ReturnData/IRS990ScheduleH/HospitalFcltyPoliciesPrctcGrp/FAPAppAvailableOnWebsiteInd",2634,2234,"2021v4.2, 2021v4.0, 2021v4.1"
"/Return/ReturnData/IRS990ScheduleA/Form990SchAType3FuncIntGrp/ActivitiesFurtherExemptPrpsInd",2633,2633,"2021v4.1, 2021v4.0, 2021v4.2"
"/Return/ReturnData/IRS990ScheduleA/Form990SchAType3FuncIntGrp/ActivitiesEngagedOrgInvlmntInd",2632,2632,"2021v4.1, 2021v4.0, 2021v4.2"
"/Return/ReturnData/IRS990ScheduleH/HospitalFcltyPoliciesPrctcGrp/FAPAppAvailableOnWebsiteURLTxt",2630,2230,"2021v4.1, 2021v4.2, 2021v4.0"
"/Return/ReturnData/IRS990ScheduleH/HospitalFcltyPoliciesPrctcGrp/FAPSummaryOnWebsiteInd",2618,2219,"2021v4.1, 2021v4.2, 2021v4.0"
"/Return/ReturnData/IRS990ScheduleH/HospitalFcltyPoliciesPrctcGrp/OtherHealthIssuesInd",2616,2229,"2021v4.2, 2021v4.0, 2021v4.1"
"/Return/ReturnData/IRS990ScheduleH/HospitalFcltyPoliciesPrctcGrp/FAPSummaryOnWebsiteURLTxt",2615,2216,"2021v4.1, 2021v4.2, 2021v4.0"
"/Return/ReturnData/IRS990ScheduleH/HospitalFcltyPoliciesPrctcGrp/NotifiedFAPCopyBillDisplayInd",2612,2213,"2021v4.2, 2021v4.0, 2021v4.1"
"/Return/ReturnData/IRS990ScheduleH/HospitalFcltyPoliciesPrctcGrp/ExistingResourcesInd",2609,2220,"2021v4.2, 2021v4.0, 2021v4.1"
"/Return/ReturnData/IRS990ScheduleK/TaxExemptBondsProceedsGrp/WorkingCapitalExpendituresAmt",2601,1214,"2021v4.2, 2021v4.0, 2021v4.1"
"/Return/ReturnData/IRS990/MembersAndShrGrossIncomeAmt",2596,2596,"2021v4.2, 2021v4.0, 2021v4.1"
"/Return/ReturnData/IRS990/NameChangeInd",2591,2591,"2021v4.1, 2021v4.2, 2021v4.0"
"/Return/ReturnData/IRS990ScheduleN/AttorneyGeneralNotifiedInd",2591,2591,"2021v4.1, 2021v4.2, 2021v4.0"
"/Return/ReturnData/IRS990ScheduleH/HospitalFcltyPoliciesPrctcGrp/OwnWebsiteURLTxt",2572,2206,"2021v4.2, 2021v4.0, 2021v4.1"
"/Return/ReturnData/IRS990ScheduleA/Form990SchAType3FuncIntGrp/ActivitiesTestInd",2571,2571,"2021v4.0, 2021v4.2, 2021v4.1"
"/Return/ReturnData/IRS990ScheduleF/ForeignIndividualsGrantsGrp/DescriptionOfNonCashAsstTxt",2569,629,"2021v4.2, 2021v4.0, 2021v4.1"
"/Return/ReturnData/IRS990ScheduleH/HospitalFcltyPoliciesPrctcGrp/RptAvailableOnOwnWebsiteInd",2568,2205,"2021v4.1, 2021v4.2, 2021v4.0"
"/Return/ReturnData/IRS990ScheduleH/HospitalFcltyPoliciesPrctcGrp/PermitNoActionsInd",2544,2150,"2021v4.2, 2021v4.0, 2021v4.1"
"/Return/ReturnData/IRS990ScheduleK/TaxExemptBondsProceedsGrp/CreditEnhancementAmt",2541,1164,"2021v4.1, 2021v4.2, 2021v4.0"
"/Return/ReturnData/IRS990ScheduleD/CollUsedScholarlyRsrchInd",2540,2536,"2021v4.1, 2021v4.2, 2021v4.0"
"/Return/ReturnData/IRS990ScheduleF/ForeignIndividualsGrantsGrp/NonCashAssistanceAmt",2537,666,"2021v4.1, 2021v4.2, 2021v4.0"
"/Return/ReturnData/IRS990ScheduleH/HospitalFcltyPoliciesPrctcGrp/FPGFamilyIncmLmtDscntCarePct",2536,2144,"2021v4.1, 2021v4.2, 2021v4.0"
"/Return/ReturnData/AffiliateListing/AffiliateListingGrp/USAddress/ZIPCd",2516,160,"2021v4.0, 2021v4.2, 2021v4.1"
"/Return/ReturnData/AffiliateListing/AffiliateListingGrp/USAddress/AddressLine1Txt",2516,160,"2021v4.1, 2021v4.0, 2021v4.2"
"/Return/ReturnData/AffiliateListing/AffiliateListingGrp/USAddress/CityNm",2516,160,"2021v4.1, 2021v4.0, 2021v4.2"
"/Return/ReturnData/AffiliateListing/AffiliateListingGrp",2516,160,"2021v4.0, 2021v4.2, 2021v4.1"
"/Return/ReturnData/AffiliateListing/AffiliateListingGrp/BusinessNameControlTxt",2516,160,"2021v4.0, 2021v4.2, 2021v4.1"
"/Return/ReturnData/AffiliateListing/AffiliateListingGrp/BusinessName",2516,160,"2021v4.0, 2021v4.2, 2021v4.1"
"/Return/ReturnData/AffiliateListing/AffiliateListingGrp/EIN",2516,160,"2021v4.0, 2021v4.2, 2021v4.1"
"/Return/ReturnData/AffiliateListing/AffiliateListingGrp/USAddress",2516,160,"2021v4.1, 2021v4.0, 2021v4.2"
"/Return/ReturnData/AffiliateListing/AffiliateListingGrp/BusinessName/BusinessNameLine1Txt",2516,160,"2021v4.1, 2021v4.0, 2021v4.2"
"/Return/ReturnData/AffiliateListing/AffiliateListingGrp/USAddress/StateAbbreviationCd",2516,160,"2021v4.1, 2021v4.0, 2021v4.2"
"/Return/ReturnData/IRS990ScheduleH/HospitalFcltyPoliciesPrctcGrp/MadeEffortOrallyNotifyInd",2504,2118,"2021v4.2, 2021v4.0, 2021v4.1"
"/Return/ReturnData/IRS990ScheduleH/HospitalFcltyPoliciesPrctcGrp/StrategyWebsiteURLTxt",2503,2158,"2021v4.1, 2021v4.2, 2021v4.0"
"/Return/ReturnData/IRS990ScheduleA/FactsAndCircumstancesTestTxt",2496,2496,"2021v4.0, 2021v4.2, 2021v4.1"
"/Return/ReturnData/IRS990ScheduleK/TaxExemptBondsProceedsGrp/BondDefeasedAmt",2484,1132,"2021v4.2, 2021v4.0, 2021v4.1"
"/Return/ReturnData/IRS990/InfoInScheduleOPartVIIIInd",2483,2483,"2021v4.1, 2021v4.2, 2021v4.0"
"/Return/ReturnData/IRS990ScheduleH/HospitalFcltyPoliciesPrctcGrp/ProcessedFAPApplicationInd",2471,2090,"2021v4.2, 2021v4.0, 2021v4.1"
"/Return/ReturnData/IRS990/OtherSourcesGrossIncomeAmt",2468,2468,"2021v4.2, 2021v4.0, 2021v4.1"
"/Return/ReturnData/IRS990/Form720FiledInd",2455,2455,"2021v4.1, 2021v4.2, 2021v4.0"
"/Return/ReturnData/IRS990ScheduleH/HospitalFcltyPoliciesPrctcGrp/PaperCopyPublicInspectionInd",2450,2083,"2021v4.1, 2021v4.2, 2021v4.0"
"/Return/ReturnData/IRS990ScheduleA/SupportingOrgType3NonFuncInd",2449,2449,"2021v4.0, 2021v4.2, 2021v4.1"
"/Return/ReturnData/IRS990ScheduleD/CloselyHeldEquityInterestsGrp",2447,2446,"2021v4.1, 2021v4.2, 2021v4.0"
"/Return/ReturnData/IRS990ScheduleN/DispositionOfAssetsDetail",2437,1215,"2021v4.2, 2021v4.0, 2021v4.1"
"/Return/ReturnData/IRS990ScheduleM/BooksAndPublicationsGrp",2436,2434,"2021v4.1, 2021v4.2, 2021v4.0"
"/Return/ReturnData/IRS990ScheduleN/DispositionOfAssetsDetail/AssetsDistriOrExpnssPaidDesc",2431,1211,"2021v4.1, 2021v4.2, 2021v4.0"
"/Return/ReturnData/IRS990ScheduleL/DisqualifiedPersonExBnftTrGrp",2429,492,"2021v4.2, 2021v4.0, 2021v4.1"
"/Return/ReturnData/IRS990ScheduleL/DisqualifiedPersonExBnftTrGrp/TransactionCorrectedInd",2426,489,"2021v4.2, 2021v4.0, 2021v4.1"
"/Return/ReturnData/IRS990ScheduleH/HospitalFcltyPoliciesPrctcGrp/PriorCHNAImpactInd",2416,2043,"2021v4.2, 2021v4.0, 2021v4.1"
"/Return/ReturnData/IRS990/ContractTerminationInd",2408,2408,"2021v4.1, 2021v4.2, 2021v4.0"
"/Return/ReturnData/IRS990EZ/FinalReturnInd",2395,2395,"2021v4.0, 2021v4.2, 2021v4.1"
"/Return/ReturnData/IRS990ScheduleC/AvgGrassrootsLobbyingExpendGrp/CurrentYearAmt",2385,2384,"2021v4.1, 2021v4.2, 2021v4.0"
"/Return/ReturnData/IRS990ScheduleK/TaxExemptBondsArbitrageGrp/HedgeProviderName",2383,1319,"2021v4.2, 2021v4.0, 2021v4.1"
"/Return/ReturnData/IRS990ScheduleK/TaxExemptBondsArbitrageGrp/HedgeProviderName/BusinessNameLine1Txt",2383,1319,"2021v4.1, 2021v4.2, 2021v4.0"
"/Return/ReturnData/IRS990ScheduleN/DispositionOfAssetsDetail/DistributionDt",2382,1174,"2021v4.2, 2021v4.0, 2021v4.1"
"/Return/ReturnData/IRS990ScheduleH/HospitalFcltyPoliciesPrctcGrp/CommuntityNotifiedFAPInd",2380,2020,"2021v4.1, 2021v4.2, 2021v4.0"
"/Return/ReturnData/IRS990ScheduleG/GamingInformationGrp/NonCashPrizesTotalGamingAmt",2367,2367,"2021v4.0, 2021v4.2, 2021v4.1"
"/Return/ReturnData/IRS990ScheduleL/GrntAsstBnftInterestedPrsnGrp",2355,1233,"2021v4.1, 2021v4.2, 2021v4.0"
"/Return/ReturnData/IRS990ScheduleG/FundraiserActivityInfoGrp/PersonNm",2344,1683,"2021v4.2, 2021v4.0, 2021v4.1"
"/Return/ReturnData/IRS990ScheduleH",2330,2328,"2021v4.1, 2021v4.2, 2021v4.0"
"/Return/ReturnData/IRS990/AuditedFinancialStmtAttInd",2330,2328,"2021v4.2, 2021v4.0, 2021v4.1"
"/Return/ReturnData/IRS990ScheduleH/HospitalFacilitiesCnt",2330,2328,"2021v4.2, 2021v4.0, 2021v4.1"
"/Return/ReturnData/IRS990ScheduleH/AnnualCommunityBnftReportInd",2329,2327,"2021v4.1, 2021v4.2, 2021v4.0"
"/Return/ReturnData/IRS990ScheduleH/FinancialAssistancePolicyInd",2329,2327,"2021v4.2, 2021v4.0, 2021v4.1"
"/Return/ReturnData/IRS990/JointCostsInd",2324,2324,"2021v4.1, 2021v4.2, 2021v4.0"
"/Return/ReturnData/IRS990ScheduleH/WrittenDebtCollectionPolicyInd",2320,2318,"2021v4.1, 2021v4.2, 2021v4.0"
"/Return/ReturnData/IRS990ScheduleC/NonDedLbbyngPltclCyovAmt",2319,2319,"2021v4.1, 2021v4.0, 2021v4.2"
"/Return/ReturnData/IRS990ScheduleH/FreeCareMedicallyIndigentInd",2316,2314,"2021v4.1, 2021v4.2, 2021v4.0"
"/Return/ReturnData/IRS990ScheduleH/FinancialAssistanceBudgetInd",2316,2314,"2021v4.1, 2021v4.2, 2021v4.0"
"/Return/ReturnData/IRS990ScheduleH/WrittenPolicyInd",2315,2313,"2021v4.2, 2021v4.0, 2021v4.1"
"/Return/ReturnData/IRS990ScheduleH/FPGReferenceFreeCareInd",2314,2312,"2021v4.1, 2021v4.2, 2021v4.0"
"/Return/ReturnData/IRS990ScheduleH/FPGReferenceDiscountedCareInd",2311,2309,"2021v4.1, 2021v4.2, 2021v4.0"
"/Return/ReturnData/IRS990ScheduleH/TotalCommunityBenefitsGrp",2304,2302,"2021v4.2, 2021v4.0, 2021v4.1"
"/Return/ReturnData/IRS990ScheduleH/TotalCommunityBenefitsGrp/NetCommunityBenefitExpnsAmt",2301,2299,"2021v4.1, 2021v4.2, 2021v4.0"
"/Return/ReturnData/IRS990ScheduleH/TotalCommunityBenefitsGrp/TotalCommunityBenefitExpnsAmt",2301,2299,"2021v4.1, 2021v4.2, 2021v4.0"
"/Return/ReturnData/IRS990ScheduleH/BadDebtExpenseReportedInd",2300,2298,"2021v4.1, 2021v4.2, 2021v4.0"
"/Return/ReturnData/AffiliatedGroupSchedule/AffiliatedScheduleGrp/TotalExemptPurposeExpendAmt",2299,216,"2021v4.2, 2021v4.0, 2021v4.1"
"/Return/ReturnData/AffiliatedGroupSchedule/AffiliatedScheduleGrp",2299,216,"2021v4.2, 2021v4.0, 2021v4.1"
"/Return/ReturnData/AffiliatedGroupSchedule/AffiliatedScheduleGrp/USAddress/StateAbbreviationCd",2299,216,"2021v4.2, 2021v4.0, 2021v4.1"
"/Return/ReturnData/AffiliatedGroupSchedule/AffiliatedScheduleGrp/USAddress/ZIPCd",2299,216,"2021v4.2, 2021v4.0, 2021v4.1"
"/Return/ReturnData/AffiliatedGroupSchedule/AffiliatedScheduleGrp/ShareExcessLobbyExpendAmt",2299,216,"2021v4.1, 2021v4.2, 2021v4.0"
"/Return/ReturnData/AffiliatedGroupSchedule/AffiliatedScheduleGrp/USAddress/AddressLine1Txt",2299,216,"2021v4.2, 2021v4.0, 2021v4.1"
"/Return/ReturnData/AffiliatedGroupSchedule/AffiliatedScheduleGrp/EIN",2299,216,"2021v4.1, 2021v4.2, 2021v4.0"
"/Return/ReturnData/AffiliatedGroupSchedule/AffiliatedScheduleGrp/TotalLobbyExpenditureAmt",2299,216,"2021v4.2, 2021v4.0, 2021v4.1"
"/Return/ReturnData/AffiliatedGroupSchedule/AffiliatedScheduleGrp/USAddress",2299,216,"2021v4.2, 2021v4.0, 2021v4.1"
"/Return/ReturnData/AffiliatedGroupSchedule/AffiliatedScheduleGrp/OtherExemptPurposeExpendAmt",2299,216,"2021v4.1, 2021v4.2, 2021v4.0"
"/Return/ReturnData/AffiliatedGroupSchedule/AffiliatedScheduleGrp/LobbyNontxAmt",2299,216,"2021v4.2, 2021v4.0, 2021v4.1"
"/Return/ReturnData/AffiliatedGroupSchedule/AffiliatedScheduleGrp/TotLbbyExpendMnsLobbyNontxAmt",2299,216,"2021v4.1, 2021v4.2, 2021v4.0"
"/Return/ReturnData/AffiliatedGroupSchedule/AffiliatedScheduleGrp/TotalLobbyGrssrootMnsNontxAmt",2299,216,"2021v4.2, 2021v4.0, 2021v4.1"
"/Return/ReturnData/AffiliatedGroupSchedule/AffiliatedScheduleGrp/TotalGrassrootsLobbyAmt",2299,216,"2021v4.2, 2021v4.0, 2021v4.1"
"/Return/ReturnData/AffiliatedGroupSchedule/AffiliatedScheduleGrp/BusinessName/BusinessNameLine1Txt",2299,216,"2021v4.1, 2021v4.2, 2021v4.0"
"/Return/ReturnData/AffiliatedGroupSchedule/AffiliatedScheduleGrp/GrassrootsNontxAmt",2299,216,"2021v4.1, 2021v4.2, 2021v4.0"
"/Return/ReturnData/AffiliatedGroupSchedule/AffiliatedScheduleGrp/TotalDirectLobbyAmt",2299,216,"2021v4.1, 2021v4.2, 2021v4.0"
"/Return/ReturnData/AffiliatedGroupSchedule/AffiliatedScheduleGrp/USAddress/CityNm",2299,216,"2021v4.2, 2021v4.0, 2021v4.1"
"/Return/ReturnData/AffiliatedGroupSchedule/AffiliatedScheduleGrp/BusinessName",2299,216,"2021v4.1, 2021v4.2, 2021v4.0"
"/Return/ReturnData/IRS990ScheduleH/TotalFinancialAssistanceTyp",2298,2296,"2021v4.2, 2021v4.0, 2021v4.1"
"/Return/ReturnData/IRS990ScheduleH/TotalCommunityBenefitsGrp/TotalExpensePct",2297,2295,"2021v4.2, 2021v4.0, 2021v4.1"
"/Return/ReturnData/IRS990ScheduleH/TotalFinancialAssistanceTyp/TotalCommunityBenefitExpnsAmt",2295,2293,"2021v4.1, 2021v4.2, 2021v4.0"
"/Return/ReturnData/IRS990ScheduleH/TotalFinancialAssistanceTyp/NetCommunityBenefitExpnsAmt",2291,2289,"2021v4.2, 2021v4.0, 2021v4.1"
"/Return/ReturnData/IRS990ScheduleH/TotalFinancialAssistanceTyp/TotalExpensePct",2289,2287,"2021v4.2, 2021v4.0, 2021v4.1"
"/Return/ReturnData/IRS990ScheduleA/AdjustedNetIncomeGrp/NetSTCapitalGainAdjNetIncmGrp",2288,2288,"2021v4.1, 2021v4.0, 2021v4.2"
"/Return/ReturnData/IRS990ScheduleA/AdjustedNetIncomeGrp",2288,2288,"2021v4.1, 2021v4.0, 2021v4.2"
"/Return/ReturnData/IRS990ScheduleA/AdjustedNetIncomeGrp/OtherExpensesGrp/PriorYearAmt",2288,2288,"2021v4.1, 2021v4.0, 2021v4.2"
"/Return/ReturnData/IRS990ScheduleA/AdjustedNetIncomeGrp/ProductionIncomeGrp/PriorYearAmt",2288,2288,"2021v4.0, 2021v4.2, 2021v4.1"
"/Return/ReturnData/IRS990ScheduleA/AdjustedNetIncomeGrp/DepreciationDepletionGrp/PriorYearAmt",2288,2288,"2021v4.0, 2021v4.2, 2021v4.1"
"/Return/ReturnData/IRS990ScheduleH/HospitalFcltyPoliciesPrctcGrp/FacilityNum",2288,1964,"2021v4.2, 2021v4.0, 2021v4.1"
"/Return/ReturnData/IRS990ScheduleA/AdjustedNetIncomeGrp/OtherGrossIncomeGrp/PriorYearAmt",2288,2288,"2021v4.1, 2021v4.0, 2021v4.2"
"/Return/ReturnData/IRS990ScheduleA/AdjustedNetIncomeGrp/TotalAdjustedNetIncomeGrp",2288,2288,"2021v4.1, 2021v4.0, 2021v4.2"
"/Return/ReturnData/IRS990ScheduleA/AdjustedNetIncomeGrp/TotalAdjustedNetIncomeGrp/PriorYearAmt",2288,2288,"2021v4.0, 2021v4.2, 2021v4.1"
"/Return/ReturnData/IRS990ScheduleA/AdjustedNetIncomeGrp/RecoveriesPYDistributionsGrp",2288,2288,"2021v4.0, 2021v4.2, 2021v4.1"
"/Return/ReturnData/IRS990ScheduleA/AdjustedNetIncomeGrp/OtherExpensesGrp",2288,2288,"2021v4.1, 2021v4.0, 2021v4.2"
"/Return/ReturnData/IRS990ScheduleA/AdjustedNetIncomeGrp/NetSTCapitalGainAdjNetIncmGrp/PriorYearAmt",2288,2288,"2021v4.0, 2021v4.2, 2021v4.1"
"/Return/ReturnData/IRS990ScheduleA/AdjustedNetIncomeGrp/OtherGrossIncomeGrp",2288,2288,"2021v4.1, 2021v4.0, 2021v4.2"
"/Return/ReturnData/IRS990ScheduleA/AdjustedNetIncomeGrp/RecoveriesPYDistributionsGrp/PriorYearAmt",2288,2288,"2021v4.0, 2021v4.2, 2021v4.1"
"/Return/ReturnData/IRS990ScheduleA/AdjustedNetIncomeGrp/AdjustedGrossIncomeGrp",2288,2288,"2021v4.1, 2021v4.0, 2021v4.2"
"/Return/ReturnData/IRS990ScheduleA/AdjustedNetIncomeGrp/DepreciationDepletionGrp",2288,2288,"2021v4.0, 2021v4.2, 2021v4.1"
"/Return/ReturnData/IRS990ScheduleA/AdjustedNetIncomeGrp/ProductionIncomeGrp",2288,2288,"2021v4.0, 2021v4.2, 2021v4.1"
"/Return/ReturnData/IRS990ScheduleA/AdjustedNetIncomeGrp/AdjustedGrossIncomeGrp/PriorYearAmt",2288,2288,"2021v4.1, 2021v4.0, 2021v4.2"
"/Return/ReturnData/IRS990ScheduleC/AvgGrassrootsLobbyingExpendGrp/CurrentYearMinus1Amt",2285,2284,"2021v4.1, 2021v4.2, 2021v4.0"
"/Return/ReturnData/IRS990ScheduleN/DispositionOfAssetsDetail/FairMarketValueOfAssetAmt",2283,1170,"2021v4.2, 2021v4.0, 2021v4.1"
"/Return/ReturnData/IRS990ScheduleH/FinancialAssistancePrvsnInd",2272,2270,"2021v4.2, 2021v4.0, 2021v4.1"
"/Return/ReturnData/IRS990ScheduleM/RealEstateCommercialGrp",2272,2270,"2021v4.1, 2021v4.0, 2021v4.2"
"/Return/ReturnData/IRS990ScheduleH/ReimbursedByMedicareAmt",2263,2261,"2021v4.2, 2021v4.0, 2021v4.1"
"/Return/ReturnData/IRS990ScheduleH/HospitalFcltyPoliciesPrctcGrp/MadePresumptiveEligDetermInd",2261,1929,"2021v4.1, 2021v4.2, 2021v4.0"
"/Return/ReturnData/IRS990ScheduleH/CostOfCareReimbursedByMedcrAmt",2259,2257,"2021v4.2, 2021v4.0, 2021v4.1"
"/Return/ReturnData/IRS990ScheduleH/HospitalFcltyPoliciesPrctcGrp/FAPTranslatedInd",2258,1879,"2021v4.1, 2021v4.2, 2021v4.0"
"/Return/ReturnData/IRS990ScheduleH/FinancialAssistanceAtCostTyp",2257,2255,"2021v4.1, 2021v4.2, 2021v4.0"
"/Return/ReturnData/IRS990ScheduleH/CostingMethodologyUsedGrp",2257,2255,"2021v4.2, 2021v4.0, 2021v4.1"
"/Return/ReturnData/IRS990ScheduleA/TenPctFactsCrcmstncsTestCYInd",2253,2252,"2021v4.0, 2021v4.2, 2021v4.1"
"/Return/ReturnData/IRS990ScheduleH/FinancialAssistanceAtCostTyp/TotalCommunityBenefitExpnsAmt",2245,2243,"2021v4.1, 2021v4.2, 2021v4.0"
"/Return/ReturnData/IRS990ScheduleC/AvgGrassrootsLobbyingExpendGrp/CurrentYearMinus2Amt",2242,2242,"2021v4.2, 2021v4.0, 2021v4.1"
"/Return/ReturnData/IRS990ScheduleH/TotalCommunityBenefitsGrp/DirectOffsettingRevenueAmt",2237,2235,"2021v4.2, 2021v4.0, 2021v4.1"
"/Return/ReturnData/IRS990ScheduleC/AvgGrassrootsLobbyingExpendGrp/CurrentYearMinus3Amt",2229,2229,"2021v4.2, 2021v4.0, 2021v4.1"
"/Return/ReturnData/IRS990ScheduleH/MedicareSurplusOrShortfallAmt",2223,2221,"2021v4.1, 2021v4.2, 2021v4.0"
"/Return/ReturnData/IRS990ScheduleG/GamingInformationGrp/VolunteerLaborPullTabsPct",2222,2222,"2021v4.1, 2021v4.0, 2021v4.2"
"/Return/ReturnData/IRS990ScheduleL/GrntAsstBnftInterestedPrsnGrp/TypeOfAssistanceTxt",2222,1162,"2021v4.1, 2021v4.2, 2021v4.0"
"/Return/ReturnData/IRS990ScheduleH/FinancialAssistanceAtCostTyp/NetCommunityBenefitExpnsAmt",2221,2219,"2021v4.1, 2021v4.2, 2021v4.0"
"/Return/ReturnData/IRS990ScheduleH/FinancialAssistanceAtCostTyp/TotalExpensePct",2220,2218,"2021v4.1, 2021v4.2, 2021v4.0"
"/Return/ReturnData/IRS990ScheduleH/HospitalFcltyPoliciesPrctcGrp/ProvidedWrittenNoticeInd",2205,1854,"2021v4.2, 2021v4.0, 2021v4.1"
"/Return/ReturnData/IRS990ScheduleN/DispositionOfAssetsDetail/USAddress/AddressLine1Txt",2191,1073,"2021v4.2, 2021v4.0, 2021v4.1"
"/Return/ReturnData/IRS990ScheduleN/DispositionOfAssetsDetail/USAddress/CityNm",2191,1073,"2021v4.2, 2021v4.0, 2021v4.1"
"/Return/ReturnData/IRS990ScheduleN/DispositionOfAssetsDetail/USAddress/ZIPCd",2191,1073,"2021v4.2, 2021v4.0, 2021v4.1"
"/Return/ReturnData/IRS990ScheduleN/DispositionOfAssetsDetail/USAddress/StateAbbreviationCd",2191,1073,"2021v4.1, 2021v4.2, 2021v4.0"
"/Return/ReturnData/IRS990ScheduleN/DispositionOfAssetsDetail/USAddress",2191,1073,"2021v4.2, 2021v4.0, 2021v4.1"
"/Return/ReturnData/IRS990ScheduleM/RealEstateOtherGrp",2188,2186,"2021v4.1, 2021v4.2, 2021v4.0"
"/Return/ReturnData/IRS990ScheduleL/GrntAsstBnftInterestedPrsnGrp/CashGrantAmt",2185,1135,"2021v4.2, 2021v4.0, 2021v4.1"
"/Return/ReturnData/IRS990/ContractorCompensationGrp/ContractorAddress/ForeignAddress/AddressLine1Txt",2181,1205,"2021v4.2, 2021v4.0, 2021v4.1"
"/Return/ReturnData/IRS990/ContractorCompensationGrp/ContractorAddress/ForeignAddress",2181,1205,"2021v4.1, 2021v4.2, 2021v4.0"
"/Return/ReturnData/IRS990/ContractorCompensationGrp/ContractorAddress/ForeignAddress/CountryCd",2181,1205,"2021v4.2, 2021v4.0, 2021v4.1"
"/Return/ReturnData/IRS990ScheduleH/BadDebtExpenseAmt",2178,2176,"2021v4.1, 2021v4.2, 2021v4.0"
"/Return/ReturnData/IRS990ScheduleD/DonorAdvisedFundsHeldCnt",2176,2175,"2021v4.1, 2021v4.2, 2021v4.0"
"/Return/ReturnData/IRS990ScheduleH/UnreimbursedMedicaidGrp",2173,2172,"2021v4.1, 2021v4.2, 2021v4.0"
"/Return/ReturnData/IRS990ScheduleH/UnreimbursedMedicaidGrp/TotalCommunityBenefitExpnsAmt",2164,2163,"2021v4.2, 2021v4.0, 2021v4.1"
"/Return/ReturnData/IRS990ScheduleN/LiquidationOfAssetsTableGrp/LiquidationOfAssetsDetail/PersonNm",2163,1040,"2021v4.2, 2021v4.0, 2021v4.1"
"/Return/ReturnData/IRS990ScheduleH/TotalFinancialAssistanceTyp/DirectOffsettingRevenueAmt",2159,2158,"2021v4.2, 2021v4.0, 2021v4.1"
"/Return/ReturnData/IRS990ScheduleA/MinimumAssetAmountGrp/NetVlNonExemptUseAssetsGrp/PriorYearAmt",2149,2149,"2021v4.1, 2021v4.0, 2021v4.2"
"/Return/ReturnData/IRS990ScheduleA/MinimumAssetAmountGrp/NetVlNonExemptUseAssetsGrp",2149,2149,"2021v4.1, 2021v4.0, 2021v4.2"
"/Return/ReturnData/IRS990ScheduleA/MinimumAssetAmountGrp/DiscountClaimedAmt",2149,2149,"2021v4.0, 2021v4.2, 2021v4.1"
"/Return/ReturnData/IRS990ScheduleA/MinimumAssetAmountGrp/RecoveriesPYDistriMinAssetGrp/PriorYearAmt",2149,2149,"2021v4.0, 2021v4.2, 2021v4.1"
"/Return/ReturnData/IRS990ScheduleA/MinimumAssetAmountGrp/TotalFMVOfNonExemptUseAssetGrp",2149,2149,"2021v4.0, 2021v4.2, 2021v4.1"
"/Return/ReturnData/IRS990ScheduleA/MinimumAssetAmountGrp/AcquisitionIndebtednessGrp",2149,2149,"2021v4.0, 2021v4.2, 2021v4.1"
"/Return/ReturnData/IRS990ScheduleA/MinimumAssetAmountGrp/AverageMonthlyCashBalancesGrp",2149,2149,"2021v4.0, 2021v4.2, 2021v4.1"
"/Return/ReturnData/IRS990ScheduleA/MinimumAssetAmountGrp",2149,2149,"2021v4.0, 2021v4.2, 2021v4.1"
"/Return/ReturnData/IRS990ScheduleA/MinimumAssetAmountGrp/FMVOtherNonExemptUseAssetGrp",2149,2149,"2021v4.0, 2021v4.2, 2021v4.1"
"/Return/ReturnData/IRS990ScheduleA/MinimumAssetAmountGrp/TotalFMVOfNonExemptUseAssetGrp/PriorYearAmt",2149,2149,"2021v4.0, 2021v4.2, 2021v4.1"
"/Return/ReturnData/IRS990ScheduleA/MinimumAssetAmountGrp/FMVOtherNonExemptUseAssetGrp/PriorYearAmt",2149,2149,"2021v4.0, 2021v4.2, 2021v4.1"
"/Return/ReturnData/IRS990ScheduleA/MinimumAssetAmountGrp/AverageMonthlyFMVOfSecGrp/PriorYearAmt",2149,2149,"2021v4.1, 2021v4.0, 2021v4.2"
"/Return/ReturnData/IRS990ScheduleA/MinimumAssetAmountGrp/AdjustedFMVLessIndebtednessGrp/PriorYearAmt",2149,2149,"2021v4.1, 2021v4.0, 2021v4.2"
"/Return/ReturnData/IRS990ScheduleA/MinimumAssetAmountGrp/CashDeemedCharitableGrp/PriorYearAmt",2149,2149,"2021v4.0, 2021v4.2, 2021v4.1"
"/Return/ReturnData/IRS990ScheduleA/MinimumAssetAmountGrp/AdjustedFMVLessIndebtednessGrp",2149,2149,"2021v4.0, 2021v4.2, 2021v4.1"
"/Return/ReturnData/IRS990ScheduleA/MinimumAssetAmountGrp/AcquisitionIndebtednessGrp/PriorYearAmt",2149,2149,"2021v4.0, 2021v4.2, 2021v4.1"
"/Return/ReturnData/IRS990ScheduleA/MinimumAssetAmountGrp/PctOfNetVlNonExemptUseAstGrp",2149,2149,"2021v4.0, 2021v4.2, 2021v4.1"
"/Return/ReturnData/IRS990ScheduleA/MinimumAssetAmountGrp/TotalMinimumAssetGrp/PriorYearAmt",2149,2149,"2021v4.0, 2021v4.2, 2021v4.1"
"/Return/ReturnData/IRS990ScheduleA/MinimumAssetAmountGrp/CashDeemedCharitableGrp",2149,2149,"2021v4.1, 2021v4.0, 2021v4.2"
"/Return/ReturnData/IRS990ScheduleA/MinimumAssetAmountGrp/AverageMonthlyFMVOfSecGrp",2149,2149,"2021v4.0, 2021v4.2, 2021v4.1"
"/Return/ReturnData/IRS990ScheduleA/MinimumAssetAmountGrp/TotalMinimumAssetGrp",2149,2149,"2021v4.0, 2021v4.2, 2021v4.1"
"/Return/ReturnData/IRS990ScheduleA/MinimumAssetAmountGrp/RecoveriesPYDistriMinAssetGrp",2149,2149,"2021v4.0, 2021v4.2, 2021v4.1"
"/Return/ReturnData/IRS990ScheduleA/MinimumAssetAmountGrp/PctOfNetVlNonExemptUseAstGrp/PriorYearAmt",2149,2149,"2021v4.0, 2021v4.2, 2021v4.1"
"/Return/ReturnData/IRS990ScheduleA/MinimumAssetAmountGrp/AverageMonthlyCashBalancesGrp/PriorYearAmt",2149,2149,"2021v4.0, 2021v4.2, 2021v4.1"
"/Return/ReturnData/IRS990ScheduleH/TotalOtherBenefitsGrp",2133,2131,"2021v4.1, 2021v4.2, 2021v4.0"
"/Return/ReturnData/IRS990ScheduleH/TotalOtherBenefitsGrp/NetCommunityBenefitExpnsAmt",2132,2130,"2021v4.1, 2021v4.2, 2021v4.0"
"/Return/ReturnData/IRS990ScheduleH/TotalOtherBenefitsGrp/TotalCommunityBenefitExpnsAmt",2129,2127,"2021v4.1, 2021v4.2, 2021v4.0"
"/Return/ReturnData/IRS990ScheduleH/HospitalFcltyPoliciesPrctcGrp/MedicalIndigencyCriteriaInd",2129,1805,"2021v4.1, 2021v4.2, 2021v4.0"
"/Return/ReturnData/IRS990ScheduleH/UnreimbursedMedicaidGrp/DirectOffsettingRevenueAmt",2128,2127,"2021v4.2, 2021v4.0, 2021v4.1"
"/Return/ReturnData/IRS990ScheduleH/TotalOtherBenefitsGrp/TotalExpensePct",2123,2121,"2021v4.2, 2021v4.0, 2021v4.1"
"/Return/ReturnData/IRS990/BooksInCareOfDetail/BusinessName/BusinessNameLine2Txt",2118,2117,"2021v4.1, 2021v4.0, 2021v4.2"
"/Return/ReturnData/IRS990ScheduleA/CollegeOrganizationInd",2094,2094,"2021v4.0, 2021v4.2, 2021v4.1"
"/Return/ReturnData/IRS990ScheduleN/DispositionOfAssetsDetail/MethodOfFMVDeterminationTxt",2090,1075,"2021v4.2, 2021v4.0, 2021v4.1"
"/Return/ReturnData/IRS990EZ/TypeOfOrganizationTrustInd",2090,2090,"2021v4.1, 2021v4.2, 2021v4.0"
"/Return/ReturnData/IRS990ScheduleD/DonorAdvisedFundsVlEOYAmt",2083,2082,"2021v4.2, 2021v4.0, 2021v4.1"
"/Return/ReturnData/IRS990ScheduleD/EndingBalanceAmt",2058,2058,"2021v4.2, 2021v4.0, 2021v4.1"
"/Return/ReturnData/IRS990ScheduleH/UnreimbursedMedicaidGrp/TotalExpensePct",2056,2055,"2021v4.1, 2021v4.2, 2021v4.0"
"/Return/ReturnData/IRS990ScheduleH/UnreimbursedMedicaidGrp/NetCommunityBenefitExpnsAmt",2053,2052,"2021v4.2, 2021v4.0, 2021v4.1"
"/Return/ReturnData/IRS990/ContractorCompensationGrp/ContractorAddress/ForeignAddress/CityNm",2053,1126,"2021v4.2, 2021v4.0, 2021v4.1"
"/Return/ReturnData/IRS990ScheduleH/ExpensesExceedBudgetInd",2051,2049,"2021v4.2, 2021v4.0, 2021v4.1"
"/Return/ReturnData/IRS990/Form8886TFiledInd",2048,2048,"2021v4.1, 2021v4.2, 2021v4.0"
"/Return/ReturnData/IRS990ScheduleJ/TravelForCompanionsInd",2031,2030,"2021v4.1, 2021v4.2, 2021v4.0"
"/Return/ReturnData/IRS990ScheduleN/SupplementalInformationDetail/FormAndLineReferenceDesc",2026,1433,"2021v4.1, 2021v4.2, 2021v4.0"
"/Return/ReturnData/IRS990ScheduleN/SupplementalInformationDetail",2026,1433,"2021v4.2, 2021v4.0, 2021v4.1"
"/Return/ReturnData/IRS990ScheduleN/SupplementalInformationDetail/ExplanationTxt",2025,1432,"2021v4.2, 2021v4.0, 2021v4.1"
"/Return/ReturnData/IRS990ScheduleM/RealEstateResidentialGrp",2020,2018,"2021v4.1, 2021v4.2, 2021v4.0"
"/Return/ReturnData/IRS990ScheduleA/DistributionAllocationsGrp/CYDistriAppDistributableAmt",2016,2016,"2021v4.1, 2021v4.0, 2021v4.2"
"/Return/ReturnData/IRS990ScheduleG/GamingInformationGrp/RentFacilityCostsPullTabsAmt",2010,2008,"2021v4.0, 2021v4.2, 2021v4.1"
"/Return/ReturnData/IRS990ScheduleH/HospitalFcltyPoliciesPrctcGrp/InsuranceStatusCriteriaInd",2007,1681,"2021v4.2, 2021v4.0, 2021v4.1"
"/Return/ReturnData/IRS990ScheduleD/ArtPublicExhibitionAmountsGrp/AssetsIncludedAmt",1970,1970,"2021v4.2, 2021v4.0, 2021v4.1"
"/Return/ReturnData/IRS990ScheduleG/GamingManagerIsEmployeeInd",1963,1961,"2021v4.0, 2021v4.2, 2021v4.1"
"/Return/ReturnData/IRS990ScheduleL/GrntAsstBnftInterestedPrsnGrp/RelationshipWithOrgTxt",1947,937,"2021v4.1, 2021v4.2, 2021v4.0"
"/Return/ReturnData/IRS990ScheduleG/GamingInformationGrp/VolunteerLaborBingoPct",1926,1926,"2021v4.2, 2021v4.0, 2021v4.1"
"/Return/ReturnData/IRS990ScheduleD/DonorAdvisedFundsContriAmt",1899,1898,"2021v4.2, 2021v4.0, 2021v4.1"
"/Return/ReturnData/IRS990ScheduleD/FinancialDerivativesGrp",1872,1871,"2021v4.1, 2021v4.0, 2021v4.2"
"/Return/ReturnData/IRS990ScheduleH/CommunityHealthServicesGrp",1870,1869,"2021v4.1, 2021v4.2, 2021v4.0"
"/Return/ReturnData/IRS990ScheduleH/CommunityHealthServicesGrp/NetCommunityBenefitExpnsAmt",1859,1858,"2021v4.1, 2021v4.2, 2021v4.0"
"/Return/ReturnData/IRS990/ContractorCompensationGrp/ContractorAddress/USAddress/AddressLine2Txt",1858,1257,"2021v4.2, 2021v4.0"
"/Return/ReturnData/IRS990ScheduleH/AllHospitalsPolicyInd",1843,1841,"2021v4.2, 2021v4.0, 2021v4.1"
"/Return/ReturnData/IRS990ScheduleH/CommunityHealthServicesGrp/TotalExpensePct",1842,1842,"2021v4.1, 2021v4.2, 2021v4.0"
"/Return/ReturnData/IRS990ScheduleH/ReportPublicallyAvailableInd",1840,1839,"2021v4.1, 2021v4.2, 2021v4.0"
"/Return/ReturnData/IRS990ScheduleH/CommunityHealthServicesGrp/TotalCommunityBenefitExpnsAmt",1838,1837,"2021v4.1, 2021v4.2, 2021v4.0"
"/Return/ReturnData/IRS990ScheduleG/GamingInformationGrp/NonCashPrizesOtherGamingAmt",1815,1815,"2021v4.0, 2021v4.2, 2021v4.1"
"/Return/ReturnData/IRS990/FinalReturnInd",1801,1801,"2021v4.2, 2021v4.0, 2021v4.1"
"/Return/ReturnData/IRS990ScheduleD/DonorAdvisedFundsGrantsAmt",1795,1794,"2021v4.1, 2021v4.2, 2021v4.0"
"/Return/ReturnData/AffiliatedGroupSchedule/AffiliatedScheduleGrp/ElectingOrganizationInd",1751,158,"2021v4.1, 2021v4.2"
"/Return/ReturnData/IRS990ScheduleL/GrntAsstBnftInterestedPrsnGrp/AssistancePurposeTxt",1749,981,"2021v4.1, 2021v4.2, 2021v4.0"
"/Return/ReturnData/IRS990EZ/NameChangeInd",1741,1741,"2021v4.1, 2021v4.2, 2021v4.0"
"/Return/ReturnData/IRS990ScheduleD/StatesEasementsHeldCnt",1738,1738,"2021v4.1, 2021v4.0, 2021v4.2"
"/Return/ReturnData/IRS990ScheduleM/CollectiblesGrp",1733,1731,"2021v4.2, 2021v4.0, 2021v4.1"
"/Return/ReturnData/IRS990ScheduleC/TotalExemptFunctionExpendAmt",1732,1732,"2021v4.1, 2021v4.2, 2021v4.0"
"/Return/ReturnData/IRS990ScheduleH/HospitalFcltyPoliciesPrctcGrp/UnderinsuranceStatCriteriaInd",1731,1482,"2021v4.1, 2021v4.2, 2021v4.0"
"/Return/ReturnData/IRS990ScheduleG/GamingInformationGrp/RentFacilityCostsBingoAmt",1716,1715,"2021v4.1, 2021v4.0, 2021v4.2"
"/Return/ReturnData/IRS990/AcctCompileOrReviewBasisGrp/ConsolAndSepBasisFinclStmtInd",1711,1711,"2021v4.1, 2021v4.2, 2021v4.0"
"/Return/ReturnData/IRS990/TaxExemptInterestAmt",1710,1710,"2021v4.1, 2021v4.2, 2021v4.0"
"/Return/ReturnData/IRS990ScheduleD/TotalEasementsCnt",1705,1705,"2021v4.0, 2021v4.2, 2021v4.1"
"/Return/ReturnData/IRS990ScheduleN/DispositionOfAssetsDetail/IRCSectionTxt",1701,942,"2021v4.1, 2021v4.2, 2021v4.0"
"/Return/ReturnData/IRS990ScheduleR/IdRelatedTaxExemptOrgGrp/ForeignAddress/ForeignPostalCd",1696,873,"2021v4.1, 2021v4.2, 2021v4.0"
"/Return/ReturnData/IRS990ScheduleH/HospitalFcltyPoliciesPrctcGrp/AssetLevelCriteriaInd",1681,1443,"2021v4.1, 2021v4.2, 2021v4.0"
"/Return/ReturnData/IRS990ScheduleN/DispositionOfAssetsDetail/EIN",1668,857,"2021v4.1, 2021v4.2, 2021v4.0"
"/Return/ReturnData/IRS990ScheduleH/FacilityNum",1647,1646,"2021v4.2, 2021v4.0, 2021v4.1"
"/Return/ReturnData/IRS990ScheduleH/TotalOtherBenefitsGrp/DirectOffsettingRevenueAmt",1644,1642,"2021v4.2, 2021v4.0, 2021v4.1"
"/Return/ReturnData/IRS990ScheduleH/HealthProfessionsEducationGrp",1627,1626,"2021v4.1, 2021v4.2, 2021v4.0"
"/Return/ReturnData/IRS990ScheduleM/DrugsAndMedicalSuppliesGrp/NoncashContributionsRptF990Amt",1627,1627,"2021v4.0, 2021v4.2, 2021v4.1"
"/Return/ReturnData/IRS990ScheduleC/CarriedOverAmt",1620,1620,"2021v4.1, 2021v4.2, 2021v4.0"
"/Return/ReturnData/IRS990ScheduleH/CostingMethodologyUsedGrp/CostToChargeRatioInd",1614,1613,"2021v4.2, 2021v4.0, 2021v4.1"
"/Return/ReturnData/IRS990ScheduleM/DrugsAndMedicalSuppliesGrp/NonCashCheckboxInd",1610,1610,"2021v4.1, 2021v4.0, 2021v4.2"
"/Return/ReturnData/IRS990ScheduleH/CashAndInKindContributionsGrp",1607,1606,"2021v4.1, 2021v4.2, 2021v4.0"
"/Return/ReturnData/IRS990ScheduleH/HealthProfessionsEducationGrp/NetCommunityBenefitExpnsAmt",1605,1604,"2021v4.2, 2021v4.0, 2021v4.1"
"/Return/ReturnData/IRS990ScheduleD/TotalAcreageCnt",1597,1597,"2021v4.0, 2021v4.2, 2021v4.1"
"/Return/ReturnData/IRS990ScheduleH/HealthProfessionsEducationGrp/TotalExpensePct",1592,1591,"2021v4.2, 2021v4.0, 2021v4.1"
"/Return/ReturnData/IRS990ScheduleH/CashAndInKindContributionsGrp/NetCommunityBenefitExpnsAmt",1583,1582,"2021v4.2, 2021v4.0, 2021v4.1"
"/Return/ReturnData/IRS990ScheduleM/HistoricalArtifactsGrp",1573,1571,"2021v4.1, 2021v4.2, 2021v4.0"
"/Return/ReturnData/IRS990ScheduleR/TransactionsRelatedOrgGrp/OtherOrganizationName/BusinessNameLine2Txt",1571,790,"2021v4.0, 2021v4.2, 2021v4.1"
"/Return/ReturnData/IRS990ScheduleA/Form990SchASupportingOrgGrp/SupportedOrgQualifiedInd",1569,1569,"2021v4.2, 2021v4.0, 2021v4.1"
"/Return/ReturnData/IRS990ScheduleM/CarsAndOtherVehiclesGrp/NoncashContributionsRptF990Amt",1563,1563,"2021v4.0, 2021v4.2, 2021v4.1"
"/Return/ReturnData/IRS990ScheduleA/Form990SchASupportingOrgGrp/SuprtExclusivelySec170c2BInd",1562,1562,"2021v4.2, 2021v4.0, 2021v4.1"
"/Return/ReturnData/IRS990ScheduleH/CashAndInKindContributionsGrp/TotalCommunityBenefitExpnsAmt",1559,1558,"2021v4.2, 2021v4.0, 2021v4.1"
"/Return/ReturnData/IRS990ScheduleH/HealthProfessionsEducationGrp/TotalCommunityBenefitExpnsAmt",1556,1555,"2021v4.1, 2021v4.2, 2021v4.0"
"/Return/ReturnData/IRS990/AllAffiliatesIncludedInd",1550,1550,"2021v4.2, 2021v4.0, 2021v4.1"
"/Return/ReturnData/IRS990ScheduleH/OthHlthCareFcltsNotHospitalGrp",1545,1544,"2021v4.2, 2021v4.0, 2021v4.1"
"/Return/ReturnData/IRS990ScheduleH/CashAndInKindContributionsGrp/TotalExpensePct",1545,1545,"2021v4.2, 2021v4.0, 2021v4.1"
"/Return/ReturnData/IRS990ScheduleM/SecuritiesMiscellaneousGrp",1543,1541,"2021v4.1, 2021v4.2, 2021v4.0"
"/Return/ReturnData/IRS990EZ/MethodOfAccountingOtherDesc",1543,1543,"2021v4.2, 2021v4.0, 2021v4.1"
"/Return/ReturnData/IRS990ScheduleM/SecuritiesCloselyHeldStockGrp",1536,1534,"2021v4.2, 2021v4.0, 2021v4.1"
"/Return/ReturnData/IRS990ScheduleM/CarsAndOtherVehiclesGrp/NonCashCheckboxInd",1533,1533,"2021v4.0, 2021v4.2, 2021v4.1"
"/Return/ReturnData/IRS990ScheduleG/PersonsWithBooksName",1527,1527,"2021v4.1, 2021v4.0, 2021v4.2"
"/Return/ReturnData/IRS990ScheduleG/PersonsWithBooksName/BusinessNameLine1Txt",1527,1527,"2021v4.0, 2021v4.2, 2021v4.1"
"/Return/ReturnData/IRS990ScheduleM/SecurPrtnrshpTrustIntrstsGrp",1525,1523,"2021v4.2, 2021v4.0, 2021v4.1"
"/Return/ReturnData/IRS990ScheduleM/CarsAndOtherVehiclesGrp/ContributionCnt",1523,1523,"2021v4.1, 2021v4.0, 2021v4.2"
"/Return/ReturnData/IRS990ScheduleK/TaxExemptBondsArbitrageGrp/GICProviderName",1516,673,"2021v4.2, 2021v4.0, 2021v4.1"
"/Return/ReturnData/IRS990ScheduleK/TaxExemptBondsArbitrageGrp/GICProviderName/BusinessNameLine1Txt",1516,673,"2021v4.1, 2021v4.2, 2021v4.0"
"/Return/ReturnData/IRS990ScheduleC/Form4720FiledSection4955TaxInd",1515,1515,"2021v4.1, 2021v4.0, 2021v4.2"
"/Return/ReturnData/IRS990ScheduleD/BeginningBalanceAmt",1507,1507,"2021v4.1, 2021v4.0, 2021v4.2"
"/Return/ReturnData/IRS990ScheduleH/BadDebtExpenseAttributableAmt",1500,1499,"2021v4.1, 2021v4.2, 2021v4.0"
"/Return/ReturnData/IRS990ScheduleL/GrntAsstBnftInterestedPrsnGrp/PersonNm",1497,736,"2021v4.2, 2021v4.0, 2021v4.1"
"/Return/ReturnData/IRS990ScheduleM/BoatsAndPlanesGrp",1495,1493,"2021v4.1, 2021v4.2, 2021v4.0"
"/Return/ReturnData/IRS990ScheduleH/SubsidizedHealthServicesGrp",1495,1494,"2021v4.2, 2021v4.0, 2021v4.1"
"/Return/ReturnData/IRS990ScheduleM/QualifiedContribOtherGrp",1492,1490,"2021v4.1, 2021v4.2, 2021v4.0"
"/Return/ReturnData/IRS990ScheduleM/DrugsAndMedicalSuppliesGrp/ContributionCnt",1485,1485,"2021v4.0, 2021v4.2, 2021v4.1"
"/Return/ReturnData/IRS990ScheduleH/HospitalFcltyPoliciesPrctcGrp/LookBackMedicarePrivateInd",1480,1260,"2021v4.1, 2021v4.2, 2021v4.0"
"/Return/ReturnData/IRS990ScheduleM/DrugsAndMedicalSuppliesGrp/MethodOfDeterminingRevenuesTxt",1456,1456,"2021v4.0, 2021v4.2, 2021v4.1"
"/Return/ReturnData/IRS990ScheduleR/UnrelatedOrgTxblPartnershipGrp",1456,205,"2021v4.0, 2021v4.2, 2021v4.1"
"/Return/ReturnData/IRS990ScheduleR/UnrelatedOrgTxblPartnershipGrp/AllPartnersC3SInd",1453,204,"2021v4.1, 2021v4.0, 2021v4.2"
"/Return/ReturnData/IRS990ScheduleJ/IdemnificationGrossUpPmtsInd",1453,1452,"2021v4.1, 2021v4.2, 2021v4.0"
"/Return/ReturnData/IRS990ScheduleR/UnrelatedOrgTxblPartnershipGrp/GeneralOrManagingPartnerInd",1452,203,"2021v4.0, 2021v4.2, 2021v4.1"
"/Return/ReturnData/IRS990ScheduleC/InternalFundsContributedAmt",1451,1451,"2021v4.1, 2021v4.2, 2021v4.0"
"/Return/ReturnData/IRS990ScheduleR/UnrelatedOrgTxblPartnershipGrp/BusinessName",1450,201,"2021v4.1, 2021v4.0, 2021v4.2"
"/Return/ReturnData/IRS990ScheduleR/UnrelatedOrgTxblPartnershipGrp/BusinessName/BusinessNameLine1Txt",1450,201,"2021v4.0, 2021v4.2, 2021v4.1"
"/Return/ReturnData/IRS990ScheduleH/SubsidizedHealthServicesGrp/NetCommunityBenefitExpnsAmt",1448,1447,"2021v4.2, 2021v4.0, 2021v4.1"
"/Return/ReturnData/IRS990ScheduleK/TaxExemptBondsPrivateBusUseGrp/RemedialActionTakenInd",1444,629,"2021v4.1, 2021v4.2, 2021v4.0"
"/Return/ReturnData/IRS990ScheduleR/UnrelatedOrgTxblPartnershipGrp/PrimaryActivitiesTxt",1442,196,"2021v4.1, 2021v4.0, 2021v4.2"
"/Return/ReturnData/IRS990ScheduleR/UnrelatedOrgTxblPartnershipGrp/DisproportionateAllocationsInd",1442,197,"2021v4.1, 2021v4.0, 2021v4.2"
"/Return/ReturnData/IRS990ScheduleH/SubsidizedHealthServicesGrp/TotalExpensePct",1440,1439,"2021v4.1, 2021v4.2, 2021v4.0"
"/Return/ReturnData/IRS990ScheduleR/UnrelatedOrgTxblPartnershipGrp/LegalDomicileStateCd",1440,197,"2021v4.1, 2021v4.0, 2021v4.2"
"/Return/ReturnData/IRS990ScheduleM/ArtHistoricalTreasuresGrp",1437,1435,"2021v4.2, 2021v4.0, 2021v4.1"
"/Return/ReturnData/IRS990ScheduleM/WorksOfArtGrp/NonCashCheckboxInd",1436,1433,"2021v4.1, 2021v4.2, 2021v4.0"
"/Return/ReturnData/IRS990ScheduleM/CarsAndOtherVehiclesGrp/MethodOfDeterminingRevenuesTxt",1430,1430,"2021v4.1, 2021v4.0, 2021v4.2"
"/Return/ReturnData/IRS990ScheduleM/WorksOfArtGrp/ContributionCnt",1425,1422,"2021v4.1, 2021v4.2, 2021v4.0"
"/Return/ReturnData/IRS990ScheduleN/DirectorOfSuccessor2Ind",1411,1411,"2021v4.1, 2021v4.2, 2021v4.0"
"/Return/ReturnData/IRS990ScheduleN/OwnerOfSuccessor2Ind",1409,1409,"2021v4.2, 2021v4.0, 2021v4.1"
"/Return/ReturnData/IRS990ScheduleN/EmployeeOfSuccessor2Ind",1409,1409,"2021v4.1, 2021v4.2, 2021v4.0"
"/Return/ReturnData/IRS990ScheduleA/AdjustedNetIncomeGrp/AdjustedGrossIncomeGrp/CurrentYearAmt",1407,1407,"2021v4.1, 2021v4.0, 2021v4.2"
"/Return/ReturnData/IRS990ScheduleN/DispositionOfAssetsDetail/BusinessName",1407,725,"2021v4.2, 2021v4.0, 2021v4.1"
"/Return/ReturnData/IRS990ScheduleC/CorrectionMadeInd",1407,1407,"2021v4.0, 2021v4.2, 2021v4.1"
"/Return/ReturnData/IRS990ScheduleN/ReceiveCompensation2Ind",1407,1407,"2021v4.2, 2021v4.0, 2021v4.1"
"/Return/ReturnData/IRS990ScheduleN/DispositionOfAssetsDetail/BusinessName/BusinessNameLine1Txt",1407,725,"2021v4.2, 2021v4.0, 2021v4.1"
"/Return/ReturnData/IRS990ScheduleA/AdjustedNetIncomeGrp/TotalAdjustedNetIncomeGrp/CurrentYearAmt",1386,1386,"2021v4.0, 2021v4.2, 2021v4.1"
"/Return/ReturnData/IRS990ScheduleA/MinimumAssetAmountGrp/TotalMinimumAssetGrp/CurrentYearAmt",1384,1384,"2021v4.1, 2021v4.0, 2021v4.2"
"/Return/ReturnData/IRS990ScheduleA/MinimumAssetAmountGrp/TotalFMVOfNonExemptUseAssetGrp/CurrentYearAmt",1384,1384,"2021v4.1, 2021v4.0, 2021v4.2"
"/Return/ReturnData/IRS990ScheduleA/MinimumAssetAmountGrp/NetVlNonExemptUseAssetsGrp/CurrentYearAmt",1384,1384,"2021v4.1, 2021v4.0, 2021v4.2"
"/Return/ReturnData/IRS990ScheduleA/MinimumAssetAmountGrp/PctOfNetVlNonExemptUseAstGrp/CurrentYearAmt",1384,1384,"2021v4.0, 2021v4.2, 2021v4.1"
"/Return/ReturnData/IRS990ScheduleA/MinimumAssetAmountGrp/AdjustedFMVLessIndebtednessGrp/CurrentYearAmt",1384,1384,"2021v4.1, 2021v4.0, 2021v4.2"
"/Return/ReturnData/IRS990ScheduleM/IntellectualPropertyGrp",1382,1380,"2021v4.1, 2021v4.2, 2021v4.0"
"/Return/ReturnData/IRS990ScheduleH/HospitalFacilitiesGrp/FacilityReportingGroupCd",1380,387,"2021v4.1, 2021v4.2, 2021v4.0"
"/Return/ReturnData/IRS990ScheduleJ/FirstClassOrCharterTravelInd",1365,1365,"2021v4.1, 2021v4.2, 2021v4.0"
"/Return/ReturnData/IRS990ScheduleA/AdjustedNetIncomeGrp/OtherGrossIncomeGrp/CurrentYearAmt",1365,1365,"2021v4.0, 2021v4.2, 2021v4.1"
"/Return/ReturnData/IRS990ScheduleH/SubsidizedHealthServicesGrp/TotalCommunityBenefitExpnsAmt",1359,1358,"2021v4.1, 2021v4.2, 2021v4.0"
"/Return/ReturnData/IRS990ScheduleM/ScientificSpecimensGrp",1351,1349,"2021v4.1, 2021v4.2, 2021v4.0"
"/Return/ReturnData/IRS990/ContractorCompensationGrp/ContractorAddress/ForeignAddress/ForeignPostalCd",1348,768,"2021v4.2, 2021v4.0, 2021v4.1"
"/Return/ReturnData/IRS990ScheduleM/ArchaeologicalArtifactsGrp",1347,1345,"2021v4.1, 2021v4.2, 2021v4.0"
"/Return/ReturnData/IRS990ScheduleD/CloselyHeldEquityInterestsGrp/BookValueAmt",1344,1344,"2021v4.2, 2021v4.0, 2021v4.1"
"/Return/ReturnData/IRS990ScheduleM/TaxidermyGrp",1331,1329,"2021v4.1, 2021v4.2, 2021v4.0"
"/Return/ReturnData/IRS990ScheduleM/QualifiedContribHistStructGrp",1330,1328,"2021v4.1, 2021v4.2, 2021v4.0"
"/Return/ReturnData/IRS990ScheduleM/ArtFractionalInterestGrp",1326,1324,"2021v4.1, 2021v4.2, 2021v4.0"
"/Return/ReturnData/IRS990ScheduleD/ProtectionNaturalHabitatInd",1323,1323,"2021v4.0, 2021v4.2, 2021v4.1"
"/Return/ReturnData/IRS990ScheduleA/MinimumAssetAmountGrp/CashDeemedCharitableGrp/CurrentYearAmt",1323,1323,"2021v4.0, 2021v4.2, 2021v4.1"
"/Return/ReturnData/IRS990ScheduleK/TaxExemptBondsArbitrageGrp/HedgeTerminatedInd",1321,918,"2021v4.2, 2021v4.0, 2021v4.1"
"/Return/ReturnData/IRS990ScheduleK/TaxExemptBondsArbitrageGrp/SuperintegratedHedgeInd",1317,917,"2021v4.2, 2021v4.0, 2021v4.1"
"/Return/ReturnData/IRS990ScheduleM/WorksOfArtGrp/NoncashContributionsRptF990Amt",1303,1300,"2021v4.2, 2021v4.0, 2021v4.1"
"/Return/ReturnData/IRS990ScheduleR/IdRelatedOrgTxblPartnershipGrp/LegalDomicileForeignCountryCd",1297,405,"2021v4.1, 2021v4.2, 2021v4.0"
"/Return/ReturnData/IRS990ScheduleD/CollUsedLoanOrExchProgInd",1288,1284,"2021v4.1, 2021v4.2, 2021v4.0"
"/Return/ReturnData/IRS990ScheduleC/Expended527ActivitiesAmt",1275,1275,"2021v4.2, 2021v4.0, 2021v4.1"
"/Return/ReturnData/IRS990ScheduleG/GamingInformationGrp/RentFcltyCostsOtherGamingAmt",1271,1270,"2021v4.0, 2021v4.2, 2021v4.1"
"/Return/ReturnData/IRS990ScheduleA/MinimumAssetAmountGrp/AverageMonthlyFMVOfSecGrp/CurrentYearAmt",1267,1267,"2021v4.1, 2021v4.0, 2021v4.2"
"/Return/ReturnData/IRS990ScheduleH/TotalCommuntityBuildingActyGrp",1260,1260,"2021v4.2, 2021v4.0, 2021v4.1"
"/Return/ReturnData/IRS990ScheduleH/TotalCommuntityBuildingActyGrp/TotalCommunityBenefitExpnsAmt",1257,1257,"2021v4.1, 2021v4.2, 2021v4.0"
"/Return/ReturnData/IRS990ScheduleM/WorksOfArtGrp/MethodOfDeterminingRevenuesTxt",1255,1254,"2021v4.2, 2021v4.0, 2021v4.1"
"/Return/ReturnData/IRS990ScheduleH/TotalCommuntityBuildingActyGrp/NetCommunityBenefitExpnsAmt",1255,1255,"2021v4.1, 2021v4.2, 2021v4.0"
"/Return/ReturnData/IRS990ScheduleD/StaffHoursSpentEnforcementCnt",1254,1254,"2021v4.0, 2021v4.2, 2021v4.1"
"/Return/ReturnData/IRS990ScheduleR/IdRelatedOrgTxblCorpTrGrp/ForeignAddress/AddressLine2Txt",1249,354,"2021v4.2, 2021v4.0"
"/Return/ReturnData/IRS990ScheduleD/DistributionsDuringYearAmt",1239,1239,"2021v4.1, 2021v4.0, 2021v4.2"
"/Return/ReturnData/IRS990ScheduleD/CloselyHeldEquityInterestsGrp/MethodValuationCd",1236,1236,"2021v4.1, 2021v4.2, 2021v4.0"
"/Return/ReturnData/IRS990ScheduleC/VolunteerHoursCnt",1227,1227,"2021v4.0, 2021v4.2, 2021v4.1"
"/Return/ReturnData/IRS990ScheduleR/IdRelatedTaxExemptOrgGrp/ForeignAddress/ProvinceOrStateNm",1225,732,"2021v4.1, 2021v4.2, 2021v4.0"
"/Return/ReturnData/IRS990ScheduleD/AdditionsDuringYearAmt",1220,1220,"2021v4.1, 2021v4.0, 2021v4.2"
"/Return/ReturnData/IRS990ScheduleH/TotalCommuntityBuildingActyGrp/TotalExpensePct",1220,1220,"2021v4.2, 2021v4.0, 2021v4.1"
"/Return/ReturnData/IRS990ScheduleH/HospitalFcltyPoliciesPrctcGrp/ResidencyCriteriaInd",1213,1001,"2021v4.1, 2021v4.2, 2021v4.0"
"/Return/ReturnData/IRS990ScheduleK/TaxExemptBondsArbitrageGrp/TermOfHedgePct",1210,900,"2021v4.1, 2021v4.2, 2021v4.0"
"/Return/ReturnData/IRS990ScheduleA/MinimumAssetAmountGrp/AverageMonthlyCashBalancesGrp/CurrentYearAmt",1198,1198,"2021v4.0, 2021v4.2, 2021v4.1"
"/Return/ReturnData/IRS990EZ/ApplicationPendingInd",1197,1197,"2021v4.0, 2021v4.2, 2021v4.1"
"/Return/ReturnData/IRS990ScheduleM/BooksAndPublicationsGrp/NonCashCheckboxInd",1173,1172,"2021v4.0, 2021v4.2, 2021v4.1"
"/Return/ReturnData/IRS990ScheduleM/BooksAndPublicationsGrp/NoncashContributionsRptF990Amt",1164,1163,"2021v4.0, 2021v4.2, 2021v4.1"
"/Return/ReturnData/IRS990ScheduleH/SubsidizedHealthServicesGrp/DirectOffsettingRevenueAmt",1163,1162,"2021v4.1, 2021v4.2, 2021v4.0"
"/Return/ReturnData/IRS990ScheduleA/AdjustedNetIncomeGrp/ProductionIncomeGrp/CurrentYearAmt",1154,1154,"2021v4.1, 2021v4.0, 2021v4.2"
"/Return/ReturnData/IRS990ScheduleD/PreservationOpenSpaceInd",1136,1136,"2021v4.0, 2021v4.2, 2021v4.1"
"/Return/ReturnData/IRS990ScheduleA/Form990SchASupportingOrgGrp/ExcessBusinessHoldingsInd",1124,1124,"2021v4.2, 2021v4.0, 2021v4.1"
"/Return/ReturnData/IRS990ScheduleC/Form4720FiledInd",1119,1118,"2021v4.1, 2021v4.2, 2021v4.0"
"/Return/ReturnData/IRS990/ContractorCompensationGrp/ContractorAddress/ForeignAddress/ProvinceOrStateNm",1118,658,"2021v4.2, 2021v4.0, 2021v4.1"
"/Return/ReturnData/IRS990ScheduleM/BooksAndPublicationsGrp/MethodOfDeterminingRevenuesTxt",1094,1093,"2021v4.0, 2021v4.2, 2021v4.1"
"/Return/ReturnData/IRS990ScheduleH/Percent200Ind",1076,1076,"2021v4.1, 2021v4.2, 2021v4.0"
"/Return/ReturnData/IRS990ScheduleH/ManagementCoAndJntVenturesGrp/EntityName/BusinessNameLine1Txt",1043,439,"2021v4.2, 2021v4.0, 2021v4.1"
"/Return/ReturnData/IRS990ScheduleH/ManagementCoAndJntVenturesGrp/EntityName",1043,439,"2021v4.2, 2021v4.0, 2021v4.1"
"/Return/ReturnData/IRS990ScheduleH/ManagementCoAndJntVenturesGrp",1043,439,"2021v4.1, 2021v4.2, 2021v4.0"
"/Return/ReturnData/IRS990ScheduleD/ExpensesIncurredEnforcementAmt",1035,1035,"2021v4.1, 2021v4.0, 2021v4.2"
"/Return/ReturnData/IRS990ScheduleH/UnableToProvideCareInd",1017,1016,"2021v4.1, 2021v4.2, 2021v4.0"
"/Return/ReturnData/IRS990ScheduleH/ManagementCoAndJntVenturesGrp/PrimaryActivitiesTxt",998,421,"2021v4.2, 2021v4.0, 2021v4.1"
"/Return/ReturnData/IRS990ScheduleH/CommunityHealthServicesGrp/DirectOffsettingRevenueAmt",991,991,"2021v4.0, 2021v4.2, 2021v4.1"
"/Return/ReturnData/IRS990ScheduleH/ManagementCoAndJntVenturesGrp/OrgProfitOrOwnershipPct",988,417,"2021v4.2, 2021v4.0, 2021v4.1"
"/Return/ReturnHeader/AdditionalFilerInformation/TrustedCustomerGrp/ProfileEmailAddressChangeInd",984,984,"2021v4.0"
"/Return/ReturnData/IRS990ScheduleM/RealEstateCommercialGrp/NoncashContributionsRptF990Amt",967,967,"2021v4.1, 2021v4.0, 2021v4.2"
"/Return/ReturnData/IRS990ScheduleA/AdjustedNetIncomeGrp/OtherExpensesGrp/CurrentYearAmt",965,965,"2021v4.1, 2021v4.0, 2021v4.2"
"/Return/ReturnData/IRS990ScheduleA/GovernmentalUnitInd",964,964,"2021v4.1, 2021v4.0, 2021v4.2"
"/Return/ReturnData/IRS990ScheduleM/RealEstateCommercialGrp/NonCashCheckboxInd",957,957,"2021v4.1, 2021v4.0, 2021v4.2"
"/Return/ReturnData/IRS990ScheduleH/HospitalFacilitiesGrp/TeachingHospitalInd",952,609,"2021v4.2, 2021v4.0, 2021v4.1"
"/Return/ReturnData/IRS990ScheduleD/FundsAndOtherAccountsHeldCnt",948,948,"2021v4.2, 2021v4.0, 2021v4.1"
"/Return/ReturnData/IRS990ScheduleD/PreservationPublicUseInd",941,941,"2021v4.0, 2021v4.2, 2021v4.1"
"/Return/ReturnData/IRS990ScheduleK/TaxExemptBondsPrivateBusUseGrp/EngageBondCounselResearchInd",939,352,"2021v4.1, 2021v4.2, 2021v4.0"
"/Return/ReturnData/IRS990ScheduleM/RealEstateCommercialGrp/ContributionCnt",925,925,"2021v4.1, 2021v4.0, 2021v4.2"
"/Return/ReturnData/IRS990EZ/BooksInCareOfDetail/BusinessName/BusinessNameLine2Txt",925,925,"2021v4.0, 2021v4.2, 2021v4.1"
"/Return/ReturnData/IRS990ScheduleH/ManagementCoAndJntVenturesGrp/PhysiciansProfitOrOwnershipPct",921,390,"2021v4.2, 2021v4.0, 2021v4.1"
"/Return/ReturnData/IRS990ScheduleH/CommunitySupportGrp",917,917,"2021v4.1, 2021v4.2, 2021v4.0"
"/Return/ReturnData/IRS990ScheduleH/HospitalFcltyPoliciesPrctcGrp/ProvidedNonprofitContactInd",916,825,"2021v4.1, 2021v4.2, 2021v4.0"
"/Return/ReturnData/IRS990ScheduleD/FundsAndOtherAccountsVlEOYAmt",913,913,"2021v4.1, 2021v4.2, 2021v4.0"
"/Return/ReturnData/IRS990ScheduleH/HealthProfessionsEducationGrp/DirectOffsettingRevenueAmt",910,909,"2021v4.2, 2021v4.0, 2021v4.1"
"/Return/ReturnData/IRS990EZ/InfoInScheduleOPartVIInd",897,897,"2021v4.0, 2021v4.2, 2021v4.1"
"/Return/ReturnData/IRS990ScheduleJ/DiscretionarySpendingAcctInd",897,897,"2021v4.2, 2021v4.0, 2021v4.1"
"/Return/ReturnData/IRS990ScheduleM/RealEstateOtherGrp/NoncashContributionsRptF990Amt",895,895,"2021v4.2, 2021v4.0, 2021v4.1"
"/Return/ReturnData/IRS990ScheduleH/CommunitySupportGrp/NetCommunityBenefitExpnsAmt",894,894,"2021v4.2, 2021v4.0, 2021v4.1"
"/Return/ReturnData/IRS990ScheduleN/DispositionOfAssetsDetail/PersonNm",894,428,"2021v4.1, 2021v4.2, 2021v4.0"
"/Return/ReturnData/IRS990ScheduleH/FinancialAssistanceAtCostTyp/DirectOffsettingRevenueAmt",891,891,"2021v4.2, 2021v4.0, 2021v4.1"
"/Return/ReturnData/IRS990ScheduleM/RealEstateOtherGrp/NonCashCheckboxInd",890,890,"2021v4.1, 2021v4.2, 2021v4.0"
"/Return/ReturnData/IRS990ScheduleH/UnreimbursedCostsGrp",884,883,"2021v4.2, 2021v4.0, 2021v4.1"
"/Return/ReturnData/IRS990EZ/ForeignOfficeCountryCd",880,842,"2021v4.0, 2021v4.2, 2021v4.1"
"/Return/ReturnData/IRS990ScheduleH/HospitalFcltyPoliciesPrctcGrp/OtherCriteriaInd",870,713,"2021v4.2, 2021v4.0, 2021v4.1"
"/Return/ReturnData/IRS990ScheduleM/RealEstateOtherGrp/ContributionCnt",866,866,"2021v4.1, 2021v4.2, 2021v4.0"
"/Return/ReturnData/IRS990/BooksInCareOfDetail/ForeignAddress",862,860,"2021v4.1, 2021v4.0, 2021v4.2"
"/Return/ReturnData/IRS990ScheduleA/Form990SchAType3FuncIntGrp/GovernmentalEntityInd",862,862,"2021v4.2, 2021v4.0, 2021v4.1"
"/Return/ReturnData/IRS990/BooksInCareOfDetail/ForeignAddress/CountryCd",862,860,"2021v4.1, 2021v4.0, 2021v4.2"
"/Return/ReturnData/IRS990/BooksInCareOfDetail/ForeignAddress/AddressLine1Txt",862,860,"2021v4.1, 2021v4.0, 2021v4.2"
"/Return/ReturnData/IRS990ScheduleH/CommunitySupportGrp/TotalExpensePct",850,850,"2021v4.1, 2021v4.2, 2021v4.0"
"/Return/ReturnData/IRS990ScheduleG/ExplanationIfNoTxt",850,850,"2021v4.0, 2021v4.2, 2021v4.1"
"/Return/ReturnData/IRS990ScheduleD/FundsAndOtherAccountsContriAmt",850,850,"2021v4.1, 2021v4.2, 2021v4.0"
"/Return/ReturnData/IRS990ScheduleH/ResearchGrp",844,844,"2021v4.2, 2021v4.0, 2021v4.1"
"/Return/ReturnData/IRS990ScheduleN/BondLiabilitiesDischargedInd",826,826,"2021v4.2, 2021v4.0, 2021v4.1"
"/Return/ReturnData/IRS990/ApplicationPendingInd",825,825,"2021v4.0, 2021v4.2, 2021v4.1"
"/Return/ReturnData/IRS990/BooksInCareOfDetail/ForeignAddress/CityNm",825,823,"2021v4.0, 2021v4.2, 2021v4.1"
"/Return/ReturnData/IRS990ScheduleC/GrantsOtherOrganizationsAmt",823,823,"2021v4.2, 2021v4.0, 2021v4.1"
"/Return/ReturnData/IRS990ScheduleH/HospitalFacilitiesGrp/CriticalAccessHospitalInd",823,726,"2021v4.1, 2021v4.2, 2021v4.0"
"/Return/ReturnData/IRS990ScheduleA/AdjustedNetIncomeGrp/NetSTCapitalGainAdjNetIncmGrp/CurrentYearAmt",817,817,"2021v4.1, 2021v4.0, 2021v4.2"
"/Return/ReturnData/IRS990ScheduleD/FundsAndOtherAccountsGrantsAmt",809,809,"2021v4.1, 2021v4.0, 2021v4.2"
"/Return/ReturnData/IRS990ScheduleH/Percent400Ind",803,802,"2021v4.1, 2021v4.2, 2021v4.0"
"/Return/ReturnData/IRS990ScheduleH/HospitalFacilitiesGrp/OtherDesc",801,589,"2021v4.2, 2021v4.0, 2021v4.1"
"/Return/ReturnData/IRS990ScheduleC/Section527PoliticalOrgGrp/OrganizationBusinessName/BusinessNameLine2Txt",800,67,"2021v4.0, 2021v4.2"
"/Return/ReturnData/IRS990ScheduleH/TotalCommunityBenefitsGrp/PersonsServedCnt",793,793,"2021v4.1, 2021v4.2, 2021v4.0"
"/Return/ReturnData/IRS990ScheduleR/IdRelatedOrgTxblPartnershipGrp/ForeignAddress/AddressLine1Txt",786,362,"2021v4.2, 2021v4.0, 2021v4.1"
"/Return/ReturnData/IRS990ScheduleR/IdRelatedOrgTxblPartnershipGrp/ForeignAddress/CountryCd",786,362,"2021v4.1, 2021v4.2, 2021v4.0"
"/Return/ReturnData/IRS990ScheduleR/IdRelatedOrgTxblPartnershipGrp/ForeignAddress",786,362,"2021v4.2, 2021v4.0, 2021v4.1"
"/Return/ReturnData/IRS990ScheduleM/RealEstateCommercialGrp/MethodOfDeterminingRevenuesTxt",782,782,"2021v4.1, 2021v4.0, 2021v4.2"
"/Return/ReturnData/IRS990ScheduleH/UnreimbursedCostsGrp/TotalExpensePct",780,779,"2021v4.1, 2021v4.2, 2021v4.0"
"/Return/ReturnData/IRS990ScheduleH/HospitalFcltyPoliciesPrctcGrp/OtherPublicityInd",776,642,"2021v4.2, 2021v4.0, 2021v4.1"
"/Return/ReturnData/IRS990ScheduleH/UnreimbursedCostsGrp/NetCommunityBenefitExpnsAmt",776,775,"2021v4.2, 2021v4.0, 2021v4.1"
"/Return/ReturnData/IRS990ScheduleG/GamingInformationGrp/NonCashPrizesBingoAmt",772,772,"2021v4.1, 2021v4.0, 2021v4.2"
"/Return/ReturnData/IRS990ScheduleM/RealEstateOtherGrp/MethodOfDeterminingRevenuesTxt",767,767,"2021v4.2, 2021v4.0, 2021v4.1"
"/Return/ReturnData/IRS990ScheduleH/WorkforceDevelopmentGrp",766,766,"2021v4.1, 2021v4.2, 2021v4.0"
"/Return/ReturnData/IRS990ScheduleH/TotalOtherBenefitsGrp/PersonsServedCnt",759,759,"2021v4.1, 2021v4.2, 2021v4.0"
"/Return/ReturnData/IRS990ScheduleR/IdRelatedOrgTxblPartnershipGrp/ForeignAddress/CityNm",755,355,"2021v4.2, 2021v4.0, 2021v4.1"
"/Return/ReturnData/IRS990ScheduleD/ArtPublicExhibitionAmountsGrp/RevenuesIncludedAmt",751,751,"2021v4.2, 2021v4.0, 2021v4.1"
"/Return/ReturnData/IRS990ScheduleH/ResearchGrp/NetCommunityBenefitExpnsAmt",750,750,"2021v4.1, 2021v4.2, 2021v4.0"
"/Return/ReturnData/IRS990ScheduleH/ResearchGrp/TotalExpensePct",748,748,"2021v4.2, 2021v4.0, 2021v4.1"
"/Return/ReturnData/IRS990ScheduleH/FreeCareOthPercentageGrp/FreeCareOtherPct",747,745,"2021v4.2, 2021v4.0, 2021v4.1"
"/Return/ReturnData/IRS990ScheduleH/FreeCareOthPercentageGrp/OtherInd",747,745,"2021v4.2, 2021v4.0, 2021v4.1"
"/Return/ReturnData/IRS990ScheduleH/FreeCareOthPercentageGrp",747,745,"2021v4.2, 2021v4.0, 2021v4.1"
"/Return/ReturnData/IRS990ScheduleH/WorkforceDevelopmentGrp/NetCommunityBenefitExpnsAmt",744,744,"2021v4.2, 2021v4.0, 2021v4.1"
"/Return/ReturnData/IRS990ScheduleC/Form4720Filed4912TaxInd",732,732,"2021v4.2, 2021v4.0, 2021v4.1"
"/Return/ReturnData/IRS990/ForeignAddress",731,729,"2021v4.0, 2021v4.2, 2021v4.1"
"/Return/ReturnData/IRS990/ForeignAddress/AddressLine1Txt",731,729,"2021v4.0, 2021v4.2, 2021v4.1"
"/Return/ReturnData/IRS990/ForeignAddress/CountryCd",731,729,"2021v4.0, 2021v4.2, 2021v4.1"
"/Return/ReturnData/IRS990ScheduleM/RealEstateResidentialGrp/NoncashContributionsRptF990Amt",728,728,"2021v4.1, 2021v4.2, 2021v4.0"
"/Return/ReturnData/IRS990ScheduleD/FinancialDerivativesGrp/BookValueAmt",727,727,"2021v4.1, 2021v4.0, 2021v4.2"
"/Return/ReturnData/IRS990ScheduleA/Form990SchASupportingOrgGrp/SupportedOrgClassDesignatedInd",726,726,"2021v4.1, 2021v4.2, 2021v4.0"
"/Return/ReturnData/IRS990ScheduleM/RealEstateResidentialGrp/NonCashCheckboxInd",724,724,"2021v4.2, 2021v4.0, 2021v4.1"
"/Return/ReturnData/AffiliateListing/AffiliateListingGrp/BusinessName/BusinessNameLine2Txt",720,31,"2021v4.0"
"/Return/ReturnData/IRS990ScheduleH/TotalCommunityBenefitsGrp/ActivitiesOrProgramsCnt",718,718,"2021v4.1, 2021v4.2, 2021v4.0"
"/Return/ReturnData/IRS990ScheduleA/MinimumAssetAmountGrp/FMVOtherNonExemptUseAssetGrp/CurrentYearAmt",717,717,"2021v4.0, 2021v4.2, 2021v4.1"
"/Return/ReturnData/IRS990ScheduleG/GamingInformationGrp/NonCashPrizesPullTabsAmt",713,713,"2021v4.1, 2021v4.0, 2021v4.2"
"/Return/ReturnData/IRS990ScheduleH/TotalOtherBenefitsGrp/ActivitiesOrProgramsCnt",713,713,"2021v4.1, 2021v4.2, 2021v4.0"
"/Return/ReturnData/IRS990ScheduleH/WorkforceDevelopmentGrp/TotalExpensePct",712,712,"2021v4.1, 2021v4.2, 2021v4.0"
"/Return/ReturnData/IRS990/BooksInCareOfDetail/ForeignAddress/ForeignPostalCd",712,711,"2021v4.1, 2021v4.2, 2021v4.0"
"/Return/ReturnData/IRS990ScheduleM/RealEstateResidentialGrp/ContributionCnt",708,708,"2021v4.2, 2021v4.0, 2021v4.1"
"/Return/ReturnData/IRS990ScheduleA/AdjustedNetIncomeGrp/DepreciationDepletionGrp/CurrentYearAmt",703,703,"2021v4.0, 2021v4.2, 2021v4.1"
"/Return/ReturnData/IRS990ScheduleA/TestPublicSafetyInd",702,702,"2021v4.1, 2021v4.2, 2021v4.0"
"/Return/ReturnData/IRS990/ForeignAddress/CityNm",698,696,"2021v4.1, 2021v4.0, 2021v4.2"
"/Return/ReturnData/IRS990ScheduleA/Form990SchASupportingOrgGrp/SupportForeignOrgNoDetermInd",697,697,"2021v4.1, 2021v4.0, 2021v4.2"
"/Return/ReturnData/IRS990ScheduleH/CoalitionBuildingGrp",686,686,"2021v4.1, 2021v4.2, 2021v4.0"
"/Return/ReturnData/IRS990ScheduleA/AdjustedNetIncomeGrp/RecoveriesPYDistributionsGrp/CurrentYearAmt",680,680,"2021v4.1, 2021v4.0, 2021v4.2"
"/Return/ReturnData/IRS990ScheduleH/HealthImprovementAdvocacyGrp",680,680,"2021v4.0, 2021v4.2, 2021v4.1"
"/Return/ReturnData/IRS990ScheduleA/Form990SchASupportingOrgGrp/ControlDecidingGrntFrgnOrgInd",673,673,"2021v4.1, 2021v4.0, 2021v4.2"
"/Return/ReturnData/IRS990ScheduleD/HistoricStructureEasementsCnt",672,672,"2021v4.0, 2021v4.2, 2021v4.1"
"/Return/ReturnData/IRS990EZ/CompensationHighestPaidEmplGrp/ExpenseAccountAmt",670,376,"2021v4.2, 2021v4.0, 2021v4.1"
"/Return/ReturnData/IRS990EZ/CompensationHighestPaidEmplGrp",670,376,"2021v4.2, 2021v4.0, 2021v4.1"
"/Return/ReturnData/IRS990EZ/CompensationHighestPaidEmplGrp/CompensationAmt",670,376,"2021v4.1, 2021v4.2, 2021v4.0"
"/Return/ReturnData/IRS990EZ/CompensationHighestPaidEmplGrp/AverageHoursPerWeekRt",670,376,"2021v4.1, 2021v4.2, 2021v4.0"
"/Return/ReturnData/IRS990EZ/CompensationHighestPaidEmplGrp/PersonNm",670,376,"2021v4.2, 2021v4.0, 2021v4.1"
"/Return/ReturnData/IRS990EZ/CompensationHighestPaidEmplGrp/EmployeeBenefitsAmt",670,376,"2021v4.2, 2021v4.0, 2021v4.1"
"/Return/ReturnData/IRS990EZ/CompensationHighestPaidEmplGrp/TitleTxt",670,376,"2021v4.1, 2021v4.2, 2021v4.0"
"/Return/ReturnData/IRS990ScheduleH/HospitalFcltyPoliciesPrctcGrp/IncomeLevelCriteriaInd",665,587,"2021v4.2, 2021v4.0, 2021v4.1"
"/Return/ReturnData/IRS990EZ/ForeignFinancialAccountCntryCd",661,631,"2021v4.1, 2021v4.0, 2021v4.2"
"/Return/ReturnData/IRS990ScheduleH/EconomicDevelopmentGrp",659,659,"2021v4.1, 2021v4.2, 2021v4.0"
"/Return/ReturnData/IRS990ScheduleH/CommunitySupportGrp/TotalCommunityBenefitExpnsAmt",659,659,"2021v4.1, 2021v4.2, 2021v4.0"
"/Return/ReturnData/IRS990ScheduleH/ResearchGrp/TotalCommunityBenefitExpnsAmt",656,656,"2021v4.1, 2021v4.2, 2021v4.0"
"/Return/ReturnData/IRS990ScheduleH/CoalitionBuildingGrp/NetCommunityBenefitExpnsAmt",653,653,"2021v4.1, 2021v4.2, 2021v4.0"
"/Return/ReturnData/IRS990ScheduleD/HeldWorksArtGrp/AssetsIncludedAmt",652,652,"2021v4.1, 2021v4.2, 2021v4.0"
"/Return/ReturnData/IRS990ScheduleH/UnreimbursedCostsGrp/TotalCommunityBenefitExpnsAmt",649,648,"2021v4.1, 2021v4.2, 2021v4.0"
"/Return/ReturnData/IRS990ScheduleH/HealthImprovementAdvocacyGrp/NetCommunityBenefitExpnsAmt",645,645,"2021v4.1, 2021v4.0, 2021v4.2"
"/Return/ReturnData/IRS990ScheduleJ/RebuttablePresumptionProcInd",643,643,"2021v4.2, 2021v4.0, 2021v4.1"
"/Return/ReturnData/IRS990/StateRequiredReservesAmt",643,643,"2021v4.0, 2021v4.2, 2021v4.1"
"/Return/ReturnData/IRS990ScheduleG/ThirdPartyUSAddress/AddressLine1Txt",640,640,"2021v4.0, 2021v4.2, 2021v4.1"
"/Return/ReturnData/IRS990ScheduleG/ThirdPartyUSAddress",640,640,"2021v4.1, 2021v4.0, 2021v4.2"
"/Return/ReturnData/IRS990ScheduleG/ThirdPartyUSAddress/ZIPCd",640,640,"2021v4.1, 2021v4.0, 2021v4.2"
"/Return/ReturnData/IRS990ScheduleG/ThirdPartyUSAddress/StateAbbreviationCd",640,640,"2021v4.1, 2021v4.0, 2021v4.2"
"/Return/ReturnData/IRS990ScheduleG/ThirdPartyUSAddress/CityNm",640,640,"2021v4.0, 2021v4.2, 2021v4.1"
"/Return/ReturnData/IRS990ScheduleA/MinimumAssetAmountGrp/AcquisitionIndebtednessGrp/CurrentYearAmt",639,639,"2021v4.0, 2021v4.2, 2021v4.1"
"/Return/ReturnData/IRS990ScheduleM/RealEstateResidentialGrp/MethodOfDeterminingRevenuesTxt",639,639,"2021v4.2, 2021v4.0, 2021v4.1"
"/Return/ReturnData/IRS990ScheduleD/FinancialDerivativesGrp/MethodValuationCd",639,639,"2021v4.0, 2021v4.2, 2021v4.1"
"/Return/ReturnData/IRS990ScheduleA/MinimumAssetAmountGrp/RecoveriesPYDistriMinAssetGrp/CurrentYearAmt",639,639,"2021v4.1, 2021v4.0, 2021v4.2"
"/Return/ReturnData/IRS990/Form990PartVIISectionAGrp/BusinessName/BusinessNameLine2Txt",638,258,"2021v4.1, 2021v4.0, 2021v4.2"
"/Return/ReturnData/IRS990ScheduleH/TotalCommuntityBuildingActyGrp/ActivitiesOrProgramsCnt",638,638,"2021v4.2, 2021v4.0, 2021v4.1"
"/Return/ReturnData/IRS990ScheduleH/EconomicDevelopmentGrp/NetCommunityBenefitExpnsAmt",637,637,"2021v4.2, 2021v4.0, 2021v4.1"
"/Return/ReturnData/IRS990ScheduleH/HealthImprovementAdvocacyGrp/TotalExpensePct",632,632,"2021v4.0, 2021v4.2"
"/Return/ReturnData/IRS990/ReservesMaintainedAmt",631,631,"2021v4.1, 2021v4.0, 2021v4.2"
"/Return/ReturnData/IRS990ScheduleH/CoalitionBuildingGrp/TotalExpensePct",623,623,"2021v4.1, 2021v4.2, 2021v4.0"
"/Return/ReturnData/IRS990ScheduleH/EconomicDevelopmentGrp/TotalExpensePct",612,612,"2021v4.1, 2021v4.2, 2021v4.0"
"/Return/ReturnData/IRS990ScheduleA/TrustIntegralPartTestInd",608,608,"2021v4.1, 2021v4.0, 2021v4.2"
"/Return/ReturnData/IRS990ScheduleH/TotalCommuntityBuildingActyGrp/PersonsServedCnt",601,601,"2021v4.1, 2021v4.2, 2021v4.0"
"/Return/ReturnData/IRS990ScheduleH/TotalFinancialAssistanceTyp/PersonsServedCnt",598,598,"2021v4.1, 2021v4.2, 2021v4.0"
"/Return/ReturnData/IRS990ScheduleH/UnreimbursedCostsGrp/DirectOffsettingRevenueAmt",593,592,"2021v4.1, 2021v4.2, 2021v4.0"
"/Return/ReturnData/IRS990ScheduleJ/PersonalServicesInd",559,559,"2021v4.1, 2021v4.2, 2021v4.0"
"/Return/ReturnData/IRS990ScheduleH/HospitalFcltyPoliciesPrctcGrp/RptAvailableThruOtherMethodInd",558,472,"2021v4.2, 2021v4.0, 2021v4.1"
"/Return/ReturnData/IRS990/ForeignAddress/ForeignPostalCd",557,556,"2021v4.1, 2021v4.2, 2021v4.0"
"/Return/ReturnData/IRS990/ActivityCd",554,554,"2021v4.2, 2021v4.0, 2021v4.1"
"/Return/ReturnHeader/Filer/ForeignAddress",550,549,"2021v4.2, 2021v4.0, 2021v4.1"
"/Return/ReturnHeader/Filer/ForeignAddress/CountryCd",550,549,"2021v4.1, 2021v4.2, 2021v4.0"
"/Return/ReturnHeader/Filer/ForeignAddress/AddressLine1Txt",550,549,"2021v4.1, 2021v4.2, 2021v4.0"
"/Return/ReturnData/IRS990ScheduleA/Form990SchASupportingOrgGrp/SubstitutionBeyondOrgCntlInd",545,545,"2021v4.1, 2021v4.0, 2021v4.2"
"/Return/ReturnData/IRS990ScheduleH/CashAndInKindContributionsGrp/DirectOffsettingRevenueAmt",544,544,"2021v4.1, 2021v4.2, 2021v4.0"
"/Return/ReturnData/IRS990ScheduleD/ModifiedEasementsCnt",544,544,"2021v4.1, 2021v4.0, 2021v4.2"
"/Return/ReturnData/IRS990ScheduleD/HistoricStrctrEasementsAftrCnt",541,541,"2021v4.0, 2021v4.2, 2021v4.1"
"/Return/ReturnHeader/Filer/ForeignAddress/CityNm",540,539,"2021v4.1, 2021v4.2, 2021v4.0"
"/Return/ReturnData/IRS990ScheduleR/IdDisregardedEntitiesGrp/LegalDomicileForeignCountryCd",532,236,"2021v4.1, 2021v4.2, 2021v4.0"
"/Return/ReturnData/IRS990ScheduleH/LeadershipDevelopmentGrp",531,531,"2021v4.2, 2021v4.0"
"/Return/ReturnData/IRS990ScheduleG/GamingRevenueReceivedByOrgAmt",522,522,"2021v4.1, 2021v4.0, 2021v4.2"
"/Return/ReturnData/IRS990/BooksInCareOfDetail/ForeignAddress/ProvinceOrStateNm",518,518,"2021v4.0, 2021v4.2, 2021v4.1"
"/Return/ReturnHeader/Filer/ForeignAddress/ForeignPostalCd",516,515,"2021v4.2, 2021v4.0, 2021v4.1"
"/Return/ReturnData/IRS990ScheduleH/OtherCommuntityBuildingActyGrp",515,515,"2021v4.2, 2021v4.0"
"/Return/ReturnData/IRS990ScheduleH/PhysicalImprvAndHousingGrp",515,515,"2021v4.1, 2021v4.2, 2021v4.0"
"/Return/ReturnData/IRS990ScheduleH/TotalCommuntityBuildingActyGrp/DirectOffsettingRevenueAmt",515,515,"2021v4.2, 2021v4.0, 2021v4.1"
"/Return/ReturnData/IRS990ScheduleA/HospitalNameAndAddressGrp/SupportedOrganizationName/BusinessNameLine1Txt",509,406,"2021v4.0, 2021v4.2, 2021v4.1"
"/Return/ReturnData/IRS990ScheduleA/HospitalNameAndAddressGrp",509,406,"2021v4.1, 2021v4.0, 2021v4.2"
"/Return/ReturnData/IRS990ScheduleA/HospitalNameAndAddressGrp/SupportedOrganizationName",509,406,"2021v4.0, 2021v4.2, 2021v4.1"
"/Return/ReturnData/IRS990ScheduleA/HospitalNameAndAddressGrp/CityNm",509,406,"2021v4.1, 2021v4.0, 2021v4.2"
"/Return/ReturnData/IRS990ScheduleD/CollectionUsedOtherPurposesGrp/CollectionUsedOtherPurposesInd",508,508,"2021v4.1, 2021v4.2, 2021v4.0"
"/Return/ReturnData/IRS990ScheduleD/CollectionUsedOtherPurposesGrp",508,508,"2021v4.2, 2021v4.0, 2021v4.1"
"/Return/ReturnData/IRS990ScheduleD/CollectionUsedOtherPurposesGrp/OtherPurposesDesc",508,508,"2021v4.2, 2021v4.0, 2021v4.1"
"/Return/ReturnData/IRS990ScheduleR/IdRelatedOrgTxblCorpTrGrp/RelatedOrganizationName/BusinessNameLine2Txt",505,205,"2021v4.1, 2021v4.0, 2021v4.2"
"/Return/ReturnData/IRS990ScheduleH/WorkforceDevelopmentGrp/TotalCommunityBenefitExpnsAmt",499,499,"2021v4.2, 2021v4.0, 2021v4.1"
"/Return/ReturnData/IRS990ScheduleH/LeadershipDevelopmentGrp/TotalExpensePct",499,499,"2021v4.2, 2021v4.0"
"/Return/ReturnData/IRS990ScheduleA/HospitalNameAndAddressGrp/StateAbbreviationCd",494,394,"2021v4.1, 2021v4.0, 2021v4.2"
"/Return/ReturnData/IRS990ScheduleH/LeadershipDevelopmentGrp/NetCommunityBenefitExpnsAmt",493,493,"2021v4.2, 2021v4.0"
"/Return/ReturnData/IRS990ScheduleH/CommunityHealthServicesGrp/PersonsServedCnt",493,493,"2021v4.1, 2021v4.2, 2021v4.0"
"/Return/ReturnData/IRS990ScheduleR/IdDisregardedEntitiesGrp/ForeignAddress/CountryCd",490,213,"2021v4.1, 2021v4.2, 2021v4.0"
"/Return/ReturnData/IRS990ScheduleR/IdDisregardedEntitiesGrp/ForeignAddress/AddressLine1Txt",490,213,"2021v4.1, 2021v4.2, 2021v4.0"
"/Return/ReturnData/IRS990ScheduleR/IdDisregardedEntitiesGrp/ForeignAddress",490,213,"2021v4.2, 2021v4.0, 2021v4.1"
"/Return/ReturnData/IRS990ScheduleH/EnvironmentalImprovementsGrp",487,487,"2021v4.2, 2021v4.0"
"/Return/ReturnData/IRS990ScheduleR/IdDisregardedEntitiesGrp/USAddress/AddressLine2Txt",485,166,"2021v4.2, 2021v4.0"
"/Return/ReturnData/IRS990ScheduleH/ResearchGrp/DirectOffsettingRevenueAmt",483,483,"2021v4.1, 2021v4.2, 2021v4.0"
"/Return/ReturnData/IRS990ScheduleR/IdRelatedOrgTxblPartnershipGrp/ForeignAddress/ForeignPostalCd",483,148,"2021v4.2, 2021v4.0, 2021v4.1"
"/Return/ReturnData/IRS990ScheduleH/PhysicalImprvAndHousingGrp/TotalExpensePct",481,481,"2021v4.1, 2021v4.2, 2021v4.0"
"/Return/ReturnData/IRS990ScheduleH/OtherCommuntityBuildingActyGrp/TotalExpensePct",478,478,"2021v4.2, 2021v4.0"
"/Return/ReturnData/IRS990ScheduleH/PhysicalImprvAndHousingGrp/NetCommunityBenefitExpnsAmt",475,475,"2021v4.2, 2021v4.0, 2021v4.1"
"/Return/ReturnData/IRS990ScheduleH/OtherCommuntityBuildingActyGrp/NetCommunityBenefitExpnsAmt",473,473,"2021v4.2, 2021v4.0"
"/Return/ReturnData/IRS990ScheduleG/GamingManagerBusinessName",464,464,"2021v4.1, 2021v4.2, 2021v4.0"
"/Return/ReturnData/IRS990ScheduleG/GamingManagerBusinessName/BusinessNameLine1Txt",464,464,"2021v4.1, 2021v4.2, 2021v4.0"
"/Return/ReturnData/IRS990ScheduleR/IdDisregardedEntitiesGrp/ForeignAddress/CityNm",462,192,"2021v4.1, 2021v4.2, 2021v4.0"
"/Return/ReturnData/IRS990ScheduleH/EnvironmentalImprovementsGrp/TotalExpensePct",456,456,"2021v4.2, 2021v4.0"
"/Return/ReturnData/IRS990ScheduleA/Form990SchAType3FuncIntGrp/AppointElectMajorityOfficerInd",453,453,"2021v4.2, 2021v4.0, 2021v4.1"
"/Return/ReturnData/IRS990ScheduleA/Form990SchAType3FuncIntGrp/ExerciseDirectionPoliciesInd",453,453,"2021v4.2, 2021v4.0, 2021v4.1"
"/Return/ReturnData/IRS990ScheduleH/TotalFinancialAssistanceTyp/ActivitiesOrProgramsCnt",452,452,"2021v4.1, 2021v4.2, 2021v4.0"
"/Return/ReturnData/IRS990/SpecialConditionDesc",451,441,"2021v4.1, 2021v4.0, 2021v4.2"
"/Return/ReturnData/IRS990ScheduleH/CommunityHealthServicesGrp/ActivitiesOrProgramsCnt",449,449,"2021v4.1, 2021v4.2, 2021v4.0"
"/Return/ReturnData/IRS990ScheduleH/EnvironmentalImprovementsGrp/NetCommunityBenefitExpnsAmt",448,448,"2021v4.2, 2021v4.0"
"/Return/ReturnData/IRS990ScheduleM/CollectiblesGrp/NonCashCheckboxInd",445,445,"2021v4.2, 2021v4.0, 2021v4.1"
"/Return/ReturnData/IRS990ScheduleH/CostingMethodologyUsedGrp/OtherInd",443,442,"2021v4.0, 2021v4.2, 2021v4.1"
"/Return/ReturnData/IRS990ScheduleH/HospitalFcltyPoliciesPrctcGrp/OtherWebsiteURLTxt",441,382,"2021v4.2, 2021v4.0, 2021v4.1"
"/Return/ReturnData/IRS990ScheduleH/HospitalFcltyPoliciesPrctcGrp/ProspectiveMedicareMedicaidInd",441,380,"2021v4.1, 2021v4.2, 2021v4.0"
"/Return/ReturnData/IRS990ScheduleL/GrntAsstBnftInterestedPrsnGrp/BusinessName",438,201,"2021v4.1, 2021v4.2, 2021v4.0"
"/Return/ReturnData/IRS990ScheduleG/ThirdPartyBusinessName",438,438,"2021v4.1, 2021v4.0, 2021v4.2"
"/Return/ReturnData/IRS990ScheduleG/ThirdPartyBusinessName/BusinessNameLine1Txt",438,438,"2021v4.0, 2021v4.2, 2021v4.1"
"/Return/ReturnData/IRS990ScheduleL/GrntAsstBnftInterestedPrsnGrp/BusinessName/BusinessNameLine1Txt",438,201,"2021v4.2, 2021v4.0, 2021v4.1"
"/Return/ReturnData/IRS990/ForeignAddress/ProvinceOrStateNm",436,436,"2021v4.1, 2021v4.2, 2021v4.0"
"/Return/ReturnData/IRS990ScheduleH/Percent300Ind",436,435,"2021v4.2, 2021v4.0, 2021v4.1"
"/Return/ReturnData/IRS990ScheduleH/HospitalFcltyPoliciesPrctcGrp/OtherWebsiteInd",435,376,"2021v4.2, 2021v4.0, 2021v4.1"
"/Return/ReturnData/IRS990ScheduleM/CollectiblesGrp/ContributionCnt",431,431,"2021v4.1, 2021v4.2, 2021v4.0"
"/Return/ReturnData/IRS990ScheduleC/MailingsMembersAmt",428,428,"2021v4.2, 2021v4.0, 2021v4.1"
"/Return/ReturnData/IRS990ScheduleG/GamingRevenueRtnBy3PrtyAmt",427,427,"2021v4.1, 2021v4.0, 2021v4.2"
"/Return/ReturnData/IRS990ScheduleH/HospitalFcltyPoliciesPrctcGrp/OtherActionsTakenInd",426,356,"2021v4.2, 2021v4.0, 2021v4.1"
"/Return/ReturnData/IRS990ScheduleH/ManagementCoAndJntVenturesGrp/OfcrEtcProfitOrOwnershipPct",424,183,"2021v4.2, 2021v4.0, 2021v4.1"
"/Return/ReturnData/IRS990ScheduleI/RecipientTable/ForeignAddress/CountryCd",421,228,"2021v4.2, 2021v4.0, 2021v4.1"
"/Return/ReturnData/IRS990ScheduleI/RecipientTable/ForeignAddress",421,228,"2021v4.1, 2021v4.2, 2021v4.0"
"/Return/ReturnData/IRS990ScheduleI/RecipientTable/ForeignAddress/AddressLine1Txt",421,228,"2021v4.1, 2021v4.2, 2021v4.0"
"/Return/ReturnData/IRS990ScheduleD/HeldWorksArtGrp/RevenuesIncludedAmt",420,420,"2021v4.0, 2021v4.2, 2021v4.1"
"/Return/ReturnData/IRS990ScheduleM/CollectiblesGrp/NoncashContributionsRptF990Amt",417,417,"2021v4.1, 2021v4.2, 2021v4.0"
"/Return/ReturnData/IRS990ScheduleA/MedicalResearchOrganizationInd",406,406,"2021v4.1, 2021v4.0, 2021v4.2"
"/Return/ReturnData/IRS990ScheduleH/DiscountedCareOthPercentageGrp/OtherInd",405,405,"2021v4.1, 2021v4.2, 2021v4.0"
"/Return/ReturnData/IRS990ScheduleH/DiscountedCareOthPercentageGrp/DiscountedCareOtherPct",405,405,"2021v4.1, 2021v4.2, 2021v4.0"
"/Return/ReturnData/IRS990ScheduleH/DiscountedCareOthPercentageGrp",405,405,"2021v4.1, 2021v4.2, 2021v4.0"
"/Return/ReturnData/IRS990ScheduleC/LobbyingNontaxableAmountGrp/AffiliatedGroupTotalAmt",403,403,"2021v4.2, 2021v4.0, 2021v4.1"
"/Return/ReturnData/IRS990ScheduleR/IdDisregardedEntitiesGrp/DirectControllingEntityName/BusinessNameLine2Txt",401,254,"2021v4.0"
"/Return/ReturnData/IRS990ScheduleH/HealthImprovementAdvocacyGrp/TotalCommunityBenefitExpnsAmt",400,400,"2021v4.0, 2021v4.2, 2021v4.1"
"/Return/ReturnData/IRS990ScheduleH/CoalitionBuildingGrp/TotalCommunityBenefitExpnsAmt",397,397,"2021v4.1, 2021v4.2, 2021v4.0"
"/Return/ReturnData/IRS990ScheduleH/HospitalFacilitiesGrp/ResearchFacilityInd",391,258,"2021v4.2, 2021v4.0, 2021v4.1"
"/Return/ReturnData/IRS990ScheduleD/HistoricLandAreaInd",387,387,"2021v4.2, 2021v4.0, 2021v4.1"
"/Return/ReturnData/IRS990ScheduleM/CollectiblesGrp/MethodOfDeterminingRevenuesTxt",381,381,"2021v4.2, 2021v4.0, 2021v4.1"
"/Return/ReturnData/IRS990ScheduleC/OrganizationBelongsAffltGrpInd",380,379,"2021v4.2, 2021v4.0, 2021v4.1"
"/Return/ReturnData/IRS990ScheduleH/CashAndInKindContributionsGrp/ActivitiesOrProgramsCnt",379,379,"2021v4.2, 2021v4.0, 2021v4.1"
"/Return/ReturnData/IRS990ScheduleH/OthHlthCareFcltsNotHospitalGrp/OthHlthCareFcltsGrp/USAddress/AddressLine2Txt",379,116,"2021v4.1, 2021v4.2, 2021v4.0"
"/Return/ReturnData/IRS990ScheduleH/HospitalFcltyPoliciesPrctcGrp/LookBackMedicaidMedcrPrvtInd",378,346,"2021v4.1, 2021v4.0, 2021v4.2"
"/Return/ReturnData/IRS990EZ/CompensationOfHghstPdCntrctGrp/ServiceTypeTxt",378,270,"2021v4.1, 2021v4.2, 2021v4.0"
"/Return/ReturnData/IRS990EZ/CompensationOfHghstPdCntrctGrp/CompensationAmt",378,270,"2021v4.1, 2021v4.2, 2021v4.0"
"/Return/ReturnData/IRS990EZ/CompensationOfHghstPdCntrctGrp",378,270,"2021v4.2, 2021v4.0, 2021v4.1"
"/Return/ReturnData/IRS990ScheduleH/EconomicDevelopmentGrp/TotalCommunityBenefitExpnsAmt",377,377,"2021v4.1, 2021v4.2, 2021v4.0"
"/Return/ReturnData/IRS990ScheduleH/HealthProfessionsEducationGrp/PersonsServedCnt",377,377,"2021v4.2, 2021v4.0, 2021v4.1"
"/Return/ReturnData/IRS990ScheduleC/GrassrootsNontaxableGrp/AffiliatedGroupTotalAmt",371,371,"2021v4.1, 2021v4.2, 2021v4.0"
"/Return/ReturnData/IRS990ScheduleC/TotalExemptPurposeExpendGrp/AffiliatedGroupTotalAmt",370,370,"2021v4.2, 2021v4.0, 2021v4.1"
"/Return/ReturnData/IRS990ScheduleG/GamingManagerIsIndCntrctInd",369,369,"2021v4.1, 2021v4.2, 2021v4.0"
"/Return/ReturnData/IRS990ScheduleH/HealthProfessionsEducationGrp/ActivitiesOrProgramsCnt",366,366,"2021v4.2, 2021v4.0, 2021v4.1"
"/Return/ReturnData/IRS990ScheduleD/HistoricStructureInd",365,365,"2021v4.1, 2021v4.2, 2021v4.0"
"/Return/ReturnData/IRS990ScheduleC/OtherExemptPurposeExpendGrp/AffiliatedGroupTotalAmt",365,365,"2021v4.1, 2021v4.2, 2021v4.0"
"/Return/ReturnData/IRS990EZ/CompensationOfHghstPdCntrctGrp/USAddress/ZIPCd",363,263,"2021v4.2, 2021v4.0, 2021v4.1"
"/Return/ReturnData/IRS990EZ/CompensationOfHghstPdCntrctGrp/USAddress/AddressLine1Txt",363,263,"2021v4.2, 2021v4.0, 2021v4.1"
"/Return/ReturnData/IRS990EZ/CompensationOfHghstPdCntrctGrp/USAddress",363,263,"2021v4.1, 2021v4.2, 2021v4.0"
"/Return/ReturnData/IRS990EZ/CompensationOfHghstPdCntrctGrp/USAddress/CityNm",363,263,"2021v4.1, 2021v4.2, 2021v4.0"
"/Return/ReturnData/IRS990EZ/CompensationOfHghstPdCntrctGrp/USAddress/StateAbbreviationCd",363,263,"2021v4.1, 2021v4.2, 2021v4.0"
"/Return/ReturnData/IRS990ScheduleR/UnrelatedOrgTxblPartnershipGrp/USAddress",361,196,"2021v4.1, 2021v4.0, 2021v4.2"
"/Return/ReturnData/IRS990ScheduleR/UnrelatedOrgTxblPartnershipGrp/USAddress/StateAbbreviationCd",361,196,"2021v4.1, 2021v4.0, 2021v4.2"
"/Return/ReturnData/IRS990ScheduleR/UnrelatedOrgTxblPartnershipGrp/USAddress/CityNm",361,196,"2021v4.0, 2021v4.2, 2021v4.1"
"/Return/ReturnData/IRS990ScheduleR/UnrelatedOrgTxblPartnershipGrp/USAddress/ZIPCd",361,196,"2021v4.1, 2021v4.0, 2021v4.2"
"/Return/ReturnData/IRS990ScheduleR/UnrelatedOrgTxblPartnershipGrp/USAddress/AddressLine1Txt",361,196,"2021v4.0, 2021v4.2, 2021v4.1"
"/Return/ReturnData/IRS990ScheduleK/TaxExemptBondsPrivateBusUseGrp/ChangeInUseBondFinancedPropPct",360,189,"2021v4.2, 2021v4.0, 2021v4.1"
"/Return/ReturnData/IRS990ScheduleR/UnrelatedOrgTxblPartnershipGrp/OwnershipPct",356,189,"2021v4.0, 2021v4.2, 2021v4.1"
"/Return/ReturnData/IRS990ScheduleR/UnrelatedOrgTxblPartnershipGrp/EIN",356,190,"2021v4.0, 2021v4.2, 2021v4.1"
"/Return/ReturnHeader/Filer/ForeignAddress/ProvinceOrStateNm",355,355,"2021v4.1, 2021v4.2, 2021v4.0"
"/Return/ReturnData/IRS990ScheduleH/HospitalFcltyPoliciesPrctcGrp/LookBackMedicareInd",352,303,"2021v4.1, 2021v4.2, 2021v4.0"
"/Return/ReturnData/IRS990ScheduleC/TotalLobbyingExpendGrp/AffiliatedGroupTotalAmt",351,351,"2021v4.1, 2021v4.2, 2021v4.0"
"/Return/ReturnData/IRS990ScheduleC/RalliesDemonstrationsAmt",349,349,"2021v4.1, 2021v4.0, 2021v4.2"
"/Return/ReturnData/IRS990ScheduleA/Form990SchAType3FuncIntGrp/ParentSupportedOrgInd",346,346,"2021v4.1, 2021v4.2, 2021v4.0"
"/Return/ReturnData/IRS990ScheduleK/TaxExemptBondsArbitrageGrp/RegulatorySafeHarborStsfdInd",346,204,"2021v4.2, 2021v4.0, 2021v4.1"
"/Return/ReturnData/IRS990ScheduleI/RecipientTable/ForeignAddress/CityNm",343,179,"2021v4.1, 2021v4.2, 2021v4.0"
"/Return/ReturnData/IRS990ScheduleC/TotalDirectLobbyingGrp/AffiliatedGroupTotalAmt",340,340,"2021v4.1, 2021v4.2, 2021v4.0"
"/Return/ReturnData/IRS990EZ/OfficerDirectorTrusteeEmplGrp/BusinessName/BusinessNameLine2Txt",337,125,"2021v4.1, 2021v4.0, 2021v4.2"
"/Return/ReturnData/IRS990/LegalDomicileCountryCd",332,330,"2021v4.2, 2021v4.0, 2021v4.1"
"/Return/ReturnData/IRS990ScheduleH/CashAndInKindContributionsGrp/PersonsServedCnt",328,328,"2021v4.1, 2021v4.2, 2021v4.0"
"/Return/ReturnData/IRS990ScheduleC/Section4955OrganizationTaxAmt",325,325,"2021v4.1, 2021v4.2, 2021v4.0"
"/Return/ReturnData/IRS990ScheduleC/Section4955ManagersTaxAmt",318,318,"2021v4.2, 2021v4.0, 2021v4.1"
"/Return/ReturnData/IRS990ScheduleH/HospitalFcltyPoliciesPrctcGrp/StrategyAttachedInd",316,265,"2021v4.2, 2021v4.0, 2021v4.1"
"/Return/ReturnData/IRS990ScheduleR/UnrelatedOrgTxblPartnershipGrp/PredominateIncomeDesc",315,167,"2021v4.1, 2021v4.2, 2021v4.0"
"/Return/ReturnData/IRS990ScheduleK/TaxExemptBondsArbitrageGrp/TermOfGICPct",298,199,"2021v4.1, 2021v4.2, 2021v4.0"
"/Return/ReturnData/IRS990ScheduleR/UnrelatedOrgTxblPartnershipGrp/ShareOfTotalIncomeAmt",294,159,"2021v4.1, 2021v4.0, 2021v4.2"
"/Return/ReturnData/IRS990/DoingBusinessAsName/BusinessNameLine2Txt",293,292,"2021v4.2, 2021v4.0, 2021v4.1"
"/Return/ReturnData/IRS990/ContractorCompensationGrp/ContractorName/BusinessName/BusinessNameLine2Txt",289,204,"2021v4.0, 2021v4.2"
"/Return/ReturnData/IRS990ScheduleR/UnrelatedOrgTxblPartnershipGrp/ShareOfEOYAssetsAmt",287,156,"2021v4.0, 2021v4.2, 2021v4.1"
"/Return/ReturnData/IRS990ScheduleH/Percent100Ind",284,284,"2021v4.0, 2021v4.2, 2021v4.1"
"/Return/ReturnData/IRS990ScheduleR/IdRelatedOrgTxblPartnershipGrp/ForeignAddress/ProvinceOrStateNm",283,103,"2021v4.2, 2021v4.0, 2021v4.1"
"/Return/ReturnData/IRS990ScheduleG/AllStatesCd",281,281,"2021v4.0, 2021v4.2, 2021v4.1"
"/Return/ReturnData/IRS990ScheduleC/TotalGrassrootsLobbyingGrp/AffiliatedGroupTotalAmt",275,275,"2021v4.2, 2021v4.0, 2021v4.1"
"/Return/ReturnData/IRS990ScheduleI/RecipientTable/ForeignAddress/ForeignPostalCd",274,152,"2021v4.1, 2021v4.2, 2021v4.0"
"/Return/ReturnData/IRS990ScheduleM/HistoricalArtifactsGrp/NonCashCheckboxInd",267,267,"2021v4.1, 2021v4.2, 2021v4.0"
"/Return/ReturnData/IRS990ScheduleA/TenPctFactsCrcmstncsTestPYInd",266,266,"2021v4.1, 2021v4.0, 2021v4.2"
"/Return/ReturnData/IRS990EZ/BooksInCareOfDetail/ForeignAddress/CountryCd",260,260,"2021v4.0, 2021v4.2, 2021v4.1"
"/Return/ReturnData/IRS990EZ/BooksInCareOfDetail/ForeignAddress/AddressLine1Txt",260,260,"2021v4.0, 2021v4.2, 2021v4.1"
"/Return/ReturnData/IRS990EZ/BooksInCareOfDetail/ForeignAddress",260,260,"2021v4.0, 2021v4.2, 2021v4.1"
"/Return/ReturnData/IRS990ScheduleK/TaxExemptBondsIssuesGrp/IssuerName/BusinessNameLine2Txt",260,151,"2021v4.0, 2021v4.2"
"/Return/ReturnHeader/DisasterReliefTxt",259,259,"2021v4.2, 2021v4.0, 2021v4.1"
"/Return/ReturnData/IRS990ScheduleM/HistoricalArtifactsGrp/ContributionCnt",252,252,"2021v4.1, 2021v4.2, 2021v4.0"
"/Return/ReturnData/IRS990ScheduleH/FinancialAssistanceAtCostTyp/PersonsServedCnt",250,250,"2021v4.1, 2021v4.2, 2021v4.0"
"/Return/ReturnData/IRS990EZ/BooksInCareOfDetail/ForeignAddress/CityNm",249,249,"2021v4.1, 2021v4.0, 2021v4.2"
"/Return/ReturnData/IRS990ScheduleH/HospitalFcltyPoliciesPrctcGrp/OtherInd",249,223,"2021v4.0, 2021v4.2, 2021v4.1"
"/Return/ReturnHeader/PreparerPersonGrp/ForeignPhoneNum",248,248,"2021v4.0"
"/Return/ReturnData/IRS990ScheduleM/SecuritiesCloselyHeldStockGrp/NonCashCheckboxInd",244,244,"2021v4.0, 2021v4.2, 2021v4.1"
"/Return/ReturnData/IRS990ScheduleM/SecuritiesCloselyHeldStockGrp/NoncashContributionsRptF990Amt",243,243,"2021v4.1, 2021v4.0, 2021v4.2"
"/Return/ReturnData/IRS990ScheduleR/IdDisregardedEntitiesGrp/ForeignAddress/ForeignPostalCd",243,117,"2021v4.2, 2021v4.0"
"/Return/ReturnData/IRS990ScheduleM/SecuritiesMiscellaneousGrp/NonCashCheckboxInd",243,243,"2021v4.0, 2021v4.2, 2021v4.1"
"/Return/ReturnData/IRS990ScheduleM/SecuritiesMiscellaneousGrp/NoncashContributionsRptF990Amt",239,239,"2021v4.0, 2021v4.2, 2021v4.1"
"/Return/ReturnData/AveragingAttachment",239,239,"2021v4.1, 2021v4.0, 2021v4.2"
"/Return/ReturnData/IRS990ScheduleH/HospitalFacilitiesGrp/ChildrensHospitalInd",238,188,"2021v4.2, 2021v4.0, 2021v4.1"
"/Return/ReturnHeader/PreparerFirmGrp/PreparerForeignAddress/AddressLine1Txt",237,237,"2021v4.1, 2021v4.2, 2021v4.0"
"/Return/ReturnHeader/PreparerFirmGrp/PreparerForeignAddress/CityNm",237,237,"2021v4.2, 2021v4.0, 2021v4.1"
"/Return/ReturnHeader/PreparerFirmGrp/PreparerForeignAddress/CountryCd",237,237,"2021v4.1, 2021v4.2, 2021v4.0"
"/Return/ReturnData/IRS990ScheduleM/SecuritiesCloselyHeldStockGrp/ContributionCnt",237,237,"2021v4.0, 2021v4.2, 2021v4.1"
"/Return/ReturnHeader/PreparerFirmGrp/PreparerForeignAddress",237,237,"2021v4.2, 2021v4.0, 2021v4.1"
"/Return/ReturnData/IRS990ScheduleC/PublicationsOrBroadcastAmt",236,236,"2021v4.2, 2021v4.0, 2021v4.1"
"/Return/ReturnData/AveragingAttachment/ExplanationTxt",234,234,"2021v4.1, 2021v4.0"
"/Return/ReturnData/IRS990ScheduleM/SecuritiesMiscellaneousGrp/ContributionCnt",233,233,"2021v4.0, 2021v4.2, 2021v4.1"
"/Return/ReturnData/IRS990ScheduleH/SubsidizedHealthServicesGrp/ActivitiesOrProgramsCnt",230,230,"2021v4.2, 2021v4.0"
"/Return/ReturnData/IRS990ScheduleM/SecurPrtnrshpTrustIntrstsGrp/NoncashContributionsRptF990Amt",229,229,"2021v4.1, 2021v4.2, 2021v4.0"
"/Return/ReturnData/IRS990ScheduleM/SecurPrtnrshpTrustIntrstsGrp/NonCashCheckboxInd",228,228,"2021v4.2, 2021v4.0, 2021v4.1"
"/Return/ReturnData/IRS990ScheduleH/HospitalFcltyPoliciesPrctcGrp/OtherMethodInd",227,177,"2021v4.2, 2021v4.0, 2021v4.1"
"/Return/ReturnData/IRS990ScheduleM/SecurPrtnrshpTrustIntrstsGrp/ContributionCnt",225,225,"2021v4.2, 2021v4.0, 2021v4.1"
"/Return/ReturnData/IRS990ScheduleM/SecuritiesCloselyHeldStockGrp/MethodOfDeterminingRevenuesTxt",224,224,"2021v4.1, 2021v4.0, 2021v4.2"
"/Return/ReturnData/IRS990ScheduleC/TotLbbyExpendMnsLbbyngNonTxGrp/AffiliatedGroupTotalAmt",222,222,"2021v4.2, 2021v4.0, 2021v4.1"
"/Return/ReturnData/IRS990ScheduleH/LeadershipDevelopmentGrp/TotalCommunityBenefitExpnsAmt",221,221,"2021v4.2, 2021v4.0"
"/Return/ReturnData/IRS990ScheduleC/TotLbbyngGrassrootMnsNonTxGrp/AffiliatedGroupTotalAmt",220,220,"2021v4.1, 2021v4.2, 2021v4.0"
"/Return/ReturnData/IRS990ScheduleM/SecurPrtnrshpTrustIntrstsGrp/MethodOfDeterminingRevenuesTxt",219,219,"2021v4.1, 2021v4.2, 2021v4.0"
"/Return/ReturnData/IRS990ScheduleH/Percent200DInd",219,219,"2021v4.2, 2021v4.0, 2021v4.1"
"/Return/ReturnData/IRS990ScheduleH/CommunitySupportGrp/ActivitiesOrProgramsCnt",218,218,"2021v4.2, 2021v4.0, 2021v4.1"
"/Return/ReturnData/IRS990ScheduleH/UnreimbursedMedicaidGrp/PersonsServedCnt",217,217,"2021v4.1, 2021v4.2, 2021v4.0"
"/Return/ReturnData/AffiliatedGroupSchedule",217,216,"2021v4.2, 2021v4.0, 2021v4.1"
"/Return/ReturnData/IRS990ScheduleH/SubsidizedHealthServicesGrp/PersonsServedCnt",215,215,"2021v4.2, 2021v4.0"
"/Return/ReturnData/IRS990ScheduleM/SecuritiesMiscellaneousGrp/MethodOfDeterminingRevenuesTxt",214,214,"2021v4.0, 2021v4.2, 2021v4.1"
"/Return/ReturnData/IRS990ScheduleI/RecipientTable/ForeignAddress/ProvinceOrStateNm",214,153,"2021v4.1, 2021v4.2, 2021v4.0"
"/Return/ReturnData/IRS990/Organization4947a1NotPFInd",212,212,"2021v4.1, 2021v4.0, 2021v4.2"
"/Return/ReturnData/IRS990ScheduleG/ThirdPartyPersonNm",212,212,"2021v4.2, 2021v4.0, 2021v4.1"
"/Return/ReturnData/IRS990EZ/CompensationOfHghstPdCntrctGrp/BusinessName/BusinessNameLine1Txt",211,154,"2021v4.0, 2021v4.2, 2021v4.1"
"/Return/ReturnData/IRS990EZ/CompensationOfHghstPdCntrctGrp/BusinessName",211,154,"2021v4.0, 2021v4.2, 2021v4.1"
"/Return/ReturnData/IRS990ScheduleL/BusTrInvolveInterestedPrsnGrp/NameOfInterested/BusinessName/BusinessNameLine2Txt",210,155,"2021v4.0"
"/Return/ReturnHeader/PreparerPersonGrp/SSN",208,208,"2021v4.0, 2021v4.2, 2021v4.1"
"/Return/ReturnData/IRS990ScheduleG/PersonsWithBooksUSAddress/AddressLine2Txt",205,205,"2021v4.0, 2021v4.2, 2021v4.1"
"/Return/ReturnHeader/BusinessOfficerGrp/ForeignPhoneNum",203,203,"2021v4.2, 2021v4.0, 2021v4.1"
"/Return/ReturnData/IRS990ScheduleH/PhysicalImprvAndHousingGrp/TotalCommunityBenefitExpnsAmt",203,203,"2021v4.1, 2021v4.2, 2021v4.0"
"/Return/ReturnData/IRS990EZ/BooksInCareOfDetail/ForeignAddress/ForeignPostalCd",203,203,"2021v4.0, 2021v4.2, 2021v4.1"
"/Return/ReturnHeader/PreparerFirmGrp/PreparerForeignAddress/ForeignPostalCd",202,202,"2021v4.2, 2021v4.0, 2021v4.1"
"/Return/ReturnData/IRS990ScheduleN/LiquidationOfAssetsTableGrp/LiquidationOfAssetsDetail/ForeignAddress/CountryCd",201,39,"2021v4.1, 2021v4.2, 2021v4.0"
"/Return/ReturnData/IRS990ScheduleN/LiquidationOfAssetsTableGrp/LiquidationOfAssetsDetail/ForeignAddress",201,39,"2021v4.1, 2021v4.2, 2021v4.0"
"/Return/ReturnData/IRS990ScheduleN/LiquidationOfAssetsTableGrp/LiquidationOfAssetsDetail/ForeignAddress/AddressLine1Txt",201,39,"2021v4.2, 2021v4.0, 2021v4.1"
"/Return/ReturnData/IRS990/PrincipalOfcrBusinessName/BusinessNameLine2Txt",200,200,"2021v4.1, 2021v4.0, 2021v4.2"
"/Return/ReturnData/IRS990ScheduleH/OtherCommuntityBuildingActyGrp/TotalCommunityBenefitExpnsAmt",199,199,"2021v4.2, 2021v4.0"
"/Return/ReturnData/IRS990ScheduleJ/PaymentsForUseOfResidenceInd",199,199,"2021v4.1, 2021v4.2, 2021v4.0"
"/Return/ReturnData/IRS990ScheduleH/CostingMethodologyUsedGrp/CostAccountingSystemInd",198,198,"2021v4.2, 2021v4.0"
"/Return/ReturnData/IRS990ScheduleR/IdDisregardedEntitiesGrp/DisregardedEntityName/BusinessNameLine2Txt",194,118,"2021v4.0, 2021v4.2"
"/Return/ReturnData/IRS990ScheduleN/LiquidationOfAssetsTableGrp/LiquidationOfAssetsDetail/ForeignAddress/CityNm",192,33,"2021v4.0, 2021v4.2, 2021v4.1"
"/Return/ReturnData/IRS990ScheduleH/CommunitySupportGrp/DirectOffsettingRevenueAmt",186,186,"2021v4.1, 2021v4.2, 2021v4.0"
"/Return/ReturnData/IRS990ScheduleM/HistoricalArtifactsGrp/NoncashContributionsRptF990Amt",183,183,"2021v4.1, 2021v4.2, 2021v4.0"
"/Return/ReturnData/IRS990EZ/BooksInCareOfDetail/ForeignAddress/ProvinceOrStateNm",183,183,"2021v4.1, 2021v4.0, 2021v4.2"
"/Return/ReturnData/IRS990ScheduleM/BoatsAndPlanesGrp/NonCashCheckboxInd",182,182,"2021v4.2, 2021v4.0, 2021v4.1"
"/Return/ReturnData/IRS990EZ/SpecialConditionDesc",182,180,"2021v4.0, 2021v4.1"
"/Return/ReturnData/IRS990ScheduleH/CommunitySupportGrp/PersonsServedCnt",182,182,"2021v4.2, 2021v4.0"
"/Return/ReturnData/IRS990ScheduleM/HistoricalArtifactsGrp/MethodOfDeterminingRevenuesTxt",182,182,"2021v4.2, 2021v4.0, 2021v4.1"
"/Return/ReturnData/IRS990ScheduleK/TaxExemptBondsArbitrageGrp/HedgeProviderName/BusinessNameLine2Txt",180,144,"2021v4.2, 2021v4.0"
"/Return/ReturnData/IRS990ScheduleM/BoatsAndPlanesGrp/NoncashContributionsRptF990Amt",179,179,"2021v4.2, 2021v4.0, 2021v4.1"
"/Return/ReturnData/IRS990ScheduleH/EnvironmentalImprovementsGrp/TotalCommunityBenefitExpnsAmt",178,178,"2021v4.2, 2021v4.0"
"/Return/ReturnData/IRS990ScheduleM/BoatsAndPlanesGrp/ContributionCnt",177,177,"2021v4.1, 2021v4.2, 2021v4.0"
"/Return/ReturnData/IRS990ScheduleH/ResearchGrp/ActivitiesOrProgramsCnt",176,176,"2021v4.2, 2021v4.0, 2021v4.1"
"/Return/ReturnData/IRS990ScheduleN/LiquidationOfAssetsTableGrp/LiquidationOfAssetsDetail/ForeignAddress/ProvinceOrStateNm",176,18,"2021v4.0, 2021v4.2"
"/Return/ReturnData/IRS990ScheduleH/WorkforceDevelopmentGrp/ActivitiesOrProgramsCnt",172,172,"2021v4.1, 2021v4.2, 2021v4.0"
"/Return/ReturnData/AffiliateListing",171,171,"2021v4.1, 2021v4.0, 2021v4.2"
"/Return/ReturnData/IRS990ScheduleM/QualifiedContribOtherGrp/NonCashCheckboxInd",171,171,"2021v4.1, 2021v4.2, 2021v4.0"
"/Return/ReturnData/IRS990/ProgSrvcAccomActy2Grp/ActivityCd",169,169,"2021v4.2, 2021v4.0, 2021v4.1"
"/Return/ReturnData/IRS990ScheduleM/QualifiedContribOtherGrp/ContributionCnt",168,168,"2021v4.2, 2021v4.0, 2021v4.1"
"/Return/ReturnData/IRS990EZ/CompensationOfHghstPdCntrctGrp/PersonNm",167,131,"2021v4.1, 2021v4.2, 2021v4.0"
"/Return/ReturnData/IRS990ScheduleR/IdRelatedOrgTxblCorpTrGrp/DirectControllingEntityName/BusinessNameLine2Txt",162,118,"2021v4.0, 2021v4.1"
"/Return/ReturnData/IRS990ScheduleM/BoatsAndPlanesGrp/MethodOfDeterminingRevenuesTxt",162,162,"2021v4.1, 2021v4.2, 2021v4.0"
"/Return/ReturnData/IRS990ScheduleH/Percent150Ind",160,160,"2021v4.1, 2021v4.2, 2021v4.0"
"/Return/ReturnData/IRS990ScheduleH/WorkforceDevelopmentGrp/PersonsServedCnt",156,156,"2021v4.1, 2021v4.2, 2021v4.0"
"/Return/ReturnData/IRS990ScheduleL/DisqualifiedPersonExBnftTrGrp/TransactionDesc",152,110,"2021v4.1, 2021v4.2, 2021v4.0"
"/Return/ReturnData/IRS990ScheduleM/QualifiedContribOtherGrp/MethodOfDeterminingRevenuesTxt",151,151,"2021v4.1, 2021v4.0, 2021v4.2"
"/Return/ReturnData/IRS990ScheduleM/QualifiedContribOtherGrp/NoncashContributionsRptF990Amt",151,151,"2021v4.2, 2021v4.0, 2021v4.1"
"/Return/ReturnHeader/PreparerFirmGrp/PreparerForeignAddress/ProvinceOrStateNm",148,148,"2021v4.2, 2021v4.0, 2021v4.1"
"/Return/ReturnData/IRS990ScheduleH/CoalitionBuildingGrp/ActivitiesOrProgramsCnt",148,148,"2021v4.2, 2021v4.0"
"/Return/ReturnData/IRS990ScheduleN/LiquidationOfAssetsTableGrp/LiquidationOfAssetsDetail/USAddress/AddressLine2Txt",146,97,"2021v4.0, 2021v4.2"
"/Return/ReturnData/IRS990ScheduleH/ResearchGrp/PersonsServedCnt",145,145,"2021v4.2, 2021v4.0"
"/Return/ReturnData/IRS990ScheduleL/DisqualifiedPersonExBnftTrGrp/RlnDisqualifiedPersonOrgTxt",145,109,"2021v4.1, 2021v4.0, 2021v4.2"
"/Return/ReturnData/IRS990ScheduleH/HealthImprovementAdvocacyGrp/ActivitiesOrProgramsCnt",143,143,"2021v4.2, 2021v4.0"
"/Return/ReturnData/IRS990ScheduleH/EconomicDevelopmentGrp/ActivitiesOrProgramsCnt",140,140,"2021v4.2, 2021v4.0, 2021v4.1"
"/Return/ReturnData/IRS990ScheduleR/IdRelatedTaxExemptOrgGrp/ForeignAddress/AddressLine2Txt",140,81,"2021v4.2, 2021v4.0"
"/Return/ReturnData/IRS990ScheduleH/WorkforceDevelopmentGrp/DirectOffsettingRevenueAmt",138,138,"2021v4.2, 2021v4.0"
"/Return/ReturnData/IRS990ScheduleR/IdRelatedOrgTxblPartnershipGrp/RelatedOrganizationName/BusinessNameLine2Txt",136,88,"2021v4.0, 2021v4.2"
"/Return/ReturnData/IRS990ScheduleL/DisqualifiedPersonExBnftTrGrp/PersonNm",135,101,"2021v4.0, 2021v4.2, 2021v4.1"
"/Return/ReturnData/IRS990ScheduleR/IdDisregardedEntitiesGrp/ForeignAddress/ProvinceOrStateNm",135,83,"2021v4.2, 2021v4.0, 2021v4.1"
"/Return/ReturnData/IRS990ScheduleR/IdRelatedOrgTxblPartnershipGrp/DirectControllingEntityName/BusinessNameLine2Txt",135,69,"2021v4.0"
"/Return/ReturnData/IRS990ScheduleM/ArtHistoricalTreasuresGrp/NonCashCheckboxInd",128,128,"2021v4.1, 2021v4.2, 2021v4.0"
"/Return/ReturnData/IRS990ScheduleN/LiquidationOfAssetsTableGrp/LiquidationOfAssetsDetail/ForeignAddress/AddressLine2Txt",128,8,"2021v4.0, 2021v4.2"
"/Return/ReturnData/IRS990/ContractorCompensationGrp/ContractorAddress/ForeignAddress/AddressLine2Txt",127,69,"2021v4.0, 2021v4.2"
"/Return/ReturnData/IRS990ScheduleH/HospitalFcltyPoliciesPrctcGrp/NoEmergencyCareInd",126,111,"2021v4.2, 2021v4.0, 2021v4.1"
"/Return/ReturnData/IRS990ScheduleH/CoalitionBuildingGrp/DirectOffsettingRevenueAmt",126,126,"2021v4.2, 2021v4.0"
"/Return/ReturnData/IRS990ScheduleC/MediaAdvertisementsAmt",125,125,"2021v4.2, 2021v4.0, 2021v4.1"
"/Return/ReturnData/IRS990ScheduleG/FundraiserActivityInfoGrp/USAddress/AddressLine2Txt",125,107,"2021v4.0, 2021v4.2"
"/Return/ReturnData/IRS990ScheduleH/HealthImprovementAdvocacyGrp/DirectOffsettingRevenueAmt",125,125,"2021v4.2, 2021v4.0"
"/Return/ReturnData/IRS990ScheduleM/ArtHistoricalTreasuresGrp/ContributionCnt",119,119,"2021v4.2, 2021v4.0, 2021v4.1"
"/Return/ReturnData/IRS990ScheduleH/EconomicDevelopmentGrp/DirectOffsettingRevenueAmt",115,115,"2021v4.2, 2021v4.0"
"/Return/ReturnData/IRS990ScheduleH/Percent250Ind",113,113,"2021v4.1, 2021v4.2, 2021v4.0"
"/Return/ReturnData/IRS990ScheduleH/CoalitionBuildingGrp/PersonsServedCnt",111,111,"2021v4.2, 2021v4.0"
"/Return/ReturnData/IRS990ScheduleH/HospitalFacilitiesGrp/SubordinateHospitalEIN",110,21,"2021v4.2, 2021v4.0, 2021v4.1"
"/Return/ReturnData/IRS990/ProgSrvcAccomActy3Grp/ActivityCd",106,106,"2021v4.1, 2021v4.0, 2021v4.2"
"/Return/ReturnData/IRS990ScheduleH/HospitalFacilitiesGrp/SubordinateHospitalName",105,16,"2021v4.2, 2021v4.0, 2021v4.1"
"/Return/ReturnData/IRS990ScheduleH/HospitalFacilitiesGrp/SubordinateHospitalName/BusinessNameLine1Txt",105,16,"2021v4.2, 2021v4.0, 2021v4.1"
"/Return/ReturnData/IRS990ScheduleG/FundraiserActivityInfoGrp/ForeignAddress/AddressLine1Txt",99,82,"2021v4.1, 2021v4.2, 2021v4.0"
"/Return/ReturnData/IRS990ScheduleG/FundraiserActivityInfoGrp/ForeignAddress",99,82,"2021v4.2, 2021v4.0, 2021v4.1"
"/Return/ReturnData/IRS990ScheduleG/FundraiserActivityInfoGrp/ForeignAddress/CountryCd",99,82,"2021v4.2, 2021v4.0, 2021v4.1"
"/Return/ReturnData/IRS990ScheduleH/HealthImprovementAdvocacyGrp/PersonsServedCnt",98,98,"2021v4.2, 2021v4.0"
"/Return/ReturnData/IRS990ScheduleM/ArtHistoricalTreasuresGrp/NoncashContributionsRptF990Amt",98,98,"2021v4.1, 2021v4.2, 2021v4.0"
"/Return/ReturnData/IRS990ScheduleH/OtherCommuntityBuildingActyGrp/DirectOffsettingRevenueAmt",98,98,"2021v4.2, 2021v4.0"
"/Return/ReturnData/IRS990/ForeignAddress/AddressLine2Txt",97,97,"2021v4.0, 2021v4.2"
"/Return/ReturnData/IRS990ScheduleH/PhysicalImprvAndHousingGrp/DirectOffsettingRevenueAmt",96,96,"2021v4.2, 2021v4.0"
"/Return/ReturnData/IRS990ScheduleG/FundraiserActivityInfoGrp/ForeignAddress/CityNm",95,79,"2021v4.2, 2021v4.0, 2021v4.1"
"/Return/ReturnData/CompensationExplanation/CompensationExplanationGrp/BusinessName/BusinessNameLine1Txt",94,57,"2021v4.2, 2021v4.1"
"/Return/ReturnData/CompensationExplanation/CompensationExplanationGrp/BusinessName",94,57,"2021v4.2, 2021v4.1"
"/Return/ReturnHeader/AdditionalFilerInformation/TrustedCustomerGrp/ProfileUserNameChangeInd",94,94,"2021v4.0"
"/Return/ReturnData/IRS990ScheduleM/ArtHistoricalTreasuresGrp/MethodOfDeterminingRevenuesTxt",91,91,"2021v4.2, 2021v4.0, 2021v4.1"
"/Return/ReturnData/IRS990ScheduleH/EconomicDevelopmentGrp/PersonsServedCnt",91,91,"2021v4.2, 2021v4.0"
"/Return/ReturnData/IRS990ScheduleH/UnreimbursedMedicaidGrp/ActivitiesOrProgramsCnt",90,90,"2021v4.2, 2021v4.0, 2021v4.1"
"/Return/ReturnData/IRS990ScheduleH/UnreimbursedCostsGrp/PersonsServedCnt",87,87,"2021v4.2, 2021v4.0, 2021v4.1"
"/Return/ReturnData/IRS990ScheduleH/LeadershipDevelopmentGrp/DirectOffsettingRevenueAmt",87,87,"2021v4.2, 2021v4.0"
"/Return/ReturnData/IRS990ScheduleH/EnvironmentalImprovementsGrp/DirectOffsettingRevenueAmt",87,87,"2021v4.2, 2021v4.0"
"/Return/ReturnData/IRS990/BooksInCareOfDetail/ForeignAddress/AddressLine2Txt",84,84,"2021v4.0"
"/Return/ReturnData/IRS990ScheduleH/LeadershipDevelopmentGrp/ActivitiesOrProgramsCnt",84,84,"2021v4.2, 2021v4.0"
"/Return/ReturnData/IRS990ScheduleH/FinancialAssistanceAtCostTyp/ActivitiesOrProgramsCnt",81,81,"2021v4.2, 2021v4.0, 2021v4.1"
"/Return/ReturnData/IRS990ScheduleH/Percent350Ind",81,81,"2021v4.1, 2021v4.2, 2021v4.0"
"/Return/ReturnData/IRS990ScheduleN/LiquidationOfAssetsTableGrp/LiquidationOfAssetsDetail/BusinessName/BusinessNameLine2Txt",78,52,"2021v4.1, 2021v4.0"
"/Return/ReturnData/IRS990ScheduleH/HospitalFcltyPoliciesPrctcGrp/PermitReportToCreditAgencyInd",76,70,"2021v4.2, 2021v4.0, 2021v4.1"
"/Return/ReturnData/IRS990ScheduleR/UnrelatedOrgTxblPartnershipGrp/UBICodeVAmt",75,45,"2021v4.2, 2021v4.0, 2021v4.1"
"/Return/ReturnData/IRS990ScheduleG/FundraiserActivityInfoGrp/ForeignAddress/ForeignPostalCd",75,63,"2021v4.1, 2021v4.2, 2021v4.0"
"/Return/ReturnData/IRS990ScheduleH/HospitalFacilitiesGrp/EmergencyRoomOtherInd",75,70,"2021v4.1, 2021v4.2, 2021v4.0"
"/Return/ReturnData/IRS990ScheduleL/TaxImposedAmt",73,73,"2021v4.0, 2021v4.2, 2021v4.1"
"/Return/ReturnData/IRS990ScheduleH/LeadershipDevelopmentGrp/PersonsServedCnt",72,72,"2021v4.2, 2021v4.0"
"/Return/ReturnData/IRS990ScheduleH/EnvironmentalImprovementsGrp/ActivitiesOrProgramsCnt",72,72,"2021v4.2, 2021v4.0"
"/Return/ReturnData/IRS990ScheduleH/OtherCommuntityBuildingActyGrp/ActivitiesOrProgramsCnt",72,72,"2021v4.2, 2021v4.0"
"/Return/ReturnData/IRS990ScheduleH/PhysicalImprvAndHousingGrp/ActivitiesOrProgramsCnt",72,72,"2021v4.2, 2021v4.0"
"/Return/ReturnData/IRS990ScheduleM/IntellectualPropertyGrp/NoncashContributionsRptF990Amt",69,69,"2021v4.1, 2021v4.2, 2021v4.0"
"/Return/ReturnData/IRS990ScheduleC/Section527PoliticalOrgGrp/USAddress/AddressLine2Txt",69,29,"2021v4.0, 2021v4.2"
"/Return/ReturnData/IRS990ScheduleH/HospitalFcltyPoliciesPrctcGrp/NoneMadeInd",68,65,"2021v4.2, 2021v4.0, 2021v4.1"
"/Return/ReturnData/IRS990ScheduleR/IdRelatedOrgTxblPartnershipGrp/ForeignAddress/AddressLine2Txt",67,18,"2021v4.0, 2021v4.2"
"/Return/ReturnData/IRS990ScheduleN/DispositionOfAssetsDetail/USAddress/AddressLine2Txt",66,40,"2021v4.0, 2021v4.2"
"/Return/ReturnData/IRS990ScheduleM/IntellectualPropertyGrp/NonCashCheckboxInd",65,65,"2021v4.2, 2021v4.0, 2021v4.1"
"/Return/ReturnData/IRS990EZ/Organization4947a1NotPFInd",64,64,"2021v4.2, 2021v4.0, 2021v4.1"
"/Return/ReturnData/IRS990ScheduleH/PhysicalImprvAndHousingGrp/PersonsServedCnt",63,63,"2021v4.2, 2021v4.0"
"/Return/ReturnData/IRS990ScheduleM/IntellectualPropertyGrp/ContributionCnt",63,63,"2021v4.1, 2021v4.2, 2021v4.0"
"/Return/ReturnData/IRS990ScheduleL/LoansBtwnOrgInterestedPrsnGrp/BusinessName/BusinessNameLine2Txt",62,52,"2021v4.0, 2021v4.2"
"/Return/ReturnData/IRS990ScheduleH/OtherCommuntityBuildingActyGrp/PersonsServedCnt",62,62,"2021v4.2, 2021v4.0"
"/Return/ReturnHeader/PreparerFirmGrp/PreparerFirmName/BusinessNameLine2Txt",61,61,"2021v4.0, 2021v4.2"
"/Return/ReturnData/IRS990ScheduleM/IntellectualPropertyGrp/MethodOfDeterminingRevenuesTxt",60,60,"2021v4.2, 2021v4.0, 2021v4.1"
"/Return/ReturnData/EmployeeCompensationExpln",58,58,"2021v4.1, 2021v4.2, 2021v4.0"
"/Return/ReturnData/IRS990ScheduleG/FundraiserActivityInfoGrp/ForeignAddress/ProvinceOrStateNm",57,47,"2021v4.2, 2021v4.0"
"/Return/ReturnData/IRS990ScheduleL/TaxReimbursedAmt",57,57,"2021v4.0, 2021v4.2, 2021v4.1"
"/Return/ReturnData/IRS990ScheduleG/PersonsWithBooksName/BusinessNameLine2Txt",57,57,"2021v4.0"
"/Return/ReturnData/IRS990ScheduleH/EnvironmentalImprovementsGrp/PersonsServedCnt",55,55,"2021v4.2, 2021v4.0"
"/Return/ReturnData/AffiliateListing/AffiliateListingGrp/USAddress/AddressLine2Txt",54,13,"2021v4.2, 2021v4.0"
"/irs:Return/irs:ReturnData/irs:IRS990ScheduleO/irs:SupplementalInformationDetail/irs:ExplanationTxt",53,13,"2021v4.1"
"/irs:Return/irs:ReturnData/irs:IRS990ScheduleO/irs:SupplementalInformationDetail/irs:FormAndLineReferenceDesc",53,13,"2021v4.1"
"/irs:Return/irs:ReturnData/irs:IRS990ScheduleO/irs:SupplementalInformationDetail",53,13,"2021v4.1"
"/Return/ReturnData/IRS990ScheduleH/UnreimbursedCostsGrp/ActivitiesOrProgramsCnt",49,49,"2021v4.2, 2021v4.0, 2021v4.1"
"/Return/ReturnData/IRS990ScheduleN/DispositionOfAssetsDetail/ForeignAddress/AddressLine1Txt",48,16,"2021v4.1, 2021v4.2, 2021v4.0"
"/Return/ReturnData/IRS990ScheduleN/DispositionOfAssetsDetail/ForeignAddress",48,16,"2021v4.1, 2021v4.2, 2021v4.0"
"/Return/ReturnData/IRS990ScheduleN/DispositionOfAssetsDetail/ForeignAddress/CountryCd",48,16,"2021v4.2, 2021v4.0, 2021v4.1"
"/Return/ReturnData/IRS990ScheduleH/HospitalFcltyPoliciesPrctcGrp/PermitLegalJudicialProcessInd",47,46,"2021v4.2, 2021v4.0, 2021v4.1"
"/Return/ReturnData/IRS990ScheduleK/TaxExemptBondsArbitrageGrp/GICProviderName/BusinessNameLine2Txt",47,38,"2021v4.2, 2021v4.0"
"/Return/ReturnData/IRS990ScheduleN/DispositionOfAssetsDetail/ForeignAddress/CityNm",46,15,"2021v4.1, 2021v4.2, 2021v4.0"
"/Return/ReturnData/IRS990/ProgSrvcAccomActyOtherGrp/ActivityCd",46,30,"2021v4.1, 2021v4.2"
"/Return/ReturnData/IRS990ScheduleH/OthHlthCareFcltsNotHospitalGrp/OthHlthCareFcltsGrp/BusinessName/BusinessNameLine2Txt",42,12,"2021v4.2, 2021v4.0"
"/Return/ReturnData/IRS990ScheduleH/MostHospitalsPolicyInd",41,41,"2021v4.2, 2021v4.0"
"/Return/ReturnData/IRS990ScheduleH/HospitalFcltyPoliciesPrctcGrp/ReportingToCreditAgencyInd",40,35,"2021v4.2, 2021v4.0, 2021v4.1"
"/Return/ReturnData/IRS990ScheduleM/ScientificSpecimensGrp/NonCashCheckboxInd",38,38,"2021v4.2, 2021v4.0"
"/Return/ReturnData/IRS990ScheduleN/LiquidationOfAssetsTableGrp/LiquidationOfAssetsDetail/ForeignAddress/ForeignPostalCd",38,21,"2021v4.0, 2021v4.2"
"/Return/ReturnData/IRS990ScheduleN/DispositionOfAssetsDetail/ForeignAddress/ProvinceOrStateNm",38,11,"2021v4.2, 2021v4.0, 2021v4.1"
"/Return/ReturnData/IRS990ScheduleM/ScientificSpecimensGrp/ContributionCnt",35,35,"2021v4.2, 2021v4.0"
"/Return/ReturnData/IRS990ScheduleA/AgriculturalNameAndAddressGrp",35,31,"2021v4.1, 2021v4.2, 2021v4.0"
"/Return/ReturnData/IRS990ScheduleA/AgriculturalNameAndAddressGrp/CollegeUniversityName",35,31,"2021v4.1, 2021v4.2, 2021v4.0"
"/Return/ReturnData/IRS990ScheduleA/AgriculturalNameAndAddressGrp/CityNm",35,31,"2021v4.1, 2021v4.2, 2021v4.0"
"/Return/ReturnData/IRS990ScheduleA/AgriculturalNameAndAddressGrp/StateAbbreviationCd",35,31,"2021v4.2, 2021v4.0, 2021v4.1"
"/Return/ReturnData/IRS990ScheduleA/AgriculturalNameAndAddressGrp/CollegeUniversityName/BusinessNameLine1Txt",35,31,"2021v4.2, 2021v4.0, 2021v4.1"
"/irs:Return/irs:ReturnData/irs:IRS990/irs:Form990PartVIISectionAGrp/irs:ReportableCompFromRltdOrgAmt",34,8,"2021v4.1"
"/irs:Return/irs:ReturnData/irs:IRS990/irs:Form990PartVIISectionAGrp",34,8,"2021v4.1"
"/irs:Return/irs:ReturnData/irs:IRS990/irs:Form990PartVIISectionAGrp/irs:OtherCompensationAmt",34,8,"2021v4.1"
"/irs:Return/irs:ReturnData/irs:IRS990/irs:Form990PartVIISectionAGrp/irs:TitleTxt",34,8,"2021v4.1"
"/irs:Return/irs:ReturnData/irs:IRS990/irs:Form990PartVIISectionAGrp/irs:AverageHoursPerWeekRltdOrgRt",34,8,"2021v4.1"
"/Return/ReturnData/IRS990ScheduleC/LimitedControlProvisionsAppInd",34,34,"2021v4.1, 2021v4.2, 2021v4.0"
"/Return/ReturnData/IRS990ScheduleH/HospitalFcltyPoliciesPrctcGrp/OtherReasonInd",34,25,"2021v4.2, 2021v4.0"
"/irs:Return/irs:ReturnData/irs:IRS990/irs:Form990PartVIISectionAGrp/irs:AverageHoursPerWeekRt",34,8,"2021v4.1"
"/irs:Return/irs:ReturnData/irs:IRS990/irs:Form990PartVIISectionAGrp/irs:ReportableCompFromOrgAmt",34,8,"2021v4.1"
"/irs:Return/irs:ReturnData/irs:IRS990/irs:Form990PartVIISectionAGrp/irs:PersonNm",34,8,"2021v4.1"
"/Return/ReturnData/IRS990ScheduleM/ArchaeologicalArtifactsGrp/NonCashCheckboxInd",33,33,"2021v4.2, 2021v4.0, 2021v4.1"
"/Return/ReturnData/IRS990ScheduleN/DispositionOfAssetsDetail/ForeignAddress/ForeignPostalCd",32,7,"2021v4.2, 2021v4.0"
"/Return/ReturnData/IRS990ScheduleA/AgriculturalResearchOrgInd",31,31,"2021v4.1, 2021v4.2, 2021v4.0"
"/Return/ReturnData/IRS990ScheduleM/ArchaeologicalArtifactsGrp/ContributionCnt",30,30,"2021v4.2, 2021v4.0, 2021v4.1"
"/Return/ReturnData/IRS990ScheduleN/DispositionOfAssetsDetail/BusinessName/BusinessNameLine2Txt",29,22,"2021v4.0, 2021v4.1"
"/Return/ReturnData/EmployeeCompensationExpln/EmployeeCompExplanationGrp",29,17,"2021v4.1, 2021v4.2, 2021v4.0"
"/Return/ReturnData/IRS990ScheduleI/RecipientTable/ForeignAddress/AddressLine2Txt",29,21,"2021v4.1, 2021v4.2"
"/Return/ReturnData/IRS990ScheduleM/ScientificSpecimensGrp/NoncashContributionsRptF990Amt",29,29,"2021v4.2, 2021v4.0"
"/Return/ReturnData/EmployeeCompensationExpln/EmployeeCompExplanationGrp/EmployeeNm",28,16,"2021v4.2, 2021v4.0, 2021v4.1"
"/Return/ReturnData/IRS990ScheduleA/DistributableAmountGrp/FirstYearType3NonFuncInd",27,27,"2021v4.1, 2021v4.2, 2021v4.0"
"/irs:Return/irs:ReturnData/irs:IRS990EZ/irs:OfficerDirectorTrusteeEmplGrp/irs:PersonNm",26,5,"2021v4.1"
"/irs:Return/irs:ReturnData/irs:IRS990EZ/irs:OfficerDirectorTrusteeEmplGrp",26,5,"2021v4.1"
"/Return/ReturnData/IRS990ScheduleH/HospitalFcltyPoliciesPrctcGrp/PermitOtherActionsInd",26,23,"2021v4.1, 2021v4.2, 2021v4.0"
"/irs:Return/irs:ReturnData/irs:IRS990EZ/irs:OfficerDirectorTrusteeEmplGrp/irs:AverageHrsPerWkDevotedToPosRt",26,5,"2021v4.1"
"/irs:Return/irs:ReturnData/irs:IRS990EZ/irs:OfficerDirectorTrusteeEmplGrp/irs:TitleTxt",26,5,"2021v4.1"
"/irs:Return/irs:ReturnData/irs:IRS990EZ/irs:OfficerDirectorTrusteeEmplGrp/irs:CompensationAmt",26,5,"2021v4.1"
"/Return/ReturnData/IRS990EZ/BooksInCareOfDetail/ForeignAddress/AddressLine2Txt",25,25,"2021v4.0, 2021v4.2"
"/Return/ReturnData/IRS990EZ/NECTFilingForm990Ind",24,24,"2021v4.2, 2021v4.0, 2021v4.1"
"/Return/ReturnData/IRS990ScheduleG/FundraiserActivityInfoGrp/OrganizationBusinessName/BusinessNameLine2Txt",24,23,"2021v4.0, 2021v4.2"
"/Return/ReturnData/AffiliatedGroupAttachment",23,23,"2021v4.2"
"/Return/ReturnData/EmployeeCompensationExpln/EmployeeCompExplanationGrp/ExplanationTxt",23,15,"2021v4.2, 2021v4.1"
"/Return/ReturnData/AffiliatedGroupAttachment/MeduimExplanationTxt",23,23,"2021v4.2"
"/Return/ReturnData/IRS990ScheduleM/ArchaeologicalArtifactsGrp/NoncashContributionsRptF990Amt",23,23,"2021v4.2, 2021v4.0, 2021v4.1"
"/irs:Return/irs:ReturnData/irs:IRS990/irs:OtherExpensesGrp",22,7,"2021v4.1"
"/irs:Return/irs:ReturnData/irs:IRS990/irs:OtherExpensesGrp/irs:Desc",22,7,"2021v4.1"
"/Return/ReturnData/IRS990ScheduleH/HospitalFacilitiesGrp/BusinessName/BusinessNameLine2Txt",22,20,"2021v4.0"
"/Return/ReturnData/IRS990ScheduleM/ScientificSpecimensGrp/MethodOfDeterminingRevenuesTxt",22,22,"2021v4.2, 2021v4.0"
"/Return/ReturnData/IRS990ScheduleA/HospitalNameAndAddressGrp/SupportedOrganizationName/BusinessNameLine2Txt",20,20,"2021v4.0, 2021v4.2"
"/Return/ReturnData/IRS990ScheduleH/HospitalFcltyPoliciesPrctcGrp/HospitalFacilityName/BusinessNameLine2Txt",19,18,"2021v4.0"
"/irs:Return/irs:ReturnData/irs:IRS990/irs:OtherExpensesGrp/irs:TotalAmt",18,6,"2021v4.1"
"/Return/ReturnData/IRS990ScheduleG/ExplanationIfYesTxt",18,18,"2021v4.2, 2021v4.0, 2021v4.1"
"/Return/ReturnData/IRS990ScheduleL/DisqualifiedPersonExBnftTrGrp/BusinessName",16,14,"2021v4.1, 2021v4.2, 2021v4.0"
"/Return/ReturnData/IRS990ScheduleL/DisqualifiedPersonExBnftTrGrp/BusinessName/BusinessNameLine1Txt",16,14,"2021v4.2, 2021v4.0, 2021v4.1"
"/Return/ReturnData/IRS990ScheduleH/HospitalFacilitiesGrp/USAddress/AddressLine2Txt",16,16,"2021v4.0, 2021v4.2"
"/Return/ReturnData/IRS990ScheduleM/ArchaeologicalArtifactsGrp/MethodOfDeterminingRevenuesTxt",16,16,"2021v4.1, 2021v4.2, 2021v4.0"
"/Return/ReturnData/IRS990EZ/CompensationOfHghstPdCntrctGrp/ForeignAddress",15,9,"2021v4.1, 2021v4.0, 2021v4.2"
"/Return/ReturnData/IRS990ScheduleH/IndivHospitalTailoredPolicyInd",15,15,"2021v4.2, 2021v4.0, 2021v4.1"
"/Return/ReturnData/IRS990EZ/CompensationOfHghstPdCntrctGrp/ForeignAddress/CountryCd",15,9,"2021v4.0, 2021v4.2, 2021v4.1"
"/Return/ReturnData/IRS990ScheduleA/HospitalNameAndAddressGrp/CountryCd",15,13,"2021v4.0, 2021v4.2, 2021v4.1"
"/Return/ReturnData/IRS990ScheduleH/HospitalFcltyPoliciesPrctcGrp/EngagedLegalJudicialProcessInd",15,15,"2021v4.2, 2021v4.0, 2021v4.1"
"/Return/ReturnData/IRS990ScheduleG/GamingManagerBusinessName/BusinessNameLine2Txt",15,15,"2021v4.0"
"/Return/ReturnData/IRS990ScheduleC/Tax4912Amt",15,15,"2021v4.2, 2021v4.0"
"/Return/ReturnData/IRS990EZ/CompensationOfHghstPdCntrctGrp/ForeignAddress/AddressLine1Txt",15,9,"2021v4.1, 2021v4.0, 2021v4.2"
"/Return/ReturnData/IRS990ScheduleM/TaxidermyGrp/NonCashCheckboxInd",14,14,"2021v4.2, 2021v4.0"
"/irs:Return/irs:ReturnData/irs:IRS990/irs:OtherExpensesGrp/irs:ProgramServicesAmt",14,4,"2021v4.1"
"/Return/ReturnData/IRS990ScheduleG/ThirdPartyUSAddress/AddressLine2Txt",14,14,"2021v4.0"
"/Return/ReturnData/IRS990ScheduleH/HospitalFcltyPoliciesPrctcGrp/OtherActionsInd",14,12,"2021v4.0, 2021v4.2, 2021v4.1"
"/Return/ReturnData/IRS990ScheduleM/QualifiedContribHistStructGrp/NonCashCheckboxInd",14,14,"2021v4.2, 2021v4.0"
"/irs:Return/irs:ReturnHeader/irs:PreparerPersonGrp/irs:PreparerPersonNm",13,13,"2021v4.1"
"/irs:Return/irs:ReturnHeader/irs:BuildTS",13,13,"2021v4.1"
"/irs:Return/irs:ReturnHeader/irs:Filer/irs:PhoneNum",13,13,"2021v4.1"
"/irs:Return/irs:ReturnHeader/irs:Filer",13,13,"2021v4.1"
"/irs:Return/irs:ReturnHeader/irs:PreparerFirmGrp/irs:PreparerUSAddress",13,13,"2021v4.1"
"/irs:Return/irs:ReturnHeader/irs:ReturnTs",13,13,"2021v4.1"
"/irs:Return/irs:ReturnHeader/irs:AdditionalFilerInformation",13,13,"2021v4.1"
"/irs:Return/irs:ReturnHeader/irs:PreparerFirmGrp/irs:PreparerFirmName/irs:BusinessNameLine1Txt",13,13,"2021v4.1"
"/irs:Return/irs:ReturnHeader/irs:BusinessOfficerGrp",13,13,"2021v4.1"
"/irs:Return/irs:ReturnHeader/irs:Filer/irs:USAddress/irs:StateAbbreviationCd",13,13,"2021v4.1"
"/irs:Return/irs:ReturnHeader/irs:BusinessOfficerGrp/irs:SignatureDt",13,13,"2021v4.1"
"/irs:Return/irs:ReturnHeader/irs:TaxYr",13,13,"2021v4.1"
"/irs:Return/irs:ReturnHeader/irs:PreparerFirmGrp/irs:PreparerUSAddress/irs:StateAbbreviationCd",13,13,"2021v4.1"
"/irs:Return/irs:ReturnData/irs:IRS990ScheduleO",13,13,"2021v4.1"
"/irs:Return/irs:ReturnHeader/irs:SigningOfficerGrp/irs:PersonFullName/irs:PersonFirstNm",13,13,"2021v4.1"
"/irs:Return/irs:ReturnHeader/irs:AdditionalFilerInformation/irs:TrustedCustomerGrp/irs:AuthenticationAssuranceLevelCd",13,13,"2021v4.1"
"/irs:Return/irs:ReturnHeader/irs:SigningOfficerGrp/irs:PersonFullName",13,13,"2021v4.1"
"/Return/ReturnData/IRS990ScheduleM/TaxidermyGrp/NoncashContributionsRptF990Amt",13,13,"2021v4.2, 2021v4.0"
"/irs:Return/irs:ReturnHeader/irs:Filer/irs:BusinessNameControlTxt",13,13,"2021v4.1"
"/irs:Return/irs:ReturnHeader/irs:Filer/irs:BusinessName/irs:BusinessNameLine1Txt",13,13,"2021v4.1"
"/irs:Return/irs:ReturnHeader/irs:BusinessOfficerGrp/irs:PhoneNum",13,13,"2021v4.1"
"/irs:Return",13,13,"2021v4.1"
"/Return/ReturnData/IRS990EZ/CompensationOfHghstPdCntrctGrp/ForeignAddress/ProvinceOrStateNm",13,8,"2021v4.0, 2021v4.2, 2021v4.1"
"/irs:Return/irs:ReturnHeader/irs:PreparerPersonGrp/irs:PreparationDt",13,13,"2021v4.1"
"/irs:Return/irs:ReturnHeader/irs:PreparerFirmGrp/irs:PreparerFirmEIN",13,13,"2021v4.1"
"/irs:Return/irs:ReturnHeader/irs:Filer/irs:USAddress/irs:ZIPCd",13,13,"2021v4.1"
"/irs:Return/irs:ReturnHeader/irs:TaxPeriodBeginDt",13,13,"2021v4.1"
"/Return/ReturnData/IRS990EZ/CompensationOfHghstPdCntrctGrp/ForeignAddress/CityNm",13,8,"2021v4.1, 2021v4.0, 2021v4.2"
"/irs:Return/irs:ReturnHeader",13,13,"2021v4.1"
"/irs:Return/irs:ReturnHeader/irs:Filer/irs:USAddress/irs:CityNm",13,13,"2021v4.1"
"/irs:Return/irs:ReturnHeader/irs:SigningOfficerGrp",13,13,"2021v4.1"
"/irs:Return/irs:ReturnHeader/irs:PreparerPersonGrp/irs:PTIN",13,13,"2021v4.1"
"/irs:Return/irs:ReturnHeader/irs:PreparerPersonGrp",13,13,"2021v4.1"
"/irs:Return/irs:ReturnHeader/irs:PreparerFirmGrp",13,13,"2021v4.1"
"/irs:Return/irs:ReturnHeader/irs:Filer/irs:USAddress/irs:AddressLine1Txt",13,13,"2021v4.1"
"/irs:Return/irs:ReturnHeader/irs:AdditionalFilerInformation/irs:TrustedCustomerGrp",13,13,"2021v4.1"
"/irs:Return/irs:ReturnHeader/irs:Filer/irs:BusinessName",13,13,"2021v4.1"
"/irs:Return/irs:ReturnHeader/irs:BusinessOfficerGrp/irs:PersonNm",13,13,"2021v4.1"
"/Return/ReturnData/IRS990ScheduleG/ThirdPartyBusinessName/BusinessNameLine2Txt",13,13,"2021v4.0"
"/irs:Return/irs:ReturnHeader/irs:PreparerFirmGrp/irs:PreparerUSAddress/irs:ZIPCd",13,13,"2021v4.1"
"/irs:Return/irs:ReturnHeader/irs:BusinessOfficerGrp/irs:PersonTitleTxt",13,13,"2021v4.1"
"/irs:Return/irs:ReturnData",13,13,"2021v4.1"
"/irs:Return/irs:ReturnHeader/irs:PreparerFirmGrp/irs:PreparerUSAddress/irs:AddressLine1Txt",13,13,"2021v4.1"
"/irs:Return/irs:ReturnHeader/irs:PreparerFirmGrp/irs:PreparerFirmName",13,13,"2021v4.1"
"/irs:Return/irs:ReturnHeader/irs:SigningOfficerGrp/irs:PersonFullName/irs:PersonLastNm",13,13,"2021v4.1"
"/irs:Return/irs:ReturnHeader/irs:Filer/irs:EIN",13,13,"2021v4.1"
"/irs:Return/irs:ReturnHeader/irs:ReturnTypeCd",13,13,"2021v4.1"
"/irs:Return/irs:ReturnHeader/irs:TaxPeriodEndDt",13,13,"2021v4.1"
"/irs:Return/irs:ReturnHeader/irs:Filer/irs:USAddress",13,13,"2021v4.1"
"/irs:Return/irs:ReturnHeader/irs:PreparerPersonGrp/irs:PhoneNum",13,13,"2021v4.1"
"/irs:Return/irs:ReturnHeader/irs:PreparerFirmGrp/irs:PreparerUSAddress/irs:CityNm",13,13,"2021v4.1"
"/Return/ReturnData/IRS990ScheduleM/QualifiedContribHistStructGrp/NoncashContributionsRptF990Amt",12,12,"2021v4.2, 2021v4.0"
"/irs:Return/irs:ReturnData/irs:IRS990ScheduleA",12,12,"2021v4.1"
"/irs:Return/irs:ReturnHeader/irs:BusinessOfficerGrp/irs:DiscussWithPaidPreparerInd",12,12,"2021v4.1"
"/irs:Return/irs:ReturnHeader/irs:SigningOfficerGrp/irs:SSN",12,12,"2021v4.1"
"/Return/ReturnData/IRS990ScheduleC/Managers4912TaxAmt",12,12,"2021v4.2, 2021v4.0"
"/Return/ReturnData/IRS990EZ/CompensationOfHghstPdCntrctGrp/USAddress/AddressLine2Txt",11,11,"2021v4.0"
"/Return/ReturnData/IRS990ScheduleM/QualifiedContribHistStructGrp/ContributionCnt",11,11,"2021v4.2, 2021v4.0"
"/Return/ReturnData/IRS990ScheduleH/HospitalFcltyPoliciesPrctcGrp/PermitSellingDebtInd",11,11,"2021v4.1, 2021v4.2, 2021v4.0"
"/Return/ReturnData/AffiliatedGroupSchedule/AffiliatedScheduleGrp/USAddress/AddressLine2Txt",10,4,"2021v4.2, 2021v4.0"
"/Return/ReturnData/IRS990EZ/CompensationOfHghstPdCntrctGrp/ForeignAddress/ForeignPostalCd",10,5,"2021v4.2, 2021v4.0, 2021v4.1"
"/Return/ReturnData/IRS990ScheduleM/TaxidermyGrp/ContributionCnt",10,10,"2021v4.2, 2021v4.0"
"/Return/ReturnData/IRS990ScheduleJ/RltdOrgOfficerTrstKeyEmplGrp/BusinessName/BusinessNameLine2Txt",10,10,"2021v4.0"
"/Return/ReturnData/IRS990ScheduleM/ArtFractionalInterestGrp/NonCashCheckboxInd",10,10,"2021v4.2, 2021v4.0"
"/Return/ReturnData/IRS990ScheduleC/Section527PoliticalOrgGrp/ForeignAddress/CityNm",9,2,"2021v4.2"
"/Return/ReturnData/IRS990ScheduleM/TaxidermyGrp/MethodOfDeterminingRevenuesTxt",9,9,"2021v4.0, 2021v4.2"
"/Return/ReturnData/IRS990ScheduleC/Section527PoliticalOrgGrp/ForeignAddress",9,2,"2021v4.2"
"/Return/ReturnData/IRS990ScheduleC/Section527PoliticalOrgGrp/ForeignAddress/CountryCd",9,2,"2021v4.2"
"/Return/ReturnData/IRS990ScheduleC/Section527PoliticalOrgGrp/ForeignAddress/ProvinceOrStateNm",9,2,"2021v4.2"
"/Return/ReturnData/IRS990ScheduleM/QualifiedContribHistStructGrp/MethodOfDeterminingRevenuesTxt",9,9,"2021v4.2, 2021v4.0"
"/Return/ReturnData/IRS990ScheduleC/Section527PoliticalOrgGrp/ForeignAddress/ForeignPostalCd",9,2,"2021v4.2"
"/Return/ReturnData/IRS990ScheduleC/Section527PoliticalOrgGrp/ForeignAddress/AddressLine1Txt",9,2,"2021v4.2"
"/Return/ReturnData/IRS990ScheduleM/ArtFractionalInterestGrp/NoncashContributionsRptF990Amt",9,9,"2021v4.2, 2021v4.0"
"/irs:Return/irs:ReturnData/irs:IRS990/irs:SubjToTaxRmnrtnExPrchtPymtInd",8,8,"2021v4.1"
"/Return/ReturnData/IRS990ScheduleN/DispositionOfAssetsDetail/ForeignAddress/AddressLine2Txt",8,3,"2021v4.0, 2021v4.2"
"/irs:Return/irs:ReturnData/irs:IRS990ScheduleB/irs:ContributorInformationGrp/irs:ContributorUSAddress",8,8,"2021v4.1"
"/irs:Return/irs:ReturnData/irs:IRS990/irs:BusinessRlnWithOrgMemInd",8,8,"2021v4.1"
"/irs:Return/irs:ReturnData/irs:IRS990/irs:CYInvestmentIncomeAmt",8,8,"2021v4.1"
"/irs:Return/irs:ReturnData/irs:IRS990/irs:TerminateOperationsInd",8,8,"2021v4.1"
"/irs:Return/irs:ReturnData/irs:IRS990/irs:ScheduleORequiredInd",8,8,"2021v4.1"
"/irs:Return/irs:ReturnData/irs:IRS990/irs:GrossReceiptsAmt",8,8,"2021v4.1"
"/irs:Return/irs:ReturnData/irs:IRS990/irs:ScheduleBRequiredInd",8,8,"2021v4.1"
"/irs:Return/irs:ReturnData/irs:IRS990/irs:ConservationEasementsInd",8,8,"2021v4.1"
"/irs:Return/irs:ReturnData/irs:IRS990/irs:NetAssetsOrFundBalancesEOYAmt",8,8,"2021v4.1"
"/irs:Return/irs:ReturnData/irs:IRS990/irs:TotalFunctionalExpensesGrp/irs:ProgramServicesAmt",8,8,"2021v4.1"
"/irs:Return/irs:ReturnData/irs:IRS990/irs:TotLiabNetAssetsFundBalanceGrp",8,8,"2021v4.1"
"/irs:Return/irs:ReturnData/irs:IRS990/irs:ReconcilationRevenueExpnssAmt",8,8,"2021v4.1"
"/irs:Return/irs:ReturnData/irs:IRS990/irs:CYBenefitsPaidToMembersAmt",8,8,"2021v4.1"
"/Return/ReturnData/IRS990ScheduleG/PersonsWithBooksForeignAddress/CountryCd",8,8,"2021v4.0, 2021v4.2, 2021v4.1"
"/irs:Return/irs:ReturnData/irs:IRS990/irs:ConflictOfInterestPolicyInd",8,8,"2021v4.1"
"/Return/ReturnData/IRS990ScheduleG/PersonsWithBooksForeignAddress",8,8,"2021v4.0, 2021v4.2, 2021v4.1"
"/irs:Return/irs:ReturnData/irs:IRS990/irs:ProfessionalFundraisingInd",8,8,"2021v4.1"
"/irs:Return/irs:ReturnData/irs:IRS990/irs:CreditCounselingInd",8,8,"2021v4.1"
"/irs:Return/irs:ReturnData/irs:IRS990/irs:TotalNetAssetsFundBalanceGrp/irs:EOYAmt",8,8,"2021v4.1"
"/irs:Return/irs:ReturnData/irs:IRS990/irs:CYTotalFundraisingExpenseAmt",8,8,"2021v4.1"
"/irs:Return/irs:ReturnData/irs:IRS990/irs:TotalRevenueGrp/irs:UnrelatedBusinessRevenueAmt",8,8,"2021v4.1"
"/irs:Return/irs:ReturnData/irs:IRS990/irs:CollectionsOfArtInd",8,8,"2021v4.1"
"/irs:Return/irs:ReturnData/irs:IRS990/irs:CYTotalRevenueAmt",8,8,"2021v4.1"
"/irs:Return/irs:ReturnData/irs:IRS990/irs:DisregardedEntityInd",8,8,"2021v4.1"
"/irs:Return/irs:ReturnData/irs:IRS990/irs:FormerOfcrEmployeesListedInd",8,8,"2021v4.1"
"/irs:Return/irs:ReturnData/irs:IRS990/irs:BusinessRlnWith35CtrlEntInd",8,8,"2021v4.1"
"/irs:Return/irs:ReturnData/irs:IRS990/irs:CYTotalProfFndrsngExpnsAmt",8,8,"2021v4.1"
"/irs:Return/irs:ReturnData/irs:IRS990/irs:ActivityOrMissionDesc",8,8,"2021v4.1"
"/irs:Return/irs:ReturnData/irs:IRS990/irs:LocalChaptersInd",8,8,"2021v4.1"
"/irs:Return/irs:ReturnData/irs:IRS990/irs:FundraisingActivitiesInd",8,8,"2021v4.1"
"/irs:Return/irs:ReturnData/irs:IRS990/irs:WhistleblowerPolicyInd",8,8,"2021v4.1"
"/irs:Return/irs:ReturnData/irs:IRS990/irs:MinutesOfGoverningBodyInd",8,8,"2021v4.1"
"/irs:Return/irs:ReturnData/irs:IRS990ScheduleA/irs:PublicSupportTotal170Amt",8,8,"2021v4.1"
"/irs:Return/irs:ReturnData/irs:IRS990/irs:DecisionsSubjectToApprovaInd",8,8,"2021v4.1"
"/irs:Return/irs:ReturnData/irs:IRS990ScheduleB/irs:ContributorInformationGrp/irs:ContributorBusinessName",8,8,"2021v4.1"
"/irs:Return/irs:ReturnData/irs:IRS990/irs:EmployeeCnt",8,8,"2021v4.1"
"/irs:Return/irs:ReturnData/irs:IRS990/irs:BusinessRlnWithFamMemInd",8,8,"2021v4.1"
"/irs:Return/irs:ReturnData/irs:IRS990/irs:BooksInCareOfDetail/irs:USAddress/irs:CityNm",8,8,"2021v4.1"
"/irs:Return/irs:ReturnData/irs:IRS990/irs:ProhibitedTaxShelterTransInd",8,8,"2021v4.1"
"/irs:Return/irs:ReturnData/irs:IRS990/irs:CYRevenuesLessExpensesAmt",8,8,"2021v4.1"
"/irs:Return/irs:ReturnData/irs:IRS990/irs:TotalCompGreaterThan150KInd",8,8,"2021v4.1"
"/irs:Return/irs:ReturnData/irs:IRS990/irs:MembersOrStockholdersInd",8,8,"2021v4.1"
"/irs:Return/irs:ReturnData/irs:IRS990/irs:MissionDesc",8,8,"2021v4.1"
"/irs:Return/irs:ReturnData/irs:IRS990ScheduleB/irs:ContributorInformationGrp/irs:ContributorBusinessName/irs:BusinessNameLine1",8,8,"2021v4.1"
"/irs:Return/irs:ReturnData/irs:IRS990/irs:IndependentVotingMemberCnt",8,8,"2021v4.1"
"/irs:Return/irs:ReturnData/irs:IRS990/irs:NondeductibleContributionsInd",8,8,"2021v4.1"
"/irs:Return/irs:ReturnData/irs:IRS990/irs:BooksInCareOfDetail/irs:USAddress",8,8,"2021v4.1"
"/irs:Return/irs:ReturnData/irs:IRS990/irs:CYOtherRevenueAmt",8,8,"2021v4.1"
"/irs:Return/irs:ReturnData/irs:IRS990/irs:TotLiabNetAssetsFundBalanceGrp/irs:EOYAmt",8,8,"2021v4.1"
"/irs:Return/irs:ReturnData/irs:IRS990/irs:USAddress/irs:StateAbbreviationCd",8,8,"2021v4.1"
"/irs:Return/irs:ReturnData/irs:IRS990/irs:DocumentRetentionPolicyInd",8,8,"2021v4.1"
"/irs:Return/irs:ReturnData/irs:IRS990ScheduleB/irs:ContributorInformationGrp/irs:ContributorNum",8,8,"2021v4.1"
"/irs:Return/irs:ReturnData/irs:IRS990/irs:Organization501c3Ind",8,8,"2021v4.1"
"/irs:Return/irs:ReturnData/irs:IRS990/irs:ElectionOfBoardMembersInd",8,8,"2021v4.1"
"/irs:Return/irs:ReturnData/irs:IRS990/irs:IRPDocumentCnt",8,8,"2021v4.1"
"/irs:Return/irs:ReturnData/irs:IRS990/irs:DescribedInSection501c3Ind",8,8,"2021v4.1"
"/irs:Return/irs:ReturnData/irs:IRS990/irs:SchoolOperatingInd",8,8,"2021v4.1"
"/irs:Return/irs:ReturnData/irs:IRS990/irs:MoreThan5000KToOrgInd",8,8,"2021v4.1"
"/irs:Return/irs:ReturnData/irs:IRS990/irs:CYSalariesCompEmpBnftPaidAmt",8,8,"2021v4.1"
"/irs:Return/irs:ReturnData/irs:IRS990/irs:ReportProgramRelatedInvstInd",8,8,"2021v4.1"
"/irs:Return/irs:ReturnData/irs:IRS990/irs:BooksInCareOfDetail/irs:PersonNm",8,8,"2021v4.1"
"/irs:Return/irs:ReturnData/irs:IRS990/irs:TotalFunctionalExpensesGrp/irs:TotalAmt",8,8,"2021v4.1"
"/irs:Return/irs:ReturnData/irs:IRS990/irs:MoreThan5000KToIndividualsInd",8,8,"2021v4.1"
"/irs:Return/irs:ReturnData/irs:IRS990/irs:USAddress/irs:ZIPCd",8,8,"2021v4.1"
"/irs:Return/irs:ReturnData/irs:IRS990/irs:CYGrantsAndSimilarPaidAmt",8,8,"2021v4.1"
"/irs:Return/irs:ReturnData/irs:IRS990/irs:OperateHospitalInd",8,8,"2021v4.1"
"/irs:Return/irs:ReturnData/irs:IRS990ScheduleB/irs:ContributorInformationGrp/irs:ContributorUSAddress/irs:City",8,8,"2021v4.1"
"/irs:Return/irs:ReturnData/irs:IRS990/irs:TotalRevenueGrp/irs:RelatedOrExemptFuncIncomeAmt",8,8,"2021v4.1"
"/irs:Return/irs:ReturnData/irs:IRS990/irs:DelegationOfMgmtDutiesInd",8,8,"2021v4.1"
"/irs:Return/irs:ReturnData/irs:IRS990/irs:ReportLandBuildingEquipmentInd",8,8,"2021v4.1"
"/irs:Return/irs:ReturnData/irs:IRS990/irs:TotalLiabilitiesEOYAmt",8,8,"2021v4.1"
"/irs:Return/irs:ReturnData/irs:IRS990/irs:UnrelatedBusIncmOverLimitInd",8,8,"2021v4.1"
"/irs:Return/irs:ReturnData/irs:IRS990/irs:ForeignFinancialAccountInd",8,8,"2021v4.1"
"/irs:Return/irs:ReturnData/irs:IRS990/irs:CompensationProcessOtherInd",8,8,"2021v4.1"
"/irs:Return/irs:ReturnData/irs:IRS990/irs:TotalRevenueGrp/irs:TotalRevenueColumnAmt",8,8,"2021v4.1"
"/irs:Return/irs:ReturnData/irs:IRS990/irs:PYExcessBenefitTransInd",8,8,"2021v4.1"
"/irs:Return/irs:ReturnData/irs:IRS990/irs:LobbyingActivitiesInd",8,8,"2021v4.1"
"/irs:Return/irs:ReturnData/irs:IRS990/irs:TotalFunctionalExpensesGrp/irs:FundraisingAmt",8,8,"2021v4.1"
"/irs:Return/irs:ReturnData/irs:IRS990",8,8,"2021v4.1"
"/irs:Return/irs:ReturnData/irs:IRS990/irs:CompensationProcessCEOInd",8,8,"2021v4.1"
"/irs:Return/irs:ReturnData/irs:IRS990/irs:CompensationFromOtherSrcsInd",8,8,"2021v4.1"
"/irs:Return/irs:ReturnData/irs:IRS990/irs:GroupReturnForAffiliatesInd",8,8,"2021v4.1"
"/irs:Return/irs:ReturnData/irs:IRS990/irs:MaterialDiversionOrMisuseInd",8,8,"2021v4.1"
"/irs:Return/irs:ReturnData/irs:IRS990/irs:ScheduleJRequiredInd",8,8,"2021v4.1"
"/irs:Return/irs:ReturnData/irs:IRS990/irs:DonorRstrOrQuasiEndowmentsInd",8,8,"2021v4.1"
"/irs:Return/irs:ReturnData/irs:IRS990ScheduleB/irs:ContributorInformationGrp/irs:ContributorUSAddress/irs:AddressLine1",8,8,"2021v4.1"
"/irs:Return/irs:ReturnData/irs:IRS990/irs:AmendedReturnInd",8,8,"2021v4.1"
"/irs:Return/irs:ReturnData/irs:IRS990/irs:IRPDocumentW2GCnt",8,8,"2021v4.1"
"/irs:Return/irs:ReturnData/irs:IRS990/irs:ChangeToOrgDocumentsInd",8,8,"2021v4.1"
"/irs:Return/irs:ReturnData/irs:IRS990/irs:LegalDomicileStateCd",8,8,"2021v4.1"
"/irs:Return/irs:ReturnData/irs:IRS990/irs:IndependentAuditFinclStmtInd",8,8,"2021v4.1"
"/irs:Return/irs:ReturnData/irs:IRS990/irs:ReportInvestmentsOtherSecInd",8,8,"2021v4.1"
"/irs:Return/irs:ReturnData/irs:IRS990/irs:ActivitiesConductedPrtshpInd",8,8,"2021v4.1"
"/irs:Return/irs:ReturnData/irs:IRS990ScheduleB/irs:ContributorInformationGrp/irs:ContributorUSAddress/irs:ZIPCode",8,8,"2021v4.1"
"/irs:Return/irs:ReturnData/irs:IRS990/irs:CYOtherExpensesAmt",8,8,"2021v4.1"
"/irs:Return/irs:ReturnData/irs:IRS990/irs:TotalAssetsGrp/irs:EOYAmt",8,8,"2021v4.1"
"/irs:Return/irs:ReturnData/irs:IRS990/irs:ReportOtherAssetsInd",8,8,"2021v4.1"
"/irs:Return/irs:ReturnData/irs:IRS990/irs:USAddress/irs:CityNm",8,8,"2021v4.1"
"/irs:Return/irs:ReturnData/irs:IRS990/irs:RelatedOrganizationCtrlEntInd",8,8,"2021v4.1"
"/irs:Return/irs:ReturnData/irs:IRS990/irs:EngagedInExcessBenefitTransInd",8,8,"2021v4.1"
"/Return/ReturnData/IRS990ScheduleG/PersonsWithBooksForeignAddress/AddressLine1Txt",8,8,"2021v4.1, 2021v4.0, 2021v4.2"
"/irs:Return/irs:ReturnData/irs:IRS990/irs:ForeignActivitiesInd",8,8,"2021v4.1"
"/irs:Return/irs:ReturnData/irs:IRS990/irs:FSAuditedInd",8,8,"2021v4.1"
"/irs:Return/irs:ReturnData/irs:IRS990/irs:TotalLiabilitiesGrp",8,8,"2021v4.1"
"/irs:Return/irs:ReturnData/irs:IRS990/irs:TotalFunctionalExpensesGrp",8,8,"2021v4.1"
"/irs:Return/irs:ReturnData/irs:IRS990/irs:USAddress",8,8,"2021v4.1"
"/irs:Return/irs:ReturnData/irs:IRS990/irs:MinutesOfCommitteesInd",8,8,"2021v4.1"
"/irs:Return/irs:ReturnData/irs:IRS990/irs:ConsolidatedAuditFinclStmtInd",8,8,"2021v4.1"
"/irs:Return/irs:ReturnData/irs:IRS990/irs:OfficerMailingAddressInd",8,8,"2021v4.1"
"/irs:Return/irs:ReturnData/irs:IRS990/irs:GrantsToIndividualsInd",8,8,"2021v4.1"
"/irs:Return/irs:ReturnData/irs:IRS990/irs:TotalAssetsEOYAmt",8,8,"2021v4.1"
"/irs:Return/irs:ReturnData/irs:IRS990/irs:VotingMembersIndependentCnt",8,8,"2021v4.1"
"/irs:Return/irs:ReturnData/irs:IRS990/irs:Form990ProvidedToGvrnBodyInd",8,8,"2021v4.1"
"/irs:Return/irs:ReturnData/irs:IRS990/irs:RelatedEntityInd",8,8,"2021v4.1"
"/irs:Return/irs:ReturnData/irs:IRS990ScheduleB/irs:ContributorInformationGrp/irs:TotalContributionsAmt",8,8,"2021v4.1"
"/irs:Return/irs:ReturnData/irs:IRS990/irs:TotLiabNetAssetsFundBalanceGrp/irs:BOYAmt",8,8,"2021v4.1"
"/irs:Return/irs:ReturnData/irs:IRS990/irs:PoliticalCampaignActyInd",8,8,"2021v4.1"
"/irs:Return/irs:ReturnData/irs:IRS990/irs:CYContributionsGrantsAmt",8,8,"2021v4.1"
"/Return/ReturnData/IRS990ScheduleR/IdDisregardedEntitiesGrp/ForeignAddress/AddressLine2Txt",8,7,"2021v4.0, 2021v4.2"
"/irs:Return/irs:ReturnData/irs:IRS990/irs:TrnsfrExmptNonChrtblRltdOrgInd",8,8,"2021v4.1"
"/irs:Return/irs:ReturnData/irs:IRS990ScheduleA/irs:TotalSupportAmt",8,8,"2021v4.1"
"/irs:Return/irs:ReturnData/irs:IRS990/irs:ExcsTaxSect4951Or4952Or4953Ind",8,8,"2021v4.1"
"/irs:Return/irs:ReturnData/irs:IRS990/irs:NetIncmFromFundraisingEvtGrp",8,8,"2021v4.1"
"/irs:Return/irs:ReturnData/irs:IRS990/irs:IncludeFIN48FootnoteInd",8,8,"2021v4.1"
"/irs:Return/irs:ReturnData/irs:IRS990ScheduleB/irs:ContributorInformationGrp/irs:ContributorUSAddress/irs:State",8,8,"2021v4.1"
"/irs:Return/irs:ReturnData/irs:IRS990/irs:DeductibleArtContributionInd",8,8,"2021v4.1"
"/irs:Return/irs:ReturnData/irs:IRS990/irs:USAddress/irs:AddressLine1Txt",8,8,"2021v4.1"
"/irs:Return/irs:ReturnData/irs:IRS990/irs:TotalLiabilitiesGrp/irs:BOYAmt",8,8,"2021v4.1"
"/irs:Return/irs:ReturnData/irs:IRS990ScheduleB",8,8,"2021v4.1"
"/irs:Return/irs:ReturnData/irs:IRS990/irs:Desc",8,8,"2021v4.1"
"/irs:Return/irs:ReturnData/irs:IRS990/irs:GamingActivitiesInd",8,8,"2021v4.1"
"/irs:Return/irs:ReturnData/irs:IRS990/irs:TotalRevenueGrp",8,8,"2021v4.1"
"/irs:Return/irs:ReturnData/irs:IRS990/irs:NetIncmFromFundraisingEvtGrp/irs:TotalRevenueColumnAmt",8,8,"2021v4.1"
"/irs:Return/irs:ReturnData/irs:IRS990/irs:PartialLiquidationInd",8,8,"2021v4.1"
"/irs:Return/irs:ReturnData/irs:IRS990/irs:GoverningBodyVotingMembersCnt",8,8,"2021v4.1"
"/irs:Return/irs:ReturnData/irs:IRS990/irs:TaxExemptBondsInd",8,8,"2021v4.1"
"/irs:Return/irs:ReturnData/irs:IRS990/irs:TotalAssetsGrp/irs:BOYAmt",8,8,"2021v4.1"
"/irs:Return/irs:ReturnData/irs:IRS990/irs:FamilyOrBusinessRlnInd",8,8,"2021v4.1"
"/irs:Return/irs:ReturnData/irs:IRS990/irs:LoanOutstandingInd",8,8,"2021v4.1"
"/irs:Return/irs:ReturnData/irs:IRS990/irs:GrantsToOrganizationsInd",8,8,"2021v4.1"
"/irs:Return/irs:ReturnData/irs:IRS990/irs:TotalNetAssetsFundBalanceGrp",8,8,"2021v4.1"
"/irs:Return/irs:ReturnData/irs:IRS990/irs:BooksInCareOfDetail/irs:PhoneNum",8,8,"2021v4.1"
"/irs:Return/irs:ReturnData/irs:IRS990/irs:ReportOtherLiabilitiesInd",8,8,"2021v4.1"
"/irs:Return/irs:ReturnData/irs:IRS990/irs:TotalAssetsGrp",8,8,"2021v4.1"
"/irs:Return/irs:ReturnData/irs:IRS990/irs:TaxablePartyNotificationInd",8,8,"2021v4.1"
"/irs:Return/irs:ReturnData/irs:IRS990/irs:FormationYr",8,8,"2021v4.1"
"/Return/ReturnData/IRS990ScheduleH/HospitalFcltyPoliciesPrctcGrp/PermitDeferDenyRqrPaymentInd",8,8,"2021v4.2, 2021v4.1"
"/irs:Return/irs:ReturnData/irs:IRS990/irs:CYTotalExpensesAmt",8,8,"2021v4.1"
"/irs:Return/irs:ReturnData/irs:IRS990/irs:IndoorTanningServicesInd",8,8,"2021v4.1"
"/irs:Return/irs:ReturnData/irs:IRS990/irs:CYProgramServiceRevenueAmt",8,8,"2021v4.1"
"/irs:Return/irs:ReturnData/irs:IRS990/irs:FederalGrantAuditRequiredInd",8,8,"2021v4.1"
"/irs:Return/irs:ReturnData/irs:IRS990/irs:TotalEmployeeCnt",8,8,"2021v4.1"
"/irs:Return/irs:ReturnData/irs:IRS990/irs:GrantToRelatedPersonInd",8,8,"2021v4.1"
"/irs:Return/irs:ReturnData/irs:IRS990/irs:PrincipalOfficerNm",8,8,"2021v4.1"
"/irs:Return/irs:ReturnData/irs:IRS990/irs:TotalRevenueGrp/irs:ExclusionAmt",8,8,"2021v4.1"
"/irs:Return/irs:ReturnData/irs:IRS990/irs:DonorAdvisedFundInd",8,8,"2021v4.1"
"/irs:Return/irs:ReturnData/irs:IRS990/irs:BooksInCareOfDetail/irs:USAddress/irs:AddressLine1Txt",8,8,"2021v4.1"
"/irs:Return/irs:ReturnData/irs:IRS990ScheduleB/irs:ContributorInformationGrp/irs:ContributorUSAddress/irs:AddressLine2",8,8,"2021v4.1"
"/irs:Return/irs:ReturnData/irs:IRS990/irs:BooksInCareOfDetail",8,8,"2021v4.1"
"/irs:Return/irs:ReturnData/irs:IRS990/irs:ForeignOfficeInd",8,8,"2021v4.1"
"/irs:Return/irs:ReturnData/irs:IRS990/irs:TotalGrossUBIAmt",8,8,"2021v4.1"
"/irs:Return/irs:ReturnData/irs:IRS990ScheduleB/irs:ContributorInformationGrp",8,8,"2021v4.1"
"/irs:Return/irs:ReturnData/irs:IRS990/irs:TotalNetAssetsFundBalanceGrp/irs:BOYAmt",8,8,"2021v4.1"
"/irs:Return/irs:ReturnData/irs:IRS990/irs:BooksInCareOfDetail/irs:USAddress/irs:StateAbbreviationCd",8,8,"2021v4.1"
"/irs:Return/irs:ReturnData/irs:IRS990/irs:VotingMembersGoverningBodyCnt",8,8,"2021v4.1"
"/irs:Return/irs:ReturnData/irs:IRS990/irs:BooksInCareOfDetail/irs:USAddress/irs:ZIPCd",8,8,"2021v4.1"
"/irs:Return/irs:ReturnData/irs:IRS990/irs:TotalFunctionalExpensesGrp/irs:ManagementAndGeneralAmt",8,8,"2021v4.1"
"/irs:Return/irs:ReturnData/irs:IRS990/irs:InvestmentInJointVentureInd",8,8,"2021v4.1"
"/irs:Return/irs:ReturnData/irs:IRS990/irs:TotalLiabilitiesGrp/irs:EOYAmt",8,8,"2021v4.1"
"/irs:Return/irs:ReturnData/irs:IRS990/irs:SubjectToExcsTaxNetInvstIncInd",8,8,"2021v4.1"
"/irs:Return/irs:ReturnData/irs:IRS990/irs:DeductibleNonCashContriInd",8,8,"2021v4.1"
"/irs:Return/irs:ReturnData/irs:IRS990/irs:AccountantCompileOrReviewInd",8,8,"2021v4.1"
"/Return/ReturnHeader/PreparerFirmGrp/PreparerForeignAddress/AddressLine2Txt",7,7,"2021v4.2, 2021v4.0"
"/irs:Return/irs:ReturnData/irs:IRS990EZ/irs:ProgramSrvcAccomplishmentGrp",7,5,"2021v4.1"
"/Return/ReturnData/IRS990ScheduleG/PersonsWithBooksForeignAddress/CityNm",7,7,"2021v4.0, 2021v4.2, 2021v4.1"
"/irs:Return/irs:ReturnData/irs:IRS990ScheduleA/irs:PublicSupportCY170Pct",7,7,"2021v4.1"
"/irs:Return/irs:ReturnData/irs:IRS990/irs:OtherExpensesGrp/irs:ManagementAndGeneralAmt",7,2,"2021v4.1"
"/irs:Return/irs:ReturnData/irs:IRS990ScheduleA/irs:GiftsGrantsContriRcvd170Grp/irs:TotalAmt",7,7,"2021v4.1"
"/irs:Return/irs:ReturnData/irs:IRS990ScheduleA/irs:GiftsGrantsContriRcvd170Grp",7,7,"2021v4.1"
"/irs:Return/irs:ReturnData/irs:IRS990ScheduleA/irs:TotalCalendarYear170Grp/irs:TotalAmt",7,7,"2021v4.1"
"/irs:Return/irs:ReturnData/irs:IRS990ScheduleA/irs:TotalCalendarYear170Grp",7,7,"2021v4.1"
"/irs:Return/irs:ReturnData/irs:IRS990ScheduleA/irs:ThirtyThrPctSuprtTestsCY170Ind",7,7,"2021v4.1"
"/irs:Return/irs:ReturnData/irs:IRS990/irs:RegularMonitoringEnfrcInd",7,7,"2021v4.1"
"/irs:Return/irs:ReturnData/irs:IRS990/irs:TypeOfOrganizationCorpInd",7,7,"2021v4.1"
"/irs:Return/irs:ReturnData/irs:IRS990EZ/irs:ProgramSrvcAccomplishmentGrp/irs:DescriptionProgramSrvcAccomTxt",7,5,"2021v4.1"
"/irs:Return/irs:ReturnData/irs:IRS990/irs:AnnualDisclosureCoveredPrsnInd",7,7,"2021v4.1"
"/Return/ReturnData/IRS990ScheduleM/ArtFractionalInterestGrp/ContributionCnt",7,7,"2021v4.2, 2021v4.0"
"/irs:Return/irs:ReturnData/irs:IRS990/irs:Form990PartVIISectionAGrp/irs:IndividualTrusteeOrDirectorInd",7,4,"2021v4.1"
"/irs:Return/irs:ReturnData/irs:IRS990/irs:TotalContributionsAmt",7,7,"2021v4.1"
"/irs:Return/irs:ReturnData/irs:IRS990ScheduleA/irs:PublicOrganization170Ind",7,7,"2021v4.1"
"/irs:Return/irs:ReturnData/irs:IRS990/irs:AllOtherContributionsAmt",6,6,"2021v4.1"
"/irs:Return/irs:ReturnData/irs:IRS990ScheduleA/irs:Total509Grp/irs:CurrentTaxYearAmt",6,6,"2021v4.1"
"/irs:Return/irs:ReturnData/irs:IRS990/irs:InfoInScheduleOPartVIInd",6,6,"2021v4.1"
"/irs:Return/irs:ReturnData/irs:IRS990/irs:PYContributionsGrantsAmt",6,6,"2021v4.1"
"/irs:Return/irs:ReturnData/irs:IRS990/irs:PYOtherExpensesAmt",6,6,"2021v4.1"
"/irs:Return/irs:ReturnData/irs:IRS990ScheduleD/irs:OtherAssetsOrgGrp/irs:Desc",6,3,"2021v4.1"
"/irs:Return/irs:ReturnData/irs:IRS990ScheduleA/irs:Total509Grp",6,6,"2021v4.1"
"/Return/ReturnData/IRS990ScheduleH/HospitalFcltyPoliciesPrctcGrp/EngagedSellingDebtInd",6,6,"2021v4.2, 2021v4.0, 2021v4.1"
"/irs:Return/irs:ReturnData/irs:IRS990ScheduleA/irs:TotalSupportCalendarYearGrp/irs:CurrentTaxYearAmt",6,6,"2021v4.1"
"/irs:Return/irs:ReturnData/irs:IRS990/irs:PYTotalRevenueAmt",6,6,"2021v4.1"
"/irs:Return/irs:ReturnData/irs:IRS990ScheduleA/irs:GiftsGrantsContriRcvd170Grp/irs:CurrentTaxYearMinus1YearAmt",6,6,"2021v4.1"
"/irs:Return/irs:ReturnData/irs:IRS990ScheduleA/irs:TotalSupportCalendarYearGrp/irs:TotalAmt",6,6,"2021v4.1"
"/irs:Return/irs:ReturnData/irs:IRS990ScheduleA/irs:TotalCalendarYear170Grp/irs:CurrentTaxYearMinus1YearAmt",6,6,"2021v4.1"
"/irs:Return/irs:ReturnData/irs:IRS990ScheduleD/irs:OtherAssetsOrgGrp/irs:BookValueAmt",6,3,"2021v4.1"
"/irs:Return/irs:ReturnData/irs:IRS990ScheduleA/irs:Total509Grp/irs:TotalAmt",6,6,"2021v4.1"
"/irs:Return/irs:ReturnData/irs:IRS990ScheduleA/irs:TotalCalendarYear170Grp/irs:CurrentTaxYearMinus2YearsAmt",6,6,"2021v4.1"
"/irs:Return/irs:ReturnData/irs:IRS990/irs:PYRevenuesLessExpensesAmt",6,6,"2021v4.1"
"/irs:Return/irs:ReturnData/irs:IRS990ScheduleA/irs:TotalCalendarYear170Grp/irs:CurrentTaxYearAmt",6,6,"2021v4.1"
"/irs:Return/irs:ReturnData/irs:IRS990/irs:PYSalariesCompEmpBnftPaidAmt",6,6,"2021v4.1"
"/Return/ReturnData/IRS990ScheduleL/GrntAsstBnftInterestedPrsnGrp/BusinessName/BusinessNameLine2Txt",6,3,"2021v4.0"
"/irs:Return/irs:ReturnData/irs:IRS990/irs:MethodOfAccountingCashInd",6,6,"2021v4.1"
"/irs:Return/irs:ReturnData/irs:IRS990ScheduleA/irs:GiftsGrantsContriRcvd170Grp/irs:CurrentTaxYearMinus2YearsAmt",6,6,"2021v4.1"
"/irs:Return/irs:ReturnData/irs:IRS990ScheduleA/irs:GiftsGrantsContriRcvd170Grp/irs:CurrentTaxYearAmt",6,6,"2021v4.1"
"/irs:Return/irs:ReturnData/irs:IRS990ScheduleA/irs:TotalSupportCalendarYearGrp",6,6,"2021v4.1"
"/irs:Return/irs:ReturnData/irs:IRS990ScheduleA/irs:PublicSupportTotal509Amt",6,6,"2021v4.1"
"/irs:Return/irs:ReturnData/irs:IRS990ScheduleD/irs:OtherAssetsOrgGrp",6,3,"2021v4.1"
"/irs:Return/irs:ReturnData/irs:IRS990/irs:OrganizationFollowsFASB117Ind",6,6,"2021v4.1"
"/irs:Return/irs:ReturnData/irs:IRS990/irs:PYTotalExpensesAmt",6,6,"2021v4.1"
"/Return/ReturnData/IRS990ScheduleR/UnrelatedOrgTxblPartnershipGrp/LegalDomicileForeignCountryCd",6,3,"2021v4.2, 2021v4.0"
"/irs:Return/irs:ReturnData/irs:IRS990EZ/irs:FundraisingGrossIncomeAmt",5,5,"2021v4.1"
"/irs:Return/irs:ReturnData/irs:IRS990EZ/irs:ContributionsGiftsGrantsEtcAmt",5,5,"2021v4.1"
"/Return/ReturnHeader/AdditionalFilerInformation/TrustedCustomerGrp/ProfileCellPhoneNumChangeInd",5,5,"2021v4.0"
"/irs:Return/irs:ReturnData/irs:IRS990/irs:ContractorCompensationGrp/irs:CompensationAmt",5,3,"2021v4.1"
"/irs:Return/irs:ReturnData/irs:IRS990EZ/irs:OrganizationDissolvedEtcInd",5,5,"2021v4.1"
"/irs:Return/irs:ReturnData/irs:IRS990EZ/irs:ForeignFinancialAccountInd",5,5,"2021v4.1"
"/irs:Return/irs:ReturnData/irs:IRS990EZ/irs:FiledScheduleAInd",5,5,"2021v4.1"
"/irs:Return/irs:ReturnData/irs:IRS990EZ/irs:BooksInCareOfDetail/irs:PersonNm",5,5,"2021v4.1"
"/irs:Return/irs:ReturnData/irs:IRS990EZ/irs:ActivitiesNotPreviouslyRptInd",5,5,"2021v4.1"
"/irs:Return/irs:ReturnData/irs:IRS990ScheduleA/irs:ThirtyThrPctSuprtTestsCY509Ind",5,5,"2021v4.1"
"/irs:Return/irs:ReturnData/irs:IRS990ScheduleA/irs:PublicSupportPY170Pct",5,5,"2021v4.1"
"/Return/ReturnData/IRS990ScheduleH/HospitalFcltyPoliciesPrctcGrp/EngageDeferDenyRqrPaymentInd",5,5,"2021v4.2, 2021v4.1"
"/irs:Return/irs:ReturnData/irs:IRS990/irs:OfficeExpensesGrp",5,5,"2021v4.1"
"/irs:Return/irs:ReturnData/irs:IRS990/irs:SubjectToProxyTaxInd",5,5,"2021v4.1"
"/irs:Return/irs:ReturnData/irs:IRS990EZ/irs:BooksInCareOfDetail/irs:USAddress/irs:StateAbbreviationCd",5,5,"2021v4.1"
"/irs:Return/irs:ReturnData/irs:IRS990EZ/irs:EngagedInExcessBenefitTransInd",5,5,"2021v4.1"
"/irs:Return/irs:ReturnData/irs:IRS990EZ/irs:SubjectToProxyTaxInd",5,5,"2021v4.1"
"/irs:Return/irs:ReturnData/irs:IRS990EZ/irs:TotalRevenueAmt",5,5,"2021v4.1"
"/irs:Return/irs:ReturnData/irs:IRS990/irs:AuditCommitteeInd",5,5,"2021v4.1"
"/irs:Return/irs:ReturnData/irs:IRS990ScheduleA/irs:TotalCalendarYear170Grp/irs:CurrentTaxYearMinus4YearsAmt",5,5,"2021v4.1"
"/irs:Return/irs:ReturnData/irs:IRS990/irs:ContractorCompensationGrp/irs:ContractorName/irs:BusinessName",5,3,"2021v4.1"
"/irs:Return/irs:ReturnData/irs:IRS990EZ/irs:BooksInCareOfDetail/irs:USAddress/irs:AddressLine1Txt",5,5,"2021v4.1"
"/irs:Return/irs:ReturnData/irs:IRS990EZ/irs:BooksInCareOfDetail/irs:USAddress/irs:CityNm",5,5,"2021v4.1"
"/irs:Return/irs:ReturnData/irs:IRS990ScheduleA/irs:GiftsGrantsContriRcvd170Grp/irs:CurrentTaxYearMinus3YearsAmt",5,5,"2021v4.1"
"/irs:Return/irs:ReturnData/irs:IRS990EZ/irs:TransactionWithControlEntInd",5,5,"2021v4.1"
"/irs:Return/irs:ReturnData/irs:IRS990EZ/irs:MadeLoansToFromOfficersInd",5,5,"2021v4.1"
"/irs:Return/irs:ReturnData/irs:IRS990EZ/irs:BooksInCareOfDetail/irs:USAddress",5,5,"2021v4.1"
"/irs:Return/irs:ReturnData/irs:IRS990/irs:TotalAssetsBOYAmt",5,5,"2021v4.1"
"/irs:Return/irs:ReturnData/irs:IRS990ScheduleA/irs:GiftsGrantsContriRcvd170Grp/irs:CurrentTaxYearMinus4YearsAmt",5,5,"2021v4.1"
"/irs:Return/irs:ReturnData/irs:IRS990/irs:Form990PartVIISectionAGrp/irs:OfficerInd",5,2,"2021v4.1"
"/irs:Return/irs:ReturnData/irs:IRS990EZ/irs:BooksInCareOfDetail/irs:USAddress/irs:ZIPCd",5,5,"2021v4.1"
"/irs:Return/irs:ReturnData/irs:IRS990/irs:OfficeExpensesGrp/irs:TotalAmt",5,5,"2021v4.1"
"/irs:Return/irs:ReturnData/irs:IRS990/irs:ContractorCompensationGrp/irs:ContractorName/irs:BusinessName/irs:BusinessNameLine1Txt",5,3,"2021v4.1"
"/irs:Return/irs:ReturnData/irs:IRS990/irs:NetAssetsOrFundBalancesBOYAmt",5,5,"2021v4.1"
"/irs:Return/irs:ReturnData/irs:IRS990/irs:ContractorCompensationGrp/irs:ContractorName",5,3,"2021v4.1"
"/irs:Return/irs:ReturnData/irs:IRS990/irs:SignificantNewProgramSrvcInd",5,5,"2021v4.1"
"/Return/ReturnData/IRS990ScheduleR/UnrelatedOrgTxblPartnershipGrp/ForeignAddress/ForeignPostalCd",5,2,"2021v4.2, 2021v4.0"
"/irs:Return/irs:ReturnData/irs:IRS990/irs:SignificantChangeInd",5,5,"2021v4.1"
"/irs:Return/irs:ReturnData/irs:IRS990EZ/irs:NetAssetsOrFundBalancesGrp",5,5,"2021v4.1"
"/irs:Return/irs:ReturnData/irs:IRS990EZ/irs:NetAssetsOrFundBalancesGrp/irs:EOYAmt",5,5,"2021v4.1"
"/Return/ReturnData/IRS990ScheduleM/ArtFractionalInterestGrp/MethodOfDeterminingRevenuesTxt",5,5,"2021v4.2, 2021v4.0"
"/irs:Return/irs:ReturnData/irs:IRS990EZ/irs:TypeOfOrganizationCorpInd",5,5,"2021v4.1"
"/irs:Return/irs:ReturnData/irs:IRS990EZ/irs:ForeignOfficeInd",5,5,"2021v4.1"
"/irs:Return/irs:ReturnData/irs:IRS990EZ/irs:DonorAdvisedFndsInd",5,5,"2021v4.1"
"/irs:Return/irs:ReturnData/irs:IRS990EZ/irs:GrossReceiptsForPublicUseAmt",5,5,"2021v4.1"
"/irs:Return/irs:ReturnData/irs:IRS990EZ/irs:Form990TotalAssetsGrp",5,5,"2021v4.1"
"/irs:Return/irs:ReturnData/irs:IRS990EZ/irs:PoliticalCampaignActyInd",5,5,"2021v4.1"
"/irs:Return/irs:ReturnData/irs:IRS990EZ/irs:ExcessOrDeficitForYearAmt",5,5,"2021v4.1"
"/Return/ReturnData/IRS990ScheduleR/UnrelatedOrgTxblPartnershipGrp/ForeignAddress",5,2,"2021v4.2, 2021v4.0"
"/irs:Return/irs:ReturnData/irs:IRS990EZ/irs:InitiationFeesAndCapContriAmt",5,5,"2021v4.1"
"/Return/ReturnData/IRS990ScheduleR/UnrelatedOrgTxblPartnershipGrp/ForeignAddress/AddressLine1Txt",5,2,"2021v4.2, 2021v4.0"
"/irs:Return/irs:ReturnData/irs:IRS990EZ/irs:RelatedOrganizationCtrlEntInd",5,5,"2021v4.1"
"/irs:Return/irs:ReturnData/irs:IRS990EZ/irs:ProhibitedTaxShelterTransInd",5,5,"2021v4.1"
"/irs:Return/irs:ReturnData/irs:IRS990EZ/irs:BooksInCareOfDetail",5,5,"2021v4.1"
"/irs:Return/irs:ReturnData/irs:IRS990EZ/irs:TanningServicesProvidedInd",5,5,"2021v4.1"
"/irs:Return/irs:ReturnData/irs:IRS990EZ/irs:PrimaryExemptPurposeTxt",5,5,"2021v4.1"
"/irs:Return/irs:ReturnData/irs:IRS990/irs:ContractorCompensationGrp",5,3,"2021v4.1"
"/irs:Return/irs:ReturnData/irs:IRS990EZ/irs:BooksInCareOfDetail/irs:PhoneNum",5,5,"2021v4.1"
"/irs:Return/irs:ReturnData/irs:IRS990EZ/irs:NetAssetsOrFundBalancesGrp/irs:BOYAmt",5,5,"2021v4.1"
"/irs:Return/irs:ReturnData/irs:IRS990EZ/irs:Form990TotalAssetsGrp/irs:BOYAmt",5,5,"2021v4.1"
"/irs:Return/irs:ReturnData/irs:IRS990EZ/irs:Form990TotalAssetsGrp/irs:EOYAmt",5,5,"2021v4.1"
"/irs:Return/irs:ReturnData/irs:IRS990EZ/irs:OperateHospitalInd",5,5,"2021v4.1"
"/Return/ReturnData/IRS990ScheduleG/PersonsWithBooksForeignAddress/ProvinceOrStateNm",5,5,"2021v4.1, 2021v4.0, 2021v4.2"
"/irs:Return/irs:ReturnData/irs:IRS990EZ/irs:TotalExpensesAmt",5,5,"2021v4.1"
"/irs:Return/irs:ReturnData/irs:IRS990ScheduleA/irs:GiftsGrantsContrisRcvd509Grp",5,5,"2021v4.1"
"/irs:Return/irs:ReturnData/irs:IRS990EZ/irs:AmendedReturnInd",5,5,"2021v4.1"
"/irs:Return/irs:ReturnData/irs:IRS990/irs:NoListedPersonsCompensatedInd",5,5,"2021v4.1"
"/irs:Return/irs:ReturnData/irs:IRS990ScheduleA/irs:GiftsGrantsContrisRcvd509Grp/irs:TotalAmt",5,5,"2021v4.1"
"/irs:Return/irs:ReturnData/irs:IRS990EZ/irs:NetAssetsOrFundBalancesEOYAmt",5,5,"2021v4.1"
"/irs:Return/irs:ReturnData/irs:IRS990EZ/irs:GamingGrossIncomeAmt",5,5,"2021v4.1"
"/irs:Return/irs:ReturnData/irs:IRS990ScheduleA/irs:TotalCalendarYear170Grp/irs:CurrentTaxYearMinus3YearsAmt",5,5,"2021v4.1"
"/Return/ReturnData/IRS990ScheduleR/UnrelatedOrgTxblPartnershipGrp/ForeignAddress/ProvinceOrStateNm",5,2,"2021v4.2, 2021v4.0"
"/irs:Return/irs:ReturnData/irs:IRS990EZ/irs:ChgMadeToOrgnzngDocNotRptInd",5,5,"2021v4.1"
"/irs:Return/irs:ReturnData/irs:IRS990EZ",5,5,"2021v4.1"
"/irs:Return/irs:ReturnData/irs:IRS990ScheduleA/irs:GiftsGrantsContrisRcvd509Grp/irs:CurrentTaxYearAmt",5,5,"2021v4.1"
"/irs:Return/irs:ReturnData/irs:IRS990EZ/irs:OrganizationHadUBIInd",5,5,"2021v4.1"
"/Return/ReturnData/IRS990ScheduleR/UnrelatedOrgTxblPartnershipGrp/ForeignAddress/CountryCd",5,2,"2021v4.2, 2021v4.0"
"/irs:Return/irs:ReturnData/irs:IRS990EZ/irs:GrossReceiptsAmt",5,5,"2021v4.1"
"/irs:Return/irs:ReturnData/irs:IRS990EZ/irs:NetAssetsOrFundBalancesBOYAmt",4,4,"2021v4.1"
"/irs:Return/irs:ReturnData/irs:IRS990/irs:TotalProgramServiceExpensesAmt",4,4,"2021v4.1"
"/irs:Return/irs:ReturnData/irs:IRS990/irs:PayPremiumsPrsnlBnftCntrctInd",4,4,"2021v4.1"
"/Return/ReturnData/IRS990ScheduleG/PersonsWithBooksForeignAddress/ForeignPostalCd",4,4,"2021v4.0"
"/irs:Return/irs:ReturnData/irs:IRS990/irs:OnBehalfOfIssuerInd",4,4,"2021v4.1"
"/irs:Return/irs:ReturnData/irs:IRS990EZ/irs:CashSavingsAndInvestmentsGrp/irs:BOYAmt",4,4,"2021v4.1"
"/irs:Return/irs:ReturnData/irs:IRS990/irs:QuidProQuoContriDisclInd",4,4,"2021v4.1"
"/irs:Return/irs:ReturnData/irs:IRS990/irs:DAFExcessBusinessHoldingsInd",4,4,"2021v4.1"
"/Return/ReturnData/IRS990ScheduleG/ThirdPartyForeignAddress/CountryCd",4,4,"2021v4.0, 2021v4.2"
"/irs:Return/irs:ReturnData/irs:IRS990/irs:CashNonInterestBearingGrp",4,4,"2021v4.1"
"/irs:Return/irs:ReturnData/irs:IRS990/irs:ContractorCompensationGrp/irs:ContractorAddress/irs:USAddress/irs:StateAbbreviationCd",4,2,"2021v4.1"
"/irs:Return/irs:ReturnData/irs:IRS990/irs:OtherSalariesAndWagesGrp",4,4,"2021v4.1"
"/irs:Return/irs:ReturnData/irs:IRS990EZ/irs:MethodOfAccountingCashInd",4,4,"2021v4.1"
"/irs:Return/irs:ReturnData/irs:IRS990EZ/irs:Organization501c3Ind",4,4,"2021v4.1"
"/irs:Return/irs:ReturnData/irs:IRS990EZ/irs:CashSavingsAndInvestmentsGrp",4,4,"2021v4.1"
"/irs:Return/irs:ReturnData/irs:IRS990/irs:ContractorCompensationGrp/irs:ContractorAddress/irs:USAddress/irs:ZIPCd",4,2,"2021v4.1"
"/Return/ReturnData/IRS990ScheduleR/UnrelatedOrgTxblPartnershipGrp/ForeignAddress/CityNm",4,1,"2021v4.2"
"/irs:Return/irs:ReturnData/irs:IRS990/irs:TransactionWithControlEntInd",4,4,"2021v4.1"
"/irs:Return/irs:ReturnData/irs:IRS990/irs:DistributionToDonorInd",4,4,"2021v4.1"
"/irs:Return/irs:ReturnData/irs:IRS990EZ/irs:InfoInScheduleOPartIInd",4,4,"2021v4.1"
"/irs:Return/irs:ReturnData/irs:IRS990/irs:Form8282PropertyDisposedOfInd",4,4,"2021v4.1"
"/irs:Return/irs:ReturnData/irs:IRS990EZ/irs:TrnsfrExmptNonChrtblRltdOrgInd",4,4,"2021v4.1"
"/irs:Return/irs:ReturnData/irs:IRS990EZ/irs:SchoolOperatingInd",4,4,"2021v4.1"
"/Return/ReturnData/IRS990ScheduleG/ThirdPartyForeignAddress/AddressLine1Txt",4,4,"2021v4.0, 2021v4.2"
"/irs:Return/irs:ReturnData/irs:IRS990/irs:TotalReportableCompFromOrgAmt",4,4,"2021v4.1"
"/irs:Return/irs:ReturnData/irs:IRS990/irs:CashNonInterestBearingGrp/irs:EOYAmt",4,4,"2021v4.1"
"/irs:Return/irs:ReturnData/irs:IRS990/irs:InvestTaxExemptBondsInd",4,4,"2021v4.1"
"/irs:Return/irs:ReturnData/irs:IRS990/irs:EscrowAccountInd",4,4,"2021v4.1"
"/irs:Return/irs:ReturnData/irs:IRS990/irs:ContractorCompensationGrp/irs:ContractorAddress/irs:USAddress",4,2,"2021v4.1"
"/irs:Return/irs:ReturnData/irs:IRS990/irs:InsuranceGrp",4,4,"2021v4.1"
"/irs:Return/irs:ReturnData/irs:IRS990/irs:ContractorCompensationGrp/irs:ContractorAddress",4,2,"2021v4.1"
"/irs:Return/irs:ReturnData/irs:IRS990/irs:EmploymentTaxReturnsFiledInd",4,4,"2021v4.1"
"/Return/ReturnData/IRS990ScheduleH/HospitalFcltyPoliciesPrctcGrp/Form4720FiledInd",4,4,"2021v4.0, 2021v4.2"
"/irs:Return/irs:ReturnData/irs:IRS990/irs:QuidProQuoContributionsInd",4,4,"2021v4.1"
"/irs:Return/irs:ReturnData/irs:IRS990/irs:TaxableDistributionsInd",4,4,"2021v4.1"
"/irs:Return/irs:ReturnData/irs:IRS990/irs:NondeductibleContriDisclInd",4,4,"2021v4.1"
"/irs:Return/irs:ReturnData/irs:IRS990/irs:InsuranceGrp/irs:TotalAmt",4,4,"2021v4.1"
"/irs:Return/irs:ReturnData/irs:IRS990/irs:ExpenseAmt",4,4,"2021v4.1"
"/irs:Return/irs:ReturnData/irs:IRS990/irs:CashNonInterestBearingGrp/irs:BOYAmt",4,4,"2021v4.1"
"/irs:Return/irs:ReturnData/irs:IRS990EZ/irs:OccupancyRentUtltsAndMaintAmt",4,4,"2021v4.1"
"/irs:Return/irs:ReturnData/irs:IRS990EZ/irs:OtherExpensesTotalAmt",4,4,"2021v4.1"
"/irs:Return/irs:ReturnData/irs:IRS990ScheduleA/irs:PubliclySupportedOrg509a2Ind",4,4,"2021v4.1"
"/irs:Return/irs:ReturnData/irs:IRS990/irs:ContractorCompensationGrp/irs:ContractorAddress/irs:USAddress/irs:CityNm",4,2,"2021v4.1"
"/irs:Return/irs:ReturnData/irs:IRS990/irs:ContractorCompensationGrp/irs:ContractorAddress/irs:USAddress/irs:AddressLine1Txt",4,2,"2021v4.1"
"/irs:Return/irs:ReturnData/irs:IRS990/irs:Form1098CFiledInd",4,4,"2021v4.1"
"/irs:Return/irs:ReturnData/irs:IRS990EZ/irs:PartVIHghstPdCntrctProfSrvcTxt",4,4,"2021v4.1"
"/irs:Return/irs:ReturnData/irs:IRS990EZ/irs:CashSavingsAndInvestmentsGrp/irs:EOYAmt",4,4,"2021v4.1"
"/Return/ReturnData/IRS990ScheduleG/FundraiserActivityInfoGrp/ForeignAddress/AddressLine2Txt",4,3,"2021v4.0"
"/irs:Return/irs:ReturnData/irs:IRS990/irs:RcvFndsToPayPrsnlBnftCntrctInd",4,4,"2021v4.1"
"/irs:Return/irs:ReturnData/irs:IRS990/irs:FundraisingAmt",4,4,"2021v4.1"
"/irs:Return/irs:ReturnData/irs:IRS990EZ/irs:LobbyingActivitiesInd",4,4,"2021v4.1"
"/Return/ReturnData/IRS990ScheduleG/ThirdPartyForeignAddress",4,4,"2021v4.0, 2021v4.2"
"/irs:Return/irs:ReturnData/irs:IRS990/irs:PayrollTaxesGrp",4,4,"2021v4.1"
"/irs:Return/irs:ReturnData/irs:IRS990/irs:PayrollTaxesGrp/irs:TotalAmt",4,4,"2021v4.1"
"/irs:Return/irs:ReturnData/irs:IRS990/irs:ContractorCompensationGrp/irs:ServicesDesc",4,2,"2021v4.1"
"/irs:Return/irs:ReturnData/irs:IRS990/irs:AcctCompileOrReviewBasisGrp",4,4,"2021v4.1"
"/irs:Return/irs:ReturnData/irs:IRS990EZ/irs:ProgramSrvcAccomplishmentGrp/irs:ProgramServiceExpensesAmt",4,2,"2021v4.1"
"/irs:Return/irs:ReturnData/irs:IRS990ScheduleG",4,4,"2021v4.1"
"/irs:Return/irs:ReturnData/irs:IRS990/irs:FeesForServicesManagementGrp",3,3,"2021v4.1"
"/irs:Return/irs:ReturnData/irs:IRS990/irs:NoDonorRestrictionNetAssetsGrp/irs:BOYAmt",3,3,"2021v4.1"
"/irs:Return/irs:ReturnData/irs:IRS990/irs:PayrollTaxesGrp/irs:ProgramServicesAmt",3,3,"2021v4.1"
"/irs:Return/irs:ReturnData/irs:IRS990/irs:OtherAssetsTotalGrp/irs:EOYAmt",3,3,"2021v4.1"
"/irs:Return/irs:ReturnData/irs:IRS990EZ/irs:PartVIOfCompOfHghstPdEmplTxt",3,3,"2021v4.1"
"/irs:Return/irs:ReturnData/irs:IRS990/irs:PYOtherRevenueAmt",3,3,"2021v4.1"
"/irs:Return/irs:ReturnData/irs:IRS990/irs:ProgSrvcAccomActy3Grp/irs:Desc",3,3,"2021v4.1"
"/irs:Return/irs:ReturnData/irs:IRS990EZ/irs:PrintingPublicationsPostageAmt",3,3,"2021v4.1"
"/irs:Return/irs:ReturnData/irs:IRS990/irs:ProgSrvcAccomActy2Grp/irs:Desc",3,3,"2021v4.1"
"/irs:Return/irs:ReturnData/irs:IRS990/irs:SpecialConditionDesc",3,2,"2021v4.1"
"/irs:Return/irs:ReturnData/irs:IRS990/irs:FSAuditedBasisGrp",3,3,"2021v4.1"
"/irs:Return/irs:ReturnData/irs:IRS990/irs:BackupWthldComplianceInd",3,3,"2021v4.1"
"/irs:Return/irs:ReturnData/irs:IRS990/irs:TotalLiabilitiesBOYAmt",3,3,"2021v4.1"
"/Return/ReturnData/IRS990ScheduleG/ThirdPartyForeignAddress/CityNm",3,3,"2021v4.2, 2021v4.0"
"/irs:Return/irs:ReturnData/irs:IRS990/irs:CompCurrentOfcrDirectorsGrp/irs:TotalAmt",3,3,"2021v4.1"
"/irs:Return/irs:ReturnData/irs:IRS990/irs:TotalProgramServiceRevenueAmt",3,3,"2021v4.1"
"/irs:Return/irs:ReturnData/irs:IRS990/irs:ProgramServiceRevenueGrp",3,3,"2021v4.1"
"/irs:Return/irs:ReturnData/irs:IRS990EZ/irs:FeesAndOtherPymtToIndCntrctAmt",3,3,"2021v4.1"
"/irs:Return/irs:ReturnData/irs:IRS990/irs:InsuranceGrp/irs:ProgramServicesAmt",3,3,"2021v4.1"
"/irs:Return/irs:ReturnData/irs:IRS990ScheduleA/irs:Total509Grp/irs:CurrentTaxYearMinus1YearAmt",3,3,"2021v4.1"
"/irs:Return/irs:ReturnData/irs:IRS990/irs:AllOtherExpensesGrp",3,3,"2021v4.1"
"/Return/ReturnData/AffiliatedGroupSchedule/AffiliatedScheduleGrp/BusinessName/BusinessNameLine2Txt",3,3,"2021v4.2, 2021v4.0"
"/irs:Return/irs:ReturnData/irs:IRS990/irs:NoDonorRestrictionNetAssetsGrp/irs:EOYAmt",3,3,"2021v4.1"
"/irs:Return/irs:ReturnData/irs:IRS990/irs:ProgramServiceRevenueGrp/irs:Desc",3,3,"2021v4.1"
"/irs:Return/irs:ReturnData/irs:IRS990/irs:ProgramServiceRevenueGrp/irs:BusinessCd",3,3,"2021v4.1"
"/irs:Return/irs:ReturnData/irs:IRS990/irs:NoDonorRestrictionNetAssetsGrp",3,3,"2021v4.1"
"/irs:Return/irs:ReturnData/irs:IRS990/irs:AllOtherExpensesGrp/irs:TotalAmt",3,3,"2021v4.1"
"/irs:Return/irs:ReturnData/irs:IRS990ScheduleD",3,3,"2021v4.1"
"/irs:Return/irs:ReturnData/irs:IRS990/irs:OccupancyGrp",3,3,"2021v4.1"
"/irs:Return/irs:ReturnData/irs:IRS990/irs:OtherSalariesAndWagesGrp/irs:TotalAmt",3,3,"2021v4.1"
"/irs:Return/irs:ReturnData/irs:IRS990ScheduleA/irs:GiftsGrantsContrisRcvd509Grp/irs:CurrentTaxYearMinus1YearAmt",3,3,"2021v4.1"
"/irs:Return/irs:ReturnData/irs:IRS990/irs:TravelGrp",3,3,"2021v4.1"
"/irs:Return/irs:ReturnData/irs:IRS990ScheduleA/irs:PublicSupportCY509Pct",3,3,"2021v4.1"
"/irs:Return/irs:ReturnData/irs:IRS990/irs:OfficeExpensesGrp/irs:ProgramServicesAmt",3,3,"2021v4.1"
"/irs:Return/irs:ReturnData/irs:IRS990ScheduleD/irs:TotalBookValueOtherAssetsAmt",3,3,"2021v4.1"
"/irs:Return/irs:ReturnData/irs:IRS990ScheduleA/irs:InvestmentIncomeCYPct",3,3,"2021v4.1"
"/Return/ReturnData/IRS990ScheduleG/ThirdPartyForeignAddress/ProvinceOrStateNm",3,3,"2021v4.0, 2021v4.2"
"/irs:Return/irs:ReturnData/irs:IRS990/irs:Form8886TFiledInd",3,3,"2021v4.1"
"/irs:Return/irs:ReturnData/irs:IRS990/irs:FeesForServicesAccountingGrp",3,3,"2021v4.1"
"/irs:Return/irs:ReturnData/irs:IRS990/irs:GovernmentGrantsAmt",3,3,"2021v4.1"
"/irs:Return/irs:ReturnData/irs:IRS990/irs:Form990PartVIISectionAGrp/irs:KeyEmployeeInd",3,2,"2021v4.1"
"/irs:Return/irs:ReturnData/irs:IRS990/irs:ProgSrvcAccomActy3Grp",3,3,"2021v4.1"
"/Return/ReturnData/IRS990ScheduleH/HospitalFcltyPoliciesPrctcGrp/ExciseReportForm4720ForAllAmt",3,3,"2021v4.0, 2021v4.2"
"/irs:Return/irs:ReturnData/irs:IRS990/irs:ProgSrvcAccomActy2Grp",3,3,"2021v4.1"
"/irs:Return/irs:ReturnData/irs:IRS990/irs:OtherAssetsTotalGrp",3,3,"2021v4.1"
"/irs:Return/irs:ReturnData/irs:IRS990/irs:FeesForServicesAccountingGrp/irs:TotalAmt",3,3,"2021v4.1"
"/irs:Return/irs:ReturnData/irs:IRS990/irs:OccupancyGrp/irs:TotalAmt",3,3,"2021v4.1"
"/irs:Return/irs:ReturnData/irs:IRS990/irs:Form8899Filedind",3,3,"2021v4.1"
"/irs:Return/irs:ReturnData/irs:IRS990/irs:AdvertisingGrp",3,3,"2021v4.1"
"/Return/ReturnData/IRS990EZ/CompensationOfHghstPdCntrctGrp/ForeignAddress/AddressLine2Txt",3,2,"2021v4.0"
"/irs:Return/irs:ReturnData/irs:IRS990/irs:CompCurrentOfcrDirectorsGrp",3,3,"2021v4.1"
"/irs:Return/irs:ReturnData/irs:IRS990ScheduleA/irs:TotalSupportCalendarYearGrp/irs:CurrentTaxYearMinus1YearAmt",3,3,"2021v4.1"
"/irs:Return/irs:ReturnData/irs:IRS990/irs:ProgramServiceRevenueGrp/irs:TotalRevenueColumnAmt",3,3,"2021v4.1"
"/irs:Return/irs:ReturnData/irs:IRS990/irs:PYProgramServiceRevenueAmt",3,3,"2021v4.1"
"/irs:Return/irs:ReturnData/irs:IRS990/irs:AdvertisingGrp/irs:TotalAmt",3,3,"2021v4.1"
"/irs:Return/irs:ReturnData/irs:IRS990/irs:AccountsPayableAccrExpnssGrp/irs:BOYAmt",2,2,"2021v4.1"
"/irs:Return/irs:ReturnData/irs:IRS990/irs:FeesForServicesAccountingGrp/irs:ProgramServicesAmt",2,2,"2021v4.1"
"/irs:Return/irs:ReturnData/irs:IRS990/irs:MethodOfAccountingAccrualInd",2,2,"2021v4.1"
"/irs:Return/irs:ReturnData/irs:IRS990/irs:ConferencesMeetingsGrp/irs:TotalAmt",2,2,"2021v4.1"
"/irs:Return/irs:ReturnData/irs:IRS990ScheduleA/irs:GrossReceiptsAdmissionsGrp/irs:TotalAmt",2,2,"2021v4.1"
"/irs:Return/irs:ReturnData/irs:IRS990/irs:FeesForServicesManagementGrp/irs:ProgramServicesAmt",2,2,"2021v4.1"
"/irs:Return/irs:ReturnData/irs:IRS990/irs:AccountsReceivableGrp/irs:EOYAmt",2,2,"2021v4.1"
"/irs:Return/irs:ReturnData/irs:IRS990EZ/irs:SalariesOtherCompEmplBnftAmt",2,2,"2021v4.1"
"/Return/ReturnData/IRS990ScheduleH/ManagementCoAndJntVenturesGrp/EntityName/BusinessNameLine2Txt",2,2,"2021v4.2"
"/irs:Return/irs:ReturnData/irs:IRS990/irs:FeesForServicesOtherGrp/irs:TotalAmt",2,2,"2021v4.1"
"/irs:Return/irs:ReturnData/irs:IRS990/irs:OrgDoesNotFollowFASB117Ind",2,2,"2021v4.1"
"/irs:Return/irs:ReturnData/irs:IRS990/irs:RevenueAmt",2,2,"2021v4.1"
"/irs:Return/irs:ReturnData/irs:IRS990/irs:InformationTechnologyGrp",2,2,"2021v4.1"
"/irs:Return/irs:ReturnData/irs:IRS990/irs:PYTotalProfFndrsngExpnsAmt",2,2,"2021v4.1"
"/irs:Return/irs:ReturnData/irs:IRS990/irs:InformationTechnologyGrp/irs:TotalAmt",2,2,"2021v4.1"
"/irs:Return/irs:ReturnData/irs:IRS990/irs:WrittenPolicyOrProcedureInd",2,2,"2021v4.1"
"/irs:Return/irs:ReturnData/irs:IRS990EZ/irs:SpecialEventsDirectExpensesAmt",2,2,"2021v4.1"
"/irs:Return/irs:ReturnData/irs:IRS990/irs:Form990TFiledInd",2,2,"2021v4.1"
"/irs:Return/irs:ReturnData/irs:IRS990/irs:AccountsReceivableGrp",2,2,"2021v4.1"
"/irs:Return/irs:ReturnData/irs:IRS990/irs:WebsiteAddressTxt",2,2,"2021v4.1"
"/irs:Return/irs:ReturnData/irs:IRS990/irs:OtherLiabilitiesGrp",2,2,"2021v4.1"
"/irs:Return/irs:ReturnData/irs:IRS990/irs:InfoInScheduleOPartVInd",2,2,"2021v4.1"
"/irs:Return/irs:ReturnData/irs:IRS990EZ/irs:SpecialEventsNetIncomeLossAmt",2,2,"2021v4.1"
"/irs:Return/irs:ReturnData/irs:IRS990/irs:GrantAmt",2,2,"2021v4.1"
"/irs:Return/irs:ReturnData/irs:IRS990/irs:OtherSalariesAndWagesGrp/irs:ManagementAndGeneralAmt",2,2,"2021v4.1"
"/irs:Return/irs:ReturnData/irs:IRS990/irs:OfficeExpensesGrp/irs:ManagementAndGeneralAmt",2,2,"2021v4.1"
"/irs:Return/irs:ReturnData/irs:IRS990EZ/irs:TotalProgramServiceExpensesAmt",2,2,"2021v4.1"
"/irs:Return/irs:ReturnData/irs:IRS990/irs:CompCurrentOfcrDirectorsGrp/irs:ProgramServicesAmt",2,2,"2021v4.1"
"/irs:Return/irs:ReturnData/irs:IRS990/irs:ConferencesMeetingsGrp/irs:ProgramServicesAmt",2,2,"2021v4.1"
"/irs:Return/irs:ReturnData/irs:IRS990/irs:FeesForServicesManagementGrp/irs:TotalAmt",2,2,"2021v4.1"
"/irs:Return/irs:ReturnData/irs:IRS990/irs:PoliciesReferenceChaptersInd",2,2,"2021v4.1"
"/irs:Return/irs:ReturnData/irs:IRS990/irs:AcctCompileOrReviewBasisGrp/irs:ConsolidatedBasisFinclStmtInd",2,2,"2021v4.1"
"/irs:Return/irs:ReturnData/irs:IRS990/irs:TravelGrp/irs:TotalAmt",2,2,"2021v4.1"
"/irs:Return/irs:ReturnData/irs:IRS990/irs:TravelGrp/irs:ProgramServicesAmt",2,2,"2021v4.1"
"/irs:Return/irs:ReturnData/irs:IRS990/irs:ConferencesMeetingsGrp",2,2,"2021v4.1"
"/irs:Return/irs:ReturnData/irs:IRS990/irs:AccountsReceivableGrp/irs:BOYAmt",2,2,"2021v4.1"
"/irs:Return/irs:ReturnData/irs:IRS990/irs:OtherLiabilitiesGrp/irs:EOYAmt",2,2,"2021v4.1"
"/irs:Return/irs:ReturnData/irs:IRS990ScheduleA/irs:GrossReceiptsAdmissionsGrp",2,2,"2021v4.1"
"/Return/ReturnData/IRS990ScheduleR/UnrelatedOrgTxblPartnershipGrp/USAddress/AddressLine2Txt",2,2,"2021v4.2, 2021v4.0"
"/Return/ReturnData/IRS990ScheduleG/ThirdPartyForeignAddress/ForeignPostalCd",2,2,"2021v4.2, 2021v4.0"
"/irs:Return/irs:ReturnData/irs:IRS990/irs:FSAuditedBasisGrp/irs:ConsolidatedBasisFinclStmtInd",2,2,"2021v4.1"
"/irs:Return/irs:ReturnData/irs:IRS990/irs:AccountsPayableAccrExpnssGrp",2,2,"2021v4.1"
"/irs:Return/irs:ReturnData/irs:IRS990/irs:FeesForServicesOtherGrp",2,2,"2021v4.1"
"/irs:Return/irs:ReturnData/irs:IRS990/irs:TravelGrp/irs:ManagementAndGeneralAmt",2,2,"2021v4.1"
"/irs:Return/irs:ReturnData/irs:IRS990/irs:OtherSalariesAndWagesGrp/irs:ProgramServicesAmt",2,2,"2021v4.1"
"/irs:Return/irs:ReturnData/irs:IRS990/irs:FeesForServicesLegalGrp",2,2,"2021v4.1"
"/irs:Return/irs:ReturnData/irs:IRS990/irs:AccountsPayableAccrExpnssGrp/irs:EOYAmt",2,2,"2021v4.1"
"/irs:Return/irs:ReturnData/irs:IRS990ScheduleA/irs:GrossReceiptsAdmissionsGrp/irs:CurrentTaxYearAmt",2,2,"2021v4.1"
"/irs:Return/irs:ReturnData/irs:IRS990/irs:OccupancyGrp/irs:ProgramServicesAmt",2,2,"2021v4.1"
"/irs:Return/irs:ReturnData/irs:IRS990/irs:InitialReturnInd",2,2,"2021v4.1"
"/irs:Return/irs:ReturnData/irs:IRS990ScheduleA/irs:OtherSupportSumAmt",1,1,"2021v4.1"
"/irs:Return/irs:ReturnData/irs:IRS990ScheduleA/irs:UnrelatedBusinessNetIncm170Grp",1,1,"2021v4.1"
"/irs:Return/irs:ReturnData/irs:IRS990ScheduleA/irs:GrossInvestmentIncome170Grp/irs:TotalAmt",1,1,"2021v4.1"
"/irs:Return/irs:ReturnData/irs:IRS990/irs:DonorRestrictionNetAssetsGrp/irs:BOYAmt",1,1,"2021v4.1"
"/irs:Return/irs:ReturnData/irs:IRS990/irs:DonorRestrictionNetAssetsGrp",1,1,"2021v4.1"
"/irs:Return/irs:ReturnData/irs:IRS990/irs:LandBldgEquipCostOrOtherBssAmt",1,1,"2021v4.1"
"/irs:Return/irs:ReturnData/irs:IRS990/irs:OtherExpensesGrp/irs:FundraisingAmt",1,1,"2021v4.1"
"/irs:Return/irs:ReturnData/irs:IRS990ScheduleG/irs:TotalRetainedByContractorsAmt",1,1,"2021v4.1"
"/irs:Return/irs:ReturnData/irs:IRS990ScheduleA/irs:TotalSupportCalendarYearGrp/irs:CurrentTaxYearMinus2YearsAmt",1,1,"2021v4.1"
"/irs:Return/irs:ReturnData/irs:IRS990ScheduleA/irs:TotalSupportCalendarYearGrp/irs:CurrentTaxYearMinus4YearsAmt",1,1,"2021v4.1"
"/irs:Return/irs:ReturnData/irs:IRS990ScheduleA/irs:GiftsGrantsContrisRcvd509Grp/irs:CurrentTaxYearMinus2YearsAmt",1,1,"2021v4.1"
"/irs:Return/irs:ReturnData/irs:IRS990ScheduleA/irs:GiftsGrantsContrisRcvd509Grp/irs:CurrentTaxYearMinus3YearsAmt",1,1,"2021v4.1"
"/irs:Return/irs:ReturnData/irs:IRS990EZ/irs:InfoInScheduleOPartIIInd",1,1,"2021v4.1"
"/irs:Return/irs:ReturnData/irs:IRS990ScheduleA/irs:SupportingOrganization509a3Ind",1,1,"2021v4.1"
"/irs:Return/irs:ReturnData/irs:IRS990/irs:PaymentsToAffiliatesGrp/irs:TotalAmt",1,1,"2021v4.1"
"/irs:Return/irs:ReturnData/irs:IRS990EZ/irs:CompensationHighestPaidEmplGrp/irs:PersonNm",1,1,"2021v4.1"
"/irs:Return/irs:ReturnData/irs:IRS990EZ/irs:CompensationHighestPaidEmplGrp/irs:EmployeeBenefitsAmt",1,1,"2021v4.1"
"/irs:Return/irs:ReturnData/irs:IRS990ScheduleD/irs:ExpensesSubtotalAmt",1,1,"2021v4.1"
"/irs:Return/irs:ReturnData/irs:IRS990/irs:UnsecuredNotesLoansPayableGrp/irs:BOYAmt",1,1,"2021v4.1"
"/irs:Return/irs:ReturnData/irs:IRS990/irs:ReceivablesFromOfficersEtcGrp",1,1,"2021v4.1"
"/irs:Return/irs:ReturnData/irs:IRS990EZ/irs:OtherAssetsTotalDetail/irs:EOYAmt",1,1,"2021v4.1"
"/irs:Return/irs:ReturnData/irs:IRS990/irs:AcctCompileOrReviewBasisGrp/irs:SeparateBasisFinclStmtInd",1,1,"2021v4.1"
"/irs:Return/irs:ReturnData/irs:IRS990ScheduleD/irs:TotalLiabilityAmt",1,1,"2021v4.1"
"/irs:Return/irs:ReturnData/irs:IRS990/irs:DepreciationDepletionGrp/irs:ProgramServicesAmt",1,1,"2021v4.1"
"/irs:Return/irs:ReturnData/irs:IRS990/irs:ProgSrvcAccomActy2Grp/irs:GrantAmt",1,1,"2021v4.1"
"/Return/ReturnData/IRS990ScheduleR/UnrelatedOrgTxblPartnershipGrp/ForeignAddress/AddressLine2Txt",1,1,"2021v4.2"
"/irs:Return/irs:ReturnData/irs:IRS990/irs:FeesForServicesLegalGrp/irs:TotalAmt",1,1,"2021v4.1"
"/irs:Return/irs:ReturnData/irs:IRS990ScheduleD/irs:OtherLiabilitiesOrgGrp",1,1,"2021v4.1"
"/irs:Return/irs:ReturnData/irs:IRS990ScheduleA/irs:SupportedOrgInformationGrp/irs:OrganizationTypeCd",1,1,"2021v4.1"
"/irs:Return/irs:ReturnData/irs:IRS990/irs:InsuranceGrp/irs:ManagementAndGeneralAmt",1,1,"2021v4.1"
"/irs:Return/irs:ReturnData/irs:IRS990/irs:PaymentsToAffiliatesGrp",1,1,"2021v4.1"
"/irs:Return/irs:ReturnData/irs:IRS990/irs:OrgFiledInLieuOfForm1041Ind",1,1,"2021v4.1"
"/irs:Return/irs:ReturnData/irs:IRS990EZ/irs:ProgramSrvcAccomplishmentGrp/irs:GrantsAndAllocationsAmt",1,1,"2021v4.1"
"/irs:Return/irs:ReturnData/irs:IRS990/irs:InvestmentsPubTradedSecGrp",1,1,"2021v4.1"
"/irs:Return/irs:ReturnData/irs:IRS990/irs:InvestmentsPubTradedSecGrp/irs:BOYAmt",1,1,"2021v4.1"
"/irs:Return/irs:ReturnData/irs:IRS990/irs:TypeOfOrganizationOtherInd",1,1,"2021v4.1"
"/irs:Return/irs:ReturnData/irs:IRS990/irs:FSAuditedBasisGrp/irs:ConsolAndSepBasisFinclStmtInd",1,1,"2021v4.1"
"/irs:Return/irs:ReturnData/irs:IRS990ScheduleA/irs:GrossInvestmentIncome170Grp/irs:CurrentTaxYearMinus4YearsAmt",1,1,"2021v4.1"
"/irs:Return/irs:ReturnData/irs:IRS990ScheduleA/irs:GrossInvestmentIncome170Grp/irs:CurrentTaxYearAmt",1,1,"2021v4.1"
"/irs:Return/irs:ReturnData/irs:IRS990ScheduleD/irs:TotalRevEtcAuditedFinclStmtAmt",1,1,"2021v4.1"
"/irs:Return/irs:ReturnData/irs:IRS990ScheduleJ/irs:EquityBasedCompArrngmInd",1,1,"2021v4.1"
"/irs:Return/irs:ReturnData/irs:IRS990EZ/irs:CompensationHighestPaidEmplGrp/irs:TitleTxt",1,1,"2021v4.1"
"/irs:Return/irs:ReturnData/irs:IRS990/irs:UnsecuredNotesLoansPayableGrp",1,1,"2021v4.1"
"/irs:Return/irs:ReturnData/irs:IRS990ScheduleD/irs:BuildingsGrp",1,1,"2021v4.1"
"/irs:Return/irs:ReturnData/irs:IRS990ScheduleA/irs:Form990SchASupportingOrgGrp/irs:OrganizationChangeSuprtOrgInd",1,1,"2021v4.1"
"/irs:Return/irs:ReturnData/irs:IRS990ScheduleA/irs:Form990SchASupportingOrgGrp/irs:LoanDisqualifiedPersonInd",1,1,"2021v4.1"
"/irs:Return/irs:ReturnData/irs:IRS990/irs:DeferredRevenueGrp/irs:EOYAmt",1,1,"2021v4.1"
"/irs:Return/irs:ReturnData/irs:IRS990/irs:ProgSrvcAccomActy2Grp/irs:ExpenseAmt",1,1,"2021v4.1"
"/irs:Return/irs:ReturnData/irs:IRS990ScheduleA/irs:SupportedOrgInformationGrp/irs:SupportedOrganizationName/irs:BusinessNameLine1Txt",1,1,"2021v4.1"
"/irs:Return/irs:ReturnData/irs:IRS990EZ/irs:GrossProfitLossSlsOfInvntryAmt",1,1,"2021v4.1"
"/irs:Return/irs:ReturnData/irs:IRS990/irs:OtherOrganizationDsc",1,1,"2021v4.1"
"/irs:Return/irs:ReturnData/irs:IRS990/irs:InterestGrp/irs:ProgramServicesAmt",1,1,"2021v4.1"
"/irs:Return/irs:ReturnData/irs:IRS990/irs:ReceivablesFromOfficersEtcGrp/irs:EOYAmt",1,1,"2021v4.1"
"/irs:Return/irs:ReturnData/irs:IRS990/irs:MortgNotesPyblScrdInvstPropGrp",1,1,"2021v4.1"
"/irs:Return/irs:ReturnData/irs:IRS990ScheduleD/irs:EquipmentGrp/irs:OtherCostOrOtherBasisAmt",1,1,"2021v4.1"
"/irs:Return/irs:ReturnData/irs:IRS990ScheduleD/irs:RevenueSubtotalAmt",1,1,"2021v4.1"
"/irs:Return/irs:ReturnData/irs:IRS990ScheduleJ/irs:RltdOrgOfficerTrstKeyEmplGrp",1,1,"2021v4.1"
"/irs:Return/irs:ReturnData/irs:IRS990ScheduleJ/irs:RltdOrgOfficerTrstKeyEmplGrp/irs:PersonNm",1,1,"2021v4.1"
"/irs:Return/irs:ReturnData/irs:IRS990ScheduleL",1,1,"2021v4.1"
"/Return/ReturnData/IRS990ScheduleL/DisqualifiedPersonExBnftTrGrp/BusinessName/BusinessNameLine2Txt",1,1,"2021v4.0"
"/irs:Return/irs:ReturnData/irs:IRS990EZ/irs:RelatedOrgSect527OrgInd",1,1,"2021v4.1"
"/irs:Return/irs:ReturnData/irs:IRS990ScheduleJ/irs:SupplementalNonqualRtrPlanInd",1,1,"2021v4.1"
"/irs:Return/irs:ReturnData/irs:IRS990ScheduleA/irs:First5Years170Ind",1,1,"2021v4.1"
"/irs:Return/irs:ReturnData/irs:IRS990ScheduleD/irs:TotalExpensesPerForm990Amt",1,1,"2021v4.1"
"/irs:Return/irs:ReturnData/irs:IRS990ScheduleD/irs:EquipmentGrp",1,1,"2021v4.1"
"/irs:Return/irs:ReturnData/irs:IRS990ScheduleD/irs:LeaseholdImprovementsGrp/irs:DepreciationAmt",1,1,"2021v4.1"
"/irs:Return/irs:ReturnData/irs:IRS990ScheduleA/irs:GrossInvestmentIncome170Grp",1,1,"2021v4.1"
"/irs:Return/irs:ReturnData/irs:IRS990/irs:PledgesAndGrantsReceivableGrp/irs:BOYAmt",1,1,"2021v4.1"
"/irs:Return/irs:ReturnData/irs:IRS990/irs:InterestGrp",1,1,"2021v4.1"
"/irs:Return/irs:ReturnData/irs:IRS990/irs:InvestmentsPubTradedSecGrp/irs:EOYAmt",1,1,"2021v4.1"
"/irs:Return/irs:ReturnData/irs:IRS990ScheduleA/irs:Total509Grp/irs:CurrentTaxYearMinus2YearsAmt",1,1,"2021v4.1"
"/irs:Return/irs:ReturnData/irs:IRS990ScheduleA/irs:Total509Grp/irs:CurrentTaxYearMinus3YearsAmt",1,1,"2021v4.1"
"/irs:Return/irs:ReturnData/irs:IRS990ScheduleJ/irs:SeverancePaymentInd",1,1,"2021v4.1"
"/irs:Return/irs:ReturnData/irs:IRS990ScheduleA/irs:SupportedOrgInformationGrp/irs:SupportedOrganizationName",1,1,"2021v4.1"
"/irs:Return/irs:ReturnData/irs:IRS990/irs:RtnEarnEndowmentIncmOthFndsGrp/irs:BOYAmt",1,1,"2021v4.1"
"/irs:Return/irs:ReturnData/irs:IRS990/irs:ProgramServiceRevenueGrp/irs:RelatedOrExemptFuncIncomeAmt",1,1,"2021v4.1"
"/irs:Return/irs:ReturnData/irs:IRS990ScheduleD/irs:OtherLiabilitiesOrgGrp/irs:Amt",1,1,"2021v4.1"
"/irs:Return/irs:ReturnData/irs:IRS990/irs:PledgesAndGrantsReceivableGrp",1,1,"2021v4.1"
"/irs:Return/irs:ReturnData/irs:IRS990/irs:OtherEmployeeBenefitsGrp/irs:ManagementAndGeneralAmt",1,1,"2021v4.1"
"/irs:Return/irs:ReturnData/irs:IRS990EZ/irs:Form1120PolFiledInd",1,1,"2021v4.1"
"/irs:Return/irs:ReturnData/irs:IRS990/irs:OccupancyGrp/irs:ManagementAndGeneralAmt",1,1,"2021v4.1"
"/irs:Return/irs:ReturnData/irs:IRS990ScheduleA/irs:Form990SchAType1SuprtOrgGrp/irs:PowerAppointMajorityDirTrstInd",1,1,"2021v4.1"
"/irs:Return/irs:ReturnData/irs:IRS990ScheduleA/irs:Form990SchASupportingOrgGrp/irs:ContributionFamilyInd",1,1,"2021v4.1"
"/irs:Return/irs:ReturnData/irs:IRS990ScheduleA/irs:Form990SchASupportingOrgGrp/irs:PaymentSubstantialContribtrInd",1,1,"2021v4.1"
"/irs:Return/irs:ReturnData/irs:IRS990ScheduleA/irs:SupportedOrgInformationGrp/irs:OtherSupportAmt",1,1,"2021v4.1"
"/irs:Return/irs:ReturnData/irs:IRS990ScheduleA/irs:SupportedOrgInformationGrp/irs:EIN",1,1,"2021v4.1"
"/irs:Return/irs:ReturnData/irs:IRS990ScheduleA/irs:SupportingOrgType1Ind",1,1,"2021v4.1"
"/irs:Return/irs:ReturnData/irs:IRS990/irs:OtherAssetsTotalGrp/irs:BOYAmt",1,1,"2021v4.1"
"/irs:Return/irs:ReturnData/irs:IRS990EZ/irs:CompensationHighestPaidEmplGrp/irs:CompensationAmt",1,1,"2021v4.1"
"/irs:Return/irs:ReturnData/irs:IRS990ScheduleA/irs:Form990SchASupportingOrgGrp/irs:DisqualifiedPrsnControllIntInd",1,1,"2021v4.1"
"/irs:Return/irs:ReturnData/irs:IRS990ScheduleA/irs:Form990SchASupportingOrgGrp/irs:SuprtOrgNoIRSDeterminationInd",1,1,"2021v4.1"
"/irs:Return/irs:ReturnData/irs:IRS990ScheduleA/irs:Form990SchASupportingOrgGrp/irs:DisqualifiedPrsnOwnrIntInd",1,1,"2021v4.1"
"/irs:Return/irs:ReturnData/irs:IRS990ScheduleA/irs:Form990SchASupportingOrgGrp/irs:Contribution35ControlledInd",1,1,"2021v4.1"
"/irs:Return/irs:ReturnData/irs:IRS990EZ/irs:GrossSalesOfInventoryAmt",1,1,"2021v4.1"
"/irs:Return/irs:ReturnData/irs:IRS990/irs:PaymentsToAffiliatesGrp/irs:ProgramServicesAmt",1,1,"2021v4.1"
"/Return/ReturnData/CompensationExplanation/CompensationExplanationGrp/BusinessName/BusinessNameLine2Txt",1,1,"2021v4.2"
"/irs:Return/irs:ReturnData/irs:IRS990/irs:Form990PartVIISectionAGrp/irs:HighestCompensatedEmployeeInd",1,1,"2021v4.1"
"/irs:Return/irs:ReturnData/irs:IRS990/irs:OtherEmployeeBenefitsGrp/irs:TotalAmt",1,1,"2021v4.1"
"/irs:Return/irs:ReturnData/irs:IRS990/irs:LandBldgEquipAccumDeprecAmt",1,1,"2021v4.1"
"/irs:Return/irs:ReturnData/irs:IRS990ScheduleJ/irs:CompensationSurveyInd",1,1,"2021v4.1"
"/irs:Return/irs:ReturnData/irs:IRS990ScheduleJ/irs:AnyNonFixedPaymentsInd",1,1,"2021v4.1"
"/irs:Return/irs:ReturnData/irs:IRS990ScheduleA/irs:SupportedOrganizationsCnt",1,1,"2021v4.1"
"/irs:Return/irs:ReturnData/irs:IRS990EZ/irs:CompensationHighestPaidEmplGrp/irs:AverageHoursPerWeekRt",1,1,"2021v4.1"
"/irs:Return/irs:ReturnData/irs:IRS990ScheduleJ/irs:InitialContractExceptionInd",1,1,"2021v4.1"
"/irs:Return/irs:ReturnData/irs:IRS990ScheduleA/irs:Form990SchAType1SuprtOrgGrp/irs:OperateBenefitNonSuprtOrgInd",1,1,"2021v4.1"
"/Return/ReturnData/IRS990ScheduleR/UnrelatedOrgTxblPartnershipGrp/BusinessName/BusinessNameLine2Txt",1,1,"2021v4.0"
"/irs:Return/irs:ReturnData/irs:IRS990EZ/irs:CostOfGoodsSoldAmt",1,1,"2021v4.1"
"/irs:Return/irs:ReturnData/irs:IRS990ScheduleA/irs:GrossReceiptsNonUnrltBusGrp/irs:TotalAmt",1,1,"2021v4.1"
"/irs:Return/irs:ReturnData/irs:IRS990ScheduleJ/irs:RltdOrgOfficerTrstKeyEmplGrp/irs:BaseCompensationFilingOrgAmt",1,1,"2021v4.1"
"/irs:Return/irs:ReturnData/irs:IRS990/irs:FeesForServicesProfFundraising",1,1,"2021v4.1"
"/irs:Return/irs:ReturnData/irs:IRS990ScheduleG/irs:PhoneSolicitationsInd",1,1,"2021v4.1"
"/irs:Return/irs:ReturnData/irs:IRS990/irs:AllOtherExpensesGrp/irs:ManagementAndGeneralAmt",1,1,"2021v4.1"
"/irs:Return/irs:ReturnData/irs:IRS990/irs:FeesForServicesManagementGrp/irs:ManagementAndGeneralAmt",1,1,"2021v4.1"
"/irs:Return/irs:ReturnData/irs:IRS990/irs:OfficeExpensesGrp/irs:FundraisingAmt",1,1,"2021v4.1"
"/irs:Return/irs:ReturnData/irs:IRS990/irs:InterestGrp/irs:ManagementAndGeneralAmt",1,1,"2021v4.1"
"/irs:Return/irs:ReturnData/irs:IRS990/irs:AcctCompileOrReviewBasisGrp/irs:ConsolAndSepBasisFinclStmtInd",1,1,"2021v4.1"
"/irs:Return/irs:ReturnData/irs:IRS990ScheduleD/irs:LeaseholdImprovementsGrp/irs:OtherCostOrOtherBasisAmt",1,1,"2021v4.1"
"/irs:Return/irs:ReturnData/irs:IRS990ScheduleD/irs:TotalRevenuePerForm990Amt",1,1,"2021v4.1"
"/irs:Return/irs:ReturnData/irs:IRS990/irs:InfoInScheduleOPartIXInd",1,1,"2021v4.1"
"/irs:Return/irs:ReturnData/irs:IRS990/irs:OtherLiabilitiesGrp/irs:BOYAmt",1,1,"2021v4.1"
"/irs:Return/irs:ReturnData/irs:IRS990/irs:ProgSrvcAccomActy3Grp/irs:ExpenseAmt",1,1,"2021v4.1"
"/Return/ReturnData/IRS990ScheduleA/AgriculturalNameAndAddressGrp/CollegeUniversityName/BusinessNameLine2Txt",1,1,"2021v4.0"
"/irs:Return/irs:ReturnData/irs:IRS990ScheduleA/irs:SupportedOrgInformationGrp/irs:SupportAmt",1,1,"2021v4.1"
"/irs:Return/irs:ReturnData/irs:IRS990EZ/irs:OtherAssetsTotalDetail/irs:BOYAmt",1,1,"2021v4.1"
"/irs:Return/irs:ReturnData/irs:IRS990ScheduleA/irs:Total509Grp/irs:CurrentTaxYearMinus4YearsAmt",1,1,"2021v4.1"
"/irs:Return/irs:ReturnData/irs:IRS990/irs:FeesForServicesLegalGrp/irs:ManagementAndGeneralAmt",1,1,"2021v4.1"
"/irs:Return/irs:ReturnData/irs:IRS990/irs:FeesForServicesAccountingGrp/irs:ManagementAndGeneralAmt",1,1,"2021v4.1"
"/irs:Return/irs:ReturnData/irs:IRS990/irs:MortgNotesPyblScrdInvstPropGrp/irs:EOYAmt",1,1,"2021v4.1"
"/irs:Return/irs:ReturnData/irs:IRS990ScheduleA/irs:GrossInvestmentIncome170Grp/irs:CurrentTaxYearMinus3YearsAmt",1,1,"2021v4.1"
"/irs:Return/irs:ReturnData/irs:IRS990ScheduleJ/irs:RltdOrgOfficerTrstKeyEmplGrp/irs:TotalCompensationFilingOrgAmt",1,1,"2021v4.1"
"/irs:Return/irs:ReturnData/irs:IRS990ScheduleA/irs:UnrelatedBusinessNetIncm170Grp/irs:CurrentTaxYearAmt",1,1,"2021v4.1"
"/irs:Return/irs:ReturnData/irs:IRS990ScheduleA/irs:UnrelatedBusinessNetIncm170Grp/irs:TotalAmt",1,1,"2021v4.1"
"/irs:Return/irs:ReturnData/irs:IRS990EZ/irs:CompensationHighestPaidEmplGrp",1,1,"2021v4.1"
"/irs:Return/irs:ReturnData/irs:IRS990EZ/irs:Organization501cInd",1,1,"2021v4.1"
"/irs:Return/irs:ReturnData/irs:IRS990ScheduleA/irs:GrossInvestmentIncome170Grp/irs:CurrentTaxYearMinus2YearsAmt",1,1,"2021v4.1"
"/irs:Return/irs:ReturnData/irs:IRS990/irs:PrepaidExpensesDefrdChargesGrp/irs:BOYAmt",1,1,"2021v4.1"
"/irs:Return/irs:ReturnData/irs:IRS990ScheduleC",1,1,"2021v4.1"
"/irs:Return/irs:ReturnData/irs:IRS990/irs:InformationTechnologyGrp/irs:ProgramServicesAmt",1,1,"2021v4.1"
"/irs:Return/irs:ReturnData/irs:IRS990EZ/irs:OtherAssetsTotalDetail",1,1,"2021v4.1"
"/Return/ReturnData/IRS990ScheduleH/HospitalFcltyPoliciesPrctcGrp/EmergencyCareLimitedInd",1,1,"2021v4.0"
"/irs:Return/irs:ReturnData/irs:IRS990ScheduleA/irs:Form990SchASupportingOrgGrp",1,1,"2021v4.1"
"/irs:Return/irs:ReturnData/irs:IRS990ScheduleA/irs:SupportedOrgInformationGrp/irs:GoverningDocumentListedInd",1,1,"2021v4.1"
"/irs:Return/irs:ReturnData/irs:IRS990/irs:FeesForServicesLegalGrp/irs:ProgramServicesAmt",1,1,"2021v4.1"
"/irs:Return/irs:ReturnData/irs:IRS990/irs:RtnEarnEndowmentIncmOthFndsGrp",1,1,"2021v4.1"
"/irs:Return/irs:ReturnData/irs:IRS990EZ/irs:InfoInScheduleOPartIIIInd",1,1,"2021v4.1"
"/irs:Return/irs:ReturnData/irs:IRS990/irs:AllOtherExpensesGrp/irs:ProgramServicesAmt",1,1,"2021v4.1"
"/irs:Return/irs:ReturnData/irs:IRS990EZ/irs:ProgramServiceRevenueAmt",1,1,"2021v4.1"
"/irs:Return/irs:ReturnData/irs:IRS990/irs:InvestmentIncomeGrp",1,1,"2021v4.1"
"/irs:Return/irs:ReturnData/irs:IRS990/irs:ProgSrvcAccomActy3Grp/irs:GrantAmt",1,1,"2021v4.1"
"/irs:Return/irs:ReturnData/irs:IRS990ScheduleJ/irs:CompBasedOnRevenueOfFlngOrgInd",1,1,"2021v4.1"
"/irs:Return/irs:ReturnData/irs:IRS990ScheduleA/irs:GrossInvestmentIncome170Grp/irs:CurrentTaxYearMinus1YearAmt",1,1,"2021v4.1"
"/irs:Return/irs:ReturnData/irs:IRS990/irs:InvestmentsOtherSecuritiesGrp/irs:EOYAmt",1,1,"2021v4.1"
"/irs:Return/irs:ReturnData/irs:IRS990ScheduleA/irs:GrossReceiptsAdmissionsGrp/irs:CurrentTaxYearMinus1YearAmt",1,1,"2021v4.1"
"/irs:Return/irs:ReturnData/irs:IRS990ScheduleA/irs:Form990SchASupportingOrgGrp/irs:SupportedOrgNotOrganizedUSInd",1,1,"2021v4.1"
"/irs:Return/irs:ReturnData/irs:IRS990/irs:FeesForServicesOtherGrp/irs:ManagementAndGeneralAmt",1,1,"2021v4.1"
"/irs:Return/irs:ReturnData/irs:IRS990/irs:AdvertisingGrp/irs:ProgramServicesAmt",1,1,"2021v4.1"
"/irs:Return/irs:ReturnData/irs:IRS990ScheduleG/irs:AgrmtProfFundraisingActyInd",1,1,"2021v4.1"
"/irs:Return/irs:ReturnData/irs:IRS990/irs:DepreciationDepletionGrp/irs:TotalAmt",1,1,"2021v4.1"
"/irs:Return/irs:ReturnData/irs:IRS990ScheduleA/irs:First5Years509Ind",1,1,"2021v4.1"
"/irs:Return/irs:ReturnData/irs:IRS990EZ/irs:ScheduleBNotRequiredInd",1,1,"2021v4.1"
"/irs:Return/irs:ReturnData/irs:IRS990/irs:PayrollTaxesGrp/irs:ManagementAndGeneralAmt",1,1,"2021v4.1"
"/irs:Return/irs:ReturnData/irs:IRS990/irs:PrepaidExpensesDefrdChargesGrp/irs:EOYAmt",1,1,"2021v4.1"
"/irs:Return/irs:ReturnData/irs:IRS990/irs:MortgNotesPyblScrdInvstPropGrp/irs:BOYAmt",1,1,"2021v4.1"
"/irs:Return/irs:ReturnData/irs:IRS990/irs:DonorRestrictionNetAssetsGrp/irs:EOYAmt",1,1,"2021v4.1"
"/irs:Return/irs:ReturnData/irs:IRS990ScheduleD/irs:BuildingsGrp/irs:OtherCostOrOtherBasisAmt",1,1,"2021v4.1"
"/irs:Return/irs:ReturnData/irs:IRS990ScheduleD/irs:BuildingsGrp/irs:DepreciationAmt",1,1,"2021v4.1"
"/irs:Return/irs:ReturnData/irs:IRS990ScheduleJ/irs:BoardOrCommitteeApprovalInd",1,1,"2021v4.1"
"/irs:Return/irs:ReturnData/irs:IRS990ScheduleJ/irs:CompBsdOnRevRelatedOrgsInd",1,1,"2021v4.1"
"/irs:Return/irs:ReturnData/irs:IRS990ScheduleJ/irs:RltdOrgOfficerTrstKeyEmplGrp/irs:TitleTxt",1,1,"2021v4.1"
"/irs:Return/irs:ReturnData/irs:IRS990ScheduleD/irs:OtherLiabilitiesOrgGrp/irs:Desc",1,1,"2021v4.1"
"/irs:Return/irs:ReturnData/irs:IRS990/irs:UponRequestInd",1,1,"2021v4.1"
"/irs:Return/irs:ReturnData/irs:IRS990ScheduleA/irs:SupportedOrgInformationGrp",1,1,"2021v4.1"
"/irs:Return/irs:ReturnData/irs:IRS990EZ/irs:MembershipDuesAmt",1,1,"2021v4.1"
"/irs:Return/irs:ReturnData/irs:IRS990ScheduleA/irs:GiftsGrantsContrisRcvd509Grp/irs:CurrentTaxYearMinus4YearsAmt",1,1,"2021v4.1"
"/irs:Return/irs:ReturnData/irs:IRS990ScheduleA/irs:TotalSupportCalendarYearGrp/irs:CurrentTaxYearMinus3YearsAmt",1,1,"2021v4.1"
"/irs:Return/irs:ReturnData/irs:IRS990ScheduleA/irs:PublicSupportPY509Pct",1,1,"2021v4.1"
"/irs:Return/irs:ReturnData/irs:IRS990/irs:OtherEmployeeBenefitsGrp",1,1,"2021v4.1"
"/irs:Return/irs:ReturnData/irs:IRS990/irs:OtherEmployeeBenefitsGrp/irs:ProgramServicesAmt",1,1,"2021v4.1"
"/irs:Return/irs:ReturnData/irs:IRS990/irs:InterestGrp/irs:TotalAmt",1,1,"2021v4.1"
"/irs:Return/irs:ReturnData/irs:IRS990ScheduleD/irs:LeaseholdImprovementsGrp",1,1,"2021v4.1"
"/irs:Return/irs:ReturnData/irs:IRS990ScheduleD/irs:EquipmentGrp/irs:DepreciationAmt",1,1,"2021v4.1"
"/irs:Return/irs:ReturnData/irs:IRS990ScheduleD/irs:TotExpnsEtcAuditedFinclStmtAmt",1,1,"2021v4.1"
"/irs:Return/irs:ReturnData/irs:IRS990ScheduleJ",1,1,"2021v4.1"
"/irs:Return/irs:ReturnData/irs:IRS990ScheduleJ/irs:CompBsdNetEarnsRltdOrgsInd",1,1,"2021v4.1"
"/irs:Return/irs:ReturnData/irs:IRS990EZ/irs:CompensationHighestPaidEmplGrp/irs:ExpenseAccountAmt",1,1,"2021v4.1"
"/irs:Return/irs:ReturnData/irs:IRS990EZ/irs:MethodOfAccountingAccrualInd",1,1,"2021v4.1"
"/irs:Return/irs:ReturnData/irs:IRS990EZ/irs:AddressChangeInd",1,1,"2021v4.1"
"/irs:Return/irs:ReturnData/irs:IRS990ScheduleA/irs:Form990SchASupportingOrgGrp/irs:ListedByNameGoverningDocInd",1,1,"2021v4.1"
"/irs:Return/irs:ReturnData/irs:IRS990/irs:StatesWhereCopyOfReturnIsFldCd",1,1,"2021v4.1"
"/irs:Return/irs:ReturnData/irs:IRS990ScheduleA/irs:SupportedOrganizationsTotalCnt",1,1,"2021v4.1"
"/irs:Return/irs:ReturnData/irs:IRS990ScheduleA/irs:GrossReceiptsNonUnrltBusGrp",1,1,"2021v4.1"
"/irs:Return/irs:ReturnData/irs:IRS990ScheduleA/irs:SupportSumAmt",1,1,"2021v4.1"
"/irs:Return/irs:ReturnData/irs:IRS990ScheduleA/irs:Form990SchASupportingOrgGrp/irs:SupportedOrgSectionC456Ind",1,1,"2021v4.1"
"/irs:Return/irs:ReturnData/irs:IRS990ScheduleA/irs:GrossReceiptsNonUnrltBusGrp/irs:CurrentTaxYearMinus1YearAmt",1,1,"2021v4.1"
"/irs:Return/irs:ReturnData/irs:IRS990/irs:DeferredRevenueGrp",1,1,"2021v4.1"
"/irs:Return/irs:ReturnData/irs:IRS990/irs:RtnEarnEndowmentIncmOthFndsGrp/irs:EOYAmt",1,1,"2021v4.1"
"/irs:Return/irs:ReturnData/irs:IRS990/irs:InvestmentsOtherSecuritiesGrp",1,1,"2021v4.1"
"/irs:Return/irs:ReturnData/irs:IRS990ScheduleG/irs:TotalGrossReceiptsAmt",1,1,"2021v4.1"
"/irs:Return/irs:ReturnData/irs:IRS990ScheduleG/irs:TotalNetToOrganizationAmt",1,1,"2021v4.1"
"/irs:Return/irs:ReturnData/irs:IRS990/irs:PrepaidExpensesDefrdChargesGrp",1,1,"2021v4.1"
"/irs:Return/irs:ReturnData/irs:IRS990ScheduleJ/irs:Form990OfOtherOrganizationsInd",1,1,"2021v4.1"
"/irs:Return/irs:ReturnData/irs:IRS990/irs:InvestmentIncomeGrp/irs:TotalRevenueColumnAmt",1,1,"2021v4.1"
"/irs:Return/irs:ReturnData/irs:IRS990/irs:ActivityCd",1,1,"2021v4.1"
"/irs:Return/irs:ReturnData/irs:IRS990/irs:PYGrantsAndSimilarPaidAmt",1,1,"2021v4.1"
"/irs:Return/irs:ReturnData/irs:IRS990ScheduleA/irs:Form990SchASupportingOrgGrp/irs:SupportNonSupportedOrgInd",1,1,"2021v4.1"
"/irs:Return/irs:ReturnData/irs:IRS990ScheduleA/irs:Form990SchASupportingOrgGrp/irs:ControlledDisqualifiedPrsnInd",1,1,"2021v4.1"
"/irs:Return/irs:ReturnData/irs:IRS990ScheduleA/irs:Form990SchASupportingOrgGrp/irs:ExcessBusinessHoldingsRulesInd",1,1,"2021v4.1"
"/irs:Return/irs:ReturnData/irs:IRS990ScheduleA/irs:Form990SchASupportingOrgGrp/irs:ContributionControllerInd",1,1,"2021v4.1"
"/irs:Return/irs:ReturnData/irs:IRS990ScheduleA/irs:Form990SchAType1SuprtOrgGrp",1,1,"2021v4.1"
"/irs:Return/irs:ReturnData/irs:IRS990/irs:FeesForServicesProfFundraising/irs:TotalAmt",1,1,"2021v4.1"
"/irs:Return/irs:ReturnData/irs:IRS990/irs:ConferencesMeetingsGrp/irs:ManagementAndGeneralAmt",1,1,"2021v4.1"
"/irs:Return/irs:ReturnData/irs:IRS990/irs:PledgesAndGrantsReceivableGrp/irs:EOYAmt",1,1,"2021v4.1"
"/irs:Return/irs:ReturnData/irs:IRS990/irs:UnsecuredNotesLoansPayableGrp/irs:EOYAmt",1,1,"2021v4.1"
"/irs:Return/irs:ReturnData/irs:IRS990ScheduleJ/irs:CompBsdNetEarnsFlngOrgInd",1,1,"2021v4.1"
"/irs:Return/irs:ReturnData/irs:IRS990/irs:DepreciationDepletionGrp",1,1,"2021v4.1"
