"xpath","count_occurrences","count_filings","schema_versions"
"/Return/ReturnData/IRS990/Form990PartVIISectionAGrp",3860028,349055,"2022v4.0, 2022v4.1, 2022v5.0"
"/Return/ReturnData/IRS990/Form990PartVIISectionAGrp/ReportableCompFromOrgAmt",3859442,349053,"2022v4.0, 2022v4.1, 2022v5.0"
"/Return/ReturnData/IRS990/Form990PartVIISectionAGrp/ReportableCompFromRltdOrgAmt",3859431,349053,"2022v4.0, 2022v4.1, 2022v5.0"
"/Return/ReturnData/IRS990/Form990PartVIISectionAGrp/OtherCompensationAmt",3859420,349052,"2022v4.0, 2022v4.1, 2022v5.0"
"/Return/ReturnData/IRS990/Form990PartVIISectionAGrp/TitleTxt",3858708,349055,"2022v4.0, 2022v4.1, 2022v5.0"
"/Return/ReturnData/IRS990/Form990PartVIISectionAGrp/PersonNm",3788617,344169,"2022v4.0, 2022v4.1, 2022v5.0"
"/Return/ReturnData/IRS990/Form990PartVIISectionAGrp/AverageHoursPerWeekRt",3635142,327173,"2022v4.0, 2022v4.1, 2022v5.0"
"/Return/ReturnData/IRS990/Form990PartVIISectionAGrp/IndividualTrusteeOrDirectorInd",3055565,305696,"2022v4.0, 2022v4.1, 2022v5.0"
"/Return/ReturnData/IRS990ScheduleO/SupplementalInformationDetail",2873874,541791,"2022v4.0, 2022v4.1, 2022v5.0"
"/Return/ReturnData/IRS990ScheduleO/SupplementalInformationDetail/ExplanationTxt",2873874,541791,"2022v4.0, 2022v4.1, 2022v5.0"
"/Return/ReturnData/IRS990ScheduleO/SupplementalInformationDetail/FormAndLineReferenceDesc",2873874,541791,"2022v4.0, 2022v4.1, 2022v5.0"
"/Return/ReturnData/IRS990/Form990PartVIISectionAGrp/OfficerInd",1438962,319844,"2022v4.0, 2022v4.1, 2022v5.0"
"/Return/ReturnData/IRS990/Form990PartVIISectionAGrp/AverageHoursPerWeekRltdOrgRt",1407121,143735,"2022v4.0, 2022v4.1, 2022v5.0"
"/Return/ReturnData/IRS990EZ/OfficerDirectorTrusteeEmplGrp",1212821,206130,"2022v4.0, 2022v4.1, 2022v5.0"
"/Return/ReturnData/IRS990EZ/OfficerDirectorTrusteeEmplGrp/AverageHrsPerWkDevotedToPosRt",1212821,206130,"2022v4.0, 2022v4.1, 2022v5.0"
"/Return/ReturnData/IRS990EZ/OfficerDirectorTrusteeEmplGrp/CompensationAmt",1212821,206130,"2022v4.0, 2022v4.1, 2022v5.0"
"/Return/ReturnData/IRS990EZ/OfficerDirectorTrusteeEmplGrp/TitleTxt",1212821,206130,"2022v4.0, 2022v4.1, 2022v5.0"
"/Return/ReturnData/IRS990EZ/OfficerDirectorTrusteeEmplGrp/PersonNm",1209549,205378,"2022v4.0, 2022v4.1, 2022v5.0"
"/Return/ReturnData/IRS990/OtherExpensesGrp",1071614,314253,"2022v4.0, 2022v4.1, 2022v5.0"
"/Return/ReturnData/IRS990/OtherExpensesGrp/TotalAmt",1071140,314081,"2022v4.0, 2022v4.1, 2022v5.0"
"/Return/ReturnData/IRS990/OtherExpensesGrp/Desc",1065463,313433,"2022v4.0, 2022v4.1, 2022v5.0"
"/Return/ReturnData/IRS990ScheduleI/RecipientTable",929740,49300,"2022v4.0, 2022v4.1, 2022v5.0"
"/Return/ReturnData/IRS990ScheduleI/RecipientTable/RecipientBusinessName",926272,49024,"2022v4.0, 2022v4.1, 2022v5.0"
"/Return/ReturnData/IRS990ScheduleI/RecipientTable/RecipientBusinessName/BusinessNameLine1Txt",926272,49024,"2022v4.0, 2022v4.1, 2022v5.0"
"/Return/ReturnData/IRS990ScheduleI/RecipientTable/CashGrantAmt",917443,48201,"2022v4.0, 2022v4.1, 2022v5.0"
"/Return/ReturnData/IRS990ScheduleI/RecipientTable/USAddress",911685,47425,"2022v4.0, 2022v4.1, 2022v5.0"
"/Return/ReturnData/IRS990ScheduleI/RecipientTable/USAddress/AddressLine1Txt",911685,47425,"2022v4.0, 2022v4.1, 2022v5.0"
"/Return/ReturnData/IRS990ScheduleI/RecipientTable/USAddress/CityNm",911685,47425,"2022v4.0, 2022v4.1, 2022v5.0"
"/Return/ReturnData/IRS990ScheduleI/RecipientTable/USAddress/StateAbbreviationCd",911685,47425,"2022v4.0, 2022v4.1, 2022v5.0"
"/Return/ReturnData/IRS990ScheduleI/RecipientTable/USAddress/ZIPCd",911685,47425,"2022v4.0, 2022v4.1, 2022v5.0"
"/Return/ReturnData/IRS990ScheduleI/RecipientTable/PurposeOfGrantTxt",904620,44862,"2022v4.0, 2022v4.1, 2022v5.0"
"/Return/ReturnData/IRS990ScheduleI/RecipientTable/RecipientEIN",873945,42496,"2022v4.0, 2022v4.1, 2022v5.0"
"/Return/ReturnData/IRS990/OtherExpensesGrp/ProgramServicesAmt",816936,261375,"2022v4.0, 2022v4.1, 2022v5.0"
"/Return/ReturnData/IRS990ScheduleI/RecipientTable/IRCSectionDesc",809171,34123,"2022v4.0, 2022v4.1, 2022v5.0"
"/Return/ReturnData/IRS990EZ/OfficerDirectorTrusteeEmplGrp/ExpenseAccountOtherAllwncAmt",697112,121571,"2022v4.0, 2022v4.1, 2022v5.0"
"/Return/ReturnData/IRS990EZ/OfficerDirectorTrusteeEmplGrp/EmployeeBenefitProgramAmt",696903,121692,"2022v4.0, 2022v4.1, 2022v5.0"
"/Return/ReturnData/IRS990ScheduleI/RecipientTable/NonCashAssistanceAmt",634680,32280,"2022v4.0, 2022v4.1, 2022v5.0"
"/Return",555239,555185,"2022v4.0, 2022v4.1, 2022v5.0"
"/Return/ReturnData",555239,555185,"2022v4.0, 2022v4.1, 2022v5.0"
"/Return/ReturnHeader",555239,555185,"2022v4.0, 2022v4.1, 2022v5.0"
"/Return/ReturnHeader/BuildTS",555239,555185,"2022v4.0, 2022v4.1, 2022v5.0"
"/Return/ReturnHeader/BusinessOfficerGrp",555239,555185,"2022v4.0, 2022v4.1, 2022v5.0"
"/Return/ReturnHeader/BusinessOfficerGrp/PersonNm",555239,555185,"2022v4.0, 2022v4.1, 2022v5.0"
"/Return/ReturnHeader/BusinessOfficerGrp/PersonTitleTxt",555239,555185,"2022v4.0, 2022v4.1, 2022v5.0"
"/Return/ReturnHeader/BusinessOfficerGrp/SignatureDt",555239,555185,"2022v4.0, 2022v4.1, 2022v5.0"
"/Return/ReturnHeader/Filer",555239,555185,"2022v4.0, 2022v4.1, 2022v5.0"
"/Return/ReturnHeader/Filer/BusinessName",555239,555185,"2022v4.0, 2022v4.1, 2022v5.0"
"/Return/ReturnHeader/Filer/BusinessName/BusinessNameLine1Txt",555239,555185,"2022v4.0, 2022v4.1, 2022v5.0"
"/Return/ReturnHeader/Filer/BusinessNameControlTxt",555239,555185,"2022v4.0, 2022v4.1, 2022v5.0"
"/Return/ReturnHeader/Filer/EIN",555239,555185,"2022v4.0, 2022v4.1, 2022v5.0"
"/Return/ReturnHeader/ReturnTs",555239,555185,"2022v4.0, 2022v4.1, 2022v5.0"
"/Return/ReturnHeader/ReturnTypeCd",555239,555185,"2022v4.0, 2022v4.1, 2022v5.0"
"/Return/ReturnHeader/TaxPeriodBeginDt",555239,555185,"2022v4.0, 2022v4.1, 2022v5.0"
"/Return/ReturnHeader/TaxPeriodEndDt",555239,555185,"2022v4.0, 2022v4.1, 2022v5.0"
"/Return/ReturnHeader/TaxYr",555239,555185,"2022v4.0, 2022v4.1, 2022v5.0"
"/Return/ReturnHeader/Filer/USAddress",554664,554610,"2022v4.0, 2022v4.1, 2022v5.0"
"/Return/ReturnHeader/Filer/USAddress/AddressLine1Txt",554664,554610,"2022v4.0, 2022v4.1, 2022v5.0"
"/Return/ReturnHeader/Filer/USAddress/CityNm",554664,554610,"2022v4.0, 2022v4.1, 2022v5.0"
"/Return/ReturnHeader/Filer/USAddress/StateAbbreviationCd",554664,554610,"2022v4.0, 2022v4.1, 2022v5.0"
"/Return/ReturnHeader/Filer/USAddress/ZIPCd",554664,554610,"2022v4.0, 2022v4.1, 2022v5.0"
"/Return/ReturnData/IRS990ScheduleR/IdRelatedTaxExemptOrgGrp",547675,68835,"2022v4.0, 2022v4.1, 2022v5.0"
"/Return/ReturnData/IRS990ScheduleR/IdRelatedTaxExemptOrgGrp/DisregardedEntityName",547582,68796,"2022v4.0, 2022v4.1, 2022v5.0"
"/Return/ReturnData/IRS990ScheduleR/IdRelatedTaxExemptOrgGrp/DisregardedEntityName/BusinessNameLine1Txt",547582,68796,"2022v4.0, 2022v4.1, 2022v5.0"
"/Return/ReturnData/IRS990ScheduleO",541841,541791,"2022v4.0, 2022v4.1, 2022v5.0"
"/Return/ReturnData/IRS990ScheduleR/IdRelatedTaxExemptOrgGrp/ControlledOrganizationInd",539536,67787,"2022v4.0, 2022v4.1, 2022v5.0"
"/Return/ReturnData/IRS990ScheduleR/IdRelatedTaxExemptOrgGrp/PrimaryActivitiesTxt",537940,67126,"2022v4.0, 2022v4.1, 2022v5.0"
"/Return/ReturnData/IRS990ScheduleR/IdRelatedTaxExemptOrgGrp/USAddress",534570,67472,"2022v4.0, 2022v4.1, 2022v5.0"
"/Return/ReturnData/IRS990ScheduleR/IdRelatedTaxExemptOrgGrp/USAddress/AddressLine1Txt",534570,67472,"2022v4.0, 2022v4.1, 2022v5.0"
"/Return/ReturnData/IRS990ScheduleR/IdRelatedTaxExemptOrgGrp/USAddress/CityNm",534570,67472,"2022v4.0, 2022v4.1, 2022v5.0"
"/Return/ReturnData/IRS990ScheduleR/IdRelatedTaxExemptOrgGrp/USAddress/StateAbbreviationCd",534570,67472,"2022v4.0, 2022v4.1, 2022v5.0"
"/Return/ReturnData/IRS990ScheduleR/IdRelatedTaxExemptOrgGrp/USAddress/ZIPCd",534570,67472,"2022v4.0, 2022v4.1, 2022v5.0"
"/Return/ReturnData/IRS990ScheduleR/IdRelatedTaxExemptOrgGrp/LegalDomicileStateCd",533276,67007,"2022v4.0, 2022v4.1, 2022v5.0"
"/Return/ReturnData/IRS990ScheduleR/IdRelatedTaxExemptOrgGrp/ExemptCodeSectionTxt",530954,65738,"2022v4.0, 2022v4.1, 2022v5.0"
"/Return/ReturnData/IRS990ScheduleR/IdRelatedTaxExemptOrgGrp/EIN",530592,65628,"2022v4.0, 2022v4.1, 2022v5.0"
"/Return/ReturnData/IRS990ScheduleR/IdRelatedTaxExemptOrgGrp/PublicCharityStatusTxt",490418,52726,"2022v4.0, 2022v4.1, 2022v5.0"
"/Return/ReturnHeader/PreparerPersonGrp",485155,485104,"2022v4.0, 2022v4.1, 2022v5.0"
"/Return/ReturnHeader/PreparerPersonGrp/PTIN",484276,484225,"2022v4.0, 2022v4.1, 2022v5.0"
"/Return/ReturnHeader/PreparerFirmGrp",483215,483165,"2022v4.0, 2022v4.1, 2022v5.0"
"/Return/ReturnHeader/PreparerFirmGrp/PreparerFirmName",483215,483165,"2022v4.0, 2022v4.1, 2022v5.0"
"/Return/ReturnHeader/PreparerFirmGrp/PreparerFirmName/BusinessNameLine1Txt",483215,483165,"2022v4.0, 2022v4.1, 2022v5.0"
"/Return/ReturnHeader/PreparerPersonGrp/PreparerPersonNm",483097,483046,"2022v4.0, 2022v4.1, 2022v5.0"
"/Return/ReturnHeader/PreparerPersonGrp/PhoneNum",483032,482981,"2022v4.0, 2022v4.1, 2022v5.0"
"/Return/ReturnHeader/PreparerFirmGrp/PreparerUSAddress",482965,482915,"2022v4.0, 2022v4.1, 2022v5.0"
"/Return/ReturnHeader/PreparerFirmGrp/PreparerUSAddress/AddressLine1Txt",482965,482915,"2022v4.0, 2022v4.1, 2022v5.0"
"/Return/ReturnHeader/PreparerFirmGrp/PreparerUSAddress/CityNm",482965,482915,"2022v4.0, 2022v4.1, 2022v5.0"
"/Return/ReturnHeader/PreparerFirmGrp/PreparerUSAddress/StateAbbreviationCd",482965,482915,"2022v4.0, 2022v4.1, 2022v5.0"
"/Return/ReturnHeader/PreparerFirmGrp/PreparerUSAddress/ZIPCd",482965,482915,"2022v4.0, 2022v4.1, 2022v5.0"
"/Return/ReturnHeader/SigningOfficerGrp",473642,473590,"2022v4.1, 2022v5.0"
"/Return/ReturnHeader/SigningOfficerGrp/PersonFullName",473614,473562,"2022v4.1, 2022v5.0"
"/Return/ReturnHeader/SigningOfficerGrp/PersonFullName/PersonFirstNm",473614,473562,"2022v4.1, 2022v5.0"
"/Return/ReturnData/IRS990/ProgramServiceRevenueGrp",473366,215315,"2022v4.0, 2022v4.1, 2022v5.0"
"/Return/ReturnHeader/SigningOfficerGrp/PersonFullName/PersonLastNm",472802,472751,"2022v4.1, 2022v5.0"
"/Return/ReturnData/IRS990/ProgramServiceRevenueGrp/TotalRevenueColumnAmt",469124,214211,"2022v4.0, 2022v4.1, 2022v5.0"
"/Return/ReturnData/IRS990/OtherExpensesGrp/ManagementAndGeneralAmt",465728,193919,"2022v4.0, 2022v4.1, 2022v5.0"
"/Return/ReturnHeader/Filer/PhoneNum",459341,459297,"2022v4.0, 2022v4.1, 2022v5.0"
"/Return/ReturnData/IRS990/ProgramServiceRevenueGrp/Desc",455114,212412,"2022v4.0, 2022v4.1, 2022v5.0"
"/Return/ReturnHeader/PreparerFirmGrp/PreparerFirmEIN",455095,455047,"2022v4.0, 2022v4.1, 2022v5.0"
"/Return/ReturnHeader/BusinessOfficerGrp/DiscussWithPaidPreparerInd",448786,448737,"2022v4.0, 2022v4.1, 2022v5.0"
"/Return/ReturnHeader/BusinessOfficerGrp/PhoneNum",445363,445320,"2022v4.0, 2022v4.1, 2022v5.0"
"/Return/ReturnHeader/IRSResponsiblePrtyInfoCurrInd",441576,441537,"2022v4.0, 2022v4.1, 2022v5.0"
"/Return/ReturnData/IRS990ScheduleA",431033,430981,"2022v4.0, 2022v4.1, 2022v5.0"
"/Return/ReturnHeader/SigningOfficerGrp/SSN",425124,425077,"2022v4.1, 2022v5.0"
"/Return/ReturnData/IRS990/ProgramServiceRevenueGrp/RelatedOrExemptFuncIncomeAmt",420685,193200,"2022v4.0, 2022v4.1, 2022v5.0"
"/Return/ReturnData/IRS990ScheduleR/IdRelatedTaxExemptOrgGrp/DirectControllingEntityName",415730,34022,"2022v4.0, 2022v4.1, 2022v5.0"
"/Return/ReturnData/IRS990ScheduleR/IdRelatedTaxExemptOrgGrp/DirectControllingEntityName/BusinessNameLine1Txt",415730,34022,"2022v4.0, 2022v4.1, 2022v5.0"
"/Return/ReturnHeader/AdditionalFilerInformation",384309,384269,"2022v4.0, 2022v4.1, 2022v5.0"
"/Return/ReturnHeader/AdditionalFilerInformation/TrustedCustomerGrp",384309,384269,"2022v4.0, 2022v4.1, 2022v5.0"
"/Return/ReturnHeader/AdditionalFilerInformation/TrustedCustomerGrp/TrustedCustomerCd",378650,378610,"2022v4.0, 2022v4.1, 2022v5.0"
"/Return/ReturnHeader/AdditionalFilerInformation/TrustedCustomerGrp/AuthenticationAssuranceLevelCd",374162,374123,"2022v4.0, 2022v4.1, 2022v5.0"
"/Return/ReturnData/IRS990",349084,349055,"2022v4.0, 2022v4.1, 2022v5.0"
"/Return/ReturnData/IRS990/AccountantCompileOrReviewInd",349084,349055,"2022v4.0, 2022v4.1, 2022v5.0"
"/Return/ReturnData/IRS990/ActivitiesConductedPrtshpInd",349084,349055,"2022v4.0, 2022v4.1, 2022v5.0"
"/Return/ReturnData/IRS990/ActivityOrMissionDesc",349084,349055,"2022v4.0, 2022v4.1, 2022v5.0"
"/Return/ReturnData/IRS990/BooksInCareOfDetail",349084,349055,"2022v4.0, 2022v4.1, 2022v5.0"
"/Return/ReturnData/IRS990/BooksInCareOfDetail/PhoneNum",349084,349055,"2022v4.0, 2022v4.1, 2022v5.0"
"/Return/ReturnData/IRS990/BusinessRlnWith35CtrlEntInd",349084,349055,"2022v4.0, 2022v4.1, 2022v5.0"
"/Return/ReturnData/IRS990/BusinessRlnWithFamMemInd",349084,349055,"2022v4.0, 2022v4.1, 2022v5.0"
"/Return/ReturnData/IRS990/BusinessRlnWithOrgMemInd",349084,349055,"2022v4.0, 2022v4.1, 2022v5.0"
"/Return/ReturnData/IRS990/CYBenefitsPaidToMembersAmt",349084,349055,"2022v4.0, 2022v4.1, 2022v5.0"
"/Return/ReturnData/IRS990/CYContributionsGrantsAmt",349084,349055,"2022v4.0, 2022v4.1, 2022v5.0"
"/Return/ReturnData/IRS990/CYGrantsAndSimilarPaidAmt",349084,349055,"2022v4.0, 2022v4.1, 2022v5.0"
"/Return/ReturnData/IRS990/CYInvestmentIncomeAmt",349084,349055,"2022v4.0, 2022v4.1, 2022v5.0"
"/Return/ReturnData/IRS990/CYOtherExpensesAmt",349084,349055,"2022v4.0, 2022v4.1, 2022v5.0"
"/Return/ReturnData/IRS990/CYOtherRevenueAmt",349084,349055,"2022v4.0, 2022v4.1, 2022v5.0"
"/Return/ReturnData/IRS990/CYProgramServiceRevenueAmt",349084,349055,"2022v4.0, 2022v4.1, 2022v5.0"
"/Return/ReturnData/IRS990/CYRevenuesLessExpensesAmt",349084,349055,"2022v4.0, 2022v4.1, 2022v5.0"
"/Return/ReturnData/IRS990/CYSalariesCompEmpBnftPaidAmt",349084,349055,"2022v4.0, 2022v4.1, 2022v5.0"
"/Return/ReturnData/IRS990/CYTotalExpensesAmt",349084,349055,"2022v4.0, 2022v4.1, 2022v5.0"
"/Return/ReturnData/IRS990/CYTotalFundraisingExpenseAmt",349084,349055,"2022v4.0, 2022v4.1, 2022v5.0"
"/Return/ReturnData/IRS990/CYTotalProfFndrsngExpnsAmt",349084,349055,"2022v4.0, 2022v4.1, 2022v5.0"
"/Return/ReturnData/IRS990/CYTotalRevenueAmt",349084,349055,"2022v4.0, 2022v4.1, 2022v5.0"
"/Return/ReturnData/IRS990/ChangeToOrgDocumentsInd",349084,349055,"2022v4.0, 2022v4.1, 2022v5.0"
"/Return/ReturnData/IRS990/CollectionsOfArtInd",349084,349055,"2022v4.0, 2022v4.1, 2022v5.0"
"/Return/ReturnData/IRS990/CompensationFromOtherSrcsInd",349084,349055,"2022v4.0, 2022v4.1, 2022v5.0"
"/Return/ReturnData/IRS990/ConflictOfInterestPolicyInd",349084,349055,"2022v4.0, 2022v4.1, 2022v5.0"
"/Return/ReturnData/IRS990/ConservationEasementsInd",349084,349055,"2022v4.0, 2022v4.1, 2022v5.0"
"/Return/ReturnData/IRS990/ConsolidatedAuditFinclStmtInd",349084,349055,"2022v4.0, 2022v4.1, 2022v5.0"
"/Return/ReturnData/IRS990/CreditCounselingInd",349084,349055,"2022v4.0, 2022v4.1, 2022v5.0"
"/Return/ReturnData/IRS990/DecisionsSubjectToApprovaInd",349084,349055,"2022v4.0, 2022v4.1, 2022v5.0"
"/Return/ReturnData/IRS990/DeductibleArtContributionInd",349084,349055,"2022v4.0, 2022v4.1, 2022v5.0"
"/Return/ReturnData/IRS990/DeductibleNonCashContriInd",349084,349055,"2022v4.0, 2022v4.1, 2022v5.0"
"/Return/ReturnData/IRS990/DelegationOfMgmtDutiesInd",349084,349055,"2022v4.0, 2022v4.1, 2022v5.0"
"/Return/ReturnData/IRS990/Desc",349084,349055,"2022v4.0, 2022v4.1, 2022v5.0"
"/Return/ReturnData/IRS990/DescribedInSection501c3Ind",349084,349055,"2022v4.0, 2022v4.1, 2022v5.0"
"/Return/ReturnData/IRS990/DisregardedEntityInd",349084,349055,"2022v4.0, 2022v4.1, 2022v5.0"
"/Return/ReturnData/IRS990/DocumentRetentionPolicyInd",349084,349055,"2022v4.0, 2022v4.1, 2022v5.0"
"/Return/ReturnData/IRS990/DonorAdvisedFundInd",349084,349055,"2022v4.0, 2022v4.1, 2022v5.0"
"/Return/ReturnData/IRS990/DonorRstrOrQuasiEndowmentsInd",349084,349055,"2022v4.0, 2022v4.1, 2022v5.0"
"/Return/ReturnData/IRS990/ElectionOfBoardMembersInd",349084,349055,"2022v4.0, 2022v4.1, 2022v5.0"
"/Return/ReturnData/IRS990/EmployeeCnt",349084,349055,"2022v4.0, 2022v4.1, 2022v5.0"
"/Return/ReturnData/IRS990/FSAuditedInd",349084,349055,"2022v4.0, 2022v4.1, 2022v5.0"
"/Return/ReturnData/IRS990/FamilyOrBusinessRlnInd",349084,349055,"2022v4.0, 2022v4.1, 2022v5.0"
"/Return/ReturnData/IRS990/ForeignActivitiesInd",349084,349055,"2022v4.0, 2022v4.1, 2022v5.0"
"/Return/ReturnData/IRS990/ForeignFinancialAccountInd",349084,349055,"2022v4.0, 2022v4.1, 2022v5.0"
"/Return/ReturnData/IRS990/ForeignOfficeInd",349084,349055,"2022v4.0, 2022v4.1, 2022v5.0"
"/Return/ReturnData/IRS990/Form990ProvidedToGvrnBodyInd",349084,349055,"2022v4.0, 2022v4.1, 2022v5.0"
"/Return/ReturnData/IRS990/FormerOfcrEmployeesListedInd",349084,349055,"2022v4.0, 2022v4.1, 2022v5.0"
"/Return/ReturnData/IRS990/FundraisingActivitiesInd",349084,349055,"2022v4.0, 2022v4.1, 2022v5.0"
"/Return/ReturnData/IRS990/GamingActivitiesInd",349084,349055,"2022v4.0, 2022v4.1, 2022v5.0"
"/Return/ReturnData/IRS990/GoverningBodyVotingMembersCnt",349084,349055,"2022v4.0, 2022v4.1, 2022v5.0"
"/Return/ReturnData/IRS990/GrantToRelatedPersonInd",349084,349055,"2022v4.0, 2022v4.1, 2022v5.0"
"/Return/ReturnData/IRS990/GrantsToIndividualsInd",349084,349055,"2022v4.0, 2022v4.1, 2022v5.0"
"/Return/ReturnData/IRS990/GrantsToOrganizationsInd",349084,349055,"2022v4.0, 2022v4.1, 2022v5.0"
"/Return/ReturnData/IRS990/GrossReceiptsAmt",349084,349055,"2022v4.0, 2022v4.1, 2022v5.0"
"/Return/ReturnData/IRS990/GroupReturnForAffiliatesInd",349084,349055,"2022v4.0, 2022v4.1, 2022v5.0"
"/Return/ReturnData/IRS990/IRPDocumentCnt",349084,349055,"2022v4.0, 2022v4.1, 2022v5.0"
"/Return/ReturnData/IRS990/IRPDocumentW2GCnt",349084,349055,"2022v4.0, 2022v4.1, 2022v5.0"
"/Return/ReturnData/IRS990/IncludeFIN48FootnoteInd",349084,349055,"2022v4.0, 2022v4.1, 2022v5.0"
"/Return/ReturnData/IRS990/IndependentAuditFinclStmtInd",349084,349055,"2022v4.0, 2022v4.1, 2022v5.0"
"/Return/ReturnData/IRS990/IndependentVotingMemberCnt",349084,349055,"2022v4.0, 2022v4.1, 2022v5.0"
"/Return/ReturnData/IRS990/IndoorTanningServicesInd",349084,349055,"2022v4.0, 2022v4.1, 2022v5.0"
"/Return/ReturnData/IRS990/InvestmentInJointVentureInd",349084,349055,"2022v4.0, 2022v4.1, 2022v5.0"
"/Return/ReturnData/IRS990/LoanOutstandingInd",349084,349055,"2022v4.0, 2022v4.1, 2022v5.0"
"/Return/ReturnData/IRS990/LocalChaptersInd",349084,349055,"2022v4.0, 2022v4.1, 2022v5.0"
"/Return/ReturnData/IRS990/MaterialDiversionOrMisuseInd",349084,349055,"2022v4.0, 2022v4.1, 2022v5.0"
"/Return/ReturnData/IRS990/MembersOrStockholdersInd",349084,349055,"2022v4.0, 2022v4.1, 2022v5.0"
"/Return/ReturnData/IRS990/MinutesOfGoverningBodyInd",349084,349055,"2022v4.0, 2022v4.1, 2022v5.0"
"/Return/ReturnData/IRS990/MoreThan5000KToIndividualsInd",349084,349055,"2022v4.0, 2022v4.1, 2022v5.0"
"/Return/ReturnData/IRS990/MoreThan5000KToOrgInd",349084,349055,"2022v4.0, 2022v4.1, 2022v5.0"
"/Return/ReturnData/IRS990/NetAssetsOrFundBalancesEOYAmt",349084,349055,"2022v4.0, 2022v4.1, 2022v5.0"
"/Return/ReturnData/IRS990/NondeductibleContributionsInd",349084,349055,"2022v4.0, 2022v4.1, 2022v5.0"
"/Return/ReturnData/IRS990/OfficerMailingAddressInd",349084,349055,"2022v4.0, 2022v4.1, 2022v5.0"
"/Return/ReturnData/IRS990/OperateHospitalInd",349084,349055,"2022v4.0, 2022v4.1, 2022v5.0"
"/Return/ReturnData/IRS990/PartialLiquidationInd",349084,349055,"2022v4.0, 2022v4.1, 2022v5.0"
"/Return/ReturnData/IRS990/PoliticalCampaignActyInd",349084,349055,"2022v4.0, 2022v4.1, 2022v5.0"
"/Return/ReturnData/IRS990/ProfessionalFundraisingInd",349084,349055,"2022v4.0, 2022v4.1, 2022v5.0"
"/Return/ReturnData/IRS990/ProhibitedTaxShelterTransInd",349084,349055,"2022v4.0, 2022v4.1, 2022v5.0"
"/Return/ReturnData/IRS990/ReconcilationRevenueExpnssAmt",349084,349055,"2022v4.0, 2022v4.1, 2022v5.0"
"/Return/ReturnData/IRS990/RelatedEntityInd",349084,349055,"2022v4.0, 2022v4.1, 2022v5.0"
"/Return/ReturnData/IRS990/RelatedOrganizationCtrlEntInd",349084,349055,"2022v4.0, 2022v4.1, 2022v5.0"
"/Return/ReturnData/IRS990/ReportInvestmentsOtherSecInd",349084,349055,"2022v4.0, 2022v4.1, 2022v5.0"
"/Return/ReturnData/IRS990/ReportLandBuildingEquipmentInd",349084,349055,"2022v4.0, 2022v4.1, 2022v5.0"
"/Return/ReturnData/IRS990/ReportOtherAssetsInd",349084,349055,"2022v4.0, 2022v4.1, 2022v5.0"
"/Return/ReturnData/IRS990/ReportOtherLiabilitiesInd",349084,349055,"2022v4.0, 2022v4.1, 2022v5.0"
"/Return/ReturnData/IRS990/ReportProgramRelatedInvstInd",349084,349055,"2022v4.0, 2022v4.1, 2022v5.0"
"/Return/ReturnData/IRS990/ScheduleBRequiredInd",349084,349055,"2022v4.0, 2022v4.1, 2022v5.0"
"/Return/ReturnData/IRS990/ScheduleJRequiredInd",349084,349055,"2022v4.0, 2022v4.1, 2022v5.0"
"/Return/ReturnData/IRS990/ScheduleORequiredInd",349084,349055,"2022v4.0, 2022v4.1, 2022v5.0"
"/Return/ReturnData/IRS990/SchoolOperatingInd",349084,349055,"2022v4.0, 2022v4.1, 2022v5.0"
"/Return/ReturnData/IRS990/TaxExemptBondsInd",349084,349055,"2022v4.0, 2022v4.1, 2022v5.0"
"/Return/ReturnData/IRS990/TaxablePartyNotificationInd",349084,349055,"2022v4.0, 2022v4.1, 2022v5.0"
"/Return/ReturnData/IRS990/TerminateOperationsInd",349084,349055,"2022v4.0, 2022v4.1, 2022v5.0"
"/Return/ReturnData/IRS990/TotLiabNetAssetsFundBalanceGrp",349084,349055,"2022v4.0, 2022v4.1, 2022v5.0"
"/Return/ReturnData/IRS990/TotLiabNetAssetsFundBalanceGrp/BOYAmt",349084,349055,"2022v4.0, 2022v4.1, 2022v5.0"
"/Return/ReturnData/IRS990/TotLiabNetAssetsFundBalanceGrp/EOYAmt",349084,349055,"2022v4.0, 2022v4.1, 2022v5.0"
"/Return/ReturnData/IRS990/TotalAssetsEOYAmt",349084,349055,"2022v4.0, 2022v4.1, 2022v5.0"
"/Return/ReturnData/IRS990/TotalAssetsGrp",349084,349055,"2022v4.0, 2022v4.1, 2022v5.0"
"/Return/ReturnData/IRS990/TotalAssetsGrp/BOYAmt",349084,349055,"2022v4.0, 2022v4.1, 2022v5.0"
"/Return/ReturnData/IRS990/TotalAssetsGrp/EOYAmt",349084,349055,"2022v4.0, 2022v4.1, 2022v5.0"
"/Return/ReturnData/IRS990/TotalCompGreaterThan150KInd",349084,349055,"2022v4.0, 2022v4.1, 2022v5.0"
"/Return/ReturnData/IRS990/TotalEmployeeCnt",349084,349055,"2022v4.0, 2022v4.1, 2022v5.0"
"/Return/ReturnData/IRS990/TotalFunctionalExpensesGrp",349084,349055,"2022v4.0, 2022v4.1, 2022v5.0"
"/Return/ReturnData/IRS990/TotalFunctionalExpensesGrp/TotalAmt",349084,349055,"2022v4.0, 2022v4.1, 2022v5.0"
"/Return/ReturnData/IRS990/TotalGrossUBIAmt",349084,349055,"2022v4.0, 2022v4.1, 2022v5.0"
"/Return/ReturnData/IRS990/TotalLiabilitiesEOYAmt",349084,349055,"2022v4.0, 2022v4.1, 2022v5.0"
"/Return/ReturnData/IRS990/TotalLiabilitiesGrp",349084,349055,"2022v4.0, 2022v4.1, 2022v5.0"
"/Return/ReturnData/IRS990/TotalLiabilitiesGrp/BOYAmt",349084,349055,"2022v4.0, 2022v4.1, 2022v5.0"
"/Return/ReturnData/IRS990/TotalLiabilitiesGrp/EOYAmt",349084,349055,"2022v4.0, 2022v4.1, 2022v5.0"
"/Return/ReturnData/IRS990/TotalNetAssetsFundBalanceGrp",349084,349055,"2022v4.0, 2022v4.1, 2022v5.0"
"/Return/ReturnData/IRS990/TotalNetAssetsFundBalanceGrp/BOYAmt",349084,349055,"2022v4.0, 2022v4.1, 2022v5.0"
"/Return/ReturnData/IRS990/TotalNetAssetsFundBalanceGrp/EOYAmt",349084,349055,"2022v4.0, 2022v4.1, 2022v5.0"
"/Return/ReturnData/IRS990/TotalRevenueGrp",349084,349055,"2022v4.0, 2022v4.1, 2022v5.0"
"/Return/ReturnData/IRS990/TotalRevenueGrp/TotalRevenueColumnAmt",349084,349055,"2022v4.0, 2022v4.1, 2022v5.0"
"/Return/ReturnData/IRS990/UnrelatedBusIncmOverLimitInd",349084,349055,"2022v4.0, 2022v4.1, 2022v5.0"
"/Return/ReturnData/IRS990/VotingMembersGoverningBodyCnt",349084,349055,"2022v4.0, 2022v4.1, 2022v5.0"
"/Return/ReturnData/IRS990/VotingMembersIndependentCnt",349084,349055,"2022v4.0, 2022v4.1, 2022v5.0"
"/Return/ReturnData/IRS990/WhistleblowerPolicyInd",349084,349055,"2022v4.0, 2022v4.1, 2022v5.0"
"/Return/ReturnData/IRS990/MinutesOfCommitteesInd",348312,348283,"2022v4.0, 2022v4.1, 2022v5.0"
"/Return/ReturnData/IRS990/BooksInCareOfDetail/USAddress",348197,348168,"2022v4.0, 2022v4.1, 2022v5.0"
"/Return/ReturnData/IRS990/BooksInCareOfDetail/USAddress/AddressLine1Txt",348197,348168,"2022v4.0, 2022v4.1, 2022v5.0"
"/Return/ReturnData/IRS990/BooksInCareOfDetail/USAddress/CityNm",348197,348168,"2022v4.0, 2022v4.1, 2022v5.0"
"/Return/ReturnData/IRS990/BooksInCareOfDetail/USAddress/StateAbbreviationCd",348197,348168,"2022v4.0, 2022v4.1, 2022v5.0"
"/Return/ReturnData/IRS990/BooksInCareOfDetail/USAddress/ZIPCd",348197,348168,"2022v4.0, 2022v4.1, 2022v5.0"
"/Return/ReturnData/IRS990/MissionDesc",348169,348140,"2022v4.0, 2022v4.1, 2022v5.0"
"/Return/ReturnData/IRS990/CompensationProcessCEOInd",347954,347925,"2022v4.0, 2022v4.1, 2022v5.0"
"/Return/ReturnData/IRS990/CompensationProcessOtherInd",347865,347836,"2022v4.0, 2022v4.1, 2022v5.0"
"/Return/ReturnData/IRS990/ProgramServiceRevenueGrp/BusinessCd",345387,164802,"2022v4.0, 2022v4.1, 2022v5.0"
"/Return/ReturnHeader/PreparerPersonGrp/PreparationDt",345334,345298,"2022v4.0, 2022v4.1, 2022v5.0"
"/Return/ReturnData/IRS990/SignificantNewProgramSrvcInd",344982,344953,"2022v4.0, 2022v4.1, 2022v5.0"
"/Return/ReturnData/IRS990/SignificantChangeInd",344900,344871,"2022v4.0, 2022v4.1, 2022v5.0"
"/Return/ReturnData/IRS990/TotalAssetsBOYAmt",341640,341611,"2022v4.0, 2022v4.1, 2022v5.0"
"/Return/ReturnData/IRS990/NetAssetsOrFundBalancesBOYAmt",341187,341158,"2022v4.0, 2022v4.1, 2022v5.0"
"/Return/ReturnData/IRS990/SubjectToProxyTaxInd",336913,336885,"2022v4.0, 2022v4.1, 2022v5.0"
"/Return/ReturnData/IRS990/PYRevenuesLessExpensesAmt",333954,333925,"2022v4.0, 2022v4.1, 2022v5.0"
"/Return/ReturnData/IRS990/PYTotalRevenueAmt",333919,333890,"2022v4.0, 2022v4.1, 2022v5.0"
"/Return/ReturnHeader/AdditionalFilerInformation/TrustedCustomerGrp/IdentityAssuranceLevelCd",333427,333389,"2022v4.1, 2022v5.0"
"/Return/ReturnData/IRS990/PYTotalExpensesAmt",333283,333255,"2022v4.0, 2022v4.1, 2022v5.0"
"/Return/ReturnData/IRS990/LegalDomicileStateCd",331664,331636,"2022v4.0, 2022v4.1, 2022v5.0"
"/Return/ReturnData/IRS990/InfoInScheduleOPartVIInd",331643,331614,"2022v4.0, 2022v4.1, 2022v5.0"
"/Return/ReturnData/IRS990/PYOtherExpensesAmt",331488,331460,"2022v4.0, 2022v4.1, 2022v5.0"
"/Return/ReturnData/IRS990/TotalFunctionalExpensesGrp/ProgramServicesAmt",329352,329323,"2022v4.0, 2022v4.1, 2022v5.0"
"/Return/ReturnData/IRS990/TotalFunctionalExpensesGrp/ManagementAndGeneralAmt",328522,328493,"2022v4.0, 2022v4.1, 2022v5.0"
"/Return/ReturnData/IRS990/SubjectToExcsTaxNetInvstIncInd",327970,327945,"2022v4.0, 2022v4.1, 2022v5.0"
"/Return/ReturnData/IRS990/SubjToTaxRmnrtnExPrchtPymtInd",327937,327912,"2022v4.0, 2022v4.1, 2022v5.0"
"/Return/ReturnData/IRS990/FormationYr",327313,327285,"2022v4.0, 2022v4.1, 2022v5.0"
"/Return/ReturnData/IRS990/TotalFunctionalExpensesGrp/FundraisingAmt",327287,327258,"2022v4.0, 2022v4.1, 2022v5.0"
"/Return/ReturnData/IRS990/StatesWhereCopyOfReturnIsFldCd",326371,181002,"2022v4.0, 2022v4.1, 2022v5.0"
"/Return/ReturnData/IRS990/CashNonInterestBearingGrp",325242,325215,"2022v4.0, 2022v4.1, 2022v5.0"
"/Return/ReturnData/IRS990/CashNonInterestBearingGrp/EOYAmt",322309,322282,"2022v4.0, 2022v4.1, 2022v5.0"
"/Return/ReturnData/IRS990EZ/ProgramSrvcAccomplishmentGrp",317551,206130,"2022v4.0, 2022v4.1, 2022v5.0"
"/Return/ReturnData/IRS990EZ/ProgramSrvcAccomplishmentGrp/DescriptionProgramSrvcAccomTxt",317551,206130,"2022v4.0, 2022v4.1, 2022v5.0"
"/Return/ReturnData/IRS990/CashNonInterestBearingGrp/BOYAmt",315601,315574,"2022v4.0, 2022v4.1, 2022v5.0"
"/Return/ReturnData/IRS990/TotalRevenueGrp/RelatedOrExemptFuncIncomeAmt",311022,310994,"2022v4.0, 2022v4.1, 2022v5.0"
"/Return/ReturnData/IRS990/TypeOfOrganizationCorpInd",310749,310723,"2022v4.0, 2022v4.1, 2022v5.0"
"/Return/ReturnData/IRS990/FederalGrantAuditRequiredInd",309567,309541,"2022v4.0, 2022v4.1, 2022v5.0"
"/Return/ReturnData/IRS990/USAddress",308443,308420,"2022v4.0, 2022v4.1, 2022v5.0"
"/Return/ReturnData/IRS990/USAddress/AddressLine1Txt",308443,308420,"2022v4.0, 2022v4.1, 2022v5.0"
"/Return/ReturnData/IRS990/USAddress/CityNm",308443,308420,"2022v4.0, 2022v4.1, 2022v5.0"
"/Return/ReturnData/IRS990/USAddress/StateAbbreviationCd",308443,308420,"2022v4.0, 2022v4.1, 2022v5.0"
"/Return/ReturnData/IRS990/USAddress/ZIPCd",308443,308420,"2022v4.0, 2022v4.1, 2022v5.0"
"/Return/ReturnData/IRS990/UponRequestInd",305433,305406,"2022v4.0, 2022v4.1, 2022v5.0"
"/Return/ReturnData/IRS990/WebsiteAddressTxt",304605,304579,"2022v4.0, 2022v4.1, 2022v5.0"
"/Return/ReturnData/IRS990/PYContributionsGrantsAmt",303392,303363,"2022v4.0, 2022v4.1, 2022v5.0"
"/Return/ReturnData/IRS990/PrincipalOfficerNm",301762,301738,"2022v4.0, 2022v4.1, 2022v5.0"
"/Return/ReturnData/IRS990/TotalProgramServiceExpensesAmt",301006,300977,"2022v4.0, 2022v4.1, 2022v5.0"
"/Return/ReturnData/IRS990ScheduleJ/RltdOrgOfficerTrstKeyEmplGrp",300890,74830,"2022v4.0, 2022v4.1, 2022v5.0"
"/Return/ReturnData/IRS990ScheduleI/RecipientTable/ValuationMethodUsedDesc",296235,8987,"2022v4.0, 2022v4.1, 2022v5.0"
"/Return/ReturnData/IRS990/TotalContributionsAmt",296142,296116,"2022v4.0, 2022v4.1, 2022v5.0"
"/Return/ReturnData/IRS990ScheduleJ/RltdOrgOfficerTrstKeyEmplGrp/TitleTxt",295046,72291,"2022v4.0, 2022v4.1, 2022v5.0"
"/Return/ReturnData/IRS990/ExpenseAmt",294333,294304,"2022v4.0, 2022v4.1, 2022v5.0"
"/Return/ReturnData/IRS990ScheduleR/IdRelatedOrgTxblCorpTrGrp",291446,20969,"2022v4.0, 2022v4.1, 2022v5.0"
"/Return/ReturnData/IRS990ScheduleR/IdRelatedOrgTxblCorpTrGrp/RelatedOrganizationName",291389,20958,"2022v4.0, 2022v4.1, 2022v5.0"
"/Return/ReturnData/IRS990ScheduleR/IdRelatedOrgTxblCorpTrGrp/RelatedOrganizationName/BusinessNameLine1Txt",291389,20958,"2022v4.0, 2022v4.1, 2022v5.0"
"/Return/ReturnData/IRS990/OfficeExpensesGrp",290805,290781,"2022v4.0, 2022v4.1, 2022v5.0"
"/Return/ReturnData/IRS990/OfficeExpensesGrp/TotalAmt",290791,290767,"2022v4.0, 2022v4.1, 2022v5.0"
"/Return/ReturnData/IRS990ScheduleJ/RltdOrgOfficerTrstKeyEmplGrp/TotalCompensationFilingOrgAmt",286909,70988,"2022v4.0, 2022v4.1, 2022v5.0"
"/Return/ReturnData/IRS990ScheduleJ/RltdOrgOfficerTrstKeyEmplGrp/BaseCompensationFilingOrgAmt",286690,70876,"2022v4.0, 2022v4.1, 2022v5.0"
"/Return/ReturnData/IRS990/TotalLiabilitiesBOYAmt",285520,285495,"2022v4.0, 2022v4.1, 2022v5.0"
"/Return/ReturnData/IRS990/PYExcessBenefitTransInd",283320,283292,"2022v4.0, 2022v4.1, 2022v5.0"
"/Return/ReturnData/IRS990/EngagedInExcessBenefitTransInd",283021,282993,"2022v4.0, 2022v4.1, 2022v5.0"
"/Return/ReturnData/IRS990ScheduleJ/RltdOrgOfficerTrstKeyEmplGrp/PersonNm",280084,72404,"2022v4.0, 2022v4.1, 2022v5.0"
"/Return/ReturnData/IRS990ScheduleD",278455,278428,"2022v4.0, 2022v4.1, 2022v5.0"
"/Return/ReturnData/IRS990/PYInvestmentIncomeAmt",276936,276910,"2022v4.0, 2022v4.1, 2022v5.0"
"/Return/ReturnData/IRS990ScheduleJ/RltdOrgOfficerTrstKeyEmplGrp/NontaxableBenefitsFilingOrgAmt",274301,64306,"2022v4.0, 2022v4.1, 2022v5.0"
"/Return/ReturnData/IRS990ScheduleJ/RltdOrgOfficerTrstKeyEmplGrp/DeferredCompensationFlngOrgAmt",273283,63936,"2022v4.0, 2022v4.1, 2022v5.0"
"/Return/ReturnData/IRS990/FeesForServicesAccountingGrp",273237,273212,"2022v4.0, 2022v4.1, 2022v5.0"
"/Return/ReturnData/IRS990/FeesForServicesAccountingGrp/TotalAmt",273227,273202,"2022v4.0, 2022v4.1, 2022v5.0"
"/Return/ReturnData/IRS990/TotalRevenueGrp/ExclusionAmt",271955,271929,"2022v4.0, 2022v4.1, 2022v5.0"
"/Return/ReturnData/IRS990/InsuranceGrp",271941,271920,"2022v4.0, 2022v4.1, 2022v5.0"
"/Return/ReturnData/IRS990/InsuranceGrp/TotalAmt",271931,271910,"2022v4.0, 2022v4.1, 2022v5.0"
"/Return/ReturnData/IRS990/PYSalariesCompEmpBnftPaidAmt",270790,270767,"2022v4.0, 2022v4.1, 2022v5.0"
"/Return/ReturnData/IRS990/LobbyingActivitiesInd",269967,269939,"2022v4.0, 2022v4.1, 2022v5.0"
"/Return/ReturnData/IRS990/TrnsfrExmptNonChrtblRltdOrgInd",268905,268877,"2022v4.0, 2022v4.1, 2022v5.0"
"/Return/ReturnData/IRS990/Organization501c3Ind",267964,267936,"2022v4.0, 2022v4.1, 2022v5.0"
"/Return/ReturnData/IRS990ScheduleD/OtherLiabilitiesOrgGrp",266071,141874,"2022v4.0, 2022v4.1, 2022v5.0"
"/Return/ReturnData/IRS990/InvestmentIncomeGrp",266055,266030,"2022v4.0, 2022v4.1, 2022v5.0"
"/Return/ReturnData/IRS990/InvestmentIncomeGrp/TotalRevenueColumnAmt",265714,265689,"2022v4.0, 2022v4.1, 2022v5.0"
"/Return/ReturnData/IRS990ScheduleD/OtherLiabilitiesOrgGrp/Desc",265342,141331,"2022v4.0, 2022v4.1, 2022v5.0"
"/Return/ReturnData/IRS990ScheduleJ/RltdOrgOfficerTrstKeyEmplGrp/TotalCompensationRltdOrgsAmt",264265,61278,"2022v4.0, 2022v4.1, 2022v5.0"
"/Return/ReturnData/IRS990ScheduleJ/RltdOrgOfficerTrstKeyEmplGrp/CompensationBasedOnRltdOrgsAmt",264001,61136,"2022v4.0, 2022v4.1, 2022v5.0"
"/Return/ReturnData/IRS990ScheduleJ/RltdOrgOfficerTrstKeyEmplGrp/BonusFilingOrganizationAmount",262167,60297,"2022v4.0, 2022v4.1, 2022v5.0"
"/Return/ReturnData/IRS990ScheduleJ/RltdOrgOfficerTrstKeyEmplGrp/NontaxableBenefitsRltdOrgsAmt",261534,60023,"2022v4.0, 2022v4.1, 2022v5.0"
"/Return/ReturnData/IRS990ScheduleR/IdRelatedOrgTxblPartnershipGrp",260947,12183,"2022v4.0, 2022v4.1, 2022v5.0"
"/Return/ReturnData/IRS990ScheduleR/IdRelatedOrgTxblPartnershipGrp/RelatedOrganizationName",260941,12181,"2022v4.0, 2022v4.1, 2022v5.0"
"/Return/ReturnData/IRS990ScheduleR/IdRelatedOrgTxblPartnershipGrp/RelatedOrganizationName/BusinessNameLine1Txt",260941,12181,"2022v4.0, 2022v4.1, 2022v5.0"
"/Return/ReturnData/IRS990ScheduleJ/RltdOrgOfficerTrstKeyEmplGrp/DeferredCompRltdOrgsAmt",260837,59803,"2022v4.0, 2022v4.1, 2022v5.0"
"/Return/ReturnData/IRS990/OrganizationFollowsFASB117Ind",260713,260688,"2022v4.0, 2022v4.1, 2022v5.0"
"/Return/ReturnData/IRS990ScheduleJ/RltdOrgOfficerTrstKeyEmplGrp/OtherCompensationFilingOrgAmt",260620,59213,"2022v4.0, 2022v4.1, 2022v5.0"
"/Return/ReturnData/IRS990/PYProgramServiceRevenueAmt",259756,259741,"2022v4.0, 2022v4.1, 2022v5.0"
"/Return/ReturnData/IRS990/NoDonorRestrictionNetAssetsGrp",258619,258593,"2022v4.0, 2022v4.1, 2022v5.0"
"/Return/ReturnData/IRS990/TotalReportableCompFromOrgAmt",258207,258183,"2022v4.0, 2022v4.1, 2022v5.0"
"/Return/ReturnData/IRS990ScheduleJ/RltdOrgOfficerTrstKeyEmplGrp/OtherCompensationRltdOrgsAmt",257859,58369,"2022v4.0, 2022v4.1, 2022v5.0"
"/Return/ReturnData/IRS990/NoDonorRestrictionNetAssetsGrp/EOYAmt",257323,257298,"2022v4.0, 2022v4.1, 2022v5.0"
"/Return/ReturnData/IRS990ScheduleJ/RltdOrgOfficerTrstKeyEmplGrp/BonusRelatedOrganizationsAmt",256680,58383,"2022v4.0, 2022v4.1, 2022v5.0"
"/Return/ReturnData/IRS990/NoDonorRestrictionNetAssetsGrp/BOYAmt",255084,255058,"2022v4.0, 2022v4.1, 2022v5.0"
"/Return/ReturnData/IRS990/TotalVolunteersCnt",253116,253092,"2022v4.0, 2022v4.1, 2022v5.0"
"/Return/ReturnData/IRS990ScheduleD/OtherLiabilitiesOrgGrp/Amt",252555,134978,"2022v4.0, 2022v4.1, 2022v5.0"
"/Return/ReturnData/IRS990ScheduleR/IdRelatedOrgTxblPartnershipGrp/PrimaryActivitiesTxt",250493,11662,"2022v4.0, 2022v4.1, 2022v5.0"
"/Return/ReturnData/IRS990/PYOtherRevenueAmt",250409,250386,"2022v4.0, 2022v4.1, 2022v5.0"
"/Return/ReturnData/IRS990/LandBldgEquipBasisNetGrp",249840,249815,"2022v4.0, 2022v4.1, 2022v5.0"
"/Return/ReturnData/IRS990ScheduleJ/RltdOrgOfficerTrstKeyEmplGrp/CompReportPrior990FilingOrgAmt",249318,56471,"2022v4.0, 2022v4.1, 2022v5.0"
"/Return/ReturnData/IRS990ScheduleJ/RltdOrgOfficerTrstKeyEmplGrp/CompReportPrior990RltdOrgsAmt",249046,56421,"2022v4.0, 2022v4.1, 2022v5.0"
"/Return/ReturnData/IRS990EZ/ProgramSrvcAccomplishmentGrp/ProgramServiceExpensesAmt",248112,160014,"2022v4.0, 2022v4.1, 2022v5.0"
"/Return/ReturnData/IRS990ScheduleR/IdRelatedOrgTxblPartnershipGrp/USAddress",248095,11667,"2022v4.0, 2022v4.1, 2022v5.0"
"/Return/ReturnData/IRS990ScheduleR/IdRelatedOrgTxblPartnershipGrp/USAddress/AddressLine1Txt",248095,11667,"2022v4.0, 2022v4.1, 2022v5.0"
"/Return/ReturnData/IRS990ScheduleR/IdRelatedOrgTxblPartnershipGrp/USAddress/CityNm",248095,11667,"2022v4.0, 2022v4.1, 2022v5.0"
"/Return/ReturnData/IRS990ScheduleR/IdRelatedOrgTxblPartnershipGrp/USAddress/StateAbbreviationCd",248095,11667,"2022v4.0, 2022v4.1, 2022v5.0"
"/Return/ReturnData/IRS990ScheduleR/IdRelatedOrgTxblPartnershipGrp/USAddress/ZIPCd",248095,11667,"2022v4.0, 2022v4.1, 2022v5.0"
"/Return/ReturnData/IRS990ScheduleR/IdRelatedOrgTxblPartnershipGrp/LegalDomicileStateCd",247382,11642,"2022v4.0, 2022v4.1, 2022v5.0"
"/Return/ReturnData/IRS990/TotalProgramServiceRevenueAmt",246453,246437,"2022v4.0, 2022v4.1, 2022v5.0"
"/Return/ReturnData/IRS990/IndivRcvdGreaterThan100KCnt",246375,246355,"2022v4.0, 2022v4.1, 2022v5.0"
"/Return/ReturnData/IRS990ScheduleR/IdRelatedOrgTxblPartnershipGrp/EIN",245612,11404,"2022v4.0, 2022v4.1, 2022v5.0"
"/Return/ReturnData/IRS990/LandBldgEquipBasisNetGrp/EOYAmt",244649,244624,"2022v4.0, 2022v4.1, 2022v5.0"
"/Return/ReturnData/IRS990/AllOtherContributionsAmt",243583,243559,"2022v4.0, 2022v4.1, 2022v5.0"
"/Return/ReturnData/IRS990/OccupancyGrp",241568,241550,"2022v4.0, 2022v4.1, 2022v5.0"
"/Return/ReturnData/IRS990/OccupancyGrp/TotalAmt",241561,241543,"2022v4.0, 2022v4.1, 2022v5.0"
"/Return/ReturnData/IRS990/OtherExpensesGrp/FundraisingAmt",240481,97454,"2022v4.0, 2022v4.1, 2022v5.0"
"/Return/ReturnData/IRS990/QuidProQuoContributionsInd",238598,238573,"2022v4.0, 2022v4.1, 2022v5.0"
"/Return/ReturnData/IRS990ScheduleD/TotalBookValueLandBuildingsAmt",238530,238504,"2022v4.0, 2022v4.1, 2022v5.0"
"/Return/ReturnData/IRS990/Form8282PropertyDisposedOfInd",237983,237958,"2022v4.0, 2022v4.1, 2022v5.0"
"/Return/ReturnData/IRS990/OtherSalariesAndWagesGrp",235793,235772,"2022v4.0, 2022v4.1, 2022v5.0"
"/Return/ReturnData/IRS990/OtherSalariesAndWagesGrp/TotalAmt",235787,235766,"2022v4.0, 2022v4.1, 2022v5.0"
"/Return/ReturnData/IRS990/LandBldgEquipCostOrOtherBssAmt",235197,235172,"2022v4.0, 2022v4.1, 2022v5.0"
"/Return/ReturnData/IRS990ScheduleB",234484,234453,"2022v4.0, 2022v4.1, 2022v5.0"
"/Return/ReturnData/IRS990ScheduleB/ContributorInformationGrp",234484,234453,"2022v4.0, 2022v4.1, 2022v5.0"
"/Return/ReturnData/IRS990ScheduleB/ContributorInformationGrp/ContributorBusinessName",234484,234453,"2022v4.0, 2022v4.1, 2022v5.0"
"/Return/ReturnData/IRS990ScheduleB/ContributorInformationGrp/ContributorBusinessName/BusinessNameLine1",234484,234453,"2022v4.0, 2022v4.1, 2022v5.0"
"/Return/ReturnData/IRS990ScheduleB/ContributorInformationGrp/ContributorNum",234484,234453,"2022v4.0, 2022v4.1, 2022v5.0"
"/Return/ReturnData/IRS990ScheduleB/ContributorInformationGrp/ContributorUSAddress",234484,234453,"2022v4.0, 2022v4.1, 2022v5.0"
"/Return/ReturnData/IRS990ScheduleB/ContributorInformationGrp/ContributorUSAddress/AddressLine1",234484,234453,"2022v4.0, 2022v4.1, 2022v5.0"
"/Return/ReturnData/IRS990ScheduleB/ContributorInformationGrp/ContributorUSAddress/AddressLine2",234484,234453,"2022v4.0, 2022v4.1, 2022v5.0"
"/Return/ReturnData/IRS990ScheduleB/ContributorInformationGrp/ContributorUSAddress/City",234484,234453,"2022v4.0, 2022v4.1, 2022v5.0"
"/Return/ReturnData/IRS990ScheduleB/ContributorInformationGrp/ContributorUSAddress/State",234484,234453,"2022v4.0, 2022v4.1, 2022v5.0"
"/Return/ReturnData/IRS990ScheduleB/ContributorInformationGrp/ContributorUSAddress/ZIPCode",234484,234453,"2022v4.0, 2022v4.1, 2022v5.0"
"/Return/ReturnData/IRS990ScheduleB/ContributorInformationGrp/TotalContributionsAmt",234484,234453,"2022v4.0, 2022v4.1, 2022v5.0"
"/Return/ReturnData/IRS990/PayrollTaxesGrp",234076,234055,"2022v4.0, 2022v4.1, 2022v5.0"
"/Return/ReturnData/IRS990/PayrollTaxesGrp/TotalAmt",234071,234050,"2022v4.0, 2022v4.1, 2022v5.0"
"/Return/ReturnData/IRS990/DepreciationDepletionGrp",232323,232301,"2022v4.0, 2022v4.1, 2022v5.0"
"/Return/ReturnData/IRS990/DepreciationDepletionGrp/TotalAmt",232268,232246,"2022v4.0, 2022v4.1, 2022v5.0"
"/Return/ReturnData/IRS990ScheduleI/RecipientTable/NonCashAssistanceDesc",229640,5338,"2022v4.0, 2022v4.1, 2022v5.0"
"/Return/ReturnData/IRS990/LandBldgEquipBasisNetGrp/BOYAmt",227908,227883,"2022v4.0, 2022v4.1, 2022v5.0"
"/Return/ReturnData/IRS990/AccountsPayableAccrExpnssGrp",227129,227109,"2022v4.0, 2022v4.1, 2022v5.0"
"/Return/ReturnData/IRS990/LandBldgEquipAccumDeprecAmt",223233,223209,"2022v4.0, 2022v4.1, 2022v5.0"
"/Return/ReturnData/IRS990/AllOtherExpensesGrp",219895,219875,"2022v4.0, 2022v4.1, 2022v5.0"
"/Return/ReturnData/IRS990/AllOtherExpensesGrp/TotalAmt",219383,219363,"2022v4.0, 2022v4.1, 2022v5.0"
"/Return/ReturnData/IRS990/BackupWthldComplianceInd",218875,218857,"2022v4.0, 2022v4.1, 2022v5.0"
"/Return/ReturnData/IRS990/TotalOtherCompensationAmt",218654,218634,"2022v4.0, 2022v4.1, 2022v5.0"
"/Return/ReturnData/IRS990/AccountsPayableAccrExpnssGrp/EOYAmt",218578,218559,"2022v4.0, 2022v4.1, 2022v5.0"
"/Return/ReturnData/IRS990/BooksInCareOfDetail/PersonNm",218553,218535,"2022v4.0, 2022v4.1, 2022v5.0"
"/Return/ReturnData/IRS990/RegularMonitoringEnfrcInd",216971,216952,"2022v4.0, 2022v4.1, 2022v5.0"
"/Return/ReturnData/IRS990ScheduleR/IdRelatedOrgTxblPartnershipGrp/DisproportionateAllocationsInd",216145,10616,"2022v4.0, 2022v4.1, 2022v5.0"
"/Return/ReturnData/IRS990ScheduleR/IdRelatedOrgTxblPartnershipGrp/GeneralOrManagingPartnerInd",215865,10551,"2022v4.0, 2022v4.1, 2022v5.0"
"/Return/ReturnData/IRS990/AnnualDisclosureCoveredPrsnInd",215804,215785,"2022v4.0, 2022v4.1, 2022v5.0"
"/Return/ReturnData/IRS990/AccountsPayableAccrExpnssGrp/BOYAmt",215386,215366,"2022v4.0, 2022v4.1, 2022v5.0"
"/Return/ReturnData/IRS990/SavingsAndTempCashInvstGrp",214811,214792,"2022v4.0, 2022v4.1, 2022v5.0"
"/Return/ReturnData/IRS990/TotalRevenueGrp/UnrelatedBusinessRevenueAmt",214740,214714,"2022v4.0, 2022v4.1, 2022v5.0"
"/Return/ReturnData/IRS990/EmploymentTaxReturnsFiledInd",213920,213898,"2022v4.0, 2022v4.1, 2022v5.0"
"/Return/ReturnData/IRS990ScheduleR/IdRelatedOrgTxblCorpTrGrp/ControlledOrganizationInd",213755,19519,"2022v4.0, 2022v4.1, 2022v5.0"
"/Return/ReturnData/IRS990/AdvertisingGrp",212249,212226,"2022v4.0, 2022v4.1, 2022v5.0"
"/Return/ReturnData/IRS990/AdvertisingGrp/TotalAmt",212234,212211,"2022v4.0, 2022v4.1, 2022v5.0"
"/Return/ReturnData/IRS990ScheduleA/PublicSupportTotal509Amt",211299,211273,"2022v4.0, 2022v4.1, 2022v5.0"
"/Return/ReturnData/IRS990/FeesForServicesOtherGrp",210291,210271,"2022v4.0, 2022v4.1, 2022v5.0"
"/Return/ReturnData/IRS990/FeesForServicesOtherGrp/TotalAmt",210271,210251,"2022v4.0, 2022v4.1, 2022v5.0"
"/Return/ReturnData/IRS990/SavingsAndTempCashInvstGrp/EOYAmt",210100,210081,"2022v4.0, 2022v4.1, 2022v5.0"
"/Return/ReturnData/IRS990/MethodOfAccountingAccrualInd",209523,209506,"2022v4.0, 2022v4.1, 2022v5.0"
"/Return/ReturnData/IRS990/NetUnrelatedBusTxblIncmAmt",209276,209253,"2022v4.0, 2022v4.1, 2022v5.0"
"/Return/ReturnData/IRS990ScheduleD/SupplementalInformationDetail",209003,106785,"2022v4.0, 2022v4.1, 2022v5.0"
"/Return/ReturnData/IRS990ScheduleD/SupplementalInformationDetail/FormAndLineReferenceDesc",208996,106783,"2022v4.0, 2022v4.1, 2022v5.0"
"/Return/ReturnData/IRS990ScheduleD/SupplementalInformationDetail/ExplanationTxt",208966,106766,"2022v4.0, 2022v4.1, 2022v5.0"
"/Return/ReturnData/IRS990EZ",206155,206130,"2022v4.0, 2022v4.1, 2022v5.0"
"/Return/ReturnData/IRS990EZ/ActivitiesNotPreviouslyRptInd",206155,206130,"2022v4.0, 2022v4.1, 2022v5.0"
"/Return/ReturnData/IRS990EZ/BooksInCareOfDetail",206155,206130,"2022v4.0, 2022v4.1, 2022v5.0"
"/Return/ReturnData/IRS990EZ/BooksInCareOfDetail/PhoneNum",206155,206130,"2022v4.0, 2022v4.1, 2022v5.0"
"/Return/ReturnData/IRS990EZ/ChgMadeToOrgnzngDocNotRptInd",206155,206130,"2022v4.0, 2022v4.1, 2022v5.0"
"/Return/ReturnData/IRS990EZ/DonorAdvisedFndsInd",206155,206130,"2022v4.0, 2022v4.1, 2022v5.0"
"/Return/ReturnData/IRS990EZ/Form990TotalAssetsGrp",206155,206130,"2022v4.0, 2022v4.1, 2022v5.0"
"/Return/ReturnData/IRS990EZ/Form990TotalAssetsGrp/BOYAmt",206155,206130,"2022v4.0, 2022v4.1, 2022v5.0"
"/Return/ReturnData/IRS990EZ/Form990TotalAssetsGrp/EOYAmt",206155,206130,"2022v4.0, 2022v4.1, 2022v5.0"
"/Return/ReturnData/IRS990EZ/MadeLoansToFromOfficersInd",206155,206130,"2022v4.0, 2022v4.1, 2022v5.0"
"/Return/ReturnData/IRS990EZ/NetAssetsOrFundBalancesGrp",206155,206130,"2022v4.0, 2022v4.1, 2022v5.0"
"/Return/ReturnData/IRS990EZ/NetAssetsOrFundBalancesGrp/BOYAmt",206155,206130,"2022v4.0, 2022v4.1, 2022v5.0"
"/Return/ReturnData/IRS990EZ/NetAssetsOrFundBalancesGrp/EOYAmt",206155,206130,"2022v4.0, 2022v4.1, 2022v5.0"
"/Return/ReturnData/IRS990EZ/OperateHospitalInd",206155,206130,"2022v4.0, 2022v4.1, 2022v5.0"
"/Return/ReturnData/IRS990EZ/OrganizationDissolvedEtcInd",206155,206130,"2022v4.0, 2022v4.1, 2022v5.0"
"/Return/ReturnData/IRS990EZ/OrganizationHadUBIInd",206155,206130,"2022v4.0, 2022v4.1, 2022v5.0"
"/Return/ReturnData/IRS990EZ/PrimaryExemptPurposeTxt",206155,206130,"2022v4.0, 2022v4.1, 2022v5.0"
"/Return/ReturnData/IRS990EZ/RelatedOrganizationCtrlEntInd",206155,206130,"2022v4.0, 2022v4.1, 2022v5.0"
"/Return/ReturnData/IRS990EZ/SubjectToProxyTaxInd",206155,206130,"2022v4.0, 2022v4.1, 2022v5.0"
"/Return/ReturnData/IRS990EZ/TanningServicesProvidedInd",206155,206130,"2022v4.0, 2022v4.1, 2022v5.0"
"/Return/ReturnData/IRS990EZ/BooksInCareOfDetail/USAddress",205889,205864,"2022v4.0, 2022v4.1, 2022v5.0"
"/Return/ReturnData/IRS990EZ/BooksInCareOfDetail/USAddress/AddressLine1Txt",205889,205864,"2022v4.0, 2022v4.1, 2022v5.0"
"/Return/ReturnData/IRS990EZ/BooksInCareOfDetail/USAddress/CityNm",205889,205864,"2022v4.0, 2022v4.1, 2022v5.0"
"/Return/ReturnData/IRS990EZ/BooksInCareOfDetail/USAddress/StateAbbreviationCd",205889,205864,"2022v4.0, 2022v4.1, 2022v5.0"
"/Return/ReturnData/IRS990EZ/BooksInCareOfDetail/USAddress/ZIPCd",205889,205864,"2022v4.0, 2022v4.1, 2022v5.0"
"/Return/ReturnData/IRS990/TravelGrp",205886,205867,"2022v4.0, 2022v4.1, 2022v5.0"
"/Return/ReturnData/IRS990/TravelGrp/TotalAmt",205877,205858,"2022v4.0, 2022v4.1, 2022v5.0"
"/Return/ReturnData/IRS990EZ/ForeignFinancialAccountInd",204917,204893,"2022v4.0, 2022v4.1, 2022v5.0"
"/Return/ReturnData/IRS990EZ/ForeignOfficeInd",204523,204499,"2022v4.0, 2022v4.1, 2022v5.0"
"/Return/ReturnData/IRS990ScheduleR/IdRelatedOrgTxblCorpTrGrp/PrimaryActivitiesTxt",203796,19851,"2022v4.0, 2022v4.1, 2022v5.0"
"/Return/ReturnData/IRS990/TotReportableCompRltdOrgAmt",203708,203690,"2022v4.0, 2022v4.1, 2022v5.0"
"/Return/ReturnData/IRS990EZ/ProhibitedTaxShelterTransInd",202325,202301,"2022v4.0, 2022v4.1, 2022v5.0"
"/Return/ReturnData/IRS990EZ/TotalRevenueAmt",201792,201768,"2022v4.0, 2022v4.1, 2022v5.0"
"/Return/ReturnData/IRS990/CntrctRcvdGreaterThan100KCnt",201424,201409,"2022v4.0, 2022v4.1, 2022v5.0"
"/Return/ReturnData/IRS990ScheduleA/PublicSupportCY509Pct",201404,201378,"2022v4.0, 2022v4.1, 2022v5.0"
"/Return/ReturnData/IRS990EZ/GrossReceiptsAmt",201053,201029,"2022v4.0, 2022v4.1, 2022v5.0"
"/Return/ReturnData/IRS990EZ/NetAssetsOrFundBalancesEOYAmt",200951,200928,"2022v4.0, 2022v4.1, 2022v5.0"
"/Return/ReturnData/IRS990ScheduleA/InvestmentIncomeCYPct",200835,200809,"2022v4.0, 2022v4.1, 2022v5.0"
"/Return/ReturnData/IRS990EZ/ExcessOrDeficitForYearAmt",200355,200332,"2022v4.0, 2022v4.1, 2022v5.0"
"/Return/ReturnData/IRS990EZ/TotalExpensesAmt",199926,199903,"2022v4.0, 2022v4.1, 2022v5.0"
"/Return/ReturnData/IRS990/OfficeExpensesGrp/ManagementAndGeneralAmt",199804,199783,"2022v4.0, 2022v4.1, 2022v5.0"
"/Return/ReturnData/IRS990EZ/CashSavingsAndInvestmentsGrp",199690,199668,"2022v4.0, 2022v4.1, 2022v5.0"
"/Return/ReturnData/IRS990EZ/PoliticalCampaignActyInd",199490,199466,"2022v4.0, 2022v4.1, 2022v5.0"
"/Return/ReturnData/IRS990/PayPremiumsPrsnlBnftCntrctInd",198562,198539,"2022v4.0, 2022v4.1, 2022v5.0"
"/Return/ReturnData/IRS990/RcvFndsToPayPrsnlBnftCntrctInd",198439,198416,"2022v4.0, 2022v4.1, 2022v5.0"
"/Return/ReturnData/IRS990EZ/CashSavingsAndInvestmentsGrp/EOYAmt",197391,197369,"2022v4.0, 2022v4.1, 2022v5.0"
"/Return/ReturnData/IRS990/FeesForServicesAccountingGrp/ManagementAndGeneralAmt",196811,196788,"2022v4.0, 2022v4.1, 2022v5.0"
"/Return/ReturnData/IRS990/OtherChangesInNetAssetsAmt",196799,196783,"2022v4.0, 2022v4.1, 2022v5.0"
"/Return/ReturnData/IRS990/PYGrantsAndSimilarPaidAmt",196404,196387,"2022v4.0, 2022v4.1, 2022v5.0"
"/Return/ReturnData/IRS990/CompCurrentOfcrDirectorsGrp",195351,195336,"2022v4.0, 2022v4.1, 2022v5.0"
"/Return/ReturnData/IRS990/CompCurrentOfcrDirectorsGrp/TotalAmt",195340,195325,"2022v4.0, 2022v4.1, 2022v5.0"
"/Return/ReturnData/IRS990EZ/CashSavingsAndInvestmentsGrp/BOYAmt",195245,195224,"2022v4.0, 2022v4.1, 2022v5.0"
"/Return/ReturnData/IRS990EZ/NetAssetsOrFundBalancesBOYAmt",193821,193800,"2022v4.0, 2022v4.1, 2022v5.0"
"/Return/ReturnData/IRS990ScheduleA/TotalSupportCalendarYearGrp",193236,193213,"2022v4.0, 2022v4.1, 2022v5.0"
"/Return/ReturnData/IRS990ScheduleA/PubliclySupportedOrg509a2Ind",193138,193113,"2022v4.0, 2022v4.1, 2022v5.0"
"/Return/ReturnData/IRS990ScheduleA/TotalSupportCalendarYearGrp/TotalAmt",192788,192765,"2022v4.0, 2022v4.1, 2022v5.0"
"/Return/ReturnData/IRS990ScheduleA/Total509Grp",192275,192252,"2022v4.0, 2022v4.1, 2022v5.0"
"/Return/ReturnData/IRS990ScheduleA/PublicSupportCY170Pct",192036,192011,"2022v4.0, 2022v4.1, 2022v5.0"
"/Return/ReturnData/IRS990ScheduleA/Total509Grp/TotalAmt",191078,191055,"2022v4.0, 2022v4.1, 2022v5.0"
"/Return/ReturnData/IRS990EZ/OtherExpensesTotalAmt",188699,188680,"2022v4.0, 2022v4.1, 2022v5.0"
"/Return/ReturnData/IRS990ScheduleR/IdRelatedOrgTxblPartnershipGrp/DirectControllingNACd",186229,6301,"2022v4.0, 2022v4.1, 2022v5.0"
"/Return/ReturnData/IRS990/AccountsReceivableGrp",185944,185930,"2022v4.0, 2022v4.1, 2022v5.0"
"/Return/ReturnData/IRS990ScheduleA/GiftsGrantsContrisRcvd509Grp",185300,185276,"2022v4.0, 2022v4.1, 2022v5.0"
"/Return/ReturnData/IRS990/OtherRevenueMiscGrp",185136,121205,"2022v4.0, 2022v4.1, 2022v5.0"
"/Return/ReturnData/IRS990ScheduleA/Total509Grp/CurrentTaxYearAmt",184499,184477,"2022v4.0, 2022v4.1, 2022v5.0"
"/Return/ReturnData/IRS990/OtherEmployeeBenefitsGrp",183915,183900,"2022v4.0, 2022v4.1, 2022v5.0"
"/Return/ReturnData/IRS990/OtherEmployeeBenefitsGrp/TotalAmt",183911,183896,"2022v4.0, 2022v4.1, 2022v5.0"
"/Return/ReturnData/IRS990ScheduleA/GiftsGrantsContrisRcvd509Grp/TotalAmt",183865,183841,"2022v4.0, 2022v4.1, 2022v5.0"
"/Return/ReturnData/IRS990/SavingsAndTempCashInvstGrp/BOYAmt",183667,183650,"2022v4.0, 2022v4.1, 2022v5.0"
"/Return/ReturnData/IRS990/OfficeExpensesGrp/ProgramServicesAmt",183103,183087,"2022v4.0, 2022v4.1, 2022v5.0"
"/Return/ReturnData/IRS990/RevenueAmt",181860,181844,"2022v4.0, 2022v4.1, 2022v5.0"
"/Return/ReturnData/IRS990/OtherRevenueMiscGrp/TotalRevenueColumnAmt",181713,119285,"2022v4.0, 2022v4.1, 2022v5.0"
"/Return/ReturnData/IRS990/PrepaidExpensesDefrdChargesGrp",181427,181415,"2022v4.0, 2022v4.1, 2022v5.0"
"/Return/ReturnData/IRS990ScheduleA/PublicSupportTotal170Amt",181036,181013,"2022v4.0, 2022v4.1, 2022v5.0"
"/Return/ReturnData/IRS990ScheduleA/GiftsGrantsContriRcvd170Grp",180742,180720,"2022v4.0, 2022v4.1, 2022v5.0"
"/Return/ReturnData/IRS990EZ/InfoInScheduleOPartIInd",180528,180511,"2022v4.0, 2022v4.1, 2022v5.0"
"/Return/ReturnData/IRS990ScheduleA/TotalCalendarYear170Grp",180361,180338,"2022v4.0, 2022v4.1, 2022v5.0"
"/Return/ReturnData/IRS990ScheduleA/TotalSupportAmt",179492,179469,"2022v4.0, 2022v4.1, 2022v5.0"
"/Return/ReturnData/IRS990ScheduleD/EquipmentGrp",178878,178855,"2022v4.0, 2022v4.1, 2022v5.0"
"/Return/ReturnData/IRS990/InvestmentIncomeGrp/ExclusionAmt",178766,178747,"2022v4.0, 2022v4.1, 2022v5.0"
"/Return/ReturnData/IRS990ScheduleA/GiftsGrantsContriRcvd170Grp/TotalAmt",178472,178450,"2022v4.0, 2022v4.1, 2022v5.0"
"/Return/ReturnData/IRS990ScheduleA/TotalCalendarYear170Grp/TotalAmt",178341,178318,"2022v4.0, 2022v4.1, 2022v5.0"
"/Return/ReturnData/IRS990/AccountsReceivableGrp/EOYAmt",178015,178002,"2022v4.0, 2022v4.1, 2022v5.0"
"/Return/ReturnData/IRS990/OtherRevenueTotalAmt",177204,177185,"2022v4.0, 2022v4.1, 2022v5.0"
"/Return/ReturnData/IRS990/OtherSalariesAndWagesGrp/ProgramServicesAmt",176675,176656,"2022v4.0, 2022v4.1, 2022v5.0"
"/Return/ReturnData/IRS990/OtherAssetsTotalGrp",176323,176304,"2022v4.0, 2022v4.1, 2022v5.0"
"/Return/ReturnData/IRS990ScheduleA/Total509Grp/CurrentTaxYearMinus1YearAmt",175805,175784,"2022v4.0, 2022v4.1, 2022v5.0"
"/Return/ReturnData/IRS990EZ/TransactionWithControlEntInd",175016,174994,"2022v4.0, 2022v4.1, 2022v5.0"
"/Return/ReturnData/IRS990/ConferencesMeetingsGrp",174515,174498,"2022v4.0, 2022v4.1, 2022v5.0"
"/Return/ReturnData/IRS990/ConferencesMeetingsGrp/TotalAmt",174508,174491,"2022v4.0, 2022v4.1, 2022v5.0"
"/Return/ReturnData/IRS990/PrepaidExpensesDefrdChargesGrp/EOYAmt",174486,174474,"2022v4.0, 2022v4.1, 2022v5.0"
"/Return/ReturnData/IRS990/PayrollTaxesGrp/ProgramServicesAmt",173054,173035,"2022v4.0, 2022v4.1, 2022v5.0"
"/Return/ReturnData/IRS990ScheduleA/GiftsGrantsContriRcvd170Grp/CurrentTaxYearAmt",173005,172983,"2022v4.0, 2022v4.1, 2022v5.0"
"/Return/ReturnData/IRS990/OtherRevenueMiscGrp/Desc",172920,117464,"2022v4.0, 2022v4.1, 2022v5.0"
"/Return/ReturnData/IRS990ScheduleA/TotalCalendarYear170Grp/CurrentTaxYearAmt",172831,172809,"2022v4.0, 2022v4.1, 2022v5.0"
"/Return/ReturnData/IRS990EZ/EngagedInExcessBenefitTransInd",172515,172491,"2022v4.0, 2022v4.1, 2022v5.0"
"/Return/ReturnData/IRS990ScheduleA/GiftsGrantsContrisRcvd509Grp/CurrentTaxYearAmt",171343,171323,"2022v4.0, 2022v4.1, 2022v5.0"
"/Return/ReturnData/IRS990ScheduleA/PublicOrganization170Ind",171062,171040,"2022v4.0, 2022v4.1, 2022v5.0"
"/Return/ReturnData/IRS990/InsuranceGrp/ProgramServicesAmt",171048,171034,"2022v4.0, 2022v4.1, 2022v5.0"
"/Return/ReturnData/IRS990EZ/BooksInCareOfDetail/PersonNm",170739,170715,"2022v4.0, 2022v4.1, 2022v5.0"
"/Return/ReturnData/IRS990/OtherAssetsTotalGrp/EOYAmt",170616,170597,"2022v4.0, 2022v4.1, 2022v5.0"
"/Return/ReturnData/IRS990/OccupancyGrp/ProgramServicesAmt",170571,170556,"2022v4.0, 2022v4.1, 2022v5.0"
"/Return/ReturnData/IRS990EZ/PartVIOfCompOfHghstPdEmplTxt",170148,170125,"2022v4.0, 2022v4.1, 2022v5.0"
"/Return/ReturnData/IRS990ScheduleA/TotalSupportCalendarYearGrp/CurrentTaxYearAmt",169871,169851,"2022v4.0, 2022v4.1, 2022v5.0"
"/Return/ReturnData/IRS990EZ/PartVIHghstPdCntrctProfSrvcTxt",169323,169300,"2022v4.0, 2022v4.1, 2022v5.0"
"/Return/ReturnData/IRS990/InsuranceGrp/ManagementAndGeneralAmt",168712,168697,"2022v4.0, 2022v4.1, 2022v5.0"
"/Return/ReturnData/IRS990/InformationTechnologyGrp",168340,168321,"2022v4.0, 2022v4.1, 2022v5.0"
"/Return/ReturnData/IRS990/InformationTechnologyGrp/TotalAmt",168335,168316,"2022v4.0, 2022v4.1, 2022v5.0"
"/Return/ReturnData/IRS990ScheduleA/Total509Grp/CurrentTaxYearMinus2YearsAmt",168325,168305,"2022v4.0, 2022v4.1, 2022v5.0"
"/Return/ReturnData/IRS990EZ/TotalProgramServiceExpensesAmt",167535,167514,"2022v4.0, 2022v4.1, 2022v5.0"
"/Return/ReturnData/IRS990EZ/ContributionsGiftsGrantsEtcAmt",167058,167039,"2022v4.0, 2022v4.1, 2022v5.0"
"/Return/ReturnData/IRS990EZ/TypeOfOrganizationCorpInd",166945,166920,"2022v4.0, 2022v4.1, 2022v5.0"
"/Return/ReturnData/IRS990ScheduleD/EquipmentGrp/DepreciationAmt",166817,166795,"2022v4.0, 2022v4.1, 2022v5.0"
"/Return/ReturnData/IRS990ScheduleA/TotalCalendarYear170Grp/CurrentTaxYearMinus1YearAmt",166627,166605,"2022v4.0, 2022v4.1, 2022v5.0"
"/Return/ReturnData/IRS990ScheduleR/IdRelatedOrgTxblCorpTrGrp/LegalDomicileStateCd",166393,19323,"2022v4.0, 2022v4.1, 2022v5.0"
"/Return/ReturnData/IRS990ScheduleA/GiftsGrantsContriRcvd170Grp/CurrentTaxYearMinus1YearAmt",165786,165764,"2022v4.0, 2022v4.1, 2022v5.0"
"/Return/ReturnData/IRS990EZ/Form1120PolFiledInd",164230,164206,"2022v4.0, 2022v4.1, 2022v5.0"
"/Return/ReturnData/IRS990EZ/MethodOfAccountingCashInd",164136,164119,"2022v4.0, 2022v4.1, 2022v5.0"
"/Return/ReturnData/IRS990EZ/FiledScheduleAInd",164119,164094,"2022v4.0, 2022v4.1, 2022v5.0"
"/Return/ReturnData/IRS990EZ/WebsiteAddressTxt",163706,163688,"2022v4.0, 2022v4.1, 2022v5.0"
"/Return/ReturnData/IRS990ScheduleA/Total509Grp/CurrentTaxYearMinus3YearsAmt",163566,163546,"2022v4.0, 2022v4.1, 2022v5.0"
"/Return/ReturnData/IRS990ScheduleR/IdRelatedOrgTxblCorpTrGrp/EntityTypeTxt",162672,18632,"2022v4.0, 2022v4.1, 2022v5.0"
"/Return/ReturnData/IRS990ScheduleA/TotalSupportCalendarYearGrp/CurrentTaxYearMinus1YearAmt",162552,162534,"2022v4.0, 2022v4.1, 2022v5.0"
"/Return/ReturnData/IRS990ScheduleD/EquipmentGrp/BookValueAmt",162448,162425,"2022v4.0, 2022v4.1, 2022v5.0"
"/Return/ReturnData/IRS990/FeesForServicesLegalGrp",161790,161778,"2022v4.0, 2022v4.1, 2022v5.0"
"/Return/ReturnData/IRS990/FeesForServicesLegalGrp/TotalAmt",161781,161769,"2022v4.0, 2022v4.1, 2022v5.0"
"/Return/ReturnData/IRS990ScheduleA/GiftsGrantsContrisRcvd509Grp/CurrentTaxYearMinus1YearAmt",161388,161369,"2022v4.0, 2022v4.1, 2022v5.0"
"/Return/ReturnData/IRS990EZ/ProgramSrvcAccomplishmentGrp/GrantsAndAllocationsAmt",161377,100398,"2022v4.0, 2022v4.1, 2022v5.0"
"/Return/ReturnData/IRS990/AllOtherExpensesGrp/ProgramServicesAmt",161300,161282,"2022v4.0, 2022v4.1, 2022v5.0"
"/Return/ReturnData/IRS990ScheduleA/TotalCalendarYear170Grp/CurrentTaxYearMinus2YearsAmt",160907,160885,"2022v4.0, 2022v4.1, 2022v5.0"
"/Return/ReturnData/IRS990ScheduleA/TotalSupportCalendarYearGrp/CurrentTaxYearMinus2YearsAmt",160510,160493,"2022v4.0, 2022v4.1, 2022v5.0"
"/Return/ReturnData/IRS990/AuditCommitteeInd",160367,160355,"2022v4.0, 2022v4.1, 2022v5.0"
"/Return/ReturnData/IRS990EZ/Organization501c3Ind",160069,160046,"2022v4.0, 2022v4.1, 2022v5.0"
"/Return/ReturnData/IRS990/NoListedPersonsCompensatedInd",159719,159708,"2022v4.0, 2022v4.1, 2022v5.0"
"/Return/ReturnData/IRS990ScheduleA/PublicSupportPY509Pct",159635,159614,"2022v4.0, 2022v4.1, 2022v5.0"
"/Return/ReturnData/IRS990EZ/LobbyingActivitiesInd",159481,159458,"2022v4.0, 2022v4.1, 2022v5.0"
"/Return/ReturnData/IRS990ScheduleA/ThirtyThrPctSuprtTestsCY509Ind",159299,159279,"2022v4.0, 2022v4.1, 2022v5.0"
"/Return/ReturnData/IRS990ScheduleA/GiftsGrantsContriRcvd170Grp/CurrentTaxYearMinus2YearsAmt",159291,159269,"2022v4.0, 2022v4.1, 2022v5.0"
"/Return/ReturnData/IRS990EZ/SchoolOperatingInd",159255,159232,"2022v4.0, 2022v4.1, 2022v5.0"
"/Return/ReturnData/IRS990/OtherLiabilitiesGrp",159156,159146,"2022v4.0, 2022v4.1, 2022v5.0"
"/Return/ReturnData/IRS990ScheduleR/IdRelatedOrgTxblCorpTrGrp/USAddress",158539,18640,"2022v4.0, 2022v4.1, 2022v5.0"
"/Return/ReturnData/IRS990ScheduleR/IdRelatedOrgTxblCorpTrGrp/USAddress/AddressLine1Txt",158539,18640,"2022v4.0, 2022v4.1, 2022v5.0"
"/Return/ReturnData/IRS990ScheduleR/IdRelatedOrgTxblCorpTrGrp/USAddress/CityNm",158539,18640,"2022v4.0, 2022v4.1, 2022v5.0"
"/Return/ReturnData/IRS990ScheduleR/IdRelatedOrgTxblCorpTrGrp/USAddress/StateAbbreviationCd",158539,18640,"2022v4.0, 2022v4.1, 2022v5.0"
"/Return/ReturnData/IRS990ScheduleR/IdRelatedOrgTxblCorpTrGrp/USAddress/ZIPCd",158539,18640,"2022v4.0, 2022v4.1, 2022v5.0"
"/Return/ReturnData/IRS990ScheduleD/EquipmentGrp/OtherCostOrOtherBasisAmt",158379,158358,"2022v4.0, 2022v4.1, 2022v5.0"
"/Return/ReturnData/IRS990ScheduleA/Total509Grp/CurrentTaxYearMinus4YearsAmt",158018,158000,"2022v4.0, 2022v4.1, 2022v5.0"
"/Return/ReturnData/IRS990EZ/TrnsfrExmptNonChrtblRltdOrgInd",157296,157274,"2022v4.0, 2022v4.1, 2022v5.0"
"/Return/ReturnData/IRS990/DepreciationDepletionGrp/ProgramServicesAmt",156547,156529,"2022v4.0, 2022v4.1, 2022v5.0"
"/Return/ReturnData/IRS990ScheduleA/TotalCalendarYear170Grp/CurrentTaxYearMinus3YearsAmt",156239,156218,"2022v4.0, 2022v4.1, 2022v5.0"
"/Return/ReturnData/IRS990/PYBenefitsPaidToMembersAmt",155938,155927,"2022v4.0, 2022v4.1, 2022v5.0"
"/Return/ReturnData/IRS990ScheduleR/IdRelatedOrgTxblCorpTrGrp/EIN",155219,18098,"2022v4.0, 2022v4.1, 2022v5.0"
"/Return/ReturnData/IRS990ScheduleA/GiftsGrantsContriRcvd170Grp/CurrentTaxYearMinus3YearsAmt",153978,153957,"2022v4.0, 2022v4.1, 2022v5.0"
"/Return/ReturnData/IRS990/PYTotalProfFndrsngExpnsAmt",153859,153847,"2022v4.0, 2022v4.1, 2022v5.0"
"/Return/ReturnData/IRS990ScheduleA/TotalSupportCalendarYearGrp/CurrentTaxYearMinus4YearsAmt",153234,153218,"2022v4.0, 2022v4.1, 2022v5.0"
"/Return/ReturnData/IRS990ScheduleA/GiftsGrantsContrisRcvd509Grp/CurrentTaxYearMinus2YearsAmt",152937,152918,"2022v4.0, 2022v4.1, 2022v5.0"
"/Return/ReturnData/IRS990ScheduleA/TotalSupportCalendarYearGrp/CurrentTaxYearMinus3YearsAmt",151939,151922,"2022v4.0, 2022v4.1, 2022v5.0"
"/Return/ReturnData/IRS990ScheduleA/TotalCalendarYear170Grp/CurrentTaxYearMinus4YearsAmt",151625,151604,"2022v4.0, 2022v4.1, 2022v5.0"
"/Return/ReturnData/IRS990ScheduleA/GrossReceiptsAdmissionsGrp",150302,150283,"2022v4.0, 2022v4.1, 2022v5.0"
"/Return/ReturnData/IRS990/OtherLiabilitiesGrp/EOYAmt",149531,149522,"2022v4.0, 2022v4.1, 2022v5.0"
"/Return/ReturnData/IRS990ScheduleA/GiftsGrantsContriRcvd170Grp/CurrentTaxYearMinus4YearsAmt",148878,148857,"2022v4.0, 2022v4.1, 2022v5.0"
"/Return/ReturnData/IRS990ScheduleA/ThirtyThrPctSuprtTestsCY170Ind",148275,148255,"2022v4.0, 2022v4.1, 2022v5.0"
"/Return/ReturnData/IRS990ScheduleA/GrossReceiptsAdmissionsGrp/TotalAmt",148205,148186,"2022v4.0, 2022v4.1, 2022v5.0"
"/Return/ReturnData/IRS990ScheduleA/PublicSupportPY170Pct",148069,148050,"2022v4.0, 2022v4.1, 2022v5.0"
"/Return/ReturnData/IRS990/PayrollTaxesGrp/ManagementAndGeneralAmt",148018,148001,"2022v4.0, 2022v4.1, 2022v5.0"
"/Return/ReturnData/IRS990/AccountsReceivableGrp/BOYAmt",146261,146249,"2022v4.0, 2022v4.1, 2022v5.0"
"/Return/ReturnData/IRS990ScheduleA/GiftsGrantsContrisRcvd509Grp/CurrentTaxYearMinus3YearsAmt",146251,146232,"2022v4.0, 2022v4.1, 2022v5.0"
"/Return/ReturnData/IRS990/OtherLiabilitiesGrp/BOYAmt",146136,146126,"2022v4.0, 2022v4.1, 2022v5.0"
"/Return/ReturnData/IRS990/InterestGrp",145426,145417,"2022v4.0, 2022v4.1, 2022v5.0"
"/Return/ReturnData/IRS990/InterestGrp/TotalAmt",145414,145405,"2022v4.0, 2022v4.1, 2022v5.0"
"/Return/ReturnData/IRS990EZ/FeesAndOtherPymtToIndCntrctAmt",143963,143952,"2022v4.0, 2022v4.1, 2022v5.0"
"/Return/ReturnData/IRS990/PrepaidExpensesDefrdChargesGrp/BOYAmt",142831,142821,"2022v4.0, 2022v4.1, 2022v5.0"
"/Return/ReturnData/IRS990/OtherSalariesAndWagesGrp/ManagementAndGeneralAmt",142652,142635,"2022v4.0, 2022v4.1, 2022v5.0"
"/Return/ReturnData/IRS990EZ/ScheduleBNotRequiredInd",141255,141241,"2022v4.0, 2022v4.1, 2022v5.0"
"/Return/ReturnData/IRS990ScheduleA/GiftsGrantsContrisRcvd509Grp/CurrentTaxYearMinus4YearsAmt",140174,140159,"2022v4.0, 2022v4.1, 2022v5.0"
"/Return/ReturnData/IRS990/InvestmentsPubTradedSecGrp",139151,139140,"2022v4.0, 2022v4.1, 2022v5.0"
"/Return/ReturnData/IRS990/OtherAssetsTotalGrp/BOYAmt",138599,138582,"2022v4.0, 2022v4.1, 2022v5.0"
"/Return/ReturnData/IRS990ScheduleD/TotalLiabilityAmt",137729,137721,"2022v4.0, 2022v4.1, 2022v5.0"
"/Return/ReturnData/IRS990ScheduleA/InvestmentIncomePYPct",137170,137150,"2022v4.0, 2022v4.1, 2022v5.0"
"/Return/ReturnData/IRS990/PensionPlanContributionsGrp",137063,137054,"2022v4.0, 2022v4.1, 2022v5.0"
"/Return/ReturnData/IRS990/PensionPlanContributionsGrp/TotalAmt",137058,137049,"2022v4.0, 2022v4.1, 2022v5.0"
"/Return/ReturnData/IRS990/InvestmentsPubTradedSecGrp/EOYAmt",136762,136751,"2022v4.0, 2022v4.1, 2022v5.0"
"/Return/ReturnData/IRS990/TravelGrp/ProgramServicesAmt",136525,136509,"2022v4.0, 2022v4.1, 2022v5.0"
"/Return/ReturnData/IRS990/AllOtherExpensesGrp/ManagementAndGeneralAmt",135951,135933,"2022v4.0, 2022v4.1, 2022v5.0"
"/Return/ReturnData/IRS990/OccupancyGrp/ManagementAndGeneralAmt",134732,134718,"2022v4.0, 2022v4.1, 2022v5.0"
"/Return/ReturnData/IRS990/Form990PartVIISectionAGrp/HighestCompensatedEmployeeInd",134039,44878,"2022v4.0, 2022v4.1, 2022v5.0"
"/Return/ReturnData/IRS990/GrantsToDomesticOrgsGrp",133840,133831,"2022v4.0, 2022v4.1, 2022v5.0"
"/Return/ReturnData/IRS990/GrantsToDomesticOrgsGrp/TotalAmt",133826,133817,"2022v4.0, 2022v4.1, 2022v5.0"
"/Return/ReturnData/IRS990ScheduleA/GrossInvestmentIncome170Grp",133117,133099,"2022v4.0, 2022v4.1, 2022v5.0"
"/Return/ReturnData/IRS990/MethodOfAccountingCashInd",131985,131974,"2022v4.0, 2022v4.1, 2022v5.0"
"/Return/ReturnData/IRS990/NetGainOrLossInvestmentsGrp",131870,131857,"2022v4.0, 2022v4.1, 2022v5.0"
"/Return/ReturnData/IRS990/NetIncmFromFundraisingEvtGrp",131748,131739,"2022v4.0, 2022v4.1, 2022v5.0"
"/Return/ReturnData/IRS990/NetIncmFromFundraisingEvtGrp/TotalRevenueColumnAmt",131748,131739,"2022v4.0, 2022v4.1, 2022v5.0"
"/Return/ReturnData/IRS990/NetGainOrLossInvestmentsGrp/TotalRevenueColumnAmt",131282,131269,"2022v4.0, 2022v4.1, 2022v5.0"
"/Return/ReturnData/IRS990/OtherRevenueMiscGrp/RelatedOrExemptFuncIncomeAmt",130909,86871,"2022v4.0, 2022v4.1, 2022v5.0"
"/Return/ReturnData/IRS990ScheduleD/OtherAssetsOrgGrp",130864,59428,"2022v4.0, 2022v4.1, 2022v5.0"
"/Return/ReturnData/IRS990ScheduleD/OtherAssetsOrgGrp/Desc",130616,59256,"2022v4.0, 2022v4.1, 2022v5.0"
"/Return/ReturnData/IRS990/BooksInCareOfDetail/BusinessName",130531,130520,"2022v4.0, 2022v4.1, 2022v5.0"
"/Return/ReturnData/IRS990/BooksInCareOfDetail/BusinessName/BusinessNameLine1Txt",130531,130520,"2022v4.0, 2022v4.1, 2022v5.0"
"/Return/ReturnData/IRS990ScheduleA/GrossInvestmentIncome170Grp/TotalAmt",130156,130138,"2022v4.0, 2022v4.1, 2022v5.0"
"/Return/ReturnData/IRS990/FeesForServicesOtherGrp/ProgramServicesAmt",129508,129493,"2022v4.0, 2022v4.1, 2022v5.0"
"/Return/ReturnData/IRS990ScheduleA/GrossInvestmentIncome509Grp",129370,129355,"2022v4.0, 2022v4.1, 2022v5.0"
"/Return/ReturnData/IRS990ScheduleD/OtherAssetsOrgGrp/BookValueAmt",129010,59147,"2022v4.0, 2022v4.1, 2022v5.0"
"/Return/ReturnData/IRS990ScheduleD/BuildingsGrp",128849,128836,"2022v4.0, 2022v4.1, 2022v5.0"
"/Return/ReturnData/IRS990/AdvertisingGrp/ProgramServicesAmt",127453,127432,"2022v4.0, 2022v4.1, 2022v5.0"
"/Return/ReturnData/IRS990/FSAuditedBasisGrp",127156,127145,"2022v4.0, 2022v4.1, 2022v5.0"
"/Return/ReturnData/IRS990/OtherRevenueMiscGrp/BusinessCd",126579,87507,"2022v4.0, 2022v4.1, 2022v5.0"
"/Return/ReturnData/IRS990ScheduleA/GrossInvestmentIncome509Grp/TotalAmt",126566,126551,"2022v4.0, 2022v4.1, 2022v5.0"
"/Return/ReturnData/IRS990EZ/SumOfTotalLiabilitiesGrp",126464,126452,"2022v4.0, 2022v4.1, 2022v5.0"
"/Return/ReturnData/IRS990ScheduleD/OtherLandBuildingsGrp",123425,123413,"2022v4.0, 2022v4.1, 2022v5.0"
"/Return/ReturnData/IRS990/CompCurrentOfcrDirectorsGrp/ManagementAndGeneralAmt",122797,122785,"2022v4.0, 2022v4.1, 2022v5.0"
"/Return/ReturnData/IRS990/ContractorCompensationGrp",122544,42984,"2022v4.0, 2022v4.1, 2022v5.0"
"/Return/ReturnData/IRS990/ContractorCompensationGrp/ContractorName",122508,42967,"2022v4.0, 2022v4.1, 2022v5.0"
"/Return/ReturnData/IRS990EZ/SumOfTotalLiabilitiesGrp/EOYAmt",122457,122446,"2022v4.0, 2022v4.1, 2022v5.0"
"/Return/ReturnData/IRS990ScheduleD/BuildingsGrp/BookValueAmt",121838,121825,"2022v4.0, 2022v4.1, 2022v5.0"
"/Return/ReturnData/IRS990/CompCurrentOfcrDirectorsGrp/ProgramServicesAmt",121758,121744,"2022v4.0, 2022v4.1, 2022v5.0"
"/Return/ReturnData/IRS990EZ/SumOfTotalLiabilitiesGrp/BOYAmt",121651,121640,"2022v4.0, 2022v4.1, 2022v5.0"
"/Return/ReturnData/IRS990/ContractorCompensationGrp/ContractorAddress",121647,42370,"2022v4.0, 2022v4.1, 2022v5.0"
"/Return/ReturnData/IRS990/ContractorCompensationGrp/CompensationAmt",121354,42035,"2022v4.0, 2022v4.1, 2022v5.0"
"/Return/ReturnData/IRS990/ContractorCompensationGrp/ServicesDesc",120855,41944,"2022v4.0, 2022v4.1, 2022v5.0"
"/Return/ReturnData/IRS990/OtherEmployeeBenefitsGrp/ProgramServicesAmt",120444,120432,"2022v4.0, 2022v4.1, 2022v5.0"
"/Return/ReturnData/IRS990ScheduleD/LandGrp",120436,120421,"2022v4.0, 2022v4.1, 2022v5.0"
"/Return/ReturnData/IRS990/PledgesAndGrantsReceivableGrp",119338,119327,"2022v4.0, 2022v4.1, 2022v5.0"
"/Return/ReturnData/IRS990/ContractorCompensationGrp/ContractorAddress/USAddress",118713,41581,"2022v4.0, 2022v4.1, 2022v5.0"
"/Return/ReturnData/IRS990/ContractorCompensationGrp/ContractorAddress/USAddress/AddressLine1Txt",118713,41581,"2022v4.0, 2022v4.1, 2022v5.0"
"/Return/ReturnData/IRS990/ContractorCompensationGrp/ContractorAddress/USAddress/CityNm",118713,41581,"2022v4.0, 2022v4.1, 2022v5.0"
"/Return/ReturnData/IRS990/ContractorCompensationGrp/ContractorAddress/USAddress/StateAbbreviationCd",118713,41581,"2022v4.0, 2022v4.1, 2022v5.0"
"/Return/ReturnData/IRS990/ContractorCompensationGrp/ContractorAddress/USAddress/ZIPCd",118713,41581,"2022v4.0, 2022v4.1, 2022v5.0"
"/Return/ReturnData/IRS990ScheduleG",118648,118635,"2022v4.0, 2022v4.1, 2022v5.0"
"/Return/ReturnData/IRS990/GovernmentGrantsAmt",118259,118248,"2022v4.0, 2022v4.1, 2022v5.0"
"/Return/ReturnData/IRS990ScheduleR/TransactionsRelatedOrgGrp",117918,36807,"2022v4.0, 2022v4.1, 2022v5.0"
"/Return/ReturnData/IRS990ScheduleR/TransactionsRelatedOrgGrp/OtherOrganizationName",117617,36764,"2022v4.0, 2022v4.1, 2022v5.0"
"/Return/ReturnData/IRS990ScheduleR/TransactionsRelatedOrgGrp/OtherOrganizationName/BusinessNameLine1Txt",117617,36764,"2022v4.0, 2022v4.1, 2022v5.0"
"/Return/ReturnData/IRS990ScheduleR/TransactionsRelatedOrgGrp/TransactionTypeTxt",117296,36543,"2022v4.0, 2022v4.1, 2022v5.0"
"/Return/ReturnData/IRS990/FeesForSrvcInvstMgmntFeesGrp",117083,117074,"2022v4.0, 2022v4.1, 2022v5.0"
"/Return/ReturnData/IRS990/FeesForSrvcInvstMgmntFeesGrp/TotalAmt",117081,117072,"2022v4.0, 2022v4.1, 2022v5.0"
"/Return/ReturnData/IRS990/DonorRestrictionNetAssetsGrp",116990,116978,"2022v4.0, 2022v4.1, 2022v5.0"
"/Return/ReturnData/IRS990/FeesForServicesManagementGrp",116512,116504,"2022v4.0, 2022v4.1, 2022v5.0"
"/Return/ReturnData/IRS990/FeesForServicesManagementGrp/TotalAmt",116504,116496,"2022v4.0, 2022v4.1, 2022v5.0"
"/Return/ReturnData/IRS990/GrantsToDomesticIndividualsGrp",116272,116267,"2022v4.0, 2022v4.1, 2022v5.0"
"/Return/ReturnData/IRS990/GrantsToDomesticIndividualsGrp/TotalAmt",116263,116258,"2022v4.0, 2022v4.1, 2022v5.0"
"/Return/ReturnData/IRS990EZ/FundraisingGrossIncomeAmt",115682,115671,"2022v4.0, 2022v4.1, 2022v5.0"
"/Return/ReturnData/IRS990/FeesForServicesOtherGrp/ManagementAndGeneralAmt",115516,115500,"2022v4.0, 2022v4.1, 2022v5.0"
"/Return/ReturnData/IRS990ScheduleA/AmountsRcvdDsqlfyPersonGrp",115442,115428,"2022v4.0, 2022v4.1, 2022v5.0"
"/Return/ReturnData/IRS990ScheduleA/GrossReceiptsAdmissionsGrp/CurrentTaxYearAmt",115340,115328,"2022v4.0, 2022v4.1, 2022v5.0"
"/Return/ReturnHeader/AdditionalFilerInformation/TrustedCustomerGrp/FederatedAssuranceLevelCd",115248,115235,"2022v4.1, 2022v5.0"
"/Return/ReturnData/IRS990/PledgesAndGrantsReceivableGrp/EOYAmt",115211,115200,"2022v4.0, 2022v4.1, 2022v5.0"
"/Return/ReturnData/IRS990ScheduleD/LandGrp/BookValueAmt",114988,114973,"2022v4.0, 2022v4.1, 2022v5.0"
"/Return/ReturnData/IRS990EZ/OtherAssetsTotalDetail",114686,114674,"2022v4.0, 2022v4.1, 2022v5.0"
"/Return/ReturnData/IRS990ScheduleD/BuildingsGrp/DepreciationAmt",114494,114482,"2022v4.0, 2022v4.1, 2022v5.0"
"/Return/ReturnData/IRS990/DonorRestrictionNetAssetsGrp/EOYAmt",113416,113404,"2022v4.0, 2022v4.1, 2022v5.0"
"/Return/ReturnData/IRS990ScheduleA/SubstantialContributorsAmtGrp",112920,112907,"2022v4.0, 2022v4.1, 2022v5.0"
"/Return/ReturnData/IRS990ScheduleA/AmountsRcvdDsqlfyPersonGrp/TotalAmt",112420,112406,"2022v4.0, 2022v4.1, 2022v5.0"
"/Return/ReturnData/IRS990/DepreciationDepletionGrp/ManagementAndGeneralAmt",111690,111674,"2022v4.0, 2022v4.1, 2022v5.0"
"/Return/ReturnData/IRS990ScheduleA/GrossReceiptsAdmissionsGrp/CurrentTaxYearMinus1YearAmt",111468,111456,"2022v4.0, 2022v4.1, 2022v5.0"
"/Return/ReturnData/IRS990ScheduleR/TransactionsRelatedOrgGrp/InvolvedAmt",111461,34506,"2022v4.0, 2022v4.1, 2022v5.0"
"/Return/ReturnData/IRS990/GrantAmt",111442,111432,"2022v4.0, 2022v4.1, 2022v5.0"
"/Return/ReturnData/IRS990EZ/SpecialEventsDirectExpensesAmt",111244,111233,"2022v4.0, 2022v4.1, 2022v5.0"
"/Return/ReturnData/IRS990/DonorRestrictionNetAssetsGrp/BOYAmt",111057,111046,"2022v4.0, 2022v4.1, 2022v5.0"
"/Return/ReturnData/IRS990ScheduleA/InvestmentIncomeAndUBTIGrp",111017,111006,"2022v4.0, 2022v4.1, 2022v5.0"
"/Return/ReturnData/IRS990EZ/OtherAssetsTotalDetail/EOYAmt",110849,110837,"2022v4.0, 2022v4.1, 2022v5.0"
"/Return/ReturnData/IRS990EZ/InvestmentIncomeAmt",110769,110762,"2022v4.0, 2022v4.1, 2022v5.0"
"/Return/ReturnData/IRS990ScheduleD/BuildingsGrp/OtherCostOrOtherBasisAmt",110302,110291,"2022v4.0, 2022v4.1, 2022v5.0"
"/Return/ReturnData/IRS990EZ/OtherAssetsTotalDetail/BOYAmt",110139,110128,"2022v4.0, 2022v4.1, 2022v5.0"
"/Return/ReturnData/IRS990ScheduleA/SubstantialContributorsAmtGrp/TotalAmt",109864,109851,"2022v4.0, 2022v4.1, 2022v5.0"
"/Return/ReturnData/IRS990ScheduleD/OtherLandBuildingsGrp/OtherCostOrOtherBasisAmt",109082,109071,"2022v4.0, 2022v4.1, 2022v5.0"
"/Return/ReturnData/IRS990ScheduleR/TransactionsRelatedOrgGrp/MethodOfAmountDeterminationTxt",108843,33543,"2022v4.0, 2022v4.1, 2022v5.0"
"/Return/ReturnData/IRS990/InfoInScheduleOPartIIIInd",108038,108028,"2022v4.0, 2022v4.1, 2022v5.0"
"/Return/ReturnData/IRS990ScheduleD/OtherLandBuildingsGrp/BookValueAmt",107875,107863,"2022v4.0, 2022v4.1, 2022v5.0"
"/Return/ReturnData/IRS990ScheduleA/InvestmentIncomeAndUBTIGrp/TotalAmt",107743,107734,"2022v4.0, 2022v4.1, 2022v5.0"
"/Return/ReturnData/IRS990ScheduleA/GrossReceiptsAdmissionsGrp/CurrentTaxYearMinus3YearsAmt",107741,107729,"2022v4.0, 2022v4.1, 2022v5.0"
"/Return/ReturnData/IRS990/InventoriesForSaleOrUseGrp",107627,107620,"2022v4.0, 2022v4.1, 2022v5.0"
"/Return/ReturnData/IRS990ScheduleA/GrossReceiptsAdmissionsGrp/CurrentTaxYearMinus2YearsAmt",106675,106663,"2022v4.0, 2022v4.1, 2022v5.0"
"/Return/ReturnData/IRS990ScheduleD/TotalRevenuePerForm990Amt",106317,106307,"2022v4.0, 2022v4.1, 2022v5.0"
"/Return/ReturnData/IRS990ScheduleD/RevenueSubtotalAmt",106312,106302,"2022v4.0, 2022v4.1, 2022v5.0"
"/Return/ReturnData/IRS990ScheduleD/TotalExpensesPerForm990Amt",106283,106273,"2022v4.0, 2022v4.1, 2022v5.0"
"/Return/ReturnData/IRS990ScheduleD/ExpensesSubtotalAmt",106243,106233,"2022v4.0, 2022v4.1, 2022v5.0"
"/Return/ReturnData/IRS990/OtherEmployeeBenefitsGrp/ManagementAndGeneralAmt",106185,106175,"2022v4.0, 2022v4.1, 2022v5.0"
"/Return/ReturnData/IRS990/NetUnrlzdGainsLossesInvstAmt",105971,105958,"2022v4.0, 2022v4.1, 2022v5.0"
"/Return/ReturnData/IRS990ScheduleD/TotalRevEtcAuditedFinclStmtAmt",105952,105942,"2022v4.0, 2022v4.1, 2022v5.0"
"/Return/ReturnData/IRS990ScheduleD/TotExpnsEtcAuditedFinclStmtAmt",105896,105886,"2022v4.0, 2022v4.1, 2022v5.0"
"/Return/ReturnData/IRS990ScheduleA/GrossReceiptsAdmissionsGrp/CurrentTaxYearMinus4YearsAmt",105566,105553,"2022v4.0, 2022v4.1, 2022v5.0"
"/Return/ReturnData/IRS990/InventoriesForSaleOrUseGrp/EOYAmt",105444,105437,"2022v4.0, 2022v4.1, 2022v5.0"
"/Return/ReturnData/IRS990/ProgSrvcAccomActy2Grp",105292,105280,"2022v4.0, 2022v4.1, 2022v5.0"
"/Return/ReturnData/IRS990EZ/ProgramServiceRevenueAmt",103811,103802,"2022v4.0, 2022v4.1, 2022v5.0"
"/Return/ReturnData/IRS990ScheduleD/OtherLandBuildingsGrp/DepreciationAmt",103750,103740,"2022v4.0, 2022v4.1, 2022v5.0"
"/Return/ReturnData/IRS990/ContractorCompensationGrp/ContractorName/BusinessName",103355,36199,"2022v4.0, 2022v4.1, 2022v5.0"
"/Return/ReturnData/IRS990/ContractorCompensationGrp/ContractorName/BusinessName/BusinessNameLine1Txt",103355,36199,"2022v4.0, 2022v4.1, 2022v5.0"
"/Return/ReturnData/IRS990/GainOrLossGrp",103164,103152,"2022v4.0, 2022v4.1, 2022v5.0"
"/Return/ReturnData/IRS990/ProgSrvcAccomActy2Grp/Desc",101874,101862,"2022v4.0, 2022v4.1, 2022v5.0"
"/Return/ReturnData/IRS990/TravelGrp/ManagementAndGeneralAmt",101544,101532,"2022v4.0, 2022v4.1, 2022v5.0"
"/Return/ReturnData/IRS990ScheduleA/GrossInvestmentIncome170Grp/CurrentTaxYearAmt",100585,100572,"2022v4.0, 2022v4.1, 2022v5.0"
"/Return/ReturnData/IRS990/DeferredRevenueGrp",100423,100413,"2022v4.0, 2022v4.1, 2022v5.0"
"/Return/ReturnData/IRS990EZ/PrintingPublicationsPostageAmt",100407,100398,"2022v4.0, 2022v4.1, 2022v5.0"
"/Return/ReturnData/IRS990ScheduleG/FundraisingEventInformationGrp",99800,99791,"2022v4.0, 2022v4.1, 2022v5.0"
"/Return/ReturnData/IRS990/InvestmentsPubTradedSecGrp/BOYAmt",99331,99323,"2022v4.0, 2022v4.1, 2022v5.0"
"/Return/ReturnData/IRS990ScheduleA/GrossInvestmentIncome170Grp/CurrentTaxYearMinus1YearAmt",99206,99194,"2022v4.0, 2022v4.1, 2022v5.0"
"/Return/ReturnData/IRS990ScheduleR/IdRelatedOrgTxblCorpTrGrp/DirectControllingNACd",99005,8824,"2022v4.0, 2022v4.1, 2022v5.0"
"/Return/ReturnData/IRS990EZ/OccupancyRentUtltsAndMaintAmt",98528,98520,"2022v4.0, 2022v4.1, 2022v5.0"
"/Return/ReturnData/IRS990ScheduleD/LandGrp/OtherCostOrOtherBasisAmt",98409,98399,"2022v4.0, 2022v4.1, 2022v5.0"
"/Return/ReturnData/IRS990ScheduleG/FundraisingEventInformationGrp/Event1Nm",98326,98317,"2022v4.0, 2022v4.1, 2022v5.0"
"/Return/ReturnHeader/Filer/BusinessName/BusinessNameLine2Txt",98263,98255,"2022v4.0, 2022v4.1, 2022v5.0"
"/Return/ReturnData/IRS990/NetRentalIncomeOrLossGrp",98175,98166,"2022v4.0, 2022v4.1, 2022v5.0"
"/Return/ReturnData/IRS990EZ/CostOfGoodsSoldAmt",97938,97929,"2022v4.0, 2022v4.1, 2022v5.0"
"/Return/ReturnData/IRS990ScheduleA/GrossInvestmentIncome170Grp/CurrentTaxYearMinus2YearsAmt",97675,97662,"2022v4.0, 2022v4.1, 2022v5.0"
"/Return/ReturnData/IRS990/NetRentalIncomeOrLossGrp/TotalRevenueColumnAmt",97610,97601,"2022v4.0, 2022v4.1, 2022v5.0"
"/Return/ReturnData/IRS990ScheduleG/FundraisingEventInformationGrp/GrossReceiptsTotalAmt",96855,96847,"2022v4.0, 2022v4.1, 2022v5.0"
"/Return/ReturnData/IRS990ScheduleG/FundraisingEventInformationGrp/GrossReceiptsEvent1Amt",96534,96526,"2022v4.0, 2022v4.1, 2022v5.0"
"/Return/ReturnData/IRS990ScheduleA/GrossInvestmentIncome170Grp/CurrentTaxYearMinus3YearsAmt",96077,96065,"2022v4.0, 2022v4.1, 2022v5.0"
"/Return/ReturnData/IRS990ScheduleA/InvestmentIncomeAndUBTIGrp/CurrentTaxYearAmt",95785,95774,"2022v4.0, 2022v4.1, 2022v5.0"
"/Return/ReturnData/IRS990/InvestmentsOtherSecuritiesGrp",95211,95202,"2022v4.0, 2022v4.1, 2022v5.0"
"/Return/ReturnData/IRS990/NetIncomeOrLossGrp",94921,94915,"2022v4.0, 2022v4.1, 2022v5.0"
"/Return/ReturnData/IRS990/NetIncomeOrLossGrp/TotalRevenueColumnAmt",94908,94902,"2022v4.0, 2022v4.1, 2022v5.0"
"/Return/ReturnData/IRS990EZ/SpecialEventsNetIncomeLossAmt",94890,94880,"2022v4.0, 2022v4.1, 2022v5.0"
"/Return/ReturnData/IRS990ScheduleA/InvestmentIncomeAndUBTIGrp/CurrentTaxYearMinus1YearAmt",94760,94749,"2022v4.0, 2022v4.1, 2022v5.0"
"/Return/ReturnData/IRS990ScheduleA/SubstantialContributorsTotAmt",94372,94359,"2022v4.0, 2022v4.1, 2022v5.0"
"/Return/ReturnData/IRS990ScheduleG/FundraisingEventInformationGrp/NetIncomeSummaryAmt",94118,94110,"2022v4.0, 2022v4.1, 2022v5.0"
"/Return/ReturnData/IRS990ScheduleA/OtherIncome170Grp",94006,93992,"2022v4.0, 2022v4.1, 2022v5.0"
"/Return/ReturnData/IRS990ScheduleA/GrossInvestmentIncome170Grp/CurrentTaxYearMinus4YearsAmt",93845,93833,"2022v4.0, 2022v4.1, 2022v5.0"
"/Return/ReturnData/IRS990ScheduleA/InvestmentIncomeAndUBTIGrp/CurrentTaxYearMinus2YearsAmt",93713,93703,"2022v4.0, 2022v4.1, 2022v5.0"
"/Return/ReturnData/IRS990/DeferredRevenueGrp/EOYAmt",93429,93419,"2022v4.0, 2022v4.1, 2022v5.0"
"/Return/ReturnData/IRS990/DeferredRevenueGrp/BOYAmt",93057,93047,"2022v4.0, 2022v4.1, 2022v5.0"
"/Return/ReturnData/IRS990ScheduleA/InvestmentIncomeAndUBTIGrp/CurrentTaxYearMinus3YearsAmt",92959,92948,"2022v4.0, 2022v4.1, 2022v5.0"
"/Return/ReturnData/IRS990/ConferencesMeetingsGrp/ProgramServicesAmt",92867,92856,"2022v4.0, 2022v4.1, 2022v5.0"
"/Return/ReturnData/IRS990ScheduleA/SubstAndDsqlfyPrsnsTotGrp",92733,92723,"2022v4.0, 2022v4.1, 2022v5.0"
"/Return/ReturnHeader/PreparerPersonGrp/SelfEmployedInd",92531,92520,"2022v4.0, 2022v4.1, 2022v5.0"
"/Return/ReturnData/IRS990/FundraisingGrossIncomeAmt",92068,92063,"2022v4.0, 2022v4.1, 2022v5.0"
"/Return/ReturnData/IRS990EZ/MembershipDuesAmt",91779,91776,"2022v4.0, 2022v4.1, 2022v5.0"
"/Return/ReturnData/IRS990ScheduleA/GrossInvestmentIncome509Grp/CurrentTaxYearAmt",91737,91728,"2022v4.0, 2022v4.1, 2022v5.0"
"/Return/ReturnData/IRS990/FeesForServicesAccountingGrp/ProgramServicesAmt",91630,91622,"2022v4.0, 2022v4.1, 2022v5.0"
"/Return/ReturnData/IRS990ScheduleA/InvestmentIncomeAndUBTIGrp/CurrentTaxYearMinus4YearsAmt",91523,91513,"2022v4.0, 2022v4.1, 2022v5.0"
"/Return/ReturnHeader/AdditionalFilerInformation/TrustedCustomerGrp/OOBSecurityVerificationCd",91455,91446,"2022v4.0, 2022v4.1, 2022v5.0"
"/Return/ReturnData/IRS990ScheduleG/FundraisingEventInformationGrp/GrossRevenueTotalEventsAmt",91083,91075,"2022v4.0, 2022v4.1, 2022v5.0"
"/Return/ReturnData/IRS990/InvestmentsOtherSecuritiesGrp/EOYAmt",91026,91018,"2022v4.0, 2022v4.1, 2022v5.0"
"/Return/ReturnData/IRS990ScheduleA/OtherIncome170Grp/TotalAmt",91010,90996,"2022v4.0, 2022v4.1, 2022v5.0"
"/Return/ReturnData/IRS990ScheduleA/GrossInvestmentIncome509Grp/CurrentTaxYearMinus1YearAmt",90544,90535,"2022v4.0, 2022v4.1, 2022v5.0"
"/Return/ReturnData/IRS990/AdvertisingGrp/ManagementAndGeneralAmt",90188,90177,"2022v4.0, 2022v4.1, 2022v5.0"
"/Return/ReturnData/IRS990ScheduleA/SubstAndDsqlfyPrsnsTotGrp/TotalAmt",89764,89754,"2022v4.0, 2022v4.1, 2022v5.0"
"/Return/ReturnData/IRS990ScheduleG/FundraisingEventInformationGrp/GrossRevenueEvent1Amt",89598,89590,"2022v4.0, 2022v4.1, 2022v5.0"
"/Return/ReturnData/IRS990EZ/StatesWhereCopyOfReturnIsFldCd",89458,84841,"2022v4.0, 2022v4.1, 2022v5.0"
"/Return/ReturnData/IRS990ScheduleG/FundraisingEventInformationGrp/DirectExpenseSummaryEventsAmt",89271,89264,"2022v4.0, 2022v4.1, 2022v5.0"
"/Return/ReturnData/IRS990ScheduleA/GrossInvestmentIncome509Grp/CurrentTaxYearMinus2YearsAmt",89163,89155,"2022v4.0, 2022v4.1, 2022v5.0"
"/Return/ReturnData/IRS990EZ/CostOrOtherBasisExpenseSaleAmt",89002,88993,"2022v4.0, 2022v4.1, 2022v5.0"
"/Return/ReturnData/IRS990/FundraisingDirectExpensesAmt",88887,88882,"2022v4.0, 2022v4.1, 2022v5.0"
"/Return/ReturnData/IRS990/BenefitsToMembersGrp",88345,88340,"2022v4.0, 2022v4.1, 2022v5.0"
"/Return/ReturnData/IRS990/BenefitsToMembersGrp/TotalAmt",88342,88337,"2022v4.0, 2022v4.1, 2022v5.0"
"/Return/ReturnData/IRS990ScheduleA/GrossInvestmentIncome509Grp/CurrentTaxYearMinus3YearsAmt",88125,88116,"2022v4.0, 2022v4.1, 2022v5.0"
"/Return/ReturnData/IRS990EZ/TaxImposedUnderIRC4911Amt",87768,87755,"2022v4.0, 2022v4.1, 2022v5.0"
"/Return/ReturnData/IRS990EZ/TaxImposedUnderIRC4955Amt",87755,87742,"2022v4.0, 2022v4.1, 2022v5.0"
"/Return/ReturnData/IRS990EZ/TaxImposedUnderIRC4912Amt",87753,87740,"2022v4.0, 2022v4.1, 2022v5.0"
"/Return/ReturnData/IRS990/InformationTechnologyGrp/ProgramServicesAmt",87742,87728,"2022v4.0, 2022v4.1, 2022v5.0"
"/Return/ReturnData/IRS990/PaymentsToAffiliatesGrp",87635,87630,"2022v4.0, 2022v4.1, 2022v5.0"
"/Return/ReturnData/IRS990/PaymentsToAffiliatesGrp/TotalAmt",87631,87626,"2022v4.0, 2022v4.1, 2022v5.0"
"/Return/ReturnData/IRS990/ForeignGrantsGrp",87369,87363,"2022v4.0, 2022v4.1, 2022v5.0"
"/Return/ReturnData/IRS990/ForeignGrantsGrp/TotalAmt",87364,87358,"2022v4.0, 2022v4.1, 2022v5.0"
"/Return/ReturnData/IRS990/ProgSrvcAccomActy2Grp/ExpenseAmt",87104,87093,"2022v4.0, 2022v4.1, 2022v5.0"
"/Return/ReturnData/IRS990/FeesForServicesLobbyingGrp",86443,86438,"2022v4.0, 2022v4.1, 2022v5.0"
"/Return/ReturnData/IRS990/FeesForServicesLobbyingGrp/TotalAmt",86442,86437,"2022v4.0, 2022v4.1, 2022v5.0"
"/Return/ReturnData/IRS990ScheduleA/GrossInvestmentIncome509Grp/CurrentTaxYearMinus4YearsAmt",86389,86381,"2022v4.0, 2022v4.1, 2022v5.0"
"/Return/ReturnData/IRS990/InformationTechnologyGrp/ManagementAndGeneralAmt",85909,85895,"2022v4.0, 2022v4.1, 2022v5.0"
"/Return/ReturnData/IRS990/OthNotesLoansReceivableNetGrp",85676,85671,"2022v4.0, 2022v4.1, 2022v5.0"
"/Return/ReturnData/IRS990/FSAuditedBasisGrp/SeparateBasisFinclStmtInd",85482,85474,"2022v4.0, 2022v4.1, 2022v5.0"
"/Return/ReturnData/IRS990/PayrollTaxesGrp/FundraisingAmt",84686,84677,"2022v4.0, 2022v4.1, 2022v5.0"
"/Return/ReturnData/IRS990/OfficeExpensesGrp/FundraisingAmt",84673,84665,"2022v4.0, 2022v4.1, 2022v5.0"
"/Return/ReturnData/IRS990ScheduleA/GrossReceiptsNonUnrltBusGrp",84597,84586,"2022v4.0, 2022v4.1, 2022v5.0"
"/Return/ReturnData/IRS990ScheduleG/FundraisingEventInformationGrp/OthDirectExpnssTotalEventsAmt",84505,84498,"2022v4.0, 2022v4.1, 2022v5.0"
"/Return/ReturnData/IRS990/CompDisqualPersonsGrp",84380,84375,"2022v4.0, 2022v4.1, 2022v5.0"
"/Return/ReturnData/IRS990/CompDisqualPersonsGrp/TotalAmt",84378,84373,"2022v4.0, 2022v4.1, 2022v5.0"
"/Return/ReturnData/IRS990EZ/InfoInScheduleOPartIIInd",84251,84242,"2022v4.0, 2022v4.1, 2022v5.0"
"/Return/ReturnData/IRS990/FeesForServicesProfFundraising",84175,84170,"2022v4.0, 2022v4.1, 2022v5.0"
"/Return/ReturnData/IRS990/Form1098CFiledInd",83903,83894,"2022v4.0, 2022v4.1, 2022v5.0"
"/Return/ReturnData/IRS990/Form8899Filedind",83671,83663,"2022v4.0, 2022v4.1, 2022v5.0"
"/Return/ReturnData/IRS990/GrossAmountSalesAssetsGrp",83661,83650,"2022v4.0, 2022v4.1, 2022v5.0"
"/Return/ReturnData/IRS990/OrgDoesNotFollowFASB117Ind",83659,83655,"2022v4.0, 2022v4.1, 2022v5.0"
"/Return/ReturnData/IRS990/LessCostOthBasisSalesExpnssGrp",83510,83500,"2022v4.0, 2022v4.1, 2022v5.0"
"/Return/ReturnData/IRS990/OthNotesLoansReceivableNetGrp/EOYAmt",83155,83150,"2022v4.0, 2022v4.1, 2022v5.0"
"/Return/ReturnData/IRS990ScheduleF/GrantsToOrgOutsideUSGrp",82846,9541,"2022v4.0, 2022v4.1, 2022v5.0"
"/Return/ReturnData/IRS990ScheduleA/OtherIncome509Grp",82582,82571,"2022v4.0, 2022v4.1, 2022v5.0"
"/Return/ReturnData/IRS990/GainOrLossGrp/SecuritiesAmt",82514,82507,"2022v4.0, 2022v4.1, 2022v5.0"
"/Return/ReturnData/IRS990/FeesForServicesLegalGrp/ManagementAndGeneralAmt",82422,82413,"2022v4.0, 2022v4.1, 2022v5.0"
"/Return/ReturnData/IRS990EZ/LandAndBuildingsGrp",82198,82191,"2022v4.0, 2022v4.1, 2022v5.0"
"/Return/ReturnData/IRS990EZ/TaxImposedOnOrganizationMgrAmt",81971,81963,"2022v4.0, 2022v4.1, 2022v5.0"
"/Return/ReturnData/IRS990EZ/TaxReimbursedByOrganizationAmt",81903,81895,"2022v4.0, 2022v4.1, 2022v5.0"
"/Return/ReturnData/IRS990ScheduleA/GrossReceiptsNonUnrltBusGrp/TotalAmt",81611,81600,"2022v4.0, 2022v4.1, 2022v5.0"
"/Return/ReturnData/IRS990/OtherSalariesAndWagesGrp/FundraisingAmt",81504,81495,"2022v4.0, 2022v4.1, 2022v5.0"
"/Return/ReturnData/IRS990EZ/LandAndBuildingsGrp/EOYAmt",81466,81459,"2022v4.0, 2022v4.1, 2022v5.0"
"/Return/ReturnData/IRS990/RtnEarnEndowmentIncmOthFndsGrp",81414,81410,"2022v4.0, 2022v4.1, 2022v5.0"
"/Return/ReturnData/IRS990EZ/LandAndBuildingsGrp/BOYAmt",81305,81298,"2022v4.0, 2022v4.1, 2022v5.0"
"/Return/ReturnData/IRS990ScheduleG/FundraisingEventInformationGrp/OtherDirectExpensesEvent1Amt",81268,81261,"2022v4.0, 2022v4.1, 2022v5.0"
"/Return/ReturnData/IRS990ScheduleF/GrantsToOrgOutsideUSGrp/PurposeOfGrantTxt",81123,9334,"2022v4.0, 2022v4.1, 2022v5.0"
"/Return/ReturnData/IRS990/Organization501cInd",80897,80896,"2022v4.0, 2022v4.1, 2022v5.0"
"/Return/ReturnData/IRS990EZ/OtherChangesInNetAssetsAmt",80733,80729,"2022v4.0, 2022v4.1, 2022v5.0"
"/Return/ReturnData/IRS990/RtnEarnEndowmentIncmOthFndsGrp/EOYAmt",80677,80673,"2022v4.0, 2022v4.1, 2022v5.0"
"/Return/ReturnData/IRS990ScheduleD/RevenueNotReportedAmt",80546,80537,"2022v4.0, 2022v4.1, 2022v5.0"
"/Return/ReturnData/IRS990/MortgNotesPyblScrdInvstPropGrp",80451,80439,"2022v4.0, 2022v4.1, 2022v5.0"
"/Return/ReturnData/IRS990ScheduleF/GrantsToOrgOutsideUSGrp/CashGrantAmt",80372,8978,"2022v4.0, 2022v4.1, 2022v5.0"
"/Return/ReturnData/IRS990/IntangibleAssetsGrp",80066,80057,"2022v4.0, 2022v4.1, 2022v5.0"
"/Return/ReturnData/IRS990ScheduleF/GrantsToOrgOutsideUSGrp/RegionTxt",80041,8402,"2022v4.0, 2022v4.1, 2022v5.0"
"/Return/ReturnData/IRS990/RtnEarnEndowmentIncmOthFndsGrp/BOYAmt",79955,79951,"2022v4.0, 2022v4.1, 2022v5.0"
"/Return/ReturnData/IRS990/InvestmentIncomeGrp/RelatedOrExemptFuncIncomeAmt",79908,79903,"2022v4.0, 2022v4.1, 2022v5.0"
"/Return/ReturnData/IRS990ScheduleR",79527,79521,"2022v4.0, 2022v4.1, 2022v5.0"
"/Return/ReturnData/IRS990ScheduleA/OtherIncome509Grp/TotalAmt",79439,79428,"2022v4.0, 2022v4.1, 2022v5.0"
"/Return/ReturnData/IRS990/RoyaltiesGrp",79317,79312,"2022v4.0, 2022v4.1, 2022v5.0"
"/Return/ReturnData/IRS990/RoyaltiesGrp/TotalAmt",79315,79310,"2022v4.0, 2022v4.1, 2022v5.0"
"/Return/ReturnData/IRS990ScheduleD/LeaseholdImprovementsGrp",78822,78811,"2022v4.0, 2022v4.1, 2022v5.0"
"/Return/ReturnData/IRS990ScheduleI",78706,78702,"2022v4.0, 2022v4.1, 2022v5.0"
"/Return/ReturnData/IRS990/PymtTravelEntrtnmntPubOfclGrp",78178,78174,"2022v4.0, 2022v4.1, 2022v5.0"
"/Return/ReturnData/IRS990/PymtTravelEntrtnmntPubOfclGrp/TotalAmt",78176,78172,"2022v4.0, 2022v4.1, 2022v5.0"
"/Return/ReturnData/IRS990/IntangibleAssetsGrp/EOYAmt",77851,77842,"2022v4.0, 2022v4.1, 2022v5.0"
"/Return/ReturnData/IRS990ScheduleI/GrantRecordsMaintainedInd",77633,77629,"2022v4.0, 2022v4.1, 2022v5.0"
"/Return/ReturnData/IRS990ScheduleJ",77399,77391,"2022v4.0, 2022v4.1, 2022v5.0"
"/Return/ReturnData/IRS990ScheduleR/IdRelatedOrgTxblCorpTrGrp/DirectControllingEntityName",76704,10618,"2022v4.0, 2022v4.1, 2022v5.0"
"/Return/ReturnData/IRS990ScheduleR/IdRelatedOrgTxblCorpTrGrp/DirectControllingEntityName/BusinessNameLine1Txt",76704,10618,"2022v4.0, 2022v4.1, 2022v5.0"
"/Return/ReturnData/IRS990/MortgNotesPyblScrdInvstPropGrp/BOYAmt",76672,76661,"2022v4.0, 2022v4.1, 2022v5.0"
"/Return/ReturnData/IRS990ScheduleD/FootnoteTextInd",76577,76569,"2022v4.0, 2022v4.1, 2022v5.0"
"/Return/ReturnData/IRS990/InvestmentsProgramRelatedGrp",76446,76440,"2022v4.0, 2022v4.1, 2022v5.0"
"/Return/ReturnData/IRS990/MortgNotesPyblScrdInvstPropGrp/EOYAmt",76086,76074,"2022v4.0, 2022v4.1, 2022v5.0"
"/Return/ReturnData/IRS990/ProgramServiceRevenueGrp/ExclusionAmt",76010,33034,"2022v4.0, 2022v4.1, 2022v5.0"
"/Return/ReturnData/IRS990ScheduleJ/SupplementalNonqualRtrPlanInd",75960,75952,"2022v4.0, 2022v4.1, 2022v5.0"
"/Return/ReturnData/IRS990ScheduleJ/SeverancePaymentInd",75959,75951,"2022v4.0, 2022v4.1, 2022v5.0"
"/Return/ReturnData/IRS990ScheduleJ/EquityBasedCompArrngmInd",75931,75923,"2022v4.0, 2022v4.1, 2022v5.0"
"/Return/ReturnData/IRS990EZ/SalariesOtherCompEmplBnftAmt",75759,75753,"2022v4.0, 2022v4.1, 2022v5.0"
"/Return/ReturnData/IRS990EZ/GrossProfitLossSlsOfInvntryAmt",75593,75588,"2022v4.0, 2022v4.1, 2022v5.0"
"/Return/ReturnData/IRS990/ProgSrvcAccomActy3Grp",75083,75077,"2022v4.0, 2022v4.1, 2022v5.0"
"/Return/ReturnData/IRS990ScheduleR/SharingOfFacilitiesInd",75032,75026,"2022v4.0, 2022v4.1, 2022v5.0"
"/Return/ReturnData/IRS990ScheduleR/PaidEmployeesSharingInd",75018,75012,"2022v4.0, 2022v4.1, 2022v5.0"
"/Return/ReturnData/IRS990ScheduleR/ReimbursementPaidToOtherOrgInd",75008,75002,"2022v4.0, 2022v4.1, 2022v5.0"
"/Return/ReturnData/IRS990ScheduleR/GiftGrntOrCapContriToOthOrgInd",75007,75001,"2022v4.0, 2022v4.1, 2022v5.0"
"/Return/ReturnData/IRS990ScheduleR/GiftGrntCapContriFromOthOrgInd",75005,74999,"2022v4.0, 2022v4.1, 2022v5.0"
"/Return/ReturnData/IRS990ScheduleR/ReimbursementPaidByOtherOrgInd",75003,74997,"2022v4.0, 2022v4.1, 2022v5.0"
"/Return/ReturnData/IRS990ScheduleR/PerformOfServicesByOtherOrgInd",74994,74988,"2022v4.0, 2022v4.1, 2022v5.0"
"/Return/ReturnData/IRS990ScheduleR/LoansOrGuaranteesToOtherOrgInd",74992,74986,"2022v4.0, 2022v4.1, 2022v5.0"
"/Return/ReturnData/IRS990ScheduleR/LoansOrGuaranteesFromOthOrgInd",74986,74980,"2022v4.0, 2022v4.1, 2022v5.0"
"/Return/ReturnData/IRS990ScheduleR/ReceiptOfIntAnntsRntsRyltsInd",74986,74980,"2022v4.0, 2022v4.1, 2022v5.0"
"/Return/ReturnData/IRS990ScheduleR/RentalOfFcltsFromOthOrgInd",74986,74980,"2022v4.0, 2022v4.1, 2022v5.0"
"/Return/ReturnData/IRS990ScheduleR/TransferToOtherOrgInd",74983,74977,"2022v4.0, 2022v4.1, 2022v5.0"
"/Return/ReturnData/IRS990ScheduleR/PerformOfServicesForOthOrgInd",74979,74973,"2022v4.0, 2022v4.1, 2022v5.0"
"/Return/ReturnData/IRS990ScheduleR/AssetPurchaseFromOtherOrgInd",74978,74972,"2022v4.0, 2022v4.1, 2022v5.0"
"/Return/ReturnData/IRS990ScheduleR/AssetSaleToOtherOrgInd",74978,74972,"2022v4.0, 2022v4.1, 2022v5.0"
"/Return/ReturnData/IRS990ScheduleR/RentalOfFacilitiesToOthOrgInd",74977,74971,"2022v4.0, 2022v4.1, 2022v5.0"
"/Return/ReturnData/IRS990ScheduleR/TransferFromOtherOrgInd",74973,74967,"2022v4.0, 2022v4.1, 2022v5.0"
"/Return/ReturnData/IRS990ScheduleR/AssetExchangeInd",74970,74964,"2022v4.0, 2022v4.1, 2022v5.0"
"/Return/ReturnData/IRS990/PledgesAndGrantsReceivableGrp/BOYAmt",74938,74931,"2022v4.0, 2022v4.1, 2022v5.0"
"/Return/ReturnData/IRS990ScheduleA/GrossReceiptsRltdActivitiesAmt",74930,74920,"2022v4.0, 2022v4.1, 2022v5.0"
"/Return/ReturnData/IRS990/ProgramServiceRevenueGrp/UnrelatedBusinessRevenueAmt",74857,34008,"2022v4.0, 2022v4.1, 2022v5.0"
"/Return/ReturnData/IRS990/RoyaltiesRevenueGrp",74709,74705,"2022v4.0, 2022v4.1, 2022v5.0"
"/Return/ReturnData/IRS990/RoyaltiesRevenueGrp/TotalRevenueColumnAmt",74141,74137,"2022v4.0, 2022v4.1, 2022v5.0"
"/Return/ReturnData/IRS990ScheduleA/Form990ScheduleAPartVIGrp",74043,59296,"2022v4.0, 2022v4.1, 2022v5.0"
"/Return/ReturnData/IRS990/NetIncomeFromGamingGrp",74019,74013,"2022v4.0, 2022v4.1, 2022v5.0"
"/Return/ReturnData/IRS990/NetIncomeFromGamingGrp/TotalRevenueColumnAmt",74005,73999,"2022v4.0, 2022v4.1, 2022v5.0"
"/Return/ReturnData/IRS990ScheduleA/Form990ScheduleAPartVIGrp/FormAndLineReferenceDesc",74002,59263,"2022v4.0, 2022v4.1, 2022v5.0"
"/Return/ReturnData/IRS990ScheduleR/DivRelatedOrganizationInd",73974,73968,"2022v4.0, 2022v4.1, 2022v5.0"
"/Return/ReturnData/IRS990ScheduleA/Form990ScheduleAPartVIGrp/ExplanationTxt",73822,59116,"2022v4.0, 2022v4.1, 2022v5.0"
"/Return/ReturnData/IRS990/GrantsToDomesticOrgsGrp/ProgramServicesAmt",73442,73436,"2022v4.0, 2022v4.1, 2022v5.0"
"/Return/ReturnData/IRS990ScheduleD/ExpensesNotReportedAmt",73140,73131,"2022v4.0, 2022v4.1, 2022v5.0"
"/Return/ReturnData/IRS990ScheduleR/IdRelatedOrgTxblPartnershipGrp/PredominantIncomeTypeTxt",72580,5894,"2022v4.0, 2022v4.1, 2022v5.0"
"/Return/ReturnData/IRS990/InvestmentsProgramRelatedGrp/EOYAmt",72446,72441,"2022v4.0, 2022v4.1, 2022v5.0"
"/Return/ReturnData/IRS990ScheduleI/GrantsOtherAsstToIndivInUSGrp",72407,35700,"2022v4.0, 2022v4.1, 2022v5.0"
"/Return/ReturnData/IRS990/ReceivablesFromOfficersEtcGrp",72229,72223,"2022v4.0, 2022v4.1, 2022v5.0"
"/Return/ReturnData/IRS990/FeesForServicesProfFundraising/TotalAmt",72144,72139,"2022v4.0, 2022v4.1, 2022v5.0"
"/Return/ReturnData/IRS990/MembershipDuesAmt",72047,72044,"2022v4.0, 2022v4.1, 2022v5.0"
"/Return/ReturnData/IRS990/ConferencesMeetingsGrp/ManagementAndGeneralAmt",71982,71970,"2022v4.0, 2022v4.1, 2022v5.0"
"/Return/ReturnData/IRS990ScheduleF/GrantsToOrgOutsideUSGrp/MannerOfCashDisbursementTxt",71578,7830,"2022v4.0, 2022v4.1, 2022v5.0"
"/Return/ReturnData/IRS990/Form990PartVIISectionAGrp/BusinessName",71411,6886,"2022v4.0, 2022v4.1, 2022v5.0"
"/Return/ReturnData/IRS990/Form990PartVIISectionAGrp/BusinessName/BusinessNameLine1Txt",71411,6886,"2022v4.0, 2022v4.1, 2022v5.0"
"/Return/ReturnData/IRS990/ProgSrvcAccomActy3Grp/Desc",71355,71349,"2022v4.0, 2022v4.1, 2022v5.0"
"/Return/ReturnData/IRS990ScheduleR/IdRelatedTaxExemptOrgGrp/DirectControllingNACd",71278,32964,"2022v4.0, 2022v4.1, 2022v5.0"
"/Return/ReturnData/IRS990ScheduleI/GrantsOtherAsstToIndivInUSGrp/GrantTypeTxt",71232,35598,"2022v4.0, 2022v4.1, 2022v5.0"
"/Return/ReturnData/IRS990/ReceivablesFromOfficersEtcGrp/EOYAmt",71038,71032,"2022v4.0, 2022v4.1, 2022v5.0"
"/Return/ReturnData/IRS990/CompCurrentOfcrDirectorsGrp/FundraisingAmt",71011,71007,"2022v4.0, 2022v4.1, 2022v5.0"
"/Return/ReturnData/IRS990/RentalIncomeOrLossGrp",70922,70913,"2022v4.0, 2022v4.1, 2022v5.0"
"/Return/ReturnData/IRS990EZ/GrantsAndSimilarAmountsPaidAmt",70011,70002,"2022v4.0, 2022v4.1, 2022v5.0"
"/Return/ReturnData/IRS990/RcvblFromDisqualifiedPrsnGrp",69945,69940,"2022v4.0, 2022v4.1, 2022v5.0"
"/Return/ReturnData/IRS990ScheduleD/LeaseholdImprovementsGrp/BookValueAmt",69867,69857,"2022v4.0, 2022v4.1, 2022v5.0"
"/Return/ReturnData/IRS990/IncmFromInvestBondProceedsGrp",69285,69281,"2022v4.0, 2022v4.1, 2022v5.0"
"/Return/ReturnData/IRS990/RentalIncomeOrLossGrp/RealAmt",69208,69199,"2022v4.0, 2022v4.1, 2022v5.0"
"/Return/ReturnData/IRS990/RcvblFromDisqualifiedPrsnGrp/EOYAmt",69061,69056,"2022v4.0, 2022v4.1, 2022v5.0"
"/Return/ReturnData/IRS990/InfoInScheduleOPartIXInd",68674,68668,"2022v4.0, 2022v4.1, 2022v5.0"
"/Return/ReturnData/IRS990/IncmFromInvestBondProceedsGrp/TotalRevenueColumnAmt",68532,68528,"2022v4.0, 2022v4.1, 2022v5.0"
"/Return/ReturnData/IRS990/PensionPlanContributionsGrp/ProgramServicesAmt",68415,68409,"2022v4.0, 2022v4.1, 2022v5.0"
"/Return/ReturnData/IRS990ScheduleA/TaxRevLeviedOrgnztnlBnft509Grp",68240,68232,"2022v4.0, 2022v4.1, 2022v5.0"
"/Return/ReturnData/IRS990ScheduleD/LeaseholdImprovementsGrp/DepreciationAmt",67907,67898,"2022v4.0, 2022v4.1, 2022v5.0"
"/Return/ReturnData/IRS990/OtherRevenueMiscGrp/ExclusionAmt",67770,44150,"2022v4.0, 2022v4.1, 2022v5.0"
"/Return/ReturnData/IRS990ScheduleG/LicensedStatesCd",67393,8477,"2022v4.0, 2022v4.1, 2022v5.0"
"/Return/ReturnData/IRS990ScheduleD/RevenueNotReportedFinclStmtAmt",67261,67253,"2022v4.0, 2022v4.1, 2022v5.0"
"/Return/ReturnData/IRS990ScheduleD/ExpensesNotRptFinclStmtAmt",67004,66996,"2022v4.0, 2022v4.1, 2022v5.0"
"/Return/ReturnData/IRS990/FundraisingAmt",66917,66914,"2022v4.0, 2022v4.1, 2022v5.0"
"/Return/ReturnData/IRS990/LessCostOthBasisSalesExpnssGrp/SecuritiesAmt",66800,66794,"2022v4.0, 2022v4.1, 2022v5.0"
"/Return/ReturnData/IRS990/InventoriesForSaleOrUseGrp/BOYAmt",66421,66417,"2022v4.0, 2022v4.1, 2022v5.0"
"/Return/ReturnData/IRS990/GrossAmountSalesAssetsGrp/SecuritiesAmt",66420,66414,"2022v4.0, 2022v4.1, 2022v5.0"
"/Return/ReturnData/IRS990ScheduleD/LeaseholdImprovementsGrp/OtherCostOrOtherBasisAmt",65785,65778,"2022v4.0, 2022v4.1, 2022v5.0"
"/Return/ReturnData/IRS990EZ/GainOrLossFromSaleOfAssetsAmt",65716,65711,"2022v4.0, 2022v4.1, 2022v5.0"
"/Return/ReturnData/IRS990ScheduleA/UnrelatedBusinessNetIncm170Grp",65653,65642,"2022v4.0, 2022v4.1, 2022v5.0"
"/Return/ReturnData/IRS990ScheduleA/NetIncomeFromOtherUBIGrp",65578,65565,"2022v4.0, 2022v4.1, 2022v5.0"
"/Return/ReturnData/IRS990ScheduleA/TaxRevLeviedOrgnztnlBnft509Grp/TotalAmt",65096,65088,"2022v4.0, 2022v4.1, 2022v5.0"
"/Return/ReturnData/IRS990EZ/DirectIndirectPltclExpendAmt",64913,64911,"2022v4.0, 2022v4.1, 2022v5.0"
"/Return/ReturnData/IRS990/AllOtherExpensesGrp/FundraisingAmt",64891,64883,"2022v4.0, 2022v4.1, 2022v5.0"
"/Return/ReturnData/IRS990/ContriRptFundraisingEventAmt",64792,64789,"2022v4.0, 2022v4.1, 2022v5.0"
"/Return/ReturnData/IRS990ScheduleR/IdRelatedTaxExemptOrgGrp/USAddress/AddressLine2Txt",64688,1330,"2022v4.0, 2022v4.1, 2022v5.0"
"/Return/ReturnData/IRS990/Form990PartVIISectionAGrp/KeyEmployeeInd",64501,29553,"2022v4.0, 2022v4.1, 2022v5.0"
"/Return/ReturnData/IRS990EZ/OtherRevenueTotalAmt",64310,64306,"2022v4.0, 2022v4.1, 2022v5.0"
"/Return/ReturnData/IRS990ScheduleI/GrantsOtherAsstToIndivInUSGrp/RecipientCnt",63872,32696,"2022v4.0, 2022v4.1, 2022v5.0"
"/Return/ReturnData/IRS990/InterestGrp/ProgramServicesAmt",63462,63456,"2022v4.0, 2022v4.1, 2022v5.0"
"/Return/ReturnData/IRS990/NoncashContributionsAmt",63297,63294,"2022v4.0, 2022v4.1, 2022v5.0"
"/Return/ReturnData/IRS990/OtherEmployeeBenefitsGrp/FundraisingAmt",62964,62959,"2022v4.0, 2022v4.1, 2022v5.0"
"/Return/ReturnData/IRS990ScheduleD/OtherSecuritiesGrp",62952,28198,"2022v4.0, 2022v4.1, 2022v5.0"
"/Return/ReturnData/IRS990ScheduleA/OtherSupportSumAmt",62874,62868,"2022v4.0, 2022v4.1, 2022v5.0"
"/Return/ReturnData/IRS990ScheduleI/GrantsOtherAsstToIndivInUSGrp/CashGrantAmt",62850,31696,"2022v4.0, 2022v4.1, 2022v5.0"
"/Return/ReturnData/IRS990ScheduleD/OtherSecuritiesGrp/Desc",62819,28105,"2022v4.0, 2022v4.1, 2022v5.0"
"/Return/ReturnData/IRS990ScheduleA/UnrelatedBusinessNetIncm170Grp/TotalAmt",62486,62475,"2022v4.0, 2022v4.1, 2022v5.0"
"/Return/ReturnData/IRS990ScheduleA/NetIncomeFromOtherUBIGrp/TotalAmt",62310,62297,"2022v4.0, 2022v4.1, 2022v5.0"
"/Return/ReturnData/IRS990ScheduleJ/CompBsdNetEarnsFlngOrgInd",62271,62263,"2022v4.0, 2022v4.1, 2022v5.0"
"/Return/ReturnData/IRS990ScheduleJ/CompBasedOnRevenueOfFlngOrgInd",62267,62259,"2022v4.0, 2022v4.1, 2022v5.0"
"/Return/ReturnData/IRS990ScheduleJ/CompBsdNetEarnsRltdOrgsInd",62259,62251,"2022v4.0, 2022v4.1, 2022v5.0"
"/Return/ReturnData/IRS990ScheduleJ/CompBsdOnRevRelatedOrgsInd",62247,62239,"2022v4.0, 2022v4.1, 2022v5.0"
"/Return/ReturnData/IRS990EZ/InfoInScheduleOPartIIIInd",62231,62226,"2022v4.0, 2022v4.1, 2022v5.0"
"/Return/ReturnData/IRS990/PensionPlanContributionsGrp/ManagementAndGeneralAmt",62218,62212,"2022v4.0, 2022v4.1, 2022v5.0"
"/Return/ReturnData/IRS990/NetIncmFromFundraisingEvtGrp/ExclusionAmt",62207,62204,"2022v4.0, 2022v4.1, 2022v5.0"
"/Return/ReturnData/IRS990ScheduleJ/InitialContractExceptionInd",62180,62172,"2022v4.0, 2022v4.1, 2022v5.0"
"/Return/ReturnData/IRS990ScheduleJ/AnyNonFixedPaymentsInd",62155,62147,"2022v4.0, 2022v4.1, 2022v5.0"
"/Return/ReturnData/IRS990/NetGainOrLossInvestmentsGrp/ExclusionAmt",62049,62043,"2022v4.0, 2022v4.1, 2022v5.0"
"/Return/ReturnData/IRS990/ProgSrvcAccomActy3Grp/ExpenseAmt",61346,61341,"2022v4.0, 2022v4.1, 2022v5.0"
"/Return/ReturnData/IRS990/OccupancyGrp/FundraisingAmt",61236,61231,"2022v4.0, 2022v4.1, 2022v5.0"
"/Return/ReturnData/IRS990ScheduleA/Post1975UBTIGrp",61163,61152,"2022v4.0, 2022v4.1, 2022v5.0"
"/Return/ReturnData/IRS990/InfoInScheduleOPartXIInd",61137,61132,"2022v4.0, 2022v4.1, 2022v5.0"
"/Return/ReturnData/IRS990ScheduleR/IdRelatedOrgTxblPartnershipGrp/DirectControllingEntityName",60525,5683,"2022v4.1, 2022v5.0"
"/Return/ReturnData/IRS990ScheduleR/IdRelatedOrgTxblPartnershipGrp/DirectControllingEntityName/BusinessNameLine1Txt",60525,5683,"2022v4.1, 2022v5.0"
"/Return/ReturnData/IRS990/AdvertisingGrp/FundraisingAmt",60410,60401,"2022v4.0, 2022v4.1, 2022v5.0"
"/Return/ReturnData/IRS990ScheduleD/TotalBookValueOtherAssetsAmt",60094,60085,"2022v4.0, 2022v4.1, 2022v5.0"
"/Return/ReturnData/IRS990ScheduleF/GrantsToOrgOutsideUSGrp/NonCashAssistanceAmt",59236,4915,"2022v4.0, 2022v4.1, 2022v5.0"
"/Return/ReturnData/IRS990/InsuranceGrp/FundraisingAmt",58703,58699,"2022v4.0, 2022v4.1, 2022v5.0"
"/Return/ReturnData/IRS990/ProgSrvcAccomActyOtherGrp",58665,45026,"2022v4.0, 2022v4.1, 2022v5.0"
"/Return/ReturnData/IRS990/InterestGrp/ManagementAndGeneralAmt",58234,58227,"2022v4.0, 2022v4.1, 2022v5.0"
"/Return/ReturnData/IRS990ScheduleA/GovtFurnSrvcFcltsVl170Grp",58063,58055,"2022v4.0, 2022v4.1, 2022v5.0"
"/Return/ReturnData/IRS990ScheduleA/Post1975UBTIGrp/TotalAmt",57895,57884,"2022v4.0, 2022v4.1, 2022v5.0"
"/Return/ReturnData/IRS990ScheduleA/TaxRevLeviedOrgnztnlBnft170Grp",57235,57226,"2022v4.0, 2022v4.1, 2022v5.0"
"/Return/ReturnData/IRS990/ProgSrvcAccomActyOtherGrp/Desc",56096,42502,"2022v4.0, 2022v4.1, 2022v5.0"
"/Return/ReturnData/IRS990/GrantsToDomesticIndividualsGrp/ProgramServicesAmt",55725,55724,"2022v4.0, 2022v4.1, 2022v5.0"
"/Return/ReturnData/IRS990/TotalOtherProgSrvcExpenseAmt",55404,55402,"2022v4.0, 2022v4.1, 2022v5.0"
"/Return/ReturnData/IRS990/FeesForServicesOtherGrp/FundraisingAmt",55366,55361,"2022v4.0, 2022v4.1, 2022v5.0"
"/Return/ReturnData/IRS990/GainOrLossGrp/OtherAmt",55329,55322,"2022v4.0, 2022v4.1, 2022v5.0"
"/Return/ReturnData/IRS990/GrossSalesOfInventoryAmt",55170,55166,"2022v4.0, 2022v4.1, 2022v5.0"
"/Return/ReturnData/IRS990ScheduleA/GovtFurnSrvcFcltsVl170Grp/TotalAmt",54938,54930,"2022v4.0, 2022v4.1, 2022v5.0"
"/Return/ReturnData/IRS990ScheduleA/TaxRevLeviedOrgnztnlBnft170Grp/TotalAmt",54101,54092,"2022v4.0, 2022v4.1, 2022v5.0"
"/Return/ReturnData/IRS990/CostOfGoodsSoldAmt",52789,52785,"2022v4.0, 2022v4.1, 2022v5.0"
"/Return/ReturnData/IRS990/TravelGrp/FundraisingAmt",52747,52740,"2022v4.0, 2022v4.1, 2022v5.0"
"/Return/ReturnData/IRS990/FeesForServicesLegalGrp/ProgramServicesAmt",52645,52641,"2022v4.0, 2022v4.1, 2022v5.0"
"/Return/ReturnData/IRS990/PriorPeriodAdjustmentsAmt",51917,51915,"2022v4.0, 2022v4.1, 2022v5.0"
"/Return/ReturnData/IRS990/ProgSrvcAccomActy2Grp/RevenueAmt",51461,51456,"2022v4.0, 2022v4.1, 2022v5.0"
"/Return/ReturnData/IRS990/GrossRentsGrp",50944,50936,"2022v4.0, 2022v4.1, 2022v5.0"
"/Return/ReturnData/IRS990ScheduleA/GovtFurnSrvcFcltsVl509Grp",50818,50813,"2022v4.0, 2022v4.1, 2022v5.0"
"/Return/ReturnData/IRS990EZ/GrossSalesOfInventoryAmt",50497,50495,"2022v4.0, 2022v4.1, 2022v5.0"
"/Return/ReturnData/IRS990/InvestmentsOtherSecuritiesGrp/BOYAmt",50333,50327,"2022v4.0, 2022v4.1, 2022v5.0"
"/Return/ReturnData/IRS990/InfoInScheduleOPartXIIInd",49746,49742,"2022v4.0, 2022v4.1, 2022v5.0"
"/Return/ReturnData/IRS990/GrossRentsGrp/RealAmt",49165,49157,"2022v4.0, 2022v4.1, 2022v5.0"
"/Return/ReturnData/IRS990ScheduleG/FundraisingEventInformationGrp/Event2Nm",48923,48920,"2022v4.0, 2022v4.1, 2022v5.0"
"/Return/ReturnData/IRS990ScheduleJ/SupplementalInformationDetail",48727,29884,"2022v4.0, 2022v4.1, 2022v5.0"
"/Return/ReturnData/IRS990ScheduleJ/SupplementalInformationDetail/FormAndLineReferenceDesc",48724,29881,"2022v4.0, 2022v4.1, 2022v5.0"
"/Return/ReturnData/IRS990/DepreciationDepletionGrp/FundraisingAmt",48697,48691,"2022v4.0, 2022v4.1, 2022v5.0"
"/Return/ReturnData/IRS990ScheduleJ/SupplementalInformationDetail/ExplanationTxt",48502,29712,"2022v4.0, 2022v4.1, 2022v5.0"
"/Return/ReturnData/IRS990ScheduleG/FundraisingEventInformationGrp/GrossReceiptsEvent2Amt",48373,48370,"2022v4.0, 2022v4.1, 2022v5.0"
"/Return/ReturnData/IRS990ScheduleI/SupplementalInformationDetail",48146,44767,"2022v4.0, 2022v4.1, 2022v5.0"
"/Return/ReturnData/IRS990ScheduleI/SupplementalInformationDetail/FormAndLineReferenceDesc",48141,44766,"2022v4.0, 2022v4.1, 2022v5.0"
"/Return/ReturnData/IRS990/UnsecuredNotesLoansPayableGrp",48130,48129,"2022v4.0, 2022v4.1, 2022v5.0"
"/Return/ReturnData/IRS990ScheduleI/SupplementalInformationDetail/ExplanationTxt",48099,44752,"2022v4.0, 2022v4.1, 2022v5.0"
"/Return/ReturnData/IRS990ScheduleA/GovtFurnSrvcFcltsVl509Grp/TotalAmt",47694,47689,"2022v4.0, 2022v4.1, 2022v5.0"
"/Return/ReturnData/IRS990/FeesForSrvcInvstMgmntFeesGrp/ManagementAndGeneralAmt",47252,47247,"2022v4.0, 2022v4.1, 2022v5.0"
"/Return/ReturnData/IRS990ScheduleF/AccountActivitiesOutsideUSGrp",46560,14376,"2022v4.0, 2022v4.1, 2022v5.0"
"/Return/ReturnData/IRS990EZ/Organization501cInd",46018,46016,"2022v4.0, 2022v4.1, 2022v5.0"
"/Return/ReturnData/IRS990ScheduleG/FundraisingEventInformationGrp/CharitableContributionsTotAmt",45950,45948,"2022v4.0, 2022v4.1, 2022v5.0"
"/Return/ReturnData/IRS990ScheduleF/AccountActivitiesOutsideUSGrp/RegionTxt",45846,14355,"2022v4.0, 2022v4.1, 2022v5.0"
"/Return/ReturnData/IRS990ScheduleA/SupportedOrgInformationGrp",45680,22558,"2022v4.0, 2022v4.1, 2022v5.0"
"/Return/ReturnData/IRS990ScheduleA/SupportedOrgInformationGrp/EIN",45680,22558,"2022v4.0, 2022v4.1, 2022v5.0"
"/Return/ReturnData/IRS990ScheduleA/SupportedOrgInformationGrp/GoverningDocumentListedInd",45680,22558,"2022v4.0, 2022v4.1, 2022v5.0"
"/Return/ReturnData/IRS990ScheduleA/SupportedOrgInformationGrp/OrganizationTypeCd",45680,22558,"2022v4.0, 2022v4.1, 2022v5.0"
"/Return/ReturnData/IRS990ScheduleA/SupportedOrgInformationGrp/OtherSupportAmt",45680,22558,"2022v4.0, 2022v4.1, 2022v5.0"
"/Return/ReturnData/IRS990ScheduleA/SupportedOrgInformationGrp/SupportAmt",45680,22558,"2022v4.0, 2022v4.1, 2022v5.0"
"/Return/ReturnData/IRS990ScheduleA/SupportedOrgInformationGrp/SupportedOrganizationName",45680,22558,"2022v4.0, 2022v4.1, 2022v5.0"
"/Return/ReturnData/IRS990ScheduleA/SupportedOrgInformationGrp/SupportedOrganizationName/BusinessNameLine1Txt",45680,22558,"2022v4.0, 2022v4.1, 2022v5.0"
"/Return/ReturnData/IRS990ScheduleF/AccountActivitiesOutsideUSGrp/TypeOfActivitiesConductedTxt",45531,14192,"2022v4.0, 2022v4.1, 2022v5.0"
"/Return/ReturnData/IRS990/ProgSrvcAccomActyOtherGrp/ExpenseAmt",45188,33808,"2022v4.0, 2022v4.1, 2022v5.0"
"/Return/ReturnData/IRS990ScheduleG/FundraisingEventInformationGrp/GrossRevenueEvent2Amt",44944,44941,"2022v4.0, 2022v4.1, 2022v5.0"
"/Return/ReturnData/IRS990ScheduleA/OtherIncome170Grp/CurrentTaxYearAmt",44915,44908,"2022v4.0, 2022v4.1, 2022v5.0"
"/Return/ReturnData/IRS990/UnsecuredNotesLoansPayableGrp/BOYAmt",44883,44882,"2022v4.0, 2022v4.1, 2022v5.0"
"/Return/ReturnData/IRS990ScheduleA/OtherIncome170Grp/CurrentTaxYearMinus1YearAmt",44698,44690,"2022v4.0, 2022v4.1, 2022v5.0"
"/Return/ReturnData/IRS990ScheduleG/FundraisingEventInformationGrp/CharitableContriEvent1Amt",44285,44283,"2022v4.0, 2022v4.1, 2022v5.0"
"/Return/ReturnData/IRS990ScheduleF/AccountActivitiesOutsideUSGrp/RegionTotalExpendituresAmt",44096,13651,"2022v4.0, 2022v4.1, 2022v5.0"
"/Return/ReturnData/IRS990ScheduleD/OtherSecuritiesGrp/BookValueAmt",43880,19195,"2022v4.0, 2022v4.1, 2022v5.0"
"/Return/ReturnData/IRS990ScheduleD/NetUnrealizedGainsInvstAmt",43534,43528,"2022v4.0, 2022v4.1, 2022v5.0"
"/Return/ReturnData/IRS990ScheduleA/OtherIncome170Grp/CurrentTaxYearMinus2YearsAmt",43510,43502,"2022v4.0, 2022v4.1, 2022v5.0"
"/Return/ReturnData/IRS990ScheduleD/OtherSecuritiesGrp/MethodValuationCd",43361,18757,"2022v4.0, 2022v4.1, 2022v5.0"
"/Return/ReturnData/IRS990/TransactionWithControlEntInd",43299,43292,"2022v4.0, 2022v4.1, 2022v5.0"
"/Return/ReturnData/IRS990ScheduleA/OtherIncome170Grp/CurrentTaxYearMinus3YearsAmt",43221,43214,"2022v4.0, 2022v4.1, 2022v5.0"
"/Return/ReturnData/IRS990/UnsecuredNotesLoansPayableGrp/EOYAmt",43185,43184,"2022v4.0, 2022v4.1, 2022v5.0"
"/Return/ReturnData/IRS990/InformationTechnologyGrp/FundraisingAmt",43053,43046,"2022v4.0, 2022v4.1, 2022v5.0"
"/Return/ReturnData/IRS990/FeesForServicesManagementGrp/ManagementAndGeneralAmt",42830,42827,"2022v4.0, 2022v4.1, 2022v5.0"
"/Return/ReturnData/IRS990/CapStkTrPrinCurrentFundsGrp",42707,42707,"2022v4.0, 2022v4.1, 2022v5.0"
"/Return/ReturnData/IRS990/InvestmentIncomeGrp/UnrelatedBusinessRevenueAmt",42443,42439,"2022v4.0, 2022v4.1, 2022v5.0"
"/Return/ReturnData/IRS990ScheduleA/OtherIncome170Grp/CurrentTaxYearMinus4YearsAmt",42375,42367,"2022v4.0, 2022v4.1, 2022v5.0"
"/Return/ReturnData/IRS990/CapStkTrPrinCurrentFundsGrp/BOYAmt",42357,42357,"2022v4.0, 2022v4.1, 2022v5.0"
"/Return/ReturnData/IRS990/CapStkTrPrinCurrentFundsGrp/EOYAmt",42135,42135,"2022v4.0, 2022v4.1, 2022v5.0"
"/Return/ReturnData/IRS990/FeesForServicesAccountingGrp/FundraisingAmt",41591,41587,"2022v4.0, 2022v4.1, 2022v5.0"
"/Return/ReturnData/IRS990ScheduleJ/BoardOrCommitteeApprovalInd",41430,41424,"2022v4.0, 2022v4.1, 2022v5.0"
"/Return/ReturnData/IRS990EZ/BenefitsPaidToOrForMembersAmt",41277,41275,"2022v4.0, 2022v4.1, 2022v5.0"
"/Return/ReturnData/IRS990/OthNotesLoansReceivableNetGrp/BOYAmt",40737,40735,"2022v4.0, 2022v4.1, 2022v5.0"
"/Return/ReturnData/IRS990/OtherWebsiteInd",40203,40199,"2022v4.0, 2022v4.1, 2022v5.0"
"/Return/ReturnHeader/AdditionalFilerInformation/TrustedCustomerGrp/LastSubmissionRqrOOBCd",40185,40184,"2022v4.0, 2022v5.0"
"/Return/ReturnData/IRS990ScheduleD/CYMinus3YrEndwmtFundGrp",39616,39612,"2022v4.0, 2022v4.1, 2022v5.0"
"/Return/ReturnData/IRS990EZ/GamingGrossIncomeAmt",39574,39568,"2022v4.0, 2022v4.1, 2022v5.0"
"/Return/ReturnData/IRS990EZ/MethodOfAccountingAccrualInd",39547,39539,"2022v4.0, 2022v4.1, 2022v5.0"
"/Return/ReturnData/IRS990/NetGainOrLossInvestmentsGrp/RelatedOrExemptFuncIncomeAmt",39483,39477,"2022v4.0, 2022v4.1, 2022v5.0"
"/Return/ReturnData/IRS990/Form8282FiledCnt",39482,39479,"2022v4.1, 2022v5.0"
"/Return/ReturnData/IRS990ScheduleG/FundraisingEventInformationGrp/FoodAndBeverageTotalEventsAmt",39327,39325,"2022v4.0, 2022v4.1, 2022v5.0"
"/Return/ReturnData/IRS990EZ/SaleOfAssetsGrossAmt",39322,39321,"2022v4.0, 2022v4.1, 2022v5.0"
"/Return/ReturnData/IRS990ScheduleC",39296,39293,"2022v4.0, 2022v4.1, 2022v5.0"
"/Return/ReturnData/IRS990ScheduleG/FundraisingEventInformationGrp/OtherDirectExpensesEvent2Amt",39261,39258,"2022v4.0, 2022v4.1, 2022v5.0"
"/Return/ReturnData/IRS990ScheduleD/CYMinus4YrEndwmtFundGrp",39148,39144,"2022v4.0, 2022v4.1, 2022v5.0"
"/Return/ReturnData/IRS990/PdInCapSrplsLandBldgEqpFundGrp",39050,39050,"2022v4.0, 2022v4.1, 2022v5.0"
"/Return/ReturnData/IRS990/PdInCapSrplsLandBldgEqpFundGrp/BOYAmt",38789,38789,"2022v4.0, 2022v4.1, 2022v5.0"
"/Return/ReturnData/IRS990/PdInCapSrplsLandBldgEqpFundGrp/EOYAmt",38645,38645,"2022v4.0, 2022v4.1, 2022v5.0"
"/Return/ReturnData/IRS990/PensionPlanContributionsGrp/FundraisingAmt",38572,38569,"2022v4.0, 2022v4.1, 2022v5.0"
"/Return/ReturnData/IRS990/AcctCompileOrReviewBasisGrp",38030,38027,"2022v4.0, 2022v4.1, 2022v5.0"
"/Return/ReturnData/IRS990/LessRentalExpensesGrp",37487,37481,"2022v4.0, 2022v4.1, 2022v5.0"
"/Return/ReturnData/IRS990/ConferencesMeetingsGrp/FundraisingAmt",37452,37446,"2022v4.0, 2022v4.1, 2022v5.0"
"/Return/ReturnData/IRS990ScheduleF/AccountActivitiesOutsideUSGrp/EmployeeCnt",37323,11752,"2022v4.0, 2022v4.1, 2022v5.0"
"/Return/ReturnData/IRS990ScheduleD/EndowmentsHeldUnrelatedOrgInd",36559,36554,"2022v4.0, 2022v4.1, 2022v5.0"
"/Return/ReturnData/IRS990ScheduleF/AccountActivitiesOutsideUSGrp/OfficesCnt",36451,11639,"2022v4.0, 2022v4.1, 2022v5.0"
"/Return/ReturnData/IRS990ScheduleD/EndowmentsHeldRelatedOrgInd",36379,36374,"2022v4.0, 2022v4.1, 2022v5.0"
"/Return/ReturnData/IRS990/NetIncomeOrLossGrp/RelatedOrExemptFuncIncomeAmt",36321,36319,"2022v4.0, 2022v4.1, 2022v5.0"
"/Return/ReturnData/IRS990/ProgSrvcAccomActy3Grp/RevenueAmt",36143,36139,"2022v4.0, 2022v4.1, 2022v5.0"
"/Return/ReturnData/IRS990/LessRentalExpensesGrp/RealAmt",36065,36059,"2022v4.0, 2022v4.1, 2022v5.0"
"/Return/ReturnData/IRS990ScheduleI/Total501c3OrgCnt",35958,35954,"2022v4.0, 2022v4.1, 2022v5.0"
"/Return/ReturnData/IRS990ScheduleG/FundraisingEventInformationGrp/RentFcltyCostsTotalEventsAmt",35947,35945,"2022v4.0, 2022v4.1, 2022v5.0"
"/Return/ReturnData/IRS990/OtherRevenueMiscGrp/UnrelatedBusinessRevenueAmt",35776,20841,"2022v4.0, 2022v4.1, 2022v5.0"
"/Return/ReturnData/IRS990ScheduleG/FundraisingEventInformationGrp/FoodAndBeverageEvent1Amt",35694,35692,"2022v4.0, 2022v4.1, 2022v5.0"
"/Return/ReturnData/IRS990ScheduleD/CYEndwmtFundGrp",35672,35668,"2022v4.0, 2022v4.1, 2022v5.0"
"/Return/ReturnData/IRS990ScheduleA/OtherIncome509Grp/CurrentTaxYearAmt",35458,35457,"2022v4.0, 2022v4.1, 2022v5.0"
"/Return/ReturnData/IRS990ScheduleA/OtherIncome509Grp/CurrentTaxYearMinus1YearAmt",35433,35431,"2022v4.0, 2022v4.1, 2022v5.0"
"/Return/ReturnData/IRS990EZ/BooksInCareOfDetail/BusinessName",35416,35415,"2022v4.0, 2022v4.1, 2022v5.0"
"/Return/ReturnData/IRS990EZ/BooksInCareOfDetail/BusinessName/BusinessNameLine1Txt",35416,35415,"2022v4.0, 2022v4.1, 2022v5.0"
"/Return/ReturnData/IRS990/ProgSrvcAccomActy2Grp/GrantAmt",35400,35397,"2022v4.0, 2022v4.1, 2022v5.0"
"/Return/ReturnData/IRS990ScheduleD/CYMinus1YrEndwmtFundGrp",35350,35346,"2022v4.0, 2022v4.1, 2022v5.0"
"/Return/ReturnData/IRS990/FeesForServicesManagementGrp/ProgramServicesAmt",35271,35269,"2022v4.0, 2022v4.1, 2022v5.0"
"/Return/ReturnData/IRS990/GrossAmountSalesAssetsGrp/OtherAmt",35217,35211,"2022v4.0, 2022v4.1, 2022v5.0"
"/Return/ReturnData/IRS990ScheduleD/CYEndwmtFundGrp/EndYearBalanceAmt",35142,35138,"2022v4.0, 2022v4.1, 2022v5.0"
"/Return/ReturnData/IRS990ScheduleD/CYMinus1YrEndwmtFundGrp/EndYearBalanceAmt",34983,34979,"2022v4.0, 2022v4.1, 2022v5.0"
"/Return/ReturnData/IRS990ScheduleD/CYMinus2YrEndwmtFundGrp",34819,34815,"2022v4.0, 2022v4.1, 2022v5.0"
"/Return/ReturnData/IRS990ScheduleD/CYEndwmtFundGrp/BeginningYearBalanceAmt",34698,34694,"2022v4.0, 2022v4.1, 2022v5.0"
"/Return/ReturnData/IRS990ScheduleA/OtherIncome509Grp/CurrentTaxYearMinus2YearsAmt",34645,34641,"2022v4.0, 2022v4.1, 2022v5.0"
"/Return/ReturnData/IRS990ScheduleL/BusTrInvolveInterestedPrsnGrp",34611,17572,"2022v4.0, 2022v4.1, 2022v5.0"
"/Return/ReturnData/IRS990/TotalOtherProgSrvcRevenueAmt",34596,34595,"2022v4.0, 2022v4.1, 2022v5.0"
"/Return/ReturnData/IRS990ScheduleL/BusTrInvolveInterestedPrsnGrp/SharingOfRevenuesInd",34498,17503,"2022v4.0, 2022v4.1, 2022v5.0"
"/Return/ReturnData/IRS990ScheduleA/SubstAndDsqlfyPrsnsTotGrp/CurrentTaxYearAmt",34458,34453,"2022v4.0, 2022v4.1, 2022v5.0"
"/Return/ReturnData/IRS990ScheduleD/CYMinus2YrEndwmtFundGrp/EndYearBalanceAmt",34431,34427,"2022v4.0, 2022v4.1, 2022v5.0"
"/Return/ReturnData/IRS990/IntangibleAssetsGrp/BOYAmt",34422,34416,"2022v4.0, 2022v4.1, 2022v5.0"
"/Return/ReturnData/IRS990/DAFExcessBusinessHoldingsInd",34309,34305,"2022v4.0, 2022v4.1, 2022v5.0"
"/Return/ReturnData/IRS990ScheduleD/CYMinus1YrEndwmtFundGrp/BeginningYearBalanceAmt",34208,34204,"2022v4.0, 2022v4.1, 2022v5.0"
"/Return/ReturnData/IRS990ScheduleA/SubstAndDsqlfyPrsnsTotGrp/CurrentTaxYearMinus1YearAmt",34205,34201,"2022v4.0, 2022v4.1, 2022v5.0"
"/Return/ReturnData/IRS990/RelatedOrganizationsAmt",34039,34038,"2022v4.0, 2022v4.1, 2022v5.0"
"/Return/ReturnData/IRS990ScheduleD/CYMinus3YrEndwmtFundGrp/EndYearBalanceAmt",33936,33932,"2022v4.0, 2022v4.1, 2022v5.0"
"/Return/ReturnData/IRS990ScheduleA/OtherIncome509Grp/CurrentTaxYearMinus3YearsAmt",33934,33931,"2022v4.0, 2022v4.1, 2022v5.0"
"/Return/ReturnHeader/Filer/InCareOfNm",33928,33924,"2022v4.1, 2022v5.0"
"/Return/ReturnData/IRS990/TotalOthProgramServiceRevGrp",33816,33814,"2022v4.0, 2022v4.1, 2022v5.0"
"/Return/ReturnData/IRS990ScheduleD/CYMinus2YrEndwmtFundGrp/BeginningYearBalanceAmt",33725,33721,"2022v4.0, 2022v4.1, 2022v5.0"
"/Return/ReturnData/IRS990/Form990TFiledInd",33685,33668,"2022v4.0, 2022v4.1, 2022v5.0"
"/Return/ReturnData/IRS990/FSAuditedBasisGrp/ConsolidatedBasisFinclStmtInd",33613,33610,"2022v4.0, 2022v4.1, 2022v5.0"
"/Return/ReturnData/IRS990ScheduleA/SubstAndDsqlfyPrsnsTotGrp/CurrentTaxYearMinus2YearsAmt",33567,33563,"2022v4.0, 2022v4.1, 2022v5.0"
"/Return/ReturnData/IRS990ScheduleF/AccountActivitiesOutsideUSGrp/SpecificServicesProvidedTxt",33545,10955,"2022v4.0, 2022v4.1, 2022v5.0"
"/Return/ReturnData/IRS990/TaxableDistributionsInd",33542,33538,"2022v4.0, 2022v4.1, 2022v5.0"
"/Return/ReturnData/IRS990ScheduleR/IdDisregardedEntitiesGrp",33471,10710,"2022v4.0, 2022v4.1, 2022v5.0"
"/Return/ReturnData/IRS990ScheduleR/IdDisregardedEntitiesGrp/DisregardedEntityName",33463,10707,"2022v4.0, 2022v4.1, 2022v5.0"
"/Return/ReturnData/IRS990ScheduleR/IdDisregardedEntitiesGrp/DisregardedEntityName/BusinessNameLine1Txt",33463,10707,"2022v4.0, 2022v4.1, 2022v5.0"
"/Return/ReturnData/IRS990ScheduleA/OtherIncome509Grp/CurrentTaxYearMinus4YearsAmt",33461,33458,"2022v4.0, 2022v4.1, 2022v5.0"
"/Return/ReturnData/IRS990ScheduleA/SubstAndDsqlfyPrsnsTotGrp/CurrentTaxYearMinus3YearsAmt",33454,33451,"2022v4.0, 2022v4.1, 2022v5.0"
"/Return/ReturnData/IRS990ScheduleD/CYMinus4YrEndwmtFundGrp/EndYearBalanceAmt",33416,33412,"2022v4.0, 2022v4.1, 2022v5.0"
"/Return/ReturnData/IRS990/LessCostOthBasisSalesExpnssGrp/OtherAmt",33390,33386,"2022v4.0, 2022v4.1, 2022v5.0"
"/Return/ReturnData/IRS990/RentalIncomeOrLossGrp/PersonalAmt",33365,33363,"2022v4.0, 2022v4.1, 2022v5.0"
"/Return/ReturnData/IRS990/TotalOthProgramServiceRevGrp/TotalRevenueColumnAmt",33264,33262,"2022v4.0, 2022v4.1, 2022v5.0"
"/Return/ReturnData/IRS990/DistributionToDonorInd",33258,33254,"2022v4.0, 2022v4.1, 2022v5.0"
"/Return/ReturnData/IRS990ScheduleD/CYMinus3YrEndwmtFundGrp/BeginningYearBalanceAmt",33203,33199,"2022v4.0, 2022v4.1, 2022v5.0"
"/Return/ReturnData/IRS990ScheduleA/SubstAndDsqlfyPrsnsTotGrp/CurrentTaxYearMinus4YearsAmt",32980,32976,"2022v4.0, 2022v4.1, 2022v5.0"
"/Return/ReturnData/IRS990ScheduleR/IdDisregardedEntitiesGrp/PrimaryActivitiesTxt",32927,10517,"2022v4.0, 2022v4.1, 2022v5.0"
"/Return/ReturnData/IRS990ScheduleR/IdDisregardedEntitiesGrp/USAddress",32792,10486,"2022v4.0, 2022v4.1, 2022v5.0"
"/Return/ReturnData/IRS990ScheduleR/IdDisregardedEntitiesGrp/USAddress/AddressLine1Txt",32792,10486,"2022v4.0, 2022v4.1, 2022v5.0"
"/Return/ReturnData/IRS990ScheduleR/IdDisregardedEntitiesGrp/USAddress/CityNm",32792,10486,"2022v4.0, 2022v4.1, 2022v5.0"
"/Return/ReturnData/IRS990ScheduleR/IdDisregardedEntitiesGrp/USAddress/StateAbbreviationCd",32792,10486,"2022v4.0, 2022v4.1, 2022v5.0"
"/Return/ReturnData/IRS990ScheduleR/IdDisregardedEntitiesGrp/USAddress/ZIPCd",32792,10486,"2022v4.0, 2022v4.1, 2022v5.0"
"/Return/ReturnData/IRS990ScheduleR/IdDisregardedEntitiesGrp/LegalDomicileStateCd",32764,10486,"2022v4.0, 2022v4.1, 2022v5.0"
"/Return/ReturnData/IRS990ScheduleD/CYMinus4YrEndwmtFundGrp/BeginningYearBalanceAmt",32625,32621,"2022v4.0, 2022v4.1, 2022v5.0"
"/Return/ReturnData/IRS990ScheduleG/FundraisingEventInformationGrp/RentFacilityCostsEvent1Amt",32546,32544,"2022v4.0, 2022v4.1, 2022v5.0"
"/Return/ReturnData/IRS990ScheduleH/SupplementalInformationDetail",32094,2345,"2022v4.1, 2022v5.0"
"/Return/ReturnData/IRS990ScheduleH/SupplementalInformationDetail/FormAndLineReferenceDesc",32094,2345,"2022v4.1, 2022v5.0"
"/Return/ReturnData/IRS990ScheduleH/SupplementalInformationDetail/ExplanationTxt",32089,2345,"2022v4.1, 2022v5.0"
"/Return/ReturnData/IRS990/LoansFromOfficersDirectorsGrp",31762,31758,"2022v4.0, 2022v4.1, 2022v5.0"
"/Return/ReturnData/IRS990EZ/InfoInScheduleOPartVInd",31760,31758,"2022v4.0, 2022v4.1, 2022v5.0"
"/Return/ReturnData/IRS990ScheduleM/OtherNonCashContriTableGrp",31688,16569,"2022v4.0, 2022v4.1, 2022v5.0"
"/Return/ReturnData/IRS990ScheduleM",31661,31657,"2022v4.0, 2022v4.1, 2022v5.0"
"/Return/ReturnData/IRS990/FederatedCampaignsAmt",31547,31546,"2022v4.0, 2022v4.1, 2022v5.0"
"/Return/ReturnData/IRS990/InvestmentsProgramRelatedGrp/BOYAmt",31545,31542,"2022v4.0, 2022v4.1, 2022v5.0"
"/Return/ReturnData/IRS990ScheduleM/OtherNonCashContriTableGrp/NoncashContributionsRptF990Amt",31514,16495,"2022v4.0, 2022v4.1, 2022v5.0"
"/Return/ReturnData/IRS990ScheduleM/ThirdPartiesUsedInd",31179,31175,"2022v4.0, 2022v4.1, 2022v5.0"
"/Return/ReturnData/IRS990ScheduleM/ReviewProcessUnusualNCGiftsInd",31161,31157,"2022v4.0, 2022v4.1, 2022v5.0"
"/Return/ReturnData/IRS990ScheduleA/GrossReceiptsNonUnrltBusGrp/CurrentTaxYearAmt",31016,31014,"2022v4.0, 2022v4.1, 2022v5.0"
"/Return/ReturnData/IRS990ScheduleM/AnyPropertyThatMustBeHeldInd",30989,30985,"2022v4.0, 2022v4.1, 2022v5.0"
"/Return/ReturnData/IRS990/GrantsPayableGrp",30955,30954,"2022v4.0, 2022v4.1, 2022v5.0"
"/Return/ReturnData/IRS990/GamingGrossIncomeAmt",30896,30892,"2022v4.0, 2022v4.1, 2022v5.0"
"/Return/ReturnData/IRS990/AcctCompileOrReviewBasisGrp/SeparateBasisFinclStmtInd",30545,30542,"2022v4.0, 2022v4.1, 2022v5.0"
"/Return/ReturnData/IRS990ScheduleE/SupplementalInformationDetail",30541,16214,"2022v4.0, 2022v4.1, 2022v5.0"
"/Return/ReturnData/IRS990ScheduleE/SupplementalInformationDetail/FormAndLineReferenceDesc",30541,16214,"2022v4.0, 2022v4.1, 2022v5.0"
"/Return/ReturnData/IRS990ScheduleL/BusTrInvolveInterestedPrsnGrp/NameOfInterested",30371,17260,"2022v4.0, 2022v4.1, 2022v5.0"
"/Return/ReturnData/IRS990/NetRentalIncomeOrLossGrp/ExclusionAmt",30349,30347,"2022v4.0, 2022v4.1, 2022v5.0"
"/Return/ReturnData/IRS990ScheduleD/CYEndwmtFundGrp/InvestmentEarningsOrLossesAmt",30259,30255,"2022v4.0, 2022v4.1, 2022v5.0"
"/Return/ReturnData/IRS990ScheduleL/BusTrInvolveInterestedPrsnGrp/RelationshipDescriptionTxt",30219,17098,"2022v4.0, 2022v4.1, 2022v5.0"
"/Return/ReturnData/IRS990ScheduleA/GrossReceiptsNonUnrltBusGrp/CurrentTaxYearMinus1YearAmt",30186,30184,"2022v4.0, 2022v4.1, 2022v5.0"
"/Return/ReturnData/IRS990ScheduleD/CYMinus1YrEndwmtFundGrp/InvestmentEarningsOrLossesAmt",30169,30165,"2022v4.0, 2022v4.1, 2022v5.0"
"/Return/ReturnData/IRS990ScheduleG/FundraisingEventInformationGrp/OtherEventsTotalCnt",30163,30160,"2022v4.0, 2022v4.1, 2022v5.0"
"/Return/ReturnData/IRS990ScheduleM/OtherNonCashContriTableGrp/NonCashCheckboxInd",30160,15811,"2022v4.0, 2022v4.1, 2022v5.0"
"/Return/ReturnData/IRS990/TotalOtherProgSrvcGrantAmt",30148,30148,"2022v4.0, 2022v4.1, 2022v5.0"
"/Return/ReturnData/IRS990ScheduleM/OtherNonCashContriTableGrp/ContributionCnt",30127,15781,"2022v4.0, 2022v4.1, 2022v5.0"
"/Return/ReturnData/IRS990/GamingDirectExpensesAmt",29967,29963,"2022v4.0, 2022v4.1, 2022v5.0"
"/Return/ReturnData/IRS990ScheduleL/BusTrInvolveInterestedPrsnGrp/TransactionDesc",29967,16985,"2022v4.0, 2022v4.1, 2022v5.0"
"/Return/ReturnData/IRS990ScheduleM/OtherNonCashContriTableGrp/Desc",29951,14993,"2022v4.0, 2022v4.1, 2022v5.0"
"/Return/ReturnData/IRS990/LoansFromOfficersDirectorsGrp/EOYAmt",29931,29927,"2022v4.0, 2022v4.1, 2022v5.0"
"/Return/ReturnData/IRS990/LoansFromOfficersDirectorsGrp/BOYAmt",29843,29840,"2022v4.0, 2022v4.1, 2022v5.0"
"/Return/ReturnData/IRS990ScheduleD/LandGrp/InvestmentCostOrOtherBasisAmt",29807,29802,"2022v4.0, 2022v4.1, 2022v5.0"
"/Return/ReturnData/IRS990ScheduleD/CYMinus2YrEndwmtFundGrp/InvestmentEarningsOrLossesAmt",29772,29768,"2022v4.0, 2022v4.1, 2022v5.0"
"/Return/ReturnData/IRS990/GrantsPayableGrp/BOYAmt",29595,29594,"2022v4.0, 2022v4.1, 2022v5.0"
"/Return/ReturnData/IRS990ScheduleD/OtherExpensesIncludedAmt",29593,29588,"2022v4.0, 2022v4.1, 2022v5.0"
"/Return/ReturnData/IRS990/EscrowAccountLiabilityGrp",29536,29535,"2022v4.0, 2022v4.1, 2022v5.0"
"/Return/ReturnData/IRS990/TotalOthProgramServiceRevGrp/RelatedOrExemptFuncIncomeAmt",29358,29356,"2022v4.0, 2022v4.1, 2022v5.0"
"/Return/ReturnData/IRS990ScheduleA/GrossReceiptsNonUnrltBusGrp/CurrentTaxYearMinus3YearsAmt",29325,29323,"2022v4.0, 2022v4.1, 2022v5.0"
"/Return/ReturnData/IRS990ScheduleD/CYMinus3YrEndwmtFundGrp/InvestmentEarningsOrLossesAmt",29324,29320,"2022v4.0, 2022v4.1, 2022v5.0"
"/Return/ReturnData/IRS990ScheduleL",29236,29233,"2022v4.0, 2022v4.1, 2022v5.0"
"/Return/ReturnData/IRS990/GrantsPayableGrp/EOYAmt",29046,29045,"2022v4.0, 2022v4.1, 2022v5.0"
"/Return/ReturnData/IRS990/EscrowAccountLiabilityGrp/BOYAmt",28943,28942,"2022v4.0, 2022v4.1, 2022v5.0"
"/Return/ReturnData/IRS990/FederalGrantAuditPerformedInd",28882,28881,"2022v4.0, 2022v4.1, 2022v5.0"
"/Return/ReturnData/IRS990ScheduleA/GrossReceiptsNonUnrltBusGrp/CurrentTaxYearMinus4YearsAmt",28832,28828,"2022v4.0, 2022v4.1, 2022v5.0"
"/Return/ReturnData/IRS990ScheduleD/CYMinus4YrEndwmtFundGrp/InvestmentEarningsOrLossesAmt",28806,28802,"2022v4.0, 2022v4.1, 2022v5.0"
"/Return/ReturnData/IRS990ScheduleA/GrossReceiptsNonUnrltBusGrp/CurrentTaxYearMinus2YearsAmt",28728,28726,"2022v4.0, 2022v4.1, 2022v5.0"
"/Return/ReturnData/IRS990/DoingBusinessAsName",28674,28671,"2022v4.0, 2022v4.1, 2022v5.0"
"/Return/ReturnData/IRS990/DoingBusinessAsName/BusinessNameLine1Txt",28674,28671,"2022v4.0, 2022v4.1, 2022v5.0"
"/Return/ReturnData/TransferPrsnlBnftContractsDecl",28588,28587,"2022v4.1, 2022v5.0"
"/Return/ReturnData/TransferPrsnlBnftContractsDecl/DeclarationDesc",28588,28587,"2022v4.1, 2022v5.0"
"/Return/ReturnData/IRS990ScheduleD/OtherRevenueAmt",28559,28554,"2022v4.0, 2022v4.1, 2022v5.0"
"/Return/ReturnData/IRS990/EscrowAccountLiabilityGrp/EOYAmt",28303,28302,"2022v4.0, 2022v4.1, 2022v5.0"
"/Return/ReturnData/IRS990/TaxExemptBondLiabilitiesGrp",28145,28144,"2022v4.0, 2022v4.1, 2022v5.0"
"/Return/ReturnData/IRS990ScheduleG/FundraisingEventInformationGrp/GrossReceiptsOtherEventsAmt",27773,27771,"2022v4.0, 2022v4.1, 2022v5.0"
"/Return/ReturnData/IRS990ScheduleR/IdDisregardedEntitiesGrp/DirectControllingEntityName",27750,9230,"2022v4.0, 2022v4.1, 2022v5.0"
"/Return/ReturnData/IRS990ScheduleR/IdDisregardedEntitiesGrp/DirectControllingEntityName/BusinessNameLine1Txt",27750,9230,"2022v4.0, 2022v4.1, 2022v5.0"
"/Return/ReturnData/IRS990/TaxExemptBondLiabilitiesGrp/BOYAmt",27691,27690,"2022v4.0, 2022v4.1, 2022v5.0"
"/Return/ReturnData/IRS990ScheduleA/AmountsRcvdDsqlfyPersonGrp/CurrentTaxYearMinus1YearAmt",27663,27660,"2022v4.0, 2022v4.1, 2022v5.0"
"/Return/ReturnData/IRS990ScheduleR/IdDisregardedEntitiesGrp/EIN",27608,8923,"2022v4.0, 2022v4.1, 2022v5.0"
"/Return/ReturnData/IRS990EZ/InitiationFeesAndCapContriAmt",27430,27429,"2022v4.0, 2022v4.1, 2022v5.0"
"/Return/ReturnData/IRS990EZ/GrossReceiptsForPublicUseAmt",27397,27396,"2022v4.0, 2022v4.1, 2022v5.0"
"/Return/ReturnData/IRS990ScheduleH/OthHlthCareFcltsNotHospitalGrp/OthHlthCareFcltsGrp",27381,1575,"2022v4.1, 2022v5.0"
"/Return/ReturnData/IRS990ScheduleH/OthHlthCareFcltsNotHospitalGrp/OthHlthCareFcltsGrp/BusinessName",27381,1575,"2022v4.1, 2022v5.0"
"/Return/ReturnData/IRS990ScheduleH/OthHlthCareFcltsNotHospitalGrp/OthHlthCareFcltsGrp/BusinessName/BusinessNameLine1Txt",27381,1575,"2022v4.1, 2022v5.0"
"/Return/ReturnData/IRS990ScheduleH/OthHlthCareFcltsNotHospitalGrp/OthHlthCareFcltsGrp/FacilityTxt",27381,1575,"2022v4.1, 2022v5.0"
"/Return/ReturnData/IRS990ScheduleH/OthHlthCareFcltsNotHospitalGrp/OthHlthCareFcltsGrp/USAddress",27381,1575,"2022v4.1, 2022v5.0"
"/Return/ReturnData/IRS990ScheduleH/OthHlthCareFcltsNotHospitalGrp/OthHlthCareFcltsGrp/USAddress/AddressLine1Txt",27381,1575,"2022v4.1, 2022v5.0"
"/Return/ReturnData/IRS990ScheduleH/OthHlthCareFcltsNotHospitalGrp/OthHlthCareFcltsGrp/USAddress/CityNm",27381,1575,"2022v4.1, 2022v5.0"
"/Return/ReturnData/IRS990ScheduleH/OthHlthCareFcltsNotHospitalGrp/OthHlthCareFcltsGrp/USAddress/StateAbbreviationCd",27381,1575,"2022v4.1, 2022v5.0"
"/Return/ReturnData/IRS990ScheduleH/OthHlthCareFcltsNotHospitalGrp/OthHlthCareFcltsGrp/USAddress/ZIPCd",27381,1575,"2022v4.1, 2022v5.0"
"/Return/ReturnData/IRS990ScheduleA/AmountsRcvdDsqlfyPersonGrp/CurrentTaxYearAmt",27346,27342,"2022v4.0, 2022v4.1, 2022v5.0"
"/Return/ReturnData/IRS990ScheduleA/AmountsRcvdDsqlfyPersonGrp/CurrentTaxYearMinus2YearsAmt",27184,27181,"2022v4.0, 2022v4.1, 2022v5.0"
"/Return/ReturnData/IRS990/TaxExemptBondLiabilitiesGrp/EOYAmt",27067,27066,"2022v4.0, 2022v4.1, 2022v5.0"
"/Return/ReturnData/IRS990ScheduleM/OtherNonCashContriTableGrp/MethodOfDeterminingRevenuesTxt",26965,13470,"2022v4.0, 2022v4.1, 2022v5.0"
"/Return/ReturnData/IRS990ScheduleI/TotalOtherOrgCnt",26919,26917,"2022v4.0, 2022v4.1, 2022v5.0"
"/Return/ReturnData/IRS990ScheduleA/AmountsRcvdDsqlfyPersonGrp/CurrentTaxYearMinus3YearsAmt",26835,26833,"2022v4.0, 2022v4.1, 2022v5.0"
"/Return/ReturnData/IRS990ScheduleD/EquipmentGrp/InvestmentCostOrOtherBasisAmt",26648,26646,"2022v4.0, 2022v4.1, 2022v5.0"
"/Return/ReturnData/IRS990ScheduleA/SupportSumAmt",26578,26574,"2022v4.0, 2022v4.1, 2022v5.0"
"/Return/ReturnData/IRS990/ReceivablesFromOfficersEtcGrp/BOYAmt",26568,26566,"2022v4.0, 2022v4.1, 2022v5.0"
"/Return/ReturnData/IRS990ScheduleG/FundraisingEventInformationGrp/GrossRevenueOtherEventsAmt",26509,26507,"2022v4.0, 2022v4.1, 2022v5.0"
"/Return/ReturnData/IRS990ScheduleL/BusTrInvolveInterestedPrsnGrp/TransactionAmt",26448,14931,"2022v4.0, 2022v4.1, 2022v5.0"
"/Return/ReturnData/IRS990/MiscellaneousRevenueGrp",26420,26418,"2022v4.0, 2022v4.1, 2022v5.0"
"/Return/ReturnData/IRS990/MiscellaneousRevenueGrp/TotalRevenueColumnAmt",26413,26411,"2022v4.0, 2022v4.1, 2022v5.0"
"/Return/ReturnData/IRS990ScheduleA/AmountsRcvdDsqlfyPersonGrp/CurrentTaxYearMinus4YearsAmt",26314,26311,"2022v4.0, 2022v4.1, 2022v5.0"
"/Return/ReturnData/IRS990ScheduleA/SupportedOrganizationsCnt",25913,25911,"2022v4.0, 2022v4.1, 2022v5.0"
"/Return/ReturnData/IRS990ScheduleG/FundraisingEventInformationGrp/EntertainmentTotalEventsAmt",25620,25619,"2022v4.0, 2022v4.1, 2022v5.0"
"/Return/ReturnData/IRS990/NetRentalIncomeOrLossGrp/RelatedOrExemptFuncIncomeAmt",25590,25588,"2022v4.0, 2022v4.1, 2022v5.0"
"/Return/ReturnData/IRS990/ProgSrvcAccomActy3Grp/GrantAmt",25381,25379,"2022v4.0, 2022v4.1, 2022v5.0"
"/Return/ReturnData/IRS990/QuidProQuoContriDisclInd",25138,25137,"2022v4.0, 2022v4.1, 2022v5.0"
"/Return/ReturnData/IRS990ScheduleA/SupportedOrganizationsTotalCnt",24699,24697,"2022v4.0, 2022v4.1, 2022v5.0"
"/Return/ReturnData/IRS990ScheduleR/IdDisregardedEntitiesGrp/EndOfYearAssetsAmt",24691,8139,"2022v4.0, 2022v4.1, 2022v5.0"
"/Return/ReturnData/IRS990/DonatedServicesAndUseFcltsAmt",24657,24657,"2022v4.0, 2022v4.1, 2022v5.0"
"/Return/ReturnData/IRS990ScheduleL/LoansBtwnOrgInterestedPrsnGrp",24567,11217,"2022v4.0, 2022v4.1, 2022v5.0"
"/Return/ReturnData/IRS990ScheduleL/LoansBtwnOrgInterestedPrsnGrp/DefaultInd",24443,11169,"2022v4.0, 2022v4.1, 2022v5.0"
"/Return/ReturnData/IRS990ScheduleL/LoansBtwnOrgInterestedPrsnGrp/BoardOrCommitteeApprovalInd",24431,11160,"2022v4.0, 2022v4.1, 2022v5.0"
"/Return/ReturnData/IRS990ScheduleL/LoansBtwnOrgInterestedPrsnGrp/WrittenAgreementInd",24402,11136,"2022v4.0, 2022v4.1, 2022v5.0"
"/Return/ReturnData/IRS990/RcvblFromDisqualifiedPrsnGrp/BOYAmt",24294,24293,"2022v4.0, 2022v4.1, 2022v5.0"
"/Return/ReturnData/IRS990ScheduleI/RecipientTable/USAddress/AddressLine2Txt",24270,3573,"2022v4.0, 2022v4.1, 2022v5.0"
"/Return/ReturnData/IRS990ScheduleE/SupplementalInformationDetail/ExplanationTxt",24234,15059,"2022v4.0, 2022v4.1, 2022v5.0"
"/Return/ReturnData/IRS990ScheduleJ/CompensationSurveyInd",24176,24171,"2022v4.0, 2022v4.1, 2022v5.0"
"/Return/ReturnData/IRS990ScheduleR/IdDisregardedEntitiesGrp/TotalIncomeAmt",23987,7829,"2022v4.0, 2022v4.1, 2022v5.0"
"/Return/ReturnData/IRS990/OwnWebsiteInd",23967,23961,"2022v4.0, 2022v4.1, 2022v5.0"
"/Return/ReturnData/IRS990/ForeignGrantsGrp/ProgramServicesAmt",23937,23935,"2022v4.0, 2022v4.1, 2022v5.0"
"/Return/ReturnData/IRS990/InvestmentExpenseAmt",23762,23761,"2022v4.0, 2022v4.1, 2022v5.0"
"/Return/ReturnData/IRS990ScheduleF/SupplementalInformationDetail",23559,13676,"2022v4.0, 2022v4.1, 2022v5.0"
"/Return/ReturnData/IRS990ScheduleF/SupplementalInformationDetail/FormAndLineReferenceDesc",23556,13676,"2022v4.0, 2022v4.1, 2022v5.0"
"/Return/ReturnData/IRS990ScheduleG/AgrmtProfFundraisingActyInd",23540,23538,"2022v4.0, 2022v4.1, 2022v5.0"
"/Return/ReturnData/IRS990ScheduleG/FundraisingEventInformationGrp/OthDirectExpnssOtherEventsAmt",23498,23496,"2022v4.0, 2022v4.1, 2022v5.0"
"/Return/ReturnData/IRS990ScheduleD/PrmnntEndowmentBalanceEOYPct",23291,23289,"2022v4.0, 2022v4.1, 2022v5.0"
"/Return/ReturnData/IRS990/FeesForServicesLegalGrp/FundraisingAmt",23121,23119,"2022v4.0, 2022v4.1, 2022v5.0"
"/Return/ReturnData/IRS990ScheduleD/BuildingsGrp/InvestmentCostOrOtherBasisAmt",22937,22935,"2022v4.0, 2022v4.1, 2022v5.0"
"/Return/ReturnData/IRS990ScheduleA/Form990SchASupportingOrgGrp",22934,22932,"2022v4.0, 2022v4.1, 2022v5.0"
"/Return/ReturnData/IRS990ScheduleA/Form990SchASupportingOrgGrp/Contribution35ControlledInd",22934,22932,"2022v4.0, 2022v4.1, 2022v5.0"
"/Return/ReturnData/IRS990ScheduleA/Form990SchASupportingOrgGrp/ContributionControllerInd",22934,22932,"2022v4.0, 2022v4.1, 2022v5.0"
"/Return/ReturnData/IRS990ScheduleA/Form990SchASupportingOrgGrp/ContributionFamilyInd",22934,22932,"2022v4.0, 2022v4.1, 2022v5.0"
"/Return/ReturnData/IRS990ScheduleA/Form990SchASupportingOrgGrp/ControlledDisqualifiedPrsnInd",22934,22932,"2022v4.0, 2022v4.1, 2022v5.0"
"/Return/ReturnData/IRS990ScheduleA/Form990SchASupportingOrgGrp/DisqualifiedPrsnControllIntInd",22934,22932,"2022v4.0, 2022v4.1, 2022v5.0"
"/Return/ReturnData/IRS990ScheduleA/Form990SchASupportingOrgGrp/DisqualifiedPrsnOwnrIntInd",22934,22932,"2022v4.0, 2022v4.1, 2022v5.0"
"/Return/ReturnData/IRS990ScheduleA/Form990SchASupportingOrgGrp/ExcessBusinessHoldingsRulesInd",22934,22932,"2022v4.0, 2022v4.1, 2022v5.0"
"/Return/ReturnData/IRS990ScheduleA/Form990SchASupportingOrgGrp/ListedByNameGoverningDocInd",22934,22932,"2022v4.0, 2022v4.1, 2022v5.0"
"/Return/ReturnData/IRS990ScheduleA/Form990SchASupportingOrgGrp/LoanDisqualifiedPersonInd",22934,22932,"2022v4.0, 2022v4.1, 2022v5.0"
"/Return/ReturnData/IRS990ScheduleA/Form990SchASupportingOrgGrp/OrganizationChangeSuprtOrgInd",22934,22932,"2022v4.0, 2022v4.1, 2022v5.0"
"/Return/ReturnData/IRS990ScheduleA/Form990SchASupportingOrgGrp/PaymentSubstantialContribtrInd",22934,22932,"2022v4.0, 2022v4.1, 2022v5.0"
"/Return/ReturnData/IRS990ScheduleA/Form990SchASupportingOrgGrp/SupportNonSupportedOrgInd",22934,22932,"2022v4.0, 2022v4.1, 2022v5.0"
"/Return/ReturnData/IRS990ScheduleA/Form990SchASupportingOrgGrp/SupportedOrgNotOrganizedUSInd",22934,22932,"2022v4.0, 2022v4.1, 2022v5.0"
"/Return/ReturnData/IRS990ScheduleA/Form990SchASupportingOrgGrp/SupportedOrgSectionC456Ind",22934,22932,"2022v4.0, 2022v4.1, 2022v5.0"
"/Return/ReturnData/IRS990ScheduleA/Form990SchASupportingOrgGrp/SuprtOrgNoIRSDeterminationInd",22934,22932,"2022v4.0, 2022v4.1, 2022v5.0"
"/Return/ReturnData/IRS990ScheduleG/FundraisingEventInformationGrp/EntertainmentEvent1Amt",22782,22781,"2022v4.0, 2022v4.1, 2022v5.0"
"/Return/ReturnData/IRS990ScheduleA/First5Years509Ind",22753,22749,"2022v4.0, 2022v4.1, 2022v5.0"
"/Return/ReturnData/IRS990/InterestGrp/FundraisingAmt",22742,22742,"2022v4.0, 2022v4.1, 2022v5.0"
"/Return/ReturnData/IRS990/ProgSrvcAccomActyOtherGrp/RevenueAmt",22623,15732,"2022v4.0, 2022v4.1, 2022v5.0"
"/Return/ReturnData/IRS990/MiscellaneousRevenueGrp/RelatedOrExemptFuncIncomeAmt",22578,22576,"2022v4.0, 2022v4.1, 2022v5.0"
"/Return/ReturnData/IRS990ScheduleD/InclEscrowCustodialAcctLiabInd",22544,22543,"2022v4.0, 2022v4.1, 2022v5.0"
"/Return/ReturnData/IRS990ScheduleA/SupportingOrganization509a3Ind",22298,22296,"2022v4.0, 2022v4.1, 2022v5.0"
"/Return/ReturnData/IRS990ScheduleD/TotalBookValueSecuritiesAmt",22287,22283,"2022v4.0, 2022v4.1, 2022v5.0"
"/Return/ReturnData/IRS990ScheduleC/SubstantiallyAllDuesNondedInd",22262,22261,"2022v4.0, 2022v4.1, 2022v5.0"
"/Return/ReturnData/IRS990ScheduleC/OnlyInHouseLobbyingInd",22219,22218,"2022v4.0, 2022v4.1, 2022v5.0"
"/Return/ReturnData/IRS990ScheduleC/AgreeCarryoverPriorYearInd",22078,22077,"2022v4.0, 2022v4.1, 2022v5.0"
"/Return/ReturnData/IRS990ScheduleR/IdRelatedOrgTxblCorpTrGrp/OwnershipPct",22054,7335,"2022v4.0, 2022v4.1, 2022v5.0"
"/Return/ReturnData/IRS990ScheduleD/DonatedServicesAndUseFcltsAmt",21987,21986,"2022v4.0, 2022v4.1, 2022v5.0"
"/Return/ReturnData/IRS990ScheduleA/SubstantialContributorsAmtGrp/CurrentTaxYearMinus1YearAmt",21830,21828,"2022v4.0, 2022v4.1, 2022v5.0"
"/Return/ReturnData/IRS990ScheduleA/First5Years170Ind",21632,21630,"2022v4.0, 2022v4.1, 2022v5.0"
"/Return/ReturnData/IRS990ScheduleG/FundraisingEventInformationGrp/NonCashPrizesTotalEventsAmt",21544,21544,"2022v4.0, 2022v4.1, 2022v5.0"
"/Return/ReturnData/IRS990ScheduleA/SubstantialContributorsAmtGrp/CurrentTaxYearMinus2YearsAmt",21506,21504,"2022v4.0, 2022v4.1, 2022v5.0"
"/Return/ReturnData/IRS990/RoyaltiesRevenueGrp/ExclusionAmt",21470,21470,"2022v4.0, 2022v4.1, 2022v5.0"
"/Return/ReturnData/IRS990ScheduleA/SubstantialContributorsAmtGrp/CurrentTaxYearAmt",21452,21449,"2022v4.0, 2022v4.1, 2022v5.0"
"/Return/ReturnData/IRS990ScheduleA/SubstantialContributorsAmtGrp/CurrentTaxYearMinus3YearsAmt",21439,21437,"2022v4.0, 2022v4.1, 2022v5.0"
"/Return/ReturnData/IRS990ScheduleA/SubstantialContributorsAmtGrp/CurrentTaxYearMinus4YearsAmt",21233,21231,"2022v4.0, 2022v4.1, 2022v5.0"
"/Return/ReturnData/IRS990ScheduleD/DonatedServicesUseFcltsAmt",21085,21084,"2022v4.0, 2022v4.1, 2022v5.0"
"/Return/ReturnData/IRS990ScheduleG/FundraisingEventInformationGrp/CharitableContriEvent2Amt",20953,20953,"2022v4.0, 2022v4.1, 2022v5.0"
"/Return/ReturnData/IRS990ScheduleR/IdRelatedOrgTxblPartnershipGrp/ShareOfEOYAssetsAmt",20885,3413,"2022v4.0, 2022v4.1, 2022v5.0"
"/Return/ReturnData/IRS990ScheduleI/GrantsOtherAsstToIndivInUSGrp/ValuationMethodUsedDesc",20732,11498,"2022v4.0, 2022v4.1, 2022v5.0"
"/Return/ReturnData/IRS990ScheduleJ/RltdOrgOfficerTrstKeyEmplGrp/BusinessName",20706,2435,"2022v4.1, 2022v5.0"
"/Return/ReturnData/IRS990ScheduleJ/RltdOrgOfficerTrstKeyEmplGrp/BusinessName/BusinessNameLine1Txt",20706,2435,"2022v4.1, 2022v5.0"
"/Return/ReturnData/IRS990/TotalOthProgramServiceRevGrp/UnrelatedBusinessRevenueAmt",20556,20555,"2022v4.0, 2022v4.1, 2022v5.0"
"/Return/ReturnData/IRS990ScheduleD/InvestmentExpensesNotIncldAmt",20507,20504,"2022v4.0, 2022v4.1, 2022v5.0"
"/Return/ReturnData/IRS990ScheduleR/IdRelatedOrgTxblPartnershipGrp/ShareOfTotalIncomeAmt",20499,3427,"2022v4.0, 2022v4.1, 2022v5.0"
"/Return/ReturnData/IRS990ScheduleD/BoardDesignatedBalanceEOYPct",20336,20333,"2022v4.0, 2022v4.1, 2022v5.0"
"/Return/ReturnData/IRS990/FeesForServicesProfFundraising/FundraisingAmt",20320,20319,"2022v4.0, 2022v4.1, 2022v5.0"
"/Return/ReturnData/IRS990ScheduleA/SchoolInd",20276,20276,"2022v4.0, 2022v4.1, 2022v5.0"
"/Return/ReturnData/IRS990/TotalOthProgramServiceRevGrp/ExclusionAmt",20148,20147,"2022v4.0, 2022v4.1, 2022v5.0"
"/Return/ReturnData/IRS990ScheduleL/BusTrInvolveInterestedPrsnGrp/NameOfInterested/PersonNm",20123,11609,"2022v4.0, 2022v4.1, 2022v5.0"
"/Return/ReturnData/IRS990ScheduleR/IdRelatedOrgTxblPartnershipGrp/OwnershipPct",20087,4164,"2022v4.0, 2022v4.1, 2022v5.0"
"/Return/ReturnData/IRS990ScheduleD/InvestmentExpensesNotIncld2Amt",20010,20008,"2022v4.0, 2022v4.1, 2022v5.0"
"/Return/ReturnData/IRS990/MiscellaneousRevenueGrp/ExclusionAmt",19744,19742,"2022v4.0, 2022v4.1, 2022v5.0"
"/Return/ReturnData/IRS990ScheduleE",19645,19645,"2022v4.0, 2022v4.1, 2022v5.0"
"/Return/ReturnData/IRS990/FeesForSrvcInvstMgmntFeesGrp/ProgramServicesAmt",19639,19638,"2022v4.0, 2022v4.1, 2022v5.0"
"/Return/ReturnData/IRS990/BenefitsToMembersGrp/ProgramServicesAmt",19632,19631,"2022v4.0, 2022v4.1, 2022v5.0"
"/Return/ReturnData/IRS990ScheduleL/LoansBtwnOrgInterestedPrsnGrp/LoanPurposeTxt",19549,10297,"2022v4.0, 2022v4.1, 2022v5.0"
"/Return/ReturnData/IRS990ScheduleL/LoansBtwnOrgInterestedPrsnGrp/OriginalPrincipalAmt",19532,10401,"2022v4.0, 2022v4.1, 2022v5.0"
"/Return/ReturnData/IRS990EZ/TypeOfOrganizationAssocInd",19387,19387,"2022v4.0, 2022v4.1, 2022v5.0"
"/Return/ReturnData/IRS990ScheduleE/PolicyStmtInBrochuresEtcInd",19371,19371,"2022v4.0, 2022v4.1, 2022v5.0"
"/Return/ReturnData/IRS990ScheduleE/NondiscriminatoryPolicyStmtInd",19367,19367,"2022v4.0, 2022v4.1, 2022v5.0"
"/Return/ReturnData/IRS990ScheduleD/CYMinus1YrEndwmtFundGrp/ContributionsAmt",19334,19332,"2022v4.0, 2022v4.1, 2022v5.0"
"/Return/ReturnData/IRS990ScheduleE/PlcyPblczdViaBroadcastMediaInd",19327,19327,"2022v4.0, 2022v4.1, 2022v5.0"
"/Return/ReturnData/IRS990ScheduleE/MaintainRacialCompRecsInd",19311,19311,"2022v4.0, 2022v4.1, 2022v5.0"
"/Return/ReturnData/IRS990ScheduleE/MaintainCpyOfBrochuresEtcInd",19303,19303,"2022v4.0, 2022v4.1, 2022v5.0"
"/Return/ReturnData/IRS990ScheduleE/ComplianceWithRevProc7550Ind",19295,19295,"2022v4.0, 2022v4.1, 2022v5.0"
"/Return/ReturnData/IRS990ScheduleE/DiscriminateRaceAdmissPlcyInd",19283,19283,"2022v4.0, 2022v4.1, 2022v5.0"
"/Return/ReturnData/IRS990ScheduleE/DiscriminateRaceStdntsRghtsInd",19283,19283,"2022v4.0, 2022v4.1, 2022v5.0"
"/Return/ReturnData/IRS990ScheduleE/GovernmentFinancialAidRcvdInd",19283,19283,"2022v4.0, 2022v4.1, 2022v5.0"
"/Return/ReturnData/IRS990ScheduleE/MaintainCpyOfAllSolInd",19281,19281,"2022v4.0, 2022v4.1, 2022v5.0"
"/Return/ReturnData/IRS990ScheduleE/DiscriminateRaceEmplmFcultyInd",19280,19280,"2022v4.0, 2022v4.1, 2022v5.0"
"/Return/ReturnData/IRS990ScheduleE/DiscriminateRaceUseOfFcltsInd",19279,19279,"2022v4.0, 2022v4.1, 2022v5.0"
"/Return/ReturnData/IRS990ScheduleE/MaintainScholarshipsRecsInd",19277,19277,"2022v4.0, 2022v4.1, 2022v5.0"
"/Return/ReturnData/IRS990ScheduleE/DiscriminateRaceEducPlcyInd",19276,19276,"2022v4.0, 2022v4.1, 2022v5.0"
"/Return/ReturnData/IRS990ScheduleE/DiscriminateRaceSchsInd",19266,19266,"2022v4.0, 2022v4.1, 2022v5.0"
"/Return/ReturnData/IRS990ScheduleE/DiscriminateRaceAthltProgInd",19246,19246,"2022v4.0, 2022v4.1, 2022v5.0"
"/Return/ReturnData/IRS990ScheduleE/DiscriminateRaceOtherActyInd",19231,19231,"2022v4.0, 2022v4.1, 2022v5.0"
"/Return/ReturnData/IRS990ScheduleL/LoansBtwnOrgInterestedPrsnGrp/RelationshipWithOrgTxt",19217,10183,"2022v4.0, 2022v4.1, 2022v5.0"
"/Return/ReturnData/IRS990ScheduleL/LoansBtwnOrgInterestedPrsnGrp/BalanceDueAmt",19195,10145,"2022v4.0, 2022v4.1, 2022v5.0"
"/Return/ReturnData/IRS990ScheduleE/GovernmentFinancialAidRvkdInd",19183,19183,"2022v4.0, 2022v4.1, 2022v5.0"
"/Return/ReturnData/IRS990/ContractorCompensationGrp/ContractorName/PersonNm",19153,8425,"2022v4.0, 2022v4.1, 2022v5.0"
"/Return/ReturnData/IRS990ScheduleD/CYMinus4YrEndwmtFundGrp/ContributionsAmt",19032,19032,"2022v4.0, 2022v4.1, 2022v5.0"
"/Return/ReturnData/IRS990ScheduleG/FundraisingEventInformationGrp/NonCashPrizesEvent1Amt",18977,18977,"2022v4.0, 2022v4.1, 2022v5.0"
"/Return/ReturnData/IRS990/PaymentsToAffiliatesGrp/ProgramServicesAmt",18923,18922,"2022v4.0, 2022v4.1, 2022v5.0"
"/Return/ReturnData/IRS990ScheduleD/CYMinus3YrEndwmtFundGrp/ContributionsAmt",18910,18909,"2022v4.0, 2022v4.1, 2022v5.0"
"/Return/ReturnData/IRS990ScheduleD/CYMinus2YrEndwmtFundGrp/ContributionsAmt",18872,18871,"2022v4.0, 2022v4.1, 2022v5.0"
"/Return/ReturnData/IRS990ScheduleD/CYEndwmtFundGrp/ContributionsAmt",18867,18866,"2022v4.0, 2022v4.1, 2022v5.0"
"/Return/ReturnData/IRS990ScheduleA/NetIncomeFromOtherUBIGrp/CurrentTaxYearMinus1YearAmt",18845,18839,"2022v4.0, 2022v4.1, 2022v5.0"
"/Return/ReturnData/IRS990ScheduleA/NetIncomeFromOtherUBIGrp/CurrentTaxYearAmt",18713,18710,"2022v4.0, 2022v4.1, 2022v5.0"
"/Return/ReturnData/IRS990/FeesForServicesManagementGrp/FundraisingAmt",18577,18576,"2022v4.0, 2022v4.1, 2022v5.0"
"/Return/ReturnData/IRS990ScheduleA/NetIncomeFromOtherUBIGrp/CurrentTaxYearMinus3YearsAmt",18465,18461,"2022v4.0, 2022v4.1, 2022v5.0"
"/Return/ReturnData/IRS990ScheduleA/NetIncomeFromOtherUBIGrp/CurrentTaxYearMinus4YearsAmt",18427,18423,"2022v4.0, 2022v4.1, 2022v5.0"
"/Return/ReturnData/IRS990ScheduleA/NetIncomeFromOtherUBIGrp/CurrentTaxYearMinus2YearsAmt",18381,18377,"2022v4.0, 2022v4.1, 2022v5.0"
"/Return/ReturnData/IRS990ScheduleJ/CompensationCommitteeInd",18281,18278,"2022v4.0, 2022v4.1, 2022v5.0"
"/Return/ReturnData/IRS990/CompDisqualPersonsGrp/ProgramServicesAmt",18200,18199,"2022v4.0, 2022v4.1, 2022v5.0"
"/Return/ReturnData/IRS990ScheduleF",18121,18119,"2022v4.0, 2022v4.1, 2022v5.0"
"/Return/ReturnData/IRS990ScheduleD/OtherRevenuesNotIncludedAmt",18107,18106,"2022v4.0, 2022v4.1, 2022v5.0"
"/Return/ReturnData/IRS990ScheduleL/LoansBtwnOrgInterestedPrsnGrp/PersonNm",17704,9563,"2022v4.0, 2022v4.1, 2022v5.0"
"/Return/ReturnData/IRS990/RoyaltiesRevenueGrp/RelatedOrExemptFuncIncomeAmt",17652,17652,"2022v4.0, 2022v4.1, 2022v5.0"
"/Return/ReturnData/IRS990ScheduleF/TransferToForeignCorpInd",17529,17527,"2022v4.0, 2022v4.1, 2022v5.0"
"/Return/ReturnData/IRS990ScheduleF/ForeignCorpOwnershipInd",17528,17526,"2022v4.0, 2022v4.1, 2022v5.0"
"/Return/ReturnData/IRS990ScheduleF/InterestInForeignTrustInd",17527,17525,"2022v4.0, 2022v4.1, 2022v5.0"
"/Return/ReturnData/IRS990ScheduleF/PassiveForeignInvestmestCoInd",17527,17525,"2022v4.0, 2022v4.1, 2022v5.0"
"/Return/ReturnData/IRS990ScheduleF/ForeignPartnershipInd",17526,17524,"2022v4.0, 2022v4.1, 2022v5.0"
"/Return/ReturnData/IRS990ScheduleF/BoycottCountriesInd",17525,17523,"2022v4.0, 2022v4.1, 2022v5.0"
"/Return/ReturnData/IRS990ScheduleH/SupplementalInformationGrp",17267,2330,"2022v4.1, 2022v5.0"
"/Return/ReturnData/IRS990ScheduleH/SupplementalInformationGrp/FormAndLineReferenceDesc",17267,2330,"2022v4.1, 2022v5.0"
"/Return/ReturnData/IRS990ScheduleH/SupplementalInformationGrp/ExplanationTxt",17248,2330,"2022v4.1, 2022v5.0"
"/Return/ReturnData/IRS990/NetIncomeOrLossGrp/ExclusionAmt",17159,17159,"2022v4.0, 2022v4.1, 2022v5.0"
"/Return/ReturnData/IRS990ScheduleA/UnrelatedBusinessNetIncm170Grp/CurrentTaxYearMinus1YearAmt",17148,17143,"2022v4.0, 2022v4.1, 2022v5.0"
"/Return/ReturnData/IRS990ScheduleA/UnrelatedBusinessNetIncm170Grp/CurrentTaxYearMinus4YearsAmt",17091,17085,"2022v4.0, 2022v4.1, 2022v5.0"
"/Return/ReturnData/IRS990/MiscellaneousRevenueGrp/UnrelatedBusinessRevenueAmt",16956,16954,"2022v4.0, 2022v4.1, 2022v5.0"
"/Return/ReturnData/IRS990ScheduleA/UnrelatedBusinessNetIncm170Grp/CurrentTaxYearMinus3YearsAmt",16934,16930,"2022v4.0, 2022v4.1, 2022v5.0"
"/Return/ReturnData/IRS990ScheduleD/TermEndowmentBalanceEOYPct",16884,16883,"2022v4.0, 2022v4.1, 2022v5.0"
"/Return/ReturnData/IRS990/ProgSrvcAccomActyOtherGrp/GrantAmt",16872,11510,"2022v4.0, 2022v4.1, 2022v5.0"
"/Return/ReturnData/IRS990/NetIncmFromFundraisingEvtGrp/UnrelatedBusinessRevenueAmt",16728,16728,"2022v4.0, 2022v4.1, 2022v5.0"
"/Return/ReturnData/IRS990ScheduleA/UnrelatedBusinessNetIncm170Grp/CurrentTaxYearAmt",16715,16710,"2022v4.0, 2022v4.1, 2022v5.0"
"/Return/ReturnData/IRS990ScheduleD/OtherLandBuildingsGrp/InvestmentCostOrOtherBasisAmt",16660,16659,"2022v4.0, 2022v4.1, 2022v5.0"
"/Return/ReturnData/IRS990ScheduleA/UnrelatedBusinessNetIncm170Grp/CurrentTaxYearMinus2YearsAmt",16586,16581,"2022v4.0, 2022v4.1, 2022v5.0"
"/Return/ReturnData/IRS990/CompDisqualPersonsGrp/ManagementAndGeneralAmt",16536,16535,"2022v4.0, 2022v4.1, 2022v5.0"
"/Return/ReturnData/IRS990/IncmFromInvestBondProceedsGrp/ExclusionAmt",16523,16523,"2022v4.0, 2022v4.1, 2022v5.0"
"/Return/ReturnData/IRS990/FeesForServicesLobbyingGrp/ProgramServicesAmt",16486,16485,"2022v4.0, 2022v4.1, 2022v5.0"
"/Return/ReturnData/IRS990/RoyaltiesRevenueGrp/UnrelatedBusinessRevenueAmt",16385,16385,"2022v4.0, 2022v4.1, 2022v5.0"
"/Return/ReturnData/IRS990ScheduleR/IdRelatedOrgTxblCorpTrGrp/ShareOfEOYAssetsAmt",16350,5436,"2022v4.0, 2022v4.1, 2022v5.0"
"/Return/ReturnData/IRS990ScheduleG/FundraisingEventInformationGrp/FoodAndBeverageEvent2Amt",16337,16337,"2022v4.0, 2022v4.1, 2022v5.0"
"/Return/ReturnData/IRS990ScheduleA/Post1975UBTIGrp/CurrentTaxYearMinus1YearAmt",16286,16283,"2022v4.0, 2022v4.1, 2022v5.0"
"/Return/ReturnData/IRS990/NetRentalIncomeOrLossGrp/UnrelatedBusinessRevenueAmt",16275,16270,"2022v4.0, 2022v4.1, 2022v5.0"
"/Return/ReturnData/IRS990ScheduleA/Post1975UBTIGrp/CurrentTaxYearMinus4YearsAmt",16221,16218,"2022v4.0, 2022v4.1, 2022v5.0"
"/Return/ReturnData/IRS990ScheduleA/Post1975UBTIGrp/CurrentTaxYearMinus3YearsAmt",16190,16187,"2022v4.0, 2022v4.1, 2022v5.0"
"/Return/ReturnData/IRS990ScheduleA/Post1975UBTIGrp/CurrentTaxYearMinus2YearsAmt",16189,16187,"2022v4.0, 2022v4.1, 2022v5.0"
"/Return/ReturnData/IRS990ScheduleI/GrantsOtherAsstToIndivInUSGrp/NonCashAssistanceDesc",16176,9233,"2022v4.0, 2022v4.1, 2022v5.0"
"/Return/ReturnData/IRS990ScheduleD/CYMinus3YrEndwmtFundGrp/OtherExpendituresAmt",16162,16160,"2022v4.0, 2022v4.1, 2022v5.0"
"/Return/ReturnData/IRS990ScheduleD/CYMinus4YrEndwmtFundGrp/OtherExpendituresAmt",16140,16138,"2022v4.0, 2022v4.1, 2022v5.0"
"/Return/ReturnData/IRS990/PoliciesReferenceChaptersInd",16094,16090,"2022v4.0, 2022v4.1, 2022v5.0"
"/Return/ReturnData/IRS990/IncmFromInvestBondProceedsGrp/RelatedOrExemptFuncIncomeAmt",16082,16082,"2022v4.0, 2022v4.1, 2022v5.0"
"/Return/ReturnData/IRS990/Form990PartVIISectionAGrp/FormerOfcrDirectorTrusteeInd",16032,8519,"2022v4.0, 2022v4.1, 2022v5.0"
"/Return/ReturnData/IRS990ScheduleA/TaxRevLeviedOrgnztnlBnft509Grp/CurrentTaxYearMinus2YearsAmt",15933,15933,"2022v4.0, 2022v4.1, 2022v5.0"
"/Return/ReturnData/IRS990ScheduleA/TaxRevLeviedOrgnztnlBnft509Grp/CurrentTaxYearMinus1YearAmt",15928,15928,"2022v4.0, 2022v4.1, 2022v5.0"
"/Return/ReturnData/IRS990ScheduleD/OtherExpensesNotIncludedAmt",15923,15921,"2022v4.0, 2022v4.1, 2022v5.0"
"/Return/ReturnData/IRS990ScheduleG/FundraisingEventInformationGrp/CashPrizesTotalEventsAmt",15920,15919,"2022v4.0, 2022v4.1, 2022v5.0"
"/Return/ReturnData/IRS990ScheduleD/CYMinus2YrEndwmtFundGrp/OtherExpendituresAmt",15878,15876,"2022v4.0, 2022v4.1, 2022v5.0"
"/Return/ReturnData/IRS990ScheduleA/TaxRevLeviedOrgnztnlBnft509Grp/CurrentTaxYearMinus3YearsAmt",15865,15865,"2022v4.0, 2022v4.1, 2022v5.0"
"/Return/ReturnData/IRS990ScheduleA/TaxRevLeviedOrgnztnlBnft509Grp/CurrentTaxYearMinus4YearsAmt",15816,15816,"2022v4.0, 2022v4.1, 2022v5.0"
"/Return/ReturnData/IRS990ScheduleA/GovtFurnSrvcFcltsVl509Grp/CurrentTaxYearMinus1YearAmt",15788,15788,"2022v4.0, 2022v4.1, 2022v5.0"
"/Return/ReturnData/IRS990/IncmFromInvestBondProceedsGrp/UnrelatedBusinessRevenueAmt",15762,15762,"2022v4.0, 2022v4.1, 2022v5.0"
"/Return/ReturnData/IRS990ScheduleA/Post1975UBTIGrp/CurrentTaxYearAmt",15752,15749,"2022v4.0, 2022v4.1, 2022v5.0"
"/Return/ReturnData/IRS990ScheduleA/GovtFurnSrvcFcltsVl509Grp/CurrentTaxYearMinus2YearsAmt",15741,15741,"2022v4.0, 2022v4.1, 2022v5.0"
"/Return/ReturnData/IRS990ScheduleD/CYEndwmtFundGrp/OtherExpendituresAmt",15722,15720,"2022v4.0, 2022v4.1, 2022v5.0"
"/Return/ReturnData/IRS990ScheduleA/GovtFurnSrvcFcltsVl509Grp/CurrentTaxYearMinus3YearsAmt",15677,15677,"2022v4.0, 2022v4.1, 2022v5.0"
"/Return/ReturnData/IRS990ScheduleR/IdRelatedOrgTxblCorpTrGrp/ShareOfTotalIncomeAmt",15649,5150,"2022v4.0, 2022v4.1, 2022v5.0"
"/Return/ReturnData/IRS990ScheduleA/GovtFurnSrvcFcltsVl509Grp/CurrentTaxYearMinus4YearsAmt",15636,15636,"2022v4.0, 2022v4.1, 2022v5.0"
"/Return/ReturnData/IRS990ScheduleD/CYMinus1YrEndwmtFundGrp/OtherExpendituresAmt",15634,15632,"2022v4.0, 2022v4.1, 2022v5.0"
"/Return/ReturnData/IRS990ScheduleF/SupplementalInformationDetail/ExplanationTxt",15619,10658,"2022v4.0, 2022v4.1, 2022v5.0"
"/Return/ReturnData/IRS990ScheduleI/GrantsOtherAsstToIndivInUSGrp/NonCashAssistanceAmt",15420,8351,"2022v4.0, 2022v4.1, 2022v5.0"
"/Return/ReturnData/IRS990ScheduleA/TaxRevLeviedOrgnztnlBnft509Grp/CurrentTaxYearAmt",15415,15415,"2022v4.0, 2022v4.1, 2022v5.0"
"/Return/ReturnData/IRS990/PaymentsToAffiliatesGrp/ManagementAndGeneralAmt",15351,15351,"2022v4.0, 2022v4.1, 2022v5.0"
"/Return/ReturnData/IRS990/FeesForServicesLobbyingGrp/ManagementAndGeneralAmt",15336,15336,"2022v4.0, 2022v4.1, 2022v5.0"
"/Return/ReturnData/IRS990/NetIncomeFromGamingGrp/ExclusionAmt",15330,15328,"2022v4.0, 2022v4.1, 2022v5.0"
"/Return/ReturnData/IRS990/Form990PartVIISectionAGrp/InstitutionalTrusteeInd",15322,6428,"2022v4.0, 2022v4.1, 2022v5.0"
"/Return/ReturnData/IRS990ScheduleA/GovtFurnSrvcFcltsVl509Grp/CurrentTaxYearAmt",15288,15288,"2022v4.0, 2022v4.1, 2022v5.0"
"/Return/ReturnData/IRS990ScheduleF/GrantsToOrgOutsideUSGrp/ValuationMethodUsedDesc",15241,2292,"2022v4.0, 2022v4.1, 2022v5.0"
"/Return/ReturnData/IRS990/TypeOfOrganizationAssocInd",15238,15237,"2022v4.0, 2022v4.1, 2022v5.0"
"/Return/ReturnData/IRS990/NetIncomeFromGamingGrp/RelatedOrExemptFuncIncomeAmt",15138,15138,"2022v4.0, 2022v4.1, 2022v5.0"
"/Return/ReturnData/IRS990ScheduleD/InvstProgramRelatedOrgGrp",15058,5882,"2022v4.0, 2022v4.1, 2022v5.0"
"/Return/ReturnData/IRS990ScheduleD/InvstProgramRelatedOrgGrp/Desc",15025,5851,"2022v4.0, 2022v4.1, 2022v5.0"
"/Return/ReturnData/IRS990ScheduleD/InvstProgramRelatedOrgGrp/BookValueAmt",14957,5852,"2022v4.0, 2022v4.1, 2022v5.0"
"/Return/ReturnData/IRS990ScheduleD/LeaseholdImprovementsGrp/InvestmentCostOrOtherBasisAmt",14832,14829,"2022v4.0, 2022v4.1, 2022v5.0"
"/Return/ReturnData/IRS990ScheduleG/GamingWithNonmembersInd",14766,14762,"2022v4.0, 2022v4.1, 2022v5.0"
"/Return/ReturnData/IRS990ScheduleG/MemberOfOtherEntityInd",14680,14676,"2022v4.0, 2022v4.1, 2022v5.0"
"/Return/ReturnData/IRS990ScheduleF/TotalSpentAmt",14623,14621,"2022v4.0, 2022v4.1, 2022v5.0"
"/Return/ReturnData/IRS990ScheduleD/InvstProgramRelatedOrgGrp/MethodValuationCd",14615,5673,"2022v4.0, 2022v4.1, 2022v5.0"
"/Return/ReturnData/IRS990/NetGainOrLossInvestmentsGrp/UnrelatedBusinessRevenueAmt",14604,14603,"2022v4.0, 2022v4.1, 2022v5.0"
"/Return/ReturnData/IRS990ScheduleG/LicensedInd",14470,14466,"2022v4.0, 2022v4.1, 2022v5.0"
"/Return/ReturnData/IRS990/AddressChangeInd",14412,14411,"2022v4.0, 2022v4.1, 2022v5.0"
"/Return/ReturnData/IRS990ScheduleG/FundraisingEventInformationGrp/RentFacilityCostsEvent2Amt",14383,14383,"2022v4.0, 2022v4.1, 2022v5.0"
"/Return/ReturnData/IRS990ScheduleG/LicenseSuspendedEtcInd",14342,14338,"2022v4.0, 2022v4.1, 2022v5.0"
"/Return/ReturnData/IRS990/FeesForSrvcInvstMgmntFeesGrp/FundraisingAmt",14316,14315,"2022v4.0, 2022v4.1, 2022v5.0"
"/Return/ReturnData/IRS990ScheduleG/GamingInformationGrp",14186,14182,"2022v4.0, 2022v4.1, 2022v5.0"
"/Return/ReturnData/IRS990/NetIncomeOrLossGrp/UnrelatedBusinessRevenueAmt",14172,14168,"2022v4.0, 2022v4.1, 2022v5.0"
"/Return/ReturnData/IRS990/CompDisqualPersonsGrp/FundraisingAmt",14135,14135,"2022v4.0, 2022v4.1, 2022v5.0"
"/Return/ReturnData/IRS990/RoyaltiesGrp/ProgramServicesAmt",14055,14054,"2022v4.0, 2022v4.1, 2022v5.0"
"/Return/ReturnData/IRS990ScheduleJ/WrittenEmploymentContractInd",13895,13895,"2022v4.0, 2022v4.1, 2022v5.0"
"/Return/ReturnData/IRS990ScheduleG/CntrctWith3rdPrtyForGameRevInd",13824,13820,"2022v4.0, 2022v4.1, 2022v5.0"
"/Return/ReturnData/IRS990ScheduleG/FundraisingEventInformationGrp/CashPrizesEvent1Amt",13817,13817,"2022v4.0, 2022v4.1, 2022v5.0"
"/Return/ReturnData/IRS990ScheduleA/Form990SchAType1SuprtOrgGrp",13770,13768,"2022v4.0, 2022v4.1, 2022v5.0"
"/Return/ReturnData/IRS990ScheduleA/Form990SchAType1SuprtOrgGrp/OperateBenefitNonSuprtOrgInd",13770,13768,"2022v4.0, 2022v4.1, 2022v5.0"
"/Return/ReturnData/IRS990ScheduleA/Form990SchAType1SuprtOrgGrp/PowerAppointMajorityDirTrstInd",13770,13768,"2022v4.0, 2022v4.1, 2022v5.0"
"/Return/ReturnData/IRS990ScheduleG/SpecialFundraisingEventsInd",13755,13754,"2022v4.0, 2022v4.1, 2022v5.0"
"/Return/ReturnData/IRS990ScheduleF/SubtotalSpentAmt",13713,13711,"2022v4.1, 2022v5.0"
"/Return/ReturnData/IRS990/ExcsTaxSect4951Or4952Or4953Ind",13425,13424,"2022v4.1, 2022v5.0"
"/Return/ReturnData/IRS990ScheduleR/IdRelatedOrgTxblCorpTrGrp/LegalDomicileForeignCountryCd",13329,3466,"2022v4.1, 2022v5.0"
"/Return/ReturnData/IRS990EZ/GroupExemptionNum",13292,13291,"2022v4.0, 2022v4.1, 2022v5.0"
"/Return/ReturnData/IRS990ScheduleG/CharitableDistributionRqrInd",13258,13254,"2022v4.0, 2022v4.1, 2022v5.0"
"/Return/ReturnData/ReasonableCauseExplanation",13231,13230,"2022v4.0, 2022v4.1, 2022v5.0"
"/Return/ReturnData/ReasonableCauseExplanation/ExplanationTxt",13231,13230,"2022v4.0, 2022v4.1, 2022v5.0"
"/Return/ReturnData/IRS990ScheduleG/StatesWhereGamingConductedCd",13187,12272,"2022v4.0, 2022v4.1, 2022v5.0"
"/Return/ReturnData/IRS990ScheduleD/AgentTrusteeEtcInd",13165,13164,"2022v4.0, 2022v4.1, 2022v5.0"
"/Return/ReturnData/IRS990ScheduleG/GamingInformationGrp/GrossRevenueTotalGamingAmt",13075,13071,"2022v4.0, 2022v4.1, 2022v5.0"
"/Return/ReturnData/IRS990ScheduleG/GamingInformationGrp/NetGamingIncomeSummaryAmt",13028,13024,"2022v4.0, 2022v4.1, 2022v5.0"
"/Return/ReturnData/IRS990/PaymentsToAffiliatesGrp/FundraisingAmt",13011,13011,"2022v4.0, 2022v4.1, 2022v5.0"
"/Return/ReturnData/IRS990/PrincipalOfcrBusinessName",12993,12992,"2022v4.0, 2022v4.1, 2022v5.0"
"/Return/ReturnData/IRS990/PrincipalOfcrBusinessName/BusinessNameLine1Txt",12993,12992,"2022v4.0, 2022v4.1, 2022v5.0"
"/Return/ReturnData/IRS990ScheduleF/TotalEmployeeCnt",12887,12885,"2022v4.0, 2022v4.1, 2022v5.0"
"/Return/ReturnData/IRS990ScheduleC/SupplementalInformationDetail",12855,11751,"2022v4.0, 2022v4.1, 2022v5.0"
"/Return/ReturnData/IRS990ScheduleC/SupplementalInformationDetail/FormAndLineReferenceDesc",12855,11751,"2022v4.0, 2022v4.1, 2022v5.0"
"/Return/ReturnData/IRS990/PymtTravelEntrtnmntPubOfclGrp/ProgramServicesAmt",12786,12786,"2022v4.0, 2022v4.1, 2022v5.0"
"/Return/ReturnData/IRS990ScheduleA/GovtFurnSrvcFcltsVl170Grp/CurrentTaxYearMinus2YearsAmt",12782,12781,"2022v4.0, 2022v4.1, 2022v5.0"
"/Return/ReturnData/IRS990ScheduleA/GovtFurnSrvcFcltsVl170Grp/CurrentTaxYearMinus3YearsAmt",12741,12740,"2022v4.0, 2022v4.1, 2022v5.0"
"/Return/ReturnData/IRS990ScheduleA/GovtFurnSrvcFcltsVl170Grp/CurrentTaxYearMinus4YearsAmt",12718,12717,"2022v4.0, 2022v4.1, 2022v5.0"
"/Return/ReturnData/IRS990ScheduleA/GovtFurnSrvcFcltsVl170Grp/CurrentTaxYearMinus1YearAmt",12627,12627,"2022v4.0, 2022v4.1, 2022v5.0"
"/Return/ReturnData/IRS990ScheduleA/SupportingOrgType1Ind",12625,12623,"2022v4.0, 2022v4.1, 2022v5.0"
"/Return/ReturnData/IRS990ScheduleC/SupplementalInformationDetail/ExplanationTxt",12525,11748,"2022v4.0, 2022v4.1, 2022v5.0"
"/Return/ReturnData/IRS990ScheduleF/TotalOfficeCnt",12492,12490,"2022v4.0, 2022v4.1, 2022v5.0"
"/Return/ReturnData/IRS990ScheduleG/FundraisingEventInformationGrp/CharitableContriOtherEventsAmt",12439,12439,"2022v4.0, 2022v4.1, 2022v5.0"
"/Return/ReturnData/IRS990EZ/InitialReturnInd",12399,12398,"2022v4.0, 2022v4.1, 2022v5.0"
"/Return/ReturnData/IRS990ScheduleJ/Form990OfOtherOrganizationsInd",12322,12320,"2022v4.0, 2022v4.1, 2022v5.0"
"/Return/ReturnData/IRS990ScheduleG/GamingInformationGrp/DirectExpenseSummaryGamingAmt",12271,12267,"2022v4.0, 2022v4.1, 2022v5.0"
"/Return/ReturnData/IRS990ScheduleD/CYMinus1YrEndwmtFundGrp/AdministrativeExpensesAmt",12213,12211,"2022v4.0, 2022v4.1, 2022v5.0"
"/Return/ReturnData/IRS990ScheduleD/CYEndwmtFundGrp/AdministrativeExpensesAmt",12209,12207,"2022v4.0, 2022v4.1, 2022v5.0"
"/Return/ReturnData/IRS990ScheduleG/FundraisingEventInformationGrp/FoodAndBeverageOtherEventsAmt",12203,12203,"2022v4.0, 2022v4.1, 2022v5.0"
"/Return/ReturnData/IRS990ScheduleA/TaxRevLeviedOrgnztnlBnft170Grp/CurrentTaxYearMinus2YearsAmt",12200,12198,"2022v4.0, 2022v4.1, 2022v5.0"
"/Return/ReturnData/IRS990ScheduleA/TaxRevLeviedOrgnztnlBnft170Grp/CurrentTaxYearMinus3YearsAmt",12126,12124,"2022v4.0, 2022v4.1, 2022v5.0"
"/Return/ReturnData/IRS990/FeesForServicesLobbyingGrp/FundraisingAmt",12102,12102,"2022v4.0, 2022v4.1, 2022v5.0"
"/Return/ReturnData/IRS990ScheduleA/TaxRevLeviedOrgnztnlBnft170Grp/CurrentTaxYearMinus1YearAmt",12080,12079,"2022v4.0, 2022v4.1, 2022v5.0"
"/Return/ReturnData/IRS990ScheduleA/TaxRevLeviedOrgnztnlBnft170Grp/CurrentTaxYearMinus4YearsAmt",12049,12047,"2022v4.0, 2022v4.1, 2022v5.0"
"/Return/ReturnData/IRS990ScheduleD/CYMinus2YrEndwmtFundGrp/AdministrativeExpensesAmt",12047,12045,"2022v4.0, 2022v4.1, 2022v5.0"
"/Return/ReturnData/IRS990/PymtTravelEntrtnmntPubOfclGrp/ManagementAndGeneralAmt",11964,11964,"2022v4.0, 2022v4.1, 2022v5.0"
"/Return/ReturnData/IRS990ScheduleF/SubtotalEmployeesCnt",11964,11962,"2022v4.1, 2022v5.0"
"/Return/ReturnData/IRS990ScheduleK/TaxExemptBondsIssuesGrp",11945,5952,"2022v4.0, 2022v4.1, 2022v5.0"
"/Return/ReturnData/IRS990ScheduleK/TaxExemptBondsIssuesGrp/BondReferenceCd",11945,5952,"2022v4.0, 2022v4.1, 2022v5.0"
"/Return/ReturnData/IRS990ScheduleL/LoansBtwnOrgInterestedPrsnGrp/LoanToOrganizationInd",11918,7696,"2022v4.0, 2022v4.1, 2022v5.0"
"/Return/ReturnData/IRS990ScheduleK/TaxExemptBondsIssuesGrp/DefeasedInd",11915,5933,"2022v4.0, 2022v4.1, 2022v5.0"
"/Return/ReturnData/IRS990ScheduleK/TaxExemptBondsIssuesGrp/IssuerName",11903,5946,"2022v4.0, 2022v4.1, 2022v5.0"
"/Return/ReturnData/IRS990ScheduleK/TaxExemptBondsIssuesGrp/IssuerName/BusinessNameLine1Txt",11903,5946,"2022v4.0, 2022v4.1, 2022v5.0"
"/Return/ReturnData/IRS990ScheduleK/TaxExemptBondsIssuesGrp/OnBehalfOfIssuerInd",11902,5923,"2022v4.0, 2022v4.1, 2022v5.0"
"/Return/ReturnData/IRS990ScheduleK/TaxExemptBondsIssuesGrp/BondIssuedDt",11890,5936,"2022v4.0, 2022v4.1, 2022v5.0"
"/Return/ReturnData/IRS990ScheduleD/CYMinus3YrEndwmtFundGrp/AdministrativeExpensesAmt",11887,11885,"2022v4.0, 2022v4.1, 2022v5.0"
"/Return/ReturnData/IRS990ScheduleK/TaxExemptBondsIssuesGrp/IssuePriceAmt",11880,5928,"2022v4.0, 2022v4.1, 2022v5.0"
"/Return/ReturnData/IRS990ScheduleK/TaxExemptBondsIssuesGrp/PoolFinancingInd",11873,5908,"2022v4.0, 2022v4.1, 2022v5.0"
"/Return/ReturnData/IRS990ScheduleK/TaxExemptBondsProceedsGrp",11872,5906,"2022v4.0, 2022v4.1, 2022v5.0"
"/Return/ReturnData/IRS990ScheduleK/TaxExemptBondsProceedsGrp/BondReferenceCd",11872,5906,"2022v4.0, 2022v4.1, 2022v5.0"
"/Return/ReturnData/IRS990ScheduleK/TaxExemptBondsProceedsGrp/RefundingTaxExemptBondsInd",11845,5893,"2022v4.0, 2022v4.1, 2022v5.0"
"/Return/ReturnData/IRS990ScheduleK/TaxExemptBondsProceedsGrp/FinalAllocationMadeInd",11843,5892,"2022v4.0, 2022v4.1, 2022v5.0"
"/Return/ReturnData/IRS990ScheduleK/TaxExemptBondsProceedsGrp/AdequateBooksAndRecMaintInd",11826,5890,"2022v4.0, 2022v4.1, 2022v5.0"
"/Return/ReturnData/IRS990ScheduleK/TaxExemptBondsProceedsGrp/RefundingTaxableBondsInd",11826,5884,"2022v4.0, 2022v4.1, 2022v5.0"
"/Return/ReturnData/IRS990/RoyaltiesGrp/ManagementAndGeneralAmt",11776,11775,"2022v4.0, 2022v4.1, 2022v5.0"
"/Return/ReturnData/IRS990ScheduleD/CYMinus4YrEndwmtFundGrp/AdministrativeExpensesAmt",11753,11751,"2022v4.0, 2022v4.1, 2022v5.0"
"/Return/ReturnData/IRS990ScheduleK/TaxExemptBondsIssuesGrp/PurposeDesc",11730,5861,"2022v4.0, 2022v4.1, 2022v5.0"
"/Return/ReturnData/IRS990ScheduleK/TaxExemptBondsArbitrageGrp",11729,5852,"2022v4.0, 2022v4.1, 2022v5.0"
"/Return/ReturnData/IRS990ScheduleK/TaxExemptBondsArbitrageGrp/BondReferenceCd",11729,5852,"2022v4.0, 2022v4.1, 2022v5.0"
"/Return/ReturnData/IRS990ScheduleA/ChurchInd",11702,11700,"2022v4.0, 2022v4.1, 2022v5.0"
"/Return/ReturnData/IRS990ScheduleK/TaxExemptBondsArbitrageGrp/Form8038TFiledInd",11674,5811,"2022v4.0, 2022v4.1, 2022v5.0"
"/Return/ReturnData/IRS990ScheduleK/TaxExemptBondsArbitrageGrp/HedgeIdentifiedInBksAndRecInd",11659,5808,"2022v4.0, 2022v4.1, 2022v5.0"
"/Return/ReturnData/IRS990ScheduleK/TaxExemptBondsArbitrageGrp/GrossProceedsInvestedInGICInd",11644,5795,"2022v4.0, 2022v4.1, 2022v5.0"
"/Return/ReturnData/IRS990ScheduleA/GovtFurnSrvcFcltsVl170Grp/CurrentTaxYearAmt",11634,11634,"2022v4.0, 2022v4.1, 2022v5.0"
"/Return/ReturnData/IRS990/NondeductibleContriDisclInd",11590,11590,"2022v4.0, 2022v4.1, 2022v5.0"
"/Return/ReturnData/IRS990ScheduleF/SubtotalOfficesCnt",11590,11588,"2022v4.1, 2022v5.0"
"/Return/ReturnData/IRS990ScheduleK/TaxExemptBondsArbitrageGrp/WrittenProcToMonitorReqsInd",11587,5765,"2022v4.0, 2022v4.1, 2022v5.0"
"/Return/ReturnData/IRS990ScheduleF/ForeignIndividualsGrantsGrp",11555,3189,"2022v4.0, 2022v4.1, 2022v5.0"
"/Return/ReturnData/IRS990ScheduleG/PersonsWithBooksUSAddress",11517,11513,"2022v4.0, 2022v4.1, 2022v5.0"
"/Return/ReturnData/IRS990ScheduleG/PersonsWithBooksUSAddress/AddressLine1Txt",11517,11513,"2022v4.0, 2022v4.1, 2022v5.0"
"/Return/ReturnData/IRS990ScheduleG/PersonsWithBooksUSAddress/CityNm",11517,11513,"2022v4.0, 2022v4.1, 2022v5.0"
"/Return/ReturnData/IRS990ScheduleG/PersonsWithBooksUSAddress/StateAbbreviationCd",11517,11513,"2022v4.0, 2022v4.1, 2022v5.0"
"/Return/ReturnData/IRS990ScheduleG/PersonsWithBooksUSAddress/ZIPCd",11517,11513,"2022v4.0, 2022v4.1, 2022v5.0"
"/Return/ReturnData/IRS990ScheduleF/ForeignIndividualsGrantsGrp/RegionTxt",11493,3154,"2022v4.0, 2022v4.1, 2022v5.0"
"/Return/ReturnData/IRS990ScheduleK/TaxExemptBondsArbitrageGrp/GrossProceedsInvestedInd",11473,5736,"2022v4.0, 2022v4.1, 2022v5.0"
"/Return/ReturnData/IRS990/NetIncomeFromGamingGrp/UnrelatedBusinessRevenueAmt",11453,11451,"2022v4.0, 2022v4.1, 2022v5.0"
"/Return/ReturnData/IRS990/RoyaltiesGrp/FundraisingAmt",11447,11447,"2022v4.0, 2022v4.1, 2022v5.0"
"/Return/ReturnData/IRS990/PymtTravelEntrtnmntPubOfclGrp/FundraisingAmt",11432,11432,"2022v4.0, 2022v4.1, 2022v5.0"
"/Return/ReturnData/IRS990ScheduleF/ForeignIndividualsGrantsGrp/TypeOfAssistanceTxt",11412,3126,"2022v4.0, 2022v4.1, 2022v5.0"
"/Return/ReturnData/IRS990/GrossRentsGrp/PersonalAmt",11381,11381,"2022v4.0, 2022v4.1, 2022v5.0"
"/Return/ReturnData/IRS990ScheduleM/SupplementalInformationDetail",11362,9728,"2022v4.0, 2022v4.1, 2022v5.0"
"/Return/ReturnData/IRS990ScheduleM/SupplementalInformationDetail/FormAndLineReferenceDesc",11362,9728,"2022v4.0, 2022v4.1, 2022v5.0"
"/Return/ReturnData/IRS990ScheduleM/SupplementalInformationDetail/ExplanationTxt",11361,9727,"2022v4.0, 2022v4.1, 2022v5.0"
"/Return/ReturnHeader/Filer/ForeignPhoneNum",11349,11348,"2022v4.1, 2022v5.0"
"/Return/ReturnData/IRS990/GroupExemptionNum",11337,11335,"2022v4.0, 2022v4.1, 2022v5.0"
"/Return/ReturnData/IRS990ScheduleK/TaxExemptBondsArbitrageGrp/VariableRateIssueInd",11259,5561,"2022v4.0, 2022v4.1, 2022v5.0"
"/Return/ReturnData/IRS990/InvestTaxExemptBondsInd",11214,11214,"2022v4.0, 2022v4.1, 2022v5.0"
"/Return/ReturnData/IRS990ScheduleK/TaxExemptBondsIssuesGrp/BondIssuerEIN",11195,5552,"2022v4.0, 2022v4.1, 2022v5.0"
"/Return/ReturnData/IRS990ScheduleK/TaxExemptBondsProceedsGrp/TotalProceedsAmt",11174,5577,"2022v4.0, 2022v4.1, 2022v5.0"
"/Return/ReturnData/IRS990ScheduleK/ProceduresCorrectiveActionGrp",11169,5585,"2022v4.0, 2022v4.1, 2022v5.0"
"/Return/ReturnData/IRS990ScheduleK/ProceduresCorrectiveActionGrp/BondReferenceCd",11169,5585,"2022v4.0, 2022v4.1, 2022v5.0"
"/Return/ReturnData/IRS990ScheduleA/TaxRevLeviedOrgnztnlBnft170Grp/CurrentTaxYearAmt",11140,11139,"2022v4.0, 2022v4.1, 2022v5.0"
"/Return/ReturnData/IRS990ScheduleK/ProceduresCorrectiveActionGrp/ProceduresCorrectiveActionInd",11140,5569,"2022v4.0, 2022v4.1, 2022v5.0"
"/Return/ReturnData/IRS990/EscrowAccountInd",11064,11064,"2022v4.0, 2022v4.1, 2022v5.0"
"/Return/ReturnData/IRS990ScheduleF/GrantRecordsMaintainedInd",11030,11028,"2022v4.0, 2022v4.1, 2022v5.0"
"/Return/ReturnData/IRS990ScheduleK/TaxExemptBondsPrivateBusUseGrp",11025,5542,"2022v4.0, 2022v4.1, 2022v5.0"
"/Return/ReturnData/IRS990ScheduleK/TaxExemptBondsPrivateBusUseGrp/BondReferenceCd",11022,5542,"2022v4.0, 2022v4.1, 2022v5.0"
"/Return/ReturnData/IRS990/OnBehalfOfIssuerInd",10972,10972,"2022v4.0, 2022v4.1, 2022v5.0"
"/Return/ReturnData/IRS990ScheduleK/TaxExemptBondsPrivateBusUseGrp/MgmtContractBondFincdPropInd",10913,5494,"2022v4.0, 2022v4.1, 2022v5.0"
"/Return/ReturnData/IRS990ScheduleK/TaxExemptBondsPrivateBusUseGrp/OwningBondFinancedPropertyInd",10912,5497,"2022v4.0, 2022v4.1, 2022v5.0"
"/Return/ReturnData/IRS990ScheduleK/TaxExemptBondsPrivateBusUseGrp/AnyLeaseArrangementsInd",10911,5496,"2022v4.0, 2022v4.1, 2022v5.0"
"/Return/ReturnData/IRS990ScheduleJ/SubstantiationRequiredInd",10908,10907,"2022v4.0, 2022v4.1, 2022v5.0"
"/Return/ReturnData/IRS990ScheduleK/TaxExemptBondsPrivateBusUseGrp/AnyResearchAgreementsInd",10840,5445,"2022v4.0, 2022v4.1, 2022v5.0"
"/Return/ReturnData/IRS990ScheduleK/TaxExemptBondsPrivateBusUseGrp/ChangeInUseBondFinancedPropInd",10799,5426,"2022v4.0, 2022v4.1, 2022v5.0"
"/Return/ReturnData/IRS990ScheduleK/TaxExemptBondsPrivateBusUseGrp/ProcsNonqualifiedBondRemdtdInd",10799,5424,"2022v4.0, 2022v4.1, 2022v5.0"
"/Return/ReturnData/IRS990ScheduleK/TaxExemptBondsArbitrageGrp/RebateNotDueYetInd",10769,5365,"2022v4.0, 2022v4.1, 2022v5.0"
"/Return/ReturnData/IRS990ScheduleK/TaxExemptBondsArbitrageGrp/NoRebateDueInd",10749,5342,"2022v4.0, 2022v4.1, 2022v5.0"
"/Return/ReturnData/IRS990ScheduleG/GamingInformationGrp/OthDirectExpnssTotalGamingAmt",10733,10729,"2022v4.0, 2022v4.1, 2022v5.0"
"/Return/ReturnData/IRS990ScheduleK/TaxExemptBondsArbitrageGrp/ExceptionToRebateInd",10723,5316,"2022v4.0, 2022v4.1, 2022v5.0"
"/Return/ReturnData/IRS990ScheduleK/TaxExemptBondsPrivateBusUseGrp/BondIssMeetPrvtSecPymtTestInd",10687,5378,"2022v4.0, 2022v4.1, 2022v5.0"
"/Return/ReturnData/IRS990ScheduleM/SecuritiesPubliclyTradedGrp",10618,10617,"2022v4.0, 2022v4.1, 2022v5.0"
"/Return/ReturnData/IRS990ScheduleR/IdRelatedOrgTxblPartnershipGrp/USAddress/AddressLine2Txt",10605,569,"2022v5.0"
"/Return/ReturnData/IRS990ScheduleC/Section527PoliticalOrgGrp",10596,2572,"2022v4.0, 2022v4.1, 2022v5.0"
"/Return/ReturnData/IRS990ScheduleC/Section527PoliticalOrgGrp/OrganizationBusinessName",10595,2572,"2022v4.0, 2022v4.1, 2022v5.0"
"/Return/ReturnData/IRS990ScheduleC/Section527PoliticalOrgGrp/OrganizationBusinessName/BusinessNameLine1Txt",10595,2572,"2022v4.0, 2022v4.1, 2022v5.0"
"/Return/ReturnData/IRS990ScheduleC/Section527PoliticalOrgGrp/USAddress",10594,2572,"2022v4.0, 2022v4.1, 2022v5.0"
"/Return/ReturnData/IRS990ScheduleC/Section527PoliticalOrgGrp/USAddress/AddressLine1Txt",10594,2572,"2022v4.0, 2022v4.1, 2022v5.0"
"/Return/ReturnData/IRS990ScheduleC/Section527PoliticalOrgGrp/USAddress/CityNm",10594,2572,"2022v4.0, 2022v4.1, 2022v5.0"
"/Return/ReturnData/IRS990ScheduleC/Section527PoliticalOrgGrp/USAddress/StateAbbreviationCd",10594,2572,"2022v4.0, 2022v4.1, 2022v5.0"
"/Return/ReturnData/IRS990ScheduleC/Section527PoliticalOrgGrp/USAddress/ZIPCd",10594,2572,"2022v4.0, 2022v4.1, 2022v5.0"
"/Return/ReturnData/IRS990EZ/TypeOfOrganizationOtherInd",10567,10567,"2022v4.0, 2022v4.1, 2022v5.0"
"/Return/ReturnData/IRS990ScheduleG/GamingInformationGrp/VolunteerLaborOtherGamingInd",10526,10523,"2022v4.0, 2022v4.1, 2022v5.0"
"/Return/ReturnData/IRS990ScheduleF/ForeignIndividualsGrantsGrp/RecipientCnt",10475,2862,"2022v4.0, 2022v4.1, 2022v5.0"
"/Return/ReturnData/IRS990/TypeOfOrganizationTrustInd",10375,10374,"2022v4.0, 2022v4.1, 2022v5.0"
"/Return/ReturnData/IRS990/ForeignCountryCd",10345,4538,"2022v4.0, 2022v4.1, 2022v5.0"
"/Return/ReturnData/IRS990/LessRentalExpensesGrp/PersonalAmt",10297,10297,"2022v4.0, 2022v4.1, 2022v5.0"
"/Return/ReturnData/IRS990ScheduleR/IdRelatedOrgTxblCorpTrGrp/ForeignAddress",10267,3131,"2022v4.1, 2022v5.0"
"/Return/ReturnData/IRS990ScheduleR/IdRelatedOrgTxblCorpTrGrp/ForeignAddress/AddressLine1Txt",10267,3131,"2022v4.1, 2022v5.0"
"/Return/ReturnData/IRS990ScheduleR/IdRelatedOrgTxblCorpTrGrp/ForeignAddress/CountryCd",10267,3131,"2022v4.1, 2022v5.0"
"/Return/ReturnData/IRS990ScheduleG/FundraisingEventInformationGrp/EntertainmentEvent2Amt",10259,10259,"2022v4.0, 2022v4.1, 2022v5.0"
"/Return/ReturnData/IRS990ScheduleL/BusTrInvolveInterestedPrsnGrp/NameOfInterested/BusinessName",10248,6287,"2022v4.0, 2022v4.1, 2022v5.0"
"/Return/ReturnData/IRS990ScheduleL/BusTrInvolveInterestedPrsnGrp/NameOfInterested/BusinessName/BusinessNameLine1Txt",10248,6287,"2022v4.0, 2022v4.1, 2022v5.0"
"/Return/ReturnData/IRS990ScheduleF/ForeignIndividualsGrantsGrp/CashGrantAmt",10198,2817,"2022v4.0, 2022v4.1, 2022v5.0"
"/Return/ReturnData/IRS990ScheduleL/TotalBalanceDueAmt",10090,10089,"2022v4.0, 2022v4.1, 2022v5.0"
"/Return/ReturnData/IRS990/InfoInScheduleOPartVIIInd",10048,10047,"2022v4.0, 2022v4.1, 2022v5.0"
"/Return/ReturnData/IRS990ScheduleM/SecuritiesPubliclyTradedGrp/NoncashContributionsRptF990Amt",9995,9995,"2022v4.0, 2022v4.1, 2022v5.0"
"/Return/ReturnData/IRS990ScheduleM/SecuritiesPubliclyTradedGrp/NonCashCheckboxInd",9983,9983,"2022v4.0, 2022v4.1, 2022v5.0"
"/Return/ReturnData/IRS990ScheduleM/SecuritiesPubliclyTradedGrp/ContributionCnt",9920,9920,"2022v4.0, 2022v4.1, 2022v5.0"
"/Return/ReturnData/IRS990ScheduleG/IndividualWithBooksNm",9893,9890,"2022v4.0, 2022v4.1, 2022v5.0"
"/Return/ReturnData/IRS990ScheduleG/FundraiserActivityInfoGrp",9852,6314,"2022v4.0, 2022v4.1, 2022v5.0"
"/Return/ReturnData/IRS990ScheduleG/FundraiserActivityInfoGrp/FundraiserControlOfFundsInd",9774,6259,"2022v4.0, 2022v4.1, 2022v5.0"
"/Return/ReturnData/IRS990/OtherInd",9746,9745,"2022v4.0, 2022v4.1, 2022v5.0"
"/Return/ReturnData/IRS990ScheduleR/IdRelatedOrgTxblCorpTrGrp/USAddress/AddressLine2Txt",9720,616,"2022v5.0"
"/Return/ReturnData/IRS990ScheduleG/FundraisingEventInformationGrp/NonCashPrizesEvent2Amt",9674,9674,"2022v4.0, 2022v4.1, 2022v5.0"
"/Return/ReturnData/IRS990ScheduleF/GrantsToOrgOutsideUSGrp/DescriptionOfNonCashAsstTxt",9599,1237,"2022v4.0, 2022v4.1, 2022v5.0"
"/Return/ReturnData/IRS990ScheduleD/SolicitedAssetsSaleInd",9563,9559,"2022v4.0, 2022v4.1, 2022v5.0"
"/Return/ReturnData/IRS990ScheduleG/GamingInformationGrp/VolunteerLaborPullTabsInd",9417,9413,"2022v4.0, 2022v4.1, 2022v5.0"
"/Return/ReturnData/IRS990ScheduleG/FundraisingEventInformationGrp/EntertainmentOtherEventsAmt",9387,9387,"2022v4.0, 2022v4.1, 2022v5.0"
"/Return/ReturnData/IRS990ScheduleM/SecuritiesPubliclyTradedGrp/MethodOfDeterminingRevenuesTxt",9370,9370,"2022v4.0, 2022v4.1, 2022v5.0"
"/Return/ReturnData/IRS990ScheduleF/ForeignIndividualsGrantsGrp/MannerOfCashDisbursementTxt",9306,2526,"2022v4.0, 2022v4.1, 2022v5.0"
"/Return/ReturnData/IRS990ScheduleG/FundraiserActivityInfoGrp/RetainedByContractorAmt",9289,6038,"2022v4.0, 2022v4.1, 2022v5.0"
"/Return/ReturnData/IRS990ScheduleD/FederalIncomeTaxLiabilityAmt",9284,9283,"2022v4.0, 2022v4.1, 2022v5.0"
"/Return/ReturnData/IRS990ScheduleG/FundraiserActivityInfoGrp/ActivityTxt",9275,6009,"2022v4.0, 2022v4.1, 2022v5.0"
"/Return/ReturnData/IRS990ScheduleK/TaxExemptBondsProceedsGrp/IssuanceCostsFromProceedsAmt",9223,4796,"2022v4.0, 2022v4.1, 2022v5.0"
"/Return/ReturnData/IRS990/WrittenPolicyOrProcedureInd",9187,9186,"2022v4.0, 2022v4.1, 2022v5.0"
"/Return/ReturnData/IRS990EZ/AddressChangeInd",9130,9127,"2022v4.0, 2022v4.1, 2022v5.0"
"/Return/ReturnData/IRS990ScheduleR/IdRelatedOrgTxblCorpTrGrp/ForeignAddress/CityNm",8992,2654,"2022v4.1, 2022v5.0"
"/Return/ReturnData/IRS990EZ/TypeOfOrganizationOtherDesc",8955,8955,"2022v4.0, 2022v4.1, 2022v5.0"
"/Return/ReturnData/IRS990ScheduleG/FundraiserActivityInfoGrp/NetToOrganizationAmt",8908,5771,"2022v4.0, 2022v4.1, 2022v5.0"
"/Return/ReturnData/IRS990ScheduleG/FundraiserActivityInfoGrp/USAddress",8868,5772,"2022v4.0, 2022v4.1, 2022v5.0"
"/Return/ReturnData/IRS990ScheduleG/FundraiserActivityInfoGrp/USAddress/AddressLine1Txt",8868,5772,"2022v4.0, 2022v4.1, 2022v5.0"
"/Return/ReturnData/IRS990ScheduleG/FundraiserActivityInfoGrp/USAddress/CityNm",8868,5772,"2022v4.0, 2022v4.1, 2022v5.0"
"/Return/ReturnData/IRS990ScheduleG/FundraiserActivityInfoGrp/USAddress/StateAbbreviationCd",8868,5772,"2022v4.0, 2022v4.1, 2022v5.0"
"/Return/ReturnData/IRS990ScheduleG/FundraiserActivityInfoGrp/USAddress/ZIPCd",8868,5772,"2022v4.0, 2022v4.1, 2022v5.0"
"/Return/ReturnData/IRS990ScheduleD/ArtPublicExhibitionAmountsGrp",8817,8816,"2022v4.0, 2022v4.1, 2022v5.0"
"/Return/ReturnData/IRS990ScheduleJ/WrittenPolicyRefTAndEExpnssInd",8798,8797,"2022v4.0, 2022v4.1, 2022v5.0"
"/Return/ReturnData/IRS990ScheduleD/CYMinus3YrEndwmtFundGrp/GrantsOrScholarshipsAmt",8758,8757,"2022v4.0, 2022v4.1, 2022v5.0"
"/Return/ReturnData/IRS990ScheduleD/CYMinus2YrEndwmtFundGrp/GrantsOrScholarshipsAmt",8705,8704,"2022v4.0, 2022v4.1, 2022v5.0"
"/Return/ReturnData/IRS990ScheduleG/GamingInformationGrp/VolunteerLaborBingoInd",8705,8701,"2022v4.0, 2022v4.1, 2022v5.0"
"/Return/ReturnData/IRS990ScheduleD/CYEndwmtFundGrp/GrantsOrScholarshipsAmt",8699,8698,"2022v4.0, 2022v4.1, 2022v5.0"
"/Return/ReturnData/IRS990ScheduleD/CYMinus1YrEndwmtFundGrp/GrantsOrScholarshipsAmt",8694,8693,"2022v4.0, 2022v4.1, 2022v5.0"
"/Return/ReturnData/IRS990/TypeOfOrganizationOtherInd",8678,8678,"2022v4.0, 2022v4.1, 2022v5.0"
"/Return/ReturnData/IRS990ScheduleD/CYMinus4YrEndwmtFundGrp/GrantsOrScholarshipsAmt",8668,8667,"2022v4.0, 2022v4.1, 2022v5.0"
"/Return/ReturnData/IRS990ScheduleF/ContinuationSpentAmt",8659,8657,"2022v4.1, 2022v5.0"
"/Return/ReturnData/IRS990ScheduleF/ContinuationTotalEmployeeCnt",8643,8641,"2022v4.1, 2022v5.0"
"/Return/ReturnData/IRS990ScheduleF/ContinuationTotalOfficeCnt",8641,8639,"2022v4.1, 2022v5.0"
"/Return/ReturnData/IRS990ScheduleG/FundraiserActivityInfoGrp/GrossReceiptsAmt",8636,5624,"2022v4.0, 2022v4.1, 2022v5.0"
"/Return/ReturnData/IRS990ScheduleL/LoansBtwnOrgInterestedPrsnGrp/LoanFromOrganizationInd",8597,3460,"2022v4.0, 2022v4.1, 2022v5.0"
"/Return/ReturnData/IRS990ScheduleJ/IndependentConsultantInd",8496,8494,"2022v4.1, 2022v5.0"
"/Return/ReturnData/IRS990ScheduleC/Section527PoliticalOrgGrp/PaidInternalFundsAmt",8375,1453,"2022v4.0, 2022v4.1, 2022v5.0"
"/Return/ReturnData/IRS990ScheduleG/FundraisingEventInformationGrp/RentFcltyCostsOtherEventsAmt",8314,8314,"2022v4.0, 2022v4.1, 2022v5.0"
"/Return/ReturnHeader/AdditionalFilerInformation/TrustedCustomerGrp/ProfilePasswordChangeInd",8263,8263,"2022v4.0, 2022v5.0"
"/Return/ReturnData/IRS990ScheduleG/GamingInformationGrp/CashPrizesTotalGamingAmt",8232,8228,"2022v4.0, 2022v4.1, 2022v5.0"
"/Return/ReturnData/IRS990ScheduleC/DirectContactLegislatorsInd",8217,8217,"2022v4.0, 2022v4.1, 2022v5.0"
"/Return/ReturnData/IRS990ScheduleC/OtherActivitiesInd",8199,8199,"2022v4.0, 2022v4.1, 2022v5.0"
"/Return/ReturnData/IRS990ScheduleG/EmailSolicitationsInd",8186,8185,"2022v4.0, 2022v4.1, 2022v5.0"
"/Return/ReturnData/IRS990ScheduleG/GamingInformationGrp/GrossRevenueOtherGamingAmt",8159,8158,"2022v4.0, 2022v4.1, 2022v5.0"
"/Return/ReturnData/IRS990ScheduleC/GrantsOtherOrganizationsInd",8146,8146,"2022v4.0, 2022v4.1, 2022v5.0"
"/Return/ReturnData/IRS990ScheduleC/RalliesDemonstrationsInd",8140,8140,"2022v4.0, 2022v4.1, 2022v5.0"
"/Return/ReturnData/IRS990ScheduleC/MailingsMembersInd",8133,8133,"2022v4.0, 2022v4.1, 2022v5.0"
"/Return/ReturnData/IRS990ScheduleC/MediaAdvertisementsInd",8132,8132,"2022v4.0, 2022v4.1, 2022v5.0"
"/Return/ReturnData/IRS990ScheduleC/PublicationsOrBroadcastInd",8132,8132,"2022v4.0, 2022v4.1, 2022v5.0"
"/Return/ReturnData/IRS990ScheduleK/TaxExemptBondsProceedsGrp/SubstantialCompletionYr",8115,4246,"2022v4.0, 2022v4.1, 2022v5.0"
"/Return/ReturnData/IRS990ScheduleC/PaidStaffOrManagementInd",8107,8107,"2022v4.0, 2022v4.1, 2022v5.0"
"/Return/ReturnData/IRS990ScheduleG/MailSolicitationsInd",8081,8079,"2022v4.0, 2022v4.1, 2022v5.0"
"/Return/ReturnData/IRS990ScheduleK/TaxExemptBondsIssuesGrp/CUSIPNum",8081,3754,"2022v4.0, 2022v5.0"
"/Return/ReturnData/IRS990ScheduleC/VolunteersInd",8078,8078,"2022v4.0, 2022v4.1, 2022v5.0"
"/Return/ReturnData/IRS990ScheduleG/InPersonSolicitationsInd",8059,8058,"2022v4.0, 2022v4.1, 2022v5.0"
"/Return/ReturnData/IRS990ScheduleC/NotDescribedSection501c3Ind",8001,8001,"2022v4.0, 2022v4.1, 2022v5.0"
"/Return/ReturnData/IRS990EZ/InfoInScheduleOPartIVInd",7756,7756,"2022v4.0, 2022v4.1, 2022v5.0"
"/Return/ReturnData/IRS990ScheduleG/FundraisingEventInformationGrp/CashPrizesEvent2Amt",7683,7682,"2022v4.0, 2022v4.1, 2022v5.0"
"/Return/ReturnData/IRS990/MethodOfAccountingOtherInd",7576,7575,"2022v4.0, 2022v4.1, 2022v5.0"
"/Return/ReturnData/IRS990ScheduleD/HeldWorksArtGrp",7572,7571,"2022v4.0, 2022v4.1, 2022v5.0"
"/Return/ReturnData/IRS990ScheduleR/IdRelatedOrgTxblPartnershipGrp/UBICodeVAmt",7502,709,"2022v4.0, 2022v5.0"
"/Return/ReturnData/IRS990ScheduleN/LiquidationOfAssetsTableGrp/LiquidationOfAssetsDetail",7410,3819,"2022v4.0, 2022v4.1, 2022v5.0"
"/Return/ReturnData/IRS990/InfoInScheduleOPartVInd",7393,7393,"2022v4.0, 2022v4.1, 2022v5.0"
"/Return/ReturnData/IRS990ScheduleK/SupplementalInformationDetail",7391,3024,"2022v4.1, 2022v5.0"
"/Return/ReturnData/IRS990ScheduleK/SupplementalInformationDetail/FormAndLineReferenceDesc",7391,3024,"2022v4.1, 2022v5.0"
"/Return/ReturnData/IRS990ScheduleN/LiquidationOfAssetsTableGrp/LiquidationOfAssetsDetail/AssetsDistriOrExpnssPaidDesc",7388,3806,"2022v4.0, 2022v4.1, 2022v5.0"
"/Return/ReturnData/IRS990ScheduleK/SupplementalInformationDetail/ExplanationTxt",7383,3021,"2022v4.1, 2022v5.0"
"/Return/ReturnData/IRS990ScheduleK/TaxExemptBondsProceedsGrp/CapitalExpendituresAmt",7341,4066,"2022v4.0, 2022v4.1, 2022v5.0"
"/Return/ReturnData/IRS990ScheduleK/TaxExemptBondsProceedsGrp/RetiredAmt",7290,3888,"2022v4.0, 2022v4.1, 2022v5.0"
"/Return/ReturnData/IRS990ScheduleR/SupplementalInformationDetail",7268,5554,"2022v4.0, 2022v4.1, 2022v5.0"
"/Return/ReturnData/IRS990ScheduleR/SupplementalInformationDetail/FormAndLineReferenceDesc",7268,5554,"2022v4.0, 2022v4.1, 2022v5.0"
"/Return/ReturnData/IRS990ScheduleG/FundraiserActivityInfoGrp/OrganizationBusinessName",7259,4721,"2022v4.0, 2022v4.1, 2022v5.0"
"/Return/ReturnData/IRS990ScheduleG/FundraiserActivityInfoGrp/OrganizationBusinessName/BusinessNameLine1Txt",7259,4721,"2022v4.0, 2022v4.1, 2022v5.0"
"/Return/ReturnData/IRS990ScheduleR/SupplementalInformationDetail/ExplanationTxt",7254,5542,"2022v4.0, 2022v4.1, 2022v5.0"
"/Return/ReturnData/IRS990ScheduleA/ThirtyThrPctSuprtTestsPY509Ind",7148,7148,"2022v4.0, 2022v4.1, 2022v5.0"
"/Return/ReturnData/IRS990/OtherOrganizationDsc",7091,7091,"2022v4.0, 2022v4.1, 2022v5.0"
"/Return/ReturnData/IRS990ScheduleC/TotalLobbyingExpendituresAmt",7084,7084,"2022v4.0, 2022v4.1, 2022v5.0"
"/Return/ReturnData/IRS990ScheduleN/LiquidationOfAssetsTableGrp/LiquidationOfAssetsDetail/DistributionDt",7017,3472,"2022v4.0, 2022v4.1, 2022v5.0"
"/Return/ReturnData/IRS990ScheduleN/LiquidationOfAssetsTableGrp/LiquidationOfAssetsDetail/FairMarketValueOfAssetAmt",6914,3354,"2022v4.0, 2022v4.1, 2022v5.0"
"/Return/ReturnData/IRS990ScheduleC/LobbyingNontaxableAmountGrp",6875,6873,"2022v4.0, 2022v4.1, 2022v5.0"
"/Return/ReturnData/IRS990ScheduleC/GrassrootsNontaxableGrp",6874,6872,"2022v4.0, 2022v4.1, 2022v5.0"
"/Return/ReturnData/IRS990ScheduleC/TotalExemptPurposeExpendGrp",6874,6872,"2022v4.0, 2022v4.1, 2022v5.0"
"/Return/ReturnData/IRS990/InitiationFeesAndCapContriAmt",6795,6795,"2022v4.0, 2022v4.1, 2022v5.0"
"/Return/ReturnData/IRS990ScheduleC/Section527PoliticalOrgGrp/EIN",6774,2130,"2022v4.0, 2022v4.1, 2022v5.0"
"/Return/ReturnData/IRS990/BooksInCareOfDetail/USAddress/AddressLine2Txt",6760,6760,"2022v4.0, 2022v4.1, 2022v5.0"
"/Return/ReturnData/IRS990ScheduleA/Form990SchAType3FuncIntGrp",6723,6723,"2022v4.0, 2022v4.1, 2022v5.0"
"/Return/ReturnData/IRS990ScheduleM/FoodInventoryGrp",6706,6705,"2022v4.0, 2022v4.1, 2022v5.0"
"/Return/ReturnData/IRS990ScheduleM/ClothingAndHouseholdGoodsGrp",6684,6683,"2022v4.0, 2022v4.1, 2022v5.0"
"/Return/ReturnData/IRS990ScheduleD/TotalBookValueProgramRltdAmt",6667,6666,"2022v4.0, 2022v4.1, 2022v5.0"
"/Return/ReturnData/IRS990ScheduleK",6658,5998,"2022v4.0, 2022v4.1, 2022v5.0"
"/Return/ReturnData/IRS990ScheduleC/OtherExemptPurposeExpendGrp",6657,6656,"2022v4.0, 2022v4.1, 2022v5.0"
"/Return/ReturnData/IRS990ScheduleA/Form990SchAType3SprtOrgAllGrp",6592,6592,"2022v4.0, 2022v4.1, 2022v5.0"
"/Return/ReturnData/IRS990ScheduleA/Form990SchAType3SprtOrgAllGrp/OfficersCloseRelationshipInd",6592,6592,"2022v4.0, 2022v4.1, 2022v5.0"
"/Return/ReturnData/IRS990ScheduleA/Form990SchAType3SprtOrgAllGrp/SupportedOrgVoiceInvestmentInd",6592,6592,"2022v4.0, 2022v4.1, 2022v5.0"
"/Return/ReturnData/IRS990ScheduleA/Form990SchAType3SprtOrgAllGrp/TimelyProvidedDocumentsInd",6592,6592,"2022v4.0, 2022v4.1, 2022v5.0"
"/Return/ReturnData/IRS990ScheduleG/GamingInformationGrp/GrossRevenuePullTabsAmt",6583,6579,"2022v4.0, 2022v4.1, 2022v5.0"
"/Return/ReturnData/IRS990ScheduleC/DuesAssessmentsAmt",6520,6520,"2022v4.0, 2022v4.1, 2022v5.0"
"/Return/ReturnData/IRS990/FSAuditedBasisGrp/ConsolAndSepBasisFinclStmtInd",6466,6466,"2022v4.0, 2022v4.1, 2022v5.0"
"/Return/ReturnData/IRS990/AmendedReturnInd",6446,6438,"2022v4.0, 2022v4.1, 2022v5.0"
"/Return/ReturnData/IRS990ScheduleK/TaxExemptBondsProceedsGrp/OtherSpentProceedsAmt",6446,3460,"2022v4.0, 2022v5.0"
"/Return/ReturnData/CompensationExplanation/CompensationExplanationGrp",6404,2707,"2022v4.1, 2022v5.0"
"/Return/ReturnData/IRS990ScheduleN/LiquidationOfAssetsTableGrp/LiquidationOfAssetsDetail/USAddress",6395,3011,"2022v4.0, 2022v4.1, 2022v5.0"
"/Return/ReturnData/IRS990ScheduleN/LiquidationOfAssetsTableGrp/LiquidationOfAssetsDetail/USAddress/AddressLine1Txt",6395,3011,"2022v4.0, 2022v4.1, 2022v5.0"
"/Return/ReturnData/IRS990ScheduleN/LiquidationOfAssetsTableGrp/LiquidationOfAssetsDetail/USAddress/CityNm",6395,3011,"2022v4.0, 2022v4.1, 2022v5.0"
"/Return/ReturnData/IRS990ScheduleN/LiquidationOfAssetsTableGrp/LiquidationOfAssetsDetail/USAddress/StateAbbreviationCd",6395,3011,"2022v4.0, 2022v4.1, 2022v5.0"
"/Return/ReturnData/IRS990ScheduleN/LiquidationOfAssetsTableGrp/LiquidationOfAssetsDetail/USAddress/ZIPCd",6395,3011,"2022v4.0, 2022v4.1, 2022v5.0"
"/Return/ReturnData/IRS990EZ/RelatedOrgSect527OrgInd",6330,6328,"2022v4.0, 2022v4.1, 2022v5.0"
"/Return/ReturnData/IRS990ScheduleD/ExplanationProvidedInd",6320,6320,"2022v4.0, 2022v4.1, 2022v5.0"
"/Return/ReturnData/IRS990ScheduleG/FundraisingEventInformationGrp/NonCashPrizesOtherEventsAmt",6312,6312,"2022v4.0, 2022v4.1, 2022v5.0"
"/Return/ReturnData/IRS990ScheduleD/RelatedOrgListSchRInd",6301,6301,"2022v4.1, 2022v5.0"
"/Return/ReturnData/IRS990/InitialReturnInd",6296,6296,"2022v4.0, 2022v4.1, 2022v5.0"
"/Return/ReturnData/IRS990ScheduleM/Form8283ReceivedCnt",6292,6292,"2022v4.0, 2022v4.1, 2022v5.0"
"/Return/ReturnData/IRS990ScheduleC/TotalLobbyingExpendGrp",6271,6269,"2022v4.0, 2022v4.1, 2022v5.0"
"/Return/ReturnData/IRS990/GrossReceiptsForPublicUseAmt",6266,6266,"2022v4.0, 2022v4.1, 2022v5.0"
"/Return/ReturnData/CompensationExplanation/CompensationExplanationGrp/PersonNm",6223,2575,"2022v4.1, 2022v5.0"
"/Return/ReturnData/CompensationExplanation/CompensationExplanationGrp/ShortExplanationTxt",6210,2606,"2022v4.1, 2022v5.0"
"/Return/ReturnData/IRS990ScheduleG/GamingManagerPersonNm",6194,6193,"2022v4.0, 2022v4.1, 2022v5.0"
"/Return/ReturnData/IRS990ScheduleG/GamingManagerServicesProvTxt",6124,6123,"2022v4.0, 2022v4.1, 2022v5.0"
"/Return/ReturnData/IRS990ScheduleG/TotalRetainedByContractorsAmt",6117,6117,"2022v4.0, 2022v4.1, 2022v5.0"
"/Return/ReturnData/IRS990ScheduleG/GamingOwnFacilityPct",6046,6046,"2022v4.0, 2022v4.1, 2022v5.0"
"/Return/ReturnData/IRS990ScheduleF/Total501c3OrgCnt",5956,5954,"2022v4.0, 2022v4.1, 2022v5.0"
"/Return/ReturnData/IRS990ScheduleN/LiquidationOfAssetsTableGrp/LiquidationOfAssetsDetail/MethodOfFMVDeterminationTxt",5949,2936,"2022v4.0, 2022v4.1, 2022v5.0"
"/Return/ReturnData/IRS990ScheduleL/SupplementalInformationDetail",5928,5050,"2022v4.0, 2022v4.1, 2022v5.0"
"/Return/ReturnData/IRS990ScheduleL/SupplementalInformationDetail/FormAndLineReferenceDesc",5928,5050,"2022v4.0, 2022v4.1, 2022v5.0"
"/Return/ReturnData/IRS990ScheduleN",5918,5918,"2022v4.0, 2022v4.1, 2022v5.0"
"/Return/ReturnData/IRS990ScheduleL/SupplementalInformationDetail/ExplanationTxt",5898,5030,"2022v4.0, 2022v4.1, 2022v5.0"
"/Return/ReturnData/IRS990EZ/OtherEmployeePaidOver100kCnt",5893,5893,"2022v4.0, 2022v4.1, 2022v5.0"
"/Return/ReturnData/IRS990ScheduleC/AvgLobbyingNontaxableAmountGrp",5860,5859,"2022v4.0, 2022v4.1, 2022v5.0"
"/Return/ReturnData/IRS990ScheduleC/TotalDirectLobbyingGrp",5860,5859,"2022v4.0, 2022v4.1, 2022v5.0"
"/Return/ReturnData/IRS990ScheduleC/AvgGrassrootsNontaxableGrp",5853,5852,"2022v4.0, 2022v4.1, 2022v5.0"
"/Return/ReturnData/IRS990ScheduleR/IdRelatedOrgTxblCorpTrGrp/ForeignAddress/ForeignPostalCd",5851,1789,"2022v4.1, 2022v5.0"
"/Return/ReturnData/IRS990ScheduleC/AvgLobbyingNontaxableAmountGrp/TotalAmt",5834,5833,"2022v4.0, 2022v4.1, 2022v5.0"
"/Return/ReturnData/IRS990ScheduleG/SolicitationOfNonGovtGrantsInd",5830,5829,"2022v4.0, 2022v4.1, 2022v5.0"
"/Return/ReturnData/IRS990ScheduleC/LobbyingCeilingAmt",5829,5828,"2022v4.0, 2022v4.1, 2022v5.0"
"/Return/ReturnData/IRS990ScheduleC/AvgGrassrootsNontaxableGrp/TotalAmt",5821,5820,"2022v4.0, 2022v4.1, 2022v5.0"
"/Return/ReturnData/IRS990ScheduleC/GrassrootsCeilingAmt",5815,5814,"2022v4.0, 2022v4.1, 2022v5.0"
"/Return/ReturnData/IRS990ScheduleN/LiquidationOfAssetsTableGrp/LiquidationOfAssetsDetail/IRCSectionTxt",5810,2727,"2022v4.0, 2022v4.1, 2022v5.0"
"/Return/ReturnData/IRS990ScheduleC/LobbyingNontaxableAmountGrp/FilingOrganizationsTotalAmt",5758,5756,"2022v4.0, 2022v4.1, 2022v5.0"
"/Return/ReturnData/IRS990ScheduleC/TotalExemptPurposeExpendGrp/FilingOrganizationsTotalAmt",5757,5755,"2022v4.0, 2022v4.1, 2022v5.0"
"/Return/ReturnData/IRS990ScheduleC/GrassrootsNontaxableGrp/FilingOrganizationsTotalAmt",5756,5754,"2022v4.0, 2022v4.1, 2022v5.0"
"/Return/ReturnData/IRS990ScheduleM/FoodInventoryGrp/NoncashContributionsRptF990Amt",5676,5676,"2022v4.0, 2022v4.1, 2022v5.0"
"/Return/ReturnData/IRS990ScheduleM/ClothingAndHouseholdGoodsGrp/NoncashContributionsRptF990Amt",5659,5659,"2022v4.0, 2022v4.1, 2022v5.0"
"/Return/ReturnData/IRS990ScheduleG/TotalNetToOrganizationAmt",5614,5614,"2022v4.0, 2022v4.1, 2022v5.0"
"/Return/ReturnData/IRS990EZ/CntrctRcvdGreaterThan100KCnt",5604,5603,"2022v4.0, 2022v4.1, 2022v5.0"
"/Return/ReturnData/IRS990ScheduleG/GamingInformationGrp/OtherDirectExpensesPullTabsAmt",5576,5572,"2022v4.0, 2022v4.1, 2022v5.0"
"/Return/ReturnData/IRS990ScheduleM/FoodInventoryGrp/NonCashCheckboxInd",5528,5528,"2022v4.0, 2022v4.1, 2022v5.0"
"/Return/ReturnData/IRS990ScheduleC/OtherExemptPurposeExpendGrp/FilingOrganizationsTotalAmt",5510,5509,"2022v4.0, 2022v4.1, 2022v5.0"
"/Return/ReturnData/IRS990ScheduleM/ClothingAndHouseholdGoodsGrp/NonCashCheckboxInd",5503,5503,"2022v4.0, 2022v4.1, 2022v5.0"
"/Return/ReturnData/IRS990ScheduleC/AvgGrassrootsNontaxableGrp/CurrentYearAmt",5498,5497,"2022v4.0, 2022v4.1, 2022v5.0"
"/Return/ReturnData/IRS990ScheduleC/AvgLobbyingNontaxableAmountGrp/CurrentYearAmt",5498,5497,"2022v4.0, 2022v4.1, 2022v5.0"
"/Return/ReturnData/IRS990EZ/BooksInCareOfDetail/USAddress/AddressLine2Txt",5483,5483,"2022v4.0, 2022v4.1, 2022v5.0"
"/Return/ReturnData/IRS990ScheduleG/GamingInformationGrp/OthDirectExpnssOtherGamingAmt",5472,5471,"2022v4.0, 2022v4.1, 2022v5.0"
"/Return/ReturnData/IRS990ScheduleN/LiquidationOfAssetsTableGrp/LiquidationOfAssetsDetail/EIN",5471,2498,"2022v4.0, 2022v4.1, 2022v5.0"
"/Return/ReturnData/IRS990ScheduleC/NonDeductibleLbbyngPltclTotAmt",5463,5463,"2022v4.0, 2022v4.1, 2022v5.0"
"/Return/ReturnData/IRS990ScheduleC/TotLbbyExpendMnsLbbyngNonTxGrp",5463,5463,"2022v4.0, 2022v4.1, 2022v5.0"
"/Return/ReturnData/IRS990ScheduleD/DisclosedForCharitablePrpsInd",5446,5442,"2022v4.0, 2022v4.1, 2022v5.0"
"/Return/ReturnData/IRS990ScheduleG/FundraisingEventInformationGrp/CashPrizesOtherEventsAmt",5446,5446,"2022v4.0, 2022v4.1, 2022v5.0"
"/Return/ReturnData/IRS990ScheduleA/DistributableAmountGrp",5439,5437,"2022v4.0, 2022v4.1, 2022v5.0"
"/Return/ReturnData/IRS990ScheduleA/DistributableAmountGrp/CYAdjNetIncomeDistributableAmt",5439,5437,"2022v4.0, 2022v4.1, 2022v5.0"
"/Return/ReturnData/IRS990ScheduleA/DistributableAmountGrp/CYDistributableAsAdjustedAmt",5439,5437,"2022v4.0, 2022v4.1, 2022v5.0"
"/Return/ReturnData/IRS990ScheduleA/DistributableAmountGrp/CYGreaterAdjustedMinimumAmt",5439,5437,"2022v4.0, 2022v4.1, 2022v5.0"
"/Return/ReturnData/IRS990ScheduleA/DistributableAmountGrp/CYIncomeTaxImposedPYAmt",5439,5437,"2022v4.0, 2022v4.1, 2022v5.0"
"/Return/ReturnData/IRS990ScheduleA/DistributableAmountGrp/CYPct85AdjustedNetIncomeAmt",5439,5437,"2022v4.0, 2022v4.1, 2022v5.0"
"/Return/ReturnData/IRS990ScheduleA/DistributableAmountGrp/CYTotalMinAstDistributableAmt",5439,5437,"2022v4.0, 2022v4.1, 2022v5.0"
"/Return/ReturnData/IRS990ScheduleC/TotLbbyngGrassrootMnsNonTxGrp",5409,5409,"2022v4.0, 2022v4.1, 2022v5.0"
"/Return/ReturnData/IRS990ScheduleD/DisclosedOrgLegCtrlInd",5384,5380,"2022v4.0, 2022v4.1, 2022v5.0"
"/Return/ReturnData/IRS990ScheduleC/NonDeductibleLbbyngPltclCYAmt",5335,5335,"2022v4.0, 2022v4.1, 2022v5.0"
"/Return/ReturnData/IRS990ScheduleC/AvgLobbyingNontaxableAmountGrp/CurrentYearMinus1Amt",5328,5327,"2022v4.0, 2022v4.1, 2022v5.0"
"/Return/ReturnData/IRS990ScheduleC/AvgGrassrootsNontaxableGrp/CurrentYearMinus1Amt",5310,5309,"2022v4.0, 2022v4.1, 2022v5.0"
"/Return/ReturnData/IRS990/TotalJointCostsGrp",5297,5297,"2022v4.0, 2022v4.1, 2022v5.0"
"/Return/ReturnData/IRS990/TotalJointCostsGrp/TotalAmt",5272,5272,"2022v4.0, 2022v4.1, 2022v5.0"
"/Return/ReturnData/IRS990ScheduleG/PhoneSolicitationsInd",5217,5215,"2022v4.0, 2022v4.1, 2022v5.0"
"/Return/ReturnData/IRS990ScheduleK/TaxExemptBondsPrivateBusUseGrp/PrivateBusUseByOthersPct",5184,2425,"2022v4.0, 2022v5.0"
"/Return/ReturnData/IRS990ScheduleD/CollectionUsedPubExhibitionInd",5180,5177,"2022v4.0, 2022v4.1, 2022v5.0"
"/Return/ReturnData/IRS990ScheduleC/AvgTotalLobbyingExpendGrp",5172,5171,"2022v4.0, 2022v4.1, 2022v5.0"
"/Return/ReturnData/IRS990ScheduleA/IRSWrittenDeterminationInd",5163,5163,"2022v4.0, 2022v4.1, 2022v5.0"
"/Return/ReturnData/IRS990ScheduleC/AvgLobbyingNontaxableAmountGrp/CurrentYearMinus2Amt",5149,5148,"2022v4.0, 2022v4.1, 2022v5.0"
"/Return/ReturnData/IRS990ScheduleC/Form1120POLFiledInd",5137,5137,"2022v4.0, 2022v4.1, 2022v5.0"
"/Return/ReturnData/IRS990ScheduleC/AvgGrassrootsNontaxableGrp/CurrentYearMinus2Amt",5123,5122,"2022v4.0, 2022v4.1, 2022v5.0"
"/Return/ReturnData/IRS990ScheduleG/SupplementalInformationDetail",5117,4168,"2022v4.0, 2022v4.1, 2022v5.0"
"/Return/ReturnData/IRS990ScheduleG/SupplementalInformationDetail/FormAndLineReferenceDesc",5114,4166,"2022v4.0, 2022v4.1, 2022v5.0"
"/Return/ReturnData/IRS990ScheduleC/TotalLobbyingExpendGrp/FilingOrganizationsTotalAmt",5112,5110,"2022v4.0, 2022v4.1, 2022v5.0"
"/Return/ReturnData/IRS990ScheduleG/SupplementalInformationDetail/ExplanationTxt",5104,4159,"2022v4.0, 2022v4.1, 2022v5.0"
"/Return/ReturnData/IRS990ScheduleC/AvgTotalLobbyingExpendGrp/TotalAmt",5101,5100,"2022v4.0, 2022v4.1, 2022v5.0"
"/Return/ReturnData/IRS990ScheduleM/ClothingAndHouseholdGoodsGrp/MethodOfDeterminingRevenuesTxt",5082,5082,"2022v4.0, 2022v4.1, 2022v5.0"
"/Return/ReturnData/IRS990/TotalJointCostsGrp/ProgramServicesAmt",5077,5077,"2022v4.0, 2022v4.1, 2022v5.0"
"/Return/ReturnData/IRS990/TotalJointCostsGrp/FundraisingAmt",5041,5041,"2022v4.0, 2022v4.1, 2022v5.0"
"/Return/ReturnData/IRS990ScheduleC/AvgLobbyingNontaxableAmountGrp/CurrentYearMinus3Amt",5038,5037,"2022v4.0, 2022v4.1, 2022v5.0"
"/Return/ReturnData/IRS990/LicensedMoreThanOneStateInd",5017,5017,"2022v4.1, 2022v5.0"
"/Return/ReturnData/IRS990ScheduleC/AvgGrassrootsNontaxableGrp/CurrentYearMinus3Amt",5007,5006,"2022v4.0, 2022v4.1, 2022v5.0"
"/Return/ReturnData/IRS990/TotalJointCostsGrp/ManagementAndGeneralAmt",4980,4980,"2022v4.0, 2022v4.1, 2022v5.0"
"/Return/ReturnData/IRS990ScheduleM/FoodInventoryGrp/MethodOfDeterminingRevenuesTxt",4980,4980,"2022v4.0, 2022v4.1, 2022v5.0"
"/Return/ReturnData/IRS990ScheduleG/GamingOtherFacilityPct",4950,4946,"2022v4.0, 2022v4.1, 2022v5.0"
"/Return/ReturnData/IRS990ScheduleG/GamingInformationGrp/CashPrizesPullTabsAmt",4898,4894,"2022v4.0, 2022v4.1, 2022v5.0"
"/Return/ReturnData/IRS990ScheduleM/FoodInventoryGrp/ContributionCnt",4881,4881,"2022v4.0, 2022v4.1, 2022v5.0"
"/Return/ReturnData/IRS990ScheduleG/GamingInformationGrp/GrossRevenueBingoAmt",4880,4877,"2022v4.0, 2022v4.1, 2022v5.0"
"/Return/ReturnData/IRS990EZ/OrganizationFiled990TInd",4748,4742,"2022v4.0, 2022v4.1, 2022v5.0"
"/Return/ReturnData/IRS990ScheduleI/RecipientTable/RecipientBusinessName/BusinessNameLine2Txt",4728,1447,"2022v4.0, 2022v4.1, 2022v5.0"
"/Return/ReturnData/IRS990ScheduleK/TaxExemptBondsPrivateBusUseGrp/TotalPrivateBusinessUsePct",4715,2222,"2022v4.0, 2022v5.0"
"/Return/ReturnData/IRS990ScheduleA/ThirtyThrPctSuprtTestsPY170Ind",4702,4702,"2022v4.0, 2022v4.1, 2022v5.0"
"/Return/ReturnData/IRS990ScheduleC/TotalDirectLobbyingGrp/FilingOrganizationsTotalAmt",4663,4662,"2022v4.0, 2022v4.1, 2022v5.0"
"/Return/ReturnData/IRS990ScheduleC/AggregateReportedDuesNtcAmt",4652,4652,"2022v4.0, 2022v4.1, 2022v5.0"
"/Return/ReturnData/IRS990EZ/ProgramSrvcAccomplishmentGrp/ForeignGrantsInd",4618,3167,"2022v4.0, 2022v4.1, 2022v5.0"
"/Return/ReturnData/IRS990ScheduleR/IdRelatedOrgTxblCorpTrGrp/ForeignAddress/ProvinceOrStateNm",4615,1341,"2022v4.1, 2022v5.0"
"/Return/ReturnData/IRS990ScheduleD/WrittenPolicyMonitoringInd",4597,4594,"2022v4.0, 2022v4.1, 2022v5.0"
"/Return/ReturnData/IRS990ScheduleC/AvgTotalLobbyingExpendGrp/CurrentYearAmt",4563,4562,"2022v4.0, 2022v4.1, 2022v5.0"
"/Return/ReturnData/IRS990ScheduleG/TotalGrossReceiptsAmt",4542,4542,"2022v4.0, 2022v4.1, 2022v5.0"
"/Return/ReturnData/IRS990/USAddress/AddressLine2Txt",4439,4439,"2022v4.0, 2022v4.1, 2022v5.0"
"/Return/ReturnData/IRS990ScheduleC/TotalGrassrootsLobbyingGrp",4433,4433,"2022v4.0, 2022v4.1, 2022v5.0"
"/Return/ReturnData/IRS990ScheduleR/IdDisregardedEntitiesGrp/DirectControllingNACd",4432,988,"2022v4.1, 2022v5.0"
"/Return/ReturnData/IRS990ScheduleK/TaxExemptBondsProceedsGrp/InReserveFundAmt",4416,2323,"2022v4.0, 2022v5.0"
"/Return/ReturnData/IRS990EZ/Form720FiledInd",4326,4325,"2022v4.0, 2022v4.1, 2022v5.0"
"/Return/ReturnData/IRS990ScheduleF/TotalOtherOrgCnt",4290,4288,"2022v4.0, 2022v4.1, 2022v5.0"
"/Return/ReturnData/IRS990ScheduleG/GamingInformationGrp/CashPrizesOtherGamingAmt",4258,4257,"2022v4.0, 2022v4.1, 2022v5.0"
"/Return/ReturnData/IRS990ScheduleA/HospitalInd",4243,4243,"2022v4.0, 2022v4.1, 2022v5.0"
"/Return/ReturnData/IRS990ScheduleC/AvgTotalLobbyingExpendGrp/CurrentYearMinus2Amt",4231,4230,"2022v4.0, 2022v4.1, 2022v5.0"
"/Return/ReturnHeader/PreparerFirmGrp/PreparerUSAddress/AddressLine2Txt",4225,4225,"2022v4.0, 2022v4.1, 2022v5.0"
"/Return/ReturnData/IRS990ScheduleC/AvgTotalLobbyingExpendGrp/CurrentYearMinus1Amt",4211,4210,"2022v4.0, 2022v4.1, 2022v5.0"
"/Return/ReturnData/IRS990ScheduleC/AvgTotalLobbyingExpendGrp/CurrentYearMinus3Amt",4209,4208,"2022v4.0, 2022v4.1, 2022v5.0"
"/Return/ReturnData/IRS990ScheduleN/RequiredToNotifyAGInd",4181,4181,"2022v4.0, 2022v4.1, 2022v5.0"
"/Return/ReturnData/IRS990ScheduleR/IdRelatedTaxExemptOrgGrp/LegalDomicileForeignCountryCd",4180,1771,"2022v4.0, 2022v4.1, 2022v5.0"
"/Return/ReturnData/IRS990ScheduleN/AssetsDistributedInd",4177,4177,"2022v4.0, 2022v4.1, 2022v5.0"
"/Return/ReturnData/IRS990ScheduleN/BondsOutstandingInd",4175,4175,"2022v4.0, 2022v4.1, 2022v5.0"
"/Return/ReturnData/IRS990ScheduleN/LiabilitiesPaidInd",4173,4173,"2022v4.0, 2022v4.1, 2022v5.0"
"/Return/ReturnData/IRS990ScheduleC/TotLbbyExpendMnsLbbyngNonTxGrp/FilingOrganizationsTotalAmt",4133,4133,"2022v4.0, 2022v4.1, 2022v5.0"
"/Return/ReturnData/IRS990ScheduleC/TotLbbyngGrassrootMnsNonTxGrp/FilingOrganizationsTotalAmt",4086,4086,"2022v4.0, 2022v4.1, 2022v5.0"
"/Return/ReturnData/IRS990ScheduleD/CollectionUsedPreservationInd",4075,4074,"2022v4.0, 2022v4.1, 2022v5.0"
"/Return/ReturnData/IRS990ScheduleN/DirectorOfSuccessorInd",4069,4069,"2022v4.0, 2022v4.1, 2022v5.0"
"/Return/ReturnData/IRS990ScheduleN/EmployeeOfSuccessorInd",4067,4067,"2022v4.0, 2022v4.1, 2022v5.0"
"/Return/ReturnData/IRS990ScheduleG/GamingInformationGrp/OtherDirectExpensesBingoAmt",4066,4063,"2022v4.0, 2022v4.1, 2022v5.0"
"/Return/ReturnData/IRS990ScheduleN/OwnerOfSuccessorInd",4065,4065,"2022v4.0, 2022v4.1, 2022v5.0"
"/Return/ReturnData/IRS990ScheduleG/GamingManagerIsDirectorOfcrInd",4058,4058,"2022v4.0, 2022v4.1, 2022v5.0"
"/Return/ReturnData/IRS990ScheduleN/ReceiveCompensationInd",4058,4058,"2022v4.0, 2022v4.1, 2022v5.0"
"/Return/ReturnData/IRS990/AcctCompileOrReviewBasisGrp/ConsolidatedBasisFinclStmtInd",4048,4048,"2022v4.0, 2022v4.1, 2022v5.0"
"/Return/ReturnData/IRS990ScheduleG/SolicitationOfGovtGrantsInd",3985,3984,"2022v4.0, 2022v4.1, 2022v5.0"
"/Return/ReturnData/IRS990ScheduleK/TaxExemptBondsPrivateBusUseGrp/PrivateBusConcerningUBIPct",3979,1899,"2022v4.0, 2022v5.0"
"/Return/ReturnData/IRS990ScheduleA/MajorityDirTrstSupportedOrgInd",3927,3927,"2022v4.0, 2022v4.1, 2022v5.0"
"/Return/ReturnData/IRS990ScheduleN/LiquidationOfAssetsTableGrp",3906,3906,"2022v4.0, 2022v4.1, 2022v5.0"
"/Return/ReturnData/IRS990ScheduleA/CommunityTrustInd",3902,3901,"2022v4.0, 2022v4.1, 2022v5.0"
"/Return/ReturnData/IRS990ScheduleC/Section527PoliticalOrgGrp/ContributionsRcvdDlvrAmt",3834,1360,"2022v4.0, 2022v4.1, 2022v5.0"
"/Return/ReturnData/AffiliateListing/AffiliateListingGrp",3821,157,"2022v4.1, 2022v5.0"
"/Return/ReturnData/AffiliateListing/AffiliateListingGrp/BusinessName",3821,157,"2022v4.1, 2022v5.0"
"/Return/ReturnData/AffiliateListing/AffiliateListingGrp/BusinessName/BusinessNameLine1Txt",3821,157,"2022v4.1, 2022v5.0"
"/Return/ReturnData/AffiliateListing/AffiliateListingGrp/BusinessNameControlTxt",3821,157,"2022v4.1, 2022v5.0"
"/Return/ReturnData/AffiliateListing/AffiliateListingGrp/EIN",3821,157,"2022v4.1, 2022v5.0"
"/Return/ReturnData/AffiliateListing/AffiliateListingGrp/USAddress",3821,157,"2022v4.1, 2022v5.0"
"/Return/ReturnData/AffiliateListing/AffiliateListingGrp/USAddress/AddressLine1Txt",3821,157,"2022v4.1, 2022v5.0"
"/Return/ReturnData/AffiliateListing/AffiliateListingGrp/USAddress/CityNm",3821,157,"2022v4.1, 2022v5.0"
"/Return/ReturnData/AffiliateListing/AffiliateListingGrp/USAddress/StateAbbreviationCd",3821,157,"2022v4.1, 2022v5.0"
"/Return/ReturnData/AffiliateListing/AffiliateListingGrp/USAddress/ZIPCd",3821,157,"2022v4.1, 2022v5.0"
"/Return/ReturnData/IRS990ScheduleA/DistributionAllocationsGrp",3809,3807,"2022v4.0, 2022v4.1, 2022v5.0"
"/Return/ReturnData/IRS990ScheduleA/DistributionAllocationsGrp/CYDistribAppUnderdistriPYAmt",3809,3807,"2022v4.0, 2022v4.1, 2022v5.0"
"/Return/ReturnData/IRS990ScheduleA/DistributionAllocationsGrp/CYDistributableAsAdjustedAmt",3809,3807,"2022v4.0, 2022v4.1, 2022v5.0"
"/Return/ReturnData/IRS990ScheduleA/DistributionAllocationsGrp/CYTotalAnnualDistributionsAmt",3809,3807,"2022v4.0, 2022v4.1, 2022v5.0"
"/Return/ReturnData/IRS990ScheduleA/DistributionAllocationsGrp/CarryoverPYNotAppliedAmt",3809,3807,"2022v4.0, 2022v4.1, 2022v5.0"
"/Return/ReturnData/IRS990ScheduleA/DistributionAllocationsGrp/CyovAppliedUnderdistrCPYAmt",3809,3807,"2022v4.0, 2022v4.1, 2022v5.0"
"/Return/ReturnData/IRS990ScheduleA/DistributionAllocationsGrp/CyovAppliedUnderdistriPYAmt",3809,3807,"2022v4.0, 2022v4.1, 2022v5.0"
"/Return/ReturnData/IRS990ScheduleA/DistributionAllocationsGrp/ExcessDistriCyovToNextYrAmt",3809,3807,"2022v4.0, 2022v4.1, 2022v5.0"
"/Return/ReturnData/IRS990ScheduleA/DistributionAllocationsGrp/ExcessDistributionAmt",3809,3807,"2022v4.0, 2022v4.1, 2022v5.0"
"/Return/ReturnData/IRS990ScheduleA/DistributionAllocationsGrp/ExcessDistributionCyovAmt",3809,3807,"2022v4.0, 2022v4.1, 2022v5.0"
"/Return/ReturnData/IRS990ScheduleA/DistributionAllocationsGrp/ExcessDistributionCyovYr1Amt",3809,3807,"2022v4.0, 2022v4.1, 2022v5.0"
"/Return/ReturnData/IRS990ScheduleA/DistributionAllocationsGrp/ExcessDistributionCyovYr2Amt",3809,3807,"2022v4.0, 2022v4.1, 2022v5.0"
"/Return/ReturnData/IRS990ScheduleA/DistributionAllocationsGrp/ExcessDistributionCyovYr3Amt",3809,3807,"2022v4.0, 2022v4.1, 2022v5.0"
"/Return/ReturnData/IRS990ScheduleA/DistributionAllocationsGrp/ExcessDistributionCyovYr4Amt",3809,3807,"2022v4.0, 2022v4.1, 2022v5.0"
"/Return/ReturnData/IRS990ScheduleA/DistributionAllocationsGrp/ExcessDistributionCyovYr5Amt",3809,3807,"2022v4.0, 2022v4.1, 2022v5.0"
"/Return/ReturnData/IRS990ScheduleA/DistributionAllocationsGrp/ExcessFromYear1Amt",3809,3807,"2022v4.0, 2022v4.1, 2022v5.0"
"/Return/ReturnData/IRS990ScheduleA/DistributionAllocationsGrp/ExcessFromYear2Amt",3809,3807,"2022v4.0, 2022v4.1, 2022v5.0"
"/Return/ReturnData/IRS990ScheduleA/DistributionAllocationsGrp/ExcessFromYear3Amt",3809,3807,"2022v4.0, 2022v4.1, 2022v5.0"
"/Return/ReturnData/IRS990ScheduleA/DistributionAllocationsGrp/ExcessFromYear4Amt",3809,3807,"2022v4.0, 2022v4.1, 2022v5.0"
"/Return/ReturnData/IRS990ScheduleA/DistributionAllocationsGrp/ExcessFromYear5Amt",3809,3807,"2022v4.0, 2022v4.1, 2022v5.0"
"/Return/ReturnData/IRS990ScheduleA/DistributionAllocationsGrp/RemainingUnderdistriCYAmt",3809,3807,"2022v4.0, 2022v4.1, 2022v5.0"
"/Return/ReturnData/IRS990ScheduleA/DistributionAllocationsGrp/RemainingUnderdistriPYAmt",3809,3807,"2022v4.0, 2022v4.1, 2022v5.0"
"/Return/ReturnData/IRS990ScheduleA/DistributionAllocationsGrp/TotalExcessDistributionCyovAmt",3809,3807,"2022v4.0, 2022v4.1, 2022v5.0"
"/Return/ReturnData/IRS990ScheduleA/DistributionAllocationsGrp/UnderdistributionsAmt",3809,3807,"2022v4.0, 2022v4.1, 2022v5.0"
"/Return/ReturnData/IRS990ScheduleA/DistributionsGrp",3772,3770,"2022v4.0, 2022v4.1, 2022v5.0"
"/Return/ReturnData/IRS990ScheduleA/DistributionsGrp/CYAdministrativeExpensePaidAmt",3772,3770,"2022v4.0, 2022v4.1, 2022v5.0"
"/Return/ReturnData/IRS990ScheduleA/DistributionsGrp/CYDistriAttentiveSuprtOrgAmt",3772,3770,"2022v4.0, 2022v4.1, 2022v5.0"
"/Return/ReturnData/IRS990ScheduleA/DistributionsGrp/CYDistributableAsAdjustedAmt",3772,3770,"2022v4.0, 2022v4.1, 2022v5.0"
"/Return/ReturnData/IRS990ScheduleA/DistributionsGrp/CYDistributionYrRt",3772,3770,"2022v4.0, 2022v4.1, 2022v5.0"
"/Return/ReturnData/IRS990ScheduleA/DistributionsGrp/CYOtherDistributionsAmt",3772,3770,"2022v4.0, 2022v4.1, 2022v5.0"
"/Return/ReturnData/IRS990ScheduleA/DistributionsGrp/CYPaidAccomplishExemptPrpsAmt",3772,3770,"2022v4.0, 2022v4.1, 2022v5.0"
"/Return/ReturnData/IRS990ScheduleA/DistributionsGrp/CYPdInExcessIncomeActivityAmt",3772,3770,"2022v4.0, 2022v4.1, 2022v5.0"
"/Return/ReturnData/IRS990ScheduleA/DistributionsGrp/CYTotalAnnualDistributionsAmt",3772,3770,"2022v4.0, 2022v4.1, 2022v5.0"
"/Return/ReturnData/IRS990ScheduleA/DistributionsGrp/ExemptUseAssetsAcquisPaidAmt",3772,3770,"2022v4.0, 2022v4.1, 2022v5.0"
"/Return/ReturnData/IRS990ScheduleA/DistributionsGrp/QualifiedSetAsideAmt",3772,3770,"2022v4.0, 2022v4.1, 2022v5.0"
"/Return/ReturnData/IRS990ScheduleH/HospitalFacilitiesGrp",3733,2357,"2022v4.1, 2022v5.0"
"/Return/ReturnData/IRS990ScheduleH/HospitalFacilitiesGrp/FacilityNum",3733,2357,"2022v4.1, 2022v5.0"
"/Return/ReturnData/IRS990ScheduleH/HospitalFacilitiesGrp/BusinessName",3731,2355,"2022v4.1, 2022v5.0"
"/Return/ReturnData/IRS990ScheduleH/HospitalFacilitiesGrp/BusinessName/BusinessNameLine1Txt",3731,2355,"2022v4.1, 2022v5.0"
"/Return/ReturnData/IRS990ScheduleH/HospitalFacilitiesGrp/USAddress",3723,2348,"2022v4.1, 2022v5.0"
"/Return/ReturnData/IRS990ScheduleH/HospitalFacilitiesGrp/USAddress/AddressLine1Txt",3723,2348,"2022v4.1, 2022v5.0"
"/Return/ReturnData/IRS990ScheduleH/HospitalFacilitiesGrp/USAddress/CityNm",3723,2348,"2022v4.1, 2022v5.0"
"/Return/ReturnData/IRS990ScheduleH/HospitalFacilitiesGrp/USAddress/StateAbbreviationCd",3723,2348,"2022v4.1, 2022v5.0"
"/Return/ReturnData/IRS990ScheduleH/HospitalFacilitiesGrp/USAddress/ZIPCd",3723,2348,"2022v4.1, 2022v5.0"
"/Return/ReturnData/IRS990ScheduleA/SupportedOrgInformationGrp/SupportedOrganizationName/BusinessNameLine2Txt",3674,2006,"2022v4.0, 2022v4.1, 2022v5.0"
"/Return/ReturnData/IRS990ScheduleA/SupportingOrgType2Ind",3672,3672,"2022v4.0, 2022v4.1, 2022v5.0"
"/Return/ReturnData/IRS990ScheduleC/OtherActivitiesAmt",3662,3662,"2022v4.1, 2022v5.0"
"/Return/ReturnData/IRS990ScheduleN/LiquidationOfAssetsTableGrp/LiquidationOfAssetsDetail/BusinessName",3656,1588,"2022v4.0, 2022v4.1, 2022v5.0"
"/Return/ReturnData/IRS990ScheduleN/LiquidationOfAssetsTableGrp/LiquidationOfAssetsDetail/BusinessName/BusinessNameLine1Txt",3656,1588,"2022v4.0, 2022v4.1, 2022v5.0"
"/Return/ReturnData/IRS990ScheduleH/HospitalFacilitiesGrp/LicensedHospitalInd",3610,2311,"2022v4.1, 2022v5.0"
"/Return/ReturnData/IRS990ScheduleG/GamingInformationGrp/RentFcltyCostsTotalGamingAmt",3591,3589,"2022v4.0, 2022v4.1, 2022v5.0"
"/Return/ReturnData/IRS990ScheduleA/SupportingOrgType3FuncIntInd",3578,3578,"2022v4.0, 2022v4.1, 2022v5.0"
"/Return/ReturnData/IRS990ScheduleG/GamingInformationGrp/CashPrizesBingoAmt",3566,3563,"2022v4.0, 2022v4.1, 2022v5.0"
"/Return/ReturnData/IRS990ScheduleR/IdRelatedTaxExemptOrgGrp/DisregardedEntityName/BusinessNameLine2Txt",3527,1955,"2022v4.0, 2022v4.1, 2022v5.0"
"/Return/ReturnData/IRS990ScheduleC/TaxableAmt",3468,3468,"2022v4.0, 2022v4.1, 2022v5.0"
"/Return/ReturnData/IRS990ScheduleD/Section170hRqrStsfdInd",3463,3461,"2022v4.0, 2022v4.1, 2022v5.0"
"/Return/ReturnData/IRS990/InfoInScheduleOPartXInd",3414,3414,"2022v4.0, 2022v4.1, 2022v5.0"
"/Return/ReturnData/IRS990ScheduleK/TaxExemptBondsProceedsGrp/CapitalizedInterestAmt",3326,1731,"2022v4.0, 2022v5.0"
"/Return/ReturnData/IRS990ScheduleC/PoliticalExpendituresAmt",3305,3305,"2022v4.0, 2022v4.1, 2022v5.0"
"/Return/ReturnData/IRS990/OrgFiledInLieuOfForm1041Ind",3294,3294,"2022v4.1, 2022v5.0"
"/Return/ReturnData/IRS990EZ/OfficerDirectorTrusteeEmplGrp/BusinessName",3272,1578,"2022v4.0, 2022v4.1, 2022v5.0"
"/Return/ReturnData/IRS990EZ/OfficerDirectorTrusteeEmplGrp/BusinessName/BusinessNameLine1Txt",3272,1578,"2022v4.0, 2022v4.1, 2022v5.0"
"/Return/ReturnData/IRS990ScheduleF/ForeignIndividualsGrantsGrp/ValuationMethodUsedDesc",3261,985,"2022v4.0, 2022v4.1, 2022v5.0"
"/Return/ReturnData/IRS990ScheduleH/HospitalFacilitiesGrp/WebsiteAddressTxt",3252,2028,"2022v4.1, 2022v5.0"
"/Return/ReturnData/IRS990ScheduleG/GamingInformationGrp/VolunteerLaborOtherGamingPct",3217,3216,"2022v4.0, 2022v4.1, 2022v5.0"
"/Return/ReturnData/IRS990ScheduleC/TotalGrassrootsLobbyingGrp/FilingOrganizationsTotalAmt",3180,3180,"2022v4.0, 2022v4.1, 2022v5.0"
"/Return/ReturnData/IRS990ScheduleR/IdRelatedTaxExemptOrgGrp/ForeignAddress",3165,1429,"2022v4.0, 2022v4.1, 2022v5.0"
"/Return/ReturnData/IRS990ScheduleR/IdRelatedTaxExemptOrgGrp/ForeignAddress/AddressLine1Txt",3165,1429,"2022v4.0, 2022v4.1, 2022v5.0"
"/Return/ReturnData/IRS990ScheduleR/IdRelatedTaxExemptOrgGrp/ForeignAddress/CountryCd",3165,1429,"2022v4.0, 2022v4.1, 2022v5.0"
"/Return/ReturnData/IRS990ScheduleH/HospitalFacilitiesGrp/StateLicenseNum",3143,1963,"2022v4.1, 2022v5.0"
"/Return/ReturnData/IRS990ScheduleH/HospitalFacilitiesGrp/EmergencyRoom24HrsInd",3093,2066,"2022v4.1, 2022v5.0"
"/Return/ReturnData/IRS990ScheduleA/PrivateFoundation170Ind",3074,3074,"2022v4.0, 2022v4.1, 2022v5.0"
"/Return/ReturnData/IRS990ScheduleJ/HousingAllowanceOrResidenceInd",3068,3068,"2022v4.1, 2022v5.0"
"/Return/ReturnData/IRS990ScheduleD/LossesReportedAmt",3022,3021,"2022v4.0, 2022v4.1, 2022v5.0"
"/Return/ReturnData/IRS990ScheduleH/HospitalFacilitiesGrp/GeneralMedicalAndSurgicalInd",3021,1978,"2022v4.1, 2022v5.0"
"/Return/ReturnData/IRS990ScheduleK/TaxExemptBondsProceedsGrp/UnspentAmt",3006,1645,"2022v4.0, 2022v5.0"
"/Return/ReturnData/IRS990ScheduleA/PrivateFoundation509Ind",3001,3001,"2022v4.0, 2022v4.1, 2022v5.0"
"/Return/ReturnData/IRS990ScheduleC/AvgGrassrootsLobbyingExpendGrp",2998,2998,"2022v4.0, 2022v4.1, 2022v5.0"
"/Return/ReturnData/IRS990ScheduleG/DistributedAmt",2971,2970,"2022v4.0, 2022v4.1, 2022v5.0"
"/Return/ReturnData/IRS990ScheduleD/PriorYearAdjustmentsAmt",2960,2960,"2022v4.0, 2022v4.1, 2022v5.0"
"/Return/ReturnData/IRS990EZ/LoansToFromOfficersAmt",2959,2959,"2022v4.0, 2022v4.1, 2022v5.0"
"/Return/ReturnData/IRS990ScheduleR/IdRelatedTaxExemptOrgGrp/DirectControllingEntityName/BusinessNameLine2Txt",2957,964,"2022v4.1, 2022v5.0"
"/Return/ReturnData/IRS990ScheduleJ/ClubDuesOrFeesInd",2921,2920,"2022v4.0, 2022v4.1, 2022v5.0"
"/Return/ReturnData/IRS990ScheduleR/IdRelatedTaxExemptOrgGrp/ForeignAddress/CityNm",2914,1348,"2022v4.0, 2022v4.1, 2022v5.0"
"/Return/ReturnData/IRS990ScheduleN/AttorneyGeneralNotifiedInd",2911,2911,"2022v4.0, 2022v4.1, 2022v5.0"
"/Return/ReturnData/IRS990ScheduleC/AvgGrassrootsLobbyingExpendGrp/TotalAmt",2881,2881,"2022v4.0, 2022v4.1, 2022v5.0"
"/Return/ReturnData/IRS990ScheduleC/DirectContactLegislatorsAmt",2877,2877,"2022v4.1, 2022v5.0"
"/Return/ReturnData/CompensationExplanation",2861,2707,"2022v4.1, 2022v5.0"
"/Return/ReturnData/IRS990ScheduleD/RecoveriesPriorYearGrantsAmt",2845,2845,"2022v4.0, 2022v4.1, 2022v5.0"
"/Return/ReturnData/IRS990ScheduleL/LoansBtwnOrgInterestedPrsnGrp/BusinessName",2803,1610,"2022v4.0, 2022v4.1, 2022v5.0"
"/Return/ReturnData/IRS990ScheduleL/LoansBtwnOrgInterestedPrsnGrp/BusinessName/BusinessNameLine1Txt",2803,1610,"2022v4.0, 2022v4.1, 2022v5.0"
"/Return/ReturnData/IRS990ScheduleG/GamingManagerCompensationAmt",2788,2788,"2022v4.0, 2022v4.1, 2022v5.0"
"/Return/ReturnData/IRS990ScheduleK/TaxExemptBondsProceedsGrp/RefundingEscrowAmt",2780,1404,"2022v4.0, 2022v5.0"
"/Return/ReturnData/IRS990/ContractTerminationInd",2767,2767,"2022v4.0, 2022v4.1, 2022v5.0"
"/Return/ReturnData/IRS990ScheduleG/GamingInformationGrp/NonCashPrizesTotalGamingAmt",2757,2757,"2022v4.0, 2022v4.1, 2022v5.0"
"/Return/ReturnData/IRS990ScheduleL/DisqualifiedPersonExBnftTrGrp",2755,536,"2022v4.0, 2022v4.1, 2022v5.0"
"/Return/ReturnData/IRS990ScheduleL/DisqualifiedPersonExBnftTrGrp/TransactionCorrectedInd",2753,534,"2022v4.0, 2022v4.1, 2022v5.0"
"/Return/ReturnData/IRS990ScheduleH/HospitalFcltyPoliciesPrctcGrp",2743,2354,"2022v4.1, 2022v5.0"
"/Return/ReturnData/IRS990ScheduleH/HospitalFcltyPoliciesPrctcGrp/AmountsGenerallyBilledInd",2743,2354,"2022v4.1, 2022v5.0"
"/Return/ReturnData/IRS990ScheduleH/HospitalFcltyPoliciesPrctcGrp/AppFinancialAsstExplnInd",2743,2354,"2022v4.1, 2022v5.0"
"/Return/ReturnData/IRS990ScheduleH/HospitalFcltyPoliciesPrctcGrp/CHNAConductedInd",2743,2354,"2022v4.1, 2022v5.0"
"/Return/ReturnData/IRS990ScheduleH/HospitalFcltyPoliciesPrctcGrp/CollectionActivitiesInd",2743,2354,"2022v4.1, 2022v5.0"
"/Return/ReturnData/IRS990ScheduleH/HospitalFcltyPoliciesPrctcGrp/EligCriteriaExplainedInd",2743,2354,"2022v4.1, 2022v5.0"
"/Return/ReturnData/IRS990ScheduleH/HospitalFcltyPoliciesPrctcGrp/ExplainedBasisInd",2743,2354,"2022v4.1, 2022v5.0"
"/Return/ReturnData/IRS990ScheduleH/HospitalFcltyPoliciesPrctcGrp/FAPActionsOnNonpaymentInd",2743,2354,"2022v4.1, 2022v5.0"
"/Return/ReturnData/IRS990ScheduleH/HospitalFcltyPoliciesPrctcGrp/FirstLicensedCYOrPYInd",2743,2354,"2022v4.1, 2022v5.0"
"/Return/ReturnData/IRS990ScheduleH/HospitalFcltyPoliciesPrctcGrp/GrossChargesInd",2743,2354,"2022v4.1, 2022v5.0"
"/Return/ReturnData/IRS990ScheduleH/HospitalFcltyPoliciesPrctcGrp/IncludesPublicityMeasuresInd",2743,2354,"2022v4.1, 2022v5.0"
"/Return/ReturnData/IRS990ScheduleH/HospitalFcltyPoliciesPrctcGrp/NondisEmergencyCarePolicyInd",2743,2354,"2022v4.1, 2022v5.0"
"/Return/ReturnData/IRS990ScheduleH/HospitalFcltyPoliciesPrctcGrp/TaxExemptHospitalCYOrPYInd",2743,2354,"2022v4.1, 2022v5.0"
"/Return/ReturnData/IRS990ScheduleH/HospitalFcltyPoliciesPrctcGrp/OrganizationIncurExciseTaxInd",2741,2352,"2022v4.1, 2022v5.0"
"/Return/ReturnData/IRS990/NameChangeInd",2722,2722,"2022v4.0, 2022v4.1, 2022v5.0"
"/Return/ReturnData/IRS990ScheduleH/HospitalFcltyPoliciesPrctcGrp/HospitalFacilityName",2719,2331,"2022v4.1, 2022v5.0"
"/Return/ReturnData/IRS990ScheduleH/HospitalFcltyPoliciesPrctcGrp/HospitalFacilityName/BusinessNameLine1Txt",2719,2331,"2022v4.1, 2022v5.0"
"/Return/ReturnData/IRS990EZ/AmendedReturnInd",2704,2693,"2022v4.0, 2022v4.1, 2022v5.0"
"/Return/ReturnData/IRS990ScheduleH/HospitalFcltyPoliciesPrctcGrp/DescribedInfoInd",2697,2313,"2022v4.1, 2022v5.0"
"/Return/ReturnData/IRS990ScheduleH/HospitalFcltyPoliciesPrctcGrp/FPGFamilyIncmLmtFreeDscntInd",2697,2315,"2022v4.1, 2022v5.0"
"/Return/ReturnData/IRS990ScheduleH/HospitalFcltyPoliciesPrctcGrp/FAPAvlblOnRequestNoChargeInd",2695,2311,"2022v4.1, 2022v5.0"
"/Return/ReturnData/IRS990ScheduleH/HospitalFcltyPoliciesPrctcGrp/DescribedSuprtDocInd",2682,2300,"2022v4.1, 2022v5.0"
"/Return/ReturnData/IRS990ScheduleH/HospitalFcltyPoliciesPrctcGrp/FAPAppAvlblOnRequestNoChrgInd",2678,2293,"2022v4.1, 2022v5.0"
"/Return/ReturnData/IRS990ScheduleH/HospitalFcltyPoliciesPrctcGrp/FPGFamilyIncmLmtFreeCarePct",2676,2294,"2022v4.1, 2022v5.0"
"/Return/ReturnData/IRS990ScheduleH/HospitalFcltyPoliciesPrctcGrp/FAPAvailableOnWebsiteInd",2673,2291,"2022v4.1, 2022v5.0"
"/Return/ReturnData/IRS990ScheduleH/HospitalFcltyPoliciesPrctcGrp/FAPAvailableOnWebsiteURLTxt",2672,2290,"2022v4.1, 2022v5.0"
"/Return/ReturnData/IRS990ScheduleH/HospitalFcltyPoliciesPrctcGrp/CHNAConductedWithOtherFcltsInd",2671,2299,"2022v4.1, 2022v5.0"
"/Return/ReturnData/IRS990ScheduleH/HospitalFcltyPoliciesPrctcGrp/CHNAReportWidelyAvailableInd",2671,2299,"2022v4.1, 2022v5.0"
"/Return/ReturnData/IRS990ScheduleH/HospitalFcltyPoliciesPrctcGrp/ImplementationStrategyAdoptInd",2671,2299,"2022v4.1, 2022v5.0"
"/Return/ReturnData/IRS990ScheduleH/HospitalFcltyPoliciesPrctcGrp/TakeIntoAccountOthersInputInd",2671,2299,"2022v4.1, 2022v5.0"
"/Return/ReturnData/IRS990ScheduleH/HospitalFcltyPoliciesPrctcGrp/CHNAConductedWithNonFcltsInd",2670,2298,"2022v4.1, 2022v5.0"
"/Return/ReturnData/IRS990ScheduleH/HospitalFcltyPoliciesPrctcGrp/CHNAConductedYr",2669,2297,"2022v4.1, 2022v5.0"
"/Return/ReturnData/IRS990ScheduleH/HospitalFcltyPoliciesPrctcGrp/CommunityDefinitionInd",2667,2295,"2022v4.1, 2022v5.0"
"/Return/ReturnData/IRS990ScheduleH/HospitalFcltyPoliciesPrctcGrp/ProvidedHospitalContactInd",2666,2287,"2022v4.1, 2022v5.0"
"/Return/ReturnData/IRS990ScheduleH/HospitalFcltyPoliciesPrctcGrp/HowDataObtainedInd",2665,2293,"2022v4.1, 2022v5.0"
"/Return/ReturnData/IRS990ScheduleH/HospitalFcltyPoliciesPrctcGrp/CommunityDemographicsInd",2663,2291,"2022v4.1, 2022v5.0"
"/Return/ReturnData/IRS990ScheduleH/HospitalFcltyPoliciesPrctcGrp/CommunityHlthNeedsIdProcessInd",2661,2289,"2022v4.1, 2022v5.0"
"/Return/ReturnData/IRS990ScheduleH/HospitalFcltyPoliciesPrctcGrp/FAPSumAvlblOnRequestNoChrgInd",2660,2279,"2022v4.1, 2022v5.0"
"/Return/ReturnData/IRS990ScheduleM/CarsAndOtherVehiclesGrp",2660,2659,"2022v4.0, 2022v4.1, 2022v5.0"
"/Return/ReturnData/IRS990ScheduleH/HospitalFcltyPoliciesPrctcGrp/StrategyPostedWebsiteInd",2658,2288,"2022v4.1, 2022v5.0"
"/Return/ReturnData/IRS990ScheduleH/HospitalFcltyPoliciesPrctcGrp/ImplementationStrategyAdptYr",2657,2287,"2022v4.1, 2022v5.0"
"/Return/ReturnData/IRS990ScheduleH/HospitalFcltyPoliciesPrctcGrp/CommunityHealthNeedsInd",2653,2282,"2022v4.1, 2022v5.0"
"/Return/ReturnData/IRS990ScheduleH/HospitalFcltyPoliciesPrctcGrp/ConsultingProcessInd",2653,2281,"2022v4.1, 2022v5.0"
"/Return/ReturnData/IRS990ScheduleH/HospitalFcltyPoliciesPrctcGrp/FAPAppAvailableOnWebsiteInd",2651,2269,"2022v4.1, 2022v5.0"
"/Return/ReturnData/IRS990ScheduleH/HospitalFcltyPoliciesPrctcGrp/FAPAppAvailableOnWebsiteURLTxt",2650,2268,"2022v4.1, 2022v5.0"
"/Return/ReturnData/IRS990ScheduleK/TaxExemptBondsPrivateBusUseGrp/EngageBondCounselContractsInd",2638,1124,"2022v4.1, 2022v5.0"
"/Return/ReturnData/IRS990ScheduleM/DrugsAndMedicalSuppliesGrp",2637,2636,"2022v4.0, 2022v4.1, 2022v5.0"
"/Return/ReturnData/IRS990ScheduleH/HospitalFcltyPoliciesPrctcGrp/FAPSummaryOnWebsiteInd",2635,2254,"2022v4.1, 2022v5.0"
"/Return/ReturnData/IRS990ScheduleH/HospitalFcltyPoliciesPrctcGrp/FAPSummaryOnWebsiteURLTxt",2633,2252,"2022v4.1, 2022v5.0"
"/Return/ReturnData/IRS990/MembersAndShrGrossIncomeAmt",2632,2632,"2022v4.0, 2022v4.1, 2022v5.0"
"/Return/ReturnData/IRS990ScheduleH/HospitalFcltyPoliciesPrctcGrp/OtherHealthIssuesInd",2632,2263,"2022v4.1, 2022v5.0"
"/Return/ReturnData/IRS990ScheduleH/HospitalFcltyPoliciesPrctcGrp/NotifiedFAPCopyBillDisplayInd",2627,2250,"2022v4.1, 2022v5.0"
"/Return/ReturnData/IRS990EZ/FinalReturnInd",2624,2624,"2022v4.0, 2022v4.1, 2022v5.0"
"/Return/ReturnData/IRS990ScheduleH/HospitalFcltyPoliciesPrctcGrp/ExistingResourcesInd",2616,2246,"2022v4.1, 2022v5.0"
"/Return/ReturnData/IRS990ScheduleA/Form990SchAType3FuncIntGrp/ActivitiesFurtherExemptPrpsInd",2603,2603,"2022v4.0, 2022v4.1, 2022v5.0"
"/Return/ReturnData/IRS990ScheduleA/Form990SchAType3FuncIntGrp/ActivitiesEngagedOrgInvlmntInd",2602,2602,"2022v4.0, 2022v4.1, 2022v5.0"
"/Return/ReturnData/IRS990ScheduleM/WorksOfArtGrp",2588,2587,"2022v4.0, 2022v4.1, 2022v5.0"
"/Return/ReturnData/IRS990ScheduleH/HospitalFcltyPoliciesPrctcGrp/OwnWebsiteURLTxt",2583,2240,"2022v4.1, 2022v5.0"
"/Return/ReturnData/IRS990ScheduleH/HospitalFcltyPoliciesPrctcGrp/RptAvailableOnOwnWebsiteInd",2580,2237,"2022v4.1, 2022v5.0"
"/Return/ReturnData/IRS990ScheduleH/HospitalFcltyPoliciesPrctcGrp/FPGFamilyIncmLmtDscntCarePct",2571,2196,"2022v4.1, 2022v5.0"
"/Return/ReturnData/IRS990ScheduleH/HospitalFcltyPoliciesPrctcGrp/PermitNoActionsInd",2566,2191,"2022v4.1, 2022v5.0"
"/Return/ReturnData/IRS990ScheduleD/CollUsedScholarlyRsrchInd",2556,2555,"2022v4.0, 2022v4.1, 2022v5.0"
"/Return/ReturnData/IRS990ScheduleA/Form990SchAType3FuncIntGrp/ActivitiesTestInd",2543,2543,"2022v4.0, 2022v4.1, 2022v5.0"
"/Return/ReturnData/IRS990ScheduleK/TaxExemptBondsProceedsGrp/WorkingCapitalExpendituresAmt",2522,1196,"2022v4.0, 2022v5.0"
"/Return/ReturnData/IRS990ScheduleH/HospitalFcltyPoliciesPrctcGrp/MadeEffortOrallyNotifyInd",2519,2148,"2022v4.1, 2022v5.0"
"/Return/ReturnData/IRS990ScheduleH/HospitalFcltyPoliciesPrctcGrp/StrategyWebsiteURLTxt",2515,2186,"2022v4.1, 2022v5.0"
"/Return/ReturnData/IRS990ScheduleL/GrntAsstBnftInterestedPrsnGrp",2513,1247,"2022v4.0, 2022v4.1, 2022v5.0"
"/Return/ReturnData/IRS990/OtherSourcesGrossIncomeAmt",2508,2508,"2022v4.0, 2022v4.1, 2022v5.0"
"/Return/ReturnData/IRS990ScheduleA/FactsAndCircumstancesTestTxt",2500,2499,"2022v4.0, 2022v4.1, 2022v5.0"
"/Return/ReturnData/IRS990ScheduleF/ForeignIndividualsGrantsGrp/NonCashAssistanceAmt",2500,735,"2022v4.0, 2022v4.1, 2022v5.0"
"/Return/ReturnData/IRS990ScheduleH/HospitalFcltyPoliciesPrctcGrp/ProcessedFAPApplicationInd",2492,2125,"2022v4.1, 2022v5.0"
"/Return/ReturnData/IRS990/ContractorCompensationGrp/ContractorAddress/ForeignAddress",2488,1376,"2022v4.1, 2022v5.0"
"/Return/ReturnData/IRS990/ContractorCompensationGrp/ContractorAddress/ForeignAddress/AddressLine1Txt",2488,1376,"2022v4.1, 2022v5.0"
"/Return/ReturnData/IRS990/ContractorCompensationGrp/ContractorAddress/ForeignAddress/CountryCd",2488,1376,"2022v4.1, 2022v5.0"
"/Return/ReturnData/IRS990ScheduleD/CloselyHeldEquityInterestsGrp",2488,2488,"2022v4.0, 2022v4.1, 2022v5.0"
"/Return/ReturnData/IRS990ScheduleG/FundraiserActivityInfoGrp/PersonNm",2470,1792,"2022v4.0, 2022v4.1, 2022v5.0"
"/Return/ReturnData/IRS990/Form8886TFiledInd",2469,2469,"2022v4.0, 2022v4.1, 2022v5.0"
"/Return/ReturnData/IRS990ScheduleH/HospitalFcltyPoliciesPrctcGrp/PaperCopyPublicInspectionInd",2466,2112,"2022v4.1, 2022v5.0"
"/Return/ReturnData/IRS990ScheduleK/TaxExemptBondsProceedsGrp/CreditEnhancementAmt",2448,1152,"2022v4.0, 2022v5.0"
"/Return/ReturnData/IRS990ScheduleC/AvgGrassrootsLobbyingExpendGrp/CurrentYearAmt",2439,2439,"2022v4.0, 2022v4.1, 2022v5.0"
"/Return/ReturnData/IRS990ScheduleH/HospitalFcltyPoliciesPrctcGrp/PriorCHNAImpactInd",2434,2079,"2022v4.1, 2022v5.0"
"/Return/ReturnData/IRS990ScheduleA/SupportingOrgType3NonFuncInd",2423,2423,"2022v4.0, 2022v4.1, 2022v5.0"
"/Return/ReturnData/IRS990ScheduleH/HospitalFcltyPoliciesPrctcGrp/CommuntityNotifiedFAPInd",2407,2058,"2022v4.1, 2022v5.0"
"/Return/ReturnData/IRS990ScheduleN/DispositionOfAssetsDetail",2400,1402,"2022v4.0, 2022v4.1, 2022v5.0"
"/Return/ReturnData/IRS990ScheduleN/DispositionOfAssetsDetail/AssetsDistriOrExpnssPaidDesc",2396,1399,"2022v4.0, 2022v4.1, 2022v5.0"
"/Return/ReturnData/IRS990ScheduleC/AvgGrassrootsLobbyingExpendGrp/CurrentYearMinus1Amt",2379,2379,"2022v4.0, 2022v4.1, 2022v5.0"
"/Return/ReturnData/IRS990/InfoInScheduleOPartVIIIInd",2371,2370,"2022v4.0, 2022v4.1, 2022v5.0"
"/Return/ReturnData/IRS990ScheduleF/ForeignIndividualsGrantsGrp/DescriptionOfNonCashAsstTxt",2370,683,"2022v4.0, 2022v4.1, 2022v5.0"
"/Return/ReturnData/AffiliatedGroupSchedule/AffiliatedScheduleGrp",2364,225,"2022v5.0"
"/Return/ReturnData/AffiliatedGroupSchedule/AffiliatedScheduleGrp/BusinessName",2364,225,"2022v5.0"
"/Return/ReturnData/AffiliatedGroupSchedule/AffiliatedScheduleGrp/BusinessName/BusinessNameLine1Txt",2364,225,"2022v5.0"
"/Return/ReturnData/AffiliatedGroupSchedule/AffiliatedScheduleGrp/EIN",2364,225,"2022v5.0"
"/Return/ReturnData/AffiliatedGroupSchedule/AffiliatedScheduleGrp/GrassrootsNontxAmt",2364,225,"2022v5.0"
"/Return/ReturnData/AffiliatedGroupSchedule/AffiliatedScheduleGrp/LobbyNontxAmt",2364,225,"2022v5.0"
"/Return/ReturnData/AffiliatedGroupSchedule/AffiliatedScheduleGrp/OtherExemptPurposeExpendAmt",2364,225,"2022v5.0"
"/Return/ReturnData/AffiliatedGroupSchedule/AffiliatedScheduleGrp/ShareExcessLobbyExpendAmt",2364,225,"2022v5.0"
"/Return/ReturnData/AffiliatedGroupSchedule/AffiliatedScheduleGrp/TotLbbyExpendMnsLobbyNontxAmt",2364,225,"2022v5.0"
"/Return/ReturnData/AffiliatedGroupSchedule/AffiliatedScheduleGrp/TotalDirectLobbyAmt",2364,225,"2022v5.0"
"/Return/ReturnData/AffiliatedGroupSchedule/AffiliatedScheduleGrp/TotalExemptPurposeExpendAmt",2364,225,"2022v5.0"
"/Return/ReturnData/AffiliatedGroupSchedule/AffiliatedScheduleGrp/TotalGrassrootsLobbyAmt",2364,225,"2022v5.0"
"/Return/ReturnData/AffiliatedGroupSchedule/AffiliatedScheduleGrp/TotalLobbyExpenditureAmt",2364,225,"2022v5.0"
"/Return/ReturnData/AffiliatedGroupSchedule/AffiliatedScheduleGrp/TotalLobbyGrssrootMnsNontxAmt",2364,225,"2022v5.0"
"/Return/ReturnData/AffiliatedGroupSchedule/AffiliatedScheduleGrp/USAddress",2364,225,"2022v5.0"
"/Return/ReturnData/AffiliatedGroupSchedule/AffiliatedScheduleGrp/USAddress/AddressLine1Txt",2364,225,"2022v5.0"
"/Return/ReturnData/AffiliatedGroupSchedule/AffiliatedScheduleGrp/USAddress/CityNm",2364,225,"2022v5.0"
"/Return/ReturnData/AffiliatedGroupSchedule/AffiliatedScheduleGrp/USAddress/StateAbbreviationCd",2364,225,"2022v5.0"
"/Return/ReturnData/AffiliatedGroupSchedule/AffiliatedScheduleGrp/USAddress/ZIPCd",2364,225,"2022v5.0"
"/Return/ReturnData/IRS990ScheduleK/TaxExemptBondsProceedsGrp/BondDefeasedAmt",2361,1083,"2022v4.0, 2022v5.0"
"/Return/ReturnData/IRS990/AuditedFinancialStmtAttInd",2358,2358,"2022v4.1, 2022v5.0"
"/Return/ReturnData/IRS990ScheduleH",2357,2357,"2022v4.1, 2022v5.0"
"/Return/ReturnData/IRS990ScheduleH/HospitalFacilitiesCnt",2357,2357,"2022v4.1, 2022v5.0"
"/Return/ReturnData/IRS990ScheduleH/AnnualCommunityBnftReportInd",2356,2356,"2022v4.1, 2022v5.0"
"/Return/ReturnData/IRS990ScheduleH/FinancialAssistancePolicyInd",2356,2356,"2022v4.1, 2022v5.0"
"/Return/ReturnData/IRS990ScheduleC/NonDedLbbyngPltclCyovAmt",2348,2348,"2022v4.0, 2022v4.1, 2022v5.0"
"/Return/ReturnData/IRS990ScheduleH/FinancialAssistanceBudgetInd",2345,2345,"2022v4.1, 2022v5.0"
"/Return/ReturnData/IRS990ScheduleH/FreeCareMedicallyIndigentInd",2345,2345,"2022v4.1, 2022v5.0"
"/Return/ReturnData/IRS990ScheduleH/WrittenPolicyInd",2344,2344,"2022v4.1, 2022v5.0"
"/Return/ReturnData/IRS990ScheduleL/GrntAsstBnftInterestedPrsnGrp/TypeOfAssistanceTxt",2344,1177,"2022v4.0, 2022v4.1, 2022v5.0"
"/Return/ReturnData/IRS990ScheduleH/FPGReferenceDiscountedCareInd",2339,2339,"2022v4.1, 2022v5.0"
"/Return/ReturnData/IRS990ScheduleH/FPGReferenceFreeCareInd",2339,2339,"2022v4.1, 2022v5.0"
"/Return/ReturnData/IRS990ScheduleH/WrittenDebtCollectionPolicyInd",2339,2339,"2022v4.1, 2022v5.0"
"/Return/ReturnData/IRS990ScheduleN/DispositionOfAssetsDetail/DistributionDt",2338,1354,"2022v4.0, 2022v4.1, 2022v5.0"
"/Return/ReturnData/IRS990ScheduleN/DispositionOfAssetsDetail/FairMarketValueOfAssetAmt",2337,1346,"2022v4.0, 2022v4.1, 2022v5.0"
"/Return/ReturnData/IRS990ScheduleH/TotalCommunityBenefitsGrp",2333,2333,"2022v4.1, 2022v5.0"
"/Return/ReturnData/IRS990ScheduleH/TotalCommunityBenefitsGrp/NetCommunityBenefitExpnsAmt",2329,2329,"2022v4.1, 2022v5.0"
"/Return/ReturnData/IRS990ScheduleH/TotalCommunityBenefitsGrp/TotalCommunityBenefitExpnsAmt",2329,2329,"2022v4.1, 2022v5.0"
"/Return/ReturnData/IRS990ScheduleM/BooksAndPublicationsGrp",2328,2327,"2022v4.0, 2022v4.1, 2022v5.0"
"/Return/ReturnData/IRS990ScheduleH/TotalFinancialAssistanceTyp",2326,2326,"2022v4.1, 2022v5.0"
"/Return/ReturnData/IRS990ScheduleH/TotalCommunityBenefitsGrp/TotalExpensePct",2325,2325,"2022v4.1, 2022v5.0"
"/Return/ReturnData/IRS990ScheduleL/GrntAsstBnftInterestedPrsnGrp/CashGrantAmt",2325,1159,"2022v4.0, 2022v4.1, 2022v5.0"
"/Return/ReturnHeader/Form8822BAttachedInd",2325,2325,"2022v4.0, 2022v4.1, 2022v5.0"
"/Return/ReturnData/IRS990/ContractorCompensationGrp/ContractorAddress/ForeignAddress/CityNm",2322,1280,"2022v4.1, 2022v5.0"
"/Return/ReturnData/IRS990ScheduleH/TotalFinancialAssistanceTyp/TotalCommunityBenefitExpnsAmt",2322,2322,"2022v4.1, 2022v5.0"
"/Return/ReturnData/IRS990ScheduleH/BadDebtExpenseReportedInd",2321,2321,"2022v4.1, 2022v5.0"
"/Return/ReturnData/IRS990ScheduleH/TotalFinancialAssistanceTyp/NetCommunityBenefitExpnsAmt",2318,2318,"2022v4.1, 2022v5.0"
"/Return/ReturnData/IRS990ScheduleH/TotalFinancialAssistanceTyp/TotalExpensePct",2316,2316,"2022v4.1, 2022v5.0"
"/Return/ReturnData/IRS990ScheduleH/HospitalFcltyPoliciesPrctcGrp/MadePresumptiveEligDetermInd",2314,1991,"2022v4.1, 2022v5.0"
"/Return/ReturnData/IRS990ScheduleA/DistributionAllocationsGrp/CYDistriAppDistributableAmt",2309,2307,"2022v4.0, 2022v4.1, 2022v5.0"
"/Return/ReturnData/IRS990ScheduleH/HospitalFcltyPoliciesPrctcGrp/FAPTranslatedInd",2302,1937,"2022v4.1, 2022v5.0"
"/Return/ReturnData/IRS990ScheduleH/HospitalFcltyPoliciesPrctcGrp/FacilityNum",2302,1996,"2022v4.1, 2022v5.0"
"/Return/ReturnData/IRS990ScheduleA/AdjustedNetIncomeGrp",2291,2291,"2022v4.0, 2022v4.1, 2022v5.0"
"/Return/ReturnData/IRS990ScheduleA/AdjustedNetIncomeGrp/AdjustedGrossIncomeGrp",2291,2291,"2022v4.0, 2022v4.1, 2022v5.0"
"/Return/ReturnData/IRS990ScheduleA/AdjustedNetIncomeGrp/AdjustedGrossIncomeGrp/PriorYearAmt",2291,2291,"2022v4.0, 2022v4.1, 2022v5.0"
"/Return/ReturnData/IRS990ScheduleA/AdjustedNetIncomeGrp/DepreciationDepletionGrp",2291,2291,"2022v4.0, 2022v4.1, 2022v5.0"
"/Return/ReturnData/IRS990ScheduleA/AdjustedNetIncomeGrp/DepreciationDepletionGrp/PriorYearAmt",2291,2291,"2022v4.0, 2022v4.1, 2022v5.0"
"/Return/ReturnData/IRS990ScheduleA/AdjustedNetIncomeGrp/NetSTCapitalGainAdjNetIncmGrp",2291,2291,"2022v4.0, 2022v4.1, 2022v5.0"
"/Return/ReturnData/IRS990ScheduleA/AdjustedNetIncomeGrp/NetSTCapitalGainAdjNetIncmGrp/PriorYearAmt",2291,2291,"2022v4.0, 2022v4.1, 2022v5.0"
"/Return/ReturnData/IRS990ScheduleA/AdjustedNetIncomeGrp/OtherExpensesGrp",2291,2291,"2022v4.0, 2022v4.1, 2022v5.0"
"/Return/ReturnData/IRS990ScheduleA/AdjustedNetIncomeGrp/OtherExpensesGrp/PriorYearAmt",2291,2291,"2022v4.0, 2022v4.1, 2022v5.0"
"/Return/ReturnData/IRS990ScheduleA/AdjustedNetIncomeGrp/OtherGrossIncomeGrp",2291,2291,"2022v4.0, 2022v4.1, 2022v5.0"
"/Return/ReturnData/IRS990ScheduleA/AdjustedNetIncomeGrp/OtherGrossIncomeGrp/PriorYearAmt",2291,2291,"2022v4.0, 2022v4.1, 2022v5.0"
"/Return/ReturnData/IRS990ScheduleA/AdjustedNetIncomeGrp/ProductionIncomeGrp",2291,2291,"2022v4.0, 2022v4.1, 2022v5.0"
"/Return/ReturnData/IRS990ScheduleA/AdjustedNetIncomeGrp/ProductionIncomeGrp/PriorYearAmt",2291,2291,"2022v4.0, 2022v4.1, 2022v5.0"
"/Return/ReturnData/IRS990ScheduleA/AdjustedNetIncomeGrp/RecoveriesPYDistributionsGrp",2291,2291,"2022v4.0, 2022v4.1, 2022v5.0"
"/Return/ReturnData/IRS990ScheduleA/AdjustedNetIncomeGrp/RecoveriesPYDistributionsGrp/PriorYearAmt",2291,2291,"2022v4.0, 2022v4.1, 2022v5.0"
"/Return/ReturnData/IRS990ScheduleA/AdjustedNetIncomeGrp/TotalAdjustedNetIncomeGrp",2291,2291,"2022v4.0, 2022v4.1, 2022v5.0"
"/Return/ReturnData/IRS990ScheduleA/AdjustedNetIncomeGrp/TotalAdjustedNetIncomeGrp/PriorYearAmt",2291,2291,"2022v4.0, 2022v4.1, 2022v5.0"
"/Return/ReturnData/IRS990ScheduleH/CostOfCareReimbursedByMedcrAmt",2285,2285,"2022v4.1, 2022v5.0"
"/Return/ReturnData/IRS990ScheduleH/FinancialAssistancePrvsnInd",2285,2285,"2022v4.1, 2022v5.0"
"/Return/ReturnData/IRS990ScheduleH/ReimbursedByMedicareAmt",2285,2285,"2022v4.1, 2022v5.0"
"/Return/ReturnData/IRS990ScheduleH/CostingMethodologyUsedGrp",2284,2284,"2022v4.1, 2022v5.0"
"/Return/ReturnData/IRS990ScheduleH/FinancialAssistanceAtCostTyp",2277,2277,"2022v4.1, 2022v5.0"
"/Return/ReturnData/IRS990ScheduleH/TotalCommunityBenefitsGrp/DirectOffsettingRevenueAmt",2276,2276,"2022v4.1, 2022v5.0"
"/Return/ReturnData/IRS990ScheduleC/AvgGrassrootsLobbyingExpendGrp/CurrentYearMinus2Amt",2273,2273,"2022v4.0, 2022v4.1, 2022v5.0"
"/Return/ReturnData/IRS990ScheduleG/GamingInformationGrp/VolunteerLaborPullTabsPct",2270,2269,"2022v4.0, 2022v4.1, 2022v5.0"
"/Return/ReturnData/IRS990ScheduleK/TaxExemptBondsArbitrageGrp/HedgeProviderName",2267,1282,"2022v5.0"
"/Return/ReturnData/IRS990ScheduleK/TaxExemptBondsArbitrageGrp/HedgeProviderName/BusinessNameLine1Txt",2267,1282,"2022v5.0"
"/Return/ReturnData/IRS990ScheduleA/TenPctFactsCrcmstncsTestCYInd",2264,2263,"2022v4.0, 2022v4.1, 2022v5.0"
"/Return/ReturnData/IRS990ScheduleH/FinancialAssistanceAtCostTyp/TotalCommunityBenefitExpnsAmt",2264,2264,"2022v4.1, 2022v5.0"
"/Return/ReturnData/IRS990/JointCostsInd",2261,2260,"2022v4.0, 2022v4.1, 2022v5.0"
"/Return/ReturnData/IRS990ScheduleN/LiquidationOfAssetsTableGrp/LiquidationOfAssetsDetail/PersonNm",2260,1187,"2022v4.0, 2022v4.1, 2022v5.0"
"/Return/ReturnData/IRS990ScheduleH/MedicareSurplusOrShortfallAmt",2257,2257,"2022v4.1, 2022v5.0"
"/Return/ReturnData/IRS990ScheduleC/AvgGrassrootsLobbyingExpendGrp/CurrentYearMinus3Amt",2245,2245,"2022v4.0, 2022v4.1, 2022v5.0"
"/Return/ReturnData/IRS990ScheduleH/FinancialAssistanceAtCostTyp/TotalExpensePct",2244,2244,"2022v4.1, 2022v5.0"
"/Return/ReturnData/IRS990ScheduleH/FinancialAssistanceAtCostTyp/NetCommunityBenefitExpnsAmt",2243,2243,"2022v4.1, 2022v5.0"
"/Return/ReturnData/IRS990ScheduleH/HospitalFcltyPoliciesPrctcGrp/ProvidedWrittenNoticeInd",2219,1888,"2022v4.1, 2022v5.0"
"/Return/ReturnData/IRS990ScheduleH/BadDebtExpenseAmt",2205,2205,"2022v4.1, 2022v5.0"
"/Return/ReturnData/IRS990ScheduleN/SupplementalInformationDetail",2205,1564,"2022v4.0, 2022v4.1, 2022v5.0"
"/Return/ReturnData/IRS990ScheduleN/SupplementalInformationDetail/FormAndLineReferenceDesc",2204,1563,"2022v4.0, 2022v4.1, 2022v5.0"
"/Return/ReturnData/IRS990ScheduleN/SupplementalInformationDetail/ExplanationTxt",2201,1562,"2022v4.0, 2022v4.1, 2022v5.0"
"/Return/ReturnData/IRS990ScheduleH/TotalFinancialAssistanceTyp/DirectOffsettingRevenueAmt",2195,2195,"2022v4.1, 2022v5.0"
"/Return/ReturnData/IRS990ScheduleH/UnreimbursedMedicaidGrp",2191,2191,"2022v4.1, 2022v5.0"
"/Return/ReturnData/IRS990ScheduleH/UnreimbursedMedicaidGrp/TotalCommunityBenefitExpnsAmt",2168,2168,"2022v4.1, 2022v5.0"
"/Return/ReturnData/IRS990ScheduleN/DispositionOfAssetsDetail/USAddress",2164,1231,"2022v4.0, 2022v4.1, 2022v5.0"
"/Return/ReturnData/IRS990ScheduleN/DispositionOfAssetsDetail/USAddress/AddressLine1Txt",2164,1231,"2022v4.0, 2022v4.1, 2022v5.0"
"/Return/ReturnData/IRS990ScheduleN/DispositionOfAssetsDetail/USAddress/CityNm",2164,1231,"2022v4.0, 2022v4.1, 2022v5.0"
"/Return/ReturnData/IRS990ScheduleN/DispositionOfAssetsDetail/USAddress/StateAbbreviationCd",2164,1231,"2022v4.0, 2022v4.1, 2022v5.0"
"/Return/ReturnData/IRS990ScheduleN/DispositionOfAssetsDetail/USAddress/ZIPCd",2164,1231,"2022v4.0, 2022v4.1, 2022v5.0"
"/Return/ReturnData/IRS990EZ/TypeOfOrganizationTrustInd",2163,2163,"2022v4.0, 2022v4.1, 2022v5.0"
"/Return/ReturnData/IRS990ScheduleH/TotalOtherBenefitsGrp",2162,2162,"2022v4.1, 2022v5.0"
"/Return/ReturnData/IRS990ScheduleD/DonorAdvisedFundsHeldCnt",2161,2159,"2022v4.0, 2022v4.1, 2022v5.0"
"/Return/ReturnData/IRS990ScheduleJ/TravelForCompanionsInd",2161,2161,"2022v4.0, 2022v4.1, 2022v5.0"
"/Return/ReturnData/IRS990ScheduleH/TotalOtherBenefitsGrp/NetCommunityBenefitExpnsAmt",2160,2160,"2022v4.1, 2022v5.0"
"/Return/ReturnData/IRS990ScheduleH/TotalOtherBenefitsGrp/TotalCommunityBenefitExpnsAmt",2157,2157,"2022v4.1, 2022v5.0"
"/Return/ReturnData/IRS990ScheduleH/TotalOtherBenefitsGrp/TotalExpensePct",2153,2153,"2022v4.1, 2022v5.0"
"/Return/ReturnData/IRS990ScheduleA/MinimumAssetAmountGrp",2145,2145,"2022v4.0, 2022v4.1, 2022v5.0"
"/Return/ReturnData/IRS990ScheduleA/MinimumAssetAmountGrp/AcquisitionIndebtednessGrp",2145,2145,"2022v4.0, 2022v4.1, 2022v5.0"
"/Return/ReturnData/IRS990ScheduleA/MinimumAssetAmountGrp/AcquisitionIndebtednessGrp/PriorYearAmt",2145,2145,"2022v4.0, 2022v4.1, 2022v5.0"
"/Return/ReturnData/IRS990ScheduleA/MinimumAssetAmountGrp/AdjustedFMVLessIndebtednessGrp",2145,2145,"2022v4.0, 2022v4.1, 2022v5.0"
"/Return/ReturnData/IRS990ScheduleA/MinimumAssetAmountGrp/AdjustedFMVLessIndebtednessGrp/PriorYearAmt",2145,2145,"2022v4.0, 2022v4.1, 2022v5.0"
"/Return/ReturnData/IRS990ScheduleA/MinimumAssetAmountGrp/AverageMonthlyCashBalancesGrp",2145,2145,"2022v4.0, 2022v4.1, 2022v5.0"
"/Return/ReturnData/IRS990ScheduleA/MinimumAssetAmountGrp/AverageMonthlyCashBalancesGrp/PriorYearAmt",2145,2145,"2022v4.0, 2022v4.1, 2022v5.0"
"/Return/ReturnData/IRS990ScheduleA/MinimumAssetAmountGrp/AverageMonthlyFMVOfSecGrp",2145,2145,"2022v4.0, 2022v4.1, 2022v5.0"
"/Return/ReturnData/IRS990ScheduleA/MinimumAssetAmountGrp/AverageMonthlyFMVOfSecGrp/PriorYearAmt",2145,2145,"2022v4.0, 2022v4.1, 2022v5.0"
"/Return/ReturnData/IRS990ScheduleA/MinimumAssetAmountGrp/CashDeemedCharitableGrp",2145,2145,"2022v4.0, 2022v4.1, 2022v5.0"
"/Return/ReturnData/IRS990ScheduleA/MinimumAssetAmountGrp/CashDeemedCharitableGrp/PriorYearAmt",2145,2145,"2022v4.0, 2022v4.1, 2022v5.0"
"/Return/ReturnData/IRS990ScheduleA/MinimumAssetAmountGrp/DiscountClaimedAmt",2145,2145,"2022v4.0, 2022v4.1, 2022v5.0"
"/Return/ReturnData/IRS990ScheduleA/MinimumAssetAmountGrp/FMVOtherNonExemptUseAssetGrp",2145,2145,"2022v4.0, 2022v4.1, 2022v5.0"
"/Return/ReturnData/IRS990ScheduleA/MinimumAssetAmountGrp/FMVOtherNonExemptUseAssetGrp/PriorYearAmt",2145,2145,"2022v4.0, 2022v4.1, 2022v5.0"
"/Return/ReturnData/IRS990ScheduleA/MinimumAssetAmountGrp/NetVlNonExemptUseAssetsGrp",2145,2145,"2022v4.0, 2022v4.1, 2022v5.0"
"/Return/ReturnData/IRS990ScheduleA/MinimumAssetAmountGrp/NetVlNonExemptUseAssetsGrp/PriorYearAmt",2145,2145,"2022v4.0, 2022v4.1, 2022v5.0"
"/Return/ReturnData/IRS990ScheduleA/MinimumAssetAmountGrp/PctOfNetVlNonExemptUseAstGrp",2145,2145,"2022v4.0, 2022v4.1, 2022v5.0"
"/Return/ReturnData/IRS990ScheduleA/MinimumAssetAmountGrp/PctOfNetVlNonExemptUseAstGrp/PriorYearAmt",2145,2145,"2022v4.0, 2022v4.1, 2022v5.0"
"/Return/ReturnData/IRS990ScheduleA/MinimumAssetAmountGrp/RecoveriesPYDistriMinAssetGrp",2145,2145,"2022v4.0, 2022v4.1, 2022v5.0"
"/Return/ReturnData/IRS990ScheduleA/MinimumAssetAmountGrp/RecoveriesPYDistriMinAssetGrp/PriorYearAmt",2145,2145,"2022v4.0, 2022v4.1, 2022v5.0"
"/Return/ReturnData/IRS990ScheduleA/MinimumAssetAmountGrp/TotalFMVOfNonExemptUseAssetGrp",2145,2145,"2022v4.0, 2022v4.1, 2022v5.0"
"/Return/ReturnData/IRS990ScheduleA/MinimumAssetAmountGrp/TotalFMVOfNonExemptUseAssetGrp/PriorYearAmt",2145,2145,"2022v4.0, 2022v4.1, 2022v5.0"
"/Return/ReturnData/IRS990ScheduleA/MinimumAssetAmountGrp/TotalMinimumAssetGrp",2145,2145,"2022v4.0, 2022v4.1, 2022v5.0"
"/Return/ReturnData/IRS990ScheduleA/MinimumAssetAmountGrp/TotalMinimumAssetGrp/PriorYearAmt",2145,2145,"2022v4.0, 2022v4.1, 2022v5.0"
"/Return/ReturnData/IRS990/BooksInCareOfDetail/BusinessName/BusinessNameLine2Txt",2144,2144,"2022v4.0, 2022v4.1, 2022v5.0"
"/Return/ReturnData/IRS990ScheduleA/CollegeOrganizationInd",2140,2140,"2022v4.0, 2022v4.1, 2022v5.0"
"/Return/ReturnData/IRS990ScheduleH/UnreimbursedMedicaidGrp/DirectOffsettingRevenueAmt",2138,2138,"2022v4.1, 2022v5.0"
"/Return/ReturnData/IRS990ScheduleN/DispositionOfAssetsDetail/MethodOfFMVDeterminationTxt",2133,1242,"2022v4.0, 2022v4.1, 2022v5.0"
"/Return/ReturnData/IRS990ScheduleL/GrntAsstBnftInterestedPrsnGrp/RelationshipWithOrgTxt",2121,953,"2022v4.0, 2022v4.1, 2022v5.0"
"/Return/ReturnData/IRS990ScheduleH/ExpensesExceedBudgetInd",2115,2115,"2022v4.1, 2022v5.0"
"/Return/ReturnData/IRS990ScheduleH/HospitalFcltyPoliciesPrctcGrp/MedicalIndigencyCriteriaInd",2114,1805,"2022v4.1, 2022v5.0"
"/Return/ReturnData/IRS990/ContractorCompensationGrp/ContractorAddress/USAddress/AddressLine2Txt",2109,1421,"2022v4.1, 2022v5.0"
"/Return/ReturnData/IRS990ScheduleM/RealEstateCommercialGrp",2104,2103,"2022v4.1, 2022v5.0"
"/Return/ReturnData/IRS990ScheduleH/UnreimbursedMedicaidGrp/TotalExpensePct",2097,2097,"2022v4.1, 2022v5.0"
"/Return/ReturnData/IRS990ScheduleH/UnreimbursedMedicaidGrp/NetCommunityBenefitExpnsAmt",2095,2095,"2022v4.1, 2022v5.0"
"/Return/ReturnData/IRS990ScheduleM/RealEstateOtherGrp",2078,2077,"2022v4.1, 2022v5.0"
"/Return/ReturnData/IRS990ScheduleG/GamingInformationGrp/RentFacilityCostsPullTabsAmt",2074,2072,"2022v4.0, 2022v4.1, 2022v5.0"
"/Return/ReturnData/IRS990ScheduleG/GamingInformationGrp/NonCashPrizesOtherGamingAmt",2072,2072,"2022v4.0, 2022v4.1, 2022v5.0"
"/Return/ReturnData/IRS990ScheduleD/DonorAdvisedFundsVlEOYAmt",2065,2063,"2022v4.0, 2022v4.1, 2022v5.0"
"/Return/ReturnData/IRS990ScheduleG/GamingInformationGrp/VolunteerLaborBingoPct",2054,2053,"2022v4.0, 2022v4.1, 2022v5.0"
"/Return/ReturnData/IRS990/FinalReturnInd",2025,2025,"2022v4.0, 2022v4.1, 2022v5.0"
"/Return/ReturnData/IRS990ScheduleG/GamingManagerIsEmployeeInd",2017,2016,"2022v4.0, 2022v4.1, 2022v5.0"
"/Return/ReturnData/IRS990ScheduleH/HospitalFcltyPoliciesPrctcGrp/InsuranceStatusCriteriaInd",2005,1690,"2022v4.1, 2022v5.0"
"/Return/ReturnData/IRS990/Form720FiledInd",1984,1984,"2022v4.1, 2022v5.0"
"/Return/ReturnData/IRS990ScheduleD/ArtPublicExhibitionAmountsGrp/AssetsIncludedAmt",1984,1983,"2022v4.0, 2022v4.1, 2022v5.0"
"/Return/ReturnData/IRS990ScheduleL/GrntAsstBnftInterestedPrsnGrp/AssistancePurposeTxt",1980,1038,"2022v4.0, 2022v4.1, 2022v5.0"
"/Return/ReturnData/IRS990ScheduleD/EndingBalanceAmt",1978,1978,"2022v4.0, 2022v4.1, 2022v5.0"
"/Return/ReturnData/IRS990ScheduleC/TotalExemptFunctionExpendAmt",1958,1958,"2022v4.0, 2022v4.1, 2022v5.0"
"/Return/ReturnData/IRS990ScheduleD/FinancialDerivativesGrp",1950,1950,"2022v4.0, 2022v4.1, 2022v5.0"
"/Return/ReturnData/IRS990ScheduleN/DispositionOfAssetsDetail/IRCSectionTxt",1903,1086,"2022v4.0, 2022v4.1, 2022v5.0"
"/Return/ReturnData/IRS990ScheduleH/CommunityHealthServicesGrp",1899,1899,"2022v4.1, 2022v5.0"
"/Return/ReturnData/IRS990/TaxExemptInterestAmt",1897,1897,"2022v4.1, 2022v5.0"
"/Return/ReturnData/IRS990ScheduleH/AllHospitalsPolicyInd",1887,1887,"2022v4.1, 2022v5.0"
"/Return/ReturnData/IRS990ScheduleH/CommunityHealthServicesGrp/NetCommunityBenefitExpnsAmt",1887,1887,"2022v4.1, 2022v5.0"
"/Return/ReturnData/IRS990ScheduleH/CommunityHealthServicesGrp/TotalExpensePct",1882,1882,"2022v4.1, 2022v5.0"
"/Return/ReturnData/IRS990ScheduleH/ReportPublicallyAvailableInd",1861,1861,"2022v4.1, 2022v5.0"
"/Return/ReturnData/IRS990ScheduleH/CommunityHealthServicesGrp/TotalCommunityBenefitExpnsAmt",1857,1857,"2022v4.1, 2022v5.0"
"/Return/ReturnData/IRS990ScheduleD/DonorAdvisedFundsContriAmt",1854,1851,"2022v4.0, 2022v4.1, 2022v5.0"
"/Return/ReturnData/IRS990ScheduleM/RealEstateResidentialGrp",1850,1849,"2022v4.0, 2022v4.1, 2022v5.0"
"/Return/ReturnData/IRS990ScheduleG/GamingInformationGrp/RentFacilityCostsBingoAmt",1847,1846,"2022v4.0, 2022v4.1, 2022v5.0"
"/Return/ReturnData/IRS990ScheduleN/DispositionOfAssetsDetail/EIN",1818,998,"2022v4.0, 2022v4.1, 2022v5.0"
"/Return/ReturnData/AffiliatedGroupSchedule/AffiliatedScheduleGrp/ElectingOrganizationInd",1814,167,"2022v5.0"
"/Return/ReturnData/IRS990/AcctCompileOrReviewBasisGrp/ConsolAndSepBasisFinclStmtInd",1814,1814,"2022v4.0, 2022v4.1, 2022v5.0"
"/Return/ReturnData/IRS990ScheduleD/DonorAdvisedFundsGrantsAmt",1813,1811,"2022v4.0, 2022v4.1, 2022v5.0"
"/Return/ReturnData/IRS990EZ/NameChangeInd",1787,1787,"2022v4.0, 2022v4.1, 2022v5.0"
"/Return/ReturnData/IRS990ScheduleD/StatesEasementsHeldCnt",1780,1779,"2022v4.0, 2022v4.1, 2022v5.0"
"/Return/ReturnData/IRS990ScheduleH/HospitalFcltyPoliciesPrctcGrp/UnderinsuranceStatCriteriaInd",1738,1498,"2022v4.1, 2022v5.0"
"/Return/ReturnData/IRS990ScheduleN/DirectorOfSuccessor2Ind",1729,1729,"2022v4.0, 2022v4.1, 2022v5.0"
"/Return/ReturnData/IRS990ScheduleN/OwnerOfSuccessor2Ind",1729,1729,"2022v4.0, 2022v4.1, 2022v5.0"
"/Return/ReturnData/IRS990ScheduleN/EmployeeOfSuccessor2Ind",1727,1727,"2022v4.0, 2022v4.1, 2022v5.0"
"/Return/ReturnData/IRS990ScheduleN/ReceiveCompensation2Ind",1725,1725,"2022v4.0, 2022v4.1, 2022v5.0"
"/Return/ReturnData/IRS990ScheduleD/TotalEasementsCnt",1708,1707,"2022v4.0, 2022v4.1, 2022v5.0"
"/Return/ReturnData/IRS990ScheduleC/CarriedOverAmt",1707,1707,"2022v4.0, 2022v4.1, 2022v5.0"
"/Return/ReturnData/IRS990ScheduleH/HospitalFcltyPoliciesPrctcGrp/AssetLevelCriteriaInd",1697,1464,"2022v4.1, 2022v5.0"
"/Return/ReturnData/IRS990ScheduleH/FacilityNum",1692,1692,"2022v4.1, 2022v5.0"
"/Return/ReturnData/IRS990ScheduleH/CashAndInKindContributionsGrp",1677,1677,"2022v5.0"
"/Return/ReturnData/IRS990ScheduleR/IdRelatedTaxExemptOrgGrp/ForeignAddress/ForeignPostalCd",1668,896,"2022v4.1, 2022v5.0"
"/Return/ReturnData/IRS990ScheduleH/TotalOtherBenefitsGrp/DirectOffsettingRevenueAmt",1667,1667,"2022v4.1, 2022v5.0"
"/Return/ReturnData/IRS990ScheduleH/HealthProfessionsEducationGrp",1665,1665,"2022v4.1, 2022v5.0"
"/Return/ReturnData/IRS990ScheduleH/CashAndInKindContributionsGrp/NetCommunityBenefitExpnsAmt",1657,1657,"2022v5.0"
"/Return/ReturnData/IRS990ScheduleH/CostingMethodologyUsedGrp/CostToChargeRatioInd",1649,1649,"2022v4.1, 2022v5.0"
"/Return/ReturnData/IRS990ScheduleH/HealthProfessionsEducationGrp/NetCommunityBenefitExpnsAmt",1644,1644,"2022v4.1, 2022v5.0"
"/Return/ReturnData/IRS990ScheduleH/HealthProfessionsEducationGrp/TotalExpensePct",1641,1641,"2022v4.1, 2022v5.0"
"/Return/ReturnData/IRS990ScheduleL/GrntAsstBnftInterestedPrsnGrp/PersonNm",1638,735,"2022v4.0, 2022v4.1, 2022v5.0"
"/Return/ReturnData/IRS990ScheduleH/CashAndInKindContributionsGrp/TotalExpensePct",1620,1620,"2022v5.0"
"/Return/ReturnData/IRS990ScheduleC/InternalFundsContributedAmt",1617,1617,"2022v4.0, 2022v4.1, 2022v5.0"
"/Return/ReturnData/IRS990ScheduleA/Form990SchASupportingOrgGrp/SupportedOrgQualifiedInd",1612,1612,"2022v4.0, 2022v4.1, 2022v5.0"
"/Return/ReturnData/IRS990ScheduleH/CashAndInKindContributionsGrp/TotalCommunityBenefitExpnsAmt",1612,1612,"2022v5.0"
"/Return/ReturnData/IRS990ScheduleD/TotalAcreageCnt",1610,1609,"2022v4.0, 2022v4.1, 2022v5.0"
"/Return/ReturnData/IRS990ScheduleA/Form990SchASupportingOrgGrp/SuprtExclusivelySec170c2BInd",1608,1608,"2022v4.0, 2022v4.1, 2022v5.0"
"/Return/ReturnData/IRS990ScheduleM/CollectiblesGrp",1602,1601,"2022v4.0, 2022v4.1, 2022v5.0"
"/Return/ReturnData/IRS990ScheduleM/DrugsAndMedicalSuppliesGrp/NoncashContributionsRptF990Amt",1590,1590,"2022v4.0, 2022v4.1, 2022v5.0"
"/Return/ReturnData/IRS990ScheduleH/HealthProfessionsEducationGrp/TotalCommunityBenefitExpnsAmt",1578,1578,"2022v4.1, 2022v5.0"
"/Return/ReturnData/IRS990ScheduleH/OthHlthCareFcltsNotHospitalGrp",1575,1575,"2022v4.1, 2022v5.0"
"/Return/ReturnData/IRS990ScheduleG/PersonsWithBooksName",1574,1573,"2022v4.0, 2022v4.1, 2022v5.0"
"/Return/ReturnData/IRS990ScheduleG/PersonsWithBooksName/BusinessNameLine1Txt",1574,1573,"2022v4.0, 2022v4.1, 2022v5.0"
"/Return/ReturnData/IRS990ScheduleR/TransactionsRelatedOrgGrp/OtherOrganizationName/BusinessNameLine2Txt",1570,801,"2022v4.1, 2022v5.0"
"/Return/ReturnData/IRS990EZ/MethodOfAccountingOtherDesc",1565,1565,"2022v4.0, 2022v4.1, 2022v5.0"
"/Return/ReturnData/IRS990ScheduleM/DrugsAndMedicalSuppliesGrp/NonCashCheckboxInd",1560,1560,"2022v4.0, 2022v4.1, 2022v5.0"
"/Return/ReturnData/IRS990ScheduleM/CarsAndOtherVehiclesGrp/NoncashContributionsRptF990Amt",1559,1559,"2022v4.0, 2022v4.1, 2022v5.0"
"/Return/ReturnData/IRS990/ContractorCompensationGrp/ContractorAddress/ForeignAddress/ForeignPostalCd",1540,885,"2022v4.1, 2022v5.0"
"/Return/ReturnData/IRS990ScheduleM/WorksOfArtGrp/NonCashCheckboxInd",1538,1538,"2022v4.0, 2022v4.1, 2022v5.0"
"/Return/ReturnData/IRS990ScheduleM/CarsAndOtherVehiclesGrp/NonCashCheckboxInd",1533,1533,"2022v4.0, 2022v4.1, 2022v5.0"
"/Return/ReturnData/IRS990ScheduleM/WorksOfArtGrp/ContributionCnt",1525,1525,"2022v4.0, 2022v4.1, 2022v5.0"
"/Return/ReturnData/IRS990/AllAffiliatesIncludedInd",1521,1521,"2022v4.1, 2022v5.0"
"/Return/ReturnData/IRS990ScheduleH/SubsidizedHealthServicesGrp",1519,1519,"2022v4.1, 2022v5.0"
"/Return/ReturnData/IRS990ScheduleM/CarsAndOtherVehiclesGrp/ContributionCnt",1513,1513,"2022v4.0, 2022v4.1, 2022v5.0"
"/Return/ReturnData/IRS990ScheduleH/BadDebtExpenseAttributableAmt",1510,1510,"2022v4.1, 2022v5.0"
"/Return/ReturnData/IRS990ScheduleH/HospitalFcltyPoliciesPrctcGrp/LookBackMedicarePrivateInd",1506,1295,"2022v4.1, 2022v5.0"
"/Return/ReturnData/IRS990ScheduleG/GamingInformationGrp/RentFcltyCostsOtherGamingAmt",1489,1489,"2022v4.0, 2022v4.1, 2022v5.0"
"/Return/ReturnData/IRS990ScheduleH/SubsidizedHealthServicesGrp/NetCommunityBenefitExpnsAmt",1479,1479,"2022v4.1, 2022v5.0"
"/Return/ReturnData/IRS990ScheduleH/SubsidizedHealthServicesGrp/TotalExpensePct",1477,1477,"2022v4.1, 2022v5.0"
"/Return/ReturnData/IRS990ScheduleD/BeginningBalanceAmt",1471,1471,"2022v4.0, 2022v4.1, 2022v5.0"
"/Return/ReturnData/IRS990EZ/ApplicationPendingInd",1468,1468,"2022v4.0, 2022v4.1, 2022v5.0"
"/Return/ReturnData/IRS990ScheduleJ/FirstClassOrCharterTravelInd",1466,1465,"2022v5.0"
"/Return/ReturnData/IRS990ScheduleJ/IdemnificationGrossUpPmtsInd",1465,1465,"2022v4.1, 2022v5.0"
"/Return/ReturnData/IRS990ScheduleN/DispositionOfAssetsDetail/BusinessName",1441,824,"2022v4.0, 2022v4.1, 2022v5.0"
"/Return/ReturnData/IRS990ScheduleN/DispositionOfAssetsDetail/BusinessName/BusinessNameLine1Txt",1441,824,"2022v4.0, 2022v4.1, 2022v5.0"
"/Return/ReturnData/IRS990ScheduleC/Expended527ActivitiesAmt",1437,1437,"2022v4.0, 2022v4.1, 2022v5.0"
"/Return/ReturnData/IRS990ScheduleC/Form4720FiledSection4955TaxInd",1435,1435,"2022v4.0, 2022v4.1, 2022v5.0"
"/Return/ReturnData/IRS990ScheduleM/DrugsAndMedicalSuppliesGrp/ContributionCnt",1434,1434,"2022v4.0, 2022v4.1, 2022v5.0"
"/Return/ReturnData/IRS990ScheduleK/TaxExemptBondsArbitrageGrp/GICProviderName",1429,636,"2022v5.0"
"/Return/ReturnData/IRS990ScheduleK/TaxExemptBondsArbitrageGrp/GICProviderName/BusinessNameLine1Txt",1429,636,"2022v5.0"
"/Return/ReturnData/IRS990ScheduleM/DrugsAndMedicalSuppliesGrp/MethodOfDeterminingRevenuesTxt",1423,1423,"2022v4.0, 2022v4.1, 2022v5.0"
"/Return/ReturnData/IRS990ScheduleM/CarsAndOtherVehiclesGrp/MethodOfDeterminingRevenuesTxt",1414,1414,"2022v4.0, 2022v4.1, 2022v5.0"
"/Return/ReturnData/IRS990ScheduleA/AdjustedNetIncomeGrp/AdjustedGrossIncomeGrp/CurrentYearAmt",1412,1412,"2022v4.0, 2022v4.1, 2022v5.0"
"/Return/ReturnData/IRS990ScheduleA/MinimumAssetAmountGrp/AdjustedFMVLessIndebtednessGrp/CurrentYearAmt",1404,1404,"2022v4.0, 2022v4.1, 2022v5.0"
"/Return/ReturnData/IRS990ScheduleA/MinimumAssetAmountGrp/NetVlNonExemptUseAssetsGrp/CurrentYearAmt",1404,1404,"2022v4.0, 2022v4.1, 2022v5.0"
"/Return/ReturnData/IRS990ScheduleA/MinimumAssetAmountGrp/PctOfNetVlNonExemptUseAstGrp/CurrentYearAmt",1404,1404,"2022v4.0, 2022v4.1, 2022v5.0"
"/Return/ReturnData/IRS990ScheduleA/MinimumAssetAmountGrp/TotalFMVOfNonExemptUseAssetGrp/CurrentYearAmt",1404,1404,"2022v4.0, 2022v4.1, 2022v5.0"
"/Return/ReturnData/IRS990ScheduleA/MinimumAssetAmountGrp/TotalMinimumAssetGrp/CurrentYearAmt",1404,1404,"2022v4.0, 2022v4.1, 2022v5.0"
"/Return/ReturnData/IRS990ScheduleA/AdjustedNetIncomeGrp/TotalAdjustedNetIncomeGrp/CurrentYearAmt",1400,1400,"2022v4.0, 2022v4.1, 2022v5.0"
"/Return/ReturnData/IRS990ScheduleM/WorksOfArtGrp/NoncashContributionsRptF990Amt",1400,1400,"2022v4.0, 2022v4.1, 2022v5.0"
"/Return/ReturnData/IRS990ScheduleM/SecurPrtnrshpTrustIntrstsGrp",1399,1398,"2022v4.1, 2022v5.0"
"/Return/ReturnData/IRS990ScheduleH/HospitalFacilitiesGrp/FacilityReportingGroupCd",1392,381,"2022v5.0"
"/Return/ReturnData/IRS990ScheduleA/AdjustedNetIncomeGrp/OtherGrossIncomeGrp/CurrentYearAmt",1382,1382,"2022v4.0, 2022v4.1, 2022v5.0"
"/Return/ReturnData/IRS990ScheduleM/HistoricalArtifactsGrp",1376,1374,"2022v4.1, 2022v5.0"
"/Return/ReturnData/IRS990ScheduleK/TaxExemptBondsPrivateBusUseGrp/RemedialActionTakenInd",1372,610,"2022v5.0"
"/Return/ReturnData/IRS990ScheduleH/SubsidizedHealthServicesGrp/TotalCommunityBenefitExpnsAmt",1371,1371,"2022v4.1, 2022v5.0"
"/Return/ReturnData/IRS990ScheduleM/SecuritiesCloselyHeldStockGrp",1362,1361,"2022v4.1, 2022v5.0"
"/Return/ReturnData/IRS990ScheduleD/ProtectionNaturalHabitatInd",1360,1358,"2022v4.0, 2022v4.1, 2022v5.0"
"/Return/ReturnData/IRS990ScheduleD/CloselyHeldEquityInterestsGrp/BookValueAmt",1350,1350,"2022v4.0, 2022v4.1, 2022v5.0"
"/Return/ReturnData/IRS990ScheduleM/WorksOfArtGrp/MethodOfDeterminingRevenuesTxt",1344,1344,"2022v4.0, 2022v4.1, 2022v5.0"
"/Return/ReturnData/IRS990ScheduleA/MinimumAssetAmountGrp/CashDeemedCharitableGrp/CurrentYearAmt",1341,1341,"2022v4.0, 2022v4.1, 2022v5.0"
"/Return/ReturnData/IRS990ScheduleC/CorrectionMadeInd",1334,1334,"2022v4.0, 2022v4.1, 2022v5.0"
"/Return/ReturnData/IRS990ScheduleM/SecuritiesMiscellaneousGrp",1334,1333,"2022v4.1, 2022v5.0"
"/Return/ReturnData/IRS990ScheduleM/QualifiedContribOtherGrp",1329,1328,"2022v4.1, 2022v5.0"
"/Return/ReturnData/IRS990ScheduleM/BoatsAndPlanesGrp",1322,1321,"2022v4.1, 2022v5.0"
"/Return/ReturnData/IRS990ScheduleH/TotalCommuntityBuildingActyGrp",1321,1321,"2022v5.0"
"/Return/ReturnData/IRS990ScheduleH/TotalCommuntityBuildingActyGrp/TotalCommunityBenefitExpnsAmt",1316,1316,"2022v5.0"
"/Return/ReturnData/IRS990ScheduleR/IdRelatedOrgTxblPartnershipGrp/LegalDomicileForeignCountryCd",1314,451,"2022v5.0"
"/Return/ReturnData/IRS990ScheduleH/TotalCommuntityBuildingActyGrp/NetCommunityBenefitExpnsAmt",1313,1313,"2022v5.0"
"/Return/ReturnData/IRS990ScheduleC/VolunteerHoursCnt",1309,1309,"2022v4.0, 2022v4.1, 2022v5.0"
"/Return/ReturnData/IRS990ScheduleD/CollUsedLoanOrExchProgInd",1291,1289,"2022v4.0, 2022v4.1, 2022v5.0"
"/Return/ReturnData/IRS990ScheduleA/MinimumAssetAmountGrp/AverageMonthlyFMVOfSecGrp/CurrentYearAmt",1280,1280,"2022v4.0, 2022v4.1, 2022v5.0"
"/Return/ReturnData/IRS990ScheduleH/TotalCommuntityBuildingActyGrp/TotalExpensePct",1275,1275,"2022v5.0"
"/Return/ReturnData/IRS990ScheduleM/ArtHistoricalTreasuresGrp",1271,1269,"2022v4.1, 2022v5.0"
"/Return/ReturnData/IRS990ScheduleK/TaxExemptBondsArbitrageGrp/HedgeTerminatedInd",1266,893,"2022v5.0"
"/Return/ReturnData/IRS990ScheduleK/TaxExemptBondsArbitrageGrp/SuperintegratedHedgeInd",1266,893,"2022v5.0"
"/Return/ReturnData/IRS990ScheduleD/StaffHoursSpentEnforcementCnt",1265,1264,"2022v4.0, 2022v4.1, 2022v5.0"
"/Return/ReturnData/IRS990ScheduleR/IdRelatedTaxExemptOrgGrp/ForeignAddress/ProvinceOrStateNm",1264,776,"2022v4.0, 2022v4.1, 2022v5.0"
"/Return/ReturnData/IRS990/ContractorCompensationGrp/ContractorAddress/ForeignAddress/ProvinceOrStateNm",1252,768,"2022v4.1, 2022v5.0"
"/Return/ReturnData/IRS990ScheduleH/HospitalFcltyPoliciesPrctcGrp/ResidencyCriteriaInd",1245,1042,"2022v5.0"
"/Return/ReturnData/IRS990ScheduleD/CloselyHeldEquityInterestsGrp/MethodValuationCd",1244,1244,"2022v4.0, 2022v4.1, 2022v5.0"
"/Return/ReturnData/IRS990ScheduleM/BooksAndPublicationsGrp/NonCashCheckboxInd",1235,1235,"2022v4.0, 2022v4.1, 2022v5.0"
"/Return/ReturnData/IRS990ScheduleA/MinimumAssetAmountGrp/AverageMonthlyCashBalancesGrp/CurrentYearAmt",1229,1229,"2022v4.0, 2022v4.1, 2022v5.0"
"/Return/ReturnData/IRS990ScheduleM/IntellectualPropertyGrp",1229,1228,"2022v4.1, 2022v5.0"
"/Return/ReturnData/IRS990ScheduleD/DistributionsDuringYearAmt",1218,1218,"2022v4.0, 2022v4.1, 2022v5.0"
"/Return/ReturnData/IRS990ScheduleM/BooksAndPublicationsGrp/NoncashContributionsRptF990Amt",1214,1214,"2022v4.0, 2022v4.1, 2022v5.0"
"/Return/ReturnData/IRS990ScheduleM/ScientificSpecimensGrp",1190,1189,"2022v4.1, 2022v5.0"
"/Return/ReturnData/IRS990ScheduleR/IdRelatedOrgTxblCorpTrGrp/ForeignAddress/AddressLine2Txt",1186,370,"2022v5.0"
"/Return/ReturnData/IRS990ScheduleD/AdditionsDuringYearAmt",1181,1181,"2022v4.0, 2022v4.1, 2022v5.0"
"/Return/ReturnData/IRS990ScheduleH/SubsidizedHealthServicesGrp/DirectOffsettingRevenueAmt",1178,1178,"2022v4.1, 2022v5.0"
"/Return/ReturnData/IRS990ScheduleA/Form990SchASupportingOrgGrp/ExcessBusinessHoldingsInd",1171,1171,"2022v4.1, 2022v5.0"
"/Return/ReturnData/IRS990ScheduleA/AdjustedNetIncomeGrp/ProductionIncomeGrp/CurrentYearAmt",1170,1170,"2022v4.0, 2022v4.1, 2022v5.0"
"/Return/ReturnData/IRS990ScheduleM/ArchaeologicalArtifactsGrp",1169,1168,"2022v4.1, 2022v5.0"
"/Return/ReturnData/IRS990ScheduleM/TaxidermyGrp",1166,1165,"2022v4.0, 2022v4.1, 2022v5.0"
"/Return/ReturnData/IRS990ScheduleM/ArtFractionalInterestGrp",1164,1163,"2022v4.1, 2022v5.0"
"/Return/ReturnData/IRS990ScheduleM/QualifiedContribHistStructGrp",1163,1162,"2022v4.0, 2022v4.1, 2022v5.0"
"/Return/ReturnData/IRS990ScheduleD/PreservationOpenSpaceInd",1151,1151,"2022v4.0, 2022v4.1, 2022v5.0"
"/Return/ReturnData/IRS990ScheduleK/TaxExemptBondsArbitrageGrp/TermOfHedgePct",1138,855,"2022v5.0"
"/Return/ReturnData/IRS990ScheduleM/BooksAndPublicationsGrp/MethodOfDeterminingRevenuesTxt",1129,1129,"2022v4.0, 2022v4.1, 2022v5.0"
"/Return/ReturnData/IRS990ScheduleC/Section527PoliticalOrgGrp/OrganizationBusinessName/BusinessNameLine2Txt",1085,96,"2022v5.0"
"/Return/ReturnData/IRS990ScheduleH/Percent200Ind",1085,1085,"2022v5.0"
"/Return/ReturnData/IRS990ScheduleA/GovernmentalUnitInd",1048,1048,"2022v4.0, 2022v4.1, 2022v5.0"
"/Return/ReturnData/IRS990ScheduleH/UnableToProvideCareInd",1039,1039,"2022v4.1, 2022v5.0"
"/Return/ReturnData/IRS990ScheduleD/ExpensesIncurredEnforcementAmt",1038,1037,"2022v4.0, 2022v4.1, 2022v5.0"
"/Return/ReturnData/IRS990ScheduleH/ManagementCoAndJntVenturesGrp",1028,436,"2022v5.0"
"/Return/ReturnData/IRS990ScheduleH/ManagementCoAndJntVenturesGrp/EntityName",1028,436,"2022v5.0"
"/Return/ReturnData/IRS990ScheduleH/ManagementCoAndJntVenturesGrp/EntityName/BusinessNameLine1Txt",1028,436,"2022v5.0"
"/Return/ReturnData/IRS990ScheduleC/Form4720FiledInd",1020,1020,"2022v4.1, 2022v5.0"
"/Return/ReturnData/IRS990ScheduleH/CommunityHealthServicesGrp/DirectOffsettingRevenueAmt",1011,1011,"2022v5.0"
"/Return/ReturnHeader/AdditionalFilerInformation/TrustedCustomerGrp/ProfileEmailAddressChangeInd",1009,1009,"2022v4.0, 2022v5.0"
"/Return/ReturnData/IRS990ScheduleK/TaxExemptBondsPrivateBusUseGrp/EngageBondCounselResearchInd",1008,373,"2022v4.1, 2022v5.0"
"/Return/ReturnData/IRS990ScheduleN/BondLiabilitiesDischargedInd",989,989,"2022v4.1, 2022v5.0"
"/Return/ReturnData/IRS990/StateRequiredReservesAmt",986,986,"2022v4.1, 2022v5.0"
"/Return/ReturnData/IRS990ScheduleH/ManagementCoAndJntVenturesGrp/PrimaryActivitiesTxt",986,419,"2022v5.0"
"/Return/ReturnData/IRS990ScheduleH/ManagementCoAndJntVenturesGrp/OrgProfitOrOwnershipPct",982,415,"2022v5.0"
"/Return/ReturnData/IRS990ScheduleH/CommunitySupportGrp",980,980,"2022v5.0"
"/Return/ReturnData/IRS990ScheduleH/HospitalFacilitiesGrp/TeachingHospitalInd",978,630,"2022v4.1, 2022v5.0"
"/Return/ReturnData/IRS990ScheduleD/PreservationPublicUseInd",969,969,"2022v4.0, 2022v4.1, 2022v5.0"
"/Return/ReturnData/IRS990ScheduleA/AdjustedNetIncomeGrp/OtherExpensesGrp/CurrentYearAmt",968,968,"2022v4.0, 2022v4.1, 2022v5.0"
"/Return/ReturnData/IRS990/ReservesMaintainedAmt",963,963,"2022v4.1, 2022v5.0"
"/Return/ReturnData/IRS990ScheduleM/RealEstateCommercialGrp/NoncashContributionsRptF990Amt",963,963,"2022v4.1, 2022v5.0"
"/Return/ReturnData/IRS990ScheduleH/CommunitySupportGrp/NetCommunityBenefitExpnsAmt",955,955,"2022v5.0"
"/Return/ReturnData/IRS990ScheduleM/RealEstateOtherGrp/NoncashContributionsRptF990Amt",952,952,"2022v4.1, 2022v5.0"
"/Return/ReturnData/IRS990ScheduleD/FundsAndOtherAccountsHeldCnt",945,944,"2022v4.0, 2022v4.1, 2022v5.0"
"/Return/ReturnData/IRS990ScheduleM/RealEstateCommercialGrp/NonCashCheckboxInd",944,944,"2022v4.1, 2022v5.0"
"/Return/ReturnData/IRS990EZ/BooksInCareOfDetail/BusinessName/BusinessNameLine2Txt",942,942,"2022v4.0, 2022v4.1, 2022v5.0"
"/Return/ReturnData/IRS990ScheduleM/RealEstateOtherGrp/NonCashCheckboxInd",938,938,"2022v4.1, 2022v5.0"
"/Return/ReturnData/IRS990ScheduleG/ExplanationIfNoTxt",935,935,"2022v4.0, 2022v4.1, 2022v5.0"
"/Return/ReturnData/IRS990ScheduleG/GamingInformationGrp/NonCashPrizesBingoAmt",927,927,"2022v4.0, 2022v4.1, 2022v5.0"
"/Return/ReturnData/IRS990ScheduleH/HealthProfessionsEducationGrp/DirectOffsettingRevenueAmt",927,927,"2022v4.1, 2022v5.0"
"/Return/ReturnData/IRS990ScheduleM/RealEstateOtherGrp/ContributionCnt",918,918,"2022v4.1, 2022v5.0"
"/Return/ReturnData/IRS990ScheduleH/ManagementCoAndJntVenturesGrp/PhysiciansProfitOrOwnershipPct",917,391,"2022v5.0"
"/Return/ReturnData/IRS990ScheduleH/HospitalFcltyPoliciesPrctcGrp/ProvidedNonprofitContactInd",908,830,"2022v5.0"
"/Return/ReturnData/IRS990ScheduleH/UnreimbursedCostsGrp",903,903,"2022v5.0"
"/Return/ReturnData/IRS990ScheduleH/CommunitySupportGrp/TotalExpensePct",899,899,"2022v5.0"
"/Return/ReturnData/IRS990ScheduleJ/DiscretionarySpendingAcctInd",897,897,"2022v4.0, 2022v4.1, 2022v5.0"
"/Return/ReturnData/IRS990EZ/ForeignOfficeCountryCd",896,874,"2022v4.0, 2022v4.1, 2022v5.0"
"/Return/ReturnData/IRS990ScheduleM/RealEstateCommercialGrp/ContributionCnt",896,896,"2022v4.1, 2022v5.0"
"/Return/ReturnData/IRS990/BooksInCareOfDetail/ForeignAddress",887,887,"2022v4.0, 2022v4.1, 2022v5.0"
"/Return/ReturnData/IRS990/BooksInCareOfDetail/ForeignAddress/AddressLine1Txt",887,887,"2022v4.0, 2022v4.1, 2022v5.0"
"/Return/ReturnData/IRS990/BooksInCareOfDetail/ForeignAddress/CountryCd",887,887,"2022v4.0, 2022v4.1, 2022v5.0"
"/Return/ReturnData/IRS990ScheduleH/Percent400Ind",886,886,"2022v5.0"
"/Return/ReturnData/IRS990ScheduleD/FundsAndOtherAccountsVlEOYAmt",884,883,"2022v4.0, 2022v4.1, 2022v5.0"
"/Return/ReturnData/IRS990ScheduleH/ResearchGrp",882,882,"2022v5.0"
"/Return/ReturnData/IRS990ScheduleH/HospitalFcltyPoliciesPrctcGrp/OtherCriteriaInd",881,736,"2022v4.1, 2022v5.0"
"/Return/ReturnData/IRS990ScheduleH/WorkforceDevelopmentGrp",878,878,"2022v5.0"
"/Return/ReturnData/IRS990ScheduleH/FinancialAssistanceAtCostTyp/DirectOffsettingRevenueAmt",874,874,"2022v5.0"
"/Return/ReturnData/IRS990ScheduleA/Form990SchAType3FuncIntGrp/GovernmentalEntityInd",864,864,"2022v4.0, 2022v4.1, 2022v5.0"
"/Return/ReturnData/IRS990ScheduleC/GrantsOtherOrganizationsAmt",863,863,"2022v4.1, 2022v5.0"
"/Return/ReturnData/IRS990ScheduleH/HospitalFacilitiesGrp/OtherDesc",859,616,"2022v4.1, 2022v5.0"
"/Return/ReturnHeader/PreparerPersonGrp/ForeignPhoneNum",859,859,"2022v4.1, 2022v5.0"
"/Return/ReturnData/IRS990/BooksInCareOfDetail/ForeignAddress/CityNm",850,850,"2022v4.0, 2022v4.1, 2022v5.0"
"/Return/ReturnData/IRS990ScheduleH/WorkforceDevelopmentGrp/NetCommunityBenefitExpnsAmt",850,850,"2022v5.0"
"/Return/ReturnData/IRS990ScheduleD/FundsAndOtherAccountsContriAmt",831,830,"2022v4.0, 2022v4.1, 2022v5.0"
"/Return/ReturnData/IRS990ScheduleG/GamingInformationGrp/NonCashPrizesPullTabsAmt",829,829,"2022v4.0, 2022v4.1, 2022v5.0"
"/Return/ReturnData/IRS990ScheduleH/HospitalFacilitiesGrp/CriticalAccessHospitalInd",828,729,"2022v4.1, 2022v5.0"
"/Return/ReturnData/IRS990ScheduleN/DispositionOfAssetsDetail/PersonNm",822,480,"2022v4.0, 2022v4.1, 2022v5.0"
"/Return/ReturnData/IRS990ScheduleH/TotalCommunityBenefitsGrp/PersonsServedCnt",817,817,"2022v5.0"
"/Return/ReturnData/IRS990EZ/InfoInScheduleOPartVIInd",813,812,"2022v4.0, 2022v4.1, 2022v5.0"
"/Return/ReturnData/IRS990ScheduleR/IdRelatedOrgTxblPartnershipGrp/ForeignAddress",813,360,"2022v5.0"
"/Return/ReturnData/IRS990ScheduleR/IdRelatedOrgTxblPartnershipGrp/ForeignAddress/AddressLine1Txt",813,360,"2022v5.0"
"/Return/ReturnData/IRS990ScheduleR/IdRelatedOrgTxblPartnershipGrp/ForeignAddress/CountryCd",813,360,"2022v5.0"
"/Return/ReturnData/IRS990/ApplicationPendingInd",812,812,"2022v4.1, 2022v5.0"
"/Return/ReturnData/IRS990ScheduleH/WorkforceDevelopmentGrp/TotalExpensePct",812,812,"2022v5.0"
"/Return/ReturnData/IRS990ScheduleM/RealEstateOtherGrp/MethodOfDeterminingRevenuesTxt",805,805,"2022v4.1, 2022v5.0"
"/Return/ReturnData/IRS990ScheduleH/UnreimbursedCostsGrp/TotalExpensePct",804,804,"2022v5.0"
"/Return/ReturnData/IRS990ScheduleA/TestPublicSafetyInd",801,801,"2022v4.0, 2022v4.1, 2022v5.0"
"/Return/ReturnData/IRS990ScheduleH/UnreimbursedCostsGrp/NetCommunityBenefitExpnsAmt",800,800,"2022v5.0"
"/Return/ReturnData/IRS990ScheduleD/FundsAndOtherAccountsGrantsAmt",798,797,"2022v4.0, 2022v4.1, 2022v5.0"
"/Return/ReturnData/IRS990ScheduleH/ResearchGrp/NetCommunityBenefitExpnsAmt",796,796,"2022v5.0"
"/Return/ReturnData/IRS990ScheduleH/TotalOtherBenefitsGrp/PersonsServedCnt",794,794,"2022v5.0"
"/Return/ReturnData/IRS990ScheduleH/ResearchGrp/TotalExpensePct",793,793,"2022v5.0"
"/Return/ReturnData/IRS990ScheduleR/IdRelatedOrgTxblPartnershipGrp/ForeignAddress/CityNm",786,356,"2022v5.0"
"/Return/ReturnData/IRS990ScheduleH/FreeCareOthPercentageGrp",780,780,"2022v4.1, 2022v5.0"
"/Return/ReturnData/IRS990ScheduleH/FreeCareOthPercentageGrp/FreeCareOtherPct",780,780,"2022v4.1, 2022v5.0"
"/Return/ReturnData/IRS990ScheduleH/FreeCareOthPercentageGrp/OtherInd",780,780,"2022v4.1, 2022v5.0"
"/Return/ReturnData/IRS990ScheduleH/TotalCommunityBenefitsGrp/ActivitiesOrProgramsCnt",775,775,"2022v5.0"
"/Return/ReturnData/IRS990ScheduleH/TotalOtherBenefitsGrp/ActivitiesOrProgramsCnt",772,772,"2022v5.0"
"/Return/ReturnData/IRS990ScheduleM/RealEstateCommercialGrp/MethodOfDeterminingRevenuesTxt",765,765,"2022v4.1, 2022v5.0"
"/Return/ReturnData/IRS990ScheduleH/HospitalFcltyPoliciesPrctcGrp/OtherPublicityInd",758,636,"2022v4.1, 2022v5.0"
"/Return/ReturnData/IRS990ScheduleD/ArtPublicExhibitionAmountsGrp/RevenuesIncludedAmt",756,756,"2022v4.0, 2022v4.1, 2022v5.0"
"/Return/ReturnData/IRS990ScheduleD/FinancialDerivativesGrp/BookValueAmt",753,753,"2022v4.0, 2022v4.1, 2022v5.0"
"/Return/ReturnData/IRS990/ForeignAddress",743,743,"2022v4.0, 2022v4.1, 2022v5.0"
"/Return/ReturnData/IRS990/ForeignAddress/AddressLine1Txt",743,743,"2022v4.0, 2022v4.1, 2022v5.0"
"/Return/ReturnData/IRS990/ForeignAddress/CountryCd",743,743,"2022v4.0, 2022v4.1, 2022v5.0"
"/Return/ReturnData/IRS990/BooksInCareOfDetail/ForeignAddress/ForeignPostalCd",740,740,"2022v4.0, 2022v4.1, 2022v5.0"
"/Return/ReturnData/IRS990ScheduleH/CoalitionBuildingGrp",739,739,"2022v5.0"
"/Return/ReturnData/IRS990ScheduleJ/RebuttablePresumptionProcInd",737,737,"2022v4.1, 2022v5.0"
"/Return/ReturnData/IRS990ScheduleA/Form990SchASupportingOrgGrp/SupportForeignOrgNoDetermInd",730,730,"2022v4.0, 2022v4.1, 2022v5.0"
"/Return/ReturnData/IRS990ScheduleH/HealthImprovementAdvocacyGrp",730,730,"2022v5.0"
"/Return/ReturnData/IRS990ScheduleM/RealEstateResidentialGrp/NoncashContributionsRptF990Amt",724,724,"2022v4.0, 2022v4.1, 2022v5.0"
"/Return/ReturnData/IRS990ScheduleH/EconomicDevelopmentGrp",721,721,"2022v5.0"
"/Return/ReturnData/IRS990ScheduleM/RealEstateResidentialGrp/NonCashCheckboxInd",716,716,"2022v4.0, 2022v4.1, 2022v5.0"
"/Return/ReturnData/IRS990/ForeignAddress/CityNm",715,715,"2022v4.0, 2022v4.1, 2022v5.0"
"/Return/ReturnData/IRS990ScheduleH/CoalitionBuildingGrp/NetCommunityBenefitExpnsAmt",712,712,"2022v5.0"
"/Return/ReturnData/IRS990ScheduleA/Form990SchASupportingOrgGrp/ControlDecidingGrntFrgnOrgInd",710,710,"2022v4.0, 2022v4.1, 2022v5.0"
"/Return/ReturnData/IRS990ScheduleA/Form990SchASupportingOrgGrp/SupportedOrgClassDesignatedInd",710,710,"2022v4.1, 2022v5.0"
"/Return/ReturnData/IRS990ScheduleA/MinimumAssetAmountGrp/FMVOtherNonExemptUseAssetGrp/CurrentYearAmt",709,709,"2022v4.0, 2022v4.1, 2022v5.0"
"/Return/ReturnData/IRS990ScheduleM/RealEstateResidentialGrp/ContributionCnt",707,707,"2022v4.0, 2022v4.1, 2022v5.0"
"/Return/ReturnData/IRS990ScheduleA/AdjustedNetIncomeGrp/DepreciationDepletionGrp/CurrentYearAmt",704,704,"2022v4.0, 2022v4.1, 2022v5.0"
"/Return/ReturnData/IRS990ScheduleH/EconomicDevelopmentGrp/NetCommunityBenefitExpnsAmt",696,696,"2022v5.0"
"/Return/ReturnData/IRS990ScheduleA/AdjustedNetIncomeGrp/NetSTCapitalGainAdjNetIncmGrp/CurrentYearAmt",695,695,"2022v4.0, 2022v4.1, 2022v5.0"
"/Return/ReturnData/IRS990ScheduleH/CommunitySupportGrp/TotalCommunityBenefitExpnsAmt",695,695,"2022v5.0"
"/Return/ReturnData/IRS990ScheduleH/HealthImprovementAdvocacyGrp/NetCommunityBenefitExpnsAmt",692,692,"2022v5.0"
"/Return/ReturnData/IRS990EZ/CompensationHighestPaidEmplGrp",690,359,"2022v4.0, 2022v4.1, 2022v5.0"
"/Return/ReturnData/IRS990EZ/CompensationHighestPaidEmplGrp/AverageHoursPerWeekRt",690,359,"2022v4.0, 2022v4.1, 2022v5.0"
"/Return/ReturnData/IRS990EZ/CompensationHighestPaidEmplGrp/CompensationAmt",690,359,"2022v4.0, 2022v4.1, 2022v5.0"
"/Return/ReturnData/IRS990EZ/CompensationHighestPaidEmplGrp/EmployeeBenefitsAmt",690,359,"2022v4.0, 2022v4.1, 2022v5.0"
"/Return/ReturnData/IRS990EZ/CompensationHighestPaidEmplGrp/ExpenseAccountAmt",690,359,"2022v4.0, 2022v4.1, 2022v5.0"
"/Return/ReturnData/IRS990EZ/CompensationHighestPaidEmplGrp/PersonNm",690,359,"2022v4.0, 2022v4.1, 2022v5.0"
"/Return/ReturnData/IRS990EZ/CompensationHighestPaidEmplGrp/TitleTxt",690,359,"2022v4.0, 2022v4.1, 2022v5.0"
"/Return/ReturnData/AffiliateListing/AffiliateListingGrp/BusinessName/BusinessNameLine2Txt",686,29,"2022v4.1, 2022v5.0"
"/Return/ReturnData/IRS990ScheduleG/ThirdPartyUSAddress",683,682,"2022v4.0, 2022v4.1, 2022v5.0"
"/Return/ReturnData/IRS990ScheduleG/ThirdPartyUSAddress/AddressLine1Txt",683,682,"2022v4.0, 2022v4.1, 2022v5.0"
"/Return/ReturnData/IRS990ScheduleG/ThirdPartyUSAddress/CityNm",683,682,"2022v4.0, 2022v4.1, 2022v5.0"
"/Return/ReturnData/IRS990ScheduleG/ThirdPartyUSAddress/StateAbbreviationCd",683,682,"2022v4.0, 2022v4.1, 2022v5.0"
"/Return/ReturnData/IRS990ScheduleG/ThirdPartyUSAddress/ZIPCd",683,682,"2022v4.0, 2022v4.1, 2022v5.0"
"/Return/ReturnData/IRS990ScheduleH/TotalCommuntityBuildingActyGrp/ActivitiesOrProgramsCnt",681,681,"2022v5.0"
"/Return/ReturnData/IRS990ScheduleA/AdjustedNetIncomeGrp/RecoveriesPYDistributionsGrp/CurrentYearAmt",680,680,"2022v4.0, 2022v4.1, 2022v5.0"
"/Return/ReturnData/IRS990ScheduleH/CoalitionBuildingGrp/TotalExpensePct",680,680,"2022v5.0"
"/Return/ReturnData/IRS990ScheduleH/HealthImprovementAdvocacyGrp/TotalExpensePct",676,676,"2022v5.0"
"/Return/ReturnData/IRS990ScheduleD/FinancialDerivativesGrp/MethodValuationCd",674,674,"2022v4.0, 2022v4.1, 2022v5.0"
"/Return/ReturnData/IRS990ScheduleH/HospitalFcltyPoliciesPrctcGrp/IncomeLevelCriteriaInd",666,600,"2022v4.1, 2022v5.0"
"/Return/ReturnData/IRS990ScheduleH/EconomicDevelopmentGrp/TotalExpensePct",663,663,"2022v5.0"
"/Return/ReturnData/IRS990ScheduleH/ResearchGrp/TotalCommunityBenefitExpnsAmt",659,659,"2022v5.0"
"/Return/ReturnData/IRS990ScheduleD/HeldWorksArtGrp/AssetsIncludedAmt",654,654,"2022v4.0, 2022v4.1, 2022v5.0"
"/Return/ReturnData/IRS990ScheduleD/HistoricStructureEasementsCnt",653,652,"2022v4.0, 2022v4.1, 2022v5.0"
"/Return/ReturnData/IRS990EZ/ForeignFinancialAccountCntryCd",652,637,"2022v4.0, 2022v4.1, 2022v5.0"
"/Return/ReturnData/IRS990ScheduleC/Form4720Filed4912TaxInd",651,651,"2022v4.1, 2022v5.0"
"/Return/ReturnData/IRS990ScheduleH/TotalCommuntityBuildingActyGrp/PersonsServedCnt",649,649,"2022v5.0"
"/Return/ReturnData/IRS990ScheduleA/MinimumAssetAmountGrp/AcquisitionIndebtednessGrp/CurrentYearAmt",634,634,"2022v4.0, 2022v4.1, 2022v5.0"
"/Return/ReturnData/IRS990/Form990PartVIISectionAGrp/BusinessName/BusinessNameLine2Txt",630,262,"2022v4.1, 2022v5.0"
"/Return/ReturnData/IRS990ScheduleA/MinimumAssetAmountGrp/RecoveriesPYDistriMinAssetGrp/CurrentYearAmt",630,630,"2022v4.0, 2022v4.1, 2022v5.0"
"/Return/ReturnData/IRS990ScheduleH/TotalFinancialAssistanceTyp/PersonsServedCnt",630,630,"2022v5.0"
"/Return/ReturnData/IRS990ScheduleM/RealEstateResidentialGrp/MethodOfDeterminingRevenuesTxt",627,627,"2022v4.0, 2022v4.1, 2022v5.0"
"/Return/ReturnData/IRS990ScheduleH/UnreimbursedCostsGrp/TotalCommunityBenefitExpnsAmt",624,624,"2022v5.0"
"/Return/ReturnData/IRS990ScheduleA/TrustIntegralPartTestInd",619,619,"2022v4.0, 2022v4.1, 2022v5.0"
"/Return/ReturnData/IRS990/ActivityCd",608,608,"2022v4.1, 2022v5.0"
"/Return/ReturnData/IRS990ScheduleH/LeadershipDevelopmentGrp",607,607,"2022v5.0"
"/Return/ReturnData/IRS990ScheduleH/UnreimbursedCostsGrp/DirectOffsettingRevenueAmt",587,587,"2022v5.0"
"/Return/ReturnData/IRS990ScheduleH/WorkforceDevelopmentGrp/TotalCommunityBenefitExpnsAmt",583,583,"2022v5.0"
"/Return/ReturnData/IRS990ScheduleA/Form990SchASupportingOrgGrp/SubstitutionBeyondOrgCntlInd",579,579,"2022v4.1, 2022v5.0"
"/Return/ReturnData/IRS990ScheduleD/ModifiedEasementsCnt",576,575,"2022v4.0, 2022v4.1, 2022v5.0"
"/Return/ReturnData/IRS990ScheduleH/CashAndInKindContributionsGrp/DirectOffsettingRevenueAmt",576,576,"2022v5.0"
"/Return/ReturnHeader/Filer/ForeignAddress",575,575,"2022v4.0, 2022v4.1, 2022v5.0"
"/Return/ReturnHeader/Filer/ForeignAddress/AddressLine1Txt",575,575,"2022v4.0, 2022v4.1, 2022v5.0"
"/Return/ReturnHeader/Filer/ForeignAddress/CountryCd",575,575,"2022v4.0, 2022v4.1, 2022v5.0"
"/Return/ReturnData/IRS990ScheduleH/LeadershipDevelopmentGrp/NetCommunityBenefitExpnsAmt",574,574,"2022v5.0"
"/Return/ReturnData/IRS990/ForeignAddress/ForeignPostalCd",572,572,"2022v4.0, 2022v4.1, 2022v5.0"
"/Return/ReturnData/IRS990ScheduleH/LeadershipDevelopmentGrp/TotalExpensePct",569,569,"2022v5.0"
"/Return/ReturnData/IRS990/SpecialConditionDesc",568,566,"2022v4.1, 2022v5.0"
"/Return/ReturnData/IRS990ScheduleR/IdDisregardedEntitiesGrp/LegalDomicileForeignCountryCd",568,254,"2022v4.1, 2022v5.0"
"/Return/ReturnData/IRS990ScheduleH/OtherCommuntityBuildingActyGrp",567,567,"2022v5.0"
"/Return/ReturnData/IRS990ScheduleJ/PersonalServicesInd",567,567,"2022v5.0"
"/Return/ReturnHeader/Filer/ForeignAddress/CityNm",567,567,"2022v4.0, 2022v4.1, 2022v5.0"
"/Return/ReturnData/IRS990ScheduleH/EnvironmentalImprovementsGrp",566,566,"2022v5.0"
"/Return/ReturnData/IRS990ScheduleH/PhysicalImprvAndHousingGrp",565,565,"2022v5.0"
"/Return/ReturnData/IRS990ScheduleH/HospitalFcltyPoliciesPrctcGrp/RptAvailableThruOtherMethodInd",563,484,"2022v4.1, 2022v5.0"
"/Return/ReturnData/IRS990/BooksInCareOfDetail/ForeignAddress/ProvinceOrStateNm",560,560,"2022v4.0, 2022v4.1, 2022v5.0"
"/Return/ReturnData/IRS990ScheduleH/TotalCommuntityBuildingActyGrp/DirectOffsettingRevenueAmt",560,560,"2022v5.0"
"/Return/ReturnData/IRS990ScheduleD/HistoricStrctrEasementsAftrCnt",549,548,"2022v4.0, 2022v4.1, 2022v5.0"
"/Return/ReturnData/IRS990ScheduleG/GamingRevenueReceivedByOrgAmt",547,546,"2022v4.0, 2022v4.1, 2022v5.0"
"/Return/ReturnHeader/Filer/ForeignAddress/ForeignPostalCd",542,542,"2022v4.0, 2022v4.1, 2022v5.0"
"/Return/ReturnData/IRS990ScheduleH/OtherCommuntityBuildingActyGrp/TotalExpensePct",539,539,"2022v5.0"
"/Return/ReturnData/IRS990ScheduleH/OtherCommuntityBuildingActyGrp/NetCommunityBenefitExpnsAmt",533,533,"2022v5.0"
"/Return/ReturnData/IRS990ScheduleR/IdRelatedOrgTxblPartnershipGrp/ForeignAddress/ForeignPostalCd",531,164,"2022v5.0"
"/Return/ReturnData/IRS990ScheduleR/UnrelatedOrgTxblPartnershipGrp",531,194,"2022v4.1, 2022v5.0"
"/Return/ReturnData/IRS990ScheduleH/PhysicalImprvAndHousingGrp/NetCommunityBenefitExpnsAmt",529,529,"2022v5.0"
"/Return/ReturnData/IRS990ScheduleR/UnrelatedOrgTxblPartnershipGrp/AllPartnersC3SInd",529,194,"2022v4.1, 2022v5.0"
"/Return/ReturnData/IRS990ScheduleH/PhysicalImprvAndHousingGrp/TotalExpensePct",528,528,"2022v5.0"
"/Return/ReturnData/IRS990ScheduleR/UnrelatedOrgTxblPartnershipGrp/GeneralOrManagingPartnerInd",528,193,"2022v4.1, 2022v5.0"
"/Return/ReturnData/IRS990ScheduleH/EnvironmentalImprovementsGrp/NetCommunityBenefitExpnsAmt",526,526,"2022v5.0"
"/Return/ReturnData/IRS990ScheduleR/UnrelatedOrgTxblPartnershipGrp/BusinessName",524,190,"2022v4.1, 2022v5.0"
"/Return/ReturnData/IRS990ScheduleR/UnrelatedOrgTxblPartnershipGrp/BusinessName/BusinessNameLine1Txt",524,190,"2022v4.1, 2022v5.0"
"/Return/ReturnData/IRS990ScheduleH/EnvironmentalImprovementsGrp/TotalExpensePct",522,522,"2022v5.0"
"/Return/ReturnData/IRS990ScheduleR/UnrelatedOrgTxblPartnershipGrp/DisproportionateAllocationsInd",520,189,"2022v4.1, 2022v5.0"
"/Return/ReturnData/IRS990ScheduleR/UnrelatedOrgTxblPartnershipGrp/LegalDomicileStateCd",519,185,"2022v4.1, 2022v5.0"
"/Return/ReturnData/IRS990ScheduleR/IdDisregardedEntitiesGrp/ForeignAddress",517,226,"2022v4.1, 2022v5.0"
"/Return/ReturnData/IRS990ScheduleR/IdDisregardedEntitiesGrp/ForeignAddress/AddressLine1Txt",517,226,"2022v4.1, 2022v5.0"
"/Return/ReturnData/IRS990ScheduleR/IdDisregardedEntitiesGrp/ForeignAddress/CountryCd",517,226,"2022v4.1, 2022v5.0"
"/Return/ReturnData/IRS990ScheduleR/IdDisregardedEntitiesGrp/USAddress/AddressLine2Txt",513,184,"2022v4.0, 2022v4.1, 2022v5.0"
"/Return/ReturnData/IRS990ScheduleA/HospitalNameAndAddressGrp",507,393,"2022v4.1, 2022v5.0"
"/Return/ReturnData/IRS990ScheduleA/HospitalNameAndAddressGrp/CityNm",507,393,"2022v4.1, 2022v5.0"
"/Return/ReturnData/IRS990ScheduleA/HospitalNameAndAddressGrp/SupportedOrganizationName",507,393,"2022v4.1, 2022v5.0"
"/Return/ReturnData/IRS990ScheduleA/HospitalNameAndAddressGrp/SupportedOrganizationName/BusinessNameLine1Txt",507,393,"2022v4.1, 2022v5.0"
"/Return/ReturnHeader/DisasterReliefTxt",507,507,"2022v5.0"
"/Return/ReturnData/IRS990ScheduleG/GamingManagerBusinessName",506,506,"2022v4.0, 2022v4.1, 2022v5.0"
"/Return/ReturnData/IRS990ScheduleG/GamingManagerBusinessName/BusinessNameLine1Txt",506,506,"2022v4.0, 2022v4.1, 2022v5.0"
"/Return/ReturnData/IRS990ScheduleH/TotalFinancialAssistanceTyp/ActivitiesOrProgramsCnt",500,500,"2022v5.0"
"/Return/ReturnData/IRS990ScheduleD/CollectionUsedOtherPurposesGrp",495,495,"2022v4.0, 2022v4.1, 2022v5.0"
"/Return/ReturnData/IRS990ScheduleD/CollectionUsedOtherPurposesGrp/CollectionUsedOtherPurposesInd",495,495,"2022v4.0, 2022v4.1, 2022v5.0"
"/Return/ReturnData/IRS990ScheduleD/CollectionUsedOtherPurposesGrp/OtherPurposesDesc",495,495,"2022v4.0, 2022v4.1, 2022v5.0"
"/Return/ReturnData/IRS990ScheduleR/IdRelatedOrgTxblCorpTrGrp/RelatedOrganizationName/BusinessNameLine2Txt",494,197,"2022v4.1, 2022v5.0"
"/Return/ReturnData/IRS990ScheduleA/HospitalNameAndAddressGrp/StateAbbreviationCd",492,383,"2022v4.1, 2022v5.0"
"/Return/ReturnData/IRS990ScheduleC/LobbyingNontaxableAmountGrp/AffiliatedGroupTotalAmt",492,492,"2022v4.1, 2022v5.0"
"/Return/ReturnData/IRS990ScheduleR/IdDisregardedEntitiesGrp/ForeignAddress/CityNm",483,203,"2022v4.1, 2022v5.0"
"/Return/ReturnData/IRS990ScheduleH/ResearchGrp/DirectOffsettingRevenueAmt",482,482,"2022v5.0"
"/Return/ReturnData/IRS990ScheduleM/CollectiblesGrp/NonCashCheckboxInd",478,478,"2022v4.0, 2022v4.1, 2022v5.0"
"/Return/ReturnData/IRS990ScheduleL/GrntAsstBnftInterestedPrsnGrp/BusinessName",470,215,"2022v5.0"
"/Return/ReturnData/IRS990ScheduleL/GrntAsstBnftInterestedPrsnGrp/BusinessName/BusinessNameLine1Txt",470,215,"2022v5.0"
"/Return/ReturnData/IRS990ScheduleG/ThirdPartyBusinessName",468,467,"2022v4.0, 2022v4.1, 2022v5.0"
"/Return/ReturnData/IRS990ScheduleG/ThirdPartyBusinessName/BusinessNameLine1Txt",468,467,"2022v4.0, 2022v4.1, 2022v5.0"
"/Return/ReturnData/IRS990/ForeignAddress/ProvinceOrStateNm",467,467,"2022v4.0, 2022v4.1, 2022v5.0"
"/Return/ReturnData/IRS990ScheduleM/CollectiblesGrp/ContributionCnt",465,465,"2022v4.0, 2022v4.1, 2022v5.0"
"/Return/ReturnData/IRS990ScheduleH/CommunityHealthServicesGrp/PersonsServedCnt",463,463,"2022v5.0"
"/Return/ReturnData/IRS990ScheduleI/RecipientTable/ForeignAddress",463,243,"2022v4.1, 2022v5.0"
"/Return/ReturnData/IRS990ScheduleI/RecipientTable/ForeignAddress/AddressLine1Txt",463,243,"2022v4.1, 2022v5.0"
"/Return/ReturnData/IRS990ScheduleI/RecipientTable/ForeignAddress/CountryCd",463,243,"2022v4.1, 2022v5.0"
"/Return/ReturnData/IRS990ScheduleH/HospitalFcltyPoliciesPrctcGrp/OtherWebsiteURLTxt",460,394,"2022v5.0"
"/Return/ReturnData/IRS990ScheduleR/IdDisregardedEntitiesGrp/DirectControllingEntityName/BusinessNameLine2Txt",458,286,"2022v5.0"
"/Return/ReturnData/IRS990ScheduleC/GrassrootsNontaxableGrp/AffiliatedGroupTotalAmt",456,456,"2022v4.1, 2022v5.0"
"/Return/ReturnData/IRS990ScheduleC/TotalExemptPurposeExpendGrp/AffiliatedGroupTotalAmt",456,456,"2022v4.1, 2022v5.0"
"/Return/ReturnData/IRS990ScheduleH/HospitalFcltyPoliciesPrctcGrp/OtherWebsiteInd",455,390,"2022v5.0"
"/Return/ReturnData/IRS990ScheduleA/Form990SchAType3FuncIntGrp/AppointElectMajorityOfficerInd",453,453,"2022v4.1, 2022v5.0"
"/Return/ReturnData/IRS990ScheduleG/GamingRevenueRtnBy3PrtyAmt",453,452,"2022v4.0, 2022v4.1, 2022v5.0"
"/Return/ReturnData/IRS990ScheduleA/Form990SchAType3FuncIntGrp/ExerciseDirectionPoliciesInd",452,452,"2022v4.1, 2022v5.0"
"/Return/ReturnData/IRS990ScheduleC/OtherExemptPurposeExpendGrp/AffiliatedGroupTotalAmt",451,451,"2022v5.0"
"/Return/ReturnData/IRS990ScheduleM/CollectiblesGrp/NoncashContributionsRptF990Amt",447,447,"2022v4.0, 2022v4.1, 2022v5.0"
"/Return/ReturnData/IRS990ScheduleC/TotalDirectLobbyingGrp/AffiliatedGroupTotalAmt",442,442,"2022v5.0"
"/Return/ReturnData/IRS990ScheduleH/CommunityHealthServicesGrp/ActivitiesOrProgramsCnt",441,441,"2022v5.0"
"/Return/ReturnData/IRS990ScheduleC/TotalLobbyingExpendGrp/AffiliatedGroupTotalAmt",440,440,"2022v4.1, 2022v5.0"
"/Return/ReturnData/IRS990ScheduleH/HospitalFcltyPoliciesPrctcGrp/ProspectiveMedicareMedicaidInd",440,380,"2022v5.0"
"/Return/ReturnData/IRS990ScheduleH/CostingMethodologyUsedGrp/OtherInd",437,437,"2022v4.1, 2022v5.0"
"/Return/ReturnData/IRS990ScheduleH/HospitalFcltyPoliciesPrctcGrp/OtherActionsTakenInd",427,354,"2022v4.1, 2022v5.0"
"/Return/ReturnData/IRS990ScheduleH/Percent300Ind",426,426,"2022v4.1, 2022v5.0"
"/Return/ReturnData/IRS990ScheduleC/MailingsMembersAmt",422,422,"2022v4.1, 2022v5.0"
"/Return/ReturnData/IRS990ScheduleD/HeldWorksArtGrp/RevenuesIncludedAmt",422,422,"2022v4.0, 2022v4.1, 2022v5.0"
"/Return/ReturnData/IRS990ScheduleH/CoalitionBuildingGrp/TotalCommunityBenefitExpnsAmt",421,421,"2022v5.0"
"/Return/ReturnData/IRS990ScheduleM/CollectiblesGrp/MethodOfDeterminingRevenuesTxt",415,415,"2022v4.0, 2022v4.1, 2022v5.0"
"/Return/ReturnData/IRS990ScheduleH/HealthImprovementAdvocacyGrp/TotalCommunityBenefitExpnsAmt",414,414,"2022v5.0"
"/Return/ReturnData/IRS990ScheduleH/EconomicDevelopmentGrp/TotalCommunityBenefitExpnsAmt",412,412,"2022v5.0"
"/Return/ReturnHeader/Filer/ForeignAddress/ProvinceOrStateNm",411,411,"2022v4.0, 2022v4.1, 2022v5.0"
"/Return/ReturnData/IRS990ScheduleH/HospitalFacilitiesGrp/ResearchFacilityInd",400,263,"2022v5.0"
"/Return/ReturnData/IRS990ScheduleH/DiscountedCareOthPercentageGrp",395,395,"2022v5.0"
"/Return/ReturnData/IRS990ScheduleH/DiscountedCareOthPercentageGrp/DiscountedCareOtherPct",395,395,"2022v5.0"
"/Return/ReturnData/IRS990ScheduleH/DiscountedCareOthPercentageGrp/OtherInd",395,395,"2022v5.0"
"/Return/ReturnData/IRS990ScheduleH/HospitalFcltyPoliciesPrctcGrp/LookBackMedicaidMedcrPrvtInd",395,368,"2022v4.1, 2022v5.0"
"/Return/ReturnData/IRS990EZ/CompensationOfHghstPdCntrctGrp",393,302,"2022v4.0, 2022v4.1, 2022v5.0"
"/Return/ReturnData/IRS990EZ/CompensationOfHghstPdCntrctGrp/CompensationAmt",393,302,"2022v4.0, 2022v4.1, 2022v5.0"
"/Return/ReturnData/IRS990EZ/CompensationOfHghstPdCntrctGrp/ServiceTypeTxt",393,302,"2022v4.0, 2022v4.1, 2022v5.0"
"/Return/ReturnData/IRS990ScheduleA/MedicalResearchOrganizationInd",393,393,"2022v4.1, 2022v5.0"
"/Return/ReturnData/IRS990ScheduleC/OrganizationBelongsAffltGrpInd",392,392,"2022v4.1, 2022v5.0"
"/Return/ReturnData/IRS990ScheduleD/HistoricLandAreaInd",391,391,"2022v4.0, 2022v4.1, 2022v5.0"
"/Return/ReturnData/IRS990ScheduleH/CashAndInKindContributionsGrp/ActivitiesOrProgramsCnt",385,385,"2022v5.0"
"/Return/ReturnData/IRS990EZ/CompensationOfHghstPdCntrctGrp/USAddress",383,293,"2022v4.0, 2022v4.1, 2022v5.0"
"/Return/ReturnData/IRS990EZ/CompensationOfHghstPdCntrctGrp/USAddress/AddressLine1Txt",383,293,"2022v4.0, 2022v4.1, 2022v5.0"
"/Return/ReturnData/IRS990EZ/CompensationOfHghstPdCntrctGrp/USAddress/CityNm",383,293,"2022v4.0, 2022v4.1, 2022v5.0"
"/Return/ReturnData/IRS990EZ/CompensationOfHghstPdCntrctGrp/USAddress/StateAbbreviationCd",383,293,"2022v4.0, 2022v4.1, 2022v5.0"
"/Return/ReturnData/IRS990EZ/CompensationOfHghstPdCntrctGrp/USAddress/ZIPCd",383,293,"2022v4.0, 2022v4.1, 2022v5.0"
"/Return/ReturnData/IRS990ScheduleI/RecipientTable/ForeignAddress/CityNm",381,195,"2022v4.1, 2022v5.0"
"/Return/ReturnData/IRS990ScheduleH/ManagementCoAndJntVenturesGrp/OfcrEtcProfitOrOwnershipPct",380,180,"2022v5.0"
"/Return/ReturnData/IRS990ScheduleG/GamingManagerIsIndCntrctInd",376,376,"2022v4.0, 2022v4.1, 2022v5.0"
"/Return/ReturnData/IRS990ScheduleH/OthHlthCareFcltsNotHospitalGrp/OthHlthCareFcltsGrp/USAddress/AddressLine2Txt",375,118,"2022v5.0"
"/Return/ReturnData/IRS990ScheduleH/HealthProfessionsEducationGrp/ActivitiesOrProgramsCnt",371,371,"2022v5.0"
"/Return/ReturnData/IRS990ScheduleK/TaxExemptBondsPrivateBusUseGrp/ChangeInUseBondFinancedPropPct",370,177,"2022v5.0"
"/Return/ReturnData/IRS990/ContractorCompensationGrp/ContractorName/BusinessName/BusinessNameLine2Txt",368,251,"2022v4.0, 2022v4.1, 2022v5.0"
"/Return/ReturnData/IRS990ScheduleD/HistoricStructureInd",366,366,"2022v4.1, 2022v5.0"
"/Return/ReturnData/IRS990ScheduleH/HealthProfessionsEducationGrp/PersonsServedCnt",365,365,"2022v5.0"
"/Return/ReturnData/IRS990ScheduleC/TotalGrassrootsLobbyingGrp/AffiliatedGroupTotalAmt",360,360,"2022v5.0"
"/Return/ReturnData/IRS990ScheduleC/Section4955OrganizationTaxAmt",359,359,"2022v4.0, 2022v4.1, 2022v5.0"
"/Return/ReturnData/IRS990ScheduleC/RalliesDemonstrationsAmt",353,353,"2022v4.1, 2022v5.0"
"/Return/ReturnData/IRS990ScheduleA/Form990SchAType3FuncIntGrp/ParentSupportedOrgInd",350,350,"2022v4.1, 2022v5.0"
"/Return/ReturnData/IRS990ScheduleC/Section4955ManagersTaxAmt",350,350,"2022v4.0, 2022v4.1, 2022v5.0"
"/Return/ReturnData/IRS990/LegalDomicileCountryCd",345,345,"2022v4.1, 2022v5.0"
"/Return/ReturnData/IRS990ScheduleK/TaxExemptBondsArbitrageGrp/RegulatorySafeHarborStsfdInd",343,194,"2022v5.0"
"/Return/ReturnData/IRS990ScheduleH/HospitalFcltyPoliciesPrctcGrp/LookBackMedicareInd",341,290,"2022v5.0"
"/Return/ReturnData/IRS990ScheduleH/CashAndInKindContributionsGrp/PersonsServedCnt",322,322,"2022v5.0"
"/Return/ReturnData/IRS990ScheduleC/TotLbbyExpendMnsLbbyngNonTxGrp/AffiliatedGroupTotalAmt",318,318,"2022v4.1, 2022v5.0"
"/Return/ReturnData/IRS990ScheduleR/UnrelatedOrgTxblPartnershipGrp/USAddress",317,183,"2022v4.1, 2022v5.0"
"/Return/ReturnData/IRS990ScheduleR/UnrelatedOrgTxblPartnershipGrp/USAddress/AddressLine1Txt",317,183,"2022v4.1, 2022v5.0"
"/Return/ReturnData/IRS990ScheduleR/UnrelatedOrgTxblPartnershipGrp/USAddress/CityNm",317,183,"2022v4.1, 2022v5.0"
"/Return/ReturnData/IRS990ScheduleR/UnrelatedOrgTxblPartnershipGrp/USAddress/StateAbbreviationCd",317,183,"2022v4.1, 2022v5.0"
"/Return/ReturnData/IRS990ScheduleR/UnrelatedOrgTxblPartnershipGrp/USAddress/ZIPCd",317,183,"2022v4.1, 2022v5.0"
"/Return/ReturnData/IRS990ScheduleC/TotLbbyngGrassrootMnsNonTxGrp/AffiliatedGroupTotalAmt",315,315,"2022v4.1, 2022v5.0"
"/Return/ReturnData/IRS990ScheduleR/UnrelatedOrgTxblPartnershipGrp/PrimaryActivitiesTxt",313,181,"2022v4.1, 2022v5.0"
"/Return/ReturnData/IRS990ScheduleR/IdRelatedOrgTxblPartnershipGrp/ForeignAddress/ProvinceOrStateNm",312,123,"2022v5.0"
"/Return/ReturnData/IRS990ScheduleR/UnrelatedOrgTxblPartnershipGrp/EIN",312,179,"2022v4.1, 2022v5.0"
"/Return/ReturnData/IRS990ScheduleR/UnrelatedOrgTxblPartnershipGrp/OwnershipPct",310,174,"2022v4.1, 2022v5.0"
"/Return/ReturnData/IRS990ScheduleH/HospitalFcltyPoliciesPrctcGrp/StrategyAttachedInd",302,257,"2022v5.0"
"/Return/ReturnData/IRS990EZ/OfficerDirectorTrusteeEmplGrp/BusinessName/BusinessNameLine2Txt",300,118,"2022v4.0, 2022v4.1, 2022v5.0"
"/Return/ReturnData/IRS990/DoingBusinessAsName/BusinessNameLine2Txt",298,297,"2022v4.0, 2022v4.1, 2022v5.0"
"/Return/ReturnData/IRS990ScheduleI/RecipientTable/ForeignAddress/ForeignPostalCd",298,160,"2022v4.1, 2022v5.0"
"/Return/ReturnData/IRS990ScheduleG/AllStatesCd",295,295,"2022v4.0, 2022v4.1, 2022v5.0"
"/Return/ReturnData/IRS990ScheduleH/Percent100Ind",288,288,"2022v4.1, 2022v5.0"
"/Return/ReturnData/IRS990ScheduleK/TaxExemptBondsIssuesGrp/IssuerName/BusinessNameLine2Txt",280,159,"2022v5.0"
"/Return/ReturnData/IRS990ScheduleA/TenPctFactsCrcmstncsTestPYInd",278,278,"2022v4.0, 2022v4.1, 2022v5.0"
"/Return/ReturnData/IRS990ScheduleK/TaxExemptBondsArbitrageGrp/TermOfGICPct",272,169,"2022v5.0"
"/Return/ReturnData/IRS990ScheduleL/DisqualifiedPersonExBnftTrGrp/TransactionDesc",271,123,"2022v4.0, 2022v4.1, 2022v5.0"
"/Return/ReturnData/IRS990ScheduleM/SecurPrtnrshpTrustIntrstsGrp/NonCashCheckboxInd",267,267,"2022v5.0"
"/Return/ReturnData/IRS990EZ/BooksInCareOfDetail/ForeignAddress",266,266,"2022v4.0, 2022v4.1, 2022v5.0"
"/Return/ReturnData/IRS990EZ/BooksInCareOfDetail/ForeignAddress/AddressLine1Txt",266,266,"2022v4.0, 2022v4.1, 2022v5.0"
"/Return/ReturnData/IRS990EZ/BooksInCareOfDetail/ForeignAddress/CountryCd",266,266,"2022v4.0, 2022v4.1, 2022v5.0"
"/Return/ReturnData/IRS990ScheduleM/SecurPrtnrshpTrustIntrstsGrp/NoncashContributionsRptF990Amt",266,266,"2022v5.0"
"/Return/ReturnData/IRS990ScheduleL/DisqualifiedPersonExBnftTrGrp/RlnDisqualifiedPersonOrgTxt",263,121,"2022v4.0, 2022v4.1, 2022v5.0"
"/Return/ReturnData/IRS990ScheduleM/SecurPrtnrshpTrustIntrstsGrp/ContributionCnt",263,263,"2022v5.0"
"/Return/ReturnData/IRS990ScheduleH/HospitalFcltyPoliciesPrctcGrp/OtherInd",259,230,"2022v4.1, 2022v5.0"
"/Return/ReturnData/IRS990ScheduleH/LeadershipDevelopmentGrp/TotalCommunityBenefitExpnsAmt",255,255,"2022v5.0"
"/Return/ReturnData/IRS990ScheduleR/UnrelatedOrgTxblPartnershipGrp/PredominateIncomeDesc",255,153,"2022v4.1, 2022v5.0"
"/Return/ReturnData/IRS990ScheduleI/RecipientTable/ForeignAddress/ProvinceOrStateNm",252,151,"2022v4.1, 2022v5.0"
"/Return/ReturnData/AveragingAttachment",251,251,"2022v4.1, 2022v5.0"
"/Return/ReturnData/IRS990ScheduleR/IdDisregardedEntitiesGrp/ForeignAddress/ForeignPostalCd",251,128,"2022v5.0"
"/Return/ReturnData/IRS990ScheduleR/UnrelatedOrgTxblPartnershipGrp/ShareOfTotalIncomeAmt",251,143,"2022v5.0"
"/Return/ReturnHeader/PreparerFirmGrp/PreparerForeignAddress",250,250,"2022v4.1, 2022v5.0"
"/Return/ReturnHeader/PreparerFirmGrp/PreparerForeignAddress/AddressLine1Txt",250,250,"2022v4.1, 2022v5.0"
"/Return/ReturnHeader/PreparerFirmGrp/PreparerForeignAddress/CountryCd",250,250,"2022v4.1, 2022v5.0"
"/Return/ReturnData/AveragingAttachment/ExplanationTxt",249,249,"2022v4.1, 2022v5.0"
"/Return/ReturnHeader/PreparerFirmGrp/PreparerForeignAddress/CityNm",249,249,"2022v4.1, 2022v5.0"
"/Return/ReturnData/IRS990EZ/BooksInCareOfDetail/ForeignAddress/CityNm",248,248,"2022v4.0, 2022v4.1, 2022v5.0"
"/Return/ReturnData/IRS990ScheduleH/SubsidizedHealthServicesGrp/ActivitiesOrProgramsCnt",247,247,"2022v5.0"
"/Return/ReturnData/IRS990ScheduleM/SecurPrtnrshpTrustIntrstsGrp/MethodOfDeterminingRevenuesTxt",247,247,"2022v5.0"
"/Return/ReturnData/IRS990ScheduleH/HospitalFacilitiesGrp/ChildrensHospitalInd",241,193,"2022v5.0"
"/Return/ReturnData/IRS990ScheduleC/PublicationsOrBroadcastAmt",237,237,"2022v4.1, 2022v5.0"
"/Return/ReturnData/IRS990ScheduleH/FinancialAssistanceAtCostTyp/PersonsServedCnt",237,237,"2022v5.0"
"/Return/ReturnData/IRS990ScheduleH/HospitalFcltyPoliciesPrctcGrp/OtherMethodInd",237,190,"2022v4.1, 2022v5.0"
"/Return/ReturnData/IRS990ScheduleL/DisqualifiedPersonExBnftTrGrp/PersonNm",236,112,"2022v4.1, 2022v5.0"
"/Return/ReturnData/IRS990ScheduleH/CommunitySupportGrp/ActivitiesOrProgramsCnt",234,234,"2022v5.0"
"/Return/ReturnData/IRS990ScheduleM/HistoricalArtifactsGrp/NonCashCheckboxInd",234,233,"2022v4.1, 2022v5.0"
"/Return/ReturnData/IRS990ScheduleR/UnrelatedOrgTxblPartnershipGrp/ShareOfEOYAssetsAmt",232,138,"2022v5.0"
"/Return/ReturnData/IRS990ScheduleG/ThirdPartyPersonNm",231,231,"2022v4.1, 2022v5.0"
"/Return/ReturnData/IRS990ScheduleM/SecuritiesCloselyHeldStockGrp/NonCashCheckboxInd",231,231,"2022v4.1, 2022v5.0"
"/Return/ReturnHeader/PreparerPersonGrp/SSN",231,231,"2022v4.1, 2022v5.0"
"/Return/ReturnData/IRS990ScheduleM/SecuritiesCloselyHeldStockGrp/NoncashContributionsRptF990Amt",228,228,"2022v4.1, 2022v5.0"
"/Return/ReturnData/IRS990ScheduleM/SecuritiesCloselyHeldStockGrp/ContributionCnt",227,227,"2022v4.1, 2022v5.0"
"/Return/ReturnData/AffiliatedGroupSchedule",225,225,"2022v5.0"
"/Return/ReturnData/IRS990EZ/SpecialConditionDesc",225,224,"2022v4.1, 2022v5.0"
"/Return/ReturnData/IRS990ScheduleM/HistoricalArtifactsGrp/ContributionCnt",225,224,"2022v4.1, 2022v5.0"
"/Return/ReturnData/IRS990/Organization4947a1NotPFInd",223,223,"2022v4.1, 2022v5.0"
"/Return/ReturnData/IRS990ScheduleH/EnvironmentalImprovementsGrp/TotalCommunityBenefitExpnsAmt",220,220,"2022v5.0"
"/Return/ReturnData/IRS990ScheduleH/PhysicalImprvAndHousingGrp/TotalCommunityBenefitExpnsAmt",219,219,"2022v5.0"
"/Return/ReturnHeader/BusinessOfficerGrp/ForeignPhoneNum",219,219,"2022v4.1, 2022v5.0"
"/Return/ReturnData/IRS990ScheduleH/CommunitySupportGrp/DirectOffsettingRevenueAmt",218,218,"2022v5.0"
"/Return/ReturnData/IRS990ScheduleH/OtherCommuntityBuildingActyGrp/TotalCommunityBenefitExpnsAmt",217,217,"2022v5.0"
"/Return/ReturnData/IRS990ScheduleM/SecuritiesCloselyHeldStockGrp/MethodOfDeterminingRevenuesTxt",215,215,"2022v5.0"
"/Return/ReturnHeader/PreparerFirmGrp/PreparerForeignAddress/ForeignPostalCd",212,212,"2022v4.1, 2022v5.0"
"/Return/ReturnData/IRS990/PrincipalOfcrBusinessName/BusinessNameLine2Txt",211,211,"2022v4.0, 2022v4.1, 2022v5.0"
"/Return/ReturnData/IRS990ScheduleG/PersonsWithBooksUSAddress/AddressLine2Txt",211,211,"2022v4.1, 2022v5.0"
"/Return/ReturnData/IRS990EZ/BooksInCareOfDetail/ForeignAddress/ForeignPostalCd",210,210,"2022v4.0, 2022v4.1, 2022v5.0"
"/Return/ReturnData/IRS990ScheduleH/SubsidizedHealthServicesGrp/PersonsServedCnt",208,208,"2022v5.0"
"/Return/ReturnData/IRS990ScheduleH/Percent200DInd",205,205,"2022v5.0"
"/Return/ReturnData/IRS990ScheduleM/SecuritiesMiscellaneousGrp/NoncashContributionsRptF990Amt",200,200,"2022v4.1, 2022v5.0"
"/Return/ReturnData/IRS990EZ/CompensationOfHghstPdCntrctGrp/BusinessName",198,167,"2022v4.0, 2022v4.1, 2022v5.0"
"/Return/ReturnData/IRS990EZ/CompensationOfHghstPdCntrctGrp/BusinessName/BusinessNameLine1Txt",198,167,"2022v4.0, 2022v4.1, 2022v5.0"
"/Return/ReturnData/IRS990ScheduleM/SecuritiesMiscellaneousGrp/NonCashCheckboxInd",198,198,"2022v4.1, 2022v5.0"
"/Return/ReturnData/IRS990ScheduleL/BusTrInvolveInterestedPrsnGrp/NameOfInterested/BusinessName/BusinessNameLine2Txt",197,143,"2022v4.1, 2022v5.0"
"/Return/ReturnData/IRS990ScheduleH/CostingMethodologyUsedGrp/CostAccountingSystemInd",196,196,"2022v5.0"
"/Return/ReturnData/IRS990ScheduleH/WorkforceDevelopmentGrp/ActivitiesOrProgramsCnt",196,196,"2022v5.0"
"/Return/ReturnData/IRS990EZ/CompensationOfHghstPdCntrctGrp/PersonNm",195,144,"2022v4.1, 2022v5.0"
"/Return/ReturnData/IRS990ScheduleH/CommunitySupportGrp/PersonsServedCnt",195,195,"2022v5.0"
"/Return/ReturnData/IRS990ScheduleH/UnreimbursedMedicaidGrp/PersonsServedCnt",194,194,"2022v5.0"
"/Return/ReturnData/IRS990ScheduleM/SecuritiesMiscellaneousGrp/ContributionCnt",193,193,"2022v4.1, 2022v5.0"
"/Return/ReturnData/IRS990ScheduleJ/PaymentsForUseOfResidenceInd",192,192,"2022v4.1, 2022v5.0"
"/Return/ReturnData/IRS990ScheduleN/LiquidationOfAssetsTableGrp/LiquidationOfAssetsDetail/USAddress/AddressLine2Txt",190,121,"2022v4.0, 2022v4.1, 2022v5.0"
"/Return/ReturnData/IRS990ScheduleM/SecuritiesMiscellaneousGrp/MethodOfDeterminingRevenuesTxt",184,184,"2022v4.1, 2022v5.0"
"/Return/ReturnData/IRS990/ProgSrvcAccomActy2Grp/ActivityCd",183,183,"2022v4.1, 2022v5.0"
"/Return/ReturnData/IRS990EZ/BooksInCareOfDetail/ForeignAddress/ProvinceOrStateNm",181,181,"2022v4.0, 2022v4.1, 2022v5.0"
"/Return/ReturnData/IRS990ScheduleR/IdDisregardedEntitiesGrp/DisregardedEntityName/BusinessNameLine2Txt",180,117,"2022v5.0"
"/Return/ReturnData/IRS990ScheduleM/BoatsAndPlanesGrp/NonCashCheckboxInd",179,179,"2022v4.1, 2022v5.0"
"/Return/ReturnData/IRS990ScheduleR/IdRelatedOrgTxblCorpTrGrp/DirectControllingEntityName/BusinessNameLine2Txt",178,119,"2022v5.0"
"/Return/ReturnData/IRS990ScheduleM/BoatsAndPlanesGrp/NoncashContributionsRptF990Amt",177,177,"2022v5.0"
"/Return/ReturnData/IRS990ScheduleM/QualifiedContribOtherGrp/NonCashCheckboxInd",177,177,"2022v5.0"
"/Return/ReturnData/IRS990ScheduleH/ResearchGrp/ActivitiesOrProgramsCnt",176,176,"2022v5.0"
"/Return/ReturnData/IRS990ScheduleH/WorkforceDevelopmentGrp/PersonsServedCnt",176,176,"2022v5.0"
"/Return/ReturnData/IRS990ScheduleH/WorkforceDevelopmentGrp/DirectOffsettingRevenueAmt",175,175,"2022v5.0"
"/Return/ReturnData/IRS990ScheduleM/QualifiedContribOtherGrp/ContributionCnt",174,174,"2022v5.0"
"/Return/ReturnData/IRS990ScheduleM/BoatsAndPlanesGrp/ContributionCnt",171,171,"2022v4.1, 2022v5.0"
"/Return/ReturnData/AffiliateListing",170,170,"2022v4.1, 2022v5.0"
"/Return/ReturnData/IRS990/ContractorCompensationGrp/ContractorAddress/ForeignAddress/AddressLine2Txt",169,92,"2022v5.0"
"/Return/ReturnData/IRS990ScheduleH/CoalitionBuildingGrp/ActivitiesOrProgramsCnt",167,167,"2022v5.0"
"/Return/ReturnData/IRS990ScheduleH/HealthImprovementAdvocacyGrp/DirectOffsettingRevenueAmt",158,158,"2022v5.0"
"/Return/ReturnData/IRS990ScheduleH/EconomicDevelopmentGrp/ActivitiesOrProgramsCnt",157,157,"2022v5.0"
"/Return/ReturnData/IRS990ScheduleM/BoatsAndPlanesGrp/MethodOfDeterminingRevenuesTxt",157,157,"2022v5.0"
"/Return/ReturnData/IRS990ScheduleM/QualifiedContribOtherGrp/MethodOfDeterminingRevenuesTxt",156,156,"2022v5.0"
"/Return/ReturnData/IRS990ScheduleM/QualifiedContribOtherGrp/NoncashContributionsRptF990Amt",156,156,"2022v5.0"
"/Return/ReturnData/IRS990ScheduleM/HistoricalArtifactsGrp/MethodOfDeterminingRevenuesTxt",155,154,"2022v4.1, 2022v5.0"
"/Return/ReturnData/IRS990ScheduleK/TaxExemptBondsArbitrageGrp/HedgeProviderName/BusinessNameLine2Txt",154,129,"2022v5.0"
"/Return/ReturnHeader/PreparerFirmGrp/PreparerForeignAddress/ProvinceOrStateNm",154,154,"2022v4.1, 2022v5.0"
"/Return/ReturnData/IRS990ScheduleH/CoalitionBuildingGrp/DirectOffsettingRevenueAmt",150,150,"2022v5.0"
"/Return/ReturnData/IRS990ScheduleG/FundraiserActivityInfoGrp/ForeignAddress",149,116,"2022v4.1, 2022v5.0"
"/Return/ReturnData/IRS990ScheduleG/FundraiserActivityInfoGrp/ForeignAddress/AddressLine1Txt",149,116,"2022v4.1, 2022v5.0"
"/Return/ReturnData/IRS990ScheduleG/FundraiserActivityInfoGrp/ForeignAddress/CountryCd",149,116,"2022v4.1, 2022v5.0"
"/Return/ReturnData/IRS990ScheduleH/EconomicDevelopmentGrp/DirectOffsettingRevenueAmt",149,149,"2022v5.0"
"/Return/ReturnData/IRS990ScheduleR/IdRelatedOrgTxblPartnershipGrp/DirectControllingEntityName/BusinessNameLine2Txt",149,70,"2022v5.0"
"/Return/ReturnData/IRS990ScheduleH/HealthImprovementAdvocacyGrp/ActivitiesOrProgramsCnt",145,145,"2022v5.0"
"/Return/ReturnData/IRS990ScheduleM/HistoricalArtifactsGrp/NoncashContributionsRptF990Amt",145,144,"2022v4.1, 2022v5.0"
"/Return/ReturnData/IRS990ScheduleH/Percent150Ind",142,142,"2022v5.0"
"/Return/ReturnData/IRS990ScheduleG/FundraiserActivityInfoGrp/ForeignAddress/CityNm",140,109,"2022v4.1, 2022v5.0"
"/Return/ReturnData/IRS990ScheduleR/IdDisregardedEntitiesGrp/ForeignAddress/ProvinceOrStateNm",137,91,"2022v5.0"
"/Return/ReturnData/IRS990ScheduleH/ResearchGrp/PersonsServedCnt",134,134,"2022v5.0"
"/Return/ReturnData/IRS990ScheduleC/MediaAdvertisementsAmt",131,131,"2022v4.1, 2022v5.0"
"/Return/ReturnData/IRS990ScheduleG/FundraiserActivityInfoGrp/USAddress/AddressLine2Txt",127,114,"2022v5.0"
"/Return/ReturnData/IRS990ScheduleH/HospitalFcltyPoliciesPrctcGrp/NoEmergencyCareInd",127,113,"2022v5.0"
"/Return/ReturnData/IRS990ScheduleH/HospitalFacilitiesGrp/SubordinateHospitalEIN",126,22,"2022v5.0"
"/Return/ReturnData/IRS990ScheduleM/ArtHistoricalTreasuresGrp/NonCashCheckboxInd",125,124,"2022v4.1, 2022v5.0"
"/Return/ReturnData/IRS990ScheduleH/CoalitionBuildingGrp/PersonsServedCnt",122,122,"2022v5.0"
"/Return/ReturnData/IRS990/ProgSrvcAccomActy3Grp/ActivityCd",120,120,"2022v4.1, 2022v5.0"
"/Return/ReturnData/IRS990ScheduleH/EnvironmentalImprovementsGrp/DirectOffsettingRevenueAmt",120,120,"2022v5.0"
"/Return/ReturnData/IRS990ScheduleN/LiquidationOfAssetsTableGrp/LiquidationOfAssetsDetail/BusinessName/BusinessNameLine2Txt",119,64,"2022v4.0, 2022v4.1, 2022v5.0"
"/Return/ReturnData/IRS990ScheduleM/ArtHistoricalTreasuresGrp/ContributionCnt",118,117,"2022v4.1, 2022v5.0"
"/Return/ReturnData/IRS990ScheduleH/PhysicalImprvAndHousingGrp/DirectOffsettingRevenueAmt",117,117,"2022v5.0"
"/Return/ReturnData/AffiliateListing/AffiliateListingGrp/USAddress/AddressLine2Txt",116,14,"2022v5.0"
"/Return/ReturnData/IRS990ScheduleH/OtherCommuntityBuildingActyGrp/DirectOffsettingRevenueAmt",116,116,"2022v5.0"
"/Return/ReturnData/IRS990ScheduleR/IdRelatedTaxExemptOrgGrp/ForeignAddress/AddressLine2Txt",116,77,"2022v4.0, 2022v5.0"
"/Return/ReturnData/IRS990ScheduleH/HealthImprovementAdvocacyGrp/PersonsServedCnt",112,112,"2022v5.0"
"/Return/ReturnData/IRS990ScheduleG/FundraiserActivityInfoGrp/ForeignAddress/ForeignPostalCd",107,85,"2022v4.1, 2022v5.0"
"/Return/ReturnData/IRS990ScheduleH/HospitalFacilitiesGrp/SubordinateHospitalName",107,15,"2022v5.0"
"/Return/ReturnData/IRS990ScheduleH/HospitalFacilitiesGrp/SubordinateHospitalName/BusinessNameLine1Txt",107,15,"2022v5.0"
"/Return/ReturnData/IRS990ScheduleH/LeadershipDevelopmentGrp/DirectOffsettingRevenueAmt",107,107,"2022v5.0"
"/Return/ReturnData/IRS990ScheduleH/Percent250Ind",107,107,"2022v4.1, 2022v5.0"
"/Return/ReturnData/IRS990ScheduleH/LeadershipDevelopmentGrp/ActivitiesOrProgramsCnt",103,103,"2022v5.0"
"/Return/ReturnData/IRS990ScheduleR/IdRelatedOrgTxblPartnershipGrp/RelatedOrganizationName/BusinessNameLine2Txt",103,58,"2022v5.0"
"/Return/ReturnData/IRS990ScheduleL/TaxImposedAmt",102,102,"2022v4.0, 2022v4.1, 2022v5.0"
"/Return/ReturnData/IRS990/ForeignAddress/AddressLine2Txt",100,100,"2022v4.1, 2022v5.0"
"/Return/ReturnData/IRS990ScheduleH/EnvironmentalImprovementsGrp/ActivitiesOrProgramsCnt",99,99,"2022v5.0"
"/Return/ReturnData/IRS990ScheduleH/EconomicDevelopmentGrp/PersonsServedCnt",96,96,"2022v5.0"
"/Return/ReturnData/IRS990ScheduleM/ArtHistoricalTreasuresGrp/NoncashContributionsRptF990Amt",96,96,"2022v4.1, 2022v5.0"
"/Return/ReturnData/IRS990ScheduleH/HospitalFacilitiesGrp/EmergencyRoomOtherInd",92,80,"2022v5.0"
"/Return/ReturnData/IRS990ScheduleM/ArtHistoricalTreasuresGrp/MethodOfDeterminingRevenuesTxt",92,91,"2022v5.0"
"/Return/ReturnData/IRS990/BooksInCareOfDetail/ForeignAddress/AddressLine2Txt",91,91,"2022v4.0, 2022v4.1, 2022v5.0"
"/Return/ReturnData/IRS990ScheduleH/PhysicalImprvAndHousingGrp/ActivitiesOrProgramsCnt",88,88,"2022v5.0"
"/Return/ReturnData/IRS990ScheduleH/FinancialAssistanceAtCostTyp/ActivitiesOrProgramsCnt",84,84,"2022v5.0"
"/Return/ReturnData/IRS990ScheduleH/UnreimbursedCostsGrp/PersonsServedCnt",84,84,"2022v5.0"
"/Return/ReturnData/IRS990ScheduleH/UnreimbursedMedicaidGrp/ActivitiesOrProgramsCnt",84,84,"2022v5.0"
"/Return/ReturnData/CompensationExplanation/CompensationExplanationGrp/BusinessName",83,59,"2022v4.1, 2022v5.0"
"/Return/ReturnData/CompensationExplanation/CompensationExplanationGrp/BusinessName/BusinessNameLine1Txt",83,59,"2022v4.1, 2022v5.0"
"/Return/ReturnData/IRS990ScheduleH/LeadershipDevelopmentGrp/PersonsServedCnt",83,83,"2022v5.0"
"/Return/ReturnData/IRS990ScheduleM/IntellectualPropertyGrp/NoncashContributionsRptF990Amt",81,81,"2022v5.0"
"/Return/ReturnData/IRS990ScheduleM/IntellectualPropertyGrp/NonCashCheckboxInd",79,79,"2022v5.0"
"/Return/ReturnData/IRS990ScheduleC/Section527PoliticalOrgGrp/USAddress/AddressLine2Txt",78,34,"2022v5.0"
"/Return/ReturnData/IRS990ScheduleM/IntellectualPropertyGrp/ContributionCnt",78,78,"2022v4.1, 2022v5.0"
"/Return/ReturnData/IRS990ScheduleH/OtherCommuntityBuildingActyGrp/ActivitiesOrProgramsCnt",77,77,"2022v5.0"
"/Return/ReturnData/IRS990ScheduleG/FundraiserActivityInfoGrp/ForeignAddress/ProvinceOrStateNm",76,65,"2022v4.1, 2022v5.0"
"/Return/ReturnData/IRS990ScheduleH/EnvironmentalImprovementsGrp/PersonsServedCnt",75,75,"2022v5.0"
"/Return/ReturnHeader/AdditionalFilerInformation/TrustedCustomerGrp/ProfileUserNameChangeInd",75,75,"2022v5.0"
"/Return/ReturnData/IRS990ScheduleH/HospitalFcltyPoliciesPrctcGrp/NoneMadeInd",74,73,"2022v5.0"
"/Return/ReturnData/IRS990ScheduleL/TaxReimbursedAmt",74,74,"2022v4.0, 2022v4.1, 2022v5.0"
"/Return/ReturnData/IRS990ScheduleH/PhysicalImprvAndHousingGrp/PersonsServedCnt",72,72,"2022v5.0"
"/Return/ReturnData/IRS990ScheduleL/LoansBtwnOrgInterestedPrsnGrp/BusinessName/BusinessNameLine2Txt",72,60,"2022v4.1, 2022v5.0"
"/Return/ReturnData/IRS990ScheduleM/IntellectualPropertyGrp/MethodOfDeterminingRevenuesTxt",71,71,"2022v5.0"
"/Return/ReturnData/IRS990ScheduleH/Percent350Ind",70,70,"2022v5.0"
"/Return/ReturnData/IRS990EZ/Organization4947a1NotPFInd",68,68,"2022v4.1, 2022v5.0"
"/Return/ReturnData/IRS990ScheduleH/OtherCommuntityBuildingActyGrp/PersonsServedCnt",68,68,"2022v5.0"
"/Return/ReturnData/EmployeeCompensationExpln",66,66,"2022v4.1, 2022v5.0"
"/Return/ReturnData/IRS990ScheduleH/HospitalFcltyPoliciesPrctcGrp/PermitReportToCreditAgencyInd",65,59,"2022v5.0"
"/Return/ReturnData/IRS990ScheduleR/IdRelatedOrgTxblPartnershipGrp/ForeignAddress/AddressLine2Txt",65,19,"2022v5.0"
"/Return/ReturnHeader/PreparerFirmGrp/PreparerFirmName/BusinessNameLine2Txt",65,65,"2022v4.0, 2022v5.0"
"/Return/ReturnData/IRS990ScheduleN/DispositionOfAssetsDetail/USAddress/AddressLine2Txt",64,50,"2022v4.0, 2022v4.1, 2022v5.0"
"/Return/ReturnData/IRS990ScheduleR/UnrelatedOrgTxblPartnershipGrp/UBICodeVAmt",63,36,"2022v5.0"
"/Return/ReturnData/IRS990ScheduleH/OthHlthCareFcltsNotHospitalGrp/OthHlthCareFcltsGrp/BusinessName/BusinessNameLine2Txt",61,17,"2022v5.0"
"/Return/ReturnData/IRS990ScheduleG/PersonsWithBooksName/BusinessNameLine2Txt",58,58,"2022v5.0"
"/Return/ReturnData/IRS990ScheduleH/UnreimbursedCostsGrp/ActivitiesOrProgramsCnt",51,51,"2022v5.0"
"/Return/ReturnData/IRS990/ProgSrvcAccomActyOtherGrp/ActivityCd",49,25,"2022v4.1, 2022v5.0"
"/irs:Return/irs:ReturnData/irs:IRS990ScheduleO/irs:SupplementalInformationDetail",47,11,"2022v5.0"
"/irs:Return/irs:ReturnData/irs:IRS990ScheduleO/irs:SupplementalInformationDetail/irs:ExplanationTxt",47,11,"2022v5.0"
"/irs:Return/irs:ReturnData/irs:IRS990ScheduleO/irs:SupplementalInformationDetail/irs:FormAndLineReferenceDesc",47,11,"2022v5.0"
"/Return/ReturnData/IRS990ScheduleK/TaxExemptBondsArbitrageGrp/GICProviderName/BusinessNameLine2Txt",46,37,"2022v5.0"
"/Return/ReturnData/IRS990ScheduleN/LiquidationOfAssetsTableGrp/LiquidationOfAssetsDetail/ForeignAddress",45,30,"2022v4.1, 2022v5.0"
"/Return/ReturnData/IRS990ScheduleN/LiquidationOfAssetsTableGrp/LiquidationOfAssetsDetail/ForeignAddress/AddressLine1Txt",45,30,"2022v4.1, 2022v5.0"
"/Return/ReturnData/IRS990ScheduleN/LiquidationOfAssetsTableGrp/LiquidationOfAssetsDetail/ForeignAddress/CountryCd",45,30,"2022v4.1, 2022v5.0"
"/Return/ReturnData/IRS990ScheduleM/ScientificSpecimensGrp/NonCashCheckboxInd",44,44,"2022v5.0"
"/Return/ReturnData/IRS990ScheduleM/ScientificSpecimensGrp/ContributionCnt",43,43,"2022v5.0"
"/Return/ReturnData/IRS990ScheduleN/LiquidationOfAssetsTableGrp/LiquidationOfAssetsDetail/ForeignAddress/CityNm",43,28,"2022v4.1, 2022v5.0"
"/Return/ReturnData/EmployeeCompensationExpln/EmployeeCompExplanationGrp",41,22,"2022v4.1, 2022v5.0"
"/Return/ReturnData/IRS990ScheduleN/DispositionOfAssetsDetail/ForeignAddress",39,26,"2022v4.0, 2022v5.0"
"/Return/ReturnData/IRS990ScheduleN/DispositionOfAssetsDetail/ForeignAddress/AddressLine1Txt",39,26,"2022v4.0, 2022v5.0"
"/Return/ReturnData/IRS990ScheduleN/DispositionOfAssetsDetail/ForeignAddress/CountryCd",39,26,"2022v4.0, 2022v5.0"
"/Return/ReturnData/EmployeeCompensationExpln/EmployeeCompExplanationGrp/EmployeeNm",38,19,"2022v4.1, 2022v5.0"
"/Return/ReturnData/IRS990ScheduleH/HospitalFcltyPoliciesPrctcGrp/OtherReasonInd",38,27,"2022v5.0"
"/Return/ReturnData/IRS990ScheduleH/HospitalFcltyPoliciesPrctcGrp/PermitLegalJudicialProcessInd",38,37,"2022v5.0"
"/Return/ReturnData/IRS990ScheduleH/MostHospitalsPolicyInd",37,37,"2022v5.0"
"/Return/ReturnData/IRS990ScheduleN/DispositionOfAssetsDetail/ForeignAddress/CityNm",37,25,"2022v4.0, 2022v5.0"
"/Return/ReturnData/IRS990ScheduleM/ScientificSpecimensGrp/NoncashContributionsRptF990Amt",36,36,"2022v5.0"
"/Return/ReturnData/IRS990ScheduleN/DispositionOfAssetsDetail/BusinessName/BusinessNameLine2Txt",36,26,"2022v4.0, 2022v5.0"
"/Return/ReturnData/IRS990ScheduleA/AgriculturalNameAndAddressGrp",34,30,"2022v4.1, 2022v5.0"
"/Return/ReturnData/IRS990ScheduleA/AgriculturalNameAndAddressGrp/CityNm",34,30,"2022v4.1, 2022v5.0"
"/Return/ReturnData/IRS990ScheduleA/AgriculturalNameAndAddressGrp/CollegeUniversityName",34,30,"2022v4.1, 2022v5.0"
"/Return/ReturnData/IRS990ScheduleA/AgriculturalNameAndAddressGrp/CollegeUniversityName/BusinessNameLine1Txt",34,30,"2022v4.1, 2022v5.0"
"/Return/ReturnData/IRS990ScheduleA/AgriculturalNameAndAddressGrp/StateAbbreviationCd",34,30,"2022v4.1, 2022v5.0"
"/Return/ReturnData/IRS990ScheduleH/HospitalFcltyPoliciesPrctcGrp/ReportingToCreditAgencyInd",34,29,"2022v5.0"
"/Return/ReturnData/IRS990ScheduleC/LimitedControlProvisionsAppInd",33,33,"2022v5.0"
"/Return/ReturnData/AffiliatedGroupSchedule/AffiliatedScheduleGrp/USAddress/AddressLine2Txt",32,5,"2022v5.0"
"/Return/ReturnData/IRS990EZ/BooksInCareOfDetail/ForeignAddress/AddressLine2Txt",32,32,"2022v4.0, 2022v4.1, 2022v5.0"
"/Return/ReturnData/IRS990ScheduleA/DistributableAmountGrp/FirstYearType3NonFuncInd",31,31,"2022v5.0"
"/Return/ReturnData/IRS990ScheduleM/ScientificSpecimensGrp/MethodOfDeterminingRevenuesTxt",31,31,"2022v5.0"
"/Return/ReturnData/IRS990ScheduleA/AgriculturalResearchOrgInd",30,30,"2022v4.1, 2022v5.0"
"/Return/ReturnData/IRS990ScheduleL/DisqualifiedPersonExBnftTrGrp/BusinessName",30,16,"2022v4.0, 2022v5.0"
"/Return/ReturnData/IRS990ScheduleL/DisqualifiedPersonExBnftTrGrp/BusinessName/BusinessNameLine1Txt",30,16,"2022v4.0, 2022v5.0"
"/Return/ReturnData/EmployeeCompensationExpln/EmployeeCompExplanationGrp/ExplanationTxt",29,19,"2022v4.1, 2022v5.0"
"/irs:Return/irs:ReturnData/irs:IRS990/irs:Form990PartVIISectionAGrp",28,7,"2022v5.0"
"/irs:Return/irs:ReturnData/irs:IRS990/irs:Form990PartVIISectionAGrp/irs:AverageHoursPerWeekRltdOrgRt",28,7,"2022v5.0"
"/irs:Return/irs:ReturnData/irs:IRS990/irs:Form990PartVIISectionAGrp/irs:AverageHoursPerWeekRt",28,7,"2022v5.0"
"/irs:Return/irs:ReturnData/irs:IRS990/irs:Form990PartVIISectionAGrp/irs:OtherCompensationAmt",28,7,"2022v5.0"
"/irs:Return/irs:ReturnData/irs:IRS990/irs:Form990PartVIISectionAGrp/irs:PersonNm",28,7,"2022v5.0"
"/irs:Return/irs:ReturnData/irs:IRS990/irs:Form990PartVIISectionAGrp/irs:ReportableCompFromOrgAmt",28,7,"2022v5.0"
"/irs:Return/irs:ReturnData/irs:IRS990/irs:Form990PartVIISectionAGrp/irs:ReportableCompFromRltdOrgAmt",28,7,"2022v5.0"
"/irs:Return/irs:ReturnData/irs:IRS990/irs:Form990PartVIISectionAGrp/irs:TitleTxt",28,7,"2022v5.0"
"/Return/ReturnData/IRS990ScheduleG/FundraiserActivityInfoGrp/OrganizationBusinessName/BusinessNameLine2Txt",26,25,"2022v5.0"
"/Return/ReturnData/AffiliatedGroupSchedule/AffiliatedScheduleGrp/BusinessName/BusinessNameLine2Txt",25,4,"2022v5.0"
"/Return/ReturnData/IRS990EZ/NECTFilingForm990Ind",25,25,"2022v4.1, 2022v5.0"
"/Return/ReturnData/IRS990ScheduleI/RecipientTable/ForeignAddress/AddressLine2Txt",24,15,"2022v5.0"
"/Return/ReturnData/IRS990ScheduleN/LiquidationOfAssetsTableGrp/LiquidationOfAssetsDetail/ForeignAddress/ProvinceOrStateNm",24,13,"2022v5.0"
"/Return/ReturnData/IRS990ScheduleH/HospitalFacilitiesGrp/BusinessName/BusinessNameLine2Txt",23,20,"2022v5.0"
"/Return/ReturnData/AffiliatedGroupAttachment",22,22,"2022v5.0"
"/Return/ReturnData/AffiliatedGroupAttachment/MeduimExplanationTxt",22,22,"2022v5.0"
"/Return/ReturnData/IRS990ScheduleM/ArchaeologicalArtifactsGrp/NonCashCheckboxInd",21,21,"2022v5.0"
"/Return/ReturnData/IRS990ScheduleG/ExplanationIfYesTxt",20,20,"2022v5.0"
"/irs:Return/irs:ReturnData/irs:IRS990/irs:Form990PartVIISectionAGrp/irs:IndividualTrusteeOrDirectorInd",20,5,"2022v5.0"
"/Return/ReturnData/IRS990ScheduleA/HospitalNameAndAddressGrp/SupportedOrganizationName/BusinessNameLine2Txt",19,19,"2022v4.1, 2022v5.0"
"/Return/ReturnData/IRS990ScheduleM/ArchaeologicalArtifactsGrp/ContributionCnt",19,19,"2022v5.0"
"/Return/ReturnData/IRS990ScheduleN/LiquidationOfAssetsTableGrp/LiquidationOfAssetsDetail/ForeignAddress/ForeignPostalCd",19,15,"2022v4.1, 2022v5.0"
"/Return/ReturnData/IRS990ScheduleH/HospitalFcltyPoliciesPrctcGrp/HospitalFacilityName/BusinessNameLine2Txt",18,18,"2022v5.0"
"/Return/ReturnData/IRS990ScheduleH/HospitalFcltyPoliciesPrctcGrp/PermitOtherActionsInd",17,16,"2022v5.0"
"/Return/ReturnData/IRS990ScheduleH/IndivHospitalTailoredPolicyInd",16,16,"2022v5.0"
"/Return/ReturnData/IRS990ScheduleM/ArtFractionalInterestGrp/NonCashCheckboxInd",16,16,"2022v5.0"
"/Return/ReturnData/IRS990ScheduleM/TaxidermyGrp/NonCashCheckboxInd",16,16,"2022v4.0, 2022v5.0"
"/Return/ReturnData/IRS990ScheduleN/DispositionOfAssetsDetail/ForeignAddress/ProvinceOrStateNm",16,13,"2022v4.0, 2022v5.0"
"/Return/ReturnData/IRS990ScheduleA/HospitalNameAndAddressGrp/CountryCd",15,12,"2022v4.1, 2022v5.0"
"/Return/ReturnData/IRS990ScheduleG/GamingManagerBusinessName/BusinessNameLine2Txt",15,15,"2022v4.0, 2022v5.0"
"/Return/ReturnData/IRS990ScheduleH/HospitalFacilitiesGrp/USAddress/AddressLine2Txt",15,15,"2022v5.0"
"/Return/ReturnData/IRS990ScheduleJ/RltdOrgOfficerTrstKeyEmplGrp/BusinessName/BusinessNameLine2Txt",15,5,"2022v5.0"
"/Return/ReturnData/IRS990ScheduleM/ArchaeologicalArtifactsGrp/NoncashContributionsRptF990Amt",15,15,"2022v5.0"
"/Return/ReturnData/IRS990ScheduleM/TaxidermyGrp/NoncashContributionsRptF990Amt",15,15,"2022v4.0, 2022v5.0"
"/Return/ReturnData/IRS990ScheduleN/DispositionOfAssetsDetail/ForeignAddress/ForeignPostalCd",15,11,"2022v5.0"
"/irs:Return/irs:ReturnData/irs:IRS990/irs:OtherExpensesGrp",15,5,"2022v5.0"
"/irs:Return/irs:ReturnData/irs:IRS990/irs:OtherExpensesGrp/irs:Desc",15,5,"2022v5.0"
"/irs:Return/irs:ReturnData/irs:IRS990/irs:OtherExpensesGrp/irs:TotalAmt",15,5,"2022v5.0"
"/Return/ReturnData/IRS990ScheduleH/HospitalFcltyPoliciesPrctcGrp/OtherActionsInd",14,12,"2022v5.0"
"/Return/ReturnData/IRS990ScheduleM/ArtFractionalInterestGrp/ContributionCnt",14,14,"2022v5.0"
"/Return/ReturnData/IRS990ScheduleM/TaxidermyGrp/ContributionCnt",14,14,"2022v4.0, 2022v5.0"
"/Return/ReturnData/IRS990ScheduleM/ArtFractionalInterestGrp/MethodOfDeterminingRevenuesTxt",13,13,"2022v5.0"
"/Return/ReturnData/IRS990ScheduleM/ArtFractionalInterestGrp/NoncashContributionsRptF990Amt",13,13,"2022v5.0"
"/Return/ReturnData/IRS990ScheduleM/QualifiedContribHistStructGrp/NonCashCheckboxInd",13,13,"2022v4.0, 2022v5.0"
"/Return/ReturnData/IRS990ScheduleM/TaxidermyGrp/MethodOfDeterminingRevenuesTxt",13,13,"2022v4.0, 2022v5.0"
"/irs:Return/irs:ReturnData/irs:IRS990EZ/irs:OfficerDirectorTrusteeEmplGrp",13,5,"2022v5.0"
"/irs:Return/irs:ReturnData/irs:IRS990EZ/irs:OfficerDirectorTrusteeEmplGrp/irs:AverageHrsPerWkDevotedToPosRt",13,5,"2022v5.0"
"/irs:Return/irs:ReturnData/irs:IRS990EZ/irs:OfficerDirectorTrusteeEmplGrp/irs:CompensationAmt",13,5,"2022v5.0"
"/irs:Return/irs:ReturnData/irs:IRS990EZ/irs:OfficerDirectorTrusteeEmplGrp/irs:PersonNm",13,5,"2022v5.0"
"/irs:Return/irs:ReturnData/irs:IRS990EZ/irs:OfficerDirectorTrusteeEmplGrp/irs:TitleTxt",13,5,"2022v5.0"
"/Return/ReturnData/IRS990ScheduleG/ThirdPartyUSAddress/AddressLine2Txt",12,12,"2022v5.0"
"/Return/ReturnData/IRS990ScheduleH/HospitalFcltyPoliciesPrctcGrp/Form4720FiledInd",12,11,"2022v5.0"
"/Return/ReturnData/IRS990ScheduleM/QualifiedContribHistStructGrp/ContributionCnt",12,12,"2022v4.0, 2022v5.0"
"/Return/ReturnData/IRS990ScheduleM/QualifiedContribHistStructGrp/NoncashContributionsRptF990Amt",12,12,"2022v4.0, 2022v5.0"
"/irs:Return",12,12,"2022v5.0"
"/irs:Return/irs:ReturnData",12,12,"2022v5.0"
"/irs:Return/irs:ReturnData/irs:IRS990ScheduleA",12,12,"2022v5.0"
"/irs:Return/irs:ReturnHeader",12,12,"2022v5.0"
"/irs:Return/irs:ReturnHeader/irs:BuildTS",12,12,"2022v5.0"
"/irs:Return/irs:ReturnHeader/irs:BusinessOfficerGrp",12,12,"2022v5.0"
"/irs:Return/irs:ReturnHeader/irs:BusinessOfficerGrp/irs:PersonNm",12,12,"2022v5.0"
"/irs:Return/irs:ReturnHeader/irs:BusinessOfficerGrp/irs:PersonTitleTxt",12,12,"2022v5.0"
"/irs:Return/irs:ReturnHeader/irs:BusinessOfficerGrp/irs:PhoneNum",12,12,"2022v5.0"
"/irs:Return/irs:ReturnHeader/irs:BusinessOfficerGrp/irs:SignatureDt",12,12,"2022v5.0"
"/irs:Return/irs:ReturnHeader/irs:Filer",12,12,"2022v5.0"
"/irs:Return/irs:ReturnHeader/irs:Filer/irs:BusinessName",12,12,"2022v5.0"
"/irs:Return/irs:ReturnHeader/irs:Filer/irs:BusinessName/irs:BusinessNameLine1Txt",12,12,"2022v5.0"
"/irs:Return/irs:ReturnHeader/irs:Filer/irs:BusinessNameControlTxt",12,12,"2022v5.0"
"/irs:Return/irs:ReturnHeader/irs:Filer/irs:EIN",12,12,"2022v5.0"
"/irs:Return/irs:ReturnHeader/irs:Filer/irs:PhoneNum",12,12,"2022v5.0"
"/irs:Return/irs:ReturnHeader/irs:Filer/irs:USAddress",12,12,"2022v5.0"
"/irs:Return/irs:ReturnHeader/irs:Filer/irs:USAddress/irs:AddressLine1Txt",12,12,"2022v5.0"
"/irs:Return/irs:ReturnHeader/irs:Filer/irs:USAddress/irs:CityNm",12,12,"2022v5.0"
"/irs:Return/irs:ReturnHeader/irs:Filer/irs:USAddress/irs:StateAbbreviationCd",12,12,"2022v5.0"
"/irs:Return/irs:ReturnHeader/irs:Filer/irs:USAddress/irs:ZIPCd",12,12,"2022v5.0"
"/irs:Return/irs:ReturnHeader/irs:IRSResponsiblePrtyInfoCurrInd",12,12,"2022v5.0"
"/irs:Return/irs:ReturnHeader/irs:ReturnTs",12,12,"2022v5.0"
"/irs:Return/irs:ReturnHeader/irs:ReturnTypeCd",12,12,"2022v5.0"
"/irs:Return/irs:ReturnHeader/irs:TaxPeriodBeginDt",12,12,"2022v5.0"
"/irs:Return/irs:ReturnHeader/irs:TaxPeriodEndDt",12,12,"2022v5.0"
"/irs:Return/irs:ReturnHeader/irs:TaxYr",12,12,"2022v5.0"
"/Return/ReturnData/IRS990EZ/CompensationOfHghstPdCntrctGrp/USAddress/AddressLine2Txt",11,11,"2022v4.0, 2022v5.0"
"/Return/ReturnData/IRS990ScheduleC/Tax4912Amt",11,11,"2022v5.0"
"/Return/ReturnData/IRS990ScheduleH/HospitalFcltyPoliciesPrctcGrp/EngagedLegalJudicialProcessInd",11,11,"2022v5.0"
"/Return/ReturnData/IRS990ScheduleR/IdDisregardedEntitiesGrp/ForeignAddress/AddressLine2Txt",11,10,"2022v5.0"
"/irs:Return/irs:ReturnData/irs:IRS990ScheduleO",11,11,"2022v5.0"
"/irs:Return/irs:ReturnHeader/irs:BusinessOfficerGrp/irs:DiscussWithPaidPreparerInd",11,11,"2022v5.0"
"/irs:Return/irs:ReturnHeader/irs:PreparerFirmGrp",11,11,"2022v5.0"
"/irs:Return/irs:ReturnHeader/irs:PreparerFirmGrp/irs:PreparerFirmEIN",11,11,"2022v5.0"
"/irs:Return/irs:ReturnHeader/irs:PreparerFirmGrp/irs:PreparerFirmName",11,11,"2022v5.0"
"/irs:Return/irs:ReturnHeader/irs:PreparerFirmGrp/irs:PreparerFirmName/irs:BusinessNameLine1Txt",11,11,"2022v5.0"
"/irs:Return/irs:ReturnHeader/irs:PreparerFirmGrp/irs:PreparerUSAddress",11,11,"2022v5.0"
"/irs:Return/irs:ReturnHeader/irs:PreparerFirmGrp/irs:PreparerUSAddress/irs:AddressLine1Txt",11,11,"2022v5.0"
"/irs:Return/irs:ReturnHeader/irs:PreparerFirmGrp/irs:PreparerUSAddress/irs:CityNm",11,11,"2022v5.0"
"/irs:Return/irs:ReturnHeader/irs:PreparerFirmGrp/irs:PreparerUSAddress/irs:StateAbbreviationCd",11,11,"2022v5.0"
"/irs:Return/irs:ReturnHeader/irs:PreparerFirmGrp/irs:PreparerUSAddress/irs:ZIPCd",11,11,"2022v5.0"
"/irs:Return/irs:ReturnHeader/irs:PreparerPersonGrp",11,11,"2022v5.0"
"/irs:Return/irs:ReturnHeader/irs:PreparerPersonGrp/irs:PTIN",11,11,"2022v5.0"
"/irs:Return/irs:ReturnHeader/irs:PreparerPersonGrp/irs:PhoneNum",11,11,"2022v5.0"
"/irs:Return/irs:ReturnHeader/irs:PreparerPersonGrp/irs:PreparationDt",11,11,"2022v5.0"
"/irs:Return/irs:ReturnHeader/irs:PreparerPersonGrp/irs:PreparerPersonNm",11,11,"2022v5.0"
"/Return/ReturnData/IRS990EZ/CompensationOfHghstPdCntrctGrp/ForeignAddress",10,10,"2022v5.0"
"/Return/ReturnData/IRS990EZ/CompensationOfHghstPdCntrctGrp/ForeignAddress/AddressLine1Txt",10,10,"2022v5.0"
"/Return/ReturnData/IRS990EZ/CompensationOfHghstPdCntrctGrp/ForeignAddress/CityNm",10,10,"2022v5.0"
"/Return/ReturnData/IRS990EZ/CompensationOfHghstPdCntrctGrp/ForeignAddress/CountryCd",10,10,"2022v5.0"
"/Return/ReturnData/IRS990ScheduleC/Managers4912TaxAmt",10,10,"2022v5.0"
"/Return/ReturnData/IRS990ScheduleG/PersonsWithBooksForeignAddress",10,10,"2022v5.0"
"/Return/ReturnData/IRS990ScheduleG/PersonsWithBooksForeignAddress/AddressLine1Txt",10,10,"2022v5.0"
"/Return/ReturnData/IRS990ScheduleG/PersonsWithBooksForeignAddress/CityNm",10,10,"2022v5.0"
"/Return/ReturnData/IRS990ScheduleG/PersonsWithBooksForeignAddress/CountryCd",10,10,"2022v5.0"
"/Return/ReturnData/IRS990ScheduleH/HospitalFcltyPoliciesPrctcGrp/PermitSellingDebtInd",10,10,"2022v5.0"
"/Return/ReturnData/IRS990ScheduleM/ArchaeologicalArtifactsGrp/MethodOfDeterminingRevenuesTxt",10,10,"2022v5.0"
"/Return/ReturnData/IRS990ScheduleM/QualifiedContribHistStructGrp/MethodOfDeterminingRevenuesTxt",10,10,"2022v4.0, 2022v5.0"
"/Return/ReturnData/IRS990EZ/CompensationOfHghstPdCntrctGrp/ForeignAddress/ForeignPostalCd",8,8,"2022v5.0"
"/Return/ReturnData/IRS990ScheduleG/FundraiserActivityInfoGrp/ForeignAddress/AddressLine2Txt",8,7,"2022v5.0"
"/Return/ReturnData/IRS990ScheduleG/ThirdPartyBusinessName/BusinessNameLine2Txt",8,8,"2022v5.0"
"/Return/ReturnData/IRS990ScheduleG/ThirdPartyForeignAddress",8,8,"2022v5.0"
"/Return/ReturnData/IRS990ScheduleG/ThirdPartyForeignAddress/AddressLine1Txt",8,8,"2022v5.0"
"/Return/ReturnData/IRS990ScheduleG/ThirdPartyForeignAddress/CountryCd",8,8,"2022v5.0"
"/Return/ReturnData/IRS990ScheduleG/ThirdPartyForeignAddress/ProvinceOrStateNm",8,8,"2022v5.0"
"/Return/ReturnData/IRS990ScheduleH/HospitalFcltyPoliciesPrctcGrp/ExciseReportForm4720ForAllAmt",8,7,"2022v5.0"
"/irs:Return/irs:ReturnData/irs:IRS990/irs:Form990PartVIISectionAGrp/irs:OfficerInd",8,4,"2022v5.0"
"/irs:Return/irs:ReturnHeader/irs:AdditionalFilerInformation",8,8,"2022v5.0"
"/irs:Return/irs:ReturnHeader/irs:AdditionalFilerInformation/irs:TrustedCustomerGrp",8,8,"2022v5.0"
"/irs:Return/irs:ReturnHeader/irs:AdditionalFilerInformation/irs:TrustedCustomerGrp/irs:AuthenticationAssuranceLevelCd",8,8,"2022v5.0"
"/irs:Return/irs:ReturnHeader/irs:SigningOfficerGrp",8,8,"2022v5.0"
"/irs:Return/irs:ReturnHeader/irs:SigningOfficerGrp/irs:PersonFullName",8,8,"2022v5.0"
"/irs:Return/irs:ReturnHeader/irs:SigningOfficerGrp/irs:PersonFullName/irs:PersonFirstNm",8,8,"2022v5.0"
"/irs:Return/irs:ReturnHeader/irs:SigningOfficerGrp/irs:PersonFullName/irs:PersonLastNm",8,8,"2022v5.0"
"/irs:Return/irs:ReturnHeader/irs:SigningOfficerGrp/irs:SSN",8,8,"2022v5.0"
"/Return/ReturnData/IRS990ScheduleG/PersonsWithBooksForeignAddress/ProvinceOrStateNm",7,7,"2022v5.0"
"/Return/ReturnData/IRS990ScheduleG/ThirdPartyForeignAddress/CityNm",7,7,"2022v5.0"
"/Return/ReturnData/IRS990ScheduleH/HospitalFcltyPoliciesPrctcGrp/PermitDeferDenyRqrPaymentInd",7,7,"2022v5.0"
"/irs:Return/irs:ReturnData/irs:IRS990",7,7,"2022v5.0"
"/irs:Return/irs:ReturnData/irs:IRS990/irs:AccountantCompileOrReviewInd",7,7,"2022v5.0"
"/irs:Return/irs:ReturnData/irs:IRS990/irs:ActivitiesConductedPrtshpInd",7,7,"2022v5.0"
"/irs:Return/irs:ReturnData/irs:IRS990/irs:ActivityOrMissionDesc",7,7,"2022v5.0"
"/irs:Return/irs:ReturnData/irs:IRS990/irs:AmendedReturnInd",7,7,"2022v5.0"
"/irs:Return/irs:ReturnData/irs:IRS990/irs:BooksInCareOfDetail",7,7,"2022v5.0"
"/irs:Return/irs:ReturnData/irs:IRS990/irs:BooksInCareOfDetail/irs:PersonNm",7,7,"2022v5.0"
"/irs:Return/irs:ReturnData/irs:IRS990/irs:BooksInCareOfDetail/irs:PhoneNum",7,7,"2022v5.0"
"/irs:Return/irs:ReturnData/irs:IRS990/irs:BooksInCareOfDetail/irs:USAddress",7,7,"2022v5.0"
"/irs:Return/irs:ReturnData/irs:IRS990/irs:BooksInCareOfDetail/irs:USAddress/irs:AddressLine1Txt",7,7,"2022v5.0"
"/irs:Return/irs:ReturnData/irs:IRS990/irs:BooksInCareOfDetail/irs:USAddress/irs:CityNm",7,7,"2022v5.0"
"/irs:Return/irs:ReturnData/irs:IRS990/irs:BooksInCareOfDetail/irs:USAddress/irs:StateAbbreviationCd",7,7,"2022v5.0"
"/irs:Return/irs:ReturnData/irs:IRS990/irs:BooksInCareOfDetail/irs:USAddress/irs:ZIPCd",7,7,"2022v5.0"
"/irs:Return/irs:ReturnData/irs:IRS990/irs:BusinessRlnWith35CtrlEntInd",7,7,"2022v5.0"
"/irs:Return/irs:ReturnData/irs:IRS990/irs:BusinessRlnWithFamMemInd",7,7,"2022v5.0"
"/irs:Return/irs:ReturnData/irs:IRS990/irs:BusinessRlnWithOrgMemInd",7,7,"2022v5.0"
"/irs:Return/irs:ReturnData/irs:IRS990/irs:CYBenefitsPaidToMembersAmt",7,7,"2022v5.0"
"/irs:Return/irs:ReturnData/irs:IRS990/irs:CYContributionsGrantsAmt",7,7,"2022v5.0"
"/irs:Return/irs:ReturnData/irs:IRS990/irs:CYGrantsAndSimilarPaidAmt",7,7,"2022v5.0"
"/irs:Return/irs:ReturnData/irs:IRS990/irs:CYInvestmentIncomeAmt",7,7,"2022v5.0"
"/irs:Return/irs:ReturnData/irs:IRS990/irs:CYOtherExpensesAmt",7,7,"2022v5.0"
"/irs:Return/irs:ReturnData/irs:IRS990/irs:CYOtherRevenueAmt",7,7,"2022v5.0"
"/irs:Return/irs:ReturnData/irs:IRS990/irs:CYProgramServiceRevenueAmt",7,7,"2022v5.0"
"/irs:Return/irs:ReturnData/irs:IRS990/irs:CYRevenuesLessExpensesAmt",7,7,"2022v5.0"
"/irs:Return/irs:ReturnData/irs:IRS990/irs:CYSalariesCompEmpBnftPaidAmt",7,7,"2022v5.0"
"/irs:Return/irs:ReturnData/irs:IRS990/irs:CYTotalExpensesAmt",7,7,"2022v5.0"
"/irs:Return/irs:ReturnData/irs:IRS990/irs:CYTotalFundraisingExpenseAmt",7,7,"2022v5.0"
"/irs:Return/irs:ReturnData/irs:IRS990/irs:CYTotalProfFndrsngExpnsAmt",7,7,"2022v5.0"
"/irs:Return/irs:ReturnData/irs:IRS990/irs:CYTotalRevenueAmt",7,7,"2022v5.0"
"/irs:Return/irs:ReturnData/irs:IRS990/irs:ChangeToOrgDocumentsInd",7,7,"2022v5.0"
"/irs:Return/irs:ReturnData/irs:IRS990/irs:CollectionsOfArtInd",7,7,"2022v5.0"
"/irs:Return/irs:ReturnData/irs:IRS990/irs:CompensationFromOtherSrcsInd",7,7,"2022v5.0"
"/irs:Return/irs:ReturnData/irs:IRS990/irs:CompensationProcessCEOInd",7,7,"2022v5.0"
"/irs:Return/irs:ReturnData/irs:IRS990/irs:CompensationProcessOtherInd",7,7,"2022v5.0"
"/irs:Return/irs:ReturnData/irs:IRS990/irs:ConflictOfInterestPolicyInd",7,7,"2022v5.0"
"/irs:Return/irs:ReturnData/irs:IRS990/irs:ConservationEasementsInd",7,7,"2022v5.0"
"/irs:Return/irs:ReturnData/irs:IRS990/irs:ConsolidatedAuditFinclStmtInd",7,7,"2022v5.0"
"/irs:Return/irs:ReturnData/irs:IRS990/irs:CreditCounselingInd",7,7,"2022v5.0"
"/irs:Return/irs:ReturnData/irs:IRS990/irs:DecisionsSubjectToApprovaInd",7,7,"2022v5.0"
"/irs:Return/irs:ReturnData/irs:IRS990/irs:DeductibleArtContributionInd",7,7,"2022v5.0"
"/irs:Return/irs:ReturnData/irs:IRS990/irs:DeductibleNonCashContriInd",7,7,"2022v5.0"
"/irs:Return/irs:ReturnData/irs:IRS990/irs:DelegationOfMgmtDutiesInd",7,7,"2022v5.0"
"/irs:Return/irs:ReturnData/irs:IRS990/irs:Desc",7,7,"2022v5.0"
"/irs:Return/irs:ReturnData/irs:IRS990/irs:DescribedInSection501c3Ind",7,7,"2022v5.0"
"/irs:Return/irs:ReturnData/irs:IRS990/irs:DisregardedEntityInd",7,7,"2022v5.0"
"/irs:Return/irs:ReturnData/irs:IRS990/irs:DocumentRetentionPolicyInd",7,7,"2022v5.0"
"/irs:Return/irs:ReturnData/irs:IRS990/irs:DonorAdvisedFundInd",7,7,"2022v5.0"
"/irs:Return/irs:ReturnData/irs:IRS990/irs:DonorRstrOrQuasiEndowmentsInd",7,7,"2022v5.0"
"/irs:Return/irs:ReturnData/irs:IRS990/irs:ElectionOfBoardMembersInd",7,7,"2022v5.0"
"/irs:Return/irs:ReturnData/irs:IRS990/irs:EmployeeCnt",7,7,"2022v5.0"
"/irs:Return/irs:ReturnData/irs:IRS990/irs:EngagedInExcessBenefitTransInd",7,7,"2022v5.0"
"/irs:Return/irs:ReturnData/irs:IRS990/irs:ExcsTaxSect4951Or4952Or4953Ind",7,7,"2022v5.0"
"/irs:Return/irs:ReturnData/irs:IRS990/irs:FSAuditedInd",7,7,"2022v5.0"
"/irs:Return/irs:ReturnData/irs:IRS990/irs:FamilyOrBusinessRlnInd",7,7,"2022v5.0"
"/irs:Return/irs:ReturnData/irs:IRS990/irs:FederalGrantAuditRequiredInd",7,7,"2022v5.0"
"/irs:Return/irs:ReturnData/irs:IRS990/irs:ForeignActivitiesInd",7,7,"2022v5.0"
"/irs:Return/irs:ReturnData/irs:IRS990/irs:ForeignFinancialAccountInd",7,7,"2022v5.0"
"/irs:Return/irs:ReturnData/irs:IRS990/irs:ForeignOfficeInd",7,7,"2022v5.0"
"/irs:Return/irs:ReturnData/irs:IRS990/irs:Form990ProvidedToGvrnBodyInd",7,7,"2022v5.0"
"/irs:Return/irs:ReturnData/irs:IRS990/irs:FormationYr",7,7,"2022v5.0"
"/irs:Return/irs:ReturnData/irs:IRS990/irs:FormerOfcrEmployeesListedInd",7,7,"2022v5.0"
"/irs:Return/irs:ReturnData/irs:IRS990/irs:FundraisingActivitiesInd",7,7,"2022v5.0"
"/irs:Return/irs:ReturnData/irs:IRS990/irs:GamingActivitiesInd",7,7,"2022v5.0"
"/irs:Return/irs:ReturnData/irs:IRS990/irs:GoverningBodyVotingMembersCnt",7,7,"2022v5.0"
"/irs:Return/irs:ReturnData/irs:IRS990/irs:GrantToRelatedPersonInd",7,7,"2022v5.0"
"/irs:Return/irs:ReturnData/irs:IRS990/irs:GrantsToIndividualsInd",7,7,"2022v5.0"
"/irs:Return/irs:ReturnData/irs:IRS990/irs:GrantsToOrganizationsInd",7,7,"2022v5.0"
"/irs:Return/irs:ReturnData/irs:IRS990/irs:GrossReceiptsAmt",7,7,"2022v5.0"
"/irs:Return/irs:ReturnData/irs:IRS990/irs:GroupReturnForAffiliatesInd",7,7,"2022v5.0"
"/irs:Return/irs:ReturnData/irs:IRS990/irs:IRPDocumentCnt",7,7,"2022v5.0"
"/irs:Return/irs:ReturnData/irs:IRS990/irs:IRPDocumentW2GCnt",7,7,"2022v5.0"
"/irs:Return/irs:ReturnData/irs:IRS990/irs:IncludeFIN48FootnoteInd",7,7,"2022v5.0"
"/irs:Return/irs:ReturnData/irs:IRS990/irs:IndependentAuditFinclStmtInd",7,7,"2022v5.0"
"/irs:Return/irs:ReturnData/irs:IRS990/irs:IndependentVotingMemberCnt",7,7,"2022v5.0"
"/irs:Return/irs:ReturnData/irs:IRS990/irs:IndoorTanningServicesInd",7,7,"2022v5.0"
"/irs:Return/irs:ReturnData/irs:IRS990/irs:InfoInScheduleOPartVIInd",7,7,"2022v5.0"
"/irs:Return/irs:ReturnData/irs:IRS990/irs:InvestmentInJointVentureInd",7,7,"2022v5.0"
"/irs:Return/irs:ReturnData/irs:IRS990/irs:LegalDomicileStateCd",7,7,"2022v5.0"
"/irs:Return/irs:ReturnData/irs:IRS990/irs:LoanOutstandingInd",7,7,"2022v5.0"
"/irs:Return/irs:ReturnData/irs:IRS990/irs:LobbyingActivitiesInd",7,7,"2022v5.0"
"/irs:Return/irs:ReturnData/irs:IRS990/irs:LocalChaptersInd",7,7,"2022v5.0"
"/irs:Return/irs:ReturnData/irs:IRS990/irs:MaterialDiversionOrMisuseInd",7,7,"2022v5.0"
"/irs:Return/irs:ReturnData/irs:IRS990/irs:MembersOrStockholdersInd",7,7,"2022v5.0"
"/irs:Return/irs:ReturnData/irs:IRS990/irs:MinutesOfCommitteesInd",7,7,"2022v5.0"
"/irs:Return/irs:ReturnData/irs:IRS990/irs:MinutesOfGoverningBodyInd",7,7,"2022v5.0"
"/irs:Return/irs:ReturnData/irs:IRS990/irs:MissionDesc",7,7,"2022v5.0"
"/irs:Return/irs:ReturnData/irs:IRS990/irs:MoreThan5000KToIndividualsInd",7,7,"2022v5.0"
"/irs:Return/irs:ReturnData/irs:IRS990/irs:MoreThan5000KToOrgInd",7,7,"2022v5.0"
"/irs:Return/irs:ReturnData/irs:IRS990/irs:NetAssetsOrFundBalancesEOYAmt",7,7,"2022v5.0"
"/irs:Return/irs:ReturnData/irs:IRS990/irs:NetIncmFromFundraisingEvtGrp",7,7,"2022v5.0"
"/irs:Return/irs:ReturnData/irs:IRS990/irs:NetIncmFromFundraisingEvtGrp/irs:TotalRevenueColumnAmt",7,7,"2022v5.0"
"/irs:Return/irs:ReturnData/irs:IRS990/irs:NondeductibleContributionsInd",7,7,"2022v5.0"
"/irs:Return/irs:ReturnData/irs:IRS990/irs:OfficerMailingAddressInd",7,7,"2022v5.0"
"/irs:Return/irs:ReturnData/irs:IRS990/irs:OperateHospitalInd",7,7,"2022v5.0"
"/irs:Return/irs:ReturnData/irs:IRS990/irs:Organization501c3Ind",7,7,"2022v5.0"
"/irs:Return/irs:ReturnData/irs:IRS990/irs:OrganizationFollowsFASB117Ind",7,7,"2022v5.0"
"/irs:Return/irs:ReturnData/irs:IRS990/irs:PYExcessBenefitTransInd",7,7,"2022v5.0"
"/irs:Return/irs:ReturnData/irs:IRS990/irs:PartialLiquidationInd",7,7,"2022v5.0"
"/irs:Return/irs:ReturnData/irs:IRS990/irs:PoliticalCampaignActyInd",7,7,"2022v5.0"
"/irs:Return/irs:ReturnData/irs:IRS990/irs:PrincipalOfficerNm",7,7,"2022v5.0"
"/irs:Return/irs:ReturnData/irs:IRS990/irs:ProfessionalFundraisingInd",7,7,"2022v5.0"
"/irs:Return/irs:ReturnData/irs:IRS990/irs:ProhibitedTaxShelterTransInd",7,7,"2022v5.0"
"/irs:Return/irs:ReturnData/irs:IRS990/irs:ReconcilationRevenueExpnssAmt",7,7,"2022v5.0"
"/irs:Return/irs:ReturnData/irs:IRS990/irs:RelatedEntityInd",7,7,"2022v5.0"
"/irs:Return/irs:ReturnData/irs:IRS990/irs:RelatedOrganizationCtrlEntInd",7,7,"2022v5.0"
"/irs:Return/irs:ReturnData/irs:IRS990/irs:ReportInvestmentsOtherSecInd",7,7,"2022v5.0"
"/irs:Return/irs:ReturnData/irs:IRS990/irs:ReportLandBuildingEquipmentInd",7,7,"2022v5.0"
"/irs:Return/irs:ReturnData/irs:IRS990/irs:ReportOtherAssetsInd",7,7,"2022v5.0"
"/irs:Return/irs:ReturnData/irs:IRS990/irs:ReportOtherLiabilitiesInd",7,7,"2022v5.0"
"/irs:Return/irs:ReturnData/irs:IRS990/irs:ReportProgramRelatedInvstInd",7,7,"2022v5.0"
"/irs:Return/irs:ReturnData/irs:IRS990/irs:ScheduleBRequiredInd",7,7,"2022v5.0"
"/irs:Return/irs:ReturnData/irs:IRS990/irs:ScheduleJRequiredInd",7,7,"2022v5.0"
"/irs:Return/irs:ReturnData/irs:IRS990/irs:ScheduleORequiredInd",7,7,"2022v5.0"
"/irs:Return/irs:ReturnData/irs:IRS990/irs:SchoolOperatingInd",7,7,"2022v5.0"
"/irs:Return/irs:ReturnData/irs:IRS990/irs:SubjToTaxRmnrtnExPrchtPymtInd",7,7,"2022v5.0"
"/irs:Return/irs:ReturnData/irs:IRS990/irs:SubjectToExcsTaxNetInvstIncInd",7,7,"2022v5.0"
"/irs:Return/irs:ReturnData/irs:IRS990/irs:TaxExemptBondsInd",7,7,"2022v5.0"
"/irs:Return/irs:ReturnData/irs:IRS990/irs:TaxablePartyNotificationInd",7,7,"2022v5.0"
"/irs:Return/irs:ReturnData/irs:IRS990/irs:TerminateOperationsInd",7,7,"2022v5.0"
"/irs:Return/irs:ReturnData/irs:IRS990/irs:TotLiabNetAssetsFundBalanceGrp",7,7,"2022v5.0"
"/irs:Return/irs:ReturnData/irs:IRS990/irs:TotLiabNetAssetsFundBalanceGrp/irs:BOYAmt",7,7,"2022v5.0"
"/irs:Return/irs:ReturnData/irs:IRS990/irs:TotLiabNetAssetsFundBalanceGrp/irs:EOYAmt",7,7,"2022v5.0"
"/irs:Return/irs:ReturnData/irs:IRS990/irs:TotalAssetsEOYAmt",7,7,"2022v5.0"
"/irs:Return/irs:ReturnData/irs:IRS990/irs:TotalAssetsGrp",7,7,"2022v5.0"
"/irs:Return/irs:ReturnData/irs:IRS990/irs:TotalAssetsGrp/irs:BOYAmt",7,7,"2022v5.0"
"/irs:Return/irs:ReturnData/irs:IRS990/irs:TotalAssetsGrp/irs:EOYAmt",7,7,"2022v5.0"
"/irs:Return/irs:ReturnData/irs:IRS990/irs:TotalCompGreaterThan150KInd",7,7,"2022v5.0"
"/irs:Return/irs:ReturnData/irs:IRS990/irs:TotalEmployeeCnt",7,7,"2022v5.0"
"/irs:Return/irs:ReturnData/irs:IRS990/irs:TotalFunctionalExpensesGrp",7,7,"2022v5.0"
"/irs:Return/irs:ReturnData/irs:IRS990/irs:TotalFunctionalExpensesGrp/irs:FundraisingAmt",7,7,"2022v5.0"
"/irs:Return/irs:ReturnData/irs:IRS990/irs:TotalFunctionalExpensesGrp/irs:ManagementAndGeneralAmt",7,7,"2022v5.0"
"/irs:Return/irs:ReturnData/irs:IRS990/irs:TotalFunctionalExpensesGrp/irs:ProgramServicesAmt",7,7,"2022v5.0"
"/irs:Return/irs:ReturnData/irs:IRS990/irs:TotalFunctionalExpensesGrp/irs:TotalAmt",7,7,"2022v5.0"
"/irs:Return/irs:ReturnData/irs:IRS990/irs:TotalGrossUBIAmt",7,7,"2022v5.0"
"/irs:Return/irs:ReturnData/irs:IRS990/irs:TotalLiabilitiesEOYAmt",7,7,"2022v5.0"
"/irs:Return/irs:ReturnData/irs:IRS990/irs:TotalLiabilitiesGrp",7,7,"2022v5.0"
"/irs:Return/irs:ReturnData/irs:IRS990/irs:TotalLiabilitiesGrp/irs:BOYAmt",7,7,"2022v5.0"
"/irs:Return/irs:ReturnData/irs:IRS990/irs:TotalLiabilitiesGrp/irs:EOYAmt",7,7,"2022v5.0"
"/irs:Return/irs:ReturnData/irs:IRS990/irs:TotalNetAssetsFundBalanceGrp",7,7,"2022v5.0"
"/irs:Return/irs:ReturnData/irs:IRS990/irs:TotalNetAssetsFundBalanceGrp/irs:BOYAmt",7,7,"2022v5.0"
"/irs:Return/irs:ReturnData/irs:IRS990/irs:TotalNetAssetsFundBalanceGrp/irs:EOYAmt",7,7,"2022v5.0"
"/irs:Return/irs:ReturnData/irs:IRS990/irs:TotalRevenueGrp",7,7,"2022v5.0"
"/irs:Return/irs:ReturnData/irs:IRS990/irs:TotalRevenueGrp/irs:ExclusionAmt",7,7,"2022v5.0"
"/irs:Return/irs:ReturnData/irs:IRS990/irs:TotalRevenueGrp/irs:RelatedOrExemptFuncIncomeAmt",7,7,"2022v5.0"
"/irs:Return/irs:ReturnData/irs:IRS990/irs:TotalRevenueGrp/irs:TotalRevenueColumnAmt",7,7,"2022v5.0"
"/irs:Return/irs:ReturnData/irs:IRS990/irs:TotalRevenueGrp/irs:UnrelatedBusinessRevenueAmt",7,7,"2022v5.0"
"/irs:Return/irs:ReturnData/irs:IRS990/irs:TrnsfrExmptNonChrtblRltdOrgInd",7,7,"2022v5.0"
"/irs:Return/irs:ReturnData/irs:IRS990/irs:USAddress",7,7,"2022v5.0"
"/irs:Return/irs:ReturnData/irs:IRS990/irs:USAddress/irs:AddressLine1Txt",7,7,"2022v5.0"
"/irs:Return/irs:ReturnData/irs:IRS990/irs:USAddress/irs:CityNm",7,7,"2022v5.0"
"/irs:Return/irs:ReturnData/irs:IRS990/irs:USAddress/irs:StateAbbreviationCd",7,7,"2022v5.0"
"/irs:Return/irs:ReturnData/irs:IRS990/irs:USAddress/irs:ZIPCd",7,7,"2022v5.0"
"/irs:Return/irs:ReturnData/irs:IRS990/irs:UnrelatedBusIncmOverLimitInd",7,7,"2022v5.0"
"/irs:Return/irs:ReturnData/irs:IRS990/irs:VotingMembersGoverningBodyCnt",7,7,"2022v5.0"
"/irs:Return/irs:ReturnData/irs:IRS990/irs:VotingMembersIndependentCnt",7,7,"2022v5.0"
"/irs:Return/irs:ReturnData/irs:IRS990/irs:WhistleblowerPolicyInd",7,7,"2022v5.0"
"/irs:Return/irs:ReturnData/irs:IRS990EZ/irs:ProgramSrvcAccomplishmentGrp",7,5,"2022v5.0"
"/irs:Return/irs:ReturnData/irs:IRS990EZ/irs:ProgramSrvcAccomplishmentGrp/irs:DescriptionProgramSrvcAccomTxt",7,5,"2022v5.0"
"/irs:Return/irs:ReturnData/irs:IRS990ScheduleA/irs:GiftsGrantsContriRcvd170Grp",7,7,"2022v5.0"
"/irs:Return/irs:ReturnData/irs:IRS990ScheduleA/irs:GiftsGrantsContriRcvd170Grp/irs:TotalAmt",7,7,"2022v5.0"
"/irs:Return/irs:ReturnData/irs:IRS990ScheduleA/irs:PublicSupportTotal170Amt",7,7,"2022v5.0"
"/irs:Return/irs:ReturnData/irs:IRS990ScheduleA/irs:TotalCalendarYear170Grp",7,7,"2022v5.0"
"/irs:Return/irs:ReturnData/irs:IRS990ScheduleA/irs:TotalCalendarYear170Grp/irs:TotalAmt",7,7,"2022v5.0"
"/irs:Return/irs:ReturnData/irs:IRS990ScheduleA/irs:TotalSupportAmt",7,7,"2022v5.0"
"/Return/ReturnData/IRS990EZ/CompensationOfHghstPdCntrctGrp/ForeignAddress/ProvinceOrStateNm",6,6,"2022v5.0"
"/Return/ReturnData/IRS990ScheduleG/PersonsWithBooksForeignAddress/ForeignPostalCd",6,6,"2022v5.0"
"/Return/ReturnData/IRS990ScheduleH/HospitalFcltyPoliciesPrctcGrp/EngagedSellingDebtInd",6,6,"2022v5.0"
"/Return/ReturnData/IRS990ScheduleL/GrntAsstBnftInterestedPrsnGrp/BusinessName/BusinessNameLine2Txt",6,5,"2022v5.0"
"/Return/ReturnData/IRS990ScheduleR/UnrelatedOrgTxblPartnershipGrp/USAddress/AddressLine2Txt",6,4,"2022v5.0"
"/Return/ReturnHeader/PreparerFirmGrp/PreparerForeignAddress/AddressLine2Txt",6,6,"2022v5.0"
"/irs:Return/irs:ReturnData/irs:IRS990/irs:AllOtherContributionsAmt",6,6,"2022v5.0"
"/irs:Return/irs:ReturnData/irs:IRS990/irs:CashNonInterestBearingGrp",6,6,"2022v5.0"
"/irs:Return/irs:ReturnData/irs:IRS990/irs:CashNonInterestBearingGrp/irs:EOYAmt",6,6,"2022v5.0"
"/irs:Return/irs:ReturnData/irs:IRS990/irs:MethodOfAccountingCashInd",6,6,"2022v5.0"
"/irs:Return/irs:ReturnData/irs:IRS990/irs:NetAssetsOrFundBalancesBOYAmt",6,6,"2022v5.0"
"/irs:Return/irs:ReturnData/irs:IRS990/irs:NoDonorRestrictionNetAssetsGrp",6,6,"2022v5.0"
"/irs:Return/irs:ReturnData/irs:IRS990/irs:NoDonorRestrictionNetAssetsGrp/irs:BOYAmt",6,6,"2022v5.0"
"/irs:Return/irs:ReturnData/irs:IRS990/irs:NoDonorRestrictionNetAssetsGrp/irs:EOYAmt",6,6,"2022v5.0"
"/irs:Return/irs:ReturnData/irs:IRS990/irs:OfficeExpensesGrp",6,6,"2022v5.0"
"/irs:Return/irs:ReturnData/irs:IRS990/irs:OfficeExpensesGrp/irs:TotalAmt",6,6,"2022v5.0"
"/irs:Return/irs:ReturnData/irs:IRS990/irs:OtherExpensesGrp/irs:ProgramServicesAmt",6,3,"2022v5.0"
"/irs:Return/irs:ReturnData/irs:IRS990/irs:ProgramServiceRevenueGrp",6,4,"2022v5.0"
"/irs:Return/irs:ReturnData/irs:IRS990/irs:ProgramServiceRevenueGrp/irs:Desc",6,4,"2022v5.0"
"/irs:Return/irs:ReturnData/irs:IRS990/irs:ProgramServiceRevenueGrp/irs:TotalRevenueColumnAmt",6,4,"2022v5.0"
"/irs:Return/irs:ReturnData/irs:IRS990/irs:SubjectToProxyTaxInd",6,6,"2022v5.0"
"/irs:Return/irs:ReturnData/irs:IRS990/irs:TotalAssetsBOYAmt",6,6,"2022v5.0"
"/irs:Return/irs:ReturnData/irs:IRS990/irs:TotalContributionsAmt",6,6,"2022v5.0"
"/irs:Return/irs:ReturnData/irs:IRS990/irs:TypeOfOrganizationCorpInd",6,6,"2022v5.0"
"/irs:Return/irs:ReturnData/irs:IRS990ScheduleA/irs:GiftsGrantsContriRcvd170Grp/irs:CurrentTaxYearAmt",6,6,"2022v5.0"
"/irs:Return/irs:ReturnData/irs:IRS990ScheduleA/irs:PublicSupportCY170Pct",6,6,"2022v5.0"
"/irs:Return/irs:ReturnData/irs:IRS990ScheduleA/irs:ThirtyThrPctSuprtTestsCY170Ind",6,6,"2022v5.0"
"/irs:Return/irs:ReturnData/irs:IRS990ScheduleA/irs:TotalCalendarYear170Grp/irs:CurrentTaxYearAmt",6,6,"2022v5.0"
"/irs:Return/irs:ReturnData/irs:IRS990/irs:AuditCommitteeInd",5,5,"2022v5.0"
"/irs:Return/irs:ReturnData/irs:IRS990/irs:CashNonInterestBearingGrp/irs:BOYAmt",5,5,"2022v5.0"
"/irs:Return/irs:ReturnData/irs:IRS990/irs:NoListedPersonsCompensatedInd",5,5,"2022v5.0"
"/irs:Return/irs:ReturnData/irs:IRS990/irs:PYContributionsGrantsAmt",5,5,"2022v5.0"
"/irs:Return/irs:ReturnData/irs:IRS990/irs:PYOtherExpensesAmt",5,5,"2022v5.0"
"/irs:Return/irs:ReturnData/irs:IRS990/irs:PYSalariesCompEmpBnftPaidAmt",5,5,"2022v5.0"
"/irs:Return/irs:ReturnData/irs:IRS990/irs:PYTotalExpensesAmt",5,5,"2022v5.0"
"/irs:Return/irs:ReturnData/irs:IRS990/irs:PYTotalRevenueAmt",5,5,"2022v5.0"
"/irs:Return/irs:ReturnData/irs:IRS990EZ",5,5,"2022v5.0"
"/irs:Return/irs:ReturnData/irs:IRS990EZ/irs:ActivitiesNotPreviouslyRptInd",5,5,"2022v5.0"
"/irs:Return/irs:ReturnData/irs:IRS990EZ/irs:AmendedReturnInd",5,5,"2022v5.0"
"/irs:Return/irs:ReturnData/irs:IRS990EZ/irs:BooksInCareOfDetail",5,5,"2022v5.0"
"/irs:Return/irs:ReturnData/irs:IRS990EZ/irs:BooksInCareOfDetail/irs:PersonNm",5,5,"2022v5.0"
"/irs:Return/irs:ReturnData/irs:IRS990EZ/irs:BooksInCareOfDetail/irs:PhoneNum",5,5,"2022v5.0"
"/irs:Return/irs:ReturnData/irs:IRS990EZ/irs:BooksInCareOfDetail/irs:USAddress",5,5,"2022v5.0"
"/irs:Return/irs:ReturnData/irs:IRS990EZ/irs:BooksInCareOfDetail/irs:USAddress/irs:AddressLine1Txt",5,5,"2022v5.0"
"/irs:Return/irs:ReturnData/irs:IRS990EZ/irs:BooksInCareOfDetail/irs:USAddress/irs:CityNm",5,5,"2022v5.0"
"/irs:Return/irs:ReturnData/irs:IRS990EZ/irs:BooksInCareOfDetail/irs:USAddress/irs:StateAbbreviationCd",5,5,"2022v5.0"
"/irs:Return/irs:ReturnData/irs:IRS990EZ/irs:BooksInCareOfDetail/irs:USAddress/irs:ZIPCd",5,5,"2022v5.0"
"/irs:Return/irs:ReturnData/irs:IRS990EZ/irs:ChgMadeToOrgnzngDocNotRptInd",5,5,"2022v5.0"
"/irs:Return/irs:ReturnData/irs:IRS990EZ/irs:ContributionsGiftsGrantsEtcAmt",5,5,"2022v5.0"
"/irs:Return/irs:ReturnData/irs:IRS990EZ/irs:DonorAdvisedFndsInd",5,5,"2022v5.0"
"/irs:Return/irs:ReturnData/irs:IRS990EZ/irs:EngagedInExcessBenefitTransInd",5,5,"2022v5.0"
"/irs:Return/irs:ReturnData/irs:IRS990EZ/irs:ExcessOrDeficitForYearAmt",5,5,"2022v5.0"
"/irs:Return/irs:ReturnData/irs:IRS990EZ/irs:FiledScheduleAInd",5,5,"2022v5.0"
"/irs:Return/irs:ReturnData/irs:IRS990EZ/irs:ForeignFinancialAccountInd",5,5,"2022v5.0"
"/irs:Return/irs:ReturnData/irs:IRS990EZ/irs:ForeignOfficeInd",5,5,"2022v5.0"
"/irs:Return/irs:ReturnData/irs:IRS990EZ/irs:Form990TotalAssetsGrp",5,5,"2022v5.0"
"/irs:Return/irs:ReturnData/irs:IRS990EZ/irs:Form990TotalAssetsGrp/irs:BOYAmt",5,5,"2022v5.0"
"/irs:Return/irs:ReturnData/irs:IRS990EZ/irs:Form990TotalAssetsGrp/irs:EOYAmt",5,5,"2022v5.0"
"/irs:Return/irs:ReturnData/irs:IRS990EZ/irs:FundraisingGrossIncomeAmt",5,5,"2022v5.0"
"/irs:Return/irs:ReturnData/irs:IRS990EZ/irs:GamingGrossIncomeAmt",5,5,"2022v5.0"
"/irs:Return/irs:ReturnData/irs:IRS990EZ/irs:GrossReceiptsAmt",5,5,"2022v5.0"
"/irs:Return/irs:ReturnData/irs:IRS990EZ/irs:GrossReceiptsForPublicUseAmt",5,5,"2022v5.0"
"/irs:Return/irs:ReturnData/irs:IRS990EZ/irs:InitiationFeesAndCapContriAmt",5,5,"2022v5.0"
"/irs:Return/irs:ReturnData/irs:IRS990EZ/irs:LobbyingActivitiesInd",5,5,"2022v5.0"
"/irs:Return/irs:ReturnData/irs:IRS990EZ/irs:MadeLoansToFromOfficersInd",5,5,"2022v5.0"
"/irs:Return/irs:ReturnData/irs:IRS990EZ/irs:MethodOfAccountingCashInd",5,5,"2022v5.0"
"/irs:Return/irs:ReturnData/irs:IRS990EZ/irs:NetAssetsOrFundBalancesEOYAmt",5,5,"2022v5.0"
"/irs:Return/irs:ReturnData/irs:IRS990EZ/irs:NetAssetsOrFundBalancesGrp",5,5,"2022v5.0"
"/irs:Return/irs:ReturnData/irs:IRS990EZ/irs:NetAssetsOrFundBalancesGrp/irs:BOYAmt",5,5,"2022v5.0"
"/irs:Return/irs:ReturnData/irs:IRS990EZ/irs:NetAssetsOrFundBalancesGrp/irs:EOYAmt",5,5,"2022v5.0"
"/irs:Return/irs:ReturnData/irs:IRS990EZ/irs:OperateHospitalInd",5,5,"2022v5.0"
"/irs:Return/irs:ReturnData/irs:IRS990EZ/irs:Organization501c3Ind",5,5,"2022v5.0"
"/irs:Return/irs:ReturnData/irs:IRS990EZ/irs:OrganizationDissolvedEtcInd",5,5,"2022v5.0"
"/irs:Return/irs:ReturnData/irs:IRS990EZ/irs:OrganizationHadUBIInd",5,5,"2022v5.0"
"/irs:Return/irs:ReturnData/irs:IRS990EZ/irs:PartVIHghstPdCntrctProfSrvcTxt",5,5,"2022v5.0"
"/irs:Return/irs:ReturnData/irs:IRS990EZ/irs:PartVIOfCompOfHghstPdEmplTxt",5,5,"2022v5.0"
"/irs:Return/irs:ReturnData/irs:IRS990EZ/irs:PoliticalCampaignActyInd",5,5,"2022v5.0"
"/irs:Return/irs:ReturnData/irs:IRS990EZ/irs:PrimaryExemptPurposeTxt",5,5,"2022v5.0"
"/irs:Return/irs:ReturnData/irs:IRS990EZ/irs:ProhibitedTaxShelterTransInd",5,5,"2022v5.0"
"/irs:Return/irs:ReturnData/irs:IRS990EZ/irs:RelatedOrganizationCtrlEntInd",5,5,"2022v5.0"
"/irs:Return/irs:ReturnData/irs:IRS990EZ/irs:SchoolOperatingInd",5,5,"2022v5.0"
"/irs:Return/irs:ReturnData/irs:IRS990EZ/irs:SubjectToProxyTaxInd",5,5,"2022v5.0"
"/irs:Return/irs:ReturnData/irs:IRS990EZ/irs:TanningServicesProvidedInd",5,5,"2022v5.0"
"/irs:Return/irs:ReturnData/irs:IRS990EZ/irs:TotalExpensesAmt",5,5,"2022v5.0"
"/irs:Return/irs:ReturnData/irs:IRS990EZ/irs:TotalRevenueAmt",5,5,"2022v5.0"
"/irs:Return/irs:ReturnData/irs:IRS990EZ/irs:TransactionWithControlEntInd",5,5,"2022v5.0"
"/irs:Return/irs:ReturnData/irs:IRS990EZ/irs:TrnsfrExmptNonChrtblRltdOrgInd",5,5,"2022v5.0"
"/irs:Return/irs:ReturnData/irs:IRS990ScheduleA/irs:GiftsGrantsContriRcvd170Grp/irs:CurrentTaxYearMinus1YearAmt",5,5,"2022v5.0"
"/irs:Return/irs:ReturnData/irs:IRS990ScheduleA/irs:PublicOrganization170Ind",5,5,"2022v5.0"
"/irs:Return/irs:ReturnData/irs:IRS990ScheduleA/irs:TotalCalendarYear170Grp/irs:CurrentTaxYearMinus1YearAmt",5,5,"2022v5.0"
"/irs:Return/irs:ReturnData/irs:IRS990ScheduleB",5,5,"2022v5.0"
"/irs:Return/irs:ReturnData/irs:IRS990ScheduleB/irs:ContributorInformationGrp",5,5,"2022v5.0"
"/irs:Return/irs:ReturnData/irs:IRS990ScheduleB/irs:ContributorInformationGrp/irs:ContributorBusinessName",5,5,"2022v5.0"
"/irs:Return/irs:ReturnData/irs:IRS990ScheduleB/irs:ContributorInformationGrp/irs:ContributorBusinessName/irs:BusinessNameLine1",5,5,"2022v5.0"
"/irs:Return/irs:ReturnData/irs:IRS990ScheduleB/irs:ContributorInformationGrp/irs:ContributorNum",5,5,"2022v5.0"
"/irs:Return/irs:ReturnData/irs:IRS990ScheduleB/irs:ContributorInformationGrp/irs:ContributorUSAddress",5,5,"2022v5.0"
"/irs:Return/irs:ReturnData/irs:IRS990ScheduleB/irs:ContributorInformationGrp/irs:ContributorUSAddress/irs:AddressLine1",5,5,"2022v5.0"
"/irs:Return/irs:ReturnData/irs:IRS990ScheduleB/irs:ContributorInformationGrp/irs:ContributorUSAddress/irs:AddressLine2",5,5,"2022v5.0"
"/irs:Return/irs:ReturnData/irs:IRS990ScheduleB/irs:ContributorInformationGrp/irs:ContributorUSAddress/irs:City",5,5,"2022v5.0"
"/irs:Return/irs:ReturnData/irs:IRS990ScheduleB/irs:ContributorInformationGrp/irs:ContributorUSAddress/irs:State",5,5,"2022v5.0"
"/irs:Return/irs:ReturnData/irs:IRS990ScheduleB/irs:ContributorInformationGrp/irs:ContributorUSAddress/irs:ZIPCode",5,5,"2022v5.0"
"/irs:Return/irs:ReturnData/irs:IRS990ScheduleB/irs:ContributorInformationGrp/irs:TotalContributionsAmt",5,5,"2022v5.0"
"/Return/ReturnData/IRS990EZ/CompensationOfHghstPdCntrctGrp/BusinessName/BusinessNameLine2Txt",4,4,"2022v4.0, 2022v5.0"
"/Return/ReturnData/IRS990ScheduleG/ThirdPartyForeignAddress/ForeignPostalCd",4,4,"2022v5.0"
"/Return/ReturnData/IRS990ScheduleN/DispositionOfAssetsDetail/ForeignAddress/AddressLine2Txt",4,3,"2022v5.0"
"/irs:Return/irs:ReturnData/irs:IRS990/irs:AnnualDisclosureCoveredPrsnInd",4,4,"2022v5.0"
"/irs:Return/irs:ReturnData/irs:IRS990/irs:EmploymentTaxReturnsFiledInd",4,4,"2022v5.0"
"/irs:Return/irs:ReturnData/irs:IRS990/irs:ExpenseAmt",4,4,"2022v5.0"
"/irs:Return/irs:ReturnData/irs:IRS990/irs:FeesForServicesAccountingGrp",4,4,"2022v5.0"
"/irs:Return/irs:ReturnData/irs:IRS990/irs:FeesForServicesAccountingGrp/irs:TotalAmt",4,4,"2022v5.0"
"/irs:Return/irs:ReturnData/irs:IRS990/irs:Form990PartVIISectionAGrp/irs:KeyEmployeeInd",4,2,"2022v5.0"
"/irs:Return/irs:ReturnData/irs:IRS990/irs:InsuranceGrp",4,4,"2022v5.0"
"/irs:Return/irs:ReturnData/irs:IRS990/irs:InsuranceGrp/irs:TotalAmt",4,4,"2022v5.0"
"/irs:Return/irs:ReturnData/irs:IRS990/irs:OccupancyGrp",4,4,"2022v5.0"
"/irs:Return/irs:ReturnData/irs:IRS990/irs:OccupancyGrp/irs:TotalAmt",4,4,"2022v5.0"
"/irs:Return/irs:ReturnData/irs:IRS990/irs:OtherExpensesGrp/irs:ManagementAndGeneralAmt",4,2,"2022v5.0"
"/irs:Return/irs:ReturnData/irs:IRS990/irs:PYRevenuesLessExpensesAmt",4,4,"2022v5.0"
"/irs:Return/irs:ReturnData/irs:IRS990/irs:PayrollTaxesGrp",4,4,"2022v5.0"
"/irs:Return/irs:ReturnData/irs:IRS990/irs:PayrollTaxesGrp/irs:TotalAmt",4,4,"2022v5.0"
"/irs:Return/irs:ReturnData/irs:IRS990/irs:ProgramServiceRevenueGrp/irs:BusinessCd",4,4,"2022v5.0"
"/irs:Return/irs:ReturnData/irs:IRS990/irs:ProgramServiceRevenueGrp/irs:RelatedOrExemptFuncIncomeAmt",4,2,"2022v5.0"
"/irs:Return/irs:ReturnData/irs:IRS990/irs:TotalProgramServiceExpensesAmt",4,4,"2022v5.0"
"/irs:Return/irs:ReturnData/irs:IRS990/irs:TotalProgramServiceRevenueAmt",4,4,"2022v5.0"
"/irs:Return/irs:ReturnData/irs:IRS990/irs:TotalReportableCompFromOrgAmt",4,4,"2022v5.0"
"/irs:Return/irs:ReturnData/irs:IRS990EZ/irs:InfoInScheduleOPartIInd",4,4,"2022v5.0"
"/irs:Return/irs:ReturnData/irs:IRS990EZ/irs:OtherExpensesTotalAmt",4,4,"2022v5.0"
"/irs:Return/irs:ReturnData/irs:IRS990ScheduleA/irs:GiftsGrantsContriRcvd170Grp/irs:CurrentTaxYearMinus3YearsAmt",4,4,"2022v5.0"
"/irs:Return/irs:ReturnData/irs:IRS990ScheduleA/irs:GiftsGrantsContrisRcvd509Grp",4,4,"2022v5.0"
"/irs:Return/irs:ReturnData/irs:IRS990ScheduleA/irs:GiftsGrantsContrisRcvd509Grp/irs:CurrentTaxYearAmt",4,4,"2022v5.0"
"/irs:Return/irs:ReturnData/irs:IRS990ScheduleA/irs:GiftsGrantsContrisRcvd509Grp/irs:TotalAmt",4,4,"2022v5.0"
"/irs:Return/irs:ReturnData/irs:IRS990ScheduleA/irs:PublicSupportTotal509Amt",4,4,"2022v5.0"
"/irs:Return/irs:ReturnData/irs:IRS990ScheduleA/irs:PubliclySupportedOrg509a2Ind",4,4,"2022v5.0"
"/irs:Return/irs:ReturnData/irs:IRS990ScheduleA/irs:Total509Grp",4,4,"2022v5.0"
"/irs:Return/irs:ReturnData/irs:IRS990ScheduleA/irs:Total509Grp/irs:CurrentTaxYearAmt",4,4,"2022v5.0"
"/irs:Return/irs:ReturnData/irs:IRS990ScheduleA/irs:Total509Grp/irs:TotalAmt",4,4,"2022v5.0"
"/irs:Return/irs:ReturnData/irs:IRS990ScheduleA/irs:TotalCalendarYear170Grp/irs:CurrentTaxYearMinus3YearsAmt",4,4,"2022v5.0"
"/irs:Return/irs:ReturnData/irs:IRS990ScheduleA/irs:TotalSupportCalendarYearGrp",4,4,"2022v5.0"
"/irs:Return/irs:ReturnData/irs:IRS990ScheduleA/irs:TotalSupportCalendarYearGrp/irs:CurrentTaxYearAmt",4,4,"2022v5.0"
"/irs:Return/irs:ReturnData/irs:IRS990ScheduleA/irs:TotalSupportCalendarYearGrp/irs:TotalAmt",4,4,"2022v5.0"
"/irs:Return/irs:ReturnData/irs:IRS990ScheduleD",4,4,"2022v5.0"
"/irs:Return/irs:ReturnData/irs:IRS990ScheduleG",4,4,"2022v5.0"
"/Return/ReturnData/IRS990ScheduleH/HospitalFcltyPoliciesPrctcGrp/EngageDeferDenyRqrPaymentInd",3,3,"2022v5.0"
"/Return/ReturnData/IRS990ScheduleH/ManagementCoAndJntVenturesGrp/EntityName/BusinessNameLine2Txt",3,2,"2022v5.0"
"/irs:Return/irs:ReturnData/irs:IRS990/irs:AdvertisingGrp",3,3,"2022v5.0"
"/irs:Return/irs:ReturnData/irs:IRS990/irs:AdvertisingGrp/irs:TotalAmt",3,3,"2022v5.0"
"/irs:Return/irs:ReturnData/irs:IRS990/irs:AllOtherExpensesGrp",3,3,"2022v5.0"
"/irs:Return/irs:ReturnData/irs:IRS990/irs:AllOtherExpensesGrp/irs:TotalAmt",3,3,"2022v5.0"
"/irs:Return/irs:ReturnData/irs:IRS990/irs:BackupWthldComplianceInd",3,3,"2022v5.0"
"/irs:Return/irs:ReturnData/irs:IRS990/irs:CompCurrentOfcrDirectorsGrp",3,3,"2022v5.0"
"/irs:Return/irs:ReturnData/irs:IRS990/irs:CompCurrentOfcrDirectorsGrp/irs:TotalAmt",3,3,"2022v5.0"
"/irs:Return/irs:ReturnData/irs:IRS990/irs:DepreciationDepletionGrp",3,3,"2022v5.0"
"/irs:Return/irs:ReturnData/irs:IRS990/irs:DepreciationDepletionGrp/irs:TotalAmt",3,3,"2022v5.0"
"/irs:Return/irs:ReturnData/irs:IRS990/irs:EscrowAccountInd",3,3,"2022v5.0"
"/irs:Return/irs:ReturnData/irs:IRS990/irs:FSAuditedBasisGrp",3,3,"2022v5.0"
"/irs:Return/irs:ReturnData/irs:IRS990/irs:FeesForServicesManagementGrp",3,3,"2022v5.0"
"/irs:Return/irs:ReturnData/irs:IRS990/irs:FeesForServicesManagementGrp/irs:TotalAmt",3,3,"2022v5.0"
"/irs:Return/irs:ReturnData/irs:IRS990/irs:FeesForServicesOtherGrp",3,3,"2022v5.0"
"/irs:Return/irs:ReturnData/irs:IRS990/irs:FeesForServicesOtherGrp/irs:TotalAmt",3,3,"2022v5.0"
"/irs:Return/irs:ReturnData/irs:IRS990/irs:Form990TFiledInd",3,3,"2022v5.0"
"/irs:Return/irs:ReturnData/irs:IRS990/irs:FundraisingAmt",3,3,"2022v5.0"
"/irs:Return/irs:ReturnData/irs:IRS990/irs:InitialReturnInd",3,3,"2022v5.0"
"/irs:Return/irs:ReturnData/irs:IRS990/irs:InsuranceGrp/irs:ProgramServicesAmt",3,3,"2022v5.0"
"/irs:Return/irs:ReturnData/irs:IRS990/irs:InvestTaxExemptBondsInd",3,3,"2022v5.0"
"/irs:Return/irs:ReturnData/irs:IRS990/irs:LandBldgEquipAccumDeprecAmt",3,3,"2022v5.0"
"/irs:Return/irs:ReturnData/irs:IRS990/irs:LandBldgEquipBasisNetGrp",3,3,"2022v5.0"
"/irs:Return/irs:ReturnData/irs:IRS990/irs:LandBldgEquipBasisNetGrp/irs:BOYAmt",3,3,"2022v5.0"
"/irs:Return/irs:ReturnData/irs:IRS990/irs:LandBldgEquipBasisNetGrp/irs:EOYAmt",3,3,"2022v5.0"
"/irs:Return/irs:ReturnData/irs:IRS990/irs:OnBehalfOfIssuerInd",3,3,"2022v5.0"
"/irs:Return/irs:ReturnData/irs:IRS990/irs:OtherSalariesAndWagesGrp",3,3,"2022v5.0"
"/irs:Return/irs:ReturnData/irs:IRS990/irs:OtherSalariesAndWagesGrp/irs:TotalAmt",3,3,"2022v5.0"
"/irs:Return/irs:ReturnData/irs:IRS990/irs:PYProgramServiceRevenueAmt",3,3,"2022v5.0"
"/irs:Return/irs:ReturnData/irs:IRS990/irs:QuidProQuoContributionsInd",3,3,"2022v5.0"
"/irs:Return/irs:ReturnData/irs:IRS990/irs:RegularMonitoringEnfrcInd",3,3,"2022v5.0"
"/irs:Return/irs:ReturnData/irs:IRS990/irs:RevenueAmt",3,3,"2022v5.0"
"/irs:Return/irs:ReturnData/irs:IRS990/irs:SignificantChangeInd",3,3,"2022v5.0"
"/irs:Return/irs:ReturnData/irs:IRS990/irs:SignificantNewProgramSrvcInd",3,3,"2022v5.0"
"/irs:Return/irs:ReturnData/irs:IRS990/irs:StatesWhereCopyOfReturnIsFldCd",3,3,"2022v5.0"
"/irs:Return/irs:ReturnData/irs:IRS990/irs:TravelGrp",3,3,"2022v5.0"
"/irs:Return/irs:ReturnData/irs:IRS990/irs:TravelGrp/irs:TotalAmt",3,3,"2022v5.0"
"/irs:Return/irs:ReturnData/irs:IRS990/irs:UponRequestInd",3,3,"2022v5.0"
"/irs:Return/irs:ReturnData/irs:IRS990/irs:WrittenPolicyOrProcedureInd",3,3,"2022v5.0"
"/irs:Return/irs:ReturnData/irs:IRS990EZ/irs:OccupancyRentUtltsAndMaintAmt",3,3,"2022v5.0"
"/irs:Return/irs:ReturnData/irs:IRS990EZ/irs:ScheduleBNotRequiredInd",3,3,"2022v5.0"
"/irs:Return/irs:ReturnData/irs:IRS990EZ/irs:TypeOfOrganizationCorpInd",3,3,"2022v5.0"
"/irs:Return/irs:ReturnData/irs:IRS990ScheduleA/irs:GiftsGrantsContriRcvd170Grp/irs:CurrentTaxYearMinus2YearsAmt",3,3,"2022v5.0"
"/irs:Return/irs:ReturnData/irs:IRS990ScheduleA/irs:InvestmentIncomeCYPct",3,3,"2022v5.0"
"/irs:Return/irs:ReturnData/irs:IRS990ScheduleA/irs:PublicSupportCY509Pct",3,3,"2022v5.0"
"/irs:Return/irs:ReturnData/irs:IRS990ScheduleA/irs:ThirtyThrPctSuprtTestsCY509Ind",3,3,"2022v5.0"
"/irs:Return/irs:ReturnData/irs:IRS990ScheduleA/irs:TotalCalendarYear170Grp/irs:CurrentTaxYearMinus2YearsAmt",3,3,"2022v5.0"
"/irs:Return/irs:ReturnData/irs:IRS990ScheduleD/irs:BuildingsGrp",3,3,"2022v5.0"
"/irs:Return/irs:ReturnData/irs:IRS990ScheduleD/irs:BuildingsGrp/irs:BookValueAmt",3,3,"2022v5.0"
"/irs:Return/irs:ReturnData/irs:IRS990ScheduleD/irs:BuildingsGrp/irs:DepreciationAmt",3,3,"2022v5.0"
"/irs:Return/irs:ReturnData/irs:IRS990ScheduleD/irs:OtherLandBuildingsGrp",3,3,"2022v5.0"
"/irs:Return/irs:ReturnData/irs:IRS990ScheduleD/irs:OtherLandBuildingsGrp/irs:DepreciationAmt",3,3,"2022v5.0"
"/irs:Return/irs:ReturnData/irs:IRS990ScheduleD/irs:TotalBookValueLandBuildingsAmt",3,3,"2022v5.0"
"/Return/ReturnData/CompensationExplanation/CompensationExplanationGrp/BusinessName/BusinessNameLine2Txt",2,2,"2022v5.0"
"/Return/ReturnData/IRS990EZ/CompensationOfHghstPdCntrctGrp/ForeignAddress/AddressLine2Txt",2,2,"2022v5.0"
"/Return/ReturnData/IRS990ScheduleC/Section527PoliticalOrgGrp/ForeignAddress",2,2,"2022v5.0"
"/Return/ReturnData/IRS990ScheduleC/Section527PoliticalOrgGrp/ForeignAddress/AddressLine1Txt",2,2,"2022v5.0"
"/Return/ReturnData/IRS990ScheduleC/Section527PoliticalOrgGrp/ForeignAddress/CityNm",2,2,"2022v5.0"
"/Return/ReturnData/IRS990ScheduleC/Section527PoliticalOrgGrp/ForeignAddress/CountryCd",2,2,"2022v5.0"
"/Return/ReturnData/IRS990ScheduleC/Section527PoliticalOrgGrp/ForeignAddress/ForeignPostalCd",2,2,"2022v5.0"
"/Return/ReturnData/IRS990ScheduleC/Section527PoliticalOrgGrp/ForeignAddress/ProvinceOrStateNm",2,2,"2022v5.0"
"/Return/ReturnData/IRS990ScheduleN/LiquidationOfAssetsTableGrp/LiquidationOfAssetsDetail/ForeignAddress/AddressLine2Txt",2,1,"2022v5.0"
"/irs:Return/irs:ReturnData/irs:IRS990/irs:AccountsPayableAccrExpnssGrp",2,2,"2022v5.0"
"/irs:Return/irs:ReturnData/irs:IRS990/irs:AccountsPayableAccrExpnssGrp/irs:BOYAmt",2,2,"2022v5.0"
"/irs:Return/irs:ReturnData/irs:IRS990/irs:AcctCompileOrReviewBasisGrp",2,2,"2022v5.0"
"/irs:Return/irs:ReturnData/irs:IRS990/irs:AcctCompileOrReviewBasisGrp/irs:SeparateBasisFinclStmtInd",2,2,"2022v5.0"
"/irs:Return/irs:ReturnData/irs:IRS990/irs:AllOtherExpensesGrp/irs:ProgramServicesAmt",2,2,"2022v5.0"
"/irs:Return/irs:ReturnData/irs:IRS990/irs:ConferencesMeetingsGrp",2,2,"2022v5.0"
"/irs:Return/irs:ReturnData/irs:IRS990/irs:ConferencesMeetingsGrp/irs:TotalAmt",2,2,"2022v5.0"
"/irs:Return/irs:ReturnData/irs:IRS990/irs:DAFExcessBusinessHoldingsInd",2,2,"2022v5.0"
"/irs:Return/irs:ReturnData/irs:IRS990/irs:DistributionToDonorInd",2,2,"2022v5.0"
"/irs:Return/irs:ReturnData/irs:IRS990/irs:FSAuditedBasisGrp/irs:SeparateBasisFinclStmtInd",2,2,"2022v5.0"
"/irs:Return/irs:ReturnData/irs:IRS990/irs:FederalGrantAuditPerformedInd",2,2,"2022v5.0"
"/irs:Return/irs:ReturnData/irs:IRS990/irs:FeesForServicesAccountingGrp/irs:ManagementAndGeneralAmt",2,2,"2022v5.0"
"/irs:Return/irs:ReturnData/irs:IRS990/irs:FeesForServicesProfFundraising",2,2,"2022v5.0"
"/irs:Return/irs:ReturnData/irs:IRS990/irs:FeesForServicesProfFundraising/irs:TotalAmt",2,2,"2022v5.0"
"/irs:Return/irs:ReturnData/irs:IRS990/irs:Form1098CFiledInd",2,2,"2022v5.0"
"/irs:Return/irs:ReturnData/irs:IRS990/irs:Form8282PropertyDisposedOfInd",2,2,"2022v5.0"
"/irs:Return/irs:ReturnData/irs:IRS990/irs:Form8886TFiledInd",2,2,"2022v5.0"
"/irs:Return/irs:ReturnData/irs:IRS990/irs:Form8899Filedind",2,2,"2022v5.0"
"/irs:Return/irs:ReturnData/irs:IRS990/irs:GovernmentGrantsAmt",2,2,"2022v5.0"
"/irs:Return/irs:ReturnData/irs:IRS990/irs:GrantAmt",2,2,"2022v5.0"
"/irs:Return/irs:ReturnData/irs:IRS990/irs:InfoInScheduleOPartIXInd",2,2,"2022v5.0"
"/irs:Return/irs:ReturnData/irs:IRS990/irs:InformationTechnologyGrp",2,2,"2022v5.0"
"/irs:Return/irs:ReturnData/irs:IRS990/irs:InformationTechnologyGrp/irs:TotalAmt",2,2,"2022v5.0"
"/irs:Return/irs:ReturnData/irs:IRS990/irs:InsuranceGrp/irs:ManagementAndGeneralAmt",2,2,"2022v5.0"
"/irs:Return/irs:ReturnData/irs:IRS990/irs:InvestmentIncomeGrp",2,2,"2022v5.0"
"/irs:Return/irs:ReturnData/irs:IRS990/irs:InvestmentIncomeGrp/irs:TotalRevenueColumnAmt",2,2,"2022v5.0"
"/irs:Return/irs:ReturnData/irs:IRS990/irs:LandBldgEquipCostOrOtherBssAmt",2,2,"2022v5.0"
"/irs:Return/irs:ReturnData/irs:IRS990/irs:NondeductibleContriDisclInd",2,2,"2022v5.0"
"/irs:Return/irs:ReturnData/irs:IRS990/irs:OccupancyGrp/irs:ManagementAndGeneralAmt",2,2,"2022v5.0"
"/irs:Return/irs:ReturnData/irs:IRS990/irs:OccupancyGrp/irs:ProgramServicesAmt",2,2,"2022v5.0"
"/irs:Return/irs:ReturnData/irs:IRS990/irs:OfficeExpensesGrp/irs:ManagementAndGeneralAmt",2,2,"2022v5.0"
"/irs:Return/irs:ReturnData/irs:IRS990/irs:OfficeExpensesGrp/irs:ProgramServicesAmt",2,2,"2022v5.0"
"/irs:Return/irs:ReturnData/irs:IRS990/irs:OtherEmployeeBenefitsGrp",2,2,"2022v5.0"
"/irs:Return/irs:ReturnData/irs:IRS990/irs:OtherEmployeeBenefitsGrp/irs:ManagementAndGeneralAmt",2,2,"2022v5.0"
"/irs:Return/irs:ReturnData/irs:IRS990/irs:OtherEmployeeBenefitsGrp/irs:ProgramServicesAmt",2,2,"2022v5.0"
"/irs:Return/irs:ReturnData/irs:IRS990/irs:OtherEmployeeBenefitsGrp/irs:TotalAmt",2,2,"2022v5.0"
"/irs:Return/irs:ReturnData/irs:IRS990/irs:OtherSalariesAndWagesGrp/irs:ManagementAndGeneralAmt",2,2,"2022v5.0"
"/irs:Return/irs:ReturnData/irs:IRS990/irs:OtherSalariesAndWagesGrp/irs:ProgramServicesAmt",2,2,"2022v5.0"
"/irs:Return/irs:ReturnData/irs:IRS990/irs:PYInvestmentIncomeAmt",2,2,"2022v5.0"
"/irs:Return/irs:ReturnData/irs:IRS990/irs:PayPremiumsPrsnlBnftCntrctInd",2,2,"2022v5.0"
"/irs:Return/irs:ReturnData/irs:IRS990/irs:PayrollTaxesGrp/irs:ManagementAndGeneralAmt",2,2,"2022v5.0"
"/irs:Return/irs:ReturnData/irs:IRS990/irs:PayrollTaxesGrp/irs:ProgramServicesAmt",2,2,"2022v5.0"
"/irs:Return/irs:ReturnData/irs:IRS990/irs:PoliciesReferenceChaptersInd",2,2,"2022v5.0"
"/irs:Return/irs:ReturnData/irs:IRS990/irs:QuidProQuoContriDisclInd",2,2,"2022v5.0"
"/irs:Return/irs:ReturnData/irs:IRS990/irs:RcvFndsToPayPrsnlBnftCntrctInd",2,2,"2022v5.0"
"/irs:Return/irs:ReturnData/irs:IRS990/irs:TaxableDistributionsInd",2,2,"2022v5.0"
"/irs:Return/irs:ReturnData/irs:IRS990/irs:TotalLiabilitiesBOYAmt",2,2,"2022v5.0"
"/irs:Return/irs:ReturnData/irs:IRS990/irs:TransactionWithControlEntInd",2,2,"2022v5.0"
"/irs:Return/irs:ReturnData/irs:IRS990EZ/irs:CashSavingsAndInvestmentsGrp",2,2,"2022v5.0"
"/irs:Return/irs:ReturnData/irs:IRS990EZ/irs:CashSavingsAndInvestmentsGrp/irs:BOYAmt",2,2,"2022v5.0"
"/irs:Return/irs:ReturnData/irs:IRS990EZ/irs:CashSavingsAndInvestmentsGrp/irs:EOYAmt",2,2,"2022v5.0"
"/irs:Return/irs:ReturnData/irs:IRS990EZ/irs:FeesAndOtherPymtToIndCntrctAmt",2,2,"2022v5.0"
"/irs:Return/irs:ReturnData/irs:IRS990EZ/irs:Form1120PolFiledInd",2,2,"2022v5.0"
"/irs:Return/irs:ReturnData/irs:IRS990EZ/irs:InfoInScheduleOPartIIInd",2,2,"2022v5.0"
"/irs:Return/irs:ReturnData/irs:IRS990EZ/irs:InitialReturnInd",2,2,"2022v5.0"
"/irs:Return/irs:ReturnData/irs:IRS990EZ/irs:NetAssetsOrFundBalancesBOYAmt",2,2,"2022v5.0"
"/irs:Return/irs:ReturnData/irs:IRS990EZ/irs:OtherAssetsTotalDetail",2,2,"2022v5.0"
"/irs:Return/irs:ReturnData/irs:IRS990EZ/irs:OtherAssetsTotalDetail/irs:EOYAmt",2,2,"2022v5.0"
"/irs:Return/irs:ReturnData/irs:IRS990EZ/irs:ProgramSrvcAccomplishmentGrp/irs:ProgramServiceExpensesAmt",2,2,"2022v5.0"
"/irs:Return/irs:ReturnData/irs:IRS990EZ/irs:TotalProgramServiceExpensesAmt",2,2,"2022v5.0"
"/irs:Return/irs:ReturnData/irs:IRS990EZ/irs:TypeOfOrganizationOtherDesc",2,2,"2022v5.0"
"/irs:Return/irs:ReturnData/irs:IRS990EZ/irs:TypeOfOrganizationOtherInd",2,2,"2022v5.0"
"/irs:Return/irs:ReturnData/irs:IRS990ScheduleA/irs:CommunityTrustInd",2,2,"2022v5.0"
"/irs:Return/irs:ReturnData/irs:IRS990ScheduleA/irs:First5Years170Ind",2,2,"2022v5.0"
"/irs:Return/irs:ReturnData/irs:IRS990ScheduleA/irs:GiftsGrantsContriRcvd170Grp/irs:CurrentTaxYearMinus4YearsAmt",2,2,"2022v5.0"
"/irs:Return/irs:ReturnData/irs:IRS990ScheduleA/irs:GiftsGrantsContrisRcvd509Grp/irs:CurrentTaxYearMinus1YearAmt",2,2,"2022v5.0"
"/irs:Return/irs:ReturnData/irs:IRS990ScheduleA/irs:GiftsGrantsContrisRcvd509Grp/irs:CurrentTaxYearMinus2YearsAmt",2,2,"2022v5.0"
"/irs:Return/irs:ReturnData/irs:IRS990ScheduleA/irs:GiftsGrantsContrisRcvd509Grp/irs:CurrentTaxYearMinus3YearsAmt",2,2,"2022v5.0"
"/irs:Return/irs:ReturnData/irs:IRS990ScheduleA/irs:PublicSupportPY170Pct",2,2,"2022v5.0"
"/irs:Return/irs:ReturnData/irs:IRS990ScheduleA/irs:PublicSupportPY509Pct",2,2,"2022v5.0"
"/irs:Return/irs:ReturnData/irs:IRS990ScheduleA/irs:Total509Grp/irs:CurrentTaxYearMinus1YearAmt",2,2,"2022v5.0"
"/irs:Return/irs:ReturnData/irs:IRS990ScheduleA/irs:Total509Grp/irs:CurrentTaxYearMinus2YearsAmt",2,2,"2022v5.0"
"/irs:Return/irs:ReturnData/irs:IRS990ScheduleA/irs:Total509Grp/irs:CurrentTaxYearMinus3YearsAmt",2,2,"2022v5.0"
"/irs:Return/irs:ReturnData/irs:IRS990ScheduleA/irs:TotalCalendarYear170Grp/irs:CurrentTaxYearMinus4YearsAmt",2,2,"2022v5.0"
"/irs:Return/irs:ReturnData/irs:IRS990ScheduleA/irs:TotalSupportCalendarYearGrp/irs:CurrentTaxYearMinus1YearAmt",2,2,"2022v5.0"
"/irs:Return/irs:ReturnData/irs:IRS990ScheduleA/irs:TotalSupportCalendarYearGrp/irs:CurrentTaxYearMinus2YearsAmt",2,2,"2022v5.0"
"/irs:Return/irs:ReturnData/irs:IRS990ScheduleA/irs:TotalSupportCalendarYearGrp/irs:CurrentTaxYearMinus3YearsAmt",2,2,"2022v5.0"
"/irs:Return/irs:ReturnData/irs:IRS990ScheduleA/irs:UnrelatedBusinessNetIncm170Grp",2,2,"2022v5.0"
"/irs:Return/irs:ReturnData/irs:IRS990ScheduleA/irs:UnrelatedBusinessNetIncm170Grp/irs:TotalAmt",2,2,"2022v5.0"
"/irs:Return/irs:ReturnData/irs:IRS990ScheduleD/irs:BuildingsGrp/irs:OtherCostOrOtherBasisAmt",2,2,"2022v5.0"
"/irs:Return/irs:ReturnData/irs:IRS990ScheduleD/irs:EquipmentGrp",2,2,"2022v5.0"
"/irs:Return/irs:ReturnData/irs:IRS990ScheduleD/irs:EquipmentGrp/irs:BookValueAmt",2,2,"2022v5.0"
"/irs:Return/irs:ReturnData/irs:IRS990ScheduleD/irs:EquipmentGrp/irs:DepreciationAmt",2,2,"2022v5.0"
"/irs:Return/irs:ReturnData/irs:IRS990ScheduleD/irs:OtherLandBuildingsGrp/irs:OtherCostOrOtherBasisAmt",2,2,"2022v5.0"
"/irs:Return/irs:ReturnHeader/irs:PreparerPersonGrp/irs:SelfEmployedInd",2,2,"2022v5.0"
"/Return/ReturnData/IRS990ScheduleA/AgriculturalNameAndAddressGrp/CollegeUniversityName/BusinessNameLine2Txt",1,1,"2022v5.0"
"/Return/ReturnData/IRS990ScheduleG/PersonsWithBooksForeignAddress/AddressLine2Txt",1,1,"2022v5.0"
"/Return/ReturnData/IRS990ScheduleH/HospitalFcltyPoliciesPrctcGrp/EmergencyCareLimitedInd",1,1,"2022v5.0"
"/Return/ReturnData/IRS990ScheduleL/DisqualifiedPersonExBnftTrGrp/BusinessName/BusinessNameLine2Txt",1,1,"2022v4.0"
"/Return/ReturnData/IRS990ScheduleR/UnrelatedOrgTxblPartnershipGrp/BusinessName/BusinessNameLine2Txt",1,1,"2022v5.0"
"/Return/ReturnData/IRS990ScheduleR/UnrelatedOrgTxblPartnershipGrp/ForeignAddress",1,1,"2022v5.0"
"/Return/ReturnData/IRS990ScheduleR/UnrelatedOrgTxblPartnershipGrp/ForeignAddress/AddressLine1Txt",1,1,"2022v5.0"
"/Return/ReturnData/IRS990ScheduleR/UnrelatedOrgTxblPartnershipGrp/ForeignAddress/CountryCd",1,1,"2022v5.0"
"/Return/ReturnData/IRS990ScheduleR/UnrelatedOrgTxblPartnershipGrp/ForeignAddress/ForeignPostalCd",1,1,"2022v5.0"
"/Return/ReturnData/IRS990ScheduleR/UnrelatedOrgTxblPartnershipGrp/ForeignAddress/ProvinceOrStateNm",1,1,"2022v5.0"
"/Return/ReturnData/IRS990ScheduleR/UnrelatedOrgTxblPartnershipGrp/LegalDomicileForeignCountryCd",1,1,"2022v5.0"
"/irs:Return/irs:ReturnData/irs:IRS990/irs:AccountsPayableAccrExpnssGrp/irs:EOYAmt",1,1,"2022v5.0"
"/irs:Return/irs:ReturnData/irs:IRS990/irs:AccountsReceivableGrp",1,1,"2022v5.0"
"/irs:Return/irs:ReturnData/irs:IRS990/irs:AccountsReceivableGrp/irs:BOYAmt",1,1,"2022v5.0"
"/irs:Return/irs:ReturnData/irs:IRS990/irs:AccountsReceivableGrp/irs:EOYAmt",1,1,"2022v5.0"
"/irs:Return/irs:ReturnData/irs:IRS990/irs:AdvertisingGrp/irs:ManagementAndGeneralAmt",1,1,"2022v5.0"
"/irs:Return/irs:ReturnData/irs:IRS990/irs:AdvertisingGrp/irs:ProgramServicesAmt",1,1,"2022v5.0"
"/irs:Return/irs:ReturnData/irs:IRS990/irs:AllOtherExpensesGrp/irs:ManagementAndGeneralAmt",1,1,"2022v5.0"
"/irs:Return/irs:ReturnData/irs:IRS990/irs:BenefitsToMembersGrp",1,1,"2022v5.0"
"/irs:Return/irs:ReturnData/irs:IRS990/irs:BenefitsToMembersGrp/irs:TotalAmt",1,1,"2022v5.0"
"/irs:Return/irs:ReturnData/irs:IRS990/irs:CompCurrentOfcrDirectorsGrp/irs:ManagementAndGeneralAmt",1,1,"2022v5.0"
"/irs:Return/irs:ReturnData/irs:IRS990/irs:CompCurrentOfcrDirectorsGrp/irs:ProgramServicesAmt",1,1,"2022v5.0"
"/irs:Return/irs:ReturnData/irs:IRS990/irs:ConferencesMeetingsGrp/irs:FundraisingAmt",1,1,"2022v5.0"
"/irs:Return/irs:ReturnData/irs:IRS990/irs:ContractorCompensationGrp",1,1,"2022v5.0"
"/irs:Return/irs:ReturnData/irs:IRS990/irs:ContractorCompensationGrp/irs:CompensationAmt",1,1,"2022v5.0"
"/irs:Return/irs:ReturnData/irs:IRS990/irs:ContractorCompensationGrp/irs:ContractorName",1,1,"2022v5.0"
"/irs:Return/irs:ReturnData/irs:IRS990/irs:ContractorCompensationGrp/irs:ContractorName/irs:BusinessName",1,1,"2022v5.0"
"/irs:Return/irs:ReturnData/irs:IRS990/irs:ContractorCompensationGrp/irs:ContractorName/irs:BusinessName/irs:BusinessNameLine1Txt",1,1,"2022v5.0"
"/irs:Return/irs:ReturnData/irs:IRS990/irs:DeferredRevenueGrp",1,1,"2022v5.0"
"/irs:Return/irs:ReturnData/irs:IRS990/irs:DeferredRevenueGrp/irs:EOYAmt",1,1,"2022v5.0"
"/irs:Return/irs:ReturnData/irs:IRS990/irs:DepreciationDepletionGrp/irs:ProgramServicesAmt",1,1,"2022v5.0"
"/irs:Return/irs:ReturnData/irs:IRS990/irs:FSAuditedBasisGrp/irs:ConsolidatedBasisFinclStmtInd",1,1,"2022v5.0"
"/irs:Return/irs:ReturnData/irs:IRS990/irs:FeesForServicesLegalGrp",1,1,"2022v5.0"
"/irs:Return/irs:ReturnData/irs:IRS990/irs:FeesForServicesLegalGrp/irs:ManagementAndGeneralAmt",1,1,"2022v5.0"
"/irs:Return/irs:ReturnData/irs:IRS990/irs:FeesForServicesLegalGrp/irs:TotalAmt",1,1,"2022v5.0"
"/irs:Return/irs:ReturnData/irs:IRS990/irs:FeesForServicesManagementGrp/irs:FundraisingAmt",1,1,"2022v5.0"
"/irs:Return/irs:ReturnData/irs:IRS990/irs:FeesForServicesManagementGrp/irs:ManagementAndGeneralAmt",1,1,"2022v5.0"
"/irs:Return/irs:ReturnData/irs:IRS990/irs:FeesForServicesOtherGrp/irs:ManagementAndGeneralAmt",1,1,"2022v5.0"
"/irs:Return/irs:ReturnData/irs:IRS990/irs:FeesForServicesOtherGrp/irs:ProgramServicesAmt",1,1,"2022v5.0"
"/irs:Return/irs:ReturnData/irs:IRS990/irs:FeesForServicesProfFundraising/irs:FundraisingAmt",1,1,"2022v5.0"
"/irs:Return/irs:ReturnData/irs:IRS990/irs:Form720FiledInd",1,1,"2022v5.0"
"/irs:Return/irs:ReturnData/irs:IRS990/irs:Form990PartVIISectionAGrp/irs:InstitutionalTrusteeInd",1,1,"2022v5.0"
"/irs:Return/irs:ReturnData/irs:IRS990/irs:FundraisingDirectExpensesAmt",1,1,"2022v5.0"
"/irs:Return/irs:ReturnData/irs:IRS990/irs:FundraisingGrossIncomeAmt",1,1,"2022v5.0"
"/irs:Return/irs:ReturnData/irs:IRS990/irs:GamingDirectExpensesAmt",1,1,"2022v5.0"
"/irs:Return/irs:ReturnData/irs:IRS990/irs:GamingGrossIncomeAmt",1,1,"2022v5.0"
"/irs:Return/irs:ReturnData/irs:IRS990/irs:GrantsToDomesticIndividualsGrp",1,1,"2022v5.0"
"/irs:Return/irs:ReturnData/irs:IRS990/irs:GrantsToDomesticIndividualsGrp/irs:ProgramServicesAmt",1,1,"2022v5.0"
"/irs:Return/irs:ReturnData/irs:IRS990/irs:GrantsToDomesticIndividualsGrp/irs:TotalAmt",1,1,"2022v5.0"
"/irs:Return/irs:ReturnData/irs:IRS990/irs:GrossRentsGrp",1,1,"2022v5.0"
"/irs:Return/irs:ReturnData/irs:IRS990/irs:GrossRentsGrp/irs:RealAmt",1,1,"2022v5.0"
"/irs:Return/irs:ReturnData/irs:IRS990/irs:InfoInScheduleOPartVIIIInd",1,1,"2022v5.0"
"/irs:Return/irs:ReturnData/irs:IRS990/irs:InfoInScheduleOPartVInd",1,1,"2022v5.0"
"/irs:Return/irs:ReturnData/irs:IRS990/irs:InfoInScheduleOPartXIIInd",1,1,"2022v5.0"
"/irs:Return/irs:ReturnData/irs:IRS990/irs:InfoInScheduleOPartXIInd",1,1,"2022v5.0"
"/irs:Return/irs:ReturnData/irs:IRS990/irs:IntangibleAssetsGrp",1,1,"2022v5.0"
"/irs:Return/irs:ReturnData/irs:IRS990/irs:IntangibleAssetsGrp/irs:EOYAmt",1,1,"2022v5.0"
"/irs:Return/irs:ReturnData/irs:IRS990/irs:InterestGrp",1,1,"2022v5.0"
"/irs:Return/irs:ReturnData/irs:IRS990/irs:InterestGrp/irs:ProgramServicesAmt",1,1,"2022v5.0"
"/irs:Return/irs:ReturnData/irs:IRS990/irs:InterestGrp/irs:TotalAmt",1,1,"2022v5.0"
"/irs:Return/irs:ReturnData/irs:IRS990/irs:InvestmentIncomeGrp/irs:RelatedOrExemptFuncIncomeAmt",1,1,"2022v5.0"
"/irs:Return/irs:ReturnData/irs:IRS990/irs:LicensedMoreThanOneStateInd",1,1,"2022v5.0"
"/irs:Return/irs:ReturnData/irs:IRS990/irs:MethodOfAccountingAccrualInd",1,1,"2022v5.0"
"/irs:Return/irs:ReturnData/irs:IRS990/irs:NetIncomeFromGamingGrp",1,1,"2022v5.0"
"/irs:Return/irs:ReturnData/irs:IRS990/irs:NetIncomeFromGamingGrp/irs:TotalRevenueColumnAmt",1,1,"2022v5.0"
"/irs:Return/irs:ReturnData/irs:IRS990/irs:NetRentalIncomeOrLossGrp",1,1,"2022v5.0"
"/irs:Return/irs:ReturnData/irs:IRS990/irs:NetRentalIncomeOrLossGrp/irs:TotalRevenueColumnAmt",1,1,"2022v5.0"
"/irs:Return/irs:ReturnData/irs:IRS990/irs:NetRentalIncomeOrLossGrp/irs:UnrelatedBusinessRevenueAmt",1,1,"2022v5.0"
"/irs:Return/irs:ReturnData/irs:IRS990/irs:NoncashContributionsAmt",1,1,"2022v5.0"
"/irs:Return/irs:ReturnData/irs:IRS990/irs:OrgFiledInLieuOfForm1041Ind",1,1,"2022v5.0"
"/irs:Return/irs:ReturnData/irs:IRS990/irs:OthNotesLoansReceivableNetGrp",1,1,"2022v5.0"
"/irs:Return/irs:ReturnData/irs:IRS990/irs:OthNotesLoansReceivableNetGrp/irs:BOYAmt",1,1,"2022v5.0"
"/irs:Return/irs:ReturnData/irs:IRS990/irs:OthNotesLoansReceivableNetGrp/irs:EOYAmt",1,1,"2022v5.0"
"/irs:Return/irs:ReturnData/irs:IRS990/irs:OtherAssetsTotalGrp",1,1,"2022v5.0"
"/irs:Return/irs:ReturnData/irs:IRS990/irs:OtherAssetsTotalGrp/irs:BOYAmt",1,1,"2022v5.0"
"/irs:Return/irs:ReturnData/irs:IRS990/irs:OtherAssetsTotalGrp/irs:EOYAmt",1,1,"2022v5.0"
"/irs:Return/irs:ReturnData/irs:IRS990/irs:OtherExpensesGrp/irs:FundraisingAmt",1,1,"2022v5.0"
"/irs:Return/irs:ReturnData/irs:IRS990/irs:OtherLiabilitiesGrp",1,1,"2022v5.0"
"/irs:Return/irs:ReturnData/irs:IRS990/irs:OtherLiabilitiesGrp/irs:EOYAmt",1,1,"2022v5.0"
"/irs:Return/irs:ReturnData/irs:IRS990/irs:OtherRevenueMiscGrp",1,1,"2022v5.0"
"/irs:Return/irs:ReturnData/irs:IRS990/irs:OtherRevenueMiscGrp/irs:Desc",1,1,"2022v5.0"
"/irs:Return/irs:ReturnData/irs:IRS990/irs:OtherRevenueMiscGrp/irs:RelatedOrExemptFuncIncomeAmt",1,1,"2022v5.0"
"/irs:Return/irs:ReturnData/irs:IRS990/irs:OtherRevenueMiscGrp/irs:TotalRevenueColumnAmt",1,1,"2022v5.0"
"/irs:Return/irs:ReturnData/irs:IRS990/irs:OtherRevenueTotalAmt",1,1,"2022v5.0"
"/irs:Return/irs:ReturnData/irs:IRS990/irs:PYGrantsAndSimilarPaidAmt",1,1,"2022v5.0"
"/irs:Return/irs:ReturnData/irs:IRS990/irs:PYOtherRevenueAmt",1,1,"2022v5.0"
"/irs:Return/irs:ReturnData/irs:IRS990/irs:PriorPeriodAdjustmentsAmt",1,1,"2022v5.0"
"/irs:Return/irs:ReturnData/irs:IRS990/irs:ProgSrvcAccomActy2Grp",1,1,"2022v5.0"
"/irs:Return/irs:ReturnData/irs:IRS990/irs:ProgSrvcAccomActy2Grp/irs:Desc",1,1,"2022v5.0"
"/irs:Return/irs:ReturnData/irs:IRS990/irs:ProgSrvcAccomActy2Grp/irs:GrantAmt",1,1,"2022v5.0"
"/irs:Return/irs:ReturnData/irs:IRS990/irs:PymtTravelEntrtnmntPubOfclGrp",1,1,"2022v5.0"
"/irs:Return/irs:ReturnData/irs:IRS990/irs:PymtTravelEntrtnmntPubOfclGrp/irs:TotalAmt",1,1,"2022v5.0"
"/irs:Return/irs:ReturnData/irs:IRS990/irs:RentalIncomeOrLossGrp",1,1,"2022v5.0"
"/irs:Return/irs:ReturnData/irs:IRS990/irs:RentalIncomeOrLossGrp/irs:RealAmt",1,1,"2022v5.0"
"/irs:Return/irs:ReturnData/irs:IRS990/irs:TravelGrp/irs:ManagementAndGeneralAmt",1,1,"2022v5.0"
"/irs:Return/irs:ReturnData/irs:IRS990/irs:TravelGrp/irs:ProgramServicesAmt",1,1,"2022v5.0"
"/irs:Return/irs:ReturnData/irs:IRS990/irs:TypeOfOrganizationAssocInd",1,1,"2022v5.0"
"/irs:Return/irs:ReturnData/irs:IRS990/irs:UnsecuredNotesLoansPayableGrp",1,1,"2022v5.0"
"/irs:Return/irs:ReturnData/irs:IRS990/irs:UnsecuredNotesLoansPayableGrp/irs:BOYAmt",1,1,"2022v5.0"
"/irs:Return/irs:ReturnData/irs:IRS990/irs:UnsecuredNotesLoansPayableGrp/irs:EOYAmt",1,1,"2022v5.0"
"/irs:Return/irs:ReturnData/irs:IRS990EZ/irs:InfoInScheduleOPartIIIInd",1,1,"2022v5.0"
"/irs:Return/irs:ReturnData/irs:IRS990EZ/irs:InfoInScheduleOPartVInd",1,1,"2022v5.0"
"/irs:Return/irs:ReturnData/irs:IRS990EZ/irs:MembershipDuesAmt",1,1,"2022v5.0"
"/irs:Return/irs:ReturnData/irs:IRS990EZ/irs:OrganizationFiled990TInd",1,1,"2022v5.0"
"/irs:Return/irs:ReturnData/irs:IRS990EZ/irs:OtherAssetsTotalDetail/irs:BOYAmt",1,1,"2022v5.0"
"/irs:Return/irs:ReturnData/irs:IRS990EZ/irs:PrintingPublicationsPostageAmt",1,1,"2022v5.0"
"/irs:Return/irs:ReturnData/irs:IRS990EZ/irs:SalariesOtherCompEmplBnftAmt",1,1,"2022v5.0"
"/irs:Return/irs:ReturnData/irs:IRS990EZ/irs:SumOfTotalLiabilitiesGrp",1,1,"2022v5.0"
"/irs:Return/irs:ReturnData/irs:IRS990EZ/irs:SumOfTotalLiabilitiesGrp/irs:BOYAmt",1,1,"2022v5.0"
"/irs:Return/irs:ReturnData/irs:IRS990EZ/irs:WebsiteAddressTxt",1,1,"2022v5.0"
"/irs:Return/irs:ReturnData/irs:IRS990ScheduleA/irs:ChurchInd",1,1,"2022v5.0"
"/irs:Return/irs:ReturnData/irs:IRS990ScheduleA/irs:First5Years509Ind",1,1,"2022v5.0"
"/irs:Return/irs:ReturnData/irs:IRS990ScheduleA/irs:GovtFurnSrvcFcltsVl170Grp",1,1,"2022v5.0"
"/irs:Return/irs:ReturnData/irs:IRS990ScheduleA/irs:GovtFurnSrvcFcltsVl170Grp/irs:CurrentTaxYearAmt",1,1,"2022v5.0"
"/irs:Return/irs:ReturnData/irs:IRS990ScheduleA/irs:GovtFurnSrvcFcltsVl170Grp/irs:TotalAmt",1,1,"2022v5.0"
"/irs:Return/irs:ReturnData/irs:IRS990ScheduleA/irs:GrossInvestmentIncome170Grp",1,1,"2022v5.0"
"/irs:Return/irs:ReturnData/irs:IRS990ScheduleA/irs:GrossInvestmentIncome170Grp/irs:CurrentTaxYearAmt",1,1,"2022v5.0"
"/irs:Return/irs:ReturnData/irs:IRS990ScheduleA/irs:GrossInvestmentIncome170Grp/irs:CurrentTaxYearMinus1YearAmt",1,1,"2022v5.0"
"/irs:Return/irs:ReturnData/irs:IRS990ScheduleA/irs:GrossInvestmentIncome170Grp/irs:CurrentTaxYearMinus2YearsAmt",1,1,"2022v5.0"
"/irs:Return/irs:ReturnData/irs:IRS990ScheduleA/irs:GrossInvestmentIncome170Grp/irs:CurrentTaxYearMinus3YearsAmt",1,1,"2022v5.0"
"/irs:Return/irs:ReturnData/irs:IRS990ScheduleA/irs:GrossInvestmentIncome170Grp/irs:TotalAmt",1,1,"2022v5.0"
"/irs:Return/irs:ReturnData/irs:IRS990ScheduleA/irs:OtherIncome170Grp",1,1,"2022v5.0"
"/irs:Return/irs:ReturnData/irs:IRS990ScheduleA/irs:OtherIncome170Grp/irs:CurrentTaxYearMinus2YearsAmt",1,1,"2022v5.0"
"/irs:Return/irs:ReturnData/irs:IRS990ScheduleA/irs:OtherIncome170Grp/irs:CurrentTaxYearMinus3YearsAmt",1,1,"2022v5.0"
"/irs:Return/irs:ReturnData/irs:IRS990ScheduleA/irs:OtherIncome170Grp/irs:CurrentTaxYearMinus4YearsAmt",1,1,"2022v5.0"
"/irs:Return/irs:ReturnData/irs:IRS990ScheduleA/irs:OtherIncome170Grp/irs:TotalAmt",1,1,"2022v5.0"
"/irs:Return/irs:ReturnData/irs:IRS990ScheduleA/irs:OtherSupportSumAmt",1,1,"2022v5.0"
"/irs:Return/irs:ReturnData/irs:IRS990ScheduleA/irs:SupportSumAmt",1,1,"2022v5.0"
"/irs:Return/irs:ReturnData/irs:IRS990ScheduleA/irs:SupportedOrgInformationGrp",1,1,"2022v5.0"
"/irs:Return/irs:ReturnData/irs:IRS990ScheduleA/irs:SupportedOrgInformationGrp/irs:EIN",1,1,"2022v5.0"
"/irs:Return/irs:ReturnData/irs:IRS990ScheduleA/irs:SupportedOrgInformationGrp/irs:GoverningDocumentListedInd",1,1,"2022v5.0"
"/irs:Return/irs:ReturnData/irs:IRS990ScheduleA/irs:SupportedOrgInformationGrp/irs:OrganizationTypeCd",1,1,"2022v5.0"
"/irs:Return/irs:ReturnData/irs:IRS990ScheduleA/irs:SupportedOrgInformationGrp/irs:OtherSupportAmt",1,1,"2022v5.0"
"/irs:Return/irs:ReturnData/irs:IRS990ScheduleA/irs:SupportedOrgInformationGrp/irs:SupportAmt",1,1,"2022v5.0"
"/irs:Return/irs:ReturnData/irs:IRS990ScheduleA/irs:SupportedOrgInformationGrp/irs:SupportedOrganizationName",1,1,"2022v5.0"
"/irs:Return/irs:ReturnData/irs:IRS990ScheduleA/irs:SupportedOrgInformationGrp/irs:SupportedOrganizationName/irs:BusinessNameLine1Txt",1,1,"2022v5.0"
"/irs:Return/irs:ReturnData/irs:IRS990ScheduleA/irs:SupportedOrganizationsCnt",1,1,"2022v5.0"
"/irs:Return/irs:ReturnData/irs:IRS990ScheduleA/irs:SupportedOrganizationsTotalCnt",1,1,"2022v5.0"
"/irs:Return/irs:ReturnData/irs:IRS990ScheduleA/irs:TaxRevLeviedOrgnztnlBnft170Grp",1,1,"2022v5.0"
"/irs:Return/irs:ReturnData/irs:IRS990ScheduleA/irs:TaxRevLeviedOrgnztnlBnft170Grp/irs:CurrentTaxYearAmt",1,1,"2022v5.0"
"/irs:Return/irs:ReturnData/irs:IRS990ScheduleA/irs:TaxRevLeviedOrgnztnlBnft170Grp/irs:TotalAmt",1,1,"2022v5.0"
"/irs:Return/irs:ReturnData/irs:IRS990ScheduleA/irs:UnrelatedBusinessNetIncm170Grp/irs:CurrentTaxYearMinus1YearAmt",1,1,"2022v5.0"
"/irs:Return/irs:ReturnData/irs:IRS990ScheduleA/irs:UnrelatedBusinessNetIncm170Grp/irs:CurrentTaxYearMinus2YearsAmt",1,1,"2022v5.0"
"/irs:Return/irs:ReturnData/irs:IRS990ScheduleA/irs:UnrelatedBusinessNetIncm170Grp/irs:CurrentTaxYearMinus3YearsAmt",1,1,"2022v5.0"
"/irs:Return/irs:ReturnData/irs:IRS990ScheduleA/irs:UnrelatedBusinessNetIncm170Grp/irs:CurrentTaxYearMinus4YearsAmt",1,1,"2022v5.0"
"/irs:Return/irs:ReturnData/irs:IRS990ScheduleD/irs:BuildingsGrp/irs:InvestmentCostOrOtherBasisAmt",1,1,"2022v5.0"
"/irs:Return/irs:ReturnData/irs:IRS990ScheduleD/irs:EquipmentGrp/irs:InvestmentCostOrOtherBasisAmt",1,1,"2022v5.0"
"/irs:Return/irs:ReturnData/irs:IRS990ScheduleD/irs:EquipmentGrp/irs:OtherCostOrOtherBasisAmt",1,1,"2022v5.0"
"/irs:Return/irs:ReturnData/irs:IRS990ScheduleD/irs:LandGrp",1,1,"2022v5.0"
"/irs:Return/irs:ReturnData/irs:IRS990ScheduleD/irs:LandGrp/irs:BookValueAmt",1,1,"2022v5.0"
"/irs:Return/irs:ReturnData/irs:IRS990ScheduleD/irs:LandGrp/irs:InvestmentCostOrOtherBasisAmt",1,1,"2022v5.0"
"/irs:Return/irs:ReturnData/irs:IRS990ScheduleD/irs:LeaseholdImprovementsGrp",1,1,"2022v5.0"
"/irs:Return/irs:ReturnData/irs:IRS990ScheduleD/irs:LeaseholdImprovementsGrp/irs:BookValueAmt",1,1,"2022v5.0"
"/irs:Return/irs:ReturnData/irs:IRS990ScheduleD/irs:LeaseholdImprovementsGrp/irs:DepreciationAmt",1,1,"2022v5.0"
"/irs:Return/irs:ReturnData/irs:IRS990ScheduleD/irs:LeaseholdImprovementsGrp/irs:OtherCostOrOtherBasisAmt",1,1,"2022v5.0"
"/irs:Return/irs:ReturnData/irs:IRS990ScheduleD/irs:OtherAssetsOrgGrp",1,1,"2022v5.0"
"/irs:Return/irs:ReturnData/irs:IRS990ScheduleD/irs:OtherAssetsOrgGrp/irs:BookValueAmt",1,1,"2022v5.0"
"/irs:Return/irs:ReturnData/irs:IRS990ScheduleD/irs:OtherAssetsOrgGrp/irs:Desc",1,1,"2022v5.0"
"/irs:Return/irs:ReturnData/irs:IRS990ScheduleD/irs:OtherLandBuildingsGrp/irs:BookValueAmt",1,1,"2022v5.0"
"/irs:Return/irs:ReturnData/irs:IRS990ScheduleD/irs:OtherLandBuildingsGrp/irs:InvestmentCostOrOtherBasisAmt",1,1,"2022v5.0"
"/irs:Return/irs:ReturnData/irs:IRS990ScheduleD/irs:TotalBookValueOtherAssetsAmt",1,1,"2022v5.0"
"/irs:Return/irs:ReturnData/irs:IRS990ScheduleR",1,1,"2022v5.0"
"/irs:Return/irs:ReturnData/irs:IRS990ScheduleR/irs:AssetExchangeInd",1,1,"2022v5.0"
"/irs:Return/irs:ReturnData/irs:IRS990ScheduleR/irs:AssetPurchaseFromOtherOrgInd",1,1,"2022v5.0"
"/irs:Return/irs:ReturnData/irs:IRS990ScheduleR/irs:AssetSaleToOtherOrgInd",1,1,"2022v5.0"
"/irs:Return/irs:ReturnData/irs:IRS990ScheduleR/irs:DivRelatedOrganizationInd",1,1,"2022v5.0"
"/irs:Return/irs:ReturnData/irs:IRS990ScheduleR/irs:GiftGrntCapContriFromOthOrgInd",1,1,"2022v5.0"
"/irs:Return/irs:ReturnData/irs:IRS990ScheduleR/irs:GiftGrntOrCapContriToOthOrgInd",1,1,"2022v5.0"
"/irs:Return/irs:ReturnData/irs:IRS990ScheduleR/irs:LoansOrGuaranteesFromOthOrgInd",1,1,"2022v5.0"
"/irs:Return/irs:ReturnData/irs:IRS990ScheduleR/irs:LoansOrGuaranteesToOtherOrgInd",1,1,"2022v5.0"
"/irs:Return/irs:ReturnData/irs:IRS990ScheduleR/irs:PaidEmployeesSharingInd",1,1,"2022v5.0"
"/irs:Return/irs:ReturnData/irs:IRS990ScheduleR/irs:PerformOfServicesByOtherOrgInd",1,1,"2022v5.0"
"/irs:Return/irs:ReturnData/irs:IRS990ScheduleR/irs:PerformOfServicesForOthOrgInd",1,1,"2022v5.0"
"/irs:Return/irs:ReturnData/irs:IRS990ScheduleR/irs:ReceiptOfIntAnntsRntsRyltsInd",1,1,"2022v5.0"
"/irs:Return/irs:ReturnData/irs:IRS990ScheduleR/irs:ReimbursementPaidByOtherOrgInd",1,1,"2022v5.0"
"/irs:Return/irs:ReturnData/irs:IRS990ScheduleR/irs:ReimbursementPaidToOtherOrgInd",1,1,"2022v5.0"
"/irs:Return/irs:ReturnData/irs:IRS990ScheduleR/irs:RentalOfFacilitiesToOthOrgInd",1,1,"2022v5.0"
"/irs:Return/irs:ReturnData/irs:IRS990ScheduleR/irs:RentalOfFcltsFromOthOrgInd",1,1,"2022v5.0"
"/irs:Return/irs:ReturnData/irs:IRS990ScheduleR/irs:SharingOfFacilitiesInd",1,1,"2022v5.0"
"/irs:Return/irs:ReturnData/irs:IRS990ScheduleR/irs:TransferFromOtherOrgInd",1,1,"2022v5.0"
"/irs:Return/irs:ReturnData/irs:IRS990ScheduleR/irs:TransferToOtherOrgInd",1,1,"2022v5.0"
